scraped_at_utc,scraped_at_npt,npt_date,npt_time,scraped_epoch,weekday,hour_utc,hour_npt,price_source,is_market_open,business_date,symbol,security_name,open_price,high_price,low_price,close_price,last_traded_price,previous_closing_price,point_change,percentage_change,total_traded_quantity,total_traded_value,total_trades,intraday_range,intraday_range_pct_of_open,return_from_prev_close_pct,turnover_per_trade,vwap_proxy
2026-08-11T05:15:31+00:00,2026-08-11T11:00:31+05:45,2026-08-11,11:00:31,1786425331,1,5,11,nepse_official,OPEN,2026-08-11,AKJCL,Ankhu Khola Jalvidhyut Company Ltd,350.0,350.0,350.0,,350.0,366.9,-16.899999999999977,,10.0,3500.0,1.0,0.0,0.0,-4.606159716544012,3500.0,350.0
2026-08-11T05:15:31+00:00,2026-08-11T11:00:31+05:45,2026-08-11,11:00:31,1786425331,1,5,11,nepse_official,OPEN,2026-08-11,ALBSL,Asha Laghubitta Bittiya Sanstha Ltd,1055.0,1055.0,1055.0,,1055.0,1090.0,-35.0,,30.0,31650.0,1.0,0.0,0.0,-3.211009174311927,31650.0,1055.0
2026-08-11T05:15:31+00:00,2026-08-11T11:00:31+05:45,2026-08-11,11:00:31,1786425331,1,5,11,nepse_official,OPEN,2026-08-11,ANLB,Aatmanirbhar Laghubitta Bittiya Sanstha Limited,5300.0,5300.0,5300.0,,5300.0,5467.0,-167.0,,10.0,53000.0,1.0,0.0,0.0,-3.054691787086153,53000.0,5300.0
2026-08-11T05:15:31+00:00,2026-08-11T11:00:31+05:45,2026-08-11,11:00:31,1786425331,1,5,11,nepse_official,OPEN,2026-08-11,API,Api Power Company Ltd.,330.0,330.0,330.0,,330.0,328.5,1.5,,100.0,33000.0,1.0,0.0,0.0,0.45662100456621,33000.0,330.0
2026-08-11T05:15:31+00:00,2026-08-11T11:00:31+05:45,2026-08-11,11:00:31,1786425331,1,5,11,nepse_official,OPEN,2026-08-11,BHL,Balephi Hydropower Limited,196.6,196.6,196.6,,196.6,206.9,-10.300000000000011,,10.0,1966.0,1.0,0.0,0.0,-4.978250362493964,1966.0,196.6
2026-08-11T05:15:31+00:00,2026-08-11T11:00:31+05:45,2026-08-11,11:00:31,1786425331,1,5,11,nepse_official,OPEN,2026-08-11,BHPL,Barahi Hydropower Public Limited,475.0,475.0,475.0,,475.0,482.5,-7.5,,10.0,4750.0,1.0,0.0,0.0,-1.5544041450777202,4750.0,475.0
2026-08-11T05:15:31+00:00,2026-08-11T11:00:31+05:45,2026-08-11,11:00:31,1786425331,1,5,11,nepse_official,OPEN,2026-08-11,BJHL,Bhujung Hydropower Limited,637.0,637.0,637.0,,637.0,670.0,-33.0,,10.0,6370.0,1.0,0.0,0.0,-4.925373134328359,6370.0,637.0
2026-08-11T05:15:31+00:00,2026-08-11T11:00:31+05:45,2026-08-11,11:00:31,1786425331,1,5,11,nepse_official,OPEN,2026-08-11,BNHC,Buddha Bhumi Nepal Hydropower Company Limited,267.9,267.9,267.9,,267.9,282.0,-14.100000000000023,,20.0,5358.0,2.0,0.0,0.0,-5.000000000000008,2679.0,267.9
2026-08-11T05:15:31+00:00,2026-08-11T11:00:31+05:45,2026-08-11,11:00:31,1786425331,1,5,11,nepse_official,OPEN,2026-08-11,CITY,City Hotel Limited,365.0,365.0,365.0,,365.0,367.0,-2.0,,10.0,3650.0,1.0,0.0,0.0,-0.544959128065395,3650.0,365.0
2026-08-11T05:15:31+00:00,2026-08-11T11:00:31+05:45,2026-08-11,11:00:31,1786425331,1,5,11,nepse_official,OPEN,2026-08-11,CKHL,Chirkhwa Hydropower Limited ,565.0,565.0,565.0,,565.0,581.0,-16.0,,10.0,5650.0,1.0,0.0,0.0,-2.753872633390706,5650.0,565.0
2026-08-11T05:15:31+00:00,2026-08-11T11:00:31+05:45,2026-08-11,11:00:31,1786425331,1,5,11,nepse_official,OPEN,2026-08-11,CORBL,Corporate Development Bank Limited,1150.0,1150.0,1150.0,,1150.0,1155.2,-5.2000000000000455,,120.0,138000.0,5.0,0.0,0.0,-0.45013850415512857,27600.0,1150.0
2026-08-11T05:15:31+00:00,2026-08-11T11:00:31+05:45,2026-08-11,11:00:31,1786425331,1,5,11,nepse_official,OPEN,2026-08-11,CREST,Crest Micro Life Insurance Limited,1172.0,1172.0,1172.0,,1172.0,1179.7,-7.7000000000000455,,10.0,11720.0,1.0,0.0,0.0,-0.6527083156734802,11720.0,1172.0
2026-08-11T05:15:31+00:00,2026-08-11T11:00:31+05:45,2026-08-11,11:00:31,1786425331,1,5,11,nepse_official,OPEN,2026-08-11,EBL,Everest Bank Limited,715.0,715.0,715.0,,715.0,715.0,0.0,,52.0,37180.0,3.0,0.0,0.0,0.0,12393.333333333334,715.0
2026-08-11T05:15:31+00:00,2026-08-11T11:00:31+05:45,2026-08-11,11:00:31,1786425331,1,5,11,nepse_official,OPEN,2026-08-11,EHPL,Eastern Hydropower Limited,355.9,355.9,355.9,,355.9,339.0,16.899999999999977,,10.0,3559.0,1.0,0.0,0.0,4.98525073746312,3559.0,355.9
2026-08-11T05:15:31+00:00,2026-08-11T11:00:31+05:45,2026-08-11,11:00:31,1786425331,1,5,11,nepse_official,OPEN,2026-08-11,FMDBL,First Micro Finance Laghubitta Bittiya Sanstha Limited,850.0,850.0,850.0,,850.0,817.0,33.0,,510.0,433500.0,8.0,0.0,0.0,4.039167686658507,54187.5,850.0
2026-08-11T05:15:31+00:00,2026-08-11T11:00:31+05:45,2026-08-11,11:00:31,1786425331,1,5,11,nepse_official,OPEN,2026-08-11,GBBL,Garima Bikas Bank Limited,418.0,418.0,418.0,,418.0,418.6,-0.6000000000000227,,155.0,64790.0,5.0,0.0,0.0,-0.143334925943627,12958.0,418.0
2026-08-11T05:15:31+00:00,2026-08-11T11:00:31+05:45,2026-08-11,11:00:31,1786425331,1,5,11,nepse_official,OPEN,2026-08-11,GBIME,Global IME Bank Limited,238.5,238.5,238.5,,238.5,251.0,-12.5,,10.0,2385.0,1.0,0.0,0.0,-4.9800796812749,2385.0,238.5
2026-08-11T05:15:31+00:00,2026-08-11T11:00:31+05:45,2026-08-11,11:00:31,1786425331,1,5,11,nepse_official,OPEN,2026-08-11,GBLBS,Grameen Bikas Laghubitta Bittiya Sanstha Ltd.,775.9,775.9,775.9,,775.9,739.0,36.89999999999998,,10.0,7759.0,1.0,0.0,0.0,4.993234100135315,7759.0,775.9
2026-08-11T05:15:31+00:00,2026-08-11T11:00:31+05:45,2026-08-11,11:00:31,1786425331,1,5,11,nepse_official,OPEN,2026-08-11,GRDBL,Green Development Bank Ltd.,1090.0,1090.0,1090.0,,1090.0,1059.0,31.0,,500.0,545000.0,3.0,0.0,0.0,2.927289896128423,181666.66666666666,1090.0
2026-08-11T05:15:31+00:00,2026-08-11T11:00:31+05:45,2026-08-11,11:00:31,1786425331,1,5,11,nepse_official,OPEN,2026-08-11,HATHY,Hathway Investment Nepal Limited,646.0,646.0,646.0,,646.0,680.0,-34.0,,100.0,64600.0,2.0,0.0,0.0,-5.0,32300.0,646.0
2026-08-11T05:15:31+00:00,2026-08-11T11:00:31+05:45,2026-08-11,11:00:31,1786425331,1,5,11,nepse_official,OPEN,2026-08-11,HBL,Himalayan Bank Limited,190.0,190.0,190.0,,190.0,194.8,-4.800000000000011,,55.0,10450.0,2.0,0.0,0.0,-2.4640657084188966,5225.0,190.0
2026-08-11T05:15:31+00:00,2026-08-11T11:00:31+05:45,2026-08-11,11:00:31,1786425331,1,5,11,nepse_official,OPEN,2026-08-11,HIDCL,Hydorelectricity Investment and Development Company Ltd,265.5,265.5,265.5,,265.5,253.0,12.5,,300.0,79650.0,2.0,0.0,0.0,4.940711462450593,39825.0,265.5
2026-08-11T05:15:31+00:00,2026-08-11T11:00:31+05:45,2026-08-11,11:00:31,1786425331,1,5,11,nepse_official,OPEN,2026-08-11,HPPL,Himalayan Power Partner Ltd.,370.0,370.0,370.0,,370.0,382.0,-12.0,,52.0,19240.0,2.0,0.0,0.0,-3.1413612565445024,9620.0,370.0
2026-08-11T05:15:31+00:00,2026-08-11T11:00:31+05:45,2026-08-11,11:00:31,1786425331,1,5,11,nepse_official,OPEN,2026-08-11,ILBS,Infinity Laghubitta Bittiya Sanstha Limited,840.0,840.0,840.0,,840.0,865.0,-25.0,,10.0,8400.0,1.0,0.0,0.0,-2.8901734104046244,8400.0,840.0
2026-08-11T05:15:31+00:00,2026-08-11T11:00:31+05:45,2026-08-11,11:00:31,1786425331,1,5,11,nepse_official,OPEN,2026-08-11,JBBL,Jyoti Bikas Bank Limited,330.0,330.0,330.0,,330.0,339.0,-9.0,,10.0,3300.0,1.0,0.0,0.0,-2.6548672566371683,3300.0,330.0
2026-08-11T05:15:31+00:00,2026-08-11T11:00:31+05:45,2026-08-11,11:00:31,1786425331,1,5,11,nepse_official,OPEN,2026-08-11,KBL,Kumari Bank Limited,215.0,215.0,215.0,,215.0,215.0,0.0,,20.0,4300.0,1.0,0.0,0.0,0.0,4300.0,215.0
2026-08-11T05:15:31+00:00,2026-08-11T11:00:31+05:45,2026-08-11,11:00:31,1786425331,1,5,11,nepse_official,OPEN,2026-08-11,KKHC,Khanikhola Hydropower Co. Ltd.,331.0,331.0,331.0,,331.0,321.8,9.199999999999989,,20.0,6620.0,2.0,0.0,0.0,2.858918582970786,3310.0,331.0
2026-08-11T05:15:31+00:00,2026-08-11T11:00:31+05:45,2026-08-11,11:00:31,1786425331,1,5,11,nepse_official,OPEN,2026-08-11,MAKAR,Makar Jitumaya Suri Hydropower Limited,446.2,446.2,446.2,,446.2,425.0,21.19999999999999,,10.0,4462.0,1.0,0.0,0.0,4.988235294117644,4462.0,446.2
2026-08-11T05:15:31+00:00,2026-08-11T11:00:31+05:45,2026-08-11,11:00:31,1786425331,1,5,11,nepse_official,OPEN,2026-08-11,MEL,Modi Energy Limited,198.7,198.7,198.7,,198.7,209.1,-10.400000000000006,,10.0,1987.0,1.0,0.0,0.0,-4.97369679579149,1987.0,198.7
2026-08-11T05:15:31+00:00,2026-08-11T11:00:31+05:45,2026-08-11,11:00:31,1786425331,1,5,11,nepse_official,OPEN,2026-08-11,MFIL,Manjushree Finance Ltd.,755.0,755.0,755.0,,755.0,772.0,-17.0,,20.0,15100.0,2.0,0.0,0.0,-2.2020725388601035,7550.0,755.0
2026-08-11T05:15:31+00:00,2026-08-11T11:00:31+05:45,2026-08-11,11:00:31,1786425331,1,5,11,nepse_official,OPEN,2026-08-11,MKHL,Mai Khola Hydropower Limited,472.0,472.0,472.0,,472.0,496.8,-24.80000000000001,,20.0,9440.0,2.0,0.0,0.0,-4.9919484702093415,4720.0,472.0
2026-08-11T05:15:31+00:00,2026-08-11T11:00:31+05:45,2026-08-11,11:00:31,1786425331,1,5,11,nepse_official,OPEN,2026-08-11,MLBSL,Mahila Lagubitta Bittiya Sanstha Limited ,1560.0,1560.0,1529.5,,1529.5,1610.0,-80.5,,136.0,211245.0,4.0,30.5,1.955128205128205,-5.0,52811.25,1553.2720588235295
2026-08-11T05:15:31+00:00,2026-08-11T11:00:31+05:45,2026-08-11,11:00:31,1786425331,1,5,11,nepse_official,OPEN,2026-08-11,NABIL,Nabil Bank Limited,556.0,556.0,556.0,,556.0,549.4,6.600000000000023,,15.0,8340.0,2.0,0.0,0.0,1.2013105205678964,4170.0,556.0
2026-08-11T05:15:31+00:00,2026-08-11T11:00:31+05:45,2026-08-11,11:00:31,1786425331,1,5,11,nepse_official,OPEN,2026-08-11,NIMB,Nepal Investment Mega Bank Limited,183.3,183.3,183.3,,183.3,192.9,-9.599999999999994,,10.0,1833.0,1.0,0.0,0.0,-4.976671850699842,1833.0,183.3
2026-08-11T05:15:31+00:00,2026-08-11T11:00:31+05:45,2026-08-11,11:00:31,1786425331,1,5,11,nepse_official,OPEN,2026-08-11,NRIC,Nepal Reinsurance Company Limited,883.0,883.0,883.0,,883.0,929.0,-46.0,,10.0,8830.0,1.0,0.0,0.0,-4.951560818083961,8830.0,883.0
2026-08-11T05:15:31+00:00,2026-08-11T11:00:31+05:45,2026-08-11,11:00:31,1786425331,1,5,11,nepse_official,OPEN,2026-08-11,PCIL,Palpa Cement Industries Limited,620.0,620.0,620.0,,620.0,625.0,-5.0,,10.0,6200.0,1.0,0.0,0.0,-0.8,6200.0,620.0
2026-08-11T05:15:31+00:00,2026-08-11T11:00:31+05:45,2026-08-11,11:00:31,1786425331,1,5,11,nepse_official,OPEN,2026-08-11,PPCL,Panchthar Power Compant Limited,335.0,335.0,335.0,,335.0,335.0,0.0,,10.0,3350.0,1.0,0.0,0.0,0.0,3350.0,335.0
2026-08-11T05:15:31+00:00,2026-08-11T11:00:31+05:45,2026-08-11,11:00:31,1786425331,1,5,11,nepse_official,OPEN,2026-08-11,PPL,People's Power Limited,325.0,325.0,325.0,,325.0,326.5,-1.5,,10.0,3250.0,1.0,0.0,0.0,-0.45941807044410415,3250.0,325.0
2026-08-11T05:15:31+00:00,2026-08-11T11:00:31+05:45,2026-08-11,11:00:31,1786425331,1,5,11,nepse_official,OPEN,2026-08-11,RADHI,Radhi Bidyut Company Ltd,670.0,670.0,670.0,,670.0,705.0,-35.0,,10.0,6700.0,1.0,0.0,0.0,-4.964539007092199,6700.0,670.0
2026-08-11T05:15:31+00:00,2026-08-11T11:00:31+05:45,2026-08-11,11:00:31,1786425331,1,5,11,nepse_official,OPEN,2026-08-11,RAWA,Rawa Energy Development Limited,429.0,429.0,429.0,,429.0,417.8,11.199999999999989,,58.0,24882.0,1.0,0.0,0.0,2.6807084729535635,24882.0,429.0
2026-08-11T05:15:31+00:00,2026-08-11T11:00:31+05:45,2026-08-11,11:00:31,1786425331,1,5,11,nepse_official,OPEN,2026-08-11,RIDI,Ridi Power Company Limited,375.0,375.0,375.0,,375.0,386.0,-11.0,,20.0,7500.0,2.0,0.0,0.0,-2.849740932642487,3750.0,375.0
2026-08-11T05:15:31+00:00,2026-08-11T11:00:31+05:45,2026-08-11,11:00:31,1786425331,1,5,11,nepse_official,OPEN,2026-08-11,RSML,Reliance Spinning Mills Limited,2502.0,2502.0,2502.0,,2502.0,2633.5,-131.5,,50.0,125100.0,1.0,0.0,0.0,-4.9933548509587995,125100.0,2502.0
2026-08-11T05:15:31+00:00,2026-08-11T11:00:31+05:45,2026-08-11,11:00:31,1786425331,1,5,11,nepse_official,OPEN,2026-08-11,RSY2,Reliable Samriddhi Yojana -2,8.58,8.58,8.58,,8.58,9.03,-0.4499999999999993,,100.0,858.0,1.0,0.0,0.0,-4.983388704318929,858.0,8.58
2026-08-11T05:15:31+00:00,2026-08-11T11:00:31+05:45,2026-08-11,11:00:31,1786425331,1,5,11,nepse_official,OPEN,2026-08-11,SAIL,Shreenagar Agritech Industries Limited,1100.0,1100.0,1100.0,,1100.0,1120.0,-20.0,,10.0,11000.0,1.0,0.0,0.0,-1.7857142857142856,11000.0,1100.0
2026-08-11T05:15:31+00:00,2026-08-11T11:00:31+05:45,2026-08-11,11:00:31,1786425331,1,5,11,nepse_official,OPEN,2026-08-11,SANVI,Sanvi Energy Limited,580.0,580.0,580.0,,580.0,587.0,-7.0,,10.0,5800.0,1.0,0.0,0.0,-1.192504258943782,5800.0,580.0
2026-08-11T05:15:31+00:00,2026-08-11T11:00:31+05:45,2026-08-11,11:00:31,1786425331,1,5,11,nepse_official,OPEN,2026-08-11,SAPDBL,Saptakoshi Development Bank Ltd,835.0,835.0,835.0,,835.0,835.0,0.0,,421.0,351535.0,5.0,0.0,0.0,0.0,70307.0,835.0
2026-08-11T05:15:31+00:00,2026-08-11T11:00:31+05:45,2026-08-11,11:00:31,1786425331,1,5,11,nepse_official,OPEN,2026-08-11,SGHC,Swet-Ganga Hydropower & Construction Limited ,315.0,315.0,315.0,,315.0,312.5,2.5,,20.0,6300.0,2.0,0.0,0.0,0.8,3150.0,315.0
2026-08-11T05:15:31+00:00,2026-08-11T11:00:31+05:45,2026-08-11,11:00:31,1786425331,1,5,11,nepse_official,OPEN,2026-08-11,SGHL,Sanigad Hydro Limited,527.0,527.0,527.0,,527.0,527.8,-0.7999999999999545,,60.0,31620.0,6.0,0.0,0.0,-0.15157256536566022,5270.0,527.0
2026-08-11T05:15:31+00:00,2026-08-11T11:00:31+05:45,2026-08-11,11:00:31,1786425331,1,5,11,nepse_official,OPEN,2026-08-11,SGIC,Sanima GIC Insurance Limited,430.0,430.0,430.0,,430.0,450.4,-20.399999999999977,,20.0,8600.0,2.0,0.0,0.0,-4.529307282415625,4300.0,430.0
2026-08-11T05:15:31+00:00,2026-08-11T11:00:31+05:45,2026-08-11,11:00:31,1786425331,1,5,11,nepse_official,OPEN,2026-08-11,SHIVM,SHIVAM CEMENTS LTD,603.5,603.5,603.5,,603.5,633.3,-29.799999999999955,,10.0,6035.0,1.0,0.0,0.0,-4.705510816358749,6035.0,603.5
2026-08-11T05:15:31+00:00,2026-08-11T11:00:31+05:45,2026-08-11,11:00:31,1786425331,1,5,11,nepse_official,OPEN,2026-08-11,SINDU,Sindhu Bikash Bank Ltd,666.0,666.0,666.0,,666.0,691.0,-25.0,,111.0,73926.0,2.0,0.0,0.0,-3.61794500723589,36963.0,666.0
2026-08-11T05:15:31+00:00,2026-08-11T11:00:31+05:45,2026-08-11,11:00:31,1786425331,1,5,11,nepse_official,OPEN,2026-08-11,SJLIC,SuryaJyoti Life Insurance Company Limited,422.0,422.0,422.0,,422.0,410.0,12.0,,100.0,42200.0,1.0,0.0,0.0,2.9268292682926833,42200.0,422.0
2026-08-11T05:15:31+00:00,2026-08-11T11:00:31+05:45,2026-08-11,11:00:31,1786425331,1,5,11,nepse_official,OPEN,2026-08-11,SKHL,Super Khudi Hydropower Limited,890.0,890.0,890.0,,890.0,896.0,-6.0,,10.0,8900.0,1.0,0.0,0.0,-0.6696428571428571,8900.0,890.0
2026-08-11T05:15:31+00:00,2026-08-11T11:00:31+05:45,2026-08-11,11:00:31,1786425331,1,5,11,nepse_official,OPEN,2026-08-11,SNLI,Sun Nepal Life Insurance Company Limited,410.0,410.0,410.0,,410.0,412.0,-2.0,,10.0,4100.0,1.0,0.0,0.0,-0.48543689320388345,4100.0,410.0
2026-08-11T05:15:31+00:00,2026-08-11T11:00:31+05:45,2026-08-11,11:00:31,1786425331,1,5,11,nepse_official,OPEN,2026-08-11,SNORL,Snow Rivers Limited,879.8,879.8,879.8,,879.8,926.1,-46.30000000000007,,10.0,8798.0,1.0,0.0,0.0,-4.999460101500925,8798.0,879.8
2026-08-11T05:15:31+00:00,2026-08-11T11:00:31+05:45,2026-08-11,11:00:31,1786425331,1,5,11,nepse_official,OPEN,2026-08-11,SOHL,Solu Hydropower Limited,680.0,680.0,680.0,,680.0,711.0,-31.0,,10.0,6800.0,1.0,0.0,0.0,-4.360056258790436,6800.0,680.0
2026-08-11T05:15:31+00:00,2026-08-11T11:00:31+05:45,2026-08-11,11:00:31,1786425331,1,5,11,nepse_official,OPEN,2026-08-11,SPL,Shuvam Power Limited,606.4,606.4,606.4,,606.4,638.3,-31.899999999999977,,10.0,6064.0,1.0,0.0,0.0,-4.997650007833304,6064.0,606.4
2026-08-11T05:15:31+00:00,2026-08-11T11:00:31+05:45,2026-08-11,11:00:31,1786425331,1,5,11,nepse_official,OPEN,2026-08-11,SSHL,Shiva Shree Hydropower Ltd,191.0,191.0,191.0,,191.0,200.5,-9.5,,20.0,3820.0,1.0,0.0,0.0,-4.738154613466334,3820.0,191.0
2026-08-11T05:15:31+00:00,2026-08-11T11:00:31+05:45,2026-08-11,11:00:31,1786425331,1,5,11,nepse_official,OPEN,2026-08-11,SWMF,Suryodaya Womi Laghubitta Bittiya Sanstha Limited,649.9,649.9,649.9,,649.9,619.0,30.899999999999977,,20.0,12998.0,2.0,0.0,0.0,4.991922455573502,6499.0,649.9
2026-08-11T05:15:31+00:00,2026-08-11T11:00:31+05:45,2026-08-11,11:00:31,1786425331,1,5,11,nepse_official,OPEN,2026-08-11,SYPNL,SY Panel Nepal Limited,1277.0,1277.0,1277.0,,1277.0,1334.0,-57.0,,300.0,383100.0,7.0,0.0,0.0,-4.272863568215892,54728.57142857143,1277.0
2026-08-11T05:15:31+00:00,2026-08-11T11:00:31+05:45,2026-08-11,11:00:31,1786425331,1,5,11,nepse_official,OPEN,2026-08-11,TAMOR,Sanima Middle Tamor Hydropower Limited,440.1,440.1,440.1,,440.1,450.0,-9.899999999999977,,10.0,4401.0,1.0,0.0,0.0,-2.199999999999995,4401.0,440.1
2026-08-11T05:15:31+00:00,2026-08-11T11:00:31+05:45,2026-08-11,11:00:31,1786425331,1,5,11,nepse_official,OPEN,2026-08-11,TPKHL,Taksar Pikhuwa Khola Hydropower Limited,532.5,532.5,532.5,,532.5,560.0,-27.5,,20.0,10650.0,1.0,0.0,0.0,-4.910714285714286,10650.0,532.5
2026-08-11T05:15:31+00:00,2026-08-11T11:00:31+05:45,2026-08-11,11:00:31,1786425331,1,5,11,nepse_official,OPEN,2026-08-11,UHEWA,Upper Hewakhola Hydropower Company Limited,598.0,598.0,598.0,,598.0,608.0,-10.0,,20.0,11960.0,2.0,0.0,0.0,-1.644736842105263,5980.0,598.0
2026-08-11T05:15:31+00:00,2026-08-11T11:00:31+05:45,2026-08-11,11:00:31,1786425331,1,5,11,nepse_official,OPEN,2026-08-11,ULBSL,Upakar Laghubitta Bittiya Sanstha Limited,2660.0,2660.0,2660.0,,2660.0,2749.0,-89.0,,10.0,26600.0,1.0,0.0,0.0,-3.2375409239723534,26600.0,2660.0
2026-08-11T05:15:31+00:00,2026-08-11T11:00:31+05:45,2026-08-11,11:00:31,1786425331,1,5,11,nepse_official,OPEN,2026-08-11,ULHC,Upper Lohore Khola Hydropower Company Limited,365.0,365.0,365.0,,365.0,379.7,-14.699999999999989,,1040.0,379600.0,4.0,0.0,0.0,-3.8714774822228044,94900.0,365.0
2026-08-11T05:15:31+00:00,2026-08-11T11:00:31+05:45,2026-08-11,11:00:31,1786425331,1,5,11,nepse_official,OPEN,2026-08-11,UMHL,United Modi Hydropower Ltd.,570.0,570.0,570.0,,570.0,579.5,-9.5,,50.0,28500.0,1.0,0.0,0.0,-1.639344262295082,28500.0,570.0
2026-08-11T05:15:31+00:00,2026-08-11T11:00:31+05:45,2026-08-11,11:00:31,1786425331,1,5,11,nepse_official,OPEN,2026-08-11,USHL,Upper Syange Hydropower Limited,523.0,523.0,523.0,,523.0,544.9,-21.899999999999977,,20.0,10460.0,2.0,0.0,0.0,-4.019086070838682,5230.0,523.0
2026-08-11T05:15:31+00:00,2026-08-11T11:00:31+05:45,2026-08-11,11:00:31,1786425331,1,5,11,nepse_official,OPEN,2026-08-11,VLUCL,Vision Lumbini Urja Company Limited ,435.7,435.7,435.7,,435.7,415.0,20.69999999999999,,10.0,4357.0,1.0,0.0,0.0,4.987951807228913,4357.0,435.7
2026-08-11T05:45:33+00:00,2026-08-11T11:30:33+05:45,2026-08-11,11:30:33,1786427133,1,5,11,nepse_official,OPEN,2026-08-11,ADBL,Agricultural Development Bank Limited,302.1,305.0,302.0,,303.3,305.0,-1.6999999999999886,,1162.0,351753.3,20.0,3.0,0.9930486593843096,-0.5573770491803242,17587.665,302.71368330464713
2026-08-11T05:45:33+00:00,2026-08-11T11:30:33+05:45,2026-08-11,11:30:33,1786427133,1,5,11,nepse_official,OPEN,2026-08-11,AHL,Asian Hydropower Limited,410.0,410.1,410.0,,410.1,410.0,0.10000000000002274,,50.0,20504.0,3.0,0.10000000000002274,0.02439024390244457,0.02439024390244457,6834.666666666667,410.08
2026-08-11T05:45:33+00:00,2026-08-11T11:30:33+05:45,2026-08-11,11:30:33,1786427133,1,5,11,nepse_official,OPEN,2026-08-11,AHPC,Arun Valley Hydropower Development Co. Ltd.,265.0,267.5,265.0,,266.9,265.0,1.8999999999999773,,865.0,230498.0,8.0,2.5,0.9433962264150944,0.7169811320754631,28812.25,266.47167630057805
2026-08-11T05:45:33+00:00,2026-08-11T11:30:33+05:45,2026-08-11,11:30:33,1786427133,1,5,11,nepse_official,OPEN,2026-08-11,AKJCL,Ankhu Khola Jalvidhyut Company Ltd,350.0,371.8,350.0,,371.8,366.9,4.900000000000034,,42726.0,15755931.5,81.0,21.80000000000001,6.228571428571432,1.3355137639683932,194517.67283950618,368.7668281608388
2026-08-11T05:45:33+00:00,2026-08-11T11:30:33+05:45,2026-08-11,11:30:33,1786427133,1,5,11,nepse_official,OPEN,2026-08-11,AKPL,Arun Kabeli Power Ltd.,252.5,255.2,252.5,,255.2,254.7,0.5,,7306.0,1858908.7,20.0,2.6999999999999886,1.069306930693065,0.19630938358853553,92945.435,254.4359019983575
2026-08-11T05:45:33+00:00,2026-08-11T11:30:33+05:45,2026-08-11,11:30:33,1786427133,1,5,11,nepse_official,OPEN,2026-08-11,ALBSL,Asha Laghubitta Bittiya Sanstha Ltd,1055.0,1098.0,1055.0,,1092.0,1090.0,2.0,,5095.0,5587623.0,7.0,43.0,4.075829383886256,0.1834862385321101,798231.8571428572,1096.687536800785
2026-08-11T05:45:33+00:00,2026-08-11T11:30:33+05:45,2026-08-11,11:30:33,1786427133,1,5,11,nepse_official,OPEN,2026-08-11,ALICL,Asian Life Insurance Co. Limited,418.0,420.1,418.0,,419.2,418.0,1.1999999999999886,,395.0,165522.6,7.0,2.1000000000000227,0.502392344497613,0.28708133971291594,23646.085714285717,419.04455696202535
2026-08-11T05:45:33+00:00,2026-08-11T11:30:33+05:45,2026-08-11,11:30:33,1786427133,1,5,11,nepse_official,OPEN,2026-08-11,ANLB,Aatmanirbhar Laghubitta Bittiya Sanstha Limited,5300.0,5790.0,5300.0,,5342.0,5467.0,-125.0,,726.0,3921145.0,35.0,490.0,9.245283018867925,-2.2864459484177795,112032.71428571429,5401.026170798898
2026-08-11T05:45:33+00:00,2026-08-11T11:30:33+05:45,2026-08-11,11:30:33,1786427133,1,5,11,nepse_official,OPEN,2026-08-11,APHL,Appolo Hydropower Limited,820.0,830.0,820.0,,830.0,828.0,2.0,,470.0,386663.0,18.0,10.0,1.2195121951219512,0.24154589371980675,21481.277777777777,822.6872340425532
2026-08-11T05:45:33+00:00,2026-08-11T11:30:33+05:45,2026-08-11,11:30:33,1786427133,1,5,11,nepse_official,OPEN,2026-08-11,API,Api Power Company Ltd.,330.0,330.0,325.1,,328.5,328.5,0.0,,14669.0,4806667.6,45.0,4.899999999999977,1.484848484848478,0.0,106814.83555555555,327.6752062171927
2026-08-11T05:45:33+00:00,2026-08-11T11:30:33+05:45,2026-08-11,11:30:33,1786427133,1,5,11,nepse_official,OPEN,2026-08-11,AVYAN,Aviyan Laghubitta Bittiya Sanstha Limited,1042.0,1042.0,1042.0,,1042.0,1051.0,-9.0,,10.0,10420.0,1.0,0.0,0.0,-0.8563273073263558,10420.0,1042.0
2026-08-11T05:45:33+00:00,2026-08-11T11:30:33+05:45,2026-08-11,11:30:33,1786427133,1,5,11,nepse_official,OPEN,2026-08-11,BANDIPUR,Bandipur Cablecar and Tourism Limited,675.0,690.0,675.0,,685.1,680.0,5.100000000000023,,1370.0,940162.6,28.0,15.0,2.2222222222222223,0.7500000000000033,33577.235714285714,686.2500729927007
2026-08-11T05:45:33+00:00,2026-08-11T11:30:33+05:45,2026-08-11,11:30:33,1786427133,1,5,11,nepse_official,OPEN,2026-08-11,BARUN,Barun Hydropower Co. Ltd.,320.0,321.0,320.0,,321.0,318.7,2.3000000000000114,,180.0,57680.0,2.0,1.0,0.3125,0.7216818324443086,28840.0,320.44444444444446
2026-08-11T05:45:33+00:00,2026-08-11T11:30:33+05:45,2026-08-11,11:30:33,1786427133,1,5,11,nepse_official,OPEN,2026-08-11,BBC,Bishal Bazar Company Limited,4280.0,4280.0,4280.0,,4280.0,4249.0,31.0,,11.0,47080.0,1.0,0.0,0.0,0.7295834313956225,47080.0,4280.0
2026-08-11T05:45:33+00:00,2026-08-11T11:30:33+05:45,2026-08-11,11:30:33,1786427133,1,5,11,nepse_official,OPEN,2026-08-11,BEDC,Bhugol Energy Development Company Limited,328.6,328.6,320.0,,320.0,319.1,0.8999999999999773,,557.0,178626.0,5.0,8.600000000000023,2.6171637248934942,0.28204324663114294,35725.2,320.69299820466784
2026-08-11T05:45:33+00:00,2026-08-11T11:30:33+05:45,2026-08-11,11:30:33,1786427133,1,5,11,nepse_official,OPEN,2026-08-11,BFC,Best Finance Company Ltd.,502.9,502.9,497.8,,497.8,494.6,3.1999999999999886,,690.0,343619.0,6.0,5.099999999999966,1.0141181149333796,0.6469874646178707,57269.833333333336,497.99855072463765
2026-08-11T05:45:33+00:00,2026-08-11T11:30:33+05:45,2026-08-11,11:30:33,1786427133,1,5,11,nepse_official,OPEN,2026-08-11,BGWT,Bhagawati Hydropower Development Company Limited,535.0,538.0,535.0,,538.0,548.0,-10.0,,31.0,16648.0,2.0,3.0,0.5607476635514018,-1.824817518248175,8324.0,537.0322580645161
2026-08-11T05:45:33+00:00,2026-08-11T11:30:33+05:45,2026-08-11,11:30:33,1786427133,1,5,11,nepse_official,OPEN,2026-08-11,BHCL,Bikash Hydropower Company Limited,490.0,498.0,488.0,,490.1,490.0,0.10000000000002274,,1542.0,757711.3,21.0,10.0,2.0408163265306123,0.020408163265310763,36081.490476190476,491.3821660181583
2026-08-11T05:45:33+00:00,2026-08-11T11:30:33+05:45,2026-08-11,11:30:33,1786427133,1,5,11,nepse_official,OPEN,2026-08-11,BHDC,Bindhyabasini Hydropower Development Company Limited,426.0,426.0,426.0,,426.0,426.0,0.0,,62.0,26412.0,4.0,0.0,0.0,0.0,6603.0,426.0
2026-08-11T05:45:33+00:00,2026-08-11T11:30:33+05:45,2026-08-11,11:30:33,1786427133,1,5,11,nepse_official,OPEN,2026-08-11,BHL,Balephi Hydropower Limited,196.6,211.0,196.6,,209.0,206.9,2.0999999999999943,,475.0,98823.0,16.0,14.400000000000006,7.324516785350969,1.0149830836152702,6176.4375,208.04842105263157
2026-08-11T05:45:33+00:00,2026-08-11T11:30:33+05:45,2026-08-11,11:30:33,1786427133,1,5,11,nepse_official,OPEN,2026-08-11,BHPL,Barahi Hydropower Public Limited,475.0,475.0,473.1,,473.1,482.5,-9.399999999999977,,55.0,26039.5,4.0,1.8999999999999773,0.39999999999999525,-1.9481865284974045,6509.875,473.44545454545454
2026-08-11T05:45:33+00:00,2026-08-11T11:30:33+05:45,2026-08-11,11:30:33,1786427133,1,5,11,nepse_official,OPEN,2026-08-11,BJHL,Bhujung Hydropower Limited,637.0,683.8,637.0,,682.9,670.0,12.899999999999977,,770.0,522115.0,18.0,46.799999999999955,7.346938775510196,1.9253731343283547,29006.38888888889,678.0714285714286
2026-08-11T05:45:33+00:00,2026-08-11T11:30:33+05:45,2026-08-11,11:30:33,1786427133,1,5,11,nepse_official,OPEN,2026-08-11,BNHC,Buddha Bhumi Nepal Hydropower Company Limited,267.9,289.9,267.9,,282.0,282.0,0.0,,1250.0,359254.3,10.0,22.0,8.212019410227697,0.0,35925.43,287.40344
2026-08-11T05:45:33+00:00,2026-08-11T11:30:33+05:45,2026-08-11,11:30:33,1786427133,1,5,11,nepse_official,OPEN,2026-08-11,BPCL,Butwal Power Company Limited,650.0,651.0,642.1,,650.0,649.8,0.20000000000004547,,3462.0,2240942.5,8.0,8.899999999999977,1.369230769230766,0.030778701138818945,280117.8125,647.2970826112074
2026-08-11T05:45:33+00:00,2026-08-11T11:30:33+05:45,2026-08-11,11:30:33,1786427133,1,5,11,nepse_official,OPEN,2026-08-11,BUNGAL,Bungal Hydro Limited,585.0,593.0,585.0,,590.0,584.0,6.0,,5181.0,3057855.4,24.0,8.0,1.3675213675213675,1.0273972602739725,127410.64166666666,590.2056359776104
2026-08-11T05:45:33+00:00,2026-08-11T11:30:33+05:45,2026-08-11,11:30:33,1786427133,1,5,11,nepse_official,OPEN,2026-08-11,CBBL,Chhimek Laghubitta Bittiya Sanstha Limited,934.0,934.0,933.9,,933.9,930.0,3.8999999999999773,,70.0,65378.0,2.0,0.10000000000002274,0.010706638115634126,0.419354838709675,32689.0,933.9714285714285
2026-08-11T05:45:33+00:00,2026-08-11T11:30:33+05:45,2026-08-11,11:30:33,1786427133,1,5,11,nepse_official,OPEN,2026-08-11,CFCL,Central Finance Co. Ltd.,648.1,659.0,648.1,,657.0,656.5,0.5,,3637.0,2379052.3,24.0,10.899999999999977,1.6818392223422276,0.07616146230007616,99127.17916666665,654.1249106406378
2026-08-11T05:45:33+00:00,2026-08-11T11:30:33+05:45,2026-08-11,11:30:33,1786427133,1,5,11,nepse_official,OPEN,2026-08-11,CGH,Chandragiri Hills Limited,779.9,795.1,779.9,,795.1,779.9,15.200000000000045,,110.0,86841.0,4.0,15.200000000000045,1.9489678163867221,1.9489678163867221,21710.25,789.4636363636364
2026-08-11T05:45:33+00:00,2026-08-11T11:30:33+05:45,2026-08-11,11:30:33,1786427133,1,5,11,nepse_official,OPEN,2026-08-11,CHCL,Chilime Hydropower Company Limited,490.0,490.0,482.1,,486.0,484.0,2.0,,1162.0,561095.7,7.0,7.899999999999977,1.612244897959179,0.4132231404958678,80156.52857142857,482.8706540447504
2026-08-11T05:45:33+00:00,2026-08-11T11:30:33+05:45,2026-08-11,11:30:33,1786427133,1,5,11,nepse_official,OPEN,2026-08-11,CHDC,CEDB Holdings Limited,2170.0,2171.0,2170.0,,2170.0,2165.5,4.5,,57.0,123710.0,3.0,1.0,0.04608294930875576,0.20780420226275687,41236.666666666664,2170.3508771929824
2026-08-11T05:45:33+00:00,2026-08-11T11:30:33+05:45,2026-08-11,11:30:33,1786427133,1,5,11,nepse_official,OPEN,2026-08-11,CHL,Chhyangdi Hydropower Ltd.,260.0,270.0,260.0,,270.0,267.9,2.1000000000000227,,501.0,134251.0,6.0,10.0,3.8461538461538463,0.7838745800671978,22375.166666666668,267.96606786427145
2026-08-11T05:45:33+00:00,2026-08-11T11:30:33+05:45,2026-08-11,11:30:33,1786427133,1,5,11,nepse_official,OPEN,2026-08-11,CIT,Citizen Investment Trust,1700.0,1700.0,1700.0,,1700.0,1700.0,0.0,,1.0,1680.0,1.0,0.0,0.0,0.0,1680.0,1680.0
2026-08-11T05:45:33+00:00,2026-08-11T11:30:33+05:45,2026-08-11,11:30:33,1786427133,1,5,11,nepse_official,OPEN,2026-08-11,CITY,City Hotel Limited,365.0,400.0,365.0,,371.1,367.0,4.100000000000023,,3403.0,1260668.3,33.0,35.0,9.58904109589041,1.1171662125340662,38202.0696969697,370.4579194828093
2026-08-11T05:45:33+00:00,2026-08-11T11:30:33+05:45,2026-08-11,11:30:33,1786427133,1,5,11,nepse_official,OPEN,2026-08-11,CKHL,Chirkhwa Hydropower Limited ,565.0,621.6,565.0,,621.6,581.0,40.60000000000002,,250.0,146701.0,7.0,56.60000000000002,10.017699115044252,6.987951807228919,20957.285714285714,586.804
2026-08-11T05:45:33+00:00,2026-08-11T11:30:33+05:45,2026-08-11,11:30:33,1786427133,1,5,11,nepse_official,OPEN,2026-08-11,CLI,Citizen Life Insurance Company Limited,435.2,439.9,435.0,,436.2,440.0,-3.8000000000000114,,144.0,62842.5,11.0,4.899999999999977,1.1259191176470535,-0.8636363636363662,5712.954545454545,436.40625
2026-08-11T05:45:33+00:00,2026-08-11T11:30:33+05:45,2026-08-11,11:30:33,1786427133,1,5,11,nepse_official,OPEN,2026-08-11,CORBL,Corporate Development Bank Limited,1150.0,1190.0,1120.0,,1173.0,1155.2,17.799999999999955,,12391.0,14535262.0,224.0,70.0,6.086956521739131,1.540858725761769,64889.5625,1173.0499556129448
2026-08-11T05:45:33+00:00,2026-08-11T11:30:33+05:45,2026-08-11,11:30:33,1786427133,1,5,11,nepse_official,OPEN,2026-08-11,CREST,Crest Micro Life Insurance Limited,1172.0,1230.0,1160.0,,1173.1,1179.7,-6.600000000000136,,1497.0,1784796.0,24.0,70.0,5.972696245733788,-0.559464270577277,74366.5,1192.248496993988
2026-08-11T05:45:33+00:00,2026-08-11T11:30:33+05:45,2026-08-11,11:30:33,1786427133,1,5,11,nepse_official,OPEN,2026-08-11,CSY,Citizens Santulit Yojana,8.9,9.35,8.9,,9.32,8.88,0.4399999999999995,,500.0,4571.0,5.0,0.4499999999999993,5.05617977528089,4.954954954954949,914.2,9.142
2026-08-11T05:45:33+00:00,2026-08-11T11:30:33+05:45,2026-08-11,11:30:33,1786427133,1,5,11,nepse_official,OPEN,2026-08-11,CZBIL,Citizens Bank International Limited,200.0,203.0,200.0,,201.5,200.2,1.3000000000000114,,3141.0,630247.0,10.0,3.0,1.5,0.649350649350655,63024.7,200.65170327921044
2026-08-11T05:45:33+00:00,2026-08-11T11:30:33+05:45,2026-08-11,11:30:33,1786427133,1,5,11,nepse_official,OPEN,2026-08-11,DHEL,Daramkhola Hydro Energy Limited,608.2,624.5,608.2,,613.1,620.0,-6.899999999999977,,3485.0,2158521.2,62.0,16.299999999999955,2.6800394607037084,-1.112903225806448,34814.858064516135,619.374806312769
2026-08-11T05:45:33+00:00,2026-08-11T11:30:33+05:45,2026-08-11,11:30:33,1786427133,1,5,11,nepse_official,OPEN,2026-08-11,DLBS,Dhaulagiri Laghubitta Bittiya Sanstha Limited,1160.0,1160.0,1160.0,,1160.0,1180.0,-20.0,,10.0,11600.0,1.0,0.0,0.0,-1.694915254237288,11600.0,1160.0
2026-08-11T05:45:33+00:00,2026-08-11T11:30:33+05:45,2026-08-11,11:30:33,1786427133,1,5,11,nepse_official,OPEN,2026-08-11,DOLTI,Dolti Power Company Limited,320.0,320.0,320.0,,320.0,320.0,0.0,,20.0,6400.0,2.0,0.0,0.0,0.0,3200.0,320.0
2026-08-11T05:45:33+00:00,2026-08-11T11:30:33+05:45,2026-08-11,11:30:33,1786427133,1,5,11,nepse_official,OPEN,2026-08-11,DORDI,Dordi Khola Jal Bidyut Company Limited,250.0,251.0,250.0,,250.0,249.9,0.09999999999999432,,170.0,42600.0,7.0,1.0,0.4,0.04001600640255875,6085.714285714285,250.58823529411765
2026-08-11T05:45:33+00:00,2026-08-11T11:30:33+05:45,2026-08-11,11:30:33,1786427133,1,5,11,nepse_official,OPEN,2026-08-11,EBL,Everest Bank Limited,715.0,724.9,715.0,,724.0,715.0,9.0,,1304.0,939989.5,19.0,9.899999999999977,1.3846153846153815,1.2587412587412588,49473.13157894737,720.8508435582822
2026-08-11T05:45:33+00:00,2026-08-11T11:30:33+05:45,2026-08-11,11:30:33,1786427133,1,5,11,nepse_official,OPEN,2026-08-11,EBLD86,Everest Bank Limited,1050.8,1050.8,1050.8,,1050.8,1081.0,-30.200000000000045,,25.0,26270.0,1.0,0.0,0.0,-2.7937095282146203,26270.0,1050.8
2026-08-11T05:45:33+00:00,2026-08-11T11:30:33+05:45,2026-08-11,11:30:33,1786427133,1,5,11,nepse_official,OPEN,2026-08-11,ECL,Everest Colour Limited,1577.0,1600.4,1557.0,,1573.2,1584.0,-10.799999999999955,,3795.0,6013171.8,258.0,43.40000000000009,2.75206087507927,-0.6818181818181789,23306.867441860464,1584.4984980237155
2026-08-11T05:45:33+00:00,2026-08-11T11:30:33+05:45,2026-08-11,11:30:33,1786427133,1,5,11,nepse_official,OPEN,2026-08-11,EHPL,Eastern Hydropower Limited,355.9,355.9,336.0,,344.0,339.0,5.0,,190.0,64591.0,9.0,19.899999999999977,5.591458274796285,1.4749262536873156,7176.777777777777,339.9526315789474
2026-08-11T05:45:33+00:00,2026-08-11T11:30:33+05:45,2026-08-11,11:30:33,1786427133,1,5,11,nepse_official,OPEN,2026-08-11,ENL,Emerging Nepal Limited,782.0,782.0,782.0,,782.0,797.9,-15.899999999999977,,10.0,7820.0,1.0,0.0,0.0,-1.9927309186614834,7820.0,782.0
2026-08-11T05:45:33+00:00,2026-08-11T11:30:33+05:45,2026-08-11,11:30:33,1786427133,1,5,11,nepse_official,OPEN,2026-08-11,FMDBL,First Micro Finance Laghubitta Bittiya Sanstha Limited,850.0,850.0,801.0,,821.8,817.0,4.7999999999999545,,7471.0,6128259.4,79.0,49.0,5.764705882352941,0.5875152998775954,77572.90379746836,820.2729755052871
2026-08-11T05:45:33+00:00,2026-08-11T11:30:33+05:45,2026-08-11,11:30:33,1786427133,1,5,11,nepse_official,OPEN,2026-08-11,FOWAD,Forward Microfinance Laghubitta Bittiya Sanstha Limited,950.0,950.0,950.0,,950.0,945.0,5.0,,20.0,19000.0,2.0,0.0,0.0,0.5291005291005291,9500.0,950.0
2026-08-11T05:45:33+00:00,2026-08-11T11:30:33+05:45,2026-08-11,11:30:33,1786427133,1,5,11,nepse_official,OPEN,2026-08-11,GBBL,Garima Bikas Bank Limited,418.0,418.0,418.0,,418.0,418.6,-0.6000000000000227,,155.0,64790.0,5.0,0.0,0.0,-0.143334925943627,12958.0,418.0
2026-08-11T05:45:33+00:00,2026-08-11T11:30:33+05:45,2026-08-11,11:30:33,1786427133,1,5,11,nepse_official,OPEN,2026-08-11,GBIME,Global IME Bank Limited,238.5,255.0,238.5,,253.0,251.0,2.0,,3133.0,792513.3,31.0,16.5,6.918238993710692,0.796812749003984,25564.945161290325,252.95668688158315
2026-08-11T05:45:33+00:00,2026-08-11T11:30:33+05:45,2026-08-11,11:30:33,1786427133,1,5,11,nepse_official,OPEN,2026-08-11,GBIMESY2,Global IME Sammunat Yojana -2,9.0,9.0,9.0,,9.0,9.25,-0.25,,200.0,1800.0,2.0,0.0,0.0,-2.7027027027027026,900.0,9.0
2026-08-11T05:45:33+00:00,2026-08-11T11:30:33+05:45,2026-08-11,11:30:33,1786427133,1,5,11,nepse_official,OPEN,2026-08-11,GBLBS,Grameen Bikas Laghubitta Bittiya Sanstha Ltd.,775.9,775.9,752.7,,752.7,739.0,13.700000000000045,,34.0,25711.3,3.0,23.199999999999932,2.990076040726889,1.853856562922875,8570.433333333332,756.214705882353
2026-08-11T05:45:33+00:00,2026-08-11T11:30:33+05:45,2026-08-11,11:30:33,1786427133,1,5,11,nepse_official,OPEN,2026-08-11,GCIL,Ghorahi Cement Industry Limited,344.0,346.0,344.0,,346.0,345.1,0.8999999999999773,,171.0,59086.7,10.0,2.0,0.5813953488372093,0.2607939727615118,5908.67,345.5362573099415
2026-08-11T05:45:33+00:00,2026-08-11T11:30:33+05:45,2026-08-11,11:30:33,1786427133,1,5,11,nepse_official,OPEN,2026-08-11,GFCL,Goodwill Finance Limited,605.0,605.0,605.0,,605.0,600.0,5.0,,92.0,55660.0,1.0,0.0,0.0,0.8333333333333334,55660.0,605.0
2026-08-11T05:45:33+00:00,2026-08-11T11:30:33+05:45,2026-08-11,11:30:33,1786427133,1,5,11,nepse_official,OPEN,2026-08-11,GHL,Ghalemdi Hydro Limited,233.9,233.9,230.0,,230.0,229.8,0.19999999999998863,,2811.0,648716.0,10.0,3.9000000000000057,1.6673792218896988,0.0870322019147035,64871.6,230.77765919601566
2026-08-11T05:45:33+00:00,2026-08-11T11:30:33+05:45,2026-08-11,11:30:33,1786427133,1,5,11,nepse_official,OPEN,2026-08-11,GLH,GreenLife Hydropower Limited,257.1,260.0,257.1,,258.1,257.6,0.5,,1400.0,363136.7,19.0,2.8999999999999773,1.1279657720731144,0.19409937888198756,19112.457894736843,259.38335714285716
2026-08-11T05:45:33+00:00,2026-08-11T11:30:33+05:45,2026-08-11,11:30:33,1786427133,1,5,11,nepse_official,OPEN,2026-08-11,GMFBS,Ganapati Laghubitta Bittiya Sanstha Limited,1205.0,1205.0,1205.0,,1205.0,1174.0,31.0,,10.0,12050.0,1.0,0.0,0.0,2.6405451448040886,12050.0,1205.0
2026-08-11T05:45:33+00:00,2026-08-11T11:30:33+05:45,2026-08-11,11:30:33,1786427133,1,5,11,nepse_official,OPEN,2026-08-11,GMLI,Guardian Micro Life Insurance Limited ,1086.0,1161.6,1011.0,,1085.0,1100.0,-15.0,,568.0,618599.0,23.0,150.5999999999999,13.867403314917118,-1.3636363636363635,26895.608695652172,1089.0827464788733
2026-08-11T05:45:33+00:00,2026-08-11T11:30:33+05:45,2026-08-11,11:30:33,1786427133,1,5,11,nepse_official,OPEN,2026-08-11,GRDBL,Green Development Bank Ltd.,1090.0,1090.0,1030.0,,1043.1,1059.0,-15.900000000000091,,610.0,660732.0,11.0,60.0,5.5045871559633035,-1.5014164305949094,60066.545454545456,1083.167213114754
2026-08-11T05:45:33+00:00,2026-08-11T11:30:33+05:45,2026-08-11,11:30:33,1786427133,1,5,11,nepse_official,OPEN,2026-08-11,GSY,Garima Samriddhi Yojana,9.5,9.5,9.45,,9.45,9.51,-0.0600000000000005,,610.0,5785.0,5.0,0.05000000000000071,0.5263157894736916,-0.630914826498428,1157.0,9.48360655737705
2026-08-11T05:45:33+00:00,2026-08-11T11:30:33+05:45,2026-08-11,11:30:33,1786427133,1,5,11,nepse_official,OPEN,2026-08-11,GUFL,Gurkhas Finance Ltd.,573.0,573.0,561.0,,573.0,560.4,12.600000000000023,,616.0,351636.0,8.0,12.0,2.094240837696335,2.2483940042826593,43954.5,570.8376623376623
2026-08-11T05:45:33+00:00,2026-08-11T11:30:33+05:45,2026-08-11,11:30:33,1786427133,1,5,11,nepse_official,OPEN,2026-08-11,GVL,Green Ventures Limited,473.0,477.1,473.0,,477.1,480.0,-2.8999999999999773,,32.0,15212.1,3.0,4.100000000000023,0.8668076109936622,-0.604166666666662,5070.7,475.378125
2026-08-11T05:45:33+00:00,2026-08-11T11:30:33+05:45,2026-08-11,11:30:33,1786427133,1,5,11,nepse_official,OPEN,2026-08-11,HATHY,Hathway Investment Nepal Limited,646.0,705.0,646.0,,699.0,680.0,19.0,,1814.0,1248641.0,22.0,59.0,9.13312693498452,2.794117647058824,56756.40909090909,688.3357221609702
2026-08-11T05:45:33+00:00,2026-08-11T11:30:33+05:45,2026-08-11,11:30:33,1786427133,1,5,11,nepse_official,OPEN,2026-08-11,HBL,Himalayan Bank Limited,190.0,194.8,190.0,,194.4,194.8,-0.4000000000000057,,455.0,87942.0,33.0,4.800000000000011,2.52631578947369,-0.2053388090349105,2664.909090909091,193.27912087912088
2026-08-11T05:45:33+00:00,2026-08-11T11:30:33+05:45,2026-08-11,11:30:33,1786427133,1,5,11,nepse_official,OPEN,2026-08-11,HDHPC,Himal Dolakha Hydropower Company Limited,207.0,211.0,205.0,,210.0,207.0,3.0,,11590.0,2412936.9,48.0,6.0,2.898550724637681,1.4492753623188406,50269.518749999996,208.19127696289905
2026-08-11T05:45:33+00:00,2026-08-11T11:30:33+05:45,2026-08-11,11:30:33,1786427133,1,5,11,nepse_official,OPEN,2026-08-11,HDL,Himalayan Distillery Limited,1164.0,1174.0,1164.0,,1169.0,1165.1,3.900000000000091,,378.0,441372.0,13.0,10.0,0.859106529209622,0.3347352158613073,33951.692307692305,1167.6507936507937
2026-08-11T05:45:33+00:00,2026-08-11T11:30:33+05:45,2026-08-11,11:30:33,1786427133,1,5,11,nepse_official,OPEN,2026-08-11,HFIN,Hotel Forest Inn Limited,687.0,694.8,687.0,,691.0,686.3,4.7000000000000455,,1853.0,1279627.0,45.0,7.7999999999999545,1.1353711790392946,0.6848317062509174,28436.155555555557,690.5704263356719
2026-08-11T05:45:33+00:00,2026-08-11T11:30:33+05:45,2026-08-11,11:30:33,1786427133,1,5,11,nepse_official,OPEN,2026-08-11,HHL,Himalayan Hydropower Limited,344.0,344.0,333.8,,338.0,334.9,3.1000000000000227,,423.0,142071.5,10.0,10.199999999999989,2.9651162790697643,0.9256494475963042,14207.15,335.8664302600473
2026-08-11T05:45:33+00:00,2026-08-11T11:30:33+05:45,2026-08-11,11:30:33,1786427133,1,5,11,nepse_official,OPEN,2026-08-11,HIDCL,Hydorelectricity Investment and Development Company Ltd,265.5,265.5,252.0,,254.0,253.0,1.0,,4108.0,1049153.2,18.0,13.5,5.084745762711865,0.3952569169960474,58286.288888888885,255.39269717624146
2026-08-11T05:45:33+00:00,2026-08-11T11:30:33+05:45,2026-08-11,11:30:33,1786427133,1,5,11,nepse_official,OPEN,2026-08-11,HIDCLP,Hydorelectricity Investment and Development Company Limited Promoter,189.5,189.5,188.9,,188.9,187.0,1.9000000000000057,,545.0,102977.5,4.0,0.5999999999999943,0.31662269129287296,1.0160427807486663,25744.375,188.94954128440367
2026-08-11T05:45:33+00:00,2026-08-11T11:30:33+05:45,2026-08-11,11:30:33,1786427133,1,5,11,nepse_official,OPEN,2026-08-11,HIMSTAR,Him Star Urja Company Limited,682.1,702.4,682.0,,702.4,693.0,9.399999999999977,,360.0,246874.0,9.0,20.399999999999977,2.9907638176220463,1.3564213564213532,27430.444444444445,685.7611111111111
2026-08-11T05:45:33+00:00,2026-08-11T11:30:33+05:45,2026-08-11,11:30:33,1786427133,1,5,11,nepse_official,OPEN,2026-08-11,HLI,Himalayan Life Insurance Limited,316.1,319.8,316.1,,318.0,317.0,1.0,,277.0,88354.6,13.0,3.6999999999999886,1.1705156596013884,0.31545741324921134,6796.507692307693,318.96967509025274
2026-08-11T05:45:33+00:00,2026-08-11T11:30:33+05:45,2026-08-11,11:30:33,1786427133,1,5,11,nepse_official,OPEN,2026-08-11,HPPL,Himalayan Power Partner Ltd.,370.0,390.0,370.0,,382.0,382.0,0.0,,46990.0,17848813.8,27.0,20.0,5.405405405405405,0.0,661067.1777777778,379.8428133645457
2026-08-11T05:45:33+00:00,2026-08-11T11:30:33+05:45,2026-08-11,11:30:33,1786427133,1,5,11,nepse_official,OPEN,2026-08-11,HRL,Himalayan Reinsurance Limited,583.0,587.0,580.0,,581.7,578.0,3.7000000000000455,,2089.0,1216094.4,42.0,7.0,1.2006861063464835,0.6401384083045062,28954.62857142857,582.1418860698899
2026-08-11T05:45:33+00:00,2026-08-11T11:30:33+05:45,2026-08-11,11:30:33,1786427133,1,5,11,nepse_official,OPEN,2026-08-11,HURJA,Himalaya Urja Bikas Company Limited,240.5,241.8,239.1,,239.1,239.0,0.09999999999999432,,6670.0,1606813.5,23.0,2.700000000000017,1.1226611226611298,0.04184100418409804,69861.45652173914,240.90157421289356
2026-08-11T05:45:33+00:00,2026-08-11T11:30:33+05:45,2026-08-11,11:30:33,1786427133,1,5,11,nepse_official,OPEN,2026-08-11,ICFC,ICFC Finance Limited,614.9,614.9,614.9,,614.9,599.0,15.899999999999977,,10.0,6149.0,1.0,0.0,0.0,2.654424040066774,6149.0,614.9
2026-08-11T05:45:33+00:00,2026-08-11T11:30:33+05:45,2026-08-11,11:30:33,1786427133,1,5,11,nepse_official,OPEN,2026-08-11,IGI,IGI Prudential insurance Limited,428.0,428.0,428.0,,428.0,428.0,0.0,,100.0,42800.0,1.0,0.0,0.0,0.0,42800.0,428.0
2026-08-11T05:45:33+00:00,2026-08-11T11:30:33+05:45,2026-08-11,11:30:33,1786427133,1,5,11,nepse_official,OPEN,2026-08-11,IHL,Ingwa Hydropower Limited,344.0,344.0,340.1,,340.2,345.0,-4.800000000000011,,355.0,121777.0,5.0,3.8999999999999773,1.1337209302325515,-1.3913043478260902,24355.4,343.0338028169014
2026-08-11T05:45:33+00:00,2026-08-11T11:30:33+05:45,2026-08-11,11:30:33,1786427133,1,5,11,nepse_official,OPEN,2026-08-11,ILBS,Infinity Laghubitta Bittiya Sanstha Limited,840.0,865.2,840.0,,865.2,865.0,0.20000000000004547,,525.0,453978.0,3.0,25.200000000000045,3.0000000000000053,0.023121387283242253,151326.0,864.72
2026-08-11T05:45:33+00:00,2026-08-11T11:30:33+05:45,2026-08-11,11:30:33,1786427133,1,5,11,nepse_official,OPEN,2026-08-11,ILI,IME Life Insurance Company Limited,408.0,410.0,406.1,,410.0,408.2,1.8000000000000114,,241.0,98438.0,15.0,3.8999999999999773,0.9558823529411709,0.44096031357178134,6562.533333333334,408.4564315352697
2026-08-11T05:45:33+00:00,2026-08-11T11:30:33+05:45,2026-08-11,11:30:33,1786427133,1,5,11,nepse_official,OPEN,2026-08-11,JBBL,Jyoti Bikas Bank Limited,330.0,340.0,330.0,,340.0,339.0,1.0,,1920.0,651702.0,7.0,10.0,3.0303030303030303,0.2949852507374631,93100.28571428571,339.428125
2026-08-11T05:45:33+00:00,2026-08-11T11:30:33+05:45,2026-08-11,11:30:33,1786427133,1,5,11,nepse_official,OPEN,2026-08-11,JBLB,Jeevan Bikas Laghubitta  Bittya Sanstha Ltd,1255.0,1259.9,1255.0,,1255.7,1255.0,0.7000000000000455,,123.0,154344.9,8.0,4.900000000000091,0.39043824701195945,0.055776892430282506,19293.1125,1254.8365853658536
2026-08-11T05:45:33+00:00,2026-08-11T11:30:33+05:45,2026-08-11,11:30:33,1786427133,1,5,11,nepse_official,OPEN,2026-08-11,JHAPA,Jhapa Energy Limited,1070.0,1070.0,1070.0,,1070.0,1070.0,0.0,,10.0,10700.0,1.0,0.0,0.0,0.0,10700.0,1070.0
2026-08-11T05:45:33+00:00,2026-08-11T11:30:33+05:45,2026-08-11,11:30:33,1786427133,1,5,11,nepse_official,OPEN,2026-08-11,JOSHI,Joshi Hydropower Development Company Ltd,278.0,285.0,276.0,,285.0,277.9,7.100000000000023,,4652.0,1315558.0,26.0,9.0,3.237410071942446,2.554875854623974,50598.38461538462,282.79406706792776
2026-08-11T05:45:33+00:00,2026-08-11T11:30:33+05:45,2026-08-11,11:30:33,1786427133,1,5,11,nepse_official,OPEN,2026-08-11,KAHL,Kalanga Hydro Limited,537.0,546.0,537.0,,546.0,542.0,4.0,,2420.0,1315409.0,176.0,9.0,1.675977653631285,0.7380073800738007,7473.914772727273,543.557438016529
2026-08-11T05:45:33+00:00,2026-08-11T11:30:33+05:45,2026-08-11,11:30:33,1786427133,1,5,11,nepse_official,OPEN,2026-08-11,KBL,Kumari Bank Limited,215.0,217.0,215.0,,216.7,215.0,1.6999999999999886,,5665.0,1224868.0,33.0,2.0,0.9302325581395349,0.7906976744185994,37117.21212121212,216.21676963812885
2026-08-11T05:45:33+00:00,2026-08-11T11:30:33+05:45,2026-08-11,11:30:33,1786427133,1,5,11,nepse_official,OPEN,2026-08-11,KBSH,Kutheli Bukhari Small Hydropower Limited,960.1,971.9,960.0,,970.8,966.0,4.7999999999999545,,660.0,635450.0,14.0,11.899999999999977,1.2394542235183812,0.49689440993788353,45389.28571428572,962.8030303030303
2026-08-11T05:45:33+00:00,2026-08-11T11:30:33+05:45,2026-08-11,11:30:33,1786427133,1,5,11,nepse_official,OPEN,2026-08-11,KDBY,Kumari Dhanabriddhi Yojana,10.96,10.96,10.96,,10.96,11.0,-0.03999999999999915,,200.0,2192.0,2.0,0.0,0.0,-0.3636363636363559,1096.0,10.96
2026-08-11T05:45:33+00:00,2026-08-11T11:30:33+05:45,2026-08-11,11:30:33,1786427133,1,5,11,nepse_official,OPEN,2026-08-11,KEF,Kumari Equity Fund,10.61,10.61,10.61,,10.61,10.8,-0.19000000000000128,,1100.0,11671.0,2.0,0.0,0.0,-1.7592592592592708,5835.5,10.61
2026-08-11T05:45:33+00:00,2026-08-11T11:30:33+05:45,2026-08-11,11:30:33,1786427133,1,5,11,nepse_official,OPEN,2026-08-11,KHPL,Kalinchock Hydropower Limited,806.2,815.0,800.0,,815.0,806.2,8.799999999999955,,1280.0,1037392.0,23.0,15.0,1.8605805011163483,1.0915405606549187,45104.0,810.4625
2026-08-11T05:45:33+00:00,2026-08-11T11:30:33+05:45,2026-08-11,11:30:33,1786427133,1,5,11,nepse_official,OPEN,2026-08-11,KKHC,Khanikhola Hydropower Co. Ltd.,331.0,331.0,313.0,,320.0,321.8,-1.8000000000000114,,72053.0,23061580.4,99.0,18.0,5.438066465256798,-0.5593536357986363,232945.25656565654,320.0641250190832
2026-08-11T05:45:33+00:00,2026-08-11T11:30:33+05:45,2026-08-11,11:30:33,1786427133,1,5,11,nepse_official,OPEN,2026-08-11,KMCDB,Kalika Laghubitta Bittiya Sanstha Ltd,807.9,815.0,800.0,,814.5,807.9,6.600000000000023,,446.0,357925.4,11.0,15.0,1.856665428889714,0.8169327887114771,32538.67272727273,802.5233183856503
2026-08-11T05:45:33+00:00,2026-08-11T11:30:33+05:45,2026-08-11,11:30:33,1786427133,1,5,11,nepse_official,OPEN,2026-08-11,KSBBL,Kamana Sewa Bikas Bank Limited,464.0,470.0,464.0,,468.0,468.0,0.0,,4025.0,1889583.0,8.0,6.0,1.293103448275862,0.0,236197.875,469.4616149068323
2026-08-11T05:45:33+00:00,2026-08-11T11:30:33+05:45,2026-08-11,11:30:33,1786427133,1,5,11,nepse_official,OPEN,2026-08-11,KSY,Kumari Sabal Yojana,9.19,9.19,9.19,,9.19,9.47,-0.28000000000000114,,5100.0,46869.0,2.0,0.0,0.0,-2.956705385427678,23434.5,9.19
2026-08-11T05:45:33+00:00,2026-08-11T11:30:33+05:45,2026-08-11,11:30:33,1786427133,1,5,11,nepse_official,OPEN,2026-08-11,LBBL,Lumbini Bikas Bank Ltd.,485.1,487.0,485.0,,487.0,485.0,2.0,,3821.0,1853233.0,8.0,2.0,0.4122861265718408,0.4123711340206186,231654.125,485.0125621565035
2026-08-11T05:45:33+00:00,2026-08-11T11:30:33+05:45,2026-08-11,11:30:33,1786427133,1,5,11,nepse_official,OPEN,2026-08-11,LEC,Liberty Energy Company Limited,220.9,222.0,220.0,,221.0,218.0,3.0,,5422.0,1199742.1,24.0,2.0,0.9053870529651425,1.3761467889908259,49989.25416666667,221.27298045001845
2026-08-11T05:45:33+00:00,2026-08-11T11:30:33+05:45,2026-08-11,11:30:33,1786427133,1,5,11,nepse_official,OPEN,2026-08-11,LICN,Life Insurance Corporation (Nepal) Limited,770.0,770.0,770.0,,770.0,770.0,0.0,,60.0,46200.0,1.0,0.0,0.0,0.0,46200.0,770.0
2026-08-11T05:45:33+00:00,2026-08-11T11:30:33+05:45,2026-08-11,11:30:33,1786427133,1,5,11,nepse_official,OPEN,2026-08-11,LLBS,Laxmi Laghubitta Bittiya Sanstha Ltd.,860.0,860.0,840.0,,840.0,866.0,-26.0,,512.0,433847.0,10.0,20.0,2.3255813953488373,-3.0023094688221708,43384.7,847.357421875
2026-08-11T05:45:33+00:00,2026-08-11T11:30:33+05:45,2026-08-11,11:30:33,1786427133,1,5,11,nepse_official,OPEN,2026-08-11,LSH12,LS Horizon 12,9.0,9.05,8.91,,8.91,9.05,-0.14000000000000057,,900.0,8111.0,8.0,0.14000000000000057,1.555555555555562,-1.5469613259668569,1013.875,9.012222222222222
2026-08-11T05:45:33+00:00,2026-08-11T11:30:33+05:45,2026-08-11,11:30:33,1786427133,1,5,11,nepse_official,OPEN,2026-08-11,LSL,Laxmi Sunrise Bank Limited,219.0,220.0,219.0,,220.0,220.0,0.0,,510.0,111877.0,6.0,1.0,0.45662100456621,0.0,18646.166666666668,219.36666666666667
2026-08-11T05:45:33+00:00,2026-08-11T11:30:33+05:45,2026-08-11,11:30:33,1786427133,1,5,11,nepse_official,OPEN,2026-08-11,MABEL,Mabilung Energy Limited,596.0,596.1,595.0,,595.0,594.0,1.0,,640.0,381131.0,6.0,1.1000000000000227,0.18456375838926556,0.16835016835016833,63521.833333333336,595.5171875
2026-08-11T05:45:33+00:00,2026-08-11T11:30:33+05:45,2026-08-11,11:30:33,1786427133,1,5,11,nepse_official,OPEN,2026-08-11,MAKAR,Makar Jitumaya Suri Hydropower Limited,446.2,446.2,421.0,,421.0,425.0,-4.0,,5511.0,2327005.5,28.0,25.19999999999999,5.647691618108469,-0.9411764705882352,83107.33928571429,422.2474142623843
2026-08-11T05:45:33+00:00,2026-08-11T11:30:33+05:45,2026-08-11,11:30:33,1786427133,1,5,11,nepse_official,OPEN,2026-08-11,MANDU,Mandu Hydropower Limited,798.0,798.0,798.0,,798.0,800.0,-2.0,,10.0,7980.0,1.0,0.0,0.0,-0.25,7980.0,798.0
2026-08-11T05:45:33+00:00,2026-08-11T11:30:33+05:45,2026-08-11,11:30:33,1786427133,1,5,11,nepse_official,OPEN,2026-08-11,MATRI,Matribhumi Lagubitta Bittiya Sanstha Limited,800.0,800.0,800.0,,800.0,802.1,-2.1000000000000227,,11.0,8800.0,1.0,0.0,0.0,-0.2618127415534251,8800.0,800.0
2026-08-11T05:45:33+00:00,2026-08-11T11:30:33+05:45,2026-08-11,11:30:33,1786427133,1,5,11,nepse_official,OPEN,2026-08-11,MBJC,Madhya Bhotekoshi Jalavidyut Company Limited,261.4,266.0,261.2,,265.3,265.2,0.10000000000002274,,710.0,187767.2,23.0,4.800000000000011,1.8362662586075027,0.037707390648575694,8163.791304347827,264.4608450704226
2026-08-11T05:45:33+00:00,2026-08-11T11:30:33+05:45,2026-08-11,11:30:33,1786427133,1,5,11,nepse_official,OPEN,2026-08-11,MBL,Machhapuchhre Bank Limited,250.5,251.5,250.5,,251.5,250.3,1.1999999999999886,,4000.0,1003700.0,5.0,1.0,0.39920159680638717,0.4794246903715496,200740.0,250.925
2026-08-11T05:45:33+00:00,2026-08-11T11:30:33+05:45,2026-08-11,11:30:33,1786427133,1,5,11,nepse_official,OPEN,2026-08-11,MBLEF,MBL Equity Fund,10.21,10.24,10.21,,10.23,10.28,-0.049999999999998934,,5500.0,56205.0,8.0,0.02999999999999936,0.293829578844264,-0.4863813229571881,7025.625,10.219090909090909
2026-08-11T05:45:33+00:00,2026-08-11T11:30:33+05:45,2026-08-11,11:30:33,1786427133,1,5,11,nepse_official,OPEN,2026-08-11,MCHL,Menchhiyam Hydropower Limited,275.0,276.0,275.0,,276.0,276.0,0.0,,45.0,12400.0,3.0,1.0,0.36363636363636365,0.0,4133.333333333333,275.55555555555554
2026-08-11T05:45:33+00:00,2026-08-11T11:30:33+05:45,2026-08-11,11:30:33,1786427133,1,5,11,nepse_official,OPEN,2026-08-11,MDB,Miteri Development Bank Limited,570.0,578.0,570.0,,578.0,578.0,0.0,,35.0,20150.0,2.0,8.0,1.4035087719298245,0.0,10075.0,575.7142857142857
2026-08-11T05:45:33+00:00,2026-08-11T11:30:33+05:45,2026-08-11,11:30:33,1786427133,1,5,11,nepse_official,OPEN,2026-08-11,MEHL,Manakamana Engineering Hydropower Limited,288.5,288.5,280.0,,280.0,288.0,-8.0,,865.0,244292.0,12.0,8.5,2.946273830155979,-2.7777777777777777,20357.666666666668,282.4184971098266
2026-08-11T05:45:33+00:00,2026-08-11T11:30:33+05:45,2026-08-11,11:30:33,1786427133,1,5,11,nepse_official,OPEN,2026-08-11,MEL,Modi Energy Limited,198.7,215.0,198.7,,212.0,209.1,2.9000000000000057,,213.0,45265.7,12.0,16.30000000000001,8.203321590337199,1.3868962219033982,3772.1416666666664,212.51502347417838
2026-08-11T05:45:33+00:00,2026-08-11T11:30:33+05:45,2026-08-11,11:30:33,1786427133,1,5,11,nepse_official,OPEN,2026-08-11,MEN,Mountain Energy Nepal Limited,609.0,610.0,603.8,,605.0,601.0,4.0,,15667.0,9489834.9,62.0,6.2000000000000455,1.0180623973727496,0.6655574043261231,153061.85322580647,605.7212548669178
2026-08-11T05:45:33+00:00,2026-08-11T11:30:33+05:45,2026-08-11,11:30:33,1786427133,1,5,11,nepse_official,OPEN,2026-08-11,MERO,Mero Microfinance Bittiya Sanstha Ltd.,664.0,664.0,662.0,,662.0,672.0,-10.0,,500.0,331718.0,5.0,2.0,0.30120481927710846,-1.488095238095238,66343.6,663.436
2026-08-11T05:45:33+00:00,2026-08-11T11:30:33+05:45,2026-08-11,11:30:33,1786427133,1,5,11,nepse_official,OPEN,2026-08-11,MFIL,Manjushree Finance Ltd.,755.0,777.5,755.0,,757.0,772.0,-15.0,,340.0,257568.0,7.0,22.5,2.980132450331126,-1.9430051813471503,36795.42857142857,757.5529411764705
2026-08-11T05:45:33+00:00,2026-08-11T11:30:33+05:45,2026-08-11,11:30:33,1786427133,1,5,11,nepse_official,OPEN,2026-08-11,MHCL,Molung Hydropower Company Limited,307.5,314.0,307.5,,314.0,310.0,4.0,,60.0,18515.0,2.0,6.5,2.113821138211382,1.2903225806451613,9257.5,308.5833333333333
2026-08-11T05:45:33+00:00,2026-08-11T11:30:33+05:45,2026-08-11,11:30:33,1786427133,1,5,11,nepse_official,OPEN,2026-08-11,MHL,Mandakini Hydropower Limited,464.1,464.1,464.1,,464.1,468.0,-3.8999999999999773,,10.0,4641.0,1.0,0.0,0.0,-0.8333333333333285,4641.0,464.1
2026-08-11T05:45:33+00:00,2026-08-11T11:30:33+05:45,2026-08-11,11:30:33,1786427133,1,5,11,nepse_official,OPEN,2026-08-11,MHNL,Mountain Hydro Nepal Limited,238.0,238.0,235.2,,236.3,240.9,-4.599999999999994,,1125.0,265942.0,8.0,2.8000000000000114,1.176470588235299,-1.909506019095058,33242.75,236.39288888888888
2026-08-11T05:45:33+00:00,2026-08-11T11:30:33+05:45,2026-08-11,11:30:33,1786427133,1,5,11,nepse_official,OPEN,2026-08-11,MKCL,Muktinath Krishi Company Limited,1042.5,1082.5,1042.5,,1082.5,1051.0,31.5,,95.0,102224.5,6.0,40.0,3.8369304556354913,2.997145575642245,17037.416666666668,1076.0473684210526
2026-08-11T05:45:33+00:00,2026-08-11T11:30:33+05:45,2026-08-11,11:30:33,1786427133,1,5,11,nepse_official,OPEN,2026-08-11,MKHC,Maya Khola Hydropower Company Limited,272.1,279.1,272.0,,277.0,271.0,6.0,,4539.0,1257291.4,16.0,7.100000000000023,2.609334803381118,2.214022140221402,78580.7125,276.9974443710068
2026-08-11T05:45:33+00:00,2026-08-11T11:30:33+05:45,2026-08-11,11:30:33,1786427133,1,5,11,nepse_official,OPEN,2026-08-11,MKHL,Mai Khola Hydropower Limited,472.0,490.0,472.0,,490.0,496.8,-6.800000000000011,,355.0,173473.0,6.0,18.0,3.8135593220338984,-1.3687600644122406,28912.166666666668,488.656338028169
2026-08-11T05:45:33+00:00,2026-08-11T11:30:33+05:45,2026-08-11,11:30:33,1786427133,1,5,11,nepse_official,OPEN,2026-08-11,MLBBL,Mithila LaghuBitta Bittiya Sanstha Limited,1110.0,1110.0,1098.0,,1099.0,1121.9,-22.90000000000009,,436.0,479661.0,11.0,12.0,1.0810810810810811,-2.041180140832524,43605.545454545456,1100.1399082568807
2026-08-11T05:45:33+00:00,2026-08-11T11:30:33+05:45,2026-08-11,11:30:33,1786427133,1,5,11,nepse_official,OPEN,2026-08-11,MLBL,Mahalaxmi Bikas Bank Ltd.,348.0,351.0,348.0,,351.0,348.0,3.0,,1625.0,569823.0,5.0,3.0,0.8620689655172413,0.8620689655172413,113964.6,350.6603076923077
2026-08-11T05:45:33+00:00,2026-08-11T11:30:33+05:45,2026-08-11,11:30:33,1786427133,1,5,11,nepse_official,OPEN,2026-08-11,MLBSL,Mahila Lagubitta Bittiya Sanstha Limited ,1560.0,1560.0,1397.0,,1400.0,1610.0,-210.0,,5878.0,8384143.5,159.0,163.0,10.448717948717949,-13.043478260869565,52730.46226415094,1426.359901326982
2026-08-11T05:45:33+00:00,2026-08-11T11:30:33+05:45,2026-08-11,11:30:33,1786427133,1,5,11,nepse_official,OPEN,2026-08-11,MMF1,Mega Mutual Fund -1,8.73,8.73,8.73,,8.73,8.98,-0.25,,3500.0,30555.0,4.0,0.0,0.0,-2.7839643652561246,7638.75,8.73
2026-08-11T05:45:33+00:00,2026-08-11T11:30:33+05:45,2026-08-11,11:30:33,1786427133,1,5,11,nepse_official,OPEN,2026-08-11,MMKJL,Mathillo Mailun Khola Jalvidhyut Limited,440.1,440.1,440.1,,440.1,450.0,-9.899999999999977,,10.0,4401.0,1.0,0.0,0.0,-2.199999999999995,4401.0,440.1
2026-08-11T05:45:33+00:00,2026-08-11T11:30:33+05:45,2026-08-11,11:30:33,1786427133,1,5,11,nepse_official,OPEN,2026-08-11,MNBBL,Muktinath Bikas Bank Ltd.,365.0,368.0,365.0,,368.0,366.8,1.1999999999999886,,464.0,170375.9,10.0,3.0,0.821917808219178,0.327153762268263,17037.59,367.1894396551724
2026-08-11T05:45:33+00:00,2026-08-11T11:30:33+05:45,2026-08-11,11:30:33,1786427133,1,5,11,nepse_official,OPEN,2026-08-11,MNMF1,Muktinath Mutual Fund 1,9.51,9.52,9.51,,9.52,9.56,-0.040000000000000924,,300.0,2855.0,2.0,0.009999999999999787,0.10515247108306822,-0.4184100418410139,1427.5,9.516666666666667
2026-08-11T05:45:33+00:00,2026-08-11T11:30:33+05:45,2026-08-11,11:30:33,1786427133,1,5,11,nepse_official,OPEN,2026-08-11,MPFL,Multipurpose Finance Company  Limited,615.0,616.0,612.0,,616.0,616.0,0.0,,1230.0,756560.0,4.0,4.0,0.6504065040650406,0.0,189140.0,615.089430894309
2026-08-11T05:45:33+00:00,2026-08-11T11:30:33+05:45,2026-08-11,11:30:33,1786427133,1,5,11,nepse_official,OPEN,2026-08-11,NABBC,Narayani Development Bank Limited,806.2,806.5,805.0,,805.0,812.2,-7.2000000000000455,,1241.0,999832.0,10.0,1.5,0.18605805011163482,-0.8864811622753072,99983.2,805.6663980660758
2026-08-11T05:45:33+00:00,2026-08-11T11:30:33+05:45,2026-08-11,11:30:33,1786427133,1,5,11,nepse_official,OPEN,2026-08-11,NABIL,Nabil Bank Limited,556.0,556.0,549.0,,551.0,549.4,1.6000000000000227,,892.0,491143.9,27.0,7.0,1.2589928057553956,0.29122679286494774,18190.514814814815,550.6097533632287
2026-08-11T05:45:33+00:00,2026-08-11T11:30:33+05:45,2026-08-11,11:30:33,1786427133,1,5,11,nepse_official,OPEN,2026-08-11,NBF3,Nabil Balanced Fund-3,9.65,9.65,9.65,,9.65,9.65,0.0,,100.0,965.0,1.0,0.0,0.0,0.0,965.0,9.65
2026-08-11T05:45:33+00:00,2026-08-11T11:30:33+05:45,2026-08-11,11:30:33,1786427133,1,5,11,nepse_official,OPEN,2026-08-11,NBL,Nepal Bank Limited,266.0,266.0,265.1,,265.1,266.0,-0.8999999999999773,,252.0,66949.2,4.0,0.8999999999999773,0.33834586466164557,-0.33834586466164557,16737.3,265.6714285714286
2026-08-11T05:45:33+00:00,2026-08-11T11:30:33+05:45,2026-08-11,11:30:33,1786427133,1,5,11,nepse_official,OPEN,2026-08-11,NESDO,NESDO Sambridha Laghubitta Bittiya Sanstha Limited,1450.0,1450.0,1450.0,,1450.0,1458.0,-8.0,,11.0,15950.0,1.0,0.0,0.0,-0.5486968449931412,15950.0,1450.0
2026-08-11T05:45:33+00:00,2026-08-11T11:30:33+05:45,2026-08-11,11:30:33,1786427133,1,5,11,nepse_official,OPEN,2026-08-11,NGPL,Ngadi Group Power Ltd.,409.8,410.0,407.0,,410.0,408.5,1.5,,4100.0,1679656.0,11.0,3.0,0.7320644216691069,0.36719706242350064,152696.0,409.67219512195123
2026-08-11T05:45:33+00:00,2026-08-11T11:30:33+05:45,2026-08-11,11:30:33,1786427133,1,5,11,nepse_official,OPEN,2026-08-11,NHDL,Nepal Hydro Developers Ltd.,635.0,635.0,635.0,,635.0,640.0,-5.0,,16.0,10160.0,1.0,0.0,0.0,-0.78125,10160.0,635.0
2026-08-11T05:45:33+00:00,2026-08-11T11:30:33+05:45,2026-08-11,11:30:33,1786427133,1,5,11,nepse_official,OPEN,2026-08-11,NHPC,National Hydro Power Company Limited,273.0,278.0,273.0,,278.0,272.2,5.800000000000011,,25713.0,7083102.1,63.0,5.0,1.8315018315018317,2.130786186627484,112430.19206349205,275.4677439427527
2026-08-11T05:45:33+00:00,2026-08-11T11:30:33+05:45,2026-08-11,11:30:33,1786427133,1,5,11,nepse_official,OPEN,2026-08-11,NIBLSTF,NIBL Stable Fund,8.54,8.54,8.54,,8.54,8.54,0.0,,200.0,1708.0,2.0,0.0,0.0,0.0,854.0,8.54
2026-08-11T05:45:33+00:00,2026-08-11T11:30:33+05:45,2026-08-11,11:30:33,1786427133,1,5,11,nepse_official,OPEN,2026-08-11,NIBSF2,NIBL Samriddhi Fund -2,8.79,8.87,8.79,,8.87,8.87,0.0,,1400.0,12378.0,2.0,0.08000000000000007,0.9101251422070543,0.0,6189.0,8.84142857142857
2026-08-11T05:45:33+00:00,2026-08-11T11:30:33+05:45,2026-08-11,11:30:33,1786427133,1,5,11,nepse_official,OPEN,2026-08-11,NICA,NIC Asia Bank Ltd.,325.0,326.1,325.0,,326.1,325.0,1.1000000000000227,,435.0,141386.0,5.0,1.1000000000000227,0.3384615384615455,0.3384615384615455,28277.2,325.0252873563218
2026-08-11T05:45:33+00:00,2026-08-11T11:30:33+05:45,2026-08-11,11:30:33,1786427133,1,5,11,nepse_official,OPEN,2026-08-11,NICFC,NIC Asia Flexi CAP Fund,9.1,9.1,9.1,,9.1,9.2,-0.09999999999999964,,100.0,910.0,1.0,0.0,0.0,-1.0869565217391266,910.0,9.1
2026-08-11T05:45:33+00:00,2026-08-11T11:30:33+05:45,2026-08-11,11:30:33,1786427133,1,5,11,nepse_official,OPEN,2026-08-11,NICL,Nepal Insurance Co. Ltd.,509.9,509.9,509.9,,509.9,506.9,3.0,,10.0,5099.0,1.0,0.0,0.0,0.5918327086210299,5099.0,509.9
2026-08-11T05:45:33+00:00,2026-08-11T11:30:33+05:45,2026-08-11,11:30:33,1786427133,1,5,11,nepse_official,OPEN,2026-08-11,NICSF,NIC Asia Select Fund 30,8.6,8.6,8.6,,8.6,8.64,-0.040000000000000924,,100.0,860.0,1.0,0.0,0.0,-0.4629629629629736,860.0,8.6
2026-08-11T05:45:33+00:00,2026-08-11T11:30:33+05:45,2026-08-11,11:30:33,1786427133,1,5,11,nepse_official,OPEN,2026-08-11,NIFRA,Nepal Infrastructure Bank Limited,243.3,247.0,243.3,,245.0,244.0,1.0,,2582.0,634285.4,29.0,3.6999999999999886,1.5207562679819107,0.4098360655737705,21871.910344827586,245.65662277304415
2026-08-11T05:45:33+00:00,2026-08-11T11:30:33+05:45,2026-08-11,11:30:33,1786427133,1,5,11,nepse_official,OPEN,2026-08-11,NIFRAUR85/86,NIFRA Uraj Rinpatra7%-2085/86,1010.0,1010.0,1010.0,,1010.0,1033.0,-23.0,,50.0,50500.0,1.0,0.0,0.0,-2.2265246853823815,50500.0,1010.0
2026-08-11T05:45:33+00:00,2026-08-11T11:30:33+05:45,2026-08-11,11:30:33,1786427133,1,5,11,nepse_official,OPEN,2026-08-11,NIMB,Nepal Investment Mega Bank Limited,183.3,195.0,183.3,,194.5,192.9,1.5999999999999943,,2038.0,394685.5,26.0,11.699999999999989,6.382978723404249,0.8294453084499711,15180.211538461539,193.66315014720314
2026-08-11T05:45:33+00:00,2026-08-11T11:30:33+05:45,2026-08-11,11:30:33,1786427133,1,5,11,nepse_official,OPEN,2026-08-11,NLIC,Nepal Life Insurance Co. Ltd.,738.0,740.0,736.1,,740.0,738.0,2.0,,636.0,470245.7,15.0,3.8999999999999773,0.5284552845528425,0.27100271002710025,31349.713333333333,739.3800314465409
2026-08-11T05:45:33+00:00,2026-08-11T11:30:33+05:45,2026-08-11,11:30:33,1786427133,1,5,11,nepse_official,OPEN,2026-08-11,NLICL,National Life Insurance Co. Ltd.,568.0,568.0,568.0,,568.0,567.0,1.0,,50.0,28400.0,2.0,0.0,0.0,0.1763668430335097,14200.0,568.0
2026-08-11T05:45:33+00:00,2026-08-11T11:30:33+05:45,2026-08-11,11:30:33,1786427133,1,5,11,nepse_official,OPEN,2026-08-11,NMB,NMB Bank Limited,243.0,243.0,242.0,,243.0,243.0,0.0,,1242.0,301480.8,18.0,1.0,0.411522633744856,0.0,16748.933333333334,242.7381642512077
2026-08-11T05:45:33+00:00,2026-08-11T11:30:33+05:45,2026-08-11,11:30:33,1786427133,1,5,11,nepse_official,OPEN,2026-08-11,NMIC,Nepal Micro Insurance Company Limited,919.0,919.0,910.0,,910.0,898.0,12.0,,30.0,27480.0,2.0,9.0,0.9793253536452665,1.3363028953229399,13740.0,916.0
2026-08-11T05:45:33+00:00,2026-08-11T11:30:33+05:45,2026-08-11,11:30:33,1786427133,1,5,11,nepse_official,OPEN,2026-08-11,NMLBBL,Nerude Mirmire Laghubitta Bittiya Sanstha Limited,520.0,520.0,520.0,,520.0,519.9,0.10000000000002274,,10.0,5200.0,1.0,0.0,0.0,0.01923446816695956,5200.0,520.0
2026-08-11T05:45:33+00:00,2026-08-11T11:30:33+05:45,2026-08-11,11:30:33,1786427133,1,5,11,nepse_official,OPEN,2026-08-11,NRIC,Nepal Reinsurance Company Limited,883.0,950.0,883.0,,944.5,929.0,15.5,,473.0,438090.0,12.0,67.0,7.587768969422423,1.6684607104413347,36507.5,926.1945031712473
2026-08-11T05:45:33+00:00,2026-08-11T11:30:33+05:45,2026-08-11,11:30:33,1786427133,1,5,11,nepse_official,OPEN,2026-08-11,NRM,Nepal Republic Media Limited,306.0,306.0,306.0,,306.0,306.4,-0.39999999999997726,,10.0,3060.0,1.0,0.0,0.0,-0.13054830287205524,3060.0,306.0
2026-08-11T05:45:33+00:00,2026-08-11T11:30:33+05:45,2026-08-11,11:30:33,1786427133,1,5,11,nepse_official,OPEN,2026-08-11,NRN,NRN Infrastructure and Development Limited,1377.1,1389.0,1377.1,,1388.0,1376.0,12.0,,5077.0,7046200.0,5.0,11.900000000000091,0.8641347759785123,0.872093023255814,1409240.0,1387.8668505022652
2026-08-11T05:45:33+00:00,2026-08-11T11:30:33+05:45,2026-08-11,11:30:33,1786427133,1,5,11,nepse_official,OPEN,2026-08-11,NSY,Nepal Life Samriddhi Lagani Yojana,9.3,9.3,9.3,,9.3,9.48,-0.17999999999999972,,100.0,930.0,1.0,0.0,0.0,-1.898734177215187,930.0,9.3
2026-08-11T05:45:33+00:00,2026-08-11T11:30:33+05:45,2026-08-11,11:30:33,1786427133,1,5,11,nepse_official,OPEN,2026-08-11,NTC,Nepal Doorsanchar Company Limited,869.9,869.9,869.0,,869.0,860.0,9.0,,20.0,17389.0,2.0,0.8999999999999773,0.10346016783538076,1.0465116279069768,8694.5,869.45
2026-08-11T05:45:33+00:00,2026-08-11T11:30:33+05:45,2026-08-11,11:30:33,1786427133,1,5,11,nepse_official,OPEN,2026-08-11,NWCL,Nepal Warehousing Company Limited ,700.0,714.0,684.0,,685.6,693.6,-8.0,,80.0,55817.0,7.0,30.0,4.285714285714286,-1.1534025374855825,7973.857142857143,697.7125
2026-08-11T05:45:33+00:00,2026-08-11T11:30:33+05:45,2026-08-11,11:30:33,1786427133,1,5,11,nepse_official,OPEN,2026-08-11,NYADI,Nyadi Hydropower Limited,365.0,365.0,361.2,,361.3,365.0,-3.6999999999999886,,60.0,21825.0,4.0,3.8000000000000114,1.041095890410962,-1.0136986301369832,5456.25,363.75
2026-08-11T05:45:33+00:00,2026-08-11T11:30:33+05:45,2026-08-11,11:30:33,1786427133,1,5,11,nepse_official,OPEN,2026-08-11,OHL,Oriental Hotels Limited,642.0,642.0,642.0,,642.0,651.0,-9.0,,10.0,6420.0,1.0,0.0,0.0,-1.3824884792626728,6420.0,642.0
2026-08-11T05:45:33+00:00,2026-08-11T11:30:33+05:45,2026-08-11,11:30:33,1786427133,1,5,11,nepse_official,OPEN,2026-08-11,OMPL,Om Megashree Pharmaceuticals Limited,905.0,905.0,893.0,,899.0,894.0,5.0,,350.0,315670.0,10.0,12.0,1.3259668508287292,0.5592841163310962,31567.0,901.9142857142857
2026-08-11T05:45:33+00:00,2026-08-11T11:30:33+05:45,2026-08-11,11:30:33,1786427133,1,5,11,nepse_official,OPEN,2026-08-11,PBD85,8.75 % Prime Debenture 2085,1091.8,1091.8,1091.8,,1091.8,1060.0,31.799999999999955,,50.0,54590.0,1.0,0.0,0.0,2.9999999999999956,54590.0,1091.8
2026-08-11T05:45:33+00:00,2026-08-11T11:30:33+05:45,2026-08-11,11:30:33,1786427133,1,5,11,nepse_official,OPEN,2026-08-11,PCBL,Prime Commercial Bank Ltd.,239.1,240.0,239.1,,239.1,239.0,0.09999999999999432,,426.0,101961.9,3.0,0.9000000000000057,0.37641154328732984,0.04184100418409804,33987.299999999996,239.34718309859153
2026-08-11T05:45:33+00:00,2026-08-11T11:30:33+05:45,2026-08-11,11:30:33,1786427133,1,5,11,nepse_official,OPEN,2026-08-11,PCIL,Palpa Cement Industries Limited,620.0,625.0,617.0,,621.0,625.0,-4.0,,1756.0,1094636.0,74.0,8.0,1.2903225806451613,-0.64,14792.378378378378,623.369020501139
2026-08-11T05:45:33+00:00,2026-08-11T11:30:33+05:45,2026-08-11,11:30:33,1786427133,1,5,11,nepse_official,OPEN,2026-08-11,PHCL,Peoples Hydropower Company Limited,292.0,295.0,292.0,,295.0,293.7,1.3000000000000114,,160.0,47050.5,8.0,3.0,1.0273972602739725,0.44262853251617684,5881.3125,294.065625
2026-08-11T05:45:33+00:00,2026-08-11T11:30:33+05:45,2026-08-11,11:30:33,1786427133,1,5,11,nepse_official,OPEN,2026-08-11,PMHPL,Panchakanya Mai Hydropower Ltd,312.1,312.1,312.1,,312.1,318.9,-6.7999999999999545,,20.0,6242.0,1.0,0.0,0.0,-2.132329883976154,6242.0,312.1
2026-08-11T05:45:33+00:00,2026-08-11T11:30:33+05:45,2026-08-11,11:30:33,1786427133,1,5,11,nepse_official,OPEN,2026-08-11,PMLI,Prabhu Mahalaxmi Life Insurance Limited,433.0,433.0,431.0,,431.0,433.0,-2.0,,1039.0,447899.0,6.0,2.0,0.4618937644341801,-0.4618937644341801,74649.83333333333,431.08662175168433
2026-08-11T05:45:33+00:00,2026-08-11T11:30:33+05:45,2026-08-11,11:30:33,1786427133,1,5,11,nepse_official,OPEN,2026-08-11,PPCL,Panchthar Power Compant Limited,335.0,335.0,330.1,,330.1,335.0,-4.899999999999977,,1535.0,508557.0,13.0,4.899999999999977,1.4626865671641722,-1.4626865671641722,39119.769230769234,331.30749185667753
2026-08-11T05:45:33+00:00,2026-08-11T11:30:33+05:45,2026-08-11,11:30:33,1786427133,1,5,11,nepse_official,OPEN,2026-08-11,PPL,People's Power Limited,325.0,330.0,322.0,,329.0,326.5,2.5,,1545.0,508722.0,13.0,8.0,2.4615384615384617,0.7656967840735069,39132.46153846154,329.2699029126214
2026-08-11T05:45:33+00:00,2026-08-11T11:30:33+05:45,2026-08-11,11:30:33,1786427133,1,5,11,nepse_official,OPEN,2026-08-11,PRIN,Prabhu Insurance Ltd.,668.0,669.0,668.0,,669.0,668.0,1.0,,250.0,167150.0,2.0,1.0,0.14970059880239522,0.14970059880239522,83575.0,668.6
2026-08-11T05:45:33+00:00,2026-08-11T11:30:33+05:45,2026-08-11,11:30:33,1786427133,1,5,11,nepse_official,OPEN,2026-08-11,PROFL,Progressive Finance Limited,425.0,425.0,425.0,,425.0,419.0,6.0,,20.0,8500.0,1.0,0.0,0.0,1.431980906921241,8500.0,425.0
2026-08-11T05:45:33+00:00,2026-08-11T11:30:33+05:45,2026-08-11,11:30:33,1786427133,1,5,11,nepse_official,OPEN,2026-08-11,PRVU,Prabhu  Bank Limited,190.0,190.0,188.5,,190.0,188.5,1.5,,13652.0,2581856.1,53.0,1.5,0.7894736842105263,0.7957559681697612,48714.26603773585,189.11925725168473
2026-08-11T05:45:33+00:00,2026-08-11T11:30:33+05:45,2026-08-11,11:30:33,1786427133,1,5,11,nepse_official,OPEN,2026-08-11,RADHI,Radhi Bidyut Company Ltd,670.0,716.0,670.0,,711.2,705.0,6.2000000000000455,,1201.0,856428.0,10.0,46.0,6.865671641791045,0.8794326241134817,85642.8,713.0957535387178
2026-08-11T05:45:33+00:00,2026-08-11T11:30:33+05:45,2026-08-11,11:30:33,1786427133,1,5,11,nepse_official,OPEN,2026-08-11,RAWA,Rawa Energy Development Limited,429.0,429.0,420.0,,420.8,417.8,3.0,,1008.0,424627.0,6.0,9.0,2.097902097902098,0.7180469123982767,70771.16666666667,421.25694444444446
2026-08-11T05:45:33+00:00,2026-08-11T11:30:33+05:45,2026-08-11,11:30:33,1786427133,1,5,11,nepse_official,OPEN,2026-08-11,RFPL,River Falls Power Limited,332.5,335.0,332.5,,335.0,332.5,2.5,,341.0,113658.0,10.0,2.5,0.7518796992481203,0.7518796992481203,11365.8,333.30791788856305
2026-08-11T05:45:33+00:00,2026-08-11T11:30:33+05:45,2026-08-11,11:30:33,1786427133,1,5,11,nepse_official,OPEN,2026-08-11,RHGCL,Rapti Hydro And General Construction Limited,257.8,257.9,254.1,,254.1,257.0,-2.9000000000000057,,1155.0,297698.5,6.0,3.799999999999983,1.4740108611326543,-1.1284046692607026,49616.416666666664,257.747619047619
2026-08-11T05:45:33+00:00,2026-08-11T11:30:33+05:45,2026-08-11,11:30:33,1786427133,1,5,11,nepse_official,OPEN,2026-08-11,RHPL,RASUWAGADHI HYDROPOWER COMPANY LIMITED,254.1,258.0,254.1,,257.9,260.0,-2.1000000000000227,,695.0,178812.0,6.0,3.9000000000000057,1.5348288075560825,-0.8076923076923164,29802.0,257.2834532374101
2026-08-11T05:45:33+00:00,2026-08-11T11:30:33+05:45,2026-08-11,11:30:33,1786427133,1,5,11,nepse_official,OPEN,2026-08-11,RIDI,Ridi Power Company Limited,375.0,396.4,375.0,,391.0,386.0,5.0,,179675.0,69825951.8,246.0,21.399999999999977,5.706666666666661,1.2953367875647668,283845.3325203252,388.6236360094615
2026-08-11T05:45:33+00:00,2026-08-11T11:30:33+05:45,2026-08-11,11:30:33,1786427133,1,5,11,nepse_official,OPEN,2026-08-11,RLEL,Ridge Line Energy Limited,867.0,874.0,860.1,,874.0,867.0,7.0,,80.0,69383.0,8.0,13.899999999999977,1.603229527104957,0.8073817762399077,8672.875,867.2875
2026-08-11T05:45:33+00:00,2026-08-11T11:30:33+05:45,2026-08-11,11:30:33,1786427133,1,5,11,nepse_official,OPEN,2026-08-11,RLFL,Reliance Finance Ltd.,457.9,457.9,455.0,,455.0,447.0,8.0,,29.0,13224.0,2.0,2.8999999999999773,0.6333260537235155,1.7897091722595078,6612.0,456.0
2026-08-11T05:45:33+00:00,2026-08-11T11:30:33+05:45,2026-08-11,11:30:33,1786427133,1,5,11,nepse_official,OPEN,2026-08-11,RMF1,RBB Mutual Fund 1,9.6,9.6,9.6,,9.6,9.7,-0.09999999999999964,,200.0,1920.0,1.0,0.0,0.0,-1.0309278350515427,1920.0,9.6
2026-08-11T05:45:33+00:00,2026-08-11T11:30:33+05:45,2026-08-11,11:30:33,1786427133,1,5,11,nepse_official,OPEN,2026-08-11,RNLI,Reliable Nepal Life Insurance Limited,421.0,426.0,421.0,,424.0,424.0,0.0,,2602.0,1105944.6,34.0,5.0,1.187648456057007,0.0,32527.78235294118,425.0363566487318
2026-08-11T05:45:33+00:00,2026-08-11T11:30:33+05:45,2026-08-11,11:30:33,1786427133,1,5,11,nepse_official,OPEN,2026-08-11,RSDC,RSDC Laghubitta Bittiya Sanstha Ltd.,669.0,669.0,658.0,,660.0,657.0,3.0,,150.0,99680.0,4.0,11.0,1.6442451420029895,0.45662100456621,24920.0,664.5333333333333
2026-08-11T05:45:33+00:00,2026-08-11T11:30:33+05:45,2026-08-11,11:30:33,1786427133,1,5,11,nepse_official,OPEN,2026-08-11,RSML,Reliance Spinning Mills Limited,2502.0,2686.0,2502.0,,2671.0,2633.5,37.5,,4628.0,12302318.8,105.0,184.0,7.3541167066346915,1.4239605088285552,117164.94095238096,2658.2365600691446
2026-08-11T05:45:33+00:00,2026-08-11T11:30:33+05:45,2026-08-11,11:30:33,1786427133,1,5,11,nepse_official,OPEN,2026-08-11,RSY,Reliable Samriddhi Yojana,10.14,10.14,10.14,,10.14,10.4,-0.2599999999999998,,100.0,1014.0,1.0,0.0,0.0,-2.499999999999998,1014.0,10.14
2026-08-11T05:45:33+00:00,2026-08-11T11:30:33+05:45,2026-08-11,11:30:33,1786427133,1,5,11,nepse_official,OPEN,2026-08-11,RSY2,Reliable Samriddhi Yojana -2,8.58,9.02,8.58,,8.94,9.03,-0.08999999999999986,,4400.0,39100.0,22.0,0.4399999999999995,5.128205128205122,-0.9966777408637859,1777.2727272727273,8.886363636363637
2026-08-11T05:45:33+00:00,2026-08-11T11:30:33+05:45,2026-08-11,11:30:33,1786427133,1,5,11,nepse_official,OPEN,2026-08-11,SABBL,Salapa Bikas Bank Limited,970.0,1010.3,970.0,,975.0,980.9,-5.899999999999977,,1010.0,994202.0,33.0,40.299999999999955,4.154639175257727,-0.6014884289937789,30127.333333333332,984.3584158415841
2026-08-11T05:45:33+00:00,2026-08-11T11:30:33+05:45,2026-08-11,11:30:33,1786427133,1,5,11,nepse_official,OPEN,2026-08-11,SADBL,Shangrila Development Bank Ltd.,415.0,415.0,405.1,,405.2,408.0,-2.8000000000000114,,476.0,193413.2,4.0,9.899999999999977,2.3855421686746934,-0.6862745098039243,48353.3,406.33025210084037
2026-08-11T05:45:33+00:00,2026-08-11T11:30:33+05:45,2026-08-11,11:30:33,1786427133,1,5,11,nepse_official,OPEN,2026-08-11,SAEF2,Sanima Equity Fund-2,9.1,9.1,9.0,,9.0,9.26,-0.2599999999999998,,900.0,8112.0,8.0,0.09999999999999964,1.098901098901095,-2.8077753779697603,1014.0,9.013333333333334
2026-08-11T05:45:33+00:00,2026-08-11T11:30:33+05:45,2026-08-11,11:30:33,1786427133,1,5,11,nepse_official,OPEN,2026-08-11,SAGAR,Sagar Distillery Limited,1700.0,1725.0,1700.0,,1725.0,1730.0,-5.0,,57.0,97380.0,5.0,25.0,1.4705882352941175,-0.2890173410404624,19476.0,1708.421052631579
2026-08-11T05:45:33+00:00,2026-08-11T11:30:33+05:45,2026-08-11,11:30:33,1786427133,1,5,11,nepse_official,OPEN,2026-08-11,SAGF,Sanima Growth Fund,10.11,10.11,10.11,,10.11,10.11,0.0,,100.0,1011.0,1.0,0.0,0.0,0.0,1011.0,10.11
2026-08-11T05:45:33+00:00,2026-08-11T11:30:33+05:45,2026-08-11,11:30:33,1786427133,1,5,11,nepse_official,OPEN,2026-08-11,SAHAS,Sahas Urja Limited,671.0,673.0,671.0,,673.0,670.3,2.7000000000000455,,2926.0,1968381.0,23.0,2.0,0.29806259314456035,0.4028047143070335,85581.78260869565,672.7207792207793
2026-08-11T05:45:33+00:00,2026-08-11T11:30:33+05:45,2026-08-11,11:30:33,1786427133,1,5,11,nepse_official,OPEN,2026-08-11,SAIL,Shreenagar Agritech Industries Limited,1100.0,1132.0,1100.0,,1120.0,1120.0,0.0,,2917.0,3273352.0,55.0,32.0,2.909090909090909,0.0,59515.490909090906,1122.1638669866302
2026-08-11T05:45:33+00:00,2026-08-11T11:30:33+05:45,2026-08-11,11:30:33,1786427133,1,5,11,nepse_official,OPEN,2026-08-11,SANIMA,Sanima Bank Limited,370.1,370.1,368.0,,370.0,369.8,0.19999999999998863,,2588.0,957398.0,13.0,2.1000000000000227,0.5674142123750399,0.05408328826392337,73646.0,369.9374034003091
2026-08-11T05:45:33+00:00,2026-08-11T11:30:33+05:45,2026-08-11,11:30:33,1786427133,1,5,11,nepse_official,OPEN,2026-08-11,SANVI,Sanvi Energy Limited,580.0,597.4,580.0,,587.0,587.0,0.0,,715.0,419807.0,17.0,17.399999999999977,2.999999999999996,0.0,24694.529411764706,587.1426573426573
2026-08-11T05:45:33+00:00,2026-08-11T11:30:33+05:45,2026-08-11,11:30:33,1786427133,1,5,11,nepse_official,OPEN,2026-08-11,SAPDBL,Saptakoshi Development Bank Ltd,835.0,835.0,786.0,,816.0,835.0,-19.0,,3021.0,2464924.0,30.0,49.0,5.868263473053893,-2.2754491017964074,82164.13333333333,815.9298245614035
2026-08-11T05:45:33+00:00,2026-08-11T11:30:33+05:45,2026-08-11,11:30:33,1786427133,1,5,11,nepse_official,OPEN,2026-08-11,SARBTM,Sarbottam Cement Limited,783.0,783.0,783.0,,783.0,780.0,3.0,,56.0,43848.0,1.0,0.0,0.0,0.38461538461538464,43848.0,783.0
2026-08-11T05:45:33+00:00,2026-08-11T11:30:33+05:45,2026-08-11,11:30:33,1786427133,1,5,11,nepse_official,OPEN,2026-08-11,SBCF,Sunrise Bluechip Fund,9.57,9.57,9.57,,9.57,9.4,0.16999999999999993,,1000.0,9570.0,1.0,0.0,0.0,1.8085106382978715,9570.0,9.57
2026-08-11T05:45:33+00:00,2026-08-11T11:30:33+05:45,2026-08-11,11:30:33,1786427133,1,5,11,nepse_official,OPEN,2026-08-11,SBI,Nepal SBI Bank Limited,401.0,401.0,401.0,,401.0,401.0,0.0,,101.0,40500.0,2.0,0.0,0.0,0.0,20250.0,400.990099009901
2026-08-11T05:45:33+00:00,2026-08-11T11:30:33+05:45,2026-08-11,11:30:33,1786427133,1,5,11,nepse_official,OPEN,2026-08-11,SBL,Siddhartha Bank Limited,405.0,406.0,401.3,,404.1,405.1,-1.0,,2558.0,1036026.1,12.0,4.699999999999989,1.160493827160491,-0.24685262898049865,86335.50833333333,405.01411258795935
2026-08-11T05:45:33+00:00,2026-08-11T11:30:33+05:45,2026-08-11,11:30:33,1786427133,1,5,11,nepse_official,OPEN,2026-08-11,SCB,Standard Chartered Bank Limited,653.0,653.0,650.0,,650.0,643.2,6.7999999999999545,,106.0,69050.0,5.0,3.0,0.45941807044410415,1.0572139303482517,13810.0,651.4150943396227
2026-08-11T05:45:33+00:00,2026-08-11T11:30:33+05:45,2026-08-11,11:30:33,1786427133,1,5,11,nepse_official,OPEN,2026-08-11,SEF2,Siddhartha Equity Fund 2,9.0,9.01,8.93,,9.01,9.25,-0.2400000000000002,,900.0,8078.0,9.0,0.08000000000000007,0.8888888888888897,-2.594594594594597,897.5555555555555,8.975555555555555
2026-08-11T05:45:33+00:00,2026-08-11T11:30:33+05:45,2026-08-11,11:30:33,1786427133,1,5,11,nepse_official,OPEN,2026-08-11,SFEF,Sunrise Focused Equity Fund,9.8,9.8,9.8,,9.8,9.91,-0.10999999999999943,,100.0,980.0,1.0,0.0,0.0,-1.109989909182638,980.0,9.8
2026-08-11T05:45:33+00:00,2026-08-11T11:30:33+05:45,2026-08-11,11:30:33,1786427133,1,5,11,nepse_official,OPEN,2026-08-11,SGHC,Swet-Ganga Hydropower & Construction Limited ,315.0,315.1,310.0,,313.1,312.5,0.6000000000000227,,9060.0,2823054.0,31.0,5.100000000000023,1.6190476190476262,0.19200000000000728,91066.25806451614,311.5953642384106
2026-08-11T05:45:33+00:00,2026-08-11T11:30:33+05:45,2026-08-11,11:30:33,1786427133,1,5,11,nepse_official,OPEN,2026-08-11,SGHL,Sanigad Hydro Limited,527.0,538.59,525.1,,530.0,527.8,2.2000000000000455,,11083.0,5855011.9,408.0,13.490000000000009,2.559772296015182,0.4168245547555979,14350.519362745099,528.2876387259768
2026-08-11T05:45:33+00:00,2026-08-11T11:30:33+05:45,2026-08-11,11:30:33,1786427133,1,5,11,nepse_official,OPEN,2026-08-11,SGIC,Sanima GIC Insurance Limited,430.0,455.0,430.0,,452.0,450.4,1.6000000000000227,,800.0,363191.0,13.0,25.0,5.813953488372093,0.355239786856133,27937.76923076923,453.98875
2026-08-11T05:45:33+00:00,2026-08-11T11:30:33+05:45,2026-08-11,11:30:33,1786427133,1,5,11,nepse_official,OPEN,2026-08-11,SHEL,Singati Hydro Energy Limited,309.0,309.0,303.1,,304.3,304.2,0.10000000000002274,,2273.0,694309.8,15.0,5.899999999999977,1.909385113268601,0.0328731097961942,46287.32,305.4596568411791
2026-08-11T05:45:33+00:00,2026-08-11T11:30:33+05:45,2026-08-11,11:30:33,1786427133,1,5,11,nepse_official,OPEN,2026-08-11,SHINE,Shine Resunga Development Bank Ltd.,418.1,418.1,406.0,,410.0,407.0,3.0,,295.0,122370.5,5.0,12.100000000000023,2.8940444869648463,0.7371007371007371,24474.1,414.8152542372881
2026-08-11T05:45:33+00:00,2026-08-11T11:30:33+05:45,2026-08-11,11:30:33,1786427133,1,5,11,nepse_official,OPEN,2026-08-11,SHIVM,SHIVAM CEMENTS LTD,603.5,636.0,603.5,,635.0,633.3,1.7000000000000455,,4234.0,2680338.0,29.0,32.5,5.385252692626347,0.26843518079899664,92425.44827586207,633.0510155880963
2026-08-11T05:45:33+00:00,2026-08-11T11:30:33+05:45,2026-08-11,11:30:33,1786427133,1,5,11,nepse_official,OPEN,2026-08-11,SHL,Soaltee Hotel Limited,502.0,502.0,502.0,,502.0,498.0,4.0,,400.0,200800.0,1.0,0.0,0.0,0.8032128514056224,200800.0,502.0
2026-08-11T05:45:33+00:00,2026-08-11T11:30:33+05:45,2026-08-11,11:30:33,1786427133,1,5,11,nepse_official,OPEN,2026-08-11,SHPC,Sanima Mai Hydropower Ltd.,495.0,499.9,495.0,,499.9,495.0,4.899999999999977,,5007.0,2484292.0,5.0,4.899999999999977,0.9898989898989854,0.9898989898989854,496858.4,496.1637707209906
2026-08-11T05:45:33+00:00,2026-08-11T11:30:33+05:45,2026-08-11,11:30:33,1786427133,1,5,11,nepse_official,OPEN,2026-08-11,SICL,Shikhar Insurance Co. Ltd.,610.0,610.0,610.0,,610.0,610.2,-0.20000000000004547,,54.0,32886.0,4.0,0.0,0.0,-0.032776138970836685,8221.5,609.0
2026-08-11T05:45:33+00:00,2026-08-11T11:30:33+05:45,2026-08-11,11:30:33,1786427133,1,5,11,nepse_official,OPEN,2026-08-11,SIGS3,Siddhartha Investment Growth Scheme 3,10.95,10.95,10.95,,10.95,10.89,0.05999999999999872,,10000.0,109500.0,1.0,0.0,0.0,0.5509641873278119,109500.0,10.95
2026-08-11T05:45:33+00:00,2026-08-11T11:30:33+05:45,2026-08-11,11:30:33,1786427133,1,5,11,nepse_official,OPEN,2026-08-11,SIKLES,Sikles Hydropower Limited,555.0,555.0,553.2,,553.2,555.2,-2.0,,244.0,135355.2,5.0,1.7999999999999545,0.3243243243243161,-0.36023054755043227,27071.04,554.7344262295082
2026-08-11T05:45:33+00:00,2026-08-11T11:30:33+05:45,2026-08-11,11:30:33,1786427133,1,5,11,nepse_official,OPEN,2026-08-11,SINDU,Sindhu Bikash Bank Ltd,666.0,695.0,666.0,,692.0,691.0,1.0,,323.0,220758.0,9.0,29.0,4.354354354354354,0.1447178002894356,24528.666666666668,683.4613003095975
2026-08-11T05:45:33+00:00,2026-08-11T11:30:33+05:45,2026-08-11,11:30:33,1786427133,1,5,11,nepse_official,OPEN,2026-08-11,SIPD,Shikhar power Development Limited,679.0,690.0,664.0,,680.0,678.9,1.1000000000000227,,270.0,181916.0,26.0,26.0,3.829160530191458,0.16202680807188433,6996.7692307692305,673.762962962963
2026-08-11T05:45:33+00:00,2026-08-11T11:30:33+05:45,2026-08-11,11:30:33,1786427133,1,5,11,nepse_official,OPEN,2026-08-11,SJCL,SANJEN JALAVIDHYUT COMPANY LIMITED,270.0,270.0,270.0,,270.0,270.0,0.0,,60.0,16200.0,3.0,0.0,0.0,0.0,5400.0,270.0
2026-08-11T05:45:33+00:00,2026-08-11T11:30:33+05:45,2026-08-11,11:30:33,1786427133,1,5,11,nepse_official,OPEN,2026-08-11,SJLIC,SuryaJyoti Life Insurance Company Limited,422.0,422.0,409.0,,410.0,410.0,0.0,,4870.0,1997520.0,14.0,13.0,3.080568720379147,0.0,142680.0,410.1683778234086
2026-08-11T05:45:33+00:00,2026-08-11T11:30:33+05:45,2026-08-11,11:30:33,1786427133,1,5,11,nepse_official,OPEN,2026-08-11,SKBBL,Sana Kisan Bikas Laghubitta Bittiya Sanstha Limited,745.0,745.0,744.0,,744.0,747.0,-3.0,,200.0,148820.0,5.0,1.0,0.1342281879194631,-0.4016064257028112,29764.0,744.1
2026-08-11T05:45:33+00:00,2026-08-11T11:30:33+05:45,2026-08-11,11:30:33,1786427133,1,5,11,nepse_official,OPEN,2026-08-11,SKHEL,Suryakunda Hydro Electric Limited,960.0,990.0,960.0,,990.0,980.0,10.0,,385.0,379990.0,8.0,30.0,3.125,1.0204081632653061,47498.75,986.987012987013
2026-08-11T05:45:33+00:00,2026-08-11T11:30:33+05:45,2026-08-11,11:30:33,1786427133,1,5,11,nepse_official,OPEN,2026-08-11,SKHL,Super Khudi Hydropower Limited,890.0,890.0,870.1,,889.8,896.0,-6.2000000000000455,,350.0,308785.0,15.0,19.899999999999977,2.235955056179773,-0.6919642857142908,20585.666666666668,882.2428571428571
2026-08-11T05:45:33+00:00,2026-08-11T11:30:33+05:45,2026-08-11,11:30:33,1786427133,1,5,11,nepse_official,OPEN,2026-08-11,SLBBL,Swarojgar Laghubitta Bittiya Sanstha Ltd.,790.1,792.1,790.1,,792.1,799.0,-6.899999999999977,,23.0,18196.3,2.0,2.0,0.25313251487153526,-0.8635794743429258,9098.15,791.1434782608695
2026-08-11T05:45:33+00:00,2026-08-11T11:30:33+05:45,2026-08-11,11:30:33,1786427133,1,5,11,nepse_official,OPEN,2026-08-11,SLBSL,Samudayik Laghubitta Bittiya Sanstha Limited,962.1,962.1,962.1,,962.1,970.0,-7.899999999999977,,12.0,11545.2,1.0,0.0,0.0,-0.8144329896907193,11545.2,962.1
2026-08-11T05:45:33+00:00,2026-08-11T11:30:33+05:45,2026-08-11,11:30:33,1786427133,1,5,11,nepse_official,OPEN,2026-08-11,SMB,Support Microfinance Bittiya Sanstha Ltd.,1825.0,1830.1,1825.0,,1830.0,1848.0,-18.0,,45.0,82241.0,3.0,5.099999999999909,0.27945205479451557,-0.974025974025974,27413.666666666668,1827.5777777777778
2026-08-11T05:45:33+00:00,2026-08-11T11:30:33+05:45,2026-08-11,11:30:33,1786427133,1,5,11,nepse_official,OPEN,2026-08-11,SMFBS,Swabhimaan Laghubitta Bittiya Sanstha Limited,1538.0,1544.0,1538.0,,1541.0,1500.0,41.0,,75.0,115485.0,5.0,6.0,0.3901170351105332,2.7333333333333334,23097.0,1539.8
2026-08-11T05:45:33+00:00,2026-08-11T11:30:33+05:45,2026-08-11,11:30:33,1786427133,1,5,11,nepse_official,OPEN,2026-08-11,SMH,Super Mai Hydropower Limited,514.0,514.0,508.0,,508.0,507.0,1.0,,1540.0,785682.6,12.0,6.0,1.1673151750972763,0.19723865877712032,65473.549999999996,510.18350649350646
2026-08-11T05:45:33+00:00,2026-08-11T11:30:33+05:45,2026-08-11,11:30:33,1786427133,1,5,11,nepse_official,OPEN,2026-08-11,SMHL,Super Madi Hydropower Limited,493.0,501.0,493.0,,496.0,493.0,3.0,,2602.0,1297749.5,13.0,8.0,1.6227180527383367,0.6085192697768762,99826.88461538461,498.75076863950807
2026-08-11T05:45:33+00:00,2026-08-11T11:30:33+05:45,2026-08-11,11:30:33,1786427133,1,5,11,nepse_official,OPEN,2026-08-11,SMJC,Sagarmatha Jalabidhyut Company Limited,445.0,445.0,442.0,,442.0,445.0,-3.0,,120.0,53100.0,3.0,3.0,0.6741573033707865,-0.6741573033707865,17700.0,442.5
2026-08-11T05:45:33+00:00,2026-08-11T11:30:33+05:45,2026-08-11,11:30:33,1786427133,1,5,11,nepse_official,OPEN,2026-08-11,SNLI,Sun Nepal Life Insurance Company Limited,410.0,415.0,410.0,,412.0,412.0,0.0,,1212.0,497459.0,19.0,5.0,1.2195121951219512,0.0,26182.052631578947,410.44471947194717
2026-08-11T05:45:33+00:00,2026-08-11T11:30:33+05:45,2026-08-11,11:30:33,1786427133,1,5,11,nepse_official,OPEN,2026-08-11,SNORL,Snow Rivers Limited,879.8,945.0,879.8,,927.7,926.1,1.6000000000000227,,410.0,379540.0,40.0,65.20000000000005,7.41077517617641,0.17276751970629767,9488.5,925.7073170731708
2026-08-11T05:45:33+00:00,2026-08-11T11:30:33+05:45,2026-08-11,11:30:33,1786427133,1,5,11,nepse_official,OPEN,2026-08-11,SOHL,Solu Hydropower Limited,680.0,725.0,680.0,,718.0,711.0,7.0,,85496.0,61488274.8,366.0,45.0,6.61764705882353,0.9845288326300985,168000.75081967213,719.1947553101899
2026-08-11T05:45:33+00:00,2026-08-11T11:30:33+05:45,2026-08-11,11:30:33,1786427133,1,5,11,nepse_official,OPEN,2026-08-11,SONA,Sonapur Minerals And Oil Limited,403.0,405.0,402.0,,404.1,407.0,-2.8999999999999773,,610.0,245603.0,15.0,3.0,0.7444168734491315,-0.712530712530707,16373.533333333333,402.627868852459
2026-08-11T05:45:33+00:00,2026-08-11T11:30:33+05:45,2026-08-11,11:30:33,1786427133,1,5,11,nepse_official,OPEN,2026-08-11,SOPL,Sopan Pharmaceuticals Limited,792.0,809.9,790.2,,803.5,796.0,7.5,,1400.0,1123807.0,74.0,19.699999999999932,2.4873737373737286,0.9422110552763818,15186.581081081082,802.7192857142857
2026-08-11T05:45:33+00:00,2026-08-11T11:30:33+05:45,2026-08-11,11:30:33,1786427133,1,5,11,nepse_official,OPEN,2026-08-11,SPC,Samling Power Company Limited,417.0,417.0,417.0,,417.0,418.0,-1.0,,200.0,83400.0,2.0,0.0,0.0,-0.23923444976076555,41700.0,417.0
2026-08-11T05:45:33+00:00,2026-08-11T11:30:33+05:45,2026-08-11,11:30:33,1786427133,1,5,11,nepse_official,OPEN,2026-08-11,SPDL,Synergy Power Development Ltd.,368.0,368.0,368.0,,368.0,372.0,-4.0,,40.0,14720.0,1.0,0.0,0.0,-1.0752688172043012,14720.0,368.0
2026-08-11T05:45:33+00:00,2026-08-11T11:30:33+05:45,2026-08-11,11:30:33,1786427133,1,5,11,nepse_official,OPEN,2026-08-11,SPHL,Sayapatri Hydropower Limited,506.0,524.0,506.0,,510.6,520.0,-9.399999999999977,,2753.0,1435221.0,16.0,18.0,3.557312252964427,-1.8076923076923033,89701.3125,521.3298220123502
2026-08-11T05:45:33+00:00,2026-08-11T11:30:33+05:45,2026-08-11,11:30:33,1786427133,1,5,11,nepse_official,OPEN,2026-08-11,SPIL,Siddhartha Premier Insurance Limited,674.0,674.0,674.0,,674.0,685.5,-11.5,,50.0,33700.0,1.0,0.0,0.0,-1.6776075857038657,33700.0,674.0
2026-08-11T05:45:33+00:00,2026-08-11T11:30:33+05:45,2026-08-11,11:30:33,1786427133,1,5,11,nepse_official,OPEN,2026-08-11,SPL,Shuvam Power Limited,606.4,635.0,606.4,,635.0,638.3,-3.2999999999999545,,920.0,583864.0,9.0,28.600000000000023,4.716358839050136,-0.5169982766724041,64873.77777777778,634.6347826086957
2026-08-11T05:45:33+00:00,2026-08-11T11:30:33+05:45,2026-08-11,11:30:33,1786427133,1,5,11,nepse_official,OPEN,2026-08-11,SRLI,Sanima Reliance Life Insurance Limited,368.0,373.6,368.0,,370.0,368.6,1.3999999999999773,,287.0,106177.3,14.0,5.600000000000023,1.5217391304347887,0.3798155181768793,7584.092857142858,369.9557491289199
2026-08-11T05:45:33+00:00,2026-08-11T11:30:33+05:45,2026-08-11,11:30:33,1786427133,1,5,11,nepse_official,OPEN,2026-08-11,SSHL,Shiva Shree Hydropower Ltd,191.0,204.8,191.0,,201.2,200.5,0.6999999999999886,,8355.0,1697695.0,31.0,13.800000000000011,7.225130890052362,0.34912718204488213,54764.354838709674,203.19509275882706
2026-08-11T05:45:33+00:00,2026-08-11T11:30:33+05:45,2026-08-11,11:30:33,1786427133,1,5,11,nepse_official,OPEN,2026-08-11,SWBBL,Swabalamban Laghubitta Bittiya Sanstha Limited,672.0,679.9,672.0,,679.9,670.0,9.899999999999977,,100.0,67279.0,3.0,7.899999999999977,1.1755952380952348,1.477611940298504,22426.333333333332,672.79
2026-08-11T05:45:33+00:00,2026-08-11T11:30:33+05:45,2026-08-11,11:30:33,1786427133,1,5,11,nepse_official,OPEN,2026-08-11,SWMF,Suryodaya Womi Laghubitta Bittiya Sanstha Limited,649.9,649.9,612.0,,612.0,619.0,-7.0,,52.0,32952.0,4.0,37.89999999999998,5.831666410216953,-1.1308562197092082,8238.0,633.6923076923077
2026-08-11T05:45:33+00:00,2026-08-11T11:30:33+05:45,2026-08-11,11:30:33,1786427133,1,5,11,nepse_official,OPEN,2026-08-11,SYPNL,SY Panel Nepal Limited,1277.0,1355.9,1277.0,,1331.1,1334.0,-2.900000000000091,,2855.0,3796411.6,55.0,78.90000000000009,6.178543461237282,-0.2173913043478329,69025.66545454545,1329.7413660245184
2026-08-11T05:45:33+00:00,2026-08-11T11:30:33+05:45,2026-08-11,11:30:33,1786427133,1,5,11,nepse_official,OPEN,2026-08-11,TAMOR,Sanima Middle Tamor Hydropower Limited,440.1,450.0,440.1,,450.0,450.0,0.0,,440.0,197771.0,8.0,9.899999999999977,2.249488752556232,0.0,24721.375,449.4795454545455
2026-08-11T05:45:33+00:00,2026-08-11T11:30:33+05:45,2026-08-11,11:30:33,1786427133,1,5,11,nepse_official,OPEN,2026-08-11,TPC,Terhathum Power Company Limited,361.5,361.5,361.5,,361.5,361.5,0.0,,10.0,3615.0,1.0,0.0,0.0,0.0,3615.0,361.5
2026-08-11T05:45:33+00:00,2026-08-11T11:30:33+05:45,2026-08-11,11:30:33,1786427133,1,5,11,nepse_official,OPEN,2026-08-11,TPKHL,Taksar Pikhuwa Khola Hydropower Limited,532.5,570.0,532.5,,564.1,560.0,4.100000000000023,,3656.0,2064769.8,128.0,37.5,7.042253521126761,0.7321428571428612,16131.0140625,564.7619803063458
2026-08-11T05:45:33+00:00,2026-08-11T11:30:33+05:45,2026-08-11,11:30:33,1786427133,1,5,11,nepse_official,OPEN,2026-08-11,TSHL,Three Star Hydropower Limited,363.5,369.9,363.5,,369.9,363.0,6.899999999999977,,122.0,45042.4,4.0,6.399999999999977,1.760660247592841,1.9008264462809854,11260.6,369.2
2026-08-11T05:45:33+00:00,2026-08-11T11:30:33+05:45,2026-08-11,11:30:33,1786427133,1,5,11,nepse_official,OPEN,2026-08-11,TTL,Trade Tower Limited,726.3,726.4,722.1,,722.1,731.0,-8.899999999999977,,438.0,318079.4,11.0,4.2999999999999545,0.5920418559823702,-1.2175102599179175,28916.309090909093,726.2086757990868
2026-08-11T05:45:33+00:00,2026-08-11T11:30:33+05:45,2026-08-11,11:30:33,1786427133,1,5,11,nepse_official,OPEN,2026-08-11,TVCL,Trishuli Jal Vidhyut Company Limited ,470.0,482.1,470.0,,482.1,468.1,14.0,,1725.0,827662.0,4.0,12.100000000000023,2.5744680851063877,2.9908139286477247,206915.5,479.8040579710145
2026-08-11T05:45:33+00:00,2026-08-11T11:30:33+05:45,2026-08-11,11:30:33,1786427133,1,5,11,nepse_official,OPEN,2026-08-11,UAIL,United Ajod Insurance Limited,432.0,438.0,432.0,,438.0,432.0,6.0,,647.0,282900.0,7.0,6.0,1.3888888888888888,1.3888888888888888,40414.28571428572,437.2488408037094
2026-08-11T05:45:33+00:00,2026-08-11T11:30:33+05:45,2026-08-11,11:30:33,1786427133,1,5,11,nepse_official,OPEN,2026-08-11,UHEWA,Upper Hewakhola Hydropower Company Limited,598.0,613.9,598.0,,613.8,608.0,5.7999999999999545,,9447.0,5739428.5,91.0,15.899999999999977,2.658862876254177,0.9539473684210452,63070.642857142855,607.5398009950248
2026-08-11T05:45:33+00:00,2026-08-11T11:30:33+05:45,2026-08-11,11:30:33,1786427133,1,5,11,nepse_official,OPEN,2026-08-11,ULBSL,Upakar Laghubitta Bittiya Sanstha Limited,2660.0,2850.0,2660.0,,2690.0,2749.0,-59.0,,60.0,165810.0,6.0,190.0,7.142857142857142,-2.1462349945434704,27635.0,2763.5
2026-08-11T05:45:33+00:00,2026-08-11T11:30:33+05:45,2026-08-11,11:30:33,1786427133,1,5,11,nepse_official,OPEN,2026-08-11,ULHC,Upper Lohore Khola Hydropower Company Limited,365.0,432.0,364.0,,365.0,379.7,-14.699999999999989,,18306.0,6792304.0,57.0,68.0,18.63013698630137,-3.8714774822228044,119163.22807017544,371.0424997268655
2026-08-11T05:45:33+00:00,2026-08-11T11:30:33+05:45,2026-08-11,11:30:33,1786427133,1,5,11,nepse_official,OPEN,2026-08-11,UMHL,United Modi Hydropower Ltd.,570.0,579.5,570.0,,575.1,579.5,-4.399999999999977,,2131.0,1226194.9,12.0,9.5,1.6666666666666667,-0.7592752372735078,102182.90833333333,575.408212106992
2026-08-11T05:45:33+00:00,2026-08-11T11:30:33+05:45,2026-08-11,11:30:33,1786427133,1,5,11,nepse_official,OPEN,2026-08-11,UMRH,United IDI Mardi RB Hydropower Limited.,520.2,530.0,520.2,,530.0,530.0,0.0,,1289.0,683072.0,4.0,9.799999999999955,1.8838908112264425,0.0,170768.0,529.9239720713732
2026-08-11T05:45:33+00:00,2026-08-11T11:30:33+05:45,2026-08-11,11:30:33,1786427133,1,5,11,nepse_official,OPEN,2026-08-11,UNHPL,Union Hydropower Limited,368.0,377.0,368.0,,377.0,374.0,3.0,,481.0,180821.0,9.0,9.0,2.4456521739130435,0.8021390374331552,20091.222222222223,375.9272349272349
2026-08-11T05:45:33+00:00,2026-08-11T11:30:33+05:45,2026-08-11,11:30:33,1786427133,1,5,11,nepse_official,OPEN,2026-08-11,UNLB,Unique Nepal Laghubitta Bittiya Sanstha Limited,1300.0,1300.0,1265.0,,1265.0,1270.0,-5.0,,20.0,25650.0,2.0,35.0,2.6923076923076925,-0.39370078740157477,12825.0,1282.5
2026-08-11T05:45:33+00:00,2026-08-11T11:30:33+05:45,2026-08-11,11:30:33,1786427133,1,5,11,nepse_official,OPEN,2026-08-11,UPCL,UNIVERSAL POWER COMPANY LTD,345.0,351.0,345.0,,351.0,345.0,6.0,,70.0,24212.0,4.0,6.0,1.7391304347826086,1.7391304347826086,6053.0,345.8857142857143
2026-08-11T05:45:33+00:00,2026-08-11T11:30:33+05:45,2026-08-11,11:30:33,1786427133,1,5,11,nepse_official,OPEN,2026-08-11,UPPER,Upper Tamakoshi Hydropower Ltd,191.8,193.9,191.0,,192.0,191.8,0.19999999999998863,,1983.0,379733.0,31.0,2.9000000000000057,1.5119916579770623,0.10427528675703264,12249.451612903225,191.494200706001
2026-08-11T05:45:33+00:00,2026-08-11T11:30:33+05:45,2026-08-11,11:30:33,1786427133,1,5,11,nepse_official,OPEN,2026-08-11,USHEC,Upper Solu Hydro Electric Company Limited,486.4,486.5,486.3,,486.5,497.0,-10.5,,380.0,184798.0,4.0,0.19999999999998863,0.04111842105262924,-2.112676056338028,46199.5,486.31052631578945
2026-08-11T05:45:33+00:00,2026-08-11T11:30:33+05:45,2026-08-11,11:30:33,1786427133,1,5,11,nepse_official,OPEN,2026-08-11,USHL,Upper Syange Hydropower Limited,523.0,555.0,523.0,,555.0,544.9,10.100000000000023,,787.0,423863.0,7.0,32.0,6.118546845124283,1.8535511102954711,60551.857142857145,538.5806861499365
2026-08-11T05:45:33+00:00,2026-08-11T11:30:33+05:45,2026-08-11,11:30:33,1786427133,1,5,11,nepse_official,OPEN,2026-08-11,VLBS,Vijaya laghubitta Bittiya Sanstha Ltd.,655.1,656.1,655.1,,656.1,661.0,-4.899999999999977,,30.0,19667.0,3.0,1.0,0.1526484506182262,-0.7413010590015094,6555.666666666667,655.5666666666667
2026-08-11T05:45:33+00:00,2026-08-11T11:30:33+05:45,2026-08-11,11:30:33,1786427133,1,5,11,nepse_official,OPEN,2026-08-11,VLUCL,Vision Lumbini Urja Company Limited ,435.7,435.7,410.1,,412.0,415.0,-3.0,,600.0,252635.0,8.0,25.599999999999966,5.875602478769788,-0.7228915662650602,31579.375,421.05833333333334
2026-08-11T05:45:33+00:00,2026-08-11T11:30:33+05:45,2026-08-11,11:30:33,1786427133,1,5,11,nepse_official,OPEN,2026-08-11,WNLB,Wean Nepal Laghubitta Bittiya Sanstha Limited,1370.0,1449.0,1370.0,,1410.0,1332.0,78.0,,80.0,112801.0,4.0,79.0,5.766423357664233,5.8558558558558556,28200.25,1410.0125
2026-08-11T05:45:33+00:00,2026-08-11T11:30:33+05:45,2026-08-11,11:30:33,1786427133,1,5,11,nepse_official,OPEN,2026-08-11,YMHL,Yambaling Hydropower Limited,620.0,634.8,618.1,,625.1,624.0,1.1000000000000227,,1980.0,1239957.0,75.0,16.699999999999932,2.693548387096763,0.17628205128205493,16532.76,626.2409090909091
2026-08-11T06:15:34+00:00,2026-08-11T12:00:34+05:45,2026-08-11,12:00:34,1786428934,1,6,12,nepse_official,OPEN,2026-08-11,ADBL,Agricultural Development Bank Limited,302.1,305.9,302.0,,305.9,305.0,0.8999999999999773,,6251.0,1899516.0,54.0,3.8999999999999773,1.290963257199595,0.2950819672131073,35176.22222222222,303.87394016957285
2026-08-11T06:15:34+00:00,2026-08-11T12:00:34+05:45,2026-08-11,12:00:34,1786428934,1,6,12,nepse_official,OPEN,2026-08-11,AHL,Asian Hydropower Limited,410.0,410.2,410.0,,410.2,410.0,0.19999999999998863,,191.0,78342.2,8.0,0.19999999999998863,0.04878048780487528,0.04878048780487528,9792.775,410.1685863874345
2026-08-11T06:15:34+00:00,2026-08-11T12:00:34+05:45,2026-08-11,12:00:34,1786428934,1,6,12,nepse_official,OPEN,2026-08-11,AHPC,Arun Valley Hydropower Development Co. Ltd.,265.0,267.5,265.0,,266.0,265.0,1.0,,3796.0,1012760.9,31.0,2.5,0.9433962264150944,0.37735849056603776,32669.706451612903,266.7968651211802
2026-08-11T06:15:34+00:00,2026-08-11T12:00:34+05:45,2026-08-11,12:00:34,1786428934,1,6,12,nepse_official,OPEN,2026-08-11,AKJCL,Ankhu Khola Jalvidhyut Company Ltd,350.0,371.9,350.0,,369.0,366.9,2.1000000000000227,,79746.0,29427974.0,146.0,21.899999999999977,6.25714285714285,0.5723630417007421,201561.46575342465,369.0213176836456
2026-08-11T06:15:34+00:00,2026-08-11T12:00:34+05:45,2026-08-11,12:00:34,1786428934,1,6,12,nepse_official,OPEN,2026-08-11,AKPL,Arun Kabeli Power Ltd.,252.5,256.5,252.5,,255.0,254.7,0.30000000000001137,,14576.0,3716757.1,47.0,4.0,1.5841584158415842,0.11778563015312578,79079.93829787234,254.99156833150386
2026-08-11T06:15:34+00:00,2026-08-11T12:00:34+05:45,2026-08-11,12:00:34,1786428934,1,6,12,nepse_official,OPEN,2026-08-11,ALBSL,Asha Laghubitta Bittiya Sanstha Ltd,1055.0,1098.0,1055.0,,1093.0,1090.0,3.0,,8250.0,9023022.4,21.0,43.0,4.075829383886256,0.27522935779816515,429667.73333333334,1093.6996848484848
2026-08-11T06:15:34+00:00,2026-08-11T12:00:34+05:45,2026-08-11,12:00:34,1786428934,1,6,12,nepse_official,OPEN,2026-08-11,ALICL,Asian Life Insurance Co. Limited,418.0,423.0,418.0,,423.0,418.0,5.0,,807.0,338935.4,13.0,5.0,1.1961722488038278,1.1961722488038278,26071.953846153847,419.9942998760843
2026-08-11T06:15:34+00:00,2026-08-11T12:00:34+05:45,2026-08-11,12:00:34,1786428934,1,6,12,nepse_official,OPEN,2026-08-11,ANLB,Aatmanirbhar Laghubitta Bittiya Sanstha Limited,5300.0,5790.0,5300.0,,5375.0,5467.0,-92.0,,845.0,4560770.0,39.0,490.0,9.245283018867925,-1.6828242180354855,116942.82051282052,5397.360946745562
2026-08-11T06:15:34+00:00,2026-08-11T12:00:34+05:45,2026-08-11,12:00:34,1786428934,1,6,12,nepse_official,OPEN,2026-08-11,APHL,Appolo Hydropower Limited,820.0,840.0,820.0,,840.0,828.0,12.0,,879.0,726846.1,45.0,20.0,2.4390243902439024,1.4492753623188406,16152.135555555555,826.9011376564277
2026-08-11T06:15:34+00:00,2026-08-11T12:00:34+05:45,2026-08-11,12:00:34,1786428934,1,6,12,nepse_official,OPEN,2026-08-11,API,Api Power Company Ltd.,330.0,330.5,325.1,,329.0,328.5,0.5,,41571.0,13638504.7,145.0,5.399999999999977,1.6363636363636296,0.15220700152207,94058.65310344828,328.0773784609463
2026-08-11T06:15:34+00:00,2026-08-11T12:00:34+05:45,2026-08-11,12:00:34,1786428934,1,6,12,nepse_official,OPEN,2026-08-11,AVYAN,Aviyan Laghubitta Bittiya Sanstha Limited,1042.0,1051.0,1042.0,,1043.0,1051.0,-8.0,,40.0,41870.0,4.0,9.0,0.8637236084452975,-0.7611798287345386,10467.5,1046.75
2026-08-11T06:15:34+00:00,2026-08-11T12:00:34+05:45,2026-08-11,12:00:34,1786428934,1,6,12,nepse_official,OPEN,2026-08-11,BANDIPUR,Bandipur Cablecar and Tourism Limited,675.0,695.0,675.0,,694.0,680.0,14.0,,5165.0,3559255.3,78.0,20.0,2.9629629629629632,2.0588235294117645,45631.4782051282,689.1104162633108
2026-08-11T06:15:34+00:00,2026-08-11T12:00:34+05:45,2026-08-11,12:00:34,1786428934,1,6,12,nepse_official,OPEN,2026-08-11,BARUN,Barun Hydropower Co. Ltd.,320.0,323.3,319.0,,319.0,318.7,0.30000000000001137,,1320.0,422785.0,10.0,4.300000000000011,1.3437500000000036,0.09413241292752161,42278.5,320.2916666666667
2026-08-11T06:15:34+00:00,2026-08-11T12:00:34+05:45,2026-08-11,12:00:34,1786428934,1,6,12,nepse_official,OPEN,2026-08-11,BBC,Bishal Bazar Company Limited,4280.0,4280.0,4280.0,,4280.0,4249.0,31.0,,11.0,47080.0,1.0,0.0,0.0,0.7295834313956225,47080.0,4280.0
2026-08-11T06:15:34+00:00,2026-08-11T12:00:34+05:45,2026-08-11,12:00:34,1786428934,1,6,12,nepse_official,OPEN,2026-08-11,BEDC,Bhugol Energy Development Company Limited,328.6,328.6,320.0,,321.0,319.1,1.8999999999999773,,855.0,274775.2,12.0,8.600000000000023,2.6171637248934942,0.5954246317768653,22897.933333333334,321.37450292397665
2026-08-11T06:15:34+00:00,2026-08-11T12:00:34+05:45,2026-08-11,12:00:34,1786428934,1,6,12,nepse_official,OPEN,2026-08-11,BFC,Best Finance Company Ltd.,502.9,502.9,495.6,,495.8,494.6,1.1999999999999886,,4804.0,2387609.0,29.0,7.2999999999999545,1.451580831179152,0.2426202992317001,82331.3448275862,497.00437135720233
2026-08-11T06:15:34+00:00,2026-08-11T12:00:34+05:45,2026-08-11,12:00:34,1786428934,1,6,12,nepse_official,OPEN,2026-08-11,BGWT,Bhagawati Hydropower Development Company Limited,535.0,543.0,535.0,,543.0,548.0,-5.0,,92.0,49697.0,8.0,8.0,1.4953271028037385,-0.9124087591240875,6212.125,540.1847826086956
2026-08-11T06:15:34+00:00,2026-08-11T12:00:34+05:45,2026-08-11,12:00:34,1786428934,1,6,12,nepse_official,OPEN,2026-08-11,BHCL,Bikash Hydropower Company Limited,490.0,498.0,488.0,,493.0,490.0,3.0,,3347.0,1652678.0,45.0,10.0,2.0408163265306123,0.6122448979591837,36726.177777777775,493.778906483418
2026-08-11T06:15:34+00:00,2026-08-11T12:00:34+05:45,2026-08-11,12:00:34,1786428934,1,6,12,nepse_official,OPEN,2026-08-11,BHDC,Bindhyabasini Hydropower Development Company Limited,426.0,427.0,426.0,,427.0,426.0,1.0,,488.0,208306.5,10.0,1.0,0.2347417840375587,0.2347417840375587,20830.65,426.8575819672131
2026-08-11T06:15:34+00:00,2026-08-11T12:00:34+05:45,2026-08-11,12:00:34,1786428934,1,6,12,nepse_official,OPEN,2026-08-11,BHL,Balephi Hydropower Limited,196.6,211.0,196.6,,208.5,206.9,1.5999999999999943,,8131.0,1692080.2,42.0,14.400000000000006,7.324516785350969,0.7733204446592529,40287.62380952381,208.1023490345591
2026-08-11T06:15:34+00:00,2026-08-11T12:00:34+05:45,2026-08-11,12:00:34,1786428934,1,6,12,nepse_official,OPEN,2026-08-11,BHPL,Barahi Hydropower Public Limited,475.0,487.0,473.1,,476.3,482.5,-6.199999999999989,,255.0,122369.5,6.0,13.899999999999977,2.926315789473679,-1.2849740932642464,20394.916666666668,479.88039215686274
2026-08-11T06:15:34+00:00,2026-08-11T12:00:34+05:45,2026-08-11,12:00:34,1786428934,1,6,12,nepse_official,OPEN,2026-08-11,BJHL,Bhujung Hydropower Limited,637.0,695.0,637.0,,687.0,670.0,17.0,,3655.0,2504876.0,68.0,58.0,9.105180533751962,2.5373134328358207,36836.41176470588,685.3285909712722
2026-08-11T06:15:34+00:00,2026-08-11T12:00:34+05:45,2026-08-11,12:00:34,1786428934,1,6,12,nepse_official,OPEN,2026-08-11,BNHC,Buddha Bhumi Nepal Hydropower Company Limited,267.9,289.9,267.9,,285.0,282.0,3.0,,2243.0,640745.4,19.0,22.0,8.212019410227697,1.0638297872340425,33723.44210526316,285.66446723138654
2026-08-11T06:15:34+00:00,2026-08-11T12:00:34+05:45,2026-08-11,12:00:34,1786428934,1,6,12,nepse_official,OPEN,2026-08-11,BPCL,Butwal Power Company Limited,650.0,651.0,642.1,,645.0,649.8,-4.7999999999999545,,4100.0,2652669.5,13.0,8.899999999999977,1.369230769230766,-0.7386888273314797,204051.5,646.9925609756098
2026-08-11T06:15:34+00:00,2026-08-11T12:00:34+05:45,2026-08-11,12:00:34,1786428934,1,6,12,nepse_official,OPEN,2026-08-11,BUNGAL,Bungal Hydro Limited,585.0,596.0,585.0,,593.3,584.0,9.299999999999955,,10472.0,6195083.3,84.0,11.0,1.8803418803418803,1.5924657534246496,73750.99166666667,591.5854946524064
2026-08-11T06:15:34+00:00,2026-08-11T12:00:34+05:45,2026-08-11,12:00:34,1786428934,1,6,12,nepse_official,OPEN,2026-08-11,CBBL,Chhimek Laghubitta Bittiya Sanstha Limited,934.0,934.0,930.0,,930.0,930.0,0.0,,1243.0,1157030.8,19.0,4.0,0.4282655246252677,0.0,60896.357894736844,930.8373290426388
2026-08-11T06:15:34+00:00,2026-08-11T12:00:34+05:45,2026-08-11,12:00:34,1786428934,1,6,12,nepse_official,OPEN,2026-08-11,CFCL,Central Finance Co. Ltd.,648.1,659.7,648.1,,658.8,656.5,2.2999999999999545,,5292.0,3469763.8,31.0,11.600000000000023,1.7898472457954056,0.35034272658034343,111927.86451612903,655.6620937263795
2026-08-11T06:15:34+00:00,2026-08-11T12:00:34+05:45,2026-08-11,12:00:34,1786428934,1,6,12,nepse_official,OPEN,2026-08-11,CGH,Chandragiri Hills Limited,779.9,795.1,779.9,,793.0,779.9,13.100000000000023,,160.0,126491.0,5.0,15.200000000000045,1.9489678163867221,1.6797025259648701,25298.2,790.56875
2026-08-11T06:15:34+00:00,2026-08-11T12:00:34+05:45,2026-08-11,12:00:34,1786428934,1,6,12,nepse_official,OPEN,2026-08-11,CHCL,Chilime Hydropower Company Limited,490.0,490.0,482.1,,486.0,484.0,2.0,,1385.0,669818.2,14.0,7.899999999999977,1.612244897959179,0.4132231404958678,47844.15714285714,483.62324909747286
2026-08-11T06:15:34+00:00,2026-08-11T12:00:34+05:45,2026-08-11,12:00:34,1786428934,1,6,12,nepse_official,OPEN,2026-08-11,CHDC,CEDB Holdings Limited,2170.0,2180.0,2170.0,,2180.0,2165.5,14.5,,463.0,1007976.0,9.0,10.0,0.4608294930875576,0.6695913184022166,111997.33333333333,2177.0539956803455
2026-08-11T06:15:34+00:00,2026-08-11T12:00:34+05:45,2026-08-11,12:00:34,1786428934,1,6,12,nepse_official,OPEN,2026-08-11,CHL,Chhyangdi Hydropower Ltd.,260.0,270.0,260.0,,268.2,267.9,0.30000000000001137,,1131.0,303566.0,12.0,10.0,3.8461538461538463,0.11198208286674557,25297.166666666668,268.4049513704686
2026-08-11T06:15:34+00:00,2026-08-11T12:00:34+05:45,2026-08-11,12:00:34,1786428934,1,6,12,nepse_official,OPEN,2026-08-11,CIT,Citizen Investment Trust,1700.0,1710.0,1700.0,,1702.1,1700.0,2.099999999999909,,450.0,767219.9,6.0,10.0,0.5882352941176471,0.12352941176470053,127869.98333333334,1704.9331111111112
2026-08-11T06:15:34+00:00,2026-08-11T12:00:34+05:45,2026-08-11,12:00:34,1786428934,1,6,12,nepse_official,OPEN,2026-08-11,CITY,City Hotel Limited,365.0,400.0,365.0,,372.0,367.0,5.0,,8267.0,3074123.6,63.0,35.0,9.58904109589041,1.3623978201634876,48795.6126984127,371.8547961775735
2026-08-11T06:15:34+00:00,2026-08-11T12:00:34+05:45,2026-08-11,12:00:34,1786428934,1,6,12,nepse_official,OPEN,2026-08-11,CKHL,Chirkhwa Hydropower Limited ,565.0,621.6,565.0,,603.0,581.0,22.0,,400.0,234679.0,12.0,56.60000000000002,10.017699115044252,3.7865748709122204,19556.583333333332,586.6975
2026-08-11T06:15:34+00:00,2026-08-11T12:00:34+05:45,2026-08-11,12:00:34,1786428934,1,6,12,nepse_official,OPEN,2026-08-11,CLI,Citizen Life Insurance Company Limited,435.2,439.9,435.0,,436.6,440.0,-3.3999999999999773,,288.0,125777.9,24.0,4.899999999999977,1.1259191176470535,-0.7727272727272676,5240.745833333333,436.7288194444444
2026-08-11T06:15:34+00:00,2026-08-11T12:00:34+05:45,2026-08-11,12:00:34,1786428934,1,6,12,nepse_official,OPEN,2026-08-11,CORBL,Corporate Development Bank Limited,1150.0,1190.0,1120.0,,1166.0,1155.2,10.799999999999955,,15244.0,17885742.0,298.0,70.0,6.086956521739131,0.9349030470914088,60019.26845637584,1173.297166098137
2026-08-11T06:15:34+00:00,2026-08-11T12:00:34+05:45,2026-08-11,12:00:34,1786428934,1,6,12,nepse_official,OPEN,2026-08-11,CREST,Crest Micro Life Insurance Limited,1172.0,1230.0,1160.0,,1193.0,1179.7,13.299999999999955,,8962.0,10545214.5,53.0,70.0,5.972696245733788,1.1274052725269097,198966.31132075473,1176.6586141486275
2026-08-11T06:15:34+00:00,2026-08-11T12:00:34+05:45,2026-08-11,12:00:34,1786428934,1,6,12,nepse_official,OPEN,2026-08-11,CSY,Citizens Santulit Yojana,8.9,9.35,8.9,,9.1,8.88,0.21999999999999886,,700.0,6391.0,7.0,0.4499999999999993,5.05617977528089,2.477477477477464,913.0,9.13
2026-08-11T06:15:34+00:00,2026-08-11T12:00:34+05:45,2026-08-11,12:00:34,1786428934,1,6,12,nepse_official,OPEN,2026-08-11,CZBIL,Citizens Bank International Limited,200.0,203.0,200.0,,201.0,200.2,0.8000000000000114,,4479.0,899347.0,17.0,3.0,1.5,0.39960039960040533,52902.76470588235,200.7919178388033
2026-08-11T06:15:34+00:00,2026-08-11T12:00:34+05:45,2026-08-11,12:00:34,1786428934,1,6,12,nepse_official,OPEN,2026-08-11,DDBL,Deprosc Laghubitta Bittiya Sanstha Limited,840.0,845.0,840.0,,844.9,840.0,4.899999999999977,,180.0,151743.0,5.0,5.0,0.5952380952380952,0.5833333333333306,30348.6,843.0166666666667
2026-08-11T06:15:34+00:00,2026-08-11T12:00:34+05:45,2026-08-11,12:00:34,1786428934,1,6,12,nepse_official,OPEN,2026-08-11,DHEL,Daramkhola Hydro Energy Limited,608.2,626.0,608.2,,620.1,620.0,0.10000000000002274,,6614.0,4106306.2,135.0,17.799999999999955,2.9266688589279766,0.016129032258068183,30417.082962962966,620.850650136075
2026-08-11T06:15:34+00:00,2026-08-11T12:00:34+05:45,2026-08-11,12:00:34,1786428934,1,6,12,nepse_official,OPEN,2026-08-11,DLBS,Dhaulagiri Laghubitta Bittiya Sanstha Limited,1160.0,1161.0,1160.0,,1160.0,1180.0,-20.0,,165.0,191450.0,5.0,1.0,0.08620689655172414,-1.694915254237288,38290.0,1160.3030303030303
2026-08-11T06:15:34+00:00,2026-08-11T12:00:34+05:45,2026-08-11,12:00:34,1786428934,1,6,12,nepse_official,OPEN,2026-08-11,DOLTI,Dolti Power Company Limited,320.0,320.0,318.7,,319.4,320.0,-0.6000000000000227,,2884.0,921533.6,11.0,1.3000000000000114,0.40625000000000355,-0.1875000000000071,83775.78181818181,319.5331484049931
2026-08-11T06:15:34+00:00,2026-08-11T12:00:34+05:45,2026-08-11,12:00:34,1786428934,1,6,12,nepse_official,OPEN,2026-08-11,DORDI,Dordi Khola Jal Bidyut Company Limited,250.0,251.0,249.7,,250.3,249.9,0.4000000000000057,,260.0,65118.0,11.0,1.3000000000000114,0.5200000000000046,0.16006402561024635,5919.818181818182,250.45384615384614
2026-08-11T06:15:34+00:00,2026-08-11T12:00:34+05:45,2026-08-11,12:00:34,1786428934,1,6,12,nepse_official,OPEN,2026-08-11,EBL,Everest Bank Limited,715.0,724.9,715.0,,724.0,715.0,9.0,,4593.0,3311771.3,43.0,9.899999999999977,1.3846153846153815,1.2587412587412588,77017.93720930233,721.0475288482473
2026-08-11T06:15:34+00:00,2026-08-11T12:00:34+05:45,2026-08-11,12:00:34,1786428934,1,6,12,nepse_official,OPEN,2026-08-11,EBLD86,Everest Bank Limited,1050.8,1050.8,1050.8,,1050.8,1081.0,-30.200000000000045,,25.0,26270.0,1.0,0.0,0.0,-2.7937095282146203,26270.0,1050.8
2026-08-11T06:15:34+00:00,2026-08-11T12:00:34+05:45,2026-08-11,12:00:34,1786428934,1,6,12,nepse_official,OPEN,2026-08-11,ECL,Everest Colour Limited,1577.0,1600.4,1528.1,,1535.0,1584.0,-49.0,,9844.0,15380006.5,490.0,72.30000000000018,4.584654407102104,-3.0934343434343434,31387.76836734694,1562.3736793986184
2026-08-11T06:15:34+00:00,2026-08-11T12:00:34+05:45,2026-08-11,12:00:34,1786428934,1,6,12,nepse_official,OPEN,2026-08-11,EDBL,Excel Development Bank Ltd.,580.0,580.0,580.0,,580.0,580.0,0.0,,2.0,1130.0,1.0,0.0,0.0,0.0,1130.0,565.0
2026-08-11T06:15:34+00:00,2026-08-11T12:00:34+05:45,2026-08-11,12:00:34,1786428934,1,6,12,nepse_official,OPEN,2026-08-11,EHPL,Eastern Hydropower Limited,355.9,355.9,336.0,,344.0,339.0,5.0,,190.0,64591.0,9.0,19.899999999999977,5.591458274796285,1.4749262536873156,7176.777777777777,339.9526315789474
2026-08-11T06:15:34+00:00,2026-08-11T12:00:34+05:45,2026-08-11,12:00:34,1786428934,1,6,12,nepse_official,OPEN,2026-08-11,ENL,Emerging Nepal Limited,782.0,782.0,782.0,,782.0,797.9,-15.899999999999977,,10.0,7820.0,1.0,0.0,0.0,-1.9927309186614834,7820.0,782.0
2026-08-11T06:15:34+00:00,2026-08-11T12:00:34+05:45,2026-08-11,12:00:34,1786428934,1,6,12,nepse_official,OPEN,2026-08-11,FMDBL,First Micro Finance Laghubitta Bittiya Sanstha Limited,850.0,850.0,801.0,,824.0,817.0,7.0,,39840.0,33075035.2,231.0,49.0,5.764705882352941,0.8567931456548347,143181.97056277056,830.1966666666666
2026-08-11T06:15:34+00:00,2026-08-11T12:00:34+05:45,2026-08-11,12:00:34,1786428934,1,6,12,nepse_official,OPEN,2026-08-11,FOWAD,Forward Microfinance Laghubitta Bittiya Sanstha Limited,950.0,950.0,932.0,,933.1,945.0,-11.899999999999977,,90.0,84262.0,4.0,18.0,1.8947368421052633,-1.2592592592592569,21065.5,936.2444444444444
2026-08-11T06:15:34+00:00,2026-08-11T12:00:34+05:45,2026-08-11,12:00:34,1786428934,1,6,12,nepse_official,OPEN,2026-08-11,GBBD85,"Garima Debenture, 2085",1058.6,1058.6,1058.6,,1058.6,1045.5,13.099999999999909,,25.0,26465.0,1.0,0.0,0.0,1.2529890004782314,26465.0,1058.6
2026-08-11T06:15:34+00:00,2026-08-11T12:00:34+05:45,2026-08-11,12:00:34,1786428934,1,6,12,nepse_official,OPEN,2026-08-11,GBBL,Garima Bikas Bank Limited,418.0,421.0,418.0,,419.1,418.6,0.5,,1684.0,705846.2,14.0,3.0,0.7177033492822966,0.11944577161968466,50417.58571428571,419.1485748218527
2026-08-11T06:15:34+00:00,2026-08-11T12:00:34+05:45,2026-08-11,12:00:34,1786428934,1,6,12,nepse_official,OPEN,2026-08-11,GBIME,Global IME Bank Limited,238.5,255.0,238.5,,252.0,251.0,1.0,,13600.0,3423803.5,77.0,16.5,6.918238993710692,0.398406374501992,44464.98051948052,251.7502573529412
2026-08-11T06:15:34+00:00,2026-08-11T12:00:34+05:45,2026-08-11,12:00:34,1786428934,1,6,12,nepse_official,OPEN,2026-08-11,GBIMESY2,Global IME Sammunat Yojana -2,9.0,9.03,9.0,,9.03,9.25,-0.22000000000000064,,300.0,2703.0,3.0,0.02999999999999936,0.33333333333332626,-2.378378378378385,901.0,9.01
2026-08-11T06:15:34+00:00,2026-08-11T12:00:34+05:45,2026-08-11,12:00:34,1786428934,1,6,12,nepse_official,OPEN,2026-08-11,GBLBS,Grameen Bikas Laghubitta Bittiya Sanstha Ltd.,775.9,775.9,752.7,,752.7,739.0,13.700000000000045,,34.0,25711.3,3.0,23.199999999999932,2.990076040726889,1.853856562922875,8570.433333333332,756.214705882353
2026-08-11T06:15:34+00:00,2026-08-11T12:00:34+05:45,2026-08-11,12:00:34,1786428934,1,6,12,nepse_official,OPEN,2026-08-11,GCIL,Ghorahi Cement Industry Limited,344.0,346.0,344.0,,346.0,345.1,0.8999999999999773,,239.0,82562.2,25.0,2.0,0.5813953488372093,0.2607939727615118,3302.488,345.44853556485356
2026-08-11T06:15:34+00:00,2026-08-11T12:00:34+05:45,2026-08-11,12:00:34,1786428934,1,6,12,nepse_official,OPEN,2026-08-11,GFCL,Goodwill Finance Limited,605.0,605.0,603.0,,603.0,600.0,3.0,,964.0,582904.0,10.0,2.0,0.3305785123966942,0.5,58290.4,604.6721991701245
2026-08-11T06:15:34+00:00,2026-08-11T12:00:34+05:45,2026-08-11,12:00:34,1786428934,1,6,12,nepse_official,OPEN,2026-08-11,GHL,Ghalemdi Hydro Limited,233.9,233.9,229.6,,229.6,229.8,-0.20000000000001705,,5575.0,1286013.4,23.0,4.300000000000011,1.8383924754168497,-0.08703220191471586,55913.626086956516,230.67504932735423
2026-08-11T06:15:34+00:00,2026-08-11T12:00:34+05:45,2026-08-11,12:00:34,1786428934,1,6,12,nepse_official,OPEN,2026-08-11,GIBF1,Global IME Balanced Fund-1,10.7,10.7,10.7,,10.7,11.0,-0.3000000000000007,,100.0,1070.0,1.0,0.0,0.0,-2.7272727272727337,1070.0,10.7
2026-08-11T06:15:34+00:00,2026-08-11T12:00:34+05:45,2026-08-11,12:00:34,1786428934,1,6,12,nepse_official,OPEN,2026-08-11,GILB,Global IME Laghubitta Bittiya Sanstha Ltd.,1065.0,1065.0,1065.0,,1065.0,1088.0,-23.0,,16.0,17040.0,1.0,0.0,0.0,-2.1139705882352944,17040.0,1065.0
2026-08-11T06:15:34+00:00,2026-08-11T12:00:34+05:45,2026-08-11,12:00:34,1786428934,1,6,12,nepse_official,OPEN,2026-08-11,GLBSL,Gurans Laghubitta Bittiya Sanstha Limited,1755.0,1755.0,1755.0,,1755.0,1785.0,-30.0,,100.0,175500.0,2.0,0.0,0.0,-1.680672268907563,87750.0,1755.0
2026-08-11T06:15:34+00:00,2026-08-11T12:00:34+05:45,2026-08-11,12:00:34,1786428934,1,6,12,nepse_official,OPEN,2026-08-11,GLH,GreenLife Hydropower Limited,257.1,260.0,257.1,,258.1,257.6,0.5,,4070.0,1053429.7,36.0,2.8999999999999773,1.1279657720731144,0.19409937888198756,29261.93611111111,258.82793611793613
2026-08-11T06:15:34+00:00,2026-08-11T12:00:34+05:45,2026-08-11,12:00:34,1786428934,1,6,12,nepse_official,OPEN,2026-08-11,GMFBS,Ganapati Laghubitta Bittiya Sanstha Limited,1205.0,1205.0,1205.0,,1205.0,1174.0,31.0,,10.0,12050.0,1.0,0.0,0.0,2.6405451448040886,12050.0,1205.0
2026-08-11T06:15:34+00:00,2026-08-11T12:00:34+05:45,2026-08-11,12:00:34,1786428934,1,6,12,nepse_official,OPEN,2026-08-11,GMFIL,Guheshowori Merchant Bank & Finance Co. Ltd.,457.0,457.0,457.0,,457.0,457.0,0.0,,10.0,4570.0,1.0,0.0,0.0,0.0,4570.0,457.0
2026-08-11T06:15:34+00:00,2026-08-11T12:00:34+05:45,2026-08-11,12:00:34,1786428934,1,6,12,nepse_official,OPEN,2026-08-11,GMLI,Guardian Micro Life Insurance Limited ,1086.0,1161.6,1011.0,,1092.1,1100.0,-7.900000000000091,,588.0,640420.0,25.0,150.5999999999999,13.867403314917118,-0.7181818181818265,25616.8,1089.1496598639455
2026-08-11T06:15:34+00:00,2026-08-11T12:00:34+05:45,2026-08-11,12:00:34,1786428934,1,6,12,nepse_official,OPEN,2026-08-11,GRDBL,Green Development Bank Ltd.,1090.0,1090.0,1030.0,,1061.9,1059.0,2.900000000000091,,834.0,897512.4,17.0,60.0,5.5045871559633035,0.27384324834750623,52794.84705882353,1076.1539568345324
2026-08-11T06:15:34+00:00,2026-08-11T12:00:34+05:45,2026-08-11,12:00:34,1786428934,1,6,12,nepse_official,OPEN,2026-08-11,GSY,Garima Samriddhi Yojana,9.5,9.5,9.45,,9.45,9.51,-0.0600000000000005,,1210.0,11455.0,7.0,0.05000000000000071,0.5263157894736916,-0.630914826498428,1636.4285714285713,9.46694214876033
2026-08-11T06:15:34+00:00,2026-08-11T12:00:34+05:45,2026-08-11,12:00:34,1786428934,1,6,12,nepse_official,OPEN,2026-08-11,GUFL,Gurkhas Finance Ltd.,573.0,575.0,561.0,,572.0,560.4,11.600000000000023,,4302.0,2457583.0,25.0,14.0,2.4432809773123907,2.069950035688798,98303.32,571.2652254765226
2026-08-11T06:15:34+00:00,2026-08-11T12:00:34+05:45,2026-08-11,12:00:34,1786428934,1,6,12,nepse_official,OPEN,2026-08-11,GVL,Green Ventures Limited,473.0,480.0,473.0,,478.1,480.0,-1.8999999999999773,,86.0,41063.0,8.0,7.0,1.4799154334038054,-0.3958333333333286,5132.875,477.4767441860465
2026-08-11T06:15:34+00:00,2026-08-11T12:00:34+05:45,2026-08-11,12:00:34,1786428934,1,6,12,nepse_official,OPEN,2026-08-11,HATHY,Hathway Investment Nepal Limited,646.0,705.0,646.0,,686.1,680.0,6.100000000000023,,4705.0,3225617.1,43.0,59.0,9.13312693498452,0.897058823529415,75014.3511627907,685.572178533475
2026-08-11T06:15:34+00:00,2026-08-11T12:00:34+05:45,2026-08-11,12:00:34,1786428934,1,6,12,nepse_official,OPEN,2026-08-11,HBL,Himalayan Bank Limited,190.0,197.0,190.0,,195.8,194.8,1.0,,6626.0,1300958.6,94.0,7.0,3.684210526315789,0.5133470225872689,13839.98510638298,196.3414729852098
2026-08-11T06:15:34+00:00,2026-08-11T12:00:34+05:45,2026-08-11,12:00:34,1786428934,1,6,12,nepse_official,OPEN,2026-08-11,HDHPC,Himal Dolakha Hydropower Company Limited,207.0,211.0,205.0,,208.7,207.0,1.6999999999999886,,17449.0,3639730.1,70.0,6.0,2.898550724637681,0.8212560386473375,51996.14428571429,208.59247521347928
2026-08-11T06:15:34+00:00,2026-08-11T12:00:34+05:45,2026-08-11,12:00:34,1786428934,1,6,12,nepse_official,OPEN,2026-08-11,HDL,Himalayan Distillery Limited,1164.0,1174.0,1164.0,,1166.0,1165.1,0.900000000000091,,3308.0,3857313.0,49.0,10.0,0.859106529209622,0.07724658827569231,78720.67346938775,1166.0559250302297
2026-08-11T06:15:34+00:00,2026-08-11T12:00:34+05:45,2026-08-11,12:00:34,1786428934,1,6,12,nepse_official,OPEN,2026-08-11,HEI,Himalayan Everest Insurance Limited,542.9,542.9,542.9,,542.9,531.0,11.899999999999977,,10.0,5429.0,1.0,0.0,0.0,2.2410546139359657,5429.0,542.9
2026-08-11T06:15:34+00:00,2026-08-11T12:00:34+05:45,2026-08-11,12:00:34,1786428934,1,6,12,nepse_official,OPEN,2026-08-11,HFIN,Hotel Forest Inn Limited,687.0,698.0,687.0,,692.1,686.3,5.800000000000068,,4107.0,2845902.0,108.0,11.0,1.6011644832605532,0.8451114672883678,26350.944444444445,692.9393718042367
2026-08-11T06:15:34+00:00,2026-08-11T12:00:34+05:45,2026-08-11,12:00:34,1786428934,1,6,12,nepse_official,OPEN,2026-08-11,HHL,Himalayan Hydropower Limited,344.0,344.0,333.8,,334.2,334.9,-0.6999999999999886,,1070.0,358795.5,17.0,10.199999999999989,2.9651162790697643,-0.20901761719916054,21105.617647058825,335.3228971962617
2026-08-11T06:15:34+00:00,2026-08-11T12:00:34+05:45,2026-08-11,12:00:34,1786428934,1,6,12,nepse_official,OPEN,2026-08-11,HIDCL,Hydorelectricity Investment and Development Company Ltd,265.5,265.5,252.0,,252.5,253.0,-0.5,,7688.0,1953646.7,31.0,13.5,5.084745762711865,-0.1976284584980237,63020.86129032258,254.11637617065557
2026-08-11T06:15:34+00:00,2026-08-11T12:00:34+05:45,2026-08-11,12:00:34,1786428934,1,6,12,nepse_official,OPEN,2026-08-11,HIDCLP,Hydorelectricity Investment and Development Company Limited Promoter,189.5,189.5,188.2,,188.2,187.0,1.1999999999999886,,6145.0,1159359.8,17.0,1.3000000000000114,0.6860158311345707,0.641711229946518,68197.63529411764,188.66717656631408
2026-08-11T06:15:34+00:00,2026-08-11T12:00:34+05:45,2026-08-11,12:00:34,1786428934,1,6,12,nepse_official,OPEN,2026-08-11,HIMSTAR,Him Star Urja Company Limited,682.1,711.0,682.0,,700.0,693.0,7.0,,990.0,689595.0,21.0,29.0,4.251576015247031,1.0101010101010102,32837.857142857145,696.560606060606
2026-08-11T06:15:34+00:00,2026-08-11T12:00:34+05:45,2026-08-11,12:00:34,1786428934,1,6,12,nepse_official,OPEN,2026-08-11,HLI,Himalayan Life Insurance Limited,316.1,320.0,316.1,,318.2,317.0,1.1999999999999886,,3784.0,1206679.0,55.0,3.8999999999999773,1.233786776336595,0.37854889589905005,21939.618181818183,318.889799154334
2026-08-11T06:15:34+00:00,2026-08-11T12:00:34+05:45,2026-08-11,12:00:34,1786428934,1,6,12,nepse_official,OPEN,2026-08-11,HLICF,HLI Large Cap Fund,8.47,8.47,8.47,,8.47,8.72,-0.25,,200.0,1694.0,2.0,0.0,0.0,-2.86697247706422,847.0,8.47
2026-08-11T06:15:34+00:00,2026-08-11T12:00:34+05:45,2026-08-11,12:00:34,1786428934,1,6,12,nepse_official,OPEN,2026-08-11,HPPL,Himalayan Power Partner Ltd.,370.0,390.0,370.0,,380.0,382.0,-2.0,,47990.0,18226854.8,34.0,20.0,5.405405405405405,-0.5235602094240838,536083.9647058824,379.80526776411756
2026-08-11T06:15:34+00:00,2026-08-11T12:00:34+05:45,2026-08-11,12:00:34,1786428934,1,6,12,nepse_official,OPEN,2026-08-11,HRL,Himalayan Reinsurance Limited,583.0,587.0,580.0,,582.3,578.0,4.2999999999999545,,4689.0,2731692.8,94.0,7.0,1.2006861063464835,0.7439446366781929,29060.56170212766,582.5747067605033
2026-08-11T06:15:34+00:00,2026-08-11T12:00:34+05:45,2026-08-11,12:00:34,1786428934,1,6,12,nepse_official,OPEN,2026-08-11,HURJA,Himalaya Urja Bikas Company Limited,240.5,241.8,239.0,,239.0,239.0,0.0,,10290.0,2472888.5,43.0,2.8000000000000114,1.164241164241169,0.0,57509.03488372093,240.3195821185617
2026-08-11T06:15:34+00:00,2026-08-11T12:00:34+05:45,2026-08-11,12:00:34,1786428934,1,6,12,nepse_official,OPEN,2026-08-11,ICFC,ICFC Finance Limited,614.9,614.9,600.0,,600.0,599.0,1.0,,31.0,18749.0,3.0,14.899999999999977,2.4231582371117217,0.1669449081803005,6249.666666666667,604.8064516129032
2026-08-11T06:15:34+00:00,2026-08-11T12:00:34+05:45,2026-08-11,12:00:34,1786428934,1,6,12,nepse_official,OPEN,2026-08-11,IGI,IGI Prudential insurance Limited,428.0,430.0,428.0,,430.0,428.0,2.0,,236.0,101277.0,3.0,2.0,0.46728971962616817,0.46728971962616817,33759.0,429.1398305084746
2026-08-11T06:15:34+00:00,2026-08-11T12:00:34+05:45,2026-08-11,12:00:34,1786428934,1,6,12,nepse_official,OPEN,2026-08-11,IHL,Ingwa Hydropower Limited,344.0,344.0,340.1,,342.0,345.0,-3.0,,390.0,133747.0,8.0,3.8999999999999773,1.1337209302325515,-0.8695652173913043,16718.375,342.94102564102565
2026-08-11T06:15:34+00:00,2026-08-11T12:00:34+05:45,2026-08-11,12:00:34,1786428934,1,6,12,nepse_official,OPEN,2026-08-11,ILBS,Infinity Laghubitta Bittiya Sanstha Limited,840.0,890.0,840.0,,890.0,865.0,25.0,,695.0,601310.0,6.0,50.0,5.952380952380952,2.8901734104046244,100218.33333333333,865.1942446043165
2026-08-11T06:15:34+00:00,2026-08-11T12:00:34+05:45,2026-08-11,12:00:34,1786428934,1,6,12,nepse_official,OPEN,2026-08-11,ILI,IME Life Insurance Company Limited,408.0,411.0,406.1,,409.1,408.2,0.9000000000000341,,467.0,191065.6,29.0,4.899999999999977,1.2009803921568571,0.2204801567858976,6588.4689655172415,409.1340471092077
2026-08-11T06:15:34+00:00,2026-08-11T12:00:34+05:45,2026-08-11,12:00:34,1786428934,1,6,12,nepse_official,OPEN,2026-08-11,JBBL,Jyoti Bikas Bank Limited,330.0,340.0,330.0,,340.0,339.0,1.0,,2515.0,854002.0,12.0,10.0,3.0303030303030303,0.2949852507374631,71166.83333333333,339.56341948310137
2026-08-11T06:15:34+00:00,2026-08-11T12:00:34+05:45,2026-08-11,12:00:34,1786428934,1,6,12,nepse_official,OPEN,2026-08-11,JBLB,Jeevan Bikas Laghubitta  Bittya Sanstha Ltd,1255.0,1260.0,1255.0,,1255.0,1255.0,0.0,,576.0,723580.9,17.0,5.0,0.398406374501992,0.0,42563.58235294118,1256.216840277778
2026-08-11T06:15:34+00:00,2026-08-11T12:00:34+05:45,2026-08-11,12:00:34,1786428934,1,6,12,nepse_official,OPEN,2026-08-11,JFL,Janaki Finance Company Limited,385.0,385.0,385.0,,385.0,388.0,-3.0,,178.0,68530.0,2.0,0.0,0.0,-0.7731958762886598,34265.0,385.0
2026-08-11T06:15:34+00:00,2026-08-11T12:00:34+05:45,2026-08-11,12:00:34,1786428934,1,6,12,nepse_official,OPEN,2026-08-11,JHAPA,Jhapa Energy Limited,1070.0,1090.0,1070.0,,1090.0,1070.0,20.0,,150.0,162615.0,9.0,20.0,1.8691588785046727,1.8691588785046727,18068.333333333332,1084.1
2026-08-11T06:15:34+00:00,2026-08-11T12:00:34+05:45,2026-08-11,12:00:34,1786428934,1,6,12,nepse_official,OPEN,2026-08-11,JOSHI,Joshi Hydropower Development Company Ltd,278.0,285.0,276.0,,284.0,277.9,6.100000000000023,,5880.0,1664027.0,35.0,9.0,3.237410071942446,2.1950341849586263,47543.62857142857,282.99778911564624
2026-08-11T06:15:34+00:00,2026-08-11T12:00:34+05:45,2026-08-11,12:00:34,1786428934,1,6,12,nepse_official,OPEN,2026-08-11,KAHL,Kalanga Hydro Limited,537.0,555.2,537.0,,548.4,542.0,6.399999999999977,,14528.0,7981563.5,446.0,18.200000000000045,3.389199255121051,1.180811808118077,17895.882286995515,549.3917607378854
2026-08-11T06:15:34+00:00,2026-08-11T12:00:34+05:45,2026-08-11,12:00:34,1786428934,1,6,12,nepse_official,OPEN,2026-08-11,KBL,Kumari Bank Limited,215.0,217.0,215.0,,216.5,215.0,1.5,,14268.0,3089048.8,72.0,2.0,0.9302325581395349,0.6976744186046512,42903.455555555556,216.50187832912812
2026-08-11T06:15:34+00:00,2026-08-11T12:00:34+05:45,2026-08-11,12:00:34,1786428934,1,6,12,nepse_official,OPEN,2026-08-11,KBSH,Kutheli Bukhari Small Hydropower Limited,960.1,973.0,960.0,,964.0,966.0,-2.0,,1920.0,1856049.2,27.0,13.0,1.3540256223310072,-0.2070393374741201,68742.56296296295,966.6922916666666
2026-08-11T06:15:34+00:00,2026-08-11T12:00:34+05:45,2026-08-11,12:00:34,1786428934,1,6,12,nepse_official,OPEN,2026-08-11,KDBY,Kumari Dhanabriddhi Yojana,10.96,10.96,10.96,,10.96,11.0,-0.03999999999999915,,200.0,2192.0,2.0,0.0,0.0,-0.3636363636363559,1096.0,10.96
2026-08-11T06:15:34+00:00,2026-08-11T12:00:34+05:45,2026-08-11,12:00:34,1786428934,1,6,12,nepse_official,OPEN,2026-08-11,KDL,Kalinchowk Darshan Limited,777.0,798.0,775.0,,775.0,778.0,-3.0,,45.0,35410.0,4.0,23.0,2.9601029601029603,-0.3856041131105398,8852.5,786.8888888888889
2026-08-11T06:15:34+00:00,2026-08-11T12:00:34+05:45,2026-08-11,12:00:34,1786428934,1,6,12,nepse_official,OPEN,2026-08-11,KEF,Kumari Equity Fund,10.61,10.65,10.61,,10.65,10.8,-0.15000000000000036,,1200.0,12736.0,3.0,0.040000000000000924,0.3770028275212151,-1.3888888888888922,4245.333333333333,10.613333333333333
2026-08-11T06:15:34+00:00,2026-08-11T12:00:34+05:45,2026-08-11,12:00:34,1786428934,1,6,12,nepse_official,OPEN,2026-08-11,KHPL,Kalinchock Hydropower Limited,806.2,820.1,800.0,,816.9,806.2,10.699999999999932,,2036.0,1655783.5,53.0,20.100000000000023,2.4931778714959094,1.32721409079632,31241.19811320755,813.2531925343811
2026-08-11T06:15:34+00:00,2026-08-11T12:00:34+05:45,2026-08-11,12:00:34,1786428934,1,6,12,nepse_official,OPEN,2026-08-11,KKHC,Khanikhola Hydropower Co. Ltd.,331.0,331.0,313.0,,318.8,321.8,-3.0,,156202.0,49916537.9,232.0,18.0,5.438066465256798,-0.9322560596643877,215157.49094827587,319.5640126246783
2026-08-11T06:15:34+00:00,2026-08-11T12:00:34+05:45,2026-08-11,12:00:34,1786428934,1,6,12,nepse_official,OPEN,2026-08-11,KMCDB,Kalika Laghubitta Bittiya Sanstha Ltd,807.9,815.0,800.0,,813.0,807.9,5.100000000000023,,880.0,705949.4,21.0,15.0,1.856665428889714,0.6312662458225056,33616.63809523809,802.2152272727272
2026-08-11T06:15:34+00:00,2026-08-11T12:00:34+05:45,2026-08-11,12:00:34,1786428934,1,6,12,nepse_official,OPEN,2026-08-11,KPCL,Kalika power Company Ltd,469.0,469.0,466.0,,466.0,469.0,-3.0,,156.0,72715.0,4.0,3.0,0.6396588486140725,-0.6396588486140725,18178.75,466.12179487179486
2026-08-11T06:15:34+00:00,2026-08-11T12:00:34+05:45,2026-08-11,12:00:34,1786428934,1,6,12,nepse_official,OPEN,2026-08-11,KSBBL,Kamana Sewa Bikas Bank Limited,464.0,471.5,464.0,,470.0,468.0,2.0,,8274.0,3888086.8,19.0,7.5,1.6163793103448276,0.4273504273504274,204636.14736842105,469.91621948271694
2026-08-11T06:15:34+00:00,2026-08-11T12:00:34+05:45,2026-08-11,12:00:34,1786428934,1,6,12,nepse_official,OPEN,2026-08-11,KSY,Kumari Sabal Yojana,9.19,9.19,9.19,,9.19,9.47,-0.28000000000000114,,5900.0,54221.0,3.0,0.0,0.0,-2.956705385427678,18073.666666666668,9.19
2026-08-11T06:15:34+00:00,2026-08-11T12:00:34+05:45,2026-08-11,12:00:34,1786428934,1,6,12,nepse_official,OPEN,2026-08-11,LBBL,Lumbini Bikas Bank Ltd.,485.1,491.0,485.0,,486.5,485.0,1.5,,4848.0,2355242.0,21.0,6.0,1.2368583797155224,0.30927835051546393,112154.38095238095,485.81724422442244
2026-08-11T06:15:34+00:00,2026-08-11T12:00:34+05:45,2026-08-11,12:00:34,1786428934,1,6,12,nepse_official,OPEN,2026-08-11,LEC,Liberty Energy Company Limited,220.9,222.7,220.0,,221.0,218.0,3.0,,8013.0,1774360.3,32.0,2.6999999999999886,1.2222725215029373,1.3761467889908259,55448.759375,221.43520529140147
2026-08-11T06:15:34+00:00,2026-08-11T12:00:34+05:45,2026-08-11,12:00:34,1786428934,1,6,12,nepse_official,OPEN,2026-08-11,LICN,Life Insurance Corporation (Nepal) Limited,770.0,780.0,770.0,,780.0,770.0,10.0,,80.0,61800.0,3.0,10.0,1.2987012987012987,1.2987012987012987,20600.0,772.5
2026-08-11T06:15:34+00:00,2026-08-11T12:00:34+05:45,2026-08-11,12:00:34,1786428934,1,6,12,nepse_official,OPEN,2026-08-11,LLBS,Laxmi Laghubitta Bittiya Sanstha Ltd.,860.0,885.8,840.0,,885.8,866.0,19.799999999999955,,522.0,442705.0,11.0,45.799999999999955,5.3255813953488325,2.2863741339491863,40245.90909090909,848.0938697318007
2026-08-11T06:15:34+00:00,2026-08-11T12:00:34+05:45,2026-08-11,12:00:34,1786428934,1,6,12,nepse_official,OPEN,2026-08-11,LSH12,LS Horizon 12,9.0,9.05,8.91,,8.91,9.05,-0.14000000000000057,,1500.0,13457.0,11.0,0.14000000000000057,1.555555555555562,-1.5469613259668569,1223.3636363636363,8.971333333333334
2026-08-11T06:15:34+00:00,2026-08-11T12:00:34+05:45,2026-08-11,12:00:34,1786428934,1,6,12,nepse_official,OPEN,2026-08-11,LSL,Laxmi Sunrise Bank Limited,219.0,220.7,219.0,,220.2,220.0,0.19999999999998863,,1952.0,429394.3,15.0,1.6999999999999886,0.7762557077625518,0.09090909090908574,28626.286666666667,219.9765881147541
2026-08-11T06:15:34+00:00,2026-08-11T12:00:34+05:45,2026-08-11,12:00:34,1786428934,1,6,12,nepse_official,OPEN,2026-08-11,MABEL,Mabilung Energy Limited,596.0,600.1,595.0,,600.1,594.0,6.100000000000023,,1210.0,721083.0,14.0,5.100000000000023,0.855704697986581,1.0269360269360308,51505.92857142857,595.9363636363636
2026-08-11T06:15:34+00:00,2026-08-11T12:00:34+05:45,2026-08-11,12:00:34,1786428934,1,6,12,nepse_official,OPEN,2026-08-11,MAKAR,Makar Jitumaya Suri Hydropower Limited,446.2,446.2,421.0,,421.0,425.0,-4.0,,13801.0,5820521.5,53.0,25.19999999999999,5.647691618108469,-0.9411764705882352,109821.1603773585,421.7463589594957
2026-08-11T06:15:34+00:00,2026-08-11T12:00:34+05:45,2026-08-11,12:00:34,1786428934,1,6,12,nepse_official,OPEN,2026-08-11,MANDU,Mandu Hydropower Limited,798.0,798.0,790.0,,790.0,800.0,-10.0,,20.0,15880.0,2.0,8.0,1.0025062656641603,-1.25,7940.0,794.0
2026-08-11T06:15:34+00:00,2026-08-11T12:00:34+05:45,2026-08-11,12:00:34,1786428934,1,6,12,nepse_official,OPEN,2026-08-11,MATRI,Matribhumi Lagubitta Bittiya Sanstha Limited,800.0,805.0,800.0,,805.0,802.1,2.8999999999999773,,22.0,17655.0,2.0,5.0,0.625,0.36155092881186596,8827.5,802.5
2026-08-11T06:15:34+00:00,2026-08-11T12:00:34+05:45,2026-08-11,12:00:34,1786428934,1,6,12,nepse_official,OPEN,2026-08-11,MBJC,Madhya Bhotekoshi Jalavidyut Company Limited,261.4,267.0,261.2,,266.0,265.2,0.8000000000000114,,1330.0,352665.2,40.0,5.800000000000011,2.2188217291507315,0.30165912518854127,8816.630000000001,265.1618045112782
2026-08-11T06:15:34+00:00,2026-08-11T12:00:34+05:45,2026-08-11,12:00:34,1786428934,1,6,12,nepse_official,OPEN,2026-08-11,MBL,Machhapuchhre Bank Limited,250.5,255.0,250.5,,251.0,250.3,0.6999999999999886,,7891.0,1991546.0,22.0,4.5,1.7964071856287425,0.27966440271673537,90524.81818181818,252.38195412495247
2026-08-11T06:15:34+00:00,2026-08-11T12:00:34+05:45,2026-08-11,12:00:34,1786428934,1,6,12,nepse_official,OPEN,2026-08-11,MBLEF,MBL Equity Fund,10.21,10.34,10.21,,10.34,10.28,0.0600000000000005,,15700.0,161648.0,12.0,0.129999999999999,1.2732615083251615,0.5836575875486429,13470.666666666666,10.296050955414012
2026-08-11T06:15:34+00:00,2026-08-11T12:00:34+05:45,2026-08-11,12:00:34,1786428934,1,6,12,nepse_official,OPEN,2026-08-11,MCHL,Menchhiyam Hydropower Limited,275.0,276.0,275.0,,276.0,276.0,0.0,,45.0,12400.0,3.0,1.0,0.36363636363636365,0.0,4133.333333333333,275.55555555555554
2026-08-11T06:15:34+00:00,2026-08-11T12:00:34+05:45,2026-08-11,12:00:34,1786428934,1,6,12,nepse_official,OPEN,2026-08-11,MDB,Miteri Development Bank Limited,570.0,580.0,570.0,,580.0,578.0,2.0,,222.0,128540.0,4.0,10.0,1.7543859649122806,0.34602076124567477,32135.0,579.009009009009
2026-08-11T06:15:34+00:00,2026-08-11T12:00:34+05:45,2026-08-11,12:00:34,1786428934,1,6,12,nepse_official,OPEN,2026-08-11,MEHL,Manakamana Engineering Hydropower Limited,288.5,289.0,280.0,,283.0,288.0,-5.0,,1345.0,380182.0,22.0,9.0,3.119584055459272,-1.7361111111111112,17281.0,282.6631970260223
2026-08-11T06:15:34+00:00,2026-08-11T12:00:34+05:45,2026-08-11,12:00:34,1786428934,1,6,12,nepse_official,OPEN,2026-08-11,MEL,Modi Energy Limited,198.7,215.0,198.7,,212.0,209.1,2.9000000000000057,,1893.0,402057.7,25.0,16.30000000000001,8.203321590337199,1.3868962219033982,16082.308,212.39181193872162
2026-08-11T06:15:34+00:00,2026-08-11T12:00:34+05:45,2026-08-11,12:00:34,1786428934,1,6,12,nepse_official,OPEN,2026-08-11,MEN,Mountain Energy Nepal Limited,609.0,610.0,603.8,,606.1,601.0,5.100000000000023,,26125.0,15829909.1,103.0,6.2000000000000455,1.0180623973727496,0.8485856905158108,153688.43786407766,605.9295349282296
2026-08-11T06:15:34+00:00,2026-08-11T12:00:34+05:45,2026-08-11,12:00:34,1786428934,1,6,12,nepse_official,OPEN,2026-08-11,MERO,Mero Microfinance Bittiya Sanstha Ltd.,664.0,664.0,662.0,,662.0,672.0,-10.0,,500.0,331718.0,5.0,2.0,0.30120481927710846,-1.488095238095238,66343.6,663.436
2026-08-11T06:15:34+00:00,2026-08-11T12:00:34+05:45,2026-08-11,12:00:34,1786428934,1,6,12,nepse_official,OPEN,2026-08-11,MFIL,Manjushree Finance Ltd.,755.0,777.5,755.0,,762.0,772.0,-10.0,,625.0,475895.0,19.0,22.5,2.980132450331126,-1.2953367875647668,25047.105263157893,761.432
2026-08-11T06:15:34+00:00,2026-08-11T12:00:34+05:45,2026-08-11,12:00:34,1786428934,1,6,12,nepse_official,OPEN,2026-08-11,MHCL,Molung Hydropower Company Limited,307.5,314.0,307.5,,314.0,310.0,4.0,,200.0,62265.0,6.0,6.5,2.113821138211382,1.2903225806451613,10377.5,311.325
2026-08-11T06:15:34+00:00,2026-08-11T12:00:34+05:45,2026-08-11,12:00:34,1786428934,1,6,12,nepse_official,OPEN,2026-08-11,MHL,Mandakini Hydropower Limited,464.1,468.9,464.1,,468.9,468.0,0.8999999999999773,,70.0,32775.0,4.0,4.7999999999999545,1.0342598577892597,0.19230769230768743,8193.75,468.2142857142857
2026-08-11T06:15:34+00:00,2026-08-11T12:00:34+05:45,2026-08-11,12:00:34,1786428934,1,6,12,nepse_official,OPEN,2026-08-11,MHNL,Mountain Hydro Nepal Limited,238.0,238.0,235.2,,236.3,240.9,-4.599999999999994,,1125.0,265942.0,8.0,2.8000000000000114,1.176470588235299,-1.909506019095058,33242.75,236.39288888888888
2026-08-11T06:15:34+00:00,2026-08-11T12:00:34+05:45,2026-08-11,12:00:34,1786428934,1,6,12,nepse_official,OPEN,2026-08-11,MKCL,Muktinath Krishi Company Limited,1042.5,1082.5,1042.5,,1082.5,1051.0,31.5,,95.0,102224.5,6.0,40.0,3.8369304556354913,2.997145575642245,17037.416666666668,1076.0473684210526
2026-08-11T06:15:34+00:00,2026-08-11T12:00:34+05:45,2026-08-11,12:00:34,1786428934,1,6,12,nepse_official,OPEN,2026-08-11,MKHC,Maya Khola Hydropower Company Limited,272.1,279.1,272.0,,278.0,271.0,7.0,,6369.0,1765796.4,31.0,7.100000000000023,2.609334803381118,2.5830258302583027,56961.17419354838,277.2486104569006
2026-08-11T06:15:34+00:00,2026-08-11T12:00:34+05:45,2026-08-11,12:00:34,1786428934,1,6,12,nepse_official,OPEN,2026-08-11,MKHL,Mai Khola Hydropower Limited,472.0,495.0,472.0,,492.1,496.8,-4.699999999999989,,684.0,335765.0,13.0,23.0,4.872881355932203,-0.9460547504025741,25828.076923076922,490.8845029239766
2026-08-11T06:15:34+00:00,2026-08-11T12:00:34+05:45,2026-08-11,12:00:34,1786428934,1,6,12,nepse_official,OPEN,2026-08-11,MKJC,Mailung Khola Jal Vidhyut Company Limited,455.0,455.0,455.0,,455.0,455.0,0.0,,270.0,122850.0,4.0,0.0,0.0,0.0,30712.5,455.0
2026-08-11T06:15:34+00:00,2026-08-11T12:00:34+05:45,2026-08-11,12:00:34,1786428934,1,6,12,nepse_official,OPEN,2026-08-11,MLBBL,Mithila LaghuBitta Bittiya Sanstha Limited,1110.0,1113.9,1098.0,,1099.1,1121.9,-22.800000000000182,,956.0,1052378.2,24.0,15.900000000000091,1.4324324324324407,-2.032266690435884,43849.09166666667,1100.8140167364015
2026-08-11T06:15:34+00:00,2026-08-11T12:00:34+05:45,2026-08-11,12:00:34,1786428934,1,6,12,nepse_official,OPEN,2026-08-11,MLBL,Mahalaxmi Bikas Bank Ltd.,348.0,351.0,348.0,,349.1,348.0,1.1000000000000227,,1958.0,686611.0,7.0,3.0,0.8620689655172413,0.31609195402299506,98087.28571428571,350.6695607763024
2026-08-11T06:15:34+00:00,2026-08-11T12:00:34+05:45,2026-08-11,12:00:34,1786428934,1,6,12,nepse_official,OPEN,2026-08-11,MLBSL,Mahila Lagubitta Bittiya Sanstha Limited ,1560.0,1560.0,1397.0,,1425.0,1610.0,-185.0,,10327.0,14654916.3,275.0,163.0,10.448717948717949,-11.490683229813664,53290.60472727273,1419.087469739518
2026-08-11T06:15:34+00:00,2026-08-11T12:00:34+05:45,2026-08-11,12:00:34,1786428934,1,6,12,nepse_official,OPEN,2026-08-11,MMF1,Mega Mutual Fund -1,8.73,8.99,8.73,,8.75,8.98,-0.23000000000000043,,4800.0,42218.0,7.0,0.2599999999999998,2.978235967926687,-2.561247216035639,6031.142857142857,8.795416666666666
2026-08-11T06:15:34+00:00,2026-08-11T12:00:34+05:45,2026-08-11,12:00:34,1786428934,1,6,12,nepse_official,OPEN,2026-08-11,MMKJL,Mathillo Mailun Khola Jalvidhyut Limited,440.1,449.0,440.1,,443.0,450.0,-7.0,,140.0,62652.0,5.0,8.899999999999977,2.0222676664394403,-1.5555555555555556,12530.4,447.51428571428573
2026-08-11T06:15:34+00:00,2026-08-11T12:00:34+05:45,2026-08-11,12:00:34,1786428934,1,6,12,nepse_official,OPEN,2026-08-11,MNBBL,Muktinath Bikas Bank Ltd.,365.0,368.0,365.0,,367.0,366.8,0.19999999999998863,,1125.0,413310.9,22.0,3.0,0.821917808219178,0.05452562704470792,18786.859090909093,367.3874666666667
2026-08-11T06:15:34+00:00,2026-08-11T12:00:34+05:45,2026-08-11,12:00:34,1786428934,1,6,12,nepse_official,OPEN,2026-08-11,MNMF1,Muktinath Mutual Fund 1,9.51,9.58,9.51,,9.58,9.56,0.019999999999999574,,400.0,3813.0,3.0,0.07000000000000028,0.7360672975814961,0.20920502092049761,1271.0,9.5325
2026-08-11T06:15:34+00:00,2026-08-11T12:00:34+05:45,2026-08-11,12:00:34,1786428934,1,6,12,nepse_official,OPEN,2026-08-11,MPFL,Multipurpose Finance Company  Limited,615.0,618.0,612.0,,618.0,616.0,2.0,,3230.0,1989210.0,9.0,6.0,0.975609756097561,0.3246753246753247,221023.33333333334,615.8544891640867
2026-08-11T06:15:34+00:00,2026-08-11T12:00:34+05:45,2026-08-11,12:00:34,1786428934,1,6,12,nepse_official,OPEN,2026-08-11,MSHL,Mid Solu Hydropower Limited,606.0,606.0,602.1,,602.1,606.0,-3.8999999999999773,,182.0,109621.2,2.0,3.8999999999999773,0.6435643564356398,-0.6435643564356398,54810.6,602.3142857142857
2026-08-11T06:15:34+00:00,2026-08-11T12:00:34+05:45,2026-08-11,12:00:34,1786428934,1,6,12,nepse_official,OPEN,2026-08-11,NABBC,Narayani Development Bank Limited,806.2,818.7,804.2,,804.2,812.2,-8.0,,4280.0,3461963.0,28.0,14.5,1.7985611510791366,-0.9849790691947795,123641.53571428571,808.8698598130841
2026-08-11T06:15:34+00:00,2026-08-11T12:00:34+05:45,2026-08-11,12:00:34,1786428934,1,6,12,nepse_official,OPEN,2026-08-11,NABIL,Nabil Bank Limited,556.0,556.0,549.0,,552.0,549.4,2.6000000000000227,,4678.0,2579260.4,65.0,7.0,1.2589928057553956,0.47324353840553746,39680.92923076923,551.3596408721676
2026-08-11T06:15:34+00:00,2026-08-11T12:00:34+05:45,2026-08-11,12:00:34,1786428934,1,6,12,nepse_official,OPEN,2026-08-11,NADEP,Nadep Laghubittiya bittya Sanstha Ltd.,731.0,731.0,731.0,,731.0,711.2,19.799999999999955,,15.0,10965.0,1.0,0.0,0.0,2.7840269966254154,10965.0,731.0
2026-08-11T06:15:34+00:00,2026-08-11T12:00:34+05:45,2026-08-11,12:00:34,1786428934,1,6,12,nepse_official,OPEN,2026-08-11,NBF3,Nabil Balanced Fund-3,9.65,9.65,9.54,,9.54,9.65,-0.11000000000000121,,200.0,1919.0,2.0,0.11000000000000121,1.1398963730570073,-1.1398963730570073,959.5,9.595
2026-08-11T06:15:34+00:00,2026-08-11T12:00:34+05:45,2026-08-11,12:00:34,1786428934,1,6,12,nepse_official,OPEN,2026-08-11,NBL,Nepal Bank Limited,266.0,267.5,265.1,,266.0,266.0,0.0,,2004.0,533760.5,19.0,2.3999999999999773,0.9022556390977358,0.0,28092.657894736843,266.34755489021956
2026-08-11T06:15:34+00:00,2026-08-11T12:00:34+05:45,2026-08-11,12:00:34,1786428934,1,6,12,nepse_official,OPEN,2026-08-11,NESDO,NESDO Sambridha Laghubitta Bittiya Sanstha Limited,1450.0,1460.0,1445.0,,1445.0,1458.0,-13.0,,45.0,65440.0,4.0,15.0,1.0344827586206897,-0.8916323731138546,16360.0,1454.2222222222222
2026-08-11T06:15:34+00:00,2026-08-11T12:00:34+05:45,2026-08-11,12:00:34,1786428934,1,6,12,nepse_official,OPEN,2026-08-11,NFS,Nepal Finance Ltd.,565.5,570.0,565.0,,570.0,564.1,5.899999999999977,,1455.0,827895.5,7.0,5.0,0.8841732979664014,1.045913845062928,118270.78571428571,569.0003436426117
2026-08-11T06:15:34+00:00,2026-08-11T12:00:34+05:45,2026-08-11,12:00:34,1786428934,1,6,12,nepse_official,OPEN,2026-08-11,NGPL,Ngadi Group Power Ltd.,409.8,410.5,407.0,,409.9,408.5,1.3999999999999773,,16993.0,6954630.2,46.0,3.5,0.8540751586139581,0.34271725826192834,151187.61304347825,409.26441475901845
2026-08-11T06:15:34+00:00,2026-08-11T12:00:34+05:45,2026-08-11,12:00:34,1786428934,1,6,12,nepse_official,OPEN,2026-08-11,NHDL,Nepal Hydro Developers Ltd.,635.0,635.0,635.0,,635.0,640.0,-5.0,,18.0,11396.0,3.0,0.0,0.0,-0.78125,3798.6666666666665,633.1111111111111
2026-08-11T06:15:34+00:00,2026-08-11T12:00:34+05:45,2026-08-11,12:00:34,1786428934,1,6,12,nepse_official,OPEN,2026-08-11,NHPC,National Hydro Power Company Limited,273.0,278.9,273.0,,276.0,272.2,3.8000000000000114,,48683.0,13464245.7,133.0,5.899999999999977,2.1611721611721526,1.3960323291697325,101234.93007518796,276.5697615183945
2026-08-11T06:15:34+00:00,2026-08-11T12:00:34+05:45,2026-08-11,12:00:34,1786428934,1,6,12,nepse_official,OPEN,2026-08-11,NIBLSTF,NIBL Stable Fund,8.54,8.55,8.54,,8.55,8.54,0.010000000000001563,,700.0,5983.0,3.0,0.010000000000001563,0.11709601873538132,0.11709601873538132,1994.3333333333333,8.547142857142857
2026-08-11T06:15:34+00:00,2026-08-11T12:00:34+05:45,2026-08-11,12:00:34,1786428934,1,6,12,nepse_official,OPEN,2026-08-11,NIBSF2,NIBL Samriddhi Fund -2,8.79,8.87,8.79,,8.87,8.87,0.0,,2400.0,21248.0,3.0,0.08000000000000007,0.9101251422070543,0.0,7082.666666666667,8.853333333333333
2026-08-11T06:15:34+00:00,2026-08-11T12:00:34+05:45,2026-08-11,12:00:34,1786428934,1,6,12,nepse_official,OPEN,2026-08-11,NICA,NIC Asia Bank Ltd.,325.0,328.0,325.0,,327.9,325.0,2.8999999999999773,,1727.0,564536.8,17.0,3.0,0.9230769230769231,0.8923076923076854,33208.04705882353,326.88870874348584
2026-08-11T06:15:34+00:00,2026-08-11T12:00:34+05:45,2026-08-11,12:00:34,1786428934,1,6,12,nepse_official,OPEN,2026-08-11,NICFC,NIC Asia Flexi CAP Fund,9.1,9.1,9.1,,9.1,9.2,-0.09999999999999964,,300.0,2730.0,3.0,0.0,0.0,-1.0869565217391266,910.0,9.1
2026-08-11T06:15:34+00:00,2026-08-11T12:00:34+05:45,2026-08-11,12:00:34,1786428934,1,6,12,nepse_official,OPEN,2026-08-11,NICL,Nepal Insurance Co. Ltd.,509.9,509.9,506.0,,509.4,506.9,2.5,,1108.0,564457.0,5.0,3.8999999999999773,0.7648558540890327,0.49319392385085814,112891.4,509.43772563176896
2026-08-11T06:15:34+00:00,2026-08-11T12:00:34+05:45,2026-08-11,12:00:34,1786428934,1,6,12,nepse_official,OPEN,2026-08-11,NICLBSL,NIC ASIA Laghubitta Bittiya Sanstha Limited,547.0,550.0,547.0,,550.0,545.0,5.0,,220.0,120615.0,6.0,3.0,0.5484460694698354,0.9174311926605505,20102.5,548.25
2026-08-11T06:15:34+00:00,2026-08-11T12:00:34+05:45,2026-08-11,12:00:34,1786428934,1,6,12,nepse_official,OPEN,2026-08-11,NICSF,NIC Asia Select Fund 30,8.6,8.6,8.6,,8.6,8.64,-0.040000000000000924,,100.0,860.0,1.0,0.0,0.0,-0.4629629629629736,860.0,8.6
2026-08-11T06:15:34+00:00,2026-08-11T12:00:34+05:45,2026-08-11,12:00:34,1786428934,1,6,12,nepse_official,OPEN,2026-08-11,NIFRA,Nepal Infrastructure Bank Limited,243.3,247.0,243.3,,244.1,244.0,0.09999999999999432,,8709.0,2132650.7,64.0,3.6999999999999886,1.5207562679819107,0.04098360655737472,33322.6671875,244.87894132506605
2026-08-11T06:15:34+00:00,2026-08-11T12:00:34+05:45,2026-08-11,12:00:34,1786428934,1,6,12,nepse_official,OPEN,2026-08-11,NIFRAUR85/86,NIFRA Uraj Rinpatra7%-2085/86,1010.0,1010.0,1010.0,,1010.0,1033.0,-23.0,,50.0,50500.0,1.0,0.0,0.0,-2.2265246853823815,50500.0,1010.0
2026-08-11T06:15:34+00:00,2026-08-11T12:00:34+05:45,2026-08-11,12:00:34,1786428934,1,6,12,nepse_official,OPEN,2026-08-11,NIL,Neco Insurance Limited,620.0,620.0,619.0,,619.0,612.0,7.0,,20.0,12390.0,2.0,1.0,0.16129032258064516,1.1437908496732025,6195.0,619.5
2026-08-11T06:15:34+00:00,2026-08-11T12:00:34+05:45,2026-08-11,12:00:34,1786428934,1,6,12,nepse_official,OPEN,2026-08-11,NIMB,Nepal Investment Mega Bank Limited,183.3,195.0,183.3,,195.0,192.9,2.0999999999999943,,5277.0,1025187.0,47.0,11.699999999999989,6.382978723404249,1.088646967340588,21812.489361702126,194.27458783399658
2026-08-11T06:15:34+00:00,2026-08-11T12:00:34+05:45,2026-08-11,12:00:34,1786428934,1,6,12,nepse_official,OPEN,2026-08-11,NLG,NLG Insurance Company Ltd.,575.0,579.9,575.0,,579.9,568.0,11.899999999999977,,50.0,28892.1,3.0,4.899999999999977,0.8521739130434743,2.0950704225352075,9630.699999999999,577.842
2026-08-11T06:15:34+00:00,2026-08-11T12:00:34+05:45,2026-08-11,12:00:34,1786428934,1,6,12,nepse_official,OPEN,2026-08-11,NLIC,Nepal Life Insurance Co. Ltd.,738.0,750.0,736.1,,745.0,738.0,7.0,,1661.0,1230655.7,33.0,13.899999999999977,1.8834688346883437,0.9485094850948509,37292.59696969697,740.9125225767609
2026-08-11T06:15:34+00:00,2026-08-11T12:00:34+05:45,2026-08-11,12:00:34,1786428934,1,6,12,nepse_official,OPEN,2026-08-11,NLICL,National Life Insurance Co. Ltd.,568.0,568.0,568.0,,568.0,567.0,1.0,,67.0,38056.0,3.0,0.0,0.0,0.1763668430335097,12685.333333333334,568.0
2026-08-11T06:15:34+00:00,2026-08-11T12:00:34+05:45,2026-08-11,12:00:34,1786428934,1,6,12,nepse_official,OPEN,2026-08-11,NMB,NMB Bank Limited,243.0,243.0,242.0,,243.0,243.0,0.0,,1972.0,478864.8,25.0,1.0,0.411522633744856,0.0,19154.592,242.83204868154158
2026-08-11T06:15:34+00:00,2026-08-11T12:00:34+05:45,2026-08-11,12:00:34,1786428934,1,6,12,nepse_official,OPEN,2026-08-11,NMBHF2,NMB Hybrid Fund L- II,9.56,9.56,9.56,,9.56,9.54,0.02000000000000135,,500.0,4780.0,3.0,0.0,0.0,0.2096436058700351,1593.3333333333333,9.56
2026-08-11T06:15:34+00:00,2026-08-11T12:00:34+05:45,2026-08-11,12:00:34,1786428934,1,6,12,nepse_official,OPEN,2026-08-11,NMBMF,NMB  Microfinance Bittiya Sanstha Ltd.,602.5,602.5,602.5,,602.5,602.5,0.0,,1.0,586.1,1.0,0.0,0.0,0.0,586.1,586.1
2026-08-11T06:15:34+00:00,2026-08-11T12:00:34+05:45,2026-08-11,12:00:34,1786428934,1,6,12,nepse_official,OPEN,2026-08-11,NMFBS,National Laghubitta Bittiya Sanstha Limited,1127.9,1127.9,1127.0,,1127.0,1104.0,23.0,,24.0,27060.6,2.0,0.900000000000091,0.07979430800603697,2.083333333333333,13530.3,1127.5249999999999
2026-08-11T06:15:34+00:00,2026-08-11T12:00:34+05:45,2026-08-11,12:00:34,1786428934,1,6,12,nepse_official,OPEN,2026-08-11,NMIC,Nepal Micro Insurance Company Limited,919.0,919.0,900.0,,904.0,898.0,6.0,,537.0,485918.0,17.0,19.0,2.067464635473341,0.6681514476614699,28583.41176470588,904.8752327746741
2026-08-11T06:15:34+00:00,2026-08-11T12:00:34+05:45,2026-08-11,12:00:34,1786428934,1,6,12,nepse_official,OPEN,2026-08-11,NMLBBL,Nerude Mirmire Laghubitta Bittiya Sanstha Limited,520.0,526.0,519.0,,526.0,519.9,6.100000000000023,,2318.0,1215414.6,14.0,7.0,1.3461538461538463,1.1733025581842706,86815.32857142857,524.3376186367559
2026-08-11T06:15:34+00:00,2026-08-11T12:00:34+05:45,2026-08-11,12:00:34,1786428934,1,6,12,nepse_official,OPEN,2026-08-11,NRIC,Nepal Reinsurance Company Limited,883.0,950.0,883.0,,936.0,929.0,7.0,,968.0,902210.0,21.0,67.0,7.587768969422423,0.7534983853606028,42962.380952380954,932.0351239669421
2026-08-11T06:15:34+00:00,2026-08-11T12:00:34+05:45,2026-08-11,12:00:34,1786428934,1,6,12,nepse_official,OPEN,2026-08-11,NRM,Nepal Republic Media Limited,306.0,310.0,306.0,,308.0,306.4,1.6000000000000227,,224.0,69220.0,9.0,4.0,1.3071895424836601,0.5221932114882581,7691.111111111111,309.01785714285717
2026-08-11T06:15:34+00:00,2026-08-11T12:00:34+05:45,2026-08-11,12:00:34,1786428934,1,6,12,nepse_official,OPEN,2026-08-11,NRN,NRN Infrastructure and Development Limited,1377.1,1389.0,1376.0,,1380.0,1376.0,4.0,,8724.0,12078591.6,39.0,13.0,0.9440127804807205,0.29069767441860467,309707.4769230769,1384.5244841815681
2026-08-11T06:15:34+00:00,2026-08-11T12:00:34+05:45,2026-08-11,12:00:34,1786428934,1,6,12,nepse_official,OPEN,2026-08-11,NSIF2,NMB Sulav Investment Fund - 2,10.66,10.66,10.66,,10.66,10.7,-0.03999999999999915,,100.0,1066.0,1.0,0.0,0.0,-0.3738317757009266,1066.0,10.66
2026-08-11T06:15:34+00:00,2026-08-11T12:00:34+05:45,2026-08-11,12:00:34,1786428934,1,6,12,nepse_official,OPEN,2026-08-11,NSY,Nepal Life Samriddhi Lagani Yojana,9.3,9.3,9.3,,9.3,9.48,-0.17999999999999972,,100.0,930.0,1.0,0.0,0.0,-1.898734177215187,930.0,9.3
2026-08-11T06:15:34+00:00,2026-08-11T12:00:34+05:45,2026-08-11,12:00:34,1786428934,1,6,12,nepse_official,OPEN,2026-08-11,NTC,Nepal Doorsanchar Company Limited,869.9,869.9,867.0,,868.0,860.0,8.0,,70.0,60779.0,5.0,2.8999999999999773,0.3333716519140105,0.9302325581395349,12155.8,868.2714285714286
2026-08-11T06:15:34+00:00,2026-08-11T12:00:34+05:45,2026-08-11,12:00:34,1786428934,1,6,12,nepse_official,OPEN,2026-08-11,NWCL,Nepal Warehousing Company Limited ,700.0,714.0,684.0,,693.9,693.6,0.2999999999999545,,90.0,62756.0,8.0,30.0,4.285714285714286,0.04325259515570278,7844.5,697.2888888888889
2026-08-11T06:15:34+00:00,2026-08-11T12:00:34+05:45,2026-08-11,12:00:34,1786428934,1,6,12,nepse_official,OPEN,2026-08-11,NYADI,Nyadi Hydropower Limited,365.0,375.9,361.2,,368.1,365.0,3.1000000000000227,,460.0,169507.0,12.0,14.699999999999989,4.02739726027397,0.849315068493157,14125.583333333334,368.49347826086955
2026-08-11T06:15:34+00:00,2026-08-11T12:00:34+05:45,2026-08-11,12:00:34,1786428934,1,6,12,nepse_official,OPEN,2026-08-11,OHL,Oriental Hotels Limited,642.0,642.0,642.0,,642.0,651.0,-9.0,,10.0,6420.0,1.0,0.0,0.0,-1.3824884792626728,6420.0,642.0
2026-08-11T06:15:34+00:00,2026-08-11T12:00:34+05:45,2026-08-11,12:00:34,1786428934,1,6,12,nepse_official,OPEN,2026-08-11,OMPL,Om Megashree Pharmaceuticals Limited,905.0,905.0,893.0,,903.0,894.0,9.0,,736.0,664696.0,21.0,12.0,1.3259668508287292,1.006711409395973,31652.190476190477,903.1195652173913
2026-08-11T06:15:34+00:00,2026-08-11T12:00:34+05:45,2026-08-11,12:00:34,1786428934,1,6,12,nepse_official,OPEN,2026-08-11,PBD85,8.75 % Prime Debenture 2085,1091.8,1091.8,1091.8,,1091.8,1060.0,31.799999999999955,,50.0,54590.0,1.0,0.0,0.0,2.9999999999999956,54590.0,1091.8
2026-08-11T06:15:34+00:00,2026-08-11T12:00:34+05:45,2026-08-11,12:00:34,1786428934,1,6,12,nepse_official,OPEN,2026-08-11,PCBL,Prime Commercial Bank Ltd.,239.1,240.0,239.0,,239.0,239.0,0.0,,1975.0,472205.2,17.0,1.0,0.41823504809703055,0.0,27776.776470588236,239.09124050632911
2026-08-11T06:15:34+00:00,2026-08-11T12:00:34+05:45,2026-08-11,12:00:34,1786428934,1,6,12,nepse_official,OPEN,2026-08-11,PCIL,Palpa Cement Industries Limited,620.0,629.0,617.0,,621.0,625.0,-4.0,,5527.0,3442887.4,184.0,12.0,1.935483870967742,-0.64,18711.34456521739,622.9215487606297
2026-08-11T06:15:34+00:00,2026-08-11T12:00:34+05:45,2026-08-11,12:00:34,1786428934,1,6,12,nepse_official,OPEN,2026-08-11,PHCL,Peoples Hydropower Company Limited,292.0,300.0,292.0,,296.0,293.7,2.3000000000000114,,3730.0,1114429.5,31.0,8.0,2.73972602739726,0.7831120190670792,35949.33870967742,298.7746648793566
2026-08-11T06:15:34+00:00,2026-08-11T12:00:34+05:45,2026-08-11,12:00:34,1786428934,1,6,12,nepse_official,OPEN,2026-08-11,PMHPL,Panchakanya Mai Hydropower Ltd,312.1,320.0,312.1,,320.0,318.9,1.1000000000000227,,50.0,15842.0,3.0,7.899999999999977,2.5312399871835876,0.34493571652556376,5280.666666666667,316.84
2026-08-11T06:15:34+00:00,2026-08-11T12:00:34+05:45,2026-08-11,12:00:34,1786428934,1,6,12,nepse_official,OPEN,2026-08-11,PMLI,Prabhu Mahalaxmi Life Insurance Limited,433.0,441.0,431.0,,431.0,433.0,-2.0,,2314.0,1000261.6,24.0,10.0,2.3094688221709005,-0.4618937644341801,41677.566666666666,432.2651685393258
2026-08-11T06:15:34+00:00,2026-08-11T12:00:34+05:45,2026-08-11,12:00:34,1786428934,1,6,12,nepse_official,OPEN,2026-08-11,PPCL,Panchthar Power Compant Limited,335.0,338.9,330.1,,338.9,335.0,3.8999999999999773,,2045.0,681385.0,17.0,8.799999999999955,2.6268656716417773,1.164179104477605,40081.470588235294,333.1955990220049
2026-08-11T06:15:34+00:00,2026-08-11T12:00:34+05:45,2026-08-11,12:00:34,1786428934,1,6,12,nepse_official,OPEN,2026-08-11,PPL,People's Power Limited,325.0,330.0,322.0,,325.1,326.5,-1.3999999999999773,,1565.0,515223.0,15.0,8.0,2.4615384615384617,-0.42879019908115695,34348.2,329.21597444089457
2026-08-11T06:15:34+00:00,2026-08-11T12:00:34+05:45,2026-08-11,12:00:34,1786428934,1,6,12,nepse_official,OPEN,2026-08-11,PRIN,Prabhu Insurance Ltd.,668.0,680.0,668.0,,680.0,668.0,12.0,,460.0,308190.0,5.0,12.0,1.7964071856287425,1.7964071856287425,61638.0,669.9782608695652
2026-08-11T06:15:34+00:00,2026-08-11T12:00:34+05:45,2026-08-11,12:00:34,1786428934,1,6,12,nepse_official,OPEN,2026-08-11,PROFL,Progressive Finance Limited,425.0,425.0,425.0,,425.0,419.0,6.0,,150.0,63750.0,3.0,0.0,0.0,1.431980906921241,21250.0,425.0
2026-08-11T06:15:34+00:00,2026-08-11T12:00:34+05:45,2026-08-11,12:00:34,1786428934,1,6,12,nepse_official,OPEN,2026-08-11,PRVU,Prabhu  Bank Limited,190.0,190.2,188.5,,189.0,188.5,0.5,,47027.0,8915346.4,138.0,1.6999999999999886,0.8947368421052572,0.2652519893899204,64603.95942028986,189.57931401110002
2026-08-11T06:15:34+00:00,2026-08-11T12:00:34+05:45,2026-08-11,12:00:34,1786428934,1,6,12,nepse_official,OPEN,2026-08-11,PSF,Prabhu Select Fund,11.8,11.8,11.8,,11.8,11.9,-0.09999999999999964,,300.0,3540.0,1.0,0.0,0.0,-0.8403361344537785,3540.0,11.8
2026-08-11T06:15:34+00:00,2026-08-11T12:00:34+05:45,2026-08-11,12:00:34,1786428934,1,6,12,nepse_official,OPEN,2026-08-11,PURE,Pure Energy Limited,815.0,820.0,815.0,,820.0,820.0,0.0,,392.0,321390.0,4.0,5.0,0.6134969325153374,0.0,80347.5,819.8724489795918
2026-08-11T06:15:34+00:00,2026-08-11T12:00:34+05:45,2026-08-11,12:00:34,1786428934,1,6,12,nepse_official,OPEN,2026-08-11,RADHI,Radhi Bidyut Company Ltd,670.0,725.0,670.0,,720.0,705.0,15.0,,4873.0,3494519.5,34.0,55.0,8.208955223880597,2.127659574468085,102779.98529411765,717.1187153704084
2026-08-11T06:15:34+00:00,2026-08-11T12:00:34+05:45,2026-08-11,12:00:34,1786428934,1,6,12,nepse_official,OPEN,2026-08-11,RAWA,Rawa Energy Development Limited,429.0,429.0,420.0,,423.8,417.8,6.0,,3833.0,1615866.0,19.0,9.0,2.097902097902098,1.4360938247965533,85045.57894736843,421.5669188625098
2026-08-11T06:15:34+00:00,2026-08-11T12:00:34+05:45,2026-08-11,12:00:34,1786428934,1,6,12,nepse_official,OPEN,2026-08-11,RBCL,Rastriya Beema Company Limited,14399.0,14399.0,14399.0,,14399.0,14419.0,-20.0,,10.0,143990.0,1.0,0.0,0.0,-0.13870587419377212,143990.0,14399.0
2026-08-11T06:15:34+00:00,2026-08-11T12:00:34+05:45,2026-08-11,12:00:34,1786428934,1,6,12,nepse_official,OPEN,2026-08-11,RFPL,River Falls Power Limited,332.5,340.0,332.5,,339.0,332.5,6.5,,3381.0,1144514.0,29.0,7.5,2.2556390977443606,1.954887218045113,39466.0,338.5134575569358
2026-08-11T06:15:34+00:00,2026-08-11T12:00:34+05:45,2026-08-11,12:00:34,1786428934,1,6,12,nepse_official,OPEN,2026-08-11,RHGCL,Rapti Hydro And General Construction Limited,257.8,257.9,254.1,,257.7,257.0,0.6999999999999886,,3038.0,781092.6,19.0,3.799999999999983,1.4740108611326543,0.2723735408560267,41110.13684210526,257.1075049374588
2026-08-11T06:15:34+00:00,2026-08-11T12:00:34+05:45,2026-08-11,12:00:34,1786428934,1,6,12,nepse_official,OPEN,2026-08-11,RHPL,RASUWAGADHI HYDROPOWER COMPANY LIMITED,254.1,259.0,254.1,,258.2,260.0,-1.8000000000000114,,2345.0,604684.0,17.0,4.900000000000006,1.928374655647385,-0.6923076923076966,35569.64705882353,257.86098081023454
2026-08-11T06:15:34+00:00,2026-08-11T12:00:34+05:45,2026-08-11,12:00:34,1786428934,1,6,12,nepse_official,OPEN,2026-08-11,RIDI,Ridi Power Company Limited,375.0,396.4,375.0,,386.0,386.0,0.0,,269624.0,104581940.9,399.0,21.399999999999977,5.706666666666661,0.0,262110.12756892233,387.8806816158799
2026-08-11T06:15:34+00:00,2026-08-11T12:00:34+05:45,2026-08-11,12:00:34,1786428934,1,6,12,nepse_official,OPEN,2026-08-11,RLEL,Ridge Line Energy Limited,867.0,874.0,860.1,,870.0,867.0,3.0,,320.0,279023.0,13.0,13.899999999999977,1.603229527104957,0.34602076124567477,21463.30769230769,871.946875
2026-08-11T06:15:34+00:00,2026-08-11T12:00:34+05:45,2026-08-11,12:00:34,1786428934,1,6,12,nepse_official,OPEN,2026-08-11,RLFL,Reliance Finance Ltd.,457.9,457.9,447.0,,447.0,447.0,0.0,,589.0,263957.0,9.0,10.899999999999977,2.380432408822882,0.0,29328.555555555555,448.14431239388796
2026-08-11T06:15:34+00:00,2026-08-11T12:00:34+05:45,2026-08-11,12:00:34,1786428934,1,6,12,nepse_official,OPEN,2026-08-11,RMF1,RBB Mutual Fund 1,9.6,9.6,9.6,,9.6,9.7,-0.09999999999999964,,200.0,1920.0,1.0,0.0,0.0,-1.0309278350515427,1920.0,9.6
2026-08-11T06:15:34+00:00,2026-08-11T12:00:34+05:45,2026-08-11,12:00:34,1786428934,1,6,12,nepse_official,OPEN,2026-08-11,RNLI,Reliable Nepal Life Insurance Limited,421.0,426.0,421.0,,422.2,424.0,-1.8000000000000114,,5205.0,2208648.8,80.0,5.0,1.187648456057007,-0.42452830188679513,27608.109999999997,424.3321421709894
2026-08-11T06:15:34+00:00,2026-08-11T12:00:34+05:45,2026-08-11,12:00:34,1786428934,1,6,12,nepse_official,OPEN,2026-08-11,RSDC,RSDC Laghubitta Bittiya Sanstha Ltd.,669.0,669.0,644.1,,644.1,657.0,-12.899999999999977,,950.0,619567.9,9.0,24.899999999999977,3.7219730941703997,-1.9634703196346996,68840.87777777779,652.1767368421052
2026-08-11T06:15:34+00:00,2026-08-11T12:00:34+05:45,2026-08-11,12:00:34,1786428934,1,6,12,nepse_official,OPEN,2026-08-11,RSML,Reliance Spinning Mills Limited,2502.0,2690.0,2502.0,,2651.0,2633.5,17.5,,10393.0,27734103.4,215.0,188.0,7.5139888089528375,0.6645149041199924,128995.82976744186,2668.536842105263
2026-08-11T06:15:34+00:00,2026-08-11T12:00:34+05:45,2026-08-11,12:00:34,1786428934,1,6,12,nepse_official,OPEN,2026-08-11,RSY,Reliable Samriddhi Yojana,10.14,10.22,10.14,,10.22,10.4,-0.17999999999999972,,500.0,5088.0,5.0,0.08000000000000007,0.788954635108482,-1.7307692307692282,1017.6,10.176
2026-08-11T06:15:34+00:00,2026-08-11T12:00:34+05:45,2026-08-11,12:00:34,1786428934,1,6,12,nepse_official,OPEN,2026-08-11,RSY2,Reliable Samriddhi Yojana -2,8.58,9.02,8.58,,8.94,9.03,-0.08999999999999986,,6400.0,56965.0,39.0,0.4399999999999995,5.128205128205122,-0.9966777408637859,1460.6410256410256,8.90078125
2026-08-11T06:15:34+00:00,2026-08-11T12:00:34+05:45,2026-08-11,12:00:34,1786428934,1,6,12,nepse_official,OPEN,2026-08-11,RURU,Ru Ru Jalbidhyut Pariyojana Limited,610.0,610.0,609.0,,609.0,609.0,0.0,,30.0,18288.0,2.0,1.0,0.16393442622950818,0.0,9144.0,609.6
2026-08-11T06:15:34+00:00,2026-08-11T12:00:34+05:45,2026-08-11,12:00:34,1786428934,1,6,12,nepse_official,OPEN,2026-08-11,SABBL,Salapa Bikas Bank Limited,970.0,1010.3,970.0,,994.0,980.9,13.100000000000023,,2484.0,2450322.8,62.0,40.299999999999955,4.154639175257727,1.3355082067489064,39521.335483870964,986.4423510466988
2026-08-11T06:15:34+00:00,2026-08-11T12:00:34+05:45,2026-08-11,12:00:34,1786428934,1,6,12,nepse_official,OPEN,2026-08-11,SADBL,Shangrila Development Bank Ltd.,415.0,415.0,405.1,,409.0,408.0,1.0,,496.0,201593.2,6.0,9.899999999999977,2.3855421686746934,0.24509803921568626,33598.86666666667,406.43790322580645
2026-08-11T06:15:34+00:00,2026-08-11T12:00:34+05:45,2026-08-11,12:00:34,1786428934,1,6,12,nepse_official,OPEN,2026-08-11,SAEF2,Sanima Equity Fund-2,9.1,9.1,9.0,,9.02,9.26,-0.2400000000000002,,3000.0,27080.0,23.0,0.09999999999999964,1.098901098901095,-2.5917926565874754,1177.391304347826,9.026666666666667
2026-08-11T06:15:34+00:00,2026-08-11T12:00:34+05:45,2026-08-11,12:00:34,1786428934,1,6,12,nepse_official,OPEN,2026-08-11,SAGAR,Sagar Distillery Limited,1700.0,1735.0,1700.0,,1725.0,1730.0,-5.0,,107.0,183682.0,10.0,35.0,2.0588235294117645,-0.2890173410404624,18368.2,1716.6542056074766
2026-08-11T06:15:34+00:00,2026-08-11T12:00:34+05:45,2026-08-11,12:00:34,1786428934,1,6,12,nepse_official,OPEN,2026-08-11,SAGF,Sanima Growth Fund,10.11,10.11,10.11,,10.11,10.11,0.0,,100.0,1011.0,1.0,0.0,0.0,0.0,1011.0,10.11
2026-08-11T06:15:34+00:00,2026-08-11T12:00:34+05:45,2026-08-11,12:00:34,1786428934,1,6,12,nepse_official,OPEN,2026-08-11,SAHAS,Sahas Urja Limited,671.0,674.0,671.0,,673.5,670.3,3.2000000000000455,,6767.0,4554429.5,60.0,3.0,0.44709388971684055,0.4773981799194459,75907.15833333334,673.035244569233
2026-08-11T06:15:34+00:00,2026-08-11T12:00:34+05:45,2026-08-11,12:00:34,1786428934,1,6,12,nepse_official,OPEN,2026-08-11,SAIL,Shreenagar Agritech Industries Limited,1100.0,1132.0,1100.0,,1119.0,1120.0,-1.0,,11817.0,13277156.6,132.0,32.0,2.909090909090909,-0.08928571428571429,100584.5196969697,1123.5640687145637
2026-08-11T06:15:34+00:00,2026-08-11T12:00:34+05:45,2026-08-11,12:00:34,1786428934,1,6,12,nepse_official,OPEN,2026-08-11,SANIMA,Sanima Bank Limited,370.1,372.0,368.0,,370.0,369.8,0.19999999999998863,,9093.0,3363663.5,40.0,4.0,1.0807889759524452,0.05408328826392337,84091.5875,369.9179038821071
2026-08-11T06:15:34+00:00,2026-08-11T12:00:34+05:45,2026-08-11,12:00:34,1786428934,1,6,12,nepse_official,OPEN,2026-08-11,SANVI,Sanvi Energy Limited,580.0,597.4,580.0,,590.6,587.0,3.6000000000000227,,865.0,508545.0,31.0,17.399999999999977,2.999999999999996,0.6132879045996632,16404.677419354837,587.9132947976879
2026-08-11T06:15:34+00:00,2026-08-11T12:00:34+05:45,2026-08-11,12:00:34,1786428934,1,6,12,nepse_official,OPEN,2026-08-11,SAPDBL,Saptakoshi Development Bank Ltd,835.0,835.0,786.0,,810.0,835.0,-25.0,,4854.0,3951608.0,49.0,49.0,5.868263473053893,-2.9940119760479043,80645.0612244898,814.0931190770499
2026-08-11T06:15:34+00:00,2026-08-11T12:00:34+05:45,2026-08-11,12:00:34,1786428934,1,6,12,nepse_official,OPEN,2026-08-11,SARBTM,Sarbottam Cement Limited,783.0,795.0,783.0,,795.0,780.0,15.0,,66.0,51798.0,2.0,12.0,1.532567049808429,1.9230769230769231,25899.0,784.8181818181819
2026-08-11T06:15:34+00:00,2026-08-11T12:00:34+05:45,2026-08-11,12:00:34,1786428934,1,6,12,nepse_official,OPEN,2026-08-11,SBCF,Sunrise Bluechip Fund,9.57,9.57,9.57,,9.57,9.4,0.16999999999999993,,1000.0,9570.0,1.0,0.0,0.0,1.8085106382978715,9570.0,9.57
2026-08-11T06:15:34+00:00,2026-08-11T12:00:34+05:45,2026-08-11,12:00:34,1786428934,1,6,12,nepse_official,OPEN,2026-08-11,SBI,Nepal SBI Bank Limited,401.0,404.0,399.0,,399.0,401.0,-2.0,,746.0,298725.0,11.0,5.0,1.2468827930174564,-0.4987531172069825,27156.81818181818,400.43565683646113
2026-08-11T06:15:34+00:00,2026-08-11T12:00:34+05:45,2026-08-11,12:00:34,1786428934,1,6,12,nepse_official,OPEN,2026-08-11,SBL,Siddhartha Bank Limited,405.0,408.0,401.3,,408.0,405.1,2.8999999999999773,,12802.0,5200877.1,37.0,6.699999999999989,1.6543209876543181,0.7158726240434404,140564.24594594594,406.25504608654893
2026-08-11T06:15:34+00:00,2026-08-11T12:00:34+05:45,2026-08-11,12:00:34,1786428934,1,6,12,nepse_official,OPEN,2026-08-11,SCB,Standard Chartered Bank Limited,653.0,653.0,642.0,,645.0,643.2,1.7999999999999545,,255.0,164962.0,15.0,11.0,1.6845329249617151,0.27985074626864964,10997.466666666667,646.9098039215686
2026-08-11T06:15:34+00:00,2026-08-11T12:00:34+05:45,2026-08-11,12:00:34,1786428934,1,6,12,nepse_official,OPEN,2026-08-11,SEF2,Siddhartha Equity Fund 2,9.0,9.1,8.93,,9.02,9.25,-0.23000000000000043,,1800.0,16212.0,18.0,0.16999999999999993,1.8888888888888882,-2.486486486486491,900.6666666666666,9.006666666666666
2026-08-11T06:15:34+00:00,2026-08-11T12:00:34+05:45,2026-08-11,12:00:34,1786428934,1,6,12,nepse_official,OPEN,2026-08-11,SFEF,Sunrise Focused Equity Fund,9.8,9.8,9.8,,9.8,9.91,-0.10999999999999943,,100.0,980.0,1.0,0.0,0.0,-1.109989909182638,980.0,9.8
2026-08-11T06:15:34+00:00,2026-08-11T12:00:34+05:45,2026-08-11,12:00:34,1786428934,1,6,12,nepse_official,OPEN,2026-08-11,SGHC,Swet-Ganga Hydropower & Construction Limited ,315.0,315.1,310.0,,310.1,312.5,-2.3999999999999773,,20064.0,6255429.5,78.0,5.100000000000023,1.6190476190476262,-0.7679999999999927,80197.81410256411,311.77379884370015
2026-08-11T06:15:34+00:00,2026-08-11T12:00:34+05:45,2026-08-11,12:00:34,1786428934,1,6,12,nepse_official,OPEN,2026-08-11,SGHL,Sanigad Hydro Limited,527.0,538.59,525.1,,528.6,527.8,0.8000000000000682,,23443.0,12423387.0,742.0,13.490000000000009,2.559772296015182,0.15157256536568176,16743.109164420486,529.9401527108305
2026-08-11T06:15:34+00:00,2026-08-11T12:00:34+05:45,2026-08-11,12:00:34,1786428934,1,6,12,nepse_official,OPEN,2026-08-11,SGIC,Sanima GIC Insurance Limited,430.0,455.0,430.0,,452.0,450.4,1.6000000000000227,,2022.0,915601.0,19.0,25.0,5.813953488372093,0.355239786856133,48189.52631578947,452.8194856577646
2026-08-11T06:15:34+00:00,2026-08-11T12:00:34+05:45,2026-08-11,12:00:34,1786428934,1,6,12,nepse_official,OPEN,2026-08-11,SHEL,Singati Hydro Energy Limited,309.0,309.0,303.1,,305.0,304.2,0.8000000000000114,,9533.0,2921077.8,29.0,5.899999999999977,1.909385113268601,0.2629848783694975,100726.82068965517,306.41747613552917
2026-08-11T06:15:34+00:00,2026-08-11T12:00:34+05:45,2026-08-11,12:00:34,1786428934,1,6,12,nepse_official,OPEN,2026-08-11,SHINE,Shine Resunga Development Bank Ltd.,418.1,418.1,406.0,,410.0,407.0,3.0,,595.0,245370.5,8.0,12.100000000000023,2.8940444869648463,0.7371007371007371,30671.3125,412.3873949579832
2026-08-11T06:15:34+00:00,2026-08-11T12:00:34+05:45,2026-08-11,12:00:34,1786428934,1,6,12,nepse_official,OPEN,2026-08-11,SHIVM,SHIVAM CEMENTS LTD,603.5,638.0,603.5,,638.0,633.3,4.7000000000000455,,10248.0,6506738.9,79.0,34.5,5.716652858326429,0.7421443233854486,82363.7835443038,634.9276834504294
2026-08-11T06:15:34+00:00,2026-08-11T12:00:34+05:45,2026-08-11,12:00:34,1786428934,1,6,12,nepse_official,OPEN,2026-08-11,SHL,Soaltee Hotel Limited,502.0,504.0,502.0,,502.9,498.0,4.899999999999977,,1536.0,772584.4,8.0,2.0,0.398406374501992,0.983935742971883,96573.05,502.98463541666666
2026-08-11T06:15:34+00:00,2026-08-11T12:00:34+05:45,2026-08-11,12:00:34,1786428934,1,6,12,nepse_official,OPEN,2026-08-11,SHPC,Sanima Mai Hydropower Ltd.,495.0,500.0,495.0,,498.3,495.0,3.3000000000000114,,7152.0,3555655.6,11.0,5.0,1.0101010101010102,0.666666666666669,323241.4181818182,497.15542505592845
2026-08-11T06:15:34+00:00,2026-08-11T12:00:34+05:45,2026-08-11,12:00:34,1786428934,1,6,12,nepse_official,OPEN,2026-08-11,SICL,Shikhar Insurance Co. Ltd.,610.0,620.0,610.0,,620.0,610.2,9.799999999999955,,74.0,45286.0,6.0,10.0,1.639344262295082,1.606030809570625,7547.666666666667,611.972972972973
2026-08-11T06:15:34+00:00,2026-08-11T12:00:34+05:45,2026-08-11,12:00:34,1786428934,1,6,12,nepse_official,OPEN,2026-08-11,SIFC,Shree Investment Finance Co. Ltd.,505.0,505.0,505.0,,505.0,503.0,2.0,,30.0,15150.0,1.0,0.0,0.0,0.3976143141153081,15150.0,505.0
2026-08-11T06:15:34+00:00,2026-08-11T12:00:34+05:45,2026-08-11,12:00:34,1786428934,1,6,12,nepse_official,OPEN,2026-08-11,SIGS3,Siddhartha Investment Growth Scheme 3,10.95,10.95,10.95,,10.95,10.89,0.05999999999999872,,10000.0,109500.0,1.0,0.0,0.0,0.5509641873278119,109500.0,10.95
2026-08-11T06:15:34+00:00,2026-08-11T12:00:34+05:45,2026-08-11,12:00:34,1786428934,1,6,12,nepse_official,OPEN,2026-08-11,SIKLES,Sikles Hydropower Limited,555.0,556.0,553.2,,553.4,555.2,-1.8000000000000682,,1465.0,812040.0,17.0,2.7999999999999545,0.5045045045044964,-0.32420749279540134,47767.05882352941,554.2935153583618
2026-08-11T06:15:34+00:00,2026-08-11T12:00:34+05:45,2026-08-11,12:00:34,1786428934,1,6,12,nepse_official,OPEN,2026-08-11,SINDU,Sindhu Bikash Bank Ltd,666.0,695.0,666.0,,690.1,691.0,-0.8999999999999773,,2083.0,1435323.0,22.0,29.0,4.354354354354354,-0.13024602026048876,65241.954545454544,689.0652904464714
2026-08-11T06:15:34+00:00,2026-08-11T12:00:34+05:45,2026-08-11,12:00:34,1786428934,1,6,12,nepse_official,OPEN,2026-08-11,SIPD,Shikhar power Development Limited,679.0,690.0,664.0,,680.0,678.9,1.1000000000000227,,645.0,434439.4,55.0,26.0,3.829160530191458,0.16202680807188433,7898.898181818182,673.5494573643412
2026-08-11T06:15:34+00:00,2026-08-11T12:00:34+05:45,2026-08-11,12:00:34,1786428934,1,6,12,nepse_official,OPEN,2026-08-11,SJCL,SANJEN JALAVIDHYUT COMPANY LIMITED,270.0,273.0,270.0,,272.0,270.0,2.0,,535.0,145420.0,12.0,3.0,1.1111111111111112,0.7407407407407408,12118.333333333334,271.8130841121495
2026-08-11T06:15:34+00:00,2026-08-11T12:00:34+05:45,2026-08-11,12:00:34,1786428934,1,6,12,nepse_official,OPEN,2026-08-11,SJLIC,SuryaJyoti Life Insurance Company Limited,422.0,422.0,407.0,,409.0,410.0,-1.0,,5760.0,2361997.0,24.0,15.0,3.5545023696682465,-0.24390243902439024,98416.54166666667,410.06892361111113
2026-08-11T06:15:34+00:00,2026-08-11T12:00:34+05:45,2026-08-11,12:00:34,1786428934,1,6,12,nepse_official,OPEN,2026-08-11,SKBBL,Sana Kisan Bikas Laghubitta Bittiya Sanstha Limited,745.0,748.0,744.0,,747.0,747.0,0.0,,1848.0,1379619.1,19.0,4.0,0.5369127516778524,0.0,72611.53157894737,746.5471320346321
2026-08-11T06:15:34+00:00,2026-08-11T12:00:34+05:45,2026-08-11,12:00:34,1786428934,1,6,12,nepse_official,OPEN,2026-08-11,SKHEL,Suryakunda Hydro Electric Limited,960.0,991.0,960.0,,976.0,980.0,-4.0,,425.0,419220.0,12.0,31.0,3.229166666666667,-0.40816326530612246,34935.0,986.4
2026-08-11T06:15:34+00:00,2026-08-11T12:00:34+05:45,2026-08-11,12:00:34,1786428934,1,6,12,nepse_official,OPEN,2026-08-11,SKHL,Super Khudi Hydropower Limited,890.0,890.0,870.1,,889.0,896.0,-7.0,,3204.0,2839147.1,49.0,19.899999999999977,2.235955056179773,-0.78125,57941.77755102041,886.125811485643
2026-08-11T06:15:34+00:00,2026-08-11T12:00:34+05:45,2026-08-11,12:00:34,1786428934,1,6,12,nepse_official,OPEN,2026-08-11,SLBBL,Swarojgar Laghubitta Bittiya Sanstha Ltd.,790.1,793.0,790.1,,793.0,799.0,-6.0,,81.0,64179.5,4.0,2.8999999999999773,0.36704214656372325,-0.7509386733416771,16044.875,792.3395061728395
2026-08-11T06:15:34+00:00,2026-08-11T12:00:34+05:45,2026-08-11,12:00:34,1786428934,1,6,12,nepse_official,OPEN,2026-08-11,SLBSL,Samudayik Laghubitta Bittiya Sanstha Limited,962.1,963.0,962.1,,963.0,970.0,-7.0,,25.0,23975.1,3.0,0.8999999999999773,0.09354536950420718,-0.7216494845360825,7991.7,959.0039999999999
2026-08-11T06:15:34+00:00,2026-08-11T12:00:34+05:45,2026-08-11,12:00:34,1786428934,1,6,12,nepse_official,OPEN,2026-08-11,SLCF,Sanima Large Cap Fund,9.22,9.25,9.22,,9.25,9.5,-0.25,,600.0,5544.0,2.0,0.02999999999999936,0.3253796095444616,-2.631578947368421,2772.0,9.24
2026-08-11T06:15:34+00:00,2026-08-11T12:00:34+05:45,2026-08-11,12:00:34,1786428934,1,6,12,nepse_official,OPEN,2026-08-11,SMATA,Samata Gharelu Laghubitta Bittiya Sanstha Limited,730.0,730.0,730.0,,730.0,730.0,0.0,,15.0,10950.0,1.0,0.0,0.0,0.0,10950.0,730.0
2026-08-11T06:15:34+00:00,2026-08-11T12:00:34+05:45,2026-08-11,12:00:34,1786428934,1,6,12,nepse_official,OPEN,2026-08-11,SMB,Support Microfinance Bittiya Sanstha Ltd.,1825.0,1830.1,1825.0,,1826.0,1848.0,-22.0,,165.0,301363.0,5.0,5.099999999999909,0.27945205479451557,-1.1904761904761905,60272.6,1826.4424242424243
2026-08-11T06:15:34+00:00,2026-08-11T12:00:34+05:45,2026-08-11,12:00:34,1786428934,1,6,12,nepse_official,OPEN,2026-08-11,SMFBS,Swabhimaan Laghubitta Bittiya Sanstha Limited,1538.0,1544.0,1538.0,,1541.0,1500.0,41.0,,79.0,121464.2,6.0,6.0,0.3901170351105332,2.7333333333333334,20244.033333333333,1537.5215189873418
2026-08-11T06:15:34+00:00,2026-08-11T12:00:34+05:45,2026-08-11,12:00:34,1786428934,1,6,12,nepse_official,OPEN,2026-08-11,SMH,Super Mai Hydropower Limited,514.0,514.0,508.0,,511.9,507.0,4.899999999999977,,1550.0,790801.6,13.0,6.0,1.1673151750972763,0.966469428007885,60830.89230769231,510.1945806451613
2026-08-11T06:15:34+00:00,2026-08-11T12:00:34+05:45,2026-08-11,12:00:34,1786428934,1,6,12,nepse_official,OPEN,2026-08-11,SMHL,Super Madi Hydropower Limited,493.0,501.0,493.0,,496.9,493.0,3.8999999999999773,,3297.0,1642882.5,21.0,8.0,1.6227180527383367,0.7910750507099344,78232.5,498.29617834394907
2026-08-11T06:15:34+00:00,2026-08-11T12:00:34+05:45,2026-08-11,12:00:34,1786428934,1,6,12,nepse_official,OPEN,2026-08-11,SMJC,Sagarmatha Jalabidhyut Company Limited,445.0,449.0,441.0,,441.0,445.0,-4.0,,1741.0,770968.0,19.0,8.0,1.7977528089887642,-0.8988764044943821,40577.26315789474,442.83055715106264
2026-08-11T06:15:34+00:00,2026-08-11T12:00:34+05:45,2026-08-11,12:00:34,1786428934,1,6,12,nepse_official,OPEN,2026-08-11,SMPDA,Sampada Laghubitta Bittiya Sanstha Limited,750.0,750.0,750.0,,750.0,750.0,0.0,,2.0,1456.0,1.0,0.0,0.0,0.0,1456.0,728.0
2026-08-11T06:15:34+00:00,2026-08-11T12:00:34+05:45,2026-08-11,12:00:34,1786428934,1,6,12,nepse_official,OPEN,2026-08-11,SNLI,Sun Nepal Life Insurance Company Limited,410.0,416.0,410.0,,413.5,412.0,1.5,,1502.0,617729.5,35.0,6.0,1.4634146341463417,0.3640776699029126,17649.414285714287,411.2713049267643
2026-08-11T06:15:34+00:00,2026-08-11T12:00:34+05:45,2026-08-11,12:00:34,1786428934,1,6,12,nepse_official,OPEN,2026-08-11,SNORL,Snow Rivers Limited,879.8,945.0,879.8,,932.0,926.1,5.899999999999977,,5000.0,4656053.0,90.0,65.20000000000005,7.41077517617641,0.6370802289169611,51733.92222222222,931.2106
2026-08-11T06:15:34+00:00,2026-08-11T12:00:34+05:45,2026-08-11,12:00:34,1786428934,1,6,12,nepse_official,OPEN,2026-08-11,SOHL,Solu Hydropower Limited,680.0,725.0,680.0,,716.0,711.0,5.0,,119522.0,85750323.3,634.0,45.0,6.61764705882353,0.7032348804500703,135252.8758675079,717.4438454845133
2026-08-11T06:15:34+00:00,2026-08-11T12:00:34+05:45,2026-08-11,12:00:34,1786428934,1,6,12,nepse_official,OPEN,2026-08-11,SONA,Sonapur Minerals And Oil Limited,403.0,407.0,402.0,,406.1,407.0,-0.8999999999999773,,1690.0,685074.0,27.0,5.0,1.240694789081886,-0.22113022113021555,25373.11111111111,405.3692307692308
2026-08-11T06:15:34+00:00,2026-08-11T12:00:34+05:45,2026-08-11,12:00:34,1786428934,1,6,12,nepse_official,OPEN,2026-08-11,SOPL,Sopan Pharmaceuticals Limited,792.0,824.0,790.2,,820.9,796.0,24.899999999999977,,9509.0,7738007.0,292.0,33.799999999999955,4.267676767676762,3.128140703517585,26500.02397260274,813.756125775581
2026-08-11T06:15:34+00:00,2026-08-11T12:00:34+05:45,2026-08-11,12:00:34,1786428934,1,6,12,nepse_official,OPEN,2026-08-11,SPC,Samling Power Company Limited,417.0,419.0,415.5,,419.0,418.0,1.0,,755.0,314287.5,7.0,3.5,0.8393285371702638,0.23923444976076555,44898.21428571428,416.2748344370861
2026-08-11T06:15:34+00:00,2026-08-11T12:00:34+05:45,2026-08-11,12:00:34,1786428934,1,6,12,nepse_official,OPEN,2026-08-11,SPDL,Synergy Power Development Ltd.,368.0,375.0,368.0,,375.0,372.0,3.0,,3660.0,1369953.1,14.0,7.0,1.9021739130434785,0.8064516129032258,97853.79285714286,374.30412568306014
2026-08-11T06:15:34+00:00,2026-08-11T12:00:34+05:45,2026-08-11,12:00:34,1786428934,1,6,12,nepse_official,OPEN,2026-08-11,SPHL,Sayapatri Hydropower Limited,506.0,524.0,506.0,,510.6,520.0,-9.399999999999977,,2753.0,1435221.0,16.0,18.0,3.557312252964427,-1.8076923076923033,89701.3125,521.3298220123502
2026-08-11T06:15:34+00:00,2026-08-11T12:00:34+05:45,2026-08-11,12:00:34,1786428934,1,6,12,nepse_official,OPEN,2026-08-11,SPIL,Siddhartha Premier Insurance Limited,674.0,685.0,674.0,,685.0,685.5,-0.5,,230.0,156926.0,4.0,11.0,1.6320474777448073,-0.07293946024799416,39231.5,682.2869565217392
2026-08-11T06:15:34+00:00,2026-08-11T12:00:34+05:45,2026-08-11,12:00:34,1786428934,1,6,12,nepse_official,OPEN,2026-08-11,SPL,Shuvam Power Limited,606.4,635.0,606.4,,635.0,638.3,-3.2999999999999545,,920.0,583864.0,9.0,28.600000000000023,4.716358839050136,-0.5169982766724041,64873.77777777778,634.6347826086957
2026-08-11T06:15:34+00:00,2026-08-11T12:00:34+05:45,2026-08-11,12:00:34,1786428934,1,6,12,nepse_official,OPEN,2026-08-11,SRLI,Sanima Reliance Life Insurance Limited,368.0,373.6,368.0,,372.5,368.6,3.8999999999999773,,1180.0,438328.9,26.0,5.600000000000023,1.5217391304347887,1.0580575149213176,16858.803846153845,371.46516949152544
2026-08-11T06:15:34+00:00,2026-08-11T12:00:34+05:45,2026-08-11,12:00:34,1786428934,1,6,12,nepse_official,OPEN,2026-08-11,SSHL,Shiva Shree Hydropower Ltd,191.0,204.8,191.0,,202.7,200.5,2.1999999999999886,,11948.0,2425851.6,61.0,13.800000000000011,7.225130890052362,1.0972568578553559,39768.05901639345,203.03411449614998
2026-08-11T06:15:34+00:00,2026-08-11T12:00:34+05:45,2026-08-11,12:00:34,1786428934,1,6,12,nepse_official,OPEN,2026-08-11,STC,Salt Trading Corporation,5151.0,5151.0,5135.0,,5135.0,5170.0,-35.0,,353.0,1812963.0,4.0,16.0,0.31061929722384,-0.6769825918762089,453240.75,5135.872521246459
2026-08-11T06:15:34+00:00,2026-08-11T12:00:34+05:45,2026-08-11,12:00:34,1786428934,1,6,12,nepse_official,OPEN,2026-08-11,SWBBL,Swabalamban Laghubitta Bittiya Sanstha Limited,672.0,679.9,672.0,,679.9,670.0,9.899999999999977,,100.0,67279.0,3.0,7.899999999999977,1.1755952380952348,1.477611940298504,22426.333333333332,672.79
2026-08-11T06:15:34+00:00,2026-08-11T12:00:34+05:45,2026-08-11,12:00:34,1786428934,1,6,12,nepse_official,OPEN,2026-08-11,SWMF,Suryodaya Womi Laghubitta Bittiya Sanstha Limited,649.9,649.9,612.0,,612.0,619.0,-7.0,,52.0,32952.0,4.0,37.89999999999998,5.831666410216953,-1.1308562197092082,8238.0,633.6923076923077
2026-08-11T06:15:34+00:00,2026-08-11T12:00:34+05:45,2026-08-11,12:00:34,1786428934,1,6,12,nepse_official,OPEN,2026-08-11,SYPNL,SY Panel Nepal Limited,1277.0,1355.9,1277.0,,1342.0,1334.0,8.0,,5087.0,6780783.6,122.0,78.90000000000009,6.178543461237282,0.5997001499250375,55580.19344262295,1332.9631609986238
2026-08-11T06:15:34+00:00,2026-08-11T12:00:34+05:45,2026-08-11,12:00:34,1786428934,1,6,12,nepse_official,OPEN,2026-08-11,TAMOR,Sanima Middle Tamor Hydropower Limited,440.1,450.0,440.1,,450.0,450.0,0.0,,3298.0,1482936.0,25.0,9.899999999999977,2.249488752556232,0.0,59317.44,449.6470588235294
2026-08-11T06:15:34+00:00,2026-08-11T12:00:34+05:45,2026-08-11,12:00:34,1786428934,1,6,12,nepse_official,OPEN,2026-08-11,TPC,Terhathum Power Company Limited,361.5,369.0,361.5,,369.0,361.5,7.5,,1120.0,412501.0,10.0,7.5,2.0746887966804977,2.0746887966804977,41250.1,368.3044642857143
2026-08-11T06:15:34+00:00,2026-08-11T12:00:34+05:45,2026-08-11,12:00:34,1786428934,1,6,12,nepse_official,OPEN,2026-08-11,TPKHL,Taksar Pikhuwa Khola Hydropower Limited,532.5,570.0,532.5,,562.1,560.0,2.1000000000000227,,8739.0,4934982.1,246.0,37.5,7.042253521126761,0.37500000000000405,20060.902845528453,564.7078727543196
2026-08-11T06:15:34+00:00,2026-08-11T12:00:34+05:45,2026-08-11,12:00:34,1786428934,1,6,12,nepse_official,OPEN,2026-08-11,TSHL,Three Star Hydropower Limited,363.5,369.9,363.5,,369.0,363.0,6.0,,242.0,89202.4,6.0,6.399999999999977,1.760660247592841,1.6528925619834711,14867.066666666666,368.60495867768594
2026-08-11T06:15:34+00:00,2026-08-11T12:00:34+05:45,2026-08-11,12:00:34,1786428934,1,6,12,nepse_official,OPEN,2026-08-11,TTL,Trade Tower Limited,726.3,726.4,722.1,,724.1,731.0,-6.899999999999977,,1262.0,914736.4,32.0,4.2999999999999545,0.5920418559823702,-0.9439124487004072,28585.5125,724.8307448494453
2026-08-11T06:15:34+00:00,2026-08-11T12:00:34+05:45,2026-08-11,12:00:34,1786428934,1,6,12,nepse_official,OPEN,2026-08-11,TVCL,Trishuli Jal Vidhyut Company Limited ,470.0,484.1,470.0,,484.1,468.1,16.0,,1779.0,853613.5,8.0,14.100000000000023,3.000000000000005,3.4180730613116856,106701.6875,479.82771219786395
2026-08-11T06:15:34+00:00,2026-08-11T12:00:34+05:45,2026-08-11,12:00:34,1786428934,1,6,12,nepse_official,OPEN,2026-08-11,UAIL,United Ajod Insurance Limited,432.0,438.0,432.0,,435.0,432.0,3.0,,770.0,336705.0,10.0,6.0,1.3888888888888888,0.6944444444444444,33670.5,437.2792207792208
2026-08-11T06:15:34+00:00,2026-08-11T12:00:34+05:45,2026-08-11,12:00:34,1786428934,1,6,12,nepse_official,OPEN,2026-08-11,UHEWA,Upper Hewakhola Hydropower Company Limited,598.0,617.0,598.0,,615.0,608.0,7.0,,47945.0,29374619.5,200.0,19.0,3.177257525083612,1.151315789473684,146873.0975,612.6732610282615
2026-08-11T06:15:34+00:00,2026-08-11T12:00:34+05:45,2026-08-11,12:00:34,1786428934,1,6,12,nepse_official,OPEN,2026-08-11,ULBSL,Upakar Laghubitta Bittiya Sanstha Limited,2660.0,2850.0,2660.0,,2737.9,2749.0,-11.099999999999909,,71.0,195926.9,7.0,190.0,7.142857142857142,-0.4037831938886835,27989.557142857142,2759.5338028169012
2026-08-11T06:15:34+00:00,2026-08-11T12:00:34+05:45,2026-08-11,12:00:34,1786428934,1,6,12,nepse_official,OPEN,2026-08-11,ULHC,Upper Lohore Khola Hydropower Company Limited,365.0,432.0,364.0,,364.5,379.7,-15.199999999999989,,20290.0,7515842.5,70.0,68.0,18.63013698630137,-4.003160389781404,107369.17857142857,370.42102020699855
2026-08-11T06:15:34+00:00,2026-08-11T12:00:34+05:45,2026-08-11,12:00:34,1786428934,1,6,12,nepse_official,OPEN,2026-08-11,UMHL,United Modi Hydropower Ltd.,570.0,579.5,570.0,,577.0,579.5,-2.5,,7458.0,4291905.6,29.0,9.5,1.6666666666666667,-0.4314063848144953,147996.7448275862,575.4767497988737
2026-08-11T06:15:34+00:00,2026-08-11T12:00:34+05:45,2026-08-11,12:00:34,1786428934,1,6,12,nepse_official,OPEN,2026-08-11,UMRH,United IDI Mardi RB Hydropower Limited.,520.2,532.0,520.2,,532.0,530.0,2.0,,1436.0,761004.0,7.0,11.799999999999955,2.2683583237216363,0.37735849056603776,108714.85714285714,529.9470752089137
2026-08-11T06:15:34+00:00,2026-08-11T12:00:34+05:45,2026-08-11,12:00:34,1786428934,1,6,12,nepse_official,OPEN,2026-08-11,UNHPL,Union Hydropower Limited,368.0,377.0,368.0,,377.0,374.0,3.0,,832.0,313094.0,13.0,9.0,2.4456521739130435,0.8021390374331552,24084.153846153848,376.31490384615387
2026-08-11T06:15:34+00:00,2026-08-11T12:00:34+05:45,2026-08-11,12:00:34,1786428934,1,6,12,nepse_official,OPEN,2026-08-11,UNL,Unilever Nepal Limited,48300.0,48500.0,48300.0,,48500.0,48500.0,0.0,,45.0,2178500.0,2.0,200.0,0.4140786749482402,0.0,1089250.0,48411.11111111111
2026-08-11T06:15:34+00:00,2026-08-11T12:00:34+05:45,2026-08-11,12:00:34,1786428934,1,6,12,nepse_official,OPEN,2026-08-11,UNLB,Unique Nepal Laghubitta Bittiya Sanstha Limited,1300.0,1300.0,1250.0,,1250.0,1270.0,-20.0,,230.0,288300.0,4.0,50.0,3.8461538461538463,-1.574803149606299,72075.0,1253.4782608695652
2026-08-11T06:15:34+00:00,2026-08-11T12:00:34+05:45,2026-08-11,12:00:34,1786428934,1,6,12,nepse_official,OPEN,2026-08-11,UPCL,UNIVERSAL POWER COMPANY LTD,345.0,351.0,345.0,,345.4,345.0,0.39999999999997726,,180.0,62666.0,7.0,6.0,1.7391304347826086,0.11594202898550066,8952.285714285714,348.14444444444445
2026-08-11T06:15:34+00:00,2026-08-11T12:00:34+05:45,2026-08-11,12:00:34,1786428934,1,6,12,nepse_official,OPEN,2026-08-11,UPPER,Upper Tamakoshi Hydropower Ltd,191.8,193.9,191.0,,192.2,191.8,0.39999999999997726,,7714.0,1485277.8,60.0,2.9000000000000057,1.5119916579770623,0.20855057351406528,24754.63,192.54314233860515
2026-08-11T06:15:34+00:00,2026-08-11T12:00:34+05:45,2026-08-11,12:00:34,1786428934,1,6,12,nepse_official,OPEN,2026-08-11,USHEC,Upper Solu Hydro Electric Company Limited,486.4,502.0,486.3,,502.0,497.0,5.0,,490.0,239682.0,10.0,15.699999999999989,3.227796052631577,1.0060362173038229,23968.2,489.1469387755102
2026-08-11T06:15:34+00:00,2026-08-11T12:00:34+05:45,2026-08-11,12:00:34,1786428934,1,6,12,nepse_official,OPEN,2026-08-11,USHL,Upper Syange Hydropower Limited,523.0,555.0,523.0,,535.0,544.9,-9.899999999999977,,842.0,453290.0,11.0,32.0,6.118546845124283,-1.8168471279133747,41208.181818181816,538.3491686460808
2026-08-11T06:15:34+00:00,2026-08-11T12:00:34+05:45,2026-08-11,12:00:34,1786428934,1,6,12,nepse_official,OPEN,2026-08-11,USLB,Unnati Sahakarya Laghubitta Bittiya Sanstha Limited,1116.0,1116.0,1110.0,,1110.0,1123.0,-13.0,,436.0,484796.0,9.0,6.0,0.5376344086021506,-1.157613535173642,53866.22222222222,1111.9174311926606
2026-08-11T06:15:34+00:00,2026-08-11T12:00:34+05:45,2026-08-11,12:00:34,1786428934,1,6,12,nepse_official,OPEN,2026-08-11,VLBS,Vijaya laghubitta Bittiya Sanstha Ltd.,655.1,660.0,655.1,,660.0,661.0,-1.0,,80.0,52637.0,8.0,4.899999999999977,0.747977408029305,-0.15128593040847202,6579.625,657.9625
2026-08-11T06:15:34+00:00,2026-08-11T12:00:34+05:45,2026-08-11,12:00:34,1786428934,1,6,12,nepse_official,OPEN,2026-08-11,VLUCL,Vision Lumbini Urja Company Limited ,435.7,435.7,410.1,,417.0,415.0,2.0,,878.0,368231.0,15.0,25.599999999999966,5.875602478769788,0.48192771084337355,24548.733333333334,419.3974943052392
2026-08-11T06:15:34+00:00,2026-08-11T12:00:34+05:45,2026-08-11,12:00:34,1786428934,1,6,12,nepse_official,OPEN,2026-08-11,WNLB,Wean Nepal Laghubitta Bittiya Sanstha Limited,1370.0,1449.0,1370.0,,1370.0,1332.0,38.0,,90.0,126501.0,5.0,79.0,5.766423357664233,2.8528528528528527,25300.2,1405.5666666666666
2026-08-11T06:15:34+00:00,2026-08-11T12:00:34+05:45,2026-08-11,12:00:34,1786428934,1,6,12,nepse_official,OPEN,2026-08-11,YMHL,Yambaling Hydropower Limited,620.0,634.8,618.1,,632.0,624.0,8.0,,3725.0,2339945.8,173.0,16.699999999999932,2.693548387096763,1.282051282051282,13525.698265895953,628.1733691275167
