scraped_at_utc,scraped_at_npt,npt_date,npt_time,scraped_epoch,weekday,hour_utc,hour_npt,price_source,is_market_open,business_date,symbol,security_name,open_price,high_price,low_price,close_price,last_traded_price,previous_closing_price,point_change,percentage_change,total_traded_quantity,total_traded_value,total_trades,intraday_range,intraday_range_pct_of_open,return_from_prev_close_pct,turnover_per_trade,vwap_proxy
2026-08-31T05:15:29+00:00,2026-08-31T11:00:29+05:45,2026-08-31,11:00:29,1788153329,0,5,11,nepse_official,OPEN,2026-08-31,ADBL,Agricultural Development Bank Limited,305.0,305.0,305.0,,305.0,299.0,6.0,,10.0,3050.0,1.0,0.0,0.0,2.0066889632107023,3050.0,305.0
2026-08-31T05:15:29+00:00,2026-08-31T11:00:29+05:45,2026-08-31,11:00:29,1788153329,0,5,11,nepse_official,OPEN,2026-08-31,AHPC,Arun Valley Hydropower Development Co. Ltd.,251.0,251.0,251.0,,251.0,252.7,-1.6999999999999886,,23.0,5773.0,1.0,0.0,0.0,-0.6727344677483137,5773.0,251.0
2026-08-31T05:15:29+00:00,2026-08-31T11:00:29+05:45,2026-08-31,11:00:29,1788153329,0,5,11,nepse_official,OPEN,2026-08-31,AKPL,Arun Kabeli Power Ltd.,238.0,238.0,238.0,,238.0,244.0,-6.0,,30.0,7140.0,1.0,0.0,0.0,-2.459016393442623,7140.0,238.0
2026-08-31T05:15:29+00:00,2026-08-31T11:00:29+05:45,2026-08-31,11:00:29,1788153329,0,5,11,nepse_official,OPEN,2026-08-31,ALBSL,Asha Laghubitta Bittiya Sanstha Ltd,1071.0,1071.0,1071.0,,1071.0,1108.0,-37.0,,33.0,35343.0,2.0,0.0,0.0,-3.3393501805054155,17671.5,1071.0
2026-08-31T05:15:29+00:00,2026-08-31T11:00:29+05:45,2026-08-31,11:00:29,1788153329,0,5,11,nepse_official,OPEN,2026-08-31,ANLB,Aatmanirbhar Laghubitta Bittiya Sanstha Limited,4800.0,4800.0,4800.0,,4800.0,4920.0,-120.0,,10.0,48000.0,1.0,0.0,0.0,-2.4390243902439024,48000.0,4800.0
2026-08-31T05:15:29+00:00,2026-08-31T11:00:29+05:45,2026-08-31,11:00:29,1788153329,0,5,11,nepse_official,OPEN,2026-08-31,BANDIPUR,Bandipur Cablecar and Tourism Limited,657.0,657.0,657.0,,657.0,657.0,0.0,,10.0,6570.0,1.0,0.0,0.0,0.0,6570.0,657.0
2026-08-31T05:15:29+00:00,2026-08-31T11:00:29+05:45,2026-08-31,11:00:29,1788153329,0,5,11,nepse_official,OPEN,2026-08-31,BHCL,Bikash Hydropower Company Limited,528.0,528.0,528.0,,528.0,555.0,-27.0,,14.0,7392.0,2.0,0.0,0.0,-4.864864864864865,3696.0,528.0
2026-08-31T05:15:29+00:00,2026-08-31T11:00:29+05:45,2026-08-31,11:00:29,1788153329,0,5,11,nepse_official,OPEN,2026-08-31,BNHC,Buddha Bhumi Nepal Hydropower Company Limited,255.0,255.0,255.0,,255.0,263.6,-8.600000000000023,,10.0,2550.0,1.0,0.0,0.0,-3.262518968133544,2550.0,255.0
2026-08-31T05:15:29+00:00,2026-08-31T11:00:29+05:45,2026-08-31,11:00:29,1788153329,0,5,11,nepse_official,OPEN,2026-08-31,CBBL,Chhimek Laghubitta Bittiya Sanstha Limited,932.0,932.0,932.0,,932.0,932.0,0.0,,11.0,10252.0,1.0,0.0,0.0,0.0,10252.0,932.0
2026-08-31T05:15:29+00:00,2026-08-31T11:00:29+05:45,2026-08-31,11:00:29,1788153329,0,5,11,nepse_official,OPEN,2026-08-31,CFCL,Central Finance Co. Ltd.,560.0,560.0,560.0,,560.0,585.7,-25.700000000000045,,10.0,5600.0,1.0,0.0,0.0,-4.387911900290258,5600.0,560.0
2026-08-31T05:15:29+00:00,2026-08-31T11:00:29+05:45,2026-08-31,11:00:29,1788153329,0,5,11,nepse_official,OPEN,2026-08-31,CHCL,Chilime Hydropower Company Limited,395.0,395.0,395.0,,395.0,405.0,-10.0,,739.0,291905.0,8.0,0.0,0.0,-2.4691358024691357,36488.125,395.0
2026-08-31T05:15:29+00:00,2026-08-31T11:00:29+05:45,2026-08-31,11:00:29,1788153329,0,5,11,nepse_official,OPEN,2026-08-31,CITY,City Hotel Limited,329.7,329.7,329.7,,329.7,347.0,-17.30000000000001,,10.0,3297.0,1.0,0.0,0.0,-4.985590778097986,3297.0,329.7
2026-08-31T05:15:29+00:00,2026-08-31T11:00:29+05:45,2026-08-31,11:00:29,1788153329,0,5,11,nepse_official,OPEN,2026-08-31,CORBL,Corporate Development Bank Limited,900.0,900.0,900.0,,900.0,902.2,-2.2000000000000455,,10.0,9000.0,1.0,0.0,0.0,-0.2438483706495284,9000.0,900.0
2026-08-31T05:15:29+00:00,2026-08-31T11:00:29+05:45,2026-08-31,11:00:29,1788153329,0,5,11,nepse_official,OPEN,2026-08-31,CREST,Crest Micro Life Insurance Limited,1100.0,1100.0,1100.0,,1100.0,1074.1,25.90000000000009,,10.0,11000.0,1.0,0.0,0.0,2.411321106042277,11000.0,1100.0
2026-08-31T05:15:29+00:00,2026-08-31T11:00:29+05:45,2026-08-31,11:00:29,1788153329,0,5,11,nepse_official,OPEN,2026-08-31,CYCL,CYC Nepal Laghubitta Bittiya Sanstha Limited,1620.0,1620.0,1620.0,,1620.0,1612.0,8.0,,10.0,16200.0,1.0,0.0,0.0,0.49627791563275436,16200.0,1620.0
2026-08-31T05:15:29+00:00,2026-08-31T11:00:29+05:45,2026-08-31,11:00:29,1788153329,0,5,11,nepse_official,OPEN,2026-08-31,EBL,Everest Bank Limited,726.0,726.0,726.0,,726.0,729.5,-3.5,,535.0,388410.0,8.0,0.0,0.0,-0.47978067169294036,48551.25,726.0
2026-08-31T05:15:29+00:00,2026-08-31T11:00:29+05:45,2026-08-31,11:00:29,1788153329,0,5,11,nepse_official,OPEN,2026-08-31,EHPL,Eastern Hydropower Limited,329.5,329.5,329.5,,329.5,313.9,15.600000000000023,,10.0,3295.0,1.0,0.0,0.0,4.969735584581084,3295.0,329.5
2026-08-31T05:15:29+00:00,2026-08-31T11:00:29+05:45,2026-08-31,11:00:29,1788153329,0,5,11,nepse_official,OPEN,2026-08-31,GBBL,Garima Bikas Bank Limited,422.0,422.0,422.0,,422.0,422.0,0.0,,47.0,19834.0,1.0,0.0,0.0,0.0,19834.0,422.0
2026-08-31T05:15:29+00:00,2026-08-31T11:00:29+05:45,2026-08-31,11:00:29,1788153329,0,5,11,nepse_official,OPEN,2026-08-31,GBIME,Global IME Bank Limited,242.0,242.0,242.0,,242.0,242.0,0.0,,439.0,106238.0,8.0,0.0,0.0,0.0,13279.75,242.0
2026-08-31T05:15:29+00:00,2026-08-31T11:00:29+05:45,2026-08-31,11:00:29,1788153329,0,5,11,nepse_official,OPEN,2026-08-31,GCIL,Ghorahi Cement Industry Limited,375.0,375.0,375.0,,375.0,370.0,5.0,,876.0,328500.0,9.0,0.0,0.0,1.3513513513513513,36500.0,375.0
2026-08-31T05:15:29+00:00,2026-08-31T11:00:29+05:45,2026-08-31,11:00:29,1788153329,0,5,11,nepse_official,OPEN,2026-08-31,GSY,Garima Samriddhi Yojana,8.89,8.89,8.89,,8.89,8.95,-0.05999999999999872,,100.0,889.0,1.0,0.0,0.0,-0.6703910614524997,889.0,8.89
2026-08-31T05:15:29+00:00,2026-08-31T11:00:29+05:45,2026-08-31,11:00:29,1788153329,0,5,11,nepse_official,OPEN,2026-08-31,HBL,Himalayan Bank Limited,187.0,187.0,187.0,,187.0,188.7,-1.6999999999999886,,10.0,1870.0,1.0,0.0,0.0,-0.900900900900895,1870.0,187.0
2026-08-31T05:15:29+00:00,2026-08-31T11:00:29+05:45,2026-08-31,11:00:29,1788153329,0,5,11,nepse_official,OPEN,2026-08-31,HDHPC,Himal Dolakha Hydropower Company Limited,200.0,200.0,200.0,,200.0,202.0,-2.0,,157.0,31400.0,2.0,0.0,0.0,-0.9900990099009901,15700.0,200.0
2026-08-31T05:15:29+00:00,2026-08-31T11:00:29+05:45,2026-08-31,11:00:29,1788153329,0,5,11,nepse_official,OPEN,2026-08-31,HEI,Himalayan Everest Insurance Limited,488.0,488.0,488.0,,488.0,489.9,-1.8999999999999773,,13.0,6344.0,1.0,0.0,0.0,-0.3878342518881358,6344.0,488.0
2026-08-31T05:15:29+00:00,2026-08-31T11:00:29+05:45,2026-08-31,11:00:29,1788153329,0,5,11,nepse_official,OPEN,2026-08-31,HRL,Himalayan Reinsurance Limited,537.4,537.4,537.4,,537.4,537.4,0.0,,372.0,199912.8,7.0,0.0,0.0,0.0,28558.971428571425,537.4
2026-08-31T05:15:29+00:00,2026-08-31T11:00:29+05:45,2026-08-31,11:00:29,1788153329,0,5,11,nepse_official,OPEN,2026-08-31,KAHL,Kalanga Hydro Limited,502.5,502.5,502.5,,502.5,502.5,0.0,,10.0,5025.0,1.0,0.0,0.0,0.0,5025.0,502.5
2026-08-31T05:15:29+00:00,2026-08-31T11:00:29+05:45,2026-08-31,11:00:29,1788153329,0,5,11,nepse_official,OPEN,2026-08-31,KBL,Kumari Bank Limited,210.0,210.0,210.0,,210.0,212.0,-2.0,,61.0,12810.0,4.0,0.0,0.0,-0.9433962264150944,3202.5,210.0
2026-08-31T05:15:29+00:00,2026-08-31T11:00:29+05:45,2026-08-31,11:00:29,1788153329,0,5,11,nepse_official,OPEN,2026-08-31,KBSH,Kutheli Bukhari Small Hydropower Limited,924.0,924.0,924.0,,924.0,880.0,44.0,,10.0,9240.0,1.0,0.0,0.0,5.0,9240.0,924.0
2026-08-31T05:15:29+00:00,2026-08-31T11:00:29+05:45,2026-08-31,11:00:29,1788153329,0,5,11,nepse_official,OPEN,2026-08-31,LEC,Liberty Energy Company Limited,213.0,213.0,213.0,,213.0,213.0,0.0,,10.0,2130.0,1.0,0.0,0.0,0.0,2130.0,213.0
2026-08-31T05:15:29+00:00,2026-08-31T11:00:29+05:45,2026-08-31,11:00:29,1788153329,0,5,11,nepse_official,OPEN,2026-08-31,MBJC,Madhya Bhotekoshi Jalavidyut Company Limited,255.0,255.0,255.0,,255.0,257.1,-2.1000000000000227,,280.0,71400.0,3.0,0.0,0.0,-0.8168028004667532,23800.0,255.0
2026-08-31T05:15:29+00:00,2026-08-31T11:00:29+05:45,2026-08-31,11:00:29,1788153329,0,5,11,nepse_official,OPEN,2026-08-31,MBLEF,MBL Equity Fund,9.5,9.5,9.5,,9.5,9.51,-0.009999999999999787,,100.0,950.0,1.0,0.0,0.0,-0.10515247108306822,950.0,9.5
2026-08-31T05:15:29+00:00,2026-08-31T11:00:29+05:45,2026-08-31,11:00:29,1788153329,0,5,11,nepse_official,OPEN,2026-08-31,MEN,Mountain Energy Nepal Limited,618.0,618.0,618.0,,618.0,618.0,0.0,,160.0,98880.0,1.0,0.0,0.0,0.0,98880.0,618.0
2026-08-31T05:15:29+00:00,2026-08-31T11:00:29+05:45,2026-08-31,11:00:29,1788153329,0,5,11,nepse_official,OPEN,2026-08-31,MEPDL,Mount Everest Power Development Limited,675.0,675.0,675.0,,675.0,675.0,0.0,,23.0,15525.0,3.0,0.0,0.0,0.0,5175.0,675.0
2026-08-31T05:15:29+00:00,2026-08-31T11:00:29+05:45,2026-08-31,11:00:29,1788153329,0,5,11,nepse_official,OPEN,2026-08-31,MFIL,Manjushree Finance Ltd.,705.0,705.0,705.0,,705.0,735.0,-30.0,,20.0,14100.0,1.0,0.0,0.0,-4.081632653061225,14100.0,705.0
2026-08-31T05:15:29+00:00,2026-08-31T11:00:29+05:45,2026-08-31,11:00:29,1788153329,0,5,11,nepse_official,OPEN,2026-08-31,MKJC,Mailung Khola Jal Vidhyut Company Limited,320.0,320.0,320.0,,320.0,325.0,-5.0,,10.0,3200.0,1.0,0.0,0.0,-1.5384615384615385,3200.0,320.0
2026-08-31T05:15:29+00:00,2026-08-31T11:00:29+05:45,2026-08-31,11:00:29,1788153329,0,5,11,nepse_official,OPEN,2026-08-31,MMKJL,Mathillo Mailun Khola Jalvidhyut Limited,340.0,340.0,340.0,,340.0,345.0,-5.0,,10.0,3400.0,1.0,0.0,0.0,-1.4492753623188406,3400.0,340.0
2026-08-31T05:15:29+00:00,2026-08-31T11:00:29+05:45,2026-08-31,11:00:29,1788153329,0,5,11,nepse_official,OPEN,2026-08-31,NABIL,Nabil Bank Limited,540.0,540.0,540.0,,540.0,540.2,-0.20000000000004547,,132.0,71280.0,6.0,0.0,0.0,-0.037023324694565984,11880.0,540.0
2026-08-31T05:15:29+00:00,2026-08-31T11:00:29+05:45,2026-08-31,11:00:29,1788153329,0,5,11,nepse_official,OPEN,2026-08-31,NICA,NIC Asia Bank Ltd.,308.0,308.0,308.0,,308.0,308.1,-0.10000000000002274,,30.0,9240.0,1.0,0.0,0.0,-0.03245699448231831,9240.0,308.0
2026-08-31T05:15:29+00:00,2026-08-31T11:00:29+05:45,2026-08-31,11:00:29,1788153329,0,5,11,nepse_official,OPEN,2026-08-31,NIFRA,Nepal Infrastructure Bank Limited,240.0,240.0,240.0,,240.0,239.0,1.0,,375.0,90000.0,6.0,0.0,0.0,0.41841004184100417,15000.0,240.0
2026-08-31T05:15:29+00:00,2026-08-31T11:00:29+05:45,2026-08-31,11:00:29,1788153329,0,5,11,nepse_official,OPEN,2026-08-31,NIMB,Nepal Investment Mega Bank Limited,190.0,190.0,190.0,,190.0,185.0,5.0,,20.0,3800.0,2.0,0.0,0.0,2.7027027027027026,1900.0,190.0
2026-08-31T05:15:29+00:00,2026-08-31T11:00:29+05:45,2026-08-31,11:00:29,1788153329,0,5,11,nepse_official,OPEN,2026-08-31,NLIC,Nepal Life Insurance Co. Ltd.,690.0,690.0,690.0,,690.0,690.3,-0.2999999999999545,,40.0,27600.0,1.0,0.0,0.0,-0.04345936549325721,27600.0,690.0
2026-08-31T05:15:29+00:00,2026-08-31T11:00:29+05:45,2026-08-31,11:00:29,1788153329,0,5,11,nepse_official,OPEN,2026-08-31,NRIC,Nepal Reinsurance Company Limited,851.0,851.0,851.0,,851.0,851.0,0.0,,15.0,12765.0,1.0,0.0,0.0,0.0,12765.0,851.0
2026-08-31T05:15:29+00:00,2026-08-31T11:00:29+05:45,2026-08-31,11:00:29,1788153329,0,5,11,nepse_official,OPEN,2026-08-31,PCIL,Palpa Cement Industries Limited,621.0,621.0,621.0,,621.0,621.0,0.0,,70.0,43470.0,7.0,0.0,0.0,0.0,6210.0,621.0
2026-08-31T05:15:29+00:00,2026-08-31T11:00:29+05:45,2026-08-31,11:00:29,1788153329,0,5,11,nepse_official,OPEN,2026-08-31,PPL,People's Power Limited,293.0,293.0,293.0,,293.0,308.0,-15.0,,10.0,2930.0,1.0,0.0,0.0,-4.870129870129871,2930.0,293.0
2026-08-31T05:15:29+00:00,2026-08-31T11:00:29+05:45,2026-08-31,11:00:29,1788153329,0,5,11,nepse_official,OPEN,2026-08-31,PRVU,Prabhu  Bank Limited,169.7,169.7,169.7,,169.7,178.6,-8.900000000000006,,10.0,1697.0,1.0,0.0,0.0,-4.983202687569992,1697.0,169.7
2026-08-31T05:15:29+00:00,2026-08-31T11:00:29+05:45,2026-08-31,11:00:29,1788153329,0,5,11,nepse_official,OPEN,2026-08-31,RAWA,Rawa Energy Development Limited,427.5,427.5,427.5,,427.5,407.2,20.30000000000001,,10.0,4275.0,1.0,0.0,0.0,4.9852652259332055,4275.0,427.5
2026-08-31T05:15:29+00:00,2026-08-31T11:00:29+05:45,2026-08-31,11:00:29,1788153329,0,5,11,nepse_official,OPEN,2026-08-31,RHPL,RASUWAGADHI HYDROPOWER COMPANY LIMITED,183.0,183.0,183.0,,183.0,188.0,-5.0,,100.0,18300.0,3.0,0.0,0.0,-2.6595744680851063,6100.0,183.0
2026-08-31T05:15:29+00:00,2026-08-31T11:00:29+05:45,2026-08-31,11:00:29,1788153329,0,5,11,nepse_official,OPEN,2026-08-31,RLEL,Ridge Line Energy Limited,801.8,801.8,801.8,,801.8,844.0,-42.200000000000045,,30.0,24054.0,3.0,0.0,0.0,-5.000000000000005,8018.0,801.8
2026-08-31T05:15:29+00:00,2026-08-31T11:00:29+05:45,2026-08-31,11:00:29,1788153329,0,5,11,nepse_official,OPEN,2026-08-31,RNLI,Reliable Nepal Life Insurance Limited,415.0,415.0,415.0,,415.0,415.0,0.0,,30.0,12450.0,3.0,0.0,0.0,0.0,4150.0,415.0
2026-08-31T05:15:29+00:00,2026-08-31T11:00:29+05:45,2026-08-31,11:00:29,1788153329,0,5,11,nepse_official,OPEN,2026-08-31,SAHAS,Sahas Urja Limited,682.0,682.0,682.0,,682.0,682.0,0.0,,552.0,376464.0,5.0,0.0,0.0,0.0,75292.8,682.0
2026-08-31T05:15:29+00:00,2026-08-31T11:00:29+05:45,2026-08-31,11:00:29,1788153329,0,5,11,nepse_official,OPEN,2026-08-31,SANIMA,Sanima Bank Limited,359.0,359.0,359.0,,359.0,369.0,-10.0,,590.0,211810.0,7.0,0.0,0.0,-2.710027100271003,30258.571428571428,359.0
2026-08-31T05:15:29+00:00,2026-08-31T11:00:29+05:45,2026-08-31,11:00:29,1788153329,0,5,11,nepse_official,OPEN,2026-08-31,SAPIL,Sarvottam Paints Industries Limited,1464.5,1464.5,1464.5,,1464.5,1394.8,69.70000000000005,,260.0,380770.0,23.0,0.0,0.0,4.997132205334101,16555.217391304348,1464.5
2026-08-31T05:15:29+00:00,2026-08-31T11:00:29+05:45,2026-08-31,11:00:29,1788153329,0,5,11,nepse_official,OPEN,2026-08-31,SARBTM,Sarbottam Cement Limited,799.9,799.9,799.9,,799.9,793.0,6.899999999999977,,100.0,79990.0,1.0,0.0,0.0,0.8701134930643099,79990.0,799.9
2026-08-31T05:15:29+00:00,2026-08-31T11:00:29+05:45,2026-08-31,11:00:29,1788153329,0,5,11,nepse_official,OPEN,2026-08-31,SBI,Nepal SBI Bank Limited,415.0,415.0,415.0,,415.0,400.0,15.0,,30.0,12450.0,1.0,0.0,0.0,3.75,12450.0,415.0
2026-08-31T05:15:29+00:00,2026-08-31T11:00:29+05:45,2026-08-31,11:00:29,1788153329,0,5,11,nepse_official,OPEN,2026-08-31,SGHL,Sanigad Hydro Limited,494.0,494.0,494.0,,494.0,493.8,0.19999999999998863,,10.0,4940.0,1.0,0.0,0.0,0.040502227622516936,4940.0,494.0
2026-08-31T05:15:29+00:00,2026-08-31T11:00:29+05:45,2026-08-31,11:00:29,1788153329,0,5,11,nepse_official,OPEN,2026-08-31,SHIVM,SHIVAM CEMENTS LTD,665.0,665.0,655.0,,655.0,650.0,5.0,,888.0,588990.0,6.0,10.0,1.5037593984962405,0.7692307692307693,98165.0,663.277027027027
2026-08-31T05:15:29+00:00,2026-08-31T11:00:29+05:45,2026-08-31,11:00:29,1788153329,0,5,11,nepse_official,OPEN,2026-08-31,SIGS2,Siddhartha Investment Growth Scheme - 2,10.27,10.27,10.27,,10.27,10.27,0.0,,2000.0,20540.0,2.0,0.0,0.0,0.0,10270.0,10.27
2026-08-31T05:15:29+00:00,2026-08-31T11:00:29+05:45,2026-08-31,11:00:29,1788153329,0,5,11,nepse_official,OPEN,2026-08-31,SJCL,SANJEN JALAVIDHYUT COMPANY LIMITED,227.0,227.0,227.0,,227.0,227.0,0.0,,560.0,127120.0,8.0,0.0,0.0,0.0,15890.0,227.0
2026-08-31T05:15:29+00:00,2026-08-31T11:00:29+05:45,2026-08-31,11:00:29,1788153329,0,5,11,nepse_official,OPEN,2026-08-31,SMFBS,Swabhimaan Laghubitta Bittiya Sanstha Limited,1305.0,1305.0,1305.0,,1305.0,1369.0,-64.0,,10.0,13050.0,1.0,0.0,0.0,-4.6749452154857565,13050.0,1305.0
2026-08-31T05:15:29+00:00,2026-08-31T11:00:29+05:45,2026-08-31,11:00:29,1788153329,0,5,11,nepse_official,OPEN,2026-08-31,SNLI,Sun Nepal Life Insurance Company Limited,380.0,380.0,380.0,,380.0,390.0,-10.0,,50.0,19000.0,1.0,0.0,0.0,-2.564102564102564,19000.0,380.0
2026-08-31T05:15:29+00:00,2026-08-31T11:00:29+05:45,2026-08-31,11:00:29,1788153329,0,5,11,nepse_official,OPEN,2026-08-31,SOHL,Solu Hydropower Limited,660.0,660.0,660.0,,660.0,660.0,0.0,,10.0,6600.0,1.0,0.0,0.0,0.0,6600.0,660.0
2026-08-31T05:15:29+00:00,2026-08-31T11:00:29+05:45,2026-08-31,11:00:29,1788153329,0,5,11,nepse_official,OPEN,2026-08-31,SONA,Sonapur Minerals And Oil Limited,415.0,415.0,415.0,,415.0,408.0,7.0,,200.0,83000.0,4.0,0.0,0.0,1.715686274509804,20750.0,415.0
2026-08-31T05:15:29+00:00,2026-08-31T11:00:29+05:45,2026-08-31,11:00:29,1788153329,0,5,11,nepse_official,OPEN,2026-08-31,SOPL,Sopan Pharmaceuticals Limited,758.0,758.0,758.0,,758.0,758.0,0.0,,40.0,30320.0,4.0,0.0,0.0,0.0,7580.0,758.0
2026-08-31T05:15:29+00:00,2026-08-31T11:00:29+05:45,2026-08-31,11:00:29,1788153329,0,5,11,nepse_official,OPEN,2026-08-31,SYPNL,SY Panel Nepal Limited,1244.3,1244.3,1244.3,,1244.3,1244.3,0.0,,100.0,124430.0,6.0,0.0,0.0,0.0,20738.333333333332,1244.3
2026-08-31T05:15:29+00:00,2026-08-31T11:00:29+05:45,2026-08-31,11:00:29,1788153329,0,5,11,nepse_official,OPEN,2026-08-31,TPC,Terhathum Power Company Limited,345.0,345.0,345.0,,345.0,350.0,-5.0,,10.0,3450.0,1.0,0.0,0.0,-1.4285714285714286,3450.0,345.0
2026-08-31T05:15:29+00:00,2026-08-31T11:00:29+05:45,2026-08-31,11:00:29,1788153329,0,5,11,nepse_official,OPEN,2026-08-31,TPKHL,Taksar Pikhuwa Khola Hydropower Limited,490.1,490.1,490.1,,490.1,509.0,-18.899999999999977,,10.0,4901.0,1.0,0.0,0.0,-3.7131630648330014,4901.0,490.1
2026-08-31T05:15:29+00:00,2026-08-31T11:00:29+05:45,2026-08-31,11:00:29,1788153329,0,5,11,nepse_official,OPEN,2026-08-31,UAIL,United Ajod Insurance Limited,380.0,380.0,380.0,,380.0,388.8,-8.800000000000011,,30.0,11400.0,2.0,0.0,0.0,-2.2633744855967106,5700.0,380.0
2026-08-31T05:15:29+00:00,2026-08-31T11:00:29+05:45,2026-08-31,11:00:29,1788153329,0,5,11,nepse_official,OPEN,2026-08-31,UHEWA,Upper Hewakhola Hydropower Company Limited,600.0,600.0,600.0,,600.0,604.0,-4.0,,10.0,6000.0,1.0,0.0,0.0,-0.6622516556291391,6000.0,600.0
2026-08-31T05:15:29+00:00,2026-08-31T11:00:29+05:45,2026-08-31,11:00:29,1788153329,0,5,11,nepse_official,OPEN,2026-08-31,ULBSL,Upakar Laghubitta Bittiya Sanstha Limited,2310.0,2310.0,2310.0,,2310.0,2408.0,-98.0,,10.0,23100.0,1.0,0.0,0.0,-4.069767441860465,23100.0,2310.0
2026-08-31T05:15:29+00:00,2026-08-31T11:00:29+05:45,2026-08-31,11:00:29,1788153329,0,5,11,nepse_official,OPEN,2026-08-31,UNHPL,Union Hydropower Limited,345.0,345.0,345.0,,345.0,358.0,-13.0,,10.0,3450.0,1.0,0.0,0.0,-3.6312849162011176,3450.0,345.0
2026-08-31T05:15:29+00:00,2026-08-31T11:00:29+05:45,2026-08-31,11:00:29,1788153329,0,5,11,nepse_official,OPEN,2026-08-31,UPPER,Upper Tamakoshi Hydropower Ltd,184.0,184.0,184.0,,184.0,184.0,0.0,,20.0,3680.0,2.0,0.0,0.0,0.0,1840.0,184.0
2026-08-31T05:15:29+00:00,2026-08-31T11:00:29+05:45,2026-08-31,11:00:29,1788153329,0,5,11,nepse_official,OPEN,2026-08-31,YMHL,Yambaling Hydropower Limited,575.0,575.0,575.0,,575.0,593.9,-18.899999999999977,,10.0,5750.0,1.0,0.0,0.0,-3.1823539316383194,5750.0,575.0
2026-08-31T05:45:27+00:00,2026-08-31T11:30:27+05:45,2026-08-31,11:30:27,1788155127,0,5,11,nepse_official,OPEN,2026-08-31,ACLBSL,Aarambha Chautari Laghubitta Bittiya Sanstha Limited,900.0,900.0,896.4,,896.4,900.0,-3.6000000000000227,,417.0,374970.0,6.0,3.6000000000000227,0.4000000000000025,-0.4000000000000025,62495.0,899.2086330935252
2026-08-31T05:45:27+00:00,2026-08-31T11:30:27+05:45,2026-08-31,11:30:27,1788155127,0,5,11,nepse_official,OPEN,2026-08-31,ADBL,Agricultural Development Bank Limited,305.0,305.0,291.2,,297.0,299.0,-2.0,,1320.0,391432.6,18.0,13.800000000000011,4.5245901639344295,-0.6688963210702341,21746.255555555555,296.53984848484845
2026-08-31T05:45:27+00:00,2026-08-31T11:30:27+05:45,2026-08-31,11:30:27,1788155127,0,5,11,nepse_official,OPEN,2026-08-31,AHL,Asian Hydropower Limited,380.0,380.0,378.5,,378.5,390.0,-11.5,,360.0,136575.0,8.0,1.5,0.39473684210526316,-2.9487179487179485,17071.875,379.375
2026-08-31T05:45:27+00:00,2026-08-31T11:30:27+05:45,2026-08-31,11:30:27,1788155127,0,5,11,nepse_official,OPEN,2026-08-31,AHPC,Arun Valley Hydropower Development Co. Ltd.,251.0,251.2,247.3,,248.4,252.7,-4.299999999999983,,9899.0,2463302.3,45.0,3.8999999999999773,1.5537848605577598,-1.7016224772457393,54740.051111111105,248.84354985352053
2026-08-31T05:45:27+00:00,2026-08-31T11:30:27+05:45,2026-08-31,11:30:27,1788155127,0,5,11,nepse_official,OPEN,2026-08-31,AKJCL,Ankhu Khola Jalvidhyut Company Ltd,343.0,345.3,335.1,,339.0,343.0,-4.0,,9950.0,3378968.1,38.0,10.199999999999989,2.9737609329446033,-1.1661807580174928,88920.21315789474,339.594783919598
2026-08-31T05:45:27+00:00,2026-08-31T11:30:27+05:45,2026-08-31,11:30:27,1788155127,0,5,11,nepse_official,OPEN,2026-08-31,AKPL,Arun Kabeli Power Ltd.,238.0,240.2,238.0,,239.0,244.0,-5.0,,8980.0,2150753.5,27.0,2.1999999999999886,0.9243697478991548,-2.0491803278688523,79657.53703703704,239.50484409799554
2026-08-31T05:45:27+00:00,2026-08-31T11:30:27+05:45,2026-08-31,11:30:27,1788155127,0,5,11,nepse_official,OPEN,2026-08-31,ALBSL,Asha Laghubitta Bittiya Sanstha Ltd,1071.0,1074.0,1071.0,,1074.0,1108.0,-34.0,,65.0,69700.2,4.0,3.0,0.2801120448179272,-3.068592057761733,17425.05,1072.3107692307692
2026-08-31T05:45:27+00:00,2026-08-31T11:30:27+05:45,2026-08-31,11:30:27,1788155127,0,5,11,nepse_official,OPEN,2026-08-31,ALICL,Asian Life Insurance Co. Limited,391.2,391.2,391.2,,391.2,402.3,-11.100000000000023,,51.0,19951.2,1.0,0.0,0.0,-2.75913497390008,19951.2,391.2
2026-08-31T05:45:27+00:00,2026-08-31T11:30:27+05:45,2026-08-31,11:30:27,1788155127,0,5,11,nepse_official,OPEN,2026-08-31,ANLB,Aatmanirbhar Laghubitta Bittiya Sanstha Limited,4800.0,4816.8,4800.0,,4811.0,4920.0,-109.0,,40.0,192428.0,4.0,16.800000000000182,0.35000000000000375,-2.215447154471545,48107.0,4810.7
2026-08-31T05:45:27+00:00,2026-08-31T11:30:27+05:45,2026-08-31,11:30:27,1788155127,0,5,11,nepse_official,OPEN,2026-08-31,APHL,Appolo Hydropower Limited,674.5,680.0,670.1,,675.0,689.0,-14.0,,384.0,257908.4,19.0,9.899999999999977,1.4677538917716793,-2.0319303338171264,13574.126315789474,671.6364583333333
2026-08-31T05:45:27+00:00,2026-08-31T11:30:27+05:45,2026-08-31,11:30:27,1788155127,0,5,11,nepse_official,OPEN,2026-08-31,API,Api Power Company Ltd.,325.9,325.9,321.7,,325.0,325.9,-0.8999999999999773,,14835.0,4783406.5,65.0,4.199999999999989,1.288738876956118,-0.2761583307763048,73590.86923076923,322.4406134142231
2026-08-31T05:45:27+00:00,2026-08-31T11:30:27+05:45,2026-08-31,11:30:27,1788155127,0,5,11,nepse_official,OPEN,2026-08-31,AVYAN,Aviyan Laghubitta Bittiya Sanstha Limited,1004.0,1004.0,1000.0,,1000.0,1017.6,-17.600000000000023,,730.0,731340.0,7.0,4.0,0.398406374501992,-1.729559748427675,104477.14285714286,1001.8356164383562
2026-08-31T05:45:27+00:00,2026-08-31T11:30:27+05:45,2026-08-31,11:30:27,1788155127,0,5,11,nepse_official,OPEN,2026-08-31,BANDIPUR,Bandipur Cablecar and Tourism Limited,657.0,657.0,646.3,,647.3,657.0,-9.700000000000045,,490.0,317649.0,24.0,10.700000000000045,1.628614916286156,-1.476407914764086,13235.375,648.2632653061224
2026-08-31T05:45:27+00:00,2026-08-31T11:30:27+05:45,2026-08-31,11:30:27,1788155127,0,5,11,nepse_official,OPEN,2026-08-31,BARUN,Barun Hydropower Co. Ltd.,312.0,312.0,310.1,,310.1,313.9,-3.7999999999999545,,490.0,152440.0,7.0,1.8999999999999773,0.6089743589743517,-1.2105766167569145,21777.14285714286,311.1020408163265
2026-08-31T05:45:27+00:00,2026-08-31T11:30:27+05:45,2026-08-31,11:30:27,1788155127,0,5,11,nepse_official,OPEN,2026-08-31,BEDC,Bhugol Energy Development Company Limited,285.0,289.0,281.5,,289.0,289.0,0.0,,120.0,34215.0,4.0,7.5,2.631578947368421,0.0,8553.75,285.125
2026-08-31T05:45:27+00:00,2026-08-31T11:30:27+05:45,2026-08-31,11:30:27,1788155127,0,5,11,nepse_official,OPEN,2026-08-31,BFC,Best Finance Company Ltd.,465.0,465.0,453.0,,453.0,459.7,-6.699999999999989,,630.0,289590.0,6.0,12.0,2.5806451612903225,-1.457472264520337,48265.0,459.6666666666667
2026-08-31T05:45:27+00:00,2026-08-31T11:30:27+05:45,2026-08-31,11:30:27,1788155127,0,5,11,nepse_official,OPEN,2026-08-31,BGWT,Bhagawati Hydropower Development Company Limited,505.0,506.0,485.0,,485.0,513.0,-28.0,,257.0,126380.0,8.0,21.0,4.158415841584159,-5.458089668615984,15797.5,491.7509727626459
2026-08-31T05:45:27+00:00,2026-08-31T11:30:27+05:45,2026-08-31,11:30:27,1788155127,0,5,11,nepse_official,OPEN,2026-08-31,BHCL,Bikash Hydropower Company Limited,528.0,558.0,528.0,,546.0,555.0,-9.0,,924.0,503935.5,23.0,30.0,5.681818181818182,-1.6216216216216217,21910.239130434784,545.3847402597403
2026-08-31T05:45:27+00:00,2026-08-31T11:30:27+05:45,2026-08-31,11:30:27,1788155127,0,5,11,nepse_official,OPEN,2026-08-31,BHDC,Bindhyabasini Hydropower Development Company Limited,417.0,417.0,414.0,,414.0,420.0,-6.0,,1632.0,677098.0,9.0,3.0,0.7194244604316548,-1.4285714285714286,75233.11111111111,414.88848039215685
2026-08-31T05:45:27+00:00,2026-08-31T11:30:27+05:45,2026-08-31,11:30:27,1788155127,0,5,11,nepse_official,OPEN,2026-08-31,BHL,Balephi Hydropower Limited,200.0,200.0,197.4,,198.9,199.7,-0.799999999999983,,10045.0,1997898.5,64.0,2.5999999999999943,1.2999999999999972,-0.4006009013520195,31217.1640625,198.89482329517173
2026-08-31T05:45:27+00:00,2026-08-31T11:30:27+05:45,2026-08-31,11:30:27,1788155127,0,5,11,nepse_official,OPEN,2026-08-31,BHPL,Barahi Hydropower Public Limited,450.0,450.0,450.0,,450.0,458.0,-8.0,,20.0,9000.0,2.0,0.0,0.0,-1.7467248908296942,4500.0,450.0
2026-08-31T05:45:27+00:00,2026-08-31T11:30:27+05:45,2026-08-31,11:30:27,1788155127,0,5,11,nepse_official,OPEN,2026-08-31,BJHL,Bhujung Hydropower Limited,645.1,660.0,645.1,,660.0,665.0,-5.0,,180.0,116513.0,9.0,14.899999999999977,2.3097194233452143,-0.7518796992481203,12945.888888888889,647.2944444444445
2026-08-31T05:45:27+00:00,2026-08-31T11:30:27+05:45,2026-08-31,11:30:27,1788155127,0,5,11,nepse_official,OPEN,2026-08-31,BNHC,Buddha Bhumi Nepal Hydropower Company Limited,255.0,263.0,255.0,,259.0,263.6,-4.600000000000023,,2568.0,665800.0,17.0,8.0,3.1372549019607843,-1.7450682852807369,39164.705882352944,259.26791277258565
2026-08-31T05:45:27+00:00,2026-08-31T11:30:27+05:45,2026-08-31,11:30:27,1788155127,0,5,11,nepse_official,OPEN,2026-08-31,BPCL,Butwal Power Company Limited,635.0,635.0,634.9,,635.0,640.0,-5.0,,174.0,110485.0,6.0,0.10000000000002274,0.015748031496066572,-0.78125,18414.166666666668,634.971264367816
2026-08-31T05:45:27+00:00,2026-08-31T11:30:27+05:45,2026-08-31,11:30:27,1788155127,0,5,11,nepse_official,OPEN,2026-08-31,BUNGAL,Bungal Hydro Limited,540.0,540.0,524.0,,524.0,542.9,-18.899999999999977,,1070.0,566682.0,23.0,16.0,2.9629629629629632,-3.481304107570451,24638.347826086956,529.6093457943925
2026-08-31T05:45:27+00:00,2026-08-31T11:30:27+05:45,2026-08-31,11:30:27,1788155127,0,5,11,nepse_official,OPEN,2026-08-31,CBBL,Chhimek Laghubitta Bittiya Sanstha Limited,932.0,934.0,927.0,,927.0,932.0,-5.0,,445.0,413917.0,13.0,7.0,0.7510729613733905,-0.5364806866952789,31839.76923076923,930.1505617977529
2026-08-31T05:45:27+00:00,2026-08-31T11:30:27+05:45,2026-08-31,11:30:27,1788155127,0,5,11,nepse_official,OPEN,2026-08-31,CFCL,Central Finance Co. Ltd.,560.0,587.7,560.0,,577.1,585.7,-8.600000000000023,,3135.0,1811206.0,17.0,27.700000000000045,4.946428571428579,-1.4683284958169749,106541.5294117647,577.7371610845295
2026-08-31T05:45:27+00:00,2026-08-31T11:30:27+05:45,2026-08-31,11:30:27,1788155127,0,5,11,nepse_official,OPEN,2026-08-31,CHCL,Chilime Hydropower Company Limited,395.0,395.0,370.0,,371.0,405.0,-34.0,,84590.0,31804590.4,538.0,25.0,6.329113924050633,-8.395061728395062,59116.33903345725,375.9852275682705
2026-08-31T05:45:27+00:00,2026-08-31T11:30:27+05:45,2026-08-31,11:30:27,1788155127,0,5,11,nepse_official,OPEN,2026-08-31,CHDC,CEDB Holdings Limited,2170.0,2170.0,2170.0,,2170.0,2183.0,-13.0,,65.0,141050.0,4.0,0.0,0.0,-0.5955107650022904,35262.5,2170.0
2026-08-31T05:45:27+00:00,2026-08-31T11:30:27+05:45,2026-08-31,11:30:27,1788155127,0,5,11,nepse_official,OPEN,2026-08-31,CHL,Chhyangdi Hydropower Ltd.,258.4,258.4,258.4,,258.4,258.4,0.0,,30.0,7752.0,2.0,0.0,0.0,0.0,3876.0,258.4
2026-08-31T05:45:27+00:00,2026-08-31T11:30:27+05:45,2026-08-31,11:30:27,1788155127,0,5,11,nepse_official,OPEN,2026-08-31,CIT,Citizen Investment Trust,1670.1,1670.1,1670.0,,1670.0,1670.0,0.0,,40.0,66801.0,3.0,0.09999999999990905,0.005987665409251486,0.0,22267.0,1670.025
2026-08-31T05:45:27+00:00,2026-08-31T11:30:27+05:45,2026-08-31,11:30:27,1788155127,0,5,11,nepse_official,OPEN,2026-08-31,CITY,City Hotel Limited,329.7,355.0,329.7,,349.0,347.0,2.0,,2921.0,1012200.1,25.0,25.30000000000001,7.673642705489843,0.5763688760806917,40488.004,346.5251968503937
2026-08-31T05:45:27+00:00,2026-08-31T11:30:27+05:45,2026-08-31,11:30:27,1788155127,0,5,11,nepse_official,OPEN,2026-08-31,CKHL,Chirkhwa Hydropower Limited ,558.0,558.0,558.0,,558.0,575.0,-17.0,,25.0,13950.0,2.0,0.0,0.0,-2.9565217391304346,6975.0,558.0
2026-08-31T05:45:27+00:00,2026-08-31T11:30:27+05:45,2026-08-31,11:30:27,1788155127,0,5,11,nepse_official,OPEN,2026-08-31,CLI,Citizen Life Insurance Company Limited,415.0,417.0,415.0,,415.0,417.1,-2.1000000000000227,,593.0,246168.1,20.0,2.0,0.48192771084337355,-0.5034763845600629,12308.405,415.1232715008432
2026-08-31T05:45:27+00:00,2026-08-31T11:30:27+05:45,2026-08-31,11:30:27,1788155127,0,5,11,nepse_official,OPEN,2026-08-31,CORBL,Corporate Development Bank Limited,900.0,903.0,880.2,,880.2,902.2,-22.0,,2134.0,1901076.8,38.0,22.799999999999955,2.5333333333333283,-2.4384837064952336,50028.336842105266,890.8513589503281
2026-08-31T05:45:27+00:00,2026-08-31T11:30:27+05:45,2026-08-31,11:30:27,1788155127,0,5,11,nepse_official,OPEN,2026-08-31,CREST,Crest Micro Life Insurance Limited,1100.0,1100.0,1040.0,,1070.0,1074.1,-4.099999999999909,,180.0,191500.0,9.0,60.0,5.454545454545454,-0.38171492412251273,21277.777777777777,1063.888888888889
2026-08-31T05:45:27+00:00,2026-08-31T11:30:27+05:45,2026-08-31,11:30:27,1788155127,0,5,11,nepse_official,OPEN,2026-08-31,CSY,Citizens Santulit Yojana,8.3,8.42,8.3,,8.41,8.5,-0.08999999999999986,,1500.0,12614.0,3.0,0.11999999999999922,1.445783132530111,-1.0588235294117632,4204.666666666667,8.409333333333333
2026-08-31T05:45:27+00:00,2026-08-31T11:30:27+05:45,2026-08-31,11:30:27,1788155127,0,5,11,nepse_official,OPEN,2026-08-31,CYCL,CYC Nepal Laghubitta Bittiya Sanstha Limited,1620.0,1620.0,1532.0,,1551.0,1612.0,-61.0,,1494.0,2338305.1,15.0,88.0,5.432098765432099,-3.784119106699752,155887.00666666668,1565.1305890227577
2026-08-31T05:45:27+00:00,2026-08-31T11:30:27+05:45,2026-08-31,11:30:27,1788155127,0,5,11,nepse_official,OPEN,2026-08-31,CZBIL,Citizens Bank International Limited,192.2,192.3,192.1,,192.3,194.8,-2.5,,714.0,137283.1,12.0,0.20000000000001705,0.10405827263268318,-1.2833675564681724,11440.258333333333,192.2732492997199
2026-08-31T05:45:27+00:00,2026-08-31T11:30:27+05:45,2026-08-31,11:30:27,1788155127,0,5,11,nepse_official,OPEN,2026-08-31,DDBL,Deprosc Laghubitta Bittiya Sanstha Limited,830.0,830.0,830.0,,830.0,835.0,-5.0,,22.0,18260.0,1.0,0.0,0.0,-0.5988023952095809,18260.0,830.0
2026-08-31T05:45:27+00:00,2026-08-31T11:30:27+05:45,2026-08-31,11:30:27,1788155127,0,5,11,nepse_official,OPEN,2026-08-31,DHEL,Daramkhola Hydro Energy Limited,547.1,550.0,546.1,,546.1,564.0,-17.899999999999977,,343.0,187936.0,12.0,3.8999999999999773,0.7128495704624341,-3.173758865248223,15661.333333333334,547.9183673469388
2026-08-31T05:45:27+00:00,2026-08-31T11:30:27+05:45,2026-08-31,11:30:27,1788155127,0,5,11,nepse_official,OPEN,2026-08-31,DHPL,Dibyashwori Hydropower Ltd.,272.0,272.0,272.0,,272.0,274.5,-2.5,,60.0,16320.0,2.0,0.0,0.0,-0.9107468123861567,8160.0,272.0
2026-08-31T05:45:27+00:00,2026-08-31T11:30:27+05:45,2026-08-31,11:30:27,1788155127,0,5,11,nepse_official,OPEN,2026-08-31,DLBS,Dhaulagiri Laghubitta Bittiya Sanstha Limited,985.0,985.0,985.0,,985.0,1007.1,-22.100000000000023,,10.0,9850.0,1.0,0.0,0.0,-2.1944196206930813,9850.0,985.0
2026-08-31T05:45:27+00:00,2026-08-31T11:30:27+05:45,2026-08-31,11:30:27,1788155127,0,5,11,nepse_official,OPEN,2026-08-31,DOLTI,Dolti Power Company Limited,285.0,287.0,285.0,,287.0,291.6,-4.600000000000023,,155.0,44365.0,5.0,2.0,0.7017543859649122,-1.5775034293552888,8873.0,286.2258064516129
2026-08-31T05:45:27+00:00,2026-08-31T11:30:27+05:45,2026-08-31,11:30:27,1788155127,0,5,11,nepse_official,OPEN,2026-08-31,DORDI,Dordi Khola Jal Bidyut Company Limited,242.0,242.0,238.0,,238.0,242.0,-4.0,,743.0,178194.0,11.0,4.0,1.6528925619834711,-1.6528925619834711,16199.454545454546,239.83041722745625
2026-08-31T05:45:27+00:00,2026-08-31T11:30:27+05:45,2026-08-31,11:30:27,1788155127,0,5,11,nepse_official,OPEN,2026-08-31,EBL,Everest Bank Limited,726.0,726.0,691.5,,705.9,729.5,-23.600000000000023,,11352.0,8016291.8,137.0,34.5,4.75206611570248,-3.235092529129544,58513.078832116786,706.1567829457364
2026-08-31T05:45:27+00:00,2026-08-31T11:30:27+05:45,2026-08-31,11:30:27,1788155127,0,5,11,nepse_official,OPEN,2026-08-31,EBLD91,Everest Bank Limited Debenture 2091,1058.0,1058.0,1058.0,,1058.0,1061.0,-3.0,,25.0,26450.0,1.0,0.0,0.0,-0.2827521206409048,26450.0,1058.0
2026-08-31T05:45:27+00:00,2026-08-31T11:30:27+05:45,2026-08-31,11:30:27,1788155127,0,5,11,nepse_official,OPEN,2026-08-31,ECL,Everest Colour Limited,1400.0,1400.0,1377.0,,1390.1,1400.0,-9.900000000000091,,1254.0,1744827.0,64.0,23.0,1.6428571428571428,-0.7071428571428636,27262.921875,1391.409090909091
2026-08-31T05:45:27+00:00,2026-08-31T11:30:27+05:45,2026-08-31,11:30:27,1788155127,0,5,11,nepse_official,OPEN,2026-08-31,EHPL,Eastern Hydropower Limited,329.5,329.5,313.0,,313.0,313.9,-0.8999999999999773,,700.0,220935.0,11.0,16.5,5.007587253414264,-0.2867155144950549,20085.0,315.62142857142857
2026-08-31T05:45:27+00:00,2026-08-31T11:30:27+05:45,2026-08-31,11:30:27,1788155127,0,5,11,nepse_official,OPEN,2026-08-31,ENL,Emerging Nepal Limited,765.0,785.0,764.5,,765.0,764.0,1.0,,345.0,264120.0,6.0,20.5,2.679738562091503,0.13089005235602094,44020.0,765.5652173913044
2026-08-31T05:45:27+00:00,2026-08-31T11:30:27+05:45,2026-08-31,11:30:27,1788155127,0,5,11,nepse_official,OPEN,2026-08-31,FMDBL,First Micro Finance Laghubitta Bittiya Sanstha Limited,715.5,715.5,700.0,,706.0,728.0,-22.0,,1800.0,1268163.0,14.0,15.5,2.166317260656883,-3.021978021978022,90583.07142857143,704.535
2026-08-31T05:45:27+00:00,2026-08-31T11:30:27+05:45,2026-08-31,11:30:27,1788155127,0,5,11,nepse_official,OPEN,2026-08-31,FOWAD,Forward Microfinance Laghubitta Bittiya Sanstha Limited,878.0,878.0,878.0,,878.0,878.0,0.0,,50.0,43900.0,1.0,0.0,0.0,0.0,43900.0,878.0
2026-08-31T05:45:27+00:00,2026-08-31T11:30:27+05:45,2026-08-31,11:30:27,1788155127,0,5,11,nepse_official,OPEN,2026-08-31,GBBD85,"Garima Debenture, 2085",1054.0,1054.0,1054.0,,1054.0,1054.1,-0.09999999999990905,,25.0,26350.0,1.0,0.0,0.0,-0.009486765961475102,26350.0,1054.0
2026-08-31T05:45:27+00:00,2026-08-31T11:30:27+05:45,2026-08-31,11:30:27,1788155127,0,5,11,nepse_official,OPEN,2026-08-31,GBBL,Garima Bikas Bank Limited,422.0,425.0,419.5,,420.0,422.0,-2.0,,1144.0,482212.5,12.0,5.5,1.3033175355450237,-0.47393364928909953,40184.375,421.5144230769231
2026-08-31T05:45:27+00:00,2026-08-31T11:30:27+05:45,2026-08-31,11:30:27,1788155127,0,5,11,nepse_official,OPEN,2026-08-31,GBIME,Global IME Bank Limited,242.0,246.0,239.5,,240.0,242.0,-2.0,,7009.0,1684959.3,57.0,6.5,2.6859504132231407,-0.8264462809917356,29560.68947368421,240.3993865030675
2026-08-31T05:45:27+00:00,2026-08-31T11:30:27+05:45,2026-08-31,11:30:27,1788155127,0,5,11,nepse_official,OPEN,2026-08-31,GBLBS,Grameen Bikas Laghubitta Bittiya Sanstha Ltd.,660.0,660.0,660.0,,660.0,666.0,-6.0,,50.0,33000.0,1.0,0.0,0.0,-0.9009009009009009,33000.0,660.0
2026-08-31T05:45:27+00:00,2026-08-31T11:30:27+05:45,2026-08-31,11:30:27,1788155127,0,5,11,nepse_official,OPEN,2026-08-31,GCIL,Ghorahi Cement Industry Limited,375.0,380.0,375.0,,376.5,370.0,6.5,,22889.0,8623980.4,162.0,5.0,1.3333333333333335,1.7567567567567568,53234.44691358025,376.77401371838005
2026-08-31T05:45:27+00:00,2026-08-31T11:30:27+05:45,2026-08-31,11:30:27,1788155127,0,5,11,nepse_official,OPEN,2026-08-31,GFCL,Goodwill Finance Limited,563.3,563.3,562.0,,563.3,570.0,-6.7000000000000455,,844.0,474718.0,5.0,1.2999999999999545,0.23078288656132695,-1.1754385964912362,94943.6,562.4620853080569
2026-08-31T05:45:27+00:00,2026-08-31T11:30:27+05:45,2026-08-31,11:30:27,1788155127,0,5,11,nepse_official,OPEN,2026-08-31,GHL,Ghalemdi Hydro Limited,225.0,230.0,220.0,,225.9,226.9,-1.0,,7151.0,1594284.0,31.0,10.0,4.444444444444445,-0.4407227853680035,51428.51612903226,222.9456020137044
2026-08-31T05:45:27+00:00,2026-08-31T11:30:27+05:45,2026-08-31,11:30:27,1788155127,0,5,11,nepse_official,OPEN,2026-08-31,GLH,GreenLife Hydropower Limited,247.5,251.2,242.1,,243.7,247.5,-3.8000000000000114,,302.0,74117.2,13.0,9.099999999999994,3.6767676767676747,-1.53535353535354,5701.323076923077,245.42119205298013
2026-08-31T05:45:27+00:00,2026-08-31T11:30:27+05:45,2026-08-31,11:30:27,1788155127,0,5,11,nepse_official,OPEN,2026-08-31,GMFBS,Ganapati Laghubitta Bittiya Sanstha Limited,1131.0,1131.0,1131.0,,1131.0,1146.0,-15.0,,10.0,11310.0,1.0,0.0,0.0,-1.3089005235602094,11310.0,1131.0
2026-08-31T05:45:27+00:00,2026-08-31T11:30:27+05:45,2026-08-31,11:30:27,1788155127,0,5,11,nepse_official,OPEN,2026-08-31,GMFIL,Guheshowori Merchant Bank & Finance Co. Ltd.,415.0,415.0,415.0,,415.0,418.9,-3.8999999999999773,,70.0,29050.0,1.0,0.0,0.0,-0.9310097875387866,29050.0,415.0
2026-08-31T05:45:27+00:00,2026-08-31T11:30:27+05:45,2026-08-31,11:30:27,1788155127,0,5,11,nepse_official,OPEN,2026-08-31,GMLI,Guardian Micro Life Insurance Limited ,950.0,950.0,922.0,,933.0,958.4,-25.399999999999977,,70.0,65226.0,7.0,28.0,2.9473684210526314,-2.650250417362268,9318.0,931.8
2026-08-31T05:45:27+00:00,2026-08-31T11:30:27+05:45,2026-08-31,11:30:27,1788155127,0,5,11,nepse_official,OPEN,2026-08-31,GRDBL,Green Development Bank Ltd.,961.0,962.0,960.0,,960.0,984.0,-24.0,,162.0,155651.1,8.0,2.0,0.20811654526534862,-2.4390243902439024,19456.3875,960.8092592592593
2026-08-31T05:45:27+00:00,2026-08-31T11:30:27+05:45,2026-08-31,11:30:27,1788155127,0,5,11,nepse_official,OPEN,2026-08-31,GSY,Garima Samriddhi Yojana,8.89,8.89,8.89,,8.89,8.95,-0.05999999999999872,,100.0,889.0,1.0,0.0,0.0,-0.6703910614524997,889.0,8.89
2026-08-31T05:45:27+00:00,2026-08-31T11:30:27+05:45,2026-08-31,11:30:27,1788155127,0,5,11,nepse_official,OPEN,2026-08-31,GUFL,Gurkhas Finance Ltd.,494.0,494.0,489.0,,490.0,494.0,-4.0,,1200.0,587740.0,20.0,5.0,1.0121457489878543,-0.8097165991902834,29387.0,489.78333333333336
2026-08-31T05:45:27+00:00,2026-08-31T11:30:27+05:45,2026-08-31,11:30:27,1788155127,0,5,11,nepse_official,OPEN,2026-08-31,GVL,Green Ventures Limited,467.2,467.3,467.2,,467.3,476.2,-8.899999999999977,,64.0,29906.1,6.0,0.10000000000002274,0.021404109589045962,-1.8689626207475805,4984.349999999999,467.2828125
2026-08-31T05:45:27+00:00,2026-08-31T11:30:27+05:45,2026-08-31,11:30:27,1788155127,0,5,11,nepse_official,OPEN,2026-08-31,HATHY,Hathway Investment Nepal Limited,620.0,620.0,590.0,,590.0,625.5,-35.5,,1177.0,709925.0,13.0,30.0,4.838709677419355,-5.675459632294165,54609.61538461538,603.1648258283773
2026-08-31T05:45:27+00:00,2026-08-31T11:30:27+05:45,2026-08-31,11:30:27,1788155127,0,5,11,nepse_official,OPEN,2026-08-31,HBL,Himalayan Bank Limited,187.0,188.0,186.0,,186.5,188.7,-2.1999999999999886,,1031.0,192229.5,49.0,2.0,1.06951871657754,-1.1658717541070422,3923.0510204081634,186.44956353055287
2026-08-31T05:45:27+00:00,2026-08-31T11:30:27+05:45,2026-08-31,11:30:27,1788155127,0,5,11,nepse_official,OPEN,2026-08-31,HDHPC,Himal Dolakha Hydropower Company Limited,200.0,200.0,199.2,,200.0,202.0,-2.0,,8901.0,1776258.3,41.0,0.8000000000000114,0.40000000000000563,-0.9900990099009901,43323.373170731706,199.55716211661613
2026-08-31T05:45:27+00:00,2026-08-31T11:30:27+05:45,2026-08-31,11:30:27,1788155127,0,5,11,nepse_official,OPEN,2026-08-31,HDL,Himalayan Distillery Limited,1169.0,1169.9,1150.2,,1159.0,1163.0,-4.0,,2262.0,2616428.6,33.0,19.700000000000045,1.6852010265183954,-0.34393809114359414,79285.71515151515,1156.6881520778072
2026-08-31T05:45:27+00:00,2026-08-31T11:30:27+05:45,2026-08-31,11:30:27,1788155127,0,5,11,nepse_official,OPEN,2026-08-31,HEI,Himalayan Everest Insurance Limited,488.0,488.0,473.4,,475.0,489.9,-14.899999999999977,,833.0,395694.0,7.0,14.600000000000023,2.9918032786885296,-3.041437027964886,56527.71428571428,475.02280912364944
2026-08-31T05:45:27+00:00,2026-08-31T11:30:27+05:45,2026-08-31,11:30:27,1788155127,0,5,11,nepse_official,OPEN,2026-08-31,HFIN,Hotel Forest Inn Limited,625.0,625.0,615.0,,620.2,628.0,-7.7999999999999545,,1300.0,804468.0,50.0,10.0,1.6,-1.2420382165605024,16089.36,618.8215384615385
2026-08-31T05:45:27+00:00,2026-08-31T11:30:27+05:45,2026-08-31,11:30:27,1788155127,0,5,11,nepse_official,OPEN,2026-08-31,HHL,Himalayan Hydropower Limited,323.0,323.0,323.0,,323.0,326.8,-3.8000000000000114,,10.0,3230.0,1.0,0.0,0.0,-1.162790697674422,3230.0,323.0
2026-08-31T05:45:27+00:00,2026-08-31T11:30:27+05:45,2026-08-31,11:30:27,1788155127,0,5,11,nepse_official,OPEN,2026-08-31,HIDCL,Hydorelectricity Investment and Development Company Ltd,240.0,241.0,239.0,,240.9,242.0,-1.0999999999999943,,4991.0,1197899.1,26.0,2.0,0.8333333333333334,-0.4545454545454522,46073.04230769231,240.01184131436588
2026-08-31T05:45:27+00:00,2026-08-31T11:30:27+05:45,2026-08-31,11:30:27,1788155127,0,5,11,nepse_official,OPEN,2026-08-31,HIDCLP,Hydorelectricity Investment and Development Company Limited Promoter,181.4,181.4,177.5,,177.6,181.4,-3.8000000000000114,,9819.0,1762465.6,20.0,3.9000000000000057,2.1499448732083826,-2.094818081587658,88123.28,179.49542723291577
2026-08-31T05:45:27+00:00,2026-08-31T11:30:27+05:45,2026-08-31,11:30:27,1788155127,0,5,11,nepse_official,OPEN,2026-08-31,HIMSTAR,Him Star Urja Company Limited,650.0,650.0,641.0,,641.0,659.9,-18.899999999999977,,30.0,19320.0,3.0,9.0,1.3846153846153846,-2.864070313683888,6440.0,644.0
2026-08-31T05:45:27+00:00,2026-08-31T11:30:27+05:45,2026-08-31,11:30:27,1788155127,0,5,11,nepse_official,OPEN,2026-08-31,HLI,Himalayan Life Insurance Limited,301.0,301.0,296.5,,299.9,300.0,-0.10000000000002274,,1830.0,544676.0,17.0,4.5,1.495016611295681,-0.03333333333334091,32039.764705882353,297.63715846994535
2026-08-31T05:45:27+00:00,2026-08-31T11:30:27+05:45,2026-08-31,11:30:27,1788155127,0,5,11,nepse_official,OPEN,2026-08-31,HLICF,HLI Large Cap Fund,8.3,8.5,8.3,,8.5,8.28,0.22000000000000064,,3523.0,29270.9,4.0,0.1999999999999993,2.4096385542168584,2.657004830917882,7317.725,8.308515469770082
2026-08-31T05:45:27+00:00,2026-08-31T11:30:27+05:45,2026-08-31,11:30:27,1788155127,0,5,11,nepse_official,OPEN,2026-08-31,HPPL,Himalayan Power Partner Ltd.,372.2,372.2,365.0,,365.0,369.0,-4.0,,1752.0,641622.0,10.0,7.199999999999989,1.9344438473938714,-1.084010840108401,64162.2,366.222602739726
2026-08-31T05:45:27+00:00,2026-08-31T11:30:27+05:45,2026-08-31,11:30:27,1788155127,0,5,11,nepse_official,OPEN,2026-08-31,HRL,Himalayan Reinsurance Limited,537.4,537.4,520.0,,522.6,537.4,-14.799999999999955,,11785.0,6183013.9,152.0,17.399999999999977,3.2378116858950463,-2.754000744324517,40677.72302631579,524.6511582520153
2026-08-31T05:45:27+00:00,2026-08-31T11:30:27+05:45,2026-08-31,11:30:27,1788155127,0,5,11,nepse_official,OPEN,2026-08-31,HURJA,Himalaya Urja Bikas Company Limited,231.0,231.0,227.7,,227.7,230.0,-2.3000000000000114,,1688.0,387017.6,7.0,3.3000000000000114,1.4285714285714335,-1.0000000000000049,55288.22857142857,229.27582938388625
2026-08-31T05:45:27+00:00,2026-08-31T11:30:27+05:45,2026-08-31,11:30:27,1788155127,0,5,11,nepse_official,OPEN,2026-08-31,ICFC,ICFC Finance Limited,580.5,580.5,580.5,,580.5,590.0,-9.5,,30.0,17415.0,1.0,0.0,0.0,-1.6101694915254237,17415.0,580.5
2026-08-31T05:45:27+00:00,2026-08-31T11:30:27+05:45,2026-08-31,11:30:27,1788155127,0,5,11,nepse_official,OPEN,2026-08-31,IGI,IGI Prudential insurance Limited,398.9,398.9,380.0,,380.0,392.9,-12.899999999999977,,1724.0,660403.0,11.0,18.899999999999977,4.7380295813487034,-3.283278187834049,60036.63636363636,383.0643851508121
2026-08-31T05:45:27+00:00,2026-08-31T11:30:27+05:45,2026-08-31,11:30:27,1788155127,0,5,11,nepse_official,OPEN,2026-08-31,IHL,Ingwa Hydropower Limited,291.0,291.0,291.0,,291.0,300.0,-9.0,,10.0,2910.0,1.0,0.0,0.0,-3.0,2910.0,291.0
2026-08-31T05:45:27+00:00,2026-08-31T11:30:27+05:45,2026-08-31,11:30:27,1788155127,0,5,11,nepse_official,OPEN,2026-08-31,ILI,IME Life Insurance Company Limited,403.0,403.0,400.0,,400.3,403.2,-2.8999999999999773,,402.0,161173.2,20.0,3.0,0.7444168734491315,-0.7192460317460262,8058.660000000001,400.9283582089553
2026-08-31T05:45:27+00:00,2026-08-31T11:30:27+05:45,2026-08-31,11:30:27,1788155127,0,5,11,nepse_official,OPEN,2026-08-31,JBBL,Jyoti Bikas Bank Limited,327.0,328.0,327.0,,328.0,331.9,-3.8999999999999773,,621.0,203264.0,5.0,1.0,0.3058103975535168,-1.1750527267249102,40652.8,327.317230273752
2026-08-31T05:45:27+00:00,2026-08-31T11:30:27+05:45,2026-08-31,11:30:27,1788155127,0,5,11,nepse_official,OPEN,2026-08-31,JBLB,Jeevan Bikas Laghubitta  Bittya Sanstha Ltd,1245.0,1245.0,1240.0,,1240.0,1249.2,-9.200000000000045,,70.0,86901.0,5.0,5.0,0.4016064257028112,-0.7364713416586651,17380.2,1241.442857142857
2026-08-31T05:45:27+00:00,2026-08-31T11:30:27+05:45,2026-08-31,11:30:27,1788155127,0,5,11,nepse_official,OPEN,2026-08-31,JOSHI,Joshi Hydropower Development Company Ltd,256.1,256.1,256.1,,256.1,259.8,-3.6999999999999886,,100.0,25610.0,1.0,0.0,0.0,-1.4241724403387177,25610.0,256.1
2026-08-31T05:45:27+00:00,2026-08-31T11:30:27+05:45,2026-08-31,11:30:27,1788155127,0,5,11,nepse_official,OPEN,2026-08-31,KAHL,Kalanga Hydro Limited,502.5,502.5,485.1,,486.2,502.5,-16.30000000000001,,1250.0,613288.0,108.0,17.399999999999977,3.462686567164175,-3.2437810945273657,5678.592592592592,490.6304
2026-08-31T05:45:27+00:00,2026-08-31T11:30:27+05:45,2026-08-31,11:30:27,1788155127,0,5,11,nepse_official,OPEN,2026-08-31,KBL,Kumari Bank Limited,210.0,212.0,210.0,,210.5,212.0,-1.5,,7824.0,1648917.2,34.0,2.0,0.9523809523809524,-0.7075471698113208,48497.56470588235,210.75117586912066
2026-08-31T05:45:27+00:00,2026-08-31T11:30:27+05:45,2026-08-31,11:30:27,1788155127,0,5,11,nepse_official,OPEN,2026-08-31,KBSH,Kutheli Bukhari Small Hydropower Limited,924.0,924.0,850.1,,850.1,880.0,-29.899999999999977,,80.0,69412.0,6.0,73.89999999999998,7.997835497835496,-3.3977272727272703,11568.666666666666,867.65
2026-08-31T05:45:27+00:00,2026-08-31T11:30:27+05:45,2026-08-31,11:30:27,1788155127,0,5,11,nepse_official,OPEN,2026-08-31,KDBY,Kumari Dhanabriddhi Yojana,9.68,9.71,9.68,,9.71,9.75,-0.03999999999999915,,500.0,4850.0,4.0,0.030000000000001137,0.30991735537191256,-0.41025641025640147,1212.5,9.7
2026-08-31T05:45:27+00:00,2026-08-31T11:30:27+05:45,2026-08-31,11:30:27,1788155127,0,5,11,nepse_official,OPEN,2026-08-31,KDL,Kalinchowk Darshan Limited,720.0,720.6,716.0,,716.0,731.1,-15.100000000000023,,120.0,86361.0,5.0,4.600000000000023,0.6388888888888921,-2.065380932840928,17272.2,719.675
2026-08-31T05:45:27+00:00,2026-08-31T11:30:27+05:45,2026-08-31,11:30:27,1788155127,0,5,11,nepse_official,OPEN,2026-08-31,KEF,Kumari Equity Fund,9.8,9.8,9.8,,9.8,9.68,0.120000000000001,,1000.0,9800.0,1.0,0.0,0.0,1.2396694214876136,9800.0,9.8
2026-08-31T05:45:27+00:00,2026-08-31T11:30:27+05:45,2026-08-31,11:30:27,1788155127,0,5,11,nepse_official,OPEN,2026-08-31,KHPL,Kalinchock Hydropower Limited,750.0,751.0,745.1,,745.1,760.0,-14.899999999999977,,281.0,210720.0,15.0,5.899999999999977,0.7866666666666636,-1.9605263157894706,14048.0,749.8932384341637
2026-08-31T05:45:27+00:00,2026-08-31T11:30:27+05:45,2026-08-31,11:30:27,1788155127,0,5,11,nepse_official,OPEN,2026-08-31,KKHC,Khanikhola Hydropower Co. Ltd.,266.1,270.0,263.0,,267.2,269.0,-1.8000000000000114,,810.0,217823.0,10.0,7.0,2.6305900037579857,-0.6691449814126436,21782.3,268.9172839506173
2026-08-31T05:45:27+00:00,2026-08-31T11:30:27+05:45,2026-08-31,11:30:27,1788155127,0,5,11,nepse_official,OPEN,2026-08-31,KMCDB,Kalika Laghubitta Bittiya Sanstha Ltd,762.0,762.0,760.0,,760.0,774.6,-14.600000000000023,,150.0,114218.0,4.0,2.0,0.26246719160104987,-1.8848437903434059,28554.5,761.4533333333334
2026-08-31T05:45:27+00:00,2026-08-31T11:30:27+05:45,2026-08-31,11:30:27,1788155127,0,5,11,nepse_official,OPEN,2026-08-31,KPCL,Kalika power Company Ltd,448.0,448.0,447.9,,447.9,454.0,-6.100000000000023,,115.0,51510.0,2.0,0.10000000000002274,0.022321428571433648,-1.3436123348017672,25755.0,447.9130434782609
2026-08-31T05:45:27+00:00,2026-08-31T11:30:27+05:45,2026-08-31,11:30:27,1788155127,0,5,11,nepse_official,OPEN,2026-08-31,KSBBL,Kamana Sewa Bikas Bank Limited,474.0,477.9,471.0,,471.0,474.0,-3.0,,4326.0,2059599.3,12.0,6.899999999999977,1.455696202531641,-0.6329113924050633,171633.275,476.0978502080444
2026-08-31T05:45:27+00:00,2026-08-31T11:30:27+05:45,2026-08-31,11:30:27,1788155127,0,5,11,nepse_official,OPEN,2026-08-31,KSY,Kumari Sabal Yojana,8.85,8.85,8.85,,8.85,8.92,-0.07000000000000028,,100.0,885.0,1.0,0.0,0.0,-0.7847533632287027,885.0,8.85
2026-08-31T05:45:27+00:00,2026-08-31T11:30:27+05:45,2026-08-31,11:30:27,1788155127,0,5,11,nepse_official,OPEN,2026-08-31,LBBL,Lumbini Bikas Bank Ltd.,473.0,479.0,466.0,,466.0,473.0,-7.0,,7193.0,3375304.5,14.0,13.0,2.748414376321353,-1.4799154334038054,241093.17857142858,469.24850549145003
2026-08-31T05:45:27+00:00,2026-08-31T11:30:27+05:45,2026-08-31,11:30:27,1788155127,0,5,11,nepse_official,OPEN,2026-08-31,LEC,Liberty Energy Company Limited,213.0,213.0,208.5,,210.5,213.0,-2.5,,540.0,112680.0,5.0,4.5,2.112676056338028,-1.1737089201877933,22536.0,208.66666666666666
2026-08-31T05:45:27+00:00,2026-08-31T11:30:27+05:45,2026-08-31,11:30:27,1788155127,0,5,11,nepse_official,OPEN,2026-08-31,LICN,Life Insurance Corporation (Nepal) Limited,756.0,756.0,755.1,,755.1,761.5,-6.399999999999977,,943.0,712159.3,5.0,0.8999999999999773,0.11904761904761604,-0.84044648719632,142431.86000000002,755.2060445387064
2026-08-31T05:45:27+00:00,2026-08-31T11:30:27+05:45,2026-08-31,11:30:27,1788155127,0,5,11,nepse_official,OPEN,2026-08-31,LSH12,LS Horizon 12,9.11,9.11,9.11,,9.11,9.11,0.0,,200.0,1822.0,2.0,0.0,0.0,0.0,911.0,9.11
2026-08-31T05:45:27+00:00,2026-08-31T11:30:27+05:45,2026-08-31,11:30:27,1788155127,0,5,11,nepse_official,OPEN,2026-08-31,LSL,Laxmi Sunrise Bank Limited,217.0,217.0,216.0,,216.5,217.0,-0.5,,216.0,46741.0,10.0,1.0,0.4608294930875576,-0.2304147465437788,4674.1,216.3935185185185
2026-08-31T05:45:27+00:00,2026-08-31T11:30:27+05:45,2026-08-31,11:30:27,1788155127,0,5,11,nepse_official,OPEN,2026-08-31,MABEL,Mabilung Energy Limited,553.1,555.0,553.1,,555.0,567.3,-12.299999999999955,,110.0,60903.0,7.0,1.8999999999999773,0.34351835111191054,-2.1681649920676813,8700.42857142857,553.6636363636363
2026-08-31T05:45:27+00:00,2026-08-31T11:30:27+05:45,2026-08-31,11:30:27,1788155127,0,5,11,nepse_official,OPEN,2026-08-31,MAKAR,Makar Jitumaya Suri Hydropower Limited,402.0,405.0,395.0,,404.0,401.0,3.0,,17341.0,6928612.1,63.0,10.0,2.4875621890547266,0.7481296758104738,109977.96984126983,399.55089671875896
2026-08-31T05:45:27+00:00,2026-08-31T11:30:27+05:45,2026-08-31,11:30:27,1788155127,0,5,11,nepse_official,OPEN,2026-08-31,MANDU,Mandu Hydropower Limited,681.0,681.0,681.0,,681.0,700.1,-19.100000000000023,,72.0,49032.0,4.0,0.0,0.0,-2.728181688330242,12258.0,681.0
2026-08-31T05:45:27+00:00,2026-08-31T11:30:27+05:45,2026-08-31,11:30:27,1788155127,0,5,11,nepse_official,OPEN,2026-08-31,MBJC,Madhya Bhotekoshi Jalavidyut Company Limited,255.0,257.1,254.0,,254.2,257.1,-2.900000000000034,,5770.0,1470527.5,58.0,3.1000000000000227,1.215686274509813,-1.1279657720731366,25353.922413793105,254.85745233968805
2026-08-31T05:45:27+00:00,2026-08-31T11:30:27+05:45,2026-08-31,11:30:27,1788155127,0,5,11,nepse_official,OPEN,2026-08-31,MBL,Machhapuchhre Bank Limited,250.0,250.0,245.4,,248.0,248.0,0.0,,1051.0,262442.0,5.0,4.599999999999994,1.8399999999999979,0.0,52488.4,249.7069457659372
2026-08-31T05:45:27+00:00,2026-08-31T11:30:27+05:45,2026-08-31,11:30:27,1788155127,0,5,11,nepse_official,OPEN,2026-08-31,MBLEF,MBL Equity Fund,9.5,9.5,9.5,,9.5,9.51,-0.009999999999999787,,100.0,950.0,1.0,0.0,0.0,-0.10515247108306822,950.0,9.5
2026-08-31T05:45:27+00:00,2026-08-31T11:30:27+05:45,2026-08-31,11:30:27,1788155127,0,5,11,nepse_official,OPEN,2026-08-31,MCHL,Menchhiyam Hydropower Limited,246.4,249.0,240.1,,248.0,254.0,-6.0,,129.0,31845.0,5.0,8.900000000000006,3.612012987012989,-2.3622047244094486,6369.0,246.86046511627907
2026-08-31T05:45:27+00:00,2026-08-31T11:30:27+05:45,2026-08-31,11:30:27,1788155127,0,5,11,nepse_official,OPEN,2026-08-31,MDB,Miteri Development Bank Limited,551.0,551.0,550.0,,551.0,557.0,-6.0,,408.0,224550.0,4.0,1.0,0.18148820326678766,-1.0771992818671454,56137.5,550.3676470588235
2026-08-31T05:45:27+00:00,2026-08-31T11:30:27+05:45,2026-08-31,11:30:27,1788155127,0,5,11,nepse_official,OPEN,2026-08-31,MEHL,Manakamana Engineering Hydropower Limited,230.1,231.7,228.2,,228.2,234.6,-6.400000000000006,,4451.0,1022923.8,30.0,3.5,1.5210777922642331,-2.728047740835467,34097.46,229.81887216355875
2026-08-31T05:45:27+00:00,2026-08-31T11:30:27+05:45,2026-08-31,11:30:27,1788155127,0,5,11,nepse_official,OPEN,2026-08-31,MEL,Modi Energy Limited,197.1,202.0,197.1,,197.5,201.9,-4.400000000000006,,140.0,27861.0,10.0,4.900000000000006,2.4860476915271468,-2.17929668152551,2786.1,199.00714285714287
2026-08-31T05:45:27+00:00,2026-08-31T11:30:27+05:45,2026-08-31,11:30:27,1788155127,0,5,11,nepse_official,OPEN,2026-08-31,MEN,Mountain Energy Nepal Limited,618.0,618.0,614.4,,614.4,618.0,-3.6000000000000227,,1885.0,1160462.0,20.0,3.6000000000000227,0.5825242718446638,-0.5825242718446638,58023.1,615.6297082228117
2026-08-31T05:45:27+00:00,2026-08-31T11:30:27+05:45,2026-08-31,11:30:27,1788155127,0,5,11,nepse_official,OPEN,2026-08-31,MEPDL,Mount Everest Power Development Limited,675.0,675.0,649.0,,650.2,675.0,-24.799999999999955,,7582.0,4940139.0,269.0,26.0,3.851851851851852,-3.674074074074067,18364.82899628253,651.5614613558428
2026-08-31T05:45:27+00:00,2026-08-31T11:30:27+05:45,2026-08-31,11:30:27,1788155127,0,5,11,nepse_official,OPEN,2026-08-31,MERO,Mero Microfinance Bittiya Sanstha Ltd.,600.3,600.4,600.3,,600.4,616.9,-16.5,,297.0,178291.1,2.0,0.10000000000002274,0.016658337497921494,-2.6746636407845683,89145.55,600.306734006734
2026-08-31T05:45:27+00:00,2026-08-31T11:30:27+05:45,2026-08-31,11:30:27,1788155127,0,5,11,nepse_official,OPEN,2026-08-31,MFIL,Manjushree Finance Ltd.,705.0,730.0,705.0,,722.1,735.0,-12.899999999999977,,320.0,231700.3,9.0,25.0,3.546099290780142,-1.7551020408163234,25744.477777777778,724.0634375
2026-08-31T05:45:27+00:00,2026-08-31T11:30:27+05:45,2026-08-31,11:30:27,1788155127,0,5,11,nepse_official,OPEN,2026-08-31,MHCL,Molung Hydropower Company Limited,275.0,275.0,261.0,,265.0,275.0,-10.0,,552.0,146397.0,16.0,14.0,5.090909090909091,-3.6363636363636362,9149.8125,265.2119565217391
2026-08-31T05:45:27+00:00,2026-08-31T11:30:27+05:45,2026-08-31,11:30:27,1788155127,0,5,11,nepse_official,OPEN,2026-08-31,MHL,Mandakini Hydropower Limited,450.0,450.0,450.0,,450.0,458.8,-8.800000000000011,,210.0,94500.0,5.0,0.0,0.0,-1.9180470793374045,18900.0,450.0
2026-08-31T05:45:27+00:00,2026-08-31T11:30:27+05:45,2026-08-31,11:30:27,1788155127,0,5,11,nepse_official,OPEN,2026-08-31,MHNL,Mountain Hydro Nepal Limited,236.0,236.0,235.0,,235.0,238.8,-3.8000000000000114,,40.0,9420.0,2.0,1.0,0.423728813559322,-1.5912897822445606,4710.0,235.5
2026-08-31T05:45:27+00:00,2026-08-31T11:30:27+05:45,2026-08-31,11:30:27,1788155127,0,5,11,nepse_official,OPEN,2026-08-31,MKCL,Muktinath Krishi Company Limited,867.0,867.0,867.0,,867.0,870.0,-3.0,,10.0,8670.0,1.0,0.0,0.0,-0.3448275862068966,8670.0,867.0
2026-08-31T05:45:27+00:00,2026-08-31T11:30:27+05:45,2026-08-31,11:30:27,1788155127,0,5,11,nepse_official,OPEN,2026-08-31,MKHC,Maya Khola Hydropower Company Limited,244.9,244.9,240.0,,240.3,246.9,-6.599999999999994,,2260.0,552797.0,8.0,4.900000000000006,2.00081665986117,-2.6731470230862673,69099.625,244.6004424778761
2026-08-31T05:45:27+00:00,2026-08-31T11:30:27+05:45,2026-08-31,11:30:27,1788155127,0,5,11,nepse_official,OPEN,2026-08-31,MKHL,Mai Khola Hydropower Limited,474.2,474.2,473.0,,473.0,486.5,-13.5,,420.0,199058.4,6.0,1.1999999999999886,0.25305778152677955,-2.774922918807811,33176.4,473.9485714285714
2026-08-31T05:45:27+00:00,2026-08-31T11:30:27+05:45,2026-08-31,11:30:27,1788155127,0,5,11,nepse_official,OPEN,2026-08-31,MKJC,Mailung Khola Jal Vidhyut Company Limited,320.0,320.0,280.0,,288.9,325.0,-36.10000000000002,,19958.0,5861785.6,126.0,40.0,12.5,-11.107692307692314,46522.107936507935,293.7060627317366
2026-08-31T05:45:27+00:00,2026-08-31T11:30:27+05:45,2026-08-31,11:30:27,1788155127,0,5,11,nepse_official,OPEN,2026-08-31,MLBBL,Mithila LaghuBitta Bittiya Sanstha Limited,937.0,937.0,894.0,,894.0,943.0,-49.0,,330.0,301270.0,5.0,43.0,4.5891141942369265,-5.1961823966065745,60254.0,912.939393939394
2026-08-31T05:45:27+00:00,2026-08-31T11:30:27+05:45,2026-08-31,11:30:27,1788155127,0,5,11,nepse_official,OPEN,2026-08-31,MLBL,Mahalaxmi Bikas Bank Ltd.,340.0,349.0,340.0,,345.0,347.8,-2.8000000000000114,,4214.0,1437201.0,15.0,9.0,2.6470588235294117,-0.8050603795284679,95813.4,341.05386805885144
2026-08-31T05:45:27+00:00,2026-08-31T11:30:27+05:45,2026-08-31,11:30:27,1788155127,0,5,11,nepse_official,OPEN,2026-08-31,MLBSL,Mahila Lagubitta Bittiya Sanstha Limited ,1128.0,1128.0,1068.0,,1085.0,1096.0,-11.0,,251.0,269278.0,7.0,60.0,5.319148936170213,-1.0036496350364963,38468.28571428572,1072.820717131474
2026-08-31T05:45:27+00:00,2026-08-31T11:30:27+05:45,2026-08-31,11:30:27,1788155127,0,5,11,nepse_official,OPEN,2026-08-31,MMF1,Mega Mutual Fund -1,8.5,9.18,8.5,,9.1,8.7,0.40000000000000036,,2650.0,22735.0,10.0,0.6799999999999997,7.9999999999999964,4.597701149425292,2273.5,8.579245283018867
2026-08-31T05:45:27+00:00,2026-08-31T11:30:27+05:45,2026-08-31,11:30:27,1788155127,0,5,11,nepse_official,OPEN,2026-08-31,MMKJL,Mathillo Mailun Khola Jalvidhyut Limited,340.0,345.0,310.0,,317.0,345.0,-28.0,,3546.0,1131732.5,34.0,35.0,10.294117647058822,-8.115942028985506,33286.25,319.15750141003946
2026-08-31T05:45:27+00:00,2026-08-31T11:30:27+05:45,2026-08-31,11:30:27,1788155127,0,5,11,nepse_official,OPEN,2026-08-31,MNBBL,Muktinath Bikas Bank Ltd.,353.2,354.0,353.2,,354.0,357.0,-3.0,,264.0,93260.0,5.0,0.8000000000000114,0.22650056625141884,-0.8403361344537815,18652.0,353.25757575757575
2026-08-31T05:45:27+00:00,2026-08-31T11:30:27+05:45,2026-08-31,11:30:27,1788155127,0,5,11,nepse_official,OPEN,2026-08-31,MNMF1,Muktinath Mutual Fund 1,9.03,9.03,9.03,,9.03,9.3,-0.27000000000000135,,100.0,903.0,1.0,0.0,0.0,-2.903225806451627,903.0,9.03
2026-08-31T05:45:27+00:00,2026-08-31T11:30:27+05:45,2026-08-31,11:30:27,1788155127,0,5,11,nepse_official,OPEN,2026-08-31,MSHL,Mid Solu Hydropower Limited,530.0,531.0,530.0,,531.0,546.0,-15.0,,21.0,11141.0,2.0,1.0,0.18867924528301888,-2.7472527472527473,5570.5,530.5238095238095
2026-08-31T05:45:27+00:00,2026-08-31T11:30:27+05:45,2026-08-31,11:30:27,1788155127,0,5,11,nepse_official,OPEN,2026-08-31,NABIL,Nabil Bank Limited,540.0,545.0,539.0,,539.0,540.2,-1.2000000000000455,,1160.0,626208.5,40.0,6.0,1.1111111111111112,-0.2221399481673538,15655.2125,539.8349137931034
2026-08-31T05:45:27+00:00,2026-08-31T11:30:27+05:45,2026-08-31,11:30:27,1788155127,0,5,11,nepse_official,OPEN,2026-08-31,NABILD2089,7% Nabil Debenture 2089,1050.0,1050.0,1050.0,,1050.0,1058.0,-8.0,,25.0,26250.0,1.0,0.0,0.0,-0.7561436672967864,26250.0,1050.0
2026-08-31T05:45:27+00:00,2026-08-31T11:30:27+05:45,2026-08-31,11:30:27,1788155127,0,5,11,nepse_official,OPEN,2026-08-31,NBF2,NABIL BALANCED FUND-2,9.72,9.72,9.72,,9.72,9.72,0.0,,150.0,1458.0,1.0,0.0,0.0,0.0,1458.0,9.72
2026-08-31T05:45:27+00:00,2026-08-31T11:30:27+05:45,2026-08-31,11:30:27,1788155127,0,5,11,nepse_official,OPEN,2026-08-31,NBL,Nepal Bank Limited,272.0,272.1,270.0,,271.0,272.3,-1.3000000000000114,,5025.0,1359065.0,25.0,2.1000000000000227,0.7720588235294201,-0.4774146162321011,54362.6,270.46069651741294
2026-08-31T05:45:27+00:00,2026-08-31T11:30:27+05:45,2026-08-31,11:30:27,1788155127,0,5,11,nepse_official,OPEN,2026-08-31,NESDO,NESDO Sambridha Laghubitta Bittiya Sanstha Limited,1310.0,1310.0,1310.0,,1310.0,1345.0,-35.0,,22.0,28820.0,2.0,0.0,0.0,-2.6022304832713754,14410.0,1310.0
2026-08-31T05:45:27+00:00,2026-08-31T11:30:27+05:45,2026-08-31,11:30:27,1788155127,0,5,11,nepse_official,OPEN,2026-08-31,NFS,Nepal Finance Ltd.,535.0,535.0,535.0,,535.0,536.9,-1.8999999999999773,,32.0,17120.0,1.0,0.0,0.0,-0.3538834047308581,17120.0,535.0
2026-08-31T05:45:27+00:00,2026-08-31T11:30:27+05:45,2026-08-31,11:30:27,1788155127,0,5,11,nepse_official,OPEN,2026-08-31,NGPL,Ngadi Group Power Ltd.,395.0,399.0,387.0,,395.0,398.0,-3.0,,3559.0,1401827.0,17.0,12.0,3.0379746835443036,-0.7537688442211055,82460.41176470589,393.88227030064627
2026-08-31T05:45:27+00:00,2026-08-31T11:30:27+05:45,2026-08-31,11:30:27,1788155127,0,5,11,nepse_official,OPEN,2026-08-31,NHDL,Nepal Hydro Developers Ltd.,615.0,615.0,606.2,,606.2,623.0,-16.799999999999955,,112.0,68000.0,2.0,8.799999999999955,1.430894308943082,-2.696629213483139,34000.0,607.1428571428571
2026-08-31T05:45:27+00:00,2026-08-31T11:30:27+05:45,2026-08-31,11:30:27,1788155127,0,5,11,nepse_official,OPEN,2026-08-31,NHPC,National Hydro Power Company Limited,254.0,254.0,249.2,,250.0,254.6,-4.599999999999994,,14811.0,3710666.0,50.0,4.800000000000011,1.8897637795275635,-1.8067556952081676,74213.32,250.53446762541355
2026-08-31T05:45:27+00:00,2026-08-31T11:30:27+05:45,2026-08-31,11:30:27,1788155127,0,5,11,nepse_official,OPEN,2026-08-31,NIBSF2,NIBL Samriddhi Fund -2,8.41,8.41,8.41,,8.41,8.5,-0.08999999999999986,,100.0,841.0,1.0,0.0,0.0,-1.0588235294117632,841.0,8.41
2026-08-31T05:45:27+00:00,2026-08-31T11:30:27+05:45,2026-08-31,11:30:27,1788155127,0,5,11,nepse_official,OPEN,2026-08-31,NICA,NIC Asia Bank Ltd.,308.0,312.0,306.0,,306.0,308.1,-2.1000000000000227,,2678.0,822070.3,23.0,6.0,1.948051948051948,-0.681596884128537,35742.18695652174,306.97173263629577
2026-08-31T05:45:27+00:00,2026-08-31T11:30:27+05:45,2026-08-31,11:30:27,1788155127,0,5,11,nepse_official,OPEN,2026-08-31,NICD88,NIC ASIA Rinpatra 2088,1067.0,1067.0,1067.0,,1067.0,1100.0,-33.0,,25.0,26675.0,1.0,0.0,0.0,-3.0,26675.0,1067.0
2026-08-31T05:45:27+00:00,2026-08-31T11:30:27+05:45,2026-08-31,11:30:27,1788155127,0,5,11,nepse_official,OPEN,2026-08-31,NICFC,NIC Asia Flexi CAP Fund,8.88,8.88,8.88,,8.88,8.88,0.0,,300.0,2664.0,2.0,0.0,0.0,0.0,1332.0,8.88
2026-08-31T05:45:27+00:00,2026-08-31T11:30:27+05:45,2026-08-31,11:30:27,1788155127,0,5,11,nepse_official,OPEN,2026-08-31,NICGF2,NIC ASIA Growth Fund-2,8.6,8.6,8.6,,8.6,8.69,-0.08999999999999986,,200.0,1720.0,1.0,0.0,0.0,-1.03567318757192,1720.0,8.6
2026-08-31T05:45:27+00:00,2026-08-31T11:30:27+05:45,2026-08-31,11:30:27,1788155127,0,5,11,nepse_official,OPEN,2026-08-31,NICL,Nepal Insurance Co. Ltd.,432.0,453.8,430.2,,432.0,442.2,-10.199999999999989,,1357.0,588921.4,15.0,23.600000000000023,5.462962962962968,-2.306648575305289,39261.426666666666,433.9877671333825
2026-08-31T05:45:27+00:00,2026-08-31T11:30:27+05:45,2026-08-31,11:30:27,1788155127,0,5,11,nepse_official,OPEN,2026-08-31,NICLBSL,NIC ASIA Laghubitta Bittiya Sanstha Limited,531.0,531.0,528.0,,528.0,528.0,0.0,,547.0,289806.0,4.0,3.0,0.5649717514124294,0.0,72451.5,529.8098720292504
2026-08-31T05:45:27+00:00,2026-08-31T11:30:27+05:45,2026-08-31,11:30:27,1788155127,0,5,11,nepse_official,OPEN,2026-08-31,NICSF,NIC Asia Select Fund 30,8.43,8.48,8.43,,8.48,8.48,0.0,,1300.0,11019.0,2.0,0.05000000000000071,0.5931198102016692,0.0,5509.5,8.476153846153846
2026-08-31T05:45:27+00:00,2026-08-31T11:30:27+05:45,2026-08-31,11:30:27,1788155127,0,5,11,nepse_official,OPEN,2026-08-31,NIFRA,Nepal Infrastructure Bank Limited,240.0,245.0,240.0,,240.1,239.0,1.0999999999999943,,10675.0,2572274.8,83.0,5.0,2.083333333333333,0.4602510460251022,30991.262650602406,240.96251053864168
2026-08-31T05:45:27+00:00,2026-08-31T11:30:27+05:45,2026-08-31,11:30:27,1788155127,0,5,11,nepse_official,OPEN,2026-08-31,NIL,Neco Insurance Limited,540.1,555.0,540.1,,552.0,549.9,2.1000000000000227,,569.0,309385.0,4.0,14.899999999999977,2.758748379929638,0.38188761593017323,77346.25,543.7346221441124
2026-08-31T05:45:27+00:00,2026-08-31T11:30:27+05:45,2026-08-31,11:30:27,1788155127,0,5,11,nepse_official,OPEN,2026-08-31,NIMB,Nepal Investment Mega Bank Limited,190.0,190.0,181.4,,183.0,185.0,-2.0,,7863.0,1434268.0,42.0,8.599999999999994,4.526315789473681,-1.0810810810810811,34149.23809523809,182.40722370596464
2026-08-31T05:45:27+00:00,2026-08-31T11:30:27+05:45,2026-08-31,11:30:27,1788155127,0,5,11,nepse_official,OPEN,2026-08-31,NLG,NLG Insurance Company Ltd.,516.0,516.0,503.2,,503.2,516.0,-12.800000000000011,,310.0,157290.0,3.0,12.800000000000011,2.480620155038762,-2.480620155038762,52430.0,507.38709677419354
2026-08-31T05:45:27+00:00,2026-08-31T11:30:27+05:45,2026-08-31,11:30:27,1788155127,0,5,11,nepse_official,OPEN,2026-08-31,NLIC,Nepal Life Insurance Co. Ltd.,690.0,700.0,685.1,,685.1,690.3,-5.199999999999932,,1394.0,969196.1,25.0,14.899999999999977,2.159420289855069,-0.753295668549896,38767.844,695.2626255380201
2026-08-31T05:45:27+00:00,2026-08-31T11:30:27+05:45,2026-08-31,11:30:27,1788155127,0,5,11,nepse_official,OPEN,2026-08-31,NMB,NMB Bank Limited,236.0,236.9,235.7,,236.9,236.8,0.09999999999999432,,1493.0,352206.9,13.0,1.200000000000017,0.5084745762711937,0.04222972972972733,27092.838461538464,235.90549229738784
2026-08-31T05:45:27+00:00,2026-08-31T11:30:27+05:45,2026-08-31,11:30:27,1788155127,0,5,11,nepse_official,OPEN,2026-08-31,NMBHF2,NMB Hybrid Fund L- II,8.36,8.36,8.36,,8.36,8.6,-0.2400000000000002,,100.0,836.0,1.0,0.0,0.0,-2.7906976744186074,836.0,8.36
2026-08-31T05:45:27+00:00,2026-08-31T11:30:27+05:45,2026-08-31,11:30:27,1788155127,0,5,11,nepse_official,OPEN,2026-08-31,NMBUR93/94,NMB Energy Bond 4% - 2093/94 ,986.0,986.0,986.0,,986.0,990.0,-4.0,,25.0,24650.0,1.0,0.0,0.0,-0.40404040404040403,24650.0,986.0
2026-08-31T05:45:27+00:00,2026-08-31T11:30:27+05:45,2026-08-31,11:30:27,1788155127,0,5,11,nepse_official,OPEN,2026-08-31,NMIC,Nepal Micro Insurance Company Limited,800.0,800.0,800.0,,800.0,821.0,-21.0,,30.0,24000.0,3.0,0.0,0.0,-2.5578562728380025,8000.0,800.0
2026-08-31T05:45:27+00:00,2026-08-31T11:30:27+05:45,2026-08-31,11:30:27,1788155127,0,5,11,nepse_official,OPEN,2026-08-31,NRIC,Nepal Reinsurance Company Limited,851.0,851.0,827.0,,827.0,851.0,-24.0,,10060.0,8364823.4,38.0,24.0,2.82021151586369,-2.82021151586369,220126.93157894738,831.4933797216701
2026-08-31T05:45:27+00:00,2026-08-31T11:30:27+05:45,2026-08-31,11:30:27,1788155127,0,5,11,nepse_official,OPEN,2026-08-31,NRM,Nepal Republic Media Limited,285.0,286.0,282.1,,282.1,288.5,-6.399999999999977,,408.0,115539.3,9.0,3.8999999999999773,1.368421052631571,-2.218370883882141,12837.7,283.1845588235294
2026-08-31T05:45:27+00:00,2026-08-31T11:30:27+05:45,2026-08-31,11:30:27,1788155127,0,5,11,nepse_official,OPEN,2026-08-31,NRN,NRN Infrastructure and Development Limited,1351.0,1351.0,1345.0,,1345.0,1349.5,-4.5,,186.0,250941.6,8.0,6.0,0.44411547002220575,-0.33345683586513525,31367.7,1349.1483870967743
2026-08-31T05:45:27+00:00,2026-08-31T11:30:27+05:45,2026-08-31,11:30:27,1788155127,0,5,11,nepse_official,OPEN,2026-08-31,NSY,Nepal Life Samriddhi Lagani Yojana,9.1,9.2,8.93,,8.93,9.2,-0.2699999999999996,,1100.0,10083.0,5.0,0.2699999999999996,2.9670329670329623,-2.934782608695648,2016.6,9.166363636363636
2026-08-31T05:45:27+00:00,2026-08-31T11:30:27+05:45,2026-08-31,11:30:27,1788155127,0,5,11,nepse_official,OPEN,2026-08-31,NTC,Nepal Doorsanchar Company Limited,874.0,880.0,873.0,,875.0,875.0,0.0,,230.0,201282.0,12.0,7.0,0.8009153318077803,0.0,16773.5,875.1391304347826
2026-08-31T05:45:27+00:00,2026-08-31T11:30:27+05:45,2026-08-31,11:30:27,1788155127,0,5,11,nepse_official,OPEN,2026-08-31,NWCL,Nepal Warehousing Company Limited ,598.0,598.0,590.2,,592.0,603.0,-11.0,,30.0,17802.0,3.0,7.7999999999999545,1.304347826086949,-1.8242122719734661,5934.0,593.4
2026-08-31T05:45:27+00:00,2026-08-31T11:30:27+05:45,2026-08-31,11:30:27,1788155127,0,5,11,nepse_official,OPEN,2026-08-31,NYADI,Nyadi Hydropower Limited,340.1,345.0,336.1,,338.1,350.0,-11.899999999999977,,100.0,34214.0,7.0,8.899999999999977,2.6168773890032275,-3.3999999999999932,4887.714285714285,342.14
2026-08-31T05:45:27+00:00,2026-08-31T11:30:27+05:45,2026-08-31,11:30:27,1788155127,0,5,11,nepse_official,OPEN,2026-08-31,OMPL,Om Megashree Pharmaceuticals Limited,860.0,860.5,860.0,,860.5,872.0,-11.5,,35.0,30105.0,2.0,0.5,0.05813953488372093,-1.3188073394495414,15052.5,860.1428571428571
2026-08-31T05:45:27+00:00,2026-08-31T11:30:27+05:45,2026-08-31,11:30:27,1788155127,0,5,11,nepse_official,OPEN,2026-08-31,PCBL,Prime Commercial Bank Ltd.,235.0,236.0,234.1,,234.1,235.5,-1.4000000000000057,,4053.0,951700.0,15.0,1.9000000000000057,0.8085106382978747,-0.5944798301486224,63446.666666666664,234.81371823340734
2026-08-31T05:45:27+00:00,2026-08-31T11:30:27+05:45,2026-08-31,11:30:27,1788155127,0,5,11,nepse_official,OPEN,2026-08-31,PCIL,Palpa Cement Industries Limited,621.0,630.0,615.2,,616.0,621.0,-5.0,,6760.0,4216228.0,148.0,14.799999999999955,2.3832528180354196,-0.8051529790660225,28488.027027027027,623.7023668639054
2026-08-31T05:45:27+00:00,2026-08-31T11:30:27+05:45,2026-08-31,11:30:27,1788155127,0,5,11,nepse_official,OPEN,2026-08-31,PHCL,Peoples Hydropower Company Limited,293.4,302.0,293.0,,293.5,297.6,-4.100000000000023,,4227.0,1240133.0,34.0,9.0,3.0674846625766876,-1.3776881720430183,36474.5,293.3837236810977
2026-08-31T05:45:27+00:00,2026-08-31T11:30:27+05:45,2026-08-31,11:30:27,1788155127,0,5,11,nepse_official,OPEN,2026-08-31,PMHPL,Panchakanya Mai Hydropower Ltd,295.0,295.0,292.2,,292.3,300.0,-7.699999999999989,,315.0,92199.5,6.0,2.8000000000000114,0.9491525423728852,-2.566666666666663,15366.583333333334,292.6968253968254
2026-08-31T05:45:27+00:00,2026-08-31T11:30:27+05:45,2026-08-31,11:30:27,1788155127,0,5,11,nepse_official,OPEN,2026-08-31,PMLI,Prabhu Mahalaxmi Life Insurance Limited,405.0,405.0,400.0,,400.0,409.9,-9.899999999999977,,752.0,301300.0,9.0,5.0,1.2345679012345678,-2.415223225176867,33477.77777777778,400.6648936170213
2026-08-31T05:45:27+00:00,2026-08-31T11:30:27+05:45,2026-08-31,11:30:27,1788155127,0,5,11,nepse_official,OPEN,2026-08-31,PPCL,Panchthar Power Compant Limited,317.1,321.0,317.1,,321.0,326.9,-5.899999999999977,,45.0,14406.0,2.0,3.8999999999999773,1.2298959318826796,-1.8048332823493354,7203.0,320.1333333333333
2026-08-31T05:45:27+00:00,2026-08-31T11:30:27+05:45,2026-08-31,11:30:27,1788155127,0,5,11,nepse_official,OPEN,2026-08-31,PPL,People's Power Limited,293.0,305.0,293.0,,297.0,308.0,-11.0,,675.0,203112.0,13.0,12.0,4.09556313993174,-3.571428571428571,15624.0,300.9066666666667
2026-08-31T05:45:27+00:00,2026-08-31T11:30:27+05:45,2026-08-31,11:30:27,1788155127,0,5,11,nepse_official,OPEN,2026-08-31,PRIN,Prabhu Insurance Ltd.,583.0,590.0,583.0,,590.0,599.6,-9.600000000000023,,109.0,64170.0,2.0,7.0,1.2006861063464835,-1.6010673782521718,32085.0,588.7155963302753
2026-08-31T05:45:27+00:00,2026-08-31T11:30:27+05:45,2026-08-31,11:30:27,1788155127,0,5,11,nepse_official,OPEN,2026-08-31,PROFL,Progressive Finance Limited,385.0,385.0,385.0,,385.0,384.0,1.0,,126.0,48510.0,1.0,0.0,0.0,0.26041666666666663,48510.0,385.0
2026-08-31T05:45:27+00:00,2026-08-31T11:30:27+05:45,2026-08-31,11:30:27,1788155127,0,5,11,nepse_official,OPEN,2026-08-31,PRSF,Prabhu Smart Fund,12.78,12.78,12.78,,12.78,12.75,0.02999999999999936,,150.0,1917.0,1.0,0.0,0.0,0.23529411764705382,1917.0,12.78
2026-08-31T05:45:27+00:00,2026-08-31T11:30:27+05:45,2026-08-31,11:30:27,1788155127,0,5,11,nepse_official,OPEN,2026-08-31,PRVU,Prabhu  Bank Limited,169.7,183.0,169.7,,177.1,178.6,-1.5,,7578.0,1346757.6,35.0,13.300000000000011,7.837360047142022,-0.8398656215005599,38478.78857142857,177.7193982581156
2026-08-31T05:45:27+00:00,2026-08-31T11:30:27+05:45,2026-08-31,11:30:27,1788155127,0,5,11,nepse_official,OPEN,2026-08-31,PSF,Prabhu Select Fund,12.22,12.22,12.22,,12.22,12.17,0.05000000000000071,,150.0,1833.0,1.0,0.0,0.0,0.410846343467549,1833.0,12.22
2026-08-31T05:45:27+00:00,2026-08-31T11:30:27+05:45,2026-08-31,11:30:27,1788155127,0,5,11,nepse_official,OPEN,2026-08-31,PURE,Pure Energy Limited,746.1,751.0,746.1,,746.2,768.0,-21.799999999999955,,83.0,62166.3,8.0,4.899999999999977,0.6567484251440795,-2.8385416666666607,7770.7875,748.9915662650603
2026-08-31T05:45:27+00:00,2026-08-31T11:30:27+05:45,2026-08-31,11:30:27,1788155127,0,5,11,nepse_official,OPEN,2026-08-31,RADHI,Radhi Bidyut Company Ltd,680.4,680.4,672.1,,672.2,685.0,-12.799999999999955,,5980.0,4050167.7,22.0,8.299999999999955,1.219870664315102,-1.8686131386861247,184098.53181818183,677.285568561873
2026-08-31T05:45:27+00:00,2026-08-31T11:30:27+05:45,2026-08-31,11:30:27,1788155127,0,5,11,nepse_official,OPEN,2026-08-31,RAWA,Rawa Energy Development Limited,427.5,427.5,400.0,,400.0,407.2,-7.199999999999989,,50.0,20554.8,4.0,27.5,6.432748538011696,-1.7681728880157142,5138.7,411.096
2026-08-31T05:45:27+00:00,2026-08-31T11:30:27+05:45,2026-08-31,11:30:27,1788155127,0,5,11,nepse_official,OPEN,2026-08-31,RFPL,River Falls Power Limited,321.1,323.3,321.1,,323.2,330.0,-6.800000000000011,,130.0,41956.0,4.0,2.1999999999999886,0.685144814699467,-2.060606060606064,10489.0,322.73846153846154
2026-08-31T05:45:27+00:00,2026-08-31T11:30:27+05:45,2026-08-31,11:30:27,1788155127,0,5,11,nepse_official,OPEN,2026-08-31,RHGCL,Rapti Hydro And General Construction Limited,246.1,247.0,246.1,,246.1,249.0,-2.9000000000000057,,120.0,29550.0,10.0,0.9000000000000057,0.3657049979683079,-1.1646586345381549,2955.0,246.25
2026-08-31T05:45:27+00:00,2026-08-31T11:30:27+05:45,2026-08-31,11:30:27,1788155127,0,5,11,nepse_official,OPEN,2026-08-31,RHPL,RASUWAGADHI HYDROPOWER COMPANY LIMITED,183.0,185.0,171.2,,172.2,188.0,-15.800000000000011,,101130.0,17492713.1,428.0,13.800000000000011,7.540983606557383,-8.404255319148943,40870.825000000004,172.9725412834965
2026-08-31T05:45:27+00:00,2026-08-31T11:30:27+05:45,2026-08-31,11:30:27,1788155127,0,5,11,nepse_official,OPEN,2026-08-31,RIDI,Ridi Power Company Limited,343.0,343.0,340.0,,342.0,345.9,-3.8999999999999773,,5838.0,1995448.0,31.0,3.0,0.8746355685131195,-1.1274934952298288,64369.290322580644,341.8033573141487
2026-08-31T05:45:27+00:00,2026-08-31T11:30:27+05:45,2026-08-31,11:30:27,1788155127,0,5,11,nepse_official,OPEN,2026-08-31,RLEL,Ridge Line Energy Limited,801.8,921.0,801.8,,806.2,844.0,-37.799999999999955,,2962.0,2485108.0,45.0,119.20000000000005,14.866550261910708,-4.478672985781985,55224.62222222222,838.9966239027684
2026-08-31T05:45:27+00:00,2026-08-31T11:30:27+05:45,2026-08-31,11:30:27,1788155127,0,5,11,nepse_official,OPEN,2026-08-31,RMF1,RBB Mutual Fund 1,9.25,9.25,9.2,,9.2,9.3,-0.10000000000000142,,300.0,2770.0,2.0,0.05000000000000071,0.5405405405405482,-1.0752688172043163,1385.0,9.233333333333333
2026-08-31T05:45:27+00:00,2026-08-31T11:30:27+05:45,2026-08-31,11:30:27,1788155127,0,5,11,nepse_official,OPEN,2026-08-31,RNLI,Reliable Nepal Life Insurance Limited,415.0,415.0,410.0,,411.7,415.0,-3.3000000000000114,,1380.0,567314.5,22.0,5.0,1.2048192771084338,-0.795180722891569,25787.022727272728,411.0974637681159
2026-08-31T05:45:27+00:00,2026-08-31T11:30:27+05:45,2026-08-31,11:30:27,1788155127,0,5,11,nepse_official,OPEN,2026-08-31,RSDC,RSDC Laghubitta Bittiya Sanstha Ltd.,611.0,611.0,611.0,,611.0,611.2,-0.20000000000004547,,14.0,8554.0,1.0,0.0,0.0,-0.032722513089012674,8554.0,611.0
2026-08-31T05:45:27+00:00,2026-08-31T11:30:27+05:45,2026-08-31,11:30:27,1788155127,0,5,11,nepse_official,OPEN,2026-08-31,RSML,Reliance Spinning Mills Limited,2770.0,2770.0,2700.0,,2706.0,2728.0,-22.0,,576.0,1565663.0,26.0,70.0,2.527075812274368,-0.8064516129032258,60217.807692307695,2718.1649305555557
2026-08-31T05:45:27+00:00,2026-08-31T11:30:27+05:45,2026-08-31,11:30:27,1788155127,0,5,11,nepse_official,OPEN,2026-08-31,RSY2,Reliable Samriddhi Yojana -2,8.9,9.15,8.9,,9.15,9.16,-0.009999999999999787,,500.0,4495.0,4.0,0.25,2.8089887640449436,-0.10917030567685357,1123.75,8.99
2026-08-31T05:45:27+00:00,2026-08-31T11:30:27+05:45,2026-08-31,11:30:27,1788155127,0,5,11,nepse_official,OPEN,2026-08-31,SABBL,Salapa Bikas Bank Limited,852.1,870.0,852.1,,870.0,870.0,0.0,,230.0,198332.0,8.0,17.899999999999977,2.1006924069944812,0.0,24791.5,862.3130434782609
2026-08-31T05:45:27+00:00,2026-08-31T11:30:27+05:45,2026-08-31,11:30:27,1788155127,0,5,11,nepse_official,OPEN,2026-08-31,SADBL,Shangrila Development Bank Ltd.,405.0,414.0,405.0,,414.0,405.0,9.0,,274.0,111060.0,3.0,9.0,2.2222222222222223,2.2222222222222223,37020.0,405.3284671532847
2026-08-31T05:45:27+00:00,2026-08-31T11:30:27+05:45,2026-08-31,11:30:27,1788155127,0,5,11,nepse_official,OPEN,2026-08-31,SAEF2,Sanima Equity Fund-2,8.87,8.91,8.8,,8.91,9.05,-0.14000000000000057,,700.0,6211.0,7.0,0.10999999999999943,1.2401352874859013,-1.5469613259668569,887.2857142857143,8.872857142857143
2026-08-31T05:45:27+00:00,2026-08-31T11:30:27+05:45,2026-08-31,11:30:27,1788155127,0,5,11,nepse_official,OPEN,2026-08-31,SAGAR,Sagar Distillery Limited,1501.0,1505.0,1501.0,,1505.0,1522.0,-17.0,,40.0,60124.0,3.0,4.0,0.2664890073284477,-1.1169513797634691,20041.333333333332,1503.1
2026-08-31T05:45:27+00:00,2026-08-31T11:30:27+05:45,2026-08-31,11:30:27,1788155127,0,5,11,nepse_official,OPEN,2026-08-31,SAGF,Sanima Growth Fund,9.85,9.85,9.6,,9.8,9.85,-0.049999999999998934,,300.0,2925.0,3.0,0.25,2.5380710659898478,-0.5076142131979587,975.0,9.75
2026-08-31T05:45:27+00:00,2026-08-31T11:30:27+05:45,2026-08-31,11:30:27,1788155127,0,5,11,nepse_official,OPEN,2026-08-31,SAHAS,Sahas Urja Limited,682.0,684.0,673.0,,676.0,682.0,-6.0,,9692.0,6586009.7,50.0,11.0,1.6129032258064515,-0.8797653958944283,131720.19400000002,679.5305096987206
2026-08-31T05:45:27+00:00,2026-08-31T11:30:27+05:45,2026-08-31,11:30:27,1788155127,0,5,11,nepse_official,OPEN,2026-08-31,SAIL,Shreenagar Agritech Industries Limited,962.0,994.5,950.0,,953.0,970.1,-17.100000000000023,,920.0,879779.0,20.0,44.5,4.625779625779626,-1.7627048757860038,43988.95,956.2815217391304
2026-08-31T05:45:27+00:00,2026-08-31T11:30:27+05:45,2026-08-31,11:30:27,1788155127,0,5,11,nepse_official,OPEN,2026-08-31,SALICO,Sagarmatha Lumbini Insurance Co. Limited,548.0,548.0,540.0,,540.0,553.0,-13.0,,315.0,170879.0,8.0,8.0,1.4598540145985401,-2.3508137432188065,21359.875,542.4730158730159
2026-08-31T05:45:27+00:00,2026-08-31T11:30:27+05:45,2026-08-31,11:30:27,1788155127,0,5,11,nepse_official,OPEN,2026-08-31,SANIMA,Sanima Bank Limited,359.0,363.0,358.0,,359.8,369.0,-9.199999999999989,,30637.0,11013901.5,121.0,5.0,1.392757660167131,-2.4932249322493196,91023.97933884297,359.4967359728433
2026-08-31T05:45:27+00:00,2026-08-31T11:30:27+05:45,2026-08-31,11:30:27,1788155127,0,5,11,nepse_official,OPEN,2026-08-31,SANVI,Sanvi Energy Limited,570.0,570.0,555.0,,555.0,579.0,-24.0,,280.0,156655.0,6.0,15.0,2.631578947368421,-4.145077720207254,26109.166666666668,559.4821428571429
2026-08-31T05:45:27+00:00,2026-08-31T11:30:27+05:45,2026-08-31,11:30:27,1788155127,0,5,11,nepse_official,OPEN,2026-08-31,SAPDBL,Saptakoshi Development Bank Ltd,715.0,730.0,700.6,,703.0,720.0,-17.0,,1027.0,725354.0,23.0,29.399999999999977,4.111888111888109,-2.361111111111111,31537.130434782608,706.284323271665
2026-08-31T05:45:27+00:00,2026-08-31T11:30:27+05:45,2026-08-31,11:30:27,1788155127,0,5,11,nepse_official,OPEN,2026-08-31,SAPIL,Sarvottam Paints Industries Limited,1464.5,1604.0,1380.0,,1440.0,1394.8,45.200000000000045,,34240.0,51065804.0,3147.0,224.0,15.295322635711846,3.2406079724691748,16226.820463933906,1491.4078271028038
2026-08-31T05:45:27+00:00,2026-08-31T11:30:27+05:45,2026-08-31,11:30:27,1788155127,0,5,11,nepse_official,OPEN,2026-08-31,SARBTM,Sarbottam Cement Limited,799.9,805.0,793.2,,793.2,793.0,0.20000000000004547,,7541.0,6018368.9,42.0,11.799999999999955,1.4751843980497505,0.02522068095839161,143294.49761904762,798.0863148123592
2026-08-31T05:45:27+00:00,2026-08-31T11:30:27+05:45,2026-08-31,11:30:27,1788155127,0,5,11,nepse_official,OPEN,2026-08-31,SBI,Nepal SBI Bank Limited,415.0,415.0,391.1,,391.1,400.0,-8.899999999999977,,1197.0,473745.7,8.0,23.899999999999977,5.759036144578308,-2.2249999999999943,59218.2125,395.77752715121136
2026-08-31T05:45:27+00:00,2026-08-31T11:30:27+05:45,2026-08-31,11:30:27,1788155127,0,5,11,nepse_official,OPEN,2026-08-31,SBL,Siddhartha Bank Limited,407.0,410.9,406.1,,410.9,411.0,-0.10000000000002274,,1986.0,809483.3,13.0,4.7999999999999545,1.1793611793611682,-0.024330900243314534,62267.946153846155,407.5948136958711
2026-08-31T05:45:27+00:00,2026-08-31T11:30:27+05:45,2026-08-31,11:30:27,1788155127,0,5,11,nepse_official,OPEN,2026-08-31,SBLD83,10.25% SBL Debenture 2083,1020.0,1020.0,1020.0,,1020.0,1006.2,13.799999999999955,,50.0,51000.0,1.0,0.0,0.0,1.371496720333925,51000.0,1020.0
2026-08-31T05:45:27+00:00,2026-08-31T11:30:27+05:45,2026-08-31,11:30:27,1788155127,0,5,11,nepse_official,OPEN,2026-08-31,SCB,Standard Chartered Bank Limited,650.0,654.9,646.0,,646.0,645.0,1.0,,2219.0,1451399.5,15.0,8.899999999999977,1.369230769230766,0.15503875968992248,96759.96666666666,654.0781883731411
2026-08-31T05:45:27+00:00,2026-08-31T11:30:27+05:45,2026-08-31,11:30:27,1788155127,0,5,11,nepse_official,OPEN,2026-08-31,SEF2,Siddhartha Equity Fund 2,8.9,8.9,8.72,,8.81,9.1,-0.28999999999999915,,800.0,7046.0,8.0,0.17999999999999972,2.0224719101123565,-3.1868131868131777,880.75,8.8075
2026-08-31T05:45:27+00:00,2026-08-31T11:30:27+05:45,2026-08-31,11:30:27,1788155127,0,5,11,nepse_official,OPEN,2026-08-31,SFEF,Sunrise Focused Equity Fund,9.65,9.65,9.65,,9.65,9.65,0.0,,100200.0,966930.0,2.0,0.0,0.0,0.0,483465.0,9.65
2026-08-31T05:45:27+00:00,2026-08-31T11:30:27+05:45,2026-08-31,11:30:27,1788155127,0,5,11,nepse_official,OPEN,2026-08-31,SGHC,Swet-Ganga Hydropower & Construction Limited ,290.0,290.0,285.1,,288.0,290.0,-2.0,,986.0,282765.4,11.0,4.899999999999977,1.6896551724137854,-0.6896551724137931,25705.945454545457,286.78032454361056
2026-08-31T05:45:27+00:00,2026-08-31T11:30:27+05:45,2026-08-31,11:30:27,1788155127,0,5,11,nepse_official,OPEN,2026-08-31,SGHL,Sanigad Hydro Limited,494.0,494.0,485.0,,485.3,493.8,-8.5,,4190.0,2036597.0,190.0,9.0,1.8218623481781375,-1.7213446739570677,10718.931578947368,486.0613365155131
2026-08-31T05:45:27+00:00,2026-08-31T11:30:27+05:45,2026-08-31,11:30:27,1788155127,0,5,11,nepse_official,OPEN,2026-08-31,SGIC,Sanima GIC Insurance Limited,400.1,406.0,388.0,,388.0,400.1,-12.100000000000023,,4265.0,1671184.5,36.0,18.0,4.498875281179704,-3.0242439390152516,46421.791666666664,391.8369284876905
2026-08-31T05:45:27+00:00,2026-08-31T11:30:27+05:45,2026-08-31,11:30:27,1788155127,0,5,11,nepse_official,OPEN,2026-08-31,SHEL,Singati Hydro Energy Limited,290.0,290.1,287.0,,287.0,292.6,-5.600000000000023,,3887.0,1121766.0,27.0,3.1000000000000227,1.068965517241387,-1.913875598086132,41546.88888888889,288.59428865448933
2026-08-31T05:45:27+00:00,2026-08-31T11:30:27+05:45,2026-08-31,11:30:27,1788155127,0,5,11,nepse_official,OPEN,2026-08-31,SHINE,Shine Resunga Development Bank Ltd.,404.0,406.0,404.0,,405.0,408.0,-3.0,,3759.0,1522792.0,9.0,2.0,0.49504950495049505,-0.7352941176470588,169199.11111111112,405.1056131949987
2026-08-31T05:45:27+00:00,2026-08-31T11:30:27+05:45,2026-08-31,11:30:27,1788155127,0,5,11,nepse_official,OPEN,2026-08-31,SHIVM,SHIVAM CEMENTS LTD,665.0,665.0,650.0,,655.0,650.0,5.0,,59891.0,39339596.9,280.0,15.0,2.2556390977443606,0.7692307692307693,140498.56035714285,656.8532317042627
2026-08-31T05:45:27+00:00,2026-08-31T11:30:27+05:45,2026-08-31,11:30:27,1788155127,0,5,11,nepse_official,OPEN,2026-08-31,SHL,Soaltee Hotel Limited,511.0,511.0,505.0,,505.0,508.7,-3.6999999999999886,,200.0,101600.0,2.0,6.0,1.1741682974559686,-0.7273442107332394,50800.0,508.0
2026-08-31T05:45:27+00:00,2026-08-31T11:30:27+05:45,2026-08-31,11:30:27,1788155127,0,5,11,nepse_official,OPEN,2026-08-31,SHLB,Shrijanshil Laghubitta Bittiya Sanstha Limited,1285.0,1285.0,1285.0,,1285.0,1323.9,-38.90000000000009,,20.0,25700.0,2.0,0.0,0.0,-2.9382883903618167,12850.0,1285.0
2026-08-31T05:45:27+00:00,2026-08-31T11:30:27+05:45,2026-08-31,11:30:27,1788155127,0,5,11,nepse_official,OPEN,2026-08-31,SHPC,Sanima Mai Hydropower Ltd.,498.0,500.0,495.9,,497.0,502.0,-5.0,,6357.0,3159677.0,16.0,4.100000000000023,0.8232931726907677,-0.9960159362549801,197479.8125,497.0390121126317
2026-08-31T05:45:27+00:00,2026-08-31T11:30:27+05:45,2026-08-31,11:30:27,1788155127,0,5,11,nepse_official,OPEN,2026-08-31,SICL,Shikhar Insurance Co. Ltd.,545.0,545.5,543.0,,543.0,559.0,-16.0,,1859.0,1012412.0,19.0,2.5,0.45871559633027525,-2.862254025044723,53284.84210526316,544.6003227541689
2026-08-31T05:45:27+00:00,2026-08-31T11:30:27+05:45,2026-08-31,11:30:27,1788155127,0,5,11,nepse_official,OPEN,2026-08-31,SIFC,Shree Investment Finance Co. Ltd.,485.0,485.0,480.0,,480.0,485.1,-5.100000000000023,,1305.0,630990.0,6.0,5.0,1.0309278350515463,-1.0513296227581987,105165.0,483.51724137931035
2026-08-31T05:45:27+00:00,2026-08-31T11:30:27+05:45,2026-08-31,11:30:27,1788155127,0,5,11,nepse_official,OPEN,2026-08-31,SIGS2,Siddhartha Investment Growth Scheme - 2,10.27,10.27,9.97,,9.97,10.27,-0.29999999999999893,,2830.0,28815.1,3.0,0.29999999999999893,2.921129503407974,-2.921129503407974,9605.033333333333,10.182014134275619
2026-08-31T05:45:27+00:00,2026-08-31T11:30:27+05:45,2026-08-31,11:30:27,1788155127,0,5,11,nepse_official,OPEN,2026-08-31,SIGS3,Siddhartha Investment Growth Scheme 3,10.67,10.67,10.5,,10.5,10.99,-0.4900000000000002,,10000.0,105017.0,4.0,0.16999999999999993,1.5932521087160256,-4.458598726114651,26254.25,10.5017
2026-08-31T05:45:27+00:00,2026-08-31T11:30:27+05:45,2026-08-31,11:30:27,1788155127,0,5,11,nepse_official,OPEN,2026-08-31,SIKLES,Sikles Hydropower Limited,565.0,565.0,559.0,,559.0,565.0,-6.0,,50.0,28070.0,5.0,6.0,1.0619469026548671,-1.0619469026548671,5614.0,561.4
2026-08-31T05:45:27+00:00,2026-08-31T11:30:27+05:45,2026-08-31,11:30:27,1788155127,0,5,11,nepse_official,OPEN,2026-08-31,SINDU,Sindhu Bikash Bank Ltd,602.9,603.0,600.0,,600.0,613.9,-13.899999999999977,,190.0,114421.8,6.0,3.0,0.4975949577044286,-2.26421241244502,19070.3,602.22
2026-08-31T05:45:27+00:00,2026-08-31T11:30:27+05:45,2026-08-31,11:30:27,1788155127,0,5,11,nepse_official,OPEN,2026-08-31,SIPD,Shikhar power Development Limited,582.0,590.0,571.1,,590.0,596.0,-6.0,,545.0,315621.5,18.0,18.899999999999977,3.247422680412367,-1.006711409395973,17534.527777777777,579.1220183486239
2026-08-31T05:45:27+00:00,2026-08-31T11:30:27+05:45,2026-08-31,11:30:27,1788155127,0,5,11,nepse_official,OPEN,2026-08-31,SJCL,SANJEN JALAVIDHYUT COMPANY LIMITED,227.0,236.0,227.0,,232.4,227.0,5.400000000000006,,11415.0,2639158.9,112.0,9.0,3.9647577092511015,2.3788546255506633,23563.91875,231.20095488392465
2026-08-31T05:45:27+00:00,2026-08-31T11:30:27+05:45,2026-08-31,11:30:27,1788155127,0,5,11,nepse_official,OPEN,2026-08-31,SJLIC,SuryaJyoti Life Insurance Company Limited,400.0,400.0,391.1,,393.0,402.8,-9.800000000000011,,434.0,171113.0,14.0,8.899999999999977,2.2249999999999943,-2.432969215491562,12222.357142857143,394.2695852534562
2026-08-31T05:45:27+00:00,2026-08-31T11:30:27+05:45,2026-08-31,11:30:27,1788155127,0,5,11,nepse_official,OPEN,2026-08-31,SKBBL,Sana Kisan Bikas Laghubitta Bittiya Sanstha Limited,740.2,740.2,735.0,,735.0,742.5,-7.5,,1687.0,1243373.6,10.0,5.2000000000000455,0.7025128343690955,-1.0101010101010102,124337.36000000002,737.0323651452283
2026-08-31T05:45:27+00:00,2026-08-31T11:30:27+05:45,2026-08-31,11:30:27,1788155127,0,5,11,nepse_official,OPEN,2026-08-31,SKHEL,Suryakunda Hydro Electric Limited,877.0,880.0,836.0,,880.0,877.0,3.0,,339.0,295347.0,13.0,44.0,5.017103762827822,0.34207525655644244,22719.0,871.2300884955753
2026-08-31T05:45:27+00:00,2026-08-31T11:30:27+05:45,2026-08-31,11:30:27,1788155127,0,5,11,nepse_official,OPEN,2026-08-31,SKHL,Super Khudi Hydropower Limited,730.0,750.0,730.0,,735.5,750.3,-14.799999999999955,,590.0,434852.0,27.0,20.0,2.73972602739726,-1.9725443156070845,16105.62962962963,737.0372881355933
2026-08-31T05:45:27+00:00,2026-08-31T11:30:27+05:45,2026-08-31,11:30:27,1788155127,0,5,11,nepse_official,OPEN,2026-08-31,SLBBL,Swarojgar Laghubitta Bittiya Sanstha Ltd.,772.1,772.1,772.0,,772.1,790.0,-17.899999999999977,,204.0,157496.9,6.0,0.10000000000002274,0.012951690195573467,-2.265822784810124,26249.483333333334,772.0436274509804
2026-08-31T05:45:27+00:00,2026-08-31T11:30:27+05:45,2026-08-31,11:30:27,1788155127,0,5,11,nepse_official,OPEN,2026-08-31,SLBSL,Samudayik Laghubitta Bittiya Sanstha Limited,880.0,899.9,880.0,,899.9,877.0,22.899999999999977,,20.0,17799.0,2.0,19.899999999999977,2.261363636363634,2.611174458380841,8899.5,889.95
2026-08-31T05:45:27+00:00,2026-08-31T11:30:27+05:45,2026-08-31,11:30:27,1788155127,0,5,11,nepse_official,OPEN,2026-08-31,SLCF,Sanima Large Cap Fund,9.1,9.1,9.1,,9.1,9.1,0.0,,100.0,910.0,1.0,0.0,0.0,0.0,910.0,9.1
2026-08-31T05:45:27+00:00,2026-08-31T11:30:27+05:45,2026-08-31,11:30:27,1788155127,0,5,11,nepse_official,OPEN,2026-08-31,SMATA,Samata Gharelu Laghubitta Bittiya Sanstha Limited,680.0,680.1,680.0,,680.1,695.0,-14.899999999999977,,22.0,14961.1,2.0,0.10000000000002274,0.01470588235294452,-2.143884892086328,7480.55,680.0500000000001
2026-08-31T05:45:27+00:00,2026-08-31T11:30:27+05:45,2026-08-31,11:30:27,1788155127,0,5,11,nepse_official,OPEN,2026-08-31,SMFBS,Swabhimaan Laghubitta Bittiya Sanstha Limited,1305.0,1306.0,1305.0,,1306.0,1369.0,-63.0,,20.0,26110.0,2.0,1.0,0.07662835249042146,-4.6018991964937905,13055.0,1305.5
2026-08-31T05:45:27+00:00,2026-08-31T11:30:27+05:45,2026-08-31,11:30:27,1788155127,0,5,11,nepse_official,OPEN,2026-08-31,SMH,Super Mai Hydropower Limited,491.0,500.0,491.0,,495.0,500.0,-5.0,,201.0,99138.0,8.0,9.0,1.8329938900203666,-1.0,12392.25,493.2238805970149
2026-08-31T05:45:27+00:00,2026-08-31T11:30:27+05:45,2026-08-31,11:30:27,1788155127,0,5,11,nepse_official,OPEN,2026-08-31,SMHL,Super Madi Hydropower Limited,525.0,527.9,520.0,,523.9,525.0,-1.1000000000000227,,3407.0,1788223.6,49.0,7.899999999999977,1.5047619047619003,-0.20952380952381386,36494.35918367347,524.8675080716173
2026-08-31T05:45:27+00:00,2026-08-31T11:30:27+05:45,2026-08-31,11:30:27,1788155127,0,5,11,nepse_official,OPEN,2026-08-31,SMJC,Sagarmatha Jalabidhyut Company Limited,411.2,413.0,411.2,,413.0,419.0,-6.0,,92.0,37849.4,5.0,1.8000000000000114,0.4377431906614814,-1.431980906921241,7569.88,411.4065217391304
2026-08-31T05:45:27+00:00,2026-08-31T11:30:27+05:45,2026-08-31,11:30:27,1788155127,0,5,11,nepse_official,OPEN,2026-08-31,SMPDA,Sampada Laghubitta Bittiya Sanstha Limited,735.0,735.0,735.0,,735.0,740.0,-5.0,,200.0,147000.0,1.0,0.0,0.0,-0.6756756756756757,147000.0,735.0
2026-08-31T05:45:27+00:00,2026-08-31T11:30:27+05:45,2026-08-31,11:30:27,1788155127,0,5,11,nepse_official,OPEN,2026-08-31,SNLI,Sun Nepal Life Insurance Company Limited,380.0,385.0,375.0,,380.5,390.0,-9.5,,1352.0,512183.8,27.0,10.0,2.631578947368421,-2.435897435897436,18969.77037037037,378.83417159763314
2026-08-31T05:45:27+00:00,2026-08-31T11:30:27+05:45,2026-08-31,11:30:27,1788155127,0,5,11,nepse_official,OPEN,2026-08-31,SNORL,Snow Rivers Limited,860.1,864.9,852.0,,864.7,866.0,-1.2999999999999545,,1460.0,1254201.0,60.0,12.899999999999977,1.4998256016742213,-0.1501154734411033,20903.35,859.0417808219178
2026-08-31T05:45:27+00:00,2026-08-31T11:30:27+05:45,2026-08-31,11:30:27,1788155127,0,5,11,nepse_official,OPEN,2026-08-31,SOHL,Solu Hydropower Limited,660.0,664.8,647.2,,653.2,660.0,-6.7999999999999545,,6731.0,4396669.6,147.0,17.59999999999991,2.6666666666666528,-1.0303030303030234,29909.317006802718,653.1970880998365
2026-08-31T05:45:27+00:00,2026-08-31T11:30:27+05:45,2026-08-31,11:30:27,1788155127,0,5,11,nepse_official,OPEN,2026-08-31,SONA,Sonapur Minerals And Oil Limited,415.0,418.0,403.0,,405.0,408.0,-3.0,,18805.0,7694672.0,106.0,15.0,3.614457831325301,-0.7352941176470588,72591.24528301887,409.18223876628554
2026-08-31T05:45:27+00:00,2026-08-31T11:30:27+05:45,2026-08-31,11:30:27,1788155127,0,5,11,nepse_official,OPEN,2026-08-31,SOPL,Sopan Pharmaceuticals Limited,758.0,758.0,735.0,,742.3,758.0,-15.700000000000045,,1725.0,1280134.0,83.0,23.0,3.034300791556728,-2.071240105540903,15423.301204819278,742.1066666666667
2026-08-31T05:45:27+00:00,2026-08-31T11:30:27+05:45,2026-08-31,11:30:27,1788155127,0,5,11,nepse_official,OPEN,2026-08-31,SPC,Samling Power Company Limited,408.8,408.9,385.0,,385.0,397.0,-12.0,,1030.0,397341.0,11.0,23.899999999999977,5.8463796477495045,-3.022670025188917,36121.90909090909,385.7679611650485
2026-08-31T05:45:27+00:00,2026-08-31T11:30:27+05:45,2026-08-31,11:30:27,1788155127,0,5,11,nepse_official,OPEN,2026-08-31,SPDL,Synergy Power Development Ltd.,359.8,359.9,349.2,,349.2,353.0,-3.8000000000000114,,3600.0,1287870.0,4.0,10.699999999999989,2.9738743746525813,-1.0764872521246491,321967.5,357.7416666666667
2026-08-31T05:45:27+00:00,2026-08-31T11:30:27+05:45,2026-08-31,11:30:27,1788155127,0,5,11,nepse_official,OPEN,2026-08-31,SPHL,Sayapatri Hydropower Limited,510.0,524.0,510.0,,510.6,523.0,-12.399999999999977,,589.0,307561.4,8.0,14.0,2.7450980392156863,-2.370936902485655,38445.175,522.1755517826825
2026-08-31T05:45:27+00:00,2026-08-31T11:30:27+05:45,2026-08-31,11:30:27,1788155127,0,5,11,nepse_official,OPEN,2026-08-31,SPIL,Siddhartha Premier Insurance Limited,611.1,612.1,611.1,,612.1,625.0,-12.899999999999977,,200.0,122365.0,5.0,1.0,0.16363933889707086,-2.0639999999999965,24473.0,611.825
2026-08-31T05:45:27+00:00,2026-08-31T11:30:27+05:45,2026-08-31,11:30:27,1788155127,0,5,11,nepse_official,OPEN,2026-08-31,SRLI,Sanima Reliance Life Insurance Limited,357.3,357.5,355.4,,357.0,357.3,-0.30000000000001137,,1202.0,429098.0,14.0,2.1000000000000227,0.5877413937867402,-0.08396305625525087,30649.85714285714,356.98668885191347
2026-08-31T05:45:27+00:00,2026-08-31T11:30:27+05:45,2026-08-31,11:30:27,1788155127,0,5,11,nepse_official,OPEN,2026-08-31,SSHL,Shiva Shree Hydropower Ltd,192.0,192.0,190.0,,190.0,194.0,-4.0,,11394.0,2171322.8,32.0,2.0,1.0416666666666665,-2.0618556701030926,67853.8375,190.56721081270842
2026-08-31T05:45:27+00:00,2026-08-31T11:30:27+05:45,2026-08-31,11:30:27,1788155127,0,5,11,nepse_official,OPEN,2026-08-31,STC,Salt Trading Corporation,5200.0,5300.0,5160.0,,5160.0,5170.0,-10.0,,35.0,183100.0,3.0,140.0,2.6923076923076925,-0.19342359767891684,61033.333333333336,5231.428571428572
2026-08-31T05:45:27+00:00,2026-08-31T11:30:27+05:45,2026-08-31,11:30:27,1788155127,0,5,11,nepse_official,OPEN,2026-08-31,SWASTIK,Swastik Laghubitta Bittiya Sanstha Limited,1850.0,1904.0,1850.0,,1900.0,1904.0,-4.0,,130.0,246040.0,4.0,54.0,2.918918918918919,-0.21008403361344538,61510.0,1892.6153846153845
2026-08-31T05:45:27+00:00,2026-08-31T11:30:27+05:45,2026-08-31,11:30:27,1788155127,0,5,11,nepse_official,OPEN,2026-08-31,SYPNL,SY Panel Nepal Limited,1244.3,1270.0,1230.1,,1245.0,1244.3,0.7000000000000455,,3025.0,3766186.5,42.0,39.90000000000009,3.2066221972193274,0.0562565297757812,89671.10714285714,1245.0203305785124
2026-08-31T05:45:27+00:00,2026-08-31T11:30:27+05:45,2026-08-31,11:30:27,1788155127,0,5,11,nepse_official,OPEN,2026-08-31,TAMOR,Sanima Middle Tamor Hydropower Limited,477.5,480.0,475.0,,480.0,482.0,-2.0,,3060.0,1462972.5,21.0,5.0,1.0471204188481675,-0.4149377593360996,69665.35714285714,478.09558823529414
2026-08-31T05:45:27+00:00,2026-08-31T11:30:27+05:45,2026-08-31,11:30:27,1788155127,0,5,11,nepse_official,OPEN,2026-08-31,TPC,Terhathum Power Company Limited,345.0,346.0,345.0,,346.0,350.0,-4.0,,530.0,182861.0,5.0,1.0,0.2898550724637681,-1.1428571428571428,36572.2,345.0207547169811
2026-08-31T05:45:27+00:00,2026-08-31T11:30:27+05:45,2026-08-31,11:30:27,1788155127,0,5,11,nepse_official,OPEN,2026-08-31,TPKHL,Taksar Pikhuwa Khola Hydropower Limited,490.1,505.0,490.1,,496.1,509.0,-12.899999999999977,,1302.0,652870.0,74.0,14.899999999999977,3.04019587839216,-2.53438113948919,8822.567567567568,501.4362519201229
2026-08-31T05:45:27+00:00,2026-08-31T11:30:27+05:45,2026-08-31,11:30:27,1788155127,0,5,11,nepse_official,OPEN,2026-08-31,TSHL,Three Star Hydropower Limited,336.0,336.0,336.0,,336.0,338.0,-2.0,,150.0,50400.0,2.0,0.0,0.0,-0.591715976331361,25200.0,336.0
2026-08-31T05:45:27+00:00,2026-08-31T11:30:27+05:45,2026-08-31,11:30:27,1788155127,0,5,11,nepse_official,OPEN,2026-08-31,TTL,Trade Tower Limited,685.0,685.0,678.0,,678.0,690.0,-12.0,,40.0,27210.0,4.0,7.0,1.0218978102189782,-1.7391304347826086,6802.5,680.25
2026-08-31T05:45:27+00:00,2026-08-31T11:30:27+05:45,2026-08-31,11:30:27,1788155127,0,5,11,nepse_official,OPEN,2026-08-31,TVCL,Trishuli Jal Vidhyut Company Limited ,345.0,345.0,300.9,,315.0,354.0,-39.0,,7645.0,2392253.3,67.0,44.10000000000002,12.782608695652181,-11.016949152542372,35705.27313432835,312.9173708306082
2026-08-31T05:45:27+00:00,2026-08-31T11:30:27+05:45,2026-08-31,11:30:27,1788155127,0,5,11,nepse_official,OPEN,2026-08-31,UAIL,United Ajod Insurance Limited,380.0,382.0,371.1,,375.1,388.8,-13.699999999999989,,3889.0,1465606.1,25.0,10.899999999999977,2.868421052631573,-3.523662551440326,58624.244000000006,376.8593725893546
2026-08-31T05:45:27+00:00,2026-08-31T11:30:27+05:45,2026-08-31,11:30:27,1788155127,0,5,11,nepse_official,OPEN,2026-08-31,UHEWA,Upper Hewakhola Hydropower Company Limited,600.0,618.0,587.0,,592.0,604.0,-12.0,,1224.0,727484.2,27.0,31.0,5.166666666666667,-1.9867549668874174,26943.859259259258,594.3498366013072
2026-08-31T05:45:27+00:00,2026-08-31T11:30:27+05:45,2026-08-31,11:30:27,1788155127,0,5,11,nepse_official,OPEN,2026-08-31,ULBSL,Upakar Laghubitta Bittiya Sanstha Limited,2310.0,2590.0,2310.0,,2360.0,2408.0,-48.0,,130.0,316340.0,11.0,280.0,12.121212121212121,-1.9933554817275747,28758.18181818182,2433.3846153846152
2026-08-31T05:45:27+00:00,2026-08-31T11:30:27+05:45,2026-08-31,11:30:27,1788155127,0,5,11,nepse_official,OPEN,2026-08-31,ULHC,Upper Lohore Khola Hydropower Company Limited,300.0,300.0,300.0,,300.0,301.0,-1.0,,1000.0,300000.0,4.0,0.0,0.0,-0.33222591362126247,75000.0,300.0
2026-08-31T05:45:27+00:00,2026-08-31T11:30:27+05:45,2026-08-31,11:30:27,1788155127,0,5,11,nepse_official,OPEN,2026-08-31,UMHL,United Modi Hydropower Ltd.,550.1,552.5,550.1,,552.5,559.9,-7.399999999999977,,1400.0,771540.0,4.0,2.3999999999999773,0.43628431194327894,-1.321664582961239,192885.0,551.1
2026-08-31T05:45:27+00:00,2026-08-31T11:30:27+05:45,2026-08-31,11:30:27,1788155127,0,5,11,nepse_official,OPEN,2026-08-31,UMRH,United IDI Mardi RB Hydropower Limited.,505.1,505.1,505.1,,505.1,519.7,-14.600000000000023,,11.0,5556.1,1.0,0.0,0.0,-2.8093130652299445,5556.1,505.1
2026-08-31T05:45:27+00:00,2026-08-31T11:30:27+05:45,2026-08-31,11:30:27,1788155127,0,5,11,nepse_official,OPEN,2026-08-31,UNHPL,Union Hydropower Limited,345.0,358.8,345.0,,358.8,358.0,0.8000000000000114,,2180.0,761852.0,10.0,13.800000000000011,4.0000000000000036,0.22346368715084117,76185.2,349.47339449541283
2026-08-31T05:45:27+00:00,2026-08-31T11:30:27+05:45,2026-08-31,11:30:27,1788155127,0,5,11,nepse_official,OPEN,2026-08-31,UNLB,Unique Nepal Laghubitta Bittiya Sanstha Limited,1277.0,1277.0,1250.0,,1250.0,1240.0,10.0,,40.0,50270.0,2.0,27.0,2.11433046202036,0.8064516129032258,25135.0,1256.75
2026-08-31T05:45:27+00:00,2026-08-31T11:30:27+05:45,2026-08-31,11:30:27,1788155127,0,5,11,nepse_official,OPEN,2026-08-31,UPCL,UNIVERSAL POWER COMPANY LTD,325.2,326.0,323.5,,325.0,333.0,-8.0,,2920.0,947984.2,27.0,2.5,0.7687576875768758,-2.4024024024024024,35110.525925925926,324.6521232876712
2026-08-31T05:45:27+00:00,2026-08-31T11:30:27+05:45,2026-08-31,11:30:27,1788155127,0,5,11,nepse_official,OPEN,2026-08-31,UPPER,Upper Tamakoshi Hydropower Ltd,184.0,186.0,180.5,,181.1,184.0,-2.9000000000000057,,7974.0,1455845.3,66.0,5.5,2.989130434782609,-1.5760869565217421,22058.262121212123,182.57402809129673
2026-08-31T05:45:27+00:00,2026-08-31T11:30:27+05:45,2026-08-31,11:30:27,1788155127,0,5,11,nepse_official,OPEN,2026-08-31,USHEC,Upper Solu Hydro Electric Company Limited,490.0,490.0,490.0,,490.0,496.0,-6.0,,100.0,49000.0,6.0,0.0,0.0,-1.2096774193548387,8166.666666666667,490.0
2026-08-31T05:45:27+00:00,2026-08-31T11:30:27+05:45,2026-08-31,11:30:27,1788155127,0,5,11,nepse_official,OPEN,2026-08-31,USLB,Unnati Sahakarya Laghubitta Bittiya Sanstha Limited,950.0,950.0,950.0,,950.0,970.0,-20.0,,60.0,57000.0,2.0,0.0,0.0,-2.0618556701030926,28500.0,950.0
2026-08-31T05:45:27+00:00,2026-08-31T11:30:27+05:45,2026-08-31,11:30:27,1788155127,0,5,11,nepse_official,OPEN,2026-08-31,VLBS,Vijaya laghubitta Bittiya Sanstha Ltd.,615.0,615.0,615.0,,615.0,620.0,-5.0,,60.0,36900.0,6.0,0.0,0.0,-0.8064516129032258,6150.0,615.0
2026-08-31T05:45:27+00:00,2026-08-31T11:30:27+05:45,2026-08-31,11:30:27,1788155127,0,5,11,nepse_official,OPEN,2026-08-31,VLUCL,Vision Lumbini Urja Company Limited ,373.0,387.5,373.0,,373.0,383.5,-10.5,,40.0,15175.0,4.0,14.5,3.8873994638069704,-2.737940026075619,3793.75,379.375
2026-08-31T05:45:27+00:00,2026-08-31T11:30:27+05:45,2026-08-31,11:30:27,1788155127,0,5,11,nepse_official,OPEN,2026-08-31,WNLB,Wean Nepal Laghubitta Bittiya Sanstha Limited,1110.0,1110.0,1100.0,,1100.0,1110.0,-10.0,,31.0,34300.0,3.0,10.0,0.9009009009009009,-0.9009009009009009,11433.333333333334,1106.4516129032259
2026-08-31T05:45:27+00:00,2026-08-31T11:30:27+05:45,2026-08-31,11:30:27,1788155127,0,5,11,nepse_official,OPEN,2026-08-31,YMHL,Yambaling Hydropower Limited,575.0,580.0,569.1,,570.3,593.9,-23.600000000000023,,690.0,394346.0,51.0,10.899999999999977,1.8956521739130396,-3.9737329516753706,7732.274509803921,571.5159420289855
2026-08-31T06:15:31+00:00,2026-08-31T12:00:31+05:45,2026-08-31,12:00:31,1788156931,0,6,12,nepse_official,OPEN,2026-08-31,ACLBSL,Aarambha Chautari Laghubitta Bittiya Sanstha Limited,900.0,900.0,896.4,,896.4,900.0,-3.6000000000000227,,417.0,374970.0,6.0,3.6000000000000227,0.4000000000000025,-0.4000000000000025,62495.0,899.2086330935252
2026-08-31T06:15:31+00:00,2026-08-31T12:00:31+05:45,2026-08-31,12:00:31,1788156931,0,6,12,nepse_official,OPEN,2026-08-31,ADBL,Agricultural Development Bank Limited,305.0,305.0,291.2,,295.6,299.0,-3.3999999999999773,,2064.0,611555.6,34.0,13.800000000000011,4.5245901639344295,-1.1371237458193904,17986.929411764704,296.29631782945734
2026-08-31T06:15:31+00:00,2026-08-31T12:00:31+05:45,2026-08-31,12:00:31,1788156931,0,6,12,nepse_official,OPEN,2026-08-31,AHL,Asian Hydropower Limited,380.0,380.1,378.5,,380.1,390.0,-9.899999999999977,,400.0,151776.0,11.0,1.6000000000000227,0.42105263157895334,-2.5384615384615326,13797.818181818182,379.44
2026-08-31T06:15:31+00:00,2026-08-31T12:00:31+05:45,2026-08-31,12:00:31,1788156931,0,6,12,nepse_official,OPEN,2026-08-31,AHPC,Arun Valley Hydropower Development Co. Ltd.,251.0,251.2,247.3,,249.0,252.7,-3.6999999999999886,,14469.0,3605402.8,72.0,3.8999999999999773,1.5537848605577598,-1.464186782746335,50075.038888888885,249.18120118874833
2026-08-31T06:15:31+00:00,2026-08-31T12:00:31+05:45,2026-08-31,12:00:31,1788156931,0,6,12,nepse_official,OPEN,2026-08-31,AKJCL,Ankhu Khola Jalvidhyut Company Ltd,343.0,345.3,335.1,,340.0,343.0,-3.0,,12750.0,4329448.1,55.0,10.199999999999989,2.9737609329446033,-0.8746355685131195,78717.23818181817,339.56455686274506
2026-08-31T06:15:31+00:00,2026-08-31T12:00:31+05:45,2026-08-31,12:00:31,1788156931,0,6,12,nepse_official,OPEN,2026-08-31,AKPL,Arun Kabeli Power Ltd.,238.0,241.7,238.0,,240.4,244.0,-3.5999999999999943,,30626.0,7354147.8,52.0,3.6999999999999886,1.554621848739491,-1.4754098360655714,141425.9192307692,240.12759746620517
2026-08-31T06:15:31+00:00,2026-08-31T12:00:31+05:45,2026-08-31,12:00:31,1788156931,0,6,12,nepse_official,OPEN,2026-08-31,ALBSL,Asha Laghubitta Bittiya Sanstha Ltd,1071.0,1080.0,1071.0,,1080.0,1108.0,-28.0,,149.0,159887.0,10.0,9.0,0.8403361344537815,-2.527075812274368,15988.7,1073.0671140939598
2026-08-31T06:15:31+00:00,2026-08-31T12:00:31+05:45,2026-08-31,12:00:31,1788156931,0,6,12,nepse_official,OPEN,2026-08-31,ALICL,Asian Life Insurance Co. Limited,391.2,398.0,391.2,,395.0,402.3,-7.300000000000011,,634.0,250277.2,14.0,6.800000000000011,1.738241308793459,-1.8145662440964483,17876.942857142858,394.7589905362776
2026-08-31T06:15:31+00:00,2026-08-31T12:00:31+05:45,2026-08-31,12:00:31,1788156931,0,6,12,nepse_official,OPEN,2026-08-31,ANLB,Aatmanirbhar Laghubitta Bittiya Sanstha Limited,4800.0,4816.8,4800.0,,4810.0,4920.0,-110.0,,225.0,1082308.0,7.0,16.800000000000182,0.35000000000000375,-2.2357723577235773,154615.42857142858,4810.257777777778
2026-08-31T06:15:31+00:00,2026-08-31T12:00:31+05:45,2026-08-31,12:00:31,1788156931,0,6,12,nepse_official,OPEN,2026-08-31,APHL,Appolo Hydropower Limited,674.5,680.0,670.1,,675.7,689.0,-13.299999999999955,,662.0,445858.2,36.0,9.899999999999977,1.4677538917716793,-1.9303338171262632,12384.95,673.5018126888218
2026-08-31T06:15:31+00:00,2026-08-31T12:00:31+05:45,2026-08-31,12:00:31,1788156931,0,6,12,nepse_official,OPEN,2026-08-31,API,Api Power Company Ltd.,325.9,325.9,321.7,,323.0,325.9,-2.8999999999999773,,29601.0,9570381.2,122.0,4.199999999999989,1.288738876956118,-0.8898435102792198,78445.7475409836,323.3127664605925
2026-08-31T06:15:31+00:00,2026-08-31T12:00:31+05:45,2026-08-31,12:00:31,1788156931,0,6,12,nepse_official,OPEN,2026-08-31,AVYAN,Aviyan Laghubitta Bittiya Sanstha Limited,1004.0,1004.0,1000.0,,1000.0,1017.6,-17.600000000000023,,875.0,876340.0,10.0,4.0,0.398406374501992,-1.729559748427675,87634.0,1001.5314285714286
2026-08-31T06:15:31+00:00,2026-08-31T12:00:31+05:45,2026-08-31,12:00:31,1788156931,0,6,12,nepse_official,OPEN,2026-08-31,BANDIPUR,Bandipur Cablecar and Tourism Limited,657.0,657.0,645.0,,645.0,657.0,-12.0,,5552.0,3589087.0,69.0,12.0,1.82648401826484,-1.82648401826484,52015.75362318841,646.4493876080692
2026-08-31T06:15:31+00:00,2026-08-31T12:00:31+05:45,2026-08-31,12:00:31,1788156931,0,6,12,nepse_official,OPEN,2026-08-31,BARUN,Barun Hydropower Co. Ltd.,312.0,312.0,308.0,,309.0,313.9,-4.899999999999977,,2645.0,818780.0,21.0,4.0,1.282051282051282,-1.5610066900286645,38989.52380952381,309.5576559546314
2026-08-31T06:15:31+00:00,2026-08-31T12:00:31+05:45,2026-08-31,12:00:31,1788156931,0,6,12,nepse_official,OPEN,2026-08-31,BBC,Bishal Bazar Company Limited,4067.9,4070.0,4000.0,,4000.0,4050.0,-50.0,,140.0,568170.0,5.0,70.0,1.720789596597753,-1.2345679012345678,113634.0,4058.3571428571427
2026-08-31T06:15:31+00:00,2026-08-31T12:00:31+05:45,2026-08-31,12:00:31,1788156931,0,6,12,nepse_official,OPEN,2026-08-31,BEDC,Bhugol Energy Development Company Limited,285.0,289.0,281.5,,289.0,289.0,0.0,,120.0,34215.0,4.0,7.5,2.631578947368421,0.0,8553.75,285.125
2026-08-31T06:15:31+00:00,2026-08-31T12:00:31+05:45,2026-08-31,12:00:31,1788156931,0,6,12,nepse_official,OPEN,2026-08-31,BFC,Best Finance Company Ltd.,465.0,465.0,453.0,,455.0,459.7,-4.699999999999989,,2880.0,1313440.0,12.0,12.0,2.5806451612903225,-1.0224059169023252,109453.33333333333,456.05555555555554
2026-08-31T06:15:31+00:00,2026-08-31T12:00:31+05:45,2026-08-31,12:00:31,1788156931,0,6,12,nepse_official,OPEN,2026-08-31,BGWT,Bhagawati Hydropower Development Company Limited,505.0,506.0,485.0,,485.5,513.0,-27.5,,451.0,220721.0,15.0,21.0,4.158415841584159,-5.360623781676413,14714.733333333334,489.40354767184033
2026-08-31T06:15:31+00:00,2026-08-31T12:00:31+05:45,2026-08-31,12:00:31,1788156931,0,6,12,nepse_official,OPEN,2026-08-31,BHCL,Bikash Hydropower Company Limited,528.0,558.0,528.0,,543.0,555.0,-12.0,,4075.0,2216366.5,59.0,30.0,5.681818181818182,-2.1621621621621623,37565.53389830508,543.8936196319019
2026-08-31T06:15:31+00:00,2026-08-31T12:00:31+05:45,2026-08-31,12:00:31,1788156931,0,6,12,nepse_official,OPEN,2026-08-31,BHDC,Bindhyabasini Hydropower Development Company Limited,417.0,417.0,411.7,,413.0,420.0,-7.0,,2552.0,1056014.1,18.0,5.300000000000011,1.2709832134292594,-1.6666666666666667,58667.450000000004,413.7986285266458
2026-08-31T06:15:31+00:00,2026-08-31T12:00:31+05:45,2026-08-31,12:00:31,1788156931,0,6,12,nepse_official,OPEN,2026-08-31,BHL,Balephi Hydropower Limited,200.0,200.0,197.4,,199.0,199.7,-0.6999999999999886,,13785.0,2742735.5,90.0,2.5999999999999943,1.2999999999999972,-0.35052578868301887,30474.838888888888,198.9652158142909
2026-08-31T06:15:31+00:00,2026-08-31T12:00:31+05:45,2026-08-31,12:00:31,1788156931,0,6,12,nepse_official,OPEN,2026-08-31,BHPL,Barahi Hydropower Public Limited,450.0,454.9,426.8,,445.0,458.0,-13.0,,958.0,424648.5,14.0,28.099999999999966,6.244444444444437,-2.8384279475982535,30332.035714285714,443.26565762004174
2026-08-31T06:15:31+00:00,2026-08-31T12:00:31+05:45,2026-08-31,12:00:31,1788156931,0,6,12,nepse_official,OPEN,2026-08-31,BJHL,Bhujung Hydropower Limited,645.1,660.0,632.1,,635.1,665.0,-29.899999999999977,,1275.0,815567.0,30.0,27.899999999999977,4.324910866532317,-4.4962406015037555,27185.566666666666,639.6603921568627
2026-08-31T06:15:31+00:00,2026-08-31T12:00:31+05:45,2026-08-31,12:00:31,1788156931,0,6,12,nepse_official,OPEN,2026-08-31,BNHC,Buddha Bhumi Nepal Hydropower Company Limited,255.0,263.0,254.0,,254.0,263.6,-9.600000000000023,,10587.0,2720065.5,51.0,9.0,3.5294117647058822,-3.641881638846746,53334.617647058825,256.9250495891187
2026-08-31T06:15:31+00:00,2026-08-31T12:00:31+05:45,2026-08-31,12:00:31,1788156931,0,6,12,nepse_official,OPEN,2026-08-31,BPCL,Butwal Power Company Limited,635.0,635.0,626.2,,630.0,640.0,-10.0,,2341.0,1475384.5,32.0,8.799999999999955,1.3858267716535362,-1.5625,46105.765625,630.236864587783
2026-08-31T06:15:31+00:00,2026-08-31T12:00:31+05:45,2026-08-31,12:00:31,1788156931,0,6,12,nepse_official,OPEN,2026-08-31,BUNGAL,Bungal Hydro Limited,540.0,540.0,520.5,,523.0,542.9,-19.899999999999977,,3320.0,1744615.5,53.0,19.5,3.6111111111111107,-3.665500092097988,32917.27358490566,525.4865963855422
2026-08-31T06:15:31+00:00,2026-08-31T12:00:31+05:45,2026-08-31,12:00:31,1788156931,0,6,12,nepse_official,OPEN,2026-08-31,CBBL,Chhimek Laghubitta Bittiya Sanstha Limited,932.0,934.0,927.0,,927.6,932.0,-4.399999999999977,,902.0,837717.8,24.0,7.0,0.7510729613733905,-0.47210300429184304,34904.90833333333,928.7337028824834
2026-08-31T06:15:31+00:00,2026-08-31T12:00:31+05:45,2026-08-31,12:00:31,1788156931,0,6,12,nepse_official,OPEN,2026-08-31,CFCL,Central Finance Co. Ltd.,560.0,587.7,560.0,,580.0,585.7,-5.7000000000000455,,9514.0,5505915.8,43.0,27.700000000000045,4.946428571428579,-0.9731944681577676,128044.55348837208,578.7172377548875
2026-08-31T06:15:31+00:00,2026-08-31T12:00:31+05:45,2026-08-31,12:00:31,1788156931,0,6,12,nepse_official,OPEN,2026-08-31,CHCL,Chilime Hydropower Company Limited,395.0,395.0,370.0,,372.2,405.0,-32.80000000000001,,120448.0,45164888.4,802.0,25.0,6.329113924050633,-8.09876543209877,56315.32219451371,374.97416644527095
2026-08-31T06:15:31+00:00,2026-08-31T12:00:31+05:45,2026-08-31,12:00:31,1788156931,0,6,12,nepse_official,OPEN,2026-08-31,CHDC,CEDB Holdings Limited,2170.0,2176.9,2155.4,,2155.4,2183.0,-27.59999999999991,,383.0,829026.0,13.0,21.5,0.9907834101382488,-1.2643151626202431,63771.230769230766,2164.5587467362925
2026-08-31T06:15:31+00:00,2026-08-31T12:00:31+05:45,2026-08-31,12:00:31,1788156931,0,6,12,nepse_official,OPEN,2026-08-31,CHL,Chhyangdi Hydropower Ltd.,258.4,258.4,246.1,,246.5,258.4,-11.899999999999977,,2186.0,547705.0,21.0,12.299999999999983,4.760061919504638,-4.605263157894728,26081.190476190477,250.55123513266238
2026-08-31T06:15:31+00:00,2026-08-31T12:00:31+05:45,2026-08-31,12:00:31,1788156931,0,6,12,nepse_official,OPEN,2026-08-31,CIT,Citizen Investment Trust,1670.1,1670.1,1663.0,,1663.0,1670.0,-7.0,,119.0,198451.0,7.0,7.099999999999909,0.42512424405723664,-0.41916167664670656,28350.14285714286,1667.6554621848738
2026-08-31T06:15:31+00:00,2026-08-31T12:00:31+05:45,2026-08-31,12:00:31,1788156931,0,6,12,nepse_official,OPEN,2026-08-31,CITY,City Hotel Limited,329.7,355.0,329.7,,348.8,347.0,1.8000000000000114,,5691.0,1973311.5,47.0,25.30000000000001,7.673642705489843,0.5187319884726258,41985.35106382979,346.7424881391671
2026-08-31T06:15:31+00:00,2026-08-31T12:00:31+05:45,2026-08-31,12:00:31,1788156931,0,6,12,nepse_official,OPEN,2026-08-31,CIZBD86,10.25% Citizens Bank Debenture 2086,1214.0,1214.0,1177.6,,1177.6,1214.9,-37.30000000000018,,75.0,90140.0,3.0,36.40000000000009,2.9983525535420172,-3.070211540044463,30046.666666666668,1201.8666666666666
2026-08-31T06:15:31+00:00,2026-08-31T12:00:31+05:45,2026-08-31,12:00:31,1788156931,0,6,12,nepse_official,OPEN,2026-08-31,CKHL,Chirkhwa Hydropower Limited ,558.0,558.1,558.0,,558.1,575.0,-16.899999999999977,,35.0,19531.0,3.0,0.10000000000002274,0.01792114695340909,-2.9391304347826046,6510.333333333333,558.0285714285715
2026-08-31T06:15:31+00:00,2026-08-31T12:00:31+05:45,2026-08-31,12:00:31,1788156931,0,6,12,nepse_official,OPEN,2026-08-31,CLI,Citizen Life Insurance Company Limited,415.0,417.0,415.0,,415.0,417.1,-2.1000000000000227,,894.0,371109.1,38.0,2.0,0.48192771084337355,-0.5034763845600629,9766.02894736842,415.1108501118568
2026-08-31T06:15:31+00:00,2026-08-31T12:00:31+05:45,2026-08-31,12:00:31,1788156931,0,6,12,nepse_official,OPEN,2026-08-31,CORBL,Corporate Development Bank Limited,900.0,903.0,880.2,,885.2,902.2,-17.0,,3371.0,2996064.4,62.0,22.799999999999955,2.5333333333333283,-1.8842828641099534,48323.61935483871,888.776149510531
2026-08-31T06:15:31+00:00,2026-08-31T12:00:31+05:45,2026-08-31,12:00:31,1788156931,0,6,12,nepse_official,OPEN,2026-08-31,CREST,Crest Micro Life Insurance Limited,1100.0,1100.0,1040.0,,1050.0,1074.1,-24.09999999999991,,450.0,473085.0,22.0,60.0,5.454545454545454,-2.2437389442323723,21503.863636363636,1051.3
2026-08-31T06:15:31+00:00,2026-08-31T12:00:31+05:45,2026-08-31,12:00:31,1788156931,0,6,12,nepse_official,OPEN,2026-08-31,CSY,Citizens Santulit Yojana,8.3,8.49,8.3,,8.49,8.5,-0.009999999999999787,,6600.0,55864.0,7.0,0.1899999999999995,2.289156626506018,-0.11764705882352691,7980.571428571428,8.464242424242425
2026-08-31T06:15:31+00:00,2026-08-31T12:00:31+05:45,2026-08-31,12:00:31,1788156931,0,6,12,nepse_official,OPEN,2026-08-31,CYCL,CYC Nepal Laghubitta Bittiya Sanstha Limited,1620.0,1630.0,1532.0,,1556.3,1612.0,-55.700000000000045,,3037.0,4773417.3,42.0,98.0,6.049382716049383,-3.4553349875930546,113652.79285714285,1571.754132367468
2026-08-31T06:15:31+00:00,2026-08-31T12:00:31+05:45,2026-08-31,12:00:31,1788156931,0,6,12,nepse_official,OPEN,2026-08-31,CZBIL,Citizens Bank International Limited,192.2,194.7,192.0,,192.0,194.8,-2.8000000000000114,,3189.0,615443.1,23.0,2.6999999999999886,1.4047866805410971,-1.437371663244359,26758.395652173913,192.98936970837252
2026-08-31T06:15:31+00:00,2026-08-31T12:00:31+05:45,2026-08-31,12:00:31,1788156931,0,6,12,nepse_official,OPEN,2026-08-31,DDBL,Deprosc Laghubitta Bittiya Sanstha Limited,830.0,835.0,823.0,,823.0,835.0,-12.0,,1514.0,1249562.2,20.0,12.0,1.4457831325301205,-1.437125748502994,62478.11,825.3383091149274
2026-08-31T06:15:31+00:00,2026-08-31T12:00:31+05:45,2026-08-31,12:00:31,1788156931,0,6,12,nepse_official,OPEN,2026-08-31,DHEL,Daramkhola Hydro Energy Limited,547.1,550.0,542.0,,545.0,564.0,-19.0,,1185.0,648758.0,38.0,8.0,1.4622555291537196,-3.368794326241135,17072.57894736842,547.4751054852321
2026-08-31T06:15:31+00:00,2026-08-31T12:00:31+05:45,2026-08-31,12:00:31,1788156931,0,6,12,nepse_official,OPEN,2026-08-31,DHPL,Dibyashwori Hydropower Ltd.,272.0,272.0,272.0,,272.0,274.5,-2.5,,60.0,16320.0,2.0,0.0,0.0,-0.9107468123861567,8160.0,272.0
2026-08-31T06:15:31+00:00,2026-08-31T12:00:31+05:45,2026-08-31,12:00:31,1788156931,0,6,12,nepse_official,OPEN,2026-08-31,DLBS,Dhaulagiri Laghubitta Bittiya Sanstha Limited,985.0,985.0,985.0,,985.0,1007.1,-22.100000000000023,,10.0,9850.0,1.0,0.0,0.0,-2.1944196206930813,9850.0,985.0
2026-08-31T06:15:31+00:00,2026-08-31T12:00:31+05:45,2026-08-31,12:00:31,1788156931,0,6,12,nepse_official,OPEN,2026-08-31,DOLTI,Dolti Power Company Limited,285.0,290.0,285.0,,290.0,291.6,-1.6000000000000227,,315.0,90153.0,14.0,5.0,1.7543859649122806,-0.5486968449931491,6439.5,286.2
2026-08-31T06:15:31+00:00,2026-08-31T12:00:31+05:45,2026-08-31,12:00:31,1788156931,0,6,12,nepse_official,OPEN,2026-08-31,DORDI,Dordi Khola Jal Bidyut Company Limited,242.0,242.0,235.7,,235.7,242.0,-6.300000000000011,,2455.0,582994.9,25.0,6.300000000000011,2.603305785123972,-2.603305785123972,23319.796000000002,237.47246435845216
2026-08-31T06:15:31+00:00,2026-08-31T12:00:31+05:45,2026-08-31,12:00:31,1788156931,0,6,12,nepse_official,OPEN,2026-08-31,EBL,Everest Bank Limited,726.0,726.0,691.5,,713.0,729.5,-16.5,,16840.0,11905459.4,206.0,34.5,4.75206611570248,-2.2618231665524333,57793.49223300971,706.9750237529692
2026-08-31T06:15:31+00:00,2026-08-31T12:00:31+05:45,2026-08-31,12:00:31,1788156931,0,6,12,nepse_official,OPEN,2026-08-31,EBLD91,Everest Bank Limited Debenture 2091,1058.0,1058.0,1058.0,,1058.0,1061.0,-3.0,,25.0,26450.0,1.0,0.0,0.0,-0.2827521206409048,26450.0,1058.0
2026-08-31T06:15:31+00:00,2026-08-31T12:00:31+05:45,2026-08-31,12:00:31,1788156931,0,6,12,nepse_official,OPEN,2026-08-31,ECL,Everest Colour Limited,1400.0,1400.0,1368.0,,1369.2,1400.0,-30.799999999999955,,3905.0,5404008.0,125.0,32.0,2.2857142857142856,-2.1999999999999966,43232.064,1383.8688860435338
2026-08-31T06:15:31+00:00,2026-08-31T12:00:31+05:45,2026-08-31,12:00:31,1788156931,0,6,12,nepse_official,OPEN,2026-08-31,EDBL,Excel Development Bank Ltd.,566.2,568.0,566.2,,568.0,566.0,2.0,,170.0,96380.0,2.0,1.7999999999999545,0.3179088661250361,0.35335689045936397,48190.0,566.9411764705883
2026-08-31T06:15:31+00:00,2026-08-31T12:00:31+05:45,2026-08-31,12:00:31,1788156931,0,6,12,nepse_official,OPEN,2026-08-31,EHPL,Eastern Hydropower Limited,329.5,329.5,305.0,,305.0,313.9,-8.899999999999977,,1860.0,578666.6,22.0,24.5,7.435508345978755,-2.835297865562274,26303.02727272727,311.1110752688172
2026-08-31T06:15:31+00:00,2026-08-31T12:00:31+05:45,2026-08-31,12:00:31,1788156931,0,6,12,nepse_official,OPEN,2026-08-31,ENL,Emerging Nepal Limited,765.0,785.0,764.5,,765.0,764.0,1.0,,345.0,264120.0,6.0,20.5,2.679738562091503,0.13089005235602094,44020.0,765.5652173913044
2026-08-31T06:15:31+00:00,2026-08-31T12:00:31+05:45,2026-08-31,12:00:31,1788156931,0,6,12,nepse_official,OPEN,2026-08-31,FMDBL,First Micro Finance Laghubitta Bittiya Sanstha Limited,715.5,725.0,700.0,,725.0,728.0,-3.0,,1920.0,1353663.0,17.0,25.0,3.494060097833683,-0.4120879120879121,79627.23529411765,705.0328125
2026-08-31T06:15:31+00:00,2026-08-31T12:00:31+05:45,2026-08-31,12:00:31,1788156931,0,6,12,nepse_official,OPEN,2026-08-31,FOWAD,Forward Microfinance Laghubitta Bittiya Sanstha Limited,878.0,878.0,870.0,,873.0,878.0,-5.0,,253.0,221390.0,9.0,8.0,0.9111617312072893,-0.5694760820045558,24598.88888888889,875.0592885375494
2026-08-31T06:15:31+00:00,2026-08-31T12:00:31+05:45,2026-08-31,12:00:31,1788156931,0,6,12,nepse_official,OPEN,2026-08-31,GBBD85,"Garima Debenture, 2085",1054.0,1054.0,1054.0,,1054.0,1054.1,-0.09999999999990905,,25.0,26350.0,1.0,0.0,0.0,-0.009486765961475102,26350.0,1054.0
2026-08-31T06:15:31+00:00,2026-08-31T12:00:31+05:45,2026-08-31,12:00:31,1788156931,0,6,12,nepse_official,OPEN,2026-08-31,GBBL,Garima Bikas Bank Limited,422.0,425.0,419.5,,421.0,422.0,-1.0,,2814.0,1184702.5,23.0,5.5,1.3033175355450237,-0.23696682464454977,51508.80434782609,421.00302061122954
2026-08-31T06:15:31+00:00,2026-08-31T12:00:31+05:45,2026-08-31,12:00:31,1788156931,0,6,12,nepse_official,OPEN,2026-08-31,GBILD84/85,"Global IME Bank Debenture, 2084/85",1150.0,1150.0,1150.0,,1150.0,1130.0,20.0,,10.0,11500.0,1.0,0.0,0.0,1.7699115044247788,11500.0,1150.0
2026-08-31T06:15:31+00:00,2026-08-31T12:00:31+05:45,2026-08-31,12:00:31,1788156931,0,6,12,nepse_official,OPEN,2026-08-31,GBIME,Global IME Bank Limited,242.0,246.0,239.5,,241.5,242.0,-0.5,,9513.0,2285893.1,79.0,6.5,2.6859504132231407,-0.2066115702479339,28935.355696202532,240.29150635971828
2026-08-31T06:15:31+00:00,2026-08-31T12:00:31+05:45,2026-08-31,12:00:31,1788156931,0,6,12,nepse_official,OPEN,2026-08-31,GBLBS,Grameen Bikas Laghubitta Bittiya Sanstha Ltd.,660.0,660.0,654.0,,654.0,666.0,-12.0,,250.0,163809.5,3.0,6.0,0.9090909090909091,-1.8018018018018018,54603.166666666664,655.238
2026-08-31T06:15:31+00:00,2026-08-31T12:00:31+05:45,2026-08-31,12:00:31,1788156931,0,6,12,nepse_official,OPEN,2026-08-31,GCIL,Ghorahi Cement Industry Limited,375.0,384.7,375.0,,384.7,370.0,14.699999999999989,,36520.0,13792885.3,297.0,9.699999999999989,2.5866666666666633,3.9729729729729697,46440.69124579125,377.6803203723987
2026-08-31T06:15:31+00:00,2026-08-31T12:00:31+05:45,2026-08-31,12:00:31,1788156931,0,6,12,nepse_official,OPEN,2026-08-31,GFCL,Goodwill Finance Limited,563.3,563.3,561.1,,561.1,570.0,-8.899999999999977,,1068.0,600404.4,9.0,2.199999999999932,0.3905556541807087,-1.5614035087719258,66711.6,562.176404494382
2026-08-31T06:15:31+00:00,2026-08-31T12:00:31+05:45,2026-08-31,12:00:31,1788156931,0,6,12,nepse_official,OPEN,2026-08-31,GHL,Ghalemdi Hydro Limited,225.0,230.0,220.0,,221.0,226.9,-5.900000000000006,,18954.0,4208135.7,61.0,10.0,4.444444444444445,-2.6002644336712235,68985.83114754099,222.01834441278888
2026-08-31T06:15:31+00:00,2026-08-31T12:00:31+05:45,2026-08-31,12:00:31,1788156931,0,6,12,nepse_official,OPEN,2026-08-31,GIBF1,Global IME Balanced Fund-1,10.62,10.62,10.62,,10.62,10.62,0.0,,500.0,5310.0,1.0,0.0,0.0,0.0,5310.0,10.62
2026-08-31T06:15:31+00:00,2026-08-31T12:00:31+05:45,2026-08-31,12:00:31,1788156931,0,6,12,nepse_official,OPEN,2026-08-31,GLH,GreenLife Hydropower Limited,247.5,251.2,242.1,,245.0,247.5,-2.5,,792.0,194120.2,21.0,9.099999999999994,3.6767676767676747,-1.0101010101010102,9243.819047619048,245.10126262626264
2026-08-31T06:15:31+00:00,2026-08-31T12:00:31+05:45,2026-08-31,12:00:31,1788156931,0,6,12,nepse_official,OPEN,2026-08-31,GMFBS,Ganapati Laghubitta Bittiya Sanstha Limited,1131.0,1131.0,1098.1,,1098.1,1146.0,-47.90000000000009,,20.0,22291.0,2.0,32.90000000000009,2.9089301503094687,-4.179755671902276,11145.5,1114.55
2026-08-31T06:15:31+00:00,2026-08-31T12:00:31+05:45,2026-08-31,12:00:31,1788156931,0,6,12,nepse_official,OPEN,2026-08-31,GMFIL,Guheshowori Merchant Bank & Finance Co. Ltd.,415.0,415.0,415.0,,415.0,418.9,-3.8999999999999773,,550.0,228250.0,3.0,0.0,0.0,-0.9310097875387866,76083.33333333333,415.0
2026-08-31T06:15:31+00:00,2026-08-31T12:00:31+05:45,2026-08-31,12:00:31,1788156931,0,6,12,nepse_official,OPEN,2026-08-31,GMLI,Guardian Micro Life Insurance Limited ,950.0,950.0,922.0,,922.1,958.4,-36.299999999999955,,305.0,283721.5,18.0,28.0,2.9473684210526314,-3.787562604340563,15762.305555555555,930.2344262295082
2026-08-31T06:15:31+00:00,2026-08-31T12:00:31+05:45,2026-08-31,12:00:31,1788156931,0,6,12,nepse_official,OPEN,2026-08-31,GRDBL,Green Development Bank Ltd.,961.0,964.0,960.0,,964.0,984.0,-20.0,,219.0,210303.4,11.0,4.0,0.41623309053069724,-2.0325203252032518,19118.49090909091,960.289497716895
2026-08-31T06:15:31+00:00,2026-08-31T12:00:31+05:45,2026-08-31,12:00:31,1788156931,0,6,12,nepse_official,OPEN,2026-08-31,GSY,Garima Samriddhi Yojana,8.89,9.15,8.89,,9.15,8.95,0.20000000000000107,,600.0,5464.0,2.0,0.2599999999999998,2.92463442069741,2.234636871508392,2732.0,9.106666666666667
2026-08-31T06:15:31+00:00,2026-08-31T12:00:31+05:45,2026-08-31,12:00:31,1788156931,0,6,12,nepse_official,OPEN,2026-08-31,GUFL,Gurkhas Finance Ltd.,494.0,495.0,489.0,,490.2,494.0,-3.8000000000000114,,2570.0,1259210.0,31.0,6.0,1.214574898785425,-0.7692307692307715,40619.67741935484,489.9649805447471
2026-08-31T06:15:31+00:00,2026-08-31T12:00:31+05:45,2026-08-31,12:00:31,1788156931,0,6,12,nepse_official,OPEN,2026-08-31,GVL,Green Ventures Limited,467.2,470.0,465.6,,470.0,476.2,-6.199999999999989,,1578.0,737173.4,26.0,4.399999999999977,0.9417808219178033,-1.3019739605207872,28352.82307692308,467.15678073510776
2026-08-31T06:15:31+00:00,2026-08-31T12:00:31+05:45,2026-08-31,12:00:31,1788156931,0,6,12,nepse_official,OPEN,2026-08-31,H8020,Himalayan 80-20,11.7,11.7,11.7,,11.7,11.74,-0.040000000000000924,,100.0,1170.0,1.0,0.0,0.0,-0.34071550255537414,1170.0,11.7
2026-08-31T06:15:31+00:00,2026-08-31T12:00:31+05:45,2026-08-31,12:00:31,1788156931,0,6,12,nepse_official,OPEN,2026-08-31,HATHY,Hathway Investment Nepal Limited,620.0,620.0,590.0,,614.0,625.5,-11.5,,1937.0,1166100.1,28.0,30.0,4.838709677419355,-1.8385291766586729,41646.43214285715,602.0134744450181
2026-08-31T06:15:31+00:00,2026-08-31T12:00:31+05:45,2026-08-31,12:00:31,1788156931,0,6,12,nepse_official,OPEN,2026-08-31,HBL,Himalayan Bank Limited,187.0,188.0,186.0,,187.0,188.7,-1.6999999999999886,,5121.0,954904.7,127.0,2.0,1.06951871657754,-0.900900900900895,7518.934645669291,186.46840460847488
2026-08-31T06:15:31+00:00,2026-08-31T12:00:31+05:45,2026-08-31,12:00:31,1788156931,0,6,12,nepse_official,OPEN,2026-08-31,HDHPC,Himal Dolakha Hydropower Company Limited,200.0,200.0,199.0,,199.1,202.0,-2.9000000000000057,,14004.0,2793962.6,76.0,1.0,0.5,-1.4356435643564385,36762.665789473685,199.51175378463296
2026-08-31T06:15:31+00:00,2026-08-31T12:00:31+05:45,2026-08-31,12:00:31,1788156931,0,6,12,nepse_official,OPEN,2026-08-31,HDL,Himalayan Distillery Limited,1169.0,1169.9,1150.2,,1160.0,1163.0,-3.0,,4183.0,4845442.0,78.0,19.700000000000045,1.6852010265183954,-0.2579535683576956,62121.05128205128,1158.3652880707625
2026-08-31T06:15:31+00:00,2026-08-31T12:00:31+05:45,2026-08-31,12:00:31,1788156931,0,6,12,nepse_official,OPEN,2026-08-31,HEI,Himalayan Everest Insurance Limited,488.0,488.0,473.4,,482.0,489.9,-7.899999999999977,,2428.0,1160849.0,13.0,14.600000000000023,2.9918032786885296,-1.6125739946927897,89296.07692307692,478.1091433278418
2026-08-31T06:15:31+00:00,2026-08-31T12:00:31+05:45,2026-08-31,12:00:31,1788156931,0,6,12,nepse_official,OPEN,2026-08-31,HFIN,Hotel Forest Inn Limited,625.0,625.0,615.0,,620.3,628.0,-7.7000000000000455,,2338.0,1447464.8,94.0,10.0,1.6,-1.2261146496815358,15398.56170212766,619.1038494439692
2026-08-31T06:15:31+00:00,2026-08-31T12:00:31+05:45,2026-08-31,12:00:31,1788156931,0,6,12,nepse_official,OPEN,2026-08-31,HHL,Himalayan Hydropower Limited,323.0,324.0,318.2,,320.0,326.8,-6.800000000000011,,95.0,30491.0,8.0,5.800000000000011,1.7956656346749262,-2.0807833537331737,3811.375,320.9578947368421
2026-08-31T06:15:31+00:00,2026-08-31T12:00:31+05:45,2026-08-31,12:00:31,1788156931,0,6,12,nepse_official,OPEN,2026-08-31,HIDCL,Hydorelectricity Investment and Development Company Ltd,240.0,241.0,239.0,,239.0,242.0,-3.0,,9401.0,2255603.1,53.0,2.0,0.8333333333333334,-1.2396694214876034,42558.54905660378,239.93225188809703
2026-08-31T06:15:31+00:00,2026-08-31T12:00:31+05:45,2026-08-31,12:00:31,1788156931,0,6,12,nepse_official,OPEN,2026-08-31,HIDCLP,Hydorelectricity Investment and Development Company Limited Promoter,181.4,181.4,177.5,,178.3,181.4,-3.0999999999999943,,12922.0,2315529.2,35.0,3.9000000000000057,2.1499448732083826,-1.7089305402425548,66157.97714285715,179.19278749419595
2026-08-31T06:15:31+00:00,2026-08-31T12:00:31+05:45,2026-08-31,12:00:31,1788156931,0,6,12,nepse_official,OPEN,2026-08-31,HIMSTAR,Him Star Urja Company Limited,650.0,650.0,640.2,,640.2,659.9,-19.699999999999932,,1793.0,1148580.6,16.0,9.799999999999955,1.5076923076923008,-2.9853008031519823,71786.2875,640.5915225878416
2026-08-31T06:15:31+00:00,2026-08-31T12:00:31+05:45,2026-08-31,12:00:31,1788156931,0,6,12,nepse_official,OPEN,2026-08-31,HLI,Himalayan Life Insurance Limited,301.0,301.0,296.5,,297.1,300.0,-2.8999999999999773,,7105.0,2113924.1,63.0,4.5,1.495016611295681,-0.9666666666666591,33554.350793650796,297.52626319493316
2026-08-31T06:15:31+00:00,2026-08-31T12:00:31+05:45,2026-08-31,12:00:31,1788156931,0,6,12,nepse_official,OPEN,2026-08-31,HLICF,HLI Large Cap Fund,8.3,8.74,8.3,,8.74,8.28,0.46000000000000085,,4673.0,39321.9,5.0,0.4399999999999995,5.301204819277102,5.555555555555566,7864.38,8.414701476567515
2026-08-31T06:15:31+00:00,2026-08-31T12:00:31+05:45,2026-08-31,12:00:31,1788156931,0,6,12,nepse_official,OPEN,2026-08-31,HPPL,Himalayan Power Partner Ltd.,372.2,372.2,354.1,,358.0,369.0,-11.0,,25685.0,9192840.3,57.0,18.099999999999966,4.862976894142925,-2.9810298102981028,161277.90000000002,357.90696126143666
2026-08-31T06:15:31+00:00,2026-08-31T12:00:31+05:45,2026-08-31,12:00:31,1788156931,0,6,12,nepse_official,OPEN,2026-08-31,HRL,Himalayan Reinsurance Limited,537.4,537.4,516.2,,519.0,537.4,-18.399999999999977,,28598.0,14933419.1,315.0,21.199999999999932,3.944919985113497,-3.423892817268325,47407.67968253968,522.1840373452688
2026-08-31T06:15:31+00:00,2026-08-31T12:00:31+05:45,2026-08-31,12:00:31,1788156931,0,6,12,nepse_official,OPEN,2026-08-31,HURJA,Himalaya Urja Bikas Company Limited,231.0,231.0,227.7,,228.0,230.0,-2.0,,2546.0,582560.6,12.0,3.3000000000000114,1.4285714285714335,-0.8695652173913043,48546.71666666667,228.81406127258444
2026-08-31T06:15:31+00:00,2026-08-31T12:00:31+05:45,2026-08-31,12:00:31,1788156931,0,6,12,nepse_official,OPEN,2026-08-31,ICFC,ICFC Finance Limited,580.5,589.0,580.5,,589.0,590.0,-1.0,,60.0,35085.0,2.0,8.5,1.4642549526270456,-0.1694915254237288,17542.5,584.75
2026-08-31T06:15:31+00:00,2026-08-31T12:00:31+05:45,2026-08-31,12:00:31,1788156931,0,6,12,nepse_official,OPEN,2026-08-31,ICFCD88,9% ICFC Finance Limited Debenture 2088,1091.2,1091.2,1091.1,,1091.1,1110.0,-18.90000000000009,,25.0,27279.0,2.0,0.10000000000013642,0.009164222873912796,-1.702702702702711,13639.5,1091.16
2026-08-31T06:15:31+00:00,2026-08-31T12:00:31+05:45,2026-08-31,12:00:31,1788156931,0,6,12,nepse_official,OPEN,2026-08-31,IGI,IGI Prudential insurance Limited,398.9,398.9,372.0,,380.0,392.9,-12.899999999999977,,3046.0,1156400.8,21.0,26.899999999999977,6.743544748057152,-3.283278187834049,55066.704761904766,379.6456992777413
2026-08-31T06:15:31+00:00,2026-08-31T12:00:31+05:45,2026-08-31,12:00:31,1788156931,0,6,12,nepse_official,OPEN,2026-08-31,IHL,Ingwa Hydropower Limited,291.0,308.6,291.0,,305.0,300.0,5.0,,330.0,99324.0,10.0,17.600000000000023,6.048109965635747,1.6666666666666667,9932.4,300.9818181818182
2026-08-31T06:15:31+00:00,2026-08-31T12:00:31+05:45,2026-08-31,12:00:31,1788156931,0,6,12,nepse_official,OPEN,2026-08-31,ILBS,Infinity Laghubitta Bittiya Sanstha Limited,820.0,849.0,820.0,,849.0,838.0,11.0,,20.0,16690.0,2.0,29.0,3.536585365853658,1.3126491646778042,8345.0,834.5
2026-08-31T06:15:31+00:00,2026-08-31T12:00:31+05:45,2026-08-31,12:00:31,1788156931,0,6,12,nepse_official,OPEN,2026-08-31,ILI,IME Life Insurance Company Limited,403.0,403.0,400.0,,400.5,403.2,-2.6999999999999886,,701.0,280943.4,41.0,3.0,0.7444168734491315,-0.6696428571428543,6852.2780487804885,400.77517831669047
2026-08-31T06:15:31+00:00,2026-08-31T12:00:31+05:45,2026-08-31,12:00:31,1788156931,0,6,12,nepse_official,OPEN,2026-08-31,JBBL,Jyoti Bikas Bank Limited,327.0,332.0,320.1,,327.0,331.9,-4.899999999999977,,12787.0,4158826.5,45.0,11.899999999999977,3.639143730886843,-1.4763482976800173,92418.36666666667,325.23864080706966
2026-08-31T06:15:31+00:00,2026-08-31T12:00:31+05:45,2026-08-31,12:00:31,1788156931,0,6,12,nepse_official,OPEN,2026-08-31,JBLB,Jeevan Bikas Laghubitta  Bittya Sanstha Ltd,1245.0,1245.0,1240.0,,1240.0,1249.2,-9.200000000000045,,324.0,401935.0,14.0,5.0,0.4016064257028112,-0.7364713416586651,28709.64285714286,1240.54012345679
2026-08-31T06:15:31+00:00,2026-08-31T12:00:31+05:45,2026-08-31,12:00:31,1788156931,0,6,12,nepse_official,OPEN,2026-08-31,JHAPA,Jhapa Energy Limited,1010.0,1020.0,1010.0,,1010.0,1013.0,-3.0,,195.0,197830.0,8.0,10.0,0.9900990099009901,-0.29615004935834155,24728.75,1014.5128205128206
2026-08-31T06:15:31+00:00,2026-08-31T12:00:31+05:45,2026-08-31,12:00:31,1788156931,0,6,12,nepse_official,OPEN,2026-08-31,JOSHI,Joshi Hydropower Development Company Ltd,256.1,263.5,256.1,,263.5,259.8,3.6999999999999886,,1276.0,329961.6,11.0,7.399999999999977,2.88949629051151,1.4241724403387177,29996.50909090909,258.59059561128527
2026-08-31T06:15:31+00:00,2026-08-31T12:00:31+05:45,2026-08-31,12:00:31,1788156931,0,6,12,nepse_official,OPEN,2026-08-31,KAHL,Kalanga Hydro Limited,502.5,502.5,485.1,,487.0,502.5,-15.5,,2662.0,1301243.0,232.0,17.399999999999977,3.462686567164175,-3.084577114427861,5608.806034482759,488.82156273478586
2026-08-31T06:15:31+00:00,2026-08-31T12:00:31+05:45,2026-08-31,12:00:31,1788156931,0,6,12,nepse_official,OPEN,2026-08-31,KBL,Kumari Bank Limited,210.0,212.0,210.0,,210.5,212.0,-1.5,,31324.0,6596924.1,92.0,2.0,0.9523809523809524,-0.7075471698113208,71705.69673913044,210.60286361895032
2026-08-31T06:15:31+00:00,2026-08-31T12:00:31+05:45,2026-08-31,12:00:31,1788156931,0,6,12,nepse_official,OPEN,2026-08-31,KBLD89,11% KBL Debenture 2089,1250.0,1250.0,1250.0,,1250.0,1250.0,0.0,,30.0,37500.0,1.0,0.0,0.0,0.0,37500.0,1250.0
2026-08-31T06:15:31+00:00,2026-08-31T12:00:31+05:45,2026-08-31,12:00:31,1788156931,0,6,12,nepse_official,OPEN,2026-08-31,KBSH,Kutheli Bukhari Small Hydropower Limited,924.0,924.0,850.1,,878.0,880.0,-2.0,,232.0,200767.0,13.0,73.89999999999998,7.997835497835496,-0.22727272727272727,15443.615384615385,865.375
2026-08-31T06:15:31+00:00,2026-08-31T12:00:31+05:45,2026-08-31,12:00:31,1788156931,0,6,12,nepse_official,OPEN,2026-08-31,KDBY,Kumari Dhanabriddhi Yojana,9.68,9.71,9.68,,9.71,9.75,-0.03999999999999915,,600.0,5821.0,5.0,0.030000000000001137,0.30991735537191256,-0.41025641025640147,1164.2,9.701666666666666
2026-08-31T06:15:31+00:00,2026-08-31T12:00:31+05:45,2026-08-31,12:00:31,1788156931,0,6,12,nepse_official,OPEN,2026-08-31,KDL,Kalinchowk Darshan Limited,720.0,720.6,715.0,,715.1,731.1,-16.0,,655.0,469542.0,17.0,5.600000000000023,0.777777777777781,-2.1884831076460127,27620.117647058825,716.8580152671756
2026-08-31T06:15:31+00:00,2026-08-31T12:00:31+05:45,2026-08-31,12:00:31,1788156931,0,6,12,nepse_official,OPEN,2026-08-31,KEF,Kumari Equity Fund,9.8,9.8,9.55,,9.55,9.68,-0.129999999999999,,1100.0,10755.0,2.0,0.25,2.551020408163265,-1.3429752066115601,5377.5,9.777272727272727
2026-08-31T06:15:31+00:00,2026-08-31T12:00:31+05:45,2026-08-31,12:00:31,1788156931,0,6,12,nepse_official,OPEN,2026-08-31,KHPL,Kalinchock Hydropower Limited,750.0,751.0,741.1,,745.1,760.0,-14.899999999999977,,764.0,570724.8,29.0,9.899999999999977,1.319999999999997,-1.9605263157894706,19680.16551724138,747.0219895287959
2026-08-31T06:15:31+00:00,2026-08-31T12:00:31+05:45,2026-08-31,12:00:31,1788156931,0,6,12,nepse_official,OPEN,2026-08-31,KKHC,Khanikhola Hydropower Co. Ltd.,266.1,270.0,263.0,,267.1,269.0,-1.8999999999999773,,15998.0,4270288.2,37.0,7.0,2.6305900037579857,-0.706319702602222,115413.1945945946,266.92637829728716
2026-08-31T06:15:31+00:00,2026-08-31T12:00:31+05:45,2026-08-31,12:00:31,1788156931,0,6,12,nepse_official,OPEN,2026-08-31,KMCDB,Kalika Laghubitta Bittiya Sanstha Ltd,762.0,762.0,760.0,,760.0,774.6,-14.600000000000023,,450.0,342218.0,6.0,2.0,0.26246719160104987,-1.8848437903434059,57036.333333333336,760.4844444444444
2026-08-31T06:15:31+00:00,2026-08-31T12:00:31+05:45,2026-08-31,12:00:31,1788156931,0,6,12,nepse_official,OPEN,2026-08-31,KPCL,Kalika power Company Ltd,448.0,454.0,447.9,,454.0,454.0,0.0,,1146.0,516398.0,7.0,6.100000000000023,1.361607142857148,0.0,73771.14285714286,450.60907504363
2026-08-31T06:15:31+00:00,2026-08-31T12:00:31+05:45,2026-08-31,12:00:31,1788156931,0,6,12,nepse_official,OPEN,2026-08-31,KSBBL,Kamana Sewa Bikas Bank Limited,474.0,477.9,471.0,,474.0,474.0,0.0,,4976.0,2367679.3,17.0,6.899999999999977,1.455696202531641,0.0,139275.25294117647,475.81979501607714
2026-08-31T06:15:31+00:00,2026-08-31T12:00:31+05:45,2026-08-31,12:00:31,1788156931,0,6,12,nepse_official,OPEN,2026-08-31,KSY,Kumari Sabal Yojana,8.85,8.86,8.85,,8.86,8.92,-0.0600000000000005,,1100.0,9745.0,2.0,0.009999999999999787,0.11299435028248347,-0.6726457399103195,4872.5,8.85909090909091
2026-08-31T06:15:31+00:00,2026-08-31T12:00:31+05:45,2026-08-31,12:00:31,1788156931,0,6,12,nepse_official,OPEN,2026-08-31,LBBL,Lumbini Bikas Bank Ltd.,473.0,479.0,466.0,,472.0,473.0,-1.0,,9943.0,4665204.5,24.0,13.0,2.748414376321353,-0.21141649048625794,194383.52083333334,469.1948607060243
2026-08-31T06:15:31+00:00,2026-08-31T12:00:31+05:45,2026-08-31,12:00:31,1788156931,0,6,12,nepse_official,OPEN,2026-08-31,LEC,Liberty Energy Company Limited,213.0,213.0,208.5,,210.0,213.0,-3.0,,5043.0,1055919.0,21.0,4.5,2.112676056338028,-1.4084507042253522,50281.857142857145,209.38310529446758
2026-08-31T06:15:31+00:00,2026-08-31T12:00:31+05:45,2026-08-31,12:00:31,1788156931,0,6,12,nepse_official,OPEN,2026-08-31,LICN,Life Insurance Corporation (Nepal) Limited,756.0,756.0,751.0,,751.0,761.5,-10.5,,4000.0,3009185.0,16.0,5.0,0.6613756613756614,-1.3788575180564675,188074.0625,752.29625
2026-08-31T06:15:31+00:00,2026-08-31T12:00:31+05:45,2026-08-31,12:00:31,1788156931,0,6,12,nepse_official,OPEN,2026-08-31,LSH12,LS Horizon 12,9.11,9.11,8.89,,8.89,9.11,-0.21999999999999886,,300.0,2711.0,3.0,0.21999999999999886,2.4149286498353333,-2.4149286498353333,903.6666666666666,9.036666666666667
2026-08-31T06:15:31+00:00,2026-08-31T12:00:31+05:45,2026-08-31,12:00:31,1788156931,0,6,12,nepse_official,OPEN,2026-08-31,LSL,Laxmi Sunrise Bank Limited,217.0,217.0,215.1,,215.3,217.0,-1.6999999999999886,,6713.0,1446225.3,26.0,1.9000000000000057,0.875576036866362,-0.7834101382488428,55624.05,215.4365112468345
2026-08-31T06:15:31+00:00,2026-08-31T12:00:31+05:45,2026-08-31,12:00:31,1788156931,0,6,12,nepse_official,OPEN,2026-08-31,MABEL,Mabilung Energy Limited,553.1,557.1,553.1,,557.1,567.3,-10.199999999999932,,140.0,77575.0,10.0,4.0,0.7231965286566624,-1.7979904812268521,7757.5,554.1071428571429
2026-08-31T06:15:31+00:00,2026-08-31T12:00:31+05:45,2026-08-31,12:00:31,1788156931,0,6,12,nepse_official,OPEN,2026-08-31,MAKAR,Makar Jitumaya Suri Hydropower Limited,402.0,405.0,395.0,,400.0,401.0,-1.0,,18128.0,7243074.1,73.0,10.0,2.4875621890547266,-0.24937655860349126,99220.19315068492,399.55174867608116
2026-08-31T06:15:31+00:00,2026-08-31T12:00:31+05:45,2026-08-31,12:00:31,1788156931,0,6,12,nepse_official,OPEN,2026-08-31,MANDU,Mandu Hydropower Limited,681.0,682.0,681.0,,682.0,700.1,-18.100000000000023,,102.0,69492.0,7.0,1.0,0.14684287812041116,-2.5853449507213284,9927.42857142857,681.2941176470588
2026-08-31T06:15:31+00:00,2026-08-31T12:00:31+05:45,2026-08-31,12:00:31,1788156931,0,6,12,nepse_official,OPEN,2026-08-31,MATRI,Matribhumi Lagubitta Bittiya Sanstha Limited,741.0,741.0,741.0,,741.0,760.0,-19.0,,11.0,8151.0,1.0,0.0,0.0,-2.5,8151.0,741.0
2026-08-31T06:15:31+00:00,2026-08-31T12:00:31+05:45,2026-08-31,12:00:31,1788156931,0,6,12,nepse_official,OPEN,2026-08-31,MBJC,Madhya Bhotekoshi Jalavidyut Company Limited,255.0,260.0,254.0,,257.0,257.1,-0.10000000000002274,,12533.0,3211067.5,104.0,6.0,2.3529411764705883,-0.038895371450806196,30875.64903846154,256.20900821830367
2026-08-31T06:15:31+00:00,2026-08-31T12:00:31+05:45,2026-08-31,12:00:31,1788156931,0,6,12,nepse_official,OPEN,2026-08-31,MBL,Machhapuchhre Bank Limited,250.0,250.0,245.4,,245.8,248.0,-2.1999999999999886,,11802.0,2904279.8,12.0,4.599999999999994,1.8399999999999979,-0.8870967741935439,242023.31666666665,246.08369767835958
2026-08-31T06:15:31+00:00,2026-08-31T12:00:31+05:45,2026-08-31,12:00:31,1788156931,0,6,12,nepse_official,OPEN,2026-08-31,MBLEF,MBL Equity Fund,9.5,9.5,9.5,,9.5,9.51,-0.009999999999999787,,100.0,950.0,1.0,0.0,0.0,-0.10515247108306822,950.0,9.5
2026-08-31T06:15:31+00:00,2026-08-31T12:00:31+05:45,2026-08-31,12:00:31,1788156931,0,6,12,nepse_official,OPEN,2026-08-31,MCHL,Menchhiyam Hydropower Limited,246.4,249.0,233.1,,234.2,254.0,-19.80000000000001,,4170.0,990019.0,28.0,15.900000000000006,6.4529220779220795,-7.795275590551186,35357.82142857143,237.4146282973621
2026-08-31T06:15:31+00:00,2026-08-31T12:00:31+05:45,2026-08-31,12:00:31,1788156931,0,6,12,nepse_official,OPEN,2026-08-31,MDB,Miteri Development Bank Limited,551.0,559.0,550.0,,559.0,557.0,2.0,,1056.0,582875.5,8.0,9.0,1.6333938294010888,0.3590664272890485,72859.4375,551.9654356060606
2026-08-31T06:15:31+00:00,2026-08-31T12:00:31+05:45,2026-08-31,12:00:31,1788156931,0,6,12,nepse_official,OPEN,2026-08-31,MEHL,Manakamana Engineering Hydropower Limited,230.1,231.7,228.2,,229.4,234.6,-5.199999999999989,,6695.0,1537372.5,46.0,3.5,1.5210777922642331,-2.21653878942881,33421.141304347824,229.62994772218073
2026-08-31T06:15:31+00:00,2026-08-31T12:00:31+05:45,2026-08-31,12:00:31,1788156931,0,6,12,nepse_official,OPEN,2026-08-31,MEL,Modi Energy Limited,197.1,202.0,197.1,,198.0,201.9,-3.9000000000000057,,415.0,82326.5,20.0,4.900000000000006,2.4860476915271468,-1.9316493313521574,4116.325,198.37710843373495
2026-08-31T06:15:31+00:00,2026-08-31T12:00:31+05:45,2026-08-31,12:00:31,1788156931,0,6,12,nepse_official,OPEN,2026-08-31,MEN,Mountain Energy Nepal Limited,618.0,618.0,610.3,,612.9,618.0,-5.100000000000023,,9076.0,5567175.6,60.0,7.7000000000000455,1.2459546925566416,-0.8252427184466057,92786.26,613.3952842661965
2026-08-31T06:15:31+00:00,2026-08-31T12:00:31+05:45,2026-08-31,12:00:31,1788156931,0,6,12,nepse_official,OPEN,2026-08-31,MEPDL,Mount Everest Power Development Limited,675.0,675.0,640.0,,645.9,675.0,-29.100000000000023,,13492.0,8748169.4,508.0,35.0,5.185185185185185,-4.3111111111111144,17220.80590551181,648.3967832789801
2026-08-31T06:15:31+00:00,2026-08-31T12:00:31+05:45,2026-08-31,12:00:31,1788156931,0,6,12,nepse_official,OPEN,2026-08-31,MERO,Mero Microfinance Bittiya Sanstha Ltd.,600.3,600.5,600.3,,600.5,616.9,-16.399999999999977,,454.0,272569.6,4.0,0.20000000000004547,0.03331667499584299,-2.6584535581131425,68142.4,600.3735682819382
2026-08-31T06:15:31+00:00,2026-08-31T12:00:31+05:45,2026-08-31,12:00:31,1788156931,0,6,12,nepse_official,OPEN,2026-08-31,MFIL,Manjushree Finance Ltd.,705.0,730.0,705.0,,722.0,735.0,-13.0,,1833.0,1324132.6,17.0,25.0,3.546099290780142,-1.7687074829931975,77890.15294117648,722.3854882705947
2026-08-31T06:15:31+00:00,2026-08-31T12:00:31+05:45,2026-08-31,12:00:31,1788156931,0,6,12,nepse_official,OPEN,2026-08-31,MHCL,Molung Hydropower Company Limited,275.0,275.0,261.0,,267.3,275.0,-7.699999999999989,,802.0,213216.0,22.0,14.0,5.090909090909091,-2.799999999999996,9691.636363636364,265.85536159600997
2026-08-31T06:15:31+00:00,2026-08-31T12:00:31+05:45,2026-08-31,12:00:31,1788156931,0,6,12,nepse_official,OPEN,2026-08-31,MHL,Mandakini Hydropower Limited,450.0,450.0,437.0,,438.0,458.8,-20.80000000000001,,1369.0,602165.0,19.0,13.0,2.888888888888889,-4.533565823888407,31692.894736842107,439.85756026296565
2026-08-31T06:15:31+00:00,2026-08-31T12:00:31+05:45,2026-08-31,12:00:31,1788156931,0,6,12,nepse_official,OPEN,2026-08-31,MHNL,Mountain Hydro Nepal Limited,236.0,236.0,230.0,,230.0,238.8,-8.800000000000011,,1140.0,264420.0,5.0,6.0,2.5423728813559325,-3.685092127303187,52884.0,231.94736842105263
2026-08-31T06:15:31+00:00,2026-08-31T12:00:31+05:45,2026-08-31,12:00:31,1788156931,0,6,12,nepse_official,OPEN,2026-08-31,MKCL,Muktinath Krishi Company Limited,867.0,884.9,860.0,,860.0,870.0,-10.0,,40.0,34719.0,4.0,24.899999999999977,2.8719723183390977,-1.1494252873563218,8679.75,867.975
2026-08-31T06:15:31+00:00,2026-08-31T12:00:31+05:45,2026-08-31,12:00:31,1788156931,0,6,12,nepse_official,OPEN,2026-08-31,MKHC,Maya Khola Hydropower Company Limited,244.9,244.9,238.7,,239.1,246.9,-7.800000000000011,,3837.0,931081.0,23.0,6.200000000000017,2.53164556962026,-3.1591737545565053,40481.782608695656,242.65858743810267
2026-08-31T06:15:31+00:00,2026-08-31T12:00:31+05:45,2026-08-31,12:00:31,1788156931,0,6,12,nepse_official,OPEN,2026-08-31,MKHL,Mai Khola Hydropower Limited,474.2,485.9,473.0,,474.2,486.5,-12.300000000000011,,440.0,208659.4,8.0,12.899999999999977,2.7203711514129014,-2.5282631038026744,26082.425,474.22590909090906
2026-08-31T06:15:31+00:00,2026-08-31T12:00:31+05:45,2026-08-31,12:00:31,1788156931,0,6,12,nepse_official,OPEN,2026-08-31,MKJC,Mailung Khola Jal Vidhyut Company Limited,320.0,320.0,280.0,,285.0,325.0,-40.0,,29193.0,8504011.2,177.0,40.0,12.5,-12.307692307692308,48045.261016949145,291.3030932072757
2026-08-31T06:15:31+00:00,2026-08-31T12:00:31+05:45,2026-08-31,12:00:31,1788156931,0,6,12,nepse_official,OPEN,2026-08-31,MLBBL,Mithila LaghuBitta Bittiya Sanstha Limited,937.0,937.0,894.0,,920.8,943.0,-22.200000000000045,,1073.0,980980.4,9.0,43.0,4.5891141942369265,-2.354188759278902,108997.82222222222,914.2408201304753
2026-08-31T06:15:31+00:00,2026-08-31T12:00:31+05:45,2026-08-31,12:00:31,1788156931,0,6,12,nepse_official,OPEN,2026-08-31,MLBL,Mahalaxmi Bikas Bank Ltd.,340.0,349.0,340.0,,342.0,347.8,-5.800000000000011,,4528.0,1544966.6,22.0,9.0,2.6470588235294117,-1.6676250718803944,70225.75454545455,341.202871024735
2026-08-31T06:15:31+00:00,2026-08-31T12:00:31+05:45,2026-08-31,12:00:31,1788156931,0,6,12,nepse_official,OPEN,2026-08-31,MLBS,Manushi Laghubitta Bittiya Sanstha Limited,990.0,1010.0,990.0,,1010.0,1020.0,-10.0,,20.0,20000.0,2.0,20.0,2.0202020202020203,-0.9803921568627451,10000.0,1000.0
2026-08-31T06:15:31+00:00,2026-08-31T12:00:31+05:45,2026-08-31,12:00:31,1788156931,0,6,12,nepse_official,OPEN,2026-08-31,MLBSL,Mahila Lagubitta Bittiya Sanstha Limited ,1128.0,1128.0,1055.0,,1056.0,1096.0,-40.0,,691.0,734229.2,12.0,73.0,6.471631205673758,-3.64963503649635,61185.76666666666,1062.5603473227206
2026-08-31T06:15:31+00:00,2026-08-31T12:00:31+05:45,2026-08-31,12:00:31,1788156931,0,6,12,nepse_official,OPEN,2026-08-31,MMF1,Mega Mutual Fund -1,8.5,9.18,8.5,,9.1,8.7,0.40000000000000036,,2650.0,22735.0,10.0,0.6799999999999997,7.9999999999999964,4.597701149425292,2273.5,8.579245283018867
2026-08-31T06:15:31+00:00,2026-08-31T12:00:31+05:45,2026-08-31,12:00:31,1788156931,0,6,12,nepse_official,OPEN,2026-08-31,MMKJL,Mathillo Mailun Khola Jalvidhyut Limited,340.0,345.0,310.0,,320.0,345.0,-25.0,,5156.0,1643991.0,71.0,35.0,10.294117647058822,-7.246376811594203,23154.802816901407,318.850077579519
2026-08-31T06:15:31+00:00,2026-08-31T12:00:31+05:45,2026-08-31,12:00:31,1788156931,0,6,12,nepse_official,OPEN,2026-08-31,MNBBL,Muktinath Bikas Bank Ltd.,353.2,354.1,353.2,,353.3,357.0,-3.6999999999999886,,3286.0,1162741.9,26.0,0.9000000000000341,0.25481313703285224,-1.0364145658263273,44720.842307692306,353.84720024345705
2026-08-31T06:15:31+00:00,2026-08-31T12:00:31+05:45,2026-08-31,12:00:31,1788156931,0,6,12,nepse_official,OPEN,2026-08-31,MNMF1,Muktinath Mutual Fund 1,9.03,9.16,9.03,,9.15,9.3,-0.15000000000000036,,1100.0,10055.0,3.0,0.13000000000000078,1.439645625692146,-1.6129032258064553,3351.6666666666665,9.14090909090909
2026-08-31T06:15:31+00:00,2026-08-31T12:00:31+05:45,2026-08-31,12:00:31,1788156931,0,6,12,nepse_official,OPEN,2026-08-31,MPFL,Multipurpose Finance Company  Limited,595.0,595.0,595.0,,595.0,597.6,-2.6000000000000227,,11.0,6545.0,1.0,0.0,0.0,-0.4350736278447159,6545.0,595.0
2026-08-31T06:15:31+00:00,2026-08-31T12:00:31+05:45,2026-08-31,12:00:31,1788156931,0,6,12,nepse_official,OPEN,2026-08-31,MSHL,Mid Solu Hydropower Limited,530.0,531.5,530.0,,531.2,546.0,-14.799999999999955,,333.0,176939.0,10.0,1.5,0.2830188679245283,-2.7106227106227023,17693.9,531.3483483483484
2026-08-31T06:15:31+00:00,2026-08-31T12:00:31+05:45,2026-08-31,12:00:31,1788156931,0,6,12,nepse_official,OPEN,2026-08-31,MSLB,Mahuli Laghubitta Bittiya Sanstha Limited,1191.0,1191.0,1191.0,,1191.0,1214.0,-23.0,,20.0,23820.0,2.0,0.0,0.0,-1.8945634266886324,11910.0,1191.0
2026-08-31T06:15:31+00:00,2026-08-31T12:00:31+05:45,2026-08-31,12:00:31,1788156931,0,6,12,nepse_official,OPEN,2026-08-31,NABIL,Nabil Bank Limited,540.0,545.0,537.5,,538.5,540.2,-1.7000000000000455,,4654.0,2506435.8,90.0,7.5,1.3888888888888888,-0.3146982599037478,27849.286666666663,538.5551783412118
2026-08-31T06:15:31+00:00,2026-08-31T12:00:31+05:45,2026-08-31,12:00:31,1788156931,0,6,12,nepse_official,OPEN,2026-08-31,NABILD2089,7% Nabil Debenture 2089,1050.0,1054.0,1050.0,,1054.0,1058.0,-4.0,,50.0,52600.0,2.0,4.0,0.38095238095238093,-0.3780718336483932,26300.0,1052.0
2026-08-31T06:15:31+00:00,2026-08-31T12:00:31+05:45,2026-08-31,12:00:31,1788156931,0,6,12,nepse_official,OPEN,2026-08-31,NBF2,NABIL BALANCED FUND-2,9.72,9.72,9.72,,9.72,9.72,0.0,,150.0,1458.0,1.0,0.0,0.0,0.0,1458.0,9.72
2026-08-31T06:15:31+00:00,2026-08-31T12:00:31+05:45,2026-08-31,12:00:31,1788156931,0,6,12,nepse_official,OPEN,2026-08-31,NBF3,Nabil Balanced Fund-3,9.11,9.15,9.11,,9.15,9.34,-0.1899999999999995,,1150.0,10518.5,3.0,0.040000000000000924,0.4390779363337094,-2.034261241970016,3506.1666666666665,9.146521739130435
2026-08-31T06:15:31+00:00,2026-08-31T12:00:31+05:45,2026-08-31,12:00:31,1788156931,0,6,12,nepse_official,OPEN,2026-08-31,NBL,Nepal Bank Limited,272.0,272.1,270.0,,271.0,272.3,-1.3000000000000114,,7508.0,2031446.2,41.0,2.1000000000000227,0.7720588235294201,-0.4774146162321011,49547.46829268293,270.57088438998403
2026-08-31T06:15:31+00:00,2026-08-31T12:00:31+05:45,2026-08-31,12:00:31,1788156931,0,6,12,nepse_official,OPEN,2026-08-31,NESDO,NESDO Sambridha Laghubitta Bittiya Sanstha Limited,1310.0,1310.0,1310.0,,1310.0,1345.0,-35.0,,100.0,131000.0,5.0,0.0,0.0,-2.6022304832713754,26200.0,1310.0
2026-08-31T06:15:31+00:00,2026-08-31T12:00:31+05:45,2026-08-31,12:00:31,1788156931,0,6,12,nepse_official,OPEN,2026-08-31,NFS,Nepal Finance Ltd.,535.0,535.0,532.0,,532.0,536.9,-4.899999999999977,,141.0,75146.0,5.0,3.0,0.5607476635514018,-0.9126466753585355,15029.2,532.950354609929
2026-08-31T06:15:31+00:00,2026-08-31T12:00:31+05:45,2026-08-31,12:00:31,1788156931,0,6,12,nepse_official,OPEN,2026-08-31,NGPL,Ngadi Group Power Ltd.,395.0,399.0,387.0,,394.4,398.0,-3.6000000000000227,,9004.0,3551469.8,44.0,12.0,3.0379746835443036,-0.9045226130653323,80715.22272727272,394.43245224344736
2026-08-31T06:15:31+00:00,2026-08-31T12:00:31+05:45,2026-08-31,12:00:31,1788156931,0,6,12,nepse_official,OPEN,2026-08-31,NHDL,Nepal Hydro Developers Ltd.,615.0,615.0,606.2,,608.1,623.0,-14.899999999999977,,148.0,89891.6,3.0,8.799999999999955,1.430894308943082,-2.3916532905296917,29963.86666666667,607.3756756756757
2026-08-31T06:15:31+00:00,2026-08-31T12:00:31+05:45,2026-08-31,12:00:31,1788156931,0,6,12,nepse_official,OPEN,2026-08-31,NHPC,National Hydro Power Company Limited,254.0,254.0,249.2,,251.0,254.6,-3.5999999999999943,,20865.0,5226728.4,88.0,4.800000000000011,1.8897637795275635,-1.413982717989,59394.640909090915,250.50219985621857
2026-08-31T06:15:31+00:00,2026-08-31T12:00:31+05:45,2026-08-31,12:00:31,1788156931,0,6,12,nepse_official,OPEN,2026-08-31,NIBLGF,NIBL Growth Fund,8.5,8.5,8.5,,8.5,8.54,-0.03999999999999915,,200.0,1700.0,2.0,0.0,0.0,-0.468384074941442,850.0,8.5
2026-08-31T06:15:31+00:00,2026-08-31T12:00:31+05:45,2026-08-31,12:00:31,1788156931,0,6,12,nepse_official,OPEN,2026-08-31,NIBLSTF,NIBL Stable Fund,8.16,8.16,8.16,,8.16,8.41,-0.25,,100.0,816.0,1.0,0.0,0.0,-2.972651605231867,816.0,8.16
2026-08-31T06:15:31+00:00,2026-08-31T12:00:31+05:45,2026-08-31,12:00:31,1788156931,0,6,12,nepse_official,OPEN,2026-08-31,NIBSF2,NIBL Samriddhi Fund -2,8.41,8.45,8.41,,8.45,8.5,-0.05000000000000071,,700.0,5902.0,6.0,0.03999999999999915,0.4756242568370886,-0.5882352941176554,983.6666666666666,8.43142857142857
2026-08-31T06:15:31+00:00,2026-08-31T12:00:31+05:45,2026-08-31,12:00:31,1788156931,0,6,12,nepse_official,OPEN,2026-08-31,NICA,NIC Asia Bank Ltd.,308.0,312.0,305.1,,307.0,308.1,-1.1000000000000227,,6773.0,2074305.3,52.0,6.899999999999977,2.240259740259733,-0.35702693930542767,39890.48653846154,306.26093311678727
2026-08-31T06:15:31+00:00,2026-08-31T12:00:31+05:45,2026-08-31,12:00:31,1788156931,0,6,12,nepse_official,OPEN,2026-08-31,NICAD2091,7% NIC ASIA Debenture 2091,1062.9,1094.0,1062.9,,1094.0,1032.0,62.0,,1259.0,1370556.6,11.0,31.09999999999991,2.9259572866685395,6.007751937984496,124596.05454545455,1088.607307386815
2026-08-31T06:15:31+00:00,2026-08-31T12:00:31+05:45,2026-08-31,12:00:31,1788156931,0,6,12,nepse_official,OPEN,2026-08-31,NICD88,NIC ASIA Rinpatra 2088,1067.0,1067.0,1067.0,,1067.0,1100.0,-33.0,,25.0,26675.0,1.0,0.0,0.0,-3.0,26675.0,1067.0
2026-08-31T06:15:31+00:00,2026-08-31T12:00:31+05:45,2026-08-31,12:00:31,1788156931,0,6,12,nepse_official,OPEN,2026-08-31,NICFC,NIC Asia Flexi CAP Fund,8.88,8.88,8.7,,8.8,8.88,-0.08000000000000007,,600.0,5294.0,4.0,0.1800000000000015,2.0270270270270436,-0.9009009009009016,1323.5,8.823333333333334
2026-08-31T06:15:31+00:00,2026-08-31T12:00:31+05:45,2026-08-31,12:00:31,1788156931,0,6,12,nepse_official,OPEN,2026-08-31,NICGF2,NIC ASIA Growth Fund-2,8.6,8.6,8.56,,8.56,8.69,-0.129999999999999,,400.0,3436.0,3.0,0.03999999999999915,0.46511627906975755,-1.49597238204832,1145.3333333333333,8.59
2026-08-31T06:15:31+00:00,2026-08-31T12:00:31+05:45,2026-08-31,12:00:31,1788156931,0,6,12,nepse_official,OPEN,2026-08-31,NICL,Nepal Insurance Co. Ltd.,432.0,453.8,421.1,,428.0,442.2,-14.199999999999989,,5592.0,2409337.5,52.0,32.69999999999999,7.569444444444441,-3.2112166440524623,46333.41346153846,430.8543454935622
2026-08-31T06:15:31+00:00,2026-08-31T12:00:31+05:45,2026-08-31,12:00:31,1788156931,0,6,12,nepse_official,OPEN,2026-08-31,NICLBSL,NIC ASIA Laghubitta Bittiya Sanstha Limited,531.0,531.0,522.4,,522.4,528.0,-5.600000000000023,,567.0,300280.0,6.0,8.600000000000023,1.6195856873823018,-1.0606060606060648,50046.666666666664,529.5943562610229
2026-08-31T06:15:31+00:00,2026-08-31T12:00:31+05:45,2026-08-31,12:00:31,1788156931,0,6,12,nepse_official,OPEN,2026-08-31,NICSF,NIC Asia Select Fund 30,8.43,8.48,8.43,,8.48,8.48,0.0,,1300.0,11019.0,2.0,0.05000000000000071,0.5931198102016692,0.0,5509.5,8.476153846153846
2026-08-31T06:15:31+00:00,2026-08-31T12:00:31+05:45,2026-08-31,12:00:31,1788156931,0,6,12,nepse_official,OPEN,2026-08-31,NIFRA,Nepal Infrastructure Bank Limited,240.0,245.0,238.9,,240.0,239.0,1.0,,20700.0,4977512.8,162.0,6.099999999999994,2.5416666666666643,0.41841004184100417,30725.387654320988,240.45955555555554
2026-08-31T06:15:31+00:00,2026-08-31T12:00:31+05:45,2026-08-31,12:00:31,1788156931,0,6,12,nepse_official,OPEN,2026-08-31,NIL,Neco Insurance Limited,540.1,555.0,520.0,,524.5,549.9,-25.399999999999977,,2259.0,1201955.6,32.0,35.0,6.480281429364933,-4.619021640298232,37561.1125,532.0741921204072
2026-08-31T06:15:31+00:00,2026-08-31T12:00:31+05:45,2026-08-31,12:00:31,1788156931,0,6,12,nepse_official,OPEN,2026-08-31,NIMB,Nepal Investment Mega Bank Limited,190.0,190.0,181.4,,182.5,185.0,-2.5,,12985.0,2367075.5,68.0,8.599999999999994,4.526315789473681,-1.3513513513513513,34809.93382352941,182.29306892568349
2026-08-31T06:15:31+00:00,2026-08-31T12:00:31+05:45,2026-08-31,12:00:31,1788156931,0,6,12,nepse_official,OPEN,2026-08-31,NLG,NLG Insurance Company Ltd.,516.0,516.0,503.0,,503.0,516.0,-13.0,,1523.0,768495.2,21.0,13.0,2.5193798449612403,-2.5193798449612403,36595.009523809524,504.5930400525279
2026-08-31T06:15:31+00:00,2026-08-31T12:00:31+05:45,2026-08-31,12:00:31,1788156931,0,6,12,nepse_official,OPEN,2026-08-31,NLIC,Nepal Life Insurance Co. Ltd.,690.0,700.0,685.1,,689.0,690.3,-1.2999999999999545,,2694.0,1864674.9,40.0,14.899999999999977,2.159420289855069,-0.18832391713746988,46616.8725,692.1584632516704
2026-08-31T06:15:31+00:00,2026-08-31T12:00:31+05:45,2026-08-31,12:00:31,1788156931,0,6,12,nepse_official,OPEN,2026-08-31,NLICL,National Life Insurance Co. Ltd.,555.0,560.0,555.0,,560.0,566.9,-6.899999999999977,,406.0,225614.2,3.0,5.0,0.9009009009009009,-1.217145881107775,75204.73333333334,555.7
2026-08-31T06:15:31+00:00,2026-08-31T12:00:31+05:45,2026-08-31,12:00:31,1788156931,0,6,12,nepse_official,OPEN,2026-08-31,NMB,NMB Bank Limited,236.0,237.0,235.4,,235.4,236.8,-1.4000000000000057,,10796.0,2547512.5,41.0,1.5999999999999943,0.6779661016949128,-0.5912162162162186,62134.45121951219,235.96818266024454
2026-08-31T06:15:31+00:00,2026-08-31T12:00:31+05:45,2026-08-31,12:00:31,1788156931,0,6,12,nepse_official,OPEN,2026-08-31,NMBHF2,NMB Hybrid Fund L- II,8.36,8.36,8.36,,8.36,8.6,-0.2400000000000002,,100.0,836.0,1.0,0.0,0.0,-2.7906976744186074,836.0,8.36
2026-08-31T06:15:31+00:00,2026-08-31T12:00:31+05:45,2026-08-31,12:00:31,1788156931,0,6,12,nepse_official,OPEN,2026-08-31,NMBMF,NMB  Microfinance Bittiya Sanstha Ltd.,590.0,590.0,590.0,,590.0,590.0,0.0,,1.0,572.3,1.0,0.0,0.0,0.0,572.3,572.3
2026-08-31T06:15:31+00:00,2026-08-31T12:00:31+05:45,2026-08-31,12:00:31,1788156931,0,6,12,nepse_official,OPEN,2026-08-31,NMBUR93/94,NMB Energy Bond 4% - 2093/94 ,986.0,986.0,986.0,,986.0,990.0,-4.0,,25.0,24650.0,1.0,0.0,0.0,-0.40404040404040403,24650.0,986.0
2026-08-31T06:15:31+00:00,2026-08-31T12:00:31+05:45,2026-08-31,12:00:31,1788156931,0,6,12,nepse_official,OPEN,2026-08-31,NMFBS,National Laghubitta Bittiya Sanstha Limited,1105.2,1105.2,1091.5,,1091.5,1105.2,-13.700000000000045,,199.0,219104.5,10.0,13.700000000000045,1.2395946435034424,-1.2395946435034424,21910.45,1101.0276381909548
2026-08-31T06:15:31+00:00,2026-08-31T12:00:31+05:45,2026-08-31,12:00:31,1788156931,0,6,12,nepse_official,OPEN,2026-08-31,NMIC,Nepal Micro Insurance Company Limited,800.0,805.0,799.1,,799.5,821.0,-21.5,,395.0,316132.5,20.0,5.899999999999977,0.7374999999999972,-2.6187576126674785,15806.625,800.3354430379746
2026-08-31T06:15:31+00:00,2026-08-31T12:00:31+05:45,2026-08-31,12:00:31,1788156931,0,6,12,nepse_official,OPEN,2026-08-31,NMLBBL,Nerude Mirmire Laghubitta Bittiya Sanstha Limited,485.0,485.0,476.0,,477.0,490.0,-13.0,,520.0,247817.5,8.0,9.0,1.8556701030927836,-2.6530612244897958,30977.1875,476.57211538461536
2026-08-31T06:15:31+00:00,2026-08-31T12:00:31+05:45,2026-08-31,12:00:31,1788156931,0,6,12,nepse_official,OPEN,2026-08-31,NRIC,Nepal Reinsurance Company Limited,851.0,851.0,815.0,,820.0,851.0,-31.0,,12211.0,10132446.2,83.0,36.0,4.230317273795535,-3.6427732079905994,122077.66506024095,829.780214560642
2026-08-31T06:15:31+00:00,2026-08-31T12:00:31+05:45,2026-08-31,12:00:31,1788156931,0,6,12,nepse_official,OPEN,2026-08-31,NRM,Nepal Republic Media Limited,285.0,288.0,282.1,,282.6,288.5,-5.899999999999977,,908.0,256861.5,20.0,5.899999999999977,2.0701754385964835,-2.0450606585788482,12843.075,282.8871145374449
2026-08-31T06:15:31+00:00,2026-08-31T12:00:31+05:45,2026-08-31,12:00:31,1788156931,0,6,12,nepse_official,OPEN,2026-08-31,NRN,NRN Infrastructure and Development Limited,1351.0,1351.0,1341.0,,1345.0,1349.5,-4.5,,780.0,1048917.7,20.0,10.0,0.7401924500370096,-0.33345683586513525,52445.884999999995,1344.766282051282
2026-08-31T06:15:31+00:00,2026-08-31T12:00:31+05:45,2026-08-31,12:00:31,1788156931,0,6,12,nepse_official,OPEN,2026-08-31,NSIF2,NMB Sulav Investment Fund - 2,10.08,10.08,10.08,,10.08,9.94,0.14000000000000057,,200.0,2016.0,2.0,0.0,0.0,1.4084507042253578,1008.0,10.08
2026-08-31T06:15:31+00:00,2026-08-31T12:00:31+05:45,2026-08-31,12:00:31,1788156931,0,6,12,nepse_official,OPEN,2026-08-31,NSY,Nepal Life Samriddhi Lagani Yojana,9.1,9.2,8.93,,9.0,9.2,-0.1999999999999993,,1600.0,14583.0,8.0,0.2699999999999996,2.9670329670329623,-2.173913043478253,1822.875,9.114375
2026-08-31T06:15:31+00:00,2026-08-31T12:00:31+05:45,2026-08-31,12:00:31,1788156931,0,6,12,nepse_official,OPEN,2026-08-31,NTC,Nepal Doorsanchar Company Limited,874.0,880.0,870.0,,870.0,875.0,-5.0,,678.0,592162.2,30.0,10.0,1.1441647597254003,-0.5714285714285714,19738.739999999998,873.3955752212389
2026-08-31T06:15:31+00:00,2026-08-31T12:00:31+05:45,2026-08-31,12:00:31,1788156931,0,6,12,nepse_official,OPEN,2026-08-31,NUBL,Nirdhan Utthan Laghubitta Bittiya Sanstha Limited,574.0,574.0,574.0,,574.0,574.0,0.0,,32.0,18368.0,1.0,0.0,0.0,0.0,18368.0,574.0
2026-08-31T06:15:31+00:00,2026-08-31T12:00:31+05:45,2026-08-31,12:00:31,1788156931,0,6,12,nepse_official,OPEN,2026-08-31,NWCL,Nepal Warehousing Company Limited ,598.0,598.0,590.2,,595.0,603.0,-8.0,,110.0,65241.0,11.0,7.7999999999999545,1.304347826086949,-1.3266998341625207,5931.0,593.1
2026-08-31T06:15:31+00:00,2026-08-31T12:00:31+05:45,2026-08-31,12:00:31,1788156931,0,6,12,nepse_official,OPEN,2026-08-31,NYADI,Nyadi Hydropower Limited,340.1,345.0,336.1,,340.1,350.0,-9.899999999999977,,220.0,75026.0,11.0,8.899999999999977,2.6168773890032275,-2.828571428571422,6820.545454545455,341.0272727272727
2026-08-31T06:15:31+00:00,2026-08-31T12:00:31+05:45,2026-08-31,12:00:31,1788156931,0,6,12,nepse_official,OPEN,2026-08-31,OMPL,Om Megashree Pharmaceuticals Limited,860.0,861.6,860.0,,860.0,872.0,-12.0,,445.0,383026.0,17.0,1.6000000000000227,0.1860465116279096,-1.3761467889908259,22530.941176470587,860.7325842696629
2026-08-31T06:15:31+00:00,2026-08-31T12:00:31+05:45,2026-08-31,12:00:31,1788156931,0,6,12,nepse_official,OPEN,2026-08-31,PBD88,10% Prime Debenture 2088,1170.0,1170.0,1170.0,,1170.0,1181.0,-11.0,,25.0,29250.0,1.0,0.0,0.0,-0.9314140558848433,29250.0,1170.0
2026-08-31T06:15:31+00:00,2026-08-31T12:00:31+05:45,2026-08-31,12:00:31,1788156931,0,6,12,nepse_official,OPEN,2026-08-31,PCBL,Prime Commercial Bank Ltd.,235.0,236.0,232.4,,232.5,235.5,-3.0,,10254.0,2395743.8,44.0,3.5999999999999943,1.531914893617019,-1.2738853503184715,54448.722727272725,233.6399258825824
2026-08-31T06:15:31+00:00,2026-08-31T12:00:31+05:45,2026-08-31,12:00:31,1788156931,0,6,12,nepse_official,OPEN,2026-08-31,PCIL,Palpa Cement Industries Limited,621.0,630.0,615.0,,625.5,621.0,4.5,,11899.0,7407241.9,309.0,15.0,2.4154589371980677,0.7246376811594203,23971.656634304207,622.5096142532987
2026-08-31T06:15:31+00:00,2026-08-31T12:00:31+05:45,2026-08-31,12:00:31,1788156931,0,6,12,nepse_official,OPEN,2026-08-31,PHCL,Peoples Hydropower Company Limited,293.4,302.0,293.0,,293.6,297.6,-4.0,,5837.0,1712674.0,42.0,9.0,3.0674846625766876,-1.3440860215053763,40777.95238095238,293.4168237108103
2026-08-31T06:15:31+00:00,2026-08-31T12:00:31+05:45,2026-08-31,12:00:31,1788156931,0,6,12,nepse_official,OPEN,2026-08-31,PMHPL,Panchakanya Mai Hydropower Ltd,295.0,295.0,292.2,,292.2,300.0,-7.800000000000011,,335.0,98043.5,7.0,2.8000000000000114,0.9491525423728852,-2.6000000000000036,14006.214285714286,292.6671641791045
2026-08-31T06:15:31+00:00,2026-08-31T12:00:31+05:45,2026-08-31,12:00:31,1788156931,0,6,12,nepse_official,OPEN,2026-08-31,PMLI,Prabhu Mahalaxmi Life Insurance Limited,405.0,405.0,400.0,,400.5,409.9,-9.399999999999977,,847.0,339328.0,17.0,5.0,1.2345679012345678,-2.2932422542083377,19960.470588235294,400.6233766233766
2026-08-31T06:15:31+00:00,2026-08-31T12:00:31+05:45,2026-08-31,12:00:31,1788156931,0,6,12,nepse_official,OPEN,2026-08-31,PPCL,Panchthar Power Compant Limited,317.1,323.0,317.1,,322.1,326.9,-4.7999999999999545,,532.0,171538.7,5.0,5.899999999999977,1.8606117943866216,-1.4683389415723325,34307.740000000005,322.44116541353384
2026-08-31T06:15:31+00:00,2026-08-31T12:00:31+05:45,2026-08-31,12:00:31,1788156931,0,6,12,nepse_official,OPEN,2026-08-31,PPL,People's Power Limited,293.0,305.0,293.0,,294.6,308.0,-13.399999999999977,,5014.0,1484270.0,40.0,12.0,4.09556313993174,-4.350649350649343,37106.75,296.02512963701633
2026-08-31T06:15:31+00:00,2026-08-31T12:00:31+05:45,2026-08-31,12:00:31,1788156931,0,6,12,nepse_official,OPEN,2026-08-31,PRIN,Prabhu Insurance Ltd.,583.0,590.0,581.8,,581.8,599.6,-17.800000000000068,,745.0,434570.0,13.0,8.200000000000045,1.406518010291603,-2.9686457638425727,33428.46153846154,583.3154362416108
2026-08-31T06:15:31+00:00,2026-08-31T12:00:31+05:45,2026-08-31,12:00:31,1788156931,0,6,12,nepse_official,OPEN,2026-08-31,PROFL,Progressive Finance Limited,385.0,385.0,385.0,,385.0,384.0,1.0,,126.0,48510.0,1.0,0.0,0.0,0.26041666666666663,48510.0,385.0
2026-08-31T06:15:31+00:00,2026-08-31T12:00:31+05:45,2026-08-31,12:00:31,1788156931,0,6,12,nepse_official,OPEN,2026-08-31,PRSF,Prabhu Smart Fund,12.78,12.78,12.52,,12.52,12.75,-0.23000000000000043,,250.0,3169.0,2.0,0.2599999999999998,2.0344287949921736,-1.8039215686274546,1584.5,12.676
2026-08-31T06:15:31+00:00,2026-08-31T12:00:31+05:45,2026-08-31,12:00:31,1788156931,0,6,12,nepse_official,OPEN,2026-08-31,PRVU,Prabhu  Bank Limited,169.7,183.0,169.7,,176.5,178.6,-2.0999999999999943,,17670.0,3130735.8,70.0,13.300000000000011,7.837360047142022,-1.1758118701007807,44724.79714285714,177.17803056027162
2026-08-31T06:15:31+00:00,2026-08-31T12:00:31+05:45,2026-08-31,12:00:31,1788156931,0,6,12,nepse_official,OPEN,2026-08-31,PSF,Prabhu Select Fund,12.22,12.22,11.87,,11.87,12.17,-0.3000000000000007,,1050.0,12516.0,5.0,0.3500000000000014,2.8641571194762796,-2.465078060805265,2503.2,11.92
2026-08-31T06:15:31+00:00,2026-08-31T12:00:31+05:45,2026-08-31,12:00:31,1788156931,0,6,12,nepse_official,OPEN,2026-08-31,PURE,Pure Energy Limited,746.1,766.0,746.1,,751.5,768.0,-16.5,,503.0,377846.3,20.0,19.899999999999977,2.6672027878300466,-2.1484375,18892.315,751.1854870775347
2026-08-31T06:15:31+00:00,2026-08-31T12:00:31+05:45,2026-08-31,12:00:31,1788156931,0,6,12,nepse_official,OPEN,2026-08-31,RADHI,Radhi Bidyut Company Ltd,680.4,680.4,667.0,,672.0,685.0,-13.0,,12364.0,8333527.0,55.0,13.399999999999977,1.969429747207522,-1.897810218978102,151518.67272727273,674.0154480750566
2026-08-31T06:15:31+00:00,2026-08-31T12:00:31+05:45,2026-08-31,12:00:31,1788156931,0,6,12,nepse_official,OPEN,2026-08-31,RAWA,Rawa Energy Development Limited,427.5,427.5,400.0,,400.0,407.2,-7.199999999999989,,391.0,157076.8,13.0,27.5,6.432748538011696,-1.7681728880157142,12082.830769230768,401.7309462915601
2026-08-31T06:15:31+00:00,2026-08-31T12:00:31+05:45,2026-08-31,12:00:31,1788156931,0,6,12,nepse_official,OPEN,2026-08-31,RBBD2088,7% RBBL Debenture 2088,1081.4,1081.5,1081.4,,1081.5,1050.0,31.5,,1601.0,1731473.9,4.0,0.09999999999990905,0.00924727205473544,3.0,432868.475,1081.4952529668956
2026-08-31T06:15:31+00:00,2026-08-31T12:00:31+05:45,2026-08-31,12:00:31,1788156931,0,6,12,nepse_official,OPEN,2026-08-31,RFPL,River Falls Power Limited,321.1,324.6,321.1,,321.7,330.0,-8.300000000000011,,8323.0,2687372.5,29.0,3.5,1.090003114294612,-2.5151515151515187,92668.0172413793,322.88507749609516
2026-08-31T06:15:31+00:00,2026-08-31T12:00:31+05:45,2026-08-31,12:00:31,1788156931,0,6,12,nepse_official,OPEN,2026-08-31,RHGCL,Rapti Hydro And General Construction Limited,246.1,247.0,243.0,,243.0,249.0,-6.0,,920.0,225860.0,22.0,4.0,1.6253555465258025,-2.4096385542168677,10266.363636363636,245.5
2026-08-31T06:15:31+00:00,2026-08-31T12:00:31+05:45,2026-08-31,12:00:31,1788156931,0,6,12,nepse_official,OPEN,2026-08-31,RHPL,RASUWAGADHI HYDROPOWER COMPANY LIMITED,183.0,185.0,171.0,,171.0,188.0,-17.0,,135011.0,23322400.8,633.0,14.0,7.650273224043716,-9.042553191489363,36844.23507109005,172.7444489708246
2026-08-31T06:15:31+00:00,2026-08-31T12:00:31+05:45,2026-08-31,12:00:31,1788156931,0,6,12,nepse_official,OPEN,2026-08-31,RIDI,Ridi Power Company Limited,343.0,344.9,340.0,,342.4,345.9,-3.5,,12980.0,4448110.0,52.0,4.899999999999977,1.428571428571422,-1.0118531367447239,85540.57692307692,342.6895223420647
2026-08-31T06:15:31+00:00,2026-08-31T12:00:31+05:45,2026-08-31,12:00:31,1788156931,0,6,12,nepse_official,OPEN,2026-08-31,RLEL,Ridge Line Energy Limited,801.8,921.0,801.8,,810.1,844.0,-33.89999999999998,,3602.0,3008398.0,63.0,119.20000000000005,14.866550261910708,-4.0165876777251155,47752.34920634921,835.2021099389228
2026-08-31T06:15:31+00:00,2026-08-31T12:00:31+05:45,2026-08-31,12:00:31,1788156931,0,6,12,nepse_official,OPEN,2026-08-31,RLFL,Reliance Finance Ltd.,434.9,434.9,422.0,,422.3,430.0,-7.699999999999989,,238.0,100731.4,5.0,12.899999999999977,2.966199126235911,-1.790697674418602,20146.28,423.2411764705882
2026-08-31T06:15:31+00:00,2026-08-31T12:00:31+05:45,2026-08-31,12:00:31,1788156931,0,6,12,nepse_official,OPEN,2026-08-31,RMF1,RBB Mutual Fund 1,9.25,9.25,9.2,,9.2,9.3,-0.10000000000000142,,300.0,2770.0,2.0,0.05000000000000071,0.5405405405405482,-1.0752688172043163,1385.0,9.233333333333333
2026-08-31T06:15:31+00:00,2026-08-31T12:00:31+05:45,2026-08-31,12:00:31,1788156931,0,6,12,nepse_official,OPEN,2026-08-31,RNLI,Reliable Nepal Life Insurance Limited,415.0,420.0,410.0,,412.0,415.0,-3.0,,3343.0,1380413.7,61.0,10.0,2.4096385542168677,-0.7228915662650602,22629.732786885244,412.9266227938977
2026-08-31T06:15:31+00:00,2026-08-31T12:00:31+05:45,2026-08-31,12:00:31,1788156931,0,6,12,nepse_official,OPEN,2026-08-31,RSDC,RSDC Laghubitta Bittiya Sanstha Ltd.,611.0,611.0,611.0,,611.0,611.2,-0.20000000000004547,,16.0,9739.4,3.0,0.0,0.0,-0.032722513089012674,3246.4666666666667,608.7125
2026-08-31T06:15:31+00:00,2026-08-31T12:00:31+05:45,2026-08-31,12:00:31,1788156931,0,6,12,nepse_official,OPEN,2026-08-31,RSML,Reliance Spinning Mills Limited,2770.0,2770.0,2700.0,,2700.0,2728.0,-28.0,,3756.0,10161490.0,101.0,70.0,2.527075812274368,-1.0263929618768328,100608.81188118811,2705.40202342918
2026-08-31T06:15:31+00:00,2026-08-31T12:00:31+05:45,2026-08-31,12:00:31,1788156931,0,6,12,nepse_official,OPEN,2026-08-31,RSY2,Reliable Samriddhi Yojana -2,8.9,9.15,8.9,,8.9,9.16,-0.2599999999999998,,1000.0,8979.0,9.0,0.25,2.8089887640449436,-2.838427947598251,997.6666666666666,8.979
2026-08-31T06:15:31+00:00,2026-08-31T12:00:31+05:45,2026-08-31,12:00:31,1788156931,0,6,12,nepse_official,OPEN,2026-08-31,SABBL,Salapa Bikas Bank Limited,852.1,870.0,852.1,,856.9,870.0,-13.100000000000023,,835.0,718249.0,30.0,17.899999999999977,2.1006924069944812,-1.5057471264367843,23941.633333333335,860.1784431137725
2026-08-31T06:15:31+00:00,2026-08-31T12:00:31+05:45,2026-08-31,12:00:31,1788156931,0,6,12,nepse_official,OPEN,2026-08-31,SADBL,Shangrila Development Bank Ltd.,405.0,414.0,402.1,,402.1,405.0,-2.8999999999999773,,911.0,367197.7,7.0,11.899999999999977,2.938271604938266,-0.7160493827160438,52456.81428571429,403.071020856202
2026-08-31T06:15:31+00:00,2026-08-31T12:00:31+05:45,2026-08-31,12:00:31,1788156931,0,6,12,nepse_official,OPEN,2026-08-31,SAEF2,Sanima Equity Fund-2,8.87,9.0,8.8,,9.0,9.05,-0.05000000000000071,,1000.0,8902.0,10.0,0.1999999999999993,2.2547914317925515,-0.5524861878453117,890.2,8.902
2026-08-31T06:15:31+00:00,2026-08-31T12:00:31+05:45,2026-08-31,12:00:31,1788156931,0,6,12,nepse_official,OPEN,2026-08-31,SAGAR,Sagar Distillery Limited,1501.0,1505.0,1490.0,,1490.0,1522.0,-32.0,,452.0,678332.0,16.0,15.0,0.9993337774816788,-2.102496714848883,42395.75,1500.7345132743362
2026-08-31T06:15:31+00:00,2026-08-31T12:00:31+05:45,2026-08-31,12:00:31,1788156931,0,6,12,nepse_official,OPEN,2026-08-31,SAGF,Sanima Growth Fund,9.85,9.85,9.6,,9.8,9.85,-0.049999999999998934,,300.0,2925.0,3.0,0.25,2.5380710659898478,-0.5076142131979587,975.0,9.75
2026-08-31T06:15:31+00:00,2026-08-31T12:00:31+05:45,2026-08-31,12:00:31,1788156931,0,6,12,nepse_official,OPEN,2026-08-31,SAHAS,Sahas Urja Limited,682.0,684.0,673.0,,676.0,682.0,-6.0,,23668.0,16011051.4,141.0,11.0,1.6129032258064515,-0.8797653958944283,113553.5560283688,676.4851867500423
2026-08-31T06:15:31+00:00,2026-08-31T12:00:31+05:45,2026-08-31,12:00:31,1788156931,0,6,12,nepse_official,OPEN,2026-08-31,SAIL,Shreenagar Agritech Industries Limited,962.0,994.5,950.0,,961.0,970.1,-9.100000000000023,,2422.0,2319575.0,43.0,44.5,4.625779625779626,-0.9380476239562955,53943.604651162794,957.7105697770438
2026-08-31T06:15:31+00:00,2026-08-31T12:00:31+05:45,2026-08-31,12:00:31,1788156931,0,6,12,nepse_official,OPEN,2026-08-31,SALICO,Sagarmatha Lumbini Insurance Co. Limited,548.0,548.0,533.0,,533.0,553.0,-20.0,,350.0,189575.0,10.0,15.0,2.737226277372263,-3.616636528028933,18957.5,541.6428571428571
2026-08-31T06:15:31+00:00,2026-08-31T12:00:31+05:45,2026-08-31,12:00:31,1788156931,0,6,12,nepse_official,OPEN,2026-08-31,SANIMA,Sanima Bank Limited,359.0,363.0,358.0,,360.0,369.0,-9.0,,57435.0,20652472.8,205.0,5.0,1.392757660167131,-2.4390243902439024,100743.76975609756,359.5799216505615
2026-08-31T06:15:31+00:00,2026-08-31T12:00:31+05:45,2026-08-31,12:00:31,1788156931,0,6,12,nepse_official,OPEN,2026-08-31,SANVI,Sanvi Energy Limited,570.0,570.0,555.0,,560.1,579.0,-18.899999999999977,,593.0,331886.0,22.0,15.0,2.631578947368421,-3.2642487046632085,15085.727272727272,559.672849915683
2026-08-31T06:15:31+00:00,2026-08-31T12:00:31+05:45,2026-08-31,12:00:31,1788156931,0,6,12,nepse_official,OPEN,2026-08-31,SAPDBL,Saptakoshi Development Bank Ltd,715.0,730.0,700.6,,704.0,720.0,-16.0,,1127.0,795804.0,25.0,29.399999999999977,4.111888111888109,-2.2222222222222223,31832.16,706.1259982253771
2026-08-31T06:15:31+00:00,2026-08-31T12:00:31+05:45,2026-08-31,12:00:31,1788156931,0,6,12,nepse_official,OPEN,2026-08-31,SAPIL,Sarvottam Paints Industries Limited,1464.5,1604.0,1380.0,,1400.0,1394.8,5.2000000000000455,,50210.0,73721213.0,4742.0,224.0,15.295322635711846,0.37281330656725303,15546.438844369464,1468.257578171679
2026-08-31T06:15:31+00:00,2026-08-31T12:00:31+05:45,2026-08-31,12:00:31,1788156931,0,6,12,nepse_official,OPEN,2026-08-31,SARBTM,Sarbottam Cement Limited,799.9,805.0,793.2,,800.0,793.0,7.0,,9800.0,7825400.3,61.0,11.799999999999955,1.4751843980497505,0.8827238335435058,128285.25081967213,798.5102346938776
2026-08-31T06:15:31+00:00,2026-08-31T12:00:31+05:45,2026-08-31,12:00:31,1788156931,0,6,12,nepse_official,OPEN,2026-08-31,SBI,Nepal SBI Bank Limited,415.0,415.0,391.1,,392.0,400.0,-8.0,,1697.0,669745.7,9.0,23.899999999999977,5.759036144578308,-2.0,74416.18888888888,394.6645256334708
2026-08-31T06:15:31+00:00,2026-08-31T12:00:31+05:45,2026-08-31,12:00:31,1788156931,0,6,12,nepse_official,OPEN,2026-08-31,SBL,Siddhartha Bank Limited,407.0,410.9,406.1,,408.9,411.0,-2.1000000000000227,,4126.0,1679639.3,17.0,4.7999999999999545,1.1793611793611682,-0.5109489051094946,98802.31176470588,407.08659718856035
2026-08-31T06:15:31+00:00,2026-08-31T12:00:31+05:45,2026-08-31,12:00:31,1788156931,0,6,12,nepse_official,OPEN,2026-08-31,SBLD83,10.25% SBL Debenture 2083,1020.0,1020.0,1015.0,,1015.0,1006.2,8.799999999999955,,65.0,66225.0,2.0,5.0,0.49019607843137253,0.8745776187636608,33112.5,1018.8461538461538
2026-08-31T06:15:31+00:00,2026-08-31T12:00:31+05:45,2026-08-31,12:00:31,1788156931,0,6,12,nepse_official,OPEN,2026-08-31,SCB,Standard Chartered Bank Limited,650.0,654.9,645.5,,645.5,645.0,0.5,,4312.0,2803349.0,26.0,9.399999999999977,1.4461538461538426,0.07751937984496124,107821.11538461539,650.127319109462
2026-08-31T06:15:31+00:00,2026-08-31T12:00:31+05:45,2026-08-31,12:00:31,1788156931,0,6,12,nepse_official,OPEN,2026-08-31,SEF2,Siddhartha Equity Fund 2,8.9,9.0,8.72,,9.0,9.1,-0.09999999999999964,,2900.0,25882.0,20.0,0.27999999999999936,3.1460674157303297,-1.098901098901095,1294.1,8.924827586206897
2026-08-31T06:15:31+00:00,2026-08-31T12:00:31+05:45,2026-08-31,12:00:31,1788156931,0,6,12,nepse_official,OPEN,2026-08-31,SFEF,Sunrise Focused Equity Fund,9.65,9.65,9.65,,9.65,9.65,0.0,,100200.0,966930.0,2.0,0.0,0.0,0.0,483465.0,9.65
2026-08-31T06:15:31+00:00,2026-08-31T12:00:31+05:45,2026-08-31,12:00:31,1788156931,0,6,12,nepse_official,OPEN,2026-08-31,SGHC,Swet-Ganga Hydropower & Construction Limited ,290.0,290.0,285.1,,286.3,290.0,-3.6999999999999886,,2096.0,600238.4,16.0,4.899999999999977,1.6896551724137854,-1.2758620689655134,37514.9,286.3732824427481
2026-08-31T06:15:31+00:00,2026-08-31T12:00:31+05:45,2026-08-31,12:00:31,1788156931,0,6,12,nepse_official,OPEN,2026-08-31,SGHL,Sanigad Hydro Limited,494.0,494.0,485.0,,490.0,493.8,-3.8000000000000114,,9123.0,4441013.5,459.0,9.0,1.8218623481781375,-0.7695423248278678,9675.410675381263,486.7931053381563
2026-08-31T06:15:31+00:00,2026-08-31T12:00:31+05:45,2026-08-31,12:00:31,1788156931,0,6,12,nepse_official,OPEN,2026-08-31,SGIC,Sanima GIC Insurance Limited,400.1,406.0,385.0,,386.3,400.1,-13.800000000000011,,5172.0,2022727.5,48.0,21.0,5.248687828042989,-3.4491377155711103,42140.15625,391.0919373549884
2026-08-31T06:15:31+00:00,2026-08-31T12:00:31+05:45,2026-08-31,12:00:31,1788156931,0,6,12,nepse_official,OPEN,2026-08-31,SHEL,Singati Hydro Energy Limited,290.0,290.1,287.0,,289.8,292.6,-2.8000000000000114,,8995.0,2593238.2,51.0,3.1000000000000227,1.068965517241387,-0.956937799043066,50847.807843137256,288.2977431906615
2026-08-31T06:15:31+00:00,2026-08-31T12:00:31+05:45,2026-08-31,12:00:31,1788156931,0,6,12,nepse_official,OPEN,2026-08-31,SHINE,Shine Resunga Development Bank Ltd.,404.0,406.0,404.0,,405.0,408.0,-3.0,,4494.0,1820397.0,12.0,2.0,0.49504950495049505,-0.7352941176470588,151699.75,405.07276368491324
2026-08-31T06:15:31+00:00,2026-08-31T12:00:31+05:45,2026-08-31,12:00:31,1788156931,0,6,12,nepse_official,OPEN,2026-08-31,SHIVM,SHIVAM CEMENTS LTD,665.0,667.9,650.0,,667.9,650.0,17.899999999999977,,138477.0,91406084.3,647.0,17.899999999999977,2.6917293233082673,2.7538461538461503,141276.7918083462,660.0813441943427
2026-08-31T06:15:31+00:00,2026-08-31T12:00:31+05:45,2026-08-31,12:00:31,1788156931,0,6,12,nepse_official,OPEN,2026-08-31,SHL,Soaltee Hotel Limited,511.0,511.0,500.0,,500.0,508.7,-8.699999999999989,,600.0,301620.0,5.0,11.0,2.152641878669276,-1.7102417928051876,60324.0,502.7
2026-08-31T06:15:31+00:00,2026-08-31T12:00:31+05:45,2026-08-31,12:00:31,1788156931,0,6,12,nepse_official,OPEN,2026-08-31,SHLB,Shrijanshil Laghubitta Bittiya Sanstha Limited,1285.0,1285.0,1285.0,,1285.0,1323.9,-38.90000000000009,,20.0,25700.0,2.0,0.0,0.0,-2.9382883903618167,12850.0,1285.0
2026-08-31T06:15:31+00:00,2026-08-31T12:00:31+05:45,2026-08-31,12:00:31,1788156931,0,6,12,nepse_official,OPEN,2026-08-31,SHPC,Sanima Mai Hydropower Ltd.,498.0,500.0,495.9,,497.0,502.0,-5.0,,7550.0,3753146.8,28.0,4.100000000000023,0.8232931726907677,-0.9960159362549801,134040.95714285714,497.10553642384104
2026-08-31T06:15:31+00:00,2026-08-31T12:00:31+05:45,2026-08-31,12:00:31,1788156931,0,6,12,nepse_official,OPEN,2026-08-31,SICL,Shikhar Insurance Co. Ltd.,545.0,545.5,530.0,,530.1,559.0,-28.899999999999977,,5718.0,3070503.3,67.0,15.5,2.8440366972477067,-5.169946332737027,45828.40746268656,536.9890346274921
2026-08-31T06:15:31+00:00,2026-08-31T12:00:31+05:45,2026-08-31,12:00:31,1788156931,0,6,12,nepse_official,OPEN,2026-08-31,SIFC,Shree Investment Finance Co. Ltd.,485.0,485.0,480.0,,480.0,485.1,-5.100000000000023,,1305.0,630990.0,6.0,5.0,1.0309278350515463,-1.0513296227581987,105165.0,483.51724137931035
2026-08-31T06:15:31+00:00,2026-08-31T12:00:31+05:45,2026-08-31,12:00:31,1788156931,0,6,12,nepse_official,OPEN,2026-08-31,SIGS2,Siddhartha Investment Growth Scheme - 2,10.27,10.27,9.8,,9.99,10.27,-0.27999999999999936,,42000.0,419173.4,5.0,0.46999999999999886,4.576436222005832,-2.7263875365141126,83834.68000000001,9.980319047619048
2026-08-31T06:15:31+00:00,2026-08-31T12:00:31+05:45,2026-08-31,12:00:31,1788156931,0,6,12,nepse_official,OPEN,2026-08-31,SIGS3,Siddhartha Investment Growth Scheme 3,10.67,10.67,10.2,,10.29,10.99,-0.7000000000000011,,25070.0,259347.5,11.0,0.47000000000000064,4.404873477038432,-6.369426751592366,23577.045454545456,10.344934184284005
2026-08-31T06:15:31+00:00,2026-08-31T12:00:31+05:45,2026-08-31,12:00:31,1788156931,0,6,12,nepse_official,OPEN,2026-08-31,SIKLES,Sikles Hydropower Limited,565.0,565.0,550.3,,559.0,565.0,-6.0,,112.0,62629.3,9.0,14.700000000000045,2.601769911504433,-1.0619469026548671,6958.811111111111,559.1901785714286
2026-08-31T06:15:31+00:00,2026-08-31T12:00:31+05:45,2026-08-31,12:00:31,1788156931,0,6,12,nepse_official,OPEN,2026-08-31,SINDU,Sindhu Bikash Bank Ltd,602.9,603.0,594.1,,594.1,613.9,-19.799999999999955,,252.0,151652.8,10.0,8.899999999999977,1.4761983745231344,-3.225280990389307,15165.279999999999,601.7968253968254
2026-08-31T06:15:31+00:00,2026-08-31T12:00:31+05:45,2026-08-31,12:00:31,1788156931,0,6,12,nepse_official,OPEN,2026-08-31,SIPD,Shikhar power Development Limited,582.0,590.0,571.1,,573.1,596.0,-22.899999999999977,,1485.0,855120.0,58.0,18.899999999999977,3.247422680412367,-3.842281879194627,14743.448275862069,575.8383838383838
2026-08-31T06:15:31+00:00,2026-08-31T12:00:31+05:45,2026-08-31,12:00:31,1788156931,0,6,12,nepse_official,OPEN,2026-08-31,SJCL,SANJEN JALAVIDHYUT COMPANY LIMITED,227.0,236.0,227.0,,232.0,227.0,5.0,,18344.0,4240494.3,168.0,9.0,3.9647577092511015,2.2026431718061676,25241.0375,231.1651929786306
2026-08-31T06:15:31+00:00,2026-08-31T12:00:31+05:45,2026-08-31,12:00:31,1788156931,0,6,12,nepse_official,OPEN,2026-08-31,SJLIC,SuryaJyoti Life Insurance Company Limited,400.0,400.0,390.1,,390.1,402.8,-12.699999999999989,,3219.0,1260996.6,35.0,9.899999999999977,2.4749999999999943,-3.1529294935451806,36028.47428571429,391.7355079217148
2026-08-31T06:15:31+00:00,2026-08-31T12:00:31+05:45,2026-08-31,12:00:31,1788156931,0,6,12,nepse_official,OPEN,2026-08-31,SKBBL,Sana Kisan Bikas Laghubitta Bittiya Sanstha Limited,740.2,743.9,735.0,,743.9,742.5,1.3999999999999773,,1816.0,1338290.0,14.0,8.899999999999977,1.2023777357470922,0.18855218855218547,95592.14285714286,736.943832599119
2026-08-31T06:15:31+00:00,2026-08-31T12:00:31+05:45,2026-08-31,12:00:31,1788156931,0,6,12,nepse_official,OPEN,2026-08-31,SKHEL,Suryakunda Hydro Electric Limited,877.0,885.0,836.0,,845.3,877.0,-31.700000000000045,,807.0,707488.2,21.0,49.0,5.587229190421892,-3.6145952109464132,33689.91428571429,876.6892193308549
2026-08-31T06:15:31+00:00,2026-08-31T12:00:31+05:45,2026-08-31,12:00:31,1788156931,0,6,12,nepse_official,OPEN,2026-08-31,SKHL,Super Khudi Hydropower Limited,730.0,750.0,730.0,,738.0,750.3,-12.299999999999955,,760.0,560393.0,41.0,20.0,2.73972602739726,-1.6393442622950762,13668.121951219513,737.3592105263158
2026-08-31T06:15:31+00:00,2026-08-31T12:00:31+05:45,2026-08-31,12:00:31,1788156931,0,6,12,nepse_official,OPEN,2026-08-31,SLBBL,Swarojgar Laghubitta Bittiya Sanstha Ltd.,772.1,780.0,772.0,,780.0,790.0,-10.0,,218.0,168416.9,7.0,8.0,1.0361352156456418,-1.2658227848101267,24059.557142857142,772.5545871559633
2026-08-31T06:15:31+00:00,2026-08-31T12:00:31+05:45,2026-08-31,12:00:31,1788156931,0,6,12,nepse_official,OPEN,2026-08-31,SLBSL,Samudayik Laghubitta Bittiya Sanstha Limited,880.0,899.9,880.0,,899.9,877.0,22.899999999999977,,20.0,17799.0,2.0,19.899999999999977,2.261363636363634,2.611174458380841,8899.5,889.95
2026-08-31T06:15:31+00:00,2026-08-31T12:00:31+05:45,2026-08-31,12:00:31,1788156931,0,6,12,nepse_official,OPEN,2026-08-31,SLCF,Sanima Large Cap Fund,9.1,9.1,9.01,,9.01,9.1,-0.08999999999999986,,300.0,2712.0,2.0,0.08999999999999986,0.9890109890109874,-0.9890109890109874,1356.0,9.04
2026-08-31T06:15:31+00:00,2026-08-31T12:00:31+05:45,2026-08-31,12:00:31,1788156931,0,6,12,nepse_official,OPEN,2026-08-31,SMATA,Samata Gharelu Laghubitta Bittiya Sanstha Limited,680.0,683.0,680.0,,683.0,695.0,-12.0,,57.0,38853.1,5.0,3.0,0.4411764705882353,-1.7266187050359711,7770.62,681.6333333333333
2026-08-31T06:15:31+00:00,2026-08-31T12:00:31+05:45,2026-08-31,12:00:31,1788156931,0,6,12,nepse_official,OPEN,2026-08-31,SMB,Support Microfinance Bittiya Sanstha Ltd.,1710.0,1710.0,1705.1,,1705.1,1745.0,-39.90000000000009,,50.0,85304.0,3.0,4.900000000000091,0.2865497076023445,-2.2865329512894035,28434.666666666668,1706.08
2026-08-31T06:15:31+00:00,2026-08-31T12:00:31+05:45,2026-08-31,12:00:31,1788156931,0,6,12,nepse_official,OPEN,2026-08-31,SMFBS,Swabhimaan Laghubitta Bittiya Sanstha Limited,1305.0,1306.0,1305.0,,1306.0,1369.0,-63.0,,20.0,26110.0,2.0,1.0,0.07662835249042146,-4.6018991964937905,13055.0,1305.5
2026-08-31T06:15:31+00:00,2026-08-31T12:00:31+05:45,2026-08-31,12:00:31,1788156931,0,6,12,nepse_official,OPEN,2026-08-31,SMH,Super Mai Hydropower Limited,491.0,500.0,491.0,,496.0,500.0,-4.0,,1134.0,564166.9,16.0,9.0,1.8329938900203666,-0.8,35260.43125,497.50167548500883
2026-08-31T06:15:31+00:00,2026-08-31T12:00:31+05:45,2026-08-31,12:00:31,1788156931,0,6,12,nepse_official,OPEN,2026-08-31,SMHL,Super Madi Hydropower Limited,525.0,527.9,520.0,,520.5,525.0,-4.5,,10861.0,5678619.2,110.0,7.899999999999977,1.5047619047619003,-0.8571428571428572,51623.81090909091,522.8449682349692
2026-08-31T06:15:31+00:00,2026-08-31T12:00:31+05:45,2026-08-31,12:00:31,1788156931,0,6,12,nepse_official,OPEN,2026-08-31,SMJC,Sagarmatha Jalabidhyut Company Limited,411.2,415.0,409.0,,409.0,419.0,-10.0,,3290.0,1354088.5,28.0,6.0,1.4591439688715953,-2.386634844868735,48360.30357142857,411.57705167173253
2026-08-31T06:15:31+00:00,2026-08-31T12:00:31+05:45,2026-08-31,12:00:31,1788156931,0,6,12,nepse_official,OPEN,2026-08-31,SMPDA,Sampada Laghubitta Bittiya Sanstha Limited,735.0,735.0,720.1,,720.1,740.0,-19.899999999999977,,219.0,160681.9,2.0,14.899999999999977,2.0272108843537384,-2.689189189189186,80340.95,733.707305936073
2026-08-31T06:15:31+00:00,2026-08-31T12:00:31+05:45,2026-08-31,12:00:31,1788156931,0,6,12,nepse_official,OPEN,2026-08-31,SNLI,Sun Nepal Life Insurance Company Limited,380.0,391.0,375.0,,391.0,390.0,1.0,,3845.0,1479044.3,64.0,16.0,4.2105263157894735,0.2564102564102564,23110.0671875,384.66691807542264
2026-08-31T06:15:31+00:00,2026-08-31T12:00:31+05:45,2026-08-31,12:00:31,1788156931,0,6,12,nepse_official,OPEN,2026-08-31,SNORL,Snow Rivers Limited,860.1,864.9,852.0,,857.0,866.0,-9.0,,4444.0,3820496.0,121.0,12.899999999999977,1.4998256016742213,-1.0392609699769053,31574.347107438018,859.6975697569757
2026-08-31T06:15:31+00:00,2026-08-31T12:00:31+05:45,2026-08-31,12:00:31,1788156931,0,6,12,nepse_official,OPEN,2026-08-31,SOHL,Solu Hydropower Limited,660.0,664.8,647.2,,654.2,660.0,-5.7999999999999545,,11089.0,7250519.8,268.0,17.59999999999991,2.6666666666666528,-0.878787878787872,27054.178358208956,653.8479393994048
2026-08-31T06:15:31+00:00,2026-08-31T12:00:31+05:45,2026-08-31,12:00:31,1788156931,0,6,12,nepse_official,OPEN,2026-08-31,SONA,Sonapur Minerals And Oil Limited,415.0,418.0,403.0,,416.0,408.0,8.0,,44379.0,18139455.4,209.0,15.0,3.614457831325301,1.9607843137254901,86791.65263157894,408.73961558394734
2026-08-31T06:15:31+00:00,2026-08-31T12:00:31+05:45,2026-08-31,12:00:31,1788156931,0,6,12,nepse_official,OPEN,2026-08-31,SOPL,Sopan Pharmaceuticals Limited,758.0,758.0,735.0,,745.0,758.0,-13.0,,3324.0,2467589.9,176.0,23.0,3.034300791556728,-1.7150395778364116,14020.397159090908,742.3555655836342
2026-08-31T06:15:31+00:00,2026-08-31T12:00:31+05:45,2026-08-31,12:00:31,1788156931,0,6,12,nepse_official,OPEN,2026-08-31,SPC,Samling Power Company Limited,408.8,408.9,385.0,,394.0,397.0,-3.0,,1085.0,419091.0,16.0,23.899999999999977,5.8463796477495045,-0.7556675062972292,26193.1875,386.2589861751152
2026-08-31T06:15:31+00:00,2026-08-31T12:00:31+05:45,2026-08-31,12:00:31,1788156931,0,6,12,nepse_official,OPEN,2026-08-31,SPDL,Synergy Power Development Ltd.,359.8,359.9,345.1,,351.0,353.0,-2.0,,7030.0,2481257.0,21.0,14.799999999999955,4.113396331295151,-0.56657223796034,118155.09523809524,352.9526315789474
2026-08-31T06:15:31+00:00,2026-08-31T12:00:31+05:45,2026-08-31,12:00:31,1788156931,0,6,12,nepse_official,OPEN,2026-08-31,SPHL,Sayapatri Hydropower Limited,510.0,524.0,495.9,,496.4,523.0,-26.600000000000023,,1650.0,839758.3,19.0,28.100000000000023,5.509803921568632,-5.086042065009565,44197.8052631579,508.94442424242425
2026-08-31T06:15:31+00:00,2026-08-31T12:00:31+05:45,2026-08-31,12:00:31,1788156931,0,6,12,nepse_official,OPEN,2026-08-31,SPIL,Siddhartha Premier Insurance Limited,611.1,613.0,608.0,,608.0,625.0,-17.0,,3693.0,2254725.3,18.0,5.0,0.8181966944853544,-2.7199999999999998,125262.51666666666,610.5402924451665
2026-08-31T06:15:31+00:00,2026-08-31T12:00:31+05:45,2026-08-31,12:00:31,1788156931,0,6,12,nepse_official,OPEN,2026-08-31,SRLI,Sanima Reliance Life Insurance Limited,357.3,357.5,355.4,,356.4,357.3,-0.9000000000000341,,2375.0,847155.2,26.0,2.1000000000000227,0.5877413937867402,-0.2518891687657526,32582.892307692306,356.6969263157894
2026-08-31T06:15:31+00:00,2026-08-31T12:00:31+05:45,2026-08-31,12:00:31,1788156931,0,6,12,nepse_official,OPEN,2026-08-31,SSHL,Shiva Shree Hydropower Ltd,192.0,192.0,190.0,,190.2,194.0,-3.8000000000000114,,17550.0,3344032.0,56.0,2.0,1.0416666666666665,-1.958762886597944,59714.857142857145,190.5431339031339
2026-08-31T06:15:31+00:00,2026-08-31T12:00:31+05:45,2026-08-31,12:00:31,1788156931,0,6,12,nepse_official,OPEN,2026-08-31,STC,Salt Trading Corporation,5200.0,5300.0,5160.0,,5160.0,5170.0,-10.0,,35.0,183100.0,3.0,140.0,2.6923076923076925,-0.19342359767891684,61033.333333333336,5231.428571428572
2026-08-31T06:15:31+00:00,2026-08-31T12:00:31+05:45,2026-08-31,12:00:31,1788156931,0,6,12,nepse_official,OPEN,2026-08-31,SWASTIK,Swastik Laghubitta Bittiya Sanstha Limited,1850.0,1904.0,1850.0,,1862.0,1904.0,-42.0,,165.0,311860.0,7.0,54.0,2.918918918918919,-2.2058823529411766,44551.42857142857,1890.060606060606
2026-08-31T06:15:31+00:00,2026-08-31T12:00:31+05:45,2026-08-31,12:00:31,1788156931,0,6,12,nepse_official,OPEN,2026-08-31,SWBBL,Swabalamban Laghubitta Bittiya Sanstha Limited,658.1,668.0,650.3,,668.0,668.0,0.0,,938.0,619188.4,12.0,17.700000000000045,2.689560857012619,0.0,51599.03333333333,660.115565031983
2026-08-31T06:15:31+00:00,2026-08-31T12:00:31+05:45,2026-08-31,12:00:31,1788156931,0,6,12,nepse_official,OPEN,2026-08-31,SWMF,Suryodaya Womi Laghubitta Bittiya Sanstha Limited,578.5,578.5,578.5,,578.5,587.0,-8.5,,100.0,57850.0,1.0,0.0,0.0,-1.4480408858603067,57850.0,578.5
2026-08-31T06:15:31+00:00,2026-08-31T12:00:31+05:45,2026-08-31,12:00:31,1788156931,0,6,12,nepse_official,OPEN,2026-08-31,SYPNL,SY Panel Nepal Limited,1244.3,1271.0,1230.1,,1261.2,1244.3,16.90000000000009,,9377.0,11783829.3,133.0,40.90000000000009,3.2869886683275813,1.358193361729494,88600.22030075188,1256.6737016103232
2026-08-31T06:15:31+00:00,2026-08-31T12:00:31+05:45,2026-08-31,12:00:31,1788156931,0,6,12,nepse_official,OPEN,2026-08-31,TAMOR,Sanima Middle Tamor Hydropower Limited,477.5,480.0,475.0,,477.3,482.0,-4.699999999999989,,11604.0,5549266.3,62.0,5.0,1.0471204188481675,-0.9751037344398316,89504.29516129031,478.220122371596
2026-08-31T06:15:31+00:00,2026-08-31T12:00:31+05:45,2026-08-31,12:00:31,1788156931,0,6,12,nepse_official,OPEN,2026-08-31,TPC,Terhathum Power Company Limited,345.0,348.0,345.0,,346.0,350.0,-4.0,,1107.0,382617.0,10.0,3.0,0.8695652173913043,-1.1428571428571428,38261.7,345.6341463414634
2026-08-31T06:15:31+00:00,2026-08-31T12:00:31+05:45,2026-08-31,12:00:31,1788156931,0,6,12,nepse_official,OPEN,2026-08-31,TPKHL,Taksar Pikhuwa Khola Hydropower Limited,490.1,505.0,490.1,,494.1,509.0,-14.899999999999977,,2248.0,1121919.0,151.0,14.899999999999977,3.04019587839216,-2.9273084479371274,7429.92715231788,499.07428825622776
2026-08-31T06:15:31+00:00,2026-08-31T12:00:31+05:45,2026-08-31,12:00:31,1788156931,0,6,12,nepse_official,OPEN,2026-08-31,TRH,Taragaon Regency Hotel Limited,796.0,812.0,794.0,,812.0,818.0,-6.0,,4010.0,3188270.0,6.0,18.0,2.261306532663317,-0.7334963325183375,531378.3333333334,795.0798004987531
2026-08-31T06:15:31+00:00,2026-08-31T12:00:31+05:45,2026-08-31,12:00:31,1788156931,0,6,12,nepse_official,OPEN,2026-08-31,TSHL,Three Star Hydropower Limited,336.0,336.0,336.0,,336.0,338.0,-2.0,,165.0,55440.0,3.0,0.0,0.0,-0.591715976331361,18480.0,336.0
2026-08-31T06:15:31+00:00,2026-08-31T12:00:31+05:45,2026-08-31,12:00:31,1788156931,0,6,12,nepse_official,OPEN,2026-08-31,TTL,Trade Tower Limited,685.0,685.0,678.0,,681.0,690.0,-9.0,,1425.0,969278.0,28.0,7.0,1.0218978102189782,-1.3043478260869565,34617.07142857143,680.1950877192983
2026-08-31T06:15:31+00:00,2026-08-31T12:00:31+05:45,2026-08-31,12:00:31,1788156931,0,6,12,nepse_official,OPEN,2026-08-31,TVCL,Trishuli Jal Vidhyut Company Limited ,345.0,345.0,300.9,,317.5,354.0,-36.5,,12805.0,4031996.3,121.0,44.10000000000002,12.782608695652181,-10.310734463276836,33322.28347107438,314.87671222178835
2026-08-31T06:15:31+00:00,2026-08-31T12:00:31+05:45,2026-08-31,12:00:31,1788156931,0,6,12,nepse_official,OPEN,2026-08-31,UAIL,United Ajod Insurance Limited,380.0,382.0,371.1,,373.2,388.8,-15.600000000000023,,6246.0,2349199.3,44.0,10.899999999999977,2.868421052631573,-4.012345679012352,53390.89318181818,376.112600064041
2026-08-31T06:15:31+00:00,2026-08-31T12:00:31+05:45,2026-08-31,12:00:31,1788156931,0,6,12,nepse_official,OPEN,2026-08-31,UHEWA,Upper Hewakhola Hydropower Company Limited,600.0,618.0,587.0,,602.8,604.0,-1.2000000000000455,,2026.0,1204901.4,37.0,31.0,5.166666666666667,-0.19867549668874926,32564.9027027027,594.7193484698913
2026-08-31T06:15:31+00:00,2026-08-31T12:00:31+05:45,2026-08-31,12:00:31,1788156931,0,6,12,nepse_official,OPEN,2026-08-31,ULBSL,Upakar Laghubitta Bittiya Sanstha Limited,2310.0,2590.0,2310.0,,2360.0,2408.0,-48.0,,136.0,330290.0,12.0,280.0,12.121212121212121,-1.9933554817275747,27524.166666666668,2428.6029411764707
2026-08-31T06:15:31+00:00,2026-08-31T12:00:31+05:45,2026-08-31,12:00:31,1788156931,0,6,12,nepse_official,OPEN,2026-08-31,ULHC,Upper Lohore Khola Hydropower Company Limited,300.0,300.0,294.0,,298.0,301.0,-3.0,,1390.0,415232.5,12.0,6.0,2.0,-0.9966777408637874,34602.708333333336,298.728417266187
2026-08-31T06:15:31+00:00,2026-08-31T12:00:31+05:45,2026-08-31,12:00:31,1788156931,0,6,12,nepse_official,OPEN,2026-08-31,UMHL,United Modi Hydropower Ltd.,550.1,554.0,548.0,,550.1,559.9,-9.799999999999955,,15780.0,8676801.7,39.0,6.0,1.0907107798582074,-1.75031255581353,222482.09487179486,549.860690747782
2026-08-31T06:15:31+00:00,2026-08-31T12:00:31+05:45,2026-08-31,12:00:31,1788156931,0,6,12,nepse_official,OPEN,2026-08-31,UMRH,United IDI Mardi RB Hydropower Limited.,505.1,510.0,505.1,,510.0,519.7,-9.700000000000045,,33.0,16735.4,3.0,4.899999999999977,0.9701049297168832,-1.8664614200500376,5578.466666666667,507.1333333333334
2026-08-31T06:15:31+00:00,2026-08-31T12:00:31+05:45,2026-08-31,12:00:31,1788156931,0,6,12,nepse_official,OPEN,2026-08-31,UNHPL,Union Hydropower Limited,345.0,358.8,345.0,,348.5,358.0,-9.5,,2470.0,862977.8,24.0,13.800000000000011,4.0000000000000036,-2.653631284916201,35957.40833333333,349.3837246963563
2026-08-31T06:15:31+00:00,2026-08-31T12:00:31+05:45,2026-08-31,12:00:31,1788156931,0,6,12,nepse_official,OPEN,2026-08-31,UNLB,Unique Nepal Laghubitta Bittiya Sanstha Limited,1277.0,1277.0,1239.0,,1239.0,1240.0,-1.0,,50.0,62660.0,3.0,38.0,2.975724353954581,-0.08064516129032258,20886.666666666668,1253.2
2026-08-31T06:15:31+00:00,2026-08-31T12:00:31+05:45,2026-08-31,12:00:31,1788156931,0,6,12,nepse_official,OPEN,2026-08-31,UPCL,UNIVERSAL POWER COMPANY LTD,325.2,326.0,323.5,,324.0,333.0,-9.0,,7760.0,2522131.2,45.0,2.5,0.7687576875768758,-2.7027027027027026,56047.36,325.0169072164949
2026-08-31T06:15:31+00:00,2026-08-31T12:00:31+05:45,2026-08-31,12:00:31,1788156931,0,6,12,nepse_official,OPEN,2026-08-31,UPPER,Upper Tamakoshi Hydropower Ltd,184.0,186.0,180.5,,181.8,184.0,-2.1999999999999886,,11422.0,2083105.4,103.0,5.5,2.989130434782609,-1.1956521739130372,20224.32427184466,182.37658903869723
2026-08-31T06:15:31+00:00,2026-08-31T12:00:31+05:45,2026-08-31,12:00:31,1788156931,0,6,12,nepse_official,OPEN,2026-08-31,USHEC,Upper Solu Hydro Electric Company Limited,490.0,490.0,482.2,,483.0,496.0,-13.0,,910.0,442093.0,18.0,7.800000000000011,1.59183673469388,-2.620967741935484,24560.722222222223,485.8164835164835
2026-08-31T06:15:31+00:00,2026-08-31T12:00:31+05:45,2026-08-31,12:00:31,1788156931,0,6,12,nepse_official,OPEN,2026-08-31,USHL,Upper Syange Hydropower Limited,520.0,520.0,520.0,,520.0,533.7,-13.700000000000045,,50.0,26000.0,2.0,0.0,0.0,-2.5669851976766056,13000.0,520.0
2026-08-31T06:15:31+00:00,2026-08-31T12:00:31+05:45,2026-08-31,12:00:31,1788156931,0,6,12,nepse_official,OPEN,2026-08-31,USLB,Unnati Sahakarya Laghubitta Bittiya Sanstha Limited,950.0,952.0,950.0,,950.0,970.0,-20.0,,187.0,177804.5,6.0,2.0,0.21052631578947367,-2.0618556701030926,29634.083333333332,950.8262032085562
2026-08-31T06:15:31+00:00,2026-08-31T12:00:31+05:45,2026-08-31,12:00:31,1788156931,0,6,12,nepse_official,OPEN,2026-08-31,VLBS,Vijaya laghubitta Bittiya Sanstha Ltd.,615.0,615.1,615.0,,615.1,620.0,-4.899999999999977,,140.0,86108.0,10.0,0.10000000000002274,0.016260162601629713,-0.7903225806451576,8610.8,615.0571428571428
2026-08-31T06:15:31+00:00,2026-08-31T12:00:31+05:45,2026-08-31,12:00:31,1788156931,0,6,12,nepse_official,OPEN,2026-08-31,VLUCL,Vision Lumbini Urja Company Limited ,373.0,387.5,373.0,,373.0,383.5,-10.5,,50.0,18905.0,5.0,14.5,3.8873994638069704,-2.737940026075619,3781.0,378.1
2026-08-31T06:15:31+00:00,2026-08-31T12:00:31+05:45,2026-08-31,12:00:31,1788156931,0,6,12,nepse_official,OPEN,2026-08-31,WNLB,Wean Nepal Laghubitta Bittiya Sanstha Limited,1110.0,1110.0,1070.0,,1075.0,1110.0,-35.0,,162.0,174632.1,8.0,40.0,3.6036036036036037,-3.153153153153153,21829.0125,1077.975925925926
2026-08-31T06:15:31+00:00,2026-08-31T12:00:31+05:45,2026-08-31,12:00:31,1788156931,0,6,12,nepse_official,OPEN,2026-08-31,YMHL,Yambaling Hydropower Limited,575.0,580.0,569.1,,572.1,593.9,-21.799999999999955,,1285.0,734258.5,106.0,10.899999999999977,1.8956521739130396,-3.670651624852661,6926.9669811320755,571.4073929961089
2026-08-31T06:45:31+00:00,2026-08-31T12:30:31+05:45,2026-08-31,12:30:31,1788158731,0,6,12,nepse_official,OPEN,2026-08-31,ACLBSL,Aarambha Chautari Laghubitta Bittiya Sanstha Limited,900.0,900.0,896.4,,896.4,900.0,-3.6000000000000227,,417.0,374970.0,6.0,3.6000000000000227,0.4000000000000025,-0.4000000000000025,62495.0,899.2086330935252
2026-08-31T06:45:31+00:00,2026-08-31T12:30:31+05:45,2026-08-31,12:30:31,1788158731,0,6,12,nepse_official,OPEN,2026-08-31,ADBL,Agricultural Development Bank Limited,305.0,305.0,291.2,,297.0,299.0,-2.0,,3592.0,1063659.8,55.0,13.800000000000011,4.5245901639344295,-0.6688963210702341,19339.269090909092,296.11909799554564
2026-08-31T06:45:31+00:00,2026-08-31T12:30:31+05:45,2026-08-31,12:30:31,1788158731,0,6,12,nepse_official,OPEN,2026-08-31,AHL,Asian Hydropower Limited,380.0,380.1,378.5,,380.1,390.0,-9.899999999999977,,400.0,151776.0,11.0,1.6000000000000227,0.42105263157895334,-2.5384615384615326,13797.818181818182,379.44
2026-08-31T06:45:31+00:00,2026-08-31T12:30:31+05:45,2026-08-31,12:30:31,1788158731,0,6,12,nepse_official,OPEN,2026-08-31,AHPC,Arun Valley Hydropower Development Co. Ltd.,251.0,251.2,247.3,,250.0,252.7,-2.6999999999999886,,23377.0,5820732.7,100.0,3.8999999999999773,1.5537848605577598,-1.0684606252473245,58207.327000000005,248.99399837447064
2026-08-31T06:45:31+00:00,2026-08-31T12:30:31+05:45,2026-08-31,12:30:31,1788158731,0,6,12,nepse_official,OPEN,2026-08-31,AKJCL,Ankhu Khola Jalvidhyut Company Ltd,343.0,345.3,335.1,,338.4,343.0,-4.600000000000023,,15475.0,5253387.7,75.0,10.199999999999989,2.9737609329446033,-1.3411078717201232,70045.16933333334,339.4757802907916
2026-08-31T06:45:31+00:00,2026-08-31T12:30:31+05:45,2026-08-31,12:30:31,1788158731,0,6,12,nepse_official,OPEN,2026-08-31,AKPL,Arun Kabeli Power Ltd.,238.0,241.7,238.0,,240.4,244.0,-3.5999999999999943,,41863.0,10055623.9,75.0,3.6999999999999886,1.554621848739491,-1.4754098360655714,134074.98533333334,240.2031364211834
2026-08-31T06:45:31+00:00,2026-08-31T12:30:31+05:45,2026-08-31,12:30:31,1788158731,0,6,12,nepse_official,OPEN,2026-08-31,ALBSL,Asha Laghubitta Bittiya Sanstha Ltd,1071.0,1080.0,1060.1,,1060.1,1108.0,-47.90000000000009,,426.0,456145.0,26.0,19.90000000000009,1.8580765639589256,-4.323104693140802,17544.03846153846,1070.762910798122
2026-08-31T06:45:31+00:00,2026-08-31T12:30:31+05:45,2026-08-31,12:30:31,1788158731,0,6,12,nepse_official,OPEN,2026-08-31,ALICL,Asian Life Insurance Co. Limited,391.2,398.0,391.1,,391.1,402.3,-11.199999999999989,,3609.0,1416970.6,37.0,6.899999999999977,1.7638036809815894,-2.7839920457370093,38296.5027027027,392.6213909670269
2026-08-31T06:45:31+00:00,2026-08-31T12:30:31+05:45,2026-08-31,12:30:31,1788158731,0,6,12,nepse_official,OPEN,2026-08-31,ANLB,Aatmanirbhar Laghubitta Bittiya Sanstha Limited,4800.0,4816.8,4800.0,,4810.0,4920.0,-110.0,,225.0,1082308.0,7.0,16.800000000000182,0.35000000000000375,-2.2357723577235773,154615.42857142858,4810.257777777778
2026-08-31T06:45:31+00:00,2026-08-31T12:30:31+05:45,2026-08-31,12:30:31,1788158731,0,6,12,nepse_official,OPEN,2026-08-31,APHL,Appolo Hydropower Limited,674.5,680.0,670.1,,674.0,689.0,-15.0,,1542.0,1040874.2,58.0,9.899999999999977,1.4677538917716793,-2.1770682148040637,17946.106896551722,675.0156939040207
2026-08-31T06:45:31+00:00,2026-08-31T12:30:31+05:45,2026-08-31,12:30:31,1788158731,0,6,12,nepse_official,OPEN,2026-08-31,API,Api Power Company Ltd.,325.9,325.9,321.7,,323.1,325.9,-2.7999999999999545,,37661.0,12174656.7,165.0,4.199999999999989,1.288738876956118,-0.8591592513040671,73785.79818181817,323.2696078171052
2026-08-31T06:45:31+00:00,2026-08-31T12:30:31+05:45,2026-08-31,12:30:31,1788158731,0,6,12,nepse_official,OPEN,2026-08-31,AVYAN,Aviyan Laghubitta Bittiya Sanstha Limited,1004.0,1010.0,1000.0,,1010.0,1017.6,-7.600000000000023,,929.0,930730.0,14.0,10.0,0.9960159362549801,-0.7468553459119519,66480.71428571429,1001.8622174381055
2026-08-31T06:45:31+00:00,2026-08-31T12:30:31+05:45,2026-08-31,12:30:31,1788158731,0,6,12,nepse_official,OPEN,2026-08-31,BANDIPUR,Bandipur Cablecar and Tourism Limited,657.0,657.0,645.0,,645.1,657.0,-11.899999999999977,,5977.0,3863478.0,93.0,12.0,1.82648401826484,-1.8112633181126299,41542.77419354839,646.3908315208298
2026-08-31T06:45:31+00:00,2026-08-31T12:30:31+05:45,2026-08-31,12:30:31,1788158731,0,6,12,nepse_official,OPEN,2026-08-31,BARUN,Barun Hydropower Co. Ltd.,312.0,312.0,306.0,,309.5,313.9,-4.399999999999977,,9352.0,2884467.6,49.0,6.0,1.9230769230769231,-1.4017202930869632,58866.68571428572,308.43323353293414
2026-08-31T06:45:31+00:00,2026-08-31T12:30:31+05:45,2026-08-31,12:30:31,1788158731,0,6,12,nepse_official,OPEN,2026-08-31,BBC,Bishal Bazar Company Limited,4067.9,4070.0,4000.0,,4010.0,4050.0,-40.0,,190.0,768430.0,7.0,70.0,1.720789596597753,-0.9876543209876543,109775.71428571429,4044.3684210526317
2026-08-31T06:45:31+00:00,2026-08-31T12:30:31+05:45,2026-08-31,12:30:31,1788158731,0,6,12,nepse_official,OPEN,2026-08-31,BEDC,Bhugol Energy Development Company Limited,285.0,289.0,281.5,,283.1,289.0,-5.899999999999977,,240.0,68477.0,7.0,7.5,2.631578947368421,-2.041522491349473,9782.42857142857,285.3208333333333
2026-08-31T06:45:31+00:00,2026-08-31T12:30:31+05:45,2026-08-31,12:30:31,1788158731,0,6,12,nepse_official,OPEN,2026-08-31,BFC,Best Finance Company Ltd.,465.0,465.0,453.0,,453.0,459.7,-6.699999999999989,,4297.0,1956065.0,24.0,12.0,2.5806451612903225,-1.457472264520337,81502.70833333333,455.21643006748894
2026-08-31T06:45:31+00:00,2026-08-31T12:30:31+05:45,2026-08-31,12:30:31,1788158731,0,6,12,nepse_official,OPEN,2026-08-31,BGWT,Bhagawati Hydropower Development Company Limited,505.0,506.0,475.0,,475.0,513.0,-38.0,,862.0,416868.0,25.0,31.0,6.138613861386139,-7.4074074074074066,16674.72,483.6055684454756
2026-08-31T06:45:31+00:00,2026-08-31T12:30:31+05:45,2026-08-31,12:30:31,1788158731,0,6,12,nepse_official,OPEN,2026-08-31,BHCL,Bikash Hydropower Company Limited,528.0,558.0,528.0,,543.1,555.0,-11.899999999999977,,5420.0,2948261.0,92.0,30.0,5.681818181818182,-2.14414414414414,32046.315217391304,543.9595940959409
2026-08-31T06:45:31+00:00,2026-08-31T12:30:31+05:45,2026-08-31,12:30:31,1788158731,0,6,12,nepse_official,OPEN,2026-08-31,BHDC,Bindhyabasini Hydropower Development Company Limited,417.0,417.0,411.7,,412.0,420.0,-8.0,,3073.0,1270812.0,24.0,5.300000000000011,1.2709832134292594,-1.9047619047619049,52950.5,413.5411649853563
2026-08-31T06:45:31+00:00,2026-08-31T12:30:31+05:45,2026-08-31,12:30:31,1788158731,0,6,12,nepse_official,OPEN,2026-08-31,BHL,Balephi Hydropower Limited,200.0,200.0,196.1,,196.5,199.7,-3.1999999999999886,,20886.0,4147038.9,136.0,3.9000000000000057,1.9500000000000028,-1.6024036054081066,30492.933088235295,198.55591783970124
2026-08-31T06:45:31+00:00,2026-08-31T12:30:31+05:45,2026-08-31,12:30:31,1788158731,0,6,12,nepse_official,OPEN,2026-08-31,BHPL,Barahi Hydropower Public Limited,450.0,454.9,426.8,,436.5,458.0,-21.5,,1237.0,547057.0,18.0,28.099999999999966,6.244444444444437,-4.6943231441048034,30392.055555555555,442.24494745351655
2026-08-31T06:45:31+00:00,2026-08-31T12:30:31+05:45,2026-08-31,12:30:31,1788158731,0,6,12,nepse_official,OPEN,2026-08-31,BJHL,Bhujung Hydropower Limited,645.1,660.0,630.2,,630.2,665.0,-34.799999999999955,,2353.0,1501490.5,46.0,29.799999999999955,4.619438846690429,-5.23308270676691,32641.097826086956,638.1175095622609
2026-08-31T06:45:31+00:00,2026-08-31T12:30:31+05:45,2026-08-31,12:30:31,1788158731,0,6,12,nepse_official,OPEN,2026-08-31,BNHC,Buddha Bhumi Nepal Hydropower Company Limited,255.0,263.0,252.0,,252.1,263.6,-11.500000000000028,,12642.0,3239734.9,70.0,11.0,4.313725490196078,-4.362670713201831,46281.927142857145,256.2675921531403
2026-08-31T06:45:31+00:00,2026-08-31T12:30:31+05:45,2026-08-31,12:30:31,1788158731,0,6,12,nepse_official,OPEN,2026-08-31,BNT,Bottlers Nepal (Terai) Limited,11551.0,11551.0,11551.0,,11551.0,11550.1,0.8999999999996362,,10.0,115510.0,1.0,0.0,0.0,0.0077921403277862195,115510.0,11551.0
2026-08-31T06:45:31+00:00,2026-08-31T12:30:31+05:45,2026-08-31,12:30:31,1788158731,0,6,12,nepse_official,OPEN,2026-08-31,BOKD86,8.5% BOK Debenture 2086,1078.0,1078.0,1078.0,,1078.0,1111.0,-33.0,,25.0,26950.0,1.0,0.0,0.0,-2.9702970297029703,26950.0,1078.0
2026-08-31T06:45:31+00:00,2026-08-31T12:30:31+05:45,2026-08-31,12:30:31,1788158731,0,6,12,nepse_official,OPEN,2026-08-31,BPCL,Butwal Power Company Limited,635.0,635.0,626.2,,635.0,640.0,-5.0,,5257.0,3315028.9,53.0,8.799999999999955,1.3858267716535362,-0.78125,62547.71509433962,630.593285143618
2026-08-31T06:45:31+00:00,2026-08-31T12:30:31+05:45,2026-08-31,12:30:31,1788158731,0,6,12,nepse_official,OPEN,2026-08-31,BUNGAL,Bungal Hydro Limited,540.0,540.0,519.3,,520.6,542.9,-22.299999999999955,,9003.0,4706951.0,107.0,20.700000000000045,3.833333333333342,-4.1075704549640735,43990.19626168224,522.8202821281795
2026-08-31T06:45:31+00:00,2026-08-31T12:30:31+05:45,2026-08-31,12:30:31,1788158731,0,6,12,nepse_official,OPEN,2026-08-31,CBBL,Chhimek Laghubitta Bittiya Sanstha Limited,932.0,934.0,927.0,,927.0,932.0,-5.0,,1767.0,1639801.4,41.0,7.0,0.7510729613733905,-0.5364806866952789,39995.156097560975,928.014374646293
2026-08-31T06:45:31+00:00,2026-08-31T12:30:31+05:45,2026-08-31,12:30:31,1788158731,0,6,12,nepse_official,OPEN,2026-08-31,CFCL,Central Finance Co. Ltd.,560.0,587.7,560.0,,579.9,585.7,-5.800000000000068,,11521.0,6670014.8,56.0,27.700000000000045,4.946428571428579,-0.9902680553184339,119107.40714285713,578.9440847148685
2026-08-31T06:45:31+00:00,2026-08-31T12:30:31+05:45,2026-08-31,12:30:31,1788158731,0,6,12,nepse_official,OPEN,2026-08-31,CGH,Chandragiri Hills Limited,761.0,765.0,761.0,,761.1,770.0,-8.899999999999977,,503.0,384400.3,4.0,4.0,0.5256241787122208,-1.1558441558441528,96100.075,764.2153081510934
2026-08-31T06:45:31+00:00,2026-08-31T12:30:31+05:45,2026-08-31,12:30:31,1788158731,0,6,12,nepse_official,OPEN,2026-08-31,CHCL,Chilime Hydropower Company Limited,395.0,395.0,365.0,,365.0,405.0,-40.0,,181290.0,67568765.0,1150.0,30.0,7.59493670886076,-9.876543209876543,58755.44782608696,372.71093275966683
2026-08-31T06:45:31+00:00,2026-08-31T12:30:31+05:45,2026-08-31,12:30:31,1788158731,0,6,12,nepse_official,OPEN,2026-08-31,CHDC,CEDB Holdings Limited,2170.0,2176.9,2146.1,,2150.0,2183.0,-33.0,,1826.0,3932666.0,40.0,30.800000000000182,1.419354838709686,-1.5116811726981219,98316.65,2153.7053669222346
2026-08-31T06:45:31+00:00,2026-08-31T12:30:31+05:45,2026-08-31,12:30:31,1788158731,0,6,12,nepse_official,OPEN,2026-08-31,CHL,Chhyangdi Hydropower Ltd.,258.4,258.4,246.1,,247.0,258.4,-11.399999999999977,,6399.0,1593636.8,37.0,12.299999999999983,4.760061919504638,-4.411764705882344,43071.26486486487,249.04466322862947
2026-08-31T06:45:31+00:00,2026-08-31T12:30:31+05:45,2026-08-31,12:30:31,1788158731,0,6,12,nepse_official,OPEN,2026-08-31,CIT,Citizen Investment Trust,1670.1,1670.1,1663.0,,1664.0,1670.0,-6.0,,452.0,752824.0,21.0,7.099999999999909,0.42512424405723664,-0.3592814371257485,35848.76190476191,1665.5398230088495
2026-08-31T06:45:31+00:00,2026-08-31T12:30:31+05:45,2026-08-31,12:30:31,1788158731,0,6,12,nepse_official,OPEN,2026-08-31,CITY,City Hotel Limited,329.7,355.0,329.7,,344.6,347.0,-2.3999999999999773,,13757.0,4758196.3,70.0,25.30000000000001,7.673642705489843,-0.6916426512968235,67974.23285714285,345.8745584066293
2026-08-31T06:45:31+00:00,2026-08-31T12:30:31+05:45,2026-08-31,12:30:31,1788158731,0,6,12,nepse_official,OPEN,2026-08-31,CIZBD86,10.25% Citizens Bank Debenture 2086,1214.0,1214.0,1177.6,,1177.6,1214.9,-37.30000000000018,,100.0,119580.0,4.0,36.40000000000009,2.9983525535420172,-3.070211540044463,29895.0,1195.8
2026-08-31T06:45:31+00:00,2026-08-31T12:30:31+05:45,2026-08-31,12:30:31,1788158731,0,6,12,nepse_official,OPEN,2026-08-31,CKHL,Chirkhwa Hydropower Limited ,558.0,558.1,558.0,,558.0,575.0,-17.0,,45.0,25111.0,4.0,0.10000000000002274,0.01792114695340909,-2.9565217391304346,6277.75,558.0222222222222
2026-08-31T06:45:31+00:00,2026-08-31T12:30:31+05:45,2026-08-31,12:30:31,1788158731,0,6,12,nepse_official,OPEN,2026-08-31,CLI,Citizen Life Insurance Company Limited,415.0,417.0,414.0,,414.0,417.1,-3.1000000000000227,,1470.0,610048.9,61.0,3.0,0.7228915662650602,-0.743227043874376,10000.801639344263,414.9992517006803
2026-08-31T06:45:31+00:00,2026-08-31T12:30:31+05:45,2026-08-31,12:30:31,1788158731,0,6,12,nepse_official,OPEN,2026-08-31,CORBL,Corporate Development Bank Limited,900.0,903.0,880.2,,885.0,902.2,-17.200000000000045,,5224.0,4638226.6,93.0,22.799999999999955,2.5333333333333283,-1.9064508978053694,49873.404301075265,887.8687978560489
2026-08-31T06:45:31+00:00,2026-08-31T12:30:31+05:45,2026-08-31,12:30:31,1788158731,0,6,12,nepse_official,OPEN,2026-08-31,CREST,Crest Micro Life Insurance Limited,1100.0,1100.0,1025.0,,1035.0,1074.1,-39.09999999999991,,3823.0,3933389.0,44.0,75.0,6.8181818181818175,-3.640256959314767,89395.20454545454,1028.874967303165
2026-08-31T06:45:31+00:00,2026-08-31T12:30:31+05:45,2026-08-31,12:30:31,1788158731,0,6,12,nepse_official,OPEN,2026-08-31,CSY,Citizens Santulit Yojana,8.3,8.49,8.3,,8.46,8.5,-0.03999999999999915,,6700.0,56710.0,8.0,0.1899999999999995,2.289156626506018,-0.47058823529410765,7088.75,8.464179104477612
2026-08-31T06:45:31+00:00,2026-08-31T12:30:31+05:45,2026-08-31,12:30:31,1788158731,0,6,12,nepse_official,OPEN,2026-08-31,CYCL,CYC Nepal Laghubitta Bittiya Sanstha Limited,1620.0,1630.0,1532.0,,1570.0,1612.0,-42.0,,3087.0,4851917.3,43.0,98.0,6.049382716049383,-2.6054590570719602,112835.28604651162,1571.7257207644961
2026-08-31T06:45:31+00:00,2026-08-31T12:30:31+05:45,2026-08-31,12:30:31,1788158731,0,6,12,nepse_official,OPEN,2026-08-31,CZBIL,Citizens Bank International Limited,192.2,194.7,192.0,,192.5,194.8,-2.3000000000000114,,3405.0,656998.1,26.0,2.6999999999999886,1.4047866805410971,-1.1806981519507245,25269.15769230769,192.9509838472834
2026-08-31T06:45:31+00:00,2026-08-31T12:30:31+05:45,2026-08-31,12:30:31,1788158731,0,6,12,nepse_official,OPEN,2026-08-31,DDBL,Deprosc Laghubitta Bittiya Sanstha Limited,830.0,835.0,823.0,,823.0,835.0,-12.0,,1932.0,1593591.2,25.0,12.0,1.4457831325301205,-1.437125748502994,63743.648,824.84016563147
2026-08-31T06:45:31+00:00,2026-08-31T12:30:31+05:45,2026-08-31,12:30:31,1788158731,0,6,12,nepse_official,OPEN,2026-08-31,DHEL,Daramkhola Hydro Energy Limited,547.1,550.0,542.0,,544.0,564.0,-20.0,,1659.0,906992.4,54.0,8.0,1.4622555291537196,-3.546099290780142,16796.155555555557,546.7103074141049
2026-08-31T06:45:31+00:00,2026-08-31T12:30:31+05:45,2026-08-31,12:30:31,1788158731,0,6,12,nepse_official,OPEN,2026-08-31,DHPL,Dibyashwori Hydropower Ltd.,272.0,272.0,272.0,,272.0,274.5,-2.5,,60.0,16320.0,2.0,0.0,0.0,-0.9107468123861567,8160.0,272.0
2026-08-31T06:45:31+00:00,2026-08-31T12:30:31+05:45,2026-08-31,12:30:31,1788158731,0,6,12,nepse_official,OPEN,2026-08-31,DLBS,Dhaulagiri Laghubitta Bittiya Sanstha Limited,985.0,987.0,985.0,,987.0,1007.1,-20.100000000000023,,20.0,19720.0,2.0,2.0,0.20304568527918782,-1.995829609770631,9860.0,986.0
2026-08-31T06:45:31+00:00,2026-08-31T12:30:31+05:45,2026-08-31,12:30:31,1788158731,0,6,12,nepse_official,OPEN,2026-08-31,DOLTI,Dolti Power Company Limited,285.0,290.0,285.0,,286.1,291.6,-5.5,,1425.0,407634.0,19.0,5.0,1.7543859649122806,-1.886145404663923,21454.42105263158,286.05894736842106
2026-08-31T06:45:31+00:00,2026-08-31T12:30:31+05:45,2026-08-31,12:30:31,1788158731,0,6,12,nepse_official,OPEN,2026-08-31,DORDI,Dordi Khola Jal Bidyut Company Limited,242.0,242.0,235.7,,237.0,242.0,-5.0,,6862.0,1624069.2,42.0,6.300000000000011,2.603305785123972,-2.066115702479339,38668.31428571428,236.67577965607694
2026-08-31T06:45:31+00:00,2026-08-31T12:30:31+05:45,2026-08-31,12:30:31,1788158731,0,6,12,nepse_official,OPEN,2026-08-31,EBL,Everest Bank Limited,726.0,726.0,691.5,,715.0,729.5,-14.5,,18845.0,13338830.5,240.0,34.5,4.75206611570248,-1.9876627827278959,55578.46041666667,707.8180153886973
2026-08-31T06:45:31+00:00,2026-08-31T12:30:31+05:45,2026-08-31,12:30:31,1788158731,0,6,12,nepse_official,OPEN,2026-08-31,EBLD91,Everest Bank Limited Debenture 2091,1058.0,1066.0,1058.0,,1066.0,1061.0,5.0,,50.0,53100.0,2.0,8.0,0.7561436672967864,0.47125353440150797,26550.0,1062.0
2026-08-31T06:45:31+00:00,2026-08-31T12:30:31+05:45,2026-08-31,12:30:31,1788158731,0,6,12,nepse_official,OPEN,2026-08-31,ECL,Everest Colour Limited,1400.0,1400.0,1344.0,,1345.1,1400.0,-54.90000000000009,,7113.0,9759004.0,213.0,56.0,4.0,-3.921428571428578,45816.920187793425,1371.995501194995
2026-08-31T06:45:31+00:00,2026-08-31T12:30:31+05:45,2026-08-31,12:30:31,1788158731,0,6,12,nepse_official,OPEN,2026-08-31,EDBL,Excel Development Bank Ltd.,566.2,568.2,566.2,,568.2,566.0,2.2000000000000455,,225.0,127631.0,4.0,2.0,0.35323207347227126,0.3886925795053084,31907.75,567.2488888888889
2026-08-31T06:45:31+00:00,2026-08-31T12:30:31+05:45,2026-08-31,12:30:31,1788158731,0,6,12,nepse_official,OPEN,2026-08-31,EHPL,Eastern Hydropower Limited,329.5,329.5,301.1,,310.0,313.9,-3.8999999999999773,,2960.0,911665.4,33.0,28.399999999999977,8.619119878603938,-1.2424338961452621,27626.224242424243,307.99506756756756
2026-08-31T06:45:31+00:00,2026-08-31T12:30:31+05:45,2026-08-31,12:30:31,1788158731,0,6,12,nepse_official,OPEN,2026-08-31,ENL,Emerging Nepal Limited,765.0,785.0,764.5,,780.0,764.0,16.0,,425.0,325693.0,13.0,20.5,2.679738562091503,2.094240837696335,25053.30769230769,766.3364705882353
2026-08-31T06:45:31+00:00,2026-08-31T12:30:31+05:45,2026-08-31,12:30:31,1788158731,0,6,12,nepse_official,OPEN,2026-08-31,FMDBL,First Micro Finance Laghubitta Bittiya Sanstha Limited,715.5,725.0,700.0,,720.0,728.0,-8.0,,2130.0,1504903.0,20.0,25.0,3.494060097833683,-1.098901098901099,75245.15,706.5272300469484
2026-08-31T06:45:31+00:00,2026-08-31T12:30:31+05:45,2026-08-31,12:30:31,1788158731,0,6,12,nepse_official,OPEN,2026-08-31,FOWAD,Forward Microfinance Laghubitta Bittiya Sanstha Limited,878.0,878.0,870.0,,870.0,878.0,-8.0,,613.0,534788.0,21.0,8.0,0.9111617312072893,-0.9111617312072893,25466.095238095237,872.4110929853181
2026-08-31T06:45:31+00:00,2026-08-31T12:30:31+05:45,2026-08-31,12:30:31,1788158731,0,6,12,nepse_official,OPEN,2026-08-31,GBBD85,"Garima Debenture, 2085",1054.0,1054.0,1054.0,,1054.0,1054.1,-0.09999999999990905,,25.0,26350.0,1.0,0.0,0.0,-0.009486765961475102,26350.0,1054.0
2026-08-31T06:45:31+00:00,2026-08-31T12:30:31+05:45,2026-08-31,12:30:31,1788158731,0,6,12,nepse_official,OPEN,2026-08-31,GBBL,Garima Bikas Bank Limited,422.0,425.0,419.5,,420.0,422.0,-2.0,,4473.0,1881538.5,31.0,5.5,1.3033175355450237,-0.47393364928909953,60694.790322580644,420.64352783366866
2026-08-31T06:45:31+00:00,2026-08-31T12:30:31+05:45,2026-08-31,12:30:31,1788158731,0,6,12,nepse_official,OPEN,2026-08-31,GBILD84/85,"Global IME Bank Debenture, 2084/85",1150.0,1150.0,1150.0,,1150.0,1130.0,20.0,,10.0,11500.0,1.0,0.0,0.0,1.7699115044247788,11500.0,1150.0
2026-08-31T06:45:31+00:00,2026-08-31T12:30:31+05:45,2026-08-31,12:30:31,1788158731,0,6,12,nepse_official,OPEN,2026-08-31,GBIME,Global IME Bank Limited,242.0,246.0,239.5,,240.6,242.0,-1.4000000000000057,,11648.0,2799458.3,100.0,6.5,2.6859504132231407,-0.5785123966942172,27994.583,240.3381095467033
2026-08-31T06:45:31+00:00,2026-08-31T12:30:31+05:45,2026-08-31,12:30:31,1788158731,0,6,12,nepse_official,OPEN,2026-08-31,GBIMESY2,Global IME Sammunat Yojana -2,9.0,9.0,9.0,,9.0,8.89,0.10999999999999943,,2000.0,18000.0,1.0,0.0,0.0,1.2373453318335144,18000.0,9.0
2026-08-31T06:45:31+00:00,2026-08-31T12:30:31+05:45,2026-08-31,12:30:31,1788158731,0,6,12,nepse_official,OPEN,2026-08-31,GBLBS,Grameen Bikas Laghubitta Bittiya Sanstha Ltd.,660.0,660.0,654.0,,656.0,666.0,-10.0,,270.0,176929.5,4.0,6.0,0.9090909090909091,-1.5015015015015014,44232.375,655.2944444444445
2026-08-31T06:45:31+00:00,2026-08-31T12:30:31+05:45,2026-08-31,12:30:31,1788158731,0,6,12,nepse_official,OPEN,2026-08-31,GCIL,Ghorahi Cement Industry Limited,375.0,388.0,375.0,,387.7,370.0,17.69999999999999,,59172.0,22536784.0,467.0,13.0,3.4666666666666663,4.783783783783781,48258.63811563169,380.8690596903941
2026-08-31T06:45:31+00:00,2026-08-31T12:30:31+05:45,2026-08-31,12:30:31,1788158731,0,6,12,nepse_official,OPEN,2026-08-31,GFCL,Goodwill Finance Limited,563.3,563.3,561.1,,561.2,570.0,-8.799999999999955,,1078.0,606016.4,10.0,2.199999999999932,0.3905556541807087,-1.5438596491227992,60601.64,562.1673469387755
2026-08-31T06:45:31+00:00,2026-08-31T12:30:31+05:45,2026-08-31,12:30:31,1788158731,0,6,12,nepse_official,OPEN,2026-08-31,GHL,Ghalemdi Hydro Limited,225.0,230.0,218.0,,218.0,226.9,-8.900000000000006,,31998.0,7066560.9,118.0,12.0,5.333333333333334,-3.9224327897752342,59886.1093220339,220.84383086442904
2026-08-31T06:45:31+00:00,2026-08-31T12:30:31+05:45,2026-08-31,12:30:31,1788158731,0,6,12,nepse_official,OPEN,2026-08-31,GIBF1,Global IME Balanced Fund-1,10.62,10.62,10.62,,10.62,10.62,0.0,,800.0,8496.0,4.0,0.0,0.0,0.0,2124.0,10.62
2026-08-31T06:45:31+00:00,2026-08-31T12:30:31+05:45,2026-08-31,12:30:31,1788158731,0,6,12,nepse_official,OPEN,2026-08-31,GLH,GreenLife Hydropower Limited,247.5,251.2,242.0,,242.0,247.5,-5.5,,3215.0,784550.9,38.0,9.199999999999989,3.7171717171717127,-2.2222222222222223,20646.076315789473,244.0282737169518
2026-08-31T06:45:31+00:00,2026-08-31T12:30:31+05:45,2026-08-31,12:30:31,1788158731,0,6,12,nepse_official,OPEN,2026-08-31,GMFBS,Ganapati Laghubitta Bittiya Sanstha Limited,1131.0,1131.0,1098.1,,1098.1,1146.0,-47.90000000000009,,40.0,44253.0,3.0,32.90000000000009,2.9089301503094687,-4.179755671902276,14751.0,1106.325
2026-08-31T06:45:31+00:00,2026-08-31T12:30:31+05:45,2026-08-31,12:30:31,1788158731,0,6,12,nepse_official,OPEN,2026-08-31,GMFIL,Guheshowori Merchant Bank & Finance Co. Ltd.,415.0,415.0,412.1,,412.1,418.9,-6.7999999999999545,,660.0,273871.0,5.0,2.8999999999999773,0.6987951807228862,-1.6232991167342934,54774.2,414.9560606060606
2026-08-31T06:45:31+00:00,2026-08-31T12:30:31+05:45,2026-08-31,12:30:31,1788158731,0,6,12,nepse_official,OPEN,2026-08-31,GMLI,Guardian Micro Life Insurance Limited ,950.0,950.0,922.0,,930.0,958.4,-28.399999999999977,,380.0,353037.0,23.0,28.0,2.9473684210526314,-2.963272120200332,15349.434782608696,929.0447368421053
2026-08-31T06:45:31+00:00,2026-08-31T12:30:31+05:45,2026-08-31,12:30:31,1788158731,0,6,12,nepse_official,OPEN,2026-08-31,GRDBL,Green Development Bank Ltd.,961.0,964.0,960.0,,964.0,984.0,-20.0,,219.0,210303.4,11.0,4.0,0.41623309053069724,-2.0325203252032518,19118.49090909091,960.289497716895
2026-08-31T06:45:31+00:00,2026-08-31T12:30:31+05:45,2026-08-31,12:30:31,1788158731,0,6,12,nepse_official,OPEN,2026-08-31,GSY,Garima Samriddhi Yojana,8.89,9.15,8.89,,9.0,8.95,0.05000000000000071,,700.0,6364.0,3.0,0.2599999999999998,2.92463442069741,0.5586592178771029,2121.3333333333335,9.09142857142857
2026-08-31T06:45:31+00:00,2026-08-31T12:30:31+05:45,2026-08-31,12:30:31,1788158731,0,6,12,nepse_official,OPEN,2026-08-31,GUFL,Gurkhas Finance Ltd.,494.0,495.0,489.0,,490.2,494.0,-3.8000000000000114,,2994.0,1467369.8,41.0,6.0,1.214574898785425,-0.7692307692307715,35789.50731707317,490.1034736138945
2026-08-31T06:45:31+00:00,2026-08-31T12:30:31+05:45,2026-08-31,12:30:31,1788158731,0,6,12,nepse_official,OPEN,2026-08-31,GVL,Green Ventures Limited,467.2,470.0,465.6,,470.0,476.2,-6.199999999999989,,2369.0,1108943.4,30.0,4.399999999999977,0.9417808219178033,-1.3019739605207872,36964.78,468.1061207260447
2026-08-31T06:45:31+00:00,2026-08-31T12:30:31+05:45,2026-08-31,12:30:31,1788158731,0,6,12,nepse_official,OPEN,2026-08-31,GWFD83,12 % Goodwill Finance Limited Debenture 2083,1027.0,1027.0,1016.2,,1016.2,1035.0,-18.799999999999955,,400.0,407069.0,16.0,10.799999999999955,1.05160662122687,-1.8164251207729423,25441.8125,1017.6725
2026-08-31T06:45:31+00:00,2026-08-31T12:30:31+05:45,2026-08-31,12:30:31,1788158731,0,6,12,nepse_official,OPEN,2026-08-31,H8020,Himalayan 80-20,11.7,11.7,11.7,,11.7,11.74,-0.040000000000000924,,100.0,1170.0,1.0,0.0,0.0,-0.34071550255537414,1170.0,11.7
2026-08-31T06:45:31+00:00,2026-08-31T12:30:31+05:45,2026-08-31,12:30:31,1788158731,0,6,12,nepse_official,OPEN,2026-08-31,HATHY,Hathway Investment Nepal Limited,620.0,620.0,590.0,,601.0,625.5,-24.5,,7087.0,4305279.1,33.0,30.0,4.838709677419355,-3.9168665067945643,130463.00303030302,607.4896430083251
2026-08-31T06:45:31+00:00,2026-08-31T12:30:31+05:45,2026-08-31,12:30:31,1788158731,0,6,12,nepse_official,OPEN,2026-08-31,HBL,Himalayan Bank Limited,187.0,188.0,185.5,,186.1,188.7,-2.5999999999999943,,10534.0,1962433.2,193.0,2.5,1.3368983957219251,-1.377848436671963,10168.047668393781,186.29515853426997
2026-08-31T06:45:31+00:00,2026-08-31T12:30:31+05:45,2026-08-31,12:30:31,1788158731,0,6,12,nepse_official,OPEN,2026-08-31,HDHPC,Himal Dolakha Hydropower Company Limited,200.0,200.0,198.0,,198.0,202.0,-4.0,,23659.0,4714281.6,118.0,2.0,1.0,-1.9801980198019802,39951.53898305084,199.2595460501289
2026-08-31T06:45:31+00:00,2026-08-31T12:30:31+05:45,2026-08-31,12:30:31,1788158731,0,6,12,nepse_official,OPEN,2026-08-31,HDL,Himalayan Distillery Limited,1169.0,1169.9,1150.2,,1161.0,1163.0,-2.0,,5455.0,6321577.4,97.0,19.700000000000045,1.6852010265183954,-0.17196904557179707,65170.90103092784,1158.8592850595785
2026-08-31T06:45:31+00:00,2026-08-31T12:30:31+05:45,2026-08-31,12:30:31,1788158731,0,6,12,nepse_official,OPEN,2026-08-31,HEI,Himalayan Everest Insurance Limited,488.0,488.0,473.0,,473.0,489.9,-16.899999999999977,,3176.0,1514924.8,17.0,15.0,3.0737704918032787,-3.449683608899771,89113.22352941177,476.99143576826197
2026-08-31T06:45:31+00:00,2026-08-31T12:30:31+05:45,2026-08-31,12:30:31,1788158731,0,6,12,nepse_official,OPEN,2026-08-31,HFIN,Hotel Forest Inn Limited,625.0,625.0,615.0,,621.0,628.0,-7.0,,3017.0,1869716.6,134.0,10.0,1.6,-1.1146496815286624,13953.108955223881,619.7270798806762
2026-08-31T06:45:31+00:00,2026-08-31T12:30:31+05:45,2026-08-31,12:30:31,1788158731,0,6,12,nepse_official,OPEN,2026-08-31,HHL,Himalayan Hydropower Limited,323.0,324.0,318.1,,319.0,326.8,-7.800000000000011,,295.0,94138.0,14.0,5.899999999999977,1.8266253869968971,-2.386780905752757,6724.142857142857,319.11186440677966
2026-08-31T06:45:31+00:00,2026-08-31T12:30:31+05:45,2026-08-31,12:30:31,1788158731,0,6,12,nepse_official,OPEN,2026-08-31,HIDCL,Hydorelectricity Investment and Development Company Ltd,240.0,241.0,237.0,,237.1,242.0,-4.900000000000006,,17434.0,4166275.5,79.0,4.0,1.6666666666666667,-2.0247933884297544,52737.66455696202,238.97415968796605
2026-08-31T06:45:31+00:00,2026-08-31T12:30:31+05:45,2026-08-31,12:30:31,1788158731,0,6,12,nepse_official,OPEN,2026-08-31,HIDCLP,Hydorelectricity Investment and Development Company Limited Promoter,181.4,181.4,177.5,,179.0,181.4,-2.4000000000000057,,14931.0,2675149.2,42.0,3.9000000000000057,2.1499448732083826,-1.3230429988974672,63694.02857142858,179.16745027124776
2026-08-31T06:45:31+00:00,2026-08-31T12:30:31+05:45,2026-08-31,12:30:31,1788158731,0,6,12,nepse_official,OPEN,2026-08-31,HIMSTAR,Him Star Urja Company Limited,650.0,650.0,640.1,,640.1,659.9,-19.799999999999955,,2103.0,1347294.3,22.0,9.899999999999977,1.5230769230769194,-3.000454614335499,61240.65,640.6534950071327
2026-08-31T06:45:31+00:00,2026-08-31T12:30:31+05:45,2026-08-31,12:30:31,1788158731,0,6,12,nepse_official,OPEN,2026-08-31,HLI,Himalayan Life Insurance Limited,301.0,301.0,296.5,,299.5,300.0,-0.5,,8529.0,2538509.9,88.0,4.5,1.495016611295681,-0.16666666666666669,28846.703409090907,297.63277054754366
2026-08-31T06:45:31+00:00,2026-08-31T12:30:31+05:45,2026-08-31,12:30:31,1788158731,0,6,12,nepse_official,OPEN,2026-08-31,HLICF,HLI Large Cap Fund,8.3,8.74,8.3,,8.7,8.28,0.41999999999999993,,6373.0,54133.9,8.0,0.4399999999999995,5.301204819277102,5.0724637681159415,6766.7375,8.494257021810764
2026-08-31T06:45:31+00:00,2026-08-31T12:30:31+05:45,2026-08-31,12:30:31,1788158731,0,6,12,nepse_official,OPEN,2026-08-31,HPPL,Himalayan Power Partner Ltd.,372.2,372.2,354.1,,362.9,369.0,-6.100000000000023,,28428.0,10176393.8,71.0,18.099999999999966,4.862976894142925,-1.653116531165318,143329.49014084507,357.9707963979176
2026-08-31T06:45:31+00:00,2026-08-31T12:30:31+05:45,2026-08-31,12:30:31,1788158731,0,6,12,nepse_official,OPEN,2026-08-31,HRL,Himalayan Reinsurance Limited,537.4,537.4,510.0,,510.0,537.4,-27.399999999999977,,45919.0,23837745.5,485.0,27.399999999999977,5.098622999627834,-5.098622999627834,49149.99072164948,519.1259718199439
2026-08-31T06:45:31+00:00,2026-08-31T12:30:31+05:45,2026-08-31,12:30:31,1788158731,0,6,12,nepse_official,OPEN,2026-08-31,HURJA,Himalaya Urja Bikas Company Limited,231.0,231.0,227.7,,228.0,230.0,-2.0,,4917.0,1123098.6,29.0,3.3000000000000114,1.4285714285714335,-0.8695652173913043,38727.53793103449,228.4113483831605
2026-08-31T06:45:31+00:00,2026-08-31T12:30:31+05:45,2026-08-31,12:30:31,1788158731,0,6,12,nepse_official,OPEN,2026-08-31,ICFC,ICFC Finance Limited,580.5,589.0,580.5,,585.0,590.0,-5.0,,718.0,420071.0,6.0,8.5,1.4642549526270456,-0.847457627118644,70011.83333333333,585.0571030640668
2026-08-31T06:45:31+00:00,2026-08-31T12:30:31+05:45,2026-08-31,12:30:31,1788158731,0,6,12,nepse_official,OPEN,2026-08-31,ICFCD88,9% ICFC Finance Limited Debenture 2088,1091.2,1091.2,1091.1,,1091.1,1110.0,-18.90000000000009,,25.0,27279.0,2.0,0.10000000000013642,0.009164222873912796,-1.702702702702711,13639.5,1091.16
2026-08-31T06:45:31+00:00,2026-08-31T12:30:31+05:45,2026-08-31,12:30:31,1788158731,0,6,12,nepse_official,OPEN,2026-08-31,IGI,IGI Prudential insurance Limited,398.9,398.9,372.0,,375.1,392.9,-17.799999999999955,,5710.0,2156614.6,32.0,26.899999999999977,6.743544748057152,-4.530414863833025,67394.20625,377.690823117338
2026-08-31T06:45:31+00:00,2026-08-31T12:30:31+05:45,2026-08-31,12:30:31,1788158731,0,6,12,nepse_official,OPEN,2026-08-31,IHL,Ingwa Hydropower Limited,291.0,308.6,291.0,,296.4,300.0,-3.6000000000000227,,453.0,136013.2,14.0,17.600000000000023,6.048109965635747,-1.2000000000000077,9715.228571428572,300.24988962472406
2026-08-31T06:45:31+00:00,2026-08-31T12:30:31+05:45,2026-08-31,12:30:31,1788158731,0,6,12,nepse_official,OPEN,2026-08-31,ILBS,Infinity Laghubitta Bittiya Sanstha Limited,820.0,849.0,820.0,,849.0,838.0,11.0,,20.0,16690.0,2.0,29.0,3.536585365853658,1.3126491646778042,8345.0,834.5
2026-08-31T06:45:31+00:00,2026-08-31T12:30:31+05:45,2026-08-31,12:30:31,1788158731,0,6,12,nepse_official,OPEN,2026-08-31,ILI,IME Life Insurance Company Limited,403.0,403.0,400.0,,400.0,403.2,-3.1999999999999886,,4779.0,1912681.5,77.0,3.0,0.7444168734491315,-0.7936507936507908,24840.01948051948,400.2263025737602
2026-08-31T06:45:31+00:00,2026-08-31T12:30:31+05:45,2026-08-31,12:30:31,1788158731,0,6,12,nepse_official,OPEN,2026-08-31,JBBL,Jyoti Bikas Bank Limited,327.0,332.0,320.1,,327.0,331.9,-4.899999999999977,,13604.0,4425985.5,48.0,11.899999999999977,3.639143730886843,-1.4763482976800173,92208.03125,325.3444207586004
2026-08-31T06:45:31+00:00,2026-08-31T12:30:31+05:45,2026-08-31,12:30:31,1788158731,0,6,12,nepse_official,OPEN,2026-08-31,JBLB,Jeevan Bikas Laghubitta  Bittya Sanstha Ltd,1245.0,1245.0,1236.1,,1239.0,1249.2,-10.200000000000045,,763.0,946887.7,31.0,8.900000000000091,0.7148594377510112,-0.8165225744476501,30544.76451612903,1241.0061598951506
2026-08-31T06:45:31+00:00,2026-08-31T12:30:31+05:45,2026-08-31,12:30:31,1788158731,0,6,12,nepse_official,OPEN,2026-08-31,JFL,Janaki Finance Company Limited,374.0,374.0,374.0,,374.0,384.8,-10.800000000000011,,40.0,14960.0,1.0,0.0,0.0,-2.8066528066528096,14960.0,374.0
2026-08-31T06:45:31+00:00,2026-08-31T12:30:31+05:45,2026-08-31,12:30:31,1788158731,0,6,12,nepse_official,OPEN,2026-08-31,JHAPA,Jhapa Energy Limited,1010.0,1020.0,1010.0,,1010.0,1013.0,-3.0,,195.0,197830.0,8.0,10.0,0.9900990099009901,-0.29615004935834155,24728.75,1014.5128205128206
2026-08-31T06:45:31+00:00,2026-08-31T12:30:31+05:45,2026-08-31,12:30:31,1788158731,0,6,12,nepse_official,OPEN,2026-08-31,JOSHI,Joshi Hydropower Development Company Ltd,256.1,263.5,256.1,,260.0,259.8,0.19999999999998863,,1391.0,359950.0,15.0,7.399999999999977,2.88949629051151,0.07698229407235899,23996.666666666668,258.7706685837527
2026-08-31T06:45:31+00:00,2026-08-31T12:30:31+05:45,2026-08-31,12:30:31,1788158731,0,6,12,nepse_official,OPEN,2026-08-31,KAHL,Kalanga Hydro Limited,502.5,502.5,485.0,,485.6,502.5,-16.899999999999977,,6742.0,3284281.0,364.0,17.5,3.482587064676617,-3.363184079601986,9022.75,487.1374962919015
2026-08-31T06:45:31+00:00,2026-08-31T12:30:31+05:45,2026-08-31,12:30:31,1788158731,0,6,12,nepse_official,OPEN,2026-08-31,KBL,Kumari Bank Limited,210.0,212.0,210.0,,210.4,212.0,-1.5999999999999943,,43481.0,9165249.1,125.0,2.0,0.9523809523809524,-0.7547169811320728,73321.99279999999,210.7874496906695
2026-08-31T06:45:31+00:00,2026-08-31T12:30:31+05:45,2026-08-31,12:30:31,1788158731,0,6,12,nepse_official,OPEN,2026-08-31,KBLD86,10.25% KBL Debenture 2086,1110.0,1110.0,1110.0,,1110.0,1112.0,-2.0,,200.0,222000.0,8.0,0.0,0.0,-0.1798561151079137,27750.0,1110.0
2026-08-31T06:45:31+00:00,2026-08-31T12:30:31+05:45,2026-08-31,12:30:31,1788158731,0,6,12,nepse_official,OPEN,2026-08-31,KBLD89,11% KBL Debenture 2089,1250.0,1250.0,1250.0,,1250.0,1250.0,0.0,,30.0,37500.0,1.0,0.0,0.0,0.0,37500.0,1250.0
2026-08-31T06:45:31+00:00,2026-08-31T12:30:31+05:45,2026-08-31,12:30:31,1788158731,0,6,12,nepse_official,OPEN,2026-08-31,KBSH,Kutheli Bukhari Small Hydropower Limited,924.0,924.0,850.0,,850.0,880.0,-30.0,,2337.0,1993520.0,38.0,74.0,8.008658008658008,-3.4090909090909087,52461.05263157895,853.0252460419341
2026-08-31T06:45:31+00:00,2026-08-31T12:30:31+05:45,2026-08-31,12:30:31,1788158731,0,6,12,nepse_official,OPEN,2026-08-31,KDBY,Kumari Dhanabriddhi Yojana,9.68,9.72,9.68,,9.72,9.75,-0.02999999999999936,,700.0,6793.0,6.0,0.040000000000000924,0.41322314049587733,-0.30769230769230116,1132.1666666666667,9.704285714285714
2026-08-31T06:45:31+00:00,2026-08-31T12:30:31+05:45,2026-08-31,12:30:31,1788158731,0,6,12,nepse_official,OPEN,2026-08-31,KDL,Kalinchowk Darshan Limited,720.0,729.0,715.0,,729.0,731.1,-2.1000000000000227,,813.0,584724.0,18.0,14.0,1.9444444444444444,-0.2872384078785423,32484.666666666668,719.2177121771218
2026-08-31T06:45:31+00:00,2026-08-31T12:30:31+05:45,2026-08-31,12:30:31,1788158731,0,6,12,nepse_official,OPEN,2026-08-31,KEF,Kumari Equity Fund,9.8,9.8,9.55,,9.55,9.68,-0.129999999999999,,1300.0,12665.0,3.0,0.25,2.551020408163265,-1.3429752066115601,4221.666666666667,9.742307692307692
2026-08-31T06:45:31+00:00,2026-08-31T12:30:31+05:45,2026-08-31,12:30:31,1788158731,0,6,12,nepse_official,OPEN,2026-08-31,KHPL,Kalinchock Hydropower Limited,750.0,751.0,741.1,,743.1,760.0,-16.899999999999977,,979.0,730489.8,42.0,9.899999999999977,1.319999999999997,-2.223684210526313,17392.614285714288,746.159141981614
2026-08-31T06:45:31+00:00,2026-08-31T12:30:31+05:45,2026-08-31,12:30:31,1788158731,0,6,12,nepse_official,OPEN,2026-08-31,KKHC,Khanikhola Hydropower Co. Ltd.,266.1,270.0,263.0,,268.0,269.0,-1.0,,22228.0,5931487.6,55.0,7.0,2.6305900037579857,-0.37174721189591076,107845.22909090908,266.84756163397515
2026-08-31T06:45:31+00:00,2026-08-31T12:30:31+05:45,2026-08-31,12:30:31,1788158731,0,6,12,nepse_official,OPEN,2026-08-31,KMCDB,Kalika Laghubitta Bittiya Sanstha Ltd,762.0,762.0,755.0,,755.0,774.6,-19.600000000000023,,469.0,356563.0,7.0,7.0,0.9186351706036745,-2.5303382390911464,50937.57142857143,760.2622601279318
2026-08-31T06:45:31+00:00,2026-08-31T12:30:31+05:45,2026-08-31,12:30:31,1788158731,0,6,12,nepse_official,OPEN,2026-08-31,KPCL,Kalika power Company Ltd,448.0,454.0,447.9,,449.0,454.0,-5.0,,1176.0,529868.0,9.0,6.100000000000023,1.361607142857148,-1.1013215859030838,58874.22222222222,450.56802721088434
2026-08-31T06:45:31+00:00,2026-08-31T12:30:31+05:45,2026-08-31,12:30:31,1788158731,0,6,12,nepse_official,OPEN,2026-08-31,KSBBL,Kamana Sewa Bikas Bank Limited,474.0,477.9,471.0,,475.8,474.0,1.8000000000000114,,8199.0,3898683.3,32.0,6.899999999999977,1.455696202531641,0.3797468354430404,121833.853125,475.5071716062934
2026-08-31T06:45:31+00:00,2026-08-31T12:30:31+05:45,2026-08-31,12:30:31,1788158731,0,6,12,nepse_official,OPEN,2026-08-31,KSY,Kumari Sabal Yojana,8.85,8.86,8.85,,8.86,8.92,-0.0600000000000005,,1100.0,9745.0,2.0,0.009999999999999787,0.11299435028248347,-0.6726457399103195,4872.5,8.85909090909091
2026-08-31T06:45:31+00:00,2026-08-31T12:30:31+05:45,2026-08-31,12:30:31,1788158731,0,6,12,nepse_official,OPEN,2026-08-31,LBBL,Lumbini Bikas Bank Ltd.,473.0,479.0,466.0,,467.1,473.0,-5.899999999999977,,11677.0,5475484.9,31.0,13.0,2.748414376321353,-1.247357293868917,176628.54516129033,468.91195512546034
2026-08-31T06:45:31+00:00,2026-08-31T12:30:31+05:45,2026-08-31,12:30:31,1788158731,0,6,12,nepse_official,OPEN,2026-08-31,LBLD86,10% Laxmi Bank Debenture 2086,1097.0,1097.0,1085.0,,1085.0,1083.0,2.0,,100.0,108930.0,5.0,12.0,1.0938924339106655,0.18467220683287164,21786.0,1089.3
2026-08-31T06:45:31+00:00,2026-08-31T12:30:31+05:45,2026-08-31,12:30:31,1788158731,0,6,12,nepse_official,OPEN,2026-08-31,LEC,Liberty Energy Company Limited,213.0,213.0,208.5,,210.0,213.0,-3.0,,8191.0,1716980.8,30.0,4.5,2.112676056338028,-1.4084507042253522,57232.693333333336,209.61797094371872
2026-08-31T06:45:31+00:00,2026-08-31T12:30:31+05:45,2026-08-31,12:30:31,1788158731,0,6,12,nepse_official,OPEN,2026-08-31,LICN,Life Insurance Corporation (Nepal) Limited,756.0,760.0,751.0,,760.0,761.5,-1.5,,6465.0,4867826.2,28.0,9.0,1.1904761904761905,-0.1969796454366382,173850.93571428573,752.9506883217324
2026-08-31T06:45:31+00:00,2026-08-31T12:30:31+05:45,2026-08-31,12:30:31,1788158731,0,6,12,nepse_official,OPEN,2026-08-31,LSH12,LS Horizon 12,9.11,9.11,8.89,,8.89,9.11,-0.21999999999999886,,400.0,3600.0,4.0,0.21999999999999886,2.4149286498353333,-2.4149286498353333,900.0,9.0
2026-08-31T06:45:31+00:00,2026-08-31T12:30:31+05:45,2026-08-31,12:30:31,1788158731,0,6,12,nepse_official,OPEN,2026-08-31,LSL,Laxmi Sunrise Bank Limited,217.0,217.0,215.1,,216.0,217.0,-1.0,,7646.0,1647223.3,44.0,1.9000000000000057,0.875576036866362,-0.4608294930875576,37436.89318181818,215.43595343970705
2026-08-31T06:45:31+00:00,2026-08-31T12:30:31+05:45,2026-08-31,12:30:31,1788158731,0,6,12,nepse_official,OPEN,2026-08-31,LUK,Laxmi Unnati Kosh,9.35,9.35,9.35,,9.35,9.57,-0.22000000000000064,,10000.0,93500.0,2.0,0.0,0.0,-2.29885057471265,46750.0,9.35
2026-08-31T06:45:31+00:00,2026-08-31T12:30:31+05:45,2026-08-31,12:30:31,1788158731,0,6,12,nepse_official,OPEN,2026-08-31,MABEL,Mabilung Energy Limited,553.1,558.1,553.1,,556.0,567.3,-11.299999999999955,,1462.0,813724.2,20.0,5.0,0.903995660820828,-1.9918914154768121,40686.21,556.5829001367989
2026-08-31T06:45:31+00:00,2026-08-31T12:30:31+05:45,2026-08-31,12:30:31,1788158731,0,6,12,nepse_official,OPEN,2026-08-31,MAKAR,Makar Jitumaya Suri Hydropower Limited,402.0,405.0,395.0,,398.3,401.0,-2.6999999999999886,,24620.0,9833896.1,100.0,10.0,2.4875621890547266,-0.6733167082294236,98338.961,399.42713647441104
2026-08-31T06:45:31+00:00,2026-08-31T12:30:31+05:45,2026-08-31,12:30:31,1788158731,0,6,12,nepse_official,OPEN,2026-08-31,MANDU,Mandu Hydropower Limited,681.0,682.0,681.0,,682.0,700.1,-18.100000000000023,,102.0,69492.0,7.0,1.0,0.14684287812041116,-2.5853449507213284,9927.42857142857,681.2941176470588
2026-08-31T06:45:31+00:00,2026-08-31T12:30:31+05:45,2026-08-31,12:30:31,1788158731,0,6,12,nepse_official,OPEN,2026-08-31,MATRI,Matribhumi Lagubitta Bittiya Sanstha Limited,741.0,750.0,740.0,,740.0,760.0,-20.0,,143.0,106851.0,5.0,10.0,1.349527665317139,-2.631578947368421,21370.2,747.2097902097902
2026-08-31T06:45:31+00:00,2026-08-31T12:30:31+05:45,2026-08-31,12:30:31,1788158731,0,6,12,nepse_official,OPEN,2026-08-31,MBJC,Madhya Bhotekoshi Jalavidyut Company Limited,255.0,260.0,254.0,,256.0,257.1,-1.1000000000000227,,17473.0,4487313.5,151.0,6.0,2.3529411764705883,-0.4278490859587797,29717.307947019868,256.81414181880615
2026-08-31T06:45:31+00:00,2026-08-31T12:30:31+05:45,2026-08-31,12:30:31,1788158731,0,6,12,nepse_official,OPEN,2026-08-31,MBL,Machhapuchhre Bank Limited,250.0,250.0,245.1,,245.1,248.0,-2.9000000000000057,,22177.0,5451780.0,31.0,4.900000000000006,1.9600000000000024,-1.1693548387096797,175863.87096774194,245.83036479235244
2026-08-31T06:45:31+00:00,2026-08-31T12:30:31+05:45,2026-08-31,12:30:31,1788158731,0,6,12,nepse_official,OPEN,2026-08-31,MBLEF,MBL Equity Fund,9.5,9.52,9.5,,9.51,9.51,0.0,,300.0,2853.0,3.0,0.019999999999999574,0.2105263157894692,0.0,951.0,9.51
2026-08-31T06:45:31+00:00,2026-08-31T12:30:31+05:45,2026-08-31,12:30:31,1788158731,0,6,12,nepse_official,OPEN,2026-08-31,MCHL,Menchhiyam Hydropower Limited,246.4,249.0,233.1,,238.0,254.0,-16.0,,5813.0,1379077.6,41.0,15.900000000000006,6.4529220779220795,-6.299212598425196,33636.039024390244,237.2402546017547
2026-08-31T06:45:31+00:00,2026-08-31T12:30:31+05:45,2026-08-31,12:30:31,1788158731,0,6,12,nepse_official,OPEN,2026-08-31,MDB,Miteri Development Bank Limited,551.0,559.0,550.0,,551.5,557.0,-5.5,,1426.0,787022.5,16.0,9.0,1.6333938294010888,-0.9874326750448833,49188.90625,551.9091865357643
2026-08-31T06:45:31+00:00,2026-08-31T12:30:31+05:45,2026-08-31,12:30:31,1788158731,0,6,12,nepse_official,OPEN,2026-08-31,MEHL,Manakamana Engineering Hydropower Limited,230.1,231.7,228.2,,228.9,234.6,-5.699999999999989,,13303.0,3053516.8,70.0,3.5,1.5210777922642331,-2.429667519181581,43621.66857142857,229.53595429602345
2026-08-31T06:45:31+00:00,2026-08-31T12:30:31+05:45,2026-08-31,12:30:31,1788158731,0,6,12,nepse_official,OPEN,2026-08-31,MEL,Modi Energy Limited,197.1,202.0,197.1,,197.9,201.9,-4.0,,525.0,104097.5,30.0,4.900000000000006,2.4860476915271468,-1.981178801386825,3469.9166666666665,198.28095238095239
2026-08-31T06:45:31+00:00,2026-08-31T12:30:31+05:45,2026-08-31,12:30:31,1788158731,0,6,12,nepse_official,OPEN,2026-08-31,MEN,Mountain Energy Nepal Limited,618.0,618.0,610.3,,612.1,618.0,-5.899999999999977,,11779.0,7222126.6,70.0,7.7000000000000455,1.2459546925566416,-0.9546925566343005,103173.23714285714,613.1358010017829
2026-08-31T06:45:31+00:00,2026-08-31T12:30:31+05:45,2026-08-31,12:30:31,1788158731,0,6,12,nepse_official,OPEN,2026-08-31,MEPDL,Mount Everest Power Development Limited,675.0,675.0,640.0,,641.0,675.0,-34.0,,15502.0,10040190.4,693.0,35.0,5.185185185185185,-5.037037037037037,14488.009235209236,647.6706489485227
2026-08-31T06:45:31+00:00,2026-08-31T12:30:31+05:45,2026-08-31,12:30:31,1788158731,0,6,12,nepse_official,OPEN,2026-08-31,MERO,Mero Microfinance Bittiya Sanstha Ltd.,600.3,600.6,600.3,,600.6,616.9,-16.299999999999955,,663.0,398095.0,6.0,0.3000000000000682,0.049975012493764494,-2.6422434754417177,66349.16666666667,600.444947209653
2026-08-31T06:45:31+00:00,2026-08-31T12:30:31+05:45,2026-08-31,12:30:31,1788158731,0,6,12,nepse_official,OPEN,2026-08-31,MFIL,Manjushree Finance Ltd.,705.0,730.0,705.0,,722.0,735.0,-13.0,,4313.0,3115442.6,27.0,25.0,3.546099290780142,-1.7687074829931975,115386.76296296297,722.3377231625319
2026-08-31T06:45:31+00:00,2026-08-31T12:30:31+05:45,2026-08-31,12:30:31,1788158731,0,6,12,nepse_official,OPEN,2026-08-31,MHCL,Molung Hydropower Company Limited,275.0,275.0,261.0,,268.0,275.0,-7.0,,862.0,229322.0,27.0,14.0,5.090909090909091,-2.5454545454545454,8493.407407407407,266.03480278422273
2026-08-31T06:45:31+00:00,2026-08-31T12:30:31+05:45,2026-08-31,12:30:31,1788158731,0,6,12,nepse_official,OPEN,2026-08-31,MHL,Mandakini Hydropower Limited,450.0,450.0,437.0,,440.0,458.8,-18.80000000000001,,1489.0,654994.0,25.0,13.0,2.888888888888889,-4.097646033129906,26199.76,439.8885157824043
2026-08-31T06:45:31+00:00,2026-08-31T12:30:31+05:45,2026-08-31,12:30:31,1788158731,0,6,12,nepse_official,OPEN,2026-08-31,MHNL,Mountain Hydro Nepal Limited,236.0,236.0,230.0,,232.0,238.8,-6.800000000000011,,1480.0,343220.0,9.0,6.0,2.5423728813559325,-2.8475711892797366,38135.555555555555,231.90540540540542
2026-08-31T06:45:31+00:00,2026-08-31T12:30:31+05:45,2026-08-31,12:30:31,1788158731,0,6,12,nepse_official,OPEN,2026-08-31,MKCL,Muktinath Krishi Company Limited,867.0,884.9,815.0,,815.0,870.0,-55.0,,1678.0,1416119.0,24.0,69.89999999999998,8.062283737024218,-6.321839080459771,59004.958333333336,843.9326579261025
2026-08-31T06:45:31+00:00,2026-08-31T12:30:31+05:45,2026-08-31,12:30:31,1788158731,0,6,12,nepse_official,OPEN,2026-08-31,MKHC,Maya Khola Hydropower Company Limited,244.9,244.9,238.7,,239.6,246.9,-7.300000000000011,,3967.0,962159.0,28.0,6.200000000000017,2.53164556962026,-2.956662616443909,34362.82142857143,242.5407108646332
2026-08-31T06:45:31+00:00,2026-08-31T12:30:31+05:45,2026-08-31,12:30:31,1788158731,0,6,12,nepse_official,OPEN,2026-08-31,MKHL,Mai Khola Hydropower Limited,474.2,485.9,473.0,,474.1,486.5,-12.399999999999977,,540.0,256069.4,9.0,12.899999999999977,2.7203711514129014,-2.548818088386429,28452.155555555553,474.20259259259257
2026-08-31T06:45:31+00:00,2026-08-31T12:30:31+05:45,2026-08-31,12:30:31,1788158731,0,6,12,nepse_official,OPEN,2026-08-31,MKJC,Mailung Khola Jal Vidhyut Company Limited,320.0,320.0,276.3,,276.6,325.0,-48.39999999999998,,55952.0,15970566.0,271.0,43.69999999999999,13.656249999999998,-14.892307692307686,58931.9778597786,285.43333571632826
2026-08-31T06:45:31+00:00,2026-08-31T12:30:31+05:45,2026-08-31,12:30:31,1788158731,0,6,12,nepse_official,OPEN,2026-08-31,MLBBL,Mithila LaghuBitta Bittiya Sanstha Limited,937.0,937.0,894.0,,897.0,943.0,-46.0,,2791.0,2543586.4,22.0,43.0,4.5891141942369265,-4.878048780487805,115617.56363636363,911.3530634181296
2026-08-31T06:45:31+00:00,2026-08-31T12:30:31+05:45,2026-08-31,12:30:31,1788158731,0,6,12,nepse_official,OPEN,2026-08-31,MLBL,Mahalaxmi Bikas Bank Ltd.,340.0,349.0,340.0,,343.0,347.8,-4.800000000000011,,5152.0,1758167.4,30.0,9.0,2.6470588235294117,-1.3801035077630854,58605.579999999994,341.259200310559
2026-08-31T06:45:31+00:00,2026-08-31T12:30:31+05:45,2026-08-31,12:30:31,1788158731,0,6,12,nepse_official,OPEN,2026-08-31,MLBS,Manushi Laghubitta Bittiya Sanstha Limited,990.0,1010.0,990.0,,990.5,1020.0,-29.5,,30.0,29905.0,3.0,20.0,2.0202020202020203,-2.892156862745098,9968.333333333334,996.8333333333334
2026-08-31T06:45:31+00:00,2026-08-31T12:30:31+05:45,2026-08-31,12:30:31,1788158731,0,6,12,nepse_official,OPEN,2026-08-31,MLBSL,Mahila Lagubitta Bittiya Sanstha Limited ,1128.0,1128.0,1055.0,,1055.0,1096.0,-41.0,,861.0,915787.2,16.0,73.0,6.471631205673758,-3.7408759124087596,57236.7,1063.6320557491288
2026-08-31T06:45:31+00:00,2026-08-31T12:30:31+05:45,2026-08-31,12:30:31,1788158731,0,6,12,nepse_official,OPEN,2026-08-31,MMF1,Mega Mutual Fund -1,8.5,9.18,8.5,,8.85,8.7,0.15000000000000036,,3050.0,26269.0,14.0,0.6799999999999997,7.9999999999999964,1.7241379310344869,1876.357142857143,8.612786885245901
2026-08-31T06:45:31+00:00,2026-08-31T12:30:31+05:45,2026-08-31,12:30:31,1788158731,0,6,12,nepse_official,OPEN,2026-08-31,MMKJL,Mathillo Mailun Khola Jalvidhyut Limited,340.0,345.0,310.0,,317.0,345.0,-28.0,,5928.0,1889711.0,88.0,35.0,10.294117647058822,-8.115942028985506,21473.988636363636,318.7771592442645
2026-08-31T06:45:31+00:00,2026-08-31T12:30:31+05:45,2026-08-31,12:30:31,1788158731,0,6,12,nepse_official,OPEN,2026-08-31,MNBBL,Muktinath Bikas Bank Ltd.,353.2,356.0,353.2,,356.0,357.0,-1.0,,4325.0,1530967.0,39.0,2.8000000000000114,0.792751981879958,-0.2801120448179272,39255.5641025641,353.9808092485549
2026-08-31T06:45:31+00:00,2026-08-31T12:30:31+05:45,2026-08-31,12:30:31,1788158731,0,6,12,nepse_official,OPEN,2026-08-31,MNMF1,Muktinath Mutual Fund 1,9.03,9.4,9.03,,9.4,9.3,0.09999999999999964,,11100.0,104050.0,5.0,0.370000000000001,4.097452934662249,1.0752688172042972,20810.0,9.373873873873874
2026-08-31T06:45:31+00:00,2026-08-31T12:30:31+05:45,2026-08-31,12:30:31,1788158731,0,6,12,nepse_official,OPEN,2026-08-31,MPFL,Multipurpose Finance Company  Limited,595.0,595.0,595.0,,595.0,597.6,-2.6000000000000227,,11.0,6545.0,1.0,0.0,0.0,-0.4350736278447159,6545.0,595.0
2026-08-31T06:45:31+00:00,2026-08-31T12:30:31+05:45,2026-08-31,12:30:31,1788158731,0,6,12,nepse_official,OPEN,2026-08-31,MSHL,Mid Solu Hydropower Limited,530.0,531.5,530.0,,530.0,546.0,-16.0,,522.0,277203.0,15.0,1.5,0.2830188679245283,-2.93040293040293,18480.2,531.0402298850574
2026-08-31T06:45:31+00:00,2026-08-31T12:30:31+05:45,2026-08-31,12:30:31,1788158731,0,6,12,nepse_official,OPEN,2026-08-31,MSLB,Mahuli Laghubitta Bittiya Sanstha Limited,1191.0,1214.0,1191.0,,1214.0,1214.0,0.0,,137.0,165265.0,8.0,23.0,1.9311502938706968,0.0,20658.125,1206.3138686131388
2026-08-31T06:45:31+00:00,2026-08-31T12:30:31+05:45,2026-08-31,12:30:31,1788158731,0,6,12,nepse_official,OPEN,2026-08-31,NABBC,Narayani Development Bank Limited,741.0,749.6,741.0,,749.6,751.2,-1.6000000000000227,,2731.0,2043571.0,6.0,8.600000000000023,1.1605937921727425,-0.21299254526091888,340595.1666666667,748.2867081655071
2026-08-31T06:45:31+00:00,2026-08-31T12:30:31+05:45,2026-08-31,12:30:31,1788158731,0,6,12,nepse_official,OPEN,2026-08-31,NABIL,Nabil Bank Limited,540.0,545.0,536.0,,538.9,540.2,-1.3000000000000682,,7835.0,4215643.3,130.0,9.0,1.6666666666666667,-0.24065161051463682,32428.025384615383,538.0527504786215
2026-08-31T06:45:31+00:00,2026-08-31T12:30:31+05:45,2026-08-31,12:30:31,1788158731,0,6,12,nepse_official,OPEN,2026-08-31,NABILD2089,7% Nabil Debenture 2089,1050.0,1089.0,1050.0,,1089.0,1058.0,31.0,,2435.0,2648500.0,8.0,39.0,3.7142857142857144,2.9300567107750473,331062.5,1087.6796714579054
2026-08-31T06:45:31+00:00,2026-08-31T12:30:31+05:45,2026-08-31,12:30:31,1788158731,0,6,12,nepse_official,OPEN,2026-08-31,NBF2,NABIL BALANCED FUND-2,9.72,9.72,9.72,,9.72,9.72,0.0,,150.0,1458.0,1.0,0.0,0.0,0.0,1458.0,9.72
2026-08-31T06:45:31+00:00,2026-08-31T12:30:31+05:45,2026-08-31,12:30:31,1788158731,0,6,12,nepse_official,OPEN,2026-08-31,NBF3,Nabil Balanced Fund-3,9.11,9.34,9.11,,9.17,9.34,-0.16999999999999993,,1750.0,16037.5,5.0,0.23000000000000043,2.524698133918775,-1.8201284796573867,3207.5,9.164285714285715
2026-08-31T06:45:31+00:00,2026-08-31T12:30:31+05:45,2026-08-31,12:30:31,1788158731,0,6,12,nepse_official,OPEN,2026-08-31,NBL,Nepal Bank Limited,272.0,272.1,270.0,,271.0,272.3,-1.3000000000000114,,9012.0,2438983.4,60.0,2.1000000000000227,0.7720588235294201,-0.4774146162321011,40649.723333333335,270.6373058144696
2026-08-31T06:45:31+00:00,2026-08-31T12:30:31+05:45,2026-08-31,12:30:31,1788158731,0,6,12,nepse_official,OPEN,2026-08-31,NESDO,NESDO Sambridha Laghubitta Bittiya Sanstha Limited,1310.0,1310.1,1305.0,,1305.0,1345.0,-40.0,,300.0,392477.0,11.0,5.099999999999909,0.3893129770992297,-2.973977695167286,35679.72727272727,1308.2566666666667
2026-08-31T06:45:31+00:00,2026-08-31T12:30:31+05:45,2026-08-31,12:30:31,1788158731,0,6,12,nepse_official,OPEN,2026-08-31,NFS,Nepal Finance Ltd.,535.0,535.0,530.0,,530.0,536.9,-6.899999999999977,,411.0,218299.3,13.0,5.0,0.9345794392523363,-1.285155522443654,16792.253846153846,531.1418491484185
2026-08-31T06:45:31+00:00,2026-08-31T12:30:31+05:45,2026-08-31,12:30:31,1788158731,0,6,12,nepse_official,OPEN,2026-08-31,NGPL,Ngadi Group Power Ltd.,395.0,399.0,387.0,,395.0,398.0,-3.0,,19099.0,7534140.9,78.0,12.0,3.0379746835443036,-0.7537688442211055,96591.55,394.4782920571758
2026-08-31T06:45:31+00:00,2026-08-31T12:30:31+05:45,2026-08-31,12:30:31,1788158731,0,6,12,nepse_official,OPEN,2026-08-31,NHDL,Nepal Hydro Developers Ltd.,615.0,615.0,606.2,,615.0,623.0,-8.0,,1611.0,989636.6,4.0,8.799999999999955,1.430894308943082,-1.2841091492776886,247409.15,614.299565487275
2026-08-31T06:45:31+00:00,2026-08-31T12:30:31+05:45,2026-08-31,12:30:31,1788158731,0,6,12,nepse_official,OPEN,2026-08-31,NHPC,National Hydro Power Company Limited,254.0,254.0,249.2,,250.1,254.6,-4.5,,29153.0,7299636.0,122.0,4.800000000000011,1.8897637795275635,-1.7674783974862531,59833.08196721312,250.3905601481837
2026-08-31T06:45:31+00:00,2026-08-31T12:30:31+05:45,2026-08-31,12:30:31,1788158731,0,6,12,nepse_official,OPEN,2026-08-31,NIBLGF,NIBL Growth Fund,8.5,8.54,8.5,,8.54,8.54,0.0,,400.0,3408.0,3.0,0.03999999999999915,0.47058823529410765,0.0,1136.0,8.52
2026-08-31T06:45:31+00:00,2026-08-31T12:30:31+05:45,2026-08-31,12:30:31,1788158731,0,6,12,nepse_official,OPEN,2026-08-31,NIBLSTF,NIBL Stable Fund,8.16,8.16,8.16,,8.16,8.41,-0.25,,200.0,1632.0,2.0,0.0,0.0,-2.972651605231867,816.0,8.16
2026-08-31T06:45:31+00:00,2026-08-31T12:30:31+05:45,2026-08-31,12:30:31,1788158731,0,6,12,nepse_official,OPEN,2026-08-31,NIBSF2,NIBL Samriddhi Fund -2,8.41,8.45,8.41,,8.45,8.5,-0.05000000000000071,,700.0,5902.0,6.0,0.03999999999999915,0.4756242568370886,-0.5882352941176554,983.6666666666666,8.43142857142857
2026-08-31T06:45:31+00:00,2026-08-31T12:30:31+05:45,2026-08-31,12:30:31,1788158731,0,6,12,nepse_official,OPEN,2026-08-31,NICA,NIC Asia Bank Ltd.,308.0,312.0,305.1,,308.5,308.1,0.39999999999997726,,11616.0,3562466.9,72.0,6.899999999999977,2.240259740259733,0.12982797792923637,49478.70694444444,306.6862000688705
2026-08-31T06:45:31+00:00,2026-08-31T12:30:31+05:45,2026-08-31,12:30:31,1788158731,0,6,12,nepse_official,OPEN,2026-08-31,NICAD2091,7% NIC ASIA Debenture 2091,1062.9,1094.0,1062.9,,1094.0,1032.0,62.0,,2079.0,2267657.6,17.0,31.09999999999991,2.9259572866685395,6.007751937984496,133391.62352941177,1090.7443963443964
2026-08-31T06:45:31+00:00,2026-08-31T12:30:31+05:45,2026-08-31,12:30:31,1788158731,0,6,12,nepse_official,OPEN,2026-08-31,NICD88,NIC ASIA Rinpatra 2088,1067.0,1067.0,1067.0,,1067.0,1100.0,-33.0,,25.0,26675.0,1.0,0.0,0.0,-3.0,26675.0,1067.0
2026-08-31T06:45:31+00:00,2026-08-31T12:30:31+05:45,2026-08-31,12:30:31,1788158731,0,6,12,nepse_official,OPEN,2026-08-31,NICFC,NIC Asia Flexi CAP Fund,8.88,8.88,8.7,,8.8,8.88,-0.08000000000000007,,600.0,5294.0,4.0,0.1800000000000015,2.0270270270270436,-0.9009009009009016,1323.5,8.823333333333334
2026-08-31T06:45:31+00:00,2026-08-31T12:30:31+05:45,2026-08-31,12:30:31,1788158731,0,6,12,nepse_official,OPEN,2026-08-31,NICGF2,NIC ASIA Growth Fund-2,8.6,8.6,8.56,,8.57,8.69,-0.11999999999999922,,2200.0,18870.0,5.0,0.03999999999999915,0.46511627906975755,-1.38089758342922,3774.0,8.577272727272728
2026-08-31T06:45:31+00:00,2026-08-31T12:30:31+05:45,2026-08-31,12:30:31,1788158731,0,6,12,nepse_official,OPEN,2026-08-31,NICL,Nepal Insurance Co. Ltd.,432.0,453.8,421.1,,425.0,442.2,-17.19999999999999,,8451.0,3618545.1,73.0,32.69999999999999,7.569444444444441,-3.8896426956128423,49569.11095890411,428.1795172168974
2026-08-31T06:45:31+00:00,2026-08-31T12:30:31+05:45,2026-08-31,12:30:31,1788158731,0,6,12,nepse_official,OPEN,2026-08-31,NICLBSL,NIC ASIA Laghubitta Bittiya Sanstha Limited,531.0,531.0,521.0,,525.0,528.0,-3.0,,1142.0,600055.0,13.0,10.0,1.8832391713747645,-0.5681818181818182,46158.07692307692,525.4422066549912
2026-08-31T06:45:31+00:00,2026-08-31T12:30:31+05:45,2026-08-31,12:30:31,1788158731,0,6,12,nepse_official,OPEN,2026-08-31,NICSF,NIC Asia Select Fund 30,8.43,8.48,8.23,,8.23,8.48,-0.25,,6500.0,53849.0,7.0,0.25,2.965599051008304,-2.9481132075471694,7692.714285714285,8.284461538461539
2026-08-31T06:45:31+00:00,2026-08-31T12:30:31+05:45,2026-08-31,12:30:31,1788158731,0,6,12,nepse_official,OPEN,2026-08-31,NIFRA,Nepal Infrastructure Bank Limited,240.0,245.0,238.7,,239.0,239.0,0.0,,25998.0,6244693.5,211.0,6.300000000000011,2.625000000000005,0.0,29595.703791469194,240.19899607662128
2026-08-31T06:45:31+00:00,2026-08-31T12:30:31+05:45,2026-08-31,12:30:31,1788158731,0,6,12,nepse_official,OPEN,2026-08-31,NIL,Neco Insurance Limited,540.1,555.0,520.0,,523.0,549.9,-26.899999999999977,,3197.0,1690258.5,46.0,35.0,6.480281429364933,-4.8917985088197815,36744.75,528.7014388489208
2026-08-31T06:45:31+00:00,2026-08-31T12:30:31+05:45,2026-08-31,12:30:31,1788158731,0,6,12,nepse_official,OPEN,2026-08-31,NIMB,Nepal Investment Mega Bank Limited,190.0,190.0,181.4,,182.1,185.0,-2.9000000000000057,,18974.0,3459140.2,98.0,8.599999999999994,4.526315789473681,-1.5675675675675707,35297.348979591836,182.30948666596396
2026-08-31T06:45:31+00:00,2026-08-31T12:30:31+05:45,2026-08-31,12:30:31,1788158731,0,6,12,nepse_official,OPEN,2026-08-31,NLG,NLG Insurance Company Ltd.,516.0,516.0,493.2,,493.2,516.0,-22.80000000000001,,4851.0,2437575.1,40.0,22.80000000000001,4.418604651162792,-4.418604651162792,60939.3775,502.48919810348383
2026-08-31T06:45:31+00:00,2026-08-31T12:30:31+05:45,2026-08-31,12:30:31,1788158731,0,6,12,nepse_official,OPEN,2026-08-31,NLIC,Nepal Life Insurance Co. Ltd.,690.0,700.0,685.1,,689.0,690.3,-1.2999999999999545,,3623.0,2506282.3,51.0,14.899999999999977,2.159420289855069,-0.18832391713746988,49142.79019607843,691.7698868341154
2026-08-31T06:45:31+00:00,2026-08-31T12:30:31+05:45,2026-08-31,12:30:31,1788158731,0,6,12,nepse_official,OPEN,2026-08-31,NLICL,National Life Insurance Co. Ltd.,555.0,564.9,555.0,,564.9,566.9,-2.0,,426.0,236912.2,4.0,9.899999999999977,1.7837837837837798,-0.35279590756747226,59228.05,556.1319248826292
2026-08-31T06:45:31+00:00,2026-08-31T12:30:31+05:45,2026-08-31,12:30:31,1788158731,0,6,12,nepse_official,OPEN,2026-08-31,NMB,NMB Bank Limited,236.0,237.0,235.3,,235.3,236.8,-1.5,,15829.0,3736395.8,59.0,1.6999999999999886,0.7203389830508427,-0.6334459459459459,63328.74237288135,236.04749510392315
2026-08-31T06:45:31+00:00,2026-08-31T12:30:31+05:45,2026-08-31,12:30:31,1788158731,0,6,12,nepse_official,OPEN,2026-08-31,NMBHF2,NMB Hybrid Fund L- II,8.36,8.36,8.36,,8.36,8.6,-0.2400000000000002,,100.0,836.0,1.0,0.0,0.0,-2.7906976744186074,836.0,8.36
2026-08-31T06:45:31+00:00,2026-08-31T12:30:31+05:45,2026-08-31,12:30:31,1788158731,0,6,12,nepse_official,OPEN,2026-08-31,NMBMF,NMB  Microfinance Bittiya Sanstha Ltd.,590.0,590.0,590.0,,590.0,590.0,0.0,,1.0,572.3,1.0,0.0,0.0,0.0,572.3,572.3
2026-08-31T06:45:31+00:00,2026-08-31T12:30:31+05:45,2026-08-31,12:30:31,1788158731,0,6,12,nepse_official,OPEN,2026-08-31,NMBUR93/94,NMB Energy Bond 4% - 2093/94 ,986.0,986.0,986.0,,986.0,990.0,-4.0,,25.0,24650.0,1.0,0.0,0.0,-0.40404040404040403,24650.0,986.0
2026-08-31T06:45:31+00:00,2026-08-31T12:30:31+05:45,2026-08-31,12:30:31,1788158731,0,6,12,nepse_official,OPEN,2026-08-31,NMFBS,National Laghubitta Bittiya Sanstha Limited,1105.2,1105.2,1091.5,,1092.0,1105.2,-13.200000000000045,,330.0,362159.5,15.0,13.700000000000045,1.2395946435034424,-1.1943539630836089,24143.966666666667,1097.4530303030303
2026-08-31T06:45:31+00:00,2026-08-31T12:30:31+05:45,2026-08-31,12:30:31,1788158731,0,6,12,nepse_official,OPEN,2026-08-31,NMIC,Nepal Micro Insurance Company Limited,800.0,805.0,797.0,,800.0,821.0,-21.0,,964.0,770691.5,40.0,8.0,1.0,-2.5578562728380025,19267.2875,799.472510373444
2026-08-31T06:45:31+00:00,2026-08-31T12:30:31+05:45,2026-08-31,12:30:31,1788158731,0,6,12,nepse_official,OPEN,2026-08-31,NMLBBL,Nerude Mirmire Laghubitta Bittiya Sanstha Limited,485.0,485.0,476.0,,476.0,490.0,-14.0,,1639.0,781256.5,14.0,9.0,1.8556701030927836,-2.857142857142857,55804.03571428572,476.6665649786455
2026-08-31T06:45:31+00:00,2026-08-31T12:30:31+05:45,2026-08-31,12:30:31,1788158731,0,6,12,nepse_official,OPEN,2026-08-31,NRIC,Nepal Reinsurance Company Limited,851.0,851.0,805.0,,810.0,851.0,-41.0,,24819.0,20401739.2,153.0,46.0,5.405405405405405,-4.81786133960047,133344.70065359477,822.0210000402917
2026-08-31T06:45:31+00:00,2026-08-31T12:30:31+05:45,2026-08-31,12:30:31,1788158731,0,6,12,nepse_official,OPEN,2026-08-31,NRM,Nepal Republic Media Limited,285.0,288.0,280.0,,280.0,288.5,-8.5,,2919.0,823902.1,41.0,8.0,2.807017543859649,-2.946273830155979,20095.17317073171,282.25491606714627
2026-08-31T06:45:31+00:00,2026-08-31T12:30:31+05:45,2026-08-31,12:30:31,1788158731,0,6,12,nepse_official,OPEN,2026-08-31,NRN,NRN Infrastructure and Development Limited,1351.0,1351.0,1341.0,,1342.0,1349.5,-7.5,,2167.0,2910307.6,41.0,10.0,0.7401924500370096,-0.5557613931085588,70983.11219512195,1343.0122750346102
2026-08-31T06:45:31+00:00,2026-08-31T12:30:31+05:45,2026-08-31,12:30:31,1788158731,0,6,12,nepse_official,OPEN,2026-08-31,NSIF2,NMB Sulav Investment Fund - 2,10.08,10.08,9.93,,9.93,9.94,-0.009999999999999787,,2500.0,24888.0,6.0,0.15000000000000036,1.4880952380952417,-0.10060362173038015,4148.0,9.9552
2026-08-31T06:45:31+00:00,2026-08-31T12:30:31+05:45,2026-08-31,12:30:31,1788158731,0,6,12,nepse_official,OPEN,2026-08-31,NSY,Nepal Life Samriddhi Lagani Yojana,9.1,9.2,8.93,,9.2,9.2,0.0,,1900.0,17323.0,10.0,0.2699999999999996,2.9670329670329623,0.0,1732.3,9.117368421052632
2026-08-31T06:45:31+00:00,2026-08-31T12:30:31+05:45,2026-08-31,12:30:31,1788158731,0,6,12,nepse_official,OPEN,2026-08-31,NTC,Nepal Doorsanchar Company Limited,874.0,880.0,870.0,,874.0,875.0,-1.0,,1033.0,902156.8,44.0,10.0,1.1441647597254003,-0.1142857142857143,20503.563636363637,873.3366892545984
2026-08-31T06:45:31+00:00,2026-08-31T12:30:31+05:45,2026-08-31,12:30:31,1788158731,0,6,12,nepse_official,OPEN,2026-08-31,NUBL,Nirdhan Utthan Laghubitta Bittiya Sanstha Limited,574.0,574.0,571.2,,571.2,574.0,-2.7999999999999545,,235.0,134742.6,8.0,2.7999999999999545,0.4878048780487726,-0.4878048780487726,16842.825,573.3727659574469
2026-08-31T06:45:31+00:00,2026-08-31T12:30:31+05:45,2026-08-31,12:30:31,1788158731,0,6,12,nepse_official,OPEN,2026-08-31,NWCL,Nepal Warehousing Company Limited ,598.0,600.0,590.2,,592.3,603.0,-10.700000000000045,,370.0,219463.0,17.0,9.799999999999955,1.6387959866220658,-1.7744610281923792,12909.588235294117,593.1432432432432
2026-08-31T06:45:31+00:00,2026-08-31T12:30:31+05:45,2026-08-31,12:30:31,1788158731,0,6,12,nepse_official,OPEN,2026-08-31,NYADI,Nyadi Hydropower Limited,340.1,345.0,336.1,,340.3,350.0,-9.699999999999989,,230.0,78429.0,12.0,8.899999999999977,2.6168773890032275,-2.7714285714285682,6535.75,340.995652173913
2026-08-31T06:45:31+00:00,2026-08-31T12:30:31+05:45,2026-08-31,12:30:31,1788158731,0,6,12,nepse_official,OPEN,2026-08-31,OMPL,Om Megashree Pharmaceuticals Limited,860.0,861.6,855.0,,860.0,872.0,-12.0,,755.0,649511.0,23.0,6.600000000000023,0.7674418604651189,-1.3761467889908259,28239.608695652172,860.2794701986755
2026-08-31T06:45:31+00:00,2026-08-31T12:30:31+05:45,2026-08-31,12:30:31,1788158731,0,6,12,nepse_official,OPEN,2026-08-31,PBD88,10% Prime Debenture 2088,1170.0,1170.0,1170.0,,1170.0,1181.0,-11.0,,25.0,29250.0,1.0,0.0,0.0,-0.9314140558848433,29250.0,1170.0
2026-08-31T06:45:31+00:00,2026-08-31T12:30:31+05:45,2026-08-31,12:30:31,1788158731,0,6,12,nepse_official,OPEN,2026-08-31,PCBL,Prime Commercial Bank Ltd.,235.0,236.0,232.4,,232.6,235.5,-2.9000000000000057,,14150.0,3302702.7,59.0,3.5999999999999943,1.531914893617019,-1.231422505307858,55978.011864406784,233.40655123674912
2026-08-31T06:45:31+00:00,2026-08-31T12:30:31+05:45,2026-08-31,12:30:31,1788158731,0,6,12,nepse_official,OPEN,2026-08-31,PCIL,Palpa Cement Industries Limited,621.0,640.0,615.0,,638.0,621.0,17.0,,25879.0,16303927.7,617.0,25.0,4.025764895330113,2.737520128824477,26424.51815235008,630.0060937439623
2026-08-31T06:45:31+00:00,2026-08-31T12:30:31+05:45,2026-08-31,12:30:31,1788158731,0,6,12,nepse_official,OPEN,2026-08-31,PHCL,Peoples Hydropower Company Limited,293.4,302.0,293.0,,293.3,297.6,-4.300000000000011,,13352.0,3921812.9,74.0,9.0,3.0674846625766876,-1.4448924731182833,52997.47162162162,293.7247528460156
2026-08-31T06:45:31+00:00,2026-08-31T12:30:31+05:45,2026-08-31,12:30:31,1788158731,0,6,12,nepse_official,OPEN,2026-08-31,PMHPL,Panchakanya Mai Hydropower Ltd,295.0,295.0,291.0,,291.0,300.0,-9.0,,1715.0,501042.3,15.0,4.0,1.3559322033898304,-3.0,33402.82,292.152944606414
2026-08-31T06:45:31+00:00,2026-08-31T12:30:31+05:45,2026-08-31,12:30:31,1788158731,0,6,12,nepse_official,OPEN,2026-08-31,PMLI,Prabhu Mahalaxmi Life Insurance Limited,405.0,405.0,400.0,,400.2,409.9,-9.699999999999989,,1132.0,453387.1,26.0,5.0,1.2345679012345678,-2.366430836789458,17437.965384615385,400.5186395759717
2026-08-31T06:45:31+00:00,2026-08-31T12:30:31+05:45,2026-08-31,12:30:31,1788158731,0,6,12,nepse_official,OPEN,2026-08-31,PPCL,Panchthar Power Compant Limited,317.1,323.0,317.1,,320.2,326.9,-6.699999999999989,,982.0,316079.6,11.0,5.899999999999977,1.8606117943866216,-2.0495564392780636,28734.50909090909,321.8733197556008
2026-08-31T06:45:31+00:00,2026-08-31T12:30:31+05:45,2026-08-31,12:30:31,1788158731,0,6,12,nepse_official,OPEN,2026-08-31,PPL,People's Power Limited,293.0,305.0,293.0,,294.5,308.0,-13.5,,5134.0,1519634.0,47.0,12.0,4.09556313993174,-4.383116883116883,32332.63829787234,295.99415660303856
2026-08-31T06:45:31+00:00,2026-08-31T12:30:31+05:45,2026-08-31,12:30:31,1788158731,0,6,12,nepse_official,OPEN,2026-08-31,PRIN,Prabhu Insurance Ltd.,583.0,590.0,575.0,,575.0,599.6,-24.600000000000023,,3180.0,1840108.0,33.0,15.0,2.5728987993138936,-4.1027351567711845,55760.84848484849,578.6503144654088
2026-08-31T06:45:31+00:00,2026-08-31T12:30:31+05:45,2026-08-31,12:30:31,1788158731,0,6,12,nepse_official,OPEN,2026-08-31,PROFL,Progressive Finance Limited,385.0,386.0,374.1,,374.1,384.0,-9.899999999999977,,407.0,155427.0,8.0,11.899999999999977,3.090909090909085,-2.578124999999994,19428.375,381.8845208845209
2026-08-31T06:45:31+00:00,2026-08-31T12:30:31+05:45,2026-08-31,12:30:31,1788158731,0,6,12,nepse_official,OPEN,2026-08-31,PRSF,Prabhu Smart Fund,12.78,12.78,12.51,,12.51,12.75,-0.2400000000000002,,17760.0,222303.25,8.0,0.2699999999999996,2.112676056338025,-1.8823529411764721,27787.90625,12.517074887387388
2026-08-31T06:45:31+00:00,2026-08-31T12:30:31+05:45,2026-08-31,12:30:31,1788158731,0,6,12,nepse_official,OPEN,2026-08-31,PRVU,Prabhu  Bank Limited,169.7,183.0,169.7,,176.9,178.6,-1.6999999999999886,,22375.0,3962459.5,105.0,13.300000000000011,7.837360047142022,-0.9518477043672949,37737.70952380952,177.09316201117318
2026-08-31T06:45:31+00:00,2026-08-31T12:30:31+05:45,2026-08-31,12:30:31,1788158731,0,6,12,nepse_official,OPEN,2026-08-31,PSF,Prabhu Select Fund,12.22,12.22,11.87,,11.87,12.17,-0.3000000000000007,,2850.0,33882.0,12.0,0.3500000000000014,2.8641571194762796,-2.465078060805265,2823.5,11.888421052631578
2026-08-31T06:45:31+00:00,2026-08-31T12:30:31+05:45,2026-08-31,12:30:31,1788158731,0,6,12,nepse_official,OPEN,2026-08-31,PURE,Pure Energy Limited,746.1,766.0,746.1,,751.5,768.0,-16.5,,533.0,400391.3,23.0,19.899999999999977,2.6672027878300466,-2.1484375,17408.317391304347,751.2031894934333
2026-08-31T06:45:31+00:00,2026-08-31T12:30:31+05:45,2026-08-31,12:30:31,1788158731,0,6,12,nepse_official,OPEN,2026-08-31,RADHI,Radhi Bidyut Company Ltd,680.4,680.4,667.0,,670.0,685.0,-15.0,,12924.0,8708963.0,64.0,13.399999999999977,1.969429747207522,-2.18978102189781,136077.546875,673.859718353451
2026-08-31T06:45:31+00:00,2026-08-31T12:30:31+05:45,2026-08-31,12:30:31,1788158731,0,6,12,nepse_official,OPEN,2026-08-31,RAWA,Rawa Energy Development Limited,427.5,427.5,395.0,,397.0,407.2,-10.199999999999989,,2506.0,994764.6,32.0,32.5,7.602339181286549,-2.5049115913555964,31086.39375,396.953152434158
2026-08-31T06:45:31+00:00,2026-08-31T12:30:31+05:45,2026-08-31,12:30:31,1788158731,0,6,12,nepse_official,OPEN,2026-08-31,RBBD2088,7% RBBL Debenture 2088,1081.4,1081.5,1081.4,,1081.5,1050.0,31.5,,1601.0,1731473.9,4.0,0.09999999999990905,0.00924727205473544,3.0,432868.475,1081.4952529668956
2026-08-31T06:45:31+00:00,2026-08-31T12:30:31+05:45,2026-08-31,12:30:31,1788158731,0,6,12,nepse_official,OPEN,2026-08-31,RBBF40,RBB Focus 40,9.48,9.48,9.48,,9.48,9.25,0.23000000000000043,,100.0,948.0,1.0,0.0,0.0,2.486486486486491,948.0,9.48
2026-08-31T06:45:31+00:00,2026-08-31T12:30:31+05:45,2026-08-31,12:30:31,1788158731,0,6,12,nepse_official,OPEN,2026-08-31,RFPL,River Falls Power Limited,321.1,324.6,321.0,,323.0,330.0,-7.0,,13983.0,4508831.1,46.0,3.6000000000000227,1.1211460604173225,-2.1212121212121215,98018.06739130434,322.4509118214975
2026-08-31T06:45:31+00:00,2026-08-31T12:30:31+05:45,2026-08-31,12:30:31,1788158731,0,6,12,nepse_official,OPEN,2026-08-31,RHGCL,Rapti Hydro And General Construction Limited,246.1,249.0,242.1,,249.0,249.0,0.0,,4290.0,1042552.0,36.0,6.900000000000006,2.803738317757012,0.0,28959.777777777777,243.01911421911421
2026-08-31T06:45:31+00:00,2026-08-31T12:30:31+05:45,2026-08-31,12:30:31,1788158731,0,6,12,nepse_official,OPEN,2026-08-31,RHPL,RASUWAGADHI HYDROPOWER COMPANY LIMITED,183.0,185.0,163.9,,165.1,188.0,-22.900000000000006,,212207.0,36227040.6,1013.0,21.099999999999994,11.53005464480874,-12.180851063829792,35762.13287265548,170.71557771421303
2026-08-31T06:45:31+00:00,2026-08-31T12:30:31+05:45,2026-08-31,12:30:31,1788158731,0,6,12,nepse_official,OPEN,2026-08-31,RIDI,Ridi Power Company Limited,343.0,344.9,340.0,,341.5,345.9,-4.399999999999977,,20573.0,7041606.0,78.0,4.899999999999977,1.428571428571422,-1.2720439433362178,90277.0,342.27414572497935
2026-08-31T06:45:31+00:00,2026-08-31T12:30:31+05:45,2026-08-31,12:30:31,1788158731,0,6,12,nepse_official,OPEN,2026-08-31,RLEL,Ridge Line Energy Limited,801.8,921.0,801.8,,809.0,844.0,-35.0,,3712.0,3097418.0,74.0,119.20000000000005,14.866550261910708,-4.1469194312796205,41857.0,834.4337284482758
2026-08-31T06:45:31+00:00,2026-08-31T12:30:31+05:45,2026-08-31,12:30:31,1788158731,0,6,12,nepse_official,OPEN,2026-08-31,RLFL,Reliance Finance Ltd.,434.9,434.9,420.0,,420.0,430.0,-10.0,,4558.0,1919796.4,19.0,14.899999999999977,3.4260749597608595,-2.3255813953488373,101041.91578947369,421.1927161035542
2026-08-31T06:45:31+00:00,2026-08-31T12:30:31+05:45,2026-08-31,12:30:31,1788158731,0,6,12,nepse_official,OPEN,2026-08-31,RMF1,RBB Mutual Fund 1,9.25,9.25,9.2,,9.2,9.3,-0.10000000000000142,,300.0,2770.0,2.0,0.05000000000000071,0.5405405405405482,-1.0752688172043163,1385.0,9.233333333333333
2026-08-31T06:45:31+00:00,2026-08-31T12:30:31+05:45,2026-08-31,12:30:31,1788158731,0,6,12,nepse_official,OPEN,2026-08-31,RNLI,Reliable Nepal Life Insurance Limited,415.0,420.0,410.0,,412.4,415.0,-2.6000000000000227,,3530.0,1457510.9,80.0,10.0,2.4096385542168677,-0.626506024096391,18218.88625,412.8926062322946
2026-08-31T06:45:31+00:00,2026-08-31T12:30:31+05:45,2026-08-31,12:30:31,1788158731,0,6,12,nepse_official,OPEN,2026-08-31,RSDC,RSDC Laghubitta Bittiya Sanstha Ltd.,611.0,611.0,603.2,,603.2,611.2,-8.0,,424.0,257015.3,12.0,7.7999999999999545,1.2765957446808436,-1.3089005235602091,21417.941666666666,606.1681603773585
2026-08-31T06:45:31+00:00,2026-08-31T12:30:31+05:45,2026-08-31,12:30:31,1788158731,0,6,12,nepse_official,OPEN,2026-08-31,RSML,Reliance Spinning Mills Limited,2770.0,2770.0,2696.0,,2728.0,2728.0,0.0,,7048.0,19093668.8,167.0,74.0,2.6714801444043323,0.0,114333.34610778444,2709.090351872872
2026-08-31T06:45:31+00:00,2026-08-31T12:30:31+05:45,2026-08-31,12:30:31,1788158731,0,6,12,nepse_official,OPEN,2026-08-31,RSY2,Reliable Samriddhi Yojana -2,8.9,9.15,8.64,,8.65,9.16,-0.5099999999999998,,11900.0,104313.0,21.0,0.5099999999999998,5.730337078651683,-5.567685589519648,4967.285714285715,8.76579831932773
2026-08-31T06:45:31+00:00,2026-08-31T12:30:31+05:45,2026-08-31,12:30:31,1788158731,0,6,12,nepse_official,OPEN,2026-08-31,RURU,Ru Ru Jalbidhyut Pariyojana Limited,570.1,573.0,570.1,,573.0,585.0,-12.0,,83.0,47460.6,5.0,2.8999999999999773,0.5086826872478473,-2.051282051282051,9492.119999999999,571.8144578313253
2026-08-31T06:45:31+00:00,2026-08-31T12:30:31+05:45,2026-08-31,12:30:31,1788158731,0,6,12,nepse_official,OPEN,2026-08-31,SABBL,Salapa Bikas Bank Limited,852.1,870.0,852.1,,857.0,870.0,-13.0,,2067.0,1772950.0,63.0,17.899999999999977,2.1006924069944812,-1.4942528735632183,28142.06349206349,857.74068698597
2026-08-31T06:45:31+00:00,2026-08-31T12:30:31+05:45,2026-08-31,12:30:31,1788158731,0,6,12,nepse_official,OPEN,2026-08-31,SADBL,Shangrila Development Bank Ltd.,405.0,414.0,402.0,,402.0,405.0,-3.0,,3140.0,1264877.8,16.0,12.0,2.9629629629629632,-0.7407407407407408,79054.8625,402.82732484076433
2026-08-31T06:45:31+00:00,2026-08-31T12:30:31+05:45,2026-08-31,12:30:31,1788158731,0,6,12,nepse_official,OPEN,2026-08-31,SAEF2,Sanima Equity Fund-2,8.87,9.0,8.8,,9.0,9.05,-0.05000000000000071,,1300.0,11602.0,13.0,0.1999999999999993,2.2547914317925515,-0.5524861878453117,892.4615384615385,8.924615384615384
2026-08-31T06:45:31+00:00,2026-08-31T12:30:31+05:45,2026-08-31,12:30:31,1788158731,0,6,12,nepse_official,OPEN,2026-08-31,SAGAR,Sagar Distillery Limited,1501.0,1505.0,1490.0,,1495.1,1522.0,-26.90000000000009,,629.0,943783.0,18.0,15.0,0.9993337774816788,-1.7674113009198484,52432.38888888889,1500.449920508744
2026-08-31T06:45:31+00:00,2026-08-31T12:30:31+05:45,2026-08-31,12:30:31,1788158731,0,6,12,nepse_official,OPEN,2026-08-31,SAGF,Sanima Growth Fund,9.85,10.0,9.6,,10.0,9.85,0.15000000000000036,,174864.0,1748525.0,9.0,0.40000000000000036,4.0609137055837605,1.5228426395939123,194280.55555555556,9.999342346051789
2026-08-31T06:45:31+00:00,2026-08-31T12:30:31+05:45,2026-08-31,12:30:31,1788158731,0,6,12,nepse_official,OPEN,2026-08-31,SAHAS,Sahas Urja Limited,682.0,684.0,673.0,,673.0,682.0,-9.0,,34935.0,23594834.8,234.0,11.0,1.6129032258064515,-1.3196480938416422,100832.62735042736,675.3924373837126
2026-08-31T06:45:31+00:00,2026-08-31T12:30:31+05:45,2026-08-31,12:30:31,1788158731,0,6,12,nepse_official,OPEN,2026-08-31,SAIL,Shreenagar Agritech Industries Limited,962.0,994.5,950.0,,962.0,970.1,-8.100000000000023,,2847.0,2728502.5,55.0,44.5,4.625779625779626,-0.834965467477582,49609.13636363636,958.3781173164734
2026-08-31T06:45:31+00:00,2026-08-31T12:30:31+05:45,2026-08-31,12:30:31,1788158731,0,6,12,nepse_official,OPEN,2026-08-31,SALICO,Sagarmatha Lumbini Insurance Co. Limited,548.0,548.0,520.1,,520.1,553.0,-32.89999999999998,,2809.0,1487476.1,32.0,27.899999999999977,5.091240875912405,-5.94936708860759,46483.628125,529.5393734425063
2026-08-31T06:45:31+00:00,2026-08-31T12:30:31+05:45,2026-08-31,12:30:31,1788158731,0,6,12,nepse_official,OPEN,2026-08-31,SANIMA,Sanima Bank Limited,359.0,363.0,358.0,,360.1,369.0,-8.899999999999977,,64071.0,23042455.8,231.0,5.0,1.392757660167131,-2.411924119241186,99750.89090909091,359.63939691904295
2026-08-31T06:45:31+00:00,2026-08-31T12:30:31+05:45,2026-08-31,12:30:31,1788158731,0,6,12,nepse_official,OPEN,2026-08-31,SANVI,Sanvi Energy Limited,570.0,570.0,555.0,,560.1,579.0,-18.899999999999977,,873.0,488763.0,25.0,15.0,2.631578947368421,-3.2642487046632085,19550.52,559.8659793814433
2026-08-31T06:45:31+00:00,2026-08-31T12:30:31+05:45,2026-08-31,12:30:31,1788158731,0,6,12,nepse_official,OPEN,2026-08-31,SAPDBL,Saptakoshi Development Bank Ltd,715.0,730.0,700.6,,705.0,720.0,-15.0,,2231.0,1572902.3,37.0,29.399999999999977,4.111888111888109,-2.083333333333333,42510.872972972975,705.0212012550426
2026-08-31T06:45:31+00:00,2026-08-31T12:30:31+05:45,2026-08-31,12:30:31,1788158731,0,6,12,nepse_official,OPEN,2026-08-31,SAPIL,Sarvottam Paints Industries Limited,1464.5,1604.0,1302.1,,1331.5,1394.8,-63.299999999999955,,70097.0,100371208.8,6724.0,301.9000000000001,20.614544213042,-4.538285058789788,14927.306484235574,1431.890220694181
2026-08-31T06:45:31+00:00,2026-08-31T12:30:31+05:45,2026-08-31,12:30:31,1788158731,0,6,12,nepse_official,OPEN,2026-08-31,SARBTM,Sarbottam Cement Limited,799.9,805.0,793.2,,804.0,793.0,11.0,,11944.0,9546764.1,85.0,11.799999999999955,1.4751843980497505,1.3871374527112232,112314.87176470588,799.2937123241795
2026-08-31T06:45:31+00:00,2026-08-31T12:30:31+05:45,2026-08-31,12:30:31,1788158731,0,6,12,nepse_official,OPEN,2026-08-31,SBI,Nepal SBI Bank Limited,415.0,415.0,391.1,,395.0,400.0,-5.0,,1778.0,701740.7,12.0,23.899999999999977,5.759036144578308,-1.25,58478.39166666666,394.67980877390323
2026-08-31T06:45:31+00:00,2026-08-31T12:30:31+05:45,2026-08-31,12:30:31,1788158731,0,6,12,nepse_official,OPEN,2026-08-31,SBL,Siddhartha Bank Limited,407.0,410.9,406.1,,407.1,411.0,-3.8999999999999773,,11218.0,4567113.1,30.0,4.7999999999999545,1.1793611793611682,-0.9489051094890455,152237.10333333333,407.123649491888
2026-08-31T06:45:31+00:00,2026-08-31T12:30:31+05:45,2026-08-31,12:30:31,1788158731,0,6,12,nepse_official,OPEN,2026-08-31,SBLD83,10.25% SBL Debenture 2083,1020.0,1020.0,1000.0,,1000.0,1006.2,-6.2000000000000455,,115.0,116225.0,3.0,20.0,1.9607843137254901,-0.6161796859471322,38741.666666666664,1010.6521739130435
2026-08-31T06:45:31+00:00,2026-08-31T12:30:31+05:45,2026-08-31,12:30:31,1788158731,0,6,12,nepse_official,OPEN,2026-08-31,SCB,Standard Chartered Bank Limited,650.0,654.9,645.0,,645.0,645.0,0.0,,5939.0,3853861.2,39.0,9.899999999999977,1.5230769230769194,0.0,98816.95384615385,648.9074254925072
2026-08-31T06:45:31+00:00,2026-08-31T12:30:31+05:45,2026-08-31,12:30:31,1788158731,0,6,12,nepse_official,OPEN,2026-08-31,SEF2,Siddhartha Equity Fund 2,8.9,9.05,8.72,,9.05,9.1,-0.049999999999998934,,3500.0,31307.0,26.0,0.33000000000000007,3.707865168539327,-0.5494505494505377,1204.1153846153845,8.944857142857144
2026-08-31T06:45:31+00:00,2026-08-31T12:30:31+05:45,2026-08-31,12:30:31,1788158731,0,6,12,nepse_official,OPEN,2026-08-31,SFEF,Sunrise Focused Equity Fund,9.65,9.85,9.65,,9.85,9.65,0.1999999999999993,,150300.0,1460405.0,4.0,0.1999999999999993,2.072538860103619,2.072538860103619,365101.25,9.7166001330672
2026-08-31T06:45:31+00:00,2026-08-31T12:30:31+05:45,2026-08-31,12:30:31,1788158731,0,6,12,nepse_official,OPEN,2026-08-31,SGHC,Swet-Ganga Hydropower & Construction Limited ,290.0,290.0,285.1,,287.0,290.0,-3.0,,2176.0,623193.4,20.0,4.899999999999977,1.6896551724137854,-1.0344827586206897,31159.670000000002,286.3940257352941
2026-08-31T06:45:31+00:00,2026-08-31T12:30:31+05:45,2026-08-31,12:30:31,1788158731,0,6,12,nepse_official,OPEN,2026-08-31,SGHL,Sanigad Hydro Limited,494.0,494.0,483.0,,483.0,493.8,-10.800000000000011,,18335.0,8912097.9,657.0,11.0,2.2267206477732793,-2.1871202916160413,13564.83698630137,486.0702427052086
2026-08-31T06:45:31+00:00,2026-08-31T12:30:31+05:45,2026-08-31,12:30:31,1788158731,0,6,12,nepse_official,OPEN,2026-08-31,SGIC,Sanima GIC Insurance Limited,400.1,406.0,385.0,,388.5,400.1,-11.600000000000023,,6384.0,2492363.1,65.0,21.0,5.248687828042989,-2.8992751812047044,38344.04769230769,390.40775375939853
2026-08-31T06:45:31+00:00,2026-08-31T12:30:31+05:45,2026-08-31,12:30:31,1788158731,0,6,12,nepse_official,OPEN,2026-08-31,SHEL,Singati Hydro Energy Limited,290.0,290.1,287.0,,289.0,292.6,-3.6000000000000227,,11231.0,3238053.2,61.0,3.1000000000000227,1.068965517241387,-1.230348598769659,53082.8393442623,288.3138812216188
2026-08-31T06:45:31+00:00,2026-08-31T12:30:31+05:45,2026-08-31,12:30:31,1788158731,0,6,12,nepse_official,OPEN,2026-08-31,SHINE,Shine Resunga Development Bank Ltd.,404.0,406.0,404.0,,406.0,408.0,-2.0,,4844.0,1962497.0,15.0,2.0,0.49504950495049505,-0.49019607843137253,130833.13333333333,405.13976052848886
2026-08-31T06:45:31+00:00,2026-08-31T12:30:31+05:45,2026-08-31,12:30:31,1788158731,0,6,12,nepse_official,OPEN,2026-08-31,SHIVM,SHIVAM CEMENTS LTD,665.0,667.9,650.0,,660.4,650.0,10.399999999999977,,171488.0,113247403.4,862.0,17.899999999999977,2.6917293233082673,1.5999999999999965,131377.49814385152,660.3809211140139
2026-08-31T06:45:31+00:00,2026-08-31T12:30:31+05:45,2026-08-31,12:30:31,1788158731,0,6,12,nepse_official,OPEN,2026-08-31,SHL,Soaltee Hotel Limited,511.0,511.0,496.0,,500.0,508.7,-8.699999999999989,,9117.0,4544064.2,32.0,15.0,2.935420743639922,-1.7102417928051876,142002.00625,498.4166063398048
2026-08-31T06:45:31+00:00,2026-08-31T12:30:31+05:45,2026-08-31,12:30:31,1788158731,0,6,12,nepse_official,OPEN,2026-08-31,SHLB,Shrijanshil Laghubitta Bittiya Sanstha Limited,1285.0,1285.0,1285.0,,1285.0,1323.9,-38.90000000000009,,20.0,25700.0,2.0,0.0,0.0,-2.9382883903618167,12850.0,1285.0
2026-08-31T06:45:31+00:00,2026-08-31T12:30:31+05:45,2026-08-31,12:30:31,1788158731,0,6,12,nepse_official,OPEN,2026-08-31,SHPC,Sanima Mai Hydropower Ltd.,498.0,500.0,495.9,,497.1,502.0,-4.899999999999977,,12389.0,6159235.6,38.0,4.100000000000023,0.8232931726907677,-0.976095617529876,162085.14736842105,497.15357171684553
2026-08-31T06:45:31+00:00,2026-08-31T12:30:31+05:45,2026-08-31,12:30:31,1788158731,0,6,12,nepse_official,OPEN,2026-08-31,SICL,Shikhar Insurance Co. Ltd.,545.0,545.5,530.0,,538.0,559.0,-21.0,,7415.0,3974144.6,84.0,15.5,2.8440366972477067,-3.7567084078711988,47311.24523809524,535.9601618341201
2026-08-31T06:45:31+00:00,2026-08-31T12:30:31+05:45,2026-08-31,12:30:31,1788158731,0,6,12,nepse_official,OPEN,2026-08-31,SIFC,Shree Investment Finance Co. Ltd.,485.0,485.0,480.0,,481.0,485.1,-4.100000000000023,,2137.0,1031256.4,10.0,5.0,1.0309278350515463,-0.8451865594722784,103125.64,482.57201684604587
2026-08-31T06:45:31+00:00,2026-08-31T12:30:31+05:45,2026-08-31,12:30:31,1788158731,0,6,12,nepse_official,OPEN,2026-08-31,SIGS2,Siddhartha Investment Growth Scheme - 2,10.27,10.27,9.8,,9.99,10.27,-0.27999999999999936,,42830.0,427465.1,6.0,0.46999999999999886,4.576436222005832,-2.7263875365141126,71244.18333333333,9.980506654214334
2026-08-31T06:45:31+00:00,2026-08-31T12:30:31+05:45,2026-08-31,12:30:31,1788158731,0,6,12,nepse_official,OPEN,2026-08-31,SIGS3,Siddhartha Investment Growth Scheme 3,10.67,10.67,10.2,,10.29,10.99,-0.7000000000000011,,25070.0,259347.5,11.0,0.47000000000000064,4.404873477038432,-6.369426751592366,23577.045454545456,10.344934184284005
2026-08-31T06:45:31+00:00,2026-08-31T12:30:31+05:45,2026-08-31,12:30:31,1788158731,0,6,12,nepse_official,OPEN,2026-08-31,SIKLES,Sikles Hydropower Limited,565.0,565.0,550.3,,555.1,565.0,-9.899999999999977,,143.0,79895.4,11.0,14.700000000000045,2.601769911504433,-1.752212389380527,7263.218181818182,558.7090909090908
2026-08-31T06:45:31+00:00,2026-08-31T12:30:31+05:45,2026-08-31,12:30:31,1788158731,0,6,12,nepse_official,OPEN,2026-08-31,SINDU,Sindhu Bikash Bank Ltd,602.9,603.0,594.1,,595.0,613.9,-18.899999999999977,,475.0,284814.8,18.0,8.899999999999977,1.4761983745231344,-3.078677309007978,15823.044444444444,599.6101052631578
2026-08-31T06:45:31+00:00,2026-08-31T12:30:31+05:45,2026-08-31,12:30:31,1788158731,0,6,12,nepse_official,OPEN,2026-08-31,SIPD,Shikhar power Development Limited,582.0,590.0,571.1,,571.1,596.0,-24.899999999999977,,4160.0,2386412.5,86.0,18.899999999999977,3.247422680412367,-4.177852348993285,27748.982558139534,573.6568509615385
2026-08-31T06:45:31+00:00,2026-08-31T12:30:31+05:45,2026-08-31,12:30:31,1788158731,0,6,12,nepse_official,OPEN,2026-08-31,SJCL,SANJEN JALAVIDHYUT COMPANY LIMITED,227.0,236.0,227.0,,231.3,227.0,4.300000000000011,,19719.0,4558001.3,200.0,9.0,3.9647577092511015,1.8942731277533091,22790.0065,231.1476900451341
2026-08-31T06:45:31+00:00,2026-08-31T12:30:31+05:45,2026-08-31,12:30:31,1788158731,0,6,12,nepse_official,OPEN,2026-08-31,SJLIC,SuryaJyoti Life Insurance Company Limited,400.0,400.0,390.1,,392.0,402.8,-10.800000000000011,,3733.0,1462381.6,45.0,9.899999999999977,2.4749999999999943,-2.6812313803376395,32497.36888888889,391.7443343155639
2026-08-31T06:45:31+00:00,2026-08-31T12:30:31+05:45,2026-08-31,12:30:31,1788158731,0,6,12,nepse_official,OPEN,2026-08-31,SKBBL,Sana Kisan Bikas Laghubitta Bittiya Sanstha Limited,740.2,743.9,735.0,,737.0,742.5,-5.5,,1889.0,1392077.8,19.0,8.899999999999977,1.2023777357470922,-0.7407407407407408,73267.25263157894,736.9390153520382
2026-08-31T06:45:31+00:00,2026-08-31T12:30:31+05:45,2026-08-31,12:30:31,1788158731,0,6,12,nepse_official,OPEN,2026-08-31,SKHEL,Suryakunda Hydro Electric Limited,877.0,885.0,836.0,,837.0,877.0,-40.0,,1980.0,1693069.2,31.0,49.0,5.587229190421892,-4.561003420752566,54615.13548387097,855.0854545454545
2026-08-31T06:45:31+00:00,2026-08-31T12:30:31+05:45,2026-08-31,12:30:31,1788158731,0,6,12,nepse_official,OPEN,2026-08-31,SKHL,Super Khudi Hydropower Limited,730.0,750.0,730.0,,740.2,750.3,-10.099999999999909,,1280.0,945338.3,60.0,20.0,2.73972602739726,-1.3461282153805023,15755.638333333334,738.545546875
2026-08-31T06:45:31+00:00,2026-08-31T12:30:31+05:45,2026-08-31,12:30:31,1788158731,0,6,12,nepse_official,OPEN,2026-08-31,SLBBL,Swarojgar Laghubitta Bittiya Sanstha Ltd.,772.1,780.0,772.0,,780.0,790.0,-10.0,,221.0,170756.9,8.0,8.0,1.0361352156456418,-1.2658227848101267,21344.6125,772.6556561085972
2026-08-31T06:45:31+00:00,2026-08-31T12:30:31+05:45,2026-08-31,12:30:31,1788158731,0,6,12,nepse_official,OPEN,2026-08-31,SLBSL,Samudayik Laghubitta Bittiya Sanstha Limited,880.0,899.9,880.0,,899.9,877.0,22.899999999999977,,20.0,17799.0,2.0,19.899999999999977,2.261363636363634,2.611174458380841,8899.5,889.95
2026-08-31T06:45:31+00:00,2026-08-31T12:30:31+05:45,2026-08-31,12:30:31,1788158731,0,6,12,nepse_official,OPEN,2026-08-31,SLCF,Sanima Large Cap Fund,9.1,9.1,9.01,,9.01,9.1,-0.08999999999999986,,300.0,2712.0,2.0,0.08999999999999986,0.9890109890109874,-0.9890109890109874,1356.0,9.04
2026-08-31T06:45:31+00:00,2026-08-31T12:30:31+05:45,2026-08-31,12:30:31,1788158731,0,6,12,nepse_official,OPEN,2026-08-31,SMATA,Samata Gharelu Laghubitta Bittiya Sanstha Limited,680.0,685.0,680.0,,685.0,695.0,-10.0,,169.0,115573.1,7.0,5.0,0.7352941176470588,-1.4388489208633095,16510.442857142858,683.8644970414201
2026-08-31T06:45:31+00:00,2026-08-31T12:30:31+05:45,2026-08-31,12:30:31,1788158731,0,6,12,nepse_official,OPEN,2026-08-31,SMB,Support Microfinance Bittiya Sanstha Ltd.,1710.0,1749.0,1705.1,,1749.0,1745.0,4.0,,70.0,120274.0,5.0,43.90000000000009,2.567251461988309,0.2292263610315186,24054.8,1718.2
2026-08-31T06:45:31+00:00,2026-08-31T12:30:31+05:45,2026-08-31,12:30:31,1788158731,0,6,12,nepse_official,OPEN,2026-08-31,SMFBS,Swabhimaan Laghubitta Bittiya Sanstha Limited,1305.0,1345.1,1305.0,,1315.3,1369.0,-53.700000000000045,,50.0,65867.0,4.0,40.09999999999991,3.0727969348658934,-3.9225712198685203,16466.75,1317.34
2026-08-31T06:45:31+00:00,2026-08-31T12:30:31+05:45,2026-08-31,12:30:31,1788158731,0,6,12,nepse_official,OPEN,2026-08-31,SMH,Super Mai Hydropower Limited,491.0,500.0,491.0,,493.0,500.0,-7.0,,2864.0,1419502.9,27.0,9.0,1.8329938900203666,-1.4000000000000001,52574.18148148148,495.63648743016756
2026-08-31T06:45:31+00:00,2026-08-31T12:30:31+05:45,2026-08-31,12:30:31,1788158731,0,6,12,nepse_official,OPEN,2026-08-31,SMHL,Super Madi Hydropower Limited,525.0,527.9,520.0,,521.5,525.0,-3.5,,16546.0,8647749.3,139.0,7.899999999999977,1.5047619047619003,-0.6666666666666667,62214.0237410072,522.6489362988034
2026-08-31T06:45:31+00:00,2026-08-31T12:30:31+05:45,2026-08-31,12:30:31,1788158731,0,6,12,nepse_official,OPEN,2026-08-31,SMJC,Sagarmatha Jalabidhyut Company Limited,411.2,415.0,408.0,,408.0,419.0,-11.0,,3624.0,1490565.5,36.0,7.0,1.7023346303501947,-2.6252983293556085,41404.59722222222,411.3039459161148
2026-08-31T06:45:31+00:00,2026-08-31T12:30:31+05:45,2026-08-31,12:30:31,1788158731,0,6,12,nepse_official,OPEN,2026-08-31,SMPDA,Sampada Laghubitta Bittiya Sanstha Limited,735.0,735.0,720.0,,720.5,740.0,-19.5,,304.0,221903.9,6.0,15.0,2.0408163265306123,-2.635135135135135,36983.98333333333,729.9470394736842
2026-08-31T06:45:31+00:00,2026-08-31T12:30:31+05:45,2026-08-31,12:30:31,1788158731,0,6,12,nepse_official,OPEN,2026-08-31,SNLI,Sun Nepal Life Insurance Company Limited,380.0,391.0,375.0,,386.0,390.0,-4.0,,4759.0,1831135.6,82.0,16.0,4.2105263157894735,-1.0256410256410255,22330.921951219512,384.7731876444631
2026-08-31T06:45:31+00:00,2026-08-31T12:30:31+05:45,2026-08-31,12:30:31,1788158731,0,6,12,nepse_official,OPEN,2026-08-31,SNORL,Snow Rivers Limited,860.1,864.9,840.0,,851.0,866.0,-15.0,,6260.0,5368978.0,167.0,24.899999999999977,2.8950122078828016,-1.7321016166281753,32149.56886227545,857.6642172523962
2026-08-31T06:45:31+00:00,2026-08-31T12:30:31+05:45,2026-08-31,12:30:31,1788158731,0,6,12,nepse_official,OPEN,2026-08-31,SOHL,Solu Hydropower Limited,660.0,664.8,647.2,,653.3,660.0,-6.7000000000000455,,16385.0,10713019.2,383.0,17.59999999999991,2.6666666666666528,-1.015151515151522,27971.329503916448,653.8308941104668
2026-08-31T06:45:31+00:00,2026-08-31T12:30:31+05:45,2026-08-31,12:30:31,1788158731,0,6,12,nepse_official,OPEN,2026-08-31,SONA,Sonapur Minerals And Oil Limited,415.0,418.0,403.0,,414.0,408.0,6.0,,72034.0,29547760.7,357.0,15.0,3.614457831325301,1.4705882352941175,82766.83669467787,410.1918635644279
2026-08-31T06:45:31+00:00,2026-08-31T12:30:31+05:45,2026-08-31,12:30:31,1788158731,0,6,12,nepse_official,OPEN,2026-08-31,SOPL,Sopan Pharmaceuticals Limited,758.0,758.0,735.0,,754.0,758.0,-4.0,,4489.0,3339076.9,258.0,23.0,3.034300791556728,-0.5277044854881267,12942.158527131782,743.8353530853196
2026-08-31T06:45:31+00:00,2026-08-31T12:30:31+05:45,2026-08-31,12:30:31,1788158731,0,6,12,nepse_official,OPEN,2026-08-31,SPC,Samling Power Company Limited,408.8,408.9,381.1,,381.1,397.0,-15.899999999999977,,3561.0,1365268.6,28.0,27.799999999999955,6.800391389432474,-4.005037783375309,48759.59285714286,383.39472058410564
2026-08-31T06:45:31+00:00,2026-08-31T12:30:31+05:45,2026-08-31,12:30:31,1788158731,0,6,12,nepse_official,OPEN,2026-08-31,SPDL,Synergy Power Development Ltd.,359.8,359.9,345.1,,346.2,353.0,-6.800000000000011,,8580.0,3017789.5,25.0,14.799999999999955,4.113396331295151,-1.926345609065159,120711.58,351.72371794871793
2026-08-31T06:45:31+00:00,2026-08-31T12:30:31+05:45,2026-08-31,12:30:31,1788158731,0,6,12,nepse_official,OPEN,2026-08-31,SPHL,Sayapatri Hydropower Limited,510.0,524.0,495.9,,502.0,523.0,-21.0,,1780.0,904979.3,24.0,28.100000000000023,5.509803921568632,-4.015296367112811,37707.47083333333,508.4153370786517
2026-08-31T06:45:31+00:00,2026-08-31T12:30:31+05:45,2026-08-31,12:30:31,1788158731,0,6,12,nepse_official,OPEN,2026-08-31,SPIL,Siddhartha Premier Insurance Limited,611.1,613.0,608.0,,608.0,625.0,-17.0,,3722.0,2272357.3,20.0,5.0,0.8181966944853544,-2.7199999999999998,113617.86499999999,610.5204997313272
2026-08-31T06:45:31+00:00,2026-08-31T12:30:31+05:45,2026-08-31,12:30:31,1788158731,0,6,12,nepse_official,OPEN,2026-08-31,SPL,Shuvam Power Limited,621.7,621.7,621.7,,621.7,640.9,-19.199999999999932,,10.0,6217.0,1.0,0.0,0.0,-2.9957871742861495,6217.0,621.7
2026-08-31T06:45:31+00:00,2026-08-31T12:30:31+05:45,2026-08-31,12:30:31,1788158731,0,6,12,nepse_official,OPEN,2026-08-31,SRLI,Sanima Reliance Life Insurance Limited,357.3,358.0,352.3,,352.3,357.3,-5.0,,8465.0,3009717.7,58.0,5.699999999999989,1.595298068849703,-1.3993842709207949,51891.684482758625,355.5484583579445
2026-08-31T06:45:31+00:00,2026-08-31T12:30:31+05:45,2026-08-31,12:30:31,1788158731,0,6,12,nepse_official,OPEN,2026-08-31,SSHL,Shiva Shree Hydropower Ltd,192.0,192.0,190.0,,190.0,194.0,-4.0,,32622.0,6213257.7,82.0,2.0,1.0416666666666665,-2.0618556701030926,75771.43536585366,190.4621942247563
2026-08-31T06:45:31+00:00,2026-08-31T12:30:31+05:45,2026-08-31,12:30:31,1788158731,0,6,12,nepse_official,OPEN,2026-08-31,STC,Salt Trading Corporation,5200.0,5300.0,5150.1,,5150.1,5170.0,-19.899999999999636,,164.0,847711.9,6.0,149.89999999999964,2.8826923076923006,-0.3849129593810374,141285.31666666668,5168.975
2026-08-31T06:45:31+00:00,2026-08-31T12:30:31+05:45,2026-08-31,12:30:31,1788158731,0,6,12,nepse_official,OPEN,2026-08-31,SWASTIK,Swastik Laghubitta Bittiya Sanstha Limited,1850.0,1904.0,1850.0,,1900.0,1904.0,-4.0,,235.0,443015.0,9.0,54.0,2.918918918918919,-0.21008403361344538,49223.88888888889,1885.1702127659576
2026-08-31T06:45:31+00:00,2026-08-31T12:30:31+05:45,2026-08-31,12:30:31,1788158731,0,6,12,nepse_official,OPEN,2026-08-31,SWBBL,Swabalamban Laghubitta Bittiya Sanstha Limited,658.1,668.0,650.3,,666.0,668.0,-2.0,,968.0,639168.4,14.0,17.700000000000045,2.689560857012619,-0.29940119760479045,45654.885714285716,660.2979338842975
2026-08-31T06:45:31+00:00,2026-08-31T12:30:31+05:45,2026-08-31,12:30:31,1788158731,0,6,12,nepse_official,OPEN,2026-08-31,SWMF,Suryodaya Womi Laghubitta Bittiya Sanstha Limited,578.5,578.5,574.4,,575.2,587.0,-11.799999999999955,,312.0,179699.0,10.0,4.100000000000023,0.7087294727744206,-2.0102214650766532,17969.9,575.9583333333334
2026-08-31T06:45:31+00:00,2026-08-31T12:30:31+05:45,2026-08-31,12:30:31,1788158731,0,6,12,nepse_official,OPEN,2026-08-31,SYPNL,SY Panel Nepal Limited,1244.3,1275.0,1230.1,,1273.0,1244.3,28.700000000000045,,19130.0,24110854.7,246.0,44.90000000000009,3.6084545527605956,2.306517720806883,98011.6044715447,1260.3687767903816
2026-08-31T06:45:31+00:00,2026-08-31T12:30:31+05:45,2026-08-31,12:30:31,1788158731,0,6,12,nepse_official,OPEN,2026-08-31,TAMOR,Sanima Middle Tamor Hydropower Limited,477.5,480.0,475.0,,475.1,482.0,-6.899999999999977,,46629.0,22240578.6,109.0,5.0,1.0471204188481675,-1.431535269709539,204042.00550458717,476.96880911021043
2026-08-31T06:45:31+00:00,2026-08-31T12:30:31+05:45,2026-08-31,12:30:31,1788158731,0,6,12,nepse_official,OPEN,2026-08-31,TPC,Terhathum Power Company Limited,345.0,348.0,345.0,,345.1,350.0,-4.899999999999977,,2472.0,854402.0,18.0,3.0,0.8695652173913043,-1.3999999999999935,47466.77777777778,345.6318770226537
2026-08-31T06:45:31+00:00,2026-08-31T12:30:31+05:45,2026-08-31,12:30:31,1788158731,0,6,12,nepse_official,OPEN,2026-08-31,TPKHL,Taksar Pikhuwa Khola Hydropower Limited,490.1,505.0,490.1,,493.7,509.0,-15.300000000000011,,3448.0,1714643.0,221.0,14.899999999999977,3.04019587839216,-3.0058939096267214,7758.565610859729,497.286252900232
2026-08-31T06:45:31+00:00,2026-08-31T12:30:31+05:45,2026-08-31,12:30:31,1788158731,0,6,12,nepse_official,OPEN,2026-08-31,TRH,Taragaon Regency Hotel Limited,796.0,812.0,794.0,,812.0,818.0,-6.0,,4010.0,3188270.0,6.0,18.0,2.261306532663317,-0.7334963325183375,531378.3333333334,795.0798004987531
2026-08-31T06:45:31+00:00,2026-08-31T12:30:31+05:45,2026-08-31,12:30:31,1788158731,0,6,12,nepse_official,OPEN,2026-08-31,TSHL,Three Star Hydropower Limited,336.0,336.0,331.0,,331.0,338.0,-7.0,,770.0,256206.0,12.0,5.0,1.488095238095238,-2.0710059171597637,21350.5,332.73506493506494
2026-08-31T06:45:31+00:00,2026-08-31T12:30:31+05:45,2026-08-31,12:30:31,1788158731,0,6,12,nepse_official,OPEN,2026-08-31,TTL,Trade Tower Limited,685.0,685.0,678.0,,678.0,690.0,-12.0,,2228.0,1514714.0,48.0,7.0,1.0218978102189782,-1.7391304347826086,31556.541666666668,679.8536804308798
2026-08-31T06:45:31+00:00,2026-08-31T12:30:31+05:45,2026-08-31,12:30:31,1788158731,0,6,12,nepse_official,OPEN,2026-08-31,TVCL,Trishuli Jal Vidhyut Company Limited ,345.0,345.0,300.9,,321.1,354.0,-32.89999999999998,,13995.0,4416038.3,154.0,44.10000000000002,12.782608695652181,-9.293785310734457,28675.573376623375,315.5440014290818
2026-08-31T06:45:31+00:00,2026-08-31T12:30:31+05:45,2026-08-31,12:30:31,1788158731,0,6,12,nepse_official,OPEN,2026-08-31,UAIL,United Ajod Insurance Limited,380.0,382.0,371.1,,374.0,388.8,-14.800000000000011,,8390.0,3151682.0,64.0,10.899999999999977,2.868421052631573,-3.8065843621399207,49245.03125,375.64743742550655
2026-08-31T06:45:31+00:00,2026-08-31T12:30:31+05:45,2026-08-31,12:30:31,1788158731,0,6,12,nepse_official,OPEN,2026-08-31,UHEWA,Upper Hewakhola Hydropower Company Limited,600.0,618.0,587.0,,599.9,604.0,-4.100000000000023,,3351.0,2002960.3,72.0,31.0,5.166666666666667,-0.6788079470198713,27818.893055555556,597.7201730826619
2026-08-31T06:45:31+00:00,2026-08-31T12:30:31+05:45,2026-08-31,12:30:31,1788158731,0,6,12,nepse_official,OPEN,2026-08-31,ULBSL,Upakar Laghubitta Bittiya Sanstha Limited,2310.0,2590.0,2310.0,,2360.0,2408.0,-48.0,,136.0,330290.0,12.0,280.0,12.121212121212121,-1.9933554817275747,27524.166666666668,2428.6029411764707
2026-08-31T06:45:31+00:00,2026-08-31T12:30:31+05:45,2026-08-31,12:30:31,1788158731,0,6,12,nepse_official,OPEN,2026-08-31,ULHC,Upper Lohore Khola Hydropower Company Limited,300.0,300.0,293.0,,293.0,301.0,-8.0,,2252.0,667994.1,21.0,7.0,2.3333333333333335,-2.6578073089700998,31809.242857142857,296.6226021314387
2026-08-31T06:45:31+00:00,2026-08-31T12:30:31+05:45,2026-08-31,12:30:31,1788158731,0,6,12,nepse_official,OPEN,2026-08-31,UMHL,United Modi Hydropower Ltd.,550.1,554.7,548.0,,550.1,559.9,-9.799999999999955,,17794.0,9784869.1,50.0,6.7000000000000455,1.2179603708416733,-1.75031255581353,195697.38199999998,549.8971057659885
2026-08-31T06:45:31+00:00,2026-08-31T12:30:31+05:45,2026-08-31,12:30:31,1788158731,0,6,12,nepse_official,OPEN,2026-08-31,UMRH,United IDI Mardi RB Hydropower Limited.,505.1,510.0,505.1,,506.1,519.7,-13.600000000000023,,1373.0,695947.4,12.0,4.899999999999977,0.9701049297168832,-2.6168943621320033,57995.61666666667,506.88084486525855
2026-08-31T06:45:31+00:00,2026-08-31T12:30:31+05:45,2026-08-31,12:30:31,1788158731,0,6,12,nepse_official,OPEN,2026-08-31,UNHPL,Union Hydropower Limited,345.0,358.8,345.0,,348.2,358.0,-9.800000000000011,,3632.0,1267870.6,31.0,13.800000000000011,4.0000000000000036,-2.7374301675977684,40899.051612903226,349.0833149779736
2026-08-31T06:45:31+00:00,2026-08-31T12:30:31+05:45,2026-08-31,12:30:31,1788158731,0,6,12,nepse_official,OPEN,2026-08-31,UNL,Unilever Nepal Limited,46300.0,46300.0,46300.0,,46300.0,47200.0,-900.0,,10.0,463000.0,1.0,0.0,0.0,-1.9067796610169492,463000.0,46300.0
2026-08-31T06:45:31+00:00,2026-08-31T12:30:31+05:45,2026-08-31,12:30:31,1788158731,0,6,12,nepse_official,OPEN,2026-08-31,UNLB,Unique Nepal Laghubitta Bittiya Sanstha Limited,1277.0,1277.0,1204.0,,1239.9,1240.0,-0.09999999999990905,,80.0,99159.0,6.0,73.0,5.716523101018011,-0.008064516129024923,16526.5,1239.4875
2026-08-31T06:45:31+00:00,2026-08-31T12:30:31+05:45,2026-08-31,12:30:31,1788158731,0,6,12,nepse_official,OPEN,2026-08-31,UPCL,UNIVERSAL POWER COMPANY LTD,325.2,326.0,323.1,,325.0,333.0,-8.0,,10596.0,3441396.6,61.0,2.8999999999999773,0.891758917589169,-2.4024024024024024,56416.337704918034,324.7826160815402
2026-08-31T06:45:31+00:00,2026-08-31T12:30:31+05:45,2026-08-31,12:30:31,1788158731,0,6,12,nepse_official,OPEN,2026-08-31,UPPER,Upper Tamakoshi Hydropower Ltd,184.0,186.0,180.5,,181.8,184.0,-2.1999999999999886,,15836.0,2886738.6,148.0,5.5,2.989130434782609,-1.1956521739130372,19504.99054054054,182.28963122000505
2026-08-31T06:45:31+00:00,2026-08-31T12:30:31+05:45,2026-08-31,12:30:31,1788158731,0,6,12,nepse_official,OPEN,2026-08-31,USHEC,Upper Solu Hydro Electric Company Limited,490.0,490.0,482.2,,483.2,496.0,-12.800000000000011,,1120.0,543543.5,21.0,7.800000000000011,1.59183673469388,-2.580645161290325,25883.02380952381,485.30669642857146
2026-08-31T06:45:31+00:00,2026-08-31T12:30:31+05:45,2026-08-31,12:30:31,1788158731,0,6,12,nepse_official,OPEN,2026-08-31,USHL,Upper Syange Hydropower Limited,520.0,520.0,520.0,,520.0,533.7,-13.700000000000045,,50.0,26000.0,2.0,0.0,0.0,-2.5669851976766056,13000.0,520.0
2026-08-31T06:45:31+00:00,2026-08-31T12:30:31+05:45,2026-08-31,12:30:31,1788158731,0,6,12,nepse_official,OPEN,2026-08-31,USLB,Unnati Sahakarya Laghubitta Bittiya Sanstha Limited,950.0,952.0,950.0,,952.0,970.0,-18.0,,834.0,793598.5,10.0,2.0,0.21052631578947367,-1.8556701030927836,79359.85,951.5569544364508
2026-08-31T06:45:31+00:00,2026-08-31T12:30:31+05:45,2026-08-31,12:30:31,1788158731,0,6,12,nepse_official,OPEN,2026-08-31,VLBS,Vijaya laghubitta Bittiya Sanstha Ltd.,615.0,616.4,615.0,,615.3,620.0,-4.7000000000000455,,240.0,147662.0,20.0,1.3999999999999773,0.22764227642276055,-0.7580645161290396,7383.1,615.2583333333333
2026-08-31T06:45:31+00:00,2026-08-31T12:30:31+05:45,2026-08-31,12:30:31,1788158731,0,6,12,nepse_official,OPEN,2026-08-31,VLUCL,Vision Lumbini Urja Company Limited ,373.0,387.5,373.0,,382.9,383.5,-0.6000000000000227,,340.0,127864.0,14.0,14.5,3.8873994638069704,-0.15645371577575562,9133.142857142857,376.0705882352941
2026-08-31T06:45:31+00:00,2026-08-31T12:30:31+05:45,2026-08-31,12:30:31,1788158731,0,6,12,nepse_official,OPEN,2026-08-31,WNLB,Wean Nepal Laghubitta Bittiya Sanstha Limited,1110.0,1110.0,1070.0,,1090.0,1110.0,-20.0,,328.0,352552.1,16.0,40.0,3.6036036036036037,-1.8018018018018018,22034.50625,1074.853963414634
2026-08-31T06:45:31+00:00,2026-08-31T12:30:31+05:45,2026-08-31,12:30:31,1788158731,0,6,12,nepse_official,OPEN,2026-08-31,YMHL,Yambaling Hydropower Limited,575.0,580.0,569.1,,569.7,593.9,-24.199999999999932,,2215.0,1264864.5,165.0,10.899999999999977,1.8956521739130396,-4.074760060616254,7665.845454545454,571.044920993228
