scraped_at_utc,scraped_at_npt,npt_date,npt_time,scraped_epoch,weekday,hour_utc,hour_npt,price_source,is_market_open,business_date,symbol,security_name,open_price,high_price,low_price,close_price,last_traded_price,previous_closing_price,point_change,percentage_change,total_traded_quantity,total_traded_value,total_trades,intraday_range,intraday_range_pct_of_open,return_from_prev_close_pct,turnover_per_trade,vwap_proxy
2026-07-27T05:15:45+00:00,2026-07-27T11:00:45+05:45,2026-07-27,11:00:45,1785129345,0,5,11,nepse_official,OPEN,2026-07-27,ADBL,Agricultural Development Bank Limited,304.0,304.0,304.0,,304.0,320.0,-16.0,,10.0,3040.0,1.0,0.0,0.0,-5.0,3040.0,304.0
2026-07-27T05:15:45+00:00,2026-07-27T11:00:45+05:45,2026-07-27,11:00:45,1785129345,0,5,11,nepse_official,OPEN,2026-07-27,AKPL,Arun Kabeli Power Ltd.,268.0,268.0,268.0,,268.0,265.7,2.3000000000000114,,300.0,80400.0,1.0,0.0,0.0,0.865637937523527,80400.0,268.0
2026-07-27T05:15:45+00:00,2026-07-27T11:00:45+05:45,2026-07-27,11:00:45,1785129345,0,5,11,nepse_official,OPEN,2026-07-27,ALBSL,Asha Laghubitta Bittiya Sanstha Ltd,1051.0,1051.0,1051.0,,1051.0,1087.0,-36.0,,110.0,115610.0,3.0,0.0,0.0,-3.3118675252989878,38536.666666666664,1051.0
2026-07-27T05:15:45+00:00,2026-07-27T11:00:45+05:45,2026-07-27,11:00:45,1785129345,0,5,11,nepse_official,OPEN,2026-07-27,ANLB,Aatmanirbhar Laghubitta Bittiya Sanstha Limited,6326.1,6326.1,6326.1,,6326.1,6659.0,-332.89999999999964,,20.0,126522.0,2.0,0.0,0.0,-4.999249136506977,63261.0,6326.1
2026-07-27T05:15:45+00:00,2026-07-27T11:00:45+05:45,2026-07-27,11:00:45,1785129345,0,5,11,nepse_official,OPEN,2026-07-27,BFC,Best Finance Company Ltd.,506.4,506.4,506.4,,506.4,533.0,-26.600000000000023,,10.0,5064.0,1.0,0.0,0.0,-4.990619136960605,5064.0,506.4
2026-07-27T05:15:45+00:00,2026-07-27T11:00:45+05:45,2026-07-27,11:00:45,1785129345,0,5,11,nepse_official,OPEN,2026-07-27,BHDC,Bindhyabasini Hydropower Development Company Limited,432.0,432.0,432.0,,432.0,445.2,-13.199999999999989,,200.0,86400.0,2.0,0.0,0.0,-2.964959568733151,43200.0,432.0
2026-07-27T05:15:45+00:00,2026-07-27T11:00:45+05:45,2026-07-27,11:00:45,1785129345,0,5,11,nepse_official,OPEN,2026-07-27,BHPL,Barahi Hydropower Public Limited,465.0,465.0,465.0,,465.0,486.6,-21.600000000000023,,30.0,13950.0,1.0,0.0,0.0,-4.438964241676946,13950.0,465.0
2026-07-27T05:15:45+00:00,2026-07-27T11:00:45+05:45,2026-07-27,11:00:45,1785129345,0,5,11,nepse_official,OPEN,2026-07-27,CFCL,Central Finance Co. Ltd.,624.4,624.4,624.4,,624.4,657.2,-32.80000000000007,,13.0,8117.2,2.0,0.0,0.0,-4.990870359099219,4058.6,624.4
2026-07-27T05:15:45+00:00,2026-07-27T11:00:45+05:45,2026-07-27,11:00:45,1785129345,0,5,11,nepse_official,OPEN,2026-07-27,CHDC,CEDB Holdings Limited,2267.0,2267.0,2267.0,,2267.0,2254.0,13.0,,10.0,22670.0,1.0,0.0,0.0,0.5767524401064774,22670.0,2267.0
2026-07-27T05:15:45+00:00,2026-07-27T11:00:45+05:45,2026-07-27,11:00:45,1785129345,0,5,11,nepse_official,OPEN,2026-07-27,CHL,Chhyangdi Hydropower Ltd.,283.0,283.0,283.0,,283.0,270.0,13.0,,10.0,2830.0,1.0,0.0,0.0,4.814814814814815,2830.0,283.0
2026-07-27T05:15:45+00:00,2026-07-27T11:00:45+05:45,2026-07-27,11:00:45,1785129345,0,5,11,nepse_official,OPEN,2026-07-27,CITY,City Hotel Limited,380.0,380.0,380.0,,380.0,387.0,-7.0,,200.0,76000.0,2.0,0.0,0.0,-1.8087855297157622,38000.0,380.0
2026-07-27T05:15:45+00:00,2026-07-27T11:00:45+05:45,2026-07-27,11:00:45,1785129345,0,5,11,nepse_official,OPEN,2026-07-27,CKHL,Chirkhwa Hydropower Limited ,588.0,588.0,588.0,,588.0,618.0,-30.0,,20.0,11760.0,1.0,0.0,0.0,-4.854368932038835,11760.0,588.0
2026-07-27T05:15:45+00:00,2026-07-27T11:00:45+05:45,2026-07-27,11:00:45,1785129345,0,5,11,nepse_official,OPEN,2026-07-27,CORBL,Corporate Development Bank Limited,1471.6,1471.6,1471.6,,1471.6,1549.0,-77.40000000000009,,125.0,183950.0,5.0,0.0,0.0,-4.996772111039386,36790.0,1471.6
2026-07-27T05:15:45+00:00,2026-07-27T11:00:45+05:45,2026-07-27,11:00:45,1785129345,0,5,11,nepse_official,OPEN,2026-07-27,CREST,Crest Micro Life Insurance Limited,1290.3,1290.3,1290.3,,1290.3,1228.9,61.399999999999864,,20.0,25806.0,3.0,0.0,0.0,4.996338188623961,8602.0,1290.3
2026-07-27T05:15:45+00:00,2026-07-27T11:00:45+05:45,2026-07-27,11:00:45,1785129345,0,5,11,nepse_official,OPEN,2026-07-27,CZBIL,Citizens Bank International Limited,199.0,199.0,199.0,,199.0,209.4,-10.400000000000006,,10.0,1990.0,1.0,0.0,0.0,-4.966571155682907,1990.0,199.0
2026-07-27T05:15:45+00:00,2026-07-27T11:00:45+05:45,2026-07-27,11:00:45,1785129345,0,5,11,nepse_official,OPEN,2026-07-27,GBBL,Garima Bikas Bank Limited,405.0,405.0,405.0,,405.0,426.0,-21.0,,22.0,8910.0,1.0,0.0,0.0,-4.929577464788732,8910.0,405.0
2026-07-27T05:15:45+00:00,2026-07-27T11:00:45+05:45,2026-07-27,11:00:45,1785129345,0,5,11,nepse_official,OPEN,2026-07-27,GBIME,Global IME Bank Limited,238.0,238.0,238.0,,238.0,249.5,-11.5,,20.0,4760.0,2.0,0.0,0.0,-4.609218436873747,2380.0,238.0
2026-07-27T05:15:45+00:00,2026-07-27T11:00:45+05:45,2026-07-27,11:00:45,1785129345,0,5,11,nepse_official,OPEN,2026-07-27,GLBSL,Gurans Laghubitta Bittiya Sanstha Limited,1710.0,1710.0,1710.0,,1710.0,1800.0,-90.0,,10.0,17100.0,1.0,0.0,0.0,-5.0,17100.0,1710.0
2026-07-27T05:15:45+00:00,2026-07-27T11:00:45+05:45,2026-07-27,11:00:45,1785129345,0,5,11,nepse_official,OPEN,2026-07-27,GRDBL,Green Development Bank Ltd.,1033.6,1033.6,1033.6,,1033.6,1088.0,-54.40000000000009,,500.0,516800.0,5.0,0.0,0.0,-5.000000000000009,103360.0,1033.6
2026-07-27T05:15:45+00:00,2026-07-27T11:00:45+05:45,2026-07-27,11:00:45,1785129345,0,5,11,nepse_official,OPEN,2026-07-27,HBL,Himalayan Bank Limited,206.0,206.0,206.0,,206.0,206.0,0.0,,10.0,2060.0,1.0,0.0,0.0,0.0,2060.0,206.0
2026-07-27T05:15:45+00:00,2026-07-27T11:00:45+05:45,2026-07-27,11:00:45,1785129345,0,5,11,nepse_official,OPEN,2026-07-27,HFIN,Hotel Forest Inn Limited,757.0,757.0,757.0,,757.0,779.0,-22.0,,10.0,7570.0,1.0,0.0,0.0,-2.8241335044929397,7570.0,757.0
2026-07-27T05:15:45+00:00,2026-07-27T11:00:45+05:45,2026-07-27,11:00:45,1785129345,0,5,11,nepse_official,OPEN,2026-07-27,HIDCL,Hydorelectricity Investment and Development Company Ltd,261.3,261.3,261.3,,261.3,263.7,-2.3999999999999773,,69.0,18029.7,2.0,0.0,0.0,-0.9101251422070449,9014.85,261.3
2026-07-27T05:15:45+00:00,2026-07-27T11:00:45+05:45,2026-07-27,11:00:45,1785129345,0,5,11,nepse_official,OPEN,2026-07-27,HPPL,Himalayan Power Partner Ltd.,370.0,370.0,370.0,,370.0,380.0,-10.0,,10.0,3700.0,1.0,0.0,0.0,-2.631578947368421,3700.0,370.0
2026-07-27T05:15:45+00:00,2026-07-27T11:00:45+05:45,2026-07-27,11:00:45,1785129345,0,5,11,nepse_official,OPEN,2026-07-27,HRL,Himalayan Reinsurance Limited,635.0,635.0,635.0,,635.0,629.0,6.0,,2025.0,1285875.0,11.0,0.0,0.0,0.9538950715421303,116897.72727272728,635.0
2026-07-27T05:15:45+00:00,2026-07-27T11:00:45+05:45,2026-07-27,11:00:45,1785129345,0,5,11,nepse_official,OPEN,2026-07-27,ILBS,Infinity Laghubitta Bittiya Sanstha Limited,860.0,860.0,860.0,,860.0,884.0,-24.0,,15.0,12900.0,1.0,0.0,0.0,-2.7149321266968327,12900.0,860.0
2026-07-27T05:15:45+00:00,2026-07-27T11:00:45+05:45,2026-07-27,11:00:45,1785129345,0,5,11,nepse_official,OPEN,2026-07-27,KAHL,Kalanga Hydro Limited,601.2,601.2,601.2,,601.2,601.2,0.0,,90.0,54108.0,1.0,0.0,0.0,0.0,54108.0,601.2
2026-07-27T05:15:45+00:00,2026-07-27T11:00:45+05:45,2026-07-27,11:00:45,1785129345,0,5,11,nepse_official,OPEN,2026-07-27,LBBL,Lumbini Bikas Bank Ltd.,510.0,510.0,510.0,,510.0,510.0,0.0,,56.0,28560.0,2.0,0.0,0.0,0.0,14280.0,510.0
2026-07-27T05:15:45+00:00,2026-07-27T11:00:45+05:45,2026-07-27,11:00:45,1785129345,0,5,11,nepse_official,OPEN,2026-07-27,LEC,Liberty Energy Company Limited,225.0,225.0,225.0,,225.0,224.0,1.0,,10.0,2250.0,1.0,0.0,0.0,0.4464285714285714,2250.0,225.0
2026-07-27T05:15:45+00:00,2026-07-27T11:00:45+05:45,2026-07-27,11:00:45,1785129345,0,5,11,nepse_official,OPEN,2026-07-27,LSL,Laxmi Sunrise Bank Limited,218.8,218.8,218.8,,218.8,230.3,-11.5,,10.0,2188.0,1.0,0.0,0.0,-4.993486756404689,2188.0,218.8
2026-07-27T05:15:45+00:00,2026-07-27T11:00:45+05:45,2026-07-27,11:00:45,1785129345,0,5,11,nepse_official,OPEN,2026-07-27,MBL,Machhapuchhre Bank Limited,259.0,259.0,259.0,,259.0,259.9,-0.8999999999999773,,531.0,137529.0,2.0,0.0,0.0,-0.34628703347440454,68764.5,259.0
2026-07-27T05:15:45+00:00,2026-07-27T11:00:45+05:45,2026-07-27,11:00:45,1785129345,0,5,11,nepse_official,OPEN,2026-07-27,MERO,Mero Microfinance Bittiya Sanstha Ltd.,700.0,700.0,700.0,,700.0,694.0,6.0,,200.0,140000.0,1.0,0.0,0.0,0.8645533141210375,140000.0,700.0
2026-07-27T05:15:45+00:00,2026-07-27T11:00:45+05:45,2026-07-27,11:00:45,1785129345,0,5,11,nepse_official,OPEN,2026-07-27,MFIL,Manjushree Finance Ltd.,770.0,770.0,770.0,,770.0,795.9,-25.899999999999977,,10.0,7700.0,1.0,0.0,0.0,-3.254177660510112,7700.0,770.0
2026-07-27T05:15:45+00:00,2026-07-27T11:00:45+05:45,2026-07-27,11:00:45,1785129345,0,5,11,nepse_official,OPEN,2026-07-27,MKJC,Mailung Khola Jal Vidhyut Company Limited,500.0,500.0,500.0,,500.0,487.0,13.0,,465.0,232500.0,3.0,0.0,0.0,2.6694045174537986,77500.0,500.0
2026-07-27T05:15:45+00:00,2026-07-27T11:00:45+05:45,2026-07-27,11:00:45,1785129345,0,5,11,nepse_official,OPEN,2026-07-27,MNBBL,Muktinath Bikas Bank Ltd.,365.0,365.0,365.0,,365.0,377.0,-12.0,,100.0,36500.0,3.0,0.0,0.0,-3.183023872679045,12166.666666666666,365.0
2026-07-27T05:15:45+00:00,2026-07-27T11:00:45+05:45,2026-07-27,11:00:45,1785129345,0,5,11,nepse_official,OPEN,2026-07-27,MPFL,Multipurpose Finance Company  Limited,610.0,610.0,610.0,,610.0,626.9,-16.899999999999977,,10.0,6100.0,1.0,0.0,0.0,-2.695804753549207,6100.0,610.0
2026-07-27T05:15:45+00:00,2026-07-27T11:00:45+05:45,2026-07-27,11:00:45,1785129345,0,5,11,nepse_official,OPEN,2026-07-27,NABIL,Nabil Bank Limited,553.0,555.0,553.0,,555.0,553.1,1.8999999999999773,,710.0,393630.0,2.0,2.0,0.3616636528028933,0.34351835111191054,196815.0,554.4084507042254
2026-07-27T05:15:45+00:00,2026-07-27T11:00:45+05:45,2026-07-27,11:00:45,1785129345,0,5,11,nepse_official,OPEN,2026-07-27,NBL,Nepal Bank Limited,258.4,258.4,258.4,,258.4,272.0,-13.600000000000023,,10.0,2584.0,1.0,0.0,0.0,-5.000000000000009,2584.0,258.4
2026-07-27T05:15:45+00:00,2026-07-27T11:00:45+05:45,2026-07-27,11:00:45,1785129345,0,5,11,nepse_official,OPEN,2026-07-27,NHPC,National Hydro Power Company Limited,272.0,272.0,272.0,,272.0,280.4,-8.399999999999977,,10.0,2720.0,1.0,0.0,0.0,-2.995720399429379,2720.0,272.0
2026-07-27T05:15:45+00:00,2026-07-27T11:00:45+05:45,2026-07-27,11:00:45,1785129345,0,5,11,nepse_official,OPEN,2026-07-27,NIBLGF,NIBL Growth Fund,9.65,9.65,9.65,,9.65,9.22,0.4299999999999997,,23700.0,228705.0,1.0,0.0,0.0,4.663774403470712,228705.0,9.65
2026-07-27T05:15:45+00:00,2026-07-27T11:00:45+05:45,2026-07-27,11:00:45,1785129345,0,5,11,nepse_official,OPEN,2026-07-27,NIBSF2,NIBL Samriddhi Fund -2,9.1,9.1,9.1,,9.1,8.85,0.25,,3570.0,32487.0,1.0,0.0,0.0,2.824858757062147,32487.0,9.1
2026-07-27T05:15:45+00:00,2026-07-27T11:00:45+05:45,2026-07-27,11:00:45,1785129345,0,5,11,nepse_official,OPEN,2026-07-27,NIMB,Nepal Investment Mega Bank Limited,194.0,194.0,194.0,,194.0,204.2,-10.199999999999989,,40.0,7760.0,1.0,0.0,0.0,-4.99510284035259,7760.0,194.0
2026-07-27T05:15:45+00:00,2026-07-27T11:00:45+05:45,2026-07-27,11:00:45,1785129345,0,5,11,nepse_official,OPEN,2026-07-27,NMB,NMB Bank Limited,235.0,235.0,235.0,,235.0,247.1,-12.099999999999994,,10.0,2350.0,1.0,0.0,0.0,-4.896802913800078,2350.0,235.0
2026-07-27T05:15:45+00:00,2026-07-27T11:00:45+05:45,2026-07-27,11:00:45,1785129345,0,5,11,nepse_official,OPEN,2026-07-27,NMBHF2,NMB Hybrid Fund L- II,9.81,9.81,9.81,,9.81,9.77,0.040000000000000924,,76892.0,754310.52,1.0,0.0,0.0,0.409416581371555,754310.52,9.81
2026-07-27T05:15:45+00:00,2026-07-27T11:00:45+05:45,2026-07-27,11:00:45,1785129345,0,5,11,nepse_official,OPEN,2026-07-27,NRN,NRN Infrastructure and Development Limited,1435.0,1440.0,1435.0,,1440.0,1463.0,-23.0,,1090.0,1564200.0,6.0,5.0,0.34843205574912894,-1.5721120984278878,260700.0,1435.045871559633
2026-07-27T05:15:45+00:00,2026-07-27T11:00:45+05:45,2026-07-27,11:00:45,1785129345,0,5,11,nepse_official,OPEN,2026-07-27,PCBL,Prime Commercial Bank Ltd.,230.9,230.9,230.9,,230.9,243.0,-12.099999999999994,,10.0,2309.0,1.0,0.0,0.0,-4.979423868312755,2309.0,230.9
2026-07-27T05:15:45+00:00,2026-07-27T11:00:45+05:45,2026-07-27,11:00:45,1785129345,0,5,11,nepse_official,OPEN,2026-07-27,PCIL,Palpa Cement Industries Limited,660.0,660.0,660.0,,660.0,692.0,-32.0,,10.0,6600.0,1.0,0.0,0.0,-4.624277456647398,6600.0,660.0
2026-07-27T05:15:45+00:00,2026-07-27T11:00:45+05:45,2026-07-27,11:00:45,1785129345,0,5,11,nepse_official,OPEN,2026-07-27,PPL,People's Power Limited,328.9,328.9,328.9,,328.9,339.0,-10.100000000000023,,10.0,3289.0,1.0,0.0,0.0,-2.9793510324483843,3289.0,328.9
2026-07-27T05:15:45+00:00,2026-07-27T11:00:45+05:45,2026-07-27,11:00:45,1785129345,0,5,11,nepse_official,OPEN,2026-07-27,PRVU,Prabhu  Bank Limited,200.0,200.0,200.0,,200.0,199.9,0.09999999999999432,,500.0,100000.0,2.0,0.0,0.0,0.050025012506250285,50000.0,200.0
2026-07-27T05:15:45+00:00,2026-07-27T11:00:45+05:45,2026-07-27,11:00:45,1785129345,0,5,11,nepse_official,OPEN,2026-07-27,RADHI,Radhi Bidyut Company Ltd,720.0,741.0,720.0,,741.0,755.0,-14.0,,30.0,22010.0,3.0,21.0,2.9166666666666665,-1.8543046357615895,7336.666666666667,733.6666666666666
2026-07-27T05:15:45+00:00,2026-07-27T11:00:45+05:45,2026-07-27,11:00:45,1785129345,0,5,11,nepse_official,OPEN,2026-07-27,RFPL,River Falls Power Limited,330.0,330.0,330.0,,330.0,345.9,-15.899999999999977,,10.0,3300.0,1.0,0.0,0.0,-4.596704249783167,3300.0,330.0
2026-07-27T05:15:45+00:00,2026-07-27T11:00:45+05:45,2026-07-27,11:00:45,1785129345,0,5,11,nepse_official,OPEN,2026-07-27,RHGCL,Rapti Hydro And General Construction Limited,261.0,261.0,261.0,,261.0,273.7,-12.699999999999989,,10.0,2610.0,1.0,0.0,0.0,-4.640116916331746,2610.0,261.0
2026-07-27T05:15:45+00:00,2026-07-27T11:00:45+05:45,2026-07-27,11:00:45,1785129345,0,5,11,nepse_official,OPEN,2026-07-27,RHPL,RASUWAGADHI HYDROPOWER COMPANY LIMITED,254.0,254.0,254.0,,254.0,267.0,-13.0,,10.0,2540.0,1.0,0.0,0.0,-4.868913857677903,2540.0,254.0
2026-07-27T05:15:45+00:00,2026-07-27T11:00:45+05:45,2026-07-27,11:00:45,1785129345,0,5,11,nepse_official,OPEN,2026-07-27,RIDI,Ridi Power Company Limited,355.0,355.0,355.0,,355.0,370.0,-15.0,,10.0,3550.0,1.0,0.0,0.0,-4.054054054054054,3550.0,355.0
2026-07-27T05:15:45+00:00,2026-07-27T11:00:45+05:45,2026-07-27,11:00:45,1785129345,0,5,11,nepse_official,OPEN,2026-07-27,RSML,Reliance Spinning Mills Limited,3320.0,3320.0,3320.0,,3320.0,3494.0,-174.0,,11.0,36520.0,1.0,0.0,0.0,-4.979965655409273,36520.0,3320.0
2026-07-27T05:15:45+00:00,2026-07-27T11:00:45+05:45,2026-07-27,11:00:45,1785129345,0,5,11,nepse_official,OPEN,2026-07-27,SABBL,Salapa Bikas Bank Limited,1160.0,1160.0,1160.0,,1160.0,1160.0,0.0,,10.0,11600.0,1.0,0.0,0.0,0.0,11600.0,1160.0
2026-07-27T05:15:45+00:00,2026-07-27T11:00:45+05:45,2026-07-27,11:00:45,1785129345,0,5,11,nepse_official,OPEN,2026-07-27,SAIL,Shreenagar Agritech Industries Limited,1163.4,1163.4,1163.4,,1163.4,1108.0,55.40000000000009,,20.0,23268.0,2.0,0.0,0.0,5.000000000000008,11634.0,1163.4
2026-07-27T05:15:45+00:00,2026-07-27T11:00:45+05:45,2026-07-27,11:00:45,1785129345,0,5,11,nepse_official,OPEN,2026-07-27,SANIMA,Sanima Bank Limited,390.6,390.6,390.6,,390.6,372.0,18.600000000000023,,100.0,39060.0,2.0,0.0,0.0,5.000000000000006,19530.0,390.6
2026-07-27T05:15:45+00:00,2026-07-27T11:00:45+05:45,2026-07-27,11:00:45,1785129345,0,5,11,nepse_official,OPEN,2026-07-27,SAPDBL,Saptakoshi Development Bank Ltd,845.0,845.0,845.0,,845.0,806.0,39.0,,20.0,16900.0,2.0,0.0,0.0,4.838709677419355,8450.0,845.0
2026-07-27T05:15:45+00:00,2026-07-27T11:00:45+05:45,2026-07-27,11:00:45,1785129345,0,5,11,nepse_official,OPEN,2026-07-27,SCB,Standard Chartered Bank Limited,618.5,618.5,618.5,,618.5,651.0,-32.5,,10.0,6185.0,1.0,0.0,0.0,-4.992319508448541,6185.0,618.5
2026-07-27T05:15:45+00:00,2026-07-27T11:00:45+05:45,2026-07-27,11:00:45,1785129345,0,5,11,nepse_official,OPEN,2026-07-27,SFEF,Sunrise Focused Equity Fund,10.16,10.16,10.16,,10.16,9.95,0.21000000000000085,,12200.0,123952.0,1.0,0.0,0.0,2.110552763819104,123952.0,10.16
2026-07-27T05:15:45+00:00,2026-07-27T11:00:45+05:45,2026-07-27,11:00:45,1785129345,0,5,11,nepse_official,OPEN,2026-07-27,SINDU,Sindhu Bikash Bank Ltd,754.9,754.9,754.9,,754.9,719.0,35.89999999999998,,10.0,7549.0,1.0,0.0,0.0,4.9930458970792735,7549.0,754.9
2026-07-27T05:15:45+00:00,2026-07-27T11:00:45+05:45,2026-07-27,11:00:45,1785129345,0,5,11,nepse_official,OPEN,2026-07-27,SJCL,SANJEN JALAVIDHYUT COMPANY LIMITED,270.8,270.8,270.8,,270.8,285.0,-14.199999999999989,,10.0,2708.0,1.0,0.0,0.0,-4.982456140350873,2708.0,270.8
2026-07-27T05:15:45+00:00,2026-07-27T11:00:45+05:45,2026-07-27,11:00:45,1785129345,0,5,11,nepse_official,OPEN,2026-07-27,SNORL,Snow Rivers Limited,979.0,979.0,979.0,,979.0,979.0,0.0,,50.0,48950.0,2.0,0.0,0.0,0.0,24475.0,979.0
2026-07-27T05:15:45+00:00,2026-07-27T11:00:45+05:45,2026-07-27,11:00:45,1785129345,0,5,11,nepse_official,OPEN,2026-07-27,SYPNL,SY Panel Nepal Limited,1352.8,1352.8,1352.8,,1352.8,1424.0,-71.20000000000005,,10.0,13528.0,1.0,0.0,0.0,-5.000000000000003,13528.0,1352.8
2026-07-27T05:15:45+00:00,2026-07-27T11:00:45+05:45,2026-07-27,11:00:45,1785129345,0,5,11,nepse_official,OPEN,2026-07-27,UHEWA,Upper Hewakhola Hydropower Company Limited,580.0,580.0,580.0,,580.0,592.0,-12.0,,10.0,5800.0,1.0,0.0,0.0,-2.027027027027027,5800.0,580.0
2026-07-27T05:15:45+00:00,2026-07-27T11:00:45+05:45,2026-07-27,11:00:45,1785129345,0,5,11,nepse_official,OPEN,2026-07-27,ULHC,Upper Lohore Khola Hydropower Company Limited,365.0,365.0,365.0,,365.0,359.5,5.5,,10.0,3650.0,1.0,0.0,0.0,1.52990264255911,3650.0,365.0
2026-07-27T05:15:45+00:00,2026-07-27T11:00:45+05:45,2026-07-27,11:00:45,1785129345,0,5,11,nepse_official,OPEN,2026-07-27,VLUCL,Vision Lumbini Urja Company Limited ,470.0,470.0,470.0,,470.0,452.0,18.0,,54.0,25380.0,2.0,0.0,0.0,3.982300884955752,12690.0,470.0
2026-07-27T05:45:31+00:00,2026-07-27T11:30:31+05:45,2026-07-27,11:30:31,1785131131,0,5,11,nepse_official,OPEN,2026-07-27,ADBL,Agricultural Development Bank Limited,304.0,329.0,304.0,,321.0,320.0,1.0,,6713.0,2172608.6,35.0,25.0,8.223684210526317,0.3125,62074.531428571434,323.6419782511545
2026-07-27T05:45:31+00:00,2026-07-27T11:30:31+05:45,2026-07-27,11:30:31,1785131131,0,5,11,nepse_official,OPEN,2026-07-27,ADBLD83,10.35% Agricultural Bank Debenture 2083,1034.3,1034.3,1034.3,,1034.3,1034.3,0.0,,30.0,31029.0,1.0,0.0,0.0,0.0,31029.0,1034.3
2026-07-27T05:45:31+00:00,2026-07-27T11:30:31+05:45,2026-07-27,11:30:31,1785131131,0,5,11,nepse_official,OPEN,2026-07-27,AHL,Asian Hydropower Limited,416.3,428.7,416.3,,420.1,428.0,-7.899999999999977,,540.0,227204.0,9.0,12.399999999999977,2.9786211866442414,-1.8457943925233593,25244.88888888889,420.7481481481482
2026-07-27T05:45:31+00:00,2026-07-27T11:30:31+05:45,2026-07-27,11:30:31,1785131131,0,5,11,nepse_official,OPEN,2026-07-27,AHPC,Arun Valley Hydropower Development Co. Ltd.,274.9,275.0,274.1,,275.0,275.0,0.0,,1340.0,368384.0,10.0,0.8999999999999773,0.3273917788286567,0.0,36838.4,274.9134328358209
2026-07-27T05:45:31+00:00,2026-07-27T11:30:31+05:45,2026-07-27,11:30:31,1785131131,0,5,11,nepse_official,OPEN,2026-07-27,AKJCL,Ankhu Khola Jalvidhyut Company Ltd,379.0,381.0,376.6,,379.8,379.0,0.8000000000000114,,11773.0,4458995.6,51.0,4.399999999999977,1.1609498680738728,0.21108179419525364,87431.2862745098,378.7476089357003
2026-07-27T05:45:31+00:00,2026-07-27T11:30:31+05:45,2026-07-27,11:30:31,1785131131,0,5,11,nepse_official,OPEN,2026-07-27,AKPL,Arun Kabeli Power Ltd.,268.0,268.0,264.0,,264.0,265.7,-1.6999999999999886,,4610.0,1220719.0,20.0,4.0,1.4925373134328357,-0.6398193451260777,61035.95,264.79804772234274
2026-07-27T05:45:31+00:00,2026-07-27T11:30:31+05:45,2026-07-27,11:30:31,1785131131,0,5,11,nepse_official,OPEN,2026-07-27,ALBSL,Asha Laghubitta Bittiya Sanstha Ltd,1051.0,1145.0,1051.0,,1080.0,1087.0,-7.0,,214.0,231780.0,12.0,94.0,8.943862987630828,-0.6439742410303588,19315.0,1083.0841121495328
2026-07-27T05:45:31+00:00,2026-07-27T11:30:31+05:45,2026-07-27,11:30:31,1785131131,0,5,11,nepse_official,OPEN,2026-07-27,ALICL,Asian Life Insurance Co. Limited,442.0,442.2,442.0,,442.2,441.9,0.30000000000001137,,240.0,106120.0,2.0,0.19999999999998863,0.04524886877827797,0.06788866259334948,53060.0,442.1666666666667
2026-07-27T05:45:31+00:00,2026-07-27T11:30:31+05:45,2026-07-27,11:30:31,1785131131,0,5,11,nepse_official,OPEN,2026-07-27,ANLB,Aatmanirbhar Laghubitta Bittiya Sanstha Limited,6326.1,6326.1,5773.9,,5773.9,6659.0,-885.1000000000004,,50.0,305149.0,5.0,552.2000000000007,8.728916710137378,-13.2917855533864,61029.8,6102.98
2026-07-27T05:45:31+00:00,2026-07-27T11:30:31+05:45,2026-07-27,11:30:31,1785131131,0,5,11,nepse_official,OPEN,2026-07-27,APHL,Appolo Hydropower Limited,897.1,905.0,890.0,,905.0,905.0,0.0,,3140.0,2811700.5,61.0,15.0,1.6720543975030655,0.0,46093.45081967213,895.4460191082802
2026-07-27T05:45:31+00:00,2026-07-27T11:30:31+05:45,2026-07-27,11:30:31,1785131131,0,5,11,nepse_official,OPEN,2026-07-27,API,Api Power Company Ltd.,342.0,344.8,338.1,,339.0,344.0,-5.0,,17347.0,5888228.5,67.0,6.699999999999989,1.959064327485377,-1.4534883720930232,87884.00746268657,339.43785668991757
2026-07-27T05:45:31+00:00,2026-07-27T11:30:31+05:45,2026-07-27,11:30:31,1785131131,0,5,11,nepse_official,OPEN,2026-07-27,AVYAN,Aviyan Laghubitta Bittiya Sanstha Limited,1061.0,1088.0,1061.0,,1088.0,1089.0,-1.0,,20.0,21490.0,2.0,27.0,2.5447690857681433,-0.09182736455463728,10745.0,1074.5
2026-07-27T05:45:31+00:00,2026-07-27T11:30:31+05:45,2026-07-27,11:30:31,1785131131,0,5,11,nepse_official,OPEN,2026-07-27,BANDIPUR,Bandipur Cablecar and Tourism Limited,758.0,763.0,758.0,,758.0,763.0,-5.0,,1105.0,838163.5,30.0,5.0,0.6596306068601583,-0.655307994757536,27938.783333333333,758.5190045248869
2026-07-27T05:45:31+00:00,2026-07-27T11:30:31+05:45,2026-07-27,11:30:31,1785131131,0,5,11,nepse_official,OPEN,2026-07-27,BARUN,Barun Hydropower Co. Ltd.,335.0,335.0,335.0,,335.0,334.0,1.0,,12.0,4020.0,1.0,0.0,0.0,0.29940119760479045,4020.0,335.0
2026-07-27T05:45:31+00:00,2026-07-27T11:30:31+05:45,2026-07-27,11:30:31,1785131131,0,5,11,nepse_official,OPEN,2026-07-27,BBC,Bishal Bazar Company Limited,4349.0,4349.0,4349.0,,4349.0,4375.0,-26.0,,10.0,43490.0,1.0,0.0,0.0,-0.5942857142857143,43490.0,4349.0
2026-07-27T05:45:31+00:00,2026-07-27T11:30:31+05:45,2026-07-27,11:30:31,1785131131,0,5,11,nepse_official,OPEN,2026-07-27,BEDC,Bhugol Energy Development Company Limited,334.0,334.0,330.0,,330.0,334.0,-4.0,,47.0,15610.5,3.0,4.0,1.1976047904191618,-1.1976047904191618,5203.5,332.13829787234044
2026-07-27T05:45:31+00:00,2026-07-27T11:30:31+05:45,2026-07-27,11:30:31,1785131131,0,5,11,nepse_official,OPEN,2026-07-27,BFC,Best Finance Company Ltd.,506.4,532.9,506.4,,529.0,533.0,-4.0,,4778.0,2524718.4,29.0,26.5,5.233017377567141,-0.7504690431519699,87059.25517241379,528.4048555881121
2026-07-27T05:45:31+00:00,2026-07-27T11:30:31+05:45,2026-07-27,11:30:31,1785131131,0,5,11,nepse_official,OPEN,2026-07-27,BGWT,Bhagawati Hydropower Development Company Limited,587.0,587.0,586.9,,586.9,600.1,-13.200000000000045,,35.0,20542.5,2.0,0.10000000000002274,0.017035775127772185,-2.1996333944342683,10271.25,586.9285714285714
2026-07-27T05:45:31+00:00,2026-07-27T11:30:31+05:45,2026-07-27,11:30:31,1785131131,0,5,11,nepse_official,OPEN,2026-07-27,BHCL,Bikash Hydropower Company Limited,520.0,525.0,520.0,,525.0,523.9,1.1000000000000227,,280.0,145970.0,20.0,5.0,0.9615384615384616,0.20996373353693887,7298.5,521.3214285714286
2026-07-27T05:45:31+00:00,2026-07-27T11:30:31+05:45,2026-07-27,11:30:31,1785131131,0,5,11,nepse_official,OPEN,2026-07-27,BHDC,Bindhyabasini Hydropower Development Company Limited,432.0,444.9,432.0,,439.7,445.2,-5.5,,959.0,422476.7,8.0,12.899999999999977,2.986111111111106,-1.2353998203054808,52809.5875,440.5387904066736
2026-07-27T05:45:31+00:00,2026-07-27T11:30:31+05:45,2026-07-27,11:30:31,1785131131,0,5,11,nepse_official,OPEN,2026-07-27,BHL,Balephi Hydropower Limited,213.0,219.1,213.0,,218.0,217.0,1.0,,2144.0,466093.0,27.0,6.099999999999994,2.8638497652582133,0.4608294930875576,17262.703703703704,217.39412313432837
2026-07-27T05:45:31+00:00,2026-07-27T11:30:31+05:45,2026-07-27,11:30:31,1785131131,0,5,11,nepse_official,OPEN,2026-07-27,BHPL,Barahi Hydropower Public Limited,465.0,493.2,465.0,,493.2,486.6,6.599999999999966,,80.0,38467.0,3.0,28.19999999999999,6.064516129032255,1.3563501849568365,12822.333333333334,480.8375
2026-07-27T05:45:31+00:00,2026-07-27T11:30:31+05:45,2026-07-27,11:30:31,1785131131,0,5,11,nepse_official,OPEN,2026-07-27,BJHL,Bhujung Hydropower Limited,770.4,770.4,759.0,,760.0,793.0,-33.0,,860.0,659438.0,13.0,11.399999999999977,1.4797507788161963,-4.16141235813367,50726.0,766.7883720930232
2026-07-27T05:45:31+00:00,2026-07-27T11:30:31+05:45,2026-07-27,11:30:31,1785131131,0,5,11,nepse_official,OPEN,2026-07-27,BNHC,Buddha Bhumi Nepal Hydropower Company Limited,305.9,305.9,290.0,,295.5,297.0,-1.5,,400.0,118586.0,9.0,15.899999999999977,5.197777051323955,-0.5050505050505051,13176.222222222223,296.465
2026-07-27T05:45:31+00:00,2026-07-27T11:30:31+05:45,2026-07-27,11:30:31,1785131131,0,5,11,nepse_official,OPEN,2026-07-27,BNT,Bottlers Nepal (Terai) Limited,11878.0,11878.0,11878.0,,11878.0,11532.2,345.7999999999993,,10.0,118780.0,1.0,0.0,0.0,2.9985605521929837,118780.0,11878.0
2026-07-27T05:45:31+00:00,2026-07-27T11:30:31+05:45,2026-07-27,11:30:31,1785131131,0,5,11,nepse_official,OPEN,2026-07-27,BOKD86KA,"BOK Debenture 2086 ""KA""",1145.0,1145.4,1145.0,,1145.4,1145.0,0.40000000000009095,,4703.0,5386815.3,2.0,0.40000000000009095,0.03493449781660183,0.03493449781660183,2693407.65,1145.3998086327877
2026-07-27T05:45:31+00:00,2026-07-27T11:30:31+05:45,2026-07-27,11:30:31,1785131131,0,5,11,nepse_official,OPEN,2026-07-27,BPCL,Butwal Power Company Limited,645.1,677.0,645.1,,660.0,665.0,-5.0,,4352.0,2812764.0,10.0,31.899999999999977,4.944969772128348,-0.7518796992481203,281276.4,646.3152573529412
2026-07-27T05:45:31+00:00,2026-07-27T11:30:31+05:45,2026-07-27,11:30:31,1785131131,0,5,11,nepse_official,OPEN,2026-07-27,BUNGAL,Bungal Hydro Limited,634.9,634.9,617.2,,626.0,634.9,-8.899999999999977,,390.0,243127.0,10.0,17.699999999999932,2.787840604819646,-1.4017955583556432,24312.7,623.4025641025642
2026-07-27T05:45:31+00:00,2026-07-27T11:30:31+05:45,2026-07-27,11:30:31,1785131131,0,5,11,nepse_official,OPEN,2026-07-27,CBBL,Chhimek Laghubitta Bittiya Sanstha Limited,932.0,938.0,932.0,,938.0,938.0,0.0,,524.0,491436.0,9.0,6.0,0.6437768240343348,0.0,54604.0,937.8549618320611
2026-07-27T05:45:31+00:00,2026-07-27T11:30:31+05:45,2026-07-27,11:30:31,1785131131,0,5,11,nepse_official,OPEN,2026-07-27,CCBD88,Century Debenture 2088,1326.0,1326.0,1215.4,,1215.4,1326.0,-110.59999999999991,,5001.0,6078318.9,3.0,110.59999999999991,8.340874811463038,-8.340874811463038,2026106.3,1215.420695860828
2026-07-27T05:45:31+00:00,2026-07-27T11:30:31+05:45,2026-07-27,11:30:31,1785131131,0,5,11,nepse_official,OPEN,2026-07-27,CFCL,Central Finance Co. Ltd.,624.4,676.0,624.4,,663.0,657.2,5.7999999999999545,,24091.0,15997199.8,78.0,51.60000000000002,8.263933376041004,0.8825319537431459,205092.30512820513,664.0322028973476
2026-07-27T05:45:31+00:00,2026-07-27T11:30:31+05:45,2026-07-27,11:30:31,1785131131,0,5,11,nepse_official,OPEN,2026-07-27,CHCL,Chilime Hydropower Company Limited,495.0,496.0,495.0,,496.0,494.2,1.8000000000000114,,423.0,209679.0,8.0,1.0,0.20202020202020202,0.3642250101173637,26209.875,495.6950354609929
2026-07-27T05:45:31+00:00,2026-07-27T11:30:31+05:45,2026-07-27,11:30:31,1785131131,0,5,11,nepse_official,OPEN,2026-07-27,CHDC,CEDB Holdings Limited,2267.0,2290.0,2231.2,,2231.2,2254.0,-22.800000000000182,,5052.0,11381572.4,20.0,58.80000000000018,2.5937362152624694,-1.0115350488021375,569078.62,2252.8844813935075
2026-07-27T05:45:31+00:00,2026-07-27T11:30:31+05:45,2026-07-27,11:30:31,1785131131,0,5,11,nepse_official,OPEN,2026-07-27,CHL,Chhyangdi Hydropower Ltd.,283.0,283.0,266.0,,266.0,270.0,-4.0,,270.0,72569.0,7.0,17.0,6.007067137809187,-1.4814814814814816,10367.0,268.77407407407406
2026-07-27T05:45:31+00:00,2026-07-27T11:30:31+05:45,2026-07-27,11:30:31,1785131131,0,5,11,nepse_official,OPEN,2026-07-27,CIT,Citizen Investment Trust,1734.0,1745.0,1734.0,,1745.0,1734.0,11.0,,148.0,257748.0,6.0,11.0,0.6343713956170703,0.6343713956170703,42958.0,1741.5405405405406
2026-07-27T05:45:31+00:00,2026-07-27T11:30:31+05:45,2026-07-27,11:30:31,1785131131,0,5,11,nepse_official,OPEN,2026-07-27,CITY,City Hotel Limited,380.0,387.0,380.0,,385.0,387.0,-2.0,,5924.0,2272654.0,36.0,7.0,1.8421052631578945,-0.516795865633075,63129.27777777778,383.635043889264
2026-07-27T05:45:31+00:00,2026-07-27T11:30:31+05:45,2026-07-27,11:30:31,1785131131,0,5,11,nepse_official,OPEN,2026-07-27,CKHL,Chirkhwa Hydropower Limited ,588.0,621.0,588.0,,600.0,618.0,-18.0,,70.0,42120.0,5.0,33.0,5.612244897959184,-2.912621359223301,8424.0,601.7142857142857
2026-07-27T05:45:31+00:00,2026-07-27T11:30:31+05:45,2026-07-27,11:30:31,1785131131,0,5,11,nepse_official,OPEN,2026-07-27,CLI,Citizen Life Insurance Company Limited,450.3,459.8,450.3,,451.2,454.0,-2.8000000000000114,,781.0,354212.1,20.0,9.5,2.109704641350211,-0.6167400881057294,17710.605,453.53661971830985
2026-07-27T05:45:31+00:00,2026-07-27T11:30:31+05:45,2026-07-27,11:30:31,1785131131,0,5,11,nepse_official,OPEN,2026-07-27,CORBL,Corporate Development Bank Limited,1471.6,1471.6,1380.1,,1400.0,1549.0,-149.0,,17463.0,24451189.6,139.0,91.5,6.217722207121501,-9.619109102646869,175907.8388489209,1400.1711962434863
2026-07-27T05:45:31+00:00,2026-07-27T11:30:31+05:45,2026-07-27,11:30:31,1785131131,0,5,11,nepse_official,OPEN,2026-07-27,CREST,Crest Micro Life Insurance Limited,1290.3,1290.3,1202.0,,1210.1,1228.9,-18.800000000000182,,330.0,400872.0,16.0,88.29999999999995,6.843369758970779,-1.529823419318104,25054.5,1214.7636363636364
2026-07-27T05:45:31+00:00,2026-07-27T11:30:31+05:45,2026-07-27,11:30:31,1785131131,0,5,11,nepse_official,OPEN,2026-07-27,CSY,Citizens Santulit Yojana,9.06,9.06,9.0,,9.0,9.06,-0.0600000000000005,,1100.0,9912.0,7.0,0.0600000000000005,0.6622516556291446,-0.6622516556291446,1416.0,9.010909090909092
2026-07-27T05:45:31+00:00,2026-07-27T11:30:31+05:45,2026-07-27,11:30:31,1785131131,0,5,11,nepse_official,OPEN,2026-07-27,CZBIL,Citizens Bank International Limited,199.0,213.0,199.0,,211.5,209.4,2.0999999999999943,,9016.0,1900119.2,41.0,14.0,7.035175879396985,1.0028653295128913,46344.37073170731,210.7496894409938
2026-07-27T05:45:31+00:00,2026-07-27T11:30:31+05:45,2026-07-27,11:30:31,1785131131,0,5,11,nepse_official,OPEN,2026-07-27,DDBL,Deprosc Laghubitta Bittiya Sanstha Limited,853.0,854.0,853.0,,854.0,854.0,0.0,,30.0,25600.0,2.0,1.0,0.11723329425556857,0.0,12800.0,853.3333333333334
2026-07-27T05:45:31+00:00,2026-07-27T11:30:31+05:45,2026-07-27,11:30:31,1785131131,0,5,11,nepse_official,OPEN,2026-07-27,DHEL,Daramkhola Hydro Energy Limited,626.0,630.0,616.2,,629.0,626.0,3.0,,3851.0,2414950.0,44.0,13.799999999999955,2.204472843450472,0.4792332268370607,54885.22727272727,627.0968579589717
2026-07-27T05:45:31+00:00,2026-07-27T11:30:31+05:45,2026-07-27,11:30:31,1785131131,0,5,11,nepse_official,OPEN,2026-07-27,DHPL,Dibyashwori Hydropower Ltd.,300.0,300.0,300.0,,300.0,300.0,0.0,,60.0,18000.0,2.0,0.0,0.0,0.0,9000.0,300.0
2026-07-27T05:45:31+00:00,2026-07-27T11:30:31+05:45,2026-07-27,11:30:31,1785131131,0,5,11,nepse_official,OPEN,2026-07-27,DLBS,Dhaulagiri Laghubitta Bittiya Sanstha Limited,1210.0,1220.0,1210.0,,1220.0,1220.1,-0.09999999999990905,,120.0,145300.0,4.0,10.0,0.8264462809917356,-0.008196049504131551,36325.0,1210.8333333333333
2026-07-27T05:45:31+00:00,2026-07-27T11:30:31+05:45,2026-07-27,11:30:31,1785131131,0,5,11,nepse_official,OPEN,2026-07-27,DOLTI,Dolti Power Company Limited,335.0,335.0,333.0,,333.0,331.9,1.1000000000000227,,1080.0,360660.0,4.0,2.0,0.5970149253731344,0.3314251280506245,90165.0,333.94444444444446
2026-07-27T05:45:31+00:00,2026-07-27T11:30:31+05:45,2026-07-27,11:30:31,1785131131,0,5,11,nepse_official,OPEN,2026-07-27,DORDI,Dordi Khola Jal Bidyut Company Limited,260.1,265.0,260.1,,260.2,263.1,-2.900000000000034,,1570.0,408872.0,15.0,4.899999999999977,1.8838908112264425,-1.1022424933485495,27258.133333333335,260.428025477707
2026-07-27T05:45:31+00:00,2026-07-27T11:30:31+05:45,2026-07-27,11:30:31,1785131131,0,5,11,nepse_official,OPEN,2026-07-27,EBL,Everest Bank Limited,732.9,732.9,725.0,,727.0,724.0,3.0,,2020.0,1469167.5,21.0,7.899999999999977,1.0779096738982095,0.4143646408839779,69960.35714285714,727.3106435643564
2026-07-27T05:45:31+00:00,2026-07-27T11:30:31+05:45,2026-07-27,11:30:31,1785131131,0,5,11,nepse_official,OPEN,2026-07-27,EBLD85,10.50% Everest Bank Limited Debenture 2085,1121.9,1121.9,1121.9,,1121.9,1130.0,-8.099999999999909,,2500.0,2804750.0,3.0,0.0,0.0,-0.7168141592920274,934916.6666666666,1121.9
2026-07-27T05:45:31+00:00,2026-07-27T11:30:31+05:45,2026-07-27,11:30:31,1785131131,0,5,11,nepse_official,OPEN,2026-07-27,EBLD86,Everest Bank Limited,1100.4,1100.4,1100.4,,1100.4,1105.0,-4.599999999999909,,300.0,330120.0,1.0,0.0,0.0,-0.4162895927601728,330120.0,1100.4
2026-07-27T05:45:31+00:00,2026-07-27T11:30:31+05:45,2026-07-27,11:30:31,1785131131,0,5,11,nepse_official,OPEN,2026-07-27,EBLD91,Everest Bank Limited Debenture 2091,1058.0,1058.0,1058.0,,1058.0,1090.0,-32.0,,25.0,26450.0,1.0,0.0,0.0,-2.9357798165137616,26450.0,1058.0
2026-07-27T05:45:31+00:00,2026-07-27T11:30:31+05:45,2026-07-27,11:30:31,1785131131,0,5,11,nepse_official,OPEN,2026-07-27,ECL,Everest Colour Limited,670.6,748.7,670.6,,748.7,651.1,97.60000000000002,,110.0,80463.0,11.0,78.10000000000002,11.646286907247244,14.990016894486258,7314.818181818182,731.4818181818182
2026-07-27T05:45:31+00:00,2026-07-27T11:30:31+05:45,2026-07-27,11:30:31,1785131131,0,5,11,nepse_official,OPEN,2026-07-27,EHPL,Eastern Hydropower Limited,365.0,365.0,355.5,,355.5,358.9,-3.3999999999999773,,60.0,21425.0,2.0,9.5,2.6027397260273974,-0.9473390916689823,10712.5,357.0833333333333
2026-07-27T05:45:31+00:00,2026-07-27T11:30:31+05:45,2026-07-27,11:30:31,1785131131,0,5,11,nepse_official,OPEN,2026-07-27,FMDBL,First Micro Finance Laghubitta Bittiya Sanstha Limited,780.2,781.0,780.0,,781.0,780.0,1.0,,605.0,472369.0,4.0,1.0,0.12817226352217378,0.1282051282051282,118092.25,780.7752066115703
2026-07-27T05:45:31+00:00,2026-07-27T11:30:31+05:45,2026-07-27,11:30:31,1785131131,0,5,11,nepse_official,OPEN,2026-07-27,FOWAD,Forward Microfinance Laghubitta Bittiya Sanstha Limited,997.0,997.0,997.0,,997.0,997.0,0.0,,24.0,23928.0,1.0,0.0,0.0,0.0,23928.0,997.0
2026-07-27T05:45:31+00:00,2026-07-27T11:30:31+05:45,2026-07-27,11:30:31,1785131131,0,5,11,nepse_official,OPEN,2026-07-27,GBBL,Garima Bikas Bank Limited,405.0,431.0,405.0,,423.5,426.0,-2.5,,2032.0,869399.5,15.0,26.0,6.419753086419753,-0.5868544600938966,57959.96666666667,427.8540846456693
2026-07-27T05:45:31+00:00,2026-07-27T11:30:31+05:45,2026-07-27,11:30:31,1785131131,0,5,11,nepse_official,OPEN,2026-07-27,GBILD84/85,"Global IME Bank Debenture, 2084/85",1133.4,1133.4,1133.4,,1133.4,1145.0,-11.599999999999909,,9485.0,10750299.0,1.0,0.0,0.0,-1.0131004366812146,10750299.0,1133.4
2026-07-27T05:45:31+00:00,2026-07-27T11:30:31+05:45,2026-07-27,11:30:31,1785131131,0,5,11,nepse_official,OPEN,2026-07-27,GBIME,Global IME Bank Limited,238.0,255.0,238.0,,250.0,249.5,0.5,,15485.0,3870378.1,58.0,17.0,7.142857142857142,0.2004008016032064,66730.65689655172,249.94369389732
2026-07-27T05:45:31+00:00,2026-07-27T11:30:31+05:45,2026-07-27,11:30:31,1785131131,0,5,11,nepse_official,OPEN,2026-07-27,GBIMESY2,Global IME Sammunat Yojana -2,9.4,9.4,9.4,,9.4,9.33,0.07000000000000028,,100.0,940.0,1.0,0.0,0.0,0.7502679528403031,940.0,9.4
2026-07-27T05:45:31+00:00,2026-07-27T11:30:31+05:45,2026-07-27,11:30:31,1785131131,0,5,11,nepse_official,OPEN,2026-07-27,GBLBS,Grameen Bikas Laghubitta Bittiya Sanstha Ltd.,750.0,755.1,750.0,,755.1,761.0,-5.899999999999977,,22.0,16556.1,2.0,5.100000000000023,0.680000000000003,-0.7752956636005226,8278.05,752.55
2026-07-27T05:45:31+00:00,2026-07-27T11:30:31+05:45,2026-07-27,11:30:31,1785131131,0,5,11,nepse_official,OPEN,2026-07-27,GCIL,Ghorahi Cement Industry Limited,361.3,365.0,361.3,,364.1,364.0,0.10000000000002274,,238.0,86447.8,14.0,3.6999999999999886,1.0240797121505643,0.027472527472533717,6174.842857142858,363.22605042016806
2026-07-27T05:45:31+00:00,2026-07-27T11:30:31+05:45,2026-07-27,11:30:31,1785131131,0,5,11,nepse_official,OPEN,2026-07-27,GFCL,Goodwill Finance Limited,630.0,630.0,625.0,,625.0,630.4,-5.399999999999977,,163.0,102375.0,2.0,5.0,0.7936507936507936,-0.8565989847715701,51187.5,628.0674846625767
2026-07-27T05:45:31+00:00,2026-07-27T11:30:31+05:45,2026-07-27,11:30:31,1785131131,0,5,11,nepse_official,OPEN,2026-07-27,GHL,Ghalemdi Hydro Limited,234.0,234.5,231.0,,231.0,234.0,-3.0,,680.0,158816.0,7.0,3.5,1.4957264957264957,-1.282051282051282,22688.0,233.5529411764706
2026-07-27T05:45:31+00:00,2026-07-27T11:30:31+05:45,2026-07-27,11:30:31,1785131131,0,5,11,nepse_official,OPEN,2026-07-27,GIBF1,Global IME Balanced Fund-1,10.6,10.6,10.6,,10.6,10.55,0.049999999999998934,,500.0,5300.0,1.0,0.0,0.0,0.47393364928908943,5300.0,10.6
2026-07-27T05:45:31+00:00,2026-07-27T11:30:31+05:45,2026-07-27,11:30:31,1785131131,0,5,11,nepse_official,OPEN,2026-07-27,GLBSL,Gurans Laghubitta Bittiya Sanstha Limited,1710.0,1710.0,1710.0,,1710.0,1800.0,-90.0,,10.0,17100.0,1.0,0.0,0.0,-5.0,17100.0,1710.0
2026-07-27T05:45:31+00:00,2026-07-27T11:30:31+05:45,2026-07-27,11:30:31,1785131131,0,5,11,nepse_official,OPEN,2026-07-27,GLH,GreenLife Hydropower Limited,257.1,260.0,257.1,,260.0,259.0,1.0,,50.0,12942.0,5.0,2.8999999999999773,1.1279657720731144,0.3861003861003861,2588.4,258.84
2026-07-27T05:45:31+00:00,2026-07-27T11:30:31+05:45,2026-07-27,11:30:31,1785131131,0,5,11,nepse_official,OPEN,2026-07-27,GMFIL,Guheshowori Merchant Bank & Finance Co. Ltd.,482.0,484.7,482.0,,484.7,473.0,11.699999999999989,,1500.0,726603.0,5.0,2.6999999999999886,0.5601659751037321,2.4735729386892156,145320.6,484.402
2026-07-27T05:45:31+00:00,2026-07-27T11:30:31+05:45,2026-07-27,11:30:31,1785131131,0,5,11,nepse_official,OPEN,2026-07-27,GMLI,Guardian Micro Life Insurance Limited ,1187.0,1205.0,1187.0,,1205.0,1186.5,18.5,,130.0,156285.0,4.0,18.0,1.5164279696714407,1.5592077538980194,39071.25,1202.1923076923076
2026-07-27T05:45:31+00:00,2026-07-27T11:30:31+05:45,2026-07-27,11:30:31,1785131131,0,5,11,nepse_official,OPEN,2026-07-27,GRDBL,Green Development Bank Ltd.,1033.6,1112.0,1033.6,,1064.6,1088.0,-23.40000000000009,,540.0,560216.0,9.0,78.40000000000009,7.585139318885458,-2.150735294117655,62246.22222222222,1037.437037037037
2026-07-27T05:45:31+00:00,2026-07-27T11:30:31+05:45,2026-07-27,11:30:31,1785131131,0,5,11,nepse_official,OPEN,2026-07-27,GSY,Garima Samriddhi Yojana,9.51,9.51,9.51,,9.51,9.42,0.08999999999999986,,300.0,2853.0,3.0,0.0,0.0,0.9554140127388521,951.0,9.51
2026-07-27T05:45:31+00:00,2026-07-27T11:30:31+05:45,2026-07-27,11:30:31,1785131131,0,5,11,nepse_official,OPEN,2026-07-27,GUFL,Gurkhas Finance Ltd.,566.9,582.0,566.9,,582.0,557.0,25.0,,8147.0,4663196.5,47.0,15.100000000000023,2.6636091021344193,4.488330341113106,99216.94680851063,572.3820424696207
2026-07-27T05:45:31+00:00,2026-07-27T11:30:31+05:45,2026-07-27,11:30:31,1785131131,0,5,11,nepse_official,OPEN,2026-07-27,GVL,Green Ventures Limited,482.4,485.0,482.4,,483.5,485.0,-1.5,,132.0,63826.4,3.0,2.6000000000000227,0.5389718076285288,-0.30927835051546393,21275.466666666667,483.53333333333336
2026-07-27T05:45:31+00:00,2026-07-27T11:30:31+05:45,2026-07-27,11:30:31,1785131131,0,5,11,nepse_official,OPEN,2026-07-27,H8020,Himalayan 80-20,11.8,11.8,11.8,,11.8,12.0,-0.1999999999999993,,100.0,1180.0,1.0,0.0,0.0,-1.6666666666666607,1180.0,11.8
2026-07-27T05:45:31+00:00,2026-07-27T11:30:31+05:45,2026-07-27,11:30:31,1785131131,0,5,11,nepse_official,OPEN,2026-07-27,HATHY,Hathway Investment Nepal Limited,750.0,750.0,740.0,,740.0,755.0,-15.0,,149.0,110560.0,6.0,10.0,1.3333333333333335,-1.9867549668874174,18426.666666666668,742.0134228187919
2026-07-27T05:45:31+00:00,2026-07-27T11:30:31+05:45,2026-07-27,11:30:31,1785131131,0,5,11,nepse_official,OPEN,2026-07-27,HBL,Himalayan Bank Limited,206.0,206.0,203.1,,205.1,206.0,-0.9000000000000057,,2964.0,608164.8,104.0,2.9000000000000057,1.4077669902912648,-0.43689320388349795,5847.738461538462,205.18380566801622
2026-07-27T05:45:31+00:00,2026-07-27T11:30:31+05:45,2026-07-27,11:30:31,1785131131,0,5,11,nepse_official,OPEN,2026-07-27,HDHPC,Himal Dolakha Hydropower Company Limited,220.6,221.0,218.5,,220.0,218.6,1.4000000000000057,,22386.0,4938795.1,41.0,2.5,1.1332728921124207,0.640439158279966,120458.41707317073,220.61981148932367
2026-07-27T05:45:31+00:00,2026-07-27T11:30:31+05:45,2026-07-27,11:30:31,1785131131,0,5,11,nepse_official,OPEN,2026-07-27,HDL,Himalayan Distillery Limited,1199.0,1199.0,1170.0,,1175.2,1166.0,9.200000000000045,,467.0,549808.4,14.0,29.0,2.418682235195997,0.7890222984562646,39272.02857142857,1177.319914346895
2026-07-27T05:45:31+00:00,2026-07-27T11:30:31+05:45,2026-07-27,11:30:31,1785131131,0,5,11,nepse_official,OPEN,2026-07-27,HEI,Himalayan Everest Insurance Limited,545.0,545.0,540.0,,540.0,544.0,-4.0,,363.0,197210.0,3.0,5.0,0.9174311926605505,-0.7352941176470588,65736.66666666667,543.2782369146006
2026-07-27T05:45:31+00:00,2026-07-27T11:30:31+05:45,2026-07-27,11:30:31,1785131131,0,5,11,nepse_official,OPEN,2026-07-27,HFIN,Hotel Forest Inn Limited,757.0,780.0,757.0,,772.0,779.0,-7.0,,3191.0,2471375.7,71.0,23.0,3.038309114927345,-0.8985879332477535,34808.108450704225,774.4831400814792
2026-07-27T05:45:31+00:00,2026-07-27T11:30:31+05:45,2026-07-27,11:30:31,1785131131,0,5,11,nepse_official,OPEN,2026-07-27,HHL,Himalayan Hydropower Limited,350.0,355.9,347.0,,347.0,349.0,-2.0,,70.0,24765.0,3.0,8.899999999999977,2.5428571428571365,-0.5730659025787965,8255.0,353.7857142857143
2026-07-27T05:45:31+00:00,2026-07-27T11:30:31+05:45,2026-07-27,11:30:31,1785131131,0,5,11,nepse_official,OPEN,2026-07-27,HIDCL,Hydorelectricity Investment and Development Company Ltd,261.3,265.0,260.2,,264.9,263.7,1.1999999999999886,,383.0,100612.0,8.0,4.800000000000011,1.83696900114811,0.45506257110352244,12576.5,262.69451697127937
2026-07-27T05:45:31+00:00,2026-07-27T11:30:31+05:45,2026-07-27,11:30:31,1785131131,0,5,11,nepse_official,OPEN,2026-07-27,HIDCLP,Hydorelectricity Investment and Development Company Limited Promoter,195.0,197.0,194.2,,197.0,195.9,1.0999999999999943,,1158.0,226325.4,10.0,2.8000000000000114,1.435897435897442,0.5615109749872355,22632.54,195.44507772020725
2026-07-27T05:45:31+00:00,2026-07-27T11:30:31+05:45,2026-07-27,11:30:31,1785131131,0,5,11,nepse_official,OPEN,2026-07-27,HIMSTAR,Him Star Urja Company Limited,748.0,770.0,748.0,,770.0,770.0,0.0,,240.0,184577.0,4.0,22.0,2.941176470588235,0.0,46144.25,769.0708333333333
2026-07-27T05:45:31+00:00,2026-07-27T11:30:31+05:45,2026-07-27,11:30:31,1785131131,0,5,11,nepse_official,OPEN,2026-07-27,HLI,Himalayan Life Insurance Limited,330.0,334.7,330.0,,334.7,333.5,1.1999999999999886,,911.0,302084.5,17.0,4.699999999999989,1.4242424242424208,0.3598200899550191,17769.676470588234,331.5965971459934
2026-07-27T05:45:31+00:00,2026-07-27T11:30:31+05:45,2026-07-27,11:30:31,1785131131,0,5,11,nepse_official,OPEN,2026-07-27,HPPL,Himalayan Power Partner Ltd.,370.0,385.0,370.0,,381.3,380.0,1.3000000000000114,,7313.0,2802734.1,39.0,15.0,4.054054054054054,0.34210526315789774,71864.97692307693,383.2536715438261
2026-07-27T05:45:31+00:00,2026-07-27T11:30:31+05:45,2026-07-27,11:30:31,1785131131,0,5,11,nepse_official,OPEN,2026-07-27,HRL,Himalayan Reinsurance Limited,635.0,635.0,612.0,,623.5,629.0,-5.5,,16599.0,10347824.6,180.0,23.0,3.622047244094488,-0.8744038155802861,57487.91444444444,623.4004819567443
2026-07-27T05:45:31+00:00,2026-07-27T11:30:31+05:45,2026-07-27,11:30:31,1785131131,0,5,11,nepse_official,OPEN,2026-07-27,HURJA,Himalaya Urja Bikas Company Limited,241.3,241.3,241.3,,241.3,241.0,0.30000000000001137,,100.0,24130.0,2.0,0.0,0.0,0.1244813278008346,12065.0,241.3
2026-07-27T05:45:31+00:00,2026-07-27T11:30:31+05:45,2026-07-27,11:30:31,1785131131,0,5,11,nepse_official,OPEN,2026-07-27,ICFC,ICFC Finance Limited,628.0,628.0,628.0,,628.0,628.0,0.0,,50.0,31400.0,1.0,0.0,0.0,0.0,31400.0,628.0
2026-07-27T05:45:31+00:00,2026-07-27T11:30:31+05:45,2026-07-27,11:30:31,1785131131,0,5,11,nepse_official,OPEN,2026-07-27,ICFCD89,8% ICFC Finance Limited Debenture 2089,1100.0,1100.0,1100.0,,1100.0,1101.0,-1.0,,25.0,27500.0,1.0,0.0,0.0,-0.09082652134423251,27500.0,1100.0
2026-07-27T05:45:31+00:00,2026-07-27T11:30:31+05:45,2026-07-27,11:30:31,1785131131,0,5,11,nepse_official,OPEN,2026-07-27,IHL,Ingwa Hydropower Limited,356.1,361.0,356.1,,361.0,362.5,-1.5,,510.0,184061.0,2.0,4.899999999999977,1.376017972479634,-0.41379310344827586,92030.5,360.9039215686274
2026-07-27T05:45:31+00:00,2026-07-27T11:30:31+05:45,2026-07-27,11:30:31,1785131131,0,5,11,nepse_official,OPEN,2026-07-27,ILBS,Infinity Laghubitta Bittiya Sanstha Limited,860.0,930.0,860.0,,917.3,884.0,33.299999999999955,,65.0,58087.0,6.0,70.0,8.13953488372093,3.7669683257918503,9681.166666666666,893.6461538461539
2026-07-27T05:45:31+00:00,2026-07-27T11:30:31+05:45,2026-07-27,11:30:31,1785131131,0,5,11,nepse_official,OPEN,2026-07-27,ILI,IME Life Insurance Company Limited,422.0,429.9,422.0,,425.0,425.0,0.0,,219.0,92876.7,19.0,7.899999999999977,1.872037914691938,0.0,4888.247368421053,424.0945205479452
2026-07-27T05:45:31+00:00,2026-07-27T11:30:31+05:45,2026-07-27,11:30:31,1785131131,0,5,11,nepse_official,OPEN,2026-07-27,JBBL,Jyoti Bikas Bank Limited,360.1,365.0,360.1,,361.6,364.1,-2.5,,6465.0,2340122.5,10.0,4.899999999999977,1.360733129686192,-0.6866245536940401,234012.25,361.9679040989946
2026-07-27T05:45:31+00:00,2026-07-27T11:30:31+05:45,2026-07-27,11:30:31,1785131131,0,5,11,nepse_official,OPEN,2026-07-27,JBLB,Jeevan Bikas Laghubitta  Bittya Sanstha Ltd,1265.0,1283.0,1265.0,,1280.0,1283.0,-3.0,,124.0,158173.0,8.0,18.0,1.4229249011857708,-0.23382696804364772,19771.625,1275.5887096774193
2026-07-27T05:45:31+00:00,2026-07-27T11:30:31+05:45,2026-07-27,11:30:31,1785131131,0,5,11,nepse_official,OPEN,2026-07-27,JHAPA,Jhapa Energy Limited,1201.1,1223.9,1200.0,,1215.0,1211.1,3.900000000000091,,1016.0,1230859.6,17.0,23.90000000000009,1.9898426442427852,0.322021302947741,72403.50588235294,1211.4759842519686
2026-07-27T05:45:31+00:00,2026-07-27T11:30:31+05:45,2026-07-27,11:30:31,1785131131,0,5,11,nepse_official,OPEN,2026-07-27,JOSHI,Joshi Hydropower Development Company Ltd,276.9,276.9,274.9,,274.9,270.0,4.899999999999977,,1150.0,316291.0,6.0,2.0,0.7222824124232575,1.8148148148148062,52715.166666666664,275.03565217391304
2026-07-27T05:45:31+00:00,2026-07-27T11:30:31+05:45,2026-07-27,11:30:31,1785131131,0,5,11,nepse_official,OPEN,2026-07-27,KAHL,Kalanga Hydro Limited,601.2,608.0,585.0,,595.0,601.2,-6.2000000000000455,,5114.0,3072137.1,262.0,23.0,3.825681969394544,-1.0312707917498412,11725.714122137404,600.7307587016035
2026-07-27T05:45:31+00:00,2026-07-27T11:30:31+05:45,2026-07-27,11:30:31,1785131131,0,5,11,nepse_official,OPEN,2026-07-27,KBL,Kumari Bank Limited,228.2,231.5,227.0,,229.0,228.2,0.8000000000000114,,66926.0,15355500.3,172.0,4.5,1.9719544259421562,0.350569675723055,89276.16453488372,229.43998296626125
2026-07-27T05:45:31+00:00,2026-07-27T11:30:31+05:45,2026-07-27,11:30:31,1785131131,0,5,11,nepse_official,OPEN,2026-07-27,KBSH,Kutheli Bukhari Small Hydropower Limited,1053.0,1053.0,1030.9,,1032.6,1050.0,-17.40000000000009,,3873.0,4030817.6,44.0,22.09999999999991,2.098765432098757,-1.6571428571428657,91609.4909090909,1040.7481538858767
2026-07-27T05:45:31+00:00,2026-07-27T11:30:31+05:45,2026-07-27,11:30:31,1785131131,0,5,11,nepse_official,OPEN,2026-07-27,KDBY,Kumari Dhanabriddhi Yojana,10.9,11.0,10.9,,11.0,11.0,0.0,,300.0,3280.0,3.0,0.09999999999999964,0.9174311926605472,0.0,1093.3333333333333,10.933333333333334
2026-07-27T05:45:31+00:00,2026-07-27T11:30:31+05:45,2026-07-27,11:30:31,1785131131,0,5,11,nepse_official,OPEN,2026-07-27,KDL,Kalinchowk Darshan Limited,793.0,793.0,793.0,,793.0,813.9,-20.899999999999977,,20.0,15860.0,2.0,0.0,0.0,-2.5678830323135493,7930.0,793.0
2026-07-27T05:45:31+00:00,2026-07-27T11:30:31+05:45,2026-07-27,11:30:31,1785131131,0,5,11,nepse_official,OPEN,2026-07-27,KHPL,Kalinchock Hydropower Limited,960.4,989.9,960.4,,972.5,990.0,-17.5,,355.0,345268.5,15.0,29.5,3.071636817992503,-1.7676767676767675,23017.9,972.587323943662
2026-07-27T05:45:31+00:00,2026-07-27T11:30:31+05:45,2026-07-27,11:30:31,1785131131,0,5,11,nepse_official,OPEN,2026-07-27,KKHC,Khanikhola Hydropower Co. Ltd.,282.3,288.0,280.0,,285.0,282.3,2.6999999999999886,,86401.0,24552852.1,237.0,8.0,2.8338646829613885,0.9564293304994645,103598.53206751056,284.1732398930568
2026-07-27T05:45:31+00:00,2026-07-27T11:30:31+05:45,2026-07-27,11:30:31,1785131131,0,5,11,nepse_official,OPEN,2026-07-27,KPCL,Kalika power Company Ltd,482.0,482.0,482.0,,482.0,482.0,0.0,,79.0,38078.0,2.0,0.0,0.0,0.0,19039.0,482.0
2026-07-27T05:45:31+00:00,2026-07-27T11:30:31+05:45,2026-07-27,11:30:31,1785131131,0,5,11,nepse_official,OPEN,2026-07-27,KSY,Kumari Sabal Yojana,9.5,9.5,9.5,,9.5,9.55,-0.05000000000000071,,100.0,950.0,1.0,0.0,0.0,-0.5235602094240912,950.0,9.5
2026-07-27T05:45:31+00:00,2026-07-27T11:30:31+05:45,2026-07-27,11:30:31,1785131131,0,5,11,nepse_official,OPEN,2026-07-27,LBBL,Lumbini Bikas Bank Ltd.,510.0,514.9,500.0,,511.0,510.0,1.0,,6840.0,3500014.0,35.0,14.899999999999977,2.921568627450976,0.19607843137254902,100000.4,511.6979532163743
2026-07-27T05:45:31+00:00,2026-07-27T11:30:31+05:45,2026-07-27,11:30:31,1785131131,0,5,11,nepse_official,OPEN,2026-07-27,LEC,Liberty Energy Company Limited,225.0,231.0,225.0,,229.1,224.0,5.099999999999994,,87108.0,19989189.8,182.0,6.0,2.666666666666667,2.2767857142857117,109830.71318681318,229.4759356201497
2026-07-27T05:45:31+00:00,2026-07-27T11:30:31+05:45,2026-07-27,11:30:31,1785131131,0,5,11,nepse_official,OPEN,2026-07-27,LICN,Life Insurance Corporation (Nepal) Limited,814.9,814.9,807.0,,807.0,804.0,3.0,,70.0,56885.0,2.0,7.899999999999977,0.9694441035709875,0.3731343283582089,28442.5,812.6428571428571
2026-07-27T05:45:31+00:00,2026-07-27T11:30:31+05:45,2026-07-27,11:30:31,1785131131,0,5,11,nepse_official,OPEN,2026-07-27,LSL,Laxmi Sunrise Bank Limited,218.8,235.0,218.8,,230.0,230.3,-0.30000000000001137,,28171.0,6496250.1,43.0,16.19999999999999,7.404021937842773,-0.13026487190621422,151075.5837209302,230.60062120620495
2026-07-27T05:45:31+00:00,2026-07-27T11:30:31+05:45,2026-07-27,11:30:31,1785131131,0,5,11,nepse_official,OPEN,2026-07-27,MABEL,Mabilung Energy Limited,638.0,638.2,635.2,,636.0,637.0,-1.0,,320.0,203564.0,7.0,3.0,0.4702194357366771,-0.15698587127158556,29080.571428571428,636.1375
2026-07-27T05:45:31+00:00,2026-07-27T11:30:31+05:45,2026-07-27,11:30:31,1785131131,0,5,11,nepse_official,OPEN,2026-07-27,MAKAR,Makar Jitumaya Suri Hydropower Limited,460.0,460.0,450.0,,450.0,450.0,0.0,,16425.0,7404314.0,47.0,10.0,2.1739130434782608,0.0,157538.59574468085,450.7953729071537
2026-07-27T05:45:31+00:00,2026-07-27T11:30:31+05:45,2026-07-27,11:30:31,1785131131,0,5,11,nepse_official,OPEN,2026-07-27,MANDU,Mandu Hydropower Limited,858.0,858.0,833.0,,833.0,857.9,-24.899999999999977,,243.0,205996.0,7.0,25.0,2.9137529137529135,-2.9024361813731177,29428.0,847.7201646090535
2026-07-27T05:45:31+00:00,2026-07-27T11:30:31+05:45,2026-07-27,11:30:31,1785131131,0,5,11,nepse_official,OPEN,2026-07-27,MATRI,Matribhumi Lagubitta Bittiya Sanstha Limited,828.0,828.0,828.0,,828.0,843.0,-15.0,,11.0,9108.0,1.0,0.0,0.0,-1.7793594306049825,9108.0,828.0
2026-07-27T05:45:31+00:00,2026-07-27T11:30:31+05:45,2026-07-27,11:30:31,1785131131,0,5,11,nepse_official,OPEN,2026-07-27,MBJC,Madhya Bhotekoshi Jalavidyut Company Limited,276.0,276.1,272.0,,273.4,276.1,-2.7000000000000455,,305.0,83577.0,17.0,4.100000000000023,1.4855072463768197,-0.977906555595815,4916.294117647059,274.02295081967213
2026-07-27T05:45:31+00:00,2026-07-27T11:30:31+05:45,2026-07-27,11:30:31,1785131131,0,5,11,nepse_official,OPEN,2026-07-27,MBL,Machhapuchhre Bank Limited,259.0,263.0,258.6,,262.0,259.9,2.1000000000000227,,30465.0,7951355.9,56.0,4.399999999999977,1.69884169884169,0.808003078106973,141988.49821428573,260.99970129656987
2026-07-27T05:45:31+00:00,2026-07-27T11:30:31+05:45,2026-07-27,11:30:31,1785131131,0,5,11,nepse_official,OPEN,2026-07-27,MBLEF,MBL Equity Fund,9.9,10.2,9.9,,10.2,10.2,0.0,,1200.0,12138.0,4.0,0.29999999999999893,3.030303030303019,0.0,3034.5,10.115
2026-07-27T05:45:31+00:00,2026-07-27T11:30:31+05:45,2026-07-27,11:30:31,1785131131,0,5,11,nepse_official,OPEN,2026-07-27,MCHL,Menchhiyam Hydropower Limited,290.0,290.0,285.1,,285.1,285.0,0.10000000000002274,,270.0,77651.0,5.0,4.899999999999977,1.6896551724137854,0.03508771929825359,15530.2,287.5962962962963
2026-07-27T05:45:31+00:00,2026-07-27T11:30:31+05:45,2026-07-27,11:30:31,1785131131,0,5,11,nepse_official,OPEN,2026-07-27,MEHL,Manakamana Engineering Hydropower Limited,315.1,323.0,315.0,,323.0,315.0,8.0,,405.0,127656.0,4.0,8.0,2.5388765471278956,2.5396825396825395,31914.0,315.2
2026-07-27T05:45:31+00:00,2026-07-27T11:30:31+05:45,2026-07-27,11:30:31,1785131131,0,5,11,nepse_official,OPEN,2026-07-27,MEL,Modi Energy Limited,220.0,221.1,220.0,,221.1,220.0,1.0999999999999943,,70.0,15442.0,7.0,1.0999999999999943,0.4999999999999974,0.4999999999999974,2206.0,220.6
2026-07-27T05:45:31+00:00,2026-07-27T11:30:31+05:45,2026-07-27,11:30:31,1785131131,0,5,11,nepse_official,OPEN,2026-07-27,MEN,Mountain Energy Nepal Limited,597.1,602.9,597.1,,601.0,597.0,4.0,,315.0,189140.5,9.0,5.7999999999999545,0.9713615809747035,0.6700167504187605,21015.61111111111,600.4460317460317
2026-07-27T05:45:31+00:00,2026-07-27T11:30:31+05:45,2026-07-27,11:30:31,1785131131,0,5,11,nepse_official,OPEN,2026-07-27,MERO,Mero Microfinance Bittiya Sanstha Ltd.,700.0,700.0,699.0,,699.0,694.0,5.0,,215.0,150485.0,2.0,1.0,0.14285714285714285,0.7204610951008645,75242.5,699.9302325581396
2026-07-27T05:45:31+00:00,2026-07-27T11:30:31+05:45,2026-07-27,11:30:31,1785131131,0,5,11,nepse_official,OPEN,2026-07-27,MFIL,Manjushree Finance Ltd.,770.0,835.0,770.0,,787.2,795.9,-8.699999999999932,,1246.0,993817.0,12.0,65.0,8.441558441558442,-1.093102148511111,82818.08333333333,797.6059390048154
2026-07-27T05:45:31+00:00,2026-07-27T11:30:31+05:45,2026-07-27,11:30:31,1785131131,0,5,11,nepse_official,OPEN,2026-07-27,MHCL,Molung Hydropower Company Limited,325.0,325.0,325.0,,325.0,330.0,-5.0,,50.0,16250.0,5.0,0.0,0.0,-1.5151515151515151,3250.0,325.0
2026-07-27T05:45:31+00:00,2026-07-27T11:30:31+05:45,2026-07-27,11:30:31,1785131131,0,5,11,nepse_official,OPEN,2026-07-27,MKCL,Muktinath Krishi Company Limited,1152.0,1152.0,1152.0,,1152.0,1180.0,-28.0,,10.0,11520.0,1.0,0.0,0.0,-2.3728813559322033,11520.0,1152.0
2026-07-27T05:45:31+00:00,2026-07-27T11:30:31+05:45,2026-07-27,11:30:31,1785131131,0,5,11,nepse_official,OPEN,2026-07-27,MKHC,Maya Khola Hydropower Company Limited,293.0,294.5,293.0,,294.5,297.2,-2.6999999999999886,,30.0,8820.0,3.0,1.5,0.5119453924914675,-0.9084791386271832,2940.0,294.0
2026-07-27T05:45:31+00:00,2026-07-27T11:30:31+05:45,2026-07-27,11:30:31,1785131131,0,5,11,nepse_official,OPEN,2026-07-27,MKHL,Mai Khola Hydropower Limited,493.0,516.9,493.0,,516.9,507.0,9.899999999999977,,1380.0,707865.2,12.0,23.899999999999977,4.847870182555776,1.9526627218934869,58988.76666666666,512.9457971014492
2026-07-27T05:45:31+00:00,2026-07-27T11:30:31+05:45,2026-07-27,11:30:31,1785131131,0,5,11,nepse_official,OPEN,2026-07-27,MKJC,Mailung Khola Jal Vidhyut Company Limited,500.0,500.0,485.0,,492.9,487.0,5.899999999999977,,585.0,290779.0,7.0,15.0,3.0,1.2114989733059502,41539.857142857145,497.05811965811967
2026-07-27T05:45:31+00:00,2026-07-27T11:30:31+05:45,2026-07-27,11:30:31,1785131131,0,5,11,nepse_official,OPEN,2026-07-27,MLBL,Mahalaxmi Bikas Bank Ltd.,366.8,366.8,366.8,,366.8,364.0,2.8000000000000114,,150.0,55020.0,1.0,0.0,0.0,0.7692307692307724,55020.0,366.8
2026-07-27T05:45:31+00:00,2026-07-27T11:30:31+05:45,2026-07-27,11:30:31,1785131131,0,5,11,nepse_official,OPEN,2026-07-27,MMF1,Mega Mutual Fund -1,9.19,9.19,9.19,,9.19,9.47,-0.28000000000000114,,100.0,919.0,1.0,0.0,0.0,-2.956705385427678,919.0,9.19
2026-07-27T05:45:31+00:00,2026-07-27T11:30:31+05:45,2026-07-27,11:30:31,1785131131,0,5,11,nepse_official,OPEN,2026-07-27,MMKJL,Mathillo Mailun Khola Jalvidhyut Limited,485.0,485.0,485.0,,485.0,496.0,-11.0,,10.0,4850.0,1.0,0.0,0.0,-2.217741935483871,4850.0,485.0
2026-07-27T05:45:31+00:00,2026-07-27T11:30:31+05:45,2026-07-27,11:30:31,1785131131,0,5,11,nepse_official,OPEN,2026-07-27,MNBBL,Muktinath Bikas Bank Ltd.,365.0,379.3,365.0,,379.2,377.0,2.1999999999999886,,565.0,212548.1,13.0,14.300000000000011,3.917808219178085,0.5835543766578218,16349.853846153846,376.1913274336283
2026-07-27T05:45:31+00:00,2026-07-27T11:30:31+05:45,2026-07-27,11:30:31,1785131131,0,5,11,nepse_official,OPEN,2026-07-27,MNMF1,Muktinath Mutual Fund 1,9.52,9.53,9.52,,9.53,9.7,-0.16999999999999993,,400.0,3809.0,2.0,0.009999999999999787,0.10504201680672046,-1.7525773195876282,1904.5,9.5225
2026-07-27T05:45:31+00:00,2026-07-27T11:30:31+05:45,2026-07-27,11:30:31,1785131131,0,5,11,nepse_official,OPEN,2026-07-27,MPFL,Multipurpose Finance Company  Limited,610.0,628.0,610.0,,627.5,626.9,0.6000000000000227,,1420.0,891010.0,6.0,18.0,2.9508196721311477,0.09570904450470932,148501.66666666666,627.4718309859155
2026-07-27T05:45:31+00:00,2026-07-27T11:30:31+05:45,2026-07-27,11:30:31,1785131131,0,5,11,nepse_official,OPEN,2026-07-27,MSLB,Mahuli Laghubitta Bittiya Sanstha Limited,1207.1,1207.1,1207.1,,1207.1,1244.0,-36.90000000000009,,10.0,12071.0,1.0,0.0,0.0,-2.966237942122194,12071.0,1207.1
2026-07-27T05:45:31+00:00,2026-07-27T11:30:31+05:45,2026-07-27,11:30:31,1785131131,0,5,11,nepse_official,OPEN,2026-07-27,NABBC,Narayani Development Bank Limited,800.0,808.0,790.0,,791.1,786.0,5.100000000000023,,834.0,666501.4,11.0,18.0,2.25,0.6488549618320639,60591.03636363637,799.1623501199041
2026-07-27T05:45:31+00:00,2026-07-27T11:30:31+05:45,2026-07-27,11:30:31,1785131131,0,5,11,nepse_official,OPEN,2026-07-27,NABIL,Nabil Bank Limited,553.0,559.9,553.0,,557.9,553.1,4.7999999999999545,,24313.0,13572115.2,85.0,6.899999999999977,1.2477396021699778,0.8678358343879866,159671.94352941174,558.2246205733558
2026-07-27T05:45:31+00:00,2026-07-27T11:30:31+05:45,2026-07-27,11:30:31,1785131131,0,5,11,nepse_official,OPEN,2026-07-27,NBBD2085,10.25% NBBL Debenture 2085,1165.0,1165.0,1160.7,,1160.7,1133.0,27.700000000000045,,95.0,110481.5,3.0,4.2999999999999545,0.36909871244634807,2.444836716681381,36827.166666666664,1162.963157894737
2026-07-27T05:45:31+00:00,2026-07-27T11:30:31+05:45,2026-07-27,11:30:31,1785131131,0,5,11,nepse_official,OPEN,2026-07-27,NBL,Nepal Bank Limited,258.4,275.0,258.4,,272.0,272.0,0.0,,6163.0,1677147.7,27.0,16.600000000000023,6.424148606811155,0.0,62116.58148148148,272.13170533830925
2026-07-27T05:45:31+00:00,2026-07-27T11:30:31+05:45,2026-07-27,11:30:31,1785131131,0,5,11,nepse_official,OPEN,2026-07-27,NBLD85,Nabil Debenture 2085,1070.9,1070.9,1070.9,,1070.9,1040.0,30.90000000000009,,25.0,26772.5,1.0,0.0,0.0,2.971153846153855,26772.5,1070.9
2026-07-27T05:45:31+00:00,2026-07-27T11:30:31+05:45,2026-07-27,11:30:31,1785131131,0,5,11,nepse_official,OPEN,2026-07-27,NESDO,NESDO Sambridha Laghubitta Bittiya Sanstha Limited,1490.0,1490.0,1490.0,,1490.0,1520.0,-30.0,,11.0,16390.0,1.0,0.0,0.0,-1.9736842105263157,16390.0,1490.0
2026-07-27T05:45:31+00:00,2026-07-27T11:30:31+05:45,2026-07-27,11:30:31,1785131131,0,5,11,nepse_official,OPEN,2026-07-27,NFS,Nepal Finance Ltd.,581.0,590.0,580.0,,590.0,582.0,8.0,,200.0,116510.0,3.0,10.0,1.7211703958691909,1.3745704467353952,38836.666666666664,582.55
2026-07-27T05:45:31+00:00,2026-07-27T11:30:31+05:45,2026-07-27,11:30:31,1785131131,0,5,11,nepse_official,OPEN,2026-07-27,NGPL,Ngadi Group Power Ltd.,416.1,422.0,416.1,,421.8,420.0,1.8000000000000114,,7846.0,3286458.6,17.0,5.899999999999977,1.417928382600331,0.42857142857143127,193321.09411764707,418.87058373693606
2026-07-27T05:45:31+00:00,2026-07-27T11:30:31+05:45,2026-07-27,11:30:31,1785131131,0,5,11,nepse_official,OPEN,2026-07-27,NHPC,National Hydro Power Company Limited,272.0,282.0,272.0,,280.0,280.4,-0.39999999999997726,,24651.0,6920942.0,54.0,10.0,3.6764705882352944,-0.14265335235377222,128165.5925925926,280.7570483956026
2026-07-27T05:45:31+00:00,2026-07-27T11:30:31+05:45,2026-07-27,11:30:31,1785131131,0,5,11,nepse_official,OPEN,2026-07-27,NIBD84,8.5% Nepal Investment Bank Debenture 2084,1063.3,1063.3,1063.3,,1063.3,1050.0,13.299999999999955,,30.0,31899.0,1.0,0.0,0.0,1.2666666666666624,31899.0,1063.3
2026-07-27T05:45:31+00:00,2026-07-27T11:30:31+05:45,2026-07-27,11:30:31,1785131131,0,5,11,nepse_official,OPEN,2026-07-27,NIBLGF,NIBL Growth Fund,9.65,9.65,9.65,,9.65,9.22,0.4299999999999997,,23700.0,228705.0,1.0,0.0,0.0,4.663774403470712,228705.0,9.65
2026-07-27T05:45:31+00:00,2026-07-27T11:30:31+05:45,2026-07-27,11:30:31,1785131131,0,5,11,nepse_official,OPEN,2026-07-27,NIBSF2,NIBL Samriddhi Fund -2,9.1,9.1,9.1,,9.1,8.85,0.25,,3570.0,32487.0,1.0,0.0,0.0,2.824858757062147,32487.0,9.1
2026-07-27T05:45:31+00:00,2026-07-27T11:30:31+05:45,2026-07-27,11:30:31,1785131131,0,5,11,nepse_official,OPEN,2026-07-27,NICA,NIC Asia Bank Ltd.,344.0,348.0,344.0,,345.5,344.2,1.3000000000000114,,5274.0,1817465.9,19.0,4.0,1.1627906976744187,0.37768739105171745,95656.09999999999,344.60862722791046
2026-07-27T05:45:31+00:00,2026-07-27T11:30:31+05:45,2026-07-27,11:30:31,1785131131,0,5,11,nepse_official,OPEN,2026-07-27,NICL,Nepal Insurance Co. Ltd.,521.0,521.0,521.0,,521.0,520.0,1.0,,16.0,8336.0,1.0,0.0,0.0,0.19230769230769232,8336.0,521.0
2026-07-27T05:45:31+00:00,2026-07-27T11:30:31+05:45,2026-07-27,11:30:31,1785131131,0,5,11,nepse_official,OPEN,2026-07-27,NICLBSL,NIC ASIA Laghubitta Bittiya Sanstha Limited,560.0,560.0,560.0,,560.0,568.0,-8.0,,40.0,22400.0,4.0,0.0,0.0,-1.4084507042253522,5600.0,560.0
2026-07-27T05:45:31+00:00,2026-07-27T11:30:31+05:45,2026-07-27,11:30:31,1785131131,0,5,11,nepse_official,OPEN,2026-07-27,NIFRA,Nepal Infrastructure Bank Limited,256.0,256.5,252.0,,255.0,255.0,0.0,,1297.0,329695.7,39.0,4.5,1.7578125,0.0,8453.735897435898,254.1986892829607
2026-07-27T05:45:31+00:00,2026-07-27T11:30:31+05:45,2026-07-27,11:30:31,1785131131,0,5,11,nepse_official,OPEN,2026-07-27,NIMB,Nepal Investment Mega Bank Limited,194.0,208.0,194.0,,203.0,204.2,-1.1999999999999886,,15743.0,3201256.6,62.0,14.0,7.216494845360824,-0.587659157688535,51633.170967741935,203.34476275169916
2026-07-27T05:45:31+00:00,2026-07-27T11:30:31+05:45,2026-07-27,11:30:31,1785131131,0,5,11,nepse_official,OPEN,2026-07-27,NIMBD90,10% NIMB Debenture 2090,1220.1,1266.2,1220.1,,1266.2,1220.1,46.100000000000136,,1544.0,1955003.3,2.0,46.100000000000136,3.7783788214080927,3.7783788214080927,977501.65,1266.193847150259
2026-07-27T05:45:31+00:00,2026-07-27T11:30:31+05:45,2026-07-27,11:30:31,1785131131,0,5,11,nepse_official,OPEN,2026-07-27,NIMBPO,Nepal Investment Mega Bank Ltd. Promoter Share,149.2,149.2,149.2,,149.2,145.1,4.099999999999994,,10.0,1492.0,1.0,0.0,0.0,2.8256374913852476,1492.0,149.2
2026-07-27T05:45:31+00:00,2026-07-27T11:30:31+05:45,2026-07-27,11:30:31,1785131131,0,5,11,nepse_official,OPEN,2026-07-27,NLG,NLG Insurance Company Ltd.,603.0,603.0,603.0,,603.0,603.9,-0.8999999999999773,,850.0,512550.0,4.0,0.0,0.0,-0.14903129657227643,128137.5,603.0
2026-07-27T05:45:31+00:00,2026-07-27T11:30:31+05:45,2026-07-27,11:30:31,1785131131,0,5,11,nepse_official,OPEN,2026-07-27,NLIC,Nepal Life Insurance Co. Ltd.,769.0,770.0,769.0,,769.0,769.0,0.0,,787.0,605229.2,9.0,1.0,0.13003901170351106,0.0,67247.68888888888,769.0332909783989
2026-07-27T05:45:31+00:00,2026-07-27T11:30:31+05:45,2026-07-27,11:30:31,1785131131,0,5,11,nepse_official,OPEN,2026-07-27,NLICL,National Life Insurance Co. Ltd.,588.0,605.0,588.0,,588.0,588.0,0.0,,8101.0,4858229.0,13.0,17.0,2.891156462585034,0.0,373709.92307692306,599.7073200839402
2026-07-27T05:45:31+00:00,2026-07-27T11:30:31+05:45,2026-07-27,11:30:31,1785131131,0,5,11,nepse_official,OPEN,2026-07-27,NMB,NMB Bank Limited,235.0,252.7,235.0,,248.0,247.1,0.9000000000000057,,3839.0,953950.2,23.0,17.69999999999999,7.5319148936170155,0.3642250101173637,41476.09565217391,248.4892419901016
2026-07-27T05:45:31+00:00,2026-07-27T11:30:31+05:45,2026-07-27,11:30:31,1785131131,0,5,11,nepse_official,OPEN,2026-07-27,NMB50,NMB 50,10.74,10.74,10.74,,10.74,10.6,0.14000000000000057,,119.0,1278.06,1.0,0.0,0.0,1.3207547169811376,1278.06,10.74
2026-07-27T05:45:31+00:00,2026-07-27T11:30:31+05:45,2026-07-27,11:30:31,1785131131,0,5,11,nepse_official,OPEN,2026-07-27,NMBHF2,NMB Hybrid Fund L- II,9.81,9.84,9.81,,9.84,9.77,0.07000000000000028,,82855.0,812986.44,3.0,0.02999999999999936,0.30581039755351025,0.7164790174002077,270995.48,9.812159073079476
2026-07-27T05:45:31+00:00,2026-07-27T11:30:31+05:45,2026-07-27,11:30:31,1785131131,0,5,11,nepse_official,OPEN,2026-07-27,NMFBS,National Laghubitta Bittiya Sanstha Limited,1131.0,1131.0,1121.8,,1121.8,1131.0,-9.200000000000045,,13.0,14588.4,3.0,9.200000000000045,0.8134394341290933,-0.8134394341290933,4862.8,1122.1846153846154
2026-07-27T05:45:31+00:00,2026-07-27T11:30:31+05:45,2026-07-27,11:30:31,1785131131,0,5,11,nepse_official,OPEN,2026-07-27,NMIC,Nepal Micro Insurance Company Limited,961.0,975.0,961.0,,975.0,984.0,-9.0,,90.0,87251.0,9.0,14.0,1.45681581685744,-0.9146341463414633,9694.555555555555,969.4555555555555
2026-07-27T05:45:31+00:00,2026-07-27T11:30:31+05:45,2026-07-27,11:30:31,1785131131,0,5,11,nepse_official,OPEN,2026-07-27,NRIC,Nepal Reinsurance Company Limited,986.0,995.0,975.0,,994.8,986.0,8.799999999999955,,4667.0,4631773.9,29.0,20.0,2.028397565922921,0.8924949290060805,159716.34137931035,992.4520891364904
2026-07-27T05:45:31+00:00,2026-07-27T11:30:31+05:45,2026-07-27,11:30:31,1785131131,0,5,11,nepse_official,OPEN,2026-07-27,NRM,Nepal Republic Media Limited,324.0,324.0,321.4,,321.4,328.4,-7.0,,20.0,6454.0,2.0,2.6000000000000227,0.8024691358024761,-2.131546894031669,3227.0,322.7
2026-07-27T05:45:31+00:00,2026-07-27T11:30:31+05:45,2026-07-27,11:30:31,1785131131,0,5,11,nepse_official,OPEN,2026-07-27,NRN,NRN Infrastructure and Development Limited,1435.0,1479.0,1435.0,,1470.0,1463.0,7.0,,5905.0,8622007.0,33.0,44.0,3.0662020905923346,0.4784688995215311,261272.9393939394,1460.1197290431837
2026-07-27T05:45:31+00:00,2026-07-27T11:30:31+05:45,2026-07-27,11:30:31,1785131131,0,5,11,nepse_official,OPEN,2026-07-27,NSIF2,NMB Sulav Investment Fund - 2,10.68,10.68,10.68,,10.68,10.68,0.0,,100.0,1068.0,1.0,0.0,0.0,0.0,1068.0,10.68
2026-07-27T05:45:31+00:00,2026-07-27T11:30:31+05:45,2026-07-27,11:30:31,1785131131,0,5,11,nepse_official,OPEN,2026-07-27,NSY,Nepal Life Samriddhi Lagani Yojana,9.33,9.33,9.33,,9.33,9.33,0.0,,300.0,2799.0,2.0,0.0,0.0,0.0,1399.5,9.33
2026-07-27T05:45:31+00:00,2026-07-27T11:30:31+05:45,2026-07-27,11:30:31,1785131131,0,5,11,nepse_official,OPEN,2026-07-27,NTC,Nepal Doorsanchar Company Limited,864.1,865.0,864.1,,865.0,864.0,1.0,,317.0,274016.0,9.0,0.8999999999999773,0.10415461173475028,0.11574074074074073,30446.222222222223,864.403785488959
2026-07-27T05:45:31+00:00,2026-07-27T11:30:31+05:45,2026-07-27,11:30:31,1785131131,0,5,11,nepse_official,OPEN,2026-07-27,NUBL,Nirdhan Utthan Laghubitta Bittiya Sanstha Limited,633.0,633.0,633.0,,633.0,640.6,-7.600000000000023,,200.0,126600.0,1.0,0.0,0.0,-1.186387761473622,126600.0,633.0
2026-07-27T05:45:31+00:00,2026-07-27T11:30:31+05:45,2026-07-27,11:30:31,1785131131,0,5,11,nepse_official,OPEN,2026-07-27,NWCL,Nepal Warehousing Company Limited ,721.1,725.0,721.1,,725.0,739.9,-14.899999999999977,,20.0,14461.0,2.0,3.8999999999999773,0.5408403827485754,-2.0137856467090116,7230.5,723.05
2026-07-27T05:45:31+00:00,2026-07-27T11:30:31+05:45,2026-07-27,11:30:31,1785131131,0,5,11,nepse_official,OPEN,2026-07-27,NYADI,Nyadi Hydropower Limited,368.0,368.0,368.0,,368.0,371.0,-3.0,,35.0,12880.0,3.0,0.0,0.0,-0.8086253369272237,4293.333333333333,368.0
2026-07-27T05:45:31+00:00,2026-07-27T11:30:31+05:45,2026-07-27,11:30:31,1785131131,0,5,11,nepse_official,OPEN,2026-07-27,OMPL,Om Megashree Pharmaceuticals Limited,975.0,996.0,975.0,,996.0,996.0,0.0,,220.0,214860.0,4.0,21.0,2.1538461538461537,0.0,53715.0,976.6363636363636
2026-07-27T05:45:31+00:00,2026-07-27T11:30:31+05:45,2026-07-27,11:30:31,1785131131,0,5,11,nepse_official,OPEN,2026-07-27,PCBL,Prime Commercial Bank Ltd.,230.9,248.0,230.9,,245.1,243.0,2.0999999999999943,,15113.0,3711789.3,45.0,17.099999999999994,7.405803378085748,0.8641975308641952,82484.20666666667,245.60241513928403
2026-07-27T05:45:31+00:00,2026-07-27T11:30:31+05:45,2026-07-27,11:30:31,1785131131,0,5,11,nepse_official,OPEN,2026-07-27,PCIL,Palpa Cement Industries Limited,660.0,700.0,660.0,,695.0,692.0,3.0,,4785.0,3334668.5,82.0,40.0,6.0606060606060606,0.4335260115606936,40666.689024390245,696.9004179728317
2026-07-27T05:45:31+00:00,2026-07-27T11:30:31+05:45,2026-07-27,11:30:31,1785131131,0,5,11,nepse_official,OPEN,2026-07-27,PHCL,Peoples Hydropower Company Limited,309.0,310.5,308.6,,309.0,309.0,0.0,,2697.0,834524.0,15.0,1.8999999999999773,0.6148867313915783,0.0,55634.933333333334,309.4267704857249
2026-07-27T05:45:31+00:00,2026-07-27T11:30:31+05:45,2026-07-27,11:30:31,1785131131,0,5,11,nepse_official,OPEN,2026-07-27,PMHPL,Panchakanya Mai Hydropower Ltd,320.0,320.0,320.0,,320.0,324.0,-4.0,,10.0,3200.0,1.0,0.0,0.0,-1.2345679012345678,3200.0,320.0
2026-07-27T05:45:31+00:00,2026-07-27T11:30:31+05:45,2026-07-27,11:30:31,1785131131,0,5,11,nepse_official,OPEN,2026-07-27,PMLI,Prabhu Mahalaxmi Life Insurance Limited,442.0,466.0,442.0,,447.3,454.0,-6.699999999999989,,142.0,63675.1,12.0,24.0,5.429864253393665,-1.4757709251101296,5306.258333333333,448.4161971830986
2026-07-27T05:45:31+00:00,2026-07-27T11:30:31+05:45,2026-07-27,11:30:31,1785131131,0,5,11,nepse_official,OPEN,2026-07-27,PPL,People's Power Limited,328.9,338.7,328.9,,334.0,339.0,-5.0,,105.0,35053.0,5.0,9.800000000000011,2.979629066585592,-1.4749262536873156,7010.6,333.83809523809526
2026-07-27T05:45:31+00:00,2026-07-27T11:30:31+05:45,2026-07-27,11:30:31,1785131131,0,5,11,nepse_official,OPEN,2026-07-27,PRIN,Prabhu Insurance Ltd.,697.0,697.0,696.0,,696.0,695.0,1.0,,324.0,225604.0,2.0,1.0,0.1434720229555237,0.14388489208633093,112802.0,696.3086419753087
2026-07-27T05:45:31+00:00,2026-07-27T11:30:31+05:45,2026-07-27,11:30:31,1785131131,0,5,11,nepse_official,OPEN,2026-07-27,PRSF,Prabhu Smart Fund,12.9,12.9,12.9,,12.9,12.77,0.13000000000000078,,87098.0,1123564.2,4.0,0.0,0.0,1.0180109631949943,280891.05,12.899999999999999
2026-07-27T05:45:31+00:00,2026-07-27T11:30:31+05:45,2026-07-27,11:30:31,1785131131,0,5,11,nepse_official,OPEN,2026-07-27,PRVU,Prabhu  Bank Limited,200.0,201.6,199.0,,200.2,199.9,0.29999999999998295,,20686.0,4147045.4,61.0,2.5999999999999943,1.2999999999999972,0.15007503751875084,67984.35081967212,200.47594508363144
2026-07-27T05:45:31+00:00,2026-07-27T11:30:31+05:45,2026-07-27,11:30:31,1785131131,0,5,11,nepse_official,OPEN,2026-07-27,PSF,Prabhu Select Fund,12.1,12.15,11.76,,11.76,12.1,-0.33999999999999986,,520.0,6269.0,4.0,0.39000000000000057,3.2231404958677734,-2.8099173553718995,1567.25,12.055769230769231
2026-07-27T05:45:31+00:00,2026-07-27T11:30:31+05:45,2026-07-27,11:30:31,1785131131,0,5,11,nepse_official,OPEN,2026-07-27,PURE,Pure Energy Limited,872.9,890.0,872.9,,885.0,898.0,-13.0,,290.0,256759.0,7.0,17.100000000000023,1.9589872837667572,-1.447661469933185,36679.857142857145,885.3758620689655
2026-07-27T05:45:31+00:00,2026-07-27T11:30:31+05:45,2026-07-27,11:30:31,1785131131,0,5,11,nepse_official,OPEN,2026-07-27,RADHI,Radhi Bidyut Company Ltd,720.0,763.2,720.0,,758.0,755.0,3.0,,234.0,176694.0,5.0,43.200000000000045,6.000000000000006,0.3973509933774834,35338.8,755.1025641025641
2026-07-27T05:45:31+00:00,2026-07-27T11:30:31+05:45,2026-07-27,11:30:31,1785131131,0,5,11,nepse_official,OPEN,2026-07-27,RAWA,Rawa Energy Development Limited,440.0,453.0,440.0,,448.8,445.0,3.8000000000000114,,876.0,392918.8,13.0,13.0,2.9545454545454546,0.8539325842696655,30224.523076923077,448.5374429223744
2026-07-27T05:45:31+00:00,2026-07-27T11:30:31+05:45,2026-07-27,11:30:31,1785131131,0,5,11,nepse_official,OPEN,2026-07-27,RBBF40,RBB Focus 40,9.07,9.07,9.07,,9.07,9.32,-0.25,,1300.0,11791.0,1.0,0.0,0.0,-2.682403433476395,11791.0,9.07
2026-07-27T05:45:31+00:00,2026-07-27T11:30:31+05:45,2026-07-27,11:30:31,1785131131,0,5,11,nepse_official,OPEN,2026-07-27,RFPL,River Falls Power Limited,330.0,350.0,330.0,,344.0,345.9,-1.8999999999999773,,1060.0,365396.2,10.0,20.0,6.0606060606060606,-0.5492917028042722,36539.62,344.7133962264151
2026-07-27T05:45:31+00:00,2026-07-27T11:30:31+05:45,2026-07-27,11:30:31,1785131131,0,5,11,nepse_official,OPEN,2026-07-27,RHGCL,Rapti Hydro And General Construction Limited,261.0,276.8,261.0,,274.0,273.7,0.30000000000001137,,210.0,57618.0,7.0,15.800000000000011,6.053639846743299,0.1096090610157148,8231.142857142857,274.37142857142857
2026-07-27T05:45:31+00:00,2026-07-27T11:30:31+05:45,2026-07-27,11:30:31,1785131131,0,5,11,nepse_official,OPEN,2026-07-27,RHPL,RASUWAGADHI HYDROPOWER COMPANY LIMITED,254.0,268.0,254.0,,266.0,267.0,-1.0,,1280.0,339514.0,9.0,14.0,5.511811023622047,-0.37453183520599254,37723.77777777778,265.2453125
2026-07-27T05:45:31+00:00,2026-07-27T11:30:31+05:45,2026-07-27,11:30:31,1785131131,0,5,11,nepse_official,OPEN,2026-07-27,RIDI,Ridi Power Company Limited,355.0,377.0,355.0,,375.8,370.0,5.800000000000011,,126149.0,47220277.8,161.0,22.0,6.197183098591549,1.5675675675675707,293293.650931677,374.3214595438727
2026-07-27T05:45:31+00:00,2026-07-27T11:30:31+05:45,2026-07-27,11:30:31,1785131131,0,5,11,nepse_official,OPEN,2026-07-27,RLEL,Ridge Line Energy Limited,941.0,970.0,941.0,,965.0,970.0,-5.0,,685.0,658518.0,30.0,29.0,3.0818278427205104,-0.5154639175257731,21950.6,961.3401459854015
2026-07-27T05:45:31+00:00,2026-07-27T11:30:31+05:45,2026-07-27,11:30:31,1785131131,0,5,11,nepse_official,OPEN,2026-07-27,RLFL,Reliance Finance Ltd.,484.0,484.0,471.8,,478.0,471.0,7.0,,1610.0,769641.0,9.0,12.199999999999989,2.520661157024791,1.48619957537155,85515.66666666667,478.03788819875774
2026-07-27T05:45:31+00:00,2026-07-27T11:30:31+05:45,2026-07-27,11:30:31,1785131131,0,5,11,nepse_official,OPEN,2026-07-27,RMF1,RBB Mutual Fund 1,9.99,10.89,9.99,,10.89,9.7,1.1900000000000013,,500.0,5173.0,4.0,0.9000000000000004,9.009009009009013,12.268041237113417,1293.25,10.346
2026-07-27T05:45:31+00:00,2026-07-27T11:30:31+05:45,2026-07-27,11:30:31,1785131131,0,5,11,nepse_official,OPEN,2026-07-27,RMF2,RBB Mutual Fund 2,10.16,10.16,10.16,,10.16,10.12,0.040000000000000924,,1700.0,17272.0,2.0,0.0,0.0,0.3952569169960566,8636.0,10.16
2026-07-27T05:45:31+00:00,2026-07-27T11:30:31+05:45,2026-07-27,11:30:31,1785131131,0,5,11,nepse_official,OPEN,2026-07-27,RNLI,Reliable Nepal Life Insurance Limited,451.1,458.0,450.0,,450.1,455.0,-4.899999999999977,,9937.0,4481935.4,47.0,8.0,1.7734426956328972,-1.0769230769230718,95360.32765957448,451.03506088356653
2026-07-27T05:45:31+00:00,2026-07-27T11:30:31+05:45,2026-07-27,11:30:31,1785131131,0,5,11,nepse_official,OPEN,2026-07-27,RSDC,RSDC Laghubitta Bittiya Sanstha Ltd.,668.0,668.0,668.0,,668.0,670.1,-2.1000000000000227,,37.0,24716.0,2.0,0.0,0.0,-0.313386061781827,12358.0,668.0
2026-07-27T05:45:31+00:00,2026-07-27T11:30:31+05:45,2026-07-27,11:30:31,1785131131,0,5,11,nepse_official,OPEN,2026-07-27,RSML,Reliance Spinning Mills Limited,3320.0,3419.6,3320.0,,3340.0,3494.0,-154.0,,32849.0,109368019.0,385.0,99.59999999999991,2.9999999999999973,-4.4075558099599315,284072.77662337665,3329.416998995403
2026-07-27T05:45:31+00:00,2026-07-27T11:30:31+05:45,2026-07-27,11:30:31,1785131131,0,5,11,nepse_official,OPEN,2026-07-27,RSY,Reliable Samriddhi Yojana,10.05,10.05,10.05,,10.05,10.35,-0.29999999999999893,,100.0,1005.0,1.0,0.0,0.0,-2.898550724637671,1005.0,10.05
2026-07-27T05:45:31+00:00,2026-07-27T11:30:31+05:45,2026-07-27,11:30:31,1785131131,0,5,11,nepse_official,OPEN,2026-07-27,RURU,Ru Ru Jalbidhyut Pariyojana Limited,649.0,649.0,635.0,,635.0,631.0,4.0,,30.0,19270.0,3.0,14.0,2.157164869029276,0.6339144215530903,6423.333333333333,642.3333333333334
2026-07-27T05:45:31+00:00,2026-07-27T11:30:31+05:45,2026-07-27,11:30:31,1785131131,0,5,11,nepse_official,OPEN,2026-07-27,SABBL,Salapa Bikas Bank Limited,1160.0,1190.0,1100.0,,1125.6,1160.0,-34.40000000000009,,3907.0,4432822.5,59.0,90.0,7.758620689655173,-2.965517241379318,75132.58474576271,1134.5847197338112
2026-07-27T05:45:31+00:00,2026-07-27T11:30:31+05:45,2026-07-27,11:30:31,1785131131,0,5,11,nepse_official,OPEN,2026-07-27,SADBL,Shangrila Development Bank Ltd.,422.1,422.1,422.0,,422.0,426.3,-4.300000000000011,,980.0,413610.0,2.0,0.10000000000002274,0.023691068467193255,-1.008679333802489,206805.0,422.05102040816325
2026-07-27T05:45:31+00:00,2026-07-27T11:30:31+05:45,2026-07-27,11:30:31,1785131131,0,5,11,nepse_official,OPEN,2026-07-27,SAGAR,Sagar Distillery Limited,1750.0,1800.0,1750.0,,1793.0,1792.0,1.0,,1945.0,3494391.0,31.0,50.0,2.857142857142857,0.055803571428571425,112722.29032258065,1796.6020565552699
2026-07-27T05:45:31+00:00,2026-07-27T11:30:31+05:45,2026-07-27,11:30:31,1785131131,0,5,11,nepse_official,OPEN,2026-07-27,SAHAS,Sahas Urja Limited,664.6,667.9,664.6,,667.0,662.3,4.7000000000000455,,1991.0,1327837.4,30.0,3.2999999999999545,0.49653927174239454,0.7096481956817222,44261.246666666666,666.9198392767453
2026-07-27T05:45:31+00:00,2026-07-27T11:30:31+05:45,2026-07-27,11:30:31,1785131131,0,5,11,nepse_official,OPEN,2026-07-27,SAIL,Shreenagar Agritech Industries Limited,1163.4,1163.4,1095.0,,1105.0,1108.0,-3.0,,2784.0,3081537.2,83.0,68.40000000000009,5.879319236719966,-0.2707581227436823,37126.954216867474,1106.8739942528737
2026-07-27T05:45:31+00:00,2026-07-27T11:30:31+05:45,2026-07-27,11:30:31,1785131131,0,5,11,nepse_official,OPEN,2026-07-27,SALICO,Sagarmatha Lumbini Insurance Co. Limited,603.0,603.0,603.0,,603.0,609.6,-6.600000000000023,,29.0,17487.0,1.0,0.0,0.0,-1.0826771653543343,17487.0,603.0
2026-07-27T05:45:31+00:00,2026-07-27T11:30:31+05:45,2026-07-27,11:30:31,1785131131,0,5,11,nepse_official,OPEN,2026-07-27,SANIMA,Sanima Bank Limited,390.6,390.6,372.2,,377.0,372.0,5.0,,52351.0,19772990.8,161.0,18.400000000000034,4.710701484895042,1.3440860215053763,122813.60745341616,377.7003457431568
2026-07-27T05:45:31+00:00,2026-07-27T11:30:31+05:45,2026-07-27,11:30:31,1785131131,0,5,11,nepse_official,OPEN,2026-07-27,SAPDBL,Saptakoshi Development Bank Ltd,845.0,845.0,798.0,,823.0,806.0,17.0,,4943.0,4047197.1,62.0,47.0,5.562130177514793,2.109181141439206,65277.37258064516,818.7734371838965
2026-07-27T05:45:31+00:00,2026-07-27T11:30:31+05:45,2026-07-27,11:30:31,1785131131,0,5,11,nepse_official,OPEN,2026-07-27,SARBTM,Sarbottam Cement Limited,794.1,795.0,794.0,,795.0,805.0,-10.0,,112.0,88987.0,5.0,1.0,0.1259287243420224,-1.2422360248447204,17797.4,794.5267857142857
2026-07-27T05:45:31+00:00,2026-07-27T11:30:31+05:45,2026-07-27,11:30:31,1785131131,0,5,11,nepse_official,OPEN,2026-07-27,SBCF,Sunrise Bluechip Fund,9.61,9.89,9.61,,9.89,9.61,0.28000000000000114,,600.0,5794.0,3.0,0.28000000000000114,2.913631633714892,2.913631633714892,1931.3333333333333,9.656666666666666
2026-07-27T05:45:31+00:00,2026-07-27T11:30:31+05:45,2026-07-27,11:30:31,1785131131,0,5,11,nepse_official,OPEN,2026-07-27,SBD89,10.25% Sanima Debenture 2089,1245.4,1245.4,1245.4,,1245.4,1236.0,9.400000000000091,,5000.0,6227000.0,1.0,0.0,0.0,0.7605177993527582,6227000.0,1245.4
2026-07-27T05:45:31+00:00,2026-07-27T11:30:31+05:45,2026-07-27,11:30:31,1785131131,0,5,11,nepse_official,OPEN,2026-07-27,SBI,Nepal SBI Bank Limited,410.0,410.0,410.0,,410.0,413.5,-3.5,,100.0,41000.0,1.0,0.0,0.0,-0.8464328899637243,41000.0,410.0
2026-07-27T05:45:31+00:00,2026-07-27T11:30:31+05:45,2026-07-27,11:30:31,1785131131,0,5,11,nepse_official,OPEN,2026-07-27,SBIBD86,10% Nepal SBI Bank Debenture 2086,1152.1,1152.1,1152.1,,1152.1,1161.0,-8.900000000000091,,1100.0,1267310.0,1.0,0.0,0.0,-0.7665805340224023,1267310.0,1152.1
2026-07-27T05:45:31+00:00,2026-07-27T11:30:31+05:45,2026-07-27,11:30:31,1785131131,0,5,11,nepse_official,OPEN,2026-07-27,SBID89,9% Nepal SBI Bank Rinpatra 2089,1194.2,1194.2,1194.2,,1194.2,1185.0,9.200000000000045,,3000.0,3582600.0,1.0,0.0,0.0,0.7763713080168815,3582600.0,1194.2
2026-07-27T05:45:31+00:00,2026-07-27T11:30:31+05:45,2026-07-27,11:30:31,1785131131,0,5,11,nepse_official,OPEN,2026-07-27,SBL,Siddhartha Bank Limited,410.0,412.0,409.6,,411.0,410.0,1.0,,2398.0,984143.1,31.0,2.3999999999999773,0.585365853658531,0.24390243902439024,31746.551612903226,410.40162635529606
2026-07-27T05:45:31+00:00,2026-07-27T11:30:31+05:45,2026-07-27,11:30:31,1785131131,0,5,11,nepse_official,OPEN,2026-07-27,SBLD89,10.75% SBL Debenture 2089,1270.0,1271.0,1270.0,,1271.0,1270.0,1.0,,9726.0,12357251.0,2.0,1.0,0.07874015748031496,0.07874015748031496,6178625.5,1270.5378367263006
2026-07-27T05:45:31+00:00,2026-07-27T11:30:31+05:45,2026-07-27,11:30:31,1785131131,0,5,11,nepse_official,OPEN,2026-07-27,SCB,Standard Chartered Bank Limited,618.5,662.0,618.5,,660.0,651.0,9.0,,460.0,301185.0,10.0,43.5,7.033144704931285,1.3824884792626728,30118.5,654.75
2026-07-27T05:45:31+00:00,2026-07-27T11:30:31+05:45,2026-07-27,11:30:31,1785131131,0,5,11,nepse_official,OPEN,2026-07-27,SEF,Siddhartha Equity Fund,10.4,10.4,10.4,,10.4,10.11,0.2900000000000009,,200.0,2080.0,2.0,0.0,0.0,2.868447082096943,1040.0,10.4
2026-07-27T05:45:31+00:00,2026-07-27T11:30:31+05:45,2026-07-27,11:30:31,1785131131,0,5,11,nepse_official,OPEN,2026-07-27,SFEF,Sunrise Focused Equity Fund,10.16,10.16,10.16,,10.16,9.95,0.21000000000000085,,12200.0,123952.0,1.0,0.0,0.0,2.110552763819104,123952.0,10.16
2026-07-27T05:45:31+00:00,2026-07-27T11:30:31+05:45,2026-07-27,11:30:31,1785131131,0,5,11,nepse_official,OPEN,2026-07-27,SGHC,Swet-Ganga Hydropower & Construction Limited ,329.0,333.9,325.0,,325.0,325.0,0.0,,2505.0,816714.0,12.0,8.899999999999977,2.7051671732522724,0.0,68059.5,326.03353293413176
2026-07-27T05:45:31+00:00,2026-07-27T11:30:31+05:45,2026-07-27,11:30:31,1785131131,0,5,11,nepse_official,OPEN,2026-07-27,SGHL,Sanigad Hydro Limited,550.0,555.0,541.0,,546.5,552.0,-5.5,,12969.0,7125499.0,433.0,14.0,2.5454545454545454,-0.9963768115942028,16456.117782909932,549.4254761353998
2026-07-27T05:45:31+00:00,2026-07-27T11:30:31+05:45,2026-07-27,11:30:31,1785131131,0,5,11,nepse_official,OPEN,2026-07-27,SGIC,Sanima GIC Insurance Limited,475.1,478.0,470.1,,470.1,478.0,-7.899999999999977,,1100.0,523009.0,15.0,7.899999999999977,1.662807829930536,-1.6527196652719618,34867.26666666667,475.46272727272725
2026-07-27T05:45:31+00:00,2026-07-27T11:30:31+05:45,2026-07-27,11:30:31,1785131131,0,5,11,nepse_official,OPEN,2026-07-27,SHEL,Singati Hydro Energy Limited,310.0,311.5,309.1,,309.3,309.7,-0.39999999999997726,,1991.0,617379.4,16.0,2.3999999999999773,0.7741935483870894,-0.12915724895059003,38586.2125,310.0850828729282
2026-07-27T05:45:31+00:00,2026-07-27T11:30:31+05:45,2026-07-27,11:30:31,1785131131,0,5,11,nepse_official,OPEN,2026-07-27,SHINE,Shine Resunga Development Bank Ltd.,420.9,420.9,418.0,,418.0,417.5,0.5,,2339.0,978465.0,9.0,2.8999999999999773,0.6889997624138696,0.11976047904191617,108718.33333333333,418.32620778110305
2026-07-27T05:45:31+00:00,2026-07-27T11:30:31+05:45,2026-07-27,11:30:31,1785131131,0,5,11,nepse_official,OPEN,2026-07-27,SHINED,Shine Resunga Debenture,1144.0,1144.0,1144.0,,1144.0,1144.0,0.0,,1.0,1109.7,1.0,0.0,0.0,0.0,1109.7,1109.7
2026-07-27T05:45:31+00:00,2026-07-27T11:30:31+05:45,2026-07-27,11:30:31,1785131131,0,5,11,nepse_official,OPEN,2026-07-27,SHIVM,SHIVAM CEMENTS LTD,655.0,658.0,652.7,,652.7,655.0,-2.2999999999999545,,9391.0,6135418.3,42.0,5.2999999999999545,0.8091603053435046,-0.35114503816793197,146081.3880952381,653.3296028112022
2026-07-27T05:45:31+00:00,2026-07-27T11:30:31+05:45,2026-07-27,11:30:31,1785131131,0,5,11,nepse_official,OPEN,2026-07-27,SHL,Soaltee Hotel Limited,502.0,503.0,502.0,,503.0,503.0,0.0,,2500.0,1257000.0,2.0,1.0,0.199203187250996,0.0,628500.0,502.8
2026-07-27T05:45:31+00:00,2026-07-27T11:30:31+05:45,2026-07-27,11:30:31,1785131131,0,5,11,nepse_official,OPEN,2026-07-27,SHPC,Sanima Mai Hydropower Ltd.,515.0,521.0,513.0,,520.8,518.6,2.199999999999932,,724.0,373227.0,10.0,8.0,1.5533980582524272,0.42421905129192666,37322.7,515.506906077348
2026-07-27T05:45:31+00:00,2026-07-27T11:30:31+05:45,2026-07-27,11:30:31,1785131131,0,5,11,nepse_official,OPEN,2026-07-27,SICL,Shikhar Insurance Co. Ltd.,635.0,635.0,630.0,,630.0,633.7,-3.7000000000000455,,146.0,92405.0,5.0,5.0,0.7874015748031495,-0.5838724948713974,18481.0,632.9109589041096
2026-07-27T05:45:31+00:00,2026-07-27T11:30:31+05:45,2026-07-27,11:30:31,1785131131,0,5,11,nepse_official,OPEN,2026-07-27,SIFC,Shree Investment Finance Co. Ltd.,521.0,536.0,521.0,,536.0,529.0,7.0,,1010.0,526360.0,4.0,15.0,2.8790786948176583,1.3232514177693762,131590.0,521.1485148514852
2026-07-27T05:45:31+00:00,2026-07-27T11:30:31+05:45,2026-07-27,11:30:31,1785131131,0,5,11,nepse_official,OPEN,2026-07-27,SIGS3,Siddhartha Investment Growth Scheme 3,10.36,10.36,10.36,,10.36,10.5,-0.14000000000000057,,200.0,2072.0,2.0,0.0,0.0,-1.3333333333333388,1036.0,10.36
2026-07-27T05:45:31+00:00,2026-07-27T11:30:31+05:45,2026-07-27,11:30:31,1785131131,0,5,11,nepse_official,OPEN,2026-07-27,SIKLES,Sikles Hydropower Limited,565.0,575.0,565.0,,575.0,572.0,3.0,,116.0,66392.0,7.0,10.0,1.7699115044247788,0.5244755244755245,9484.57142857143,572.3448275862069
2026-07-27T05:45:31+00:00,2026-07-27T11:30:31+05:45,2026-07-27,11:30:31,1785131131,0,5,11,nepse_official,OPEN,2026-07-27,SINDU,Sindhu Bikash Bank Ltd,754.9,754.9,700.0,,712.4,719.0,-6.600000000000023,,1180.0,859653.0,13.0,54.89999999999998,7.272486422042652,-0.9179415855354691,66127.15384615384,728.5194915254237
2026-07-27T05:45:31+00:00,2026-07-27T11:30:31+05:45,2026-07-27,11:30:31,1785131131,0,5,11,nepse_official,OPEN,2026-07-27,SIPD,Shikhar power Development Limited,725.0,740.0,707.1,,711.0,727.0,-16.0,,1283.0,914835.3,46.0,32.89999999999998,4.537931034482756,-2.200825309491059,19887.72391304348,713.0438815276696
2026-07-27T05:45:31+00:00,2026-07-27T11:30:31+05:45,2026-07-27,11:30:31,1785131131,0,5,11,nepse_official,OPEN,2026-07-27,SJCL,SANJEN JALAVIDHYUT COMPANY LIMITED,270.8,281.0,270.8,,280.0,285.0,-5.0,,255.0,71229.0,9.0,10.199999999999989,3.766617429837514,-1.7543859649122806,7914.333333333333,279.32941176470587
2026-07-27T05:45:31+00:00,2026-07-27T11:30:31+05:45,2026-07-27,11:30:31,1785131131,0,5,11,nepse_official,OPEN,2026-07-27,SJLIC,SuryaJyoti Life Insurance Company Limited,421.5,425.0,421.5,,425.0,427.9,-2.8999999999999773,,330.0,140055.0,8.0,3.5,0.8303677342823249,-0.6777284412245799,17506.875,424.40909090909093
2026-07-27T05:45:31+00:00,2026-07-27T11:30:31+05:45,2026-07-27,11:30:31,1785131131,0,5,11,nepse_official,OPEN,2026-07-27,SKBBL,Sana Kisan Bikas Laghubitta Bittiya Sanstha Limited,770.1,770.1,770.0,,770.0,766.0,4.0,,305.0,234853.0,8.0,0.10000000000002274,0.012985326580966463,0.5221932114882507,29356.625,770.0098360655737
2026-07-27T05:45:31+00:00,2026-07-27T11:30:31+05:45,2026-07-27,11:30:31,1785131131,0,5,11,nepse_official,OPEN,2026-07-27,SKHEL,Suryakunda Hydro Electric Limited,1075.0,1075.0,1056.0,,1056.0,1077.9,-21.90000000000009,,20.0,21310.0,2.0,19.0,1.7674418604651163,-2.031728360701372,10655.0,1065.5
2026-07-27T05:45:31+00:00,2026-07-27T11:30:31+05:45,2026-07-27,11:30:31,1785131131,0,5,11,nepse_official,OPEN,2026-07-27,SKHL,Super Khudi Hydropower Limited,907.1,920.1,907.1,,920.0,935.0,-15.0,,280.0,255625.0,19.0,13.0,1.4331385734759121,-1.6042780748663104,13453.947368421053,912.9464285714286
2026-07-27T05:45:31+00:00,2026-07-27T11:30:31+05:45,2026-07-27,11:30:31,1785131131,0,5,11,nepse_official,OPEN,2026-07-27,SLBBL,Swarojgar Laghubitta Bittiya Sanstha Ltd.,822.0,822.0,820.0,,820.0,823.0,-3.0,,63.0,51742.0,7.0,2.0,0.24330900243309003,-0.3645200486026731,7391.714285714285,821.3015873015873
2026-07-27T05:45:31+00:00,2026-07-27T11:30:31+05:45,2026-07-27,11:30:31,1785131131,0,5,11,nepse_official,OPEN,2026-07-27,SMATA,Samata Gharelu Laghubitta Bittiya Sanstha Limited,754.0,754.0,750.0,,750.0,754.0,-4.0,,11.0,8232.0,2.0,4.0,0.5305039787798408,-0.5305039787798408,4116.0,748.3636363636364
2026-07-27T05:45:31+00:00,2026-07-27T11:30:31+05:45,2026-07-27,11:30:31,1785131131,0,5,11,nepse_official,OPEN,2026-07-27,SMB,Support Microfinance Bittiya Sanstha Ltd.,1915.0,1915.0,1860.0,,1860.0,1915.0,-55.0,,220.0,412011.0,8.0,55.0,2.8720626631853787,-2.8720626631853787,51501.375,1872.7772727272727
2026-07-27T05:45:31+00:00,2026-07-27T11:30:31+05:45,2026-07-27,11:30:31,1785131131,0,5,11,nepse_official,OPEN,2026-07-27,SMH,Super Mai Hydropower Limited,517.1,517.2,517.0,,517.0,517.1,-0.10000000000002274,,379.0,195955.0,4.0,0.20000000000004547,0.03867723844518381,-0.019338619222591905,48988.75,517.0316622691292
2026-07-27T05:45:31+00:00,2026-07-27T11:30:31+05:45,2026-07-27,11:30:31,1785131131,0,5,11,nepse_official,OPEN,2026-07-27,SMHL,Super Madi Hydropower Limited,487.0,487.0,487.0,,487.0,490.0,-3.0,,11.0,5357.0,1.0,0.0,0.0,-0.6122448979591837,5357.0,487.0
2026-07-27T05:45:31+00:00,2026-07-27T11:30:31+05:45,2026-07-27,11:30:31,1785131131,0,5,11,nepse_official,OPEN,2026-07-27,SMJC,Sagarmatha Jalabidhyut Company Limited,473.9,475.0,462.5,,469.0,470.0,-1.0,,2239.0,1057764.9,30.0,12.5,2.6376872757965817,-0.2127659574468085,35258.829999999994,472.42737829388113
2026-07-27T05:45:31+00:00,2026-07-27T11:30:31+05:45,2026-07-27,11:30:31,1785131131,0,5,11,nepse_official,OPEN,2026-07-27,SNLI,Sun Nepal Life Insurance Company Limited,433.0,445.0,433.0,,436.1,441.0,-4.899999999999977,,257.0,112264.9,11.0,12.0,2.771362586605081,-1.111111111111106,10205.9,436.8284046692607
2026-07-27T05:45:31+00:00,2026-07-27T11:30:31+05:45,2026-07-27,11:30:31,1785131131,0,5,11,nepse_official,OPEN,2026-07-27,SNORL,Snow Rivers Limited,979.0,1010.0,961.0,,985.0,979.0,6.0,,6589.0,6563641.0,173.0,49.0,5.005107252298264,0.6128702757916241,37940.12138728324,996.1513127940507
2026-07-27T05:45:31+00:00,2026-07-27T11:30:31+05:45,2026-07-27,11:30:31,1785131131,0,5,11,nepse_official,OPEN,2026-07-27,SOHL,Solu Hydropower Limited,600.0,600.0,591.0,,594.2,605.0,-10.799999999999955,,9610.0,5721160.4,157.0,9.0,1.5,-1.7851239669421413,36440.512101910834,595.33406867846
2026-07-27T05:45:31+00:00,2026-07-27T11:30:31+05:45,2026-07-27,11:30:31,1785131131,0,5,11,nepse_official,OPEN,2026-07-27,SONA,Sonapur Minerals And Oil Limited,419.5,420.0,417.6,,417.7,419.9,-2.1999999999999886,,210.0,87882.0,16.0,2.3999999999999773,0.5721096543504117,-0.5239342700642984,5492.625,418.48571428571427
2026-07-27T05:45:31+00:00,2026-07-27T11:30:31+05:45,2026-07-27,11:30:31,1785131131,0,5,11,nepse_official,OPEN,2026-07-27,SOPL,Sopan Pharmaceuticals Limited,893.0,905.0,887.0,,896.1,893.0,3.1000000000000227,,8054.0,7217018.3,158.0,18.0,2.015677491601344,0.34714445688690065,45677.33101265823,896.0787558976906
2026-07-27T05:45:31+00:00,2026-07-27T11:30:31+05:45,2026-07-27,11:30:31,1785131131,0,5,11,nepse_official,OPEN,2026-07-27,SPC,Samling Power Company Limited,424.0,424.0,424.0,,424.0,426.0,-2.0,,20.0,8480.0,1.0,0.0,0.0,-0.4694835680751174,8480.0,424.0
2026-07-27T05:45:31+00:00,2026-07-27T11:30:31+05:45,2026-07-27,11:30:31,1785131131,0,5,11,nepse_official,OPEN,2026-07-27,SPDL,Synergy Power Development Ltd.,396.5,396.5,385.3,,391.5,389.0,2.5,,768.0,296297.0,6.0,11.199999999999989,2.824716267339215,0.6426735218508998,49382.833333333336,385.8033854166667
2026-07-27T05:45:31+00:00,2026-07-27T11:30:31+05:45,2026-07-27,11:30:31,1785131131,0,5,11,nepse_official,OPEN,2026-07-27,SPHL,Sayapatri Hydropower Limited,533.0,533.0,533.0,,533.0,544.0,-11.0,,200.0,106600.0,1.0,0.0,0.0,-2.0220588235294117,106600.0,533.0
2026-07-27T05:45:31+00:00,2026-07-27T11:30:31+05:45,2026-07-27,11:30:31,1785131131,0,5,11,nepse_official,OPEN,2026-07-27,SPIL,Siddhartha Premier Insurance Limited,704.5,704.5,704.5,,704.5,710.0,-5.5,,50.0,35225.0,1.0,0.0,0.0,-0.7746478873239436,35225.0,704.5
2026-07-27T05:45:31+00:00,2026-07-27T11:30:31+05:45,2026-07-27,11:30:31,1785131131,0,5,11,nepse_official,OPEN,2026-07-27,SPL,Shuvam Power Limited,665.0,666.0,665.0,,666.0,675.0,-9.0,,20.0,13310.0,2.0,1.0,0.15037593984962408,-1.3333333333333335,6655.0,665.5
2026-07-27T05:45:31+00:00,2026-07-27T11:30:31+05:45,2026-07-27,11:30:31,1785131131,0,5,11,nepse_official,OPEN,2026-07-27,SRLI,Sanima Reliance Life Insurance Limited,381.0,384.0,381.0,,384.0,386.0,-2.0,,227.0,86986.5,20.0,3.0,0.7874015748031495,-0.5181347150259068,4349.325,383.2004405286344
2026-07-27T05:45:31+00:00,2026-07-27T11:30:31+05:45,2026-07-27,11:30:31,1785131131,0,5,11,nepse_official,OPEN,2026-07-27,SSHL,Shiva Shree Hydropower Ltd,212.0,212.0,210.1,,212.0,209.5,2.5,,3913.0,827099.8,16.0,1.9000000000000057,0.8962264150943424,1.1933174224343674,51693.7375,211.3722974699719
2026-07-27T05:45:31+00:00,2026-07-27T11:30:31+05:45,2026-07-27,11:30:31,1785131131,0,5,11,nepse_official,OPEN,2026-07-27,SWBBL,Swabalamban Laghubitta Bittiya Sanstha Limited,675.0,681.3,675.0,,681.3,693.0,-11.700000000000045,,50.0,33944.0,3.0,6.2999999999999545,0.9333333333333267,-1.6883116883116949,11314.666666666666,678.88
2026-07-27T05:45:31+00:00,2026-07-27T11:30:31+05:45,2026-07-27,11:30:31,1785131131,0,5,11,nepse_official,OPEN,2026-07-27,SWMF,Suryodaya Womi Laghubitta Bittiya Sanstha Limited,635.0,635.0,635.0,,635.0,642.0,-7.0,,150.0,95250.0,2.0,0.0,0.0,-1.0903426791277258,47625.0,635.0
2026-07-27T05:45:31+00:00,2026-07-27T11:30:31+05:45,2026-07-27,11:30:31,1785131131,0,5,11,nepse_official,OPEN,2026-07-27,SYPNL,SY Panel Nepal Limited,1352.8,1432.0,1352.8,,1420.0,1424.0,-4.0,,3958.0,5608301.5,70.0,79.20000000000005,5.854523950325255,-0.2808988764044944,80118.59285714285,1416.9533855482566
2026-07-27T05:45:31+00:00,2026-07-27T11:30:31+05:45,2026-07-27,11:30:31,1785131131,0,5,11,nepse_official,OPEN,2026-07-27,TAMOR,Sanima Middle Tamor Hydropower Limited,451.0,452.0,450.3,,452.0,452.6,-0.6000000000000227,,1075.0,485657.0,9.0,1.6999999999999886,0.37694013303769147,-0.13256738842245308,53961.88888888889,451.7739534883721
2026-07-27T05:45:31+00:00,2026-07-27T11:30:31+05:45,2026-07-27,11:30:31,1785131131,0,5,11,nepse_official,OPEN,2026-07-27,TPC,Terhathum Power Company Limited,364.0,369.2,364.0,,368.9,369.5,-0.6000000000000227,,630.0,231035.8,9.0,5.199999999999989,1.4285714285714255,-0.1623815967523742,25670.644444444442,366.723492063492
2026-07-27T05:45:31+00:00,2026-07-27T11:30:31+05:45,2026-07-27,11:30:31,1785131131,0,5,11,nepse_official,OPEN,2026-07-27,TPKHL,Taksar Pikhuwa Khola Hydropower Limited,570.0,580.0,560.2,,575.2,574.0,1.2000000000000455,,7795.0,4473383.3,189.0,19.799999999999955,3.473684210526308,0.2090592334494853,23668.69470899471,573.8785503527902
2026-07-27T05:45:31+00:00,2026-07-27T11:30:31+05:45,2026-07-27,11:30:31,1785131131,0,5,11,nepse_official,OPEN,2026-07-27,TSHL,Three Star Hydropower Limited,401.0,406.0,401.0,,405.0,400.0,5.0,,716.0,289864.5,11.0,5.0,1.2468827930174564,1.25,26351.31818181818,404.838687150838
2026-07-27T05:45:31+00:00,2026-07-27T11:30:31+05:45,2026-07-27,11:30:31,1785131131,0,5,11,nepse_official,OPEN,2026-07-27,TTL,Trade Tower Limited,765.0,772.0,765.0,,772.0,773.0,-1.0,,195.0,149995.0,18.0,7.0,0.9150326797385622,-0.129366106080207,8333.055555555555,769.2051282051282
2026-07-27T05:45:31+00:00,2026-07-27T11:30:31+05:45,2026-07-27,11:30:31,1785131131,0,5,11,nepse_official,OPEN,2026-07-27,TVCL,Trishuli Jal Vidhyut Company Limited ,485.0,485.0,475.0,,475.0,485.0,-10.0,,530.0,256750.0,3.0,10.0,2.0618556701030926,-2.0618556701030926,85583.33333333333,484.4339622641509
2026-07-27T05:45:31+00:00,2026-07-27T11:30:31+05:45,2026-07-27,11:30:31,1785131131,0,5,11,nepse_official,OPEN,2026-07-27,UAIL,United Ajod Insurance Limited,460.0,464.8,453.1,,453.3,458.0,-4.699999999999989,,40.0,18312.0,4.0,11.699999999999989,2.5434782608695627,-1.026200873362443,4578.0,457.8
2026-07-27T05:45:31+00:00,2026-07-27T11:30:31+05:45,2026-07-27,11:30:31,1785131131,0,5,11,nepse_official,OPEN,2026-07-27,UHEWA,Upper Hewakhola Hydropower Company Limited,580.0,601.0,580.0,,601.0,592.0,9.0,,983.0,577795.1,15.0,21.0,3.620689655172414,1.5202702702702704,38519.67333333333,587.787487283825
2026-07-27T05:45:31+00:00,2026-07-27T11:30:31+05:45,2026-07-27,11:30:31,1785131131,0,5,11,nepse_official,OPEN,2026-07-27,ULBSL,Upakar Laghubitta Bittiya Sanstha Limited,2742.8,2742.8,2742.8,,2742.8,2760.0,-17.199999999999818,,20.0,54856.0,2.0,0.0,0.0,-0.6231884057970949,27428.0,2742.8
2026-07-27T05:45:31+00:00,2026-07-27T11:30:31+05:45,2026-07-27,11:30:31,1785131131,0,5,11,nepse_official,OPEN,2026-07-27,ULHC,Upper Lohore Khola Hydropower Company Limited,365.0,365.0,351.1,,351.5,359.5,-8.0,,1790.0,631336.0,15.0,13.899999999999977,3.8082191780821852,-2.2253129346314324,42089.066666666666,352.7016759776536
2026-07-27T05:45:31+00:00,2026-07-27T11:30:31+05:45,2026-07-27,11:30:31,1785131131,0,5,11,nepse_official,OPEN,2026-07-27,UMHL,United Modi Hydropower Ltd.,587.5,595.0,577.0,,593.0,594.8,-1.7999999999999545,,10610.0,6165175.0,30.0,18.0,3.0638297872340425,-0.3026227303295149,205505.83333333334,581.0721017907634
2026-07-27T05:45:31+00:00,2026-07-27T11:30:31+05:45,2026-07-27,11:30:31,1785131131,0,5,11,nepse_official,OPEN,2026-07-27,UMRH,United IDI Mardi RB Hydropower Limited.,537.0,537.0,534.0,,536.5,540.1,-3.6000000000000227,,61.0,32691.5,3.0,3.0,0.5586592178770949,-0.666543232734683,10897.166666666666,535.9262295081967
2026-07-27T05:45:31+00:00,2026-07-27T11:30:31+05:45,2026-07-27,11:30:31,1785131131,0,5,11,nepse_official,OPEN,2026-07-27,UNHPL,Union Hydropower Limited,400.0,400.0,395.0,,395.1,397.0,-1.8999999999999773,,86.0,34023.0,4.0,5.0,1.25,-0.4785894206549062,8505.75,395.6162790697674
2026-07-27T05:45:31+00:00,2026-07-27T11:30:31+05:45,2026-07-27,11:30:31,1785131131,0,5,11,nepse_official,OPEN,2026-07-27,UPCL,UNIVERSAL POWER COMPANY LTD,357.0,357.0,353.1,,356.0,357.0,-1.0,,956.0,338046.0,7.0,3.8999999999999773,1.0924369747899096,-0.2801120448179272,48292.28571428572,353.60460251046027
2026-07-27T05:45:31+00:00,2026-07-27T11:30:31+05:45,2026-07-27,11:30:31,1785131131,0,5,11,nepse_official,OPEN,2026-07-27,UPPER,Upper Tamakoshi Hydropower Ltd,200.0,200.1,198.0,,199.5,200.2,-0.6999999999999886,,4100.0,819651.3,33.0,2.0999999999999943,1.0499999999999972,-0.34965034965034403,24837.918181818182,199.9149512195122
2026-07-27T05:45:31+00:00,2026-07-27T11:30:31+05:45,2026-07-27,11:30:31,1785131131,0,5,11,nepse_official,OPEN,2026-07-27,USHEC,Upper Solu Hydro Electric Company Limited,495.0,495.0,495.0,,495.0,495.5,-0.5,,30.0,14850.0,3.0,0.0,0.0,-0.10090817356205853,4950.0,495.0
2026-07-27T05:45:31+00:00,2026-07-27T11:30:31+05:45,2026-07-27,11:30:31,1785131131,0,5,11,nepse_official,OPEN,2026-07-27,USHL,Upper Syange Hydropower Limited,550.0,565.0,550.0,,550.1,559.0,-8.899999999999977,,44.0,24346.0,5.0,15.0,2.727272727272727,-1.5921288014311228,4869.2,553.3181818181819
2026-07-27T05:45:31+00:00,2026-07-27T11:30:31+05:45,2026-07-27,11:30:31,1785131131,0,5,11,nepse_official,OPEN,2026-07-27,USLB,Unnati Sahakarya Laghubitta Bittiya Sanstha Limited,1181.0,1181.0,1181.0,,1181.0,1181.0,0.0,,20.0,23620.0,2.0,0.0,0.0,0.0,11810.0,1181.0
2026-07-27T05:45:31+00:00,2026-07-27T11:30:31+05:45,2026-07-27,11:30:31,1785131131,0,5,11,nepse_official,OPEN,2026-07-27,VLBS,Vijaya laghubitta Bittiya Sanstha Ltd.,686.0,700.0,686.0,,700.0,706.0,-6.0,,50.0,34526.0,5.0,14.0,2.0408163265306123,-0.84985835694051,6905.2,690.52
2026-07-27T05:45:31+00:00,2026-07-27T11:30:31+05:45,2026-07-27,11:30:31,1785131131,0,5,11,nepse_official,OPEN,2026-07-27,VLUCL,Vision Lumbini Urja Company Limited ,470.0,470.0,460.0,,461.0,452.0,9.0,,364.0,169659.0,11.0,10.0,2.127659574468085,1.991150442477876,15423.545454545454,466.09615384615387
2026-07-27T05:45:31+00:00,2026-07-27T11:30:31+05:45,2026-07-27,11:30:31,1785131131,0,5,11,nepse_official,OPEN,2026-07-27,WNLB,Wean Nepal Laghubitta Bittiya Sanstha Limited,1405.0,1415.0,1405.0,,1415.0,1374.0,41.0,,100.0,141100.0,4.0,10.0,0.7117437722419928,2.9839883551673942,35275.0,1411.0
2026-07-27T05:45:31+00:00,2026-07-27T11:30:31+05:45,2026-07-27,11:30:31,1785131131,0,5,11,nepse_official,OPEN,2026-07-27,YMHL,Yambaling Hydropower Limited,640.1,660.0,640.1,,648.0,655.0,-7.0,,2509.0,1633214.5,123.0,19.899999999999977,3.1088892360568625,-1.0687022900763359,13278.166666666666,650.942407333599
2026-07-27T06:15:26+00:00,2026-07-27T12:00:26+05:45,2026-07-27,12:00:26,1785132926,0,6,12,nepse_official,OPEN,2026-07-27,ADBL,Agricultural Development Bank Limited,304.0,329.0,304.0,,322.0,320.0,2.0,,10392.0,3357787.7,67.0,25.0,8.223684210526317,0.625,50116.23432835821,323.11275019245574
2026-07-27T06:15:26+00:00,2026-07-27T12:00:26+05:45,2026-07-27,12:00:26,1785132926,0,6,12,nepse_official,OPEN,2026-07-27,ADBLD83,10.35% Agricultural Bank Debenture 2083,1034.3,1034.3,1034.3,,1034.3,1034.3,0.0,,30.0,31029.0,1.0,0.0,0.0,0.0,31029.0,1034.3
2026-07-27T06:15:26+00:00,2026-07-27T12:00:26+05:45,2026-07-27,12:00:26,1785132926,0,6,12,nepse_official,OPEN,2026-07-27,AHL,Asian Hydropower Limited,416.3,428.7,416.3,,425.0,428.0,-3.0,,554.0,233184.8,11.0,12.399999999999977,2.9786211866442414,-0.7009345794392523,21198.61818181818,420.91119133574006
2026-07-27T06:15:26+00:00,2026-07-27T12:00:26+05:45,2026-07-27,12:00:26,1785132926,0,6,12,nepse_official,OPEN,2026-07-27,AHPC,Arun Valley Hydropower Development Co. Ltd.,274.9,275.0,274.1,,274.1,275.0,-0.8999999999999773,,3520.0,966824.0,18.0,0.8999999999999773,0.3273917788286567,-0.327272727272719,53712.444444444445,274.6659090909091
2026-07-27T06:15:26+00:00,2026-07-27T12:00:26+05:45,2026-07-27,12:00:26,1785132926,0,6,12,nepse_official,OPEN,2026-07-27,AKJCL,Ankhu Khola Jalvidhyut Company Ltd,379.0,381.0,375.3,,377.0,379.0,-2.0,,33802.0,12764334.4,118.0,5.699999999999989,1.503957783641158,-0.5277044854881267,108172.32542372882,377.6206851665582
2026-07-27T06:15:26+00:00,2026-07-27T12:00:26+05:45,2026-07-27,12:00:26,1785132926,0,6,12,nepse_official,OPEN,2026-07-27,AKPL,Arun Kabeli Power Ltd.,268.0,268.0,264.0,,265.0,265.7,-0.6999999999999886,,11233.0,2969776.5,34.0,4.0,1.4925373134328357,-0.2634550244636766,87346.36764705883,264.37964034541085
2026-07-27T06:15:26+00:00,2026-07-27T12:00:26+05:45,2026-07-27,12:00:26,1785132926,0,6,12,nepse_official,OPEN,2026-07-27,ALBSL,Asha Laghubitta Bittiya Sanstha Ltd,1051.0,1145.0,1051.0,,1100.0,1087.0,13.0,,847.0,924533.0,27.0,94.0,8.943862987630828,1.1959521619135236,34241.96296296296,1091.5383707201888
2026-07-27T06:15:26+00:00,2026-07-27T12:00:26+05:45,2026-07-27,12:00:26,1785132926,0,6,12,nepse_official,OPEN,2026-07-27,ALICL,Asian Life Insurance Co. Limited,442.0,442.2,440.0,,442.0,441.9,0.10000000000002274,,744.0,328744.0,10.0,2.1999999999999886,0.4977375565610834,0.02262955419778745,32874.4,441.86021505376345
2026-07-27T06:15:26+00:00,2026-07-27T12:00:26+05:45,2026-07-27,12:00:26,1785132926,0,6,12,nepse_official,OPEN,2026-07-27,ANLB,Aatmanirbhar Laghubitta Bittiya Sanstha Limited,6326.1,6326.1,5660.2,,5700.0,6659.0,-959.0,,176.0,1028257.3,18.0,665.9000000000005,10.5262325919603,-14.401561796065476,57125.40555555556,5842.371022727273
2026-07-27T06:15:26+00:00,2026-07-27T12:00:26+05:45,2026-07-27,12:00:26,1785132926,0,6,12,nepse_official,OPEN,2026-07-27,APHL,Appolo Hydropower Limited,897.1,905.0,890.0,,894.0,905.0,-11.0,,5768.0,5168660.4,136.0,15.0,1.6720543975030655,-1.2154696132596685,38004.855882352946,896.0923023578364
2026-07-27T06:15:26+00:00,2026-07-27T12:00:26+05:45,2026-07-27,12:00:26,1785132926,0,6,12,nepse_official,OPEN,2026-07-27,API,Api Power Company Ltd.,342.0,344.8,338.1,,341.0,344.0,-3.0,,23631.0,8019253.1,97.0,6.699999999999989,1.959064327485377,-0.872093023255814,82672.71237113401,339.35309974186447
2026-07-27T06:15:26+00:00,2026-07-27T12:00:26+05:45,2026-07-27,12:00:26,1785132926,0,6,12,nepse_official,OPEN,2026-07-27,AVYAN,Aviyan Laghubitta Bittiya Sanstha Limited,1061.0,1088.0,1061.0,,1071.1,1089.0,-17.90000000000009,,124.0,132823.4,8.0,27.0,2.5447690857681433,-1.6437098255280156,16602.925,1071.156451612903
2026-07-27T06:15:26+00:00,2026-07-27T12:00:26+05:45,2026-07-27,12:00:26,1785132926,0,6,12,nepse_official,OPEN,2026-07-27,BANDIPUR,Bandipur Cablecar and Tourism Limited,758.0,763.0,750.6,,752.0,763.0,-11.0,,1801.0,1363101.5,58.0,12.399999999999977,1.6358839050131895,-1.4416775884665793,23501.75,756.8581343697946
2026-07-27T06:15:26+00:00,2026-07-27T12:00:26+05:45,2026-07-27,12:00:26,1785132926,0,6,12,nepse_official,OPEN,2026-07-27,BARUN,Barun Hydropower Co. Ltd.,335.0,335.0,331.0,,331.0,334.0,-3.0,,438.0,145134.0,11.0,4.0,1.1940298507462688,-0.8982035928143712,13194.0,331.35616438356163
2026-07-27T06:15:26+00:00,2026-07-27T12:00:26+05:45,2026-07-27,12:00:26,1785132926,0,6,12,nepse_official,OPEN,2026-07-27,BBC,Bishal Bazar Company Limited,4349.0,4350.0,4349.0,,4350.0,4375.0,-25.0,,20.0,86990.0,2.0,1.0,0.022993791676247415,-0.5714285714285714,43495.0,4349.5
2026-07-27T06:15:26+00:00,2026-07-27T12:00:26+05:45,2026-07-27,12:00:26,1785132926,0,6,12,nepse_official,OPEN,2026-07-27,BEDC,Bhugol Energy Development Company Limited,334.0,334.0,330.0,,331.0,334.0,-3.0,,1537.0,507659.5,11.0,4.0,1.1976047904191618,-0.8982035928143712,46150.86363636364,330.29245283018867
2026-07-27T06:15:26+00:00,2026-07-27T12:00:26+05:45,2026-07-27,12:00:26,1785132926,0,6,12,nepse_official,OPEN,2026-07-27,BFC,Best Finance Company Ltd.,506.4,532.9,506.4,,529.0,533.0,-4.0,,8933.0,4722847.4,54.0,26.5,5.233017377567141,-0.7504690431519699,87460.13703703704,528.6966752490765
2026-07-27T06:15:26+00:00,2026-07-27T12:00:26+05:45,2026-07-27,12:00:26,1785132926,0,6,12,nepse_official,OPEN,2026-07-27,BGWT,Bhagawati Hydropower Development Company Limited,587.0,600.0,586.5,,600.0,600.1,-0.10000000000002274,,90.0,52955.1,7.0,13.5,2.2998296422487225,-0.016663889351778493,7565.0142857142855,588.39
2026-07-27T06:15:26+00:00,2026-07-27T12:00:26+05:45,2026-07-27,12:00:26,1785132926,0,6,12,nepse_official,OPEN,2026-07-27,BHCL,Bikash Hydropower Company Limited,520.0,525.0,516.0,,516.1,523.9,-7.7999999999999545,,3831.0,1987982.7,55.0,9.0,1.7307692307692308,-1.4888337468982544,36145.14,518.9200469851214
2026-07-27T06:15:26+00:00,2026-07-27T12:00:26+05:45,2026-07-27,12:00:26,1785132926,0,6,12,nepse_official,OPEN,2026-07-27,BHDC,Bindhyabasini Hydropower Development Company Limited,432.0,444.9,432.0,,440.0,445.2,-5.199999999999989,,991.0,436554.5,11.0,12.899999999999977,2.986111111111106,-1.1680143755615429,39686.77272727273,440.5191725529768
2026-07-27T06:15:26+00:00,2026-07-27T12:00:26+05:45,2026-07-27,12:00:26,1785132926,0,6,12,nepse_official,OPEN,2026-07-27,BHL,Balephi Hydropower Limited,213.0,219.1,213.0,,217.9,217.0,0.9000000000000057,,10024.0,2177709.0,55.0,6.099999999999994,2.8638497652582133,0.4147465437788045,39594.70909090909,217.2495011971269
2026-07-27T06:15:26+00:00,2026-07-27T12:00:26+05:45,2026-07-27,12:00:26,1785132926,0,6,12,nepse_official,OPEN,2026-07-27,BHPL,Barahi Hydropower Public Limited,465.0,493.5,465.0,,493.5,486.6,6.899999999999977,,1465.0,721539.0,8.0,28.5,6.129032258064516,1.4180024660912405,90192.375,492.51808873720137
2026-07-27T06:15:26+00:00,2026-07-27T12:00:26+05:45,2026-07-27,12:00:26,1785132926,0,6,12,nepse_official,OPEN,2026-07-27,BJHL,Bhujung Hydropower Limited,770.4,779.0,759.0,,779.0,793.0,-14.0,,1725.0,1321759.0,33.0,20.0,2.596053997923157,-1.7654476670870116,40053.30303030303,766.2371014492753
2026-07-27T06:15:26+00:00,2026-07-27T12:00:26+05:45,2026-07-27,12:00:26,1785132926,0,6,12,nepse_official,OPEN,2026-07-27,BNHC,Buddha Bhumi Nepal Hydropower Company Limited,305.9,305.9,290.0,,295.8,297.0,-1.1999999999999886,,893.0,264409.1,18.0,15.899999999999977,5.197777051323955,-0.4040404040404002,14689.394444444442,296.0908174692049
2026-07-27T06:15:26+00:00,2026-07-27T12:00:26+05:45,2026-07-27,12:00:26,1785132926,0,6,12,nepse_official,OPEN,2026-07-27,BNT,Bottlers Nepal (Terai) Limited,11878.0,11878.0,11650.0,,11650.0,11532.2,117.79999999999927,,40.0,468380.0,4.0,228.0,1.9195150698770838,1.0214876606371661,117095.0,11709.5
2026-07-27T06:15:26+00:00,2026-07-27T12:00:26+05:45,2026-07-27,12:00:26,1785132926,0,6,12,nepse_official,OPEN,2026-07-27,BOKD86KA,"BOK Debenture 2086 ""KA""",1145.0,1145.4,1145.0,,1145.4,1145.0,0.40000000000009095,,4703.0,5386815.3,2.0,0.40000000000009095,0.03493449781660183,0.03493449781660183,2693407.65,1145.3998086327877
2026-07-27T06:15:26+00:00,2026-07-27T12:00:26+05:45,2026-07-27,12:00:26,1785132926,0,6,12,nepse_official,OPEN,2026-07-27,BPCL,Butwal Power Company Limited,645.1,677.0,645.1,,660.0,665.0,-5.0,,4352.0,2812764.0,10.0,31.899999999999977,4.944969772128348,-0.7518796992481203,281276.4,646.3152573529412
2026-07-27T06:15:26+00:00,2026-07-27T12:00:26+05:45,2026-07-27,12:00:26,1785132926,0,6,12,nepse_official,OPEN,2026-07-27,BUNGAL,Bungal Hydro Limited,634.9,634.9,617.2,,624.0,634.9,-10.899999999999977,,2170.0,1354088.0,28.0,17.699999999999932,2.787840604819646,-1.7168057961883725,48360.28571428572,624.0036866359447
2026-07-27T06:15:26+00:00,2026-07-27T12:00:26+05:45,2026-07-27,12:00:26,1785132926,0,6,12,nepse_official,OPEN,2026-07-27,C30MF,Citizens Super 30 Mutual Fund,9.69,9.69,9.69,,9.69,9.96,-0.27000000000000135,,100.0,969.0,1.0,0.0,0.0,-2.710843373493989,969.0,9.69
2026-07-27T06:15:26+00:00,2026-07-27T12:00:26+05:45,2026-07-27,12:00:26,1785132926,0,6,12,nepse_official,OPEN,2026-07-27,CBBL,Chhimek Laghubitta Bittiya Sanstha Limited,932.0,945.0,932.0,,945.0,938.0,7.0,,1874.0,1763576.0,28.0,13.0,1.3948497854077253,0.7462686567164178,62984.857142857145,941.0757737459978
2026-07-27T06:15:26+00:00,2026-07-27T12:00:26+05:45,2026-07-27,12:00:26,1785132926,0,6,12,nepse_official,OPEN,2026-07-27,CCBD88,Century Debenture 2088,1326.0,1326.0,1215.4,,1215.4,1326.0,-110.59999999999991,,5001.0,6078318.9,3.0,110.59999999999991,8.340874811463038,-8.340874811463038,2026106.3,1215.420695860828
2026-07-27T06:15:26+00:00,2026-07-27T12:00:26+05:45,2026-07-27,12:00:26,1785132926,0,6,12,nepse_official,OPEN,2026-07-27,CFCL,Central Finance Co. Ltd.,624.4,676.0,624.4,,668.0,657.2,10.799999999999955,,44113.0,29310242.4,143.0,51.60000000000002,8.263933376041004,1.6433353621424154,204966.73006993005,664.4354816040623
2026-07-27T06:15:26+00:00,2026-07-27T12:00:26+05:45,2026-07-27,12:00:26,1785132926,0,6,12,nepse_official,OPEN,2026-07-27,CGH,Chandragiri Hills Limited,785.0,785.0,782.0,,782.0,787.0,-5.0,,156.0,122160.0,4.0,3.0,0.3821656050955414,-0.6353240152477764,30540.0,783.0769230769231
2026-07-27T06:15:26+00:00,2026-07-27T12:00:26+05:45,2026-07-27,12:00:26,1785132926,0,6,12,nepse_official,OPEN,2026-07-27,CHCL,Chilime Hydropower Company Limited,495.0,497.0,494.0,,497.0,494.2,2.8000000000000114,,2211.0,1097796.0,32.0,3.0,0.6060606060606061,0.5665722379603422,34306.125,496.5156037991859
2026-07-27T06:15:26+00:00,2026-07-27T12:00:26+05:45,2026-07-27,12:00:26,1785132926,0,6,12,nepse_official,OPEN,2026-07-27,CHDC,CEDB Holdings Limited,2267.0,2290.0,2231.2,,2241.0,2254.0,-13.0,,5388.0,12133428.4,29.0,58.80000000000018,2.5937362152624694,-0.5767524401064774,418394.08275862073,2251.935486265776
2026-07-27T06:15:26+00:00,2026-07-27T12:00:26+05:45,2026-07-27,12:00:26,1785132926,0,6,12,nepse_official,OPEN,2026-07-27,CHL,Chhyangdi Hydropower Ltd.,283.0,283.0,264.3,,270.0,270.0,0.0,,2615.0,697266.0,18.0,18.69999999999999,6.607773851590101,0.0,38737.0,266.64091778202675
2026-07-27T06:15:26+00:00,2026-07-27T12:00:26+05:45,2026-07-27,12:00:26,1785132926,0,6,12,nepse_official,OPEN,2026-07-27,CIT,Citizen Investment Trust,1734.0,1747.0,1734.0,,1745.0,1734.0,11.0,,1211.0,2110880.4,22.0,13.0,0.7497116493656286,0.6343713956170703,95949.10909090909,1743.0886870355077
2026-07-27T06:15:26+00:00,2026-07-27T12:00:26+05:45,2026-07-27,12:00:26,1785132926,0,6,12,nepse_official,OPEN,2026-07-27,CITY,City Hotel Limited,380.0,387.0,380.0,,385.0,387.0,-2.0,,12447.0,4778879.3,82.0,7.0,1.8421052631578945,-0.516795865633075,58279.01585365854,383.938242146702
2026-07-27T06:15:26+00:00,2026-07-27T12:00:26+05:45,2026-07-27,12:00:26,1785132926,0,6,12,nepse_official,OPEN,2026-07-27,CKHL,Chirkhwa Hydropower Limited ,588.0,621.0,588.0,,601.1,618.0,-16.899999999999977,,90.0,54141.0,7.0,33.0,5.612244897959184,-2.7346278317152066,7734.428571428572,601.5666666666667
2026-07-27T06:15:26+00:00,2026-07-27T12:00:26+05:45,2026-07-27,12:00:26,1785132926,0,6,12,nepse_official,OPEN,2026-07-27,CLI,Citizen Life Insurance Company Limited,450.3,459.8,450.3,,452.0,454.0,-2.0,,892.0,404338.6,29.0,9.5,2.109704641350211,-0.4405286343612335,13942.710344827585,453.2943946188341
2026-07-27T06:15:26+00:00,2026-07-27T12:00:26+05:45,2026-07-27,12:00:26,1785132926,0,6,12,nepse_official,OPEN,2026-07-27,CORBL,Corporate Development Bank Limited,1471.6,1471.6,1380.1,,1399.2,1549.0,-149.79999999999995,,23102.0,32343577.6,209.0,91.5,6.217722207121501,-9.670755326016781,154753.95980861245,1400.0336594234266
2026-07-27T06:15:26+00:00,2026-07-27T12:00:26+05:45,2026-07-27,12:00:26,1785132926,0,6,12,nepse_official,OPEN,2026-07-27,CREST,Crest Micro Life Insurance Limited,1290.3,1290.3,1202.0,,1212.1,1228.9,-16.800000000000182,,730.0,885488.0,24.0,88.29999999999995,6.843369758970779,-1.3670762470502222,36895.333333333336,1212.9972602739726
2026-07-27T06:15:26+00:00,2026-07-27T12:00:26+05:45,2026-07-27,12:00:26,1785132926,0,6,12,nepse_official,OPEN,2026-07-27,CSY,Citizens Santulit Yojana,9.06,9.2,9.0,,9.03,9.06,-0.030000000000001137,,1800.0,16267.0,10.0,0.1999999999999993,2.207505518763789,-0.33112582781458205,1626.7,9.037222222222223
2026-07-27T06:15:26+00:00,2026-07-27T12:00:26+05:45,2026-07-27,12:00:26,1785132926,0,6,12,nepse_official,OPEN,2026-07-27,CYCL,CYC Nepal Laghubitta Bittiya Sanstha Limited,1345.0,1345.0,1345.0,,1345.0,1376.0,-31.0,,15.0,20185.0,2.0,0.0,0.0,-2.252906976744186,10092.5,1345.6666666666667
2026-07-27T06:15:26+00:00,2026-07-27T12:00:26+05:45,2026-07-27,12:00:26,1785132926,0,6,12,nepse_official,OPEN,2026-07-27,CZBIL,Citizens Bank International Limited,199.0,213.0,199.0,,211.5,209.4,2.0999999999999943,,23635.0,4978313.6,87.0,14.0,7.035175879396985,1.0028653295128913,57221.995402298846,210.6331119103025
2026-07-27T06:15:26+00:00,2026-07-27T12:00:26+05:45,2026-07-27,12:00:26,1785132926,0,6,12,nepse_official,OPEN,2026-07-27,DDBL,Deprosc Laghubitta Bittiya Sanstha Limited,853.0,854.0,853.0,,854.0,854.0,0.0,,30.0,25600.0,2.0,1.0,0.11723329425556857,0.0,12800.0,853.3333333333334
2026-07-27T06:15:26+00:00,2026-07-27T12:00:26+05:45,2026-07-27,12:00:26,1785132926,0,6,12,nepse_official,OPEN,2026-07-27,DHEL,Daramkhola Hydro Energy Limited,626.0,630.0,616.2,,619.6,626.0,-6.399999999999977,,4568.0,2861508.7,69.0,13.799999999999955,2.204472843450472,-1.0223642172523926,41471.14057971015,626.4248467600701
2026-07-27T06:15:26+00:00,2026-07-27T12:00:26+05:45,2026-07-27,12:00:26,1785132926,0,6,12,nepse_official,OPEN,2026-07-27,DHPL,Dibyashwori Hydropower Ltd.,300.0,300.0,295.0,,295.0,300.0,-5.0,,70.0,20950.0,3.0,5.0,1.6666666666666667,-1.6666666666666667,6983.333333333333,299.2857142857143
2026-07-27T06:15:26+00:00,2026-07-27T12:00:26+05:45,2026-07-27,12:00:26,1785132926,0,6,12,nepse_official,OPEN,2026-07-27,DLBS,Dhaulagiri Laghubitta Bittiya Sanstha Limited,1210.0,1220.0,1190.2,,1190.2,1220.1,-29.899999999999864,,130.0,157202.0,5.0,29.799999999999955,2.462809917355368,-2.4506188017375514,31440.4,1209.246153846154
2026-07-27T06:15:26+00:00,2026-07-27T12:00:26+05:45,2026-07-27,12:00:26,1785132926,0,6,12,nepse_official,OPEN,2026-07-27,DOLTI,Dolti Power Company Limited,335.0,335.0,331.0,,333.0,331.9,1.1000000000000227,,2598.0,865640.4,15.0,4.0,1.1940298507462688,0.3314251280506245,57709.36,333.19491916859124
2026-07-27T06:15:26+00:00,2026-07-27T12:00:26+05:45,2026-07-27,12:00:26,1785132926,0,6,12,nepse_official,OPEN,2026-07-27,DORDI,Dordi Khola Jal Bidyut Company Limited,260.1,265.0,260.1,,261.0,263.1,-2.1000000000000227,,1768.0,460471.6,21.0,4.899999999999977,1.8838908112264425,-0.7981755986317075,21927.219047619048,260.4477375565611
2026-07-27T06:15:26+00:00,2026-07-27T12:00:26+05:45,2026-07-27,12:00:26,1785132926,0,6,12,nepse_official,OPEN,2026-07-27,EBL,Everest Bank Limited,732.9,732.9,725.0,,731.7,724.0,7.7000000000000455,,12648.0,9219488.0,70.0,7.899999999999977,1.0779096738982095,1.0635359116022163,131706.9714285714,728.9285262492093
2026-07-27T06:15:26+00:00,2026-07-27T12:00:26+05:45,2026-07-27,12:00:26,1785132926,0,6,12,nepse_official,OPEN,2026-07-27,EBLD85,10.50% Everest Bank Limited Debenture 2085,1121.9,1121.9,1121.9,,1121.9,1130.0,-8.099999999999909,,2500.0,2804750.0,3.0,0.0,0.0,-0.7168141592920274,934916.6666666666,1121.9
2026-07-27T06:15:26+00:00,2026-07-27T12:00:26+05:45,2026-07-27,12:00:26,1785132926,0,6,12,nepse_official,OPEN,2026-07-27,EBLD86,Everest Bank Limited,1100.4,1100.4,1100.4,,1100.4,1105.0,-4.599999999999909,,300.0,330120.0,1.0,0.0,0.0,-0.4162895927601728,330120.0,1100.4
2026-07-27T06:15:26+00:00,2026-07-27T12:00:26+05:45,2026-07-27,12:00:26,1785132926,0,6,12,nepse_official,OPEN,2026-07-27,EBLD91,Everest Bank Limited Debenture 2091,1058.0,1058.0,1058.0,,1058.0,1090.0,-32.0,,25.0,26450.0,1.0,0.0,0.0,-2.9357798165137616,26450.0,1058.0
2026-07-27T06:15:26+00:00,2026-07-27T12:00:26+05:45,2026-07-27,12:00:26,1785132926,0,6,12,nepse_official,OPEN,2026-07-27,ECL,Everest Colour Limited,670.6,748.7,670.6,,748.7,651.1,97.60000000000002,,140.0,102924.0,14.0,78.10000000000002,11.646286907247244,14.990016894486258,7351.714285714285,735.1714285714286
2026-07-27T06:15:26+00:00,2026-07-27T12:00:26+05:45,2026-07-27,12:00:26,1785132926,0,6,12,nepse_official,OPEN,2026-07-27,EHPL,Eastern Hydropower Limited,365.0,365.0,355.5,,361.0,358.9,2.1000000000000227,,720.0,256492.0,8.0,9.5,2.6027397260273974,0.5851212036779111,32061.5,356.2388888888889
2026-07-27T06:15:26+00:00,2026-07-27T12:00:26+05:45,2026-07-27,12:00:26,1785132926,0,6,12,nepse_official,OPEN,2026-07-27,ENL,Emerging Nepal Limited,845.0,845.0,845.0,,845.0,849.0,-4.0,,10.0,8450.0,1.0,0.0,0.0,-0.47114252061248524,8450.0,845.0
2026-07-27T06:15:26+00:00,2026-07-27T12:00:26+05:45,2026-07-27,12:00:26,1785132926,0,6,12,nepse_official,OPEN,2026-07-27,FMDBL,First Micro Finance Laghubitta Bittiya Sanstha Limited,780.2,783.0,780.0,,783.0,780.0,3.0,,676.0,527842.0,8.0,3.0,0.3845167905665214,0.38461538461538464,65980.25,780.8313609467456
2026-07-27T06:15:26+00:00,2026-07-27T12:00:26+05:45,2026-07-27,12:00:26,1785132926,0,6,12,nepse_official,OPEN,2026-07-27,FOWAD,Forward Microfinance Laghubitta Bittiya Sanstha Limited,997.0,997.0,983.0,,983.0,997.0,-14.0,,137.0,135507.0,4.0,14.0,1.4042126379137412,-1.4042126379137412,33876.75,989.1021897810219
2026-07-27T06:15:26+00:00,2026-07-27T12:00:26+05:45,2026-07-27,12:00:26,1785132926,0,6,12,nepse_official,OPEN,2026-07-27,GBBL,Garima Bikas Bank Limited,405.0,431.0,405.0,,426.0,426.0,0.0,,4601.0,1964879.9,24.0,26.0,6.419753086419753,0.0,81869.99583333333,427.05496631167136
2026-07-27T06:15:26+00:00,2026-07-27T12:00:26+05:45,2026-07-27,12:00:26,1785132926,0,6,12,nepse_official,OPEN,2026-07-27,GBILD84/85,"Global IME Bank Debenture, 2084/85",1133.4,1133.4,1133.4,,1133.4,1145.0,-11.599999999999909,,9485.0,10750299.0,1.0,0.0,0.0,-1.0131004366812146,10750299.0,1133.4
2026-07-27T06:15:26+00:00,2026-07-27T12:00:26+05:45,2026-07-27,12:00:26,1785132926,0,6,12,nepse_official,OPEN,2026-07-27,GBIME,Global IME Bank Limited,238.0,263.9,238.0,,258.4,249.5,8.899999999999977,,411414.0,105787764.0,679.0,25.899999999999977,10.88235294117646,3.5671342685370653,155799.35787923416,257.1321442634427
2026-07-27T06:15:26+00:00,2026-07-27T12:00:26+05:45,2026-07-27,12:00:26,1785132926,0,6,12,nepse_official,OPEN,2026-07-27,GBIMESY2,Global IME Sammunat Yojana -2,9.4,9.4,9.12,,9.3,9.33,-0.02999999999999936,,1700.0,15550.0,4.0,0.28000000000000114,2.978723404255331,-0.32154340836012174,3887.5,9.147058823529411
2026-07-27T06:15:26+00:00,2026-07-27T12:00:26+05:45,2026-07-27,12:00:26,1785132926,0,6,12,nepse_official,OPEN,2026-07-27,GBLBS,Grameen Bikas Laghubitta Bittiya Sanstha Ltd.,750.0,760.0,750.0,,760.0,761.0,-1.0,,243.0,183589.6,6.0,10.0,1.3333333333333335,-0.1314060446780552,30598.266666666666,755.5127572016461
2026-07-27T06:15:26+00:00,2026-07-27T12:00:26+05:45,2026-07-27,12:00:26,1785132926,0,6,12,nepse_official,OPEN,2026-07-27,GCIL,Ghorahi Cement Industry Limited,361.3,365.0,361.3,,364.0,364.0,0.0,,2045.0,745303.4,30.0,3.6999999999999886,1.0240797121505643,0.0,24843.446666666667,364.4515403422983
2026-07-27T06:15:26+00:00,2026-07-27T12:00:26+05:45,2026-07-27,12:00:26,1785132926,0,6,12,nepse_official,OPEN,2026-07-27,GFCL,Goodwill Finance Limited,630.0,630.8,625.0,,630.8,630.4,0.39999999999997726,,1562.0,983824.2,8.0,5.7999999999999545,0.9206349206349135,0.0634517766497426,122978.025,629.8490396927016
2026-07-27T06:15:26+00:00,2026-07-27T12:00:26+05:45,2026-07-27,12:00:26,1785132926,0,6,12,nepse_official,OPEN,2026-07-27,GHL,Ghalemdi Hydro Limited,234.0,238.0,231.0,,238.0,234.0,4.0,,6240.0,1467666.0,38.0,7.0,2.9914529914529915,1.7094017094017095,38622.78947368421,235.20288461538462
2026-07-27T06:15:26+00:00,2026-07-27T12:00:26+05:45,2026-07-27,12:00:26,1785132926,0,6,12,nepse_official,OPEN,2026-07-27,GIBF1,Global IME Balanced Fund-1,10.6,10.6,10.6,,10.6,10.55,0.049999999999998934,,600.0,6360.0,2.0,0.0,0.0,0.47393364928908943,3180.0,10.6
2026-07-27T06:15:26+00:00,2026-07-27T12:00:26+05:45,2026-07-27,12:00:26,1785132926,0,6,12,nepse_official,OPEN,2026-07-27,GILB,Global IME Laghubitta Bittiya Sanstha Ltd.,1119.9,1133.3,1119.9,,1133.3,1120.0,13.299999999999955,,403.0,453097.6,12.0,13.399999999999864,1.196535404946858,1.187499999999996,37758.13333333333,1124.3116625310174
2026-07-27T06:15:26+00:00,2026-07-27T12:00:26+05:45,2026-07-27,12:00:26,1785132926,0,6,12,nepse_official,OPEN,2026-07-27,GLBSL,Gurans Laghubitta Bittiya Sanstha Limited,1710.0,1710.0,1710.0,,1710.0,1800.0,-90.0,,10.0,17100.0,1.0,0.0,0.0,-5.0,17100.0,1710.0
2026-07-27T06:15:26+00:00,2026-07-27T12:00:26+05:45,2026-07-27,12:00:26,1785132926,0,6,12,nepse_official,OPEN,2026-07-27,GLH,GreenLife Hydropower Limited,257.1,260.0,257.1,,258.0,259.0,-1.0,,690.0,178801.0,10.0,2.8999999999999773,1.1279657720731144,-0.3861003861003861,17880.1,259.13188405797104
2026-07-27T06:15:26+00:00,2026-07-27T12:00:26+05:45,2026-07-27,12:00:26,1785132926,0,6,12,nepse_official,OPEN,2026-07-27,GMFBS,Ganapati Laghubitta Bittiya Sanstha Limited,1220.0,1220.0,1220.0,,1220.0,1246.0,-26.0,,40.0,48800.0,2.0,0.0,0.0,-2.086677367576244,24400.0,1220.0
2026-07-27T06:15:26+00:00,2026-07-27T12:00:26+05:45,2026-07-27,12:00:26,1785132926,0,6,12,nepse_official,OPEN,2026-07-27,GMFIL,Guheshowori Merchant Bank & Finance Co. Ltd.,482.0,484.7,472.0,,478.0,473.0,5.0,,2548.0,1224537.2,13.0,12.699999999999989,2.63485477178423,1.0570824524312896,94195.16923076923,480.58759811616954
2026-07-27T06:15:26+00:00,2026-07-27T12:00:26+05:45,2026-07-27,12:00:26,1785132926,0,6,12,nepse_official,OPEN,2026-07-27,GMLI,Guardian Micro Life Insurance Limited ,1187.0,1205.0,1170.2,,1171.0,1186.5,-15.5,,278.0,330033.3,13.0,34.799999999999955,2.9317607413647813,-1.3063632532659082,25387.17692307692,1187.170143884892
2026-07-27T06:15:26+00:00,2026-07-27T12:00:26+05:45,2026-07-27,12:00:26,1785132926,0,6,12,nepse_official,OPEN,2026-07-27,GRDBL,Green Development Bank Ltd.,1033.6,1112.0,1033.6,,1080.0,1088.0,-8.0,,952.0,1002376.0,11.0,78.40000000000009,7.585139318885458,-0.7352941176470588,91125.09090909091,1052.9159663865546
2026-07-27T06:15:26+00:00,2026-07-27T12:00:26+05:45,2026-07-27,12:00:26,1785132926,0,6,12,nepse_official,OPEN,2026-07-27,GSY,Garima Samriddhi Yojana,9.51,9.51,9.51,,9.51,9.42,0.08999999999999986,,400.0,3804.0,4.0,0.0,0.0,0.9554140127388521,951.0,9.51
2026-07-27T06:15:26+00:00,2026-07-27T12:00:26+05:45,2026-07-27,12:00:26,1785132926,0,6,12,nepse_official,OPEN,2026-07-27,GUFL,Gurkhas Finance Ltd.,566.9,585.0,566.9,,585.0,557.0,28.0,,26541.0,15326686.0,134.0,18.100000000000023,3.1928029634856276,5.026929982046679,114378.25373134328,577.4720620926114
2026-07-27T06:15:26+00:00,2026-07-27T12:00:26+05:45,2026-07-27,12:00:26,1785132926,0,6,12,nepse_official,OPEN,2026-07-27,GVL,Green Ventures Limited,482.4,490.0,482.4,,490.0,485.0,5.0,,480.0,232409.8,12.0,7.600000000000023,1.575456053067998,1.0309278350515463,19367.483333333334,484.1870833333333
2026-07-27T06:15:26+00:00,2026-07-27T12:00:26+05:45,2026-07-27,12:00:26,1785132926,0,6,12,nepse_official,OPEN,2026-07-27,H8020,Himalayan 80-20,11.8,11.81,11.8,,11.81,12.0,-0.1899999999999995,,200.0,2361.0,2.0,0.009999999999999787,0.0847457627118626,-1.5833333333333293,1180.5,11.805
2026-07-27T06:15:26+00:00,2026-07-27T12:00:26+05:45,2026-07-27,12:00:26,1785132926,0,6,12,nepse_official,OPEN,2026-07-27,HATHY,Hathway Investment Nepal Limited,750.0,759.0,740.0,,759.0,755.0,4.0,,282.0,211030.0,11.0,19.0,2.533333333333333,0.5298013245033113,19184.545454545456,748.3333333333334
2026-07-27T06:15:26+00:00,2026-07-27T12:00:26+05:45,2026-07-27,12:00:26,1785132926,0,6,12,nepse_official,OPEN,2026-07-27,HBL,Himalayan Bank Limited,206.0,207.0,203.1,,207.0,206.0,1.0,,10950.0,2253461.8,251.0,3.9000000000000057,1.8932038834951486,0.48543689320388345,8977.93545816733,205.79559817351597
2026-07-27T06:15:26+00:00,2026-07-27T12:00:26+05:45,2026-07-27,12:00:26,1785132926,0,6,12,nepse_official,OPEN,2026-07-27,HDHPC,Himal Dolakha Hydropower Company Limited,220.6,221.0,218.5,,221.0,218.6,2.4000000000000057,,40133.0,8846892.6,87.0,2.5,1.1332728921124207,1.0978956999085112,101688.42068965516,220.43935414745968
2026-07-27T06:15:26+00:00,2026-07-27T12:00:26+05:45,2026-07-27,12:00:26,1785132926,0,6,12,nepse_official,OPEN,2026-07-27,HDL,Himalayan Distillery Limited,1199.0,1199.0,1170.0,,1175.0,1166.0,9.0,,2254.0,2644026.9,53.0,29.0,2.418682235195997,0.7718696397941681,49887.299999999996,1173.0376663708962
2026-07-27T06:15:26+00:00,2026-07-27T12:00:26+05:45,2026-07-27,12:00:26,1785132926,0,6,12,nepse_official,OPEN,2026-07-27,HEI,Himalayan Everest Insurance Limited,545.0,545.0,540.0,,543.1,544.0,-0.8999999999999773,,713.0,387941.0,5.0,5.0,0.9174311926605505,-0.16544117647058404,77588.2,544.0967741935484
2026-07-27T06:15:26+00:00,2026-07-27T12:00:26+05:45,2026-07-27,12:00:26,1785132926,0,6,12,nepse_official,OPEN,2026-07-27,HFIN,Hotel Forest Inn Limited,757.0,780.0,757.0,,772.1,779.0,-6.899999999999977,,4993.0,3863550.7,111.0,23.0,3.038309114927345,-0.8857509627727828,34806.76306306307,773.7934508311637
2026-07-27T06:15:26+00:00,2026-07-27T12:00:26+05:45,2026-07-27,12:00:26,1785132926,0,6,12,nepse_official,OPEN,2026-07-27,HHL,Himalayan Hydropower Limited,350.0,355.9,345.4,,345.4,349.0,-3.6000000000000227,,4578.0,1585467.0,19.0,10.5,3.0,-1.0315186246418404,83445.63157894737,346.3230668414155
2026-07-27T06:15:26+00:00,2026-07-27T12:00:26+05:45,2026-07-27,12:00:26,1785132926,0,6,12,nepse_official,OPEN,2026-07-27,HIDCL,Hydorelectricity Investment and Development Company Ltd,261.3,265.0,260.2,,264.9,263.7,1.1999999999999886,,1286.0,339205.2,25.0,4.800000000000011,1.83696900114811,0.45506257110352244,13568.208,263.76765163297046
2026-07-27T06:15:26+00:00,2026-07-27T12:00:26+05:45,2026-07-27,12:00:26,1785132926,0,6,12,nepse_official,OPEN,2026-07-27,HIDCLP,Hydorelectricity Investment and Development Company Limited Promoter,195.0,197.0,194.2,,196.5,195.9,0.5999999999999943,,17375.0,3404877.7,30.0,2.8000000000000114,1.435897435897442,0.30627871362939985,113495.92333333334,195.96418417266187
2026-07-27T06:15:26+00:00,2026-07-27T12:00:26+05:45,2026-07-27,12:00:26,1785132926,0,6,12,nepse_official,OPEN,2026-07-27,HIMSTAR,Him Star Urja Company Limited,748.0,780.0,748.0,,780.0,770.0,10.0,,870.0,675740.0,11.0,32.0,4.27807486631016,1.2987012987012987,61430.90909090909,776.7126436781609
2026-07-27T06:15:26+00:00,2026-07-27T12:00:26+05:45,2026-07-27,12:00:26,1785132926,0,6,12,nepse_official,OPEN,2026-07-27,HLI,Himalayan Life Insurance Limited,330.0,334.7,330.0,,333.1,333.5,-0.39999999999997726,,1991.0,661760.1,38.0,4.699999999999989,1.4242424242424208,-0.11994002998500068,17414.73947368421,332.3757408337519
2026-07-27T06:15:26+00:00,2026-07-27T12:00:26+05:45,2026-07-27,12:00:26,1785132926,0,6,12,nepse_official,OPEN,2026-07-27,HLICF,HLI Large Cap Fund,8.49,8.49,8.25,,8.3,8.75,-0.4499999999999993,,2550.0,21158.5,8.0,0.2400000000000002,2.826855123674914,-5.142857142857134,2644.8125,8.297450980392156
2026-07-27T06:15:26+00:00,2026-07-27T12:00:26+05:45,2026-07-27,12:00:26,1785132926,0,6,12,nepse_official,OPEN,2026-07-27,HPPL,Himalayan Power Partner Ltd.,370.0,385.0,370.0,,381.9,380.0,1.8999999999999773,,35987.0,13729342.4,66.0,15.0,4.054054054054054,0.499999999999994,208020.3393939394,381.508389140523
2026-07-27T06:15:26+00:00,2026-07-27T12:00:26+05:45,2026-07-27,12:00:26,1785132926,0,6,12,nepse_official,OPEN,2026-07-27,HRL,Himalayan Reinsurance Limited,635.0,635.0,612.0,,620.0,629.0,-9.0,,53865.0,33405975.1,445.0,23.0,3.622047244094488,-1.4308426073131957,75069.60696629214,620.1796175624246
2026-07-27T06:15:26+00:00,2026-07-27T12:00:26+05:45,2026-07-27,12:00:26,1785132926,0,6,12,nepse_official,OPEN,2026-07-27,HURJA,Himalaya Urja Bikas Company Limited,241.3,244.0,240.1,,242.0,241.0,1.0,,7538.0,1817760.8,22.0,3.9000000000000057,1.616245337753836,0.4149377593360996,82625.4909090909,241.14629875298488
2026-07-27T06:15:26+00:00,2026-07-27T12:00:26+05:45,2026-07-27,12:00:26,1785132926,0,6,12,nepse_official,OPEN,2026-07-27,ICFC,ICFC Finance Limited,628.0,628.0,623.0,,625.0,628.0,-3.0,,316.0,197250.0,4.0,5.0,0.7961783439490446,-0.47770700636942676,49312.5,624.2088607594936
2026-07-27T06:15:26+00:00,2026-07-27T12:00:26+05:45,2026-07-27,12:00:26,1785132926,0,6,12,nepse_official,OPEN,2026-07-27,ICFCD89,8% ICFC Finance Limited Debenture 2089,1100.0,1100.0,1100.0,,1100.0,1101.0,-1.0,,25.0,27500.0,1.0,0.0,0.0,-0.09082652134423251,27500.0,1100.0
2026-07-27T06:15:26+00:00,2026-07-27T12:00:26+05:45,2026-07-27,12:00:26,1785132926,0,6,12,nepse_official,OPEN,2026-07-27,IGI,IGI Prudential insurance Limited,455.0,455.0,455.0,,455.0,449.8,5.199999999999989,,244.0,111020.0,2.0,0.0,0.0,1.1560693641618471,55510.0,455.0
2026-07-27T06:15:26+00:00,2026-07-27T12:00:26+05:45,2026-07-27,12:00:26,1785132926,0,6,12,nepse_official,OPEN,2026-07-27,IHL,Ingwa Hydropower Limited,356.1,361.0,356.1,,357.0,362.5,-5.5,,520.0,187631.0,3.0,4.899999999999977,1.376017972479634,-1.5172413793103448,62543.666666666664,360.82884615384614
2026-07-27T06:15:26+00:00,2026-07-27T12:00:26+05:45,2026-07-27,12:00:26,1785132926,0,6,12,nepse_official,OPEN,2026-07-27,ILBS,Infinity Laghubitta Bittiya Sanstha Limited,860.0,930.0,860.0,,905.0,884.0,21.0,,75.0,67137.0,7.0,70.0,8.13953488372093,2.3755656108597285,9591.0,895.16
2026-07-27T06:15:26+00:00,2026-07-27T12:00:26+05:45,2026-07-27,12:00:26,1785132926,0,6,12,nepse_official,OPEN,2026-07-27,ILI,IME Life Insurance Company Limited,422.0,429.9,422.0,,423.2,425.0,-1.8000000000000114,,435.0,184520.5,39.0,7.899999999999977,1.872037914691938,-0.42352941176470854,4731.294871794872,424.1850574712644
2026-07-27T06:15:26+00:00,2026-07-27T12:00:26+05:45,2026-07-27,12:00:26,1785132926,0,6,12,nepse_official,OPEN,2026-07-27,JBBL,Jyoti Bikas Bank Limited,360.1,365.0,360.1,,364.0,364.1,-0.10000000000002274,,9745.0,3530634.1,28.0,4.899999999999977,1.360733129686192,-0.02746498214776785,126094.075,362.30211390456645
2026-07-27T06:15:26+00:00,2026-07-27T12:00:26+05:45,2026-07-27,12:00:26,1785132926,0,6,12,nepse_official,OPEN,2026-07-27,JBLB,Jeevan Bikas Laghubitta  Bittya Sanstha Ltd,1265.0,1286.0,1265.0,,1286.0,1283.0,3.0,,333.0,426794.3,12.0,21.0,1.6600790513833994,0.23382696804364772,35566.191666666666,1281.6645645645644
2026-07-27T06:15:26+00:00,2026-07-27T12:00:26+05:45,2026-07-27,12:00:26,1785132926,0,6,12,nepse_official,OPEN,2026-07-27,JFL,Janaki Finance Company Limited,404.0,412.0,404.0,,412.0,404.0,8.0,,500.0,204906.0,7.0,8.0,1.9801980198019802,1.9801980198019802,29272.285714285714,409.812
2026-07-27T06:15:26+00:00,2026-07-27T12:00:26+05:45,2026-07-27,12:00:26,1785132926,0,6,12,nepse_official,OPEN,2026-07-27,JHAPA,Jhapa Energy Limited,1201.1,1223.9,1200.0,,1210.0,1211.1,-1.099999999999909,,1166.0,1412471.6,22.0,23.90000000000009,1.9898426442427852,-0.090826521344225,64203.25454545455,1211.3821612349916
2026-07-27T06:15:26+00:00,2026-07-27T12:00:26+05:45,2026-07-27,12:00:26,1785132926,0,6,12,nepse_official,OPEN,2026-07-27,JOSHI,Joshi Hydropower Development Company Ltd,276.9,276.9,265.7,,265.7,270.0,-4.300000000000011,,2954.0,799063.8,14.0,11.199999999999989,4.044781509570238,-1.5925925925925968,57075.985714285714,270.50230196343944
2026-07-27T06:15:26+00:00,2026-07-27T12:00:26+05:45,2026-07-27,12:00:26,1785132926,0,6,12,nepse_official,OPEN,2026-07-27,KAHL,Kalanga Hydro Limited,601.2,608.0,577.0,,588.1,601.2,-13.100000000000023,,10820.0,6420743.4,538.0,31.0,5.156353958749168,-2.1789753825682006,11934.467286245354,593.4143622920518
2026-07-27T06:15:26+00:00,2026-07-27T12:00:26+05:45,2026-07-27,12:00:26,1785132926,0,6,12,nepse_official,OPEN,2026-07-27,KBL,Kumari Bank Limited,228.2,232.0,227.0,,232.0,228.2,3.8000000000000114,,158724.0,36542560.0,392.0,5.0,2.1910604732690624,1.6652059596844924,93220.8163265306,230.22706080995943
2026-07-27T06:15:26+00:00,2026-07-27T12:00:26+05:45,2026-07-27,12:00:26,1785132926,0,6,12,nepse_official,OPEN,2026-07-27,KBSH,Kutheli Bukhari Small Hydropower Limited,1053.0,1053.0,1025.0,,1030.0,1050.0,-20.0,,6444.0,6682860.5,94.0,28.0,2.6590693257359925,-1.9047619047619049,71094.26063829787,1037.0671166977033
2026-07-27T06:15:26+00:00,2026-07-27T12:00:26+05:45,2026-07-27,12:00:26,1785132926,0,6,12,nepse_official,OPEN,2026-07-27,KDBY,Kumari Dhanabriddhi Yojana,10.9,11.0,10.9,,11.0,11.0,0.0,,800.0,8780.0,4.0,0.09999999999999964,0.9174311926605472,0.0,2195.0,10.975
2026-07-27T06:15:26+00:00,2026-07-27T12:00:26+05:45,2026-07-27,12:00:26,1785132926,0,6,12,nepse_official,OPEN,2026-07-27,KDL,Kalinchowk Darshan Limited,793.0,800.0,793.0,,800.0,813.9,-13.899999999999977,,70.0,55820.0,4.0,7.0,0.8827238335435058,-1.7078265143137952,13955.0,797.4285714285714
2026-07-27T06:15:26+00:00,2026-07-27T12:00:26+05:45,2026-07-27,12:00:26,1785132926,0,6,12,nepse_official,OPEN,2026-07-27,KEF,Kumari Equity Fund,10.4,10.6,10.4,,10.6,10.69,-0.08999999999999986,,400.0,4201.0,3.0,0.1999999999999993,1.9230769230769162,-0.8419083255378845,1400.3333333333333,10.5025
2026-07-27T06:15:26+00:00,2026-07-27T12:00:26+05:45,2026-07-27,12:00:26,1785132926,0,6,12,nepse_official,OPEN,2026-07-27,KHPL,Kalinchock Hydropower Limited,960.4,989.9,960.4,,975.0,990.0,-15.0,,735.0,715028.5,30.0,29.5,3.071636817992503,-1.5151515151515151,23834.283333333333,972.8278911564626
2026-07-27T06:15:26+00:00,2026-07-27T12:00:26+05:45,2026-07-27,12:00:26,1785132926,0,6,12,nepse_official,OPEN,2026-07-27,KKHC,Khanikhola Hydropower Co. Ltd.,282.3,288.0,280.0,,284.1,282.3,1.8000000000000114,,101411.0,28821287.4,311.0,8.0,2.8338646829613885,0.6376195536663165,92672.94983922828,284.20277287473743
2026-07-27T06:15:26+00:00,2026-07-27T12:00:26+05:45,2026-07-27,12:00:26,1785132926,0,6,12,nepse_official,OPEN,2026-07-27,KMCDB,Kalika Laghubitta Bittiya Sanstha Ltd,800.0,800.0,800.0,,800.0,806.0,-6.0,,16.0,12800.0,1.0,0.0,0.0,-0.7444168734491315,12800.0,800.0
2026-07-27T06:15:26+00:00,2026-07-27T12:00:26+05:45,2026-07-27,12:00:26,1785132926,0,6,12,nepse_official,OPEN,2026-07-27,KPCL,Kalika power Company Ltd,482.0,485.0,482.0,,485.0,482.0,3.0,,599.0,289858.0,9.0,3.0,0.6224066390041494,0.6224066390041494,32206.444444444445,483.9031719532554
2026-07-27T06:15:26+00:00,2026-07-27T12:00:26+05:45,2026-07-27,12:00:26,1785132926,0,6,12,nepse_official,OPEN,2026-07-27,KSBBL,Kamana Sewa Bikas Bank Limited,489.0,493.0,489.0,,493.0,488.6,4.399999999999977,,4610.0,2263758.0,11.0,4.0,0.81799591002045,0.9005321326238184,205796.18181818182,491.0537960954447
2026-07-27T06:15:26+00:00,2026-07-27T12:00:26+05:45,2026-07-27,12:00:26,1785132926,0,6,12,nepse_official,OPEN,2026-07-27,KSY,Kumari Sabal Yojana,9.5,9.5,9.5,,9.5,9.55,-0.05000000000000071,,100.0,950.0,1.0,0.0,0.0,-0.5235602094240912,950.0,9.5
2026-07-27T06:15:26+00:00,2026-07-27T12:00:26+05:45,2026-07-27,12:00:26,1785132926,0,6,12,nepse_official,OPEN,2026-07-27,LBBL,Lumbini Bikas Bank Ltd.,510.0,514.9,500.0,,507.0,510.0,-3.0,,11701.0,5981260.0,52.0,14.899999999999977,2.921568627450976,-0.5882352941176471,115024.23076923077,511.1751132381848
2026-07-27T06:15:26+00:00,2026-07-27T12:00:26+05:45,2026-07-27,12:00:26,1785132926,0,6,12,nepse_official,OPEN,2026-07-27,LEC,Liberty Energy Company Limited,225.0,234.0,225.0,,233.0,224.0,9.0,,169406.0,39122472.1,391.0,9.0,4.0,4.017857142857143,100057.47340153453,230.93911726857374
2026-07-27T06:15:26+00:00,2026-07-27T12:00:26+05:45,2026-07-27,12:00:26,1785132926,0,6,12,nepse_official,OPEN,2026-07-27,LICN,Life Insurance Corporation (Nepal) Limited,814.9,814.9,794.5,,796.1,804.0,-7.899999999999977,,283.0,226288.3,6.0,20.399999999999977,2.5033746471959724,-0.9825870646766142,37714.71666666667,799.6053003533568
2026-07-27T06:15:26+00:00,2026-07-27T12:00:26+05:45,2026-07-27,12:00:26,1785132926,0,6,12,nepse_official,OPEN,2026-07-27,LLBS,Laxmi Laghubitta Bittiya Sanstha Ltd.,915.0,920.0,915.0,,916.0,935.0,-19.0,,120.0,110070.0,3.0,5.0,0.546448087431694,-2.0320855614973263,36690.0,917.25
2026-07-27T06:15:26+00:00,2026-07-27T12:00:26+05:45,2026-07-27,12:00:26,1785132926,0,6,12,nepse_official,OPEN,2026-07-27,LSL,Laxmi Sunrise Bank Limited,218.8,235.0,218.8,,232.2,230.3,1.8999999999999773,,61053.0,14088963.0,106.0,16.19999999999999,7.404021937842773,0.8250108554059823,132914.74528301886,230.76610485971204
2026-07-27T06:15:26+00:00,2026-07-27T12:00:26+05:45,2026-07-27,12:00:26,1785132926,0,6,12,nepse_official,OPEN,2026-07-27,LVF2,Laxmi Value Fund 2,9.56,9.6,9.56,,9.6,9.66,-0.0600000000000005,,400.0,3836.0,3.0,0.03999999999999915,0.41841004184099523,-0.6211180124223654,1278.6666666666667,9.59
2026-07-27T06:15:26+00:00,2026-07-27T12:00:26+05:45,2026-07-27,12:00:26,1785132926,0,6,12,nepse_official,OPEN,2026-07-27,MABEL,Mabilung Energy Limited,638.0,649.0,635.0,,640.0,637.0,3.0,,1560.0,993808.0,21.0,14.0,2.19435736677116,0.47095761381475665,47324.19047619047,637.0564102564102
2026-07-27T06:15:26+00:00,2026-07-27T12:00:26+05:45,2026-07-27,12:00:26,1785132926,0,6,12,nepse_official,OPEN,2026-07-27,MAKAR,Makar Jitumaya Suri Hydropower Limited,460.0,460.0,449.0,,450.0,450.0,0.0,,23434.0,10557520.2,69.0,11.0,2.391304347826087,0.0,153007.53913043477,450.5214730733122
2026-07-27T06:15:26+00:00,2026-07-27T12:00:26+05:45,2026-07-27,12:00:26,1785132926,0,6,12,nepse_official,OPEN,2026-07-27,MANDU,Mandu Hydropower Limited,858.0,858.0,819.0,,833.0,857.9,-24.899999999999977,,283.0,239176.0,10.0,39.0,4.545454545454546,-2.9024361813731177,23917.6,845.1448763250884
2026-07-27T06:15:26+00:00,2026-07-27T12:00:26+05:45,2026-07-27,12:00:26,1785132926,0,6,12,nepse_official,OPEN,2026-07-27,MATRI,Matribhumi Lagubitta Bittiya Sanstha Limited,828.0,840.0,828.0,,830.2,843.0,-12.799999999999955,,93.0,77246.0,5.0,12.0,1.4492753623188406,-1.5183867141162462,15449.2,830.6021505376344
2026-07-27T06:15:26+00:00,2026-07-27T12:00:26+05:45,2026-07-27,12:00:26,1785132926,0,6,12,nepse_official,OPEN,2026-07-27,MBJC,Madhya Bhotekoshi Jalavidyut Company Limited,276.0,276.1,272.0,,275.0,276.1,-1.1000000000000227,,1320.0,362156.0,41.0,4.100000000000023,1.4855072463768197,-0.3984063745020003,8833.073170731708,274.3606060606061
2026-07-27T06:15:26+00:00,2026-07-27T12:00:26+05:45,2026-07-27,12:00:26,1785132926,0,6,12,nepse_official,OPEN,2026-07-27,MBL,Machhapuchhre Bank Limited,259.0,263.0,258.6,,263.0,259.9,3.1000000000000227,,53271.0,13913802.0,115.0,4.399999999999977,1.69884169884169,1.192766448634099,120989.58260869565,261.1890522047643
2026-07-27T06:15:26+00:00,2026-07-27T12:00:26+05:45,2026-07-27,12:00:26,1785132926,0,6,12,nepse_official,OPEN,2026-07-27,MBLEF,MBL Equity Fund,9.9,10.2,9.9,,9.96,10.2,-0.23999999999999844,,1300.0,13134.0,5.0,0.29999999999999893,3.030303030303019,-2.3529411764705728,2626.8,10.103076923076923
2026-07-27T06:15:26+00:00,2026-07-27T12:00:26+05:45,2026-07-27,12:00:26,1785132926,0,6,12,nepse_official,OPEN,2026-07-27,MCHL,Menchhiyam Hydropower Limited,290.0,290.0,285.0,,286.0,285.0,1.0,,1584.0,453249.8,18.0,5.0,1.7241379310344827,0.3508771929824561,25180.544444444444,286.1425505050505
2026-07-27T06:15:26+00:00,2026-07-27T12:00:26+05:45,2026-07-27,12:00:26,1785132926,0,6,12,nepse_official,OPEN,2026-07-27,MDB,Miteri Development Bank Limited,601.0,601.0,596.2,,600.0,602.0,-2.0,,720.0,432463.0,4.0,4.7999999999999545,0.7986688851913402,-0.33222591362126247,108115.75,600.6430555555555
2026-07-27T06:15:26+00:00,2026-07-27T12:00:26+05:45,2026-07-27,12:00:26,1785132926,0,6,12,nepse_official,OPEN,2026-07-27,MEHL,Manakamana Engineering Hydropower Limited,315.1,323.0,315.0,,315.1,315.0,0.10000000000002274,,425.0,133957.0,6.0,8.0,2.5388765471278956,0.03174603174603897,22326.166666666668,315.1929411764706
2026-07-27T06:15:26+00:00,2026-07-27T12:00:26+05:45,2026-07-27,12:00:26,1785132926,0,6,12,nepse_official,OPEN,2026-07-27,MEL,Modi Energy Limited,220.0,224.2,220.0,,221.0,220.0,1.0,,470.0,104475.0,21.0,4.199999999999989,1.909090909090904,0.45454545454545453,4975.0,222.2872340425532
2026-07-27T06:15:26+00:00,2026-07-27T12:00:26+05:45,2026-07-27,12:00:26,1785132926,0,6,12,nepse_official,OPEN,2026-07-27,MEN,Mountain Energy Nepal Limited,597.1,602.9,596.0,,596.0,597.0,-1.0,,6208.0,3719444.1,33.0,6.899999999999977,1.1555853290906006,-0.16750418760469013,112710.42727272728,599.1372583762886
2026-07-27T06:15:26+00:00,2026-07-27T12:00:26+05:45,2026-07-27,12:00:26,1785132926,0,6,12,nepse_official,OPEN,2026-07-27,MERO,Mero Microfinance Bittiya Sanstha Ltd.,700.0,700.0,686.1,,690.0,694.0,-4.0,,502.0,348385.7,6.0,13.899999999999977,1.9857142857142822,-0.5763688760806917,58064.28333333333,693.9954183266932
2026-07-27T06:15:26+00:00,2026-07-27T12:00:26+05:45,2026-07-27,12:00:26,1785132926,0,6,12,nepse_official,OPEN,2026-07-27,MFIL,Manjushree Finance Ltd.,770.0,835.0,770.0,,790.0,795.9,-5.899999999999977,,2386.0,1895019.2,22.0,65.0,8.441558441558442,-0.7412991581856989,86137.23636363636,794.224308466052
2026-07-27T06:15:26+00:00,2026-07-27T12:00:26+05:45,2026-07-27,12:00:26,1785132926,0,6,12,nepse_official,OPEN,2026-07-27,MHCL,Molung Hydropower Company Limited,325.0,326.0,325.0,,326.0,330.0,-4.0,,100.0,32550.0,10.0,1.0,0.3076923076923077,-1.2121212121212122,3255.0,325.5
2026-07-27T06:15:26+00:00,2026-07-27T12:00:26+05:45,2026-07-27,12:00:26,1785132926,0,6,12,nepse_official,OPEN,2026-07-27,MHL,Mandakini Hydropower Limited,480.0,480.0,480.0,,480.0,485.0,-5.0,,20.0,9600.0,2.0,0.0,0.0,-1.0309278350515463,4800.0,480.0
2026-07-27T06:15:26+00:00,2026-07-27T12:00:26+05:45,2026-07-27,12:00:26,1785132926,0,6,12,nepse_official,OPEN,2026-07-27,MHNL,Mountain Hydro Nepal Limited,240.8,240.8,240.8,,240.8,241.5,-0.6999999999999886,,28.0,6742.4,1.0,0.0,0.0,-0.2898550724637634,6742.4,240.79999999999998
2026-07-27T06:15:26+00:00,2026-07-27T12:00:26+05:45,2026-07-27,12:00:26,1785132926,0,6,12,nepse_official,OPEN,2026-07-27,MKCL,Muktinath Krishi Company Limited,1152.0,1153.0,1152.0,,1153.0,1180.0,-27.0,,120.0,138350.0,3.0,1.0,0.08680555555555555,-2.288135593220339,46116.666666666664,1152.9166666666667
2026-07-27T06:15:26+00:00,2026-07-27T12:00:26+05:45,2026-07-27,12:00:26,1785132926,0,6,12,nepse_official,OPEN,2026-07-27,MKHC,Maya Khola Hydropower Company Limited,293.0,297.0,293.0,,297.0,297.2,-0.19999999999998863,,120.0,35414.0,12.0,4.0,1.3651877133105803,-0.06729475100941744,2951.1666666666665,295.1166666666667
2026-07-27T06:15:26+00:00,2026-07-27T12:00:26+05:45,2026-07-27,12:00:26,1785132926,0,6,12,nepse_official,OPEN,2026-07-27,MKHL,Mai Khola Hydropower Limited,493.0,516.9,493.0,,503.0,507.0,-4.0,,1590.0,813515.0,16.0,23.899999999999977,4.847870182555776,-0.7889546351084813,50844.6875,511.6446540880503
2026-07-27T06:15:26+00:00,2026-07-27T12:00:26+05:45,2026-07-27,12:00:26,1785132926,0,6,12,nepse_official,OPEN,2026-07-27,MKJC,Mailung Khola Jal Vidhyut Company Limited,500.0,500.0,485.0,,488.9,487.0,1.8999999999999773,,635.0,315224.0,9.0,15.0,3.0,0.3901437371663198,35024.88888888889,496.41574803149604
2026-07-27T06:15:26+00:00,2026-07-27T12:00:26+05:45,2026-07-27,12:00:26,1785132926,0,6,12,nepse_official,OPEN,2026-07-27,MLBL,Mahalaxmi Bikas Bank Ltd.,366.8,366.8,362.0,,365.9,364.0,1.8999999999999773,,5948.0,2160650.5,19.0,4.800000000000011,1.3086150490730675,0.5219780219780157,113718.44736842105,363.2566408876933
2026-07-27T06:15:26+00:00,2026-07-27T12:00:26+05:45,2026-07-27,12:00:26,1785132926,0,6,12,nepse_official,OPEN,2026-07-27,MLBSL,Mahila Lagubitta Bittiya Sanstha Limited ,1715.0,1720.0,1715.0,,1720.0,1739.9,-19.90000000000009,,42.0,72135.0,2.0,5.0,0.2915451895043732,-1.143743893327208,36067.5,1717.5
2026-07-27T06:15:26+00:00,2026-07-27T12:00:26+05:45,2026-07-27,12:00:26,1785132926,0,6,12,nepse_official,OPEN,2026-07-27,MMF1,Mega Mutual Fund -1,9.19,9.3,9.19,,9.3,9.47,-0.16999999999999993,,850.0,7830.0,5.0,0.11000000000000121,1.1969532100108946,-1.7951425554382252,1566.0,9.211764705882352
2026-07-27T06:15:26+00:00,2026-07-27T12:00:26+05:45,2026-07-27,12:00:26,1785132926,0,6,12,nepse_official,OPEN,2026-07-27,MMKJL,Mathillo Mailun Khola Jalvidhyut Limited,485.0,487.0,485.0,,487.0,496.0,-9.0,,40.0,19420.0,4.0,2.0,0.4123711340206186,-1.8145161290322582,4855.0,485.5
2026-07-27T06:15:26+00:00,2026-07-27T12:00:26+05:45,2026-07-27,12:00:26,1785132926,0,6,12,nepse_official,OPEN,2026-07-27,MNBBL,Muktinath Bikas Bank Ltd.,365.0,379.8,365.0,,379.0,377.0,2.0,,3533.0,1338385.1,35.0,14.800000000000011,4.054794520547948,0.5305039787798408,38239.57428571429,378.8239739598076
2026-07-27T06:15:26+00:00,2026-07-27T12:00:26+05:45,2026-07-27,12:00:26,1785132926,0,6,12,nepse_official,OPEN,2026-07-27,MNMF1,Muktinath Mutual Fund 1,9.52,9.81,9.52,,9.71,9.7,0.010000000000001563,,900.0,8704.0,4.0,0.2900000000000009,3.046218487394968,0.10309278350517076,2176.0,9.671111111111111
2026-07-27T06:15:26+00:00,2026-07-27T12:00:26+05:45,2026-07-27,12:00:26,1785132926,0,6,12,nepse_official,OPEN,2026-07-27,MPFL,Multipurpose Finance Company  Limited,610.0,628.0,610.0,,627.5,626.9,0.6000000000000227,,1420.0,891010.0,6.0,18.0,2.9508196721311477,0.09570904450470932,148501.66666666666,627.4718309859155
2026-07-27T06:15:26+00:00,2026-07-27T12:00:26+05:45,2026-07-27,12:00:26,1785132926,0,6,12,nepse_official,OPEN,2026-07-27,MSHL,Mid Solu Hydropower Limited,630.0,630.0,630.0,,630.0,632.0,-2.0,,11.0,6930.0,1.0,0.0,0.0,-0.31645569620253167,6930.0,630.0
2026-07-27T06:15:26+00:00,2026-07-27T12:00:26+05:45,2026-07-27,12:00:26,1785132926,0,6,12,nepse_official,OPEN,2026-07-27,MSLB,Mahuli Laghubitta Bittiya Sanstha Limited,1207.1,1225.0,1207.1,,1225.0,1244.0,-19.0,,30.0,36571.0,2.0,17.90000000000009,1.4828928837710291,-1.527331189710611,18285.5,1219.0333333333333
2026-07-27T06:15:26+00:00,2026-07-27T12:00:26+05:45,2026-07-27,12:00:26,1785132926,0,6,12,nepse_official,OPEN,2026-07-27,NABBC,Narayani Development Bank Limited,800.0,810.0,790.0,,810.0,786.0,24.0,,2415.0,1938171.3,31.0,20.0,2.5,3.0534351145038165,62521.65483870968,802.555403726708
2026-07-27T06:15:26+00:00,2026-07-27T12:00:26+05:45,2026-07-27,12:00:26,1785132926,0,6,12,nepse_official,OPEN,2026-07-27,NABIL,Nabil Bank Limited,553.0,561.8,553.0,,561.8,553.1,8.699999999999932,,46546.0,26016532.5,248.0,8.799999999999955,1.5913200723327223,1.5729524498282286,104905.37298387097,558.9423903235509
2026-07-27T06:15:26+00:00,2026-07-27T12:00:26+05:45,2026-07-27,12:00:26,1785132926,0,6,12,nepse_official,OPEN,2026-07-27,NBBD2085,10.25% NBBL Debenture 2085,1165.0,1165.0,1160.7,,1160.7,1133.0,27.700000000000045,,1739.0,2018672.3,10.0,4.2999999999999545,0.36909871244634807,2.444836716681381,201867.23,1160.8236342725704
2026-07-27T06:15:26+00:00,2026-07-27T12:00:26+05:45,2026-07-27,12:00:26,1785132926,0,6,12,nepse_official,OPEN,2026-07-27,NBF3,Nabil Balanced Fund-3,9.7,9.7,9.68,,9.68,9.97,-0.2900000000000009,,200.0,1938.0,2.0,0.019999999999999574,0.2061855670103049,-2.9087261785356158,969.0,9.69
2026-07-27T06:15:26+00:00,2026-07-27T12:00:26+05:45,2026-07-27,12:00:26,1785132926,0,6,12,nepse_official,OPEN,2026-07-27,NBL,Nepal Bank Limited,258.4,275.0,258.4,,274.5,272.0,2.5,,18249.0,4979497.9,75.0,16.600000000000023,6.424148606811155,0.9191176470588236,66393.30533333334,272.86415146035404
2026-07-27T06:15:26+00:00,2026-07-27T12:00:26+05:45,2026-07-27,12:00:26,1785132926,0,6,12,nepse_official,OPEN,2026-07-27,NBLD85,Nabil Debenture 2085,1070.9,1070.9,1070.9,,1070.9,1040.0,30.90000000000009,,25.0,26772.5,1.0,0.0,0.0,2.971153846153855,26772.5,1070.9
2026-07-27T06:15:26+00:00,2026-07-27T12:00:26+05:45,2026-07-27,12:00:26,1785132926,0,6,12,nepse_official,OPEN,2026-07-27,NBLD87,8.5% Nepal Bank Debenture 2087,1225.0,1225.0,1131.0,,1131.0,1225.0,-94.0,,9757.0,11035247.4,3.0,94.0,7.673469387755103,-7.673469387755103,3678415.8000000003,1131.008240237778
2026-07-27T06:15:26+00:00,2026-07-27T12:00:26+05:45,2026-07-27,12:00:26,1785132926,0,6,12,nepse_official,OPEN,2026-07-27,NESDO,NESDO Sambridha Laghubitta Bittiya Sanstha Limited,1490.0,1496.0,1490.0,,1496.0,1520.0,-24.0,,22.0,32846.0,2.0,6.0,0.4026845637583893,-1.5789473684210527,16423.0,1493.0
2026-07-27T06:15:26+00:00,2026-07-27T12:00:26+05:45,2026-07-27,12:00:26,1785132926,0,6,12,nepse_official,OPEN,2026-07-27,NFS,Nepal Finance Ltd.,581.0,590.0,580.0,,580.5,582.0,-1.5,,870.0,508441.0,7.0,10.0,1.7211703958691909,-0.25773195876288657,72634.42857142857,584.4149425287357
2026-07-27T06:15:26+00:00,2026-07-27T12:00:26+05:45,2026-07-27,12:00:26,1785132926,0,6,12,nepse_official,OPEN,2026-07-27,NGPL,Ngadi Group Power Ltd.,416.1,422.0,416.1,,421.0,420.0,1.0,,9726.0,4076376.6,30.0,5.899999999999977,1.417928382600331,0.2380952380952381,135879.22,419.1215916101172
2026-07-27T06:15:26+00:00,2026-07-27T12:00:26+05:45,2026-07-27,12:00:26,1785132926,0,6,12,nepse_official,OPEN,2026-07-27,NHPC,National Hydro Power Company Limited,272.0,282.0,272.0,,279.0,280.4,-1.3999999999999773,,42882.0,12014173.5,105.0,10.0,3.6764705882352944,-0.499286733238223,114420.7,280.16821743388834
2026-07-27T06:15:26+00:00,2026-07-27T12:00:26+05:45,2026-07-27,12:00:26,1785132926,0,6,12,nepse_official,OPEN,2026-07-27,NIBD84,8.5% Nepal Investment Bank Debenture 2084,1063.3,1063.3,1063.3,,1063.3,1050.0,13.299999999999955,,30.0,31899.0,1.0,0.0,0.0,1.2666666666666624,31899.0,1063.3
2026-07-27T06:15:26+00:00,2026-07-27T12:00:26+05:45,2026-07-27,12:00:26,1785132926,0,6,12,nepse_official,OPEN,2026-07-27,NIBLGF,NIBL Growth Fund,9.65,9.65,9.4,,9.5,9.22,0.27999999999999936,,24200.0,233415.0,4.0,0.25,2.5906735751295336,3.036876355748366,58353.75,9.645247933884297
2026-07-27T06:15:26+00:00,2026-07-27T12:00:26+05:45,2026-07-27,12:00:26,1785132926,0,6,12,nepse_official,OPEN,2026-07-27,NIBSF2,NIBL Samriddhi Fund -2,9.1,9.1,8.57,,8.82,8.85,-0.02999999999999936,,3920.0,35550.0,4.0,0.5299999999999994,5.824175824175818,-0.3389830508474504,8887.5,9.068877551020408
2026-07-27T06:15:26+00:00,2026-07-27T12:00:26+05:45,2026-07-27,12:00:26,1785132926,0,6,12,nepse_official,OPEN,2026-07-27,NICA,NIC Asia Bank Ltd.,344.0,348.0,343.5,,346.9,344.2,2.6999999999999886,,12791.0,4406780.0,50.0,4.5,1.308139534883721,0.7844276583381722,88135.6,344.5219294816668
2026-07-27T06:15:26+00:00,2026-07-27T12:00:26+05:45,2026-07-27,12:00:26,1785132926,0,6,12,nepse_official,OPEN,2026-07-27,NICBF,NIC Asia Balanced Fund,9.07,9.07,9.07,,9.07,9.12,-0.049999999999998934,,200.0,1814.0,1.0,0.0,0.0,-0.5482456140350761,1814.0,9.07
2026-07-27T06:15:26+00:00,2026-07-27T12:00:26+05:45,2026-07-27,12:00:26,1785132926,0,6,12,nepse_official,OPEN,2026-07-27,NICFC,NIC Asia Flexi CAP Fund,9.01,9.1,9.0,,9.1,9.2,-0.09999999999999964,,1700.0,15321.0,3.0,0.09999999999999964,1.109877913429519,-1.0869565217391266,5107.0,9.01235294117647
2026-07-27T06:15:26+00:00,2026-07-27T12:00:26+05:45,2026-07-27,12:00:26,1785132926,0,6,12,nepse_official,OPEN,2026-07-27,NICGF2,NIC ASIA Growth Fund-2,9.55,9.55,9.55,,9.55,9.38,0.16999999999999993,,100.0,955.0,1.0,0.0,0.0,1.8123667377398713,955.0,9.55
2026-07-27T06:15:26+00:00,2026-07-27T12:00:26+05:45,2026-07-27,12:00:26,1785132926,0,6,12,nepse_official,OPEN,2026-07-27,NICL,Nepal Insurance Co. Ltd.,521.0,521.0,521.0,,521.0,520.0,1.0,,16.0,8336.0,1.0,0.0,0.0,0.19230769230769232,8336.0,521.0
2026-07-27T06:15:26+00:00,2026-07-27T12:00:26+05:45,2026-07-27,12:00:26,1785132926,0,6,12,nepse_official,OPEN,2026-07-27,NICLBSL,NIC ASIA Laghubitta Bittiya Sanstha Limited,560.0,568.4,560.0,,560.1,568.0,-7.899999999999977,,144.0,80847.0,13.0,8.399999999999977,1.499999999999996,-1.3908450704225312,6219.0,561.4375
2026-07-27T06:15:26+00:00,2026-07-27T12:00:26+05:45,2026-07-27,12:00:26,1785132926,0,6,12,nepse_official,OPEN,2026-07-27,NIFRA,Nepal Infrastructure Bank Limited,256.0,256.5,252.0,,254.2,255.0,-0.8000000000000114,,3959.0,1008649.0,73.0,4.5,1.7578125,-0.31372549019608287,13817.109589041096,254.77368022227836
2026-07-27T06:15:26+00:00,2026-07-27T12:00:26+05:45,2026-07-27,12:00:26,1785132926,0,6,12,nepse_official,OPEN,2026-07-27,NIL,Neco Insurance Limited,625.0,627.0,624.0,,627.0,630.0,-3.0,,599.0,374453.0,7.0,3.0,0.48,-0.4761904761904762,53493.28571428572,625.1302170283807
2026-07-27T06:15:26+00:00,2026-07-27T12:00:26+05:45,2026-07-27,12:00:26,1785132926,0,6,12,nepse_official,OPEN,2026-07-27,NIMB,Nepal Investment Mega Bank Limited,194.0,208.0,194.0,,207.0,204.2,2.8000000000000114,,57862.0,11838388.8,164.0,14.0,7.216494845360824,1.3712047012732673,72185.29756097561,204.59695136704573
2026-07-27T06:15:26+00:00,2026-07-27T12:00:26+05:45,2026-07-27,12:00:26,1785132926,0,6,12,nepse_official,OPEN,2026-07-27,NIMBD90,10% NIMB Debenture 2090,1220.1,1266.2,1220.1,,1266.2,1220.1,46.100000000000136,,1544.0,1955003.3,2.0,46.100000000000136,3.7783788214080927,3.7783788214080927,977501.65,1266.193847150259
2026-07-27T06:15:26+00:00,2026-07-27T12:00:26+05:45,2026-07-27,12:00:26,1785132926,0,6,12,nepse_official,OPEN,2026-07-27,NIMBPO,Nepal Investment Mega Bank Ltd. Promoter Share,149.2,149.2,149.2,,149.2,145.1,4.099999999999994,,10.0,1492.0,1.0,0.0,0.0,2.8256374913852476,1492.0,149.2
2026-07-27T06:15:26+00:00,2026-07-27T12:00:26+05:45,2026-07-27,12:00:26,1785132926,0,6,12,nepse_official,OPEN,2026-07-27,NLG,NLG Insurance Company Ltd.,603.0,603.0,603.0,,603.0,603.9,-0.8999999999999773,,1050.0,633150.0,5.0,0.0,0.0,-0.14903129657227643,126630.0,603.0
2026-07-27T06:15:26+00:00,2026-07-27T12:00:26+05:45,2026-07-27,12:00:26,1785132926,0,6,12,nepse_official,OPEN,2026-07-27,NLIC,Nepal Life Insurance Co. Ltd.,769.0,770.0,765.0,,770.0,769.0,1.0,,2644.0,2033463.2,29.0,5.0,0.6501950585175552,0.13003901170351106,70119.42068965518,769.085930408472
2026-07-27T06:15:26+00:00,2026-07-27T12:00:26+05:45,2026-07-27,12:00:26,1785132926,0,6,12,nepse_official,OPEN,2026-07-27,NLICL,National Life Insurance Co. Ltd.,588.0,605.0,588.0,,590.0,588.0,2.0,,9153.0,5478569.0,20.0,17.0,2.891156462585034,0.3401360544217687,273928.45,598.5544630175899
2026-07-27T06:15:26+00:00,2026-07-27T12:00:26+05:45,2026-07-27,12:00:26,1785132926,0,6,12,nepse_official,OPEN,2026-07-27,NMB,NMB Bank Limited,235.0,268.0,235.0,,255.0,247.1,7.900000000000006,,136736.0,35313027.9,283.0,33.0,14.042553191489363,3.1970861999190636,124781.01731448763,258.25699084366954
2026-07-27T06:15:26+00:00,2026-07-27T12:00:26+05:45,2026-07-27,12:00:26,1785132926,0,6,12,nepse_official,OPEN,2026-07-27,NMB50,NMB 50,10.74,10.74,10.74,,10.74,10.6,0.14000000000000057,,119.0,1278.06,1.0,0.0,0.0,1.3207547169811376,1278.06,10.74
2026-07-27T06:15:26+00:00,2026-07-27T12:00:26+05:45,2026-07-27,12:00:26,1785132926,0,6,12,nepse_official,OPEN,2026-07-27,NMBHF2,NMB Hybrid Fund L- II,9.81,9.84,9.81,,9.84,9.77,0.07000000000000028,,84855.0,832666.44,4.0,0.02999999999999936,0.30581039755351025,0.7164790174002077,208166.61,9.812815273112957
2026-07-27T06:15:26+00:00,2026-07-27T12:00:26+05:45,2026-07-27,12:00:26,1785132926,0,6,12,nepse_official,OPEN,2026-07-27,NMFBS,National Laghubitta Bittiya Sanstha Limited,1131.0,1150.0,1121.8,,1150.0,1131.0,19.0,,1584.0,1808771.5,13.0,28.200000000000045,2.4933687002652563,1.6799292661361624,139136.26923076922,1141.9011994949494
2026-07-27T06:15:26+00:00,2026-07-27T12:00:26+05:45,2026-07-27,12:00:26,1785132926,0,6,12,nepse_official,OPEN,2026-07-27,NMIC,Nepal Micro Insurance Company Limited,961.0,989.0,961.0,,989.0,984.0,5.0,,385.0,376663.0,23.0,28.0,2.91363163371488,0.5081300813008129,16376.652173913044,978.3454545454546
2026-07-27T06:15:26+00:00,2026-07-27T12:00:26+05:45,2026-07-27,12:00:26,1785132926,0,6,12,nepse_official,OPEN,2026-07-27,NMLBBL,Nerude Mirmire Laghubitta Bittiya Sanstha Limited,545.0,545.0,536.0,,536.0,545.9,-9.899999999999977,,37.0,19933.0,3.0,9.0,1.651376146788991,-1.8135189595163907,6644.333333333333,538.7297297297297
2026-07-27T06:15:26+00:00,2026-07-27T12:00:26+05:45,2026-07-27,12:00:26,1785132926,0,6,12,nepse_official,OPEN,2026-07-27,NRIC,Nepal Reinsurance Company Limited,986.0,995.0,975.0,,984.0,986.0,-2.0,,7209.0,7134577.0,55.0,20.0,2.028397565922921,-0.2028397565922921,129719.58181818182,989.6763767512831
2026-07-27T06:15:26+00:00,2026-07-27T12:00:26+05:45,2026-07-27,12:00:26,1785132926,0,6,12,nepse_official,OPEN,2026-07-27,NRM,Nepal Republic Media Limited,324.0,326.0,321.4,,326.0,328.4,-2.3999999999999773,,680.0,221219.0,6.0,4.600000000000023,1.41975308641976,-0.7308160779537081,36869.833333333336,325.3220588235294
2026-07-27T06:15:26+00:00,2026-07-27T12:00:26+05:45,2026-07-27,12:00:26,1785132926,0,6,12,nepse_official,OPEN,2026-07-27,NRN,NRN Infrastructure and Development Limited,1435.0,1479.0,1435.0,,1475.0,1463.0,12.0,,12277.0,17951954.3,67.0,44.0,3.0662020905923346,0.8202323991797676,267939.61641791044,1462.2427547446446
2026-07-27T06:15:26+00:00,2026-07-27T12:00:26+05:45,2026-07-27,12:00:26,1785132926,0,6,12,nepse_official,OPEN,2026-07-27,NSIF2,NMB Sulav Investment Fund - 2,10.68,10.8,10.68,,10.8,10.68,0.120000000000001,,1700.0,18288.0,5.0,0.120000000000001,1.123595505617987,1.123595505617987,3657.6,10.75764705882353
2026-07-27T06:15:26+00:00,2026-07-27T12:00:26+05:45,2026-07-27,12:00:26,1785132926,0,6,12,nepse_official,OPEN,2026-07-27,NSY,Nepal Life Samriddhi Lagani Yojana,9.33,9.33,9.28,,9.28,9.33,-0.05000000000000071,,1200.0,11165.0,8.0,0.05000000000000071,0.535905680600222,-0.535905680600222,1395.625,9.304166666666667
2026-07-27T06:15:26+00:00,2026-07-27T12:00:26+05:45,2026-07-27,12:00:26,1785132926,0,6,12,nepse_official,OPEN,2026-07-27,NTC,Nepal Doorsanchar Company Limited,864.1,865.0,863.2,,864.0,864.0,0.0,,2191.0,1893145.7,29.0,1.7999999999999545,0.20830922346950057,0.0,65280.88620689655,864.0555454130533
2026-07-27T06:15:26+00:00,2026-07-27T12:00:26+05:45,2026-07-27,12:00:26,1785132926,0,6,12,nepse_official,OPEN,2026-07-27,NUBL,Nirdhan Utthan Laghubitta Bittiya Sanstha Limited,633.0,633.0,633.0,,633.0,640.6,-7.600000000000023,,200.0,126600.0,1.0,0.0,0.0,-1.186387761473622,126600.0,633.0
2026-07-27T06:15:26+00:00,2026-07-27T12:00:26+05:45,2026-07-27,12:00:26,1785132926,0,6,12,nepse_official,OPEN,2026-07-27,NWCL,Nepal Warehousing Company Limited ,721.1,733.0,721.1,,733.0,739.9,-6.899999999999977,,40.0,29111.0,4.0,11.899999999999977,1.6502565524892494,-0.9325584538451112,7277.75,727.775
2026-07-27T06:15:26+00:00,2026-07-27T12:00:26+05:45,2026-07-27,12:00:26,1785132926,0,6,12,nepse_official,OPEN,2026-07-27,NYADI,Nyadi Hydropower Limited,368.0,370.0,368.0,,370.0,371.0,-1.0,,303.0,112030.0,10.0,2.0,0.5434782608695652,-0.2695417789757413,11203.0,369.73597359735976
2026-07-27T06:15:26+00:00,2026-07-27T12:00:26+05:45,2026-07-27,12:00:26,1785132926,0,6,12,nepse_official,OPEN,2026-07-27,OHL,Oriental Hotels Limited,692.0,692.0,692.0,,692.0,692.0,0.0,,30.0,20760.0,1.0,0.0,0.0,0.0,20760.0,692.0
2026-07-27T06:15:26+00:00,2026-07-27T12:00:26+05:45,2026-07-27,12:00:26,1785132926,0,6,12,nepse_official,OPEN,2026-07-27,OMPL,Om Megashree Pharmaceuticals Limited,975.0,996.0,975.0,,975.2,996.0,-20.799999999999955,,661.0,645539.0,12.0,21.0,2.1538461538461537,-2.088353413654614,53794.916666666664,976.6096822995462
2026-07-27T06:15:26+00:00,2026-07-27T12:00:26+05:45,2026-07-27,12:00:26,1785132926,0,6,12,nepse_official,OPEN,2026-07-27,PCBL,Prime Commercial Bank Ltd.,230.9,248.9,230.9,,247.0,243.0,4.0,,45175.0,11108636.5,144.0,18.0,7.795582503248159,1.646090534979424,77143.30902777778,245.9023021582734
2026-07-27T06:15:26+00:00,2026-07-27T12:00:26+05:45,2026-07-27,12:00:26,1785132926,0,6,12,nepse_official,OPEN,2026-07-27,PCIL,Palpa Cement Industries Limited,660.0,700.0,660.0,,690.0,692.0,-2.0,,6683.0,4647372.5,164.0,40.0,6.0606060606060606,-0.2890173410404624,28337.63719512195,695.4021397575939
2026-07-27T06:15:26+00:00,2026-07-27T12:00:26+05:45,2026-07-27,12:00:26,1785132926,0,6,12,nepse_official,OPEN,2026-07-27,PHCL,Peoples Hydropower Company Limited,309.0,310.5,308.0,,308.0,309.0,-1.0,,4972.0,1536009.9,31.0,2.5,0.8090614886731391,-0.3236245954692557,49548.7064516129,308.93199919549477
2026-07-27T06:15:26+00:00,2026-07-27T12:00:26+05:45,2026-07-27,12:00:26,1785132926,0,6,12,nepse_official,OPEN,2026-07-27,PMHPL,Panchakanya Mai Hydropower Ltd,320.0,320.1,320.0,,320.1,324.0,-3.8999999999999773,,20.0,6401.0,2.0,0.10000000000002274,0.031250000000007105,-1.2037037037036968,3200.5,320.05
2026-07-27T06:15:26+00:00,2026-07-27T12:00:26+05:45,2026-07-27,12:00:26,1785132926,0,6,12,nepse_official,OPEN,2026-07-27,PMLI,Prabhu Mahalaxmi Life Insurance Limited,442.0,466.0,442.0,,458.0,454.0,4.0,,615.0,280231.1,20.0,24.0,5.429864253393665,0.881057268722467,14011.554999999998,455.660325203252
2026-07-27T06:15:26+00:00,2026-07-27T12:00:26+05:45,2026-07-27,12:00:26,1785132926,0,6,12,nepse_official,OPEN,2026-07-27,PPCL,Panchthar Power Compant Limited,353.9,353.9,347.0,,353.7,352.5,1.1999999999999886,,252.0,89071.8,3.0,6.899999999999977,1.9497033060186428,0.3404255319148904,29690.600000000002,353.45952380952383
2026-07-27T06:15:26+00:00,2026-07-27T12:00:26+05:45,2026-07-27,12:00:26,1785132926,0,6,12,nepse_official,OPEN,2026-07-27,PPL,People's Power Limited,328.9,339.0,328.9,,339.0,339.0,0.0,,4049.0,1356727.7,24.0,10.100000000000023,3.070842201276991,0.0,56530.32083333333,335.0772289454186
2026-07-27T06:15:26+00:00,2026-07-27T12:00:26+05:45,2026-07-27,12:00:26,1785132926,0,6,12,nepse_official,OPEN,2026-07-27,PRIN,Prabhu Insurance Ltd.,697.0,697.0,696.0,,696.0,695.0,1.0,,324.0,225604.0,2.0,1.0,0.1434720229555237,0.14388489208633093,112802.0,696.3086419753087
2026-07-27T06:15:26+00:00,2026-07-27T12:00:26+05:45,2026-07-27,12:00:26,1785132926,0,6,12,nepse_official,OPEN,2026-07-27,PROFL,Progressive Finance Limited,450.0,450.0,450.0,,450.0,444.0,6.0,,100.0,45000.0,1.0,0.0,0.0,1.3513513513513513,45000.0,450.0
2026-07-27T06:15:26+00:00,2026-07-27T12:00:26+05:45,2026-07-27,12:00:26,1785132926,0,6,12,nepse_official,OPEN,2026-07-27,PRSF,Prabhu Smart Fund,12.9,12.9,12.9,,12.9,12.77,0.13000000000000078,,87298.0,1126144.2,6.0,0.0,0.0,1.0180109631949943,187690.69999999998,12.899999999999999
2026-07-27T06:15:26+00:00,2026-07-27T12:00:26+05:45,2026-07-27,12:00:26,1785132926,0,6,12,nepse_official,OPEN,2026-07-27,PRVU,Prabhu  Bank Limited,200.0,202.5,199.0,,202.0,199.9,2.0999999999999943,,40466.0,8129496.7,142.0,3.5,1.7500000000000002,1.0505252626313129,57249.97676056338,200.8969678248406
2026-07-27T06:15:26+00:00,2026-07-27T12:00:26+05:45,2026-07-27,12:00:26,1785132926,0,6,12,nepse_official,OPEN,2026-07-27,PSF,Prabhu Select Fund,12.1,12.15,11.76,,11.79,12.1,-0.3100000000000005,,620.0,7448.0,5.0,0.39000000000000057,3.2231404958677734,-2.5619834710743845,1489.6,12.012903225806452
2026-07-27T06:15:26+00:00,2026-07-27T12:00:26+05:45,2026-07-27,12:00:26,1785132926,0,6,12,nepse_official,OPEN,2026-07-27,PURE,Pure Energy Limited,872.9,894.0,872.9,,894.0,898.0,-4.0,,396.0,350480.0,11.0,21.100000000000023,2.417229923244361,-0.4454342984409799,31861.81818181818,885.0505050505051
2026-07-27T06:15:26+00:00,2026-07-27T12:00:26+05:45,2026-07-27,12:00:26,1785132926,0,6,12,nepse_official,OPEN,2026-07-27,RADHI,Radhi Bidyut Company Ltd,720.0,763.2,720.0,,751.5,755.0,-3.5,,5347.0,4041023.5,20.0,43.200000000000045,6.000000000000006,-0.4635761589403974,202051.175,755.7552833364504
2026-07-27T06:15:26+00:00,2026-07-27T12:00:26+05:45,2026-07-27,12:00:26,1785132926,0,6,12,nepse_official,OPEN,2026-07-27,RAWA,Rawa Energy Development Limited,440.0,453.0,440.0,,448.9,445.0,3.8999999999999773,,1948.0,874057.9,28.0,13.0,2.9545454545454546,0.8764044943820173,31216.35357142857,448.6950205338809
2026-07-27T06:15:26+00:00,2026-07-27T12:00:26+05:45,2026-07-27,12:00:26,1785132926,0,6,12,nepse_official,OPEN,2026-07-27,RBBD83,8.5% RBBL Debenture 2083,1037.3,1037.3,1037.3,,1037.3,1037.0,0.2999999999999545,,3643.0,3778883.9,1.0,0.0,0.0,0.028929604628732355,3778883.9,1037.3
2026-07-27T06:15:26+00:00,2026-07-27T12:00:26+05:45,2026-07-27,12:00:26,1785132926,0,6,12,nepse_official,OPEN,2026-07-27,RBBF40,RBB Focus 40,9.07,9.07,9.07,,9.07,9.32,-0.25,,1400.0,12698.0,2.0,0.0,0.0,-2.682403433476395,6349.0,9.07
2026-07-27T06:15:26+00:00,2026-07-27T12:00:26+05:45,2026-07-27,12:00:26,1785132926,0,6,12,nepse_official,OPEN,2026-07-27,RFPL,River Falls Power Limited,330.0,350.0,330.0,,344.0,345.9,-1.8999999999999773,,1860.0,640951.2,24.0,20.0,6.0606060606060606,-0.5492917028042722,26706.3,344.5974193548387
2026-07-27T06:15:26+00:00,2026-07-27T12:00:26+05:45,2026-07-27,12:00:26,1785132926,0,6,12,nepse_official,OPEN,2026-07-27,RHGCL,Rapti Hydro And General Construction Limited,261.0,276.8,261.0,,274.1,273.7,0.4000000000000341,,830.0,228500.0,13.0,15.800000000000011,6.053639846743299,0.14614541468762665,17576.923076923078,275.30120481927713
2026-07-27T06:15:26+00:00,2026-07-27T12:00:26+05:45,2026-07-27,12:00:26,1785132926,0,6,12,nepse_official,OPEN,2026-07-27,RHPL,RASUWAGADHI HYDROPOWER COMPANY LIMITED,254.0,269.0,254.0,,265.0,267.0,-2.0,,2610.0,692317.0,24.0,15.0,5.905511811023622,-0.7490636704119851,28846.541666666668,265.25555555555553
2026-07-27T06:15:26+00:00,2026-07-27T12:00:26+05:45,2026-07-27,12:00:26,1785132926,0,6,12,nepse_official,OPEN,2026-07-27,RIDI,Ridi Power Company Limited,355.0,377.0,355.0,,374.9,370.0,4.899999999999977,,173306.0,64870214.6,258.0,22.0,6.197183098591549,1.3243243243243183,251434.94031007754,374.31026392623454
2026-07-27T06:15:26+00:00,2026-07-27T12:00:26+05:45,2026-07-27,12:00:26,1785132926,0,6,12,nepse_official,OPEN,2026-07-27,RLEL,Ridge Line Energy Limited,941.0,970.0,941.0,,960.1,970.0,-9.899999999999977,,1377.0,1322985.4,48.0,29.0,3.0818278427205104,-1.0206185567010286,27562.19583333333,960.7737109658677
2026-07-27T06:15:26+00:00,2026-07-27T12:00:26+05:45,2026-07-27,12:00:26,1785132926,0,6,12,nepse_official,OPEN,2026-07-27,RLFL,Reliance Finance Ltd.,484.0,484.0,471.8,,474.0,471.0,3.0,,3617.0,1723550.0,16.0,12.199999999999989,2.520661157024791,0.6369426751592357,107721.875,476.51368537461985
2026-07-27T06:15:26+00:00,2026-07-27T12:00:26+05:45,2026-07-27,12:00:26,1785132926,0,6,12,nepse_official,OPEN,2026-07-27,RMF1,RBB Mutual Fund 1,9.99,10.89,9.99,,10.57,9.7,0.870000000000001,,600.0,6230.0,5.0,0.9000000000000004,9.009009009009013,8.969072164948464,1246.0,10.383333333333333
2026-07-27T06:15:26+00:00,2026-07-27T12:00:26+05:45,2026-07-27,12:00:26,1785132926,0,6,12,nepse_official,OPEN,2026-07-27,RMF2,RBB Mutual Fund 2,10.16,10.16,10.16,,10.16,10.12,0.040000000000000924,,3150.0,32004.0,3.0,0.0,0.0,0.3952569169960566,10668.0,10.16
2026-07-27T06:15:26+00:00,2026-07-27T12:00:26+05:45,2026-07-27,12:00:26,1785132926,0,6,12,nepse_official,OPEN,2026-07-27,RNLI,Reliable Nepal Life Insurance Limited,451.1,458.0,447.3,,447.7,455.0,-7.300000000000011,,16162.0,7272265.3,94.0,10.699999999999989,2.3719796054089977,-1.604395604395607,77364.5244680851,449.9607288701893
2026-07-27T06:15:26+00:00,2026-07-27T12:00:26+05:45,2026-07-27,12:00:26,1785132926,0,6,12,nepse_official,OPEN,2026-07-27,RSDC,RSDC Laghubitta Bittiya Sanstha Ltd.,668.0,668.0,659.7,,659.7,670.1,-10.399999999999977,,337.0,222775.5,6.0,8.299999999999955,1.2425149700598734,-1.55200716310998,37129.25,661.0548961424332
2026-07-27T06:15:26+00:00,2026-07-27T12:00:26+05:45,2026-07-27,12:00:26,1785132926,0,6,12,nepse_official,OPEN,2026-07-27,RSML,Reliance Spinning Mills Limited,3320.0,3419.6,3320.0,,3330.0,3494.0,-164.0,,45526.0,151658642.6,527.0,99.59999999999991,2.9999999999999973,-4.693760732684602,287777.3104364326,3331.2534068444406
2026-07-27T06:15:26+00:00,2026-07-27T12:00:26+05:45,2026-07-27,12:00:26,1785132926,0,6,12,nepse_official,OPEN,2026-07-27,RSY,Reliable Samriddhi Yojana,10.05,10.4,10.05,,10.4,10.35,0.05000000000000071,,2650.0,27465.0,12.0,0.34999999999999964,3.482587064676613,0.48309178743962045,2288.75,10.364150943396226
2026-07-27T06:15:26+00:00,2026-07-27T12:00:26+05:45,2026-07-27,12:00:26,1785132926,0,6,12,nepse_official,OPEN,2026-07-27,RURU,Ru Ru Jalbidhyut Pariyojana Limited,649.0,649.0,626.1,,626.1,631.0,-4.899999999999977,,345.0,217661.5,5.0,22.899999999999977,3.5285053929121695,-0.776545166402532,43532.3,630.9028985507247
2026-07-27T06:15:26+00:00,2026-07-27T12:00:26+05:45,2026-07-27,12:00:26,1785132926,0,6,12,nepse_official,OPEN,2026-07-27,SABBL,Salapa Bikas Bank Limited,1160.0,1190.0,1100.0,,1135.0,1160.0,-25.0,,5622.0,6377669.7,115.0,90.0,7.758620689655173,-2.1551724137931036,55457.99739130435,1134.4129669156885
2026-07-27T06:15:26+00:00,2026-07-27T12:00:26+05:45,2026-07-27,12:00:26,1785132926,0,6,12,nepse_official,OPEN,2026-07-27,SADBL,Shangrila Development Bank Ltd.,422.1,425.0,422.0,,425.0,426.3,-1.3000000000000114,,1600.0,676670.0,11.0,3.0,0.7107320540156361,-0.3049495660333125,61515.454545454544,422.91875
2026-07-27T06:15:26+00:00,2026-07-27T12:00:26+05:45,2026-07-27,12:00:26,1785132926,0,6,12,nepse_official,OPEN,2026-07-27,SAGAR,Sagar Distillery Limited,1750.0,1800.0,1750.0,,1784.0,1792.0,-8.0,,2955.0,5293911.0,51.0,50.0,2.857142857142857,-0.4464285714285714,103802.17647058824,1791.5096446700509
2026-07-27T06:15:26+00:00,2026-07-27T12:00:26+05:45,2026-07-27,12:00:26,1785132926,0,6,12,nepse_official,OPEN,2026-07-27,SAGF,Sanima Growth Fund,10.06,10.06,10.06,,10.06,10.1,-0.03999999999999915,,200.0,2012.0,2.0,0.0,0.0,-0.3960396039603876,1006.0,10.06
2026-07-27T06:15:26+00:00,2026-07-27T12:00:26+05:45,2026-07-27,12:00:26,1785132926,0,6,12,nepse_official,OPEN,2026-07-27,SAHAS,Sahas Urja Limited,664.6,667.9,664.6,,667.0,662.3,4.7000000000000455,,3165.0,2109619.1,51.0,3.2999999999999545,0.49653927174239454,0.7096481956817222,41365.080392156866,666.5463191153239
2026-07-27T06:15:26+00:00,2026-07-27T12:00:26+05:45,2026-07-27,12:00:26,1785132926,0,6,12,nepse_official,OPEN,2026-07-27,SAIL,Shreenagar Agritech Industries Limited,1163.4,1163.4,1095.0,,1103.0,1108.0,-5.0,,8153.0,8996877.2,131.0,68.40000000000009,5.879319236719966,-0.45126353790613716,68678.45190839694,1103.5051146817123
2026-07-27T06:15:26+00:00,2026-07-27T12:00:26+05:45,2026-07-27,12:00:26,1785132926,0,6,12,nepse_official,OPEN,2026-07-27,SALICO,Sagarmatha Lumbini Insurance Co. Limited,603.0,603.0,603.0,,603.0,609.6,-6.600000000000023,,29.0,17487.0,1.0,0.0,0.0,-1.0826771653543343,17487.0,603.0
2026-07-27T06:15:26+00:00,2026-07-27T12:00:26+05:45,2026-07-27,12:00:26,1785132926,0,6,12,nepse_official,OPEN,2026-07-27,SANIMA,Sanima Bank Limited,390.6,390.6,372.2,,378.5,372.0,6.5,,70536.0,26632674.4,241.0,18.400000000000034,4.710701484895042,1.747311827956989,110509.022406639,377.5756266303731
2026-07-27T06:15:26+00:00,2026-07-27T12:00:26+05:45,2026-07-27,12:00:26,1785132926,0,6,12,nepse_official,OPEN,2026-07-27,SANVI,Sanvi Energy Limited,635.0,640.0,630.0,,630.0,643.0,-13.0,,1977.0,1256969.0,22.0,10.0,1.574803149606299,-2.021772939346812,57134.954545454544,635.7961557916035
2026-07-27T06:15:26+00:00,2026-07-27T12:00:26+05:45,2026-07-27,12:00:26,1785132926,0,6,12,nepse_official,OPEN,2026-07-27,SAPDBL,Saptakoshi Development Bank Ltd,845.0,845.0,798.0,,823.0,806.0,17.0,,7490.0,6128574.9,82.0,47.0,5.562130177514793,2.109181141439206,74738.71829268293,818.2342990654206
2026-07-27T06:15:26+00:00,2026-07-27T12:00:26+05:45,2026-07-27,12:00:26,1785132926,0,6,12,nepse_official,OPEN,2026-07-27,SARBTM,Sarbottam Cement Limited,794.1,810.0,794.0,,810.0,805.0,5.0,,1251.0,1004185.0,17.0,16.0,2.0148595894723584,0.6211180124223602,59069.705882352944,802.7058353317346
2026-07-27T06:15:26+00:00,2026-07-27T12:00:26+05:45,2026-07-27,12:00:26,1785132926,0,6,12,nepse_official,OPEN,2026-07-27,SBCF,Sunrise Bluechip Fund,9.61,9.89,9.61,,9.85,9.61,0.2400000000000002,,3003.0,29376.67,8.0,0.28000000000000114,2.913631633714892,2.4973985431841856,3672.08375,9.782440892440892
2026-07-27T06:15:26+00:00,2026-07-27T12:00:26+05:45,2026-07-27,12:00:26,1785132926,0,6,12,nepse_official,OPEN,2026-07-27,SBD89,10.25% Sanima Debenture 2089,1245.4,1245.4,1245.4,,1245.4,1236.0,9.400000000000091,,5000.0,6227000.0,1.0,0.0,0.0,0.7605177993527582,6227000.0,1245.4
2026-07-27T06:15:26+00:00,2026-07-27T12:00:26+05:45,2026-07-27,12:00:26,1785132926,0,6,12,nepse_official,OPEN,2026-07-27,SBI,Nepal SBI Bank Limited,410.0,413.0,410.0,,413.0,413.5,-0.5,,1136.0,467637.0,18.0,3.0,0.7317073170731708,-0.12091898428053204,25979.833333333332,411.65228873239437
2026-07-27T06:15:26+00:00,2026-07-27T12:00:26+05:45,2026-07-27,12:00:26,1785132926,0,6,12,nepse_official,OPEN,2026-07-27,SBIBD86,10% Nepal SBI Bank Debenture 2086,1152.1,1152.1,1152.1,,1152.1,1161.0,-8.900000000000091,,1100.0,1267310.0,1.0,0.0,0.0,-0.7665805340224023,1267310.0,1152.1
2026-07-27T06:15:26+00:00,2026-07-27T12:00:26+05:45,2026-07-27,12:00:26,1785132926,0,6,12,nepse_official,OPEN,2026-07-27,SBID89,9% Nepal SBI Bank Rinpatra 2089,1194.2,1194.2,1194.2,,1194.2,1185.0,9.200000000000045,,3000.0,3582600.0,1.0,0.0,0.0,0.7763713080168815,3582600.0,1194.2
2026-07-27T06:15:26+00:00,2026-07-27T12:00:26+05:45,2026-07-27,12:00:26,1785132926,0,6,12,nepse_official,OPEN,2026-07-27,SBL,Siddhartha Bank Limited,410.0,414.9,409.6,,414.9,410.0,4.899999999999977,,21430.0,8859075.8,104.0,5.2999999999999545,1.2926829268292572,1.1951219512195066,85183.42115384617,413.39597760149326
2026-07-27T06:15:26+00:00,2026-07-27T12:00:26+05:45,2026-07-27,12:00:26,1785132926,0,6,12,nepse_official,OPEN,2026-07-27,SBLD89,10.75% SBL Debenture 2089,1270.0,1271.0,1270.0,,1271.0,1270.0,1.0,,9726.0,12357251.0,2.0,1.0,0.07874015748031496,0.07874015748031496,6178625.5,1270.5378367263006
2026-07-27T06:15:26+00:00,2026-07-27T12:00:26+05:45,2026-07-27,12:00:26,1785132926,0,6,12,nepse_official,OPEN,2026-07-27,SCB,Standard Chartered Bank Limited,618.5,662.0,618.5,,651.2,651.0,0.20000000000004547,,1935.0,1264577.8,22.0,43.5,7.033144704931285,0.03072196620584416,57480.80909090909,653.5285788113696
2026-07-27T06:15:26+00:00,2026-07-27T12:00:26+05:45,2026-07-27,12:00:26,1785132926,0,6,12,nepse_official,OPEN,2026-07-27,SEF,Siddhartha Equity Fund,10.4,10.4,10.4,,10.4,10.11,0.2900000000000009,,200.0,2080.0,2.0,0.0,0.0,2.868447082096943,1040.0,10.4
2026-07-27T06:15:26+00:00,2026-07-27T12:00:26+05:45,2026-07-27,12:00:26,1785132926,0,6,12,nepse_official,OPEN,2026-07-27,SFEF,Sunrise Focused Equity Fund,10.16,10.16,10.16,,10.16,9.95,0.21000000000000085,,12200.0,123952.0,1.0,0.0,0.0,2.110552763819104,123952.0,10.16
2026-07-27T06:15:26+00:00,2026-07-27T12:00:26+05:45,2026-07-27,12:00:26,1785132926,0,6,12,nepse_official,OPEN,2026-07-27,SGHC,Swet-Ganga Hydropower & Construction Limited ,329.0,333.9,323.3,,325.0,325.0,0.0,,7945.0,2584687.0,30.0,10.599999999999966,3.221884498480233,0.0,86156.23333333334,325.3224669603524
2026-07-27T06:15:26+00:00,2026-07-27T12:00:26+05:45,2026-07-27,12:00:26,1785132926,0,6,12,nepse_official,OPEN,2026-07-27,SGHL,Sanigad Hydro Limited,550.0,555.0,535.2,,543.0,552.0,-9.0,,26367.0,14368318.1,912.0,19.799999999999955,3.599999999999991,-1.6304347826086956,15754.734758771929,544.9356430386467
2026-07-27T06:15:26+00:00,2026-07-27T12:00:26+05:45,2026-07-27,12:00:26,1785132926,0,6,12,nepse_official,OPEN,2026-07-27,SGIC,Sanima GIC Insurance Limited,475.1,478.0,470.1,,473.0,478.0,-5.0,,1340.0,636209.0,22.0,7.899999999999977,1.662807829930536,-1.0460251046025104,28918.590909090908,474.7828358208955
2026-07-27T06:15:26+00:00,2026-07-27T12:00:26+05:45,2026-07-27,12:00:26,1785132926,0,6,12,nepse_official,OPEN,2026-07-27,SHEL,Singati Hydro Energy Limited,310.0,311.5,309.0,,309.0,309.7,-0.6999999999999886,,3125.0,967993.0,27.0,2.5,0.8064516129032258,-0.2260251856635417,35851.59259259259,309.75776
2026-07-27T06:15:26+00:00,2026-07-27T12:00:26+05:45,2026-07-27,12:00:26,1785132926,0,6,12,nepse_official,OPEN,2026-07-27,SHINE,Shine Resunga Development Bank Ltd.,420.9,420.9,415.0,,418.0,417.5,0.5,,11689.0,4871347.0,22.0,5.899999999999977,1.401758137324775,0.11976047904191617,221424.86363636365,416.7462571648558
2026-07-27T06:15:26+00:00,2026-07-27T12:00:26+05:45,2026-07-27,12:00:26,1785132926,0,6,12,nepse_official,OPEN,2026-07-27,SHINED,Shine Resunga Debenture,1144.0,1144.0,1144.0,,1144.0,1144.0,0.0,,1.0,1109.7,1.0,0.0,0.0,0.0,1109.7,1109.7
2026-07-27T06:15:26+00:00,2026-07-27T12:00:26+05:45,2026-07-27,12:00:26,1785132926,0,6,12,nepse_official,OPEN,2026-07-27,SHIVM,SHIVAM CEMENTS LTD,655.0,658.0,652.7,,653.1,655.0,-1.8999999999999773,,12628.0,8251070.6,64.0,5.2999999999999545,0.8091603053435046,-0.29007633587785914,128922.978125,653.3948843839088
2026-07-27T06:15:26+00:00,2026-07-27T12:00:26+05:45,2026-07-27,12:00:26,1785132926,0,6,12,nepse_official,OPEN,2026-07-27,SHL,Soaltee Hotel Limited,502.0,503.0,499.1,,503.0,503.0,0.0,,3227.0,1621810.0,7.0,3.8999999999999773,0.7768924302788799,0.0,231687.14285714287,502.5751471955376
2026-07-27T06:15:26+00:00,2026-07-27T12:00:26+05:45,2026-07-27,12:00:26,1785132926,0,6,12,nepse_official,OPEN,2026-07-27,SHLB,Shrijanshil Laghubitta Bittiya Sanstha Limited,1467.7,1467.7,1450.0,,1450.0,1513.0,-63.0,,30.0,43677.0,3.0,17.700000000000045,1.2059685221775598,-4.163912756113682,14559.0,1455.9
2026-07-27T06:15:26+00:00,2026-07-27T12:00:26+05:45,2026-07-27,12:00:26,1785132926,0,6,12,nepse_official,OPEN,2026-07-27,SHPC,Sanima Mai Hydropower Ltd.,515.0,521.0,513.0,,513.1,518.6,-5.5,,4566.0,2345849.0,23.0,8.0,1.5533980582524272,-1.0605476282298496,101993.43478260869,513.7645641699518
2026-07-27T06:15:26+00:00,2026-07-27T12:00:26+05:45,2026-07-27,12:00:26,1785132926,0,6,12,nepse_official,OPEN,2026-07-27,SICL,Shikhar Insurance Co. Ltd.,635.0,635.0,625.0,,632.0,633.7,-1.7000000000000455,,909.0,572800.0,12.0,10.0,1.574803149606299,-0.26826574088686217,47733.333333333336,630.1430143014302
2026-07-27T06:15:26+00:00,2026-07-27T12:00:26+05:45,2026-07-27,12:00:26,1785132926,0,6,12,nepse_official,OPEN,2026-07-27,SIFC,Shree Investment Finance Co. Ltd.,521.0,536.0,521.0,,536.0,529.0,7.0,,1010.0,526360.0,4.0,15.0,2.8790786948176583,1.3232514177693762,131590.0,521.1485148514852
2026-07-27T06:15:26+00:00,2026-07-27T12:00:26+05:45,2026-07-27,12:00:26,1785132926,0,6,12,nepse_official,OPEN,2026-07-27,SIGS2,Siddhartha Investment Growth Scheme - 2,10.1,10.1,10.1,,10.1,10.2,-0.09999999999999964,,1000.0,10100.0,2.0,0.0,0.0,-0.9803921568627416,5050.0,10.1
2026-07-27T06:15:26+00:00,2026-07-27T12:00:26+05:45,2026-07-27,12:00:26,1785132926,0,6,12,nepse_official,OPEN,2026-07-27,SIGS3,Siddhartha Investment Growth Scheme 3,10.36,10.4,10.36,,10.4,10.5,-0.09999999999999964,,500.0,5192.0,4.0,0.040000000000000924,0.38610038610039504,-0.952380952380949,1298.0,10.384
2026-07-27T06:15:26+00:00,2026-07-27T12:00:26+05:45,2026-07-27,12:00:26,1785132926,0,6,12,nepse_official,OPEN,2026-07-27,SIKLES,Sikles Hydropower Limited,565.0,575.0,565.0,,567.0,572.0,-5.0,,187.0,106732.1,12.0,10.0,1.7699115044247788,-0.8741258741258742,8894.341666666667,570.7598930481283
2026-07-27T06:15:26+00:00,2026-07-27T12:00:26+05:45,2026-07-27,12:00:26,1785132926,0,6,12,nepse_official,OPEN,2026-07-27,SINDU,Sindhu Bikash Bank Ltd,754.9,754.9,700.0,,720.0,719.0,1.0,,1340.0,974732.0,21.0,54.89999999999998,7.272486422042652,0.13908205841446453,46415.80952380953,727.4119402985075
2026-07-27T06:15:26+00:00,2026-07-27T12:00:26+05:45,2026-07-27,12:00:26,1785132926,0,6,12,nepse_official,OPEN,2026-07-27,SIPD,Shikhar power Development Limited,725.0,740.0,707.1,,711.0,727.0,-16.0,,4368.0,3112938.3,94.0,32.89999999999998,4.537931034482756,-2.200825309491059,33116.36489361702,712.6690247252747
2026-07-27T06:15:26+00:00,2026-07-27T12:00:26+05:45,2026-07-27,12:00:26,1785132926,0,6,12,nepse_official,OPEN,2026-07-27,SJCL,SANJEN JALAVIDHYUT COMPANY LIMITED,270.8,281.0,270.8,,278.9,285.0,-6.100000000000023,,1882.0,526259.8,22.0,10.199999999999989,3.766617429837514,-2.1403508771929904,23920.9,279.62794899043575
2026-07-27T06:15:26+00:00,2026-07-27T12:00:26+05:45,2026-07-27,12:00:26,1785132926,0,6,12,nepse_official,OPEN,2026-07-27,SJLIC,SuryaJyoti Life Insurance Company Limited,421.5,428.5,421.5,,426.0,427.9,-1.8999999999999773,,1359.0,579139.0,23.0,7.0,1.6607354685646498,-0.4440289787333436,25179.956521739132,426.15084621044883
2026-07-27T06:15:26+00:00,2026-07-27T12:00:26+05:45,2026-07-27,12:00:26,1785132926,0,6,12,nepse_official,OPEN,2026-07-27,SKBBL,Sana Kisan Bikas Laghubitta Bittiya Sanstha Limited,770.1,770.1,765.6,,767.0,766.0,1.0,,1388.0,1064663.3,20.0,4.5,0.584339696143358,0.13054830287206268,53233.165,767.0484870317003
2026-07-27T06:15:26+00:00,2026-07-27T12:00:26+05:45,2026-07-27,12:00:26,1785132926,0,6,12,nepse_official,OPEN,2026-07-27,SKHEL,Suryakunda Hydro Electric Limited,1075.0,1075.0,1056.0,,1060.1,1077.9,-17.800000000000182,,80.0,84831.0,8.0,19.0,1.7674418604651163,-1.6513591242230432,10603.875,1060.3875
2026-07-27T06:15:26+00:00,2026-07-27T12:00:26+05:45,2026-07-27,12:00:26,1785132926,0,6,12,nepse_official,OPEN,2026-07-27,SKHL,Super Khudi Hydropower Limited,907.1,930.0,907.1,,930.0,935.0,-5.0,,965.0,881459.0,45.0,22.899999999999977,2.5245287178921814,-0.53475935828877,19587.977777777778,913.4290155440415
2026-07-27T06:15:26+00:00,2026-07-27T12:00:26+05:45,2026-07-27,12:00:26,1785132926,0,6,12,nepse_official,OPEN,2026-07-27,SLBBL,Swarojgar Laghubitta Bittiya Sanstha Ltd.,822.0,822.0,820.0,,820.0,823.0,-3.0,,63.0,51742.0,7.0,2.0,0.24330900243309003,-0.3645200486026731,7391.714285714285,821.3015873015873
2026-07-27T06:15:26+00:00,2026-07-27T12:00:26+05:45,2026-07-27,12:00:26,1785132926,0,6,12,nepse_official,OPEN,2026-07-27,SLBSL,Samudayik Laghubitta Bittiya Sanstha Limited,1103.0,1118.9,1100.0,,1118.9,1126.0,-7.099999999999909,,510.0,561884.0,6.0,18.90000000000009,1.7135086128739885,-0.630550621669619,93647.33333333333,1101.7333333333333
2026-07-27T06:15:26+00:00,2026-07-27T12:00:26+05:45,2026-07-27,12:00:26,1785132926,0,6,12,nepse_official,OPEN,2026-07-27,SMATA,Samata Gharelu Laghubitta Bittiya Sanstha Limited,754.0,760.0,740.0,,760.0,754.0,6.0,,800.0,592551.1,12.0,20.0,2.6525198938992043,0.7957559681697612,49379.25833333333,740.6888749999999
2026-07-27T06:15:26+00:00,2026-07-27T12:00:26+05:45,2026-07-27,12:00:26,1785132926,0,6,12,nepse_official,OPEN,2026-07-27,SMB,Support Microfinance Bittiya Sanstha Ltd.,1915.0,1915.0,1860.0,,1860.0,1915.0,-55.0,,220.0,412011.0,8.0,55.0,2.8720626631853787,-2.8720626631853787,51501.375,1872.7772727272727
2026-07-27T06:15:26+00:00,2026-07-27T12:00:26+05:45,2026-07-27,12:00:26,1785132926,0,6,12,nepse_official,OPEN,2026-07-27,SMH,Super Mai Hydropower Limited,517.1,518.0,516.0,,516.0,517.1,-1.1000000000000227,,1031.0,532924.0,10.0,2.0,0.3867723844517501,-0.21272481144846694,53292.4,516.9000969932105
2026-07-27T06:15:26+00:00,2026-07-27T12:00:26+05:45,2026-07-27,12:00:26,1785132926,0,6,12,nepse_official,OPEN,2026-07-27,SMHL,Super Madi Hydropower Limited,487.0,489.0,483.0,,485.0,490.0,-5.0,,4037.0,1964784.1,19.0,6.0,1.2320328542094456,-1.0204081632653061,103409.68947368422,486.69410453306915
2026-07-27T06:15:26+00:00,2026-07-27T12:00:26+05:45,2026-07-27,12:00:26,1785132926,0,6,12,nepse_official,OPEN,2026-07-27,SMJC,Sagarmatha Jalabidhyut Company Limited,473.9,479.9,462.5,,470.0,470.0,0.0,,9006.0,4255121.6,65.0,17.399999999999977,3.671660687908837,0.0,65463.409230769226,472.476304685765
2026-07-27T06:15:26+00:00,2026-07-27T12:00:26+05:45,2026-07-27,12:00:26,1785132926,0,6,12,nepse_official,OPEN,2026-07-27,SMPDA,Sampada Laghubitta Bittiya Sanstha Limited,773.0,780.0,773.0,,780.0,794.0,-14.0,,111.0,86447.0,4.0,7.0,0.9055627425614489,-1.7632241813602016,21611.75,778.8018018018018
2026-07-27T06:15:26+00:00,2026-07-27T12:00:26+05:45,2026-07-27,12:00:26,1785132926,0,6,12,nepse_official,OPEN,2026-07-27,SNLI,Sun Nepal Life Insurance Company Limited,433.0,445.0,433.0,,436.6,441.0,-4.399999999999977,,500.0,218441.6,28.0,12.0,2.771362586605081,-0.9977324263038496,7801.4857142857145,436.8832
2026-07-27T06:15:26+00:00,2026-07-27T12:00:26+05:45,2026-07-27,12:00:26,1785132926,0,6,12,nepse_official,OPEN,2026-07-27,SNORL,Snow Rivers Limited,979.0,1010.0,961.0,,971.1,979.0,-7.899999999999977,,7776.0,7717948.0,267.0,49.0,5.005107252298264,-0.8069458631256361,28906.172284644195,992.5344650205761
2026-07-27T06:15:26+00:00,2026-07-27T12:00:26+05:45,2026-07-27,12:00:26,1785132926,0,6,12,nepse_official,OPEN,2026-07-27,SOHL,Solu Hydropower Limited,600.0,606.0,591.0,,600.0,605.0,-5.0,,15665.0,9359578.4,310.0,15.0,2.5,-0.8264462809917356,30192.188387096776,597.4834599425471
2026-07-27T06:15:26+00:00,2026-07-27T12:00:26+05:45,2026-07-27,12:00:26,1785132926,0,6,12,nepse_official,OPEN,2026-07-27,SONA,Sonapur Minerals And Oil Limited,419.5,421.0,417.6,,421.0,419.9,1.1000000000000227,,1380.0,578936.0,42.0,3.3999999999999773,0.8104886769964188,0.26196713503215596,13784.190476190477,419.5188405797102
2026-07-27T06:15:26+00:00,2026-07-27T12:00:26+05:45,2026-07-27,12:00:26,1785132926,0,6,12,nepse_official,OPEN,2026-07-27,SOPL,Sopan Pharmaceuticals Limited,893.0,913.0,886.1,,906.1,893.0,13.100000000000023,,22556.0,20293987.6,441.0,26.899999999999977,3.012318029115339,1.4669652855543138,46018.11247165533,899.7157120056748
2026-07-27T06:15:26+00:00,2026-07-27T12:00:26+05:45,2026-07-27,12:00:26,1785132926,0,6,12,nepse_official,OPEN,2026-07-27,SPC,Samling Power Company Limited,424.0,425.0,422.0,,423.0,426.0,-3.0,,650.0,276000.0,8.0,3.0,0.7075471698113208,-0.7042253521126761,34500.0,424.61538461538464
2026-07-27T06:15:26+00:00,2026-07-27T12:00:26+05:45,2026-07-27,12:00:26,1785132926,0,6,12,nepse_official,OPEN,2026-07-27,SPDL,Synergy Power Development Ltd.,396.5,396.5,384.0,,384.0,389.0,-5.0,,6993.0,2691684.5,18.0,12.5,3.1525851197982346,-1.2853470437017995,149538.02777777778,384.9112684112684
2026-07-27T06:15:26+00:00,2026-07-27T12:00:26+05:45,2026-07-27,12:00:26,1785132926,0,6,12,nepse_official,OPEN,2026-07-27,SPHL,Sayapatri Hydropower Limited,533.0,533.2,533.0,,533.2,544.0,-10.799999999999955,,210.0,111932.0,2.0,0.20000000000004547,0.03752345215760703,-1.9852941176470504,55966.0,533.0095238095238
2026-07-27T06:15:26+00:00,2026-07-27T12:00:26+05:45,2026-07-27,12:00:26,1785132926,0,6,12,nepse_official,OPEN,2026-07-27,SPIL,Siddhartha Premier Insurance Limited,704.5,705.1,704.0,,705.1,710.0,-4.899999999999977,,1290.0,908385.0,6.0,1.1000000000000227,0.15613910574876122,-0.6901408450704193,151397.5,704.1744186046511
2026-07-27T06:15:26+00:00,2026-07-27T12:00:26+05:45,2026-07-27,12:00:26,1785132926,0,6,12,nepse_official,OPEN,2026-07-27,SPL,Shuvam Power Limited,665.0,666.0,663.0,,663.0,675.0,-12.0,,30.0,19940.0,3.0,3.0,0.4511278195488722,-1.7777777777777777,6646.666666666667,664.6666666666666
2026-07-27T06:15:26+00:00,2026-07-27T12:00:26+05:45,2026-07-27,12:00:26,1785132926,0,6,12,nepse_official,OPEN,2026-07-27,SRBLD83,10.25% Sunrise Bank Debenture 2083,1024.3,1024.3,1024.3,,1024.3,1024.2,0.09999999999990905,,351.0,359529.3,1.0,0.0,0.0,0.009763718023814592,359529.3,1024.3
2026-07-27T06:15:26+00:00,2026-07-27T12:00:26+05:45,2026-07-27,12:00:26,1785132926,0,6,12,nepse_official,OPEN,2026-07-27,SRLI,Sanima Reliance Life Insurance Limited,381.0,387.0,381.0,,385.0,386.0,-1.0,,1868.0,720788.5,42.0,6.0,1.574803149606299,-0.2590673575129534,17161.630952380954,385.86108137044965
2026-07-27T06:15:26+00:00,2026-07-27T12:00:26+05:45,2026-07-27,12:00:26,1785132926,0,6,12,nepse_official,OPEN,2026-07-27,SSHL,Shiva Shree Hydropower Ltd,212.0,212.0,210.1,,211.9,209.5,2.4000000000000057,,9229.0,1951584.2,45.0,1.9000000000000057,0.8962264150943424,1.1455847255369955,43368.537777777776,211.46215191244988
2026-07-27T06:15:26+00:00,2026-07-27T12:00:26+05:45,2026-07-27,12:00:26,1785132926,0,6,12,nepse_official,OPEN,2026-07-27,SWASTIK,Swastik Laghubitta Bittiya Sanstha Limited,2061.5,2062.0,2061.5,,2062.0,2098.0,-36.0,,21.0,43297.0,2.0,0.5,0.02425418384671356,-1.7159199237368923,21648.5,2061.7619047619046
2026-07-27T06:15:26+00:00,2026-07-27T12:00:26+05:45,2026-07-27,12:00:26,1785132926,0,6,12,nepse_official,OPEN,2026-07-27,SWBBL,Swabalamban Laghubitta Bittiya Sanstha Limited,675.0,694.0,675.0,,692.0,693.0,-1.0,,1679.0,1162362.0,7.0,19.0,2.814814814814815,-0.1443001443001443,166051.7142857143,692.2942227516379
2026-07-27T06:15:26+00:00,2026-07-27T12:00:26+05:45,2026-07-27,12:00:26,1785132926,0,6,12,nepse_official,OPEN,2026-07-27,SWMF,Suryodaya Womi Laghubitta Bittiya Sanstha Limited,635.0,635.0,635.0,,635.0,642.0,-7.0,,150.0,95250.0,2.0,0.0,0.0,-1.0903426791277258,47625.0,635.0
2026-07-27T06:15:26+00:00,2026-07-27T12:00:26+05:45,2026-07-27,12:00:26,1785132926,0,6,12,nepse_official,OPEN,2026-07-27,SYPNL,SY Panel Nepal Limited,1352.8,1432.0,1352.8,,1426.0,1424.0,2.0,,7067.0,10030506.5,128.0,79.20000000000005,5.854523950325255,0.1404494382022472,78363.33203125,1419.344346964766
2026-07-27T06:15:26+00:00,2026-07-27T12:00:26+05:45,2026-07-27,12:00:26,1785132926,0,6,12,nepse_official,OPEN,2026-07-27,TAMOR,Sanima Middle Tamor Hydropower Limited,451.0,452.0,448.6,,448.6,452.6,-4.0,,8342.0,3754663.7,44.0,3.3999999999999773,0.7538802660753829,-0.8837825894829873,85333.26590909091,450.0915487892592
2026-07-27T06:15:26+00:00,2026-07-27T12:00:26+05:45,2026-07-27,12:00:26,1785132926,0,6,12,nepse_official,OPEN,2026-07-27,TPC,Terhathum Power Company Limited,364.0,369.2,364.0,,368.0,369.5,-1.5,,950.0,348795.8,10.0,5.199999999999989,1.4285714285714255,-0.40595399188092013,34879.58,367.1534736842105
2026-07-27T06:15:26+00:00,2026-07-27T12:00:26+05:45,2026-07-27,12:00:26,1785132926,0,6,12,nepse_official,OPEN,2026-07-27,TPKHL,Taksar Pikhuwa Khola Hydropower Limited,570.0,580.0,560.2,,567.8,574.0,-6.2000000000000455,,13935.0,8005460.3,375.0,19.799999999999955,3.473684210526308,-1.0801393728223074,21347.89413333333,574.4858485827054
2026-07-27T06:15:26+00:00,2026-07-27T12:00:26+05:45,2026-07-27,12:00:26,1785132926,0,6,12,nepse_official,OPEN,2026-07-27,TRH,Taragaon Regency Hotel Limited,785.0,785.0,785.0,,785.0,785.0,0.0,,100.0,78500.0,1.0,0.0,0.0,0.0,78500.0,785.0
2026-07-27T06:15:26+00:00,2026-07-27T12:00:26+05:45,2026-07-27,12:00:26,1785132926,0,6,12,nepse_official,OPEN,2026-07-27,TSHL,Three Star Hydropower Limited,401.0,406.0,400.0,,400.0,400.0,0.0,,2806.0,1129744.5,33.0,6.0,1.4962593516209477,0.0,34234.681818181816,402.61742694226655
2026-07-27T06:15:26+00:00,2026-07-27T12:00:26+05:45,2026-07-27,12:00:26,1785132926,0,6,12,nepse_official,OPEN,2026-07-27,TTL,Trade Tower Limited,765.0,780.0,765.0,,765.2,773.0,-7.7999999999999545,,2174.0,1671830.1,48.0,15.0,1.9607843137254901,-1.0090556274256086,34829.793750000004,769.0110855565778
2026-07-27T06:15:26+00:00,2026-07-27T12:00:26+05:45,2026-07-27,12:00:26,1785132926,0,6,12,nepse_official,OPEN,2026-07-27,TVCL,Trishuli Jal Vidhyut Company Limited ,485.0,490.0,475.0,,490.0,485.0,5.0,,890.0,428685.0,8.0,15.0,3.0927835051546393,1.0309278350515463,53585.625,481.6685393258427
2026-07-27T06:15:26+00:00,2026-07-27T12:00:26+05:45,2026-07-27,12:00:26,1785132926,0,6,12,nepse_official,OPEN,2026-07-27,UAIL,United Ajod Insurance Limited,460.0,464.8,453.1,,456.0,458.0,-2.0,,90.0,41062.0,9.0,11.699999999999989,2.5434782608695627,-0.43668122270742354,4562.444444444444,456.24444444444447
2026-07-27T06:15:26+00:00,2026-07-27T12:00:26+05:45,2026-07-27,12:00:26,1785132926,0,6,12,nepse_official,OPEN,2026-07-27,UHEWA,Upper Hewakhola Hydropower Company Limited,580.0,601.0,580.0,,588.0,592.0,-4.0,,2026.0,1191394.9,27.0,21.0,3.620689655172414,-0.6756756756756757,44125.73703703703,588.0527640671273
2026-07-27T06:15:26+00:00,2026-07-27T12:00:26+05:45,2026-07-27,12:00:26,1785132926,0,6,12,nepse_official,OPEN,2026-07-27,ULBSL,Upakar Laghubitta Bittiya Sanstha Limited,2742.8,2810.0,2742.8,,2810.0,2760.0,50.0,,30.0,82956.0,3.0,67.19999999999982,2.45005104273005,1.8115942028985508,27652.0,2765.2
2026-07-27T06:15:26+00:00,2026-07-27T12:00:26+05:45,2026-07-27,12:00:26,1785132926,0,6,12,nepse_official,OPEN,2026-07-27,ULHC,Upper Lohore Khola Hydropower Company Limited,365.0,365.0,351.1,,360.0,359.5,0.5,,4255.0,1507387.0,38.0,13.899999999999977,3.8082191780821852,0.13908205841446453,39668.07894736842,354.26251468860164
2026-07-27T06:15:26+00:00,2026-07-27T12:00:26+05:45,2026-07-27,12:00:26,1785132926,0,6,12,nepse_official,OPEN,2026-07-27,UMHL,United Modi Hydropower Ltd.,587.5,595.0,577.0,,585.2,594.8,-9.599999999999909,,10850.0,6305697.0,33.0,18.0,3.0638297872340425,-1.6139878950907718,191081.72727272726,581.1702304147466
2026-07-27T06:15:26+00:00,2026-07-27T12:00:26+05:45,2026-07-27,12:00:26,1785132926,0,6,12,nepse_official,OPEN,2026-07-27,UMRH,United IDI Mardi RB Hydropower Limited.,537.0,537.0,534.0,,536.5,540.1,-3.6000000000000227,,72.0,38593.0,4.0,3.0,0.5586592178770949,-0.666543232734683,9648.25,536.0138888888889
2026-07-27T06:15:26+00:00,2026-07-27T12:00:26+05:45,2026-07-27,12:00:26,1785132926,0,6,12,nepse_official,OPEN,2026-07-27,UNHPL,Union Hydropower Limited,400.0,400.0,395.0,,395.6,397.0,-1.3999999999999773,,926.0,367341.0,12.0,5.0,1.25,-0.3526448362720346,30611.75,396.69654427645787
2026-07-27T06:15:26+00:00,2026-07-27T12:00:26+05:45,2026-07-27,12:00:26,1785132926,0,6,12,nepse_official,OPEN,2026-07-27,UPCL,UNIVERSAL POWER COMPANY LTD,357.0,359.8,353.1,,359.8,357.0,2.8000000000000114,,1207.0,427394.0,14.0,6.699999999999989,1.876750700280109,0.7843137254901992,30528.14285714286,354.096106048053
2026-07-27T06:15:26+00:00,2026-07-27T12:00:26+05:45,2026-07-27,12:00:26,1785132926,0,6,12,nepse_official,OPEN,2026-07-27,UPPER,Upper Tamakoshi Hydropower Ltd,200.0,200.5,198.0,,200.5,200.2,0.30000000000001137,,13774.0,2752616.5,91.0,2.5,1.25,0.14985014985015555,30248.532967032967,199.8414766952229
2026-07-27T06:15:26+00:00,2026-07-27T12:00:26+05:45,2026-07-27,12:00:26,1785132926,0,6,12,nepse_official,OPEN,2026-07-27,USHEC,Upper Solu Hydro Electric Company Limited,495.0,495.0,495.0,,495.0,495.5,-0.5,,140.0,69300.0,9.0,0.0,0.0,-0.10090817356205853,7700.0,495.0
2026-07-27T06:15:26+00:00,2026-07-27T12:00:26+05:45,2026-07-27,12:00:26,1785132926,0,6,12,nepse_official,OPEN,2026-07-27,USHL,Upper Syange Hydropower Limited,550.0,565.0,550.0,,550.1,559.0,-8.899999999999977,,44.0,24346.0,5.0,15.0,2.727272727272727,-1.5921288014311228,4869.2,553.3181818181819
2026-07-27T06:15:26+00:00,2026-07-27T12:00:26+05:45,2026-07-27,12:00:26,1785132926,0,6,12,nepse_official,OPEN,2026-07-27,USLB,Unnati Sahakarya Laghubitta Bittiya Sanstha Limited,1181.0,1186.0,1181.0,,1186.0,1181.0,5.0,,30.0,35480.0,3.0,5.0,0.42337002540220153,0.42337002540220153,11826.666666666666,1182.6666666666667
2026-07-27T06:15:26+00:00,2026-07-27T12:00:26+05:45,2026-07-27,12:00:26,1785132926,0,6,12,nepse_official,OPEN,2026-07-27,VLBS,Vijaya laghubitta Bittiya Sanstha Ltd.,686.0,700.0,686.0,,688.4,706.0,-17.600000000000023,,150.0,104174.0,14.0,14.0,2.0408163265306123,-2.492917847025499,7441.0,694.4933333333333
2026-07-27T06:15:26+00:00,2026-07-27T12:00:26+05:45,2026-07-27,12:00:26,1785132926,0,6,12,nepse_official,OPEN,2026-07-27,VLUCL,Vision Lumbini Urja Company Limited ,470.0,470.0,448.1,,448.1,452.0,-3.8999999999999773,,404.0,187583.0,15.0,21.899999999999977,4.6595744680851015,-0.8628318584070747,12505.533333333333,464.31435643564356
2026-07-27T06:15:26+00:00,2026-07-27T12:00:26+05:45,2026-07-27,12:00:26,1785132926,0,6,12,nepse_official,OPEN,2026-07-27,WNLB,Wean Nepal Laghubitta Bittiya Sanstha Limited,1405.0,1415.0,1405.0,,1414.0,1374.0,40.0,,151.0,213193.0,7.0,10.0,0.7117437722419928,2.911208151382824,30456.14285714286,1411.8741721854306
2026-07-27T06:15:26+00:00,2026-07-27T12:00:26+05:45,2026-07-27,12:00:26,1785132926,0,6,12,nepse_official,OPEN,2026-07-27,YMHL,Yambaling Hydropower Limited,640.1,660.0,640.1,,649.9,655.0,-5.100000000000023,,7304.0,4720119.5,243.0,19.899999999999977,3.1088892360568625,-0.7786259541984767,19424.360082304527,646.2376095290252
