scraped_at_utc,scraped_at_npt,npt_date,npt_time,scraped_epoch,weekday,hour_utc,hour_npt,price_source,is_market_open,business_date,symbol,security_name,open_price,high_price,low_price,close_price,last_traded_price,previous_closing_price,point_change,percentage_change,total_traded_quantity,total_traded_value,total_trades,intraday_range,intraday_range_pct_of_open,return_from_prev_close_pct,turnover_per_trade,vwap_proxy
2026-07-14T05:15:26+00:00,2026-07-14T11:00:26+05:45,2026-07-14,11:00:26,1784006126,1,5,11,nepse_official,OPEN,2026-07-14,AKJCL,Ankhu Khola Jalvidhyut Company Ltd,326.0,326.0,326.0,,326.0,343.0,-17.0,,20.0,6520.0,2.0,0.0,0.0,-4.956268221574344,3260.0,326.0
2026-07-14T05:15:26+00:00,2026-07-14T11:00:26+05:45,2026-07-14,11:00:26,1784006126,1,5,11,nepse_official,OPEN,2026-07-14,ALBSL,Asha Laghubitta Bittiya Sanstha Ltd,1015.0,1015.0,1015.0,,1015.0,1041.0,-26.0,,10.0,10150.0,1.0,0.0,0.0,-2.49759846301633,10150.0,1015.0
2026-07-14T05:15:26+00:00,2026-07-14T11:00:26+05:45,2026-07-14,11:00:26,1784006126,1,5,11,nepse_official,OPEN,2026-07-14,ANLB,Aatmanirbhar Laghubitta Bittiya Sanstha Limited,7073.0,7073.0,7073.0,,7073.0,6736.8,336.1999999999998,,10.0,70730.0,1.0,0.0,0.0,4.990499940624626,70730.0,7073.0
2026-07-14T05:15:26+00:00,2026-07-14T11:00:26+05:45,2026-07-14,11:00:26,1784006126,1,5,11,nepse_official,OPEN,2026-07-14,AVYAN,Aviyan Laghubitta Bittiya Sanstha Limited,971.9,971.9,971.9,,971.9,1023.0,-51.10000000000002,,10.0,9719.0,1.0,0.0,0.0,-4.995112414467255,9719.0,971.9
2026-07-14T05:15:26+00:00,2026-07-14T11:00:26+05:45,2026-07-14,11:00:26,1784006126,1,5,11,nepse_official,OPEN,2026-07-14,BHCL,Bikash Hydropower Company Limited,470.0,470.0,470.0,,470.0,457.0,13.0,,10.0,4700.0,1.0,0.0,0.0,2.8446389496717726,4700.0,470.0
2026-07-14T05:15:26+00:00,2026-07-14T11:00:26+05:45,2026-07-14,11:00:26,1784006126,1,5,11,nepse_official,OPEN,2026-07-14,BHL,Balephi Hydropower Limited,201.0,201.0,201.0,,201.0,201.0,0.0,,10.0,2010.0,1.0,0.0,0.0,0.0,2010.0,201.0
2026-07-14T05:15:26+00:00,2026-07-14T11:00:26+05:45,2026-07-14,11:00:26,1784006126,1,5,11,nepse_official,OPEN,2026-07-14,BNHC,Buddha Bhumi Nepal Hydropower Company Limited,261.3,261.3,261.3,,261.3,275.0,-13.699999999999989,,50.0,13065.0,1.0,0.0,0.0,-4.981818181818178,13065.0,261.3
2026-07-14T05:15:26+00:00,2026-07-14T11:00:26+05:45,2026-07-14,11:00:26,1784006126,1,5,11,nepse_official,OPEN,2026-07-14,BPCL,Butwal Power Company Limited,680.0,680.0,680.0,,680.0,647.9,32.10000000000002,,10.0,6800.0,1.0,0.0,0.0,4.95446828214231,6800.0,680.0
2026-07-14T05:15:26+00:00,2026-07-14T11:00:26+05:45,2026-07-14,11:00:26,1784006126,1,5,11,nepse_official,OPEN,2026-07-14,CHCL,Chilime Hydropower Company Limited,499.8,499.8,499.8,,499.8,476.0,23.80000000000001,,110.0,54978.0,2.0,0.0,0.0,5.000000000000003,27489.0,499.8
2026-07-14T05:15:26+00:00,2026-07-14T11:00:26+05:45,2026-07-14,11:00:26,1784006126,1,5,11,nepse_official,OPEN,2026-07-14,CHDC,CEDB Holdings Limited,1967.0,1967.0,1967.0,,1967.0,2070.0,-103.0,,10.0,19670.0,1.0,0.0,0.0,-4.975845410628019,19670.0,1967.0
2026-07-14T05:15:26+00:00,2026-07-14T11:00:26+05:45,2026-07-14,11:00:26,1784006126,1,5,11,nepse_official,OPEN,2026-07-14,CITY,City Hotel Limited,327.8,327.8,327.8,,327.8,345.0,-17.19999999999999,,10.0,3278.0,1.0,0.0,0.0,-4.985507246376808,3278.0,327.8
2026-07-14T05:15:26+00:00,2026-07-14T11:00:26+05:45,2026-07-14,11:00:26,1784006126,1,5,11,nepse_official,OPEN,2026-07-14,CORBL,Corporate Development Bank Limited,1550.0,1550.0,1550.0,,1550.0,1600.0,-50.0,,10.0,15500.0,1.0,0.0,0.0,-3.125,15500.0,1550.0
2026-07-14T05:15:26+00:00,2026-07-14T11:00:26+05:45,2026-07-14,11:00:26,1784006126,1,5,11,nepse_official,OPEN,2026-07-14,CREST,Crest Micro Life Insurance Limited,1200.0,1200.0,1200.0,,1200.0,1175.0,25.0,,10.0,12000.0,1.0,0.0,0.0,2.127659574468085,12000.0,1200.0
2026-07-14T05:15:26+00:00,2026-07-14T11:00:26+05:45,2026-07-14,11:00:26,1784006126,1,5,11,nepse_official,OPEN,2026-07-14,GMFBS,Ganapati Laghubitta Bittiya Sanstha Limited,1232.0,1232.0,1232.0,,1232.0,1174.0,58.0,,10.0,12320.0,1.0,0.0,0.0,4.940374787052811,12320.0,1232.0
2026-07-14T05:15:26+00:00,2026-07-14T11:00:26+05:45,2026-07-14,11:00:26,1784006126,1,5,11,nepse_official,OPEN,2026-07-14,GRDBL,Green Development Bank Ltd.,1027.0,1027.0,1027.0,,1027.0,1027.0,0.0,,10.0,10270.0,1.0,0.0,0.0,0.0,10270.0,1027.0
2026-07-14T05:15:26+00:00,2026-07-14T11:00:26+05:45,2026-07-14,11:00:26,1784006126,1,5,11,nepse_official,OPEN,2026-07-14,GWFD83,12 % Goodwill Finance Limited Debenture 2083,1114.0,1114.0,1114.0,,1114.0,1114.0,0.0,,1.0,1169.7,1.0,0.0,0.0,0.0,1169.7,1169.7
2026-07-14T05:15:26+00:00,2026-07-14T11:00:26+05:45,2026-07-14,11:00:26,1784006126,1,5,11,nepse_official,OPEN,2026-07-14,HDHPC,Himal Dolakha Hydropower Company Limited,192.8,192.8,192.8,,192.8,202.9,-10.099999999999994,,10.0,1928.0,1.0,0.0,0.0,-4.977821586988662,1928.0,192.8
2026-07-14T05:15:26+00:00,2026-07-14T11:00:26+05:45,2026-07-14,11:00:26,1784006126,1,5,11,nepse_official,OPEN,2026-07-14,HFIN,Hotel Forest Inn Limited,605.0,605.0,605.0,,605.0,635.0,-30.0,,10.0,6050.0,1.0,0.0,0.0,-4.724409448818897,6050.0,605.0
2026-07-14T05:15:26+00:00,2026-07-14T11:00:26+05:45,2026-07-14,11:00:26,1784006126,1,5,11,nepse_official,OPEN,2026-07-14,HRL,Himalayan Reinsurance Limited,555.0,555.0,555.0,,555.0,556.0,-1.0,,10.0,5550.0,1.0,0.0,0.0,-0.1798561151079137,5550.0,555.0
2026-07-14T05:15:26+00:00,2026-07-14T11:00:26+05:45,2026-07-14,11:00:26,1784006126,1,5,11,nepse_official,OPEN,2026-07-14,ILBS,Infinity Laghubitta Bittiya Sanstha Limited,816.0,816.0,816.0,,816.0,843.5,-27.5,,10.0,8160.0,1.0,0.0,0.0,-3.260225251926497,8160.0,816.0
2026-07-14T05:15:26+00:00,2026-07-14T11:00:26+05:45,2026-07-14,11:00:26,1784006126,1,5,11,nepse_official,OPEN,2026-07-14,KHPL,Kalinchock Hydropower Limited,870.0,870.0,870.0,,870.0,885.0,-15.0,,10.0,8700.0,1.0,0.0,0.0,-1.694915254237288,8700.0,870.0
2026-07-14T05:15:26+00:00,2026-07-14T11:00:26+05:45,2026-07-14,11:00:26,1784006126,1,5,11,nepse_official,OPEN,2026-07-14,LICN,Life Insurance Corporation (Nepal) Limited,803.0,803.0,803.0,,803.0,765.0,38.0,,10.0,8030.0,1.0,0.0,0.0,4.967320261437909,8030.0,803.0
2026-07-14T05:15:26+00:00,2026-07-14T11:00:26+05:45,2026-07-14,11:00:26,1784006126,1,5,11,nepse_official,OPEN,2026-07-14,NIFRA,Nepal Infrastructure Bank Limited,240.0,240.0,240.0,,240.0,244.0,-4.0,,44.0,10560.0,1.0,0.0,0.0,-1.639344262295082,10560.0,240.0
2026-07-14T05:15:26+00:00,2026-07-14T11:00:26+05:45,2026-07-14,11:00:26,1784006126,1,5,11,nepse_official,OPEN,2026-07-14,NLIC,Nepal Life Insurance Co. Ltd.,775.0,775.0,775.0,,775.0,739.0,36.0,,10.0,7750.0,1.0,0.0,0.0,4.871447902571042,7750.0,775.0
2026-07-14T05:15:26+00:00,2026-07-14T11:00:26+05:45,2026-07-14,11:00:26,1784006126,1,5,11,nepse_official,OPEN,2026-07-14,NRN,NRN Infrastructure and Development Limited,1300.0,1300.0,1300.0,,1300.0,1346.0,-46.0,,10.0,13000.0,1.0,0.0,0.0,-3.4175334323922733,13000.0,1300.0
2026-07-14T05:15:26+00:00,2026-07-14T11:00:26+05:45,2026-07-14,11:00:26,1784006126,1,5,11,nepse_official,OPEN,2026-07-14,PMLI,Prabhu Mahalaxmi Life Insurance Limited,430.0,430.0,430.0,,430.0,434.1,-4.100000000000023,,13.0,5590.0,1.0,0.0,0.0,-0.9444828380557527,5590.0,430.0
2026-07-14T05:15:26+00:00,2026-07-14T11:00:26+05:45,2026-07-14,11:00:26,1784006126,1,5,11,nepse_official,OPEN,2026-07-14,PPL,People's Power Limited,302.1,302.1,302.1,,302.1,318.0,-15.899999999999977,,10.0,3021.0,1.0,0.0,0.0,-4.999999999999993,3021.0,302.1
2026-07-14T05:15:26+00:00,2026-07-14T11:00:26+05:45,2026-07-14,11:00:26,1784006126,1,5,11,nepse_official,OPEN,2026-07-14,PSF,Prabhu Select Fund,11.02,11.02,11.02,,11.02,11.6,-0.5800000000000001,,100.0,1102.0,1.0,0.0,0.0,-5.000000000000001,1102.0,11.02
2026-07-14T05:15:26+00:00,2026-07-14T11:00:26+05:45,2026-07-14,11:00:26,1784006126,1,5,11,nepse_official,OPEN,2026-07-14,RADHI,Radhi Bidyut Company Ltd,705.0,705.0,705.0,,705.0,693.3,11.700000000000045,,10.0,7050.0,1.0,0.0,0.0,1.6875811337083582,7050.0,705.0
2026-07-14T05:15:26+00:00,2026-07-14T11:00:26+05:45,2026-07-14,11:00:26,1784006126,1,5,11,nepse_official,OPEN,2026-07-14,RAWA,Rawa Energy Development Limited,426.0,426.0,426.0,,426.0,406.0,20.0,,50.0,21300.0,1.0,0.0,0.0,4.926108374384237,21300.0,426.0
2026-07-14T05:15:26+00:00,2026-07-14T11:00:26+05:45,2026-07-14,11:00:26,1784006126,1,5,11,nepse_official,OPEN,2026-07-14,RIDI,Ridi Power Company Limited,301.0,301.0,301.0,,301.0,315.9,-14.899999999999977,,20.0,6020.0,2.0,0.0,0.0,-4.716682494460265,3010.0,301.0
2026-07-14T05:15:26+00:00,2026-07-14T11:00:26+05:45,2026-07-14,11:00:26,1784006126,1,5,11,nepse_official,OPEN,2026-07-14,RSML,Reliance Spinning Mills Limited,2980.0,2980.0,2980.0,,2980.0,3029.0,-49.0,,11.0,32780.0,1.0,0.0,0.0,-1.6176956091119181,32780.0,2980.0
2026-07-14T05:15:26+00:00,2026-07-14T11:00:26+05:45,2026-07-14,11:00:26,1784006126,1,5,11,nepse_official,OPEN,2026-07-14,SADBL,Shangrila Development Bank Ltd.,378.1,378.1,378.1,,378.1,398.0,-19.899999999999977,,10.0,3781.0,1.0,0.0,0.0,-4.999999999999994,3781.0,378.1
2026-07-14T05:15:26+00:00,2026-07-14T11:00:26+05:45,2026-07-14,11:00:26,1784006126,1,5,11,nepse_official,OPEN,2026-07-14,SAGAR,Sagar Distillery Limited,1500.0,1500.0,1500.0,,1500.0,1535.0,-35.0,,10.0,15000.0,1.0,0.0,0.0,-2.2801302931596092,15000.0,1500.0
2026-07-14T05:15:26+00:00,2026-07-14T11:00:26+05:45,2026-07-14,11:00:26,1784006126,1,5,11,nepse_official,OPEN,2026-07-14,SALICO,Sagarmatha Lumbini Insurance Co. Limited,626.8,626.8,626.8,,626.8,597.0,29.799999999999955,,100.0,62680.0,1.0,0.0,0.0,4.991624790619758,62680.0,626.8
2026-07-14T05:15:26+00:00,2026-07-14T11:00:26+05:45,2026-07-14,11:00:26,1784006126,1,5,11,nepse_official,OPEN,2026-07-14,SANVI,Sanvi Energy Limited,542.5,542.5,542.5,,542.5,571.0,-28.5,,10.0,5425.0,1.0,0.0,0.0,-4.99124343257443,5425.0,542.5
2026-07-14T05:15:26+00:00,2026-07-14T11:00:26+05:45,2026-07-14,11:00:26,1784006126,1,5,11,nepse_official,OPEN,2026-07-14,SAPDBL,Saptakoshi Development Bank Ltd,698.3,698.3,698.3,,698.3,735.0,-36.700000000000045,,10.0,6983.0,1.0,0.0,0.0,-4.993197278911571,6983.0,698.3
2026-07-14T05:15:26+00:00,2026-07-14T11:00:26+05:45,2026-07-14,11:00:26,1784006126,1,5,11,nepse_official,OPEN,2026-07-14,SGHL,Sanigad Hydro Limited,462.5,462.5,462.5,,462.5,462.5,0.0,,30.0,13875.0,3.0,0.0,0.0,0.0,4625.0,462.5
2026-07-14T05:15:26+00:00,2026-07-14T11:00:26+05:45,2026-07-14,11:00:26,1784006126,1,5,11,nepse_official,OPEN,2026-07-14,SINDU,Sindhu Bikash Bank Ltd,639.5,639.5,639.5,,639.5,673.1,-33.60000000000002,,10.0,6395.0,1.0,0.0,0.0,-4.991828851582235,6395.0,639.5
2026-07-14T05:15:26+00:00,2026-07-14T11:00:26+05:45,2026-07-14,11:00:26,1784006126,1,5,11,nepse_official,OPEN,2026-07-14,SKHEL,Suryakunda Hydro Electric Limited,845.0,845.0,845.0,,845.0,862.0,-17.0,,10.0,8450.0,1.0,0.0,0.0,-1.9721577726218096,8450.0,845.0
2026-07-14T05:15:26+00:00,2026-07-14T11:00:26+05:45,2026-07-14,11:00:26,1784006126,1,5,11,nepse_official,OPEN,2026-07-14,SKHL,Super Khudi Hydropower Limited,845.0,845.0,845.0,,845.0,837.6,7.399999999999977,,10.0,8450.0,1.0,0.0,0.0,0.8834765998089753,8450.0,845.0
2026-07-14T05:15:26+00:00,2026-07-14T11:00:26+05:45,2026-07-14,11:00:26,1784006126,1,5,11,nepse_official,OPEN,2026-07-14,SMFBS,Swabhimaan Laghubitta Bittiya Sanstha Limited,1635.3,1635.3,1635.3,,1635.3,1580.0,55.299999999999955,,60.0,98118.0,1.0,0.0,0.0,3.499999999999997,98118.0,1635.3
2026-07-14T05:15:26+00:00,2026-07-14T11:00:26+05:45,2026-07-14,11:00:26,1784006126,1,5,11,nepse_official,OPEN,2026-07-14,SOHL,Solu Hydropower Limited,501.6,501.6,501.6,,501.6,528.0,-26.399999999999977,,10.0,5016.0,1.0,0.0,0.0,-4.999999999999996,5016.0,501.6
2026-07-14T05:15:26+00:00,2026-07-14T11:00:26+05:45,2026-07-14,11:00:26,1784006126,1,5,11,nepse_official,OPEN,2026-07-14,SRLI,Sanima Reliance Life Insurance Limited,367.0,367.0,367.0,,367.0,367.0,0.0,,24.0,8808.0,1.0,0.0,0.0,0.0,8808.0,367.0
2026-07-14T05:15:26+00:00,2026-07-14T11:00:26+05:45,2026-07-14,11:00:26,1784006126,1,5,11,nepse_official,OPEN,2026-07-14,SSHL,Shiva Shree Hydropower Ltd,185.0,185.0,185.0,,185.0,192.2,-7.199999999999989,,100.0,18500.0,1.0,0.0,0.0,-3.746097814776269,18500.0,185.0
2026-07-14T05:15:26+00:00,2026-07-14T11:00:26+05:45,2026-07-14,11:00:26,1784006126,1,5,11,nepse_official,OPEN,2026-07-14,SYPNL,SY Panel Nepal Limited,1224.6,1224.6,1224.6,,1224.6,1289.0,-64.40000000000009,,10.0,12246.0,1.0,0.0,0.0,-4.996121024049658,12246.0,1224.6
2026-07-14T05:15:26+00:00,2026-07-14T11:00:26+05:45,2026-07-14,11:00:26,1784006126,1,5,11,nepse_official,OPEN,2026-07-14,TPKHL,Taksar Pikhuwa Khola Hydropower Limited,500.0,500.0,500.0,,500.0,493.0,7.0,,40.0,20000.0,3.0,0.0,0.0,1.4198782961460445,6666.666666666667,500.0
2026-07-14T05:15:26+00:00,2026-07-14T11:00:26+05:45,2026-07-14,11:00:26,1784006126,1,5,11,nepse_official,OPEN,2026-07-14,ULBSL,Upakar Laghubitta Bittiya Sanstha Limited,2710.0,2710.0,2710.0,,2710.0,2839.0,-129.0,,10.0,27100.0,1.0,0.0,0.0,-4.543853469531525,27100.0,2710.0
2026-07-14T05:15:26+00:00,2026-07-14T11:00:26+05:45,2026-07-14,11:00:26,1784006126,1,5,11,nepse_official,OPEN,2026-07-14,UMHL,United Modi Hydropower Ltd.,551.0,551.0,551.0,,551.0,573.9,-22.899999999999977,,50.0,27550.0,1.0,0.0,0.0,-3.990242202474295,27550.0,551.0
2026-07-14T05:15:26+00:00,2026-07-14T11:00:26+05:45,2026-07-14,11:00:26,1784006126,1,5,11,nepse_official,OPEN,2026-07-14,UNLB,Unique Nepal Laghubitta Bittiya Sanstha Limited,1348.4,1348.4,1348.4,,1348.4,1286.9,61.5,,20.0,26968.0,2.0,0.0,0.0,4.778926101484187,13484.0,1348.4
2026-07-14T05:15:26+00:00,2026-07-14T11:00:26+05:45,2026-07-14,11:00:26,1784006126,1,5,11,nepse_official,OPEN,2026-07-14,UPCL,UNIVERSAL POWER COMPANY LTD,365.0,365.0,365.0,,365.0,359.0,6.0,,10.0,3650.0,1.0,0.0,0.0,1.6713091922005572,3650.0,365.0
2026-07-14T05:15:26+00:00,2026-07-14T11:00:26+05:45,2026-07-14,11:00:26,1784006126,1,5,11,nepse_official,OPEN,2026-07-14,USHL,Upper Syange Hydropower Limited,504.0,504.0,504.0,,504.0,480.0,24.0,,10.0,5040.0,1.0,0.0,0.0,5.0,5040.0,504.0
2026-07-14T05:45:30+00:00,2026-07-14T11:30:30+05:45,2026-07-14,11:30:30,1784007930,1,5,11,nepse_official,OPEN,2026-07-14,ADBL,Agricultural Development Bank Limited,305.0,305.0,301.2,,303.0,302.5,0.5,,461.0,139180.9,15.0,3.8000000000000114,1.2459016393442661,0.1652892561983471,9278.726666666666,301.9108459869848
2026-07-14T05:45:30+00:00,2026-07-14T11:30:30+05:45,2026-07-14,11:30:30,1784007930,1,5,11,nepse_official,OPEN,2026-07-14,ADBLD83,10.35% Agricultural Bank Debenture 2083,1075.2,1075.2,1075.1,,1075.1,1076.0,-0.900000000000091,,261457.0,281095820.7,7.0,0.10000000000013642,0.009300595238107926,-0.08364312267658837,40156545.81428571,1075.1130040503792
2026-07-14T05:45:30+00:00,2026-07-14T11:30:30+05:45,2026-07-14,11:30:30,1784007930,1,5,11,nepse_official,OPEN,2026-07-14,AHL,Asian Hydropower Limited,407.2,407.2,407.2,,407.2,411.0,-3.8000000000000114,,10.0,4072.0,1.0,0.0,0.0,-0.924574209245745,4072.0,407.2
2026-07-14T05:45:30+00:00,2026-07-14T11:30:30+05:45,2026-07-14,11:30:30,1784007930,1,5,11,nepse_official,OPEN,2026-07-14,AHPC,Arun Valley Hydropower Development Co. Ltd.,257.1,260.0,257.0,,257.0,261.0,-4.0,,3532.0,914180.0,19.0,3.0,1.1668611435239205,-1.532567049808429,48114.73684210526,258.8278595696489
2026-07-14T05:45:30+00:00,2026-07-14T11:30:30+05:45,2026-07-14,11:30:30,1784007930,1,5,11,nepse_official,OPEN,2026-07-14,AKJCL,Ankhu Khola Jalvidhyut Company Ltd,326.0,348.8,326.0,,340.4,343.0,-2.6000000000000227,,10643.0,3640283.9,38.0,22.80000000000001,6.993865030674851,-0.7580174927113769,95796.94473684211,342.03550690594756
2026-07-14T05:45:30+00:00,2026-07-14T11:30:30+05:45,2026-07-14,11:30:30,1784007930,1,5,11,nepse_official,OPEN,2026-07-14,AKPL,Arun Kabeli Power Ltd.,247.0,251.8,237.7,,248.2,248.0,0.19999999999998863,,612.0,151101.2,9.0,14.100000000000023,5.708502024291507,0.080645161290318,16789.022222222222,246.89738562091506
2026-07-14T05:45:30+00:00,2026-07-14T11:30:30+05:45,2026-07-14,11:30:30,1784007930,1,5,11,nepse_official,OPEN,2026-07-14,ALBSL,Asha Laghubitta Bittiya Sanstha Ltd,1015.0,1039.9,1010.0,,1039.9,1041.0,-1.099999999999909,,180.0,183759.0,9.0,29.90000000000009,2.9458128078817825,-0.10566762728145139,20417.666666666668,1020.8833333333333
2026-07-14T05:45:30+00:00,2026-07-14T11:30:30+05:45,2026-07-14,11:30:30,1784007930,1,5,11,nepse_official,OPEN,2026-07-14,ALICL,Asian Life Insurance Co. Limited,418.0,418.0,418.0,,418.0,418.0,0.0,,87.0,36366.0,3.0,0.0,0.0,0.0,12122.0,418.0
2026-07-14T05:45:30+00:00,2026-07-14T11:30:30+05:45,2026-07-14,11:30:30,1784007930,1,5,11,nepse_official,OPEN,2026-07-14,ANLB,Aatmanirbhar Laghubitta Bittiya Sanstha Limited,7073.0,7073.0,7073.0,,7073.0,6736.8,336.1999999999998,,10.0,70730.0,1.0,0.0,0.0,4.990499940624626,70730.0,7073.0
2026-07-14T05:45:30+00:00,2026-07-14T11:30:30+05:45,2026-07-14,11:30:30,1784007930,1,5,11,nepse_official,OPEN,2026-07-14,APHL,Appolo Hydropower Limited,824.5,899.0,801.0,,851.0,849.9,1.1000000000000227,,3781.0,3195449.5,69.0,98.0,11.885991510006063,0.1294269914107569,46310.862318840576,845.1334303094419
2026-07-14T05:45:30+00:00,2026-07-14T11:30:30+05:45,2026-07-14,11:30:30,1784007930,1,5,11,nepse_official,OPEN,2026-07-14,API,Api Power Company Ltd.,322.0,322.0,320.0,,320.4,322.0,-1.6000000000000227,,8417.0,2701878.6,15.0,2.0,0.6211180124223602,-0.49689440993789524,180125.24000000002,321.0025662350006
2026-07-14T05:45:30+00:00,2026-07-14T11:30:30+05:45,2026-07-14,11:30:30,1784007930,1,5,11,nepse_official,OPEN,2026-07-14,AVYAN,Aviyan Laghubitta Bittiya Sanstha Limited,971.9,1031.0,971.9,,1031.0,1023.0,8.0,,30.0,30039.0,3.0,59.10000000000002,6.080872517748742,0.7820136852394917,10013.0,1001.3
2026-07-14T05:45:30+00:00,2026-07-14T11:30:30+05:45,2026-07-14,11:30:30,1784007930,1,5,11,nepse_official,OPEN,2026-07-14,BANDIPUR,Bandipur Cablecar and Tourism Limited,652.5,662.0,652.0,,652.0,665.0,-13.0,,3229.0,2121571.0,54.0,10.0,1.532567049808429,-1.954887218045113,39288.351851851854,657.0365438216166
2026-07-14T05:45:30+00:00,2026-07-14T11:30:30+05:45,2026-07-14,11:30:30,1784007930,1,5,11,nepse_official,OPEN,2026-07-14,BARUN,Barun Hydropower Co. Ltd.,308.0,308.0,308.0,,308.0,308.7,-0.6999999999999886,,82.0,25256.0,2.0,0.0,0.0,-0.2267573696145088,12628.0,308.0
2026-07-14T05:45:30+00:00,2026-07-14T11:30:30+05:45,2026-07-14,11:30:30,1784007930,1,5,11,nepse_official,OPEN,2026-07-14,BBC,Bishal Bazar Company Limited,4053.7,4053.7,4021.1,,4021.1,4070.0,-48.90000000000009,,50.0,202122.0,3.0,32.59999999999991,0.8042035671115255,-1.2014742014742037,67374.0,4042.44
2026-07-14T05:45:30+00:00,2026-07-14T11:30:30+05:45,2026-07-14,11:30:30,1784007930,1,5,11,nepse_official,OPEN,2026-07-14,BEDC,Bhugol Energy Development Company Limited,306.0,310.0,305.1,,306.0,310.1,-4.100000000000023,,2480.0,759740.5,18.0,4.899999999999977,1.6013071895424762,-1.3221541438245799,42207.805555555555,306.3469758064516
2026-07-14T05:45:30+00:00,2026-07-14T11:30:30+05:45,2026-07-14,11:30:30,1784007930,1,5,11,nepse_official,OPEN,2026-07-14,BFC,Best Finance Company Ltd.,512.5,513.0,503.3,,508.0,508.0,0.0,,7775.0,3969853.0,18.0,9.699999999999989,1.8926829268292662,0.0,220547.38888888888,510.59202572347266
2026-07-14T05:45:30+00:00,2026-07-14T11:30:30+05:45,2026-07-14,11:30:30,1784007930,1,5,11,nepse_official,OPEN,2026-07-14,BGWT,Bhagawati Hydropower Development Company Limited,534.5,534.5,530.0,,533.0,520.0,13.0,,95.0,50682.9,5.0,4.5,0.841908325537886,2.5,10136.58,533.5042105263158
2026-07-14T05:45:30+00:00,2026-07-14T11:30:30+05:45,2026-07-14,11:30:30,1784007930,1,5,11,nepse_official,OPEN,2026-07-14,BHCL,Bikash Hydropower Company Limited,470.0,470.0,444.0,,444.2,457.0,-12.800000000000011,,2934.0,1309972.9,41.0,26.0,5.531914893617021,-2.8008752735229785,31950.558536585362,446.4801976823449
2026-07-14T05:45:30+00:00,2026-07-14T11:30:30+05:45,2026-07-14,11:30:30,1784007930,1,5,11,nepse_official,OPEN,2026-07-14,BHDC,Bindhyabasini Hydropower Development Company Limited,420.0,422.0,412.0,,414.1,425.0,-10.899999999999977,,1612.0,677260.1,11.0,10.0,2.380952380952381,-2.564705882352936,61569.1,420.13653846153846
2026-07-14T05:45:30+00:00,2026-07-14T11:30:30+05:45,2026-07-14,11:30:30,1784007930,1,5,11,nepse_official,OPEN,2026-07-14,BHL,Balephi Hydropower Limited,201.0,205.9,200.6,,200.6,201.0,-0.4000000000000057,,4175.0,841934.0,29.0,5.300000000000011,2.6368159203980155,-0.19900497512438092,29032.206896551725,201.6608383233533
2026-07-14T05:45:30+00:00,2026-07-14T11:30:30+05:45,2026-07-14,11:30:30,1784007930,1,5,11,nepse_official,OPEN,2026-07-14,BHPL,Barahi Hydropower Public Limited,480.0,480.0,455.0,,460.3,467.5,-7.199999999999989,,757.0,353222.8,7.0,25.0,5.208333333333334,-1.5401069518716555,50460.4,466.60871862615585
2026-07-14T05:45:30+00:00,2026-07-14T11:30:30+05:45,2026-07-14,11:30:30,1784007930,1,5,11,nepse_official,OPEN,2026-07-14,BJHL,Bhujung Hydropower Limited,650.0,657.0,650.0,,656.0,657.0,-1.0,,665.0,435690.0,15.0,7.0,1.0769230769230769,-0.15220700152207,29046.0,655.172932330827
2026-07-14T05:45:30+00:00,2026-07-14T11:30:30+05:45,2026-07-14,11:30:30,1784007930,1,5,11,nepse_official,OPEN,2026-07-14,BNHC,Buddha Bhumi Nepal Hydropower Company Limited,261.3,281.0,261.3,,273.0,275.0,-2.0,,2804.0,769640.0,38.0,19.69999999999999,7.539226942212013,-0.7272727272727273,20253.684210526317,274.4793152639087
2026-07-14T05:45:30+00:00,2026-07-14T11:30:30+05:45,2026-07-14,11:30:30,1784007930,1,5,11,nepse_official,OPEN,2026-07-14,BPCL,Butwal Power Company Limited,680.0,680.0,645.0,,645.0,647.9,-2.8999999999999773,,9602.0,6391248.2,14.0,35.0,5.147058823529411,-0.447599938262074,456517.72857142857,665.6163507602583
2026-07-14T05:45:30+00:00,2026-07-14T11:30:30+05:45,2026-07-14,11:30:30,1784007930,1,5,11,nepse_official,OPEN,2026-07-14,BUNGAL,Bungal Hydro Limited,575.0,577.5,560.1,,566.7,575.0,-8.299999999999955,,260.0,148009.0,15.0,17.399999999999977,3.026086956521735,-1.4434782608695573,9867.266666666666,569.2653846153846
2026-07-14T05:45:30+00:00,2026-07-14T11:30:30+05:45,2026-07-14,11:30:30,1784007930,1,5,11,nepse_official,OPEN,2026-07-14,C30MF,Citizens Super 30 Mutual Fund,10.01,10.01,10.01,,10.01,9.93,0.08000000000000007,,100.0,1001.0,1.0,0.0,0.0,0.8056394763343411,1001.0,10.01
2026-07-14T05:45:30+00:00,2026-07-14T11:30:30+05:45,2026-07-14,11:30:30,1784007930,1,5,11,nepse_official,OPEN,2026-07-14,CBBL,Chhimek Laghubitta Bittiya Sanstha Limited,910.0,910.0,910.0,,910.0,910.0,0.0,,620.0,564200.0,6.0,0.0,0.0,0.0,94033.33333333333,910.0
2026-07-14T05:45:30+00:00,2026-07-14T11:30:30+05:45,2026-07-14,11:30:30,1784007930,1,5,11,nepse_official,OPEN,2026-07-14,CFCL,Central Finance Co. Ltd.,610.0,610.0,590.0,,600.0,600.1,-0.10000000000002274,,353.0,209522.9,6.0,20.0,3.278688524590164,-0.016663889351778493,34920.48333333333,593.5492917847025
2026-07-14T05:45:30+00:00,2026-07-14T11:30:30+05:45,2026-07-14,11:30:30,1784007930,1,5,11,nepse_official,OPEN,2026-07-14,CGH,Chandragiri Hills Limited,751.1,751.1,751.1,,751.1,760.0,-8.899999999999977,,10.0,7511.0,1.0,0.0,0.0,-1.1710526315789445,7511.0,751.1
2026-07-14T05:45:30+00:00,2026-07-14T11:30:30+05:45,2026-07-14,11:30:30,1784007930,1,5,11,nepse_official,OPEN,2026-07-14,CHCL,Chilime Hydropower Company Limited,499.8,499.8,473.0,,477.0,476.0,1.0,,862.0,413498.2,19.0,26.80000000000001,5.362144857943179,0.21008403361344538,21763.063157894736,479.69628770301625
2026-07-14T05:45:30+00:00,2026-07-14T11:30:30+05:45,2026-07-14,11:30:30,1784007930,1,5,11,nepse_official,OPEN,2026-07-14,CHDC,CEDB Holdings Limited,1967.0,2145.0,1967.0,,2075.0,2070.0,5.0,,95.0,196035.0,8.0,178.0,9.049313675648195,0.24154589371980675,24504.375,2063.5263157894738
2026-07-14T05:45:30+00:00,2026-07-14T11:30:30+05:45,2026-07-14,11:30:30,1784007930,1,5,11,nepse_official,OPEN,2026-07-14,CHL,Chhyangdi Hydropower Ltd.,253.0,253.0,252.0,,252.0,253.0,-1.0,,1050.0,265600.0,3.0,1.0,0.3952569169960474,-0.3952569169960474,88533.33333333333,252.95238095238096
2026-07-14T05:45:30+00:00,2026-07-14T11:30:30+05:45,2026-07-14,11:30:30,1784007930,1,5,11,nepse_official,OPEN,2026-07-14,CITY,City Hotel Limited,327.8,348.0,327.8,,344.1,345.0,-0.8999999999999773,,5234.0,1804914.9,54.0,20.19999999999999,6.162294081757165,-0.26086956521738475,33424.35,344.8442682460833
2026-07-14T05:45:30+00:00,2026-07-14T11:30:30+05:45,2026-07-14,11:30:30,1784007930,1,5,11,nepse_official,OPEN,2026-07-14,CKHL,Chirkhwa Hydropower Limited ,525.0,525.0,525.0,,525.0,539.0,-14.0,,60.0,31500.0,2.0,0.0,0.0,-2.5974025974025974,15750.0,525.0
2026-07-14T05:45:30+00:00,2026-07-14T11:30:30+05:45,2026-07-14,11:30:30,1784007930,1,5,11,nepse_official,OPEN,2026-07-14,CLI,Citizen Life Insurance Company Limited,436.0,440.0,436.0,,436.3,436.0,0.30000000000001137,,265.0,116128.2,14.0,4.0,0.9174311926605505,0.0688073394495439,8294.871428571429,438.21962264150943
2026-07-14T05:45:30+00:00,2026-07-14T11:30:30+05:45,2026-07-14,11:30:30,1784007930,1,5,11,nepse_official,OPEN,2026-07-14,CORBL,Corporate Development Bank Limited,1550.0,1792.0,1550.0,,1570.0,1600.0,-30.0,,4613.0,7368587.0,104.0,242.0,15.612903225806452,-1.875,70851.79807692308,1597.3524821157598
2026-07-14T05:45:30+00:00,2026-07-14T11:30:30+05:45,2026-07-14,11:30:30,1784007930,1,5,11,nepse_official,OPEN,2026-07-14,CREST,Crest Micro Life Insurance Limited,1200.0,1200.0,1164.0,,1165.0,1175.0,-10.0,,1362.0,1587076.0,10.0,36.0,3.0,-0.851063829787234,158707.6,1165.2540381791482
2026-07-14T05:45:30+00:00,2026-07-14T11:30:30+05:45,2026-07-14,11:30:30,1784007930,1,5,11,nepse_official,OPEN,2026-07-14,CSY,Citizens Santulit Yojana,9.0,9.0,9.0,,9.0,9.01,-0.009999999999999787,,300.0,2700.0,3.0,0.0,0.0,-0.11098779134294992,900.0,9.0
2026-07-14T05:45:30+00:00,2026-07-14T11:30:30+05:45,2026-07-14,11:30:30,1784007930,1,5,11,nepse_official,OPEN,2026-07-14,CYCL,CYC Nepal Laghubitta Bittiya Sanstha Limited,1300.1,1329.9,1300.0,,1329.9,1330.0,-0.09999999999990905,,121.0,157629.9,7.0,29.90000000000009,2.2998230905315045,-0.007518796992474364,22518.557142857142,1302.7264462809917
2026-07-14T05:45:30+00:00,2026-07-14T11:30:30+05:45,2026-07-14,11:30:30,1784007930,1,5,11,nepse_official,OPEN,2026-07-14,CZBIL,Citizens Bank International Limited,195.8,195.8,193.1,,193.1,193.5,-0.4000000000000057,,275.0,53170.0,4.0,2.700000000000017,1.378958120531163,-0.2067183462532329,13292.5,193.34545454545454
2026-07-14T05:45:30+00:00,2026-07-14T11:30:30+05:45,2026-07-14,11:30:30,1784007930,1,5,11,nepse_official,OPEN,2026-07-14,DDBL,Deprosc Laghubitta Bittiya Sanstha Limited,820.0,820.0,815.0,,818.0,816.0,2.0,,475.0,389410.0,3.0,5.0,0.6097560975609756,0.24509803921568626,129803.33333333333,819.8105263157895
2026-07-14T05:45:30+00:00,2026-07-14T11:30:30+05:45,2026-07-14,11:30:30,1784007930,1,5,11,nepse_official,OPEN,2026-07-14,DHEL,Daramkhola Hydro Energy Limited,560.0,565.0,556.3,,560.8,570.0,-9.200000000000045,,220.0,123497.0,11.0,8.700000000000045,1.5535714285714366,-1.6140350877193061,11227.0,561.35
2026-07-14T05:45:30+00:00,2026-07-14T11:30:30+05:45,2026-07-14,11:30:30,1784007930,1,5,11,nepse_official,OPEN,2026-07-14,DHPL,Dibyashwori Hydropower Ltd.,257.0,257.0,257.0,,257.0,257.1,-0.10000000000002274,,100.0,25700.0,1.0,0.0,0.0,-0.038895371450806196,25700.0,257.0
2026-07-14T05:45:30+00:00,2026-07-14T11:30:30+05:45,2026-07-14,11:30:30,1784007930,1,5,11,nepse_official,OPEN,2026-07-14,DLBS,Dhaulagiri Laghubitta Bittiya Sanstha Limited,1167.0,1167.0,1167.0,,1167.0,1199.9,-32.90000000000009,,10.0,11670.0,1.0,0.0,0.0,-2.741895157929835,11670.0,1167.0
2026-07-14T05:45:30+00:00,2026-07-14T11:30:30+05:45,2026-07-14,11:30:30,1784007930,1,5,11,nepse_official,OPEN,2026-07-14,DOLTI,Dolti Power Company Limited,310.8,314.0,307.0,,311.0,309.0,2.0,,970.0,303464.0,10.0,7.0,2.2522522522522523,0.6472491909385114,30346.4,312.84948453608246
2026-07-14T05:45:30+00:00,2026-07-14T11:30:30+05:45,2026-07-14,11:30:30,1784007930,1,5,11,nepse_official,OPEN,2026-07-14,DORDI,Dordi Khola Jal Bidyut Company Limited,245.0,245.0,244.0,,244.0,245.7,-1.6999999999999886,,150.0,36710.0,4.0,1.0,0.40816326530612246,-0.6919006919006874,9177.5,244.73333333333332
2026-07-14T05:45:30+00:00,2026-07-14T11:30:30+05:45,2026-07-14,11:30:30,1784007930,1,5,11,nepse_official,OPEN,2026-07-14,EBL,Everest Bank Limited,695.0,695.0,692.0,,692.0,694.0,-2.0,,4268.0,2957873.2,31.0,3.0,0.4316546762589928,-0.2881844380403458,95415.26451612904,693.0349578256795
2026-07-14T05:45:30+00:00,2026-07-14T11:30:30+05:45,2026-07-14,11:30:30,1784007930,1,5,11,nepse_official,OPEN,2026-07-14,EDBL,Excel Development Bank Ltd.,560.0,560.0,560.0,,560.0,560.0,0.0,,46500.0,26040000.0,1.0,0.0,0.0,0.0,26040000.0,560.0
2026-07-14T05:45:30+00:00,2026-07-14T11:30:30+05:45,2026-07-14,11:30:30,1784007930,1,5,11,nepse_official,OPEN,2026-07-14,EHPL,Eastern Hydropower Limited,345.0,345.0,345.0,,345.0,339.0,6.0,,10.0,3450.0,1.0,0.0,0.0,1.7699115044247788,3450.0,345.0
2026-07-14T05:45:30+00:00,2026-07-14T11:30:30+05:45,2026-07-14,11:30:30,1784007930,1,5,11,nepse_official,OPEN,2026-07-14,ENL,Emerging Nepal Limited,800.0,800.0,785.1,,785.1,784.0,1.1000000000000227,,60.0,47851.0,3.0,14.899999999999977,1.8624999999999972,0.1403061224489825,15950.333333333334,797.5166666666667
2026-07-14T05:45:30+00:00,2026-07-14T11:30:30+05:45,2026-07-14,11:30:30,1784007930,1,5,11,nepse_official,OPEN,2026-07-14,FOWAD,Forward Microfinance Laghubitta Bittiya Sanstha Limited,946.0,946.0,945.0,,945.0,960.0,-15.0,,331.0,312807.0,7.0,1.0,0.10570824524312897,-1.5625,44686.71428571428,945.036253776435
2026-07-14T05:45:30+00:00,2026-07-14T11:30:30+05:45,2026-07-14,11:30:30,1784007930,1,5,11,nepse_official,OPEN,2026-07-14,GBBL,Garima Bikas Bank Limited,395.3,402.0,395.3,,402.0,396.1,5.899999999999977,,24.0,9581.0,2.0,6.699999999999989,1.6949152542372854,1.4895228477657099,4790.5,399.2083333333333
2026-07-14T05:45:30+00:00,2026-07-14T11:30:30+05:45,2026-07-14,11:30:30,1784007930,1,5,11,nepse_official,OPEN,2026-07-14,GBIME,Global IME Bank Limited,238.0,240.0,237.1,,237.5,237.5,0.0,,6618.0,1572916.0,24.0,2.9000000000000057,1.2184873949579855,0.0,65538.16666666667,237.67240858265336
2026-07-14T05:45:30+00:00,2026-07-14T11:30:30+05:45,2026-07-14,11:30:30,1784007930,1,5,11,nepse_official,OPEN,2026-07-14,GBIMESY2,Global IME Sammunat Yojana -2,9.4,9.4,9.4,,9.4,9.5,-0.09999999999999964,,100.0,940.0,1.0,0.0,0.0,-1.0526315789473648,940.0,9.4
2026-07-14T05:45:30+00:00,2026-07-14T11:30:30+05:45,2026-07-14,11:30:30,1784007930,1,5,11,nepse_official,OPEN,2026-07-14,GBLBS,Grameen Bikas Laghubitta Bittiya Sanstha Ltd.,718.0,718.0,718.0,,718.0,739.0,-21.0,,26.0,18668.0,2.0,0.0,0.0,-2.841677943166441,9334.0,718.0
2026-07-14T05:45:30+00:00,2026-07-14T11:30:30+05:45,2026-07-14,11:30:30,1784007930,1,5,11,nepse_official,OPEN,2026-07-14,GCIL,Ghorahi Cement Industry Limited,321.0,325.0,321.0,,325.0,327.0,-2.0,,383.0,123884.4,16.0,4.0,1.2461059190031152,-0.6116207951070336,7742.775,323.45796344647516
2026-07-14T05:45:30+00:00,2026-07-14T11:30:30+05:45,2026-07-14,11:30:30,1784007930,1,5,11,nepse_official,OPEN,2026-07-14,GFCL,Goodwill Finance Limited,595.1,595.1,593.1,,593.1,595.1,-2.0,,660.0,391899.5,5.0,2.0,0.33607797008906065,-0.33607797008906065,78379.9,593.7871212121212
2026-07-14T05:45:30+00:00,2026-07-14T11:30:30+05:45,2026-07-14,11:30:30,1784007930,1,5,11,nepse_official,OPEN,2026-07-14,GHL,Ghalemdi Hydro Limited,216.0,216.1,215.0,,215.0,216.0,-1.0,,10445.0,2249320.0,26.0,1.0999999999999943,0.5092592592592566,-0.4629629629629629,86512.30769230769,215.34897079942556
2026-07-14T05:45:30+00:00,2026-07-14T11:30:30+05:45,2026-07-14,11:30:30,1784007930,1,5,11,nepse_official,OPEN,2026-07-14,GIBF1,Global IME Balanced Fund-1,10.27,10.3,10.27,,10.3,10.35,-0.049999999999998934,,200.0,2057.0,2.0,0.030000000000001137,0.29211295034080953,-0.4830917874396033,1028.5,10.285
2026-07-14T05:45:30+00:00,2026-07-14T11:30:30+05:45,2026-07-14,11:30:30,1784007930,1,5,11,nepse_official,OPEN,2026-07-14,GILB,Global IME Laghubitta Bittiya Sanstha Ltd.,1045.0,1045.0,1043.0,,1043.0,1065.0,-22.0,,90.0,93970.0,2.0,2.0,0.19138755980861244,-2.0657276995305165,46985.0,1044.111111111111
2026-07-14T05:45:30+00:00,2026-07-14T11:30:30+05:45,2026-07-14,11:30:30,1784007930,1,5,11,nepse_official,OPEN,2026-07-14,GLBSL,Gurans Laghubitta Bittiya Sanstha Limited,1754.9,1754.9,1754.9,,1754.9,1754.9,0.0,,3.0,5106.9,1.0,0.0,0.0,0.0,5106.9,1702.3
2026-07-14T05:45:30+00:00,2026-07-14T11:30:30+05:45,2026-07-14,11:30:30,1784007930,1,5,11,nepse_official,OPEN,2026-07-14,GLH,GreenLife Hydropower Limited,237.2,242.0,237.2,,239.0,240.9,-1.9000000000000057,,1626.0,390330.0,12.0,4.800000000000011,2.023608768971337,-0.7887090078870925,32527.5,240.05535055350555
2026-07-14T05:45:30+00:00,2026-07-14T11:30:30+05:45,2026-07-14,11:30:30,1784007930,1,5,11,nepse_official,OPEN,2026-07-14,GMFBS,Ganapati Laghubitta Bittiya Sanstha Limited,1232.0,1232.0,1195.1,,1195.1,1174.0,21.09999999999991,,20.0,24271.0,2.0,36.90000000000009,2.9951298701298774,1.7972742759795495,12135.5,1213.55
2026-07-14T05:45:30+00:00,2026-07-14T11:30:30+05:45,2026-07-14,11:30:30,1784007930,1,5,11,nepse_official,OPEN,2026-07-14,GMFIL,Guheshowori Merchant Bank & Finance Co. Ltd.,448.0,448.0,448.0,,448.0,448.0,0.0,,40.0,17920.0,1.0,0.0,0.0,0.0,17920.0,448.0
2026-07-14T05:45:30+00:00,2026-07-14T11:30:30+05:45,2026-07-14,11:30:30,1784007930,1,5,11,nepse_official,OPEN,2026-07-14,GMLI,Guardian Micro Life Insurance Limited ,1125.1,1125.2,1125.0,,1125.2,1150.0,-24.799999999999955,,40.0,45004.0,3.0,0.20000000000004547,0.017776197671322148,-2.1565217391304308,15001.333333333334,1125.1
2026-07-14T05:45:30+00:00,2026-07-14T11:30:30+05:45,2026-07-14,11:30:30,1784007930,1,5,11,nepse_official,OPEN,2026-07-14,GRDBL,Green Development Bank Ltd.,1027.0,1027.0,1000.0,,1012.3,1027.0,-14.700000000000045,,353.0,356668.6,8.0,27.0,2.6290165530671863,-1.4313534566699169,44583.575,1010.3926345609065
2026-07-14T05:45:30+00:00,2026-07-14T11:30:30+05:45,2026-07-14,11:30:30,1784007930,1,5,11,nepse_official,OPEN,2026-07-14,GSY,Garima Samriddhi Yojana,9.95,9.95,9.95,,9.95,9.95,0.0,,400.0,3980.0,2.0,0.0,0.0,0.0,1990.0,9.95
2026-07-14T05:45:30+00:00,2026-07-14T11:30:30+05:45,2026-07-14,11:30:30,1784007930,1,5,11,nepse_official,OPEN,2026-07-14,GUFL,Gurkhas Finance Ltd.,530.0,530.2,530.0,,530.2,538.5,-8.299999999999955,,1100.0,583020.0,4.0,0.20000000000004547,0.037735849056612356,-1.5413184772516164,145755.0,530.0181818181818
2026-07-14T05:45:30+00:00,2026-07-14T11:30:30+05:45,2026-07-14,11:30:30,1784007930,1,5,11,nepse_official,OPEN,2026-07-14,GVL,Green Ventures Limited,463.0,469.0,463.0,,469.0,470.0,-1.0,,143.0,66330.0,5.0,6.0,1.2958963282937366,-0.2127659574468085,13266.0,463.84615384615387
2026-07-14T05:45:30+00:00,2026-07-14T11:30:30+05:45,2026-07-14,11:30:30,1784007930,1,5,11,nepse_official,OPEN,2026-07-14,GWFD83,12 % Goodwill Finance Limited Debenture 2083,1114.0,1134.7,1110.0,,1134.7,1114.0,20.700000000000045,,101.0,113404.7,3.0,24.700000000000045,2.2172351885098784,1.8581687612208302,37801.566666666666,1122.8188118811881
2026-07-14T05:45:30+00:00,2026-07-14T11:30:30+05:45,2026-07-14,11:30:30,1784007930,1,5,11,nepse_official,OPEN,2026-07-14,HATHY,Hathway Investment Nepal Limited,665.1,679.9,662.0,,662.0,679.9,-17.899999999999977,,56.0,37352.6,4.0,17.899999999999977,2.691324612840171,-2.632740108839532,9338.15,667.0107142857142
2026-07-14T05:45:30+00:00,2026-07-14T11:30:30+05:45,2026-07-14,11:30:30,1784007930,1,5,11,nepse_official,OPEN,2026-07-14,HBL,Himalayan Bank Limited,195.0,195.0,190.0,,190.0,190.8,-0.8000000000000114,,4422.0,841629.0,52.0,5.0,2.564102564102564,-0.41928721174004785,16185.173076923076,190.32767978290366
2026-07-14T05:45:30+00:00,2026-07-14T11:30:30+05:45,2026-07-14,11:30:30,1784007930,1,5,11,nepse_official,OPEN,2026-07-14,HDHPC,Himal Dolakha Hydropower Company Limited,192.8,202.0,192.8,,202.0,202.9,-0.9000000000000057,,1611.0,324130.0,14.0,9.199999999999989,4.771784232365139,-0.4435682602267154,23152.14285714286,201.19801365611423
2026-07-14T05:45:30+00:00,2026-07-14T11:30:30+05:45,2026-07-14,11:30:30,1784007930,1,5,11,nepse_official,OPEN,2026-07-14,HDL,Himalayan Distillery Limited,1149.0,1149.0,1140.2,,1140.2,1142.0,-1.7999999999999545,,3862.0,4415843.2,40.0,8.799999999999955,0.7658833768494303,-0.1576182136602412,110396.08,1143.4083894355256
2026-07-14T05:45:30+00:00,2026-07-14T11:30:30+05:45,2026-07-14,11:30:30,1784007930,1,5,11,nepse_official,OPEN,2026-07-14,HEI,Himalayan Everest Insurance Limited,507.0,507.0,501.1,,501.1,510.0,-8.899999999999977,,1255.0,633655.0,7.0,5.899999999999977,1.1637080867850054,-1.7450980392156819,90522.14285714286,504.9043824701195
2026-07-14T05:45:30+00:00,2026-07-14T11:30:30+05:45,2026-07-14,11:30:30,1784007930,1,5,11,nepse_official,OPEN,2026-07-14,HEIP,Himalayan Everest Insurance Limited Promoter,311.0,311.0,311.0,,311.0,311.1,-0.10000000000002274,,15.0,4665.0,1.0,0.0,0.0,-0.032144005143048125,4665.0,311.0
2026-07-14T05:45:30+00:00,2026-07-14T11:30:30+05:45,2026-07-14,11:30:30,1784007930,1,5,11,nepse_official,OPEN,2026-07-14,HFIN,Hotel Forest Inn Limited,605.0,639.0,605.0,,630.5,635.0,-4.5,,1470.0,931077.5,50.0,34.0,5.619834710743802,-0.7086614173228346,18621.55,633.3860544217687
2026-07-14T05:45:30+00:00,2026-07-14T11:30:30+05:45,2026-07-14,11:30:30,1784007930,1,5,11,nepse_official,OPEN,2026-07-14,HHL,Himalayan Hydropower Limited,326.0,326.0,324.0,,324.0,328.0,-4.0,,480.0,155551.0,6.0,2.0,0.6134969325153374,-1.2195121951219512,25925.166666666668,324.06458333333336
2026-07-14T05:45:30+00:00,2026-07-14T11:30:30+05:45,2026-07-14,11:30:30,1784007930,1,5,11,nepse_official,OPEN,2026-07-14,HIDCL,Hydorelectricity Investment and Development Company Ltd,249.4,249.4,245.2,,246.0,246.6,-0.5999999999999943,,2762.0,679599.2,20.0,4.200000000000017,1.6840417000801993,-0.24330900243308773,33979.96,246.05329471397536
2026-07-14T05:45:30+00:00,2026-07-14T11:30:30+05:45,2026-07-14,11:30:30,1784007930,1,5,11,nepse_official,OPEN,2026-07-14,HIDCLP,Hydorelectricity Investment and Development Company Limited Promoter,182.8,185.3,182.5,,182.6,183.0,-0.4000000000000057,,20387.0,3724072.1,18.0,2.8000000000000114,1.5317286652078836,-0.21857923497268072,206892.89444444445,182.66896061215482
2026-07-14T05:45:30+00:00,2026-07-14T11:30:30+05:45,2026-07-14,11:30:30,1784007930,1,5,11,nepse_official,OPEN,2026-07-14,HIMSTAR,Him Star Urja Company Limited,625.0,642.0,623.0,,623.0,627.0,-4.0,,620.0,393252.0,14.0,19.0,3.04,-0.6379585326953748,28089.428571428572,634.2774193548387
2026-07-14T05:45:30+00:00,2026-07-14T11:30:30+05:45,2026-07-14,11:30:30,1784007930,1,5,11,nepse_official,OPEN,2026-07-14,HLBSL,Himalayan Laghubitta Bittiya Sanstha Limited,841.0,880.0,838.0,,880.0,863.0,17.0,,246.0,212144.0,9.0,42.0,4.9940546967895365,1.9698725376593278,23571.555555555555,862.3739837398374
2026-07-14T05:45:30+00:00,2026-07-14T11:30:30+05:45,2026-07-14,11:30:30,1784007930,1,5,11,nepse_official,OPEN,2026-07-14,HLI,Himalayan Life Insurance Limited,317.0,318.0,316.0,,317.0,317.0,0.0,,440.0,139283.0,8.0,2.0,0.6309148264984227,0.0,17410.375,316.55227272727274
2026-07-14T05:45:30+00:00,2026-07-14T11:30:30+05:45,2026-07-14,11:30:30,1784007930,1,5,11,nepse_official,OPEN,2026-07-14,HLICF,HLI Large Cap Fund,8.7,8.7,8.7,,8.7,8.75,-0.05000000000000071,,100.0,870.0,1.0,0.0,0.0,-0.5714285714285796,870.0,8.7
2026-07-14T05:45:30+00:00,2026-07-14T11:30:30+05:45,2026-07-14,11:30:30,1784007930,1,5,11,nepse_official,OPEN,2026-07-14,HPPL,Himalayan Power Partner Ltd.,342.1,348.0,342.1,,344.0,348.5,-4.5,,6314.0,2178575.7,33.0,5.899999999999977,1.7246419175679557,-1.291248206599713,66017.44545454546,345.0389135254989
2026-07-14T05:45:30+00:00,2026-07-14T11:30:30+05:45,2026-07-14,11:30:30,1784007930,1,5,11,nepse_official,OPEN,2026-07-14,HRL,Himalayan Reinsurance Limited,555.0,560.0,550.0,,550.0,556.0,-6.0,,3245.0,1788495.0,72.0,10.0,1.8018018018018018,-1.079136690647482,24840.208333333332,551.1540832049307
2026-07-14T05:45:30+00:00,2026-07-14T11:30:30+05:45,2026-07-14,11:30:30,1784007930,1,5,11,nepse_official,OPEN,2026-07-14,HURJA,Himalaya Urja Bikas Company Limited,224.0,224.0,222.0,,222.0,222.1,-0.09999999999999432,,1361.0,302497.0,9.0,2.0,0.8928571428571428,-0.04502476361998844,33610.77777777778,222.2608376193975
2026-07-14T05:45:30+00:00,2026-07-14T11:30:30+05:45,2026-07-14,11:30:30,1784007930,1,5,11,nepse_official,OPEN,2026-07-14,ICFC,ICFC Finance Limited,588.0,588.0,585.0,,585.0,588.0,-3.0,,135.0,79180.0,4.0,3.0,0.5102040816326531,-0.5102040816326531,19795.0,586.5185185185185
2026-07-14T05:45:30+00:00,2026-07-14T11:30:30+05:45,2026-07-14,11:30:30,1784007930,1,5,11,nepse_official,OPEN,2026-07-14,ICFCD89,8% ICFC Finance Limited Debenture 2089,1110.0,1110.0,1110.0,,1110.0,1112.0,-2.0,,51.0,56620.0,3.0,0.0,0.0,-0.1798561151079137,18873.333333333332,1110.1960784313726
2026-07-14T05:45:30+00:00,2026-07-14T11:30:30+05:45,2026-07-14,11:30:30,1784007930,1,5,11,nepse_official,OPEN,2026-07-14,IGI,IGI Prudential insurance Limited,424.0,424.0,420.0,,420.0,417.2,2.8000000000000114,,190.0,79879.0,4.0,4.0,0.9433962264150944,0.6711409395973182,19969.75,420.4157894736842
2026-07-14T05:45:30+00:00,2026-07-14T11:30:30+05:45,2026-07-14,11:30:30,1784007930,1,5,11,nepse_official,OPEN,2026-07-14,IHL,Ingwa Hydropower Limited,329.0,333.1,329.0,,333.1,337.5,-4.399999999999977,,252.0,83896.2,4.0,4.100000000000023,1.2462006079027426,-1.303703703703697,20974.05,332.9214285714286
2026-07-14T05:45:30+00:00,2026-07-14T11:30:30+05:45,2026-07-14,11:30:30,1784007930,1,5,11,nepse_official,OPEN,2026-07-14,ILBS,Infinity Laghubitta Bittiya Sanstha Limited,816.0,820.0,816.0,,820.0,843.5,-23.5,,29.0,23740.0,2.0,4.0,0.49019607843137253,-2.7860106698280975,11870.0,818.6206896551724
2026-07-14T05:45:30+00:00,2026-07-14T11:30:30+05:45,2026-07-14,11:30:30,1784007930,1,5,11,nepse_official,OPEN,2026-07-14,ILI,IME Life Insurance Company Limited,409.0,411.0,407.2,,407.2,409.0,-1.8000000000000114,,410.0,167990.2,17.0,3.8000000000000114,0.9290953545232301,-0.4400977995110052,9881.776470588236,409.73219512195124
2026-07-14T05:45:30+00:00,2026-07-14T11:30:30+05:45,2026-07-14,11:30:30,1784007930,1,5,11,nepse_official,OPEN,2026-07-14,JBBL,Jyoti Bikas Bank Limited,335.0,335.0,330.3,,330.3,333.0,-2.6999999999999886,,3726.0,1238468.3,9.0,4.699999999999989,1.4029850746268624,-0.8108108108108074,137607.5888888889,332.3854804079442
2026-07-14T05:45:30+00:00,2026-07-14T11:30:30+05:45,2026-07-14,11:30:30,1784007930,1,5,11,nepse_official,OPEN,2026-07-14,JBLB,Jeevan Bikas Laghubitta  Bittya Sanstha Ltd,1220.0,1222.2,1220.0,,1222.2,1226.0,-3.7999999999999545,,38.0,46421.6,2.0,2.2000000000000455,0.18032786885246274,-0.30995106035888703,23210.8,1221.621052631579
2026-07-14T05:45:30+00:00,2026-07-14T11:30:30+05:45,2026-07-14,11:30:30,1784007930,1,5,11,nepse_official,OPEN,2026-07-14,JFL,Janaki Finance Company Limited,381.0,381.0,381.0,,381.0,381.0,0.0,,88.0,33528.0,1.0,0.0,0.0,0.0,33528.0,381.0
2026-07-14T05:45:30+00:00,2026-07-14T11:30:30+05:45,2026-07-14,11:30:30,1784007930,1,5,11,nepse_official,OPEN,2026-07-14,JHAPA,Jhapa Energy Limited,1021.1,1135.0,1021.1,,1032.0,1039.1,-7.099999999999909,,1594.0,1690616.0,22.0,113.89999999999998,11.154637156008224,-0.6832836108170445,76846.18181818182,1060.612296110414
2026-07-14T05:45:30+00:00,2026-07-14T11:30:30+05:45,2026-07-14,11:30:30,1784007930,1,5,11,nepse_official,OPEN,2026-07-14,JOSHI,Joshi Hydropower Development Company Ltd,250.0,250.2,250.0,,250.0,250.1,-0.09999999999999432,,176.0,44002.8,4.0,0.19999999999998863,0.07999999999999545,-0.03998400639743875,11000.7,250.0159090909091
2026-07-14T05:45:30+00:00,2026-07-14T11:30:30+05:45,2026-07-14,11:30:30,1784007930,1,5,11,nepse_official,OPEN,2026-07-14,JSLBB,Janautthan Samudayic Laghubitta Bittya Sanstha Limited,1011.0,1011.0,1011.0,,1011.0,1015.0,-4.0,,100.0,101100.0,1.0,0.0,0.0,-0.3940886699507389,101100.0,1011.0
2026-07-14T05:45:30+00:00,2026-07-14T11:30:30+05:45,2026-07-14,11:30:30,1784007930,1,5,11,nepse_official,OPEN,2026-07-14,KAHL,Kalanga Hydro Limited,472.0,485.0,471.0,,472.0,486.0,-14.0,,6350.0,3023333.6,339.0,14.0,2.9661016949152543,-2.880658436213992,8918.38820058997,476.1155275590551
2026-07-14T05:45:30+00:00,2026-07-14T11:30:30+05:45,2026-07-14,11:30:30,1784007930,1,5,11,nepse_official,OPEN,2026-07-14,KBL,Kumari Bank Limited,209.8,210.0,207.0,,207.0,208.0,-1.0,,6163.0,1287720.0,27.0,3.0,1.4299332697807434,-0.4807692307692308,47693.333333333336,208.9436962518254
2026-07-14T05:45:30+00:00,2026-07-14T11:30:30+05:45,2026-07-14,11:30:30,1784007930,1,5,11,nepse_official,OPEN,2026-07-14,KBLD89,11% KBL Debenture 2089,1290.0,1290.0,1290.0,,1290.0,1262.0,28.0,,500.0,645000.0,5.0,0.0,0.0,2.218700475435816,129000.0,1290.0
2026-07-14T05:45:30+00:00,2026-07-14T11:30:30+05:45,2026-07-14,11:30:30,1784007930,1,5,11,nepse_official,OPEN,2026-07-14,KDBY,Kumari Dhanabriddhi Yojana,10.53,10.54,10.53,,10.54,10.7,-0.16000000000000014,,400.0,4214.0,4.0,0.009999999999999787,0.09496676163342628,-1.4953271028037398,1053.5,10.535
2026-07-14T05:45:30+00:00,2026-07-14T11:30:30+05:45,2026-07-14,11:30:30,1784007930,1,5,11,nepse_official,OPEN,2026-07-14,KDL,Kalinchowk Darshan Limited,733.0,733.0,733.0,,733.0,755.0,-22.0,,10.0,7330.0,1.0,0.0,0.0,-2.913907284768212,7330.0,733.0
2026-07-14T05:45:30+00:00,2026-07-14T11:30:30+05:45,2026-07-14,11:30:30,1784007930,1,5,11,nepse_official,OPEN,2026-07-14,KHPL,Kalinchock Hydropower Limited,870.0,882.0,870.0,,881.0,885.0,-4.0,,1380.0,1214957.0,23.0,12.0,1.3793103448275863,-0.4519774011299435,52824.217391304344,880.4036231884058
2026-07-14T05:45:30+00:00,2026-07-14T11:30:30+05:45,2026-07-14,11:30:30,1784007930,1,5,11,nepse_official,OPEN,2026-07-14,KKHC,Khanikhola Hydropower Co. Ltd.,245.0,245.0,245.0,,245.0,245.0,0.0,,15.0,3675.0,1.0,0.0,0.0,0.0,3675.0,245.0
2026-07-14T05:45:30+00:00,2026-07-14T11:30:30+05:45,2026-07-14,11:30:30,1784007930,1,5,11,nepse_official,OPEN,2026-07-14,KMCDB,Kalika Laghubitta Bittiya Sanstha Ltd,787.5,787.5,787.5,,787.5,766.0,21.5,,10.0,7875.0,1.0,0.0,0.0,2.8067885117493474,7875.0,787.5
2026-07-14T05:45:30+00:00,2026-07-14T11:30:30+05:45,2026-07-14,11:30:30,1784007930,1,5,11,nepse_official,OPEN,2026-07-14,KSBBL,Kamana Sewa Bikas Bank Limited,463.0,463.0,463.0,,463.0,468.0,-5.0,,489.0,226407.0,4.0,0.0,0.0,-1.0683760683760684,56601.75,463.0
2026-07-14T05:45:30+00:00,2026-07-14T11:30:30+05:45,2026-07-14,11:30:30,1784007930,1,5,11,nepse_official,OPEN,2026-07-14,KSY,Kumari Sabal Yojana,9.22,9.49,9.22,,9.49,9.5,-0.009999999999999787,,300.0,2793.0,3.0,0.2699999999999996,2.928416485900212,-0.1052631578947346,931.0,9.31
2026-07-14T05:45:30+00:00,2026-07-14T11:30:30+05:45,2026-07-14,11:30:30,1784007930,1,5,11,nepse_official,OPEN,2026-07-14,LBBL,Lumbini Bikas Bank Ltd.,480.0,480.0,475.0,,475.0,470.2,4.800000000000011,,110.0,52300.0,2.0,5.0,1.0416666666666665,1.0208421948107214,26150.0,475.45454545454544
2026-07-14T05:45:30+00:00,2026-07-14T11:30:30+05:45,2026-07-14,11:30:30,1784007930,1,5,11,nepse_official,OPEN,2026-07-14,LBLD86,10% Laxmi Bank Debenture 2086,1173.0,1173.0,1173.0,,1173.0,1156.3,16.700000000000045,,30000.0,35190000.0,1.0,0.0,0.0,1.4442618697569873,35190000.0,1173.0
2026-07-14T05:45:30+00:00,2026-07-14T11:30:30+05:45,2026-07-14,11:30:30,1784007930,1,5,11,nepse_official,OPEN,2026-07-14,LEC,Liberty Energy Company Limited,203.0,204.0,200.3,,201.0,203.3,-2.3000000000000114,,1551.0,314393.8,11.0,3.6999999999999886,1.822660098522162,-1.1313330054107287,28581.254545454543,202.70393294648613
2026-07-14T05:45:30+00:00,2026-07-14T11:30:30+05:45,2026-07-14,11:30:30,1784007930,1,5,11,nepse_official,OPEN,2026-07-14,LICN,Life Insurance Corporation (Nepal) Limited,803.0,803.0,779.0,,779.0,765.0,14.0,,20.0,15820.0,2.0,24.0,2.9887920298879203,1.8300653594771243,7910.0,791.0
2026-07-14T05:45:30+00:00,2026-07-14T11:30:30+05:45,2026-07-14,11:30:30,1784007930,1,5,11,nepse_official,OPEN,2026-07-14,LLBS,Laxmi Laghubitta Bittiya Sanstha Ltd.,892.4,892.4,892.4,,892.4,920.0,-27.600000000000023,,10.0,8924.0,1.0,0.0,0.0,-3.000000000000002,8924.0,892.4
2026-07-14T05:45:30+00:00,2026-07-14T11:30:30+05:45,2026-07-14,11:30:30,1784007930,1,5,11,nepse_official,OPEN,2026-07-14,LSL,Laxmi Sunrise Bank Limited,216.0,216.0,215.2,,215.2,215.1,0.09999999999999432,,196.0,42267.3,4.0,0.8000000000000114,0.3703703703703756,0.04649000464899782,10566.825,215.64948979591838
2026-07-14T05:45:30+00:00,2026-07-14T11:30:30+05:45,2026-07-14,11:30:30,1784007930,1,5,11,nepse_official,OPEN,2026-07-14,MABEL,Mabilung Energy Limited,546.0,546.0,545.5,,545.5,562.0,-16.5,,20.0,10915.0,2.0,0.5,0.09157509157509157,-2.9359430604982206,5457.5,545.75
2026-07-14T05:45:30+00:00,2026-07-14T11:30:30+05:45,2026-07-14,11:30:30,1784007930,1,5,11,nepse_official,OPEN,2026-07-14,MAKAR,Makar Jitumaya Suri Hydropower Limited,456.0,456.1,456.0,,456.1,457.0,-0.8999999999999773,,60.0,27361.0,2.0,0.10000000000002274,0.021929824561408493,-0.19693654266957927,13680.5,456.01666666666665
2026-07-14T05:45:30+00:00,2026-07-14T11:30:30+05:45,2026-07-14,11:30:30,1784007930,1,5,11,nepse_official,OPEN,2026-07-14,MANDU,Mandu Hydropower Limited,790.0,790.0,790.0,,790.0,787.0,3.0,,10.0,7900.0,1.0,0.0,0.0,0.3811944091486658,7900.0,790.0
2026-07-14T05:45:30+00:00,2026-07-14T11:30:30+05:45,2026-07-14,11:30:30,1784007930,1,5,11,nepse_official,OPEN,2026-07-14,MATRI,Matribhumi Lagubitta Bittiya Sanstha Limited,815.0,815.0,813.0,,813.0,813.0,0.0,,48.0,39054.0,2.0,2.0,0.245398773006135,0.0,19527.0,813.625
2026-07-14T05:45:30+00:00,2026-07-14T11:30:30+05:45,2026-07-14,11:30:30,1784007930,1,5,11,nepse_official,OPEN,2026-07-14,MBJC,Madhya Bhotekoshi Jalavidyut Company Limited,265.0,265.0,262.0,,264.5,270.0,-5.5,,650.0,171581.0,18.0,3.0,1.1320754716981132,-2.037037037037037,9532.277777777777,263.97076923076924
2026-07-14T05:45:30+00:00,2026-07-14T11:30:30+05:45,2026-07-14,11:30:30,1784007930,1,5,11,nepse_official,OPEN,2026-07-14,MBL,Machhapuchhre Bank Limited,246.0,246.0,240.2,,241.2,243.8,-2.6000000000000227,,1037.0,250143.4,6.0,5.800000000000011,2.357723577235777,-1.0664479081214202,41690.566666666666,241.21832208293154
2026-07-14T05:45:30+00:00,2026-07-14T11:30:30+05:45,2026-07-14,11:30:30,1784007930,1,5,11,nepse_official,OPEN,2026-07-14,MBLEF,MBL Equity Fund,9.91,9.91,9.83,,9.83,9.91,-0.08000000000000007,,200.0,1974.0,2.0,0.08000000000000007,0.8072653884964689,-0.8072653884964689,987.0,9.87
2026-07-14T05:45:30+00:00,2026-07-14T11:30:30+05:45,2026-07-14,11:30:30,1784007930,1,5,11,nepse_official,OPEN,2026-07-14,MCHL,Menchhiyam Hydropower Limited,275.0,275.0,275.0,,275.0,275.0,0.0,,20.0,5500.0,1.0,0.0,0.0,0.0,5500.0,275.0
2026-07-14T05:45:30+00:00,2026-07-14T11:30:30+05:45,2026-07-14,11:30:30,1784007930,1,5,11,nepse_official,OPEN,2026-07-14,MEHL,Manakamana Engineering Hydropower Limited,291.6,293.0,291.6,,293.0,300.0,-7.0,,50.0,14598.0,5.0,1.3999999999999773,0.48010973936899076,-2.3333333333333335,2919.6,291.96
2026-07-14T05:45:30+00:00,2026-07-14T11:30:30+05:45,2026-07-14,11:30:30,1784007930,1,5,11,nepse_official,OPEN,2026-07-14,MEL,Modi Energy Limited,203.8,215.0,203.8,,208.6,210.0,-1.4000000000000057,,1330.0,277830.8,16.0,11.199999999999989,5.495583905789984,-0.6666666666666694,17364.425,208.89533834586464
2026-07-14T05:45:30+00:00,2026-07-14T11:30:30+05:45,2026-07-14,11:30:30,1784007930,1,5,11,nepse_official,OPEN,2026-07-14,MEN,Mountain Energy Nepal Limited,553.0,559.0,552.8,,556.0,552.8,3.2000000000000455,,2246.0,1251360.6,20.0,6.2000000000000455,1.1211573236889774,0.5788712011577507,62568.030000000006,557.1507569011577
2026-07-14T05:45:30+00:00,2026-07-14T11:30:30+05:45,2026-07-14,11:30:30,1784007930,1,5,11,nepse_official,OPEN,2026-07-14,MFIL,Manjushree Finance Ltd.,760.0,763.3,759.2,,763.2,769.8,-6.599999999999909,,1785.0,1358295.5,10.0,4.099999999999909,0.5394736842105143,-0.8573655494933632,135829.55,760.9498599439776
2026-07-14T05:45:30+00:00,2026-07-14T11:30:30+05:45,2026-07-14,11:30:30,1784007930,1,5,11,nepse_official,OPEN,2026-07-14,MHCL,Molung Hydropower Company Limited,314.1,314.1,305.2,,305.2,305.0,0.19999999999998863,,70.0,21693.0,3.0,8.900000000000034,2.8334925183062825,0.06557377049179955,7231.0,309.9
2026-07-14T05:45:30+00:00,2026-07-14T11:30:30+05:45,2026-07-14,11:30:30,1784007930,1,5,11,nepse_official,OPEN,2026-07-14,MHL,Mandakini Hydropower Limited,462.3,462.3,462.3,,462.3,468.0,-5.699999999999989,,10.0,4623.0,1.0,0.0,0.0,-1.2179487179487156,4623.0,462.3
2026-07-14T05:45:30+00:00,2026-07-14T11:30:30+05:45,2026-07-14,11:30:30,1784007930,1,5,11,nepse_official,OPEN,2026-07-14,MHNL,Mountain Hydro Nepal Limited,229.0,229.0,229.0,,229.0,229.0,0.0,,160.0,36640.0,1.0,0.0,0.0,0.0,36640.0,229.0
2026-07-14T05:45:30+00:00,2026-07-14T11:30:30+05:45,2026-07-14,11:30:30,1784007930,1,5,11,nepse_official,OPEN,2026-07-14,MKHC,Maya Khola Hydropower Company Limited,290.0,290.0,285.0,,285.0,286.0,-1.0,,120.0,34700.0,3.0,5.0,1.7241379310344827,-0.34965034965034963,11566.666666666666,289.1666666666667
2026-07-14T05:45:30+00:00,2026-07-14T11:30:30+05:45,2026-07-14,11:30:30,1784007930,1,5,11,nepse_official,OPEN,2026-07-14,MKHL,Mai Khola Hydropower Limited,458.1,458.1,458.1,,458.1,465.0,-6.899999999999977,,10.0,4581.0,1.0,0.0,0.0,-1.4838709677419306,4581.0,458.1
2026-07-14T05:45:30+00:00,2026-07-14T11:30:30+05:45,2026-07-14,11:30:30,1784007930,1,5,11,nepse_official,OPEN,2026-07-14,MLBBL,Mithila LaghuBitta Bittiya Sanstha Limited,1076.7,1076.7,1076.7,,1076.7,1110.0,-33.299999999999955,,11.0,11843.7,1.0,0.0,0.0,-2.999999999999996,11843.7,1076.7
2026-07-14T05:45:30+00:00,2026-07-14T11:30:30+05:45,2026-07-14,11:30:30,1784007930,1,5,11,nepse_official,OPEN,2026-07-14,MLBL,Mahalaxmi Bikas Bank Ltd.,340.1,340.1,340.1,,340.1,343.0,-2.8999999999999773,,100.0,34010.0,1.0,0.0,0.0,-0.8454810495626754,34010.0,340.1
2026-07-14T05:45:30+00:00,2026-07-14T11:30:30+05:45,2026-07-14,11:30:30,1784007930,1,5,11,nepse_official,OPEN,2026-07-14,MLBS,Manushi Laghubitta Bittiya Sanstha Limited,1125.0,1125.0,1125.0,,1125.0,1149.9,-24.90000000000009,,45.0,50625.0,1.0,0.0,0.0,-2.1654056874510905,50625.0,1125.0
2026-07-14T05:45:30+00:00,2026-07-14T11:30:30+05:45,2026-07-14,11:30:30,1784007930,1,5,11,nepse_official,OPEN,2026-07-14,MLBSL,Mahila Lagubitta Bittiya Sanstha Limited ,1633.0,1633.0,1633.0,,1633.0,1665.0,-32.0,,11.0,17963.0,1.0,0.0,0.0,-1.921921921921922,17963.0,1633.0
2026-07-14T05:45:30+00:00,2026-07-14T11:30:30+05:45,2026-07-14,11:30:30,1784007930,1,5,11,nepse_official,OPEN,2026-07-14,MMF1,Mega Mutual Fund -1,9.59,9.65,9.22,,9.5,9.7,-0.1999999999999993,,60732.0,576930.0,13.0,0.4299999999999997,4.483837330552657,-2.0618556701030855,44379.230769230766,9.499604821181585
2026-07-14T05:45:30+00:00,2026-07-14T11:30:30+05:45,2026-07-14,11:30:30,1784007930,1,5,11,nepse_official,OPEN,2026-07-14,MMKJL,Mathillo Mailun Khola Jalvidhyut Limited,447.7,447.7,447.7,,447.7,449.0,-1.3000000000000114,,25.0,11192.5,1.0,0.0,0.0,-0.2895322939866395,11192.5,447.7
2026-07-14T05:45:30+00:00,2026-07-14T11:30:30+05:45,2026-07-14,11:30:30,1784007930,1,5,11,nepse_official,OPEN,2026-07-14,MNBBL,Muktinath Bikas Bank Ltd.,362.8,364.0,359.1,,361.0,360.0,1.0,,3220.0,1166095.4,16.0,4.899999999999977,1.3506063947078217,0.2777777777777778,72880.9625,362.14142857142855
2026-07-14T05:45:30+00:00,2026-07-14T11:30:30+05:45,2026-07-14,11:30:30,1784007930,1,5,11,nepse_official,OPEN,2026-07-14,MNMF1,Muktinath Mutual Fund 1,9.8,9.85,9.8,,9.85,9.8,0.049999999999998934,,3745.0,36756.0,4.0,0.049999999999998934,0.5102040816326422,0.5102040816326422,9189.0,9.814686248331109
2026-07-14T05:45:30+00:00,2026-07-14T11:30:30+05:45,2026-07-14,11:30:30,1784007930,1,5,11,nepse_official,OPEN,2026-07-14,MPFL,Multipurpose Finance Company  Limited,605.0,605.0,601.0,,601.0,599.9,1.1000000000000227,,2000.0,1206000.0,2.0,4.0,0.6611570247933884,0.1833638939823342,603000.0,603.0
2026-07-14T05:45:30+00:00,2026-07-14T11:30:30+05:45,2026-07-14,11:30:30,1784007930,1,5,11,nepse_official,OPEN,2026-07-14,NABBC,Narayani Development Bank Limited,720.0,729.0,710.0,,710.0,713.3,-3.2999999999999545,,1040.0,746140.0,4.0,19.0,2.638888888888889,-0.46263844104864077,186535.0,717.4423076923077
2026-07-14T05:45:30+00:00,2026-07-14T11:30:30+05:45,2026-07-14,11:30:30,1784007930,1,5,11,nepse_official,OPEN,2026-07-14,NABIL,Nabil Bank Limited,525.1,527.5,525.1,,526.7,526.3,0.40000000000009095,,1998.0,1052285.3,26.0,2.3999999999999773,0.4570557988954441,0.07600228006841933,40472.51153846154,526.6693193193194
2026-07-14T05:45:30+00:00,2026-07-14T11:30:30+05:45,2026-07-14,11:30:30,1784007930,1,5,11,nepse_official,OPEN,2026-07-14,NBF3,Nabil Balanced Fund-3,9.98,10.0,9.98,,10.0,9.98,0.019999999999999574,,5100.0,50998.0,2.0,0.019999999999999574,0.20040080160320214,0.20040080160320214,25499.0,9.999607843137255
2026-07-14T05:45:30+00:00,2026-07-14T11:30:30+05:45,2026-07-14,11:30:30,1784007930,1,5,11,nepse_official,OPEN,2026-07-14,NBL,Nepal Bank Limited,267.9,267.9,260.0,,262.0,261.0,1.0,,1385.0,361964.0,8.0,7.899999999999977,2.948861515490847,0.38314176245210724,45245.5,261.3458483754513
2026-07-14T05:45:30+00:00,2026-07-14T11:30:30+05:45,2026-07-14,11:30:30,1784007930,1,5,11,nepse_official,OPEN,2026-07-14,NESDO,NESDO Sambridha Laghubitta Bittiya Sanstha Limited,1442.0,1460.0,1442.0,,1460.0,1485.0,-25.0,,21.0,30462.0,2.0,18.0,1.248266296809986,-1.6835016835016834,15231.0,1450.5714285714287
2026-07-14T05:45:30+00:00,2026-07-14T11:30:30+05:45,2026-07-14,11:30:30,1784007930,1,5,11,nepse_official,OPEN,2026-07-14,NFS,Nepal Finance Ltd.,561.0,562.1,560.0,,560.0,560.1,-0.10000000000002274,,1000.0,560717.7,9.0,2.1000000000000227,0.3743315508021431,-0.017853954650959247,62301.96666666666,560.7176999999999
2026-07-14T05:45:30+00:00,2026-07-14T11:30:30+05:45,2026-07-14,11:30:30,1784007930,1,5,11,nepse_official,OPEN,2026-07-14,NGPL,Ngadi Group Power Ltd.,404.0,404.0,397.1,,397.2,399.0,-1.8000000000000114,,11012.0,4395992.2,28.0,6.899999999999977,1.707920792079202,-0.45112781954887504,156999.72142857144,399.2001634580458
2026-07-14T05:45:30+00:00,2026-07-14T11:30:30+05:45,2026-07-14,11:30:30,1784007930,1,5,11,nepse_official,OPEN,2026-07-14,NHPC,National Hydro Power Company Limited,251.9,251.9,245.0,,245.5,248.0,-2.5,,8164.0,2010230.2,46.0,6.900000000000006,2.73918221516475,-1.0080645161290323,43700.65652173913,246.23103870651642
2026-07-14T05:45:30+00:00,2026-07-14T11:30:30+05:45,2026-07-14,11:30:30,1784007930,1,5,11,nepse_official,OPEN,2026-07-14,NIBLGF,NIBL Growth Fund,8.99,8.99,8.99,,8.99,9.0,-0.009999999999999787,,200.0,1798.0,2.0,0.0,0.0,-0.11111111111110875,899.0,8.99
2026-07-14T05:45:30+00:00,2026-07-14T11:30:30+05:45,2026-07-14,11:30:30,1784007930,1,5,11,nepse_official,OPEN,2026-07-14,NIBLSTF,NIBL Stable Fund,8.67,8.93,8.67,,8.93,8.42,0.5099999999999998,,760.0,6656.8,4.0,0.2599999999999998,2.998846597462512,6.057007125890734,1664.2,8.758947368421053
2026-07-14T05:45:30+00:00,2026-07-14T11:30:30+05:45,2026-07-14,11:30:30,1784007930,1,5,11,nepse_official,OPEN,2026-07-14,NICA,NIC Asia Bank Ltd.,329.0,329.0,323.0,,323.0,323.4,-0.39999999999997726,,370.0,120445.0,6.0,6.0,1.82370820668693,-0.12368583797154524,20074.166666666668,325.52702702702703
2026-07-14T05:45:30+00:00,2026-07-14T11:30:30+05:45,2026-07-14,11:30:30,1784007930,1,5,11,nepse_official,OPEN,2026-07-14,NICFC,NIC Asia Flexi CAP Fund,9.17,9.17,9.17,,9.17,9.16,0.009999999999999787,,1300.0,11921.0,4.0,0.0,0.0,0.10917030567685357,2980.25,9.17
2026-07-14T05:45:30+00:00,2026-07-14T11:30:30+05:45,2026-07-14,11:30:30,1784007930,1,5,11,nepse_official,OPEN,2026-07-14,NICGF2,NIC ASIA Growth Fund-2,9.0,9.0,9.0,,9.0,9.15,-0.15000000000000036,,100.0,900.0,1.0,0.0,0.0,-1.6393442622950858,900.0,9.0
2026-07-14T05:45:30+00:00,2026-07-14T11:30:30+05:45,2026-07-14,11:30:30,1784007930,1,5,11,nepse_official,OPEN,2026-07-14,NICL,Nepal Insurance Co. Ltd.,503.0,503.0,497.1,,497.1,503.0,-5.899999999999977,,183.0,91085.2,6.0,5.899999999999977,1.1729622266401545,-1.1729622266401545,15180.866666666667,497.7333333333333
2026-07-14T05:45:30+00:00,2026-07-14T11:30:30+05:45,2026-07-14,11:30:30,1784007930,1,5,11,nepse_official,OPEN,2026-07-14,NICLBSL,NIC ASIA Laghubitta Bittiya Sanstha Limited,543.1,543.2,543.0,,543.2,545.0,-1.7999999999999545,,51.0,27698.0,3.0,0.20000000000004547,0.036825630638933064,-0.3302752293577898,9232.666666666666,543.0980392156863
2026-07-14T05:45:30+00:00,2026-07-14T11:30:30+05:45,2026-07-14,11:30:30,1784007930,1,5,11,nepse_official,OPEN,2026-07-14,NICSF,NIC Asia Select Fund 30,9.35,9.35,9.35,,9.35,9.2,0.15000000000000036,,10000.0,93500.0,1.0,0.0,0.0,1.6304347826086998,93500.0,9.35
2026-07-14T05:45:30+00:00,2026-07-14T11:30:30+05:45,2026-07-14,11:30:30,1784007930,1,5,11,nepse_official,OPEN,2026-07-14,NIFRA,Nepal Infrastructure Bank Limited,240.0,245.0,240.0,,243.1,244.0,-0.9000000000000057,,1418.0,345574.0,22.0,5.0,2.083333333333333,-0.36885245901639574,15707.90909090909,243.70521861777152
2026-07-14T05:45:30+00:00,2026-07-14T11:30:30+05:45,2026-07-14,11:30:30,1784007930,1,5,11,nepse_official,OPEN,2026-07-14,NIL,Neco Insurance Limited,602.09,608.0,602.09,,604.0,605.0,-1.0,,334.0,201785.99,5.0,5.909999999999968,0.9815808267866877,-0.1652892561983471,40357.198,604.1496706586826
2026-07-14T05:45:30+00:00,2026-07-14T11:30:30+05:45,2026-07-14,11:30:30,1784007930,1,5,11,nepse_official,OPEN,2026-07-14,NIMB,Nepal Investment Mega Bank Limited,188.5,190.0,187.5,,188.0,188.1,-0.09999999999999432,,5129.0,965158.5,32.0,2.5,1.3262599469496021,-0.05316321105794488,30161.203125,188.17674010528367
2026-07-14T05:45:30+00:00,2026-07-14T11:30:30+05:45,2026-07-14,11:30:30,1784007930,1,5,11,nepse_official,OPEN,2026-07-14,NIMBPO,Nepal Investment Mega Bank Ltd. Promoter Share,139.7,139.7,139.7,,139.7,143.1,-3.4000000000000057,,5226.0,730072.2,1.0,0.0,0.0,-2.3759608665269085,730072.2,139.7
2026-07-14T05:45:30+00:00,2026-07-14T11:30:30+05:45,2026-07-14,11:30:30,1784007930,1,5,11,nepse_official,OPEN,2026-07-14,NLG,NLG Insurance Company Ltd.,580.0,580.0,562.6,,562.6,565.0,-2.3999999999999773,,500.0,285020.0,3.0,17.399999999999977,2.999999999999996,-0.42477876106194284,95006.66666666667,570.04
2026-07-14T05:45:30+00:00,2026-07-14T11:30:30+05:45,2026-07-14,11:30:30,1784007930,1,5,11,nepse_official,OPEN,2026-07-14,NLIC,Nepal Life Insurance Co. Ltd.,775.0,775.0,738.0,,744.0,739.0,5.0,,1050.0,778457.2,16.0,37.0,4.774193548387097,0.6765899864682002,48653.575,741.3878095238094
2026-07-14T05:45:30+00:00,2026-07-14T11:30:30+05:45,2026-07-14,11:30:30,1784007930,1,5,11,nepse_official,OPEN,2026-07-14,NLICL,National Life Insurance Co. Ltd.,570.0,570.0,568.0,,568.0,570.0,-2.0,,24.0,13652.0,2.0,2.0,0.3508771929824561,-0.3508771929824561,6826.0,568.8333333333334
2026-07-14T05:45:30+00:00,2026-07-14T11:30:30+05:45,2026-07-14,11:30:30,1784007930,1,5,11,nepse_official,OPEN,2026-07-14,NMB,NMB Bank Limited,235.0,236.0,234.0,,234.1,235.9,-1.8000000000000114,,2523.0,592768.5,11.0,2.0,0.851063829787234,-0.7630351844001744,53888.045454545456,234.94589774078477
2026-07-14T05:45:30+00:00,2026-07-14T11:30:30+05:45,2026-07-14,11:30:30,1784007930,1,5,11,nepse_official,OPEN,2026-07-14,NMBD87/88,NMB Debenture 8.50% - 2087/88,1105.0,1105.0,1105.0,,1105.0,1135.0,-30.0,,25.0,27625.0,1.0,0.0,0.0,-2.643171806167401,27625.0,1105.0
2026-07-14T05:45:30+00:00,2026-07-14T11:30:30+05:45,2026-07-14,11:30:30,1784007930,1,5,11,nepse_official,OPEN,2026-07-14,NMBHF2,NMB Hybrid Fund L- II,9.51,9.51,9.51,,9.51,9.51,0.0,,850.0,8083.5,4.0,0.0,0.0,0.0,2020.875,9.51
2026-07-14T05:45:30+00:00,2026-07-14T11:30:30+05:45,2026-07-14,11:30:30,1784007930,1,5,11,nepse_official,OPEN,2026-07-14,NMFBS,National Laghubitta Bittiya Sanstha Limited,1100.0,1100.0,1090.3,,1090.3,1104.1,-13.799999999999955,,895.0,980876.0,10.0,9.700000000000045,0.8818181818181858,-1.2498867856172406,98087.6,1095.9508379888268
2026-07-14T05:45:30+00:00,2026-07-14T11:30:30+05:45,2026-07-14,11:30:30,1784007930,1,5,11,nepse_official,OPEN,2026-07-14,NMIC,Nepal Micro Insurance Company Limited,881.0,881.0,880.0,,880.0,885.0,-5.0,,80.0,70430.0,4.0,1.0,0.11350737797956867,-0.5649717514124294,17607.5,880.375
2026-07-14T05:45:30+00:00,2026-07-14T11:30:30+05:45,2026-07-14,11:30:30,1784007930,1,5,11,nepse_official,OPEN,2026-07-14,NMLBBL,Nerude Mirmire Laghubitta Bittiya Sanstha Limited,528.0,528.0,516.0,,520.0,528.0,-8.0,,164.0,84904.0,3.0,12.0,2.272727272727273,-1.5151515151515151,28301.333333333332,517.7073170731708
2026-07-14T05:45:30+00:00,2026-07-14T11:30:30+05:45,2026-07-14,11:30:30,1784007930,1,5,11,nepse_official,OPEN,2026-07-14,NRIC,Nepal Reinsurance Company Limited,921.0,939.8,919.6,,919.6,925.0,-5.399999999999977,,300.0,277201.2,10.0,20.199999999999932,2.1932681867535213,-0.5837837837837814,27720.120000000003,924.004
2026-07-14T05:45:30+00:00,2026-07-14T11:30:30+05:45,2026-07-14,11:30:30,1784007930,1,5,11,nepse_official,OPEN,2026-07-14,NRM,Nepal Republic Media Limited,305.0,306.0,303.0,,304.0,304.0,0.0,,545.0,165946.0,6.0,3.0,0.9836065573770493,0.0,27657.666666666668,304.4880733944954
2026-07-14T05:45:30+00:00,2026-07-14T11:30:30+05:45,2026-07-14,11:30:30,1784007930,1,5,11,nepse_official,OPEN,2026-07-14,NRN,NRN Infrastructure and Development Limited,1300.0,1367.7,1300.0,,1341.0,1346.0,-5.0,,3045.0,4090344.2,27.0,67.70000000000005,5.207692307692311,-0.3714710252600297,151494.22962962964,1343.2985878489328
2026-07-14T05:45:30+00:00,2026-07-14T11:30:30+05:45,2026-07-14,11:30:30,1784007930,1,5,11,nepse_official,OPEN,2026-07-14,NSY,Nepal Life Samriddhi Lagani Yojana,9.08,9.08,9.08,,9.08,9.31,-0.23000000000000043,,200.0,1816.0,2.0,0.0,0.0,-2.470461868958114,908.0,9.08
2026-07-14T05:45:30+00:00,2026-07-14T11:30:30+05:45,2026-07-14,11:30:30,1784007930,1,5,11,nepse_official,OPEN,2026-07-14,NTC,Nepal Doorsanchar Company Limited,846.0,848.0,846.0,,848.0,846.0,2.0,,374.0,316928.0,10.0,2.0,0.2364066193853428,0.2364066193853428,31692.8,847.4010695187166
2026-07-14T05:45:30+00:00,2026-07-14T11:30:30+05:45,2026-07-14,11:30:30,1784007930,1,5,11,nepse_official,OPEN,2026-07-14,NWCL,Nepal Warehousing Company Limited ,691.0,691.0,691.0,,691.0,695.0,-4.0,,40.0,27640.0,2.0,0.0,0.0,-0.5755395683453237,13820.0,691.0
2026-07-14T05:45:30+00:00,2026-07-14T11:30:30+05:45,2026-07-14,11:30:30,1784007930,1,5,11,nepse_official,OPEN,2026-07-14,NYADI,Nyadi Hydropower Limited,358.9,359.9,341.0,,341.0,349.5,-8.5,,240.0,85997.0,5.0,18.899999999999977,5.266090833101137,-2.432045779685265,17199.4,358.3208333333333
2026-07-14T05:45:30+00:00,2026-07-14T11:30:30+05:45,2026-07-14,11:30:30,1784007930,1,5,11,nepse_official,OPEN,2026-07-14,OHL,Oriental Hotels Limited,670.0,670.0,670.0,,670.0,665.1,4.899999999999977,,1046.0,700820.0,2.0,0.0,0.0,0.7367313185987036,350410.0,670.0
2026-07-14T05:45:30+00:00,2026-07-14T11:30:30+05:45,2026-07-14,11:30:30,1784007930,1,5,11,nepse_official,OPEN,2026-07-14,OMPL,Om Megashree Pharmaceuticals Limited,861.0,861.0,860.0,,860.0,866.0,-6.0,,118.0,101494.0,7.0,1.0,0.11614401858304298,-0.6928406466512702,14499.142857142857,860.1186440677966
2026-07-14T05:45:30+00:00,2026-07-14T11:30:30+05:45,2026-07-14,11:30:30,1784007930,1,5,11,nepse_official,OPEN,2026-07-14,PBD88,10% Prime Debenture 2088,1270.0,1270.0,1270.0,,1270.0,1270.0,0.0,,305.0,387475.0,4.0,0.0,0.0,0.0,96868.75,1270.4098360655737
2026-07-14T05:45:30+00:00,2026-07-14T11:30:30+05:45,2026-07-14,11:30:30,1784007930,1,5,11,nepse_official,OPEN,2026-07-14,PBLD87,8.5% Prabhu Bank Debenture 2087,1110.0,1110.0,1110.0,,1110.0,1140.0,-30.0,,25.0,27750.0,1.0,0.0,0.0,-2.631578947368421,27750.0,1110.0
2026-07-14T05:45:30+00:00,2026-07-14T11:30:30+05:45,2026-07-14,11:30:30,1784007930,1,5,11,nepse_official,OPEN,2026-07-14,PCBL,Prime Commercial Bank Ltd.,231.0,231.0,230.0,,231.0,231.6,-0.5999999999999943,,3294.0,758337.0,14.0,1.0,0.4329004329004329,-0.2590673575129509,54166.92857142857,230.21766848816029
2026-07-14T05:45:30+00:00,2026-07-14T11:30:30+05:45,2026-07-14,11:30:30,1784007930,1,5,11,nepse_official,OPEN,2026-07-14,PCIL,Palpa Cement Industries Limited,585.1,590.0,581.1,,581.3,590.0,-8.700000000000045,,1005.0,588735.0,66.0,8.899999999999977,1.5211075029909378,-1.4745762711864483,8920.227272727272,585.8059701492538
2026-07-14T05:45:30+00:00,2026-07-14T11:30:30+05:45,2026-07-14,11:30:30,1784007930,1,5,11,nepse_official,OPEN,2026-07-14,PHCL,Peoples Hydropower Company Limited,287.5,288.5,287.5,,288.0,289.5,-1.5,,3235.0,932527.5,18.0,1.0,0.34782608695652173,-0.5181347150259068,51807.083333333336,288.26197836166926
2026-07-14T05:45:30+00:00,2026-07-14T11:30:30+05:45,2026-07-14,11:30:30,1784007930,1,5,11,nepse_official,OPEN,2026-07-14,PMHPL,Panchakanya Mai Hydropower Ltd,304.0,304.0,304.0,,304.0,304.0,0.0,,10.0,3040.0,1.0,0.0,0.0,0.0,3040.0,304.0
2026-07-14T05:45:30+00:00,2026-07-14T11:30:30+05:45,2026-07-14,11:30:30,1784007930,1,5,11,nepse_official,OPEN,2026-07-14,PMLI,Prabhu Mahalaxmi Life Insurance Limited,430.0,439.0,430.0,,430.1,434.1,-4.0,,1046.0,449871.3,8.0,9.0,2.0930232558139537,-0.9214466712738999,56233.9125,430.08728489483747
2026-07-14T05:45:30+00:00,2026-07-14T11:30:30+05:45,2026-07-14,11:30:30,1784007930,1,5,11,nepse_official,OPEN,2026-07-14,PPCL,Panchthar Power Compant Limited,327.0,327.0,327.0,,327.0,324.0,3.0,,35.0,11445.0,2.0,0.0,0.0,0.9259259259259258,5722.5,327.0
2026-07-14T05:45:30+00:00,2026-07-14T11:30:30+05:45,2026-07-14,11:30:30,1784007930,1,5,11,nepse_official,OPEN,2026-07-14,PPL,People's Power Limited,302.1,320.4,302.1,,318.5,318.0,0.5,,150.0,47476.0,10.0,18.299999999999955,6.057596822244275,0.15723270440251574,4747.6,316.50666666666666
2026-07-14T05:45:30+00:00,2026-07-14T11:30:30+05:45,2026-07-14,11:30:30,1784007930,1,5,11,nepse_official,OPEN,2026-07-14,PRIN,Prabhu Insurance Ltd.,676.8,676.8,670.0,,670.0,676.8,-6.7999999999999545,,34.0,22726.0,2.0,6.7999999999999545,1.0047281323877002,-1.0047281323877002,11363.0,668.4117647058823
2026-07-14T05:45:30+00:00,2026-07-14T11:30:30+05:45,2026-07-14,11:30:30,1784007930,1,5,11,nepse_official,OPEN,2026-07-14,PROFL,Progressive Finance Limited,422.5,422.5,422.5,,422.5,423.0,-0.5,,200.0,84500.0,1.0,0.0,0.0,-0.1182033096926714,84500.0,422.5
2026-07-14T05:45:30+00:00,2026-07-14T11:30:30+05:45,2026-07-14,11:30:30,1784007930,1,5,11,nepse_official,OPEN,2026-07-14,PRSF,Prabhu Smart Fund,12.45,12.45,12.45,,12.45,12.6,-0.15000000000000036,,300.0,3735.0,1.0,0.0,0.0,-1.1904761904761934,3735.0,12.45
2026-07-14T05:45:30+00:00,2026-07-14T11:30:30+05:45,2026-07-14,11:30:30,1784007930,1,5,11,nepse_official,OPEN,2026-07-14,PRVU,Prabhu  Bank Limited,190.0,190.0,187.0,,189.0,188.0,1.0,,3224.0,607547.0,28.0,3.0,1.5789473684210527,0.5319148936170213,21698.10714285714,188.44509925558313
2026-07-14T05:45:30+00:00,2026-07-14T11:30:30+05:45,2026-07-14,11:30:30,1784007930,1,5,11,nepse_official,OPEN,2026-07-14,PSF,Prabhu Select Fund,11.02,11.02,11.02,,11.02,11.6,-0.5800000000000001,,100.0,1102.0,1.0,0.0,0.0,-5.000000000000001,1102.0,11.02
2026-07-14T05:45:30+00:00,2026-07-14T11:30:30+05:45,2026-07-14,11:30:30,1784007930,1,5,11,nepse_official,OPEN,2026-07-14,PURE,Pure Energy Limited,723.0,736.0,723.0,,736.0,723.0,13.0,,30.0,21820.0,3.0,13.0,1.7980636237897647,1.7980636237897647,7273.333333333333,727.3333333333334
2026-07-14T05:45:30+00:00,2026-07-14T11:30:30+05:45,2026-07-14,11:30:30,1784007930,1,5,11,nepse_official,OPEN,2026-07-14,RADHI,Radhi Bidyut Company Ltd,705.0,705.0,683.9,,695.0,693.3,1.7000000000000455,,764.0,533575.0,10.0,21.100000000000023,2.992907801418443,0.24520409635079266,53357.5,698.3965968586388
2026-07-14T05:45:30+00:00,2026-07-14T11:30:30+05:45,2026-07-14,11:30:30,1784007930,1,5,11,nepse_official,OPEN,2026-07-14,RAWA,Rawa Energy Development Limited,426.0,426.0,399.7,,404.9,406.0,-1.1000000000000227,,7642.0,3081285.0,25.0,26.30000000000001,6.173708920187796,-0.2709359605911386,123251.4,403.2040041873855
2026-07-14T05:45:30+00:00,2026-07-14T11:30:30+05:45,2026-07-14,11:30:30,1784007930,1,5,11,nepse_official,OPEN,2026-07-14,RBBD2088,7% RBBL Debenture 2088,1060.0,1060.0,1060.0,,1060.0,1060.0,0.0,,25.0,26500.0,1.0,0.0,0.0,0.0,26500.0,1060.0
2026-07-14T05:45:30+00:00,2026-07-14T11:30:30+05:45,2026-07-14,11:30:30,1784007930,1,5,11,nepse_official,OPEN,2026-07-14,RBBF40,RBB Focus 40,9.15,9.26,9.15,,9.26,9.15,0.10999999999999943,,2159000.0,19992318.0,9.0,0.10999999999999943,1.2021857923497203,1.2021857923497203,2221368.6666666665,9.259989810097267
2026-07-14T05:45:30+00:00,2026-07-14T11:30:30+05:45,2026-07-14,11:30:30,1784007930,1,5,11,nepse_official,OPEN,2026-07-14,RFPL,River Falls Power Limited,322.4,330.0,322.4,,327.5,322.4,5.100000000000023,,220.0,71774.0,7.0,7.600000000000023,2.3573200992555905,1.5818858560794118,10253.42857142857,326.24545454545455
2026-07-14T05:45:30+00:00,2026-07-14T11:30:30+05:45,2026-07-14,11:30:30,1784007930,1,5,11,nepse_official,OPEN,2026-07-14,RHGCL,Rapti Hydro And General Construction Limited,253.0,253.0,247.0,,247.0,253.0,-6.0,,2725.0,682487.0,16.0,6.0,2.371541501976284,-2.371541501976284,42655.4375,250.45394495412845
2026-07-14T05:45:30+00:00,2026-07-14T11:30:30+05:45,2026-07-14,11:30:30,1784007930,1,5,11,nepse_official,OPEN,2026-07-14,RHPL,RASUWAGADHI HYDROPOWER COMPANY LIMITED,252.0,254.0,252.0,,252.0,255.1,-3.0999999999999943,,4700.0,1184520.0,9.0,2.0,0.7936507936507936,-1.2152097216777713,131613.33333333334,252.0255319148936
2026-07-14T05:45:30+00:00,2026-07-14T11:30:30+05:45,2026-07-14,11:30:30,1784007930,1,5,11,nepse_official,OPEN,2026-07-14,RIDI,Ridi Power Company Limited,301.0,325.0,301.0,,315.0,315.9,-0.8999999999999773,,13115.0,4137292.0,51.0,24.0,7.973421926910299,-0.2849002849002777,81123.37254901961,315.4626000762486
2026-07-14T05:45:30+00:00,2026-07-14T11:30:30+05:45,2026-07-14,11:30:30,1784007930,1,5,11,nepse_official,OPEN,2026-07-14,RLEL,Ridge Line Energy Limited,720.1,725.0,716.0,,716.0,735.0,-19.0,,260.0,187192.0,16.0,9.0,1.2498264129981946,-2.585034013605442,11699.5,719.9692307692308
2026-07-14T05:45:30+00:00,2026-07-14T11:30:30+05:45,2026-07-14,11:30:30,1784007930,1,5,11,nepse_official,OPEN,2026-07-14,RLFL,Reliance Finance Ltd.,450.0,450.0,450.0,,450.0,450.0,0.0,,100.0,45000.0,1.0,0.0,0.0,0.0,45000.0,450.0
2026-07-14T05:45:30+00:00,2026-07-14T11:30:30+05:45,2026-07-14,11:30:30,1784007930,1,5,11,nepse_official,OPEN,2026-07-14,RNLI,Reliable Nepal Life Insurance Limited,439.0,439.9,438.0,,438.1,439.9,-1.7999999999999545,,1235.0,542821.6,21.0,1.8999999999999773,0.43280182232345726,-0.4091839054330426,25848.647619047617,439.5316599190283
2026-07-14T05:45:30+00:00,2026-07-14T11:30:30+05:45,2026-07-14,11:30:30,1784007930,1,5,11,nepse_official,OPEN,2026-07-14,RSML,Reliance Spinning Mills Limited,2980.0,3005.0,2970.0,,2983.0,3029.0,-46.0,,2667.0,7950402.5,54.0,35.0,1.174496644295302,-1.5186530207989435,147229.67592592593,2981.02830896138
2026-07-14T05:45:30+00:00,2026-07-14T11:30:30+05:45,2026-07-14,11:30:30,1784007930,1,5,11,nepse_official,OPEN,2026-07-14,RURU,Ru Ru Jalbidhyut Pariyojana Limited,591.0,608.0,591.0,,608.0,602.5,5.5,,31.0,18491.0,4.0,17.0,2.8764805414551606,0.9128630705394192,4622.75,596.483870967742
2026-07-14T05:45:30+00:00,2026-07-14T11:30:30+05:45,2026-07-14,11:30:30,1784007930,1,5,11,nepse_official,OPEN,2026-07-14,SABBL,Salapa Bikas Bank Limited,806.1,810.0,806.0,,808.1,818.0,-9.899999999999977,,390.0,315670.0,18.0,4.0,0.4962163503287433,-1.210268948655254,17537.222222222223,809.4102564102565
2026-07-14T05:45:30+00:00,2026-07-14T11:30:30+05:45,2026-07-14,11:30:30,1784007930,1,5,11,nepse_official,OPEN,2026-07-14,SADBL,Shangrila Development Bank Ltd.,378.1,395.2,378.1,,395.1,398.0,-2.8999999999999773,,160.0,63051.0,4.0,17.099999999999966,4.522613065326624,-0.7286432160803963,15762.75,394.06875
2026-07-14T05:45:30+00:00,2026-07-14T11:30:30+05:45,2026-07-14,11:30:30,1784007930,1,5,11,nepse_official,OPEN,2026-07-14,SAGAR,Sagar Distillery Limited,1500.0,1535.0,1500.0,,1525.0,1535.0,-10.0,,182.0,276810.0,7.0,35.0,2.3333333333333335,-0.6514657980456027,39544.28571428572,1520.934065934066
2026-07-14T05:45:30+00:00,2026-07-14T11:30:30+05:45,2026-07-14,11:30:30,1784007930,1,5,11,nepse_official,OPEN,2026-07-14,SAGF,Sanima Growth Fund,10.0,10.0,10.0,,10.0,9.95,0.05000000000000071,,200.0,2000.0,2.0,0.0,0.0,0.5025125628140775,1000.0,10.0
2026-07-14T05:45:30+00:00,2026-07-14T11:30:30+05:45,2026-07-14,11:30:30,1784007930,1,5,11,nepse_official,OPEN,2026-07-14,SAHAS,Sahas Urja Limited,636.0,637.0,632.3,,632.3,636.9,-4.600000000000023,,14510.0,9202499.1,61.0,4.7000000000000455,0.7389937106918311,-0.7222483906421766,150860.64098360654,634.2177188146106
2026-07-14T05:45:30+00:00,2026-07-14T11:30:30+05:45,2026-07-14,11:30:30,1784007930,1,5,11,nepse_official,OPEN,2026-07-14,SAIL,Shreenagar Agritech Industries Limited,829.0,829.0,810.0,,811.0,826.0,-15.0,,3634.0,2965375.9,31.0,19.0,2.2919179734620023,-1.8159806295399514,95657.28709677419,816.0087782058338
2026-07-14T05:45:30+00:00,2026-07-14T11:30:30+05:45,2026-07-14,11:30:30,1784007930,1,5,11,nepse_official,OPEN,2026-07-14,SALICO,Sagarmatha Lumbini Insurance Co. Limited,626.8,645.0,580.0,,580.0,597.0,-17.0,,25022.0,16081865.0,12.0,65.0,10.370134014039568,-2.8475711892797317,1340155.4166666667,642.709016065862
2026-07-14T05:45:30+00:00,2026-07-14T11:30:30+05:45,2026-07-14,11:30:30,1784007930,1,5,11,nepse_official,OPEN,2026-07-14,SANIMA,Sanima Bank Limited,345.0,347.0,345.0,,347.0,344.0,3.0,,550.0,190080.0,5.0,2.0,0.5797101449275363,0.872093023255814,38016.0,345.6
2026-07-14T05:45:30+00:00,2026-07-14T11:30:30+05:45,2026-07-14,11:30:30,1784007930,1,5,11,nepse_official,OPEN,2026-07-14,SANVI,Sanvi Energy Limited,542.5,565.0,542.5,,561.0,571.0,-10.0,,1427.0,801580.0,13.0,22.5,4.147465437788019,-1.7513134851138354,61660.0,561.7238962859145
2026-07-14T05:45:30+00:00,2026-07-14T11:30:30+05:45,2026-07-14,11:30:30,1784007930,1,5,11,nepse_official,OPEN,2026-07-14,SAPDBL,Saptakoshi Development Bank Ltd,698.3,739.9,698.3,,725.0,735.0,-10.0,,2602.0,1887355.8,30.0,41.60000000000002,5.957324931977664,-1.3605442176870748,62911.86,725.3481168332053
2026-07-14T05:45:30+00:00,2026-07-14T11:30:30+05:45,2026-07-14,11:30:30,1784007930,1,5,11,nepse_official,OPEN,2026-07-14,SARBTM,Sarbottam Cement Limited,770.1,775.0,770.1,,775.0,772.0,3.0,,125.0,96507.5,3.0,4.899999999999977,0.6362810024672091,0.38860103626943004,32169.166666666668,772.06
2026-07-14T05:45:30+00:00,2026-07-14T11:30:30+05:45,2026-07-14,11:30:30,1784007930,1,5,11,nepse_official,OPEN,2026-07-14,SBCF,Sunrise Bluechip Fund,9.7,9.7,9.65,,9.65,9.6,0.05000000000000071,,37777.0,364936.9,5.0,0.049999999999998934,0.5154639175257623,0.5208333333333408,72987.38,9.66029330015618
2026-07-14T05:45:30+00:00,2026-07-14T11:30:30+05:45,2026-07-14,11:30:30,1784007930,1,5,11,nepse_official,OPEN,2026-07-14,SBID2090,7% Nepal SBI Bank Debenture 2090,1131.1,1131.1,1085.0,,1085.0,1166.0,-81.0,,345700.0,375085083.0,6.0,46.09999999999991,4.07567854301122,-6.946826758147513,62514180.5,1085.0016864333236
2026-07-14T05:45:30+00:00,2026-07-14T11:30:30+05:45,2026-07-14,11:30:30,1784007930,1,5,11,nepse_official,OPEN,2026-07-14,SBL,Siddhartha Bank Limited,386.0,387.0,385.0,,385.0,386.0,-1.0,,1678.0,646251.0,10.0,2.0,0.5181347150259068,-0.2590673575129534,64625.1,385.13170441001193
2026-07-14T05:45:30+00:00,2026-07-14T11:30:30+05:45,2026-07-14,11:30:30,1784007930,1,5,11,nepse_official,OPEN,2026-07-14,SCB,Standard Chartered Bank Limited,635.0,637.0,635.0,,637.0,637.0,0.0,,50.0,31800.0,2.0,2.0,0.31496062992125984,0.0,15900.0,636.0
2026-07-14T05:45:30+00:00,2026-07-14T11:30:30+05:45,2026-07-14,11:30:30,1784007930,1,5,11,nepse_official,OPEN,2026-07-14,SGHC,Swet-Ganga Hydropower & Construction Limited ,316.0,320.0,316.0,,320.0,322.0,-2.0,,50.0,15892.0,5.0,4.0,1.2658227848101267,-0.6211180124223602,3178.4,317.84
2026-07-14T05:45:30+00:00,2026-07-14T11:30:30+05:45,2026-07-14,11:30:30,1784007930,1,5,11,nepse_official,OPEN,2026-07-14,SGHL,Sanigad Hydro Limited,462.5,470.0,455.0,,456.0,462.5,-6.5,,7869.0,3606520.9,533.0,15.0,3.2432432432432434,-1.4054054054054055,6766.455722326454,458.3201042063794
2026-07-14T05:45:30+00:00,2026-07-14T11:30:30+05:45,2026-07-14,11:30:30,1784007930,1,5,11,nepse_official,OPEN,2026-07-14,SGIC,Sanima GIC Insurance Limited,450.0,450.1,450.0,,450.0,452.1,-2.1000000000000227,,72.0,32402.1,5.0,0.10000000000002274,0.022222222222227275,-0.46449900464499505,6480.42,450.02916666666664
2026-07-14T05:45:30+00:00,2026-07-14T11:30:30+05:45,2026-07-14,11:30:30,1784007930,1,5,11,nepse_official,OPEN,2026-07-14,SHEL,Singati Hydro Energy Limited,290.0,291.0,289.1,,289.4,290.0,-0.6000000000000227,,4690.0,1359303.0,11.0,1.8999999999999773,0.6551724137930955,-0.20689655172414578,123573.0,289.83006396588485
2026-07-14T05:45:30+00:00,2026-07-14T11:30:30+05:45,2026-07-14,11:30:30,1784007930,1,5,11,nepse_official,OPEN,2026-07-14,SHINE,Shine Resunga Development Bank Ltd.,397.0,397.0,397.0,,397.0,397.0,0.0,,300.0,119100.0,2.0,0.0,0.0,0.0,59550.0,397.0
2026-07-14T05:45:30+00:00,2026-07-14T11:30:30+05:45,2026-07-14,11:30:30,1784007930,1,5,11,nepse_official,OPEN,2026-07-14,SHIVM,SHIVAM CEMENTS LTD,625.0,657.0,615.0,,617.0,619.9,-2.8999999999999773,,41850.0,27238992.0,38.0,42.0,6.72,-0.4678173899015934,716815.5789473684,650.8719713261648
2026-07-14T05:45:30+00:00,2026-07-14T11:30:30+05:45,2026-07-14,11:30:30,1784007930,1,5,11,nepse_official,OPEN,2026-07-14,SHL,Soaltee Hotel Limited,486.5,486.5,486.4,,486.4,486.4,0.0,,2220.0,1080008.0,4.0,0.10000000000002274,0.020554984583766235,0.0,270002.0,486.49009009009006
2026-07-14T05:45:30+00:00,2026-07-14T11:30:30+05:45,2026-07-14,11:30:30,1784007930,1,5,11,nepse_official,OPEN,2026-07-14,SICL,Shikhar Insurance Co. Ltd.,605.0,605.0,605.0,,605.0,608.0,-3.0,,11.0,6655.0,1.0,0.0,0.0,-0.4934210526315789,6655.0,605.0
2026-07-14T05:45:30+00:00,2026-07-14T11:30:30+05:45,2026-07-14,11:30:30,1784007930,1,5,11,nepse_official,OPEN,2026-07-14,SIFC,Shree Investment Finance Co. Ltd.,501.0,501.0,500.0,,501.0,500.0,1.0,,700.0,350200.0,4.0,1.0,0.19960079840319359,0.2,87550.0,500.2857142857143
2026-07-14T05:45:30+00:00,2026-07-14T11:30:30+05:45,2026-07-14,11:30:30,1784007930,1,5,11,nepse_official,OPEN,2026-07-14,SIGS3,Siddhartha Investment Growth Scheme 3,10.19,10.19,10.19,,10.19,10.5,-0.3100000000000005,,10000.0,101900.0,2.0,0.0,0.0,-2.952380952380957,50950.0,10.19
2026-07-14T05:45:30+00:00,2026-07-14T11:30:30+05:45,2026-07-14,11:30:30,1784007930,1,5,11,nepse_official,OPEN,2026-07-14,SIKLES,Sikles Hydropower Limited,541.3,545.1,541.3,,545.0,545.0,0.0,,497.0,270676.1,9.0,3.800000000000068,0.7020136707925492,0.0,30075.12222222222,544.6199195171025
2026-07-14T05:45:30+00:00,2026-07-14T11:30:30+05:45,2026-07-14,11:30:30,1784007930,1,5,11,nepse_official,OPEN,2026-07-14,SINDU,Sindhu Bikash Bank Ltd,639.5,677.0,639.5,,661.1,673.1,-12.0,,322.0,215292.0,15.0,37.5,5.863956215793588,-1.7827960184222256,14352.8,668.6086956521739
2026-07-14T05:45:30+00:00,2026-07-14T11:30:30+05:45,2026-07-14,11:30:30,1784007930,1,5,11,nepse_official,OPEN,2026-07-14,SIPD,Shikhar power Development Limited,575.0,575.0,560.0,,560.0,574.8,-14.799999999999955,,245.0,138137.0,23.0,15.0,2.608695652173913,-2.5748086290883707,6005.95652173913,563.8244897959183
2026-07-14T05:45:30+00:00,2026-07-14T11:30:30+05:45,2026-07-14,11:30:30,1784007930,1,5,11,nepse_official,OPEN,2026-07-14,SJCL,SANJEN JALAVIDHYUT COMPANY LIMITED,268.0,268.0,268.0,,268.0,268.0,0.0,,1000.0,268000.0,3.0,0.0,0.0,0.0,89333.33333333333,268.0
2026-07-14T05:45:30+00:00,2026-07-14T11:30:30+05:45,2026-07-14,11:30:30,1784007930,1,5,11,nepse_official,OPEN,2026-07-14,SJLIC,SuryaJyoti Life Insurance Company Limited,404.0,408.0,402.3,,404.0,405.2,-1.1999999999999886,,575.0,233875.5,10.0,5.699999999999989,1.4108910891089081,-0.2961500493583387,23387.55,406.74
2026-07-14T05:45:30+00:00,2026-07-14T11:30:30+05:45,2026-07-14,11:30:30,1784007930,1,5,11,nepse_official,OPEN,2026-07-14,SKHEL,Suryakunda Hydro Electric Limited,845.0,860.0,845.0,,860.0,862.0,-2.0,,50.0,42850.0,4.0,15.0,1.7751479289940828,-0.23201856148491878,10712.5,857.0
2026-07-14T05:45:30+00:00,2026-07-14T11:30:30+05:45,2026-07-14,11:30:30,1784007930,1,5,11,nepse_official,OPEN,2026-07-14,SKHL,Super Khudi Hydropower Limited,845.0,845.0,806.0,,806.0,837.6,-31.600000000000023,,3693.0,3027752.8,27.0,39.0,4.615384615384616,-3.7726838586437466,112138.99259259259,819.8626590847549
2026-07-14T05:45:30+00:00,2026-07-14T11:30:30+05:45,2026-07-14,11:30:30,1784007930,1,5,11,nepse_official,OPEN,2026-07-14,SLBBL,Swarojgar Laghubitta Bittiya Sanstha Ltd.,794.0,794.0,780.0,,780.0,786.0,-6.0,,20.0,15740.0,2.0,14.0,1.7632241813602016,-0.7633587786259541,7870.0,787.0
2026-07-14T05:45:30+00:00,2026-07-14T11:30:30+05:45,2026-07-14,11:30:30,1784007930,1,5,11,nepse_official,OPEN,2026-07-14,SLBSL,Samudayik Laghubitta Bittiya Sanstha Limited,1161.1,1161.1,1126.3,,1126.3,1197.0,-70.70000000000005,,20.0,22874.0,2.0,34.799999999999955,2.9971578675393986,-5.906432748538015,11437.0,1143.7
2026-07-14T05:45:30+00:00,2026-07-14T11:30:30+05:45,2026-07-14,11:30:30,1784007930,1,5,11,nepse_official,OPEN,2026-07-14,SLCF,Sanima Large Cap Fund,9.9,10.0,9.9,,10.0,9.9,0.09999999999999964,,200.0,1990.0,2.0,0.09999999999999964,1.0101010101010066,1.0101010101010066,995.0,9.95
2026-07-14T05:45:30+00:00,2026-07-14T11:30:30+05:45,2026-07-14,11:30:30,1784007930,1,5,11,nepse_official,OPEN,2026-07-14,SMATA,Samata Gharelu Laghubitta Bittiya Sanstha Limited,727.0,727.0,727.0,,727.0,732.0,-5.0,,23.0,16721.0,2.0,0.0,0.0,-0.6830601092896175,8360.5,727.0
2026-07-14T05:45:30+00:00,2026-07-14T11:30:30+05:45,2026-07-14,11:30:30,1784007930,1,5,11,nepse_official,OPEN,2026-07-14,SMFBS,Swabhimaan Laghubitta Bittiya Sanstha Limited,1635.3,1635.3,1499.0,,1499.0,1580.0,-81.0,,310.0,477631.0,5.0,136.29999999999995,8.33486210481257,-5.126582278481013,95526.2,1540.7451612903226
2026-07-14T05:45:30+00:00,2026-07-14T11:30:30+05:45,2026-07-14,11:30:30,1784007930,1,5,11,nepse_official,OPEN,2026-07-14,SMH,Super Mai Hydropower Limited,489.0,490.0,489.0,,490.0,490.0,0.0,,131.0,64169.0,4.0,1.0,0.2044989775051125,0.0,16042.25,489.8396946564886
2026-07-14T05:45:30+00:00,2026-07-14T11:30:30+05:45,2026-07-14,11:30:30,1784007930,1,5,11,nepse_official,OPEN,2026-07-14,SMHL,Super Madi Hydropower Limited,455.0,473.0,455.0,,460.0,455.0,5.0,,4147.0,1909208.0,16.0,18.0,3.9560439560439558,1.098901098901099,119325.5,460.3829274174102
2026-07-14T05:45:30+00:00,2026-07-14T11:30:30+05:45,2026-07-14,11:30:30,1784007930,1,5,11,nepse_official,OPEN,2026-07-14,SMJC,Sagarmatha Jalabidhyut Company Limited,425.0,436.0,422.1,,424.2,429.9,-5.699999999999989,,643.0,272325.3,10.0,13.899999999999977,3.2705882352941127,-1.325889741800416,27232.53,423.52301710730944
2026-07-14T05:45:30+00:00,2026-07-14T11:30:30+05:45,2026-07-14,11:30:30,1784007930,1,5,11,nepse_official,OPEN,2026-07-14,SMPDA,Sampada Laghubitta Bittiya Sanstha Limited,735.2,735.2,735.2,,735.2,748.9,-13.699999999999932,,117.0,86018.4,2.0,0.0,0.0,-1.8293497129122622,43009.2,735.1999999999999
2026-07-14T05:45:30+00:00,2026-07-14T11:30:30+05:45,2026-07-14,11:30:30,1784007930,1,5,11,nepse_official,OPEN,2026-07-14,SNLI,Sun Nepal Life Insurance Company Limited,420.0,421.0,415.0,,416.1,422.0,-5.899999999999977,,2028.0,844557.7,14.0,6.0,1.4285714285714286,-1.3981042654028382,60325.549999999996,416.44857001972383
2026-07-14T05:45:30+00:00,2026-07-14T11:30:30+05:45,2026-07-14,11:30:30,1784007930,1,5,11,nepse_official,OPEN,2026-07-14,SNORL,Snow Rivers Limited,770.0,775.0,757.1,,763.1,780.0,-16.899999999999977,,2442.0,1872296.2,178.0,17.899999999999977,2.324675324675322,-2.1666666666666634,10518.51797752809,766.7060606060605
2026-07-14T05:45:30+00:00,2026-07-14T11:30:30+05:45,2026-07-14,11:30:30,1784007930,1,5,11,nepse_official,OPEN,2026-07-14,SOHL,Solu Hydropower Limited,501.6,533.6,501.6,,521.1,528.0,-6.899999999999977,,2471.0,1287405.9,92.0,32.0,6.379585326953747,-1.3068181818181777,13993.542391304347,521.0060299473897
2026-07-14T05:45:30+00:00,2026-07-14T11:30:30+05:45,2026-07-14,11:30:30,1784007930,1,5,11,nepse_official,OPEN,2026-07-14,SONA,Sonapur Minerals And Oil Limited,399.0,405.0,399.0,,403.0,400.1,2.8999999999999773,,1646.0,660129.0,13.0,6.0,1.5037593984962405,0.724818795301169,50779.153846153844,401.05042527339003
2026-07-14T05:45:30+00:00,2026-07-14T11:30:30+05:45,2026-07-14,11:30:30,1784007930,1,5,11,nepse_official,OPEN,2026-07-14,SOPL,Sopan Pharmaceuticals Limited,750.0,763.0,746.1,,751.0,751.0,0.0,,5474.0,4124318.7,142.0,16.899999999999977,2.2533333333333303,0.0,29044.497887323945,753.4378333942273
2026-07-14T05:45:30+00:00,2026-07-14T11:30:30+05:45,2026-07-14,11:30:30,1784007930,1,5,11,nepse_official,OPEN,2026-07-14,SPC,Samling Power Company Limited,420.0,420.0,420.0,,420.0,415.0,5.0,,10.0,4200.0,1.0,0.0,0.0,1.2048192771084338,4200.0,420.0
2026-07-14T05:45:30+00:00,2026-07-14T11:30:30+05:45,2026-07-14,11:30:30,1784007930,1,5,11,nepse_official,OPEN,2026-07-14,SPDL,Synergy Power Development Ltd.,364.0,364.0,364.0,,364.0,360.0,4.0,,45.0,16380.0,2.0,0.0,0.0,1.1111111111111112,8190.0,364.0
2026-07-14T05:45:30+00:00,2026-07-14T11:30:30+05:45,2026-07-14,11:30:30,1784007930,1,5,11,nepse_official,OPEN,2026-07-14,SPHL,Sayapatri Hydropower Limited,520.0,544.9,520.0,,525.8,534.8,-9.0,,14090.0,7660719.0,9.0,24.899999999999977,4.788461538461534,-1.6828721017202695,851191.0,543.6990063875089
2026-07-14T05:45:30+00:00,2026-07-14T11:30:30+05:45,2026-07-14,11:30:30,1784007930,1,5,11,nepse_official,OPEN,2026-07-14,SPIL,Siddhartha Premier Insurance Limited,685.0,685.0,685.0,,685.0,689.8,-4.7999999999999545,,1100.0,753500.0,2.0,0.0,0.0,-0.6958538706871491,376750.0,685.0
2026-07-14T05:45:30+00:00,2026-07-14T11:30:30+05:45,2026-07-14,11:30:30,1784007930,1,5,11,nepse_official,OPEN,2026-07-14,SPL,Shuvam Power Limited,630.4,631.0,630.4,,631.0,649.8,-18.799999999999955,,50.0,31544.0,2.0,0.6000000000000227,0.0951776649746229,-2.893197907048316,15772.0,630.88
2026-07-14T05:45:30+00:00,2026-07-14T11:30:30+05:45,2026-07-14,11:30:30,1784007930,1,5,11,nepse_official,OPEN,2026-07-14,SRLI,Sanima Reliance Life Insurance Limited,367.0,374.0,367.0,,368.7,367.0,1.6999999999999886,,715.0,263567.4,12.0,7.0,1.9073569482288828,0.4632152588555827,21963.95,368.6257342657343
2026-07-14T05:45:30+00:00,2026-07-14T11:30:30+05:45,2026-07-14,11:30:30,1784007930,1,5,11,nepse_official,OPEN,2026-07-14,SSHL,Shiva Shree Hydropower Ltd,185.0,196.0,185.0,,193.0,192.2,0.8000000000000114,,7671.0,1487172.4,31.0,11.0,5.9459459459459465,0.4162330905307031,47973.30322580645,193.8694303219919
2026-07-14T05:45:30+00:00,2026-07-14T11:30:30+05:45,2026-07-14,11:30:30,1784007930,1,5,11,nepse_official,OPEN,2026-07-14,STC,Salt Trading Corporation,5052.0,5054.0,5050.0,,5054.0,5050.0,4.0,,80.0,404070.0,4.0,4.0,0.0791765637371338,0.07920792079207921,101017.5,5050.875
2026-07-14T05:45:30+00:00,2026-07-14T11:30:30+05:45,2026-07-14,11:30:30,1784007930,1,5,11,nepse_official,OPEN,2026-07-14,SWASTIK,Swastik Laghubitta Bittiya Sanstha Limited,2000.0,2000.0,2000.0,,2000.0,1986.0,14.0,,10.0,20000.0,1.0,0.0,0.0,0.7049345417925479,20000.0,2000.0
2026-07-14T05:45:30+00:00,2026-07-14T11:30:30+05:45,2026-07-14,11:30:30,1784007930,1,5,11,nepse_official,OPEN,2026-07-14,SWMF,Suryodaya Womi Laghubitta Bittiya Sanstha Limited,608.9,608.9,600.0,,600.0,608.9,-8.899999999999977,,64.0,38372.8,3.0,8.899999999999977,1.4616521596321197,-1.4616521596321197,12790.933333333334,599.575
2026-07-14T05:45:30+00:00,2026-07-14T11:30:30+05:45,2026-07-14,11:30:30,1784007930,1,5,11,nepse_official,OPEN,2026-07-14,SYPNL,SY Panel Nepal Limited,1224.6,1330.0,1224.6,,1275.0,1289.0,-14.0,,6012.0,7735109.7,71.0,105.40000000000009,8.6068920463825,-1.0861132660977502,108945.20704225352,1286.6117265469063
2026-07-14T05:45:30+00:00,2026-07-14T11:30:30+05:45,2026-07-14,11:30:30,1784007930,1,5,11,nepse_official,OPEN,2026-07-14,TAMOR,Sanima Middle Tamor Hydropower Limited,430.1,432.5,430.1,,430.1,432.0,-1.8999999999999773,,3829.0,1647906.7,19.0,2.3999999999999773,0.5580097651708852,-0.43981481481480955,86731.93157894736,430.37521546095587
2026-07-14T05:45:30+00:00,2026-07-14T11:30:30+05:45,2026-07-14,11:30:30,1784007930,1,5,11,nepse_official,OPEN,2026-07-14,TPC,Terhathum Power Company Limited,342.0,342.3,342.0,,342.1,346.2,-4.099999999999966,,1100.0,376371.0,7.0,0.30000000000001137,0.08771929824561736,-1.1842865395724915,53767.28571428572,342.1554545454545
2026-07-14T05:45:30+00:00,2026-07-14T11:30:30+05:45,2026-07-14,11:30:30,1784007930,1,5,11,nepse_official,OPEN,2026-07-14,TPKHL,Taksar Pikhuwa Khola Hydropower Limited,500.0,500.0,483.1,,485.1,493.0,-7.899999999999977,,2997.0,1470506.9,111.0,16.899999999999977,3.3799999999999955,-1.602434077079103,13247.809909909909,490.6596262929596
2026-07-14T05:45:30+00:00,2026-07-14T11:30:30+05:45,2026-07-14,11:30:30,1784007930,1,5,11,nepse_official,OPEN,2026-07-14,TRH,Taragaon Regency Hotel Limited,752.0,752.0,752.0,,752.0,774.0,-22.0,,10.0,7520.0,1.0,0.0,0.0,-2.842377260981912,7520.0,752.0
2026-07-14T05:45:30+00:00,2026-07-14T11:30:30+05:45,2026-07-14,11:30:30,1784007930,1,5,11,nepse_official,OPEN,2026-07-14,TSHL,Three Star Hydropower Limited,324.1,324.1,320.0,,321.2,329.0,-7.800000000000011,,962.0,308740.0,10.0,4.100000000000023,1.2650416538105593,-2.3708206686930127,30874.0,320.93555093555096
2026-07-14T05:45:30+00:00,2026-07-14T11:30:30+05:45,2026-07-14,11:30:30,1784007930,1,5,11,nepse_official,OPEN,2026-07-14,TTL,Trade Tower Limited,700.0,700.0,680.1,,687.0,699.0,-12.0,,653.0,450618.5,24.0,19.899999999999977,2.84285714285714,-1.7167381974248928,18775.770833333332,690.0742725880551
2026-07-14T05:45:30+00:00,2026-07-14T11:30:30+05:45,2026-07-14,11:30:30,1784007930,1,5,11,nepse_official,OPEN,2026-07-14,UAIL,United Ajod Insurance Limited,427.0,427.0,427.0,,427.0,427.0,0.0,,125.0,53375.0,2.0,0.0,0.0,0.0,26687.5,427.0
2026-07-14T05:45:30+00:00,2026-07-14T11:30:30+05:45,2026-07-14,11:30:30,1784007930,1,5,11,nepse_official,OPEN,2026-07-14,UHEWA,Upper Hewakhola Hydropower Company Limited,565.9,565.9,550.0,,550.0,555.0,-5.0,,30.0,16818.0,2.0,15.899999999999977,2.8096836896978226,-0.9009009009009009,8409.0,560.6
2026-07-14T05:45:30+00:00,2026-07-14T11:30:30+05:45,2026-07-14,11:30:30,1784007930,1,5,11,nepse_official,OPEN,2026-07-14,ULBSL,Upakar Laghubitta Bittiya Sanstha Limited,2710.0,3049.0,2710.0,,2740.0,2839.0,-99.0,,501.0,1381999.0,20.0,339.0,12.509225092250922,-3.487143360338147,69099.95,2758.4810379241517
2026-07-14T05:45:30+00:00,2026-07-14T11:30:30+05:45,2026-07-14,11:30:30,1784007930,1,5,11,nepse_official,OPEN,2026-07-14,ULHC,Upper Lohore Khola Hydropower Company Limited,367.0,367.0,367.0,,367.0,368.9,-1.8999999999999773,,10.0,3670.0,1.0,0.0,0.0,-0.5150447275684406,3670.0,367.0
2026-07-14T05:45:30+00:00,2026-07-14T11:30:30+05:45,2026-07-14,11:30:30,1784007930,1,5,11,nepse_official,OPEN,2026-07-14,UMHL,United Modi Hydropower Ltd.,551.0,573.9,551.0,,573.9,573.9,0.0,,80.0,44638.0,4.0,22.899999999999977,4.156079854809433,0.0,11159.5,557.975
2026-07-14T05:45:30+00:00,2026-07-14T11:30:30+05:45,2026-07-14,11:30:30,1784007930,1,5,11,nepse_official,OPEN,2026-07-14,UMRH,United IDI Mardi RB Hydropower Limited.,521.8,521.8,521.8,,521.8,516.2,5.599999999999909,,16.0,8348.8,1.0,0.0,0.0,1.0848508330104434,8348.8,521.8
2026-07-14T05:45:30+00:00,2026-07-14T11:30:30+05:45,2026-07-14,11:30:30,1784007930,1,5,11,nepse_official,OPEN,2026-07-14,UNHPL,Union Hydropower Limited,380.0,380.0,377.3,,377.3,383.9,-6.599999999999966,,1250.0,474325.0,3.0,2.6999999999999886,0.7105263157894707,-1.7191977077363811,158108.33333333334,379.46
2026-07-14T05:45:30+00:00,2026-07-14T11:30:30+05:45,2026-07-14,11:30:30,1784007930,1,5,11,nepse_official,OPEN,2026-07-14,UNLB,Unique Nepal Laghubitta Bittiya Sanstha Limited,1348.4,1348.4,1268.9,,1268.9,1286.9,-18.0,,56.0,73041.0,5.0,79.5,5.895876594482349,-1.3987100784831765,14608.2,1304.3035714285713
2026-07-14T05:45:30+00:00,2026-07-14T11:30:30+05:45,2026-07-14,11:30:30,1784007930,1,5,11,nepse_official,OPEN,2026-07-14,UPCL,UNIVERSAL POWER COMPANY LTD,365.0,365.0,349.0,,349.0,359.0,-10.0,,7756.0,2749615.0,12.0,16.0,4.383561643835616,-2.785515320334262,229134.58333333334,354.5145693656524
2026-07-14T05:45:30+00:00,2026-07-14T11:30:30+05:45,2026-07-14,11:30:30,1784007930,1,5,11,nepse_official,OPEN,2026-07-14,UPPER,Upper Tamakoshi Hydropower Ltd,189.1,189.1,188.0,,188.2,189.1,-0.9000000000000057,,4227.0,797010.8,48.0,1.0999999999999943,0.5817028027498649,-0.4759386567953494,16604.391666666666,188.55235391530638
2026-07-14T05:45:30+00:00,2026-07-14T11:30:30+05:45,2026-07-14,11:30:30,1784007930,1,5,11,nepse_official,OPEN,2026-07-14,USHEC,Upper Solu Hydro Electric Company Limited,476.0,476.2,471.1,,475.0,481.0,-6.0,,658.0,312092.0,11.0,5.099999999999966,1.0714285714285643,-1.2474012474012475,28372.0,474.30395136778117
2026-07-14T05:45:30+00:00,2026-07-14T11:30:30+05:45,2026-07-14,11:30:30,1784007930,1,5,11,nepse_official,OPEN,2026-07-14,USHL,Upper Syange Hydropower Limited,504.0,504.0,482.0,,485.0,480.0,5.0,,214.0,103699.9,7.0,22.0,4.365079365079365,1.0416666666666665,14814.271428571428,484.5789719626168
2026-07-14T05:45:30+00:00,2026-07-14T11:30:30+05:45,2026-07-14,11:30:30,1784007930,1,5,11,nepse_official,OPEN,2026-07-14,USLB,Unnati Sahakarya Laghubitta Bittiya Sanstha Limited,1140.0,1140.0,1140.0,,1140.0,1169.0,-29.0,,10.0,11400.0,1.0,0.0,0.0,-2.4807527801539777,11400.0,1140.0
2026-07-14T05:45:30+00:00,2026-07-14T11:30:30+05:45,2026-07-14,11:30:30,1784007930,1,5,11,nepse_official,OPEN,2026-07-14,VLBS,Vijaya laghubitta Bittiya Sanstha Ltd.,650.2,650.5,650.2,,650.5,657.1,-6.600000000000023,,80.0,52037.0,8.0,0.2999999999999545,0.04613964933865803,-1.004413331304219,6504.625,650.4625
2026-07-14T05:45:30+00:00,2026-07-14T11:30:30+05:45,2026-07-14,11:30:30,1784007930,1,5,11,nepse_official,OPEN,2026-07-14,VLUCL,Vision Lumbini Urja Company Limited ,420.1,420.1,420.1,,420.1,424.0,-3.8999999999999773,,10.0,4201.0,1.0,0.0,0.0,-0.9198113207547116,4201.0,420.1
2026-07-14T05:45:30+00:00,2026-07-14T11:30:30+05:45,2026-07-14,11:30:30,1784007930,1,5,11,nepse_official,OPEN,2026-07-14,YMHL,Yambaling Hydropower Limited,555.0,555.0,545.0,,546.9,556.1,-9.200000000000045,,1770.0,971537.0,91.0,10.0,1.8018018018018018,-1.6543787088653201,10676.23076923077,548.8909604519774
2026-07-14T06:15:29+00:00,2026-07-14T12:00:29+05:45,2026-07-14,12:00:29,1784009729,1,6,12,nepse_official,OPEN,2026-07-14,ACLBSL,Aarambha Chautari Laghubitta Bittiya Sanstha Limited,900.0,900.0,900.0,,900.0,908.9,-8.899999999999977,,283.0,254666.0,2.0,0.0,0.0,-0.9792056331829659,127333.0,899.8798586572439
2026-07-14T06:15:29+00:00,2026-07-14T12:00:29+05:45,2026-07-14,12:00:29,1784009729,1,6,12,nepse_official,OPEN,2026-07-14,ADBL,Agricultural Development Bank Limited,305.0,305.0,301.2,,301.4,302.5,-1.1000000000000227,,2280.0,687730.9,30.0,3.8000000000000114,1.2459016393442661,-0.36363636363637114,22924.363333333335,301.6363596491228
2026-07-14T06:15:29+00:00,2026-07-14T12:00:29+05:45,2026-07-14,12:00:29,1784009729,1,6,12,nepse_official,OPEN,2026-07-14,ADBLD83,10.35% Agricultural Bank Debenture 2083,1075.2,1075.2,1075.1,,1075.1,1076.0,-0.900000000000091,,261457.0,281095820.7,7.0,0.10000000000013642,0.009300595238107926,-0.08364312267658837,40156545.81428571,1075.1130040503792
2026-07-14T06:15:29+00:00,2026-07-14T12:00:29+05:45,2026-07-14,12:00:29,1784009729,1,6,12,nepse_official,OPEN,2026-07-14,AHL,Asian Hydropower Limited,407.2,407.2,407.1,,407.1,411.0,-3.8999999999999773,,150.0,61075.0,3.0,0.0999999999999659,0.024557956777987694,-0.9489051094890455,20358.333333333332,407.1666666666667
2026-07-14T06:15:29+00:00,2026-07-14T12:00:29+05:45,2026-07-14,12:00:29,1784009729,1,6,12,nepse_official,OPEN,2026-07-14,AHPC,Arun Valley Hydropower Development Co. Ltd.,257.1,260.0,257.0,,257.0,261.0,-4.0,,7320.0,1888755.7,49.0,3.0,1.1668611435239205,-1.532567049808429,38546.03469387755,258.0267349726776
2026-07-14T06:15:29+00:00,2026-07-14T12:00:29+05:45,2026-07-14,12:00:29,1784009729,1,6,12,nepse_official,OPEN,2026-07-14,AKJCL,Ankhu Khola Jalvidhyut Company Ltd,326.0,348.8,326.0,,338.0,343.0,-5.0,,36599.0,12435168.4,118.0,22.80000000000001,6.993865030674851,-1.4577259475218658,105382.78305084746,339.76798273176865
2026-07-14T06:15:29+00:00,2026-07-14T12:00:29+05:45,2026-07-14,12:00:29,1784009729,1,6,12,nepse_official,OPEN,2026-07-14,AKPL,Arun Kabeli Power Ltd.,247.0,251.8,237.7,,246.0,248.0,-2.0,,17262.0,4243966.8,50.0,14.100000000000023,5.708502024291507,-0.8064516129032258,84879.336,245.85603058741745
2026-07-14T06:15:29+00:00,2026-07-14T12:00:29+05:45,2026-07-14,12:00:29,1784009729,1,6,12,nepse_official,OPEN,2026-07-14,ALBSL,Asha Laghubitta Bittiya Sanstha Ltd,1015.0,1039.9,1010.0,,1013.2,1041.0,-27.799999999999955,,263.0,267841.6,15.0,29.90000000000009,2.9458128078817825,-2.6705091258405336,17856.106666666667,1018.4091254752851
2026-07-14T06:15:29+00:00,2026-07-14T12:00:29+05:45,2026-07-14,12:00:29,1784009729,1,6,12,nepse_official,OPEN,2026-07-14,ALICL,Asian Life Insurance Co. Limited,418.0,418.0,413.4,,414.0,418.0,-4.0,,765.0,317282.0,15.0,4.600000000000023,1.1004784688995268,-0.9569377990430622,21152.133333333335,414.74771241830064
2026-07-14T06:15:29+00:00,2026-07-14T12:00:29+05:45,2026-07-14,12:00:29,1784009729,1,6,12,nepse_official,OPEN,2026-07-14,ANLB,Aatmanirbhar Laghubitta Bittiya Sanstha Limited,7073.0,7073.0,7073.0,,7073.0,6736.8,336.1999999999998,,10.0,70730.0,1.0,0.0,0.0,4.990499940624626,70730.0,7073.0
2026-07-14T06:15:29+00:00,2026-07-14T12:00:29+05:45,2026-07-14,12:00:29,1784009729,1,6,12,nepse_official,OPEN,2026-07-14,APHL,Appolo Hydropower Limited,824.5,899.0,801.0,,812.0,849.9,-37.89999999999998,,6705.0,5584112.5,123.0,98.0,11.885991510006063,-4.459348158606892,45399.28861788618,832.8281133482476
2026-07-14T06:15:29+00:00,2026-07-14T12:00:29+05:45,2026-07-14,12:00:29,1784009729,1,6,12,nepse_official,OPEN,2026-07-14,API,Api Power Company Ltd.,322.0,322.0,318.2,,320.0,322.0,-2.0,,29569.0,9459890.5,98.0,3.8000000000000114,1.180124223602488,-0.6211180124223602,96529.49489795919,319.92595285603164
2026-07-14T06:15:29+00:00,2026-07-14T12:00:29+05:45,2026-07-14,12:00:29,1784009729,1,6,12,nepse_official,OPEN,2026-07-14,AVYAN,Aviyan Laghubitta Bittiya Sanstha Limited,971.9,1031.0,971.9,,1008.1,1023.0,-14.899999999999977,,40.0,40120.0,4.0,59.10000000000002,6.080872517748742,-1.4565004887585509,10030.0,1003.0
2026-07-14T06:15:29+00:00,2026-07-14T12:00:29+05:45,2026-07-14,12:00:29,1784009729,1,6,12,nepse_official,OPEN,2026-07-14,BANDIPUR,Bandipur Cablecar and Tourism Limited,652.5,662.0,647.0,,647.0,665.0,-18.0,,8167.0,5332171.5,136.0,15.0,2.2988505747126435,-2.706766917293233,39207.143382352944,652.8923105179381
2026-07-14T06:15:29+00:00,2026-07-14T12:00:29+05:45,2026-07-14,12:00:29,1784009729,1,6,12,nepse_official,OPEN,2026-07-14,BARUN,Barun Hydropower Co. Ltd.,308.0,310.0,307.3,,307.3,308.7,-1.3999999999999773,,5014.0,1545972.2,20.0,2.6999999999999886,0.876623376623373,-0.4535147392290176,77298.61,308.331112883925
2026-07-14T06:15:29+00:00,2026-07-14T12:00:29+05:45,2026-07-14,12:00:29,1784009729,1,6,12,nepse_official,OPEN,2026-07-14,BBC,Bishal Bazar Company Limited,4053.7,4053.7,4021.1,,4025.0,4070.0,-45.0,,80.0,323122.0,6.0,32.59999999999991,0.8042035671115255,-1.1056511056511056,53853.666666666664,4039.025
2026-07-14T06:15:29+00:00,2026-07-14T12:00:29+05:45,2026-07-14,12:00:29,1784009729,1,6,12,nepse_official,OPEN,2026-07-14,BEDC,Bhugol Energy Development Company Limited,306.0,311.6,303.1,,303.1,310.1,-7.0,,8535.0,2607351.6,50.0,8.5,2.7777777777777777,-2.257336343115124,52147.032,305.4893497363796
2026-07-14T06:15:29+00:00,2026-07-14T12:00:29+05:45,2026-07-14,12:00:29,1784009729,1,6,12,nepse_official,OPEN,2026-07-14,BFC,Best Finance Company Ltd.,512.5,513.0,497.6,,497.6,508.0,-10.399999999999977,,15738.0,7967969.7,50.0,15.399999999999977,3.0048780487804834,-2.0472440944881845,159359.394,506.2885817765917
2026-07-14T06:15:29+00:00,2026-07-14T12:00:29+05:45,2026-07-14,12:00:29,1784009729,1,6,12,nepse_official,OPEN,2026-07-14,BGWT,Bhagawati Hydropower Development Company Limited,534.5,534.5,526.0,,526.0,520.0,6.0,,138.0,73436.9,8.0,8.5,1.5902712815715623,1.153846153846154,9179.6125,532.1514492753623
2026-07-14T06:15:29+00:00,2026-07-14T12:00:29+05:45,2026-07-14,12:00:29,1784009729,1,6,12,nepse_official,OPEN,2026-07-14,BHCL,Bikash Hydropower Company Limited,470.0,470.0,443.3,,443.3,457.0,-13.699999999999989,,5261.0,2345719.9,71.0,26.69999999999999,5.680851063829785,-2.9978118161925575,33038.30845070422,445.86958753088766
2026-07-14T06:15:29+00:00,2026-07-14T12:00:29+05:45,2026-07-14,12:00:29,1784009729,1,6,12,nepse_official,OPEN,2026-07-14,BHDC,Bindhyabasini Hydropower Development Company Limited,420.0,422.0,412.0,,415.2,425.0,-9.800000000000011,,1958.0,820874.9,16.0,10.0,2.380952380952381,-2.305882352941179,51304.68125,419.2415219611849
2026-07-14T06:15:29+00:00,2026-07-14T12:00:29+05:45,2026-07-14,12:00:29,1784009729,1,6,12,nepse_official,OPEN,2026-07-14,BHL,Balephi Hydropower Limited,201.0,205.9,200.0,,200.5,201.0,-0.5,,17076.0,3429455.8,84.0,5.900000000000006,2.93532338308458,-0.24875621890547264,40826.85476190476,200.834844225814
2026-07-14T06:15:29+00:00,2026-07-14T12:00:29+05:45,2026-07-14,12:00:29,1784009729,1,6,12,nepse_official,OPEN,2026-07-14,BHPL,Barahi Hydropower Public Limited,480.0,480.0,450.0,,455.0,467.5,-12.5,,2682.0,1225411.6,28.0,30.0,6.25,-2.6737967914438503,43764.700000000004,456.90216256524985
2026-07-14T06:15:29+00:00,2026-07-14T12:00:29+05:45,2026-07-14,12:00:29,1784009729,1,6,12,nepse_official,OPEN,2026-07-14,BJHL,Bhujung Hydropower Limited,650.0,657.0,631.1,,632.4,657.0,-24.600000000000023,,2370.0,1531332.5,45.0,25.899999999999977,3.984615384615381,-3.7442922374429255,34029.61111111111,646.1318565400844
2026-07-14T06:15:29+00:00,2026-07-14T12:00:29+05:45,2026-07-14,12:00:29,1784009729,1,6,12,nepse_official,OPEN,2026-07-14,BNHC,Buddha Bhumi Nepal Hydropower Company Limited,261.3,281.0,261.3,,263.0,275.0,-12.0,,17700.0,4744636.5,114.0,19.69999999999999,7.539226942212013,-4.363636363636364,41619.61842105263,268.0585593220339
2026-07-14T06:15:29+00:00,2026-07-14T12:00:29+05:45,2026-07-14,12:00:29,1784009729,1,6,12,nepse_official,OPEN,2026-07-14,BPCL,Butwal Power Company Limited,680.0,680.0,638.1,,638.1,647.9,-9.799999999999955,,11657.0,7704321.7,22.0,41.89999999999998,6.16176470588235,-1.5125791017132204,350196.4409090909,660.9180492407995
2026-07-14T06:15:29+00:00,2026-07-14T12:00:29+05:45,2026-07-14,12:00:29,1784009729,1,6,12,nepse_official,OPEN,2026-07-14,BUNGAL,Bungal Hydro Limited,575.0,577.5,560.1,,565.0,575.0,-10.0,,2585.0,1464791.5,43.0,17.399999999999977,3.026086956521735,-1.7391304347826086,34064.91860465116,566.6504835589942
2026-07-14T06:15:29+00:00,2026-07-14T12:00:29+05:45,2026-07-14,12:00:29,1784009729,1,6,12,nepse_official,OPEN,2026-07-14,C30MF,Citizens Super 30 Mutual Fund,10.01,10.01,10.01,,10.01,9.93,0.08000000000000007,,1870.0,18718.7,2.0,0.0,0.0,0.8056394763343411,9359.35,10.01
2026-07-14T06:15:29+00:00,2026-07-14T12:00:29+05:45,2026-07-14,12:00:29,1784009729,1,6,12,nepse_official,OPEN,2026-07-14,CBBL,Chhimek Laghubitta Bittiya Sanstha Limited,910.0,910.1,908.1,,908.1,910.0,-1.8999999999999773,,1259.0,1144999.4,22.0,2.0,0.21978021978021978,-0.2087912087912063,52045.42727272727,909.4514694201747
2026-07-14T06:15:29+00:00,2026-07-14T12:00:29+05:45,2026-07-14,12:00:29,1784009729,1,6,12,nepse_official,OPEN,2026-07-14,CCBD88,Century Debenture 2088,1256.0,1256.0,1256.0,,1256.0,1220.0,36.0,,10.0,12560.0,1.0,0.0,0.0,2.9508196721311477,12560.0,1256.0
2026-07-14T06:15:29+00:00,2026-07-14T12:00:29+05:45,2026-07-14,12:00:29,1784009729,1,6,12,nepse_official,OPEN,2026-07-14,CFCL,Central Finance Co. Ltd.,610.0,610.0,590.0,,596.3,600.1,-3.800000000000068,,2533.0,1512219.8,29.0,20.0,3.278688524590164,-0.6332277953674501,52145.51034482759,597.0074220292144
2026-07-14T06:15:29+00:00,2026-07-14T12:00:29+05:45,2026-07-14,12:00:29,1784009729,1,6,12,nepse_official,OPEN,2026-07-14,CGH,Chandragiri Hills Limited,751.1,764.0,751.1,,755.2,760.0,-4.7999999999999545,,631.0,478508.6,17.0,12.899999999999977,1.7174810278258523,-0.631578947368415,28147.564705882352,758.3337559429476
2026-07-14T06:15:29+00:00,2026-07-14T12:00:29+05:45,2026-07-14,12:00:29,1784009729,1,6,12,nepse_official,OPEN,2026-07-14,CHCL,Chilime Hydropower Company Limited,499.8,499.8,471.0,,472.0,476.0,-4.0,,2412.0,1146254.3,43.0,28.80000000000001,5.76230492196879,-0.8403361344537815,26657.076744186048,475.22980928689884
2026-07-14T06:15:29+00:00,2026-07-14T12:00:29+05:45,2026-07-14,12:00:29,1784009729,1,6,12,nepse_official,OPEN,2026-07-14,CHDC,CEDB Holdings Limited,1967.0,2145.0,1967.0,,2040.1,2070.0,-29.90000000000009,,2656.0,5456438.6,41.0,178.0,9.049313675648195,-1.4444444444444489,133083.86829268292,2054.3820030120482
2026-07-14T06:15:29+00:00,2026-07-14T12:00:29+05:45,2026-07-14,12:00:29,1784009729,1,6,12,nepse_official,OPEN,2026-07-14,CHL,Chhyangdi Hydropower Ltd.,253.0,253.0,250.1,,250.1,253.0,-2.9000000000000057,,2577.0,648445.0,17.0,2.9000000000000057,1.1462450592885398,-1.1462450592885398,38143.82352941176,251.62786185487
2026-07-14T06:15:29+00:00,2026-07-14T12:00:29+05:45,2026-07-14,12:00:29,1784009729,1,6,12,nepse_official,OPEN,2026-07-14,CIT,Citizen Investment Trust,1680.0,1681.0,1666.0,,1666.0,1675.0,-9.0,,488.0,815610.0,17.0,15.0,0.8928571428571428,-0.5373134328358209,47977.05882352941,1671.3319672131147
2026-07-14T06:15:29+00:00,2026-07-14T12:00:29+05:45,2026-07-14,12:00:29,1784009729,1,6,12,nepse_official,OPEN,2026-07-14,CITY,City Hotel Limited,327.8,348.0,327.8,,340.2,345.0,-4.800000000000011,,26680.0,9116613.4,164.0,20.19999999999999,6.162294081757165,-1.3913043478260902,55589.10609756098,341.7021514242879
2026-07-14T06:15:29+00:00,2026-07-14T12:00:29+05:45,2026-07-14,12:00:29,1784009729,1,6,12,nepse_official,OPEN,2026-07-14,CIZBD90,10% Citizens Bank Debenture 2090,1175.0,1210.0,1175.0,,1210.0,1175.0,35.0,,1005.0,1213792.7,12.0,35.0,2.9787234042553195,2.9787234042553195,101149.39166666666,1207.7539303482586
2026-07-14T06:15:29+00:00,2026-07-14T12:00:29+05:45,2026-07-14,12:00:29,1784009729,1,6,12,nepse_official,OPEN,2026-07-14,CKHL,Chirkhwa Hydropower Limited ,525.0,526.0,525.0,,526.0,539.0,-13.0,,90.0,47280.0,5.0,1.0,0.19047619047619047,-2.411873840445269,9456.0,525.3333333333334
2026-07-14T06:15:29+00:00,2026-07-14T12:00:29+05:45,2026-07-14,12:00:29,1784009729,1,6,12,nepse_official,OPEN,2026-07-14,CLI,Citizen Life Insurance Company Limited,436.0,440.0,430.1,,430.1,436.0,-5.899999999999977,,1954.0,844414.0,46.0,9.899999999999977,2.2706422018348573,-1.3532110091743068,18356.82608695652,432.14636642784035
2026-07-14T06:15:29+00:00,2026-07-14T12:00:29+05:45,2026-07-14,12:00:29,1784009729,1,6,12,nepse_official,OPEN,2026-07-14,CORBL,Corporate Development Bank Limited,1550.0,1792.0,1550.0,,1551.0,1600.0,-49.0,,5787.0,9201999.0,135.0,242.0,15.612903225806452,-3.0625,68162.95555555556,1590.1156039398652
2026-07-14T06:15:29+00:00,2026-07-14T12:00:29+05:45,2026-07-14,12:00:29,1784009729,1,6,12,nepse_official,OPEN,2026-07-14,CREST,Crest Micro Life Insurance Limited,1200.0,1200.0,1160.0,,1160.0,1175.0,-15.0,,3559.0,4140609.0,32.0,40.0,3.3333333333333335,-1.276595744680851,129394.03125,1163.4192188817083
2026-07-14T06:15:29+00:00,2026-07-14T12:00:29+05:45,2026-07-14,12:00:29,1784009729,1,6,12,nepse_official,OPEN,2026-07-14,CSY,Citizens Santulit Yojana,9.0,9.01,9.0,,9.0,9.01,-0.009999999999999787,,900.0,8101.0,8.0,0.009999999999999787,0.11111111111110875,-0.11098779134294992,1012.625,9.001111111111111
2026-07-14T06:15:29+00:00,2026-07-14T12:00:29+05:45,2026-07-14,12:00:29,1784009729,1,6,12,nepse_official,OPEN,2026-07-14,CYCL,CYC Nepal Laghubitta Bittiya Sanstha Limited,1300.1,1329.9,1300.0,,1329.9,1330.0,-0.09999999999990905,,121.0,157629.9,7.0,29.90000000000009,2.2998230905315045,-0.007518796992474364,22518.557142857142,1302.7264462809917
2026-07-14T06:15:29+00:00,2026-07-14T12:00:29+05:45,2026-07-14,12:00:29,1784009729,1,6,12,nepse_official,OPEN,2026-07-14,CZBIL,Citizens Bank International Limited,195.8,195.8,192.0,,193.0,193.5,-0.5,,4804.0,929513.5,27.0,3.8000000000000114,1.9407558733401487,-0.2583979328165375,34426.42592592593,193.48740632805996
2026-07-14T06:15:29+00:00,2026-07-14T12:00:29+05:45,2026-07-14,12:00:29,1784009729,1,6,12,nepse_official,OPEN,2026-07-14,DDBL,Deprosc Laghubitta Bittiya Sanstha Limited,820.0,820.0,815.0,,816.0,816.0,0.0,,1818.0,1485498.0,8.0,5.0,0.6097560975609756,0.0,185687.25,817.1056105610561
2026-07-14T06:15:29+00:00,2026-07-14T12:00:29+05:45,2026-07-14,12:00:29,1784009729,1,6,12,nepse_official,OPEN,2026-07-14,DHEL,Daramkhola Hydro Energy Limited,560.0,570.0,556.3,,561.0,570.0,-9.0,,2072.0,1162344.6,28.0,13.700000000000045,2.4464285714285796,-1.5789473684210527,41512.30714285715,560.9771235521235
2026-07-14T06:15:29+00:00,2026-07-14T12:00:29+05:45,2026-07-14,12:00:29,1784009729,1,6,12,nepse_official,OPEN,2026-07-14,DHPL,Dibyashwori Hydropower Ltd.,257.0,260.0,257.0,,258.0,257.1,0.8999999999999773,,1100.0,284402.0,5.0,3.0,1.1673151750972763,0.3500583430571673,56880.4,258.54727272727274
2026-07-14T06:15:29+00:00,2026-07-14T12:00:29+05:45,2026-07-14,12:00:29,1784009729,1,6,12,nepse_official,OPEN,2026-07-14,DLBS,Dhaulagiri Laghubitta Bittiya Sanstha Limited,1167.0,1167.0,1165.0,,1165.0,1199.9,-34.90000000000009,,30.0,34970.0,3.0,2.0,0.17137960582690662,-2.908575714642894,11656.666666666666,1165.6666666666667
2026-07-14T06:15:29+00:00,2026-07-14T12:00:29+05:45,2026-07-14,12:00:29,1784009729,1,6,12,nepse_official,OPEN,2026-07-14,DOLTI,Dolti Power Company Limited,310.8,314.0,305.0,,307.0,309.0,-2.0,,3514.0,1080503.0,38.0,9.0,2.8957528957528957,-0.6472491909385114,28434.28947368421,307.4852020489471
2026-07-14T06:15:29+00:00,2026-07-14T12:00:29+05:45,2026-07-14,12:00:29,1784009729,1,6,12,nepse_official,OPEN,2026-07-14,DORDI,Dordi Khola Jal Bidyut Company Limited,245.0,245.0,240.0,,241.0,245.7,-4.699999999999989,,3457.0,832653.6,32.0,5.0,2.0408163265306123,-1.9129019129019085,26020.425,240.8601677755279
2026-07-14T06:15:29+00:00,2026-07-14T12:00:29+05:45,2026-07-14,12:00:29,1784009729,1,6,12,nepse_official,OPEN,2026-07-14,EBL,Everest Bank Limited,695.0,695.0,690.3,,692.0,694.0,-2.0,,9345.0,6466023.1,59.0,4.7000000000000455,0.676258992805762,-0.2881844380403458,109593.61186440678,691.9232851792402
2026-07-14T06:15:29+00:00,2026-07-14T12:00:29+05:45,2026-07-14,12:00:29,1784009729,1,6,12,nepse_official,OPEN,2026-07-14,EBLD91,Everest Bank Limited Debenture 2091,1119.0,1120.0,1119.0,,1120.0,1119.0,1.0,,49798.0,55773720.0,6.0,1.0,0.08936550491510277,0.08936550491510277,9295620.0,1119.9991967548897
2026-07-14T06:15:29+00:00,2026-07-14T12:00:29+05:45,2026-07-14,12:00:29,1784009729,1,6,12,nepse_official,OPEN,2026-07-14,EDBL,Excel Development Bank Ltd.,560.0,560.0,552.0,,552.0,560.0,-8.0,,47330.0,26500241.0,8.0,8.0,1.4285714285714286,-1.4285714285714286,3312530.125,559.9036763152335
2026-07-14T06:15:29+00:00,2026-07-14T12:00:29+05:45,2026-07-14,12:00:29,1784009729,1,6,12,nepse_official,OPEN,2026-07-14,EHPL,Eastern Hydropower Limited,345.0,345.0,330.0,,330.0,339.0,-9.0,,4715.0,1561419.0,37.0,15.0,4.3478260869565215,-2.6548672566371683,42200.51351351351,331.159915164369
2026-07-14T06:15:29+00:00,2026-07-14T12:00:29+05:45,2026-07-14,12:00:29,1784009729,1,6,12,nepse_official,OPEN,2026-07-14,ENL,Emerging Nepal Limited,800.0,800.0,762.0,,762.0,784.0,-22.0,,90.0,71061.0,6.0,38.0,4.75,-2.806122448979592,11843.5,789.5666666666667
2026-07-14T06:15:29+00:00,2026-07-14T12:00:29+05:45,2026-07-14,12:00:29,1784009729,1,6,12,nepse_official,OPEN,2026-07-14,FMDBL,First Micro Finance Laghubitta Bittiya Sanstha Limited,750.0,750.0,738.0,,740.0,755.0,-15.0,,1288.0,955980.0,12.0,12.0,1.6,-1.9867549668874174,79665.0,742.22049689441
2026-07-14T06:15:29+00:00,2026-07-14T12:00:29+05:45,2026-07-14,12:00:29,1784009729,1,6,12,nepse_official,OPEN,2026-07-14,FOWAD,Forward Microfinance Laghubitta Bittiya Sanstha Limited,946.0,964.9,940.0,,950.0,960.0,-10.0,,646.0,609339.0,16.0,24.899999999999977,2.632135306553909,-1.0416666666666665,38083.6875,943.249226006192
2026-07-14T06:15:29+00:00,2026-07-14T12:00:29+05:45,2026-07-14,12:00:29,1784009729,1,6,12,nepse_official,OPEN,2026-07-14,GBBL,Garima Bikas Bank Limited,395.3,402.0,395.3,,400.0,396.1,3.8999999999999773,,154.0,61581.0,5.0,6.699999999999989,1.6949152542372854,0.9845998485230943,12316.2,399.8766233766234
2026-07-14T06:15:29+00:00,2026-07-14T12:00:29+05:45,2026-07-14,12:00:29,1784009729,1,6,12,nepse_official,OPEN,2026-07-14,GBIME,Global IME Bank Limited,238.0,240.0,235.0,,235.1,237.5,-2.4000000000000057,,42685.0,10071875.8,98.0,5.0,2.100840336134454,-1.0105263157894762,102774.24285714286,235.95820077310532
2026-07-14T06:15:29+00:00,2026-07-14T12:00:29+05:45,2026-07-14,12:00:29,1784009729,1,6,12,nepse_official,OPEN,2026-07-14,GBIMESY2,Global IME Sammunat Yojana -2,9.4,9.4,9.4,,9.4,9.5,-0.09999999999999964,,100.0,940.0,1.0,0.0,0.0,-1.0526315789473648,940.0,9.4
2026-07-14T06:15:29+00:00,2026-07-14T12:00:29+05:45,2026-07-14,12:00:29,1784009729,1,6,12,nepse_official,OPEN,2026-07-14,GBLBS,Grameen Bikas Laghubitta Bittiya Sanstha Ltd.,718.0,725.0,718.0,,722.0,739.0,-17.0,,382.0,275915.3,10.0,7.0,0.9749303621169917,-2.3004059539918806,27591.53,722.2913612565445
2026-07-14T06:15:29+00:00,2026-07-14T12:00:29+05:45,2026-07-14,12:00:29,1784009729,1,6,12,nepse_official,OPEN,2026-07-14,GCIL,Ghorahi Cement Industry Limited,321.0,326.5,320.3,,323.0,327.0,-4.0,,2892.0,937459.2,45.0,6.199999999999989,1.9314641744548249,-1.2232415902140672,20832.426666666666,324.15601659751036
2026-07-14T06:15:29+00:00,2026-07-14T12:00:29+05:45,2026-07-14,12:00:29,1784009729,1,6,12,nepse_official,OPEN,2026-07-14,GFCL,Goodwill Finance Limited,595.1,595.1,592.1,,592.4,595.1,-2.7000000000000455,,1240.0,735847.5,15.0,3.0,0.504116955133591,-0.45370525962023955,49056.5,593.4254032258065
2026-07-14T06:15:29+00:00,2026-07-14T12:00:29+05:45,2026-07-14,12:00:29,1784009729,1,6,12,nepse_official,OPEN,2026-07-14,GHL,Ghalemdi Hydro Limited,216.0,216.1,213.1,,213.1,216.0,-2.9000000000000057,,17243.0,3699622.5,48.0,3.0,1.3888888888888888,-1.3425925925925952,77075.46875,214.55793655396394
2026-07-14T06:15:29+00:00,2026-07-14T12:00:29+05:45,2026-07-14,12:00:29,1784009729,1,6,12,nepse_official,OPEN,2026-07-14,GIBF1,Global IME Balanced Fund-1,10.27,10.3,10.27,,10.3,10.35,-0.049999999999998934,,200.0,2057.0,2.0,0.030000000000001137,0.29211295034080953,-0.4830917874396033,1028.5,10.285
2026-07-14T06:15:29+00:00,2026-07-14T12:00:29+05:45,2026-07-14,12:00:29,1784009729,1,6,12,nepse_official,OPEN,2026-07-14,GILB,Global IME Laghubitta Bittiya Sanstha Ltd.,1045.0,1046.0,1043.0,,1045.3,1065.0,-19.700000000000045,,390.0,407700.0,4.0,3.0,0.28708133971291866,-1.8497652582159667,101925.0,1045.3846153846155
2026-07-14T06:15:29+00:00,2026-07-14T12:00:29+05:45,2026-07-14,12:00:29,1784009729,1,6,12,nepse_official,OPEN,2026-07-14,GLBSL,Gurans Laghubitta Bittiya Sanstha Limited,1754.9,1754.9,1720.0,,1720.0,1754.9,-34.90000000000009,,164.0,282076.9,3.0,34.90000000000009,1.9887173058293972,-1.9887173058293972,94025.63333333335,1719.9810975609757
2026-07-14T06:15:29+00:00,2026-07-14T12:00:29+05:45,2026-07-14,12:00:29,1784009729,1,6,12,nepse_official,OPEN,2026-07-14,GLH,GreenLife Hydropower Limited,237.2,242.0,237.1,,238.0,240.9,-2.9000000000000057,,12110.0,2885212.5,50.0,4.900000000000006,2.065767284991571,-1.2038190120381924,57704.25,238.25041288191576
2026-07-14T06:15:29+00:00,2026-07-14T12:00:29+05:45,2026-07-14,12:00:29,1784009729,1,6,12,nepse_official,OPEN,2026-07-14,GMFBS,Ganapati Laghubitta Bittiya Sanstha Limited,1232.0,1232.0,1195.1,,1195.1,1174.0,21.09999999999991,,20.0,24271.0,2.0,36.90000000000009,2.9951298701298774,1.7972742759795495,12135.5,1213.55
2026-07-14T06:15:29+00:00,2026-07-14T12:00:29+05:45,2026-07-14,12:00:29,1784009729,1,6,12,nepse_official,OPEN,2026-07-14,GMFIL,Guheshowori Merchant Bank & Finance Co. Ltd.,448.0,448.0,442.0,,442.0,448.0,-6.0,,340.0,150520.0,2.0,6.0,1.3392857142857142,-1.3392857142857142,75260.0,442.70588235294116
2026-07-14T06:15:29+00:00,2026-07-14T12:00:29+05:45,2026-07-14,12:00:29,1784009729,1,6,12,nepse_official,OPEN,2026-07-14,GMLI,Guardian Micro Life Insurance Limited ,1125.1,1148.0,1117.3,,1117.3,1150.0,-32.700000000000045,,170.0,191226.0,11.0,30.700000000000045,2.7286463425473335,-2.8434782608695692,17384.18181818182,1124.8588235294117
2026-07-14T06:15:29+00:00,2026-07-14T12:00:29+05:45,2026-07-14,12:00:29,1784009729,1,6,12,nepse_official,OPEN,2026-07-14,GRDBL,Green Development Bank Ltd.,1027.0,1027.0,1000.0,,1013.0,1027.0,-14.0,,553.0,559203.7,12.0,27.0,2.6290165530671863,-1.3631937682570594,46600.30833333333,1011.2182640144665
2026-07-14T06:15:29+00:00,2026-07-14T12:00:29+05:45,2026-07-14,12:00:29,1784009729,1,6,12,nepse_official,OPEN,2026-07-14,GSY,Garima Samriddhi Yojana,9.95,10.0,9.95,,10.0,9.95,0.05000000000000071,,800.0,7970.0,6.0,0.05000000000000071,0.5025125628140775,0.5025125628140775,1328.3333333333333,9.9625
2026-07-14T06:15:29+00:00,2026-07-14T12:00:29+05:45,2026-07-14,12:00:29,1784009729,1,6,12,nepse_official,OPEN,2026-07-14,GUFL,Gurkhas Finance Ltd.,530.0,531.1,530.0,,531.1,538.5,-7.399999999999977,,1470.0,779165.0,8.0,1.1000000000000227,0.20754716981132507,-1.374187558031565,97395.625,530.0442176870748
2026-07-14T06:15:29+00:00,2026-07-14T12:00:29+05:45,2026-07-14,12:00:29,1784009729,1,6,12,nepse_official,OPEN,2026-07-14,GVL,Green Ventures Limited,463.0,469.0,463.0,,464.0,470.0,-6.0,,1041.0,482560.8,22.0,6.0,1.2958963282937366,-1.276595744680851,21934.581818181818,463.5550432276657
2026-07-14T06:15:29+00:00,2026-07-14T12:00:29+05:45,2026-07-14,12:00:29,1784009729,1,6,12,nepse_official,OPEN,2026-07-14,GWFD83,12 % Goodwill Finance Limited Debenture 2083,1114.0,1134.7,1110.0,,1134.7,1114.0,20.700000000000045,,101.0,113404.7,3.0,24.700000000000045,2.2172351885098784,1.8581687612208302,37801.566666666666,1122.8188118811881
2026-07-14T06:15:29+00:00,2026-07-14T12:00:29+05:45,2026-07-14,12:00:29,1784009729,1,6,12,nepse_official,OPEN,2026-07-14,H8020,Himalayan 80-20,11.5,11.5,11.5,,11.5,11.7,-0.1999999999999993,,100.0,1150.0,1.0,0.0,0.0,-1.7094017094017033,1150.0,11.5
2026-07-14T06:15:29+00:00,2026-07-14T12:00:29+05:45,2026-07-14,12:00:29,1784009729,1,6,12,nepse_official,OPEN,2026-07-14,HATHY,Hathway Investment Nepal Limited,665.1,679.9,662.0,,663.0,679.9,-16.899999999999977,,396.0,262672.6,8.0,17.899999999999977,2.691324612840171,-2.4856596558317365,32834.075,663.3146464646464
2026-07-14T06:15:29+00:00,2026-07-14T12:00:29+05:45,2026-07-14,12:00:29,1784009729,1,6,12,nepse_official,OPEN,2026-07-14,HBL,Himalayan Bank Limited,195.0,195.0,189.0,,189.1,190.8,-1.700000000000017,,10437.0,1979146.5,112.0,6.0,3.076923076923077,-0.8909853249475981,17670.95089285714,189.6279103190572
2026-07-14T06:15:29+00:00,2026-07-14T12:00:29+05:45,2026-07-14,12:00:29,1784009729,1,6,12,nepse_official,OPEN,2026-07-14,HDHPC,Himal Dolakha Hydropower Company Limited,192.8,202.1,192.8,,201.0,202.9,-1.9000000000000057,,9597.0,1935737.5,55.0,9.299999999999983,4.8236514522821485,-0.9364218827008407,35195.22727272727,201.70235490257372
2026-07-14T06:15:29+00:00,2026-07-14T12:00:29+05:45,2026-07-14,12:00:29,1784009729,1,6,12,nepse_official,OPEN,2026-07-14,HDL,Himalayan Distillery Limited,1149.0,1149.0,1138.2,,1139.0,1142.0,-3.0,,9514.0,10860649.7,114.0,10.799999999999955,0.9399477806788472,-0.2626970227670753,95268.85701754385,1141.5440088290939
2026-07-14T06:15:29+00:00,2026-07-14T12:00:29+05:45,2026-07-14,12:00:29,1784009729,1,6,12,nepse_official,OPEN,2026-07-14,HEI,Himalayan Everest Insurance Limited,507.0,515.0,489.9,,515.0,510.0,5.0,,8127.0,4038052.0,31.0,25.100000000000023,4.950690335305724,0.9803921568627451,130259.74193548386,496.8687092408023
2026-07-14T06:15:29+00:00,2026-07-14T12:00:29+05:45,2026-07-14,12:00:29,1784009729,1,6,12,nepse_official,OPEN,2026-07-14,HEIP,Himalayan Everest Insurance Limited Promoter,311.0,311.0,311.0,,311.0,311.1,-0.10000000000002274,,15.0,4665.0,1.0,0.0,0.0,-0.032144005143048125,4665.0,311.0
2026-07-14T06:15:29+00:00,2026-07-14T12:00:29+05:45,2026-07-14,12:00:29,1784009729,1,6,12,nepse_official,OPEN,2026-07-14,HFIN,Hotel Forest Inn Limited,605.0,639.0,605.0,,623.3,635.0,-11.700000000000045,,3925.0,2468301.9,114.0,34.0,5.619834710743802,-1.8425196850393775,21651.77105263158,628.8667261146496
2026-07-14T06:15:29+00:00,2026-07-14T12:00:29+05:45,2026-07-14,12:00:29,1784009729,1,6,12,nepse_official,OPEN,2026-07-14,HHL,Himalayan Hydropower Limited,326.0,326.0,318.0,,318.0,328.0,-10.0,,8467.0,2713049.8,44.0,8.0,2.4539877300613497,-3.048780487804878,61660.222727272725,320.4263375457659
2026-07-14T06:15:29+00:00,2026-07-14T12:00:29+05:45,2026-07-14,12:00:29,1784009729,1,6,12,nepse_official,OPEN,2026-07-14,HIDCL,Hydorelectricity Investment and Development Company Ltd,249.4,249.4,245.0,,245.3,246.6,-1.299999999999983,,9636.0,2367005.9,54.0,4.400000000000006,1.7642341619887754,-0.5271695052716882,43833.44259259259,245.64195724366957
2026-07-14T06:15:29+00:00,2026-07-14T12:00:29+05:45,2026-07-14,12:00:29,1784009729,1,6,12,nepse_official,OPEN,2026-07-14,HIDCLP,Hydorelectricity Investment and Development Company Limited Promoter,182.8,185.3,182.0,,182.5,183.0,-0.5,,33454.0,6107006.0,46.0,3.3000000000000114,1.8052516411378616,-0.273224043715847,132761.0,182.5493513481198
2026-07-14T06:15:29+00:00,2026-07-14T12:00:29+05:45,2026-07-14,12:00:29,1784009729,1,6,12,nepse_official,OPEN,2026-07-14,HIMSTAR,Him Star Urja Company Limited,625.0,642.0,596.1,,600.0,627.0,-27.0,,4042.0,2490602.2,58.0,45.89999999999998,7.343999999999997,-4.30622009569378,42941.41724137931,616.180653142009
2026-07-14T06:15:29+00:00,2026-07-14T12:00:29+05:45,2026-07-14,12:00:29,1784009729,1,6,12,nepse_official,OPEN,2026-07-14,HLBSL,Himalayan Laghubitta Bittiya Sanstha Limited,841.0,880.0,838.0,,864.0,863.0,1.0,,356.0,306144.0,12.0,42.0,4.9940546967895365,0.11587485515643105,25512.0,859.9550561797753
2026-07-14T06:15:29+00:00,2026-07-14T12:00:29+05:45,2026-07-14,12:00:29,1784009729,1,6,12,nepse_official,OPEN,2026-07-14,HLI,Himalayan Life Insurance Limited,317.0,318.0,313.6,,314.0,317.0,-3.0,,6551.0,2063089.7,61.0,4.399999999999977,1.3880126182965227,-0.9463722397476341,33821.14262295082,314.92744619142115
2026-07-14T06:15:29+00:00,2026-07-14T12:00:29+05:45,2026-07-14,12:00:29,1784009729,1,6,12,nepse_official,OPEN,2026-07-14,HLICF,HLI Large Cap Fund,8.7,8.72,8.7,,8.72,8.75,-0.02999999999999936,,200.0,1742.0,2.0,0.02000000000000135,0.22988505747127988,-0.34285714285713553,871.0,8.71
2026-07-14T06:15:29+00:00,2026-07-14T12:00:29+05:45,2026-07-14,12:00:29,1784009729,1,6,12,nepse_official,OPEN,2026-07-14,HPPL,Himalayan Power Partner Ltd.,342.1,348.0,340.1,,340.3,348.5,-8.199999999999989,,22176.0,7595426.9,109.0,7.899999999999977,2.3092662964045534,-2.352941176470585,69682.81559633029,342.5066242784993
2026-07-14T06:15:29+00:00,2026-07-14T12:00:29+05:45,2026-07-14,12:00:29,1784009729,1,6,12,nepse_official,OPEN,2026-07-14,HRL,Himalayan Reinsurance Limited,555.0,560.0,545.1,,546.0,556.0,-10.0,,13246.0,7270018.4,189.0,14.899999999999977,2.6846846846846804,-1.7985611510791366,38465.705820105824,548.8463234183905
2026-07-14T06:15:29+00:00,2026-07-14T12:00:29+05:45,2026-07-14,12:00:29,1784009729,1,6,12,nepse_official,OPEN,2026-07-14,HURJA,Himalaya Urja Bikas Company Limited,224.0,224.0,219.3,,219.3,222.1,-2.799999999999983,,10172.0,2239661.5,40.0,4.699999999999989,2.0982142857142807,-1.2606933813597403,55991.5375,220.17906999606762
2026-07-14T06:15:29+00:00,2026-07-14T12:00:29+05:45,2026-07-14,12:00:29,1784009729,1,6,12,nepse_official,OPEN,2026-07-14,ICFC,ICFC Finance Limited,588.0,588.0,582.0,,582.0,588.0,-6.0,,1919.0,1117937.4,18.0,6.0,1.0204081632653061,-1.0204081632653061,62107.63333333333,582.5624804585722
2026-07-14T06:15:29+00:00,2026-07-14T12:00:29+05:45,2026-07-14,12:00:29,1784009729,1,6,12,nepse_official,OPEN,2026-07-14,ICFCD89,8% ICFC Finance Limited Debenture 2089,1110.0,1110.0,1110.0,,1110.0,1112.0,-2.0,,51.0,56620.0,3.0,0.0,0.0,-0.1798561151079137,18873.333333333332,1110.1960784313726
2026-07-14T06:15:29+00:00,2026-07-14T12:00:29+05:45,2026-07-14,12:00:29,1784009729,1,6,12,nepse_official,OPEN,2026-07-14,IGI,IGI Prudential insurance Limited,424.0,424.0,418.1,,418.2,417.2,1.0,,1121.0,469500.2,12.0,5.899999999999977,1.391509433962259,0.23969319271332695,39125.01666666667,418.8226583407672
2026-07-14T06:15:29+00:00,2026-07-14T12:00:29+05:45,2026-07-14,12:00:29,1784009729,1,6,12,nepse_official,OPEN,2026-07-14,IHL,Ingwa Hydropower Limited,329.0,335.0,329.0,,333.6,337.5,-3.8999999999999773,,914.0,305008.2,11.0,6.0,1.82370820668693,-1.1555555555555488,27728.018181818185,333.7070021881838
2026-07-14T06:15:29+00:00,2026-07-14T12:00:29+05:45,2026-07-14,12:00:29,1784009729,1,6,12,nepse_official,OPEN,2026-07-14,ILBS,Infinity Laghubitta Bittiya Sanstha Limited,816.0,820.0,816.0,,820.0,843.5,-23.5,,40.0,32745.0,5.0,4.0,0.49019607843137253,-2.7860106698280975,6549.0,818.625
2026-07-14T06:15:29+00:00,2026-07-14T12:00:29+05:45,2026-07-14,12:00:29,1784009729,1,6,12,nepse_official,OPEN,2026-07-14,ILI,IME Life Insurance Company Limited,409.0,411.0,406.1,,406.1,409.0,-2.8999999999999773,,919.0,375113.0,42.0,4.899999999999977,1.1980440097799456,-0.7090464547677205,8931.261904761905,408.1751904243743
2026-07-14T06:15:29+00:00,2026-07-14T12:00:29+05:45,2026-07-14,12:00:29,1784009729,1,6,12,nepse_official,OPEN,2026-07-14,JBBL,Jyoti Bikas Bank Limited,335.0,335.0,330.0,,332.0,333.0,-1.0,,6276.0,2080570.1,23.0,5.0,1.4925373134328357,-0.3003003003003003,90459.56956521739,331.51212555768006
2026-07-14T06:15:29+00:00,2026-07-14T12:00:29+05:45,2026-07-14,12:00:29,1784009729,1,6,12,nepse_official,OPEN,2026-07-14,JBLB,Jeevan Bikas Laghubitta  Bittya Sanstha Ltd,1220.0,1223.0,1220.0,,1222.0,1226.0,-4.0,,168.0,205308.0,11.0,3.0,0.24590163934426232,-0.3262642740619902,18664.363636363636,1222.0714285714287
2026-07-14T06:15:29+00:00,2026-07-14T12:00:29+05:45,2026-07-14,12:00:29,1784009729,1,6,12,nepse_official,OPEN,2026-07-14,JFL,Janaki Finance Company Limited,381.0,381.0,378.5,,378.5,381.0,-2.5,,660.0,250843.0,9.0,2.5,0.6561679790026247,-0.6561679790026247,27871.444444444445,380.0651515151515
2026-07-14T06:15:29+00:00,2026-07-14T12:00:29+05:45,2026-07-14,12:00:29,1784009729,1,6,12,nepse_official,OPEN,2026-07-14,JHAPA,Jhapa Energy Limited,1021.1,1135.0,1015.0,,1015.0,1039.1,-24.09999999999991,,4504.0,4677042.0,54.0,120.0,11.752032122221134,-2.3193147916466086,86611.88888888889,1038.4196269982237
2026-07-14T06:15:29+00:00,2026-07-14T12:00:29+05:45,2026-07-14,12:00:29,1784009729,1,6,12,nepse_official,OPEN,2026-07-14,JOSHI,Joshi Hydropower Development Company Ltd,250.0,250.2,246.0,,247.0,250.1,-3.0999999999999943,,5978.0,1477179.5,22.0,4.199999999999989,1.6799999999999953,-1.2395041983206696,67144.52272727272,247.1026262964202
2026-07-14T06:15:29+00:00,2026-07-14T12:00:29+05:45,2026-07-14,12:00:29,1784009729,1,6,12,nepse_official,OPEN,2026-07-14,JSLBB,Janautthan Samudayic Laghubitta Bittya Sanstha Limited,1011.0,1011.0,995.0,,995.0,1015.0,-20.0,,240.0,240600.0,3.0,16.0,1.582591493570722,-1.9704433497536946,80200.0,1002.5
2026-07-14T06:15:29+00:00,2026-07-14T12:00:29+05:45,2026-07-14,12:00:29,1784009729,1,6,12,nepse_official,OPEN,2026-07-14,KAHL,Kalanga Hydro Limited,472.0,485.0,462.0,,464.0,486.0,-22.0,,13640.0,6427189.9,729.0,23.0,4.872881355932203,-4.526748971193416,8816.44705075446,471.20160557184755
2026-07-14T06:15:29+00:00,2026-07-14T12:00:29+05:45,2026-07-14,12:00:29,1784009729,1,6,12,nepse_official,OPEN,2026-07-14,KBL,Kumari Bank Limited,209.8,210.0,205.0,,205.0,208.0,-3.0,,45164.0,9337480.3,104.0,5.0,2.3832221163012393,-1.4423076923076923,89783.46442307693,206.74608759188737
2026-07-14T06:15:29+00:00,2026-07-14T12:00:29+05:45,2026-07-14,12:00:29,1784009729,1,6,12,nepse_official,OPEN,2026-07-14,KBLD89,11% KBL Debenture 2089,1290.0,1290.0,1290.0,,1290.0,1262.0,28.0,,500.0,645000.0,5.0,0.0,0.0,2.218700475435816,129000.0,1290.0
2026-07-14T06:15:29+00:00,2026-07-14T12:00:29+05:45,2026-07-14,12:00:29,1784009729,1,6,12,nepse_official,OPEN,2026-07-14,KBLD90,10% KBL Debenture 2090,1261.0,1267.0,1261.0,,1267.0,1225.0,42.0,,84111.0,106568067.0,4.0,6.0,0.47581284694686754,3.428571428571429,26642016.75,1266.9932232407177
2026-07-14T06:15:29+00:00,2026-07-14T12:00:29+05:45,2026-07-14,12:00:29,1784009729,1,6,12,nepse_official,OPEN,2026-07-14,KDBY,Kumari Dhanabriddhi Yojana,10.53,10.55,10.53,,10.55,10.7,-0.14999999999999858,,800.0,8431.0,8.0,0.02000000000000135,0.18993352326686944,-1.4018691588784915,1053.875,10.53875
2026-07-14T06:15:29+00:00,2026-07-14T12:00:29+05:45,2026-07-14,12:00:29,1784009729,1,6,12,nepse_official,OPEN,2026-07-14,KDL,Kalinchowk Darshan Limited,733.0,750.0,733.0,,736.0,755.0,-19.0,,883.0,651836.9,20.0,17.0,2.3192360163710775,-2.5165562913907285,32591.845,738.2071347678369
2026-07-14T06:15:29+00:00,2026-07-14T12:00:29+05:45,2026-07-14,12:00:29,1784009729,1,6,12,nepse_official,OPEN,2026-07-14,KEF,Kumari Equity Fund,10.36,10.36,10.35,,10.35,10.66,-0.3100000000000005,,800.0,8281.0,4.0,0.009999999999999787,0.09652509652509447,-2.9080675422138884,2070.25,10.35125
2026-07-14T06:15:29+00:00,2026-07-14T12:00:29+05:45,2026-07-14,12:00:29,1784009729,1,6,12,nepse_official,OPEN,2026-07-14,KHPL,Kalinchock Hydropower Limited,870.0,884.0,870.0,,880.1,885.0,-4.899999999999977,,5379.0,4735429.9,57.0,14.0,1.6091954022988506,-0.5536723163841782,83077.71754385966,880.3550659973973
2026-07-14T06:15:29+00:00,2026-07-14T12:00:29+05:45,2026-07-14,12:00:29,1784009729,1,6,12,nepse_official,OPEN,2026-07-14,KKHC,Khanikhola Hydropower Co. Ltd.,245.0,245.0,240.2,,240.2,245.0,-4.800000000000011,,13194.0,3191840.0,35.0,4.800000000000011,1.9591836734693926,-1.9591836734693926,91195.42857142857,241.9160224344399
2026-07-14T06:15:29+00:00,2026-07-14T12:00:29+05:45,2026-07-14,12:00:29,1784009729,1,6,12,nepse_official,OPEN,2026-07-14,KMCDB,Kalika Laghubitta Bittiya Sanstha Ltd,787.5,787.5,735.0,,740.0,766.0,-26.0,,1779.0,1323011.1,23.0,52.5,6.666666666666667,-3.3942558746736298,57522.22173913044,743.6824620573357
2026-07-14T06:15:29+00:00,2026-07-14T12:00:29+05:45,2026-07-14,12:00:29,1784009729,1,6,12,nepse_official,OPEN,2026-07-14,KPCL,Kalika power Company Ltd,451.6,451.6,451.1,,451.1,458.0,-6.899999999999977,,368.0,166032.0,7.0,0.5,0.11071744906997341,-1.5065502183406065,23718.85714285714,451.17391304347825
2026-07-14T06:15:29+00:00,2026-07-14T12:00:29+05:45,2026-07-14,12:00:29,1784009729,1,6,12,nepse_official,OPEN,2026-07-14,KSBBL,Kamana Sewa Bikas Bank Limited,463.0,467.0,463.0,,467.0,468.0,-1.0,,1304.0,605908.0,12.0,4.0,0.8639308855291578,-0.2136752136752137,50492.333333333336,464.65337423312883
2026-07-14T06:15:29+00:00,2026-07-14T12:00:29+05:45,2026-07-14,12:00:29,1784009729,1,6,12,nepse_official,OPEN,2026-07-14,KSY,Kumari Sabal Yojana,9.22,9.77,9.22,,9.77,9.5,0.2699999999999996,,3000.0,29118.0,7.0,0.5499999999999989,5.965292841648577,2.8421052631578902,4159.714285714285,9.706
2026-07-14T06:15:29+00:00,2026-07-14T12:00:29+05:45,2026-07-14,12:00:29,1784009729,1,6,12,nepse_official,OPEN,2026-07-14,LBBL,Lumbini Bikas Bank Ltd.,480.0,480.0,470.0,,470.1,470.2,-0.0999999999999659,,8153.0,3834700.0,25.0,10.0,2.083333333333333,-0.021267545725216056,153388.0,470.3422053231939
2026-07-14T06:15:29+00:00,2026-07-14T12:00:29+05:45,2026-07-14,12:00:29,1784009729,1,6,12,nepse_official,OPEN,2026-07-14,LBBLD89,11% L.B.B.L. Debenture 2089,1318.0,1318.0,1318.0,,1318.0,1315.0,3.0,,15210.0,20046780.0,1.0,0.0,0.0,0.22813688212927757,20046780.0,1318.0
2026-07-14T06:15:29+00:00,2026-07-14T12:00:29+05:45,2026-07-14,12:00:29,1784009729,1,6,12,nepse_official,OPEN,2026-07-14,LBLD86,10% Laxmi Bank Debenture 2086,1173.0,1200.0,1173.0,,1200.0,1156.3,43.700000000000045,,30010.0,35202000.0,2.0,27.0,2.3017902813299234,3.779296030441931,17601000.0,1173.0089970009997
2026-07-14T06:15:29+00:00,2026-07-14T12:00:29+05:45,2026-07-14,12:00:29,1784009729,1,6,12,nepse_official,OPEN,2026-07-14,LEC,Liberty Energy Company Limited,203.0,204.0,200.0,,200.0,203.3,-3.3000000000000114,,20536.0,4114539.8,59.0,4.0,1.9704433497536946,-1.623216920806695,69737.9627118644,200.35741137514609
2026-07-14T06:15:29+00:00,2026-07-14T12:00:29+05:45,2026-07-14,12:00:29,1784009729,1,6,12,nepse_official,OPEN,2026-07-14,LICN,Life Insurance Corporation (Nepal) Limited,803.0,803.0,764.0,,764.0,765.0,-1.0,,130.0,99920.0,6.0,39.0,4.85678704856787,-0.130718954248366,16653.333333333332,768.6153846153846
2026-07-14T06:15:29+00:00,2026-07-14T12:00:29+05:45,2026-07-14,12:00:29,1784009729,1,6,12,nepse_official,OPEN,2026-07-14,LLBS,Laxmi Laghubitta Bittiya Sanstha Ltd.,892.4,892.4,892.4,,892.4,920.0,-27.600000000000023,,13.0,11534.0,2.0,0.0,0.0,-3.000000000000002,5767.0,887.2307692307693
2026-07-14T06:15:29+00:00,2026-07-14T12:00:29+05:45,2026-07-14,12:00:29,1784009729,1,6,12,nepse_official,OPEN,2026-07-14,LSL,Laxmi Sunrise Bank Limited,216.0,216.0,214.0,,214.0,215.1,-1.0999999999999943,,31366.0,6740823.1,35.0,2.0,0.9259259259259258,-0.5113900511390025,192594.9457142857,214.9085984824332
2026-07-14T06:15:29+00:00,2026-07-14T12:00:29+05:45,2026-07-14,12:00:29,1784009729,1,6,12,nepse_official,OPEN,2026-07-14,MABEL,Mabilung Energy Limited,546.0,555.0,545.5,,548.1,562.0,-13.899999999999977,,530.0,290362.0,21.0,9.5,1.73992673992674,-2.473309608540921,13826.761904761905,547.8528301886793
2026-07-14T06:15:29+00:00,2026-07-14T12:00:29+05:45,2026-07-14,12:00:29,1784009729,1,6,12,nepse_official,OPEN,2026-07-14,MAKAR,Makar Jitumaya Suri Hydropower Limited,456.0,456.1,448.0,,448.0,457.0,-9.0,,1470.0,664721.0,6.0,8.100000000000023,1.776315789473689,-1.9693654266958425,110786.83333333333,452.191156462585
2026-07-14T06:15:29+00:00,2026-07-14T12:00:29+05:45,2026-07-14,12:00:29,1784009729,1,6,12,nepse_official,OPEN,2026-07-14,MANDU,Mandu Hydropower Limited,790.0,790.0,788.0,,788.0,787.0,1.0,,50.0,39420.0,2.0,2.0,0.25316455696202533,0.12706480304955528,19710.0,788.4
2026-07-14T06:15:29+00:00,2026-07-14T12:00:29+05:45,2026-07-14,12:00:29,1784009729,1,6,12,nepse_official,OPEN,2026-07-14,MATRI,Matribhumi Lagubitta Bittiya Sanstha Limited,815.0,815.0,790.0,,800.0,813.0,-13.0,,377.0,301499.3,12.0,25.0,3.067484662576687,-1.5990159901599015,25124.941666666666,799.7328912466843
2026-07-14T06:15:29+00:00,2026-07-14T12:00:29+05:45,2026-07-14,12:00:29,1784009729,1,6,12,nepse_official,OPEN,2026-07-14,MBJC,Madhya Bhotekoshi Jalavidyut Company Limited,265.0,266.0,262.0,,266.0,270.0,-4.0,,2510.0,665528.0,43.0,4.0,1.509433962264151,-1.4814814814814816,15477.39534883721,265.15059760956177
2026-07-14T06:15:29+00:00,2026-07-14T12:00:29+05:45,2026-07-14,12:00:29,1784009729,1,6,12,nepse_official,OPEN,2026-07-14,MBL,Machhapuchhre Bank Limited,246.0,246.0,240.2,,244.0,243.8,0.19999999999998863,,11722.0,2843502.2,20.0,5.800000000000011,2.357723577235777,0.0820344544708731,142175.11000000002,242.57824603310016
2026-07-14T06:15:29+00:00,2026-07-14T12:00:29+05:45,2026-07-14,12:00:29,1784009729,1,6,12,nepse_official,OPEN,2026-07-14,MBLEF,MBL Equity Fund,9.91,10.18,9.83,,10.18,9.91,0.2699999999999996,,10800.0,107992.0,8.0,0.34999999999999964,3.531786074672045,2.724520686175576,13499.0,9.99925925925926
2026-07-14T06:15:29+00:00,2026-07-14T12:00:29+05:45,2026-07-14,12:00:29,1784009729,1,6,12,nepse_official,OPEN,2026-07-14,MCHL,Menchhiyam Hydropower Limited,275.0,275.0,266.0,,266.0,275.0,-9.0,,934.0,249020.2,8.0,9.0,3.272727272727273,-3.272727272727273,31127.525,266.6169164882227
2026-07-14T06:15:29+00:00,2026-07-14T12:00:29+05:45,2026-07-14,12:00:29,1784009729,1,6,12,nepse_official,OPEN,2026-07-14,MDB,Miteri Development Bank Limited,561.0,561.0,558.0,,559.0,572.5,-13.5,,1895.0,1060970.0,10.0,3.0,0.53475935828877,-2.3580786026200875,106097.0,559.8786279683377
2026-07-14T06:15:29+00:00,2026-07-14T12:00:29+05:45,2026-07-14,12:00:29,1784009729,1,6,12,nepse_official,OPEN,2026-07-14,MEHL,Manakamana Engineering Hydropower Limited,291.6,293.0,290.0,,290.0,300.0,-10.0,,1465.0,426567.9,19.0,3.0,1.02880658436214,-3.3333333333333335,22450.94210526316,291.1726279863481
2026-07-14T06:15:29+00:00,2026-07-14T12:00:29+05:45,2026-07-14,12:00:29,1784009729,1,6,12,nepse_official,OPEN,2026-07-14,MEL,Modi Energy Limited,203.8,215.0,203.8,,205.0,210.0,-5.0,,4590.0,947119.4,52.0,11.199999999999989,5.495583905789984,-2.380952380952381,18213.834615384614,206.34409586056645
2026-07-14T06:15:29+00:00,2026-07-14T12:00:29+05:45,2026-07-14,12:00:29,1784009729,1,6,12,nepse_official,OPEN,2026-07-14,MEN,Mountain Energy Nepal Limited,553.0,559.0,552.8,,555.0,552.8,2.2000000000000455,,8119.0,4511438.1,48.0,6.2000000000000455,1.1211573236889774,0.3979739507959562,93988.29375,555.6642566818573
2026-07-14T06:15:29+00:00,2026-07-14T12:00:29+05:45,2026-07-14,12:00:29,1784009729,1,6,12,nepse_official,OPEN,2026-07-14,MERO,Mero Microfinance Bittiya Sanstha Ltd.,665.0,665.0,665.0,,665.0,673.0,-8.0,,75.0,49875.0,1.0,0.0,0.0,-1.188707280832095,49875.0,665.0
2026-07-14T06:15:29+00:00,2026-07-14T12:00:29+05:45,2026-07-14,12:00:29,1784009729,1,6,12,nepse_official,OPEN,2026-07-14,MFIL,Manjushree Finance Ltd.,760.0,769.0,759.0,,769.0,769.8,-0.7999999999999545,,5945.0,4517515.5,20.0,10.0,1.3157894736842104,-0.10392309690828196,225875.775,759.8848612279227
2026-07-14T06:15:29+00:00,2026-07-14T12:00:29+05:45,2026-07-14,12:00:29,1784009729,1,6,12,nepse_official,OPEN,2026-07-14,MHCL,Molung Hydropower Company Limited,314.1,314.1,301.0,,301.0,305.0,-4.0,,728.0,220349.0,14.0,13.100000000000023,4.170646290990137,-1.3114754098360655,15739.214285714286,302.6771978021978
2026-07-14T06:15:29+00:00,2026-07-14T12:00:29+05:45,2026-07-14,12:00:29,1784009729,1,6,12,nepse_official,OPEN,2026-07-14,MHL,Mandakini Hydropower Limited,462.3,462.3,456.1,,456.2,468.0,-11.800000000000011,,250.0,115367.0,7.0,6.199999999999989,1.34112048453385,-2.521367521367524,16481.0,461.468
2026-07-14T06:15:29+00:00,2026-07-14T12:00:29+05:45,2026-07-14,12:00:29,1784009729,1,6,12,nepse_official,OPEN,2026-07-14,MHNL,Mountain Hydro Nepal Limited,229.0,229.0,225.0,,225.1,229.0,-3.9000000000000057,,1311.0,296246.0,9.0,4.0,1.7467248908296942,-1.7030567685589544,32916.22222222222,225.96948893974064
2026-07-14T06:15:29+00:00,2026-07-14T12:00:29+05:45,2026-07-14,12:00:29,1784009729,1,6,12,nepse_official,OPEN,2026-07-14,MKCL,Muktinath Krishi Company Limited,1043.0,1045.5,1043.0,,1045.5,1074.0,-28.5,,60.0,62700.0,3.0,2.5,0.23969319271332695,-2.653631284916201,20900.0,1045.0
2026-07-14T06:15:29+00:00,2026-07-14T12:00:29+05:45,2026-07-14,12:00:29,1784009729,1,6,12,nepse_official,OPEN,2026-07-14,MKHC,Maya Khola Hydropower Company Limited,290.0,290.0,282.0,,282.0,286.0,-4.0,,3425.0,968140.0,15.0,8.0,2.7586206896551726,-1.3986013986013985,64542.666666666664,282.6686131386861
2026-07-14T06:15:29+00:00,2026-07-14T12:00:29+05:45,2026-07-14,12:00:29,1784009729,1,6,12,nepse_official,OPEN,2026-07-14,MKHL,Mai Khola Hydropower Limited,458.1,458.2,458.0,,458.0,465.0,-7.0,,279.0,127796.0,11.0,0.19999999999998863,0.043658589827546085,-1.5053763440860215,11617.818181818182,458.0501792114695
2026-07-14T06:15:29+00:00,2026-07-14T12:00:29+05:45,2026-07-14,12:00:29,1784009729,1,6,12,nepse_official,OPEN,2026-07-14,MKJC,Mailung Khola Jal Vidhyut Company Limited,436.1,436.1,434.1,,435.0,447.0,-12.0,,402.0,174874.2,7.0,2.0,0.4586104104563173,-2.684563758389262,24982.028571428575,435.0104477611941
2026-07-14T06:15:29+00:00,2026-07-14T12:00:29+05:45,2026-07-14,12:00:29,1784009729,1,6,12,nepse_official,OPEN,2026-07-14,MLBBL,Mithila LaghuBitta Bittiya Sanstha Limited,1076.7,1087.7,1076.7,,1087.7,1110.0,-22.299999999999955,,143.0,155420.1,3.0,11.0,1.0216401968979287,-2.009009009009005,51806.700000000004,1086.8538461538462
2026-07-14T06:15:29+00:00,2026-07-14T12:00:29+05:45,2026-07-14,12:00:29,1784009729,1,6,12,nepse_official,OPEN,2026-07-14,MLBL,Mahalaxmi Bikas Bank Ltd.,340.1,344.0,340.1,,342.9,343.0,-0.10000000000002274,,1187.0,405290.7,9.0,3.8999999999999773,1.1467215524845566,-0.029154518950443947,45032.3,341.44119629317606
2026-07-14T06:15:29+00:00,2026-07-14T12:00:29+05:45,2026-07-14,12:00:29,1784009729,1,6,12,nepse_official,OPEN,2026-07-14,MLBS,Manushi Laghubitta Bittiya Sanstha Limited,1125.0,1125.1,1120.1,,1120.1,1149.9,-29.800000000000182,,280.0,314268.0,5.0,5.0,0.4444444444444444,-2.5915296982346447,62853.6,1122.3857142857144
2026-07-14T06:15:29+00:00,2026-07-14T12:00:29+05:45,2026-07-14,12:00:29,1784009729,1,6,12,nepse_official,OPEN,2026-07-14,MLBSL,Mahila Lagubitta Bittiya Sanstha Limited ,1633.0,1646.0,1633.0,,1646.0,1665.0,-19.0,,21.0,34423.0,2.0,13.0,0.7960808328230252,-1.1411411411411412,17211.5,1639.1904761904761
2026-07-14T06:15:29+00:00,2026-07-14T12:00:29+05:45,2026-07-14,12:00:29,1784009729,1,6,12,nepse_official,OPEN,2026-07-14,MMF1,Mega Mutual Fund -1,9.59,9.65,9.22,,9.55,9.7,-0.14999999999999858,,533405.0,5024506.8,25.0,0.4299999999999997,4.483837330552657,-1.546391752577305,200980.272,9.419684479898013
2026-07-14T06:15:29+00:00,2026-07-14T12:00:29+05:45,2026-07-14,12:00:29,1784009729,1,6,12,nepse_official,OPEN,2026-07-14,MMKJL,Mathillo Mailun Khola Jalvidhyut Limited,447.7,447.7,440.0,,440.0,449.0,-9.0,,105.0,46399.5,5.0,7.699999999999989,1.7199017199017175,-2.0044543429844097,9279.9,441.9
2026-07-14T06:15:29+00:00,2026-07-14T12:00:29+05:45,2026-07-14,12:00:29,1784009729,1,6,12,nepse_official,OPEN,2026-07-14,MNBBL,Muktinath Bikas Bank Ltd.,362.8,364.0,358.0,,358.0,360.0,-2.0,,6008.0,2165026.9,41.0,6.0,1.65380374862183,-0.5555555555555556,52805.53414634146,360.35734021304927
2026-07-14T06:15:29+00:00,2026-07-14T12:00:29+05:45,2026-07-14,12:00:29,1784009729,1,6,12,nepse_official,OPEN,2026-07-14,MNMF1,Muktinath Mutual Fund 1,9.8,9.85,9.8,,9.85,9.8,0.049999999999998934,,3745.0,36756.0,4.0,0.049999999999998934,0.5102040816326422,0.5102040816326422,9189.0,9.814686248331109
2026-07-14T06:15:29+00:00,2026-07-14T12:00:29+05:45,2026-07-14,12:00:29,1784009729,1,6,12,nepse_official,OPEN,2026-07-14,MPFL,Multipurpose Finance Company  Limited,605.0,605.0,590.1,,591.0,599.9,-8.899999999999977,,3550.0,2121909.0,10.0,14.899999999999977,2.462809917355368,-1.483580596766124,212190.9,597.7208450704226
2026-07-14T06:15:29+00:00,2026-07-14T12:00:29+05:45,2026-07-14,12:00:29,1784009729,1,6,12,nepse_official,OPEN,2026-07-14,MSHL,Mid Solu Hydropower Limited,585.0,602.0,580.0,,602.0,596.0,6.0,,296.0,173494.2,12.0,22.0,3.7606837606837606,1.006711409395973,14457.85,586.1290540540541
2026-07-14T06:15:29+00:00,2026-07-14T12:00:29+05:45,2026-07-14,12:00:29,1784009729,1,6,12,nepse_official,OPEN,2026-07-14,MSLB,Mahuli Laghubitta Bittiya Sanstha Limited,1194.1,1194.1,1194.1,,1194.1,1209.0,-14.900000000000091,,40.0,47764.0,4.0,0.0,0.0,-1.232423490488014,11941.0,1194.1
2026-07-14T06:15:29+00:00,2026-07-14T12:00:29+05:45,2026-07-14,12:00:29,1784009729,1,6,12,nepse_official,OPEN,2026-07-14,NABBC,Narayani Development Bank Limited,720.0,729.0,701.0,,710.0,713.3,-3.2999999999999545,,79726.0,56888160.0,20.0,28.0,3.888888888888889,-0.46263844104864077,2844408.0,713.5458946893109
2026-07-14T06:15:29+00:00,2026-07-14T12:00:29+05:45,2026-07-14,12:00:29,1784009729,1,6,12,nepse_official,OPEN,2026-07-14,NABIL,Nabil Bank Limited,525.1,528.0,525.1,,526.9,526.3,0.6000000000000227,,9315.0,4903403.5,78.0,2.8999999999999773,0.5522757569986625,0.11400342010260742,62864.14743589744,526.3986580783683
2026-07-14T06:15:29+00:00,2026-07-14T12:00:29+05:45,2026-07-14,12:00:29,1784009729,1,6,12,nepse_official,OPEN,2026-07-14,NBF2,NABIL BALANCED FUND-2,10.0,10.0,10.0,,10.0,10.03,-0.02999999999999936,,100.0,1000.0,1.0,0.0,0.0,-0.29910269192422095,1000.0,10.0
2026-07-14T06:15:29+00:00,2026-07-14T12:00:29+05:45,2026-07-14,12:00:29,1784009729,1,6,12,nepse_official,OPEN,2026-07-14,NBF3,Nabil Balanced Fund-3,9.98,10.1,9.98,,10.0,9.98,0.019999999999999574,,5636.0,56381.6,6.0,0.11999999999999922,1.2024048096192306,0.20040080160320214,9396.933333333332,10.003832505322924
2026-07-14T06:15:29+00:00,2026-07-14T12:00:29+05:45,2026-07-14,12:00:29,1784009729,1,6,12,nepse_official,OPEN,2026-07-14,NBL,Nepal Bank Limited,267.9,267.9,257.0,,257.0,261.0,-4.0,,21488.0,5563364.5,67.0,10.899999999999977,4.06868234415826,-1.532567049808429,83035.29104477612,258.90564501116904
2026-07-14T06:15:29+00:00,2026-07-14T12:00:29+05:45,2026-07-14,12:00:29,1784009729,1,6,12,nepse_official,OPEN,2026-07-14,NBLD85,Nabil Debenture 2085,1079.0,1079.0,1079.0,,1079.0,1081.0,-2.0,,200000.0,215800000.0,2.0,0.0,0.0,-0.18501387604070307,107900000.0,1079.0
2026-07-14T06:15:29+00:00,2026-07-14T12:00:29+05:45,2026-07-14,12:00:29,1784009729,1,6,12,nepse_official,OPEN,2026-07-14,NBLD87,8.5% Nepal Bank Debenture 2087,1151.0,1151.0,1151.0,,1151.0,1174.5,-23.5,,146386.0,168490286.0,3.0,0.0,0.0,-2.0008514261387824,56163428.666666664,1151.0
2026-07-14T06:15:29+00:00,2026-07-14T12:00:29+05:45,2026-07-14,12:00:29,1784009729,1,6,12,nepse_official,OPEN,2026-07-14,NESDO,NESDO Sambridha Laghubitta Bittiya Sanstha Limited,1442.0,1500.0,1442.0,,1500.0,1485.0,15.0,,242.0,357253.0,8.0,58.0,4.0221914008321775,1.0101010101010102,44656.625,1476.2520661157025
2026-07-14T06:15:29+00:00,2026-07-14T12:00:29+05:45,2026-07-14,12:00:29,1784009729,1,6,12,nepse_official,OPEN,2026-07-14,NFS,Nepal Finance Ltd.,561.0,562.1,550.0,,550.3,560.1,-9.800000000000068,,2901.0,1614497.4,30.0,12.100000000000023,2.1568627450980435,-1.7496875557936202,53816.579999999994,556.5313340227508
2026-07-14T06:15:29+00:00,2026-07-14T12:00:29+05:45,2026-07-14,12:00:29,1784009729,1,6,12,nepse_official,OPEN,2026-07-14,NGPL,Ngadi Group Power Ltd.,404.0,404.0,394.0,,394.9,399.0,-4.100000000000023,,26814.0,10647193.8,83.0,10.0,2.4752475247524752,-1.0275689223057702,128279.44337349398,397.0759230252853
2026-07-14T06:15:29+00:00,2026-07-14T12:00:29+05:45,2026-07-14,12:00:29,1784009729,1,6,12,nepse_official,OPEN,2026-07-14,NHDL,Nepal Hydro Developers Ltd.,620.0,620.0,615.0,,615.0,627.0,-12.0,,226.0,139970.7,6.0,5.0,0.8064516129032258,-1.9138755980861244,23328.45,619.3393805309735
2026-07-14T06:15:29+00:00,2026-07-14T12:00:29+05:45,2026-07-14,12:00:29,1784009729,1,6,12,nepse_official,OPEN,2026-07-14,NHPC,National Hydro Power Company Limited,251.9,251.9,241.0,,241.0,248.0,-7.0,,44366.0,10790932.2,169.0,10.900000000000006,4.3271139341008364,-2.82258064516129,63851.6698224852,243.22526709642517
2026-07-14T06:15:29+00:00,2026-07-14T12:00:29+05:45,2026-07-14,12:00:29,1784009729,1,6,12,nepse_official,OPEN,2026-07-14,NIBLGF,NIBL Growth Fund,8.99,8.99,8.99,,8.99,9.0,-0.009999999999999787,,200.0,1798.0,2.0,0.0,0.0,-0.11111111111110875,899.0,8.99
2026-07-14T06:15:29+00:00,2026-07-14T12:00:29+05:45,2026-07-14,12:00:29,1784009729,1,6,12,nepse_official,OPEN,2026-07-14,NIBLSTF,NIBL Stable Fund,8.67,8.93,8.61,,8.86,8.42,0.4399999999999995,,12860.0,111343.8,9.0,0.3200000000000003,3.6908881199538675,5.225653206650825,12371.533333333333,8.658149300155522
2026-07-14T06:15:29+00:00,2026-07-14T12:00:29+05:45,2026-07-14,12:00:29,1784009729,1,6,12,nepse_official,OPEN,2026-07-14,NIBSF2,NIBL Samriddhi Fund -2,8.71,8.71,8.71,,8.71,8.46,0.25,,1100.0,9581.0,4.0,0.0,0.0,2.9550827423167845,2395.25,8.71
2026-07-14T06:15:29+00:00,2026-07-14T12:00:29+05:45,2026-07-14,12:00:29,1784009729,1,6,12,nepse_official,OPEN,2026-07-14,NICA,NIC Asia Bank Ltd.,329.0,329.0,321.0,,321.0,323.4,-2.3999999999999773,,4830.0,1556575.0,34.0,8.0,2.43161094224924,-0.7421150278293065,45781.617647058825,322.2722567287785
2026-07-14T06:15:29+00:00,2026-07-14T12:00:29+05:45,2026-07-14,12:00:29,1784009729,1,6,12,nepse_official,OPEN,2026-07-14,NICAD2091,7% NIC ASIA Debenture 2091,1074.0,1074.0,1074.0,,1074.0,1074.0,0.0,,98079.0,105336846.0,1.0,0.0,0.0,0.0,105336846.0,1074.0
2026-07-14T06:15:29+00:00,2026-07-14T12:00:29+05:45,2026-07-14,12:00:29,1784009729,1,6,12,nepse_official,OPEN,2026-07-14,NICAD85/86,10% NIC Asia Debenture 2085/86,1139.0,1139.0,1139.0,,1139.0,1154.0,-15.0,,10025.0,11418475.0,1.0,0.0,0.0,-1.2998266897746966,11418475.0,1139.0
2026-07-14T06:15:29+00:00,2026-07-14T12:00:29+05:45,2026-07-14,12:00:29,1784009729,1,6,12,nepse_official,OPEN,2026-07-14,NICD88,NIC ASIA Rinpatra 2088,1109.0,1137.0,1109.0,,1137.0,1077.0,60.0,,2974.0,3381153.0,4.0,28.0,2.5247971145175834,5.571030640668524,845288.25,1136.904169468729
2026-07-14T06:15:29+00:00,2026-07-14T12:00:29+05:45,2026-07-14,12:00:29,1784009729,1,6,12,nepse_official,OPEN,2026-07-14,NICFC,NIC Asia Flexi CAP Fund,9.17,9.17,9.17,,9.17,9.16,0.009999999999999787,,1600.0,14672.0,7.0,0.0,0.0,0.10917030567685357,2096.0,9.17
2026-07-14T06:15:29+00:00,2026-07-14T12:00:29+05:45,2026-07-14,12:00:29,1784009729,1,6,12,nepse_official,OPEN,2026-07-14,NICGF2,NIC ASIA Growth Fund-2,9.0,9.15,9.0,,9.15,9.15,0.0,,7900.0,72270.0,3.0,0.15000000000000036,1.6666666666666705,0.0,24090.0,9.148101265822785
2026-07-14T06:15:29+00:00,2026-07-14T12:00:29+05:45,2026-07-14,12:00:29,1784009729,1,6,12,nepse_official,OPEN,2026-07-14,NICL,Nepal Insurance Co. Ltd.,503.0,503.0,497.1,,500.0,503.0,-3.0,,2347.0,1168680.8,13.0,5.899999999999977,1.1729622266401545,-0.5964214711729622,89898.52307692308,497.94665530464425
2026-07-14T06:15:29+00:00,2026-07-14T12:00:29+05:45,2026-07-14,12:00:29,1784009729,1,6,12,nepse_official,OPEN,2026-07-14,NICLBSL,NIC ASIA Laghubitta Bittiya Sanstha Limited,543.1,543.2,534.0,,534.0,545.0,-11.0,,2579.0,1387836.2,25.0,9.200000000000045,1.6939790093905442,-2.0183486238532113,55513.448,538.129585110508
2026-07-14T06:15:29+00:00,2026-07-14T12:00:29+05:45,2026-07-14,12:00:29,1784009729,1,6,12,nepse_official,OPEN,2026-07-14,NICSF,NIC Asia Select Fund 30,9.35,9.35,9.35,,9.35,9.2,0.15000000000000036,,10100.0,94435.0,2.0,0.0,0.0,1.6304347826086998,47217.5,9.35
2026-07-14T06:15:29+00:00,2026-07-14T12:00:29+05:45,2026-07-14,12:00:29,1784009729,1,6,12,nepse_official,OPEN,2026-07-14,NIFRA,Nepal Infrastructure Bank Limited,240.0,245.0,240.0,,240.8,244.0,-3.1999999999999886,,9861.0,2387908.5,87.0,5.0,2.083333333333333,-1.3114754098360608,27447.224137931036,242.15682993611196
2026-07-14T06:15:29+00:00,2026-07-14T12:00:29+05:45,2026-07-14,12:00:29,1784009729,1,6,12,nepse_official,OPEN,2026-07-14,NIFRAUR85/86,NIFRA Uraj Rinpatra7%-2085/86,1050.0,1050.0,1050.0,,1050.0,1050.0,0.0,,25.0,26250.0,1.0,0.0,0.0,0.0,26250.0,1050.0
2026-07-14T06:15:29+00:00,2026-07-14T12:00:29+05:45,2026-07-14,12:00:29,1784009729,1,6,12,nepse_official,OPEN,2026-07-14,NIL,Neco Insurance Limited,602.09,608.0,600.0,,602.0,605.0,-3.0,,424.0,255948.6,10.0,8.0,1.3287050108787721,-0.49586776859504134,25594.86,603.652358490566
2026-07-14T06:15:29+00:00,2026-07-14T12:00:29+05:45,2026-07-14,12:00:29,1784009729,1,6,12,nepse_official,OPEN,2026-07-14,NIMB,Nepal Investment Mega Bank Limited,188.5,190.0,187.5,,188.3,188.1,0.20000000000001705,,7155.0,1347728.0,57.0,2.5,1.3262599469496021,0.10632642211590487,23644.35087719298,188.36170510132774
2026-07-14T06:15:29+00:00,2026-07-14T12:00:29+05:45,2026-07-14,12:00:29,1784009729,1,6,12,nepse_official,OPEN,2026-07-14,NIMBD90,10% NIMB Debenture 2090,1274.0,1274.0,1274.0,,1274.0,1248.3,25.700000000000045,,77623.0,98891702.0,1.0,0.0,0.0,2.0587999679564244,98891702.0,1274.0
2026-07-14T06:15:29+00:00,2026-07-14T12:00:29+05:45,2026-07-14,12:00:29,1784009729,1,6,12,nepse_official,OPEN,2026-07-14,NIMBPO,Nepal Investment Mega Bank Ltd. Promoter Share,139.7,139.7,139.7,,139.7,143.1,-3.4000000000000057,,5226.0,730072.2,1.0,0.0,0.0,-2.3759608665269085,730072.2,139.7
2026-07-14T06:15:29+00:00,2026-07-14T12:00:29+05:45,2026-07-14,12:00:29,1784009729,1,6,12,nepse_official,OPEN,2026-07-14,NLG,NLG Insurance Company Ltd.,580.0,580.0,546.0,,546.2,565.0,-18.799999999999955,,3453.0,1901964.0,26.0,34.0,5.862068965517241,-3.327433628318576,73152.46153846153,550.8149435273675
2026-07-14T06:15:29+00:00,2026-07-14T12:00:29+05:45,2026-07-14,12:00:29,1784009729,1,6,12,nepse_official,OPEN,2026-07-14,NLIC,Nepal Life Insurance Co. Ltd.,775.0,775.0,738.0,,739.0,739.0,0.0,,3636.0,2687465.5,33.0,37.0,4.774193548387097,0.0,81438.34848484848,739.1269251925193
2026-07-14T06:15:29+00:00,2026-07-14T12:00:29+05:45,2026-07-14,12:00:29,1784009729,1,6,12,nepse_official,OPEN,2026-07-14,NLICL,National Life Insurance Co. Ltd.,570.0,570.0,567.0,,567.0,570.0,-3.0,,1318.0,747634.0,9.0,3.0,0.5263157894736842,-0.5263157894736842,83070.44444444444,567.2488619119879
2026-07-14T06:15:29+00:00,2026-07-14T12:00:29+05:45,2026-07-14,12:00:29,1784009729,1,6,12,nepse_official,OPEN,2026-07-14,NMB,NMB Bank Limited,235.0,236.0,234.0,,234.1,235.9,-1.8000000000000114,,6215.0,1460418.8,26.0,2.0,0.851063829787234,-0.7630351844001744,56169.95384615385,234.98291230893003
2026-07-14T06:15:29+00:00,2026-07-14T12:00:29+05:45,2026-07-14,12:00:29,1784009729,1,6,12,nepse_official,OPEN,2026-07-14,NMBD87/88,NMB Debenture 8.50% - 2087/88,1105.0,1105.0,1105.0,,1105.0,1135.0,-30.0,,25.0,27625.0,1.0,0.0,0.0,-2.643171806167401,27625.0,1105.0
2026-07-14T06:15:29+00:00,2026-07-14T12:00:29+05:45,2026-07-14,12:00:29,1784009729,1,6,12,nepse_official,OPEN,2026-07-14,NMBHF2,NMB Hybrid Fund L- II,9.51,9.51,9.51,,9.51,9.51,0.0,,850.0,8083.5,4.0,0.0,0.0,0.0,2020.875,9.51
2026-07-14T06:15:29+00:00,2026-07-14T12:00:29+05:45,2026-07-14,12:00:29,1784009729,1,6,12,nepse_official,OPEN,2026-07-14,NMBMF,NMB  Microfinance Bittiya Sanstha Ltd.,588.0,588.0,585.0,,585.0,595.0,-10.0,,349.0,204490.0,7.0,3.0,0.5102040816326531,-1.680672268907563,29212.85714285714,585.9312320916905
2026-07-14T06:15:29+00:00,2026-07-14T12:00:29+05:45,2026-07-14,12:00:29,1784009729,1,6,12,nepse_official,OPEN,2026-07-14,NMFBS,National Laghubitta Bittiya Sanstha Limited,1100.0,1100.0,1090.0,,1090.0,1104.1,-14.099999999999909,,1786.0,1952421.4,24.0,10.0,0.9090909090909091,-1.2770582374784811,81350.89166666666,1093.1810750279956
2026-07-14T06:15:29+00:00,2026-07-14T12:00:29+05:45,2026-07-14,12:00:29,1784009729,1,6,12,nepse_official,OPEN,2026-07-14,NMIC,Nepal Micro Insurance Company Limited,881.0,881.0,860.0,,860.0,885.0,-25.0,,1008.0,872196.0,23.0,21.0,2.383654937570942,-2.824858757062147,37921.565217391304,865.2738095238095
2026-07-14T06:15:29+00:00,2026-07-14T12:00:29+05:45,2026-07-14,12:00:29,1784009729,1,6,12,nepse_official,OPEN,2026-07-14,NMLBBL,Nerude Mirmire Laghubitta Bittiya Sanstha Limited,528.0,528.0,516.0,,520.0,528.0,-8.0,,284.0,147333.0,6.0,12.0,2.272727272727273,-1.5151515151515151,24555.5,518.7781690140845
2026-07-14T06:15:29+00:00,2026-07-14T12:00:29+05:45,2026-07-14,12:00:29,1784009729,1,6,12,nepse_official,OPEN,2026-07-14,NRIC,Nepal Reinsurance Company Limited,921.0,939.8,910.0,,915.0,925.0,-10.0,,3726.0,3413780.2,51.0,29.799999999999955,3.235613463626488,-1.0810810810810811,66936.86666666667,916.2050993022008
2026-07-14T06:15:29+00:00,2026-07-14T12:00:29+05:45,2026-07-14,12:00:29,1784009729,1,6,12,nepse_official,OPEN,2026-07-14,NRM,Nepal Republic Media Limited,305.0,306.0,295.1,,300.0,304.0,-4.0,,5239.0,1570248.0,36.0,10.899999999999977,3.5737704918032716,-1.3157894736842104,43618.0,299.72284787173123
2026-07-14T06:15:29+00:00,2026-07-14T12:00:29+05:45,2026-07-14,12:00:29,1784009729,1,6,12,nepse_official,OPEN,2026-07-14,NRN,NRN Infrastructure and Development Limited,1300.0,1367.7,1300.0,,1336.0,1346.0,-10.0,,11542.0,15466852.0,77.0,67.70000000000005,5.207692307692311,-0.7429420505200593,200868.2077922078,1340.049558135505
2026-07-14T06:15:29+00:00,2026-07-14T12:00:29+05:45,2026-07-14,12:00:29,1784009729,1,6,12,nepse_official,OPEN,2026-07-14,NSIF2,NMB Sulav Investment Fund - 2,10.87,10.87,10.87,,10.87,10.56,0.3099999999999987,,100.0,1087.0,1.0,0.0,0.0,2.935606060606048,1087.0,10.87
2026-07-14T06:15:29+00:00,2026-07-14T12:00:29+05:45,2026-07-14,12:00:29,1784009729,1,6,12,nepse_official,OPEN,2026-07-14,NSY,Nepal Life Samriddhi Lagani Yojana,9.08,9.3,9.06,,9.08,9.31,-0.23000000000000043,,700.0,6375.0,7.0,0.2400000000000002,2.643171806167403,-2.470461868958114,910.7142857142857,9.107142857142858
2026-07-14T06:15:29+00:00,2026-07-14T12:00:29+05:45,2026-07-14,12:00:29,1784009729,1,6,12,nepse_official,OPEN,2026-07-14,NTC,Nepal Doorsanchar Company Limited,846.0,848.0,846.0,,846.0,846.0,0.0,,2630.0,2229494.5,29.0,2.0,0.2364066193853428,0.0,76879.12068965517,847.7165399239544
2026-07-14T06:15:29+00:00,2026-07-14T12:00:29+05:45,2026-07-14,12:00:29,1784009729,1,6,12,nepse_official,OPEN,2026-07-14,NUBL,Nirdhan Utthan Laghubitta Bittiya Sanstha Limited,590.5,590.5,582.2,,582.2,590.2,-8.0,,337.0,197160.6,8.0,8.299999999999955,1.4055884843353013,-1.3554727211114874,24645.075,585.046290801187
2026-07-14T06:15:29+00:00,2026-07-14T12:00:29+05:45,2026-07-14,12:00:29,1784009729,1,6,12,nepse_official,OPEN,2026-07-14,NWCL,Nepal Warehousing Company Limited ,691.0,695.0,691.0,,695.0,695.0,0.0,,60.0,41540.0,4.0,4.0,0.5788712011577424,0.0,10385.0,692.3333333333334
2026-07-14T06:15:29+00:00,2026-07-14T12:00:29+05:45,2026-07-14,12:00:29,1784009729,1,6,12,nepse_official,OPEN,2026-07-14,NYADI,Nyadi Hydropower Limited,358.9,359.9,341.0,,350.0,349.5,0.5,,1637.0,572173.0,23.0,18.899999999999977,5.266090833101137,0.14306151645207438,24877.08695652174,349.52535125229076
2026-07-14T06:15:29+00:00,2026-07-14T12:00:29+05:45,2026-07-14,12:00:29,1784009729,1,6,12,nepse_official,OPEN,2026-07-14,OHL,Oriental Hotels Limited,670.0,670.0,655.0,,655.0,665.1,-10.100000000000023,,1296.0,866068.0,8.0,15.0,2.2388059701492535,-1.5185686362952973,108258.5,668.2623456790124
2026-07-14T06:15:29+00:00,2026-07-14T12:00:29+05:45,2026-07-14,12:00:29,1784009729,1,6,12,nepse_official,OPEN,2026-07-14,OMPL,Om Megashree Pharmaceuticals Limited,861.0,873.5,848.0,,864.0,866.0,-2.0,,515.0,440780.7,23.0,25.5,2.961672473867596,-0.23094688221709006,19164.378260869566,855.8848543689321
2026-07-14T06:15:29+00:00,2026-07-14T12:00:29+05:45,2026-07-14,12:00:29,1784009729,1,6,12,nepse_official,OPEN,2026-07-14,PBD88,10% Prime Debenture 2088,1270.0,1270.0,1270.0,,1270.0,1270.0,0.0,,305.0,387475.0,4.0,0.0,0.0,0.0,96868.75,1270.4098360655737
2026-07-14T06:15:29+00:00,2026-07-14T12:00:29+05:45,2026-07-14,12:00:29,1784009729,1,6,12,nepse_official,OPEN,2026-07-14,PBLD86,10.25% Prabhu Bank  Debenture 2086,1218.4,1218.4,1218.4,,1218.4,1183.0,35.40000000000009,,10.0,12184.0,1.0,0.0,0.0,2.9923922231614615,12184.0,1218.4
2026-07-14T06:15:29+00:00,2026-07-14T12:00:29+05:45,2026-07-14,12:00:29,1784009729,1,6,12,nepse_official,OPEN,2026-07-14,PBLD87,8.5% Prabhu Bank Debenture 2087,1110.0,1110.0,1110.0,,1110.0,1140.0,-30.0,,25.0,27750.0,1.0,0.0,0.0,-2.631578947368421,27750.0,1110.0
2026-07-14T06:15:29+00:00,2026-07-14T12:00:29+05:45,2026-07-14,12:00:29,1784009729,1,6,12,nepse_official,OPEN,2026-07-14,PCBL,Prime Commercial Bank Ltd.,231.0,232.6,229.1,,230.0,231.6,-1.5999999999999943,,4593.0,1057038.3,22.0,3.5,1.5151515151515151,-0.6908462867012065,48047.19545454546,230.1411495754409
2026-07-14T06:15:29+00:00,2026-07-14T12:00:29+05:45,2026-07-14,12:00:29,1784009729,1,6,12,nepse_official,OPEN,2026-07-14,PCIL,Palpa Cement Industries Limited,585.1,590.0,575.0,,575.0,590.0,-15.0,,9420.0,5455797.3,191.0,15.0,2.5636643308836096,-2.5423728813559325,28564.383769633507,579.1716878980892
2026-07-14T06:15:29+00:00,2026-07-14T12:00:29+05:45,2026-07-14,12:00:29,1784009729,1,6,12,nepse_official,OPEN,2026-07-14,PHCL,Peoples Hydropower Company Limited,287.5,288.5,280.0,,284.0,289.5,-5.5,,16934.0,4810063.2,57.0,8.5,2.9565217391304346,-1.8998272884283247,84387.07368421053,284.04766741466875
2026-07-14T06:15:29+00:00,2026-07-14T12:00:29+05:45,2026-07-14,12:00:29,1784009729,1,6,12,nepse_official,OPEN,2026-07-14,PMHPL,Panchakanya Mai Hydropower Ltd,304.0,304.0,301.0,,301.0,304.0,-3.0,,210.0,63252.0,4.0,3.0,0.9868421052631579,-0.9868421052631579,15813.0,301.2
2026-07-14T06:15:29+00:00,2026-07-14T12:00:29+05:45,2026-07-14,12:00:29,1784009729,1,6,12,nepse_official,OPEN,2026-07-14,PMLI,Prabhu Mahalaxmi Life Insurance Limited,430.0,439.0,427.2,,428.0,434.1,-6.100000000000023,,2154.0,926053.8,25.0,11.800000000000011,2.7441860465116306,-1.4052061736927028,37042.152,429.92284122562677
2026-07-14T06:15:29+00:00,2026-07-14T12:00:29+05:45,2026-07-14,12:00:29,1784009729,1,6,12,nepse_official,OPEN,2026-07-14,PPCL,Panchthar Power Compant Limited,327.0,327.0,317.4,,324.0,324.0,0.0,,1075.0,341832.0,9.0,9.600000000000023,2.9357798165137687,0.0,37981.333333333336,317.98325581395346
2026-07-14T06:15:29+00:00,2026-07-14T12:00:29+05:45,2026-07-14,12:00:29,1784009729,1,6,12,nepse_official,OPEN,2026-07-14,PPL,People's Power Limited,302.1,320.4,302.1,,317.0,318.0,-1.0,,6691.0,2123690.8,35.0,18.299999999999955,6.057596822244275,-0.3144654088050315,60676.88,317.3951277835899
2026-07-14T06:15:29+00:00,2026-07-14T12:00:29+05:45,2026-07-14,12:00:29,1784009729,1,6,12,nepse_official,OPEN,2026-07-14,PRIN,Prabhu Insurance Ltd.,676.8,676.8,670.0,,670.0,676.8,-6.7999999999999545,,34.0,22726.0,2.0,6.7999999999999545,1.0047281323877002,-1.0047281323877002,11363.0,668.4117647058823
2026-07-14T06:15:29+00:00,2026-07-14T12:00:29+05:45,2026-07-14,12:00:29,1784009729,1,6,12,nepse_official,OPEN,2026-07-14,PROFL,Progressive Finance Limited,422.5,427.9,415.0,,415.1,423.0,-7.899999999999977,,1872.0,778747.5,12.0,12.899999999999977,3.053254437869817,-1.8676122931442027,64895.625,415.99759615384613
2026-07-14T06:15:29+00:00,2026-07-14T12:00:29+05:45,2026-07-14,12:00:29,1784009729,1,6,12,nepse_official,OPEN,2026-07-14,PRSF,Prabhu Smart Fund,12.45,12.51,12.45,,12.51,12.6,-0.08999999999999986,,400.0,4986.0,2.0,0.0600000000000005,0.48192771084337754,-0.7142857142857131,2493.0,12.465
2026-07-14T06:15:29+00:00,2026-07-14T12:00:29+05:45,2026-07-14,12:00:29,1784009729,1,6,12,nepse_official,OPEN,2026-07-14,PRVU,Prabhu  Bank Limited,190.0,190.0,187.0,,187.5,188.0,-0.5,,9536.0,1790864.6,63.0,3.0,1.5789473684210527,-0.26595744680851063,28426.422222222223,187.8003984899329
2026-07-14T06:15:29+00:00,2026-07-14T12:00:29+05:45,2026-07-14,12:00:29,1784009729,1,6,12,nepse_official,OPEN,2026-07-14,PSF,Prabhu Select Fund,11.02,11.6,11.02,,11.52,11.6,-0.08000000000000007,,1800.0,20804.0,5.0,0.5800000000000001,5.263157894736843,-0.6896551724137937,4160.8,11.557777777777778
2026-07-14T06:15:29+00:00,2026-07-14T12:00:29+05:45,2026-07-14,12:00:29,1784009729,1,6,12,nepse_official,OPEN,2026-07-14,PURE,Pure Energy Limited,723.0,736.0,714.0,,714.0,723.0,-9.0,,1173.0,838770.3,26.0,22.0,3.0428769017980635,-1.2448132780082988,32260.396153846155,715.0641943734016
2026-07-14T06:15:29+00:00,2026-07-14T12:00:29+05:45,2026-07-14,12:00:29,1784009729,1,6,12,nepse_official,OPEN,2026-07-14,RADHI,Radhi Bidyut Company Ltd,705.0,705.0,683.9,,690.0,693.3,-3.2999999999999545,,2898.0,2010655.0,28.0,21.100000000000023,2.992907801418443,-0.47598442232799,71809.10714285714,693.8077984817115
2026-07-14T06:15:29+00:00,2026-07-14T12:00:29+05:45,2026-07-14,12:00:29,1784009729,1,6,12,nepse_official,OPEN,2026-07-14,RAWA,Rawa Energy Development Limited,426.0,426.0,399.0,,399.0,406.0,-7.0,,9380.0,3777467.0,46.0,27.0,6.338028169014084,-1.7241379310344827,82118.84782608696,402.71503198294243
2026-07-14T06:15:29+00:00,2026-07-14T12:00:29+05:45,2026-07-14,12:00:29,1784009729,1,6,12,nepse_official,OPEN,2026-07-14,RBBD2088,7% RBBL Debenture 2088,1060.0,1060.0,1060.0,,1060.0,1060.0,0.0,,25.0,26500.0,1.0,0.0,0.0,0.0,26500.0,1060.0
2026-07-14T06:15:29+00:00,2026-07-14T12:00:29+05:45,2026-07-14,12:00:29,1784009729,1,6,12,nepse_official,OPEN,2026-07-14,RBBF40,RBB Focus 40,9.15,9.26,9.01,,9.2,9.15,0.049999999999998934,,2359500.0,21808329.0,13.0,0.25,2.73224043715847,0.5464480874316823,1677563.7692307692,9.242775588048316
2026-07-14T06:15:29+00:00,2026-07-14T12:00:29+05:45,2026-07-14,12:00:29,1784009729,1,6,12,nepse_official,OPEN,2026-07-14,RBCLPO,Rastriya Beema Company Limited Promoter Share,11100.0,11100.0,11100.0,,11100.0,11397.0,-297.0,,10.0,111000.0,1.0,0.0,0.0,-2.6059489339299815,111000.0,11100.0
2026-07-14T06:15:29+00:00,2026-07-14T12:00:29+05:45,2026-07-14,12:00:29,1784009729,1,6,12,nepse_official,OPEN,2026-07-14,RFPL,River Falls Power Limited,322.4,330.0,317.5,,317.5,322.4,-4.899999999999977,,2494.0,799603.3,25.0,12.5,3.8771712158808938,-1.5198511166253033,31984.132,320.61078588612673
2026-07-14T06:15:29+00:00,2026-07-14T12:00:29+05:45,2026-07-14,12:00:29,1784009729,1,6,12,nepse_official,OPEN,2026-07-14,RHGCL,Rapti Hydro And General Construction Limited,253.0,253.0,244.9,,244.9,253.0,-8.099999999999994,,13055.0,3214777.0,46.0,8.099999999999994,3.2015810276679817,-3.2015810276679817,69886.45652173914,246.24871696667944
2026-07-14T06:15:29+00:00,2026-07-14T12:00:29+05:45,2026-07-14,12:00:29,1784009729,1,6,12,nepse_official,OPEN,2026-07-14,RHPL,RASUWAGADHI HYDROPOWER COMPANY LIMITED,252.0,254.0,252.0,,252.4,255.1,-2.6999999999999886,,5100.0,1285563.0,15.0,2.0,0.7936507936507936,-1.0584084672677336,85704.2,252.07117647058823
2026-07-14T06:15:29+00:00,2026-07-14T12:00:29+05:45,2026-07-14,12:00:29,1784009729,1,6,12,nepse_official,OPEN,2026-07-14,RIDI,Ridi Power Company Limited,301.0,325.0,301.0,,311.3,315.9,-4.599999999999966,,31386.0,9848695.0,113.0,24.0,7.973421926910299,-1.4561570117125566,87156.59292035399,313.7926145415153
2026-07-14T06:15:29+00:00,2026-07-14T12:00:29+05:45,2026-07-14,12:00:29,1784009729,1,6,12,nepse_official,OPEN,2026-07-14,RLEL,Ridge Line Energy Limited,720.1,725.0,700.4,,706.1,735.0,-28.899999999999977,,2048.0,1464620.1,51.0,24.600000000000023,3.4161921955284016,-3.931972789115643,28718.04117647059,715.146533203125
2026-07-14T06:15:29+00:00,2026-07-14T12:00:29+05:45,2026-07-14,12:00:29,1784009729,1,6,12,nepse_official,OPEN,2026-07-14,RLFL,Reliance Finance Ltd.,450.0,450.0,440.0,,440.0,450.0,-10.0,,2795.0,1236239.0,22.0,10.0,2.2222222222222223,-2.2222222222222223,56192.681818181816,442.3037567084079
2026-07-14T06:15:29+00:00,2026-07-14T12:00:29+05:45,2026-07-14,12:00:29,1784009729,1,6,12,nepse_official,OPEN,2026-07-14,RMF1,RBB Mutual Fund 1,9.6,9.6,9.58,,9.59,9.79,-0.1999999999999993,,1090500.0,10467790.0,8.0,0.019999999999999574,0.2083333333333289,-2.042900919305407,1308473.75,9.599073819348922
2026-07-14T06:15:29+00:00,2026-07-14T12:00:29+05:45,2026-07-14,12:00:29,1784009729,1,6,12,nepse_official,OPEN,2026-07-14,RNLI,Reliable Nepal Life Insurance Limited,439.0,439.9,437.1,,437.5,439.9,-2.3999999999999773,,3408.0,1494318.9,63.0,2.7999999999999545,0.6378132118450922,-0.5455785405773989,23719.347619047618,438.47385563380277
2026-07-14T06:15:29+00:00,2026-07-14T12:00:29+05:45,2026-07-14,12:00:29,1784009729,1,6,12,nepse_official,OPEN,2026-07-14,RSDC,RSDC Laghubitta Bittiya Sanstha Ltd.,620.0,628.0,610.0,,628.0,627.0,1.0,,967.0,600840.0,13.0,18.0,2.903225806451613,0.1594896331738437,46218.46153846154,621.3443640124095
2026-07-14T06:15:29+00:00,2026-07-14T12:00:29+05:45,2026-07-14,12:00:29,1784009729,1,6,12,nepse_official,OPEN,2026-07-14,RSML,Reliance Spinning Mills Limited,2980.0,3035.0,2970.0,,2987.0,3029.0,-42.0,,6921.0,20689287.5,129.0,65.0,2.1812080536912752,-1.3865962363816442,160382.07364341084,2989.3494437220056
2026-07-14T06:15:29+00:00,2026-07-14T12:00:29+05:45,2026-07-14,12:00:29,1784009729,1,6,12,nepse_official,OPEN,2026-07-14,RSY,Reliable Samriddhi Yojana,9.7,9.7,9.7,,9.7,10.0,-0.3000000000000007,,100.0,970.0,1.0,0.0,0.0,-3.000000000000007,970.0,9.7
2026-07-14T06:15:29+00:00,2026-07-14T12:00:29+05:45,2026-07-14,12:00:29,1784009729,1,6,12,nepse_official,OPEN,2026-07-14,RURU,Ru Ru Jalbidhyut Pariyojana Limited,591.0,608.0,591.0,,600.1,602.5,-2.3999999999999773,,191.0,114510.5,8.0,17.0,2.8764805414551606,-0.39834024896265186,14313.8125,599.5314136125654
2026-07-14T06:15:29+00:00,2026-07-14T12:00:29+05:45,2026-07-14,12:00:29,1784009729,1,6,12,nepse_official,OPEN,2026-07-14,SABBL,Salapa Bikas Bank Limited,806.1,810.0,802.9,,803.0,818.0,-15.0,,3324.0,2673946.5,67.0,7.100000000000023,0.8807840218335222,-1.8337408312958436,39909.649253731346,804.4363718411553
2026-07-14T06:15:29+00:00,2026-07-14T12:00:29+05:45,2026-07-14,12:00:29,1784009729,1,6,12,nepse_official,OPEN,2026-07-14,SADBL,Shangrila Development Bank Ltd.,378.1,404.4,378.1,,400.0,398.0,2.0,,531.0,209940.9,14.0,26.299999999999955,6.955831790531593,0.5025125628140703,14995.778571428571,395.3689265536723
2026-07-14T06:15:29+00:00,2026-07-14T12:00:29+05:45,2026-07-14,12:00:29,1784009729,1,6,12,nepse_official,OPEN,2026-07-14,SAGAR,Sagar Distillery Limited,1500.0,1535.0,1500.0,,1512.2,1535.0,-22.799999999999955,,558.0,848054.6,18.0,35.0,2.3333333333333335,-1.485342019543971,47114.14444444444,1519.8111111111111
2026-07-14T06:15:29+00:00,2026-07-14T12:00:29+05:45,2026-07-14,12:00:29,1784009729,1,6,12,nepse_official,OPEN,2026-07-14,SAGF,Sanima Growth Fund,10.0,10.0,10.0,,10.0,9.95,0.05000000000000071,,200.0,2000.0,2.0,0.0,0.0,0.5025125628140775,1000.0,10.0
2026-07-14T06:15:29+00:00,2026-07-14T12:00:29+05:45,2026-07-14,12:00:29,1784009729,1,6,12,nepse_official,OPEN,2026-07-14,SAHAS,Sahas Urja Limited,636.0,637.0,631.1,,634.0,636.9,-2.8999999999999773,,20333.0,12883968.6,128.0,5.899999999999977,0.9276729559748392,-0.45533050714397505,100656.0046875,633.6481876752077
2026-07-14T06:15:29+00:00,2026-07-14T12:00:29+05:45,2026-07-14,12:00:29,1784009729,1,6,12,nepse_official,OPEN,2026-07-14,SAIL,Shreenagar Agritech Industries Limited,829.0,829.0,800.0,,802.0,826.0,-24.0,,5794.0,4705332.1,68.0,29.0,3.4981905910735827,-2.9055690072639226,69196.06029411765,812.1042630307214
2026-07-14T06:15:29+00:00,2026-07-14T12:00:29+05:45,2026-07-14,12:00:29,1784009729,1,6,12,nepse_official,OPEN,2026-07-14,SALICO,Sagarmatha Lumbini Insurance Co. Limited,626.8,645.0,580.0,,580.0,597.0,-17.0,,25022.0,16081865.0,12.0,65.0,10.370134014039568,-2.8475711892797317,1340155.4166666667,642.709016065862
2026-07-14T06:15:29+00:00,2026-07-14T12:00:29+05:45,2026-07-14,12:00:29,1784009729,1,6,12,nepse_official,OPEN,2026-07-14,SANIMA,Sanima Bank Limited,345.0,348.0,344.2,,344.2,344.0,0.19999999999998863,,13736.0,4743059.6,46.0,3.8000000000000114,1.1014492753623222,0.05813953488371762,103109.99130434782,345.3013686662784
2026-07-14T06:15:29+00:00,2026-07-14T12:00:29+05:45,2026-07-14,12:00:29,1784009729,1,6,12,nepse_official,OPEN,2026-07-14,SANVI,Sanvi Energy Limited,542.5,565.0,542.5,,552.3,571.0,-18.700000000000045,,3202.0,1787875.2,46.0,22.5,4.147465437788019,-3.2749562171628805,38866.852173913045,558.3620237351655
2026-07-14T06:15:29+00:00,2026-07-14T12:00:29+05:45,2026-07-14,12:00:29,1784009729,1,6,12,nepse_official,OPEN,2026-07-14,SAPDBL,Saptakoshi Development Bank Ltd,698.3,739.9,698.3,,720.0,735.0,-15.0,,4871.0,3525150.8,60.0,41.60000000000002,5.957324931977664,-2.0408163265306123,58752.51333333333,723.7016629028947
2026-07-14T06:15:29+00:00,2026-07-14T12:00:29+05:45,2026-07-14,12:00:29,1784009729,1,6,12,nepse_official,OPEN,2026-07-14,SARBTM,Sarbottam Cement Limited,770.1,780.0,770.1,,777.0,772.0,5.0,,465.0,360651.5,14.0,9.899999999999977,1.2855473315153847,0.6476683937823834,25760.821428571428,775.594623655914
2026-07-14T06:15:29+00:00,2026-07-14T12:00:29+05:45,2026-07-14,12:00:29,1784009729,1,6,12,nepse_official,OPEN,2026-07-14,SBCF,Sunrise Bluechip Fund,9.7,9.7,9.55,,9.65,9.6,0.05000000000000071,,63932.0,617313.75,11.0,0.14999999999999858,1.546391752577305,0.5208333333333408,56119.431818181816,9.655786617030595
2026-07-14T06:15:29+00:00,2026-07-14T12:00:29+05:45,2026-07-14,12:00:29,1784009729,1,6,12,nepse_official,OPEN,2026-07-14,SBI,Nepal SBI Bank Limited,385.0,385.0,382.7,,383.0,389.8,-6.800000000000011,,800.0,306392.0,7.0,2.3000000000000114,0.5974025974026004,-1.7444843509492074,43770.28571428572,382.99
2026-07-14T06:15:29+00:00,2026-07-14T12:00:29+05:45,2026-07-14,12:00:29,1784009729,1,6,12,nepse_official,OPEN,2026-07-14,SBID2090,7% Nepal SBI Bank Debenture 2090,1131.1,1131.1,1053.1,,1053.1,1166.0,-112.90000000000009,,345725.0,375111410.5,7.0,78.0,6.895942003359562,-9.682675814751294,53587344.35714286,1084.9993795646828
2026-07-14T06:15:29+00:00,2026-07-14T12:00:29+05:45,2026-07-14,12:00:29,1784009729,1,6,12,nepse_official,OPEN,2026-07-14,SBID89,9% Nepal SBI Bank Rinpatra 2089,1200.0,1200.0,1200.0,,1200.0,1230.0,-30.0,,1912.0,2294400.0,1.0,0.0,0.0,-2.4390243902439024,2294400.0,1200.0
2026-07-14T06:15:29+00:00,2026-07-14T12:00:29+05:45,2026-07-14,12:00:29,1784009729,1,6,12,nepse_official,OPEN,2026-07-14,SBL,Siddhartha Bank Limited,386.0,387.0,383.1,,383.1,386.0,-2.8999999999999773,,51102.0,19692255.9,45.0,3.8999999999999773,1.0103626943005124,-0.7512953367875589,437605.68666666665,385.3519607843137
2026-07-14T06:15:29+00:00,2026-07-14T12:00:29+05:45,2026-07-14,12:00:29,1784009729,1,6,12,nepse_official,OPEN,2026-07-14,SBLD2091,7.25% SBL Debenture 2091,1048.9,1048.9,1037.0,,1037.0,1080.0,-43.0,,26012.0,26977370.8,5.0,11.900000000000091,1.1345218800648382,-3.981481481481482,5395474.16,1037.1125172997079
2026-07-14T06:15:29+00:00,2026-07-14T12:00:29+05:45,2026-07-14,12:00:29,1784009729,1,6,12,nepse_official,OPEN,2026-07-14,SCB,Standard Chartered Bank Limited,635.0,637.0,635.0,,635.0,637.0,-2.0,,1627.0,1034994.0,27.0,2.0,0.31496062992125984,-0.3139717425431711,38333.11111111111,636.1364474492932
2026-07-14T06:15:29+00:00,2026-07-14T12:00:29+05:45,2026-07-14,12:00:29,1784009729,1,6,12,nepse_official,OPEN,2026-07-14,SEF,Siddhartha Equity Fund,9.95,9.95,9.75,,9.75,10.0,-0.25,,300.0,2965.0,3.0,0.1999999999999993,2.0100502512562746,-2.5,988.3333333333334,9.883333333333333
2026-07-14T06:15:29+00:00,2026-07-14T12:00:29+05:45,2026-07-14,12:00:29,1784009729,1,6,12,nepse_official,OPEN,2026-07-14,SGHC,Swet-Ganga Hydropower & Construction Limited ,316.0,322.0,316.0,,316.0,322.0,-6.0,,1956.0,621285.1,26.0,6.0,1.89873417721519,-1.8633540372670807,23895.580769230768,317.63041922290387
2026-07-14T06:15:29+00:00,2026-07-14T12:00:29+05:45,2026-07-14,12:00:29,1784009729,1,6,12,nepse_official,OPEN,2026-07-14,SGHL,Sanigad Hydro Limited,462.5,470.0,445.0,,445.0,462.5,-17.5,,17436.0,7926518.1,1137.0,25.0,5.405405405405405,-3.783783783783784,6971.431926121371,454.6064521679284
2026-07-14T06:15:29+00:00,2026-07-14T12:00:29+05:45,2026-07-14,12:00:29,1784009729,1,6,12,nepse_official,OPEN,2026-07-14,SGIC,Sanima GIC Insurance Limited,450.0,459.5,449.1,,449.1,452.1,-3.0,,1457.0,655842.4,22.0,10.399999999999977,2.311111111111106,-0.6635700066357,29811.018181818185,450.1320521619767
2026-07-14T06:15:29+00:00,2026-07-14T12:00:29+05:45,2026-07-14,12:00:29,1784009729,1,6,12,nepse_official,OPEN,2026-07-14,SHEL,Singati Hydro Energy Limited,290.0,291.0,287.1,,287.1,290.0,-2.8999999999999773,,18134.0,5237384.4,50.0,3.8999999999999773,1.3448275862068888,-0.9999999999999922,104747.68800000001,288.8157273629646
2026-07-14T06:15:29+00:00,2026-07-14T12:00:29+05:45,2026-07-14,12:00:29,1784009729,1,6,12,nepse_official,OPEN,2026-07-14,SHINE,Shine Resunga Development Bank Ltd.,397.0,397.0,395.3,,395.3,397.0,-1.6999999999999886,,1390.0,550025.6,10.0,1.6999999999999886,0.4282115869017604,-0.4282115869017604,55002.56,395.7018705035971
2026-07-14T06:15:29+00:00,2026-07-14T12:00:29+05:45,2026-07-14,12:00:29,1784009729,1,6,12,nepse_official,OPEN,2026-07-14,SHIVM,SHIVAM CEMENTS LTD,625.0,657.0,612.0,,613.0,619.9,-6.899999999999977,,56801.0,36437092.8,131.0,45.0,7.199999999999999,-1.1130827552831064,278145.7465648855,641.4868188940335
2026-07-14T06:15:29+00:00,2026-07-14T12:00:29+05:45,2026-07-14,12:00:29,1784009729,1,6,12,nepse_official,OPEN,2026-07-14,SHL,Soaltee Hotel Limited,486.5,489.0,474.4,,486.0,486.4,-0.39999999999997726,,10768.0,5231719.2,20.0,14.600000000000023,3.0010277492291926,-0.08223684210525849,261585.96000000002,485.85802377414564
2026-07-14T06:15:29+00:00,2026-07-14T12:00:29+05:45,2026-07-14,12:00:29,1784009729,1,6,12,nepse_official,OPEN,2026-07-14,SHPC,Sanima Mai Hydropower Ltd.,482.1,487.0,482.1,,485.0,485.0,0.0,,1735.0,837755.0,10.0,4.899999999999977,1.0163866417755605,0.0,83775.5,482.8559077809798
2026-07-14T06:15:29+00:00,2026-07-14T12:00:29+05:45,2026-07-14,12:00:29,1784009729,1,6,12,nepse_official,OPEN,2026-07-14,SICL,Shikhar Insurance Co. Ltd.,605.0,607.0,605.0,,605.1,608.0,-2.8999999999999773,,436.0,263947.3,12.0,2.0,0.3305785123966942,-0.4769736842105226,21995.608333333334,605.3837155963303
2026-07-14T06:15:29+00:00,2026-07-14T12:00:29+05:45,2026-07-14,12:00:29,1784009729,1,6,12,nepse_official,OPEN,2026-07-14,SIFC,Shree Investment Finance Co. Ltd.,501.0,503.0,500.0,,502.0,500.0,2.0,,1110.0,556218.0,9.0,3.0,0.5988023952095809,0.4,61802.0,501.0972972972973
2026-07-14T06:15:29+00:00,2026-07-14T12:00:29+05:45,2026-07-14,12:00:29,1784009729,1,6,12,nepse_official,OPEN,2026-07-14,SIGS3,Siddhartha Investment Growth Scheme 3,10.19,10.3,10.19,,10.25,10.5,-0.25,,38200.0,391122.0,10.0,0.11000000000000121,1.0794896957801885,-2.380952380952381,39112.2,10.238795811518324
2026-07-14T06:15:29+00:00,2026-07-14T12:00:29+05:45,2026-07-14,12:00:29,1784009729,1,6,12,nepse_official,OPEN,2026-07-14,SIKLES,Sikles Hydropower Limited,541.3,545.1,541.3,,542.0,545.0,-3.0,,2212.0,1202249.0,21.0,3.800000000000068,0.7020136707925492,-0.5504587155963303,57249.95238095238,543.5122061482821
2026-07-14T06:15:29+00:00,2026-07-14T12:00:29+05:45,2026-07-14,12:00:29,1784009729,1,6,12,nepse_official,OPEN,2026-07-14,SINDU,Sindhu Bikash Bank Ltd,639.5,677.0,639.5,,662.1,673.1,-11.0,,942.0,625665.0,23.0,37.5,5.863956215793588,-1.6342296835537067,27202.82608695652,664.187898089172
2026-07-14T06:15:29+00:00,2026-07-14T12:00:29+05:45,2026-07-14,12:00:29,1784009729,1,6,12,nepse_official,OPEN,2026-07-14,SIPD,Shikhar power Development Limited,575.0,575.0,550.1,,555.0,574.8,-19.799999999999955,,1255.0,698593.4,67.0,24.899999999999977,4.330434782608691,-3.444676409185796,10426.767164179104,556.6481274900399
2026-07-14T06:15:29+00:00,2026-07-14T12:00:29+05:45,2026-07-14,12:00:29,1784009729,1,6,12,nepse_official,OPEN,2026-07-14,SJCL,SANJEN JALAVIDHYUT COMPANY LIMITED,268.0,268.0,265.2,,265.4,268.0,-2.6000000000000227,,2810.0,752228.0,11.0,2.8000000000000114,1.0447761194029892,-0.9701492537313517,68384.36363636363,267.69679715302493
2026-07-14T06:15:29+00:00,2026-07-14T12:00:29+05:45,2026-07-14,12:00:29,1784009729,1,6,12,nepse_official,OPEN,2026-07-14,SJLIC,SuryaJyoti Life Insurance Company Limited,404.0,408.0,402.3,,404.0,405.2,-1.1999999999999886,,1192.0,483389.2,26.0,5.699999999999989,1.4108910891089081,-0.2961500493583387,18591.89230769231,405.5278523489933
2026-07-14T06:15:29+00:00,2026-07-14T12:00:29+05:45,2026-07-14,12:00:29,1784009729,1,6,12,nepse_official,OPEN,2026-07-14,SKBBL,Sana Kisan Bikas Laghubitta Bittiya Sanstha Limited,742.1,742.1,740.3,,740.3,744.0,-3.7000000000000455,,5069.0,3757328.0,20.0,1.8000000000000682,0.24255491173697186,-0.49731182795699536,187866.4,741.2365358058788
2026-07-14T06:15:29+00:00,2026-07-14T12:00:29+05:45,2026-07-14,12:00:29,1784009729,1,6,12,nepse_official,OPEN,2026-07-14,SKHEL,Suryakunda Hydro Electric Limited,845.0,860.0,845.0,,850.4,862.0,-11.600000000000023,,811.0,691429.4,23.0,15.0,1.7751479289940828,-1.3457076566125317,30062.14782608696,852.5639950678176
2026-07-14T06:15:29+00:00,2026-07-14T12:00:29+05:45,2026-07-14,12:00:29,1784009729,1,6,12,nepse_official,OPEN,2026-07-14,SKHL,Super Khudi Hydropower Limited,845.0,845.0,775.0,,778.0,837.6,-59.60000000000002,,12211.0,9774695.9,86.0,70.0,8.284023668639055,-7.1155682903533926,113659.25465116279,800.4828351486365
2026-07-14T06:15:29+00:00,2026-07-14T12:00:29+05:45,2026-07-14,12:00:29,1784009729,1,6,12,nepse_official,OPEN,2026-07-14,SLBBL,Swarojgar Laghubitta Bittiya Sanstha Ltd.,794.0,794.0,775.0,,775.0,786.0,-11.0,,484.0,377490.0,5.0,19.0,2.392947103274559,-1.3994910941475827,75498.0,779.9380165289256
2026-07-14T06:15:29+00:00,2026-07-14T12:00:29+05:45,2026-07-14,12:00:29,1784009729,1,6,12,nepse_official,OPEN,2026-07-14,SLBSL,Samudayik Laghubitta Bittiya Sanstha Limited,1161.1,1161.1,1098.1,,1120.0,1197.0,-77.0,,245.0,270684.5,10.0,63.0,5.425889242959263,-6.432748538011696,27068.45,1104.834693877551
2026-07-14T06:15:29+00:00,2026-07-14T12:00:29+05:45,2026-07-14,12:00:29,1784009729,1,6,12,nepse_official,OPEN,2026-07-14,SLCF,Sanima Large Cap Fund,9.9,10.0,9.9,,10.0,9.9,0.09999999999999964,,200.0,1990.0,2.0,0.09999999999999964,1.0101010101010066,1.0101010101010066,995.0,9.95
2026-07-14T06:15:29+00:00,2026-07-14T12:00:29+05:45,2026-07-14,12:00:29,1784009729,1,6,12,nepse_official,OPEN,2026-07-14,SMATA,Samata Gharelu Laghubitta Bittiya Sanstha Limited,727.0,730.0,713.5,,730.0,732.0,-2.0,,2153.0,1562552.0,17.0,16.5,2.269601100412655,-0.273224043715847,91914.82352941176,725.7556897352531
2026-07-14T06:15:29+00:00,2026-07-14T12:00:29+05:45,2026-07-14,12:00:29,1784009729,1,6,12,nepse_official,OPEN,2026-07-14,SMB,Support Microfinance Bittiya Sanstha Ltd.,1775.0,1775.0,1775.0,,1775.0,1800.0,-25.0,,15.0,26500.0,2.0,0.0,0.0,-1.3888888888888888,13250.0,1766.6666666666667
2026-07-14T06:15:29+00:00,2026-07-14T12:00:29+05:45,2026-07-14,12:00:29,1784009729,1,6,12,nepse_official,OPEN,2026-07-14,SMFBS,Swabhimaan Laghubitta Bittiya Sanstha Limited,1635.3,1635.3,1499.0,,1499.0,1580.0,-81.0,,310.0,477631.0,5.0,136.29999999999995,8.33486210481257,-5.126582278481013,95526.2,1540.7451612903226
2026-07-14T06:15:29+00:00,2026-07-14T12:00:29+05:45,2026-07-14,12:00:29,1784009729,1,6,12,nepse_official,OPEN,2026-07-14,SMH,Super Mai Hydropower Limited,489.0,490.0,482.6,,482.6,490.0,-7.399999999999977,,1490.0,724256.8,19.0,7.399999999999977,1.5132924335378277,-1.5102040816326485,38118.778947368424,486.078389261745
2026-07-14T06:15:29+00:00,2026-07-14T12:00:29+05:45,2026-07-14,12:00:29,1784009729,1,6,12,nepse_official,OPEN,2026-07-14,SMHL,Super Madi Hydropower Limited,455.0,473.0,455.0,,456.0,455.0,1.0,,7408.0,3397247.9,41.0,18.0,3.9560439560439558,0.21978021978021978,82859.70487804878,458.59177915766736
2026-07-14T06:15:29+00:00,2026-07-14T12:00:29+05:45,2026-07-14,12:00:29,1784009729,1,6,12,nepse_official,OPEN,2026-07-14,SMJC,Sagarmatha Jalabidhyut Company Limited,425.0,436.0,422.1,,423.0,429.9,-6.899999999999977,,1706.0,722214.3,25.0,13.899999999999977,3.2705882352941127,-1.6050244242847123,28888.572,423.33780773739744
2026-07-14T06:15:29+00:00,2026-07-14T12:00:29+05:45,2026-07-14,12:00:29,1784009729,1,6,12,nepse_official,OPEN,2026-07-14,SMPDA,Sampada Laghubitta Bittiya Sanstha Limited,735.2,736.0,730.0,,730.0,748.9,-18.899999999999977,,749.0,549751.8,10.0,6.0,0.8161044613710554,-2.5237014287621817,54975.18000000001,733.9810413885181
2026-07-14T06:15:29+00:00,2026-07-14T12:00:29+05:45,2026-07-14,12:00:29,1784009729,1,6,12,nepse_official,OPEN,2026-07-14,SNLI,Sun Nepal Life Insurance Company Limited,420.0,421.0,415.0,,416.0,422.0,-6.0,,2598.0,1081844.3,42.0,6.0,1.4285714285714286,-1.4218009478672986,25758.19761904762,416.41428021555043
2026-07-14T06:15:29+00:00,2026-07-14T12:00:29+05:45,2026-07-14,12:00:29,1784009729,1,6,12,nepse_official,OPEN,2026-07-14,SNORL,Snow Rivers Limited,770.0,775.0,745.0,,745.1,780.0,-34.89999999999998,,9704.0,7349959.4,459.0,30.0,3.896103896103896,-4.474358974358972,16012.983442265797,757.4154369332234
2026-07-14T06:15:29+00:00,2026-07-14T12:00:29+05:45,2026-07-14,12:00:29,1784009729,1,6,12,nepse_official,OPEN,2026-07-14,SOHL,Solu Hydropower Limited,501.6,533.6,501.6,,521.3,528.0,-6.7000000000000455,,10898.0,5681543.4,219.0,32.0,6.379585326953747,-1.2689393939394027,25943.120547945207,521.3381721416774
2026-07-14T06:15:29+00:00,2026-07-14T12:00:29+05:45,2026-07-14,12:00:29,1784009729,1,6,12,nepse_official,OPEN,2026-07-14,SONA,Sonapur Minerals And Oil Limited,399.0,405.0,399.0,,400.3,400.1,0.19999999999998863,,2730.0,1097275.0,35.0,6.0,1.5037593984962405,0.0499875031242161,31350.714285714286,401.93223443223445
2026-07-14T06:15:29+00:00,2026-07-14T12:00:29+05:45,2026-07-14,12:00:29,1784009729,1,6,12,nepse_official,OPEN,2026-07-14,SOPL,Sopan Pharmaceuticals Limited,750.0,763.0,745.0,,745.3,751.0,-5.7000000000000455,,9594.0,7202788.0,298.0,18.0,2.4,-0.7589880159787011,24170.42953020134,750.7596414425683
2026-07-14T06:15:29+00:00,2026-07-14T12:00:29+05:45,2026-07-14,12:00:29,1784009729,1,6,12,nepse_official,OPEN,2026-07-14,SPC,Samling Power Company Limited,420.0,420.0,413.0,,413.0,415.0,-2.0,,20.0,8330.0,2.0,7.0,1.6666666666666667,-0.48192771084337355,4165.0,416.5
2026-07-14T06:15:29+00:00,2026-07-14T12:00:29+05:45,2026-07-14,12:00:29,1784009729,1,6,12,nepse_official,OPEN,2026-07-14,SPDL,Synergy Power Development Ltd.,364.0,364.0,355.0,,355.2,360.0,-4.800000000000011,,526.0,187228.4,9.0,9.0,2.4725274725274726,-1.3333333333333366,20803.155555555553,355.94752851711024
2026-07-14T06:15:29+00:00,2026-07-14T12:00:29+05:45,2026-07-14,12:00:29,1784009729,1,6,12,nepse_official,OPEN,2026-07-14,SPHL,Sayapatri Hydropower Limited,520.0,544.9,519.0,,519.0,534.8,-15.799999999999955,,14959.0,8114063.6,18.0,25.899999999999977,4.980769230769226,-2.9543754674644642,450781.3111111111,542.4201885152751
2026-07-14T06:15:29+00:00,2026-07-14T12:00:29+05:45,2026-07-14,12:00:29,1784009729,1,6,12,nepse_official,OPEN,2026-07-14,SPIL,Siddhartha Premier Insurance Limited,685.0,698.8,680.1,,680.1,689.8,-9.699999999999932,,4217.0,2874006.0,11.0,18.699999999999932,2.7299270072992603,-1.4062046970136173,261273.27272727274,681.52857481622
2026-07-14T06:15:29+00:00,2026-07-14T12:00:29+05:45,2026-07-14,12:00:29,1784009729,1,6,12,nepse_official,OPEN,2026-07-14,SPL,Shuvam Power Limited,630.4,632.4,630.4,,632.2,649.8,-17.59999999999991,,150.0,94773.0,5.0,2.0,0.31725888324873097,-2.708525700215437,18954.6,631.82
2026-07-14T06:15:29+00:00,2026-07-14T12:00:29+05:45,2026-07-14,12:00:29,1784009729,1,6,12,nepse_official,OPEN,2026-07-14,SRLI,Sanima Reliance Life Insurance Limited,367.0,374.0,367.0,,368.3,367.0,1.3000000000000114,,1709.0,629787.8,36.0,7.0,1.9073569482288828,0.35422343324250993,17494.105555555558,368.51246342890585
2026-07-14T06:15:29+00:00,2026-07-14T12:00:29+05:45,2026-07-14,12:00:29,1784009729,1,6,12,nepse_official,OPEN,2026-07-14,SSHL,Shiva Shree Hydropower Ltd,185.0,196.0,185.0,,192.0,192.2,-0.19999999999998863,,19356.0,3721267.9,99.0,11.0,5.9459459459459465,-0.10405827263266838,37588.56464646465,192.25397292829098
2026-07-14T06:15:29+00:00,2026-07-14T12:00:29+05:45,2026-07-14,12:00:29,1784009729,1,6,12,nepse_official,OPEN,2026-07-14,STC,Salt Trading Corporation,5052.0,5054.0,5050.0,,5054.0,5050.0,4.0,,80.0,404070.0,4.0,4.0,0.0791765637371338,0.07920792079207921,101017.5,5050.875
2026-07-14T06:15:29+00:00,2026-07-14T12:00:29+05:45,2026-07-14,12:00:29,1784009729,1,6,12,nepse_official,OPEN,2026-07-14,SWASTIK,Swastik Laghubitta Bittiya Sanstha Limited,2000.0,2000.0,1970.0,,1990.0,1986.0,4.0,,90.0,178251.0,9.0,30.0,1.5,0.2014098690835851,19805.666666666668,1980.5666666666666
2026-07-14T06:15:29+00:00,2026-07-14T12:00:29+05:45,2026-07-14,12:00:29,1784009729,1,6,12,nepse_official,OPEN,2026-07-14,SWBBL,Swabalamban Laghubitta Bittiya Sanstha Limited,655.4,655.4,655.2,,655.2,660.0,-4.7999999999999545,,870.0,570084.2,10.0,0.1999999999999318,0.03051571559352026,-0.7272727272727204,57008.42,655.2691954022988
2026-07-14T06:15:29+00:00,2026-07-14T12:00:29+05:45,2026-07-14,12:00:29,1784009729,1,6,12,nepse_official,OPEN,2026-07-14,SWMF,Suryodaya Womi Laghubitta Bittiya Sanstha Limited,608.9,608.9,591.0,,608.7,608.9,-0.1999999999999318,,232.0,137945.8,12.0,17.899999999999977,2.939727377237638,-0.03284611594677809,11495.483333333332,594.5939655172414
2026-07-14T06:15:29+00:00,2026-07-14T12:00:29+05:45,2026-07-14,12:00:29,1784009729,1,6,12,nepse_official,OPEN,2026-07-14,SYPNL,SY Panel Nepal Limited,1224.6,1330.0,1224.6,,1256.5,1289.0,-32.5,,11065.0,14130218.0,169.0,105.40000000000009,8.6068920463825,-2.52133436772692,83610.7573964497,1277.0192498870313
2026-07-14T06:15:29+00:00,2026-07-14T12:00:29+05:45,2026-07-14,12:00:29,1784009729,1,6,12,nepse_official,OPEN,2026-07-14,TAMOR,Sanima Middle Tamor Hydropower Limited,430.1,432.5,430.1,,430.3,432.0,-1.6999999999999886,,7544.0,3246298.1,40.0,2.3999999999999773,0.5580097651708852,-0.3935185185185159,81157.4525,430.3152306468717
2026-07-14T06:15:29+00:00,2026-07-14T12:00:29+05:45,2026-07-14,12:00:29,1784009729,1,6,12,nepse_official,OPEN,2026-07-14,TPC,Terhathum Power Company Limited,342.0,343.0,342.0,,342.2,346.2,-4.0,,2100.0,718698.0,17.0,1.0,0.29239766081871343,-1.1554015020219526,42276.35294117647,342.2371428571429
2026-07-14T06:15:29+00:00,2026-07-14T12:00:29+05:45,2026-07-14,12:00:29,1784009729,1,6,12,nepse_official,OPEN,2026-07-14,TPKHL,Taksar Pikhuwa Khola Hydropower Limited,500.0,500.0,480.2,,481.1,493.0,-11.899999999999977,,6487.0,3153352.7,261.0,19.80000000000001,3.9600000000000026,-2.4137931034482714,12081.811111111112,486.10339139818103
2026-07-14T06:15:29+00:00,2026-07-14T12:00:29+05:45,2026-07-14,12:00:29,1784009729,1,6,12,nepse_official,OPEN,2026-07-14,TRH,Taragaon Regency Hotel Limited,752.0,756.0,752.0,,756.0,774.0,-18.0,,405.0,305875.0,4.0,4.0,0.5319148936170213,-2.3255813953488373,76468.75,755.2469135802469
2026-07-14T06:15:29+00:00,2026-07-14T12:00:29+05:45,2026-07-14,12:00:29,1784009729,1,6,12,nepse_official,OPEN,2026-07-14,TSHL,Three Star Hydropower Limited,324.1,324.1,309.0,,310.0,329.0,-19.0,,5925.0,1861823.8,66.0,15.100000000000023,4.659055846960821,-5.775075987841945,28209.451515151515,314.23186497890293
2026-07-14T06:15:29+00:00,2026-07-14T12:00:29+05:45,2026-07-14,12:00:29,1784009729,1,6,12,nepse_official,OPEN,2026-07-14,TTL,Trade Tower Limited,700.0,700.0,670.1,,670.1,699.0,-28.899999999999977,,5848.0,3964040.7,94.0,29.899999999999977,4.271428571428569,-4.134477825464947,42170.645744680856,677.8455369357046
2026-07-14T06:15:29+00:00,2026-07-14T12:00:29+05:45,2026-07-14,12:00:29,1784009729,1,6,12,nepse_official,OPEN,2026-07-14,TVCL,Trishuli Jal Vidhyut Company Limited ,451.0,451.1,451.0,,451.1,461.1,-10.0,,40.0,18043.0,2.0,0.10000000000002274,0.022172949002222338,-2.168726957276079,9021.5,451.075
2026-07-14T06:15:29+00:00,2026-07-14T12:00:29+05:45,2026-07-14,12:00:29,1784009729,1,6,12,nepse_official,OPEN,2026-07-14,UAIL,United Ajod Insurance Limited,427.0,427.0,423.1,,423.4,427.0,-3.6000000000000227,,1330.0,563927.0,14.0,3.8999999999999773,0.9133489461358261,-0.843091334894619,40280.5,424.0052631578947
2026-07-14T06:15:29+00:00,2026-07-14T12:00:29+05:45,2026-07-14,12:00:29,1784009729,1,6,12,nepse_official,OPEN,2026-07-14,UHEWA,Upper Hewakhola Hydropower Company Limited,565.9,565.9,547.0,,554.8,555.0,-0.20000000000004547,,1906.0,1052024.5,18.0,18.899999999999977,3.3398126877540166,-0.03603603603604423,58445.805555555555,551.9540923399791
2026-07-14T06:15:29+00:00,2026-07-14T12:00:29+05:45,2026-07-14,12:00:29,1784009729,1,6,12,nepse_official,OPEN,2026-07-14,ULBSL,Upakar Laghubitta Bittiya Sanstha Limited,2710.0,3049.0,2710.0,,2740.0,2839.0,-99.0,,952.0,2617679.0,26.0,339.0,12.509225092250922,-3.487143360338147,100679.96153846153,2749.6628151260506
2026-07-14T06:15:29+00:00,2026-07-14T12:00:29+05:45,2026-07-14,12:00:29,1784009729,1,6,12,nepse_official,OPEN,2026-07-14,ULHC,Upper Lohore Khola Hydropower Company Limited,367.0,367.0,352.3,,352.4,368.9,-16.5,,2212.0,789614.6,21.0,14.699999999999989,4.005449591280651,-4.472756844673354,37600.695238095235,356.96862567811934
2026-07-14T06:15:29+00:00,2026-07-14T12:00:29+05:45,2026-07-14,12:00:29,1784009729,1,6,12,nepse_official,OPEN,2026-07-14,UMHL,United Modi Hydropower Ltd.,551.0,573.9,551.0,,560.0,573.9,-13.899999999999977,,600.0,336406.0,11.0,22.899999999999977,4.156079854809433,-2.4220247429865793,30582.363636363636,560.6766666666666
2026-07-14T06:15:29+00:00,2026-07-14T12:00:29+05:45,2026-07-14,12:00:29,1784009729,1,6,12,nepse_official,OPEN,2026-07-14,UMRH,United IDI Mardi RB Hydropower Limited.,521.8,521.8,513.4,,514.0,516.2,-2.2000000000000455,,1914.0,983875.8,13.0,8.399999999999977,1.609812188577995,-0.4261913986826899,75682.75384615385,514.0416927899687
2026-07-14T06:15:29+00:00,2026-07-14T12:00:29+05:45,2026-07-14,12:00:29,1784009729,1,6,12,nepse_official,OPEN,2026-07-14,UNHPL,Union Hydropower Limited,380.0,380.0,377.3,,377.3,383.9,-6.599999999999966,,3396.0,1284294.4,16.0,2.6999999999999886,0.7105263157894707,-1.7191977077363811,80268.4,378.1785630153121
2026-07-14T06:15:29+00:00,2026-07-14T12:00:29+05:45,2026-07-14,12:00:29,1784009729,1,6,12,nepse_official,OPEN,2026-07-14,UNLB,Unique Nepal Laghubitta Bittiya Sanstha Limited,1348.4,1348.4,1230.9,,1280.0,1286.9,-6.900000000000091,,453.0,562861.3,13.0,117.5,8.71403144467517,-0.5361721967518914,43297.023076923084,1242.5194260485653
2026-07-14T06:15:29+00:00,2026-07-14T12:00:29+05:45,2026-07-14,12:00:29,1784009729,1,6,12,nepse_official,OPEN,2026-07-14,UPCL,UNIVERSAL POWER COMPANY LTD,365.0,365.0,347.0,,347.0,359.0,-12.0,,10434.0,3680563.5,30.0,18.0,4.931506849315069,-3.3426183844011144,122685.45,352.74712478435885
2026-07-14T06:15:29+00:00,2026-07-14T12:00:29+05:45,2026-07-14,12:00:29,1784009729,1,6,12,nepse_official,OPEN,2026-07-14,UPPER,Upper Tamakoshi Hydropower Ltd,189.1,189.1,187.6,,187.8,189.1,-1.299999999999983,,16485.0,3101496.7,123.0,1.5,0.7932310946589107,-0.6874669487043802,25215.420325203253,188.140533818623
2026-07-14T06:15:29+00:00,2026-07-14T12:00:29+05:45,2026-07-14,12:00:29,1784009729,1,6,12,nepse_official,OPEN,2026-07-14,USHEC,Upper Solu Hydro Electric Company Limited,476.0,479.0,471.1,,474.3,481.0,-6.699999999999989,,1598.0,758355.7,22.0,7.899999999999977,1.6596638655462137,-1.3929313929313907,34470.71363636363,474.565519399249
2026-07-14T06:15:29+00:00,2026-07-14T12:00:29+05:45,2026-07-14,12:00:29,1784009729,1,6,12,nepse_official,OPEN,2026-07-14,USHL,Upper Syange Hydropower Limited,504.0,504.0,468.1,,483.9,480.0,3.8999999999999773,,596.0,287432.2,19.0,35.89999999999998,7.123015873015868,0.8124999999999953,15128.01052631579,482.26879194630874
2026-07-14T06:15:29+00:00,2026-07-14T12:00:29+05:45,2026-07-14,12:00:29,1784009729,1,6,12,nepse_official,OPEN,2026-07-14,USLB,Unnati Sahakarya Laghubitta Bittiya Sanstha Limited,1140.0,1140.0,1140.0,,1140.0,1169.0,-29.0,,60.0,68400.0,4.0,0.0,0.0,-2.4807527801539777,17100.0,1140.0
2026-07-14T06:15:29+00:00,2026-07-14T12:00:29+05:45,2026-07-14,12:00:29,1784009729,1,6,12,nepse_official,OPEN,2026-07-14,VLBS,Vijaya laghubitta Bittiya Sanstha Ltd.,650.2,652.5,650.2,,650.5,657.1,-6.600000000000023,,597.0,388895.0,21.0,2.2999999999999545,0.35373731159642485,-1.004413331304219,18518.809523809523,651.4154103852596
2026-07-14T06:15:29+00:00,2026-07-14T12:00:29+05:45,2026-07-14,12:00:29,1784009729,1,6,12,nepse_official,OPEN,2026-07-14,VLUCL,Vision Lumbini Urja Company Limited ,420.1,420.3,420.0,,420.3,424.0,-3.6999999999999886,,300.0,126012.0,10.0,0.30000000000001137,0.0714115686741279,-0.8726415094339597,12601.2,420.04
2026-07-14T06:15:29+00:00,2026-07-14T12:00:29+05:45,2026-07-14,12:00:29,1784009729,1,6,12,nepse_official,OPEN,2026-07-14,WNLB,Wean Nepal Laghubitta Bittiya Sanstha Limited,1300.3,1300.3,1300.2,,1300.2,1340.0,-39.799999999999955,,45.0,58511.4,4.0,0.09999999999990905,0.007690532953926713,-2.9701492537313396,14627.85,1300.2533333333333
2026-07-14T06:15:29+00:00,2026-07-14T12:00:29+05:45,2026-07-14,12:00:29,1784009729,1,6,12,nepse_official,OPEN,2026-07-14,YMHL,Yambaling Hydropower Limited,555.0,555.0,545.0,,547.1,556.1,-9.0,,3527.0,1933684.0,209.0,10.0,1.8018018018018018,-1.6184139543247618,9252.076555023923,548.2517720442303
2026-07-14T06:45:32+00:00,2026-07-14T12:30:32+05:45,2026-07-14,12:30:32,1784011532,1,6,12,nepse_official,OPEN,2026-07-14,ACLBSL,Aarambha Chautari Laghubitta Bittiya Sanstha Limited,900.0,900.0,886.0,,900.0,908.9,-8.899999999999977,,673.0,605316.0,5.0,14.0,1.5555555555555556,-0.9792056331829659,121063.2,899.4294205052006
2026-07-14T06:45:32+00:00,2026-07-14T12:30:32+05:45,2026-07-14,12:30:32,1784011532,1,6,12,nepse_official,OPEN,2026-07-14,ADBL,Agricultural Development Bank Limited,305.0,305.0,301.2,,302.9,302.5,0.39999999999997726,,4642.0,1400682.5,58.0,3.8000000000000114,1.2459016393442661,0.13223140495867017,24149.69827586207,301.74116760017233
2026-07-14T06:45:32+00:00,2026-07-14T12:30:32+05:45,2026-07-14,12:30:32,1784011532,1,6,12,nepse_official,OPEN,2026-07-14,ADBLD83,10.35% Agricultural Bank Debenture 2083,1075.2,1075.2,1075.1,,1075.1,1076.0,-0.900000000000091,,261457.0,281095820.7,7.0,0.10000000000013642,0.009300595238107926,-0.08364312267658837,40156545.81428571,1075.1130040503792
2026-07-14T06:45:32+00:00,2026-07-14T12:30:32+05:45,2026-07-14,12:30:32,1784011532,1,6,12,nepse_official,OPEN,2026-07-14,AHL,Asian Hydropower Limited,407.2,410.0,405.0,,410.0,411.0,-1.0,,1190.0,486210.0,11.0,5.0,1.2278978388998036,-0.24330900243309003,44200.90909090909,408.5798319327731
2026-07-14T06:45:32+00:00,2026-07-14T12:30:32+05:45,2026-07-14,12:30:32,1784011532,1,6,12,nepse_official,OPEN,2026-07-14,AHPC,Arun Valley Hydropower Development Co. Ltd.,257.1,260.7,257.0,,260.7,261.0,-0.30000000000001137,,25815.0,6656240.0,120.0,3.6999999999999886,1.4391287436794975,-0.11494252873563654,55468.666666666664,257.84388921169864
2026-07-14T06:45:32+00:00,2026-07-14T12:30:32+05:45,2026-07-14,12:30:32,1784011532,1,6,12,nepse_official,OPEN,2026-07-14,AKJCL,Ankhu Khola Jalvidhyut Company Ltd,326.0,348.8,326.0,,345.1,343.0,2.1000000000000227,,76039.0,25882079.9,235.0,22.80000000000001,6.993865030674851,0.6122448979591903,110136.51021276595,340.3790147161325
2026-07-14T06:45:32+00:00,2026-07-14T12:30:32+05:45,2026-07-14,12:30:32,1784011532,1,6,12,nepse_official,OPEN,2026-07-14,AKPL,Arun Kabeli Power Ltd.,247.0,251.8,237.7,,249.7,248.0,1.6999999999999886,,23220.0,5708441.8,75.0,14.100000000000023,5.708502024291507,0.6854838709677373,76112.55733333333,245.84159345391902
2026-07-14T06:45:32+00:00,2026-07-14T12:30:32+05:45,2026-07-14,12:30:32,1784011532,1,6,12,nepse_official,OPEN,2026-07-14,ALBSL,Asha Laghubitta Bittiya Sanstha Ltd,1015.0,1039.9,1010.0,,1033.0,1041.0,-8.0,,295.0,300680.0,18.0,29.90000000000009,2.9458128078817825,-0.7684918347742555,16704.444444444445,1019.2542372881356
2026-07-14T06:45:32+00:00,2026-07-14T12:30:32+05:45,2026-07-14,12:30:32,1784011532,1,6,12,nepse_official,OPEN,2026-07-14,ALICL,Asian Life Insurance Co. Limited,418.0,418.0,413.4,,417.8,418.0,-0.19999999999998863,,2146.0,892156.6,25.0,4.600000000000023,1.1004784688995268,-0.04784688995215039,35686.263999999996,415.7300093196645
2026-07-14T06:45:32+00:00,2026-07-14T12:30:32+05:45,2026-07-14,12:30:32,1784011532,1,6,12,nepse_official,OPEN,2026-07-14,ANLB,Aatmanirbhar Laghubitta Bittiya Sanstha Limited,7073.0,7073.0,7073.0,,7073.0,6736.8,336.1999999999998,,10.0,70730.0,1.0,0.0,0.0,4.990499940624626,70730.0,7073.0
2026-07-14T06:45:32+00:00,2026-07-14T12:30:32+05:45,2026-07-14,12:30:32,1784011532,1,6,12,nepse_official,OPEN,2026-07-14,APHL,Appolo Hydropower Limited,824.5,899.0,801.0,,835.0,849.9,-14.899999999999977,,7810.0,6492381.5,194.0,98.0,11.885991510006063,-1.7531474291093043,33465.884020618556,831.2908450704225
2026-07-14T06:45:32+00:00,2026-07-14T12:30:32+05:45,2026-07-14,12:30:32,1784011532,1,6,12,nepse_official,OPEN,2026-07-14,API,Api Power Company Ltd.,322.0,323.0,318.0,,323.0,322.0,1.0,,58988.0,18879156.0,176.0,5.0,1.5527950310559007,0.3105590062111801,107267.93181818182,320.0507899911847
2026-07-14T06:45:32+00:00,2026-07-14T12:30:32+05:45,2026-07-14,12:30:32,1784011532,1,6,12,nepse_official,OPEN,2026-07-14,AVYAN,Aviyan Laghubitta Bittiya Sanstha Limited,971.9,1031.0,971.9,,1013.0,1023.0,-10.0,,430.0,433874.0,14.0,59.10000000000002,6.080872517748742,-0.9775171065493646,30991.0,1009.0093023255814
2026-07-14T06:45:32+00:00,2026-07-14T12:30:32+05:45,2026-07-14,12:30:32,1784011532,1,6,12,nepse_official,OPEN,2026-07-14,BANDIPUR,Bandipur Cablecar and Tourism Limited,652.5,662.0,635.0,,651.2,665.0,-13.799999999999955,,15434.0,10020210.5,222.0,27.0,4.137931034482759,-2.0751879699248055,45136.083333333336,649.2296553064663
2026-07-14T06:45:32+00:00,2026-07-14T12:30:32+05:45,2026-07-14,12:30:32,1784011532,1,6,12,nepse_official,OPEN,2026-07-14,BARUN,Barun Hydropower Co. Ltd.,308.0,310.0,307.2,,309.9,308.7,1.1999999999999886,,7006.0,2160188.1,38.0,2.8000000000000114,0.9090909090909128,0.3887269193391606,56847.0552631579,308.3340137025407
2026-07-14T06:45:32+00:00,2026-07-14T12:30:32+05:45,2026-07-14,12:30:32,1784011532,1,6,12,nepse_official,OPEN,2026-07-14,BBC,Bishal Bazar Company Limited,4053.7,4094.9,4021.1,,4094.9,4070.0,24.90000000000009,,90.0,364071.0,7.0,73.80000000000018,1.82055899548561,0.611793611793614,52010.142857142855,4045.233333333333
2026-07-14T06:45:32+00:00,2026-07-14T12:30:32+05:45,2026-07-14,12:30:32,1784011532,1,6,12,nepse_official,OPEN,2026-07-14,BEDC,Bhugol Energy Development Company Limited,306.0,311.6,303.1,,310.8,310.1,0.6999999999999886,,10412.0,3183143.2,69.0,8.5,2.7777777777777777,0.22573363431150875,46132.51014492754,305.71870918171345
2026-07-14T06:45:32+00:00,2026-07-14T12:30:32+05:45,2026-07-14,12:30:32,1784011532,1,6,12,nepse_official,OPEN,2026-07-14,BFC,Best Finance Company Ltd.,512.5,513.0,497.6,,504.0,508.0,-4.0,,31915.0,16084607.3,109.0,15.399999999999977,3.0048780487804834,-0.7874015748031495,147565.20458715598,503.98268212439297
2026-07-14T06:45:32+00:00,2026-07-14T12:30:32+05:45,2026-07-14,12:30:32,1784011532,1,6,12,nepse_official,OPEN,2026-07-14,BGWT,Bhagawati Hydropower Development Company Limited,534.5,534.5,526.0,,526.0,520.0,6.0,,227.0,120250.9,12.0,8.5,1.5902712815715623,1.153846153846154,10020.908333333333,529.7396475770925
2026-07-14T06:45:32+00:00,2026-07-14T12:30:32+05:45,2026-07-14,12:30:32,1784011532,1,6,12,nepse_official,OPEN,2026-07-14,BHCL,Bikash Hydropower Company Limited,470.0,470.0,435.1,,455.0,457.0,-2.0,,10162.0,4515888.8,130.0,34.89999999999998,7.425531914893613,-0.437636761487965,34737.60615384615,444.389765794135
2026-07-14T06:45:32+00:00,2026-07-14T12:30:32+05:45,2026-07-14,12:30:32,1784011532,1,6,12,nepse_official,OPEN,2026-07-14,BHDC,Bindhyabasini Hydropower Development Company Limited,420.0,422.0,412.0,,422.0,425.0,-3.0,,2909.0,1218808.9,29.0,10.0,2.380952380952381,-0.7058823529411765,42027.893103448274,418.97865245788927
2026-07-14T06:45:32+00:00,2026-07-14T12:30:32+05:45,2026-07-14,12:30:32,1784011532,1,6,12,nepse_official,OPEN,2026-07-14,BHL,Balephi Hydropower Limited,201.0,205.9,199.0,,203.0,201.0,2.0,,28711.0,5761107.8,138.0,6.900000000000006,3.432835820895525,0.9950248756218906,41747.157971014494,200.65855595416392
2026-07-14T06:45:32+00:00,2026-07-14T12:30:32+05:45,2026-07-14,12:30:32,1784011532,1,6,12,nepse_official,OPEN,2026-07-14,BHPL,Barahi Hydropower Public Limited,480.0,480.0,449.0,,460.0,467.5,-7.5,,4866.0,2212203.1,53.0,31.0,6.458333333333334,-1.6042780748663104,41739.68113207547,454.6245581586519
2026-07-14T06:45:32+00:00,2026-07-14T12:30:32+05:45,2026-07-14,12:30:32,1784011532,1,6,12,nepse_official,OPEN,2026-07-14,BJHL,Bhujung Hydropower Limited,650.0,657.0,608.2,,640.0,657.0,-17.0,,5040.0,3196113.5,81.0,48.799999999999955,7.5076923076923014,-2.5875190258751903,39458.19135802469,634.149503968254
2026-07-14T06:45:32+00:00,2026-07-14T12:30:32+05:45,2026-07-14,12:30:32,1784011532,1,6,12,nepse_official,OPEN,2026-07-14,BNHC,Buddha Bhumi Nepal Hydropower Company Limited,261.3,281.0,261.3,,274.0,275.0,-1.0,,19853.0,5316597.1,136.0,19.69999999999999,7.539226942212013,-0.36363636363636365,39092.62573529412,267.7981715609731
2026-07-14T06:45:32+00:00,2026-07-14T12:30:32+05:45,2026-07-14,12:30:32,1784011532,1,6,12,nepse_official,OPEN,2026-07-14,BPCL,Butwal Power Company Limited,680.0,680.0,638.1,,642.0,647.9,-5.899999999999977,,11757.0,7768371.7,25.0,41.89999999999998,6.16176470588235,-0.9106343571538783,310734.868,660.744382070256
2026-07-14T06:45:32+00:00,2026-07-14T12:30:32+05:45,2026-07-14,12:30:32,1784011532,1,6,12,nepse_official,OPEN,2026-07-14,BUNGAL,Bungal Hydro Limited,575.0,577.5,558.0,,570.0,575.0,-5.0,,5788.0,3265786.0,86.0,19.5,3.3913043478260874,-0.8695652173913043,37974.25581395349,564.2339322736697
2026-07-14T06:45:32+00:00,2026-07-14T12:30:32+05:45,2026-07-14,12:30:32,1784011532,1,6,12,nepse_official,OPEN,2026-07-14,C30MF,Citizens Super 30 Mutual Fund,10.01,10.01,10.01,,10.01,9.93,0.08000000000000007,,1870.0,18718.7,2.0,0.0,0.0,0.8056394763343411,9359.35,10.01
2026-07-14T06:45:32+00:00,2026-07-14T12:30:32+05:45,2026-07-14,12:30:32,1784011532,1,6,12,nepse_official,OPEN,2026-07-14,CBBL,Chhimek Laghubitta Bittiya Sanstha Limited,910.0,910.1,907.0,,910.0,910.0,0.0,,2174.0,1976211.7,46.0,3.1000000000000227,0.34065934065934317,0.0,42961.12391304348,909.0210211591536
2026-07-14T06:45:32+00:00,2026-07-14T12:30:32+05:45,2026-07-14,12:30:32,1784011532,1,6,12,nepse_official,OPEN,2026-07-14,CCBD88,Century Debenture 2088,1256.0,1275.0,1256.0,,1275.0,1220.0,55.0,,1175.0,1478220.0,4.0,19.0,1.5127388535031847,4.508196721311475,369555.0,1258.0595744680852
2026-07-14T06:45:32+00:00,2026-07-14T12:30:32+05:45,2026-07-14,12:30:32,1784011532,1,6,12,nepse_official,OPEN,2026-07-14,CFCL,Central Finance Co. Ltd.,610.0,610.0,590.0,,600.5,600.1,0.39999999999997726,,7268.0,4333615.8,51.0,20.0,3.278688524590164,0.06665555740709503,84972.8588235294,596.2597413318657
2026-07-14T06:45:32+00:00,2026-07-14T12:30:32+05:45,2026-07-14,12:30:32,1784011532,1,6,12,nepse_official,OPEN,2026-07-14,CGH,Chandragiri Hills Limited,751.1,764.0,751.1,,760.0,760.0,0.0,,2306.0,1745198.8,31.0,12.899999999999977,1.7174810278258523,0.0,56296.73548387097,756.8078057241978
2026-07-14T06:45:32+00:00,2026-07-14T12:30:32+05:45,2026-07-14,12:30:32,1784011532,1,6,12,nepse_official,OPEN,2026-07-14,CHCL,Chilime Hydropower Company Limited,499.8,499.8,470.4,,471.1,476.0,-4.899999999999977,,4283.0,2027205.9,59.0,29.400000000000034,5.882352941176477,-1.0294117647058776,34359.42203389831,473.31447583469526
2026-07-14T06:45:32+00:00,2026-07-14T12:30:32+05:45,2026-07-14,12:30:32,1784011532,1,6,12,nepse_official,OPEN,2026-07-14,CHDC,CEDB Holdings Limited,1967.0,2145.0,1967.0,,2043.0,2070.0,-27.0,,2925.0,6006504.6,50.0,178.0,9.049313675648195,-1.3043478260869565,120130.09199999999,2053.505846153846
2026-07-14T06:45:32+00:00,2026-07-14T12:30:32+05:45,2026-07-14,12:30:32,1784011532,1,6,12,nepse_official,OPEN,2026-07-14,CHL,Chhyangdi Hydropower Ltd.,253.0,253.0,250.1,,251.0,253.0,-2.0,,4467.0,1122473.0,24.0,2.9000000000000057,1.1462450592885398,-0.7905138339920948,46769.708333333336,251.28117304678756
2026-07-14T06:45:32+00:00,2026-07-14T12:30:32+05:45,2026-07-14,12:30:32,1784011532,1,6,12,nepse_official,OPEN,2026-07-14,CIT,Citizen Investment Trust,1680.0,1681.0,1665.0,,1670.0,1675.0,-5.0,,1653.0,2755766.5,36.0,16.0,0.9523809523809524,-0.2985074626865672,76549.06944444444,1667.1303690260133
2026-07-14T06:45:32+00:00,2026-07-14T12:30:32+05:45,2026-07-14,12:30:32,1784011532,1,6,12,nepse_official,OPEN,2026-07-14,CITY,City Hotel Limited,327.8,348.0,327.8,,346.0,345.0,1.0,,73705.0,25038485.7,352.0,20.19999999999999,6.162294081757165,0.2898550724637681,71132.06164772727,339.71217285123123
2026-07-14T06:45:32+00:00,2026-07-14T12:30:32+05:45,2026-07-14,12:30:32,1784011532,1,6,12,nepse_official,OPEN,2026-07-14,CIZBD90,10% Citizens Bank Debenture 2090,1175.0,1210.0,1175.0,,1210.0,1175.0,35.0,,1005.0,1213792.7,12.0,35.0,2.9787234042553195,2.9787234042553195,101149.39166666666,1207.7539303482586
2026-07-14T06:45:32+00:00,2026-07-14T12:30:32+05:45,2026-07-14,12:30:32,1784011532,1,6,12,nepse_official,OPEN,2026-07-14,CKHL,Chirkhwa Hydropower Limited ,525.0,526.0,525.0,,525.1,539.0,-13.899999999999977,,350.0,183824.0,9.0,1.0,0.19047619047619047,-2.5788497217068604,20424.88888888889,525.2114285714285
2026-07-14T06:45:32+00:00,2026-07-14T12:30:32+05:45,2026-07-14,12:30:32,1784011532,1,6,12,nepse_official,OPEN,2026-07-14,CLI,Citizen Life Insurance Company Limited,436.0,440.0,429.3,,433.0,436.0,-3.0,,3443.0,1484933.1,78.0,10.699999999999989,2.45412844036697,-0.6880733944954129,19037.60384615385,431.29047342433927
2026-07-14T06:45:32+00:00,2026-07-14T12:30:32+05:45,2026-07-14,12:30:32,1784011532,1,6,12,nepse_official,OPEN,2026-07-14,CORBL,Corporate Development Bank Limited,1550.0,1792.0,1550.0,,1560.0,1600.0,-40.0,,6285.0,9976330.0,155.0,242.0,15.612903225806452,-2.5,64363.41935483871,1587.3237867939538
2026-07-14T06:45:32+00:00,2026-07-14T12:30:32+05:45,2026-07-14,12:30:32,1784011532,1,6,12,nepse_official,OPEN,2026-07-14,CREST,Crest Micro Life Insurance Limited,1200.0,1200.0,1150.1,,1151.0,1175.0,-24.0,,7083.0,8195699.9,58.0,49.90000000000009,4.158333333333341,-2.0425531914893615,141305.17068965518,1157.0944373852888
2026-07-14T06:45:32+00:00,2026-07-14T12:30:32+05:45,2026-07-14,12:30:32,1784011532,1,6,12,nepse_official,OPEN,2026-07-14,CSY,Citizens Santulit Yojana,9.0,9.01,8.9,,8.91,9.01,-0.09999999999999964,,2400.0,21504.0,14.0,0.10999999999999943,1.2222222222222159,-1.109877913429519,1536.0,8.96
2026-07-14T06:45:32+00:00,2026-07-14T12:30:32+05:45,2026-07-14,12:30:32,1784011532,1,6,12,nepse_official,OPEN,2026-07-14,CYCL,CYC Nepal Laghubitta Bittiya Sanstha Limited,1300.1,1329.9,1300.0,,1329.9,1330.0,-0.09999999999990905,,121.0,157629.9,7.0,29.90000000000009,2.2998230905315045,-0.007518796992474364,22518.557142857142,1302.7264462809917
2026-07-14T06:45:32+00:00,2026-07-14T12:30:32+05:45,2026-07-14,12:30:32,1784011532,1,6,12,nepse_official,OPEN,2026-07-14,CZBIL,Citizens Bank International Limited,195.8,195.8,192.0,,194.0,193.5,0.5,,10883.0,2104085.4,48.0,3.8000000000000114,1.9407558733401487,0.2583979328165375,43835.112499999996,193.33689240099235
2026-07-14T06:45:32+00:00,2026-07-14T12:30:32+05:45,2026-07-14,12:30:32,1784011532,1,6,12,nepse_official,OPEN,2026-07-14,DDBL,Deprosc Laghubitta Bittiya Sanstha Limited,820.0,820.0,815.0,,820.0,816.0,4.0,,3197.0,2613658.0,17.0,5.0,0.6097560975609756,0.49019607843137253,153744.58823529413,817.534563653425
2026-07-14T06:45:32+00:00,2026-07-14T12:30:32+05:45,2026-07-14,12:30:32,1784011532,1,6,12,nepse_official,OPEN,2026-07-14,DHEL,Daramkhola Hydro Energy Limited,560.0,570.0,550.0,,563.0,570.0,-7.0,,3726.0,2086736.6,58.0,20.0,3.571428571428571,-1.2280701754385965,35978.21724137931,560.0473966720343
2026-07-14T06:45:32+00:00,2026-07-14T12:30:32+05:45,2026-07-14,12:30:32,1784011532,1,6,12,nepse_official,OPEN,2026-07-14,DHPL,Dibyashwori Hydropower Ltd.,257.0,281.0,257.0,,281.0,257.1,23.899999999999977,,3420.0,885920.0,23.0,24.0,9.33852140077821,9.295993776740557,38518.260869565216,259.0409356725146
2026-07-14T06:45:32+00:00,2026-07-14T12:30:32+05:45,2026-07-14,12:30:32,1784011532,1,6,12,nepse_official,OPEN,2026-07-14,DLBS,Dhaulagiri Laghubitta Bittiya Sanstha Limited,1167.0,1170.0,1135.0,,1135.0,1199.9,-64.90000000000009,,270.0,314125.0,10.0,35.0,2.999143101970865,-5.408784065338786,31412.5,1163.4259259259259
2026-07-14T06:45:32+00:00,2026-07-14T12:30:32+05:45,2026-07-14,12:30:32,1784011532,1,6,12,nepse_official,OPEN,2026-07-14,DOLTI,Dolti Power Company Limited,310.8,314.0,300.1,,312.0,309.0,3.0,,14704.0,4466625.1,94.0,13.899999999999977,4.472329472329465,0.9708737864077669,47517.288297872336,303.76938928182807
2026-07-14T06:45:32+00:00,2026-07-14T12:30:32+05:45,2026-07-14,12:30:32,1784011532,1,6,12,nepse_official,OPEN,2026-07-14,DORDI,Dordi Khola Jal Bidyut Company Limited,245.0,245.0,240.0,,243.0,245.7,-2.6999999999999886,,5568.0,1340482.1,54.0,5.0,2.0408163265306123,-1.0989010989010943,24823.742592592593,240.74750359195403
2026-07-14T06:45:32+00:00,2026-07-14T12:30:32+05:45,2026-07-14,12:30:32,1784011532,1,6,12,nepse_official,OPEN,2026-07-14,EBL,Everest Bank Limited,695.0,695.0,690.3,,695.0,694.0,1.0,,14938.0,10339030.2,96.0,4.7000000000000455,0.676258992805762,0.1440922190201729,107698.23125,692.1294818583478
2026-07-14T06:45:32+00:00,2026-07-14T12:30:32+05:45,2026-07-14,12:30:32,1784011532,1,6,12,nepse_official,OPEN,2026-07-14,EBLD85,10.50% Everest Bank Limited Debenture 2085,1150.0,1151.0,1150.0,,1151.0,1120.0,31.0,,200.0,230175.0,3.0,1.0,0.08695652173913043,2.767857142857143,76725.0,1150.875
2026-07-14T06:45:32+00:00,2026-07-14T12:30:32+05:45,2026-07-14,12:30:32,1784011532,1,6,12,nepse_official,OPEN,2026-07-14,EBLD91,Everest Bank Limited Debenture 2091,1119.0,1120.0,1119.0,,1120.0,1119.0,1.0,,49798.0,55773720.0,6.0,1.0,0.08936550491510277,0.08936550491510277,9295620.0,1119.9991967548897
2026-07-14T06:45:32+00:00,2026-07-14T12:30:32+05:45,2026-07-14,12:30:32,1784011532,1,6,12,nepse_official,OPEN,2026-07-14,EDBL,Excel Development Bank Ltd.,560.0,560.0,549.0,,560.0,560.0,0.0,,48680.0,27246444.0,15.0,11.0,1.9642857142857142,0.0,1816429.6,559.705094494659
2026-07-14T06:45:32+00:00,2026-07-14T12:30:32+05:45,2026-07-14,12:30:32,1784011532,1,6,12,nepse_official,OPEN,2026-07-14,EHPL,Eastern Hydropower Limited,345.0,345.0,329.0,,335.0,339.0,-4.0,,8628.0,2853162.4,64.0,16.0,4.63768115942029,-1.1799410029498525,44580.6625,330.6864163189615
2026-07-14T06:45:32+00:00,2026-07-14T12:30:32+05:45,2026-07-14,12:30:32,1784011532,1,6,12,nepse_official,OPEN,2026-07-14,ENL,Emerging Nepal Limited,800.0,800.0,762.0,,765.0,784.0,-19.0,,237.0,185136.0,9.0,38.0,4.75,-2.423469387755102,20570.666666666668,781.1645569620254
2026-07-14T06:45:32+00:00,2026-07-14T12:30:32+05:45,2026-07-14,12:30:32,1784011532,1,6,12,nepse_official,OPEN,2026-07-14,FMDBL,First Micro Finance Laghubitta Bittiya Sanstha Limited,750.0,750.0,738.0,,745.0,755.0,-10.0,,4964.0,3682663.2,32.0,12.0,1.6,-1.3245033112582782,115083.225,741.8741337630943
2026-07-14T06:45:32+00:00,2026-07-14T12:30:32+05:45,2026-07-14,12:30:32,1784011532,1,6,12,nepse_official,OPEN,2026-07-14,FOWAD,Forward Microfinance Laghubitta Bittiya Sanstha Limited,946.0,964.9,933.0,,960.0,960.0,0.0,,1115.0,1049569.4,33.0,31.899999999999977,3.3720930232558115,0.0,31805.13333333333,941.3178475336322
2026-07-14T06:45:32+00:00,2026-07-14T12:30:32+05:45,2026-07-14,12:30:32,1784011532,1,6,12,nepse_official,OPEN,2026-07-14,GBBL,Garima Bikas Bank Limited,395.3,402.0,395.3,,398.0,396.1,1.8999999999999773,,2023.0,804704.6,18.0,6.699999999999989,1.6949152542372854,0.479676849280479,44705.81111111111,397.77785467128024
2026-07-14T06:45:32+00:00,2026-07-14T12:30:32+05:45,2026-07-14,12:30:32,1784011532,1,6,12,nepse_official,OPEN,2026-07-14,GBIME,Global IME Bank Limited,238.0,240.0,235.0,,237.4,237.5,-0.09999999999999432,,52678.0,12433092.5,138.0,5.0,2.100840336134454,-0.04210526315789234,90094.87318840579,236.0205873419644
2026-07-14T06:45:32+00:00,2026-07-14T12:30:32+05:45,2026-07-14,12:30:32,1784011532,1,6,12,nepse_official,OPEN,2026-07-14,GBIMESY2,Global IME Sammunat Yojana -2,9.4,9.4,9.4,,9.4,9.5,-0.09999999999999964,,100.0,940.0,1.0,0.0,0.0,-1.0526315789473648,940.0,9.4
2026-07-14T06:45:32+00:00,2026-07-14T12:30:32+05:45,2026-07-14,12:30:32,1784011532,1,6,12,nepse_official,OPEN,2026-07-14,GBLBS,Grameen Bikas Laghubitta Bittiya Sanstha Ltd.,718.0,729.6,718.0,,729.6,739.0,-9.399999999999977,,657.0,474438.5,18.0,11.600000000000023,1.615598885793875,-1.2719891745602134,26357.694444444445,722.1286149162861
2026-07-14T06:45:32+00:00,2026-07-14T12:30:32+05:45,2026-07-14,12:30:32,1784011532,1,6,12,nepse_official,OPEN,2026-07-14,GCIL,Ghorahi Cement Industry Limited,321.0,326.5,320.3,,325.0,327.0,-2.0,,3529.0,1143052.3,64.0,6.199999999999989,1.9314641744548249,-0.6116207951070336,17860.1921875,323.9026069708133
2026-07-14T06:45:32+00:00,2026-07-14T12:30:32+05:45,2026-07-14,12:30:32,1784011532,1,6,12,nepse_official,OPEN,2026-07-14,GFCL,Goodwill Finance Limited,595.1,595.1,592.1,,593.0,595.1,-2.1000000000000227,,1840.0,1091297.5,18.0,3.0,0.504116955133591,-0.3528818685935175,60627.63888888889,593.0964673913044
2026-07-14T06:45:32+00:00,2026-07-14T12:30:32+05:45,2026-07-14,12:30:32,1784011532,1,6,12,nepse_official,OPEN,2026-07-14,GHL,Ghalemdi Hydro Limited,216.0,216.1,213.1,,216.0,216.0,0.0,,21052.0,4515377.2,63.0,3.0,1.3888888888888888,0.0,71672.65396825397,214.48685160554817
2026-07-14T06:45:32+00:00,2026-07-14T12:30:32+05:45,2026-07-14,12:30:32,1784011532,1,6,12,nepse_official,OPEN,2026-07-14,GIBF1,Global IME Balanced Fund-1,10.27,10.35,10.27,,10.35,10.35,0.0,,350.0,3609.5,3.0,0.08000000000000007,0.7789678675754632,0.0,1203.1666666666667,10.312857142857142
2026-07-14T06:45:32+00:00,2026-07-14T12:30:32+05:45,2026-07-14,12:30:32,1784011532,1,6,12,nepse_official,OPEN,2026-07-14,GILB,Global IME Laghubitta Bittiya Sanstha Ltd.,1045.0,1046.0,1043.0,,1045.4,1065.0,-19.59999999999991,,459.0,479832.6,6.0,3.0,0.28708133971291866,-1.8403755868544516,79972.09999999999,1045.3869281045752
2026-07-14T06:45:32+00:00,2026-07-14T12:30:32+05:45,2026-07-14,12:30:32,1784011532,1,6,12,nepse_official,OPEN,2026-07-14,GLBSL,Gurans Laghubitta Bittiya Sanstha Limited,1754.9,1754.9,1720.0,,1720.0,1754.9,-34.90000000000009,,167.0,287208.7,4.0,34.90000000000009,1.9887173058293972,-1.9887173058293972,71802.175,1719.8125748502994
2026-07-14T06:45:32+00:00,2026-07-14T12:30:32+05:45,2026-07-14,12:30:32,1784011532,1,6,12,nepse_official,OPEN,2026-07-14,GLH,GreenLife Hydropower Limited,237.2,242.0,237.1,,241.5,240.9,0.5999999999999943,,18695.0,4467096.1,78.0,4.900000000000006,2.065767284991571,0.2490660024906577,57270.46282051282,238.94603369884993
2026-07-14T06:45:32+00:00,2026-07-14T12:30:32+05:45,2026-07-14,12:30:32,1784011532,1,6,12,nepse_official,OPEN,2026-07-14,GMFBS,Ganapati Laghubitta Bittiya Sanstha Limited,1232.0,1232.0,1195.1,,1195.1,1174.0,21.09999999999991,,20.0,24271.0,2.0,36.90000000000009,2.9951298701298774,1.7972742759795495,12135.5,1213.55
2026-07-14T06:45:32+00:00,2026-07-14T12:30:32+05:45,2026-07-14,12:30:32,1784011532,1,6,12,nepse_official,OPEN,2026-07-14,GMFIL,Guheshowori Merchant Bank & Finance Co. Ltd.,448.0,448.0,440.0,,440.0,448.0,-8.0,,2830.0,1247935.0,12.0,8.0,1.7857142857142856,-1.7857142857142856,103994.58333333333,440.96643109540634
2026-07-14T06:45:32+00:00,2026-07-14T12:30:32+05:45,2026-07-14,12:30:32,1784011532,1,6,12,nepse_official,OPEN,2026-07-14,GMLI,Guardian Micro Life Insurance Limited ,1125.1,1148.0,1114.0,,1115.0,1150.0,-35.0,,650.0,726909.0,22.0,34.0,3.0219536041240778,-3.0434782608695654,33041.318181818184,1118.3215384615385
2026-07-14T06:45:32+00:00,2026-07-14T12:30:32+05:45,2026-07-14,12:30:32,1784011532,1,6,12,nepse_official,OPEN,2026-07-14,GRDBL,Green Development Bank Ltd.,1027.0,1027.0,1000.0,,1020.0,1027.0,-7.0,,3988.0,4031130.9,37.0,27.0,2.6290165530671863,-0.6815968841285297,108949.48378378378,1010.8151705115346
2026-07-14T06:45:32+00:00,2026-07-14T12:30:32+05:45,2026-07-14,12:30:32,1784011532,1,6,12,nepse_official,OPEN,2026-07-14,GSY,Garima Samriddhi Yojana,9.95,10.0,9.7,,10.0,9.95,0.05000000000000071,,2950.0,29440.0,16.0,0.3000000000000007,3.01507537688443,0.5025125628140775,1840.0,9.979661016949153
2026-07-14T06:45:32+00:00,2026-07-14T12:30:32+05:45,2026-07-14,12:30:32,1784011532,1,6,12,nepse_official,OPEN,2026-07-14,GUFL,Gurkhas Finance Ltd.,530.0,545.9,529.0,,530.0,538.5,-8.5,,4780.0,2538214.8,38.0,16.899999999999977,3.1886792452830144,-1.5784586815227482,66795.12631578947,531.007280334728
2026-07-14T06:45:32+00:00,2026-07-14T12:30:32+05:45,2026-07-14,12:30:32,1784011532,1,6,12,nepse_official,OPEN,2026-07-14,GVL,Green Ventures Limited,463.0,470.0,463.0,,470.0,470.0,0.0,,4132.0,1927736.9,39.0,7.0,1.511879049676026,0.0,49429.15128205128,466.5384559535334
2026-07-14T06:45:32+00:00,2026-07-14T12:30:32+05:45,2026-07-14,12:30:32,1784011532,1,6,12,nepse_official,OPEN,2026-07-14,GWFD83,12 % Goodwill Finance Limited Debenture 2083,1114.0,1134.7,1110.0,,1134.7,1114.0,20.700000000000045,,101.0,113404.7,3.0,24.700000000000045,2.2172351885098784,1.8581687612208302,37801.566666666666,1122.8188118811881
2026-07-14T06:45:32+00:00,2026-07-14T12:30:32+05:45,2026-07-14,12:30:32,1784011532,1,6,12,nepse_official,OPEN,2026-07-14,H8020,Himalayan 80-20,11.5,11.5,11.5,,11.5,11.7,-0.1999999999999993,,100.0,1150.0,1.0,0.0,0.0,-1.7094017094017033,1150.0,11.5
2026-07-14T06:45:32+00:00,2026-07-14T12:30:32+05:45,2026-07-14,12:30:32,1784011532,1,6,12,nepse_official,OPEN,2026-07-14,HATHY,Hathway Investment Nepal Limited,665.1,679.9,662.0,,670.0,679.9,-9.899999999999977,,1183.0,789868.1,15.0,17.899999999999977,2.691324612840171,-1.4560964847771698,52657.87333333333,667.68224852071
2026-07-14T06:45:32+00:00,2026-07-14T12:30:32+05:45,2026-07-14,12:30:32,1784011532,1,6,12,nepse_official,OPEN,2026-07-14,HBL,Himalayan Bank Limited,195.0,195.0,188.9,,190.5,190.8,-0.30000000000001137,,15958.0,3023856.5,193.0,6.099999999999994,3.1282051282051255,-0.15723270440252168,15667.650259067357,189.4884384008021
2026-07-14T06:45:32+00:00,2026-07-14T12:30:32+05:45,2026-07-14,12:30:32,1784011532,1,6,12,nepse_official,OPEN,2026-07-14,HBLD83,10% Himalayan Bank Debenture 2083,1051.0,1051.0,1051.0,,1051.0,1052.0,-1.0,,30000.0,31530000.0,1.0,0.0,0.0,-0.09505703422053231,31530000.0,1051.0
2026-07-14T06:45:32+00:00,2026-07-14T12:30:32+05:45,2026-07-14,12:30:32,1784011532,1,6,12,nepse_official,OPEN,2026-07-14,HBLD86,"Himalayan Bank Limited Bond, 2086",1197.0,1197.0,1197.0,,1197.0,1210.0,-13.0,,30000.0,35910000.0,1.0,0.0,0.0,-1.0743801652892562,35910000.0,1197.0
2026-07-14T06:45:32+00:00,2026-07-14T12:30:32+05:45,2026-07-14,12:30:32,1784011532,1,6,12,nepse_official,OPEN,2026-07-14,HDHPC,Himal Dolakha Hydropower Company Limited,192.8,205.0,192.8,,205.0,202.9,2.0999999999999943,,22953.0,4634416.8,109.0,12.199999999999989,6.327800829875513,1.03499260719566,42517.585321100916,201.9089792184028
2026-07-14T06:45:32+00:00,2026-07-14T12:30:32+05:45,2026-07-14,12:30:32,1784011532,1,6,12,nepse_official,OPEN,2026-07-14,HDL,Himalayan Distillery Limited,1149.0,1149.0,1138.0,,1141.0,1142.0,-1.0,,12984.0,14815768.4,153.0,11.0,0.9573542210617928,-0.08756567425569177,96835.08758169935,1141.0788971041281
2026-07-14T06:45:32+00:00,2026-07-14T12:30:32+05:45,2026-07-14,12:30:32,1784011532,1,6,12,nepse_official,OPEN,2026-07-14,HEI,Himalayan Everest Insurance Limited,507.0,515.0,489.9,,511.9,510.0,1.8999999999999773,,8557.0,4257960.0,36.0,25.100000000000023,4.950690335305724,0.37254901960783865,118276.66666666667,497.5996260371626
2026-07-14T06:45:32+00:00,2026-07-14T12:30:32+05:45,2026-07-14,12:30:32,1784011532,1,6,12,nepse_official,OPEN,2026-07-14,HEIP,Himalayan Everest Insurance Limited Promoter,311.0,311.0,311.0,,311.0,311.1,-0.10000000000002274,,15.0,4665.0,1.0,0.0,0.0,-0.032144005143048125,4665.0,311.0
2026-07-14T06:45:32+00:00,2026-07-14T12:30:32+05:45,2026-07-14,12:30:32,1784011532,1,6,12,nepse_official,OPEN,2026-07-14,HFIN,Hotel Forest Inn Limited,605.0,639.0,605.0,,638.0,635.0,3.0,,7602.0,4774554.9,195.0,34.0,5.619834710743802,0.47244094488188976,24484.896923076925,628.0656274664562
2026-07-14T06:45:32+00:00,2026-07-14T12:30:32+05:45,2026-07-14,12:30:32,1784011532,1,6,12,nepse_official,OPEN,2026-07-14,HHL,Himalayan Hydropower Limited,326.0,326.0,317.0,,323.0,328.0,-5.0,,17915.0,5734791.8,84.0,9.0,2.7607361963190185,-1.524390243902439,68271.33095238094,320.1111805749372
2026-07-14T06:45:32+00:00,2026-07-14T12:30:32+05:45,2026-07-14,12:30:32,1784011532,1,6,12,nepse_official,OPEN,2026-07-14,HIDCL,Hydorelectricity Investment and Development Company Ltd,249.4,249.4,245.0,,246.9,246.6,0.30000000000001137,,14964.0,3677196.1,87.0,4.400000000000006,1.7642341619887754,0.12165450121654964,42266.621839080464,245.73617348302594
2026-07-14T06:45:32+00:00,2026-07-14T12:30:32+05:45,2026-07-14,12:30:32,1784011532,1,6,12,nepse_official,OPEN,2026-07-14,HIDCLP,Hydorelectricity Investment and Development Company Limited Promoter,182.8,185.3,182.0,,184.0,183.0,1.0,,40512.0,7401561.1,66.0,3.3000000000000114,1.8052516411378616,0.546448087431694,112144.86515151514,182.70046159162717
2026-07-14T06:45:32+00:00,2026-07-14T12:30:32+05:45,2026-07-14,12:30:32,1784011532,1,6,12,nepse_official,OPEN,2026-07-14,HIMSTAR,Him Star Urja Company Limited,625.0,642.0,596.1,,618.0,627.0,-9.0,,4471.0,2752532.4,74.0,45.89999999999998,7.343999999999997,-1.4354066985645932,37196.383783783785,615.6413330351152
2026-07-14T06:45:32+00:00,2026-07-14T12:30:32+05:45,2026-07-14,12:30:32,1784011532,1,6,12,nepse_official,OPEN,2026-07-14,HLBSL,Himalayan Laghubitta Bittiya Sanstha Limited,841.0,880.0,838.0,,864.0,863.0,1.0,,358.0,307834.0,13.0,42.0,4.9940546967895365,0.11587485515643105,23679.53846153846,859.8715083798883
2026-07-14T06:45:32+00:00,2026-07-14T12:30:32+05:45,2026-07-14,12:30:32,1784011532,1,6,12,nepse_official,OPEN,2026-07-14,HLI,Himalayan Life Insurance Limited,317.0,320.0,313.6,,320.0,317.0,3.0,,10140.0,3200550.2,95.0,6.399999999999977,2.0189274447949455,0.9463722397476341,33690.00210526316,315.63611439842214
2026-07-14T06:45:32+00:00,2026-07-14T12:30:32+05:45,2026-07-14,12:30:32,1784011532,1,6,12,nepse_official,OPEN,2026-07-14,HLICF,HLI Large Cap Fund,8.7,8.75,8.7,,8.75,8.75,0.0,,300.0,2617.0,3.0,0.05000000000000071,0.5747126436781691,0.0,872.3333333333334,8.723333333333333
2026-07-14T06:45:32+00:00,2026-07-14T12:30:32+05:45,2026-07-14,12:30:32,1784011532,1,6,12,nepse_official,OPEN,2026-07-14,HPPL,Himalayan Power Partner Ltd.,342.1,348.0,340.1,,345.0,348.5,-3.5,,27115.0,9289987.7,146.0,7.899999999999977,2.3092662964045534,-1.0043041606886656,63630.05273972602,342.6143352387977
2026-07-14T06:45:32+00:00,2026-07-14T12:30:32+05:45,2026-07-14,12:30:32,1784011532,1,6,12,nepse_official,OPEN,2026-07-14,HRL,Himalayan Reinsurance Limited,555.0,560.0,545.0,,554.0,556.0,-2.0,,22914.0,12559723.11,315.0,15.0,2.7027027027027026,-0.3597122302158274,39872.136857142854,548.1244265514532
2026-07-14T06:45:32+00:00,2026-07-14T12:30:32+05:45,2026-07-14,12:30:32,1784011532,1,6,12,nepse_official,OPEN,2026-07-14,HURJA,Himalaya Urja Bikas Company Limited,224.0,225.0,219.1,,225.0,222.1,2.9000000000000057,,22394.0,4953243.1,70.0,5.900000000000006,2.633928571428574,1.3057181449797415,70760.61571428571,221.18617040278644
2026-07-14T06:45:32+00:00,2026-07-14T12:30:32+05:45,2026-07-14,12:30:32,1784011532,1,6,12,nepse_official,OPEN,2026-07-14,ICFC,ICFC Finance Limited,588.0,589.7,580.0,,589.7,588.0,1.7000000000000455,,3883.0,2261113.9,28.0,9.700000000000045,1.6496598639455862,0.28911564625851116,80754.06785714286,582.3110739119237
2026-07-14T06:45:32+00:00,2026-07-14T12:30:32+05:45,2026-07-14,12:30:32,1784011532,1,6,12,nepse_official,OPEN,2026-07-14,ICFCD88,9% ICFC Finance Limited Debenture 2088,1165.0,1172.0,1165.0,,1172.0,1150.0,22.0,,60150.0,70495222.5,16.0,7.0,0.6008583690987125,1.9130434782608694,4405951.40625,1171.9903990024939
2026-07-14T06:45:32+00:00,2026-07-14T12:30:32+05:45,2026-07-14,12:30:32,1784011532,1,6,12,nepse_official,OPEN,2026-07-14,ICFCD89,8% ICFC Finance Limited Debenture 2089,1110.0,1120.0,1105.1,,1120.0,1112.0,8.0,,186.0,207248.5,10.0,14.900000000000091,1.3423423423423504,0.7194244604316548,20724.85,1114.239247311828
2026-07-14T06:45:32+00:00,2026-07-14T12:30:32+05:45,2026-07-14,12:30:32,1784011532,1,6,12,nepse_official,OPEN,2026-07-14,IGI,IGI Prudential insurance Limited,424.0,424.0,418.1,,423.9,417.2,6.699999999999989,,2550.0,1068716.8,22.0,5.899999999999977,1.391509433962259,1.6059443911792877,48578.03636363637,419.1046274509804
2026-07-14T06:45:32+00:00,2026-07-14T12:30:32+05:45,2026-07-14,12:30:32,1784011532,1,6,12,nepse_official,OPEN,2026-07-14,IHL,Ingwa Hydropower Limited,329.0,335.0,329.0,,335.0,337.5,-2.5,,1129.0,376826.2,18.0,6.0,1.82370820668693,-0.7407407407407408,20934.78888888889,333.769884853853
2026-07-14T06:45:32+00:00,2026-07-14T12:30:32+05:45,2026-07-14,12:30:32,1784011532,1,6,12,nepse_official,OPEN,2026-07-14,ILBS,Infinity Laghubitta Bittiya Sanstha Limited,816.0,835.0,816.0,,835.0,843.5,-8.5,,286.0,234650.5,11.0,19.0,2.3284313725490198,-1.007705986959099,21331.863636363636,820.4562937062936
2026-07-14T06:45:32+00:00,2026-07-14T12:30:32+05:45,2026-07-14,12:30:32,1784011532,1,6,12,nepse_official,OPEN,2026-07-14,ILI,IME Life Insurance Company Limited,409.0,411.0,406.0,,408.9,409.0,-0.10000000000002274,,2777.0,1131480.9,60.0,5.0,1.2224938875305624,-0.024449877750616807,18858.015,407.4472092185812
2026-07-14T06:45:32+00:00,2026-07-14T12:30:32+05:45,2026-07-14,12:30:32,1784011532,1,6,12,nepse_official,OPEN,2026-07-14,JBBD87,Jyoti Bikash Bank Bond 2087,1143.3,1162.0,1143.3,,1162.0,1110.0,52.0,,2253.0,2615592.4,4.0,18.700000000000045,1.635616198722999,4.684684684684685,653898.1,1160.9375943186863
2026-07-14T06:45:32+00:00,2026-07-14T12:30:32+05:45,2026-07-14,12:30:32,1784011532,1,6,12,nepse_official,OPEN,2026-07-14,JBBL,Jyoti Bikas Bank Limited,335.0,335.0,328.2,,332.0,333.0,-1.0,,13171.0,4354706.0,45.0,6.800000000000011,2.02985074626866,-0.3003003003003003,96771.24444444444,330.6283501632374
2026-07-14T06:45:32+00:00,2026-07-14T12:30:32+05:45,2026-07-14,12:30:32,1784011532,1,6,12,nepse_official,OPEN,2026-07-14,JBLB,Jeevan Bikas Laghubitta  Bittya Sanstha Ltd,1220.0,1225.1,1220.0,,1225.0,1226.0,-1.0,,396.0,484201.0,21.0,5.099999999999909,0.4180327868852384,-0.08156606851549755,23057.190476190477,1222.729797979798
2026-07-14T06:45:32+00:00,2026-07-14T12:30:32+05:45,2026-07-14,12:30:32,1784011532,1,6,12,nepse_official,OPEN,2026-07-14,JFL,Janaki Finance Company Limited,381.0,381.0,378.5,,380.0,381.0,-1.0,,1922.0,729391.0,15.0,2.5,0.6561679790026247,-0.26246719160104987,48626.066666666666,379.49583766909467
2026-07-14T06:45:32+00:00,2026-07-14T12:30:32+05:45,2026-07-14,12:30:32,1784011532,1,6,12,nepse_official,OPEN,2026-07-14,JHAPA,Jhapa Energy Limited,1021.1,1135.0,1010.0,,1030.0,1039.1,-9.099999999999909,,7190.0,7423076.9,80.0,125.0,12.241700127313681,-0.8757578673852285,92788.46125000001,1032.4168150208623
2026-07-14T06:45:32+00:00,2026-07-14T12:30:32+05:45,2026-07-14,12:30:32,1784011532,1,6,12,nepse_official,OPEN,2026-07-14,JOSHI,Joshi Hydropower Development Company Ltd,250.0,250.2,246.0,,249.8,250.1,-0.29999999999998295,,8986.0,2218973.5,32.0,4.199999999999989,1.6799999999999953,-0.11995201919231627,69342.921875,246.93673492098821
2026-07-14T06:45:32+00:00,2026-07-14T12:30:32+05:45,2026-07-14,12:30:32,1784011532,1,6,12,nepse_official,OPEN,2026-07-14,JSLBB,Janautthan Samudayic Laghubitta Bittya Sanstha Limited,1011.0,1011.0,970.0,,970.0,1015.0,-45.0,,686.0,674705.0,7.0,41.0,4.055390702274975,-4.433497536945813,96386.42857142857,983.5349854227405
2026-07-14T06:45:32+00:00,2026-07-14T12:30:32+05:45,2026-07-14,12:30:32,1784011532,1,6,12,nepse_official,OPEN,2026-07-14,KAHL,Kalanga Hydro Limited,472.0,485.0,462.0,,481.0,486.0,-5.0,,18510.0,8725912.9,1162.0,23.0,4.872881355932203,-1.02880658436214,7509.391480206541,471.41614802809295
2026-07-14T06:45:32+00:00,2026-07-14T12:30:32+05:45,2026-07-14,12:30:32,1784011532,1,6,12,nepse_official,OPEN,2026-07-14,KBL,Kumari Bank Limited,209.8,210.0,205.0,,209.0,208.0,1.0,,66395.0,13712452.7,184.0,5.0,2.3832221163012393,0.4807692307692308,74524.19945652173,206.5283937043452
2026-07-14T06:45:32+00:00,2026-07-14T12:30:32+05:45,2026-07-14,12:30:32,1784011532,1,6,12,nepse_official,OPEN,2026-07-14,KBLD86,10.25% KBL Debenture 2086,1195.0,1195.0,1176.0,,1176.0,1195.0,-19.0,,2352.0,2766387.0,3.0,19.0,1.5899581589958158,-1.5899581589958158,922129.0,1176.1849489795918
2026-07-14T06:45:32+00:00,2026-07-14T12:30:32+05:45,2026-07-14,12:30:32,1784011532,1,6,12,nepse_official,OPEN,2026-07-14,KBLD89,11% KBL Debenture 2089,1290.0,1290.0,1290.0,,1290.0,1262.0,28.0,,500.0,645000.0,5.0,0.0,0.0,2.218700475435816,129000.0,1290.0
2026-07-14T06:45:32+00:00,2026-07-14T12:30:32+05:45,2026-07-14,12:30:32,1784011532,1,6,12,nepse_official,OPEN,2026-07-14,KBLD90,10% KBL Debenture 2090,1261.0,1267.0,1261.0,,1267.0,1225.0,42.0,,84196.0,106675762.0,5.0,6.0,0.47581284694686754,3.428571428571429,21335152.4,1266.9932300821893
2026-07-14T06:45:32+00:00,2026-07-14T12:30:32+05:45,2026-07-14,12:30:32,1784011532,1,6,12,nepse_official,OPEN,2026-07-14,KBSH,Kutheli Bukhari Small Hydropower Limited,1226.0,1226.0,1226.0,,1226.0,1262.0,-36.0,,12.0,14712.0,1.0,0.0,0.0,-2.8526148969889067,14712.0,1226.0
2026-07-14T06:45:32+00:00,2026-07-14T12:30:32+05:45,2026-07-14,12:30:32,1784011532,1,6,12,nepse_official,OPEN,2026-07-14,KDBY,Kumari Dhanabriddhi Yojana,10.53,10.57,10.53,,10.57,10.7,-0.129999999999999,,1000.0,10545.0,9.0,0.040000000000000924,0.379867046533722,-1.2149532710280282,1171.6666666666667,10.545
2026-07-14T06:45:32+00:00,2026-07-14T12:30:32+05:45,2026-07-14,12:30:32,1784011532,1,6,12,nepse_official,OPEN,2026-07-14,KDL,Kalinchowk Darshan Limited,733.0,750.0,730.0,,730.0,755.0,-25.0,,1332.0,980758.9,30.0,20.0,2.728512960436562,-3.3112582781456954,32691.963333333333,736.3054804804805
2026-07-14T06:45:32+00:00,2026-07-14T12:30:32+05:45,2026-07-14,12:30:32,1784011532,1,6,12,nepse_official,OPEN,2026-07-14,KEF,Kumari Equity Fund,10.36,10.36,10.35,,10.35,10.66,-0.3100000000000005,,800.0,8281.0,4.0,0.009999999999999787,0.09652509652509447,-2.9080675422138884,2070.25,10.35125
2026-07-14T06:45:32+00:00,2026-07-14T12:30:32+05:45,2026-07-14,12:30:32,1784011532,1,6,12,nepse_official,OPEN,2026-07-14,KHPL,Kalinchock Hydropower Limited,870.0,890.0,870.0,,881.0,885.0,-4.0,,6094.0,5365426.9,89.0,20.0,2.2988505747126435,-0.4519774011299435,60285.69550561798,880.4441910075485
2026-07-14T06:45:32+00:00,2026-07-14T12:30:32+05:45,2026-07-14,12:30:32,1784011532,1,6,12,nepse_official,OPEN,2026-07-14,KKHC,Khanikhola Hydropower Co. Ltd.,245.0,250.0,240.2,,250.0,245.0,5.0,,19751.0,4782167.4,76.0,9.800000000000011,4.000000000000005,2.0408163265306123,62923.2552631579,242.1227988456281
2026-07-14T06:45:32+00:00,2026-07-14T12:30:32+05:45,2026-07-14,12:30:32,1784011532,1,6,12,nepse_official,OPEN,2026-07-14,KMCDB,Kalika Laghubitta Bittiya Sanstha Ltd,787.5,787.5,735.0,,740.0,766.0,-26.0,,1979.0,1471011.1,24.0,52.5,6.666666666666667,-3.3942558746736298,61292.12916666667,743.3103082364831
2026-07-14T06:45:32+00:00,2026-07-14T12:30:32+05:45,2026-07-14,12:30:32,1784011532,1,6,12,nepse_official,OPEN,2026-07-14,KPCL,Kalika power Company Ltd,451.6,460.0,451.1,,454.0,458.0,-4.0,,1681.0,762995.5,24.0,8.899999999999977,1.970770593445522,-0.8733624454148471,31791.479166666668,453.89381320642474
2026-07-14T06:45:32+00:00,2026-07-14T12:30:32+05:45,2026-07-14,12:30:32,1784011532,1,6,12,nepse_official,OPEN,2026-07-14,KSBBL,Kamana Sewa Bikas Bank Limited,463.0,467.0,463.0,,466.0,468.0,-2.0,,5294.0,2463282.0,29.0,4.0,0.8639308855291578,-0.4273504273504274,84940.75862068965,465.2969399319985
2026-07-14T06:45:32+00:00,2026-07-14T12:30:32+05:45,2026-07-14,12:30:32,1784011532,1,6,12,nepse_official,OPEN,2026-07-14,KSBBLD87,9% Kamana Sewa Bikas Bank Limited Debenture 2087,1148.0,1148.0,1148.0,,1148.0,1115.0,33.0,,2349.0,2696652.0,1.0,0.0,0.0,2.9596412556053813,2696652.0,1148.0
2026-07-14T06:45:32+00:00,2026-07-14T12:30:32+05:45,2026-07-14,12:30:32,1784011532,1,6,12,nepse_official,OPEN,2026-07-14,KSY,Kumari Sabal Yojana,9.22,9.77,9.22,,9.77,9.5,0.2699999999999996,,3000.0,29118.0,7.0,0.5499999999999989,5.965292841648577,2.8421052631578902,4159.714285714285,9.706
2026-07-14T06:45:32+00:00,2026-07-14T12:30:32+05:45,2026-07-14,12:30:32,1784011532,1,6,12,nepse_official,OPEN,2026-07-14,LBBL,Lumbini Bikas Bank Ltd.,480.0,480.0,469.1,,476.0,470.2,5.800000000000011,,12103.0,5695477.2,44.0,10.899999999999977,2.2708333333333286,1.2335176520629545,129442.66363636364,470.5839213418161
2026-07-14T06:45:32+00:00,2026-07-14T12:30:32+05:45,2026-07-14,12:30:32,1784011532,1,6,12,nepse_official,OPEN,2026-07-14,LBBLD89,11% L.B.B.L. Debenture 2089,1318.0,1318.0,1318.0,,1318.0,1315.0,3.0,,15210.0,20046780.0,1.0,0.0,0.0,0.22813688212927757,20046780.0,1318.0
2026-07-14T06:45:32+00:00,2026-07-14T12:30:32+05:45,2026-07-14,12:30:32,1784011532,1,6,12,nepse_official,OPEN,2026-07-14,LBLD86,10% Laxmi Bank Debenture 2086,1173.0,1200.0,1173.0,,1200.0,1156.3,43.700000000000045,,30010.0,35202000.0,2.0,27.0,2.3017902813299234,3.779296030441931,17601000.0,1173.0089970009997
2026-07-14T06:45:32+00:00,2026-07-14T12:30:32+05:45,2026-07-14,12:30:32,1784011532,1,6,12,nepse_official,OPEN,2026-07-14,LEC,Liberty Energy Company Limited,203.0,207.0,200.0,,207.0,203.3,3.6999999999999886,,26180.0,5262370.7,88.0,7.0,3.4482758620689653,1.8199704869650706,59799.667045454546,201.00728418640185
2026-07-14T06:45:32+00:00,2026-07-14T12:30:32+05:45,2026-07-14,12:30:32,1784011532,1,6,12,nepse_official,OPEN,2026-07-14,LICN,Life Insurance Corporation (Nepal) Limited,803.0,803.0,763.0,,769.0,765.0,4.0,,332.0,254236.4,12.0,40.0,4.9813200498132,0.522875816993464,21186.366666666665,765.7722891566265
2026-07-14T06:45:32+00:00,2026-07-14T12:30:32+05:45,2026-07-14,12:30:32,1784011532,1,6,12,nepse_official,OPEN,2026-07-14,LLBS,Laxmi Laghubitta Bittiya Sanstha Ltd.,892.4,892.4,892.4,,892.4,920.0,-27.600000000000023,,13.0,11534.0,2.0,0.0,0.0,-3.000000000000002,5767.0,887.2307692307693
2026-07-14T06:45:32+00:00,2026-07-14T12:30:32+05:45,2026-07-14,12:30:32,1784011532,1,6,12,nepse_official,OPEN,2026-07-14,LSL,Laxmi Sunrise Bank Limited,216.0,216.0,214.0,,216.0,215.1,0.9000000000000057,,61001.0,13117903.4,70.0,2.0,0.9259259259259258,0.41841004184100683,187398.62,215.04407140866545
2026-07-14T06:45:32+00:00,2026-07-14T12:30:32+05:45,2026-07-14,12:30:32,1784011532,1,6,12,nepse_official,OPEN,2026-07-14,LUK,Laxmi Unnati Kosh,10.0,10.0,10.0,,10.0,10.0,0.0,,600.0,6000.0,2.0,0.0,0.0,0.0,3000.0,10.0
2026-07-14T06:45:32+00:00,2026-07-14T12:30:32+05:45,2026-07-14,12:30:32,1784011532,1,6,12,nepse_official,OPEN,2026-07-14,MABEL,Mabilung Energy Limited,546.0,561.0,545.5,,561.0,562.0,-1.0,,1894.0,1042023.4,41.0,15.5,2.838827838827839,-0.1779359430604982,25415.204878048782,550.1707497360085
2026-07-14T06:45:32+00:00,2026-07-14T12:30:32+05:45,2026-07-14,12:30:32,1784011532,1,6,12,nepse_official,OPEN,2026-07-14,MAKAR,Makar Jitumaya Suri Hydropower Limited,456.0,456.1,448.0,,449.0,457.0,-8.0,,1670.0,754606.0,9.0,8.100000000000023,1.776315789473689,-1.75054704595186,83845.11111111111,451.859880239521
2026-07-14T06:45:32+00:00,2026-07-14T12:30:32+05:45,2026-07-14,12:30:32,1784011532,1,6,12,nepse_official,OPEN,2026-07-14,MANDU,Mandu Hydropower Limited,790.0,790.0,788.0,,788.0,787.0,1.0,,50.0,39420.0,2.0,2.0,0.25316455696202533,0.12706480304955528,19710.0,788.4
2026-07-14T06:45:32+00:00,2026-07-14T12:30:32+05:45,2026-07-14,12:30:32,1784011532,1,6,12,nepse_official,OPEN,2026-07-14,MATRI,Matribhumi Lagubitta Bittiya Sanstha Limited,815.0,815.0,790.0,,800.0,813.0,-13.0,,468.0,374299.3,14.0,25.0,3.067484662576687,-1.5990159901599015,26735.664285714283,799.784829059829
2026-07-14T06:45:32+00:00,2026-07-14T12:30:32+05:45,2026-07-14,12:30:32,1784011532,1,6,12,nepse_official,OPEN,2026-07-14,MBJC,Madhya Bhotekoshi Jalavidyut Company Limited,265.0,267.0,261.1,,263.0,270.0,-7.0,,18705.0,4943982.0,128.0,5.899999999999977,2.2264150943396137,-2.5925925925925926,38624.859375,264.3133921411387
2026-07-14T06:45:32+00:00,2026-07-14T12:30:32+05:45,2026-07-14,12:30:32,1784011532,1,6,12,nepse_official,OPEN,2026-07-14,MBL,Machhapuchhre Bank Limited,246.0,246.0,240.2,,244.0,243.8,0.19999999999998863,,17542.0,4258948.2,37.0,5.800000000000011,2.357723577235777,0.0820344544708731,115106.70810810811,242.78578269296545
2026-07-14T06:45:32+00:00,2026-07-14T12:30:32+05:45,2026-07-14,12:30:32,1784011532,1,6,12,nepse_official,OPEN,2026-07-14,MBLD87,8.5% Machhapuchchhre Debenture 2087,1145.18,1145.18,1138.0,,1138.0,1145.1,-7.099999999999909,,667.0,759261.4,2.0,7.180000000000064,0.6269756719467737,-0.6200331848746755,379630.7,1138.3229385307347
2026-07-14T06:45:32+00:00,2026-07-14T12:30:32+05:45,2026-07-14,12:30:32,1784011532,1,6,12,nepse_official,OPEN,2026-07-14,MBLEF,MBL Equity Fund,9.91,10.18,9.83,,10.18,9.91,0.2699999999999996,,10800.0,107992.0,8.0,0.34999999999999964,3.531786074672045,2.724520686175576,13499.0,9.99925925925926
2026-07-14T06:45:32+00:00,2026-07-14T12:30:32+05:45,2026-07-14,12:30:32,1784011532,1,6,12,nepse_official,OPEN,2026-07-14,MCHL,Menchhiyam Hydropower Limited,275.0,275.0,266.0,,270.0,275.0,-5.0,,1727.0,463130.2,12.0,9.0,3.272727272727273,-1.8181818181818181,38594.183333333334,268.17035321366535
2026-07-14T06:45:32+00:00,2026-07-14T12:30:32+05:45,2026-07-14,12:30:32,1784011532,1,6,12,nepse_official,OPEN,2026-07-14,MDB,Miteri Development Bank Limited,561.0,561.5,558.0,,561.5,572.5,-11.0,,4389.0,2458178.6,26.0,3.5,0.6238859180035651,-1.9213973799126638,94545.33076923077,560.0771474139896
2026-07-14T06:45:32+00:00,2026-07-14T12:30:32+05:45,2026-07-14,12:30:32,1784011532,1,6,12,nepse_official,OPEN,2026-07-14,MEHL,Manakamana Engineering Hydropower Limited,291.6,298.5,290.0,,290.5,300.0,-9.5,,2133.0,621282.9,28.0,8.5,2.9149519890260627,-3.166666666666667,22188.675,291.271870604782
2026-07-14T06:45:32+00:00,2026-07-14T12:30:32+05:45,2026-07-14,12:30:32,1784011532,1,6,12,nepse_official,OPEN,2026-07-14,MEL,Modi Energy Limited,203.8,215.0,203.8,,208.0,210.0,-2.0,,5782.0,1193469.4,71.0,11.199999999999989,5.495583905789984,-0.9523809523809524,16809.42816901408,206.41117260463506
2026-07-14T06:45:32+00:00,2026-07-14T12:30:32+05:45,2026-07-14,12:30:32,1784011532,1,6,12,nepse_official,OPEN,2026-07-14,MEN,Mountain Energy Nepal Limited,553.0,560.0,552.8,,560.0,552.8,7.2000000000000455,,19397.0,10791187.8,108.0,7.2000000000000455,1.3019891500904242,1.3024602026049288,99918.40555555557,556.3328246636078
2026-07-14T06:45:32+00:00,2026-07-14T12:30:32+05:45,2026-07-14,12:30:32,1784011532,1,6,12,nepse_official,OPEN,2026-07-14,MERO,Mero Microfinance Bittiya Sanstha Ltd.,665.0,665.1,655.0,,655.0,673.0,-18.0,,278.0,184469.2,6.0,10.100000000000023,1.5187969924812064,-2.674591381872214,30744.86666666667,663.558273381295
2026-07-14T06:45:32+00:00,2026-07-14T12:30:32+05:45,2026-07-14,12:30:32,1784011532,1,6,12,nepse_official,OPEN,2026-07-14,MFIL,Manjushree Finance Ltd.,760.0,769.9,759.0,,769.9,769.8,0.10000000000002274,,36593.0,28099336.5,33.0,10.899999999999977,1.4342105263157865,0.01299038711353894,851495.0454545454,767.8882983084196
2026-07-14T06:45:32+00:00,2026-07-14T12:30:32+05:45,2026-07-14,12:30:32,1784011532,1,6,12,nepse_official,OPEN,2026-07-14,MHCL,Molung Hydropower Company Limited,314.1,314.1,301.0,,301.0,305.0,-4.0,,768.0,232389.0,17.0,13.100000000000023,4.170646290990137,-1.3114754098360655,13669.941176470587,302.58984375
2026-07-14T06:45:32+00:00,2026-07-14T12:30:32+05:45,2026-07-14,12:30:32,1784011532,1,6,12,nepse_official,OPEN,2026-07-14,MHL,Mandakini Hydropower Limited,462.3,462.3,455.0,,460.0,468.0,-8.0,,500.0,229483.5,11.0,7.300000000000011,1.5790612156608288,-1.7094017094017095,20862.136363636364,458.967
2026-07-14T06:45:32+00:00,2026-07-14T12:30:32+05:45,2026-07-14,12:30:32,1784011532,1,6,12,nepse_official,OPEN,2026-07-14,MHNL,Mountain Hydro Nepal Limited,229.0,229.0,223.1,,225.0,229.0,-4.0,,5081.0,1141701.1,30.0,5.900000000000006,2.5764192139738014,-1.7467248908296942,38056.70333333334,224.70007872466053
2026-07-14T06:45:32+00:00,2026-07-14T12:30:32+05:45,2026-07-14,12:30:32,1784011532,1,6,12,nepse_official,OPEN,2026-07-14,MKCL,Muktinath Krishi Company Limited,1043.0,1050.0,1043.0,,1045.0,1074.0,-29.0,,180.0,188550.0,6.0,7.0,0.6711409395973155,-2.700186219739292,31425.0,1047.5
2026-07-14T06:45:32+00:00,2026-07-14T12:30:32+05:45,2026-07-14,12:30:32,1784011532,1,6,12,nepse_official,OPEN,2026-07-14,MKHC,Maya Khola Hydropower Company Limited,290.0,290.0,279.0,,279.2,286.0,-6.800000000000011,,6025.0,1700128.5,34.0,11.0,3.793103448275862,-2.3776223776223815,50003.779411764706,282.1790041493776
2026-07-14T06:45:32+00:00,2026-07-14T12:30:32+05:45,2026-07-14,12:30:32,1784011532,1,6,12,nepse_official,OPEN,2026-07-14,MKHL,Mai Khola Hydropower Limited,458.1,491.3,458.0,,480.0,465.0,15.0,,444.0,205274.0,20.0,33.30000000000001,7.269155206286839,3.225806451612903,10263.7,462.3288288288288
2026-07-14T06:45:32+00:00,2026-07-14T12:30:32+05:45,2026-07-14,12:30:32,1784011532,1,6,12,nepse_official,OPEN,2026-07-14,MKJC,Mailung Khola Jal Vidhyut Company Limited,436.1,436.1,434.1,,435.0,447.0,-12.0,,402.0,174874.2,7.0,2.0,0.4586104104563173,-2.684563758389262,24982.028571428575,435.0104477611941
2026-07-14T06:45:32+00:00,2026-07-14T12:30:32+05:45,2026-07-14,12:30:32,1784011532,1,6,12,nepse_official,OPEN,2026-07-14,MLBBL,Mithila LaghuBitta Bittiya Sanstha Limited,1076.7,1100.0,1076.7,,1089.1,1110.0,-20.90000000000009,,493.0,537906.1,11.0,23.299999999999955,2.1640196897928816,-1.882882882882891,48900.55454545454,1091.0874239350912
2026-07-14T06:45:32+00:00,2026-07-14T12:30:32+05:45,2026-07-14,12:30:32,1784011532,1,6,12,nepse_official,OPEN,2026-07-14,MLBL,Mahalaxmi Bikas Bank Ltd.,340.1,344.0,340.1,,343.0,343.0,0.0,,2546.0,871393.8,16.0,3.8999999999999773,1.1467215524845566,0.0,54462.1125,342.25993715632364
2026-07-14T06:45:32+00:00,2026-07-14T12:30:32+05:45,2026-07-14,12:30:32,1784011532,1,6,12,nepse_official,OPEN,2026-07-14,MLBLD89,11% Mahalaxmi Debenture 2089,1234.3,1234.3,1221.0,,1221.0,1270.7,-49.700000000000045,,6836.0,8350798.5,8.0,13.299999999999955,1.0775338248399866,-3.911230030691748,1043849.8125,1221.5913545933295
2026-07-14T06:45:32+00:00,2026-07-14T12:30:32+05:45,2026-07-14,12:30:32,1784011532,1,6,12,nepse_official,OPEN,2026-07-14,MLBS,Manushi Laghubitta Bittiya Sanstha Limited,1125.0,1125.1,1115.0,,1115.0,1149.9,-34.90000000000009,,290.0,325418.0,6.0,10.099999999999909,0.8977777777777698,-3.0350465257848587,54236.333333333336,1122.1310344827587
2026-07-14T06:45:32+00:00,2026-07-14T12:30:32+05:45,2026-07-14,12:30:32,1784011532,1,6,12,nepse_official,OPEN,2026-07-14,MLBSL,Mahila Lagubitta Bittiya Sanstha Limited ,1633.0,1647.0,1633.0,,1646.0,1665.0,-19.0,,49.0,80175.9,6.0,14.0,0.8573178199632578,-1.1411411411411412,13362.65,1636.242857142857
2026-07-14T06:45:32+00:00,2026-07-14T12:30:32+05:45,2026-07-14,12:30:32,1784011532,1,6,12,nepse_official,OPEN,2026-07-14,MMF1,Mega Mutual Fund -1,9.59,9.65,9.22,,9.5,9.7,-0.1999999999999993,,568155.0,5354651.8,36.0,0.4299999999999997,4.483837330552657,-2.0618556701030855,148740.32777777777,9.424632010630901
2026-07-14T06:45:32+00:00,2026-07-14T12:30:32+05:45,2026-07-14,12:30:32,1784011532,1,6,12,nepse_official,OPEN,2026-07-14,MMKJL,Mathillo Mailun Khola Jalvidhyut Limited,447.7,447.7,436.0,,436.0,449.0,-13.0,,135.0,59529.5,8.0,11.699999999999989,2.6133571588117017,-2.89532293986637,7441.1875,440.9592592592593
2026-07-14T06:45:32+00:00,2026-07-14T12:30:32+05:45,2026-07-14,12:30:32,1784011532,1,6,12,nepse_official,OPEN,2026-07-14,MNBBL,Muktinath Bikas Bank Ltd.,362.8,364.0,357.4,,360.0,360.0,0.0,,9652.0,3469468.3,61.0,6.600000000000023,1.8191841234840194,0.0,56876.52950819672,359.455895151264
2026-07-14T06:45:32+00:00,2026-07-14T12:30:32+05:45,2026-07-14,12:30:32,1784011532,1,6,12,nepse_official,OPEN,2026-07-14,MNMF1,Muktinath Mutual Fund 1,9.8,9.85,9.8,,9.8,9.8,0.0,,3845.0,37736.0,5.0,0.049999999999998934,0.5102040816326422,0.0,7547.2,9.814304291287387
2026-07-14T06:45:32+00:00,2026-07-14T12:30:32+05:45,2026-07-14,12:30:32,1784011532,1,6,12,nepse_official,OPEN,2026-07-14,MPFL,Multipurpose Finance Company  Limited,605.0,605.0,590.1,,599.0,599.9,-0.8999999999999773,,9635.0,5739184.0,22.0,14.899999999999977,2.462809917355368,-0.15002500416735745,260872.0,595.6599896211728
2026-07-14T06:45:32+00:00,2026-07-14T12:30:32+05:45,2026-07-14,12:30:32,1784011532,1,6,12,nepse_official,OPEN,2026-07-14,MSHL,Mid Solu Hydropower Limited,585.0,602.0,580.0,,602.0,596.0,6.0,,296.0,173494.2,12.0,22.0,3.7606837606837606,1.006711409395973,14457.85,586.1290540540541
2026-07-14T06:45:32+00:00,2026-07-14T12:30:32+05:45,2026-07-14,12:30:32,1784011532,1,6,12,nepse_official,OPEN,2026-07-14,MSLB,Mahuli Laghubitta Bittiya Sanstha Limited,1194.1,1196.0,1194.1,,1196.0,1209.0,-13.0,,50.0,59724.0,5.0,1.900000000000091,0.15911565195545524,-1.0752688172043012,11944.8,1194.48
2026-07-14T06:45:32+00:00,2026-07-14T12:30:32+05:45,2026-07-14,12:30:32,1784011532,1,6,12,nepse_official,OPEN,2026-07-14,NABBC,Narayani Development Bank Limited,720.0,729.0,701.0,,715.0,713.3,1.7000000000000455,,80156.0,57193044.0,30.0,28.0,3.888888888888889,0.23832889387355188,1906434.8,713.5216827186986
2026-07-14T06:45:32+00:00,2026-07-14T12:30:32+05:45,2026-07-14,12:30:32,1784011532,1,6,12,nepse_official,OPEN,2026-07-14,NABIL,Nabil Bank Limited,525.1,528.0,525.1,,528.0,526.3,1.7000000000000455,,21934.0,11553610.6,133.0,2.8999999999999773,0.5522757569986625,0.3230096902907174,86869.25263157894,526.7443512355247
2026-07-14T06:45:32+00:00,2026-07-14T12:30:32+05:45,2026-07-14,12:30:32,1784011532,1,6,12,nepse_official,OPEN,2026-07-14,NADEP,Nadep Laghubittiya bittya Sanstha Ltd.,700.2,700.2,700.0,,700.0,719.9,-19.899999999999977,,200.0,140004.0,2.0,0.20000000000004547,0.028563267637824262,-2.7642728156688396,70002.0,700.02
2026-07-14T06:45:32+00:00,2026-07-14T12:30:32+05:45,2026-07-14,12:30:32,1784011532,1,6,12,nepse_official,OPEN,2026-07-14,NBF2,NABIL BALANCED FUND-2,10.0,10.0,10.0,,10.0,10.03,-0.02999999999999936,,100.0,1000.0,1.0,0.0,0.0,-0.29910269192422095,1000.0,10.0
2026-07-14T06:45:32+00:00,2026-07-14T12:30:32+05:45,2026-07-14,12:30:32,1784011532,1,6,12,nepse_official,OPEN,2026-07-14,NBF3,Nabil Balanced Fund-3,9.98,10.1,9.98,,10.0,9.98,0.019999999999999574,,13636.0,136381.6,11.0,0.11999999999999922,1.2024048096192306,0.20040080160320214,12398.327272727272,10.001584042241127
2026-07-14T06:45:32+00:00,2026-07-14T12:30:32+05:45,2026-07-14,12:30:32,1784011532,1,6,12,nepse_official,OPEN,2026-07-14,NBL,Nepal Bank Limited,267.9,267.9,256.0,,260.0,261.0,-1.0,,31483.0,8133845.0,108.0,11.899999999999977,4.441955953714064,-0.38314176245210724,75313.37962962964,258.3567322046819
2026-07-14T06:45:32+00:00,2026-07-14T12:30:32+05:45,2026-07-14,12:30:32,1784011532,1,6,12,nepse_official,OPEN,2026-07-14,NBLD82,10% Nabil Debenture 2082,1089.9,1093.0,1089.9,,1093.0,1094.0,-1.0,,5205.0,5688439.5,3.0,3.099999999999909,0.284429764198542,-0.09140767824497258,1896146.5,1092.8798270893371
2026-07-14T06:45:32+00:00,2026-07-14T12:30:32+05:45,2026-07-14,12:30:32,1784011532,1,6,12,nepse_official,OPEN,2026-07-14,NBLD85,Nabil Debenture 2085,1079.0,1079.0,1079.0,,1079.0,1081.0,-2.0,,200000.0,215800000.0,2.0,0.0,0.0,-0.18501387604070307,107900000.0,1079.0
2026-07-14T06:45:32+00:00,2026-07-14T12:30:32+05:45,2026-07-14,12:30:32,1784011532,1,6,12,nepse_official,OPEN,2026-07-14,NBLD87,8.5% Nepal Bank Debenture 2087,1151.0,1151.0,1135.0,,1135.0,1174.5,-39.5,,151640.0,174453576.0,4.0,16.0,1.3900955690703736,-3.3631332481907195,43613394.0,1150.4456343972568
2026-07-14T06:45:32+00:00,2026-07-14T12:30:32+05:45,2026-07-14,12:30:32,1784011532,1,6,12,nepse_official,OPEN,2026-07-14,NESDO,NESDO Sambridha Laghubitta Bittiya Sanstha Limited,1442.0,1500.0,1442.0,,1492.0,1485.0,7.0,,425.0,624181.0,18.0,58.0,4.0221914008321775,0.47138047138047134,34676.72222222222,1468.6611764705883
2026-07-14T06:45:32+00:00,2026-07-14T12:30:32+05:45,2026-07-14,12:30:32,1784011532,1,6,12,nepse_official,OPEN,2026-07-14,NFS,Nepal Finance Ltd.,561.0,562.1,550.0,,560.0,560.1,-0.10000000000002274,,4553.0,2533535.5,42.0,12.100000000000023,2.1568627450980435,-0.017853954650959247,60322.27380952381,556.4540962003075
2026-07-14T06:45:32+00:00,2026-07-14T12:30:32+05:45,2026-07-14,12:30:32,1784011532,1,6,12,nepse_official,OPEN,2026-07-14,NGPL,Ngadi Group Power Ltd.,404.0,404.0,393.5,,400.0,399.0,1.0,,52873.0,20976449.4,155.0,10.5,2.599009900990099,0.2506265664160401,135331.93161290322,396.7327255877291
2026-07-14T06:45:32+00:00,2026-07-14T12:30:32+05:45,2026-07-14,12:30:32,1784011532,1,6,12,nepse_official,OPEN,2026-07-14,NHDL,Nepal Hydro Developers Ltd.,620.0,635.0,615.0,,635.0,627.0,8.0,,310.0,192628.7,11.0,20.0,3.225806451612903,1.2759170653907497,17511.7,621.3829032258064
2026-07-14T06:45:32+00:00,2026-07-14T12:30:32+05:45,2026-07-14,12:30:32,1784011532,1,6,12,nepse_official,OPEN,2026-07-14,NHPC,National Hydro Power Company Limited,251.9,251.9,240.0,,247.9,248.0,-0.09999999999999432,,113272.0,27449443.4,333.0,11.900000000000006,4.724096863834857,-0.040322580645159,82430.76096096095,242.33211561550957
2026-07-14T06:45:32+00:00,2026-07-14T12:30:32+05:45,2026-07-14,12:30:32,1784011532,1,6,12,nepse_official,OPEN,2026-07-14,NIBLGF,NIBL Growth Fund,8.99,8.99,8.99,,8.99,9.0,-0.009999999999999787,,200.0,1798.0,2.0,0.0,0.0,-0.11111111111110875,899.0,8.99
2026-07-14T06:45:32+00:00,2026-07-14T12:30:32+05:45,2026-07-14,12:30:32,1784011532,1,6,12,nepse_official,OPEN,2026-07-14,NIBLSTF,NIBL Stable Fund,8.67,8.93,8.6,,8.86,8.42,0.4399999999999995,,27350.0,238239.5,19.0,0.33000000000000007,3.8062283737024227,5.225653206650825,12538.921052631578,8.710767824497259
2026-07-14T06:45:32+00:00,2026-07-14T12:30:32+05:45,2026-07-14,12:30:32,1784011532,1,6,12,nepse_official,OPEN,2026-07-14,NIBSF2,NIBL Samriddhi Fund -2,8.71,8.71,8.71,,8.71,8.46,0.25,,1100.0,9581.0,4.0,0.0,0.0,2.9550827423167845,2395.25,8.71
2026-07-14T06:45:32+00:00,2026-07-14T12:30:32+05:45,2026-07-14,12:30:32,1784011532,1,6,12,nepse_official,OPEN,2026-07-14,NICA,NIC Asia Bank Ltd.,329.0,329.0,320.0,,322.0,323.4,-1.3999999999999773,,9733.0,3127979.0,62.0,9.0,2.735562310030395,-0.4329004329004259,50451.27419354839,321.37871159971235
2026-07-14T06:45:32+00:00,2026-07-14T12:30:32+05:45,2026-07-14,12:30:32,1784011532,1,6,12,nepse_official,OPEN,2026-07-14,NICAD2091,7% NIC ASIA Debenture 2091,1074.0,1074.0,1074.0,,1074.0,1074.0,0.0,,98079.0,105336846.0,1.0,0.0,0.0,0.0,105336846.0,1074.0
2026-07-14T06:45:32+00:00,2026-07-14T12:30:32+05:45,2026-07-14,12:30:32,1784011532,1,6,12,nepse_official,OPEN,2026-07-14,NICAD85/86,10% NIC Asia Debenture 2085/86,1139.0,1139.0,1139.0,,1139.0,1154.0,-15.0,,10025.0,11418475.0,1.0,0.0,0.0,-1.2998266897746966,11418475.0,1139.0
2026-07-14T06:45:32+00:00,2026-07-14T12:30:32+05:45,2026-07-14,12:30:32,1784011532,1,6,12,nepse_official,OPEN,2026-07-14,NICD88,NIC ASIA Rinpatra 2088,1109.0,1137.0,1109.0,,1137.0,1077.0,60.0,,2974.0,3381153.0,4.0,28.0,2.5247971145175834,5.571030640668524,845288.25,1136.904169468729
2026-07-14T06:45:32+00:00,2026-07-14T12:30:32+05:45,2026-07-14,12:30:32,1784011532,1,6,12,nepse_official,OPEN,2026-07-14,NICFC,NIC Asia Flexi CAP Fund,9.17,9.17,9.17,,9.17,9.16,0.009999999999999787,,1800.0,16506.0,8.0,0.0,0.0,0.10917030567685357,2063.25,9.17
2026-07-14T06:45:32+00:00,2026-07-14T12:30:32+05:45,2026-07-14,12:30:32,1784011532,1,6,12,nepse_official,OPEN,2026-07-14,NICGF2,NIC ASIA Growth Fund-2,9.0,9.15,9.0,,9.15,9.15,0.0,,8100.0,74100.0,4.0,0.15000000000000036,1.6666666666666705,0.0,18525.0,9.148148148148149
2026-07-14T06:45:32+00:00,2026-07-14T12:30:32+05:45,2026-07-14,12:30:32,1784011532,1,6,12,nepse_official,OPEN,2026-07-14,NICL,Nepal Insurance Co. Ltd.,503.0,506.0,497.1,,506.0,503.0,3.0,,3386.0,1691340.8,22.0,8.899999999999977,1.7693836978131168,0.5964214711729622,76879.12727272727,499.5099822799764
2026-07-14T06:45:32+00:00,2026-07-14T12:30:32+05:45,2026-07-14,12:30:32,1784011532,1,6,12,nepse_official,OPEN,2026-07-14,NICLBSL,NIC ASIA Laghubitta Bittiya Sanstha Limited,543.1,548.9,527.0,,548.0,545.0,3.0,,5241.0,2799041.2,64.0,21.899999999999977,4.032406554962249,0.5504587155963303,43735.01875,534.0662468994467
2026-07-14T06:45:32+00:00,2026-07-14T12:30:32+05:45,2026-07-14,12:30:32,1784011532,1,6,12,nepse_official,OPEN,2026-07-14,NICSF,NIC Asia Select Fund 30,9.35,9.35,9.35,,9.35,9.2,0.15000000000000036,,21865.0,204437.75,4.0,0.0,0.0,1.6304347826086998,51109.4375,9.35
2026-07-14T06:45:32+00:00,2026-07-14T12:30:32+05:45,2026-07-14,12:30:32,1784011532,1,6,12,nepse_official,OPEN,2026-07-14,NIFRA,Nepal Infrastructure Bank Limited,240.0,245.0,240.0,,242.0,244.0,-2.0,,15102.0,3653231.2,143.0,5.0,2.083333333333333,-0.819672131147541,25547.07132867133,241.9038008210833
2026-07-14T06:45:32+00:00,2026-07-14T12:30:32+05:45,2026-07-14,12:30:32,1784011532,1,6,12,nepse_official,OPEN,2026-07-14,NIFRAUR85/86,NIFRA Uraj Rinpatra7%-2085/86,1050.0,1050.0,1050.0,,1050.0,1050.0,0.0,,25.0,26250.0,1.0,0.0,0.0,0.0,26250.0,1050.0
2026-07-14T06:45:32+00:00,2026-07-14T12:30:32+05:45,2026-07-14,12:30:32,1784011532,1,6,12,nepse_official,OPEN,2026-07-14,NIL,Neco Insurance Limited,602.09,615.8,600.0,,615.8,605.0,10.799999999999955,,434.0,262106.6,11.0,15.799999999999955,2.6241923964855673,1.7851239669421413,23827.872727272726,603.9322580645162
2026-07-14T06:45:32+00:00,2026-07-14T12:30:32+05:45,2026-07-14,12:30:32,1784011532,1,6,12,nepse_official,OPEN,2026-07-14,NIMB,Nepal Investment Mega Bank Limited,188.5,190.0,187.5,,189.0,188.1,0.9000000000000057,,29499.0,5560409.2,139.0,2.5,1.3262599469496021,0.4784688995215341,40002.94388489209,188.4948371131225
2026-07-14T06:45:32+00:00,2026-07-14T12:30:32+05:45,2026-07-14,12:30:32,1784011532,1,6,12,nepse_official,OPEN,2026-07-14,NIMBD90,10% NIMB Debenture 2090,1274.0,1274.0,1274.0,,1274.0,1248.3,25.700000000000045,,77623.0,98891702.0,1.0,0.0,0.0,2.0587999679564244,98891702.0,1274.0
2026-07-14T06:45:32+00:00,2026-07-14T12:30:32+05:45,2026-07-14,12:30:32,1784011532,1,6,12,nepse_official,OPEN,2026-07-14,NIMBPO,Nepal Investment Mega Bank Ltd. Promoter Share,139.7,139.7,139.7,,139.7,143.1,-3.4000000000000057,,5226.0,730072.2,1.0,0.0,0.0,-2.3759608665269085,730072.2,139.7
2026-07-14T06:45:32+00:00,2026-07-14T12:30:32+05:45,2026-07-14,12:30:32,1784011532,1,6,12,nepse_official,OPEN,2026-07-14,NLG,NLG Insurance Company Ltd.,580.0,580.0,546.0,,556.0,565.0,-9.0,,5953.0,3288964.0,32.0,34.0,5.862068965517241,-1.592920353982301,102780.125,552.4884931967075
2026-07-14T06:45:32+00:00,2026-07-14T12:30:32+05:45,2026-07-14,12:30:32,1784011532,1,6,12,nepse_official,OPEN,2026-07-14,NLIC,Nepal Life Insurance Co. Ltd.,775.0,775.0,738.0,,740.0,739.0,1.0,,5508.0,4071550.6,52.0,37.0,4.774193548387097,0.13531799729364005,78299.05,739.2067175018155
2026-07-14T06:45:32+00:00,2026-07-14T12:30:32+05:45,2026-07-14,12:30:32,1784011532,1,6,12,nepse_official,OPEN,2026-07-14,NLICL,National Life Insurance Co. Ltd.,570.0,570.0,567.0,,570.0,570.0,0.0,,2798.0,1591113.0,18.0,3.0,0.5263157894736842,0.0,88395.16666666667,568.6608291636884
2026-07-14T06:45:32+00:00,2026-07-14T12:30:32+05:45,2026-07-14,12:30:32,1784011532,1,6,12,nepse_official,OPEN,2026-07-14,NMB,NMB Bank Limited,235.0,236.0,234.0,,236.0,235.9,0.09999999999999432,,9218.0,2166618.4,45.0,2.0,0.851063829787234,0.04239084357778478,48147.07555555555,235.04213495335213
2026-07-14T06:45:32+00:00,2026-07-14T12:30:32+05:45,2026-07-14,12:30:32,1784011532,1,6,12,nepse_official,OPEN,2026-07-14,NMBD2085,10 % NMB DEBENTURE 2085,1143.0,1143.0,1143.0,,1143.0,1150.0,-7.0,,2506.0,2864358.0,1.0,0.0,0.0,-0.6086956521739131,2864358.0,1143.0
2026-07-14T06:45:32+00:00,2026-07-14T12:30:32+05:45,2026-07-14,12:30:32,1784011532,1,6,12,nepse_official,OPEN,2026-07-14,NMBD87/88,NMB Debenture 8.50% - 2087/88,1105.0,1135.0,1105.0,,1135.0,1135.0,0.0,,2977.0,3378145.0,2.0,30.0,2.7149321266968327,0.0,1689072.5,1134.748068525361
2026-07-14T06:45:32+00:00,2026-07-14T12:30:32+05:45,2026-07-14,12:30:32,1784011532,1,6,12,nepse_official,OPEN,2026-07-14,NMBD89/90,NMB Debenture 10.75%-2089/90,1298.0,1305.0,1298.0,,1305.0,1305.0,0.0,,97863.0,127677706.0,2.0,7.0,0.539291217257319,0.0,63838853.0,1304.657592757222
2026-07-14T06:45:32+00:00,2026-07-14T12:30:32+05:45,2026-07-14,12:30:32,1784011532,1,6,12,nepse_official,OPEN,2026-07-14,NMBHF2,NMB Hybrid Fund L- II,9.51,9.51,9.51,,9.51,9.51,0.0,,1310.0,12458.1,5.0,0.0,0.0,0.0,2491.62,9.51
2026-07-14T06:45:32+00:00,2026-07-14T12:30:32+05:45,2026-07-14,12:30:32,1784011532,1,6,12,nepse_official,OPEN,2026-07-14,NMBMF,NMB  Microfinance Bittiya Sanstha Ltd.,588.0,588.0,585.0,,585.0,595.0,-10.0,,349.0,204490.0,7.0,3.0,0.5102040816326531,-1.680672268907563,29212.85714285714,585.9312320916905
2026-07-14T06:45:32+00:00,2026-07-14T12:30:32+05:45,2026-07-14,12:30:32,1784011532,1,6,12,nepse_official,OPEN,2026-07-14,NMFBS,National Laghubitta Bittiya Sanstha Limited,1100.0,1100.0,1086.5,,1094.0,1104.1,-10.099999999999909,,1966.0,2148588.4,32.0,13.5,1.2272727272727273,-0.9147722126618885,67143.3875,1092.873041709054
2026-07-14T06:45:32+00:00,2026-07-14T12:30:32+05:45,2026-07-14,12:30:32,1784011532,1,6,12,nepse_official,OPEN,2026-07-14,NMFBSP,National Laghubitta Bittiya Sanstha Limited Promoter,610.0,610.0,610.0,,610.0,610.0,0.0,,10000.0,6100000.0,1.0,0.0,0.0,0.0,6100000.0,610.0
2026-07-14T06:45:32+00:00,2026-07-14T12:30:32+05:45,2026-07-14,12:30:32,1784011532,1,6,12,nepse_official,OPEN,2026-07-14,NMIC,Nepal Micro Insurance Company Limited,881.0,881.0,860.0,,872.0,885.0,-13.0,,1770.0,1531540.0,43.0,21.0,2.383654937570942,-1.4689265536723164,35617.20930232558,865.276836158192
2026-07-14T06:45:32+00:00,2026-07-14T12:30:32+05:45,2026-07-14,12:30:32,1784011532,1,6,12,nepse_official,OPEN,2026-07-14,NMLBBL,Nerude Mirmire Laghubitta Bittiya Sanstha Limited,528.0,528.0,516.0,,517.0,528.0,-11.0,,1184.0,613303.0,11.0,12.0,2.272727272727273,-2.083333333333333,55754.818181818184,517.9923986486486
2026-07-14T06:45:32+00:00,2026-07-14T12:30:32+05:45,2026-07-14,12:30:32,1784011532,1,6,12,nepse_official,OPEN,2026-07-14,NRIC,Nepal Reinsurance Company Limited,921.0,939.8,910.0,,924.9,925.0,-0.10000000000002274,,4934.0,4522506.8,78.0,29.799999999999955,3.235613463626488,-0.01081081081081327,57980.856410256405,916.6004864207539
2026-07-14T06:45:32+00:00,2026-07-14T12:30:32+05:45,2026-07-14,12:30:32,1784011532,1,6,12,nepse_official,OPEN,2026-07-14,NRM,Nepal Republic Media Limited,305.0,306.0,295.1,,302.4,304.0,-1.6000000000000227,,7320.0,2195678.0,53.0,10.899999999999977,3.5737704918032716,-0.5263157894736916,41427.88679245283,299.95601092896175
2026-07-14T06:45:32+00:00,2026-07-14T12:30:32+05:45,2026-07-14,12:30:32,1784011532,1,6,12,nepse_official,OPEN,2026-07-14,NRN,NRN Infrastructure and Development Limited,1300.0,1367.7,1300.0,,1354.0,1346.0,8.0,,16414.0,22010952.0,120.0,67.70000000000005,5.207692307692311,0.5943536404160475,183424.6,1340.9864749603996
2026-07-14T06:45:32+00:00,2026-07-14T12:30:32+05:45,2026-07-14,12:30:32,1784011532,1,6,12,nepse_official,OPEN,2026-07-14,NSIF2,NMB Sulav Investment Fund - 2,10.87,10.87,10.6,,10.6,10.56,0.03999999999999915,,9599.0,101776.4,2.0,0.2699999999999996,2.4839006439742373,0.3787878787878707,50888.2,10.60281279299927
2026-07-14T06:45:32+00:00,2026-07-14T12:30:32+05:45,2026-07-14,12:30:32,1784011532,1,6,12,nepse_official,OPEN,2026-07-14,NSY,Nepal Life Samriddhi Lagani Yojana,9.08,9.3,9.06,,9.14,9.31,-0.16999999999999993,,1200.0,10935.0,11.0,0.2400000000000002,2.643171806167403,-1.8259935553168627,994.0909090909091,9.1125
2026-07-14T06:45:32+00:00,2026-07-14T12:30:32+05:45,2026-07-14,12:30:32,1784011532,1,6,12,nepse_official,OPEN,2026-07-14,NTC,Nepal Doorsanchar Company Limited,846.0,848.0,845.0,,845.0,846.0,-1.0,,5718.0,4845598.8,56.0,3.0,0.3546099290780142,-0.1182033096926714,86528.55,847.428961175236
2026-07-14T06:45:32+00:00,2026-07-14T12:30:32+05:45,2026-07-14,12:30:32,1784011532,1,6,12,nepse_official,OPEN,2026-07-14,NUBL,Nirdhan Utthan Laghubitta Bittiya Sanstha Limited,590.5,590.5,582.2,,586.5,590.2,-3.7000000000000455,,687.0,401606.6,13.0,8.299999999999955,1.4055884843353013,-0.6269061335140708,30892.815384615384,584.5802037845706
2026-07-14T06:45:32+00:00,2026-07-14T12:30:32+05:45,2026-07-14,12:30:32,1784011532,1,6,12,nepse_official,OPEN,2026-07-14,NWCL,Nepal Warehousing Company Limited ,691.0,696.0,691.0,,696.0,695.0,1.0,,80.0,55460.0,6.0,5.0,0.723589001447178,0.14388489208633093,9243.333333333334,693.25
2026-07-14T06:45:32+00:00,2026-07-14T12:30:32+05:45,2026-07-14,12:30:32,1784011532,1,6,12,nepse_official,OPEN,2026-07-14,NYADI,Nyadi Hydropower Limited,358.9,359.9,341.0,,350.5,349.5,1.0,,2402.0,840179.0,33.0,18.899999999999977,5.266090833101137,0.28612303290414876,25459.969696969696,349.78309741881765
2026-07-14T06:45:32+00:00,2026-07-14T12:30:32+05:45,2026-07-14,12:30:32,1784011532,1,6,12,nepse_official,OPEN,2026-07-14,OHL,Oriental Hotels Limited,670.0,670.0,655.0,,655.0,665.1,-10.100000000000023,,1296.0,866068.0,8.0,15.0,2.2388059701492535,-1.5185686362952973,108258.5,668.2623456790124
2026-07-14T06:45:32+00:00,2026-07-14T12:30:32+05:45,2026-07-14,12:30:32,1784011532,1,6,12,nepse_official,OPEN,2026-07-14,OMPL,Om Megashree Pharmaceuticals Limited,861.0,873.5,848.0,,855.0,866.0,-11.0,,849.0,726586.7,32.0,25.5,2.961672473867596,-1.2702078521939952,22705.834375,855.8147232037691
2026-07-14T06:45:32+00:00,2026-07-14T12:30:32+05:45,2026-07-14,12:30:32,1784011532,1,6,12,nepse_official,OPEN,2026-07-14,PBD84,10.15% Prime Debenture 2084,1082.0,1082.0,1082.0,,1082.0,1115.0,-33.0,,25.0,27050.0,1.0,0.0,0.0,-2.9596412556053813,27050.0,1082.0
2026-07-14T06:45:32+00:00,2026-07-14T12:30:32+05:45,2026-07-14,12:30:32,1784011532,1,6,12,nepse_official,OPEN,2026-07-14,PBD88,10% Prime Debenture 2088,1270.0,1270.0,1202.0,,1202.0,1270.0,-68.0,,6895.0,8309385.0,7.0,68.0,5.354330708661418,-5.354330708661418,1187055.0,1205.1319796954315
2026-07-14T06:45:32+00:00,2026-07-14T12:30:32+05:45,2026-07-14,12:30:32,1784011532,1,6,12,nepse_official,OPEN,2026-07-14,PBLD86,10.25% Prabhu Bank  Debenture 2086,1218.4,1218.4,1169.0,,1169.0,1183.0,-14.0,,5230.0,6114494.0,3.0,49.40000000000009,4.054497701904144,-1.183431952662722,2038164.6666666667,1169.11931166348
2026-07-14T06:45:32+00:00,2026-07-14T12:30:32+05:45,2026-07-14,12:30:32,1784011532,1,6,12,nepse_official,OPEN,2026-07-14,PBLD87,8.5% Prabhu Bank Debenture 2087,1110.0,1136.0,1110.0,,1136.0,1140.0,-4.0,,1220.0,1385270.0,2.0,26.0,2.3423423423423424,-0.3508771929824561,692635.0,1135.467213114754
2026-07-14T06:45:32+00:00,2026-07-14T12:30:32+05:45,2026-07-14,12:30:32,1784011532,1,6,12,nepse_official,OPEN,2026-07-14,PCBL,Prime Commercial Bank Ltd.,231.0,232.6,229.1,,231.9,231.6,0.30000000000001137,,8169.0,1880390.7,42.0,3.5,1.5151515151515151,0.12953367875648159,44771.20714285714,230.18615497612927
2026-07-14T06:45:32+00:00,2026-07-14T12:30:32+05:45,2026-07-14,12:30:32,1784011532,1,6,12,nepse_official,OPEN,2026-07-14,PCIL,Palpa Cement Industries Limited,585.1,590.0,572.1,,586.0,590.0,-4.0,,13199.0,7630283.3,299.0,17.899999999999977,3.0593061015211034,-0.6779661016949152,25519.342140468227,578.0955602697173
2026-07-14T06:45:32+00:00,2026-07-14T12:30:32+05:45,2026-07-14,12:30:32,1784011532,1,6,12,nepse_official,OPEN,2026-07-14,PHCL,Peoples Hydropower Company Limited,287.5,290.0,280.0,,288.0,289.5,-1.5,,25088.0,7144829.9,102.0,10.0,3.4782608695652173,-0.5181347150259068,70047.35196078432,284.7907326211735
2026-07-14T06:45:32+00:00,2026-07-14T12:30:32+05:45,2026-07-14,12:30:32,1784011532,1,6,12,nepse_official,OPEN,2026-07-14,PMHPL,Panchakanya Mai Hydropower Ltd,304.0,305.0,301.0,,305.0,304.0,1.0,,1173.0,355851.0,13.0,4.0,1.3157894736842104,0.3289473684210526,27373.153846153848,303.3682864450128
2026-07-14T06:45:32+00:00,2026-07-14T12:30:32+05:45,2026-07-14,12:30:32,1784011532,1,6,12,nepse_official,OPEN,2026-07-14,PMLI,Prabhu Mahalaxmi Life Insurance Limited,430.0,439.0,427.2,,437.0,434.1,2.8999999999999773,,2445.0,1052340.8,37.0,11.800000000000011,2.7441860465116306,0.6680488366735723,28441.643243243245,430.40523517382417
2026-07-14T06:45:32+00:00,2026-07-14T12:30:32+05:45,2026-07-14,12:30:32,1784011532,1,6,12,nepse_official,OPEN,2026-07-14,PPCL,Panchthar Power Compant Limited,327.0,327.0,317.4,,322.4,324.0,-1.6000000000000227,,1215.0,386770.0,13.0,9.600000000000023,2.9357798165137687,-0.4938271604938342,29751.53846153846,318.3292181069959
2026-07-14T06:45:32+00:00,2026-07-14T12:30:32+05:45,2026-07-14,12:30:32,1784011532,1,6,12,nepse_official,OPEN,2026-07-14,PPL,People's Power Limited,302.1,320.4,302.1,,319.0,318.0,1.0,,9631.0,3058792.3,44.0,18.299999999999955,6.057596822244275,0.3144654088050315,69518.00681818182,317.59861904267467
2026-07-14T06:45:32+00:00,2026-07-14T12:30:32+05:45,2026-07-14,12:30:32,1784011532,1,6,12,nepse_official,OPEN,2026-07-14,PRIN,Prabhu Insurance Ltd.,676.8,676.8,670.0,,670.0,676.8,-6.7999999999999545,,535.0,358375.9,6.0,6.7999999999999545,1.0047281323877002,-1.0047281323877002,59729.31666666667,669.8614953271028
2026-07-14T06:45:32+00:00,2026-07-14T12:30:32+05:45,2026-07-14,12:30:32,1784011532,1,6,12,nepse_official,OPEN,2026-07-14,PROFL,Progressive Finance Limited,422.5,427.9,415.0,,415.1,423.0,-7.899999999999977,,2454.0,1020333.4,17.0,12.899999999999977,3.053254437869817,-1.8676122931442027,60019.611764705885,415.7837815810921
2026-07-14T06:45:32+00:00,2026-07-14T12:30:32+05:45,2026-07-14,12:30:32,1784011532,1,6,12,nepse_official,OPEN,2026-07-14,PRSF,Prabhu Smart Fund,12.45,12.88,12.45,,12.88,12.6,0.28000000000000114,,500.0,6274.0,3.0,0.4300000000000015,3.4538152610441886,2.222222222222231,2091.3333333333335,12.548
2026-07-14T06:45:32+00:00,2026-07-14T12:30:32+05:45,2026-07-14,12:30:32,1784011532,1,6,12,nepse_official,OPEN,2026-07-14,PRVU,Prabhu  Bank Limited,190.0,190.0,186.6,,188.0,188.0,0.0,,27623.0,5175536.4,134.0,3.4000000000000057,1.7894736842105292,0.0,38623.40597014926,187.3632987003584
2026-07-14T06:45:32+00:00,2026-07-14T12:30:32+05:45,2026-07-14,12:30:32,1784011532,1,6,12,nepse_official,OPEN,2026-07-14,PSF,Prabhu Select Fund,11.02,11.86,11.02,,11.55,11.6,-0.049999999999998934,,2320.0,26940.2,7.0,0.8399999999999999,7.6225045372050815,-0.4310344827586115,3848.6,11.612155172413793
2026-07-14T06:45:32+00:00,2026-07-14T12:30:32+05:45,2026-07-14,12:30:32,1784011532,1,6,12,nepse_official,OPEN,2026-07-14,PURE,Pure Energy Limited,723.0,736.0,706.2,,728.0,723.0,5.0,,2411.0,1721474.2,48.0,29.799999999999955,4.121715076071916,0.6915629322268326,35864.04583333333,714.0083782662796
2026-07-14T06:45:32+00:00,2026-07-14T12:30:32+05:45,2026-07-14,12:30:32,1784011532,1,6,12,nepse_official,OPEN,2026-07-14,RADHI,Radhi Bidyut Company Ltd,705.0,705.0,683.9,,695.0,693.3,1.7000000000000455,,9067.0,6268245.0,52.0,21.100000000000023,2.992907801418443,0.24520409635079266,120543.17307692308,691.325135105327
2026-07-14T06:45:32+00:00,2026-07-14T12:30:32+05:45,2026-07-14,12:30:32,1784011532,1,6,12,nepse_official,OPEN,2026-07-14,RAWA,Rawa Energy Development Limited,426.0,426.0,399.0,,411.5,406.0,5.5,,13174.0,5320019.9,76.0,27.0,6.338028169014084,1.354679802955665,70000.26184210526,403.82722787308336
2026-07-14T06:45:32+00:00,2026-07-14T12:30:32+05:45,2026-07-14,12:30:32,1784011532,1,6,12,nepse_official,OPEN,2026-07-14,RBBD2088,7% RBBL Debenture 2088,1060.0,1071.0,1060.0,,1071.0,1060.0,11.0,,24201.0,25918996.0,2.0,11.0,1.0377358490566038,1.0377358490566038,12959498.0,1070.9886368331888
2026-07-14T06:45:32+00:00,2026-07-14T12:30:32+05:45,2026-07-14,12:30:32,1784011532,1,6,12,nepse_official,OPEN,2026-07-14,RBBF40,RBB Focus 40,9.15,9.26,9.01,,9.2,9.15,0.049999999999998934,,2363300.0,21843289.0,14.0,0.25,2.73224043715847,0.5464480874316823,1560234.9285714286,9.242706808276562
2026-07-14T06:45:32+00:00,2026-07-14T12:30:32+05:45,2026-07-14,12:30:32,1784011532,1,6,12,nepse_official,OPEN,2026-07-14,RBCLPO,Rastriya Beema Company Limited Promoter Share,11100.0,11100.0,11100.0,,11100.0,11397.0,-297.0,,10.0,111000.0,1.0,0.0,0.0,-2.6059489339299815,111000.0,11100.0
2026-07-14T06:45:32+00:00,2026-07-14T12:30:32+05:45,2026-07-14,12:30:32,1784011532,1,6,12,nepse_official,OPEN,2026-07-14,RFPL,River Falls Power Limited,322.4,330.0,317.5,,320.0,322.4,-2.3999999999999773,,4443.0,1422375.3,38.0,12.5,3.8771712158808938,-0.7444168734491244,37430.928947368426,320.1384875084403
2026-07-14T06:45:32+00:00,2026-07-14T12:30:32+05:45,2026-07-14,12:30:32,1784011532,1,6,12,nepse_official,OPEN,2026-07-14,RHGCL,Rapti Hydro And General Construction Limited,253.0,253.0,240.0,,248.0,253.0,-5.0,,17045.0,4182077.0,65.0,13.0,5.138339920948617,-1.9762845849802373,64339.64615384615,245.35506013493693
2026-07-14T06:45:32+00:00,2026-07-14T12:30:32+05:45,2026-07-14,12:30:32,1784011532,1,6,12,nepse_official,OPEN,2026-07-14,RHPL,RASUWAGADHI HYDROPOWER COMPANY LIMITED,252.0,254.0,252.0,,252.5,255.1,-2.5999999999999943,,9232.0,2329624.7,34.0,2.0,0.7936507936507936,-1.019208153665227,68518.37352941177,252.3423635181976
2026-07-14T06:45:32+00:00,2026-07-14T12:30:32+05:45,2026-07-14,12:30:32,1784011532,1,6,12,nepse_official,OPEN,2026-07-14,RIDI,Ridi Power Company Limited,301.0,325.0,301.0,,319.0,315.9,3.1000000000000227,,68325.0,21455571.5,190.0,24.0,7.973421926910299,0.981323203545433,112924.06052631579,314.0222685693377
2026-07-14T06:45:32+00:00,2026-07-14T12:30:32+05:45,2026-07-14,12:30:32,1784011532,1,6,12,nepse_official,OPEN,2026-07-14,RLEL,Ridge Line Energy Limited,720.1,725.0,700.4,,720.0,735.0,-15.0,,4428.0,3166291.1,84.0,24.600000000000023,3.4161921955284016,-2.0408163265306123,37693.941666666666,715.061224028907
2026-07-14T06:45:32+00:00,2026-07-14T12:30:32+05:45,2026-07-14,12:30:32,1784011532,1,6,12,nepse_official,OPEN,2026-07-14,RLFL,Reliance Finance Ltd.,450.0,450.0,440.0,,450.0,450.0,0.0,,4503.0,1989794.0,33.0,10.0,2.2222222222222223,0.0,60296.78787878788,441.8818565400844
2026-07-14T06:45:32+00:00,2026-07-14T12:30:32+05:45,2026-07-14,12:30:32,1784011532,1,6,12,nepse_official,OPEN,2026-07-14,RMF1,RBB Mutual Fund 1,9.6,9.6,9.58,,9.59,9.79,-0.1999999999999993,,1090800.0,10470667.0,9.0,0.019999999999999574,0.2083333333333289,-2.042900919305407,1163407.4444444445,9.599071323799047
2026-07-14T06:45:32+00:00,2026-07-14T12:30:32+05:45,2026-07-14,12:30:32,1784011532,1,6,12,nepse_official,OPEN,2026-07-14,RMF2,RBB Mutual Fund 2,9.42,9.42,9.42,,9.42,9.71,-0.2900000000000009,,100.0,942.0,1.0,0.0,0.0,-2.9866117404737476,942.0,9.42
2026-07-14T06:45:32+00:00,2026-07-14T12:30:32+05:45,2026-07-14,12:30:32,1784011532,1,6,12,nepse_official,OPEN,2026-07-14,RNLI,Reliable Nepal Life Insurance Limited,439.0,440.0,436.0,,436.0,439.9,-3.8999999999999773,,5196.0,2279077.3,98.0,4.0,0.9111617312072893,-0.8865651284382763,23255.89081632653,438.6214973056197
2026-07-14T06:45:32+00:00,2026-07-14T12:30:32+05:45,2026-07-14,12:30:32,1784011532,1,6,12,nepse_official,OPEN,2026-07-14,RSDC,RSDC Laghubitta Bittiya Sanstha Ltd.,620.0,628.0,610.0,,627.0,627.0,0.0,,1067.0,663540.0,15.0,18.0,2.903225806451613,0.0,44236.0,621.8744142455482
2026-07-14T06:45:32+00:00,2026-07-14T12:30:32+05:45,2026-07-14,12:30:32,1784011532,1,6,12,nepse_official,OPEN,2026-07-14,RSML,Reliance Spinning Mills Limited,2980.0,3035.0,2967.0,,2971.0,3029.0,-58.0,,14512.0,43243429.2,235.0,68.0,2.2818791946308723,-1.914823374050842,184014.59234042556,2979.8393880926133
2026-07-14T06:45:32+00:00,2026-07-14T12:30:32+05:45,2026-07-14,12:30:32,1784011532,1,6,12,nepse_official,OPEN,2026-07-14,RSY,Reliable Samriddhi Yojana,9.7,9.99,9.7,,9.99,10.0,-0.009999999999999787,,700.0,6947.0,3.0,0.2900000000000009,2.9896907216494943,-0.09999999999999788,2315.6666666666665,9.924285714285714
2026-07-14T06:45:32+00:00,2026-07-14T12:30:32+05:45,2026-07-14,12:30:32,1784011532,1,6,12,nepse_official,OPEN,2026-07-14,RURU,Ru Ru Jalbidhyut Pariyojana Limited,591.0,608.0,591.0,,604.0,602.5,1.5,,480.0,287758.0,16.0,17.0,2.8764805414551606,0.24896265560165973,17984.875,599.4958333333333
2026-07-14T06:45:32+00:00,2026-07-14T12:30:32+05:45,2026-07-14,12:30:32,1784011532,1,6,12,nepse_official,OPEN,2026-07-14,SABBL,Salapa Bikas Bank Limited,806.1,817.0,802.9,,817.0,818.0,-1.0,,5216.0,4199077.5,113.0,14.100000000000023,1.749162634908823,-0.12224938875305623,37159.9778761062,805.0378642638037
2026-07-14T06:45:32+00:00,2026-07-14T12:30:32+05:45,2026-07-14,12:30:32,1784011532,1,6,12,nepse_official,OPEN,2026-07-14,SADBL,Shangrila Development Bank Ltd.,378.1,404.4,378.1,,396.0,398.0,-2.0,,3531.0,1394161.9,25.0,26.299999999999955,6.955831790531593,-0.5025125628140703,55766.475999999995,394.834862645143
2026-07-14T06:45:32+00:00,2026-07-14T12:30:32+05:45,2026-07-14,12:30:32,1784011532,1,6,12,nepse_official,OPEN,2026-07-14,SAGAR,Sagar Distillery Limited,1500.0,1535.0,1500.0,,1530.0,1535.0,-5.0,,1810.0,2750677.8,38.0,35.0,2.3333333333333335,-0.32573289902280134,72386.25789473683,1519.7114917127071
2026-07-14T06:45:32+00:00,2026-07-14T12:30:32+05:45,2026-07-14,12:30:32,1784011532,1,6,12,nepse_official,OPEN,2026-07-14,SAGF,Sanima Growth Fund,10.0,10.0,10.0,,10.0,9.95,0.05000000000000071,,200.0,2000.0,2.0,0.0,0.0,0.5025125628140775,1000.0,10.0
2026-07-14T06:45:32+00:00,2026-07-14T12:30:32+05:45,2026-07-14,12:30:32,1784011532,1,6,12,nepse_official,OPEN,2026-07-14,SAHAS,Sahas Urja Limited,636.0,637.0,631.1,,635.0,636.9,-1.8999999999999773,,57549.0,36513216.8,232.0,5.899999999999977,0.9276729559748392,-0.29831998743915483,157384.5551724138,634.4717857825505
2026-07-14T06:45:32+00:00,2026-07-14T12:30:32+05:45,2026-07-14,12:30:32,1784011532,1,6,12,nepse_official,OPEN,2026-07-14,SAIL,Shreenagar Agritech Industries Limited,829.0,837.0,800.0,,837.0,826.0,11.0,,8360.0,6799155.6,130.0,37.0,4.463208685162847,1.331719128329298,52301.19692307692,813.2961244019139
2026-07-14T06:45:32+00:00,2026-07-14T12:30:32+05:45,2026-07-14,12:30:32,1784011532,1,6,12,nepse_official,OPEN,2026-07-14,SALICO,Sagarmatha Lumbini Insurance Co. Limited,626.8,645.0,580.0,,580.0,597.0,-17.0,,25022.0,16081865.0,12.0,65.0,10.370134014039568,-2.8475711892797317,1340155.4166666667,642.709016065862
2026-07-14T06:45:32+00:00,2026-07-14T12:30:32+05:45,2026-07-14,12:30:32,1784011532,1,6,12,nepse_official,OPEN,2026-07-14,SAND2085,10% Sanima Bank Limited Debenture,1170.0,1170.0,1170.0,,1170.0,1139.0,31.0,,10.0,11700.0,1.0,0.0,0.0,2.7216856892010535,11700.0,1170.0
2026-07-14T06:45:32+00:00,2026-07-14T12:30:32+05:45,2026-07-14,12:30:32,1784011532,1,6,12,nepse_official,OPEN,2026-07-14,SANIMA,Sanima Bank Limited,345.0,348.0,344.2,,347.0,344.0,3.0,,22832.0,7882771.6,72.0,3.8000000000000114,1.1014492753623222,0.872093023255814,109482.93888888888,345.25103363700066
2026-07-14T06:45:32+00:00,2026-07-14T12:30:32+05:45,2026-07-14,12:30:32,1784011532,1,6,12,nepse_official,OPEN,2026-07-14,SANVI,Sanvi Energy Limited,542.5,565.0,542.5,,555.0,571.0,-16.0,,9140.0,5057042.5,98.0,22.5,4.147465437788019,-2.8021015761821366,51602.47448979592,553.2869256017506
2026-07-14T06:45:32+00:00,2026-07-14T12:30:32+05:45,2026-07-14,12:30:32,1784011532,1,6,12,nepse_official,OPEN,2026-07-14,SAPDBL,Saptakoshi Development Bank Ltd,698.3,739.9,698.3,,729.0,735.0,-6.0,,13995.0,10011873.8,133.0,41.60000000000002,5.957324931977664,-0.8163265306122449,75277.24661654136,715.3893390496606
2026-07-14T06:45:32+00:00,2026-07-14T12:30:32+05:45,2026-07-14,12:30:32,1784011532,1,6,12,nepse_official,OPEN,2026-07-14,SARBTM,Sarbottam Cement Limited,770.1,780.0,762.0,,773.0,772.0,1.0,,2302.0,1775561.5,41.0,18.0,2.337358784573432,0.1295336787564767,43306.37804878049,771.3125543006082
2026-07-14T06:45:32+00:00,2026-07-14T12:30:32+05:45,2026-07-14,12:30:32,1784011532,1,6,12,nepse_official,OPEN,2026-07-14,SBCF,Sunrise Bluechip Fund,9.7,9.73,9.55,,9.65,9.6,0.05000000000000071,,85832.0,828728.75,14.0,0.17999999999999972,1.8556701030927807,0.5208333333333408,59194.91071428572,9.655242217354832
2026-07-14T06:45:32+00:00,2026-07-14T12:30:32+05:45,2026-07-14,12:30:32,1784011532,1,6,12,nepse_official,OPEN,2026-07-14,SBD87,8.5% Sanima Debenture 2087,1164.0,1164.0,1130.0,,1130.0,1199.0,-69.0,,3116.0,3521420.0,2.0,34.0,2.9209621993127146,-5.754795663052543,1760710.0,1130.1091142490372
2026-07-14T06:45:32+00:00,2026-07-14T12:30:32+05:45,2026-07-14,12:30:32,1784011532,1,6,12,nepse_official,OPEN,2026-07-14,SBI,Nepal SBI Bank Limited,385.0,387.9,382.1,,387.9,389.8,-1.900000000000034,,1864.0,713864.0,17.0,5.7999999999999545,1.5064935064934946,-0.4874294510005218,41992.0,382.9742489270386
2026-07-14T06:45:32+00:00,2026-07-14T12:30:32+05:45,2026-07-14,12:30:32,1784011532,1,6,12,nepse_official,OPEN,2026-07-14,SBID2090,7% Nepal SBI Bank Debenture 2090,1131.1,1131.1,1053.1,,1053.1,1166.0,-112.90000000000009,,345725.0,375111410.5,7.0,78.0,6.895942003359562,-9.682675814751294,53587344.35714286,1084.9993795646828
2026-07-14T06:45:32+00:00,2026-07-14T12:30:32+05:45,2026-07-14,12:30:32,1784011532,1,6,12,nepse_official,OPEN,2026-07-14,SBID83,10.25% Nepal SBI Bank Debenture 2083,1094.0,1094.0,1094.0,,1094.0,1090.0,4.0,,2500.0,2735000.0,1.0,0.0,0.0,0.3669724770642202,2735000.0,1094.0
2026-07-14T06:45:32+00:00,2026-07-14T12:30:32+05:45,2026-07-14,12:30:32,1784011532,1,6,12,nepse_official,OPEN,2026-07-14,SBID89,9% Nepal SBI Bank Rinpatra 2089,1200.0,1200.0,1200.0,,1200.0,1230.0,-30.0,,1912.0,2294400.0,1.0,0.0,0.0,-2.4390243902439024,2294400.0,1200.0
2026-07-14T06:45:32+00:00,2026-07-14T12:30:32+05:45,2026-07-14,12:30:32,1784011532,1,6,12,nepse_official,OPEN,2026-07-14,SBL,Siddhartha Bank Limited,386.0,387.0,383.1,,386.0,386.0,0.0,,61289.0,23615174.4,66.0,3.8999999999999773,1.0103626943005124,0.0,357805.67272727273,385.30852844719277
2026-07-14T06:45:32+00:00,2026-07-14T12:30:32+05:45,2026-07-14,12:30:32,1784011532,1,6,12,nepse_official,OPEN,2026-07-14,SBLD2091,7.25% SBL Debenture 2091,1048.9,1048.9,1037.0,,1037.0,1080.0,-43.0,,26012.0,26977370.8,5.0,11.900000000000091,1.1345218800648382,-3.981481481481482,5395474.16,1037.1125172997079
2026-07-14T06:45:32+00:00,2026-07-14T12:30:32+05:45,2026-07-14,12:30:32,1784011532,1,6,12,nepse_official,OPEN,2026-07-14,SBLD89,10.75% SBL Debenture 2089,1274.2,1276.0,1274.0,,1274.0,1237.1,36.90000000000009,,4089.0,5217499.0,5.0,2.0,0.1569612305760477,2.98278231347507,1043499.8,1275.9841036928344
2026-07-14T06:45:32+00:00,2026-07-14T12:30:32+05:45,2026-07-14,12:30:32,1784011532,1,6,12,nepse_official,OPEN,2026-07-14,SCB,Standard Chartered Bank Limited,635.0,637.0,634.0,,635.0,637.0,-2.0,,2226.0,1415309.0,37.0,3.0,0.47244094488188976,-0.3139717425431711,38251.59459459459,635.8081761006289
2026-07-14T06:45:32+00:00,2026-07-14T12:30:32+05:45,2026-07-14,12:30:32,1784011532,1,6,12,nepse_official,OPEN,2026-07-14,SDBD87,Shangri-la Development Bank Debenture 2087,1159.0,1159.0,1159.0,,1159.0,1130.0,29.0,,4171.0,4834189.0,1.0,0.0,0.0,2.566371681415929,4834189.0,1159.0
2026-07-14T06:45:32+00:00,2026-07-14T12:30:32+05:45,2026-07-14,12:30:32,1784011532,1,6,12,nepse_official,OPEN,2026-07-14,SEF,Siddhartha Equity Fund,9.95,10.1,9.75,,10.1,10.0,0.09999999999999964,,11300.0,113451.7,6.0,0.34999999999999964,3.517587939698489,0.9999999999999963,18908.616666666665,10.039973451327434
2026-07-14T06:45:32+00:00,2026-07-14T12:30:32+05:45,2026-07-14,12:30:32,1784011532,1,6,12,nepse_official,OPEN,2026-07-14,SGHC,Swet-Ganga Hydropower & Construction Limited ,316.0,322.0,315.1,,318.0,322.0,-4.0,,3210.0,1017668.5,35.0,6.899999999999977,2.1835443037974613,-1.2422360248447204,29076.242857142857,317.0306853582554
2026-07-14T06:45:32+00:00,2026-07-14T12:30:32+05:45,2026-07-14,12:30:32,1784011532,1,6,12,nepse_official,OPEN,2026-07-14,SGHL,Sanigad Hydro Limited,462.5,470.0,444.0,,460.0,462.5,-2.5,,26459.0,11980741.3,1807.0,26.0,5.621621621621622,-0.5405405405405406,6630.183342556725,452.80400997770136
2026-07-14T06:45:32+00:00,2026-07-14T12:30:32+05:45,2026-07-14,12:30:32,1784011532,1,6,12,nepse_official,OPEN,2026-07-14,SGIC,Sanima GIC Insurance Limited,450.0,459.5,448.0,,448.0,452.1,-4.100000000000023,,1744.0,784640.6,29.0,11.5,2.555555555555556,-0.906879009068795,27056.572413793103,449.90860091743116
2026-07-14T06:45:32+00:00,2026-07-14T12:30:32+05:45,2026-07-14,12:30:32,1784011532,1,6,12,nepse_official,OPEN,2026-07-14,SHEL,Singati Hydro Energy Limited,290.0,292.0,287.0,,292.0,290.0,2.0,,26511.0,7655512.8,79.0,5.0,1.7241379310344827,0.6896551724137931,96905.22531645569,288.76740975444153
2026-07-14T06:45:32+00:00,2026-07-14T12:30:32+05:45,2026-07-14,12:30:32,1784011532,1,6,12,nepse_official,OPEN,2026-07-14,SHINE,Shine Resunga Development Bank Ltd.,397.0,398.9,395.3,,398.9,397.0,1.8999999999999773,,4904.0,1942379.1,27.0,3.599999999999966,0.9068010075566666,0.4785894206549062,71939.96666666667,396.0805668841762
2026-07-14T06:45:32+00:00,2026-07-14T12:30:32+05:45,2026-07-14,12:30:32,1784011532,1,6,12,nepse_official,OPEN,2026-07-14,SHIVM,SHIVAM CEMENTS LTD,625.0,657.0,612.0,,618.0,619.9,-1.8999999999999773,,61965.0,39615067.0,183.0,45.0,7.199999999999999,-0.30650104855621507,216475.77595628417,639.313596385056
2026-07-14T06:45:32+00:00,2026-07-14T12:30:32+05:45,2026-07-14,12:30:32,1784011532,1,6,12,nepse_official,OPEN,2026-07-14,SHL,Soaltee Hotel Limited,486.5,489.0,474.4,,485.7,486.4,-0.6999999999999886,,13425.0,6523369.9,33.0,14.600000000000023,3.0010277492291926,-0.1439144736842082,197677.87575757576,485.91209683426445
2026-07-14T06:45:32+00:00,2026-07-14T12:30:32+05:45,2026-07-14,12:30:32,1784011532,1,6,12,nepse_official,OPEN,2026-07-14,SHLB,Shrijanshil Laghubitta Bittiya Sanstha Limited,1400.0,1400.0,1400.0,,1400.0,1409.7,-9.700000000000045,,160.0,224000.0,3.0,0.0,0.0,-0.6880896644676204,74666.66666666667,1400.0
2026-07-14T06:45:32+00:00,2026-07-14T12:30:32+05:45,2026-07-14,12:30:32,1784011532,1,6,12,nepse_official,OPEN,2026-07-14,SHPC,Sanima Mai Hydropower Ltd.,482.1,487.0,482.1,,487.0,485.0,2.0,,2906.0,1405090.4,24.0,4.899999999999977,1.0163866417755605,0.4123711340206186,58545.43333333333,483.51355815554024
2026-07-14T06:45:32+00:00,2026-07-14T12:30:32+05:45,2026-07-14,12:30:32,1784011532,1,6,12,nepse_official,OPEN,2026-07-14,SICL,Shikhar Insurance Co. Ltd.,605.0,607.0,605.0,,606.0,608.0,-2.0,,573.0,346960.3,15.0,2.0,0.3305785123966942,-0.3289473684210526,23130.686666666665,605.5153577661431
2026-07-14T06:45:32+00:00,2026-07-14T12:30:32+05:45,2026-07-14,12:30:32,1784011532,1,6,12,nepse_official,OPEN,2026-07-14,SIFC,Shree Investment Finance Co. Ltd.,501.0,503.0,500.0,,502.0,500.0,2.0,,1698.0,850984.0,14.0,3.0,0.5988023952095809,0.4,60784.57142857143,501.168433451119
2026-07-14T06:45:32+00:00,2026-07-14T12:30:32+05:45,2026-07-14,12:30:32,1784011532,1,6,12,nepse_official,OPEN,2026-07-14,SIGS3,Siddhartha Investment Growth Scheme 3,10.19,10.3,10.01,,10.1,10.5,-0.40000000000000036,,104800.0,1061242.0,28.0,0.2900000000000009,2.8459273797841114,-3.809523809523813,37901.5,10.12635496183206
2026-07-14T06:45:32+00:00,2026-07-14T12:30:32+05:45,2026-07-14,12:30:32,1784011532,1,6,12,nepse_official,OPEN,2026-07-14,SIKLES,Sikles Hydropower Limited,541.3,546.0,541.1,,546.0,545.0,1.0,,3877.0,2105392.6,40.0,4.899999999999977,0.9052281544430034,0.1834862385321101,52634.815,543.0468403404694
2026-07-14T06:45:32+00:00,2026-07-14T12:30:32+05:45,2026-07-14,12:30:32,1784011532,1,6,12,nepse_official,OPEN,2026-07-14,SINDU,Sindhu Bikash Bank Ltd,639.5,677.0,639.5,,675.0,673.1,1.8999999999999773,,2258.0,1498152.6,40.0,37.5,5.863956215793588,0.2822760362501823,37453.815,663.4865367581931
2026-07-14T06:45:32+00:00,2026-07-14T12:30:32+05:45,2026-07-14,12:30:32,1784011532,1,6,12,nepse_official,OPEN,2026-07-14,SIPD,Shikhar power Development Limited,575.0,575.0,550.1,,571.0,574.8,-3.7999999999999545,,4460.0,2484085.4,135.0,24.899999999999977,4.330434782608691,-0.6610995128740353,18400.632592592592,556.9698206278026
2026-07-14T06:45:32+00:00,2026-07-14T12:30:32+05:45,2026-07-14,12:30:32,1784011532,1,6,12,nepse_official,OPEN,2026-07-14,SJCL,SANJEN JALAVIDHYUT COMPANY LIMITED,268.0,268.0,264.0,,268.0,268.0,0.0,,9543.0,2536432.9,27.0,4.0,1.4925373134328357,0.0,93941.95925925925,265.78988787593
2026-07-14T06:45:32+00:00,2026-07-14T12:30:32+05:45,2026-07-14,12:30:32,1784011532,1,6,12,nepse_official,OPEN,2026-07-14,SJLIC,SuryaJyoti Life Insurance Company Limited,404.0,408.0,402.3,,404.2,405.2,-1.0,,2069.0,837314.2,44.0,5.699999999999989,1.4108910891089081,-0.24679170779861795,19029.86818181818,404.69511841469307
2026-07-14T06:45:32+00:00,2026-07-14T12:30:32+05:45,2026-07-14,12:30:32,1784011532,1,6,12,nepse_official,OPEN,2026-07-14,SKBBL,Sana Kisan Bikas Laghubitta Bittiya Sanstha Limited,742.1,744.0,740.3,,744.0,744.0,0.0,,5488.0,4068043.4,34.0,3.7000000000000455,0.4985850963482072,0.0,119648.33529411764,741.2615524781341
2026-07-14T06:45:32+00:00,2026-07-14T12:30:32+05:45,2026-07-14,12:30:32,1784011532,1,6,12,nepse_official,OPEN,2026-07-14,SKHEL,Suryakunda Hydro Electric Limited,845.0,860.0,845.0,,850.0,862.0,-12.0,,1673.0,1423787.4,39.0,15.0,1.7751479289940828,-1.3921113689095126,36507.369230769225,851.0384937238493
2026-07-14T06:45:32+00:00,2026-07-14T12:30:32+05:45,2026-07-14,12:30:32,1784011532,1,6,12,nepse_official,OPEN,2026-07-14,SKHL,Super Khudi Hydropower Limited,845.0,845.0,775.0,,830.0,837.6,-7.600000000000023,,15039.0,12037745.9,146.0,70.0,8.284023668639055,-0.9073543457497638,82450.31438356165,800.4352616530355
2026-07-14T06:45:32+00:00,2026-07-14T12:30:32+05:45,2026-07-14,12:30:32,1784011532,1,6,12,nepse_official,OPEN,2026-07-14,SLBBL,Swarojgar Laghubitta Bittiya Sanstha Ltd.,794.0,794.0,775.0,,775.0,786.0,-11.0,,990.0,769665.0,11.0,19.0,2.392947103274559,-1.3994910941475827,69969.54545454546,777.439393939394
2026-07-14T06:45:32+00:00,2026-07-14T12:30:32+05:45,2026-07-14,12:30:32,1784011532,1,6,12,nepse_official,OPEN,2026-07-14,SLBSL,Samudayik Laghubitta Bittiya Sanstha Limited,1161.1,1161.1,1098.1,,1110.0,1197.0,-87.0,,386.0,426557.5,15.0,63.0,5.425889242959263,-7.268170426065162,28437.166666666668,1105.071243523316
2026-07-14T06:45:32+00:00,2026-07-14T12:30:32+05:45,2026-07-14,12:30:32,1784011532,1,6,12,nepse_official,OPEN,2026-07-14,SLCF,Sanima Large Cap Fund,9.9,10.0,9.9,,10.0,9.9,0.09999999999999964,,500.0,4990.0,3.0,0.09999999999999964,1.0101010101010066,1.0101010101010066,1663.3333333333333,9.98
2026-07-14T06:45:32+00:00,2026-07-14T12:30:32+05:45,2026-07-14,12:30:32,1784011532,1,6,12,nepse_official,OPEN,2026-07-14,SMATA,Samata Gharelu Laghubitta Bittiya Sanstha Limited,727.0,730.0,713.5,,725.0,732.0,-7.0,,2253.0,1634502.0,20.0,16.5,2.269601100412655,-0.9562841530054645,81725.1,725.4780292942743
2026-07-14T06:45:32+00:00,2026-07-14T12:30:32+05:45,2026-07-14,12:30:32,1784011532,1,6,12,nepse_official,OPEN,2026-07-14,SMB,Support Microfinance Bittiya Sanstha Ltd.,1775.0,1823.2,1768.3,,1823.2,1800.0,23.200000000000045,,417.0,743878.4,20.0,54.90000000000009,3.0929577464788784,1.2888888888888914,37193.92,1783.8810551558754
2026-07-14T06:45:32+00:00,2026-07-14T12:30:32+05:45,2026-07-14,12:30:32,1784011532,1,6,12,nepse_official,OPEN,2026-07-14,SMFBS,Swabhimaan Laghubitta Bittiya Sanstha Limited,1635.3,1635.3,1499.0,,1499.0,1580.0,-81.0,,310.0,477631.0,5.0,136.29999999999995,8.33486210481257,-5.126582278481013,95526.2,1540.7451612903226
2026-07-14T06:45:32+00:00,2026-07-14T12:30:32+05:45,2026-07-14,12:30:32,1784011532,1,6,12,nepse_official,OPEN,2026-07-14,SMH,Super Mai Hydropower Limited,489.0,490.0,482.6,,488.0,490.0,-2.0,,1759.0,854822.8,24.0,7.399999999999977,1.5132924335378277,-0.40816326530612246,35617.61666666667,485.97089255258675
2026-07-14T06:45:32+00:00,2026-07-14T12:30:32+05:45,2026-07-14,12:30:32,1784011532,1,6,12,nepse_official,OPEN,2026-07-14,SMHL,Super Madi Hydropower Limited,455.0,473.0,452.1,,459.0,455.0,4.0,,13512.0,6172854.2,75.0,20.899999999999977,4.593406593406589,0.8791208791208791,82304.72266666667,456.8423771462404
2026-07-14T06:45:32+00:00,2026-07-14T12:30:32+05:45,2026-07-14,12:30:32,1784011532,1,6,12,nepse_official,OPEN,2026-07-14,SMJC,Sagarmatha Jalabidhyut Company Limited,425.0,436.0,422.1,,426.0,429.9,-3.8999999999999773,,2066.0,875615.1,36.0,13.899999999999977,3.2705882352941127,-0.9071877180739655,24322.641666666666,423.82144240077446
2026-07-14T06:45:32+00:00,2026-07-14T12:30:32+05:45,2026-07-14,12:30:32,1784011532,1,6,12,nepse_official,OPEN,2026-07-14,SMPDA,Sampada Laghubitta Bittiya Sanstha Limited,735.2,749.0,730.0,,735.0,748.9,-13.899999999999977,,2728.0,2002621.8,16.0,19.0,2.5843307943416756,-1.856055548137265,125163.8625,734.0989002932552
2026-07-14T06:45:32+00:00,2026-07-14T12:30:32+05:45,2026-07-14,12:30:32,1784011532,1,6,12,nepse_official,OPEN,2026-07-14,SNLI,Sun Nepal Life Insurance Company Limited,420.0,421.0,415.0,,416.1,422.0,-5.899999999999977,,2834.0,1180273.5,58.0,6.0,1.4285714285714286,-1.3981042654028382,20349.543103448275,416.46912491178546
2026-07-14T06:45:32+00:00,2026-07-14T12:30:32+05:45,2026-07-14,12:30:32,1784011532,1,6,12,nepse_official,OPEN,2026-07-14,SNORL,Snow Rivers Limited,770.0,775.0,745.0,,765.1,780.0,-14.899999999999977,,13172.0,9964481.1,719.0,30.0,3.896103896103896,-1.9102564102564075,13858.805424200278,756.489606741573
2026-07-14T06:45:32+00:00,2026-07-14T12:30:32+05:45,2026-07-14,12:30:32,1784011532,1,6,12,nepse_official,OPEN,2026-07-14,SOHL,Solu Hydropower Limited,501.6,533.6,501.6,,526.0,528.0,-2.0,,18723.0,9762168.7,358.0,32.0,6.379585326953747,-0.3787878787878788,27268.627653631283,521.3998130641456
2026-07-14T06:45:32+00:00,2026-07-14T12:30:32+05:45,2026-07-14,12:30:32,1784011532,1,6,12,nepse_official,OPEN,2026-07-14,SONA,Sonapur Minerals And Oil Limited,399.0,405.0,399.0,,404.0,400.1,3.8999999999999773,,10530.0,4219683.5,76.0,6.0,1.5037593984962405,0.9747563109222637,55522.15131578947,400.72967711301044
2026-07-14T06:45:32+00:00,2026-07-14T12:30:32+05:45,2026-07-14,12:30:32,1784011532,1,6,12,nepse_official,OPEN,2026-07-14,SOPL,Sopan Pharmaceuticals Limited,750.0,772.0,745.0,,772.0,751.0,21.0,,19781.0,14902464.9,623.0,27.0,3.5999999999999996,2.796271637816245,23920.489406099518,753.3726758000101
2026-07-14T06:45:32+00:00,2026-07-14T12:30:32+05:45,2026-07-14,12:30:32,1784011532,1,6,12,nepse_official,OPEN,2026-07-14,SPC,Samling Power Company Limited,420.0,420.0,408.0,,418.0,415.0,3.0,,630.0,258459.1,9.0,12.0,2.857142857142857,0.7228915662650602,28717.67777777778,410.2525396825397
2026-07-14T06:45:32+00:00,2026-07-14T12:30:32+05:45,2026-07-14,12:30:32,1784011532,1,6,12,nepse_official,OPEN,2026-07-14,SPDL,Synergy Power Development Ltd.,364.0,364.0,355.0,,361.0,360.0,1.0,,6930.0,2480498.0,27.0,9.0,2.4725274725274726,0.2777777777777778,91870.29629629629,357.9362193362193
2026-07-14T06:45:32+00:00,2026-07-14T12:30:32+05:45,2026-07-14,12:30:32,1784011532,1,6,12,nepse_official,OPEN,2026-07-14,SPHL,Sayapatri Hydropower Limited,520.0,544.9,519.0,,530.0,534.8,-4.7999999999999545,,14993.0,8131983.6,20.0,25.899999999999977,4.980769230769226,-0.8975317875841352,406599.18,542.3853531648102
2026-07-14T06:45:32+00:00,2026-07-14T12:30:32+05:45,2026-07-14,12:30:32,1784011532,1,6,12,nepse_official,OPEN,2026-07-14,SPIL,Siddhartha Premier Insurance Limited,685.0,698.8,680.1,,690.0,689.8,0.20000000000004547,,6594.0,4510810.0,16.0,18.699999999999932,2.7299270072992603,0.028993911278638082,281925.625,684.0779496511981
2026-07-14T06:45:32+00:00,2026-07-14T12:30:32+05:45,2026-07-14,12:30:32,1784011532,1,6,12,nepse_official,OPEN,2026-07-14,SPL,Shuvam Power Limited,630.4,640.0,630.4,,640.0,649.8,-9.799999999999955,,180.0,113973.0,7.0,9.600000000000023,1.5228426395939123,-1.5081563558017783,16281.857142857143,633.1833333333333
2026-07-14T06:45:32+00:00,2026-07-14T12:30:32+05:45,2026-07-14,12:30:32,1784011532,1,6,12,nepse_official,OPEN,2026-07-14,SRBLD83,10.25% Sunrise Bank Debenture 2083,1082.0,1082.0,1082.0,,1082.0,1082.0,0.0,,5.0,5425.0,1.0,0.0,0.0,0.0,5425.0,1085.0
2026-07-14T06:45:32+00:00,2026-07-14T12:30:32+05:45,2026-07-14,12:30:32,1784011532,1,6,12,nepse_official,OPEN,2026-07-14,SRLI,Sanima Reliance Life Insurance Limited,367.0,374.0,367.0,,368.6,367.0,1.6000000000000227,,3823.0,1410282.8,64.0,7.0,1.9073569482288828,0.43596730245232224,22035.66875,368.8942715145174
2026-07-14T06:45:32+00:00,2026-07-14T12:30:32+05:45,2026-07-14,12:30:32,1784011532,1,6,12,nepse_official,OPEN,2026-07-14,SSHL,Shiva Shree Hydropower Ltd,185.0,196.0,185.0,,193.5,192.2,1.3000000000000114,,27215.0,5233384.9,139.0,11.0,5.9459459459459465,0.676378772112389,37650.251079136695,192.29781003123279
2026-07-14T06:45:32+00:00,2026-07-14T12:30:32+05:45,2026-07-14,12:30:32,1784011532,1,6,12,nepse_official,OPEN,2026-07-14,STC,Salt Trading Corporation,5052.0,5099.0,5050.0,,5099.0,5050.0,49.0,,100.0,506050.0,5.0,49.0,0.9699129057798892,0.9702970297029703,101210.0,5060.5
2026-07-14T06:45:32+00:00,2026-07-14T12:30:32+05:45,2026-07-14,12:30:32,1784011532,1,6,12,nepse_official,OPEN,2026-07-14,SWASTIK,Swastik Laghubitta Bittiya Sanstha Limited,2000.0,2000.0,1920.9,,1950.0,1986.0,-36.0,,314.0,612979.0,25.0,79.09999999999991,3.954999999999995,-1.812688821752266,24519.16,1952.1624203821657
2026-07-14T06:45:32+00:00,2026-07-14T12:30:32+05:45,2026-07-14,12:30:32,1784011532,1,6,12,nepse_official,OPEN,2026-07-14,SWBBL,Swabalamban Laghubitta Bittiya Sanstha Limited,655.4,656.8,650.0,,656.8,660.0,-3.2000000000000455,,8227.0,5363299.6,51.0,6.7999999999999545,1.0375343301800357,-0.4848484848484917,105162.73725490195,651.9143794821928
2026-07-14T06:45:32+00:00,2026-07-14T12:30:32+05:45,2026-07-14,12:30:32,1784011532,1,6,12,nepse_official,OPEN,2026-07-14,SWMF,Suryodaya Womi Laghubitta Bittiya Sanstha Limited,608.9,610.0,591.0,,610.0,608.9,1.1000000000000227,,1082.0,655220.8,22.0,19.0,3.120381014944983,0.18065363770734486,29782.763636363637,605.5645101663587
2026-07-14T06:45:32+00:00,2026-07-14T12:30:32+05:45,2026-07-14,12:30:32,1784011532,1,6,12,nepse_official,OPEN,2026-07-14,SYPNL,SY Panel Nepal Limited,1224.6,1330.0,1224.6,,1280.0,1289.0,-9.0,,17894.0,22717978.0,292.0,105.40000000000009,8.6068920463825,-0.6982156710628394,77801.29452054795,1269.5863417905443
2026-07-14T06:45:32+00:00,2026-07-14T12:30:32+05:45,2026-07-14,12:30:32,1784011532,1,6,12,nepse_official,OPEN,2026-07-14,TAMOR,Sanima Middle Tamor Hydropower Limited,430.1,432.5,430.1,,431.1,432.0,-0.8999999999999773,,10274.0,4421163.1,60.0,2.3999999999999773,0.5580097651708852,-0.2083333333333281,73686.05166666667,430.32539419894874
2026-07-14T06:45:32+00:00,2026-07-14T12:30:32+05:45,2026-07-14,12:30:32,1784011532,1,6,12,nepse_official,OPEN,2026-07-14,TPC,Terhathum Power Company Limited,342.0,345.0,342.0,,345.0,346.2,-1.1999999999999886,,3910.0,1339488.0,27.0,3.0,0.8771929824561403,-0.34662045060658253,49610.666666666664,342.58005115089514
2026-07-14T06:45:32+00:00,2026-07-14T12:30:32+05:45,2026-07-14,12:30:32,1784011532,1,6,12,nepse_official,OPEN,2026-07-14,TPKHL,Taksar Pikhuwa Khola Hydropower Limited,500.0,500.0,480.2,,495.5,493.0,2.5,,10127.0,4920338.7,457.0,19.80000000000001,3.9600000000000026,0.5070993914807302,10766.605470459519,485.8634047595537
2026-07-14T06:45:32+00:00,2026-07-14T12:30:32+05:45,2026-07-14,12:30:32,1784011532,1,6,12,nepse_official,OPEN,2026-07-14,TRH,Taragaon Regency Hotel Limited,752.0,756.0,752.0,,755.0,774.0,-19.0,,415.0,313425.0,5.0,4.0,0.5319148936170213,-2.454780361757106,62685.0,755.2409638554217
2026-07-14T06:45:32+00:00,2026-07-14T12:30:32+05:45,2026-07-14,12:30:32,1784011532,1,6,12,nepse_official,OPEN,2026-07-14,TSHL,Three Star Hydropower Limited,324.1,324.1,308.1,,312.0,329.0,-17.0,,15012.0,4684475.0,115.0,16.0,4.9367479173094715,-5.167173252279635,40734.565217391304,312.04869437783105
2026-07-14T06:45:32+00:00,2026-07-14T12:30:32+05:45,2026-07-14,12:30:32,1784011532,1,6,12,nepse_official,OPEN,2026-07-14,TTL,Trade Tower Limited,700.0,700.0,670.0,,690.4,699.0,-8.600000000000023,,7750.0,5244367.7,124.0,30.0,4.285714285714286,-1.230329041487843,42293.287903225806,676.692606451613
2026-07-14T06:45:32+00:00,2026-07-14T12:30:32+05:45,2026-07-14,12:30:32,1784011532,1,6,12,nepse_official,OPEN,2026-07-14,TVCL,Trishuli Jal Vidhyut Company Limited ,451.0,465.0,451.0,,465.0,461.1,3.8999999999999773,,1583.0,718080.4,7.0,14.0,3.1042128603104215,0.8458035133376658,102582.91428571429,453.61996209728363
2026-07-14T06:45:32+00:00,2026-07-14T12:30:32+05:45,2026-07-14,12:30:32,1784011532,1,6,12,nepse_official,OPEN,2026-07-14,UAIL,United Ajod Insurance Limited,427.0,427.0,423.1,,423.5,427.0,-3.5,,1570.0,665658.2,24.0,3.8999999999999773,0.9133489461358261,-0.819672131147541,27735.75833333333,423.9861146496815
2026-07-14T06:45:32+00:00,2026-07-14T12:30:32+05:45,2026-07-14,12:30:32,1784011532,1,6,12,nepse_official,OPEN,2026-07-14,UHEWA,Upper Hewakhola Hydropower Company Limited,565.9,565.9,543.0,,549.0,555.0,-6.0,,3965.0,2176730.5,38.0,22.899999999999977,4.046651351828942,-1.0810810810810811,57282.38157894737,548.9862547288777
2026-07-14T06:45:32+00:00,2026-07-14T12:30:32+05:45,2026-07-14,12:30:32,1784011532,1,6,12,nepse_official,OPEN,2026-07-14,ULBSL,Upakar Laghubitta Bittiya Sanstha Limited,2710.0,3049.0,2710.0,,2740.0,2839.0,-99.0,,1374.0,3773909.0,33.0,339.0,12.509225092250922,-3.487143360338147,114360.87878787878,2746.6586608442503
2026-07-14T06:45:32+00:00,2026-07-14T12:30:32+05:45,2026-07-14,12:30:32,1784011532,1,6,12,nepse_official,OPEN,2026-07-14,ULHC,Upper Lohore Khola Hydropower Company Limited,367.0,367.0,350.1,,350.1,368.9,-18.799999999999955,,4757.0,1684575.6,34.0,16.899999999999977,4.604904632152582,-5.096232041203566,49546.34117647059,354.125625394156
2026-07-14T06:45:32+00:00,2026-07-14T12:30:32+05:45,2026-07-14,12:30:32,1784011532,1,6,12,nepse_official,OPEN,2026-07-14,UMHL,United Modi Hydropower Ltd.,551.0,573.9,551.0,,564.9,573.9,-9.0,,6441.0,3622490.6,19.0,22.899999999999977,4.156079854809433,-1.5682174594877158,190657.4,562.4112094395281
2026-07-14T06:45:32+00:00,2026-07-14T12:30:32+05:45,2026-07-14,12:30:32,1784011532,1,6,12,nepse_official,OPEN,2026-07-14,UMRH,United IDI Mardi RB Hydropower Limited.,521.8,521.8,513.4,,519.8,516.2,3.599999999999909,,3473.0,1787018.8,20.0,8.399999999999977,1.609812188577995,0.6974041069352787,89350.94,514.5461560610423
2026-07-14T06:45:32+00:00,2026-07-14T12:30:32+05:45,2026-07-14,12:30:32,1784011532,1,6,12,nepse_official,OPEN,2026-07-14,UNHPL,Union Hydropower Limited,380.0,380.0,370.0,,379.0,383.9,-4.899999999999977,,15148.0,5672773.4,60.0,10.0,2.631578947368421,-1.2763740557436776,94546.22333333334,374.4899260628466
2026-07-14T06:45:32+00:00,2026-07-14T12:30:32+05:45,2026-07-14,12:30:32,1784011532,1,6,12,nepse_official,OPEN,2026-07-14,UNL,Unilever Nepal Limited,46555.0,46555.0,46505.0,,46505.0,46555.0,-50.0,,20.0,930600.0,2.0,50.0,0.1073998496402105,-0.1073998496402105,465300.0,46530.0
2026-07-14T06:45:32+00:00,2026-07-14T12:30:32+05:45,2026-07-14,12:30:32,1784011532,1,6,12,nepse_official,OPEN,2026-07-14,UNLB,Unique Nepal Laghubitta Bittiya Sanstha Limited,1348.4,1348.4,1230.9,,1280.0,1286.9,-6.900000000000091,,453.0,562861.3,13.0,117.5,8.71403144467517,-0.5361721967518914,43297.023076923084,1242.5194260485653
2026-07-14T06:45:32+00:00,2026-07-14T12:30:32+05:45,2026-07-14,12:30:32,1784011532,1,6,12,nepse_official,OPEN,2026-07-14,UPCL,UNIVERSAL POWER COMPANY LTD,365.0,365.0,346.2,,355.0,359.0,-4.0,,16908.0,5958498.1,50.0,18.80000000000001,5.150684931506853,-1.1142061281337048,119169.962,352.40703217411874
2026-07-14T06:45:32+00:00,2026-07-14T12:30:32+05:45,2026-07-14,12:30:32,1784011532,1,6,12,nepse_official,OPEN,2026-07-14,UPPER,Upper Tamakoshi Hydropower Ltd,189.1,190.0,187.6,,190.0,189.1,0.9000000000000057,,33148.0,6248411.8,184.0,2.4000000000000057,1.2691697514542601,0.4759386567953494,33958.75978260869,188.50041631470978
2026-07-14T06:45:32+00:00,2026-07-14T12:30:32+05:45,2026-07-14,12:30:32,1784011532,1,6,12,nepse_official,OPEN,2026-07-14,USHEC,Upper Solu Hydro Electric Company Limited,476.0,479.0,471.1,,474.4,481.0,-6.600000000000023,,1648.0,782079.7,27.0,7.899999999999977,1.6596638655462137,-1.3721413721413769,28965.914814814812,474.5629247572815
2026-07-14T06:45:32+00:00,2026-07-14T12:30:32+05:45,2026-07-14,12:30:32,1784011532,1,6,12,nepse_official,OPEN,2026-07-14,USHL,Upper Syange Hydropower Limited,504.0,504.0,468.1,,495.0,480.0,15.0,,4161.0,2032519.1,35.0,35.89999999999998,7.123015873015868,3.125,58071.97428571429,488.4689017063206
2026-07-14T06:45:32+00:00,2026-07-14T12:30:32+05:45,2026-07-14,12:30:32,1784011532,1,6,12,nepse_official,OPEN,2026-07-14,USLB,Unnati Sahakarya Laghubitta Bittiya Sanstha Limited,1140.0,1140.0,1105.8,,1105.8,1169.0,-63.200000000000045,,861.0,965976.6,16.0,34.200000000000045,3.000000000000004,-5.406330196749362,60373.5375,1121.9240418118466
2026-07-14T06:45:32+00:00,2026-07-14T12:30:32+05:45,2026-07-14,12:30:32,1784011532,1,6,12,nepse_official,OPEN,2026-07-14,VLBS,Vijaya laghubitta Bittiya Sanstha Ltd.,650.2,652.5,640.0,,645.5,657.1,-11.600000000000023,,2077.0,1345231.0,51.0,12.5,1.9224853891110425,-1.7653325216862001,26377.07843137255,647.6798266730862
2026-07-14T06:45:32+00:00,2026-07-14T12:30:32+05:45,2026-07-14,12:30:32,1784011532,1,6,12,nepse_official,OPEN,2026-07-14,VLUCL,Vision Lumbini Urja Company Limited ,420.1,425.0,420.0,,425.0,424.0,1.0,,390.0,163980.0,18.0,5.0,1.19019281123542,0.2358490566037736,9110.0,420.46153846153845
2026-07-14T06:45:32+00:00,2026-07-14T12:30:32+05:45,2026-07-14,12:30:32,1784011532,1,6,12,nepse_official,OPEN,2026-07-14,WNLB,Wean Nepal Laghubitta Bittiya Sanstha Limited,1300.3,1300.3,1300.2,,1300.2,1340.0,-39.799999999999955,,45.0,58511.4,4.0,0.09999999999990905,0.007690532953926713,-2.9701492537313396,14627.85,1300.2533333333333
2026-07-14T06:45:32+00:00,2026-07-14T12:30:32+05:45,2026-07-14,12:30:32,1784011532,1,6,12,nepse_official,OPEN,2026-07-14,YMHL,Yambaling Hydropower Limited,555.0,560.0,545.0,,560.0,556.1,3.8999999999999773,,7535.0,4135305.2,421.0,15.0,2.7027027027027026,0.7013127135407259,9822.577672209027,548.812899800929
