scraped_at_utc,scraped_at_npt,npt_date,npt_time,scraped_epoch,weekday,hour_utc,hour_npt,price_source,is_market_open,business_date,symbol,security_name,open_price,high_price,low_price,close_price,last_traded_price,previous_closing_price,point_change,percentage_change,total_traded_quantity,total_traded_value,total_trades,intraday_range,intraday_range_pct_of_open,return_from_prev_close_pct,turnover_per_trade,vwap_proxy
2026-07-01T05:15:35+00:00,2026-07-01T11:00:35+05:45,2026-07-01,11:00:35,1782882935,2,5,11,nepse_official,OPEN,2026-07-01,AHL,Asian Hydropower Limited,471.0,471.0,471.0,,471.0,448.8,22.19999999999999,,20.0,9420.0,1.0,0.0,0.0,4.94652406417112,9420.0,471.0
2026-07-01T05:15:35+00:00,2026-07-01T11:00:35+05:45,2026-07-01,11:00:35,1782882935,2,5,11,nepse_official,OPEN,2026-07-01,ALBSL,Asha Laghubitta Bittiya Sanstha Ltd,1030.0,1030.0,1030.0,,1030.0,1075.0,-45.0,,10.0,10300.0,1.0,0.0,0.0,-4.186046511627907,10300.0,1030.0
2026-07-01T05:15:35+00:00,2026-07-01T11:00:35+05:45,2026-07-01,11:00:35,1782882935,2,5,11,nepse_official,OPEN,2026-07-01,ANLB,Aatmanirbhar Laghubitta Bittiya Sanstha Limited,5707.0,5707.0,5707.0,,5707.0,5882.0,-175.0,,10.0,57070.0,1.0,0.0,0.0,-2.9751785107106428,57070.0,5707.0
2026-07-01T05:15:35+00:00,2026-07-01T11:00:35+05:45,2026-07-01,11:00:35,1782882935,2,5,11,nepse_official,OPEN,2026-07-01,APHL,Appolo Hydropower Limited,807.5,807.5,807.5,,807.5,849.9,-42.39999999999998,,10.0,8075.0,1.0,0.0,0.0,-4.9888222143781595,8075.0,807.5
2026-07-01T05:15:35+00:00,2026-07-01T11:00:35+05:45,2026-07-01,11:00:35,1782882935,2,5,11,nepse_official,OPEN,2026-07-01,CITY,City Hotel Limited,420.0,420.0,420.0,,420.0,404.0,16.0,,10.0,4200.0,1.0,0.0,0.0,3.9603960396039604,4200.0,420.0
2026-07-01T05:15:35+00:00,2026-07-01T11:00:35+05:45,2026-07-01,11:00:35,1782882935,2,5,11,nepse_official,OPEN,2026-07-01,CORBL,Corporate Development Bank Limited,1804.1,1804.1,1804.1,,1804.1,1899.0,-94.90000000000009,,10.0,18041.0,1.0,0.0,0.0,-4.997367035281732,18041.0,1804.1
2026-07-01T05:15:35+00:00,2026-07-01T11:00:35+05:45,2026-07-01,11:00:35,1782882935,2,5,11,nepse_official,OPEN,2026-07-01,CYCL,CYC Nepal Laghubitta Bittiya Sanstha Limited,1289.2,1289.2,1289.2,,1289.2,1357.0,-67.79999999999995,,10.0,12892.0,1.0,0.0,0.0,-4.99631540162122,12892.0,1289.2
2026-07-01T05:15:35+00:00,2026-07-01T11:00:35+05:45,2026-07-01,11:00:35,1782882935,2,5,11,nepse_official,OPEN,2026-07-01,CZBIL,Citizens Bank International Limited,199.0,199.0,199.0,,199.0,194.0,5.0,,20.0,3980.0,2.0,0.0,0.0,2.5773195876288657,1990.0,199.0
2026-07-01T05:15:35+00:00,2026-07-01T11:00:35+05:45,2026-07-01,11:00:35,1782882935,2,5,11,nepse_official,OPEN,2026-07-01,DLBS,Dhaulagiri Laghubitta Bittiya Sanstha Limited,1349.5,1349.5,1349.5,,1349.5,1349.0,0.5,,10.0,13495.0,1.0,0.0,0.0,0.037064492216456635,13495.0,1349.5
2026-07-01T05:15:35+00:00,2026-07-01T11:00:35+05:45,2026-07-01,11:00:35,1782882935,2,5,11,nepse_official,OPEN,2026-07-01,EHPL,Eastern Hydropower Limited,391.6,391.6,391.6,,391.6,373.0,18.600000000000023,,10.0,3916.0,1.0,0.0,0.0,4.986595174262741,3916.0,391.6
2026-07-01T05:15:35+00:00,2026-07-01T11:00:35+05:45,2026-07-01,11:00:35,1782882935,2,5,11,nepse_official,OPEN,2026-07-01,GFCL,Goodwill Finance Limited,682.5,682.5,682.5,,682.5,650.0,32.5,,10.0,6825.0,1.0,0.0,0.0,5.0,6825.0,682.5
2026-07-01T05:15:35+00:00,2026-07-01T11:00:35+05:45,2026-07-01,11:00:35,1782882935,2,5,11,nepse_official,OPEN,2026-07-01,ILI,IME Life Insurance Company Limited,410.0,410.0,410.0,,410.0,419.0,-9.0,,60.0,24600.0,1.0,0.0,0.0,-2.1479713603818613,24600.0,410.0
2026-07-01T05:15:35+00:00,2026-07-01T11:00:35+05:45,2026-07-01,11:00:35,1782882935,2,5,11,nepse_official,OPEN,2026-07-01,JHAPA,Jhapa Energy Limited,1280.0,1280.0,1280.0,,1280.0,1287.0,-7.0,,10.0,12800.0,1.0,0.0,0.0,-0.5439005439005439,12800.0,1280.0
2026-07-01T05:15:35+00:00,2026-07-01T11:00:35+05:45,2026-07-01,11:00:35,1782882935,2,5,11,nepse_official,OPEN,2026-07-01,MFIL,Manjushree Finance Ltd.,760.0,760.0,760.0,,760.0,772.0,-12.0,,10.0,7600.0,1.0,0.0,0.0,-1.5544041450777202,7600.0,760.0
2026-07-01T05:15:35+00:00,2026-07-01T11:00:35+05:45,2026-07-01,11:00:35,1782882935,2,5,11,nepse_official,OPEN,2026-07-01,MPFL,Multipurpose Finance Company  Limited,590.0,590.0,590.0,,590.0,605.0,-15.0,,10.0,5900.0,1.0,0.0,0.0,-2.479338842975207,5900.0,590.0
2026-07-01T05:15:35+00:00,2026-07-01T11:00:35+05:45,2026-07-01,11:00:35,1782882935,2,5,11,nepse_official,OPEN,2026-07-01,NIMB,Nepal Investment Mega Bank Limited,199.5,199.5,199.5,,199.5,190.0,9.5,,10.0,1995.0,1.0,0.0,0.0,5.0,1995.0,199.5
2026-07-01T05:15:35+00:00,2026-07-01T11:00:35+05:45,2026-07-01,11:00:35,1782882935,2,5,11,nepse_official,OPEN,2026-07-01,NMB,NMB Bank Limited,230.0,230.0,230.0,,230.0,235.5,-5.5,,100.0,23000.0,4.0,0.0,0.0,-2.335456475583864,5750.0,230.0
2026-07-01T05:15:35+00:00,2026-07-01T11:00:35+05:45,2026-07-01,11:00:35,1782882935,2,5,11,nepse_official,OPEN,2026-07-01,NRN,NRN Infrastructure and Development Limited,1440.0,1440.0,1440.0,,1440.0,1412.5,27.5,,110.0,158400.0,2.0,0.0,0.0,1.9469026548672566,79200.0,1440.0
2026-07-01T05:15:35+00:00,2026-07-01T11:00:35+05:45,2026-07-01,11:00:35,1782882935,2,5,11,nepse_official,OPEN,2026-07-01,NYADI,Nyadi Hydropower Limited,358.0,358.0,358.0,,358.0,376.0,-18.0,,10.0,3580.0,1.0,0.0,0.0,-4.787234042553192,3580.0,358.0
2026-07-01T05:15:35+00:00,2026-07-01T11:00:35+05:45,2026-07-01,11:00:35,1782882935,2,5,11,nepse_official,OPEN,2026-07-01,PPL,People's Power Limited,303.1,303.1,303.1,,303.1,319.0,-15.899999999999977,,10.0,3031.0,1.0,0.0,0.0,-4.984326018808771,3031.0,303.1
2026-07-01T05:15:35+00:00,2026-07-01T11:00:35+05:45,2026-07-01,11:00:35,1782882935,2,5,11,nepse_official,OPEN,2026-07-01,RADHI,Radhi Bidyut Company Ltd,680.0,680.0,680.0,,680.0,700.0,-20.0,,10.0,6800.0,1.0,0.0,0.0,-2.857142857142857,6800.0,680.0
2026-07-01T05:15:35+00:00,2026-07-01T11:00:35+05:45,2026-07-01,11:00:35,1782882935,2,5,11,nepse_official,OPEN,2026-07-01,RAWA,Rawa Energy Development Limited,430.0,430.0,430.0,,430.0,446.6,-16.600000000000023,,10.0,4300.0,1.0,0.0,0.0,-3.7169726824899287,4300.0,430.0
2026-07-01T05:15:35+00:00,2026-07-01T11:00:35+05:45,2026-07-01,11:00:35,1782882935,2,5,11,nepse_official,OPEN,2026-07-01,RFPL,River Falls Power Limited,320.0,320.0,320.0,,320.0,336.6,-16.600000000000023,,10.0,3200.0,1.0,0.0,0.0,-4.931669637551997,3200.0,320.0
2026-07-01T05:15:35+00:00,2026-07-01T11:00:35+05:45,2026-07-01,11:00:35,1782882935,2,5,11,nepse_official,OPEN,2026-07-01,RSML,Reliance Spinning Mills Limited,3195.0,3195.0,3195.0,,3195.0,3189.0,6.0,,20.0,63900.0,2.0,0.0,0.0,0.18814675446848542,31950.0,3195.0
2026-07-01T05:15:35+00:00,2026-07-01T11:00:35+05:45,2026-07-01,11:00:35,1782882935,2,5,11,nepse_official,OPEN,2026-07-01,SAHAS,Sahas Urja Limited,630.0,630.0,630.0,,630.0,630.2,-0.20000000000004547,,13.0,8190.0,1.0,0.0,0.0,-0.03173595683910591,8190.0,630.0
2026-07-01T05:15:35+00:00,2026-07-01T11:00:35+05:45,2026-07-01,11:00:35,1782882935,2,5,11,nepse_official,OPEN,2026-07-01,SAIL,Shreenagar Agritech Industries Limited,834.1,834.1,834.1,,834.1,878.0,-43.89999999999998,,10.0,8341.0,1.0,0.0,0.0,-4.999999999999997,8341.0,834.1
2026-07-01T05:15:35+00:00,2026-07-01T11:00:35+05:45,2026-07-01,11:00:35,1782882935,2,5,11,nepse_official,OPEN,2026-07-01,SAPDBL,Saptakoshi Development Bank Ltd,825.0,825.0,825.0,,825.0,786.3,38.700000000000045,,50.0,41250.0,1.0,0.0,0.0,4.921785578023661,41250.0,825.0
2026-07-01T05:15:35+00:00,2026-07-01T11:00:35+05:45,2026-07-01,11:00:35,1782882935,2,5,11,nepse_official,OPEN,2026-07-01,SINDU,Sindhu Bikash Bank Ltd,662.2,662.2,662.2,,662.2,697.0,-34.799999999999955,,11.0,7284.2,1.0,0.0,0.0,-4.992826398852217,7284.2,662.1999999999999
2026-07-01T05:15:35+00:00,2026-07-01T11:00:35+05:45,2026-07-01,11:00:35,1782882935,2,5,11,nepse_official,OPEN,2026-07-01,SKHEL,Suryakunda Hydro Electric Limited,933.0,933.0,933.0,,933.0,974.8,-41.799999999999955,,10.0,9330.0,1.0,0.0,0.0,-4.288059089043902,9330.0,933.0
2026-07-01T05:15:35+00:00,2026-07-01T11:00:35+05:45,2026-07-01,11:00:35,1782882935,2,5,11,nepse_official,OPEN,2026-07-01,SLBSL,Samudayik Laghubitta Bittiya Sanstha Limited,1160.0,1160.0,1160.0,,1160.0,1193.9,-33.90000000000009,,10.0,11600.0,1.0,0.0,0.0,-2.8394337884244987,11600.0,1160.0
2026-07-01T05:15:35+00:00,2026-07-01T11:00:35+05:45,2026-07-01,11:00:35,1782882935,2,5,11,nepse_official,OPEN,2026-07-01,SOHL,Solu Hydropower Limited,610.0,610.0,610.0,,610.0,612.1,-2.1000000000000227,,10.0,6100.0,1.0,0.0,0.0,-0.3430811958830294,6100.0,610.0
2026-07-01T05:15:35+00:00,2026-07-01T11:00:35+05:45,2026-07-01,11:00:35,1782882935,2,5,11,nepse_official,OPEN,2026-07-01,SOPL,Sopan Pharmaceuticals Limited,833.0,833.0,833.0,,833.0,833.1,-0.10000000000002274,,20.0,16660.0,2.0,0.0,0.0,-0.012003360941066226,8330.0,833.0
2026-07-01T05:15:35+00:00,2026-07-01T11:00:35+05:45,2026-07-01,11:00:35,1782882935,2,5,11,nepse_official,OPEN,2026-07-01,SPHL,Sayapatri Hydropower Limited,560.0,560.0,560.0,,560.0,577.0,-17.0,,10.0,5600.0,1.0,0.0,0.0,-2.946273830155979,5600.0,560.0
2026-07-01T05:15:35+00:00,2026-07-01T11:00:35+05:45,2026-07-01,11:00:35,1782882935,2,5,11,nepse_official,OPEN,2026-07-01,SYPNL,SY Panel Nepal Limited,1267.3,1267.3,1267.3,,1267.3,1334.0,-66.70000000000005,,10.0,12673.0,1.0,0.0,0.0,-5.0000000000000036,12673.0,1267.3
2026-07-01T05:15:35+00:00,2026-07-01T11:00:35+05:45,2026-07-01,11:00:35,1782882935,2,5,11,nepse_official,OPEN,2026-07-01,TPKHL,Taksar Pikhuwa Khola Hydropower Limited,596.0,596.0,596.0,,596.0,596.3,-0.2999999999999545,,50.0,29800.0,5.0,0.0,0.0,-0.05031024652020033,5960.0,596.0
2026-07-01T05:15:35+00:00,2026-07-01T11:00:35+05:45,2026-07-01,11:00:35,1782882935,2,5,11,nepse_official,OPEN,2026-07-01,UHEWA,Upper Hewakhola Hydropower Company Limited,610.0,610.0,610.0,,610.0,581.9,28.100000000000023,,50.0,30500.0,1.0,0.0,0.0,4.829008420690845,30500.0,610.0
2026-07-01T05:15:35+00:00,2026-07-01T11:00:35+05:45,2026-07-01,11:00:35,1782882935,2,5,11,nepse_official,OPEN,2026-07-01,UPPER,Upper Tamakoshi Hydropower Ltd,181.0,181.0,181.0,,181.0,190.5,-9.5,,10.0,1810.0,1.0,0.0,0.0,-4.986876640419948,1810.0,181.0
2026-07-01T05:15:35+00:00,2026-07-01T11:00:35+05:45,2026-07-01,11:00:35,1782882935,2,5,11,nepse_official,OPEN,2026-07-01,USHL,Upper Syange Hydropower Limited,585.7,585.7,585.7,,585.7,557.9,27.800000000000068,,10.0,5857.0,1.0,0.0,0.0,4.982971858756062,5857.0,585.7
2026-07-01T05:15:35+00:00,2026-07-01T11:00:35+05:45,2026-07-01,11:00:35,1782882935,2,5,11,nepse_official,OPEN,2026-07-01,YMHL,Yambaling Hydropower Limited,635.0,635.0,635.0,,635.0,636.5,-1.5,,70.0,44450.0,9.0,0.0,0.0,-0.2356637863315004,4938.888888888889,635.0
2026-07-01T05:45:31+00:00,2026-07-01T11:30:31+05:45,2026-07-01,11:30:31,1782884731,2,5,11,nepse_official,OPEN,2026-07-01,ACLBSL,Aarambha Chautari Laghubitta Bittiya Sanstha Limited,952.0,952.0,930.0,,930.0,930.0,0.0,,130.0,121120.0,5.0,22.0,2.3109243697478994,0.0,24224.0,931.6923076923077
2026-07-01T05:45:31+00:00,2026-07-01T11:30:31+05:45,2026-07-01,11:30:31,1782884731,2,5,11,nepse_official,OPEN,2026-07-01,ADBL,Agricultural Development Bank Limited,300.0,303.0,300.0,,303.0,302.0,1.0,,2436.0,733283.0,22.0,3.0,1.0,0.33112582781456956,33331.045454545456,301.01929392446635
2026-07-01T05:45:31+00:00,2026-07-01T11:30:31+05:45,2026-07-01,11:30:31,1782884731,2,5,11,nepse_official,OPEN,2026-07-01,AHL,Asian Hydropower Limited,471.0,471.0,451.1,,451.1,448.8,2.3000000000000114,,83.0,37978.3,3.0,19.899999999999977,4.225053078556258,0.5124777183600738,12659.433333333334,457.5698795180723
2026-07-01T05:45:31+00:00,2026-07-01T11:30:31+05:45,2026-07-01,11:30:31,1782884731,2,5,11,nepse_official,OPEN,2026-07-01,AHPC,Arun Valley Hydropower Development Co. Ltd.,261.0,264.9,261.0,,264.5,261.0,3.5,,3465.0,913705.0,29.0,3.8999999999999773,1.4942528735632097,1.3409961685823755,31507.068965517243,263.6955266955267
2026-07-01T05:45:31+00:00,2026-07-01T11:30:31+05:45,2026-07-01,11:30:31,1782884731,2,5,11,nepse_official,OPEN,2026-07-01,AKJCL,Ankhu Khola Jalvidhyut Company Ltd,361.0,368.0,360.0,,365.5,360.0,5.5,,63418.0,23167499.3,183.0,8.0,2.21606648199446,1.5277777777777777,126598.3568306011,365.3142530511842
2026-07-01T05:45:31+00:00,2026-07-01T11:30:31+05:45,2026-07-01,11:30:31,1782884731,2,5,11,nepse_official,OPEN,2026-07-01,AKPL,Arun Kabeli Power Ltd.,250.1,257.0,250.1,,255.0,252.5,2.5,,15710.0,4000433.0,28.0,6.900000000000006,2.758896441423433,0.9900990099009901,142872.60714285713,254.64245703373646
2026-07-01T05:45:31+00:00,2026-07-01T11:30:31+05:45,2026-07-01,11:30:31,1782884731,2,5,11,nepse_official,OPEN,2026-07-01,ALBSL,Asha Laghubitta Bittiya Sanstha Ltd,1030.0,1089.9,1030.0,,1078.0,1075.0,3.0,,660.0,715331.6,13.0,59.90000000000009,5.815533980582533,0.27906976744186046,55025.50769230769,1083.8357575757575
2026-07-01T05:45:31+00:00,2026-07-01T11:30:31+05:45,2026-07-01,11:30:31,1782884731,2,5,11,nepse_official,OPEN,2026-07-01,ALICL,Asian Life Insurance Co. Limited,435.0,435.0,435.0,,435.0,434.8,0.19999999999998863,,200.0,87000.0,2.0,0.0,0.0,0.045998160073594446,43500.0,435.0
2026-07-01T05:45:31+00:00,2026-07-01T11:30:31+05:45,2026-07-01,11:30:31,1782884731,2,5,11,nepse_official,OPEN,2026-07-01,ANLB,Aatmanirbhar Laghubitta Bittiya Sanstha Limited,5707.0,5707.0,5707.0,,5707.0,5882.0,-175.0,,12.0,68270.0,2.0,0.0,0.0,-2.9751785107106428,34135.0,5689.166666666667
2026-07-01T05:45:31+00:00,2026-07-01T11:30:31+05:45,2026-07-01,11:30:31,1782884731,2,5,11,nepse_official,OPEN,2026-07-01,APHL,Appolo Hydropower Limited,807.5,870.0,807.5,,860.0,849.9,10.100000000000023,,3715.0,3175788.0,148.0,62.5,7.739938080495357,1.1883751029532914,21458.027027027027,854.8554508748317
2026-07-01T05:45:31+00:00,2026-07-01T11:30:31+05:45,2026-07-01,11:30:31,1782884731,2,5,11,nepse_official,OPEN,2026-07-01,API,Api Power Company Ltd.,333.0,334.0,331.0,,334.0,331.7,2.3000000000000114,,9908.0,3302190.5,38.0,3.0,0.9009009009009009,0.6933976484775434,86899.75,333.2852745256358
2026-07-01T05:45:31+00:00,2026-07-01T11:30:31+05:45,2026-07-01,11:30:31,1782884731,2,5,11,nepse_official,OPEN,2026-07-01,AVYAN,Aviyan Laghubitta Bittiya Sanstha Limited,1053.8,1053.8,1053.8,,1053.8,1044.7,9.099999999999909,,10.0,10538.0,1.0,0.0,0.0,0.871063463195167,10538.0,1053.8
2026-07-01T05:45:31+00:00,2026-07-01T11:30:31+05:45,2026-07-01,11:30:31,1782884731,2,5,11,nepse_official,OPEN,2026-07-01,BANDIPUR,Bandipur Cablecar and Tourism Limited,711.0,750.0,711.0,,747.0,722.0,25.0,,2598.0,1915332.0,56.0,39.0,5.485232067510549,3.4626038781163437,34202.357142857145,737.2332563510392
2026-07-01T05:45:31+00:00,2026-07-01T11:30:31+05:45,2026-07-01,11:30:31,1782884731,2,5,11,nepse_official,OPEN,2026-07-01,BARUN,Barun Hydropower Co. Ltd.,316.0,321.0,316.0,,320.0,314.0,6.0,,7603.0,2427405.0,24.0,5.0,1.5822784810126582,1.910828025477707,101141.875,319.26936735499146
2026-07-01T05:45:31+00:00,2026-07-01T11:30:31+05:45,2026-07-01,11:30:31,1782884731,2,5,11,nepse_official,OPEN,2026-07-01,BBC,Bishal Bazar Company Limited,4234.9,4234.9,4126.1,,4126.1,4162.0,-35.899999999999636,,20.0,83610.0,2.0,108.79999999999927,2.5691279605185313,-0.8625660740028745,41805.0,4180.5
2026-07-01T05:45:31+00:00,2026-07-01T11:30:31+05:45,2026-07-01,11:30:31,1782884731,2,5,11,nepse_official,OPEN,2026-07-01,BEDC,Bhugol Energy Development Company Limited,325.0,334.0,325.0,,333.0,325.0,8.0,,1828.0,605804.0,22.0,9.0,2.769230769230769,2.4615384615384617,27536.545454545456,331.4026258205689
2026-07-01T05:45:31+00:00,2026-07-01T11:30:31+05:45,2026-07-01,11:30:31,1782884731,2,5,11,nepse_official,OPEN,2026-07-01,BFC,Best Finance Company Ltd.,499.7,503.8,499.7,,501.8,492.1,9.699999999999989,,670.0,335370.0,7.0,4.100000000000023,0.8204922953772309,1.9711440764072319,47910.0,500.55223880597015
2026-07-01T05:45:31+00:00,2026-07-01T11:30:31+05:45,2026-07-01,11:30:31,1782884731,2,5,11,nepse_official,OPEN,2026-07-01,BGWT,Bhagawati Hydropower Development Company Limited,599.2,599.4,599.2,,599.4,587.1,12.299999999999955,,31.0,18577.4,2.0,0.1999999999999318,0.03337783711614349,2.095043433827279,9288.7,599.2709677419356
2026-07-01T05:45:31+00:00,2026-07-01T11:30:31+05:45,2026-07-01,11:30:31,1782884731,2,5,11,nepse_official,OPEN,2026-07-01,BHCL,Bikash Hydropower Company Limited,529.2,542.9,529.2,,542.9,536.0,6.899999999999977,,370.0,198532.0,12.0,13.699999999999932,2.588813303099004,1.2873134328358167,16544.333333333332,536.5729729729729
2026-07-01T05:45:31+00:00,2026-07-01T11:30:31+05:45,2026-07-01,11:30:31,1782884731,2,5,11,nepse_official,OPEN,2026-07-01,BHDC,Bindhyabasini Hydropower Development Company Limited,440.0,440.0,435.0,,435.0,433.3,1.6999999999999886,,350.0,152750.0,5.0,5.0,1.1363636363636365,0.39233787214400845,30550.0,436.42857142857144
2026-07-01T05:45:31+00:00,2026-07-01T11:30:31+05:45,2026-07-01,11:30:31,1782884731,2,5,11,nepse_official,OPEN,2026-07-01,BHL,Balephi Hydropower Limited,209.0,210.0,205.0,,209.8,206.2,3.6000000000000227,,8364.0,1746316.3,41.0,5.0,2.3923444976076556,1.7458777885548122,42593.08048780488,208.78961023433763
2026-07-01T05:45:31+00:00,2026-07-01T11:30:31+05:45,2026-07-01,11:30:31,1782884731,2,5,11,nepse_official,OPEN,2026-07-01,BHPL,Barahi Hydropower Public Limited,490.0,499.8,480.0,,499.8,490.0,9.800000000000011,,1325.0,638802.5,12.0,19.80000000000001,4.0408163265306145,2.0000000000000027,53233.541666666664,482.11509433962266
2026-07-01T05:45:31+00:00,2026-07-01T11:30:31+05:45,2026-07-01,11:30:31,1782884731,2,5,11,nepse_official,OPEN,2026-07-01,BJHL,Bhujung Hydropower Limited,795.0,810.7,775.0,,810.7,790.2,20.5,,820.0,651806.0,22.0,35.700000000000045,4.490566037735855,2.594279929131865,29627.545454545456,794.8853658536585
2026-07-01T05:45:31+00:00,2026-07-01T11:30:31+05:45,2026-07-01,11:30:31,1782884731,2,5,11,nepse_official,OPEN,2026-07-01,BPCL,Butwal Power Company Limited,637.0,649.9,637.0,,647.0,636.0,11.0,,750.0,482559.0,9.0,12.899999999999977,2.0251177394034503,1.729559748427673,53617.666666666664,643.412
2026-07-01T05:45:31+00:00,2026-07-01T11:30:31+05:45,2026-07-01,11:30:31,1782884731,2,5,11,nepse_official,OPEN,2026-07-01,BUNGAL,Bungal Hydro Limited,639.0,654.0,621.0,,647.1,639.0,8.100000000000023,,3819.0,2459004.0,63.0,33.0,5.164319248826291,1.2676056338028203,39031.80952380953,643.8868813825609
2026-07-01T05:45:31+00:00,2026-07-01T11:30:31+05:45,2026-07-01,11:30:31,1782884731,2,5,11,nepse_official,OPEN,2026-07-01,CBBL,Chhimek Laghubitta Bittiya Sanstha Limited,906.0,910.9,905.0,,910.9,906.5,4.399999999999977,,1327.0,1207511.2,20.0,5.899999999999977,0.6512141280353175,0.48538334252619714,60375.56,909.9556895252449
2026-07-01T05:45:31+00:00,2026-07-01T11:30:31+05:45,2026-07-01,11:30:31,1782884731,2,5,11,nepse_official,OPEN,2026-07-01,CFCL,Central Finance Co. Ltd.,592.0,606.3,592.0,,599.0,592.0,7.0,,6130.0,3684816.0,34.0,14.299999999999955,2.415540540540533,1.1824324324324325,108376.94117647059,601.1119086460033
2026-07-01T05:45:31+00:00,2026-07-01T11:30:31+05:45,2026-07-01,11:30:31,1782884731,2,5,11,nepse_official,OPEN,2026-07-01,CGH,Chandragiri Hills Limited,764.0,773.9,764.0,,773.9,764.0,9.899999999999977,,4720.0,3625351.0,12.0,9.899999999999977,1.2958115183246044,1.2958115183246044,302112.5833333333,768.0828389830508
2026-07-01T05:45:31+00:00,2026-07-01T11:30:31+05:45,2026-07-01,11:30:31,1782884731,2,5,11,nepse_official,OPEN,2026-07-01,CHCL,Chilime Hydropower Company Limited,477.0,477.0,476.9,,476.9,472.5,4.399999999999977,,366.0,174579.5,6.0,0.10000000000002274,0.020964360587006865,0.9312169312169265,29096.583333333332,476.9931693989071
2026-07-01T05:45:31+00:00,2026-07-01T11:30:31+05:45,2026-07-01,11:30:31,1782884731,2,5,11,nepse_official,OPEN,2026-07-01,CHDC,CEDB Holdings Limited,2125.0,2165.0,2125.0,,2140.0,2115.0,25.0,,285.0,614447.0,6.0,40.0,1.8823529411764703,1.1820330969267139,102407.83333333333,2155.9543859649125
2026-07-01T05:45:31+00:00,2026-07-01T11:30:31+05:45,2026-07-01,11:30:31,1782884731,2,5,11,nepse_official,OPEN,2026-07-01,CHL,Chhyangdi Hydropower Ltd.,261.9,266.0,260.0,,266.0,261.9,4.100000000000023,,2560.0,679307.0,6.0,6.0,2.2909507445589923,1.5654830087819867,113217.83333333333,265.354296875
2026-07-01T05:45:31+00:00,2026-07-01T11:30:31+05:45,2026-07-01,11:30:31,1782884731,2,5,11,nepse_official,OPEN,2026-07-01,CIT,Citizen Investment Trust,1685.0,1707.0,1683.0,,1705.0,1685.9,19.09999999999991,,252.0,427391.0,12.0,24.0,1.4243323442136497,1.132926033572567,35615.916666666664,1695.9960317460318
2026-07-01T05:45:31+00:00,2026-07-01T11:30:31+05:45,2026-07-01,11:30:31,1782884731,2,5,11,nepse_official,OPEN,2026-07-01,CITY,City Hotel Limited,420.0,420.0,398.0,,405.0,404.0,1.0,,7294.0,2957215.5,60.0,22.0,5.238095238095238,0.24752475247524752,49286.925,405.43124485878803
2026-07-01T05:45:31+00:00,2026-07-01T11:30:31+05:45,2026-07-01,11:30:31,1782884731,2,5,11,nepse_official,OPEN,2026-07-01,CKHL,Chirkhwa Hydropower Limited ,615.0,615.0,615.0,,615.0,599.0,16.0,,50.0,30750.0,3.0,0.0,0.0,2.671118530884808,10250.0,615.0
2026-07-01T05:45:31+00:00,2026-07-01T11:30:31+05:45,2026-07-01,11:30:31,1782884731,2,5,11,nepse_official,OPEN,2026-07-01,CLI,Citizen Life Insurance Company Limited,440.0,445.0,440.0,,442.2,443.0,-0.8000000000000114,,683.0,303538.6,8.0,5.0,1.1363636363636365,-0.1805869074492125,37942.325,444.4196193265007
2026-07-01T05:45:31+00:00,2026-07-01T11:30:31+05:45,2026-07-01,11:30:31,1782884731,2,5,11,nepse_official,OPEN,2026-07-01,CORBL,Corporate Development Bank Limited,1804.1,1804.1,1693.1,,1739.0,1899.0,-160.0,,1675.0,2906547.0,45.0,111.0,6.1526522920015525,-8.42548709847288,64589.933333333334,1735.2519402985074
2026-07-01T05:45:31+00:00,2026-07-01T11:30:31+05:45,2026-07-01,11:30:31,1782884731,2,5,11,nepse_official,OPEN,2026-07-01,CREST,Crest Micro Life Insurance Limited,1158.0,1227.5,1158.0,,1185.2,1192.0,-6.7999999999999545,,2400.0,2857511.7,42.0,69.5,6.001727115716753,-0.5704697986577143,68035.99285714286,1190.629875
2026-07-01T05:45:31+00:00,2026-07-01T11:30:31+05:45,2026-07-01,11:30:31,1782884731,2,5,11,nepse_official,OPEN,2026-07-01,CSY,Citizens Santulit Yojana,9.07,9.07,9.07,,9.07,9.35,-0.27999999999999936,,100.0,907.0,1.0,0.0,0.0,-2.9946524064171056,907.0,9.07
2026-07-01T05:45:31+00:00,2026-07-01T11:30:31+05:45,2026-07-01,11:30:31,1782884731,2,5,11,nepse_official,OPEN,2026-07-01,CYCL,CYC Nepal Laghubitta Bittiya Sanstha Limited,1289.2,1367.0,1289.2,,1359.0,1357.0,2.0,,589.0,802854.0,12.0,77.79999999999995,6.034750232702447,0.14738393515106854,66904.5,1363.0797962648558
2026-07-01T05:45:31+00:00,2026-07-01T11:30:31+05:45,2026-07-01,11:30:31,1782884731,2,5,11,nepse_official,OPEN,2026-07-01,CZBIL,Citizens Bank International Limited,199.0,199.0,195.0,,195.1,194.0,1.0999999999999943,,611.0,119419.8,10.0,4.0,2.0100502512562812,0.5670103092783475,11941.98,195.44975450081833
2026-07-01T05:45:31+00:00,2026-07-01T11:30:31+05:45,2026-07-01,11:30:31,1782884731,2,5,11,nepse_official,OPEN,2026-07-01,DDBL,Deprosc Laghubitta Bittiya Sanstha Limited,820.0,826.0,820.0,,826.0,817.0,9.0,,30365.0,25079765.0,8.0,6.0,0.7317073170731708,1.101591187270502,3134970.625,825.943191174049
2026-07-01T05:45:31+00:00,2026-07-01T11:30:31+05:45,2026-07-01,11:30:31,1782884731,2,5,11,nepse_official,OPEN,2026-07-01,DHEL,Daramkhola Hydro Energy Limited,565.0,585.0,555.0,,577.2,567.0,10.200000000000045,,887.0,507365.7,26.0,30.0,5.3097345132743365,1.7989417989418068,19514.065384615384,572.001916572717
2026-07-01T05:45:31+00:00,2026-07-01T11:30:31+05:45,2026-07-01,11:30:31,1782884731,2,5,11,nepse_official,OPEN,2026-07-01,DLBS,Dhaulagiri Laghubitta Bittiya Sanstha Limited,1349.5,1349.5,1235.1,,1235.1,1349.0,-113.90000000000009,,57.0,73238.0,6.0,114.40000000000009,8.477213782882556,-8.443291326908827,12206.333333333334,1284.877192982456
2026-07-01T05:45:31+00:00,2026-07-01T11:30:31+05:45,2026-07-01,11:30:31,1782884731,2,5,11,nepse_official,OPEN,2026-07-01,DOLTI,Dolti Power Company Limited,335.0,335.1,330.0,,335.1,330.5,4.600000000000023,,1442.0,478070.9,20.0,5.100000000000023,1.5223880597014994,1.3918305597579494,23903.545000000002,331.5332177531207
2026-07-01T05:45:31+00:00,2026-07-01T11:30:31+05:45,2026-07-01,11:30:31,1782884731,2,5,11,nepse_official,OPEN,2026-07-01,DORDI,Dordi Khola Jal Bidyut Company Limited,245.0,247.0,244.1,,247.0,242.0,5.0,,1182.0,290281.0,11.0,2.9000000000000057,1.1836734693877575,2.066115702479339,26389.18181818182,245.58460236886634
2026-07-01T05:45:31+00:00,2026-07-01T11:30:31+05:45,2026-07-01,11:30:31,1782884731,2,5,11,nepse_official,OPEN,2026-07-01,EBL,Everest Bank Limited,699.9,700.0,691.0,,698.3,694.0,4.2999999999999545,,349.0,243464.0,8.0,9.0,1.2858979854264896,0.619596541786737,30433.0,697.6045845272206
2026-07-01T05:45:31+00:00,2026-07-01T11:30:31+05:45,2026-07-01,11:30:31,1782884731,2,5,11,nepse_official,OPEN,2026-07-01,EDBL,Excel Development Bank Ltd.,565.0,565.0,565.0,,565.0,553.4,11.600000000000023,,40.0,22600.0,1.0,0.0,0.0,2.0961329960245796,22600.0,565.0
2026-07-01T05:45:31+00:00,2026-07-01T11:30:31+05:45,2026-07-01,11:30:31,1782884731,2,5,11,nepse_official,OPEN,2026-07-01,EHPL,Eastern Hydropower Limited,391.6,391.6,370.0,,375.0,373.0,2.0,,2095.0,789517.0,23.0,21.600000000000023,5.5158324821246225,0.5361930294906166,34326.82608695652,376.8577565632458
2026-07-01T05:45:31+00:00,2026-07-01T11:30:31+05:45,2026-07-01,11:30:31,1782884731,2,5,11,nepse_official,OPEN,2026-07-01,ENL,Emerging Nepal Limited,810.0,810.0,810.0,,810.0,820.0,-10.0,,19.0,15381.0,2.0,0.0,0.0,-1.2195121951219512,7690.5,809.5263157894736
2026-07-01T05:45:31+00:00,2026-07-01T11:30:31+05:45,2026-07-01,11:30:31,1782884731,2,5,11,nepse_official,OPEN,2026-07-01,FMDBL,First Micro Finance Laghubitta Bittiya Sanstha Limited,779.0,779.0,779.0,,779.0,762.8,16.200000000000045,,10.0,7790.0,1.0,0.0,0.0,2.123754588358685,7790.0,779.0
2026-07-01T05:45:31+00:00,2026-07-01T11:30:31+05:45,2026-07-01,11:30:31,1782884731,2,5,11,nepse_official,OPEN,2026-07-01,FOWAD,Forward Microfinance Laghubitta Bittiya Sanstha Limited,970.0,970.0,970.0,,970.0,960.0,10.0,,20.0,19400.0,1.0,0.0,0.0,1.0416666666666665,19400.0,970.0
2026-07-01T05:45:31+00:00,2026-07-01T11:30:31+05:45,2026-07-01,11:30:31,1782884731,2,5,11,nepse_official,OPEN,2026-07-01,GBBD85,"Garima Debenture, 2085",1070.4,1070.4,1070.4,,1070.4,1080.0,-9.599999999999909,,26.0,27830.4,1.0,0.0,0.0,-0.8888888888888804,27830.4,1070.4
2026-07-01T05:45:31+00:00,2026-07-01T11:30:31+05:45,2026-07-01,11:30:31,1782884731,2,5,11,nepse_official,OPEN,2026-07-01,GBBL,Garima Bikas Bank Limited,400.0,404.5,400.0,,404.0,399.0,5.0,,1379.0,555348.0,9.0,4.5,1.125,1.2531328320802004,61705.333333333336,402.7179115300943
2026-07-01T05:45:31+00:00,2026-07-01T11:30:31+05:45,2026-07-01,11:30:31,1782884731,2,5,11,nepse_official,OPEN,2026-07-01,GBIME,Global IME Bank Limited,238.0,239.3,238.0,,238.3,238.0,0.30000000000001137,,109279.0,26044784.7,37.0,1.3000000000000114,0.5462184873949627,0.126050420168072,703913.1,238.3329340495429
2026-07-01T05:45:31+00:00,2026-07-01T11:30:31+05:45,2026-07-01,11:30:31,1782884731,2,5,11,nepse_official,OPEN,2026-07-01,GBIMESY2,Global IME Sammunat Yojana -2,9.25,9.25,9.25,,9.25,9.21,0.03999999999999915,,100.0,925.0,1.0,0.0,0.0,0.4343105320303925,925.0,9.25
2026-07-01T05:45:31+00:00,2026-07-01T11:30:31+05:45,2026-07-01,11:30:31,1782884731,2,5,11,nepse_official,OPEN,2026-07-01,GBLBS,Grameen Bikas Laghubitta Bittiya Sanstha Ltd.,750.0,750.0,750.0,,750.0,748.8,1.2000000000000455,,30.0,22500.0,2.0,0.0,0.0,0.16025641025641635,11250.0,750.0
2026-07-01T05:45:31+00:00,2026-07-01T11:30:31+05:45,2026-07-01,11:30:31,1782884731,2,5,11,nepse_official,OPEN,2026-07-01,GCIL,Ghorahi Cement Industry Limited,349.0,356.0,349.0,,355.0,349.0,6.0,,1187.0,420464.0,21.0,7.0,2.005730659025788,1.7191977077363898,20022.095238095237,354.2240943555181
2026-07-01T05:45:31+00:00,2026-07-01T11:30:31+05:45,2026-07-01,11:30:31,1782884731,2,5,11,nepse_official,OPEN,2026-07-01,GFCL,Goodwill Finance Limited,682.5,682.5,620.0,,636.0,650.0,-14.0,,7645.0,4875266.8,31.0,62.5,9.157509157509157,-2.1538461538461537,157266.67096774193,637.7065794637017
2026-07-01T05:45:31+00:00,2026-07-01T11:30:31+05:45,2026-07-01,11:30:31,1782884731,2,5,11,nepse_official,OPEN,2026-07-01,GHL,Ghalemdi Hydro Limited,215.0,220.0,214.5,,220.0,215.5,4.5,,10160.0,2211448.8,30.0,5.5,2.558139534883721,2.088167053364269,73714.95999999999,217.6622834645669
2026-07-01T05:45:31+00:00,2026-07-01T11:30:31+05:45,2026-07-01,11:30:31,1782884731,2,5,11,nepse_official,OPEN,2026-07-01,GIBF1,Global IME Balanced Fund-1,10.56,10.56,10.56,,10.56,10.7,-0.1399999999999988,,150.0,1584.0,1.0,0.0,0.0,-1.3084112149532598,1584.0,10.56
2026-07-01T05:45:31+00:00,2026-07-01T11:30:31+05:45,2026-07-01,11:30:31,1782884731,2,5,11,nepse_official,OPEN,2026-07-01,GILB,Global IME Laghubitta Bittiya Sanstha Ltd.,1103.0,1107.0,1103.0,,1107.0,1076.0,31.0,,110.0,121730.0,2.0,4.0,0.3626473254759746,2.8810408921933086,60865.0,1106.6363636363637
2026-07-01T05:45:31+00:00,2026-07-01T11:30:31+05:45,2026-07-01,11:30:31,1782884731,2,5,11,nepse_official,OPEN,2026-07-01,GLBSL,Gurans Laghubitta Bittiya Sanstha Limited,1838.8,1838.8,1838.8,,1838.8,1838.8,0.0,,10.0,18388.0,1.0,0.0,0.0,0.0,18388.0,1838.8
2026-07-01T05:45:31+00:00,2026-07-01T11:30:31+05:45,2026-07-01,11:30:31,1782884731,2,5,11,nepse_official,OPEN,2026-07-01,GLH,GreenLife Hydropower Limited,251.0,255.2,248.3,,255.2,248.1,7.099999999999994,,1910.0,483090.0,11.0,6.899999999999977,2.749003984063736,2.861749294639256,43917.27272727273,252.92670157068062
2026-07-01T05:45:31+00:00,2026-07-01T11:30:31+05:45,2026-07-01,11:30:31,1782884731,2,5,11,nepse_official,OPEN,2026-07-01,GMFBS,Ganapati Laghubitta Bittiya Sanstha Limited,1190.0,1190.0,1190.0,,1190.0,1218.0,-28.0,,54.0,64260.0,2.0,0.0,0.0,-2.2988505747126435,32130.0,1190.0
2026-07-01T05:45:31+00:00,2026-07-01T11:30:31+05:45,2026-07-01,11:30:31,1782884731,2,5,11,nepse_official,OPEN,2026-07-01,GMFIL,Guheshowori Merchant Bank & Finance Co. Ltd.,469.0,469.0,469.0,,469.0,459.0,10.0,,10.0,4690.0,1.0,0.0,0.0,2.178649237472767,4690.0,469.0
2026-07-01T05:45:31+00:00,2026-07-01T11:30:31+05:45,2026-07-01,11:30:31,1782884731,2,5,11,nepse_official,OPEN,2026-07-01,GMLI,Guardian Micro Life Insurance Limited ,1147.0,1215.0,1147.0,,1197.0,1146.8,50.200000000000045,,90.0,106594.0,5.0,68.0,5.928509154315606,4.377397976979426,21318.8,1184.3777777777777
2026-07-01T05:45:31+00:00,2026-07-01T11:30:31+05:45,2026-07-01,11:30:31,1782884731,2,5,11,nepse_official,OPEN,2026-07-01,GRDBL,Green Development Bank Ltd.,1015.0,1042.9,1015.0,,1025.6,1027.9,-2.300000000000182,,337.0,345341.2,6.0,27.90000000000009,2.7487684729064132,-0.2237571748224712,57556.86666666667,1024.7513353115728
2026-07-01T05:45:31+00:00,2026-07-01T11:30:31+05:45,2026-07-01,11:30:31,1782884731,2,5,11,nepse_official,OPEN,2026-07-01,GSY,Garima Samriddhi Yojana,9.7,9.7,9.7,,9.7,9.8,-0.10000000000000142,,100.0,970.0,1.0,0.0,0.0,-1.0204081632653206,970.0,9.7
2026-07-01T05:45:31+00:00,2026-07-01T11:30:31+05:45,2026-07-01,11:30:31,1782884731,2,5,11,nepse_official,OPEN,2026-07-01,GUFL,Gurkhas Finance Ltd.,550.1,550.1,550.1,,550.1,535.0,15.100000000000023,,10.0,5501.0,1.0,0.0,0.0,2.8224299065420606,5501.0,550.1
2026-07-01T05:45:31+00:00,2026-07-01T11:30:31+05:45,2026-07-01,11:30:31,1782884731,2,5,11,nepse_official,OPEN,2026-07-01,GVL,Green Ventures Limited,467.0,470.0,465.8,,468.0,465.8,2.1999999999999886,,552.0,258471.0,8.0,4.199999999999989,0.8993576017130597,0.4723057106054076,32308.875,468.2445652173913
2026-07-01T05:45:31+00:00,2026-07-01T11:30:31+05:45,2026-07-01,11:30:31,1782884731,2,5,11,nepse_official,OPEN,2026-07-01,HATHY,Hathway Investment Nepal Limited,671.0,697.0,671.0,,696.6,687.0,9.600000000000023,,482.0,333434.0,14.0,26.0,3.8748137108792844,1.3973799126637587,23816.714285714286,691.7717842323651
2026-07-01T05:45:31+00:00,2026-07-01T11:30:31+05:45,2026-07-01,11:30:31,1782884731,2,5,11,nepse_official,OPEN,2026-07-01,HBL,Himalayan Bank Limited,190.0,194.0,190.0,,193.0,191.1,1.9000000000000057,,2478.0,474461.0,79.0,4.0,2.1052631578947367,0.9942438513867116,6005.835443037975,191.46933010492333
2026-07-01T05:45:31+00:00,2026-07-01T11:30:31+05:45,2026-07-01,11:30:31,1782884731,2,5,11,nepse_official,OPEN,2026-07-01,HDHPC,Himal Dolakha Hydropower Company Limited,202.0,209.0,202.0,,208.1,202.5,5.599999999999994,,16084.0,3337638.0,38.0,7.0,3.4653465346534658,2.7654320987654293,87832.57894736843,207.51293210644118
2026-07-01T05:45:31+00:00,2026-07-01T11:30:31+05:45,2026-07-01,11:30:31,1782884731,2,5,11,nepse_official,OPEN,2026-07-01,HDL,Himalayan Distillery Limited,1142.0,1148.0,1142.0,,1145.0,1141.0,4.0,,707.0,809687.3,21.0,6.0,0.5253940455341506,0.35056967572305,38556.538095238095,1145.2437057991515
2026-07-01T05:45:31+00:00,2026-07-01T11:30:31+05:45,2026-07-01,11:30:31,1782884731,2,5,11,nepse_official,OPEN,2026-07-01,HEI,Himalayan Everest Insurance Limited,551.0,567.5,550.5,,550.5,535.0,15.5,,75.0,41482.5,4.0,17.0,3.0852994555353903,2.897196261682243,10370.625,553.1
2026-07-01T05:45:31+00:00,2026-07-01T11:30:31+05:45,2026-07-01,11:30:31,1782884731,2,5,11,nepse_official,OPEN,2026-07-01,HFIN,Hotel Forest Inn Limited,703.1,735.0,703.1,,732.0,721.0,11.0,,3724.0,2707568.6,93.0,31.899999999999977,4.5370502062295515,1.5256588072122053,29113.640860215055,727.0592373791623
2026-07-01T05:45:31+00:00,2026-07-01T11:30:31+05:45,2026-07-01,11:30:31,1782884731,2,5,11,nepse_official,OPEN,2026-07-01,HHL,Himalayan Hydropower Limited,330.0,339.9,330.0,,339.8,332.0,7.800000000000011,,2380.0,804726.0,20.0,9.899999999999977,2.999999999999993,2.3493975903614492,40236.3,338.12016806722687
2026-07-01T05:45:31+00:00,2026-07-01T11:30:31+05:45,2026-07-01,11:30:31,1782884731,2,5,11,nepse_official,OPEN,2026-07-01,HIDCL,Hydorelectricity Investment and Development Company Ltd,250.0,254.1,250.0,,254.0,250.0,4.0,,3406.0,861726.5,21.0,4.099999999999994,1.6399999999999977,1.6,41034.59523809524,253.00249559600704
2026-07-01T05:45:31+00:00,2026-07-01T11:30:31+05:45,2026-07-01,11:30:31,1782884731,2,5,11,nepse_official,OPEN,2026-07-01,HIDCLP,Hydorelectricity Investment and Development Company Limited Promoter,186.0,188.6,186.0,,188.4,185.1,3.3000000000000114,,8902.0,1675233.1,25.0,2.5999999999999943,1.3978494623655884,1.782820097244739,67009.32400000001,188.18614917995956
2026-07-01T05:45:31+00:00,2026-07-01T11:30:31+05:45,2026-07-01,11:30:31,1782884731,2,5,11,nepse_official,OPEN,2026-07-01,HIMSTAR,Him Star Urja Company Limited,741.0,810.7,741.0,,779.6,751.0,28.600000000000023,,1232.0,936328.3,32.0,69.70000000000005,9.406207827260465,3.808255659121175,29260.259375,760.0067370129871
2026-07-01T05:45:31+00:00,2026-07-01T11:30:31+05:45,2026-07-01,11:30:31,1782884731,2,5,11,nepse_official,OPEN,2026-07-01,HLI,Himalayan Life Insurance Limited,316.0,323.8,316.0,,321.5,319.8,1.6999999999999886,,2020.0,652290.2,28.0,7.800000000000011,2.46835443037975,0.5315822388993084,23296.07857142857,322.9159405940594
2026-07-01T05:45:31+00:00,2026-07-01T11:30:31+05:45,2026-07-01,11:30:31,1782884731,2,5,11,nepse_official,OPEN,2026-07-01,HPPL,Himalayan Power Partner Ltd.,358.0,371.0,358.0,,360.0,358.0,2.0,,5540.0,2014669.0,19.0,13.0,3.6312849162011176,0.5586592178770949,106035.21052631579,363.6586642599278
2026-07-01T05:45:31+00:00,2026-07-01T11:30:31+05:45,2026-07-01,11:30:31,1782884731,2,5,11,nepse_official,OPEN,2026-07-01,HRL,Himalayan Reinsurance Limited,568.2,582.0,568.2,,580.0,571.0,9.0,,5955.0,3457453.4,77.0,13.799999999999955,2.4287222808870035,1.5761821366024518,44901.99220779221,580.5967086481947
2026-07-01T05:45:31+00:00,2026-07-01T11:30:31+05:45,2026-07-01,11:30:31,1782884731,2,5,11,nepse_official,OPEN,2026-07-01,HURJA,Himalaya Urja Bikas Company Limited,231.0,235.0,231.0,,235.0,229.0,6.0,,7070.0,1655826.5,22.0,4.0,1.7316017316017316,2.6200873362445414,75264.84090909091,234.20459688826026
2026-07-01T05:45:31+00:00,2026-07-01T11:30:31+05:45,2026-07-01,11:30:31,1782884731,2,5,11,nepse_official,OPEN,2026-07-01,ICFCD88,9% ICFC Finance Limited Debenture 2088,1130.1,1130.1,1130.1,,1130.1,1143.0,-12.900000000000091,,25.0,28252.5,1.0,0.0,0.0,-1.1286089238845225,28252.5,1130.1
2026-07-01T05:45:31+00:00,2026-07-01T11:30:31+05:45,2026-07-01,11:30:31,1782884731,2,5,11,nepse_official,OPEN,2026-07-01,ICFCD89,8% ICFC Finance Limited Debenture 2089,1094.1,1100.0,1094.1,,1096.2,1098.3,-2.099999999999909,,75.0,82257.5,3.0,5.900000000000091,0.5392560095055381,-0.19120458891012557,27419.166666666668,1096.7666666666667
2026-07-01T05:45:31+00:00,2026-07-01T11:30:31+05:45,2026-07-01,11:30:31,1782884731,2,5,11,nepse_official,OPEN,2026-07-01,IGI,IGI Prudential insurance Limited,441.0,441.0,441.0,,441.0,431.9,9.100000000000023,,10.0,4410.0,1.0,0.0,0.0,2.1069692058346896,4410.0,441.0
2026-07-01T05:45:31+00:00,2026-07-01T11:30:31+05:45,2026-07-01,11:30:31,1782884731,2,5,11,nepse_official,OPEN,2026-07-01,IHL,Ingwa Hydropower Limited,363.0,363.3,363.0,,363.3,353.0,10.300000000000011,,890.0,323077.8,6.0,0.30000000000001137,0.08264462809917668,2.917847025495754,53846.299999999996,363.0087640449438
2026-07-01T05:45:31+00:00,2026-07-01T11:30:31+05:45,2026-07-01,11:30:31,1782884731,2,5,11,nepse_official,OPEN,2026-07-01,ILBS,Infinity Laghubitta Bittiya Sanstha Limited,884.0,937.8,878.0,,878.0,884.0,-6.0,,2543.0,2363828.2,10.0,59.799999999999955,6.764705882352937,-0.6787330316742082,236382.82,929.5431380259537
2026-07-01T05:45:31+00:00,2026-07-01T11:30:31+05:45,2026-07-01,11:30:31,1782884731,2,5,11,nepse_official,OPEN,2026-07-01,ILI,IME Life Insurance Company Limited,410.0,424.0,410.0,,424.0,419.0,5.0,,293.0,122642.8,19.0,14.0,3.414634146341464,1.1933174224343674,6454.884210526316,418.5761092150171
2026-07-01T05:45:31+00:00,2026-07-01T11:30:31+05:45,2026-07-01,11:30:31,1782884731,2,5,11,nepse_official,OPEN,2026-07-01,JBBL,Jyoti Bikas Bank Limited,338.0,338.0,333.2,,338.0,334.8,3.1999999999999886,,453.0,153066.0,5.0,4.800000000000011,1.4201183431952698,0.9557945041815976,30613.2,337.89403973509934
2026-07-01T05:45:31+00:00,2026-07-01T11:30:31+05:45,2026-07-01,11:30:31,1782884731,2,5,11,nepse_official,OPEN,2026-07-01,JBLB,Jeevan Bikas Laghubitta  Bittya Sanstha Ltd,1236.0,1240.0,1225.1,,1240.0,1236.0,4.0,,328.0,405934.9,10.0,14.900000000000091,1.2055016181229847,0.3236245954692557,40593.490000000005,1237.6064024390244
2026-07-01T05:45:31+00:00,2026-07-01T11:30:31+05:45,2026-07-01,11:30:31,1782884731,2,5,11,nepse_official,OPEN,2026-07-01,JFL,Janaki Finance Company Limited,407.8,407.8,405.0,,405.0,397.0,8.0,,300.0,122060.0,2.0,2.8000000000000114,0.6866110838646423,2.0151133501259446,61030.0,406.8666666666667
2026-07-01T05:45:31+00:00,2026-07-01T11:30:31+05:45,2026-07-01,11:30:31,1782884731,2,5,11,nepse_official,OPEN,2026-07-01,JHAPA,Jhapa Energy Limited,1280.0,1315.0,1242.0,,1295.0,1287.0,8.0,,650.0,829517.0,19.0,73.0,5.703125,0.6216006216006216,43658.78947368421,1276.18
2026-07-01T05:45:31+00:00,2026-07-01T11:30:31+05:45,2026-07-01,11:30:31,1782884731,2,5,11,nepse_official,OPEN,2026-07-01,JOSHI,Joshi Hydropower Development Company Ltd,252.0,259.1,252.0,,259.1,259.6,-0.5,,54.0,13813.9,3.0,7.100000000000023,2.8174603174603265,-0.19260400616332818,4604.633333333333,255.81296296296296
2026-07-01T05:45:31+00:00,2026-07-01T11:30:31+05:45,2026-07-01,11:30:31,1782884731,2,5,11,nepse_official,OPEN,2026-07-01,KBL,Kumari Bank Limited,205.9,208.0,205.0,,207.9,204.2,3.700000000000017,,23070.0,4766589.6,61.0,3.0,1.4570179698882952,1.8119490695396756,78140.8131147541,206.614200260078
2026-07-01T05:45:31+00:00,2026-07-01T11:30:31+05:45,2026-07-01,11:30:31,1782884731,2,5,11,nepse_official,OPEN,2026-07-01,KBSH,Kutheli Bukhari Small Hydropower Limited,1300.0,1359.6,1300.0,,1359.6,1285.0,74.59999999999991,,182.0,240786.0,9.0,59.59999999999991,4.584615384615378,5.805447470817113,26754.0,1323.0
2026-07-01T05:45:31+00:00,2026-07-01T11:30:31+05:45,2026-07-01,11:30:31,1782884731,2,5,11,nepse_official,OPEN,2026-07-01,KDBY,Kumari Dhanabriddhi Yojana,10.67,10.79,10.67,,10.79,10.79,0.0,,300.0,3225.0,3.0,0.11999999999999922,1.1246485473289525,0.0,1075.0,10.75
2026-07-01T05:45:31+00:00,2026-07-01T11:30:31+05:45,2026-07-01,11:30:31,1782884731,2,5,11,nepse_official,OPEN,2026-07-01,KDL,Kalinchowk Darshan Limited,749.1,749.1,748.0,,748.0,750.1,-2.1000000000000227,,70.0,52371.0,3.0,1.1000000000000227,0.1468428781204142,-0.27996267164378386,17457.0,748.1571428571428
2026-07-01T05:45:31+00:00,2026-07-01T11:30:31+05:45,2026-07-01,11:30:31,1782884731,2,5,11,nepse_official,OPEN,2026-07-01,KEF,Kumari Equity Fund,10.52,10.52,10.51,,10.51,10.52,-0.009999999999999787,,400.0,4205.0,3.0,0.009999999999999787,0.0950570342205303,-0.0950570342205303,1401.6666666666667,10.5125
2026-07-01T05:45:31+00:00,2026-07-01T11:30:31+05:45,2026-07-01,11:30:31,1782884731,2,5,11,nepse_official,OPEN,2026-07-01,KHPL,Kalinchock Hydropower Limited,830.0,870.0,821.0,,850.1,843.1,7.0,,2014.0,1714313.0,54.0,49.0,5.903614457831325,0.8302692444549875,31746.537037037036,851.1981132075472
2026-07-01T05:45:31+00:00,2026-07-01T11:30:31+05:45,2026-07-01,11:30:31,1782884731,2,5,11,nepse_official,OPEN,2026-07-01,KKHC,Khanikhola Hydropower Co. Ltd.,255.0,255.0,246.1,,250.3,250.0,0.30000000000001137,,3231.0,817881.0,33.0,8.900000000000006,3.490196078431375,0.12000000000000455,24784.272727272728,253.1355617455896
2026-07-01T05:45:31+00:00,2026-07-01T11:30:31+05:45,2026-07-01,11:30:31,1782884731,2,5,11,nepse_official,OPEN,2026-07-01,KMCDB,Kalika Laghubitta Bittiya Sanstha Ltd,816.9,823.5,815.1,,818.0,816.9,1.1000000000000227,,245.0,200110.0,5.0,8.399999999999977,1.0282776349614369,0.13465540457828654,40022.0,816.7755102040817
2026-07-01T05:45:31+00:00,2026-07-01T11:30:31+05:45,2026-07-01,11:30:31,1782884731,2,5,11,nepse_official,OPEN,2026-07-01,KPCL,Kalika power Company Ltd,470.0,470.0,470.0,,470.0,465.0,5.0,,15.0,7050.0,1.0,0.0,0.0,1.0752688172043012,7050.0,470.0
2026-07-01T05:45:31+00:00,2026-07-01T11:30:31+05:45,2026-07-01,11:30:31,1782884731,2,5,11,nepse_official,OPEN,2026-07-01,KSBBL,Kamana Sewa Bikas Bank Limited,473.0,479.5,470.2,,470.2,469.0,1.1999999999999886,,1021.0,482967.2,3.0,9.300000000000011,1.9661733615222012,0.25586353944562656,160989.06666666668,473.0334965719883
2026-07-01T05:45:31+00:00,2026-07-01T11:30:31+05:45,2026-07-01,11:30:31,1782884731,2,5,11,nepse_official,OPEN,2026-07-01,LBBL,Lumbini Bikas Bank Ltd.,471.0,483.9,470.0,,477.0,473.9,3.1000000000000227,,3295.0,1566541.9,17.0,13.899999999999977,2.9511677282377873,0.654146444397557,92149.52352941176,475.4300151745068
2026-07-01T05:45:31+00:00,2026-07-01T11:30:31+05:45,2026-07-01,11:30:31,1782884731,2,5,11,nepse_official,OPEN,2026-07-01,LEC,Liberty Energy Company Limited,209.0,211.9,208.9,,211.0,207.5,3.5,,12055.0,2541679.5,32.0,3.0,1.4354066985645932,1.6867469879518073,79427.484375,210.8402737453339
2026-07-01T05:45:31+00:00,2026-07-01T11:30:31+05:45,2026-07-01,11:30:31,1782884731,2,5,11,nepse_official,OPEN,2026-07-01,LICN,Life Insurance Corporation (Nepal) Limited,793.0,804.9,793.0,,804.9,793.0,11.899999999999977,,354.0,283433.0,5.0,11.899999999999977,1.500630517023957,1.500630517023957,56686.6,800.6581920903955
2026-07-01T05:45:31+00:00,2026-07-01T11:30:31+05:45,2026-07-01,11:30:31,1782884731,2,5,11,nepse_official,OPEN,2026-07-01,LSL,Laxmi Sunrise Bank Limited,215.5,218.0,212.5,,216.9,213.6,3.3000000000000114,,1301722.0,278995032.8,29.0,5.5,2.5522041763341066,1.5449438202247245,9620518.372413794,214.32766197390842
2026-07-01T05:45:31+00:00,2026-07-01T11:30:31+05:45,2026-07-01,11:30:31,1782884731,2,5,11,nepse_official,OPEN,2026-07-01,MABEL,Mabilung Energy Limited,630.0,647.0,630.0,,645.0,630.0,15.0,,350.0,225890.0,10.0,17.0,2.6984126984126986,2.380952380952381,22589.0,645.4
2026-07-01T05:45:31+00:00,2026-07-01T11:30:31+05:45,2026-07-01,11:30:31,1782884731,2,5,11,nepse_official,OPEN,2026-07-01,MAKAR,Makar Jitumaya Suri Hydropower Limited,461.0,462.0,461.0,,462.0,465.0,-3.0,,150.0,69250.0,5.0,1.0,0.21691973969631237,-0.6451612903225806,13850.0,461.6666666666667
2026-07-01T05:45:31+00:00,2026-07-01T11:30:31+05:45,2026-07-01,11:30:31,1782884731,2,5,11,nepse_official,OPEN,2026-07-01,MANDU,Mandu Hydropower Limited,786.0,810.0,785.1,,810.0,805.0,5.0,,100.0,79689.0,8.0,24.899999999999977,3.167938931297707,0.6211180124223602,9961.125,796.89
2026-07-01T05:45:31+00:00,2026-07-01T11:30:31+05:45,2026-07-01,11:30:31,1782884731,2,5,11,nepse_official,OPEN,2026-07-01,MATRI,Matribhumi Lagubitta Bittiya Sanstha Limited,827.1,827.1,827.1,,827.1,850.0,-22.899999999999977,,11.0,9098.1,1.0,0.0,0.0,-2.6941176470588206,9098.1,827.1
2026-07-01T05:45:31+00:00,2026-07-01T11:30:31+05:45,2026-07-01,11:30:31,1782884731,2,5,11,nepse_official,OPEN,2026-07-01,MBJC,Madhya Bhotekoshi Jalavidyut Company Limited,272.0,279.5,271.1,,274.1,272.4,1.7000000000000455,,1180.0,326774.0,22.0,8.399999999999977,3.0882352941176388,0.6240822320117642,14853.363636363636,276.9271186440678
2026-07-01T05:45:31+00:00,2026-07-01T11:30:31+05:45,2026-07-01,11:30:31,1782884731,2,5,11,nepse_official,OPEN,2026-07-01,MBL,Machhapuchhre Bank Limited,243.9,243.9,240.2,,242.8,240.0,2.8000000000000114,,823.0,199809.4,7.0,3.700000000000017,1.5170151701517085,1.1666666666666714,28544.2,242.78177399756987
2026-07-01T05:45:31+00:00,2026-07-01T11:30:31+05:45,2026-07-01,11:30:31,1782884731,2,5,11,nepse_official,OPEN,2026-07-01,MBLEF,MBL Equity Fund,10.22,10.22,10.22,,10.22,9.96,0.2599999999999998,,100.0,1022.0,1.0,0.0,0.0,2.610441767068271,1022.0,10.22
2026-07-01T05:45:31+00:00,2026-07-01T11:30:31+05:45,2026-07-01,11:30:31,1782884731,2,5,11,nepse_official,OPEN,2026-07-01,MCHL,Menchhiyam Hydropower Limited,292.0,295.0,288.1,,288.1,288.2,-0.0999999999999659,,229.0,66859.0,4.0,6.899999999999977,2.3630136986301293,-0.0346981263011679,16714.75,291.96069868995636
2026-07-01T05:45:31+00:00,2026-07-01T11:30:31+05:45,2026-07-01,11:30:31,1782884731,2,5,11,nepse_official,OPEN,2026-07-01,MDB,Miteri Development Bank Limited,597.4,597.4,571.1,,591.0,580.0,11.0,,510.0,301245.0,5.0,26.299999999999955,4.402410445262798,1.896551724137931,60249.0,590.6764705882352
2026-07-01T05:45:31+00:00,2026-07-01T11:30:31+05:45,2026-07-01,11:30:31,1782884731,2,5,11,nepse_official,OPEN,2026-07-01,MEHL,Manakamana Engineering Hydropower Limited,337.6,337.6,330.0,,330.0,327.9,2.1000000000000227,,50.0,16576.0,5.0,7.600000000000023,2.2511848341232295,0.6404391582799704,3315.2,331.52
2026-07-01T05:45:31+00:00,2026-07-01T11:30:31+05:45,2026-07-01,11:30:31,1782884731,2,5,11,nepse_official,OPEN,2026-07-01,MEL,Modi Energy Limited,220.0,224.0,220.0,,223.9,219.0,4.900000000000006,,403.0,89107.5,14.0,4.0,1.8181818181818181,2.237442922374432,6364.821428571428,221.11042183622828
2026-07-01T05:45:31+00:00,2026-07-01T11:30:31+05:45,2026-07-01,11:30:31,1782884731,2,5,11,nepse_official,OPEN,2026-07-01,MEN,Mountain Energy Nepal Limited,578.0,578.0,576.5,,578.0,570.0,8.0,,658.0,380249.5,10.0,1.5,0.25951557093425603,1.4035087719298245,38024.95,577.8867781155016
2026-07-01T05:45:31+00:00,2026-07-01T11:30:31+05:45,2026-07-01,11:30:31,1782884731,2,5,11,nepse_official,OPEN,2026-07-01,MFIL,Manjushree Finance Ltd.,760.0,777.0,760.0,,777.0,772.0,5.0,,290.0,221370.0,5.0,17.0,2.236842105263158,0.6476683937823834,44274.0,763.3448275862069
2026-07-01T05:45:31+00:00,2026-07-01T11:30:31+05:45,2026-07-01,11:30:31,1782884731,2,5,11,nepse_official,OPEN,2026-07-01,MHCL,Molung Hydropower Company Limited,339.0,339.0,336.7,,336.7,330.0,6.699999999999989,,60.0,20243.0,4.0,2.3000000000000114,0.6784660766961685,2.0303030303030267,5060.75,337.3833333333333
2026-07-01T05:45:31+00:00,2026-07-01T11:30:31+05:45,2026-07-01,11:30:31,1782884731,2,5,11,nepse_official,OPEN,2026-07-01,MHL,Mandakini Hydropower Limited,455.0,472.0,455.0,,472.0,460.0,12.0,,30.0,13920.0,3.0,17.0,3.7362637362637363,2.608695652173913,4640.0,464.0
2026-07-01T05:45:31+00:00,2026-07-01T11:30:31+05:45,2026-07-01,11:30:31,1782884731,2,5,11,nepse_official,OPEN,2026-07-01,MHNL,Mountain Hydro Nepal Limited,245.0,246.5,241.1,,241.1,239.4,1.6999999999999886,,652.0,160222.2,5.0,5.400000000000006,2.2040816326530637,0.7101086048454422,32044.440000000002,245.73957055214726
2026-07-01T05:45:31+00:00,2026-07-01T11:30:31+05:45,2026-07-01,11:30:31,1782884731,2,5,11,nepse_official,OPEN,2026-07-01,MKCL,Muktinath Krishi Company Limited,1099.0,1099.0,1099.0,,1099.0,1090.0,9.0,,10.0,10990.0,1.0,0.0,0.0,0.8256880733944955,10990.0,1099.0
2026-07-01T05:45:31+00:00,2026-07-01T11:30:31+05:45,2026-07-01,11:30:31,1782884731,2,5,11,nepse_official,OPEN,2026-07-01,MKHC,Maya Khola Hydropower Company Limited,293.0,304.0,293.0,,303.5,297.0,6.5,,560.0,169882.4,7.0,11.0,3.754266211604096,2.1885521885521886,24268.914285714283,303.3614285714286
2026-07-01T05:45:31+00:00,2026-07-01T11:30:31+05:45,2026-07-01,11:30:31,1782884731,2,5,11,nepse_official,OPEN,2026-07-01,MKHL,Mai Khola Hydropower Limited,470.0,480.0,470.0,,480.0,467.0,13.0,,35.0,16656.5,3.0,10.0,2.127659574468085,2.7837259100642395,5552.166666666667,475.9
2026-07-01T05:45:31+00:00,2026-07-01T11:30:31+05:45,2026-07-01,11:30:31,1782884731,2,5,11,nepse_official,OPEN,2026-07-01,MKJC,Mailung Khola Jal Vidhyut Company Limited,445.3,458.5,445.3,,448.5,456.1,-7.600000000000023,,30.0,13523.0,3.0,13.199999999999989,2.9642937345609672,-1.6663012497259422,4507.666666666667,450.76666666666665
2026-07-01T05:45:31+00:00,2026-07-01T11:30:31+05:45,2026-07-01,11:30:31,1782884731,2,5,11,nepse_official,OPEN,2026-07-01,MLBL,Mahalaxmi Bikas Bank Ltd.,354.8,354.8,350.2,,351.1,352.0,-0.8999999999999773,,565.0,198588.0,3.0,4.600000000000023,1.296505073280728,-0.25568181818181174,66196.0,351.48318584070796
2026-07-01T05:45:31+00:00,2026-07-01T11:30:31+05:45,2026-07-01,11:30:31,1782884731,2,5,11,nepse_official,OPEN,2026-07-01,MLBS,Manushi Laghubitta Bittiya Sanstha Limited,1169.0,1169.0,1169.0,,1169.0,1169.5,-0.5,,10.0,11690.0,1.0,0.0,0.0,-0.04275331338178709,11690.0,1169.0
2026-07-01T05:45:31+00:00,2026-07-01T11:30:31+05:45,2026-07-01,11:30:31,1782884731,2,5,11,nepse_official,OPEN,2026-07-01,MMF1,Mega Mutual Fund -1,9.71,9.97,9.68,,9.68,9.7,-0.019999999999999574,,500.0,4872.0,4.0,0.2900000000000009,2.9866117404737476,-0.2061855670103049,1218.0,9.744
2026-07-01T05:45:31+00:00,2026-07-01T11:30:31+05:45,2026-07-01,11:30:31,1782884731,2,5,11,nepse_official,OPEN,2026-07-01,MMKJL,Mathillo Mailun Khola Jalvidhyut Limited,466.0,470.0,466.0,,470.0,467.0,3.0,,70.0,32730.0,7.0,4.0,0.8583690987124464,0.6423982869379015,4675.714285714285,467.57142857142856
2026-07-01T05:45:31+00:00,2026-07-01T11:30:31+05:45,2026-07-01,11:30:31,1782884731,2,5,11,nepse_official,OPEN,2026-07-01,MNBBL,Muktinath Bikas Bank Ltd.,362.0,365.7,362.0,,365.7,362.5,3.1999999999999886,,623.0,227471.3,6.0,3.6999999999999886,1.022099447513809,0.882758620689652,37911.88333333333,365.1224719101123
2026-07-01T05:45:31+00:00,2026-07-01T11:30:31+05:45,2026-07-01,11:30:31,1782884731,2,5,11,nepse_official,OPEN,2026-07-01,MNMF1,Muktinath Mutual Fund 1,9.5,9.65,9.5,,9.5,9.75,-0.25,,5050.0,48705.0,6.0,0.15000000000000036,1.5789473684210564,-2.564102564102564,8117.5,9.644554455445544
2026-07-01T05:45:31+00:00,2026-07-01T11:30:31+05:45,2026-07-01,11:30:31,1782884731,2,5,11,nepse_official,OPEN,2026-07-01,MPFL,Multipurpose Finance Company  Limited,590.0,611.0,590.0,,605.0,605.0,0.0,,540.0,329514.0,5.0,21.0,3.5593220338983054,0.0,65902.8,610.2111111111111
2026-07-01T05:45:31+00:00,2026-07-01T11:30:31+05:45,2026-07-01,11:30:31,1782884731,2,5,11,nepse_official,OPEN,2026-07-01,MSHL,Mid Solu Hydropower Limited,590.0,590.0,576.0,,576.0,585.0,-9.0,,21.0,12236.0,2.0,14.0,2.3728813559322033,-1.5384615384615385,6118.0,582.6666666666666
2026-07-01T05:45:31+00:00,2026-07-01T11:30:31+05:45,2026-07-01,11:30:31,1782884731,2,5,11,nepse_official,OPEN,2026-07-01,NABIL,Nabil Bank Limited,520.0,525.9,515.09,,525.1,521.9,3.2000000000000455,,3159.0,1646178.15,37.0,10.809999999999945,2.0788461538461434,0.6131442805135171,44491.30135135135,521.1073599240266
2026-07-01T05:45:31+00:00,2026-07-01T11:30:31+05:45,2026-07-01,11:30:31,1782884731,2,5,11,nepse_official,OPEN,2026-07-01,NABILD2089,7% Nabil Debenture 2089,1073.0,1073.0,1073.0,,1073.0,1060.0,13.0,,8127.0,8720271.0,1.0,0.0,0.0,1.2264150943396228,8720271.0,1073.0
2026-07-01T05:45:31+00:00,2026-07-01T11:30:31+05:45,2026-07-01,11:30:31,1782884731,2,5,11,nepse_official,OPEN,2026-07-01,NBF3,Nabil Balanced Fund-3,9.89,9.89,9.89,,9.89,10.15,-0.2599999999999998,,300.0,2967.0,1.0,0.0,0.0,-2.5615763546798007,2967.0,9.89
2026-07-01T05:45:31+00:00,2026-07-01T11:30:31+05:45,2026-07-01,11:30:31,1782884731,2,5,11,nepse_official,OPEN,2026-07-01,NBL,Nepal Bank Limited,260.1,263.0,260.1,,263.0,262.2,0.8000000000000114,,557.0,146325.0,12.0,2.8999999999999773,1.1149557862360542,0.30511060259344447,12193.75,262.7019748653501
2026-07-01T05:45:31+00:00,2026-07-01T11:30:31+05:45,2026-07-01,11:30:31,1782884731,2,5,11,nepse_official,OPEN,2026-07-01,NESDO,NESDO Sambridha Laghubitta Bittiya Sanstha Limited,1510.0,1510.0,1510.0,,1510.0,1528.0,-18.0,,10.0,15100.0,1.0,0.0,0.0,-1.1780104712041886,15100.0,1510.0
2026-07-01T05:45:31+00:00,2026-07-01T11:30:31+05:45,2026-07-01,11:30:31,1782884731,2,5,11,nepse_official,OPEN,2026-07-01,NFS,Nepal Finance Ltd.,566.0,576.9,562.1,,576.9,566.0,10.899999999999977,,437.0,251576.0,7.0,14.799999999999955,2.614840989399285,1.9257950530035297,35939.42857142857,575.6887871853547
2026-07-01T05:45:31+00:00,2026-07-01T11:30:31+05:45,2026-07-01,11:30:31,1782884731,2,5,11,nepse_official,OPEN,2026-07-01,NGPL,Ngadi Group Power Ltd.,404.0,412.0,404.0,,405.0,402.9,2.1000000000000227,,19730.0,8036201.0,50.0,8.0,1.9801980198019802,0.5212211466865284,160724.02,407.30871768879877
2026-07-01T05:45:31+00:00,2026-07-01T11:30:31+05:45,2026-07-01,11:30:31,1782884731,2,5,11,nepse_official,OPEN,2026-07-01,NHDL,Nepal Hydro Developers Ltd.,620.2,620.2,620.2,,620.2,636.0,-15.799999999999955,,14.0,8682.8,1.0,0.0,0.0,-2.4842767295597414,8682.8,620.1999999999999
2026-07-01T05:45:31+00:00,2026-07-01T11:30:31+05:45,2026-07-01,11:30:31,1782884731,2,5,11,nepse_official,OPEN,2026-07-01,NHPC,National Hydro Power Company Limited,255.0,265.0,255.0,,263.5,255.0,8.5,,52708.0,13778550.5,148.0,10.0,3.9215686274509802,3.3333333333333335,93098.31418918919,261.4128879866434
2026-07-01T05:45:31+00:00,2026-07-01T11:30:31+05:45,2026-07-01,11:30:31,1782884731,2,5,11,nepse_official,OPEN,2026-07-01,NIBSF2,NIBL Samriddhi Fund -2,9.0,9.0,9.0,,9.0,9.2,-0.1999999999999993,,100.0,900.0,1.0,0.0,0.0,-2.173913043478253,900.0,9.0
2026-07-01T05:45:31+00:00,2026-07-01T11:30:31+05:45,2026-07-01,11:30:31,1782884731,2,5,11,nepse_official,OPEN,2026-07-01,NICA,NIC Asia Bank Ltd.,323.2,332.9,323.2,,331.0,327.1,3.8999999999999773,,7564.0,2501840.3,24.0,9.699999999999989,3.0012376237623726,1.1922959339651413,104243.34583333333,330.7562533051295
2026-07-01T05:45:31+00:00,2026-07-01T11:30:31+05:45,2026-07-01,11:30:31,1782884731,2,5,11,nepse_official,OPEN,2026-07-01,NICFC,NIC Asia Flexi CAP Fund,8.99,8.99,8.99,,8.99,9.1,-0.10999999999999943,,100.0,899.0,1.0,0.0,0.0,-1.2087912087912025,899.0,8.99
2026-07-01T05:45:31+00:00,2026-07-01T11:30:31+05:45,2026-07-01,11:30:31,1782884731,2,5,11,nepse_official,OPEN,2026-07-01,NICGF2,NIC ASIA Growth Fund-2,9.01,9.01,9.01,,9.01,9.12,-0.10999999999999943,,200.0,1802.0,2.0,0.0,0.0,-1.2061403508771869,901.0,9.01
2026-07-01T05:45:31+00:00,2026-07-01T11:30:31+05:45,2026-07-01,11:30:31,1782884731,2,5,11,nepse_official,OPEN,2026-07-01,NICLBSL,NIC ASIA Laghubitta Bittiya Sanstha Limited,550.0,556.0,550.0,,556.0,546.1,9.899999999999977,,125.0,68900.0,4.0,6.0,1.090909090909091,1.8128547885002706,17225.0,551.2
2026-07-01T05:45:31+00:00,2026-07-01T11:30:31+05:45,2026-07-01,11:30:31,1782884731,2,5,11,nepse_official,OPEN,2026-07-01,NIFRA,Nepal Infrastructure Bank Limited,247.0,250.0,247.0,,249.0,247.2,1.8000000000000114,,3521.0,875669.4,31.0,3.0,1.214574898785425,0.7281553398058299,28247.4,248.6990627662596
2026-07-01T05:45:31+00:00,2026-07-01T11:30:31+05:45,2026-07-01,11:30:31,1782884731,2,5,11,nepse_official,OPEN,2026-07-01,NIMB,Nepal Investment Mega Bank Limited,199.5,199.5,191.0,,192.9,190.0,2.9000000000000057,,5597.0,1077112.3,40.0,8.5,4.260651629072681,1.5263157894736872,26927.807500000003,192.44457745220654
2026-07-01T05:45:31+00:00,2026-07-01T11:30:31+05:45,2026-07-01,11:30:31,1782884731,2,5,11,nepse_official,OPEN,2026-07-01,NLIC,Nepal Life Insurance Co. Ltd.,740.0,743.0,740.0,,743.0,737.0,6.0,,560.0,415888.0,7.0,3.0,0.40540540540540543,0.8141112618724559,59412.57142857143,742.6571428571428
2026-07-01T05:45:31+00:00,2026-07-01T11:30:31+05:45,2026-07-01,11:30:31,1782884731,2,5,11,nepse_official,OPEN,2026-07-01,NLICL,National Life Insurance Co. Ltd.,565.0,579.9,565.0,,579.9,574.0,5.899999999999977,,60.0,34198.0,3.0,14.899999999999977,2.6371681415929165,1.0278745644599263,11399.333333333334,569.9666666666667
2026-07-01T05:45:31+00:00,2026-07-01T11:30:31+05:45,2026-07-01,11:30:31,1782884731,2,5,11,nepse_official,OPEN,2026-07-01,NMB,NMB Bank Limited,230.0,237.0,230.0,,237.0,235.5,1.5,,1900.0,446314.7,28.0,7.0,3.0434782608695654,0.6369426751592357,15939.810714285715,234.90247368421052
2026-07-01T05:45:31+00:00,2026-07-01T11:30:31+05:45,2026-07-01,11:30:31,1782884731,2,5,11,nepse_official,OPEN,2026-07-01,NMBMF,NMB  Microfinance Bittiya Sanstha Ltd.,614.9,615.0,614.9,,615.0,619.9,-4.899999999999977,,700.0,430498.0,6.0,0.10000000000002274,0.016262806960485078,-0.79045007259235,71749.66666666667,614.9971428571429
2026-07-01T05:45:31+00:00,2026-07-01T11:30:31+05:45,2026-07-01,11:30:31,1782884731,2,5,11,nepse_official,OPEN,2026-07-01,NMFBS,National Laghubitta Bittiya Sanstha Limited,1111.0,1117.0,1111.0,,1117.0,1114.0,3.0,,70.0,77890.0,2.0,6.0,0.54005400540054,0.26929982046678635,38945.0,1112.7142857142858
2026-07-01T05:45:31+00:00,2026-07-01T11:30:31+05:45,2026-07-01,11:30:31,1782884731,2,5,11,nepse_official,OPEN,2026-07-01,NMIC,Nepal Micro Insurance Company Limited,945.0,969.9,941.0,,968.0,945.0,23.0,,2170.0,2052024.5,21.0,28.899999999999977,3.058201058201056,2.433862433862434,97715.45238095238,945.6334101382488
2026-07-01T05:45:31+00:00,2026-07-01T11:30:31+05:45,2026-07-01,11:30:31,1782884731,2,5,11,nepse_official,OPEN,2026-07-01,NMLBBL,Nerude Mirmire Laghubitta Bittiya Sanstha Limited,542.0,553.0,541.0,,553.0,546.6,6.399999999999977,,510.0,276088.0,8.0,12.0,2.214022140221402,1.1708744968898603,34511.0,541.3490196078432
2026-07-01T05:45:31+00:00,2026-07-01T11:30:31+05:45,2026-07-01,11:30:31,1782884731,2,5,11,nepse_official,OPEN,2026-07-01,NRIC,Nepal Reinsurance Company Limited,920.0,955.0,920.0,,950.0,919.0,31.0,,4408.0,4157111.3,52.0,35.0,3.804347826086957,3.373231773667029,79944.44807692307,943.0833257713248
2026-07-01T05:45:31+00:00,2026-07-01T11:30:31+05:45,2026-07-01,11:30:31,1782884731,2,5,11,nepse_official,OPEN,2026-07-01,NRM,Nepal Republic Media Limited,315.5,329.0,315.5,,328.9,321.1,7.7999999999999545,,600.0,190579.4,10.0,13.5,4.27892234548336,2.429149797570836,19057.94,317.63233333333335
2026-07-01T05:45:31+00:00,2026-07-01T11:30:31+05:45,2026-07-01,11:30:31,1782884731,2,5,11,nepse_official,OPEN,2026-07-01,NRN,NRN Infrastructure and Development Limited,1440.0,1440.0,1370.0,,1430.0,1412.5,17.5,,58487.0,80628852.5,66.0,70.0,4.861111111111112,1.238938053097345,1221649.2803030303,1378.5773334245216
2026-07-01T05:45:31+00:00,2026-07-01T11:30:31+05:45,2026-07-01,11:30:31,1782884731,2,5,11,nepse_official,OPEN,2026-07-01,NSIF2,NMB Sulav Investment Fund - 2,10.54,10.54,10.54,,10.54,10.65,-0.11000000000000121,,250.0,2635.0,2.0,0.0,0.0,-1.0328638497652693,1317.5,10.54
2026-07-01T05:45:31+00:00,2026-07-01T11:30:31+05:45,2026-07-01,11:30:31,1782884731,2,5,11,nepse_official,OPEN,2026-07-01,NSY,Nepal Life Samriddhi Lagani Yojana,9.1,9.1,9.1,,9.1,9.28,-0.17999999999999972,,100.0,910.0,1.0,0.0,0.0,-1.93965517241379,910.0,9.1
2026-07-01T05:45:31+00:00,2026-07-01T11:30:31+05:45,2026-07-01,11:30:31,1782884731,2,5,11,nepse_official,OPEN,2026-07-01,NTC,Nepal Doorsanchar Company Limited,848.0,848.0,842.0,,846.0,843.0,3.0,,137.0,115719.0,9.0,6.0,0.7075471698113208,0.3558718861209964,12857.666666666666,844.6642335766423
2026-07-01T05:45:31+00:00,2026-07-01T11:30:31+05:45,2026-07-01,11:30:31,1782884731,2,5,11,nepse_official,OPEN,2026-07-01,NUBL,Nirdhan Utthan Laghubitta Bittiya Sanstha Limited,626.9,626.9,626.9,,626.9,617.0,9.899999999999977,,10.0,6269.0,1.0,0.0,0.0,1.6045380875202557,6269.0,626.9
2026-07-01T05:45:31+00:00,2026-07-01T11:30:31+05:45,2026-07-01,11:30:31,1782884731,2,5,11,nepse_official,OPEN,2026-07-01,NWCL,Nepal Warehousing Company Limited ,722.0,722.0,722.0,,722.0,719.0,3.0,,100.0,72200.0,1.0,0.0,0.0,0.4172461752433936,72200.0,722.0
2026-07-01T05:45:31+00:00,2026-07-01T11:30:31+05:45,2026-07-01,11:30:31,1782884731,2,5,11,nepse_official,OPEN,2026-07-01,NYADI,Nyadi Hydropower Limited,358.0,375.0,358.0,,375.0,376.0,-1.0,,60.0,22147.0,6.0,17.0,4.748603351955307,-0.26595744680851063,3691.1666666666665,369.1166666666667
2026-07-01T05:45:31+00:00,2026-07-01T11:30:31+05:45,2026-07-01,11:30:31,1782884731,2,5,11,nepse_official,OPEN,2026-07-01,OHL,Oriental Hotels Limited,685.0,685.0,685.0,,685.0,672.0,13.0,,110.0,75350.0,2.0,0.0,0.0,1.9345238095238095,37675.0,685.0
2026-07-01T05:45:31+00:00,2026-07-01T11:30:31+05:45,2026-07-01,11:30:31,1782884731,2,5,11,nepse_official,OPEN,2026-07-01,OMPL,Om Megashree Pharmaceuticals Limited,975.0,1000.0,975.0,,980.0,975.0,5.0,,190.0,187435.0,13.0,25.0,2.564102564102564,0.5128205128205128,14418.076923076924,986.5
2026-07-01T05:45:31+00:00,2026-07-01T11:30:31+05:45,2026-07-01,11:30:31,1782884731,2,5,11,nepse_official,OPEN,2026-07-01,PCBL,Prime Commercial Bank Ltd.,231.5,233.0,231.5,,233.0,232.4,0.5999999999999943,,10411.0,2415556.5,11.0,1.5,0.6479481641468683,0.25817555938037623,219596.04545454544,232.01964268562097
2026-07-01T05:45:31+00:00,2026-07-01T11:30:31+05:45,2026-07-01,11:30:31,1782884731,2,5,11,nepse_official,OPEN,2026-07-01,PCIL,Palpa Cement Industries Limited,627.0,653.0,627.0,,650.0,639.0,11.0,,6225.0,4007326.0,216.0,26.0,4.146730462519936,1.7214397496087637,18552.435185185186,643.7471485943776
2026-07-01T05:45:31+00:00,2026-07-01T11:30:31+05:45,2026-07-01,11:30:31,1782884731,2,5,11,nepse_official,OPEN,2026-07-01,PFL,Pokhara Finance Ltd.,369.8,369.8,358.8,,361.0,363.7,-2.6999999999999886,,38.0,13775.2,3.0,11.0,2.9745808545159544,-0.7423700852350807,4591.733333333334,362.5052631578948
2026-07-01T05:45:31+00:00,2026-07-01T11:30:31+05:45,2026-07-01,11:30:31,1782884731,2,5,11,nepse_official,OPEN,2026-07-01,PHCL,Peoples Hydropower Company Limited,296.0,303.0,296.0,,300.0,292.1,7.899999999999977,,3311.0,992705.9,26.0,7.0,2.364864864864865,2.704553235193419,38180.99615384616,299.8205678042887
2026-07-01T05:45:31+00:00,2026-07-01T11:30:31+05:45,2026-07-01,11:30:31,1782884731,2,5,11,nepse_official,OPEN,2026-07-01,PMHPL,Panchakanya Mai Hydropower Ltd,314.0,320.0,314.0,,320.0,314.0,6.0,,60.0,18900.0,2.0,6.0,1.910828025477707,1.910828025477707,9450.0,315.0
2026-07-01T05:45:31+00:00,2026-07-01T11:30:31+05:45,2026-07-01,11:30:31,1782884731,2,5,11,nepse_official,OPEN,2026-07-01,PMLI,Prabhu Mahalaxmi Life Insurance Limited,440.0,445.0,440.0,,445.0,444.0,1.0,,478.0,212060.0,7.0,5.0,1.1363636363636365,0.22522522522522523,30294.285714285714,443.64016736401675
2026-07-01T05:45:31+00:00,2026-07-01T11:30:31+05:45,2026-07-01,11:30:31,1782884731,2,5,11,nepse_official,OPEN,2026-07-01,PPCL,Panchthar Power Compant Limited,343.7,343.7,343.7,,343.7,337.0,6.699999999999989,,10.0,3437.0,1.0,0.0,0.0,1.9881305637982163,3437.0,343.7
2026-07-01T05:45:31+00:00,2026-07-01T11:30:31+05:45,2026-07-01,11:30:31,1782884731,2,5,11,nepse_official,OPEN,2026-07-01,PPL,People's Power Limited,303.1,330.0,303.1,,330.0,319.0,11.0,,3971.0,1288115.0,16.0,26.899999999999977,8.87495875948531,3.4482758620689653,80507.1875,324.3805086879879
2026-07-01T05:45:31+00:00,2026-07-01T11:30:31+05:45,2026-07-01,11:30:31,1782884731,2,5,11,nepse_official,OPEN,2026-07-01,PRIN,Prabhu Insurance Ltd.,690.0,696.0,690.0,,695.0,679.7,15.299999999999955,,682.0,473327.0,6.0,6.0,0.8695652173913043,2.2509930851846334,78887.83333333333,694.0278592375366
2026-07-01T05:45:31+00:00,2026-07-01T11:30:31+05:45,2026-07-01,11:30:31,1782884731,2,5,11,nepse_official,OPEN,2026-07-01,PROFL,Progressive Finance Limited,437.0,448.8,435.4,,435.4,425.2,10.199999999999989,,544.0,237132.6,4.0,13.400000000000034,3.066361556064081,2.3988711194731867,59283.15,435.90551470588235
2026-07-01T05:45:31+00:00,2026-07-01T11:30:31+05:45,2026-07-01,11:30:31,1782884731,2,5,11,nepse_official,OPEN,2026-07-01,PRSF,Prabhu Smart Fund,12.79,12.79,12.6,,12.6,12.47,0.129999999999999,,20100.0,253279.0,3.0,0.1899999999999995,1.4855355746677055,1.0425020048115397,84426.33333333333,12.60094527363184
2026-07-01T05:45:31+00:00,2026-07-01T11:30:31+05:45,2026-07-01,11:30:31,1782884731,2,5,11,nepse_official,OPEN,2026-07-01,PRVU,Prabhu  Bank Limited,187.1,191.0,187.0,,190.0,187.2,2.8000000000000114,,11796.0,2238512.0,52.0,4.0,2.1378941742383755,1.495726495726502,43048.307692307695,189.76873516446253
2026-07-01T05:45:31+00:00,2026-07-01T11:30:31+05:45,2026-07-01,11:30:31,1782884731,2,5,11,nepse_official,OPEN,2026-07-01,PURE,Pure Energy Limited,802.0,826.0,802.0,,826.0,802.0,24.0,,20.0,16280.0,2.0,24.0,2.9925187032418954,2.9925187032418954,8140.0,814.0
2026-07-01T05:45:31+00:00,2026-07-01T11:30:31+05:45,2026-07-01,11:30:31,1782884731,2,5,11,nepse_official,OPEN,2026-07-01,RADHI,Radhi Bidyut Company Ltd,680.0,719.7,680.0,,704.0,700.0,4.0,,1572.0,1107710.0,14.0,39.700000000000045,5.838235294117654,0.5714285714285714,79122.14285714286,704.6501272264632
2026-07-01T05:45:31+00:00,2026-07-01T11:30:31+05:45,2026-07-01,11:30:31,1782884731,2,5,11,nepse_official,OPEN,2026-07-01,RAWA,Rawa Energy Development Limited,430.0,455.0,430.0,,448.0,446.6,1.3999999999999773,,2723.0,1224108.9,29.0,25.0,5.813953488372093,0.31347962382444633,42210.651724137926,449.5442159383033
2026-07-01T05:45:31+00:00,2026-07-01T11:30:31+05:45,2026-07-01,11:30:31,1782884731,2,5,11,nepse_official,OPEN,2026-07-01,RBBF40,RBB Focus 40,9.03,9.03,9.03,,9.03,9.3,-0.27000000000000135,,100.0,903.0,1.0,0.0,0.0,-2.903225806451627,903.0,9.03
2026-07-01T05:45:31+00:00,2026-07-01T11:30:31+05:45,2026-07-01,11:30:31,1782884731,2,5,11,nepse_official,OPEN,2026-07-01,RFPL,River Falls Power Limited,320.0,345.0,320.0,,340.9,336.6,4.2999999999999545,,2355.0,806187.5,18.0,25.0,7.8125,1.2774806892453816,44788.194444444445,342.3301486199575
2026-07-01T05:45:31+00:00,2026-07-01T11:30:31+05:45,2026-07-01,11:30:31,1782884731,2,5,11,nepse_official,OPEN,2026-07-01,RHGCL,Rapti Hydro And General Construction Limited,270.7,278.0,264.0,,265.0,263.9,1.1000000000000227,,7101.0,1946860.1,22.0,14.0,5.171776874769117,0.4168245547555979,88493.64090909091,274.16703281227996
2026-07-01T05:45:31+00:00,2026-07-01T11:30:31+05:45,2026-07-01,11:30:31,1782884731,2,5,11,nepse_official,OPEN,2026-07-01,RHPL,RASUWAGADHI HYDROPOWER COMPANY LIMITED,260.0,267.0,260.0,,262.0,260.0,2.0,,340.0,88775.0,7.0,7.0,2.6923076923076925,0.7692307692307693,12682.142857142857,261.1029411764706
2026-07-01T05:45:31+00:00,2026-07-01T11:30:31+05:45,2026-07-01,11:30:31,1782884731,2,5,11,nepse_official,OPEN,2026-07-01,RIDI,Ridi Power Company Limited,325.0,334.8,322.6,,332.0,326.9,5.100000000000023,,43868.0,14426125.3,97.0,12.199999999999989,3.7538461538461507,1.560110125420625,148722.9412371134,328.85304322057084
2026-07-01T05:45:31+00:00,2026-07-01T11:30:31+05:45,2026-07-01,11:30:31,1782884731,2,5,11,nepse_official,OPEN,2026-07-01,RLEL,Ridge Line Energy Limited,830.0,860.0,830.0,,856.0,851.0,5.0,,730.0,621603.0,31.0,30.0,3.614457831325301,0.5875440658049353,20051.709677419356,851.5109589041095
2026-07-01T05:45:31+00:00,2026-07-01T11:30:31+05:45,2026-07-01,11:30:31,1782884731,2,5,11,nepse_official,OPEN,2026-07-01,RLFL,Reliance Finance Ltd.,461.1,471.1,461.1,,471.1,460.9,10.200000000000045,,1510.0,711173.0,6.0,10.0,2.168726957276079,2.213061401605564,118528.83333333333,470.9754966887417
2026-07-01T05:45:31+00:00,2026-07-01T11:30:31+05:45,2026-07-01,11:30:31,1782884731,2,5,11,nepse_official,OPEN,2026-07-01,RMF2,RBB Mutual Fund 2,10.0,10.0,10.0,,10.0,10.0,0.0,,100.0,1000.0,1.0,0.0,0.0,0.0,1000.0,10.0
2026-07-01T05:45:31+00:00,2026-07-01T11:30:31+05:45,2026-07-01,11:30:31,1782884731,2,5,11,nepse_official,OPEN,2026-07-01,RNLI,Reliable Nepal Life Insurance Limited,440.1,448.0,440.1,,445.0,444.1,0.8999999999999773,,1169.0,522819.7,21.0,7.899999999999977,1.7950465803226487,0.20265705922089106,24896.17619047619,447.2366980325064
2026-07-01T05:45:31+00:00,2026-07-01T11:30:31+05:45,2026-07-01,11:30:31,1782884731,2,5,11,nepse_official,OPEN,2026-07-01,RSDC,RSDC Laghubitta Bittiya Sanstha Ltd.,627.0,645.8,627.0,,645.8,638.0,7.7999999999999545,,278.0,178552.4,4.0,18.799999999999955,2.9984051036682544,1.2225705329153533,44638.1,642.2748201438849
2026-07-01T05:45:31+00:00,2026-07-01T11:30:31+05:45,2026-07-01,11:30:31,1782884731,2,5,11,nepse_official,OPEN,2026-07-01,RSML,Reliance Spinning Mills Limited,3195.0,3195.0,3101.0,,3127.0,3189.0,-62.0,,9250.0,28866648.6,127.0,94.0,2.9420970266040687,-1.9441831295076828,227296.44566929134,3120.7187675675677
2026-07-01T05:45:31+00:00,2026-07-01T11:30:31+05:45,2026-07-01,11:30:31,1782884731,2,5,11,nepse_official,OPEN,2026-07-01,RURU,Ru Ru Jalbidhyut Pariyojana Limited,630.1,630.1,630.1,,630.1,637.0,-6.899999999999977,,20.0,12602.0,1.0,0.0,0.0,-1.0832025117739368,12602.0,630.1
2026-07-01T05:45:31+00:00,2026-07-01T11:30:31+05:45,2026-07-01,11:30:31,1782884731,2,5,11,nepse_official,OPEN,2026-07-01,SABBL,Salapa Bikas Bank Limited,970.0,1000.0,970.0,,995.0,979.0,16.0,,706.0,701943.2,31.0,30.0,3.0927835051546393,1.634320735444331,22643.32903225806,994.2538243626061
2026-07-01T05:45:31+00:00,2026-07-01T11:30:31+05:45,2026-07-01,11:30:31,1782884731,2,5,11,nepse_official,OPEN,2026-07-01,SADBL,Shangrila Development Bank Ltd.,404.0,404.0,402.0,,402.0,398.0,4.0,,150264.0,60456407.0,6.0,2.0,0.49504950495049505,1.0050251256281406,10076067.833333334,402.33460442953736
2026-07-01T05:45:31+00:00,2026-07-01T11:30:31+05:45,2026-07-01,11:30:31,1782884731,2,5,11,nepse_official,OPEN,2026-07-01,SAGAR,Sagar Distillery Limited,1490.0,1549.0,1490.0,,1549.0,1526.0,23.0,,322.0,493825.5,18.0,59.0,3.9597315436241614,1.507208387942333,27434.75,1533.6195652173913
2026-07-01T05:45:31+00:00,2026-07-01T11:30:31+05:45,2026-07-01,11:30:31,1782884731,2,5,11,nepse_official,OPEN,2026-07-01,SAGF,Sanima Growth Fund,10.05,10.05,10.05,,10.05,10.07,-0.019999999999999574,,150.0,1507.5,1.0,0.0,0.0,-0.1986097318768577,1507.5,10.05
2026-07-01T05:45:31+00:00,2026-07-01T11:30:31+05:45,2026-07-01,11:30:31,1782884731,2,5,11,nepse_official,OPEN,2026-07-01,SAHAS,Sahas Urja Limited,630.0,644.0,630.0,,639.6,630.2,9.399999999999977,,10420.0,6662575.5,56.0,14.0,2.2222222222222223,1.491589971437635,118974.5625,639.4026391554703
2026-07-01T05:45:31+00:00,2026-07-01T11:30:31+05:45,2026-07-01,11:30:31,1782884731,2,5,11,nepse_official,OPEN,2026-07-01,SAIL,Shreenagar Agritech Industries Limited,834.1,915.0,834.1,,900.0,878.0,22.0,,8142.0,7320739.0,95.0,80.89999999999998,9.699076849298642,2.5056947608200453,77060.41052631578,899.132768361582
2026-07-01T05:45:31+00:00,2026-07-01T11:30:31+05:45,2026-07-01,11:30:31,1782884731,2,5,11,nepse_official,OPEN,2026-07-01,SALICO,Sagarmatha Lumbini Insurance Co. Limited,613.5,613.5,594.0,,608.9,597.0,11.899999999999977,,443.0,263498.1,4.0,19.5,3.1784841075794623,1.9932998324958084,65874.525,594.8038374717833
2026-07-01T05:45:31+00:00,2026-07-01T11:30:31+05:45,2026-07-01,11:30:31,1782884731,2,5,11,nepse_official,OPEN,2026-07-01,SANIMA,Sanima Bank Limited,354.0,354.0,352.9,,353.8,349.0,4.800000000000011,,781.0,275795.0,9.0,1.1000000000000227,0.3107344632768426,1.375358166189115,30643.88888888889,353.1306017925736
2026-07-01T05:45:31+00:00,2026-07-01T11:30:31+05:45,2026-07-01,11:30:31,1782884731,2,5,11,nepse_official,OPEN,2026-07-01,SANVI,Sanvi Energy Limited,613.0,629.9,600.0,,627.0,613.5,13.5,,1340.0,837852.0,25.0,29.899999999999977,4.87765089722675,2.2004889975550124,33514.08,625.2626865671642
2026-07-01T05:45:31+00:00,2026-07-01T11:30:31+05:45,2026-07-01,11:30:31,1782884731,2,5,11,nepse_official,OPEN,2026-07-01,SAPDBL,Saptakoshi Development Bank Ltd,825.0,825.0,772.0,,785.0,786.3,-1.2999999999999545,,1459.0,1146919.5,24.0,53.0,6.424242424242424,-0.16533129848657696,47788.3125,786.0997258396162
2026-07-01T05:45:31+00:00,2026-07-01T11:30:31+05:45,2026-07-01,11:30:31,1782884731,2,5,11,nepse_official,OPEN,2026-07-01,SARBTM,Sarbottam Cement Limited,816.8,816.8,816.8,,816.8,804.0,12.799999999999955,,10.0,8168.0,1.0,0.0,0.0,1.5920398009950192,8168.0,816.8
2026-07-01T05:45:31+00:00,2026-07-01T11:30:31+05:45,2026-07-01,11:30:31,1782884731,2,5,11,nepse_official,OPEN,2026-07-01,SBI,Nepal SBI Bank Limited,387.0,390.0,386.0,,386.0,385.1,0.8999999999999773,,2768.0,1071874.0,7.0,4.0,1.03359173126615,0.23370553103089514,153124.85714285713,387.2377167630058
2026-07-01T05:45:31+00:00,2026-07-01T11:30:31+05:45,2026-07-01,11:30:31,1782884731,2,5,11,nepse_official,OPEN,2026-07-01,SBID2090,7% Nepal SBI Bank Debenture 2090,1064.0,1064.0,1064.0,,1064.0,1068.0,-4.0,,13880.0,14768320.0,1.0,0.0,0.0,-0.37453183520599254,14768320.0,1064.0
2026-07-01T05:45:31+00:00,2026-07-01T11:30:31+05:45,2026-07-01,11:30:31,1782884731,2,5,11,nepse_official,OPEN,2026-07-01,SBL,Siddhartha Bank Limited,390.0,390.0,388.0,,388.0,387.1,0.8999999999999773,,4460.0,1736300.0,11.0,2.0,0.5128205128205128,0.23249806251613983,157845.45454545456,389.304932735426
2026-07-01T05:45:31+00:00,2026-07-01T11:30:31+05:45,2026-07-01,11:30:31,1782884731,2,5,11,nepse_official,OPEN,2026-07-01,SBLD2091,7.25% SBL Debenture 2091,1084.9,1084.9,1084.9,,1084.9,1080.0,4.900000000000091,,100.0,108490.0,2.0,0.0,0.0,0.45370370370371216,54245.0,1084.9
2026-07-01T05:45:31+00:00,2026-07-01T11:30:31+05:45,2026-07-01,11:30:31,1782884731,2,5,11,nepse_official,OPEN,2026-07-01,SCB,Standard Chartered Bank Limited,650.0,650.0,640.1,,640.1,641.0,-0.8999999999999773,,20.0,12901.0,2.0,9.899999999999977,1.5230769230769194,-0.14040561622464545,6450.5,645.05
2026-07-01T05:45:31+00:00,2026-07-01T11:30:31+05:45,2026-07-01,11:30:31,1782884731,2,5,11,nepse_official,OPEN,2026-07-01,SFCL,Samriddhi Finance Company Limited,371.0,371.0,371.0,,371.0,369.0,2.0,,400.0,148400.0,2.0,0.0,0.0,0.5420054200542005,74200.0,371.0
2026-07-01T05:45:31+00:00,2026-07-01T11:30:31+05:45,2026-07-01,11:30:31,1782884731,2,5,11,nepse_official,OPEN,2026-07-01,SGHC,Swet-Ganga Hydropower & Construction Limited ,329.0,334.0,329.0,,330.0,328.0,2.0,,286.0,94710.0,5.0,5.0,1.5197568389057752,0.6097560975609756,18942.0,331.15384615384613
2026-07-01T05:45:31+00:00,2026-07-01T11:30:31+05:45,2026-07-01,11:30:31,1782884731,2,5,11,nepse_official,OPEN,2026-07-01,SGIC,Sanima GIC Insurance Limited,457.0,460.0,457.0,,460.0,457.0,3.0,,23.0,10550.0,3.0,3.0,0.6564551422319475,0.6564551422319475,3516.6666666666665,458.69565217391306
2026-07-01T05:45:31+00:00,2026-07-01T11:30:31+05:45,2026-07-01,11:30:31,1782884731,2,5,11,nepse_official,OPEN,2026-07-01,SHEL,Singati Hydro Energy Limited,295.0,300.0,295.0,,300.0,294.8,5.199999999999989,,9377.0,2802271.0,28.0,5.0,1.694915254237288,1.763907734056984,100081.10714285714,298.8451530340194
2026-07-01T05:45:31+00:00,2026-07-01T11:30:31+05:45,2026-07-01,11:30:31,1782884731,2,5,11,nepse_official,OPEN,2026-07-01,SHINED,Shine Resunga Debenture,1097.0,1097.0,1097.0,,1097.0,1097.0,0.0,,100.0,109700.0,1.0,0.0,0.0,0.0,109700.0,1097.0
2026-07-01T05:45:31+00:00,2026-07-01T11:30:31+05:45,2026-07-01,11:30:31,1782884731,2,5,11,nepse_official,OPEN,2026-07-01,SHIVM,SHIVAM CEMENTS LTD,624.0,634.8,624.0,,634.8,624.0,10.799999999999955,,1827.0,1155675.6,15.0,10.799999999999955,1.7307692307692235,1.7307692307692235,77045.04000000001,632.5536945812809
2026-07-01T05:45:31+00:00,2026-07-01T11:30:31+05:45,2026-07-01,11:30:31,1782884731,2,5,11,nepse_official,OPEN,2026-07-01,SHL,Soaltee Hotel Limited,489.9,490.0,489.9,,490.0,487.0,3.0,,879.0,430692.1,6.0,0.10000000000002274,0.020412329046748875,0.6160164271047228,71782.01666666666,489.9796359499431
2026-07-01T05:45:31+00:00,2026-07-01T11:30:31+05:45,2026-07-01,11:30:31,1782884731,2,5,11,nepse_official,OPEN,2026-07-01,SHPC,Sanima Mai Hydropower Ltd.,486.0,500.0,486.0,,498.0,485.0,13.0,,2535.0,1262593.0,13.0,14.0,2.880658436213992,2.6804123711340204,97122.53846153847,498.06429980276135
2026-07-01T05:45:31+00:00,2026-07-01T11:30:31+05:45,2026-07-01,11:30:31,1782884731,2,5,11,nepse_official,OPEN,2026-07-01,SICL,Shikhar Insurance Co. Ltd.,612.3,612.3,612.3,,612.3,612.3,0.0,,9.0,5490.0,1.0,0.0,0.0,0.0,5490.0,610.0
2026-07-01T05:45:31+00:00,2026-07-01T11:30:31+05:45,2026-07-01,11:30:31,1782884731,2,5,11,nepse_official,OPEN,2026-07-01,SIFC,Shree Investment Finance Co. Ltd.,538.9,538.9,538.9,,538.9,526.1,12.799999999999955,,410.0,220949.0,1.0,0.0,0.0,2.432997528986876,220949.0,538.9
2026-07-01T05:45:31+00:00,2026-07-01T11:30:31+05:45,2026-07-01,11:30:31,1782884731,2,5,11,nepse_official,OPEN,2026-07-01,SIGS2,Siddhartha Investment Growth Scheme - 2,10.5,10.5,10.5,,10.5,10.5,0.0,,10000.0,105000.0,2.0,0.0,0.0,0.0,52500.0,10.5
2026-07-01T05:45:31+00:00,2026-07-01T11:30:31+05:45,2026-07-01,11:30:31,1782884731,2,5,11,nepse_official,OPEN,2026-07-01,SIKLES,Sikles Hydropower Limited,559.9,559.9,559.9,,559.9,547.0,12.899999999999977,,300.0,167970.0,3.0,0.0,0.0,2.3583180987202885,55990.0,559.9
2026-07-01T05:45:31+00:00,2026-07-01T11:30:31+05:45,2026-07-01,11:30:31,1782884731,2,5,11,nepse_official,OPEN,2026-07-01,SINDU,Sindhu Bikash Bank Ltd,662.2,705.0,662.2,,701.1,697.0,4.100000000000023,,555.0,389942.2,10.0,42.799999999999955,6.4633041377227345,0.5882352941176503,38994.22,702.5985585585586
2026-07-01T05:45:31+00:00,2026-07-01T11:30:31+05:45,2026-07-01,11:30:31,1782884731,2,5,11,nepse_official,OPEN,2026-07-01,SIPD,Shikhar power Development Limited,610.0,657.7,601.5,,625.1,620.0,5.100000000000023,,2153.0,1329881.8,66.0,56.200000000000045,9.213114754098369,0.822580645161294,20149.724242424243,617.6877844867627
2026-07-01T05:45:31+00:00,2026-07-01T11:30:31+05:45,2026-07-01,11:30:31,1782884731,2,5,11,nepse_official,OPEN,2026-07-01,SJCL,SANJEN JALAVIDHYUT COMPANY LIMITED,268.0,274.9,267.0,,267.2,267.0,0.19999999999998863,,270.0,72375.0,7.0,7.899999999999977,2.9477611940298423,0.07490636704119424,10339.285714285714,268.05555555555554
2026-07-01T05:45:31+00:00,2026-07-01T11:30:31+05:45,2026-07-01,11:30:31,1782884731,2,5,11,nepse_official,OPEN,2026-07-01,SJLIC,SuryaJyoti Life Insurance Company Limited,415.0,415.0,414.0,,414.0,418.0,-4.0,,30.0,12440.0,3.0,1.0,0.24096385542168677,-0.9569377990430622,4146.666666666667,414.6666666666667
2026-07-01T05:45:31+00:00,2026-07-01T11:30:31+05:45,2026-07-01,11:30:31,1782884731,2,5,11,nepse_official,OPEN,2026-07-01,SKBBL,Sana Kisan Bikas Laghubitta Bittiya Sanstha Limited,751.0,753.9,751.0,,753.9,748.0,5.899999999999977,,393.0,295639.7,8.0,2.8999999999999773,0.38615179760319274,0.7887700534759328,36954.9625,752.2638676844784
2026-07-01T05:45:31+00:00,2026-07-01T11:30:31+05:45,2026-07-01,11:30:31,1782884731,2,5,11,nepse_official,OPEN,2026-07-01,SKHEL,Suryakunda Hydro Electric Limited,933.0,989.7,933.0,,976.3,974.8,1.5,,748.0,734666.1,19.0,56.700000000000045,6.077170418006435,0.15387771850636028,38666.63684210526,982.1739304812834
2026-07-01T05:45:31+00:00,2026-07-01T11:30:31+05:45,2026-07-01,11:30:31,1782884731,2,5,11,nepse_official,OPEN,2026-07-01,SKHL,Super Khudi Hydropower Limited,901.2,926.0,901.2,,922.0,915.0,7.0,,7685.0,7100959.5,31.0,24.799999999999955,2.7518863737239183,0.7650273224043715,229063.20967741936,924.00253741054
2026-07-01T05:45:31+00:00,2026-07-01T11:30:31+05:45,2026-07-01,11:30:31,1782884731,2,5,11,nepse_official,OPEN,2026-07-01,SLBBL,Swarojgar Laghubitta Bittiya Sanstha Ltd.,799.0,812.0,799.0,,811.5,799.0,12.5,,251.0,203700.1,4.0,13.0,1.6270337922403004,1.5644555694618274,50925.025,811.5541832669323
2026-07-01T05:45:31+00:00,2026-07-01T11:30:31+05:45,2026-07-01,11:30:31,1782884731,2,5,11,nepse_official,OPEN,2026-07-01,SLBSL,Samudayik Laghubitta Bittiya Sanstha Limited,1160.0,1265.0,1136.0,,1138.1,1193.9,-55.80000000000018,,251.0,299269.0,16.0,129.0,11.120689655172415,-4.67375827121201,18704.3125,1192.3067729083666
2026-07-01T05:45:31+00:00,2026-07-01T11:30:31+05:45,2026-07-01,11:30:31,1782884731,2,5,11,nepse_official,OPEN,2026-07-01,SMATA,Samata Gharelu Laghubitta Bittiya Sanstha Limited,735.0,745.0,735.0,,745.0,743.0,2.0,,169.0,125740.0,6.0,10.0,1.3605442176870748,0.2691790040376851,20956.666666666668,744.0236686390532
2026-07-01T05:45:31+00:00,2026-07-01T11:30:31+05:45,2026-07-01,11:30:31,1782884731,2,5,11,nepse_official,OPEN,2026-07-01,SMB,Support Microfinance Bittiya Sanstha Ltd.,1983.9,1984.0,1983.9,,1984.0,1984.0,0.0,,88.0,174590.0,2.0,0.09999999999990905,0.005040576641963257,0.0,87295.0,1983.9772727272727
2026-07-01T05:45:31+00:00,2026-07-01T11:30:31+05:45,2026-07-01,11:30:31,1782884731,2,5,11,nepse_official,OPEN,2026-07-01,SMFBS,Swabhimaan Laghubitta Bittiya Sanstha Limited,1614.0,1615.0,1614.0,,1615.0,1611.0,4.0,,46.0,74275.0,2.0,1.0,0.061957868649318466,0.2482929857231533,37137.5,1614.6739130434783
2026-07-01T05:45:31+00:00,2026-07-01T11:30:31+05:45,2026-07-01,11:30:31,1782884731,2,5,11,nepse_official,OPEN,2026-07-01,SMH,Super Mai Hydropower Limited,530.0,530.0,520.0,,524.0,521.7,2.2999999999999545,,1359.0,719807.0,17.0,10.0,1.8867924528301887,0.44086639831319807,42341.58823529412,529.6593083149374
2026-07-01T05:45:31+00:00,2026-07-01T11:30:31+05:45,2026-07-01,11:30:31,1782884731,2,5,11,nepse_official,OPEN,2026-07-01,SMHL,Super Madi Hydropower Limited,458.1,470.1,458.1,,470.1,469.0,1.1000000000000227,,231.0,107493.1,7.0,12.0,2.619515389652914,0.23454157782516477,15356.157142857144,465.33809523809526
2026-07-01T05:45:31+00:00,2026-07-01T11:30:31+05:45,2026-07-01,11:30:31,1782884731,2,5,11,nepse_official,OPEN,2026-07-01,SMJC,Sagarmatha Jalabidhyut Company Limited,445.5,458.0,445.5,,446.0,441.1,4.899999999999977,,752.0,342582.6,10.0,12.5,2.8058361391694726,1.110859215597365,34258.259999999995,455.56196808510634
2026-07-01T05:45:31+00:00,2026-07-01T11:30:31+05:45,2026-07-01,11:30:31,1782884731,2,5,11,nepse_official,OPEN,2026-07-01,SMPDA,Sampada Laghubitta Bittiya Sanstha Limited,772.0,800.0,772.0,,800.0,794.0,6.0,,129.0,102168.0,4.0,28.0,3.6269430051813467,0.7556675062972292,25542.0,792.0
2026-07-01T05:45:31+00:00,2026-07-01T11:30:31+05:45,2026-07-01,11:30:31,1782884731,2,5,11,nepse_official,OPEN,2026-07-01,SNLI,Sun Nepal Life Insurance Company Limited,430.1,435.0,430.1,,432.1,431.5,0.6000000000000227,,117.0,50517.2,9.0,4.899999999999977,1.1392699372238961,0.13904982618772255,5613.022222222222,431.77094017094015
2026-07-01T05:45:31+00:00,2026-07-01T11:30:31+05:45,2026-07-01,11:30:31,1782884731,2,5,11,nepse_official,OPEN,2026-07-01,SNORL,Snow Rivers Limited,467.8,481.8,467.8,,481.8,454.2,27.600000000000023,,20.0,9496.0,2.0,14.0,2.9927319367250957,6.076618229854694,4748.0,474.8
2026-07-01T05:45:31+00:00,2026-07-01T11:30:31+05:45,2026-07-01,11:30:31,1782884731,2,5,11,nepse_official,OPEN,2026-07-01,SOHL,Solu Hydropower Limited,610.0,625.0,610.0,,620.0,612.1,7.899999999999977,,3270.0,2023716.0,131.0,15.0,2.459016393442623,1.2906387845123308,15448.213740458015,618.8733944954129
2026-07-01T05:45:31+00:00,2026-07-01T11:30:31+05:45,2026-07-01,11:30:31,1782884731,2,5,11,nepse_official,OPEN,2026-07-01,SONA,Sonapur Minerals And Oil Limited,416.0,422.0,415.0,,420.5,416.1,4.399999999999977,,1057.0,443200.0,24.0,7.0,1.6826923076923077,1.0574381158375337,18466.666666666668,419.29990539262064
2026-07-01T05:45:31+00:00,2026-07-01T11:30:31+05:45,2026-07-01,11:30:31,1782884731,2,5,11,nepse_official,OPEN,2026-07-01,SOPL,Sopan Pharmaceuticals Limited,833.0,884.0,810.5,,850.0,833.1,16.899999999999977,,20507.0,17321134.0,663.0,73.5,8.823529411764707,2.028567999039728,26125.390648567118,844.6449505047057
2026-07-01T05:45:31+00:00,2026-07-01T11:30:31+05:45,2026-07-01,11:30:31,1782884731,2,5,11,nepse_official,OPEN,2026-07-01,SPC,Samling Power Company Limited,420.0,431.8,420.0,,431.8,411.0,20.80000000000001,,292.0,122769.8,4.0,11.800000000000011,2.809523809523812,5.060827250608275,30692.45,420.4445205479452
2026-07-01T05:45:31+00:00,2026-07-01T11:30:31+05:45,2026-07-01,11:30:31,1782884731,2,5,11,nepse_official,OPEN,2026-07-01,SPDL,Synergy Power Development Ltd.,362.0,364.0,359.9,,364.0,357.0,7.0,,3720.0,1341291.0,16.0,4.100000000000023,1.1325966850828793,1.9607843137254901,83830.6875,360.56209677419355
2026-07-01T05:45:31+00:00,2026-07-01T11:30:31+05:45,2026-07-01,11:30:31,1782884731,2,5,11,nepse_official,OPEN,2026-07-01,SPHL,Sayapatri Hydropower Limited,560.0,586.0,548.2,,553.0,577.0,-24.0,,5140.0,2952654.8,28.0,37.799999999999955,6.749999999999992,-4.15944540727903,105451.95714285714,574.4464591439688
2026-07-01T05:45:31+00:00,2026-07-01T11:30:31+05:45,2026-07-01,11:30:31,1782884731,2,5,11,nepse_official,OPEN,2026-07-01,SRLI,Sanima Reliance Life Insurance Limited,375.1,379.1,375.1,,379.1,379.0,0.10000000000002274,,114.0,43023.5,11.0,4.0,1.0663822980538522,0.026385224274412332,3911.2272727272725,377.39912280701753
2026-07-01T05:45:31+00:00,2026-07-01T11:30:31+05:45,2026-07-01,11:30:31,1782884731,2,5,11,nepse_official,OPEN,2026-07-01,SSHL,Shiva Shree Hydropower Ltd,196.0,198.9,194.0,,198.0,193.9,4.099999999999994,,15794.0,3113693.5,66.0,4.900000000000006,2.500000000000003,2.114492006188754,47177.17424242424,197.144073698873
2026-07-01T05:45:31+00:00,2026-07-01T11:30:31+05:45,2026-07-01,11:30:31,1782884731,2,5,11,nepse_official,OPEN,2026-07-01,STC,Salt Trading Corporation,5150.0,5150.0,5051.0,,5051.0,5199.0,-148.0,,1725.0,8715165.0,3.0,99.0,1.9223300970873787,-2.8467012887093675,2905055.0,5052.269565217392
2026-07-01T05:45:31+00:00,2026-07-01T11:30:31+05:45,2026-07-01,11:30:31,1782884731,2,5,11,nepse_official,OPEN,2026-07-01,SWASTIK,Swastik Laghubitta Bittiya Sanstha Limited,2100.0,2121.0,2100.0,,2121.0,2071.0,50.0,,170.0,359310.0,8.0,21.0,1.0,2.4142926122646067,44913.75,2113.5882352941176
2026-07-01T05:45:31+00:00,2026-07-01T11:30:31+05:45,2026-07-01,11:30:31,1782884731,2,5,11,nepse_official,OPEN,2026-07-01,SWBBL,Swabalamban Laghubitta Bittiya Sanstha Limited,697.5,700.0,690.0,,700.0,697.7,2.2999999999999545,,220.0,152305.0,6.0,10.0,1.4336917562724014,0.32965457933208464,25384.166666666668,692.2954545454545
2026-07-01T05:45:31+00:00,2026-07-01T11:30:31+05:45,2026-07-01,11:30:31,1782884731,2,5,11,nepse_official,OPEN,2026-07-01,SWMF,Suryodaya Womi Laghubitta Bittiya Sanstha Limited,614.0,625.0,614.0,,625.0,614.9,10.100000000000023,,127.0,79243.0,3.0,11.0,1.7915309446254073,1.642543503008623,26414.333333333332,623.9606299212599
2026-07-01T05:45:31+00:00,2026-07-01T11:30:31+05:45,2026-07-01,11:30:31,1782884731,2,5,11,nepse_official,OPEN,2026-07-01,SYPNL,SY Panel Nepal Limited,1267.3,1389.0,1267.3,,1366.9,1334.0,32.90000000000009,,3170.0,4289458.2,82.0,121.70000000000005,9.603093190246986,2.4662668665667233,52310.46585365854,1353.1413880126183
2026-07-01T05:45:31+00:00,2026-07-01T11:30:31+05:45,2026-07-01,11:30:31,1782884731,2,5,11,nepse_official,OPEN,2026-07-01,TAMOR,Sanima Middle Tamor Hydropower Limited,435.7,446.0,435.7,,445.0,438.6,6.399999999999977,,1325.0,588277.5,19.0,10.300000000000011,2.3640119348175377,1.459188326493383,30961.973684210527,443.98301886792456
2026-07-01T05:45:31+00:00,2026-07-01T11:30:31+05:45,2026-07-01,11:30:31,1782884731,2,5,11,nepse_official,OPEN,2026-07-01,TPC,Terhathum Power Company Limited,350.0,355.0,350.0,,355.0,350.3,4.699999999999989,,570.0,202059.0,8.0,5.0,1.4285714285714286,1.3417071081929741,25257.375,354.4894736842105
2026-07-01T05:45:31+00:00,2026-07-01T11:30:31+05:45,2026-07-01,11:30:31,1782884731,2,5,11,nepse_official,OPEN,2026-07-01,TPKHL,Taksar Pikhuwa Khola Hydropower Limited,596.0,655.0,550.0,,615.1,596.3,18.800000000000068,,27010.0,15992215.0,2645.0,105.0,17.61744966442953,3.1527754485997095,6046.2060491493385,592.084968530174
2026-07-01T05:45:31+00:00,2026-07-01T11:30:31+05:45,2026-07-01,11:30:31,1782884731,2,5,11,nepse_official,OPEN,2026-07-01,TSHL,Three Star Hydropower Limited,448.0,448.0,448.0,,448.0,445.2,2.8000000000000114,,44.0,19712.0,2.0,0.0,0.0,0.6289308176100654,9856.0,448.0
2026-07-01T05:45:31+00:00,2026-07-01T11:30:31+05:45,2026-07-01,11:30:31,1782884731,2,5,11,nepse_official,OPEN,2026-07-01,TTL,Trade Tower Limited,721.0,748.0,721.0,,735.1,725.0,10.100000000000023,,1470.0,1092422.8,26.0,27.0,3.744798890429958,1.3931034482758653,42016.26153846154,743.1447619047619
2026-07-01T05:45:31+00:00,2026-07-01T11:30:31+05:45,2026-07-01,11:30:31,1782884731,2,5,11,nepse_official,OPEN,2026-07-01,TVCL,Trishuli Jal Vidhyut Company Limited ,480.0,480.0,480.0,,480.0,479.0,1.0,,40.0,19200.0,3.0,0.0,0.0,0.20876826722338201,6400.0,480.0
2026-07-01T05:45:31+00:00,2026-07-01T11:30:31+05:45,2026-07-01,11:30:31,1782884731,2,5,11,nepse_official,OPEN,2026-07-01,UAIL,United Ajod Insurance Limited,451.0,460.0,451.0,,452.0,448.1,3.8999999999999773,,150.0,67931.0,8.0,9.0,1.9955654101995564,0.8703414416424854,8491.375,452.87333333333333
2026-07-01T05:45:31+00:00,2026-07-01T11:30:31+05:45,2026-07-01,11:30:31,1782884731,2,5,11,nepse_official,OPEN,2026-07-01,UHEWA,Upper Hewakhola Hydropower Company Limited,610.0,610.0,573.0,,588.0,581.9,6.100000000000023,,1050.0,618049.0,14.0,37.0,6.065573770491803,1.0482900842069125,44146.357142857145,588.6180952380953
2026-07-01T05:45:31+00:00,2026-07-01T11:30:31+05:45,2026-07-01,11:30:31,1782884731,2,5,11,nepse_official,OPEN,2026-07-01,ULHC,Upper Lohore Khola Hydropower Company Limited,417.0,417.0,417.0,,417.0,421.1,-4.100000000000023,,10.0,4170.0,1.0,0.0,0.0,-0.9736404654476425,4170.0,417.0
2026-07-01T05:45:31+00:00,2026-07-01T11:30:31+05:45,2026-07-01,11:30:31,1782884731,2,5,11,nepse_official,OPEN,2026-07-01,UMHL,United Modi Hydropower Ltd.,576.0,577.7,573.5,,575.0,575.0,0.0,,1930.0,1108646.0,9.0,4.2000000000000455,0.7291666666666746,0.0,123182.88888888889,574.4279792746114
2026-07-01T05:45:31+00:00,2026-07-01T11:30:31+05:45,2026-07-01,11:30:31,1782884731,2,5,11,nepse_official,OPEN,2026-07-01,UMRH,United IDI Mardi RB Hydropower Limited.,520.0,524.9,520.0,,524.9,515.0,9.899999999999977,,111.0,58210.0,2.0,4.899999999999977,0.942307692307688,1.9223300970873742,29105.0,524.4144144144144
2026-07-01T05:45:31+00:00,2026-07-01T11:30:31+05:45,2026-07-01,11:30:31,1782884731,2,5,11,nepse_official,OPEN,2026-07-01,UNHPL,Union Hydropower Limited,392.0,392.0,390.0,,390.0,386.0,4.0,,1945.0,761871.7,9.0,2.0,0.5102040816326531,1.0362694300518136,84652.41111111111,391.70781491002566
2026-07-01T05:45:31+00:00,2026-07-01T11:30:31+05:45,2026-07-01,11:30:31,1782884731,2,5,11,nepse_official,OPEN,2026-07-01,UPCL,UNIVERSAL POWER COMPANY LTD,341.5,348.0,336.0,,345.0,341.5,3.5,,5595.0,1924840.0,15.0,12.0,3.513909224011713,1.0248901903367496,128322.66666666667,344.0285969615728
2026-07-01T05:45:31+00:00,2026-07-01T11:30:31+05:45,2026-07-01,11:30:31,1782884731,2,5,11,nepse_official,OPEN,2026-07-01,UPPER,Upper Tamakoshi Hydropower Ltd,181.0,194.8,181.0,,194.0,190.5,3.5,,9881.0,1910043.6,64.0,13.800000000000011,7.624309392265199,1.837270341207349,29844.43125,193.30468576055057
2026-07-01T05:45:31+00:00,2026-07-01T11:30:31+05:45,2026-07-01,11:30:31,1782884731,2,5,11,nepse_official,OPEN,2026-07-01,USHEC,Upper Solu Hydro Electric Company Limited,500.0,500.0,485.5,,487.0,485.7,1.3000000000000114,,230.0,112126.0,5.0,14.5,2.9000000000000004,0.2676549310273855,22425.2,487.504347826087
2026-07-01T05:45:31+00:00,2026-07-01T11:30:31+05:45,2026-07-01,11:30:31,1782884731,2,5,11,nepse_official,OPEN,2026-07-01,USHL,Upper Syange Hydropower Limited,585.7,585.7,557.0,,568.0,557.9,10.100000000000023,,247.0,138558.4,11.0,28.700000000000045,4.900119515110132,1.8103602796200078,12596.218181818182,560.9651821862348
2026-07-01T05:45:31+00:00,2026-07-01T11:30:31+05:45,2026-07-01,11:30:31,1782884731,2,5,11,nepse_official,OPEN,2026-07-01,USLB,Unnati Sahakarya Laghubitta Bittiya Sanstha Limited,1220.0,1220.0,1220.0,,1220.0,1213.0,7.0,,20.0,24400.0,1.0,0.0,0.0,0.5770816158285244,24400.0,1220.0
2026-07-01T05:45:31+00:00,2026-07-01T11:30:31+05:45,2026-07-01,11:30:31,1782884731,2,5,11,nepse_official,OPEN,2026-07-01,VLBS,Vijaya laghubitta Bittiya Sanstha Ltd.,678.0,680.0,678.0,,680.0,678.0,2.0,,40.0,27160.0,4.0,2.0,0.2949852507374631,0.2949852507374631,6790.0,679.0
2026-07-01T05:45:31+00:00,2026-07-01T11:30:31+05:45,2026-07-01,11:30:31,1782884731,2,5,11,nepse_official,OPEN,2026-07-01,VLUCL,Vision Lumbini Urja Company Limited ,436.1,454.2,423.1,,454.2,439.0,15.199999999999989,,1270.0,560979.0,11.0,31.099999999999966,7.131391882595726,3.4624145785876967,50998.09090909091,441.71574803149605
2026-07-01T05:45:31+00:00,2026-07-01T11:30:31+05:45,2026-07-01,11:30:31,1782884731,2,5,11,nepse_official,OPEN,2026-07-01,WNLB,Wean Nepal Laghubitta Bittiya Sanstha Limited,1369.0,1495.0,1369.0,,1493.0,1330.0,163.0,,114.0,160665.6,8.0,126.0,9.203798392987581,12.25563909774436,20083.2,1409.3473684210526
2026-07-01T05:45:31+00:00,2026-07-01T11:30:31+05:45,2026-07-01,11:30:31,1782884731,2,5,11,nepse_official,OPEN,2026-07-01,YMHL,Yambaling Hydropower Limited,635.0,718.0,602.0,,670.1,636.5,33.60000000000002,,19710.0,12712234.0,1954.0,116.0,18.26771653543307,5.278868813825612,6505.74923234391,644.9636732623034
2026-07-01T06:15:27+00:00,2026-07-01T12:00:27+05:45,2026-07-01,12:00:27,1782886527,2,6,12,nepse_official,OPEN,2026-07-01,ACLBSL,Aarambha Chautari Laghubitta Bittiya Sanstha Limited,952.0,952.0,930.0,,949.0,930.0,19.0,,150.0,139910.0,7.0,22.0,2.3109243697478994,2.043010752688172,19987.14285714286,932.7333333333333
2026-07-01T06:15:27+00:00,2026-07-01T12:00:27+05:45,2026-07-01,12:00:27,1782886527,2,6,12,nepse_official,OPEN,2026-07-01,ADBL,Agricultural Development Bank Limited,300.0,303.5,300.0,,303.0,302.0,1.0,,3235.0,975217.8,40.0,3.5,1.1666666666666667,0.33112582781456956,24380.445,301.45836166924266
2026-07-01T06:15:27+00:00,2026-07-01T12:00:27+05:45,2026-07-01,12:00:27,1782886527,2,6,12,nepse_official,OPEN,2026-07-01,AHL,Asian Hydropower Limited,471.0,471.0,446.1,,450.0,448.8,1.1999999999999886,,733.0,328528.3,7.0,24.899999999999977,5.286624203821652,0.2673796791443825,46932.614285714284,448.1968622100955
2026-07-01T06:15:27+00:00,2026-07-01T12:00:27+05:45,2026-07-01,12:00:27,1782886527,2,6,12,nepse_official,OPEN,2026-07-01,AHPC,Arun Valley Hydropower Development Co. Ltd.,261.0,269.3,261.0,,269.3,261.0,8.300000000000011,,15840.0,4199446.8,75.0,8.300000000000011,3.1800766283524946,3.1800766283524946,55992.623999999996,265.1165909090909
2026-07-01T06:15:27+00:00,2026-07-01T12:00:27+05:45,2026-07-01,12:00:27,1782886527,2,6,12,nepse_official,OPEN,2026-07-01,AKJCL,Ankhu Khola Jalvidhyut Company Ltd,361.0,368.8,360.0,,368.6,360.0,8.600000000000023,,146514.0,53629357.6,353.0,8.800000000000011,2.437673130193909,2.388888888888895,151924.52577903683,366.03572081848836
2026-07-01T06:15:27+00:00,2026-07-01T12:00:27+05:45,2026-07-01,12:00:27,1782886527,2,6,12,nepse_official,OPEN,2026-07-01,AKPL,Arun Kabeli Power Ltd.,250.1,259.9,250.1,,259.9,252.5,7.399999999999977,,27546.0,7037949.9,62.0,9.799999999999983,3.9184326269492136,2.9306930693069217,113515.32096774194,255.4980723153997
2026-07-01T06:15:27+00:00,2026-07-01T12:00:27+05:45,2026-07-01,12:00:27,1782886527,2,6,12,nepse_official,OPEN,2026-07-01,ALBSL,Asha Laghubitta Bittiya Sanstha Ltd,1030.0,1089.9,1030.0,,1056.1,1075.0,-18.90000000000009,,730.0,789380.2,24.0,59.90000000000009,5.815533980582533,-1.7581395348837296,32890.84166666667,1081.3427397260273
2026-07-01T06:15:27+00:00,2026-07-01T12:00:27+05:45,2026-07-01,12:00:27,1782886527,2,6,12,nepse_official,OPEN,2026-07-01,ALICL,Asian Life Insurance Co. Limited,435.0,439.9,435.0,,439.9,434.8,5.099999999999966,,1228.0,537008.2,17.0,4.899999999999977,1.1264367816091903,1.172953081876717,31588.71764705882,437.3030944625407
2026-07-01T06:15:27+00:00,2026-07-01T12:00:27+05:45,2026-07-01,12:00:27,1782886527,2,6,12,nepse_official,OPEN,2026-07-01,ANLB,Aatmanirbhar Laghubitta Bittiya Sanstha Limited,5707.0,5755.0,5707.0,,5716.1,5882.0,-165.89999999999964,,51.0,291585.0,5.0,48.0,0.8410723672682671,-2.820469228153683,58317.0,5717.35294117647
2026-07-01T06:15:27+00:00,2026-07-01T12:00:27+05:45,2026-07-01,12:00:27,1782886527,2,6,12,nepse_official,OPEN,2026-07-01,APHL,Appolo Hydropower Limited,807.5,881.6,807.5,,870.0,849.9,20.100000000000023,,8578.0,7414639.0,341.0,74.10000000000002,9.176470588235297,2.3649841157783293,21743.809384164222,864.378526463045
2026-07-01T06:15:27+00:00,2026-07-01T12:00:27+05:45,2026-07-01,12:00:27,1782886527,2,6,12,nepse_official,OPEN,2026-07-01,API,Api Power Company Ltd.,333.0,340.0,331.0,,336.1,331.7,4.400000000000034,,46649.0,15644695.4,128.0,9.0,2.7027027027027026,1.326499849261391,122224.1828125,335.37043452164033
2026-07-01T06:15:27+00:00,2026-07-01T12:00:27+05:45,2026-07-01,12:00:27,1782886527,2,6,12,nepse_official,OPEN,2026-07-01,AVYAN,Aviyan Laghubitta Bittiya Sanstha Limited,1053.8,1053.8,1052.9,,1053.0,1044.7,8.299999999999955,,60.0,63186.0,3.0,0.8999999999998636,0.08540520022773426,0.7944864554417492,21062.0,1053.1
2026-07-01T06:15:27+00:00,2026-07-01T12:00:27+05:45,2026-07-01,12:00:27,1782886527,2,6,12,nepse_official,OPEN,2026-07-01,BANDIPUR,Bandipur Cablecar and Tourism Limited,711.0,762.0,711.0,,759.9,722.0,37.89999999999998,,12488.0,9386552.5,168.0,51.0,7.172995780590717,5.249307479224374,55872.33630952381,751.6457799487508
2026-07-01T06:15:27+00:00,2026-07-01T12:00:27+05:45,2026-07-01,12:00:27,1782886527,2,6,12,nepse_official,OPEN,2026-07-01,BARUN,Barun Hydropower Co. Ltd.,316.0,323.4,316.0,,323.4,314.0,9.399999999999977,,13536.0,4336162.0,50.0,7.399999999999977,2.3417721518987267,2.9936305732484003,86723.24,320.3429373522459
2026-07-01T06:15:27+00:00,2026-07-01T12:00:27+05:45,2026-07-01,12:00:27,1782886527,2,6,12,nepse_official,OPEN,2026-07-01,BBC,Bishal Bazar Company Limited,4234.9,4234.9,4126.1,,4232.0,4162.0,70.0,,30.0,125930.0,3.0,108.79999999999927,2.5691279605185313,1.6818837097549257,41976.666666666664,4197.666666666667
2026-07-01T06:15:27+00:00,2026-07-01T12:00:27+05:45,2026-07-01,12:00:27,1782886527,2,6,12,nepse_official,OPEN,2026-07-01,BEDC,Bhugol Energy Development Company Limited,325.0,334.0,325.0,,334.0,325.0,9.0,,6573.0,2187647.0,56.0,9.0,2.769230769230769,2.769230769230769,39065.125,332.82321618743345
2026-07-01T06:15:27+00:00,2026-07-01T12:00:27+05:45,2026-07-01,12:00:27,1782886527,2,6,12,nepse_official,OPEN,2026-07-01,BFC,Best Finance Company Ltd.,499.7,510.0,498.0,,504.0,492.1,11.899999999999977,,5104.0,2561413.0,32.0,12.0,2.4014408645187113,2.4182076813655713,80044.15625,501.84423981191225
2026-07-01T06:15:27+00:00,2026-07-01T12:00:27+05:45,2026-07-01,12:00:27,1782886527,2,6,12,nepse_official,OPEN,2026-07-01,BGWT,Bhagawati Hydropower Development Company Limited,599.2,601.0,599.2,,601.0,587.1,13.899999999999977,,92.0,55193.4,4.0,1.7999999999999545,0.30040053404538625,2.3675694089592874,13798.35,599.9282608695652
2026-07-01T06:15:27+00:00,2026-07-01T12:00:27+05:45,2026-07-01,12:00:27,1782886527,2,6,12,nepse_official,OPEN,2026-07-01,BHCL,Bikash Hydropower Company Limited,529.2,543.0,529.2,,539.2,536.0,3.2000000000000455,,1555.0,839232.0,39.0,13.799999999999955,2.607709750566885,0.5970149253731428,21518.76923076923,539.699035369775
2026-07-01T06:15:27+00:00,2026-07-01T12:00:27+05:45,2026-07-01,12:00:27,1782886527,2,6,12,nepse_official,OPEN,2026-07-01,BHDC,Bindhyabasini Hydropower Development Company Limited,440.0,440.0,430.1,,440.0,433.3,6.699999999999989,,815.0,355484.9,18.0,9.899999999999977,2.2499999999999947,1.5462727902146292,19749.161111111112,436.17779141104296
2026-07-01T06:15:27+00:00,2026-07-01T12:00:27+05:45,2026-07-01,12:00:27,1782886527,2,6,12,nepse_official,OPEN,2026-07-01,BHL,Balephi Hydropower Limited,209.0,210.0,205.0,,210.0,206.2,3.8000000000000114,,21655.0,4528494.9,112.0,5.0,2.3923444976076556,1.8428709990300736,40432.99017857143,209.1200600323251
2026-07-01T06:15:27+00:00,2026-07-01T12:00:27+05:45,2026-07-01,12:00:27,1782886527,2,6,12,nepse_official,OPEN,2026-07-01,BHPL,Barahi Hydropower Public Limited,490.0,499.8,480.0,,498.0,490.0,8.0,,2606.0,1275637.8,27.0,19.80000000000001,4.0408163265306145,1.6326530612244898,47245.84444444445,489.5003069838834
2026-07-01T06:15:27+00:00,2026-07-01T12:00:27+05:45,2026-07-01,12:00:27,1782886527,2,6,12,nepse_official,OPEN,2026-07-01,BJHL,Bhujung Hydropower Limited,795.0,810.7,775.0,,795.0,790.2,4.7999999999999545,,880.0,699465.0,28.0,35.700000000000045,4.490566037735855,0.6074411541381871,24980.89285714286,794.8465909090909
2026-07-01T06:15:27+00:00,2026-07-01T12:00:27+05:45,2026-07-01,12:00:27,1782886527,2,6,12,nepse_official,OPEN,2026-07-01,BNHC,Buddha Bhumi Nepal Hydropower Company Limited,312.0,315.0,312.0,,314.9,312.0,2.8999999999999773,,325.0,102115.0,10.0,3.0,0.9615384615384616,0.9294871794871722,10211.5,314.2
2026-07-01T06:15:27+00:00,2026-07-01T12:00:27+05:45,2026-07-01,12:00:27,1782886527,2,6,12,nepse_official,OPEN,2026-07-01,BPCL,Butwal Power Company Limited,637.0,649.9,637.0,,644.8,636.0,8.799999999999955,,1813.0,1165524.6,28.0,12.899999999999977,2.0251177394034503,1.3836477987421314,41625.87857142858,642.8707115278544
2026-07-01T06:15:27+00:00,2026-07-01T12:00:27+05:45,2026-07-01,12:00:27,1782886527,2,6,12,nepse_official,OPEN,2026-07-01,BUNGAL,Bungal Hydro Limited,639.0,658.9,621.0,,655.0,639.0,16.0,,8034.0,5215151.9,126.0,37.89999999999998,5.931142410015646,2.503912363067293,41390.09444444445,649.1351630570077
2026-07-01T06:15:27+00:00,2026-07-01T12:00:27+05:45,2026-07-01,12:00:27,1782886527,2,6,12,nepse_official,OPEN,2026-07-01,CBBL,Chhimek Laghubitta Bittiya Sanstha Limited,906.0,910.9,905.0,,910.8,906.5,4.2999999999999545,,2598.0,2364445.6,43.0,5.899999999999977,0.6512141280353175,0.4743519029233265,54987.10697674419,910.1022324865281
2026-07-01T06:15:27+00:00,2026-07-01T12:00:27+05:45,2026-07-01,12:00:27,1782886527,2,6,12,nepse_official,OPEN,2026-07-01,CFCL,Central Finance Co. Ltd.,592.0,607.5,592.0,,605.0,592.0,13.0,,9260.0,5569300.4,50.0,15.5,2.6182432432432434,2.195945945945946,111386.008,601.4363282937366
2026-07-01T06:15:27+00:00,2026-07-01T12:00:27+05:45,2026-07-01,12:00:27,1782886527,2,6,12,nepse_official,OPEN,2026-07-01,CGH,Chandragiri Hills Limited,764.0,773.9,764.0,,770.0,764.0,6.0,,11343.0,8718954.1,34.0,9.899999999999977,1.2958115183246044,0.7853403141361256,256439.82647058822,768.6638543595169
2026-07-01T06:15:27+00:00,2026-07-01T12:00:27+05:45,2026-07-01,12:00:27,1782886527,2,6,12,nepse_official,OPEN,2026-07-01,CHCL,Chilime Hydropower Company Limited,477.0,477.8,476.0,,477.0,472.5,4.5,,3103.0,1478521.7,23.0,1.8000000000000114,0.37735849056604015,0.9523809523809524,64283.55217391304,476.4813728649694
2026-07-01T06:15:27+00:00,2026-07-01T12:00:27+05:45,2026-07-01,12:00:27,1782886527,2,6,12,nepse_official,OPEN,2026-07-01,CHDC,CEDB Holdings Limited,2125.0,2165.0,2125.0,,2139.0,2115.0,24.0,,1777.0,3796007.0,20.0,40.0,1.8823529411764703,1.1347517730496455,189800.35,2136.18851997749
2026-07-01T06:15:27+00:00,2026-07-01T12:00:27+05:45,2026-07-01,12:00:27,1782886527,2,6,12,nepse_official,OPEN,2026-07-01,CHL,Chhyangdi Hydropower Ltd.,261.9,269.5,260.0,,269.5,261.9,7.600000000000023,,3650.0,970935.5,15.0,9.5,3.627338678885071,2.9018709431080656,64729.03333333333,266.0097260273973
2026-07-01T06:15:27+00:00,2026-07-01T12:00:27+05:45,2026-07-01,12:00:27,1782886527,2,6,12,nepse_official,OPEN,2026-07-01,CIT,Citizen Investment Trust,1685.0,1720.0,1683.0,,1720.0,1685.9,34.09999999999991,,1080.0,1845046.8,39.0,37.0,2.195845697329377,2.022658520671446,47308.89230769231,1708.3766666666668
2026-07-01T06:15:27+00:00,2026-07-01T12:00:27+05:45,2026-07-01,12:00:27,1782886527,2,6,12,nepse_official,OPEN,2026-07-01,CITY,City Hotel Limited,420.0,420.0,398.0,,407.9,404.0,3.8999999999999773,,20526.0,8320403.9,121.0,22.0,5.238095238095238,0.9653465346534598,68763.66859504132,405.35924680892526
2026-07-01T06:15:27+00:00,2026-07-01T12:00:27+05:45,2026-07-01,12:00:27,1782886527,2,6,12,nepse_official,OPEN,2026-07-01,CKHL,Chirkhwa Hydropower Limited ,615.0,615.0,614.0,,614.0,599.0,15.0,,60.0,36890.0,4.0,1.0,0.16260162601626016,2.5041736227045077,9222.5,614.8333333333334
2026-07-01T06:15:27+00:00,2026-07-01T12:00:27+05:45,2026-07-01,12:00:27,1782886527,2,6,12,nepse_official,OPEN,2026-07-01,CLI,Citizen Life Insurance Company Limited,440.0,445.4,440.0,,445.4,443.0,2.3999999999999773,,1702.0,756127.8,34.0,5.399999999999977,1.2272727272727222,0.5417607223476246,22239.052941176473,444.25840188014104
2026-07-01T06:15:27+00:00,2026-07-01T12:00:27+05:45,2026-07-01,12:00:27,1782886527,2,6,12,nepse_official,OPEN,2026-07-01,CMF2,CITIZENS MUTUAL FUND 2,10.15,10.15,10.15,,10.15,9.87,0.28000000000000114,,160.0,1624.0,1.0,0.0,0.0,2.836879432624125,1624.0,10.15
2026-07-01T06:15:27+00:00,2026-07-01T12:00:27+05:45,2026-07-01,12:00:27,1782886527,2,6,12,nepse_official,OPEN,2026-07-01,CORBL,Corporate Development Bank Limited,1804.1,1804.1,1693.1,,1767.0,1899.0,-132.0,,3048.0,5349234.5,76.0,111.0,6.1526522920015525,-6.9510268562401265,70384.66447368421,1754.9981955380576
2026-07-01T06:15:27+00:00,2026-07-01T12:00:27+05:45,2026-07-01,12:00:27,1782886527,2,6,12,nepse_official,OPEN,2026-07-01,CREST,Crest Micro Life Insurance Limited,1158.0,1227.5,1158.0,,1212.0,1192.0,20.0,,2886.0,3438414.7,58.0,69.5,6.001727115716753,1.6778523489932886,59283.01206896552,1191.411884961885
2026-07-01T06:15:27+00:00,2026-07-01T12:00:27+05:45,2026-07-01,12:00:27,1782886527,2,6,12,nepse_official,OPEN,2026-07-01,CSY,Citizens Santulit Yojana,9.07,9.38,9.07,,9.1,9.35,-0.25,,4000.0,36720.0,8.0,0.3100000000000005,3.417861080485121,-2.6737967914438503,4590.0,9.18
2026-07-01T06:15:27+00:00,2026-07-01T12:00:27+05:45,2026-07-01,12:00:27,1782886527,2,6,12,nepse_official,OPEN,2026-07-01,CYCL,CYC Nepal Laghubitta Bittiya Sanstha Limited,1289.2,1367.6,1289.2,,1367.6,1357.0,10.599999999999909,,622.0,847476.0,16.0,78.39999999999986,6.081290722928937,0.7811348563006565,52967.25,1362.501607717042
2026-07-01T06:15:27+00:00,2026-07-01T12:00:27+05:45,2026-07-01,12:00:27,1782886527,2,6,12,nepse_official,OPEN,2026-07-01,CZBIL,Citizens Bank International Limited,199.0,199.0,195.0,,196.1,194.0,2.0999999999999943,,2777.0,544029.9,24.0,4.0,2.0100502512562812,1.0824742268041208,22667.912500000002,195.90561757292042
2026-07-01T06:15:27+00:00,2026-07-01T12:00:27+05:45,2026-07-01,12:00:27,1782886527,2,6,12,nepse_official,OPEN,2026-07-01,DDBL,Deprosc Laghubitta Bittiya Sanstha Limited,820.0,840.0,820.0,,839.9,817.0,22.899999999999977,,31870.0,26328818.0,22.0,20.0,2.4390243902439024,2.802937576499385,1196764.4545454546,826.1317226231565
2026-07-01T06:15:27+00:00,2026-07-01T12:00:27+05:45,2026-07-01,12:00:27,1782886527,2,6,12,nepse_official,OPEN,2026-07-01,DHEL,Daramkhola Hydro Energy Limited,565.0,585.9,555.0,,585.9,567.0,18.899999999999977,,2519.0,1457003.3,48.0,30.899999999999977,5.469026548672563,3.333333333333329,30354.235416666666,578.4054386661373
2026-07-01T06:15:27+00:00,2026-07-01T12:00:27+05:45,2026-07-01,12:00:27,1782886527,2,6,12,nepse_official,OPEN,2026-07-01,DHPL,Dibyashwori Hydropower Ltd.,287.2,295.0,284.3,,284.3,279.0,5.300000000000011,,340.0,97873.5,13.0,10.699999999999989,3.725626740947072,1.899641577060936,7528.7307692307695,287.86323529411766
2026-07-01T06:15:27+00:00,2026-07-01T12:00:27+05:45,2026-07-01,12:00:27,1782886527,2,6,12,nepse_official,OPEN,2026-07-01,DLBS,Dhaulagiri Laghubitta Bittiya Sanstha Limited,1349.5,1349.5,1235.1,,1252.0,1349.0,-97.0,,88.0,111155.4,10.0,114.40000000000009,8.477213782882556,-7.190511489992588,11115.539999999999,1263.1295454545455
2026-07-01T06:15:27+00:00,2026-07-01T12:00:27+05:45,2026-07-01,12:00:27,1782886527,2,6,12,nepse_official,OPEN,2026-07-01,DOLTI,Dolti Power Company Limited,335.0,339.0,330.0,,336.0,330.5,5.5,,13691.0,4594061.0,51.0,9.0,2.6865671641791042,1.6641452344931922,90079.62745098039,335.55335621941424
2026-07-01T06:15:27+00:00,2026-07-01T12:00:27+05:45,2026-07-01,12:00:27,1782886527,2,6,12,nepse_official,OPEN,2026-07-01,DORDI,Dordi Khola Jal Bidyut Company Limited,245.0,252.0,244.1,,251.9,242.0,9.900000000000006,,5062.0,1254357.2,38.0,7.900000000000006,3.22448979591837,4.090909090909093,33009.4,247.7987356775978
2026-07-01T06:15:27+00:00,2026-07-01T12:00:27+05:45,2026-07-01,12:00:27,1782886527,2,6,12,nepse_official,OPEN,2026-07-01,EBL,Everest Bank Limited,699.9,700.0,691.0,,697.8,694.0,3.7999999999999545,,1262.0,879240.4,21.0,9.0,1.2858979854264896,0.5475504322766506,41868.590476190475,696.7039619651347
2026-07-01T06:15:27+00:00,2026-07-01T12:00:27+05:45,2026-07-01,12:00:27,1782886527,2,6,12,nepse_official,OPEN,2026-07-01,EDBL,Excel Development Bank Ltd.,565.0,565.0,564.0,,564.0,553.4,10.600000000000023,,140.0,79000.0,2.0,1.0,0.17699115044247787,1.9154318756776332,39500.0,564.2857142857143
2026-07-01T06:15:27+00:00,2026-07-01T12:00:27+05:45,2026-07-01,12:00:27,1782886527,2,6,12,nepse_official,OPEN,2026-07-01,EHPL,Eastern Hydropower Limited,391.6,391.6,370.0,,378.4,373.0,5.399999999999977,,2749.0,1036930.2,32.0,21.600000000000023,5.5158324821246225,1.4477211796246587,32404.06875,377.20269188795925
2026-07-01T06:15:27+00:00,2026-07-01T12:00:27+05:45,2026-07-01,12:00:27,1782886527,2,6,12,nepse_official,OPEN,2026-07-01,ENL,Emerging Nepal Limited,810.0,844.0,810.0,,844.0,820.0,24.0,,89.0,73164.0,7.0,34.0,4.197530864197531,2.9268292682926833,10452.0,822.0674157303371
2026-07-01T06:15:27+00:00,2026-07-01T12:00:27+05:45,2026-07-01,12:00:27,1782886527,2,6,12,nepse_official,OPEN,2026-07-01,FMDBL,First Micro Finance Laghubitta Bittiya Sanstha Limited,779.0,779.0,779.0,,779.0,762.8,16.200000000000045,,10.0,7790.0,1.0,0.0,0.0,2.123754588358685,7790.0,779.0
2026-07-01T06:15:27+00:00,2026-07-01T12:00:27+05:45,2026-07-01,12:00:27,1782886527,2,6,12,nepse_official,OPEN,2026-07-01,FOWAD,Forward Microfinance Laghubitta Bittiya Sanstha Limited,970.0,970.0,955.0,,961.0,960.0,1.0,,488.0,468519.0,10.0,15.0,1.5463917525773196,0.10416666666666667,46851.9,960.0799180327868
2026-07-01T06:15:27+00:00,2026-07-01T12:00:27+05:45,2026-07-01,12:00:27,1782886527,2,6,12,nepse_official,OPEN,2026-07-01,GBBD85,"Garima Debenture, 2085",1070.4,1075.0,1070.4,,1075.0,1080.0,-5.0,,51.0,54705.4,2.0,4.599999999999909,0.4297458893871365,-0.4629629629629629,27352.7,1072.6549019607844
2026-07-01T06:15:27+00:00,2026-07-01T12:00:27+05:45,2026-07-01,12:00:27,1782886527,2,6,12,nepse_official,OPEN,2026-07-01,GBBL,Garima Bikas Bank Limited,400.0,404.9,400.0,,404.9,399.0,5.899999999999977,,2925.0,1178357.6,22.0,4.899999999999977,1.2249999999999943,1.4786967418546308,53561.7090909091,402.8572991452992
2026-07-01T06:15:27+00:00,2026-07-01T12:00:27+05:45,2026-07-01,12:00:27,1782886527,2,6,12,nepse_official,OPEN,2026-07-01,GBIME,Global IME Bank Limited,238.0,253.0,238.0,,242.0,238.0,4.0,,161966.0,38798264.1,167.0,15.0,6.302521008403361,1.680672268907563,232324.93473053892,239.54573243767211
2026-07-01T06:15:27+00:00,2026-07-01T12:00:27+05:45,2026-07-01,12:00:27,1782886527,2,6,12,nepse_official,OPEN,2026-07-01,GBIMESY2,Global IME Sammunat Yojana -2,9.25,9.31,9.25,,9.31,9.21,0.09999999999999964,,200.0,1856.0,2.0,0.0600000000000005,0.648648648648654,1.0857763300760004,928.0,9.28
2026-07-01T06:15:27+00:00,2026-07-01T12:00:27+05:45,2026-07-01,12:00:27,1782886527,2,6,12,nepse_official,OPEN,2026-07-01,GBLBS,Grameen Bikas Laghubitta Bittiya Sanstha Ltd.,750.0,750.0,745.1,,745.1,748.8,-3.699999999999932,,40.0,29951.0,3.0,4.899999999999977,0.6533333333333303,-0.4941239316239226,9983.666666666666,748.775
2026-07-01T06:15:27+00:00,2026-07-01T12:00:27+05:45,2026-07-01,12:00:27,1782886527,2,6,12,nepse_official,OPEN,2026-07-01,GCIL,Ghorahi Cement Industry Limited,349.0,356.0,349.0,,356.0,349.0,7.0,,4924.0,1749351.5,41.0,7.0,2.005730659025788,2.005730659025788,42667.10975609756,355.2704102355808
2026-07-01T06:15:27+00:00,2026-07-01T12:00:27+05:45,2026-07-01,12:00:27,1782886527,2,6,12,nepse_official,OPEN,2026-07-01,GFCL,Goodwill Finance Limited,682.5,682.5,620.0,,630.5,650.0,-19.5,,11931.0,7590436.8,62.0,62.5,9.157509157509157,-3.0,122426.4,636.1945184812673
2026-07-01T06:15:27+00:00,2026-07-01T12:00:27+05:45,2026-07-01,12:00:27,1782886527,2,6,12,nepse_official,OPEN,2026-07-01,GHL,Ghalemdi Hydro Limited,215.0,221.5,214.5,,221.5,215.5,6.0,,14319.0,3130553.8,45.0,7.0,3.255813953488372,2.784222737819025,69567.86222222222,218.62935959215028
2026-07-01T06:15:27+00:00,2026-07-01T12:00:27+05:45,2026-07-01,12:00:27,1782886527,2,6,12,nepse_official,OPEN,2026-07-01,GIBF1,Global IME Balanced Fund-1,10.56,10.56,10.56,,10.56,10.7,-0.1399999999999988,,250.0,2640.0,2.0,0.0,0.0,-1.3084112149532598,1320.0,10.56
2026-07-01T06:15:27+00:00,2026-07-01T12:00:27+05:45,2026-07-01,12:00:27,1782886527,2,6,12,nepse_official,OPEN,2026-07-01,GILB,Global IME Laghubitta Bittiya Sanstha Ltd.,1103.0,1107.0,1103.0,,1104.0,1076.0,28.0,,180.0,199024.0,4.0,4.0,0.3626473254759746,2.6022304832713754,49756.0,1105.6888888888889
2026-07-01T06:15:27+00:00,2026-07-01T12:00:27+05:45,2026-07-01,12:00:27,1782886527,2,6,12,nepse_official,OPEN,2026-07-01,GLBSL,Gurans Laghubitta Bittiya Sanstha Limited,1838.8,1849.9,1838.8,,1849.9,1838.8,11.100000000000136,,21.0,38672.0,3.0,11.100000000000136,0.6036545573199987,0.6036545573199987,12890.666666666666,1841.5238095238096
2026-07-01T06:15:27+00:00,2026-07-01T12:00:27+05:45,2026-07-01,12:00:27,1782886527,2,6,12,nepse_official,OPEN,2026-07-01,GLH,GreenLife Hydropower Limited,251.0,255.7,248.3,,255.7,248.1,7.599999999999994,,5290.0,1344828.0,29.0,7.399999999999977,2.948207171314732,3.0632809351068095,46373.379310344826,254.22079395085066
2026-07-01T06:15:27+00:00,2026-07-01T12:00:27+05:45,2026-07-01,12:00:27,1782886527,2,6,12,nepse_official,OPEN,2026-07-01,GMFBS,Ganapati Laghubitta Bittiya Sanstha Limited,1190.0,1190.0,1190.0,,1190.0,1218.0,-28.0,,54.0,64260.0,2.0,0.0,0.0,-2.2988505747126435,32130.0,1190.0
2026-07-01T06:15:27+00:00,2026-07-01T12:00:27+05:45,2026-07-01,12:00:27,1782886527,2,6,12,nepse_official,OPEN,2026-07-01,GMFIL,Guheshowori Merchant Bank & Finance Co. Ltd.,469.0,470.0,468.7,,470.0,459.0,11.0,,1210.0,567950.0,7.0,1.3000000000000114,0.2771855010661005,2.3965141612200433,81135.71428571429,469.3801652892562
2026-07-01T06:15:27+00:00,2026-07-01T12:00:27+05:45,2026-07-01,12:00:27,1782886527,2,6,12,nepse_official,OPEN,2026-07-01,GMLI,Guardian Micro Life Insurance Limited ,1147.0,1215.0,1147.0,,1175.0,1146.8,28.200000000000045,,130.0,152960.0,9.0,68.0,5.928509154315606,2.459016393442627,16995.555555555555,1176.6153846153845
2026-07-01T06:15:27+00:00,2026-07-01T12:00:27+05:45,2026-07-01,12:00:27,1782886527,2,6,12,nepse_official,OPEN,2026-07-01,GRDBL,Green Development Bank Ltd.,1015.0,1042.9,1015.0,,1041.5,1027.9,13.599999999999909,,416.0,427569.2,11.0,27.90000000000009,2.7487684729064132,1.3230859032979774,38869.92727272728,1027.810576923077
2026-07-01T06:15:27+00:00,2026-07-01T12:00:27+05:45,2026-07-01,12:00:27,1782886527,2,6,12,nepse_official,OPEN,2026-07-01,GSY,Garima Samriddhi Yojana,9.7,9.8,9.7,,9.71,9.8,-0.08999999999999986,,500.0,4863.0,5.0,0.10000000000000142,1.0309278350515612,-0.9183673469387741,972.6,9.726
2026-07-01T06:15:27+00:00,2026-07-01T12:00:27+05:45,2026-07-01,12:00:27,1782886527,2,6,12,nepse_official,OPEN,2026-07-01,GUFL,Gurkhas Finance Ltd.,550.1,550.1,549.0,,549.0,535.0,14.0,,28.0,15271.0,3.0,1.1000000000000227,0.19996364297400884,2.6168224299065423,5090.333333333333,545.3928571428571
2026-07-01T06:15:27+00:00,2026-07-01T12:00:27+05:45,2026-07-01,12:00:27,1782886527,2,6,12,nepse_official,OPEN,2026-07-01,GVL,Green Ventures Limited,467.0,479.0,465.8,,479.0,465.8,13.199999999999989,,895.0,420840.9,20.0,13.199999999999989,2.826552462526764,2.833834263632458,21042.045000000002,470.2132960893855
2026-07-01T06:15:27+00:00,2026-07-01T12:00:27+05:45,2026-07-01,12:00:27,1782886527,2,6,12,nepse_official,OPEN,2026-07-01,H8020,Himalayan 80-20,11.35,11.35,11.35,,11.35,11.35,0.0,,200.0,2270.0,1.0,0.0,0.0,0.0,2270.0,11.35
2026-07-01T06:15:27+00:00,2026-07-01T12:00:27+05:45,2026-07-01,12:00:27,1782886527,2,6,12,nepse_official,OPEN,2026-07-01,HATHY,Hathway Investment Nepal Limited,671.0,697.0,671.0,,696.0,687.0,9.0,,1961.0,1362869.1,29.0,26.0,3.8748137108792844,1.3100436681222707,46995.48620689655,694.9867924528303
2026-07-01T06:15:27+00:00,2026-07-01T12:00:27+05:45,2026-07-01,12:00:27,1782886527,2,6,12,nepse_official,OPEN,2026-07-01,HBL,Himalayan Bank Limited,190.0,195.0,190.0,,194.0,191.1,2.9000000000000057,,6791.0,1311467.6,138.0,5.0,2.631578947368421,1.5175300889586634,9503.388405797103,193.11848034162864
2026-07-01T06:15:27+00:00,2026-07-01T12:00:27+05:45,2026-07-01,12:00:27,1782886527,2,6,12,nepse_official,OPEN,2026-07-01,HDHPC,Himal Dolakha Hydropower Company Limited,202.0,209.0,202.0,,208.5,202.5,6.0,,28508.0,5918342.0,90.0,7.0,3.4653465346534658,2.9629629629629632,65759.35555555555,207.60284832327767
2026-07-01T06:15:27+00:00,2026-07-01T12:00:27+05:45,2026-07-01,12:00:27,1782886527,2,6,12,nepse_official,OPEN,2026-07-01,HDL,Himalayan Distillery Limited,1142.0,1148.0,1142.0,,1148.0,1141.0,7.0,,2814.0,3223767.7,61.0,6.0,0.5253940455341506,0.6134969325153374,52848.65081967213,1145.6175195451315
2026-07-01T06:15:27+00:00,2026-07-01T12:00:27+05:45,2026-07-01,12:00:27,1782886527,2,6,12,nepse_official,OPEN,2026-07-01,HEI,Himalayan Everest Insurance Limited,551.0,567.5,538.0,,549.5,535.0,14.5,,716.0,391202.5,9.0,29.5,5.353901996370237,2.710280373831776,43466.944444444445,546.3722067039106
2026-07-01T06:15:27+00:00,2026-07-01T12:00:27+05:45,2026-07-01,12:00:27,1782886527,2,6,12,nepse_official,OPEN,2026-07-01,HFIN,Hotel Forest Inn Limited,703.1,744.8,703.1,,743.0,721.0,22.0,,11943.0,8783226.4,197.0,41.69999999999993,5.930877542312605,3.0513176144244105,44584.90558375635,735.4288202294231
2026-07-01T06:15:27+00:00,2026-07-01T12:00:27+05:45,2026-07-01,12:00:27,1782886527,2,6,12,nepse_official,OPEN,2026-07-01,HHL,Himalayan Hydropower Limited,330.0,339.9,330.0,,338.0,332.0,6.0,,3670.0,1242406.0,28.0,9.899999999999977,2.999999999999993,1.8072289156626504,44371.642857142855,338.53024523160764
2026-07-01T06:15:27+00:00,2026-07-01T12:00:27+05:45,2026-07-01,12:00:27,1782886527,2,6,12,nepse_official,OPEN,2026-07-01,HIDCL,Hydorelectricity Investment and Development Company Ltd,250.0,255.0,250.0,,255.0,250.0,5.0,,7367.0,1866913.0,48.0,5.0,2.0,2.0,38894.020833333336,253.41563730147956
2026-07-01T06:15:27+00:00,2026-07-01T12:00:27+05:45,2026-07-01,12:00:27,1782886527,2,6,12,nepse_official,OPEN,2026-07-01,HIDCLP,Hydorelectricity Investment and Development Company Limited Promoter,186.0,190.0,186.0,,190.0,185.1,4.900000000000006,,41813.0,7899902.8,87.0,4.0,2.1505376344086025,2.6472177201512728,90803.48045977011,188.9341305335661
2026-07-01T06:15:27+00:00,2026-07-01T12:00:27+05:45,2026-07-01,12:00:27,1782886527,2,6,12,nepse_official,OPEN,2026-07-01,HIMSTAR,Him Star Urja Company Limited,741.0,810.7,741.0,,778.0,751.0,27.0,,1964.0,1504648.3,42.0,69.70000000000005,9.406207827260465,3.5952063914780292,35824.95952380953,766.1142057026477
2026-07-01T06:15:27+00:00,2026-07-01T12:00:27+05:45,2026-07-01,12:00:27,1782886527,2,6,12,nepse_official,OPEN,2026-07-01,HLBSL,Himalayan Laghubitta Bittiya Sanstha Limited,879.9,880.0,879.9,,880.0,873.9,6.100000000000023,,30.0,26399.0,3.0,0.10000000000002274,0.011364927832710847,0.6980203684632135,8799.666666666666,879.9666666666667
2026-07-01T06:15:27+00:00,2026-07-01T12:00:27+05:45,2026-07-01,12:00:27,1782886527,2,6,12,nepse_official,OPEN,2026-07-01,HLI,Himalayan Life Insurance Limited,316.0,324.7,316.0,,324.7,319.8,4.899999999999977,,5340.0,1725950.0,72.0,8.699999999999989,2.753164556962022,1.5322076297685983,23971.527777777777,323.2116104868914
2026-07-01T06:15:27+00:00,2026-07-01T12:00:27+05:45,2026-07-01,12:00:27,1782886527,2,6,12,nepse_official,OPEN,2026-07-01,HPPL,Himalayan Power Partner Ltd.,358.0,371.0,358.0,,364.0,358.0,6.0,,5653.0,2055749.0,21.0,13.0,3.6312849162011176,1.675977653631285,97892.80952380953,363.6562886962675
2026-07-01T06:15:27+00:00,2026-07-01T12:00:27+05:45,2026-07-01,12:00:27,1782886527,2,6,12,nepse_official,OPEN,2026-07-01,HRL,Himalayan Reinsurance Limited,568.2,588.1,568.2,,588.1,571.0,17.100000000000023,,13139.0,7654275.2,176.0,19.899999999999977,3.5022879267863383,2.9947460595446627,43490.200000000004,582.5614734759114
2026-07-01T06:15:27+00:00,2026-07-01T12:00:27+05:45,2026-07-01,12:00:27,1782886527,2,6,12,nepse_official,OPEN,2026-07-01,HURJA,Himalaya Urja Bikas Company Limited,231.0,236.6,231.0,,236.0,229.0,7.0,,15750.0,3696292.5,42.0,5.599999999999994,2.4242424242424216,3.056768558951965,88006.96428571429,234.6852380952381
2026-07-01T06:15:27+00:00,2026-07-01T12:00:27+05:45,2026-07-01,12:00:27,1782886527,2,6,12,nepse_official,OPEN,2026-07-01,ICFC,ICFC Finance Limited,612.0,621.9,612.0,,621.9,605.0,16.899999999999977,,20.0,12339.0,2.0,9.899999999999977,1.6176470588235257,2.7933884297520626,6169.5,616.95
2026-07-01T06:15:27+00:00,2026-07-01T12:00:27+05:45,2026-07-01,12:00:27,1782886527,2,6,12,nepse_official,OPEN,2026-07-01,ICFCD88,9% ICFC Finance Limited Debenture 2088,1130.1,1130.1,1130.1,,1130.1,1143.0,-12.900000000000091,,25.0,28252.5,1.0,0.0,0.0,-1.1286089238845225,28252.5,1130.1
2026-07-01T06:15:27+00:00,2026-07-01T12:00:27+05:45,2026-07-01,12:00:27,1782886527,2,6,12,nepse_official,OPEN,2026-07-01,ICFCD89,8% ICFC Finance Limited Debenture 2089,1094.1,1100.0,1094.1,,1096.2,1098.3,-2.099999999999909,,75.0,82257.5,3.0,5.900000000000091,0.5392560095055381,-0.19120458891012557,27419.166666666668,1096.7666666666667
2026-07-01T06:15:27+00:00,2026-07-01T12:00:27+05:45,2026-07-01,12:00:27,1782886527,2,6,12,nepse_official,OPEN,2026-07-01,IGI,IGI Prudential insurance Limited,441.0,441.0,441.0,,441.0,431.9,9.100000000000023,,10.0,4410.0,1.0,0.0,0.0,2.1069692058346896,4410.0,441.0
2026-07-01T06:15:27+00:00,2026-07-01T12:00:27+05:45,2026-07-01,12:00:27,1782886527,2,6,12,nepse_official,OPEN,2026-07-01,IHL,Ingwa Hydropower Limited,363.0,365.0,363.0,,365.0,353.0,12.0,,1095.0,397583.5,13.0,2.0,0.5509641873278237,3.39943342776204,30583.346153846152,363.08995433789954
2026-07-01T06:15:27+00:00,2026-07-01T12:00:27+05:45,2026-07-01,12:00:27,1782886527,2,6,12,nepse_official,OPEN,2026-07-01,ILBS,Infinity Laghubitta Bittiya Sanstha Limited,884.0,937.8,878.0,,900.0,884.0,16.0,,2553.0,2372828.2,11.0,59.799999999999955,6.764705882352937,1.809954751131222,215711.65454545457,929.427418723071
2026-07-01T06:15:27+00:00,2026-07-01T12:00:27+05:45,2026-07-01,12:00:27,1782886527,2,6,12,nepse_official,OPEN,2026-07-01,ILBSP,Infinity Laghubitta Bittiya Sanstha Limited Promoter Share,485.0,485.0,485.0,,485.0,500.0,-15.0,,9629.0,4670065.0,1.0,0.0,0.0,-3.0,4670065.0,485.0
2026-07-01T06:15:27+00:00,2026-07-01T12:00:27+05:45,2026-07-01,12:00:27,1782886527,2,6,12,nepse_official,OPEN,2026-07-01,ILI,IME Life Insurance Company Limited,410.0,426.9,410.0,,426.9,419.0,7.899999999999977,,3335.0,1418428.9,47.0,16.899999999999977,4.12195121951219,1.8854415274462952,30179.33829787234,425.31601199400296
2026-07-01T06:15:27+00:00,2026-07-01T12:00:27+05:45,2026-07-01,12:00:27,1782886527,2,6,12,nepse_official,OPEN,2026-07-01,JBBL,Jyoti Bikas Bank Limited,338.0,341.7,333.2,,341.0,334.8,6.199999999999989,,1155.0,392074.3,16.0,8.5,2.514792899408284,1.8518518518518483,24504.64375,339.4582683982684
2026-07-01T06:15:27+00:00,2026-07-01T12:00:27+05:45,2026-07-01,12:00:27,1782886527,2,6,12,nepse_official,OPEN,2026-07-01,JBLB,Jeevan Bikas Laghubitta  Bittya Sanstha Ltd,1236.0,1245.0,1225.1,,1240.0,1236.0,4.0,,1471.0,1824223.9,29.0,19.90000000000009,1.6100323624595543,0.3236245954692557,62904.2724137931,1240.1250169952414
2026-07-01T06:15:27+00:00,2026-07-01T12:00:27+05:45,2026-07-01,12:00:27,1782886527,2,6,12,nepse_official,OPEN,2026-07-01,JFL,Janaki Finance Company Limited,407.8,407.8,400.0,,400.0,397.0,3.0,,480.0,194800.0,6.0,7.800000000000011,1.9127023050514984,0.7556675062972292,32466.666666666668,405.8333333333333
2026-07-01T06:15:27+00:00,2026-07-01T12:00:27+05:45,2026-07-01,12:00:27,1782886527,2,6,12,nepse_official,OPEN,2026-07-01,JHAPA,Jhapa Energy Limited,1280.0,1315.0,1242.0,,1293.0,1287.0,6.0,,1306.0,1674196.9,39.0,73.0,5.703125,0.4662004662004662,42928.12564102564,1281.9271822358346
2026-07-01T06:15:27+00:00,2026-07-01T12:00:27+05:45,2026-07-01,12:00:27,1782886527,2,6,12,nepse_official,OPEN,2026-07-01,JOSHI,Joshi Hydropower Development Company Ltd,252.0,267.8,252.0,,266.9,259.6,7.2999999999999545,,1794.0,468844.4,13.0,15.800000000000011,6.269841269841274,2.812018489984574,36064.95384615385,261.3402452619844
2026-07-01T06:15:27+00:00,2026-07-01T12:00:27+05:45,2026-07-01,12:00:27,1782886527,2,6,12,nepse_official,OPEN,2026-07-01,KBL,Kumari Bank Limited,205.9,213.0,205.0,,210.9,204.2,6.700000000000017,,60938.0,12703843.7,166.0,8.0,3.885381253035454,3.281096963761027,76529.17891566265,208.47162197643505
2026-07-01T06:15:27+00:00,2026-07-01T12:00:27+05:45,2026-07-01,12:00:27,1782886527,2,6,12,nepse_official,OPEN,2026-07-01,KBSH,Kutheli Bukhari Small Hydropower Limited,1300.0,1431.0,1300.0,,1400.0,1285.0,115.0,,607.0,839210.0,25.0,131.0,10.076923076923077,8.949416342412452,33568.4,1382.5535420098847
2026-07-01T06:15:27+00:00,2026-07-01T12:00:27+05:45,2026-07-01,12:00:27,1782886527,2,6,12,nepse_official,OPEN,2026-07-01,KDBY,Kumari Dhanabriddhi Yojana,10.67,10.79,10.67,,10.68,10.79,-0.10999999999999943,,500.0,5372.0,5.0,0.11999999999999922,1.1246485473289525,-1.0194624652455926,1074.4,10.744
2026-07-01T06:15:27+00:00,2026-07-01T12:00:27+05:45,2026-07-01,12:00:27,1782886527,2,6,12,nepse_official,OPEN,2026-07-01,KDL,Kalinchowk Darshan Limited,749.1,768.0,748.0,,760.0,750.1,9.899999999999977,,252.0,190963.0,9.0,20.0,2.6698705112802026,1.319824023463535,21218.11111111111,757.7896825396825
2026-07-01T06:15:27+00:00,2026-07-01T12:00:27+05:45,2026-07-01,12:00:27,1782886527,2,6,12,nepse_official,OPEN,2026-07-01,KEF,Kumari Equity Fund,10.52,10.55,10.51,,10.55,10.52,0.030000000000001137,,5400.0,56955.0,4.0,0.040000000000000924,0.3802281368821381,0.2851711026616078,14238.75,10.547222222222222
2026-07-01T06:15:27+00:00,2026-07-01T12:00:27+05:45,2026-07-01,12:00:27,1782886527,2,6,12,nepse_official,OPEN,2026-07-01,KHPL,Kalinchock Hydropower Limited,830.0,889.0,821.0,,880.0,843.1,36.89999999999998,,5150.0,4446720.7,114.0,68.0,8.19277108433735,4.376705017198431,39006.32192982456,863.4409126213593
2026-07-01T06:15:27+00:00,2026-07-01T12:00:27+05:45,2026-07-01,12:00:27,1782886527,2,6,12,nepse_official,OPEN,2026-07-01,KKHC,Khanikhola Hydropower Co. Ltd.,255.0,276.0,246.1,,259.1,250.0,9.100000000000023,,35227.0,9096041.1,127.0,29.900000000000006,11.725490196078434,3.640000000000009,71622.37086614173,258.2121980299202
2026-07-01T06:15:27+00:00,2026-07-01T12:00:27+05:45,2026-07-01,12:00:27,1782886527,2,6,12,nepse_official,OPEN,2026-07-01,KMCDB,Kalika Laghubitta Bittiya Sanstha Ltd,816.9,824.0,815.1,,823.9,816.9,7.0,,1255.0,1030414.0,11.0,8.899999999999977,1.089484637042475,0.8568980291345331,93674.0,821.0470119521913
2026-07-01T06:15:27+00:00,2026-07-01T12:00:27+05:45,2026-07-01,12:00:27,1782886527,2,6,12,nepse_official,OPEN,2026-07-01,KPCL,Kalika power Company Ltd,470.0,473.0,470.0,,473.0,465.0,8.0,,509.0,239887.0,13.0,3.0,0.6382978723404255,1.7204301075268817,18452.846153846152,471.29076620825145
2026-07-01T06:15:27+00:00,2026-07-01T12:00:27+05:45,2026-07-01,12:00:27,1782886527,2,6,12,nepse_official,OPEN,2026-07-01,KSBBL,Kamana Sewa Bikas Bank Limited,473.0,479.5,470.2,,472.2,469.0,3.1999999999999886,,1399.0,661466.6,8.0,9.300000000000011,1.9661733615222012,0.6823027718550082,82683.325,472.81386704789134
2026-07-01T06:15:27+00:00,2026-07-01T12:00:27+05:45,2026-07-01,12:00:27,1782886527,2,6,12,nepse_official,OPEN,2026-07-01,KSY,Kumari Sabal Yojana,9.7,9.7,9.7,,9.7,9.65,0.049999999999998934,,100.0,970.0,1.0,0.0,0.0,0.5181347150258957,970.0,9.7
2026-07-01T06:15:27+00:00,2026-07-01T12:00:27+05:45,2026-07-01,12:00:27,1782886527,2,6,12,nepse_official,OPEN,2026-07-01,LBBL,Lumbini Bikas Bank Ltd.,471.0,483.9,470.0,,476.2,473.9,2.3000000000000114,,4021.0,1913093.1,20.0,13.899999999999977,2.9511677282377873,0.4853344587465734,95654.655,475.77545386719726
2026-07-01T06:15:27+00:00,2026-07-01T12:00:27+05:45,2026-07-01,12:00:27,1782886527,2,6,12,nepse_official,OPEN,2026-07-01,LEC,Liberty Energy Company Limited,209.0,213.0,208.9,,213.0,207.5,5.5,,22556.0,4761476.0,74.0,4.099999999999994,1.9617224880382749,2.6506024096385543,64344.27027027027,211.09576165986877
2026-07-01T06:15:27+00:00,2026-07-01T12:00:27+05:45,2026-07-01,12:00:27,1782886527,2,6,12,nepse_official,OPEN,2026-07-01,LICN,Life Insurance Corporation (Nepal) Limited,793.0,804.9,793.0,,803.0,793.0,10.0,,404.0,323583.0,7.0,11.899999999999977,1.500630517023957,1.2610340479192939,46226.142857142855,800.9480198019802
2026-07-01T06:15:27+00:00,2026-07-01T12:00:27+05:45,2026-07-01,12:00:27,1782886527,2,6,12,nepse_official,OPEN,2026-07-01,LSL,Laxmi Sunrise Bank Limited,215.5,218.0,212.5,,217.5,213.6,3.9000000000000057,,1304953.0,279696419.4,47.0,5.5,2.5522041763341066,1.8258426966292163,5950987.64680851,214.33447748692862
2026-07-01T06:15:27+00:00,2026-07-01T12:00:27+05:45,2026-07-01,12:00:27,1782886527,2,6,12,nepse_official,OPEN,2026-07-01,MABEL,Mabilung Energy Limited,630.0,674.6,630.0,,672.0,630.0,42.0,,2314.0,1506923.2,59.0,44.60000000000002,7.079365079365083,6.666666666666667,25541.071186440677,651.2200518582541
2026-07-01T06:15:27+00:00,2026-07-01T12:00:27+05:45,2026-07-01,12:00:27,1782886527,2,6,12,nepse_official,OPEN,2026-07-01,MAKAR,Makar Jitumaya Suri Hydropower Limited,461.0,462.0,461.0,,462.0,465.0,-3.0,,150.0,69250.0,5.0,1.0,0.21691973969631237,-0.6451612903225806,13850.0,461.6666666666667
2026-07-01T06:15:27+00:00,2026-07-01T12:00:27+05:45,2026-07-01,12:00:27,1782886527,2,6,12,nepse_official,OPEN,2026-07-01,MANDU,Mandu Hydropower Limited,786.0,810.0,785.1,,810.0,805.0,5.0,,340.0,273864.0,13.0,24.899999999999977,3.167938931297707,0.6211180124223602,21066.46153846154,805.4823529411765
2026-07-01T06:15:27+00:00,2026-07-01T12:00:27+05:45,2026-07-01,12:00:27,1782886527,2,6,12,nepse_official,OPEN,2026-07-01,MATRI,Matribhumi Lagubitta Bittiya Sanstha Limited,827.1,827.1,827.1,,827.1,850.0,-22.899999999999977,,13.0,10738.1,3.0,0.0,0.0,-2.6941176470588206,3579.366666666667,826.0076923076923
2026-07-01T06:15:27+00:00,2026-07-01T12:00:27+05:45,2026-07-01,12:00:27,1782886527,2,6,12,nepse_official,OPEN,2026-07-01,MBJC,Madhya Bhotekoshi Jalavidyut Company Limited,272.0,279.5,271.1,,274.2,272.4,1.8000000000000114,,2130.0,591286.0,35.0,8.399999999999977,3.0882352941176388,0.6607929515418545,16893.885714285716,277.59906103286386
2026-07-01T06:15:27+00:00,2026-07-01T12:00:27+05:45,2026-07-01,12:00:27,1782886527,2,6,12,nepse_official,OPEN,2026-07-01,MBL,Machhapuchhre Bank Limited,243.9,243.9,240.2,,242.5,240.0,2.5,,4818.0,1167391.7,28.0,3.700000000000017,1.5170151701517085,1.0416666666666665,41692.56071428571,242.29798671647987
2026-07-01T06:15:27+00:00,2026-07-01T12:00:27+05:45,2026-07-01,12:00:27,1782886527,2,6,12,nepse_official,OPEN,2026-07-01,MBLEF,MBL Equity Fund,10.22,10.22,9.92,,9.92,9.96,-0.040000000000000924,,200.0,2014.0,2.0,0.3000000000000007,2.9354207436399284,-0.4016064257028205,1007.0,10.07
2026-07-01T06:15:27+00:00,2026-07-01T12:00:27+05:45,2026-07-01,12:00:27,1782886527,2,6,12,nepse_official,OPEN,2026-07-01,MCHL,Menchhiyam Hydropower Limited,292.0,308.7,288.1,,307.9,288.2,19.69999999999999,,1879.0,566564.0,23.0,20.599999999999966,7.054794520547933,6.835530881332405,24633.217391304348,301.52421500798295
2026-07-01T06:15:27+00:00,2026-07-01T12:00:27+05:45,2026-07-01,12:00:27,1782886527,2,6,12,nepse_official,OPEN,2026-07-01,MDB,Miteri Development Bank Limited,597.4,597.4,571.1,,591.0,580.0,11.0,,730.0,431265.0,8.0,26.299999999999955,4.402410445262798,1.896551724137931,53908.125,590.7739726027397
2026-07-01T06:15:27+00:00,2026-07-01T12:00:27+05:45,2026-07-01,12:00:27,1782886527,2,6,12,nepse_official,OPEN,2026-07-01,MEHL,Manakamana Engineering Hydropower Limited,337.6,337.6,330.0,,330.1,327.9,2.2000000000000455,,510.0,168403.5,9.0,7.600000000000023,2.2511848341232295,0.6709362610552136,18711.5,330.2029411764706
2026-07-01T06:15:27+00:00,2026-07-01T12:00:27+05:45,2026-07-01,12:00:27,1782886527,2,6,12,nepse_official,OPEN,2026-07-01,MEL,Modi Energy Limited,220.0,227.0,220.0,,226.0,219.0,7.0,,2033.0,455331.5,35.0,7.0,3.1818181818181817,3.1963470319634704,13009.471428571429,223.97024102311855
2026-07-01T06:15:27+00:00,2026-07-01T12:00:27+05:45,2026-07-01,12:00:27,1782886527,2,6,12,nepse_official,OPEN,2026-07-01,MEN,Mountain Energy Nepal Limited,578.0,583.0,576.5,,583.0,570.0,13.0,,4140.0,2396662.5,41.0,6.5,1.124567474048443,2.280701754385965,58455.18292682927,578.9039855072464
2026-07-01T06:15:27+00:00,2026-07-01T12:00:27+05:45,2026-07-01,12:00:27,1782886527,2,6,12,nepse_official,OPEN,2026-07-01,MFIL,Manjushree Finance Ltd.,760.0,778.9,760.0,,778.8,772.0,6.7999999999999545,,1692.0,1311737.8,14.0,18.899999999999977,2.486842105263155,0.8808290155440355,93695.55714285714,775.2587470449173
2026-07-01T06:15:27+00:00,2026-07-01T12:00:27+05:45,2026-07-01,12:00:27,1782886527,2,6,12,nepse_official,OPEN,2026-07-01,MHCL,Molung Hydropower Company Limited,339.0,339.0,327.0,,336.0,330.0,6.0,,1188.0,397900.5,15.0,12.0,3.5398230088495577,1.8181818181818181,26526.7,334.93308080808083
2026-07-01T06:15:27+00:00,2026-07-01T12:00:27+05:45,2026-07-01,12:00:27,1782886527,2,6,12,nepse_official,OPEN,2026-07-01,MHL,Mandakini Hydropower Limited,455.0,472.0,455.0,,466.1,460.0,6.100000000000023,,170.0,79291.0,7.0,17.0,3.7362637362637363,1.3260869565217441,11327.285714285714,466.41764705882355
2026-07-01T06:15:27+00:00,2026-07-01T12:00:27+05:45,2026-07-01,12:00:27,1782886527,2,6,12,nepse_official,OPEN,2026-07-01,MHNL,Mountain Hydro Nepal Limited,245.0,246.5,241.1,,242.4,239.4,3.0,,767.0,188202.2,10.0,5.400000000000006,2.2040816326530637,1.2531328320802004,18820.22,245.37444589308998
2026-07-01T06:15:27+00:00,2026-07-01T12:00:27+05:45,2026-07-01,12:00:27,1782886527,2,6,12,nepse_official,OPEN,2026-07-01,MKCL,Muktinath Krishi Company Limited,1099.0,1100.0,1090.0,,1100.0,1090.0,10.0,,162.0,177863.0,7.0,10.0,0.9099181073703366,0.9174311926605505,25409.0,1097.9197530864199
2026-07-01T06:15:27+00:00,2026-07-01T12:00:27+05:45,2026-07-01,12:00:27,1782886527,2,6,12,nepse_official,OPEN,2026-07-01,MKHC,Maya Khola Hydropower Company Limited,293.0,304.0,293.0,,301.2,297.0,4.199999999999989,,1410.0,425686.8,23.0,11.0,3.754266211604096,1.4141414141414101,18508.121739130434,301.90553191489363
2026-07-01T06:15:27+00:00,2026-07-01T12:00:27+05:45,2026-07-01,12:00:27,1782886527,2,6,12,nepse_official,OPEN,2026-07-01,MKHL,Mai Khola Hydropower Limited,470.0,485.0,470.0,,472.0,467.0,5.0,,280.0,133084.0,12.0,15.0,3.1914893617021276,1.070663811563169,11090.333333333334,475.3
2026-07-01T06:15:27+00:00,2026-07-01T12:00:27+05:45,2026-07-01,12:00:27,1782886527,2,6,12,nepse_official,OPEN,2026-07-01,MKJC,Mailung Khola Jal Vidhyut Company Limited,445.3,461.0,445.3,,461.0,456.1,4.899999999999977,,140.0,64233.0,5.0,15.699999999999989,3.525713002470242,1.0743258057443492,12846.6,458.8071428571429
2026-07-01T06:15:27+00:00,2026-07-01T12:00:27+05:45,2026-07-01,12:00:27,1782886527,2,6,12,nepse_official,OPEN,2026-07-01,MLBBL,Mithila LaghuBitta Bittiya Sanstha Limited,1140.0,1140.0,1140.0,,1140.0,1135.0,5.0,,81.0,92340.0,1.0,0.0,0.0,0.4405286343612335,92340.0,1140.0
2026-07-01T06:15:27+00:00,2026-07-01T12:00:27+05:45,2026-07-01,12:00:27,1782886527,2,6,12,nepse_official,OPEN,2026-07-01,MLBL,Mahalaxmi Bikas Bank Ltd.,354.8,355.0,350.2,,355.0,352.0,3.0,,1626.0,575227.5,11.0,4.800000000000011,1.3528748590755388,0.8522727272727272,52293.40909090909,353.76845018450183
2026-07-01T06:15:27+00:00,2026-07-01T12:00:27+05:45,2026-07-01,12:00:27,1782886527,2,6,12,nepse_official,OPEN,2026-07-01,MLBS,Manushi Laghubitta Bittiya Sanstha Limited,1169.0,1172.0,1169.0,,1172.0,1169.5,2.5,,40.0,46850.0,3.0,3.0,0.2566295979469632,0.21376656690893547,15616.666666666666,1171.25
2026-07-01T06:15:27+00:00,2026-07-01T12:00:27+05:45,2026-07-01,12:00:27,1782886527,2,6,12,nepse_official,OPEN,2026-07-01,MLBSL,Mahila Lagubitta Bittiya Sanstha Limited ,1713.0,1713.0,1700.0,,1700.0,1713.0,-13.0,,20.0,34130.0,2.0,13.0,0.7589025102159953,-0.7589025102159953,17065.0,1706.5
2026-07-01T06:15:27+00:00,2026-07-01T12:00:27+05:45,2026-07-01,12:00:27,1782886527,2,6,12,nepse_official,OPEN,2026-07-01,MMF1,Mega Mutual Fund -1,9.71,9.97,9.68,,9.68,9.7,-0.019999999999999574,,1700.0,16498.0,7.0,0.2900000000000009,2.9866117404737476,-0.2061855670103049,2356.8571428571427,9.704705882352942
2026-07-01T06:15:27+00:00,2026-07-01T12:00:27+05:45,2026-07-01,12:00:27,1782886527,2,6,12,nepse_official,OPEN,2026-07-01,MMKJL,Mathillo Mailun Khola Jalvidhyut Limited,466.0,470.1,466.0,,470.1,467.0,3.1000000000000227,,130.0,60931.0,9.0,4.100000000000023,0.8798283261802623,0.6638115631691697,6770.111111111111,468.7
2026-07-01T06:15:27+00:00,2026-07-01T12:00:27+05:45,2026-07-01,12:00:27,1782886527,2,6,12,nepse_official,OPEN,2026-07-01,MNBBL,Muktinath Bikas Bank Ltd.,362.0,365.8,362.0,,365.8,362.5,3.3000000000000114,,2221.0,811763.8,23.0,3.8000000000000114,1.0497237569060804,0.91034482758621,35294.078260869566,365.4947321026565
2026-07-01T06:15:27+00:00,2026-07-01T12:00:27+05:45,2026-07-01,12:00:27,1782886527,2,6,12,nepse_official,OPEN,2026-07-01,MNMF1,Muktinath Mutual Fund 1,9.5,9.73,9.5,,9.73,9.75,-0.019999999999999574,,5150.0,49678.0,7.0,0.23000000000000043,2.421052631578952,-0.20512820512820074,7096.857142857143,9.64621359223301
2026-07-01T06:15:27+00:00,2026-07-01T12:00:27+05:45,2026-07-01,12:00:27,1782886527,2,6,12,nepse_official,OPEN,2026-07-01,MPFL,Multipurpose Finance Company  Limited,590.0,611.0,590.0,,610.0,605.0,5.0,,3000.0,1815102.0,23.0,21.0,3.5593220338983054,0.8264462809917356,78917.47826086957,605.034
2026-07-01T06:15:27+00:00,2026-07-01T12:00:27+05:45,2026-07-01,12:00:27,1782886527,2,6,12,nepse_official,OPEN,2026-07-01,MSHL,Mid Solu Hydropower Limited,590.0,590.0,576.0,,577.0,585.0,-8.0,,580.0,334761.4,12.0,14.0,2.3728813559322033,-1.3675213675213675,27896.783333333336,577.1748275862069
2026-07-01T06:15:27+00:00,2026-07-01T12:00:27+05:45,2026-07-01,12:00:27,1782886527,2,6,12,nepse_official,OPEN,2026-07-01,MSLB,Mahuli Laghubitta Bittiya Sanstha Limited,1244.0,1245.0,1244.0,,1245.0,1245.0,0.0,,40.0,49790.0,4.0,1.0,0.08038585209003216,0.0,12447.5,1244.75
2026-07-01T06:15:27+00:00,2026-07-01T12:00:27+05:45,2026-07-01,12:00:27,1782886527,2,6,12,nepse_official,OPEN,2026-07-01,NABBC,Narayani Development Bank Limited,789.0,789.0,789.0,,789.0,770.0,19.0,,10.0,7890.0,1.0,0.0,0.0,2.4675324675324677,7890.0,789.0
2026-07-01T06:15:27+00:00,2026-07-01T12:00:27+05:45,2026-07-01,12:00:27,1782886527,2,6,12,nepse_official,OPEN,2026-07-01,NABIL,Nabil Bank Limited,520.0,526.0,515.09,,525.0,521.9,3.1000000000000227,,7326.0,3835795.85,98.0,10.909999999999968,2.098076923076917,0.5939835217474656,39140.77397959184,523.5866571116571
2026-07-01T06:15:27+00:00,2026-07-01T12:00:27+05:45,2026-07-01,12:00:27,1782886527,2,6,12,nepse_official,OPEN,2026-07-01,NABILD2089,7% Nabil Debenture 2089,1073.0,1080.1,1073.0,,1075.0,1060.0,15.0,,8894.0,9546953.5,5.0,7.099999999999909,0.6616961789375497,1.4150943396226416,1909390.7,1073.4150550933214
2026-07-01T06:15:27+00:00,2026-07-01T12:00:27+05:45,2026-07-01,12:00:27,1782886527,2,6,12,nepse_official,OPEN,2026-07-01,NADEP,Nadep Laghubittiya bittya Sanstha Ltd.,731.9,731.9,731.9,,731.9,711.0,20.899999999999977,,10.0,7319.0,1.0,0.0,0.0,2.9395218002812906,7319.0,731.9
2026-07-01T06:15:27+00:00,2026-07-01T12:00:27+05:45,2026-07-01,12:00:27,1782886527,2,6,12,nepse_official,OPEN,2026-07-01,NBF3,Nabil Balanced Fund-3,9.89,9.9,9.89,,9.9,10.15,-0.25,,1400.0,13857.0,3.0,0.009999999999999787,0.10111223458038206,-2.463054187192118,4619.0,9.897857142857143
2026-07-01T06:15:27+00:00,2026-07-01T12:00:27+05:45,2026-07-01,12:00:27,1782886527,2,6,12,nepse_official,OPEN,2026-07-01,NBL,Nepal Bank Limited,260.1,264.0,260.1,,263.0,262.2,0.8000000000000114,,1919.0,505246.0,22.0,3.8999999999999773,1.4994232987312484,0.30511060259344447,22965.727272727272,263.2860865033872
2026-07-01T06:15:27+00:00,2026-07-01T12:00:27+05:45,2026-07-01,12:00:27,1782886527,2,6,12,nepse_official,OPEN,2026-07-01,NESDO,NESDO Sambridha Laghubitta Bittiya Sanstha Limited,1510.0,1530.0,1500.0,,1530.0,1528.0,2.0,,96.0,144953.3,7.0,30.0,1.9867549668874174,0.13089005235602094,20707.614285714284,1509.9302083333332
2026-07-01T06:15:27+00:00,2026-07-01T12:00:27+05:45,2026-07-01,12:00:27,1782886527,2,6,12,nepse_official,OPEN,2026-07-01,NFS,Nepal Finance Ltd.,566.0,588.0,562.1,,576.0,566.0,10.0,,1650.0,954287.0,22.0,25.899999999999977,4.575971731448759,1.76678445229682,43376.681818181816,578.3557575757576
2026-07-01T06:15:27+00:00,2026-07-01T12:00:27+05:45,2026-07-01,12:00:27,1782886527,2,6,12,nepse_official,OPEN,2026-07-01,NGPL,Ngadi Group Power Ltd.,404.0,414.7,404.0,,413.8,402.9,10.900000000000034,,43806.0,17950446.0,122.0,10.699999999999989,2.6485148514851455,2.705385951849103,147134.80327868852,409.77140117792084
2026-07-01T06:15:27+00:00,2026-07-01T12:00:27+05:45,2026-07-01,12:00:27,1782886527,2,6,12,nepse_official,OPEN,2026-07-01,NHDL,Nepal Hydro Developers Ltd.,620.2,636.0,620.2,,636.0,636.0,0.0,,3175.0,2018914.7,6.0,15.799999999999955,2.5475653015156325,0.0,336485.7833333333,635.8786456692914
2026-07-01T06:15:27+00:00,2026-07-01T12:00:27+05:45,2026-07-01,12:00:27,1782886527,2,6,12,nepse_official,OPEN,2026-07-01,NHPC,National Hydro Power Company Limited,255.0,266.9,255.0,,266.8,255.0,11.800000000000011,,90916.0,23862697.8,269.0,11.899999999999977,4.666666666666658,4.627450980392162,88708.91375464684,262.4697281006644
2026-07-01T06:15:27+00:00,2026-07-01T12:00:27+05:45,2026-07-01,12:00:27,1782886527,2,6,12,nepse_official,OPEN,2026-07-01,NIBLSTF,NIBL Stable Fund,9.05,9.05,9.04,,9.04,9.31,-0.27000000000000135,,200.0,1809.0,2.0,0.010000000000001563,0.11049723756907805,-2.900107411385621,904.5,9.045
2026-07-01T06:15:27+00:00,2026-07-01T12:00:27+05:45,2026-07-01,12:00:27,1782886527,2,6,12,nepse_official,OPEN,2026-07-01,NIBSF2,NIBL Samriddhi Fund -2,9.0,9.0,9.0,,9.0,9.2,-0.1999999999999993,,100.0,900.0,1.0,0.0,0.0,-2.173913043478253,900.0,9.0
2026-07-01T06:15:27+00:00,2026-07-01T12:00:27+05:45,2026-07-01,12:00:27,1782886527,2,6,12,nepse_official,OPEN,2026-07-01,NICA,NIC Asia Bank Ltd.,323.2,332.9,323.2,,331.0,327.1,3.8999999999999773,,13202.0,4359774.8,46.0,9.699999999999989,3.0012376237623726,1.1922959339651413,94777.71304347826,330.2359339494016
2026-07-01T06:15:27+00:00,2026-07-01T12:00:27+05:45,2026-07-01,12:00:27,1782886527,2,6,12,nepse_official,OPEN,2026-07-01,NICFC,NIC Asia Flexi CAP Fund,8.99,8.99,8.99,,8.99,9.1,-0.10999999999999943,,100.0,899.0,1.0,0.0,0.0,-1.2087912087912025,899.0,8.99
2026-07-01T06:15:27+00:00,2026-07-01T12:00:27+05:45,2026-07-01,12:00:27,1782886527,2,6,12,nepse_official,OPEN,2026-07-01,NICGF2,NIC ASIA Growth Fund-2,9.01,9.01,9.01,,9.01,9.12,-0.10999999999999943,,200.0,1802.0,2.0,0.0,0.0,-1.2061403508771869,901.0,9.01
2026-07-01T06:15:27+00:00,2026-07-01T12:00:27+05:45,2026-07-01,12:00:27,1782886527,2,6,12,nepse_official,OPEN,2026-07-01,NICL,Nepal Insurance Co. Ltd.,522.9,529.1,522.9,,529.1,513.7,15.399999999999977,,8814.0,4644390.1,16.0,6.2000000000000455,1.185695161598785,2.9978586723768688,290274.38125,526.9332992965736
2026-07-01T06:15:27+00:00,2026-07-01T12:00:27+05:45,2026-07-01,12:00:27,1782886527,2,6,12,nepse_official,OPEN,2026-07-01,NICLBSL,NIC ASIA Laghubitta Bittiya Sanstha Limited,550.0,556.0,550.0,,555.9,546.1,9.799999999999955,,615.0,339048.0,13.0,6.0,1.090909090909091,1.7945431239699605,26080.615384615383,551.2975609756097
2026-07-01T06:15:27+00:00,2026-07-01T12:00:27+05:45,2026-07-01,12:00:27,1782886527,2,6,12,nepse_official,OPEN,2026-07-01,NIFRA,Nepal Infrastructure Bank Limited,247.0,252.0,247.0,,251.9,247.2,4.700000000000017,,11561.0,2883031.9,80.0,5.0,2.0242914979757085,1.901294498381884,36037.89875,249.37565089525125
2026-07-01T06:15:27+00:00,2026-07-01T12:00:27+05:45,2026-07-01,12:00:27,1782886527,2,6,12,nepse_official,OPEN,2026-07-01,NIL,Neco Insurance Limited,614.3,625.0,614.2,,625.0,609.0,16.0,,214.0,133179.8,5.0,10.799999999999955,1.7580986488686237,2.6272577996715927,26635.96,622.3355140186916
2026-07-01T06:15:27+00:00,2026-07-01T12:00:27+05:45,2026-07-01,12:00:27,1782886527,2,6,12,nepse_official,OPEN,2026-07-01,NIMB,Nepal Investment Mega Bank Limited,199.5,199.5,190.0,,193.5,190.0,3.5,,19556.0,3739463.7,88.0,9.5,4.761904761904762,1.8421052631578945,42493.905681818185,191.21822969932504
2026-07-01T06:15:27+00:00,2026-07-01T12:00:27+05:45,2026-07-01,12:00:27,1782886527,2,6,12,nepse_official,OPEN,2026-07-01,NLG,NLG Insurance Company Ltd.,576.3,594.4,576.3,,594.0,580.0,14.0,,230.0,134516.0,4.0,18.100000000000023,3.140725316675347,2.413793103448276,33629.0,584.8521739130434
2026-07-01T06:15:27+00:00,2026-07-01T12:00:27+05:45,2026-07-01,12:00:27,1782886527,2,6,12,nepse_official,OPEN,2026-07-01,NLIC,Nepal Life Insurance Co. Ltd.,740.0,749.0,740.0,,748.0,737.0,11.0,,1930.0,1436549.0,24.0,9.0,1.2162162162162162,1.4925373134328357,59856.208333333336,744.3259067357513
2026-07-01T06:15:27+00:00,2026-07-01T12:00:27+05:45,2026-07-01,12:00:27,1782886527,2,6,12,nepse_official,OPEN,2026-07-01,NLICL,National Life Insurance Co. Ltd.,565.0,588.0,565.0,,588.0,574.0,14.0,,548.0,318489.0,10.0,23.0,4.070796460176991,2.4390243902439024,31848.9,581.1843065693431
2026-07-01T06:15:27+00:00,2026-07-01T12:00:27+05:45,2026-07-01,12:00:27,1782886527,2,6,12,nepse_official,OPEN,2026-07-01,NMB,NMB Bank Limited,230.0,239.9,230.0,,239.7,235.5,4.199999999999989,,7385.0,1752167.0,56.0,9.900000000000006,4.30434782608696,1.783439490445855,31288.696428571428,237.26025727826675
2026-07-01T06:15:27+00:00,2026-07-01T12:00:27+05:45,2026-07-01,12:00:27,1782886527,2,6,12,nepse_official,OPEN,2026-07-01,NMBD87/88,NMB Debenture 8.50% - 2087/88,1110.0,1110.0,1110.0,,1110.0,1135.0,-25.0,,25.0,27750.0,1.0,0.0,0.0,-2.2026431718061676,27750.0,1110.0
2026-07-01T06:15:27+00:00,2026-07-01T12:00:27+05:45,2026-07-01,12:00:27,1782886527,2,6,12,nepse_official,OPEN,2026-07-01,NMBMF,NMB  Microfinance Bittiya Sanstha Ltd.,614.9,615.0,614.9,,615.0,619.9,-4.899999999999977,,700.0,430498.0,6.0,0.10000000000002274,0.016262806960485078,-0.79045007259235,71749.66666666667,614.9971428571429
2026-07-01T06:15:27+00:00,2026-07-01T12:00:27+05:45,2026-07-01,12:00:27,1782886527,2,6,12,nepse_official,OPEN,2026-07-01,NMFBS,National Laghubitta Bittiya Sanstha Limited,1111.0,1124.9,1111.0,,1124.9,1114.0,10.900000000000091,,298.0,333291.0,9.0,13.900000000000091,1.2511251125112592,0.9784560143626654,37032.333333333336,1118.4261744966443
2026-07-01T06:15:27+00:00,2026-07-01T12:00:27+05:45,2026-07-01,12:00:27,1782886527,2,6,12,nepse_official,OPEN,2026-07-01,NMIC,Nepal Micro Insurance Company Limited,945.0,969.9,941.0,,951.4,945.0,6.399999999999977,,2240.0,2118614.1,25.0,28.899999999999977,3.058201058201056,0.6772486772486749,84744.564,945.8098660714286
2026-07-01T06:15:27+00:00,2026-07-01T12:00:27+05:45,2026-07-01,12:00:27,1782886527,2,6,12,nepse_official,OPEN,2026-07-01,NMLBBL,Nerude Mirmire Laghubitta Bittiya Sanstha Limited,542.0,553.9,541.0,,553.9,546.6,7.2999999999999545,,560.0,303763.2,11.0,12.899999999999977,2.3800738007380033,1.3355287230149935,27614.836363636365,542.4342857142857
2026-07-01T06:15:27+00:00,2026-07-01T12:00:27+05:45,2026-07-01,12:00:27,1782886527,2,6,12,nepse_official,OPEN,2026-07-01,NRIC,Nepal Reinsurance Company Limited,920.0,955.0,920.0,,953.0,919.0,34.0,,7764.0,7340283.1,105.0,35.0,3.804347826086957,3.6996735582154514,69907.4580952381,945.4254379185986
2026-07-01T06:15:27+00:00,2026-07-01T12:00:27+05:45,2026-07-01,12:00:27,1782886527,2,6,12,nepse_official,OPEN,2026-07-01,NRM,Nepal Republic Media Limited,315.5,332.7,315.5,,330.0,321.1,8.899999999999977,,3152.0,1028936.4,32.0,17.19999999999999,5.451664025356574,2.7717222049205783,32154.2625,326.43921319796954
2026-07-01T06:15:27+00:00,2026-07-01T12:00:27+05:45,2026-07-01,12:00:27,1782886527,2,6,12,nepse_official,OPEN,2026-07-01,NRN,NRN Infrastructure and Development Limited,1440.0,1440.0,1370.0,,1436.0,1412.5,23.5,,64645.0,89437853.3,128.0,70.0,4.861111111111112,1.663716814159292,698733.22890625,1383.5231386804858
2026-07-01T06:15:27+00:00,2026-07-01T12:00:27+05:45,2026-07-01,12:00:27,1782886527,2,6,12,nepse_official,OPEN,2026-07-01,NSIF2,NMB Sulav Investment Fund - 2,10.54,10.54,10.54,,10.54,10.65,-0.11000000000000121,,250.0,2635.0,2.0,0.0,0.0,-1.0328638497652693,1317.5,10.54
2026-07-01T06:15:27+00:00,2026-07-01T12:00:27+05:45,2026-07-01,12:00:27,1782886527,2,6,12,nepse_official,OPEN,2026-07-01,NSY,Nepal Life Samriddhi Lagani Yojana,9.1,9.15,9.1,,9.1,9.28,-0.17999999999999972,,600.0,5465.0,4.0,0.05000000000000071,0.5494505494505573,-1.93965517241379,1366.25,9.108333333333333
2026-07-01T06:15:27+00:00,2026-07-01T12:00:27+05:45,2026-07-01,12:00:27,1782886527,2,6,12,nepse_official,OPEN,2026-07-01,NTC,Nepal Doorsanchar Company Limited,848.0,848.0,842.0,,847.0,843.0,4.0,,695.0,588415.0,25.0,6.0,0.7075471698113208,0.4744958481613286,23536.6,846.6402877697842
2026-07-01T06:15:27+00:00,2026-07-01T12:00:27+05:45,2026-07-01,12:00:27,1782886527,2,6,12,nepse_official,OPEN,2026-07-01,NUBL,Nirdhan Utthan Laghubitta Bittiya Sanstha Limited,626.9,626.9,625.0,,625.0,617.0,8.0,,55.0,34344.0,3.0,1.8999999999999773,0.3030786409315644,1.2965964343598055,11448.0,624.4363636363636
2026-07-01T06:15:27+00:00,2026-07-01T12:00:27+05:45,2026-07-01,12:00:27,1782886527,2,6,12,nepse_official,OPEN,2026-07-01,NWCL,Nepal Warehousing Company Limited ,722.0,733.3,712.0,,733.3,719.0,14.299999999999955,,130.0,93853.0,4.0,21.299999999999955,2.9501385041551185,1.9888734353268365,23463.25,721.9461538461538
2026-07-01T06:15:27+00:00,2026-07-01T12:00:27+05:45,2026-07-01,12:00:27,1782886527,2,6,12,nepse_official,OPEN,2026-07-01,NYADI,Nyadi Hydropower Limited,358.0,400.0,358.0,,395.0,376.0,19.0,,785.0,304010.0,21.0,42.0,11.731843575418994,5.053191489361701,14476.666666666666,387.2738853503185
2026-07-01T06:15:27+00:00,2026-07-01T12:00:27+05:45,2026-07-01,12:00:27,1782886527,2,6,12,nepse_official,OPEN,2026-07-01,OHL,Oriental Hotels Limited,685.0,685.0,672.0,,672.0,672.0,0.0,,200.0,136070.0,4.0,13.0,1.897810218978102,0.0,34017.5,680.35
2026-07-01T06:15:27+00:00,2026-07-01T12:00:27+05:45,2026-07-01,12:00:27,1782886527,2,6,12,nepse_official,OPEN,2026-07-01,OMPL,Om Megashree Pharmaceuticals Limited,975.0,1003.0,975.0,,996.0,975.0,21.0,,1130.0,1115435.0,33.0,28.0,2.871794871794872,2.1538461538461537,33801.06060606061,987.1106194690266
2026-07-01T06:15:27+00:00,2026-07-01T12:00:27+05:45,2026-07-01,12:00:27,1782886527,2,6,12,nepse_official,OPEN,2026-07-01,PCBL,Prime Commercial Bank Ltd.,231.5,234.4,231.5,,234.4,232.4,2.0,,28346.0,6603877.8,34.0,2.9000000000000057,1.252699784017281,0.8605851979345954,194231.69999999998,232.97388696817893
2026-07-01T06:15:27+00:00,2026-07-01T12:00:27+05:45,2026-07-01,12:00:27,1782886527,2,6,12,nepse_official,OPEN,2026-07-01,PCIL,Palpa Cement Industries Limited,627.0,659.0,627.0,,654.0,639.0,15.0,,15736.0,10232658.0,405.0,32.0,5.103668261562999,2.3474178403755865,25265.82222222222,650.2705897305541
2026-07-01T06:15:27+00:00,2026-07-01T12:00:27+05:45,2026-07-01,12:00:27,1782886527,2,6,12,nepse_official,OPEN,2026-07-01,PFL,Pokhara Finance Ltd.,369.8,369.9,358.8,,369.9,363.7,6.199999999999989,,260.0,95836.0,8.0,11.099999999999966,3.0016224986479085,1.7047016772064858,11979.5,368.6
2026-07-01T06:15:27+00:00,2026-07-01T12:00:27+05:45,2026-07-01,12:00:27,1782886527,2,6,12,nepse_official,OPEN,2026-07-01,PHCL,Peoples Hydropower Company Limited,296.0,303.0,296.0,,300.0,292.1,7.899999999999977,,8627.0,2590126.7,61.0,7.0,2.364864864864865,2.704553235193419,42461.09344262295,300.2349252347282
2026-07-01T06:15:27+00:00,2026-07-01T12:00:27+05:45,2026-07-01,12:00:27,1782886527,2,6,12,nepse_official,OPEN,2026-07-01,PMHPL,Panchakanya Mai Hydropower Ltd,314.0,320.0,314.0,,317.0,314.0,3.0,,610.0,193025.0,8.0,6.0,1.910828025477707,0.9554140127388535,24128.125,316.4344262295082
2026-07-01T06:15:27+00:00,2026-07-01T12:00:27+05:45,2026-07-01,12:00:27,1782886527,2,6,12,nepse_official,OPEN,2026-07-01,PMLI,Prabhu Mahalaxmi Life Insurance Limited,440.0,471.8,440.0,,471.8,444.0,27.80000000000001,,1088.0,489327.2,22.0,31.80000000000001,7.227272727272729,6.261261261261264,22242.145454545454,449.74926470588235
2026-07-01T06:15:27+00:00,2026-07-01T12:00:27+05:45,2026-07-01,12:00:27,1782886527,2,6,12,nepse_official,OPEN,2026-07-01,PPCL,Panchthar Power Compant Limited,343.7,343.7,337.0,,337.1,337.0,0.10000000000002274,,1030.0,349803.0,7.0,6.699999999999989,1.9493744544661007,0.029673590504457788,49971.857142857145,339.61456310679614
2026-07-01T06:15:27+00:00,2026-07-01T12:00:27+05:45,2026-07-01,12:00:27,1782886527,2,6,12,nepse_official,OPEN,2026-07-01,PPL,People's Power Limited,303.1,335.0,303.1,,334.0,319.0,15.0,,6367.0,2077785.5,33.0,31.899999999999977,10.524579346750238,4.702194357366771,62963.19696969697,326.33665776660905
2026-07-01T06:15:27+00:00,2026-07-01T12:00:27+05:45,2026-07-01,12:00:27,1782886527,2,6,12,nepse_official,OPEN,2026-07-01,PRIN,Prabhu Insurance Ltd.,690.0,696.0,682.0,,689.0,679.7,9.299999999999955,,1222.0,842444.5,13.0,14.0,2.0289855072463765,1.3682506988377157,64803.42307692308,689.3981178396072
2026-07-01T06:15:27+00:00,2026-07-01T12:00:27+05:45,2026-07-01,12:00:27,1782886527,2,6,12,nepse_official,OPEN,2026-07-01,PROFL,Progressive Finance Limited,437.0,448.8,435.4,,435.4,425.2,10.199999999999989,,774.0,337274.6,5.0,13.400000000000034,3.066361556064081,2.3988711194731867,67454.92,435.7552971576227
2026-07-01T06:15:27+00:00,2026-07-01T12:00:27+05:45,2026-07-01,12:00:27,1782886527,2,6,12,nepse_official,OPEN,2026-07-01,PRSF,Prabhu Smart Fund,12.79,12.79,12.6,,12.75,12.47,0.27999999999999936,,54200.0,683554.0,9.0,0.1899999999999995,1.4855355746677055,2.2453889334402515,75950.44444444444,12.61169741697417
2026-07-01T06:15:27+00:00,2026-07-01T12:00:27+05:45,2026-07-01,12:00:27,1782886527,2,6,12,nepse_official,OPEN,2026-07-01,PRVU,Prabhu  Bank Limited,187.1,191.9,187.0,,191.7,187.2,4.5,,20762.0,3950331.2,95.0,4.900000000000006,2.618920363442013,2.403846153846154,41582.433684210526,190.26737308544458
2026-07-01T06:15:27+00:00,2026-07-01T12:00:27+05:45,2026-07-01,12:00:27,1782886527,2,6,12,nepse_official,OPEN,2026-07-01,PSF,Prabhu Select Fund,11.75,11.75,11.7,,11.7,11.7,0.0,,10100.0,118180.0,3.0,0.05000000000000071,0.4255319148936231,0.0,39393.333333333336,11.700990099009902
2026-07-01T06:15:27+00:00,2026-07-01T12:00:27+05:45,2026-07-01,12:00:27,1782886527,2,6,12,nepse_official,OPEN,2026-07-01,PURE,Pure Energy Limited,802.0,845.0,802.0,,845.0,802.0,43.0,,940.0,789426.0,15.0,43.0,5.361596009975062,5.361596009975062,52628.4,839.8148936170213
2026-07-01T06:15:27+00:00,2026-07-01T12:00:27+05:45,2026-07-01,12:00:27,1782886527,2,6,12,nepse_official,OPEN,2026-07-01,RADHI,Radhi Bidyut Company Ltd,680.0,719.7,680.0,,714.9,700.0,14.899999999999977,,2970.0,2103860.3,25.0,39.700000000000045,5.838235294117654,2.128571428571425,84154.412,708.3704713804714
2026-07-01T06:15:27+00:00,2026-07-01T12:00:27+05:45,2026-07-01,12:00:27,1782886527,2,6,12,nepse_official,OPEN,2026-07-01,RAWA,Rawa Energy Development Limited,430.0,455.0,430.0,,447.0,446.6,0.39999999999997726,,5892.0,2641408.0,58.0,25.0,5.813953488372093,0.08956560680698102,45541.51724137931,448.3041412084182
2026-07-01T06:15:27+00:00,2026-07-01T12:00:27+05:45,2026-07-01,12:00:27,1782886527,2,6,12,nepse_official,OPEN,2026-07-01,RBBF40,RBB Focus 40,9.03,9.39,9.03,,9.39,9.3,0.08999999999999986,,700.0,6399.0,7.0,0.3600000000000012,3.986710963455163,0.9677419354838694,914.1428571428571,9.141428571428571
2026-07-01T06:15:27+00:00,2026-07-01T12:00:27+05:45,2026-07-01,12:00:27,1782886527,2,6,12,nepse_official,OPEN,2026-07-01,RFPL,River Falls Power Limited,320.0,350.0,320.0,,349.0,336.6,12.399999999999977,,4287.0,1473689.9,34.0,30.0,9.375,3.683897801544853,43343.82058823529,343.7578493118731
2026-07-01T06:15:27+00:00,2026-07-01T12:00:27+05:45,2026-07-01,12:00:27,1782886527,2,6,12,nepse_official,OPEN,2026-07-01,RHGCL,Rapti Hydro And General Construction Limited,270.7,278.0,264.0,,271.0,263.9,7.100000000000023,,9341.0,2553631.1,29.0,14.0,5.171776874769117,2.6904130352406304,88056.24482758621,273.3787710095279
2026-07-01T06:15:27+00:00,2026-07-01T12:00:27+05:45,2026-07-01,12:00:27,1782886527,2,6,12,nepse_official,OPEN,2026-07-01,RHPL,RASUWAGADHI HYDROPOWER COMPANY LIMITED,260.0,267.0,260.0,,264.0,260.0,4.0,,685.0,179939.0,19.0,7.0,2.6923076923076925,1.5384615384615385,9470.473684210527,262.6846715328467
2026-07-01T06:15:27+00:00,2026-07-01T12:00:27+05:45,2026-07-01,12:00:27,1782886527,2,6,12,nepse_official,OPEN,2026-07-01,RIDI,Ridi Power Company Limited,325.0,335.0,322.6,,335.0,326.9,8.100000000000023,,66465.0,21969169.1,168.0,12.399999999999977,3.8153846153846085,2.477821963903341,130768.8636904762,330.53741217181977
2026-07-01T06:15:27+00:00,2026-07-01T12:00:27+05:45,2026-07-01,12:00:27,1782886527,2,6,12,nepse_official,OPEN,2026-07-01,RLEL,Ridge Line Energy Limited,830.0,870.0,830.0,,860.5,851.0,9.5,,1880.0,1611658.0,60.0,40.0,4.819277108433735,1.1163337250293772,26860.966666666667,857.2648936170212
2026-07-01T06:15:27+00:00,2026-07-01T12:00:27+05:45,2026-07-01,12:00:27,1782886527,2,6,12,nepse_official,OPEN,2026-07-01,RLFL,Reliance Finance Ltd.,461.1,471.1,461.1,,470.0,460.9,9.100000000000023,,4352.0,2046519.6,22.0,10.0,2.168726957276079,1.9743979171186858,93023.61818181818,470.24806985294117
2026-07-01T06:15:27+00:00,2026-07-01T12:00:27+05:45,2026-07-01,12:00:27,1782886527,2,6,12,nepse_official,OPEN,2026-07-01,RMF1,RBB Mutual Fund 1,9.77,9.77,9.77,,9.77,9.8,-0.030000000000001137,,1000.0,9770.0,1.0,0.0,0.0,-0.3061224489796034,9770.0,9.77
2026-07-01T06:15:27+00:00,2026-07-01T12:00:27+05:45,2026-07-01,12:00:27,1782886527,2,6,12,nepse_official,OPEN,2026-07-01,RMF2,RBB Mutual Fund 2,10.0,10.0,10.0,,10.0,10.0,0.0,,100.0,1000.0,1.0,0.0,0.0,0.0,1000.0,10.0
2026-07-01T06:15:27+00:00,2026-07-01T12:00:27+05:45,2026-07-01,12:00:27,1782886527,2,6,12,nepse_official,OPEN,2026-07-01,RNLI,Reliable Nepal Life Insurance Limited,440.1,450.0,440.1,,445.6,444.1,1.5,,1311.0,586124.1,33.0,9.899999999999977,2.249488752556232,0.3377617653681603,17761.336363636365,447.08169336384435
2026-07-01T06:15:27+00:00,2026-07-01T12:00:27+05:45,2026-07-01,12:00:27,1782886527,2,6,12,nepse_official,OPEN,2026-07-01,RSDC,RSDC Laghubitta Bittiya Sanstha Ltd.,627.0,659.0,627.0,,659.0,638.0,21.0,,288.0,185142.4,5.0,32.0,5.103668261562999,3.2915360501567394,37028.479999999996,642.8555555555555
2026-07-01T06:15:27+00:00,2026-07-01T12:00:27+05:45,2026-07-01,12:00:27,1782886527,2,6,12,nepse_official,OPEN,2026-07-01,RSML,Reliance Spinning Mills Limited,3195.0,3195.0,3101.0,,3143.0,3189.0,-46.0,,16270.0,50862960.6,224.0,94.0,2.9420970266040687,-1.4424584509250549,227066.78839285715,3126.18073755378
2026-07-01T06:15:27+00:00,2026-07-01T12:00:27+05:45,2026-07-01,12:00:27,1782886527,2,6,12,nepse_official,OPEN,2026-07-01,RURU,Ru Ru Jalbidhyut Pariyojana Limited,630.1,637.0,630.1,,637.0,637.0,0.0,,1144.0,724382.6,22.0,6.899999999999977,1.0950642755118198,0.0,32926.48181818182,633.2015734265734
2026-07-01T06:15:27+00:00,2026-07-01T12:00:27+05:45,2026-07-01,12:00:27,1782886527,2,6,12,nepse_official,OPEN,2026-07-01,SABBL,Salapa Bikas Bank Limited,970.0,1010.0,970.0,,1010.0,979.0,31.0,,2150.0,2143463.2,75.0,40.0,4.123711340206185,3.1664964249233916,28579.509333333335,996.9596279069768
2026-07-01T06:15:27+00:00,2026-07-01T12:00:27+05:45,2026-07-01,12:00:27,1782886527,2,6,12,nepse_official,OPEN,2026-07-01,SADBL,Shangrila Development Bank Ltd.,404.0,407.0,402.0,,407.0,398.0,9.0,,192776.0,77546311.0,13.0,5.0,1.2376237623762376,2.261306532663317,5965100.846153846,402.2612306511184
2026-07-01T06:15:27+00:00,2026-07-01T12:00:27+05:45,2026-07-01,12:00:27,1782886527,2,6,12,nepse_official,OPEN,2026-07-01,SAGAR,Sagar Distillery Limited,1490.0,1550.9,1490.0,,1550.9,1526.0,24.90000000000009,,631.0,968713.5,31.0,60.90000000000009,4.087248322147658,1.6317169069462705,31248.822580645163,1535.203645007924
2026-07-01T06:15:27+00:00,2026-07-01T12:00:27+05:45,2026-07-01,12:00:27,1782886527,2,6,12,nepse_official,OPEN,2026-07-01,SAGF,Sanima Growth Fund,10.05,10.07,10.05,,10.07,10.07,0.0,,250.0,2514.5,2.0,0.019999999999999574,0.19900497512437385,0.0,1257.25,10.058
2026-07-01T06:15:27+00:00,2026-07-01T12:00:27+05:45,2026-07-01,12:00:27,1782886527,2,6,12,nepse_official,OPEN,2026-07-01,SAHAS,Sahas Urja Limited,630.0,646.0,630.0,,644.0,630.2,13.799999999999955,,17380.0,11138956.8,125.0,16.0,2.5396825396825395,2.1897810218978027,89111.6544,640.9066052934407
2026-07-01T06:15:27+00:00,2026-07-01T12:00:27+05:45,2026-07-01,12:00:27,1782886527,2,6,12,nepse_official,OPEN,2026-07-01,SAIL,Shreenagar Agritech Industries Limited,834.1,915.0,834.1,,915.0,878.0,37.0,,9556.0,8605075.2,135.0,80.89999999999998,9.699076849298642,4.214123006833713,63741.29777777777,900.4892423608203
2026-07-01T06:15:27+00:00,2026-07-01T12:00:27+05:45,2026-07-01,12:00:27,1782886527,2,6,12,nepse_official,OPEN,2026-07-01,SALICO,Sagarmatha Lumbini Insurance Co. Limited,613.5,613.5,594.0,,608.9,597.0,11.899999999999977,,443.0,263498.1,4.0,19.5,3.1784841075794623,1.9932998324958084,65874.525,594.8038374717833
2026-07-01T06:15:27+00:00,2026-07-01T12:00:27+05:45,2026-07-01,12:00:27,1782886527,2,6,12,nepse_official,OPEN,2026-07-01,SANIMA,Sanima Bank Limited,354.0,354.0,350.1,,353.7,349.0,4.699999999999989,,21134.0,7434826.1,37.0,3.8999999999999773,1.1016949152542308,1.3467048710601688,200941.24594594594,351.79455379956465
2026-07-01T06:15:27+00:00,2026-07-01T12:00:27+05:45,2026-07-01,12:00:27,1782886527,2,6,12,nepse_official,OPEN,2026-07-01,SANVI,Sanvi Energy Limited,613.0,629.9,600.0,,627.0,613.5,13.5,,2585.0,1616129.0,48.0,29.899999999999977,4.87765089722675,2.2004889975550124,33669.354166666664,625.1949709864604
2026-07-01T06:15:27+00:00,2026-07-01T12:00:27+05:45,2026-07-01,12:00:27,1782886527,2,6,12,nepse_official,OPEN,2026-07-01,SAPDBL,Saptakoshi Development Bank Ltd,825.0,825.0,772.0,,796.9,786.3,10.600000000000023,,3243.0,2556558.7,50.0,53.0,6.424242424242424,1.3480859722752159,51131.174000000006,788.331390687635
2026-07-01T06:15:27+00:00,2026-07-01T12:00:27+05:45,2026-07-01,12:00:27,1782886527,2,6,12,nepse_official,OPEN,2026-07-01,SARBTM,Sarbottam Cement Limited,816.8,816.8,810.0,,815.0,804.0,11.0,,536.0,434358.0,10.0,6.7999999999999545,0.8325171400587604,1.3681592039800996,43435.8,810.3694029850747
2026-07-01T06:15:27+00:00,2026-07-01T12:00:27+05:45,2026-07-01,12:00:27,1782886527,2,6,12,nepse_official,OPEN,2026-07-01,SBCF,Sunrise Bluechip Fund,10.0,10.0,10.0,,10.0,10.0,0.0,,1000.0,10000.0,2.0,0.0,0.0,0.0,5000.0,10.0
2026-07-01T06:15:27+00:00,2026-07-01T12:00:27+05:45,2026-07-01,12:00:27,1782886527,2,6,12,nepse_official,OPEN,2026-07-01,SBI,Nepal SBI Bank Limited,387.0,390.0,386.0,,390.0,385.1,4.899999999999977,,2888.0,1118274.0,10.0,4.0,1.03359173126615,1.2723967800571219,111827.4,387.2139889196676
2026-07-01T06:15:27+00:00,2026-07-01T12:00:27+05:45,2026-07-01,12:00:27,1782886527,2,6,12,nepse_official,OPEN,2026-07-01,SBID2090,7% Nepal SBI Bank Debenture 2090,1064.0,1064.0,1064.0,,1064.0,1068.0,-4.0,,13880.0,14768320.0,1.0,0.0,0.0,-0.37453183520599254,14768320.0,1064.0
2026-07-01T06:15:27+00:00,2026-07-01T12:00:27+05:45,2026-07-01,12:00:27,1782886527,2,6,12,nepse_official,OPEN,2026-07-01,SBL,Siddhartha Bank Limited,390.0,391.0,388.0,,390.9,387.1,3.7999999999999545,,28840.0,11261230.0,29.0,3.0,0.7692307692307693,0.9816584861792701,388318.275862069,390.4726074895978
2026-07-01T06:15:27+00:00,2026-07-01T12:00:27+05:45,2026-07-01,12:00:27,1782886527,2,6,12,nepse_official,OPEN,2026-07-01,SBLD2091,7.25% SBL Debenture 2091,1084.9,1084.9,1076.0,,1076.0,1080.0,-4.0,,10100.0,10868490.0,3.0,8.900000000000091,0.8203521061849103,-0.3703703703703704,3622830.0,1076.0881188118813
2026-07-01T06:15:27+00:00,2026-07-01T12:00:27+05:45,2026-07-01,12:00:27,1782886527,2,6,12,nepse_official,OPEN,2026-07-01,SCB,Standard Chartered Bank Limited,650.0,650.0,640.0,,644.3,641.0,3.2999999999999545,,16521.0,10575969.6,18.0,10.0,1.5384615384615385,0.5148205928237058,587553.8666666667,640.1531142182677
2026-07-01T06:15:27+00:00,2026-07-01T12:00:27+05:45,2026-07-01,12:00:27,1782886527,2,6,12,nepse_official,OPEN,2026-07-01,SDBD87,Shangri-la Development Bank Debenture 2087,1115.0,1115.0,1115.0,,1115.0,1115.0,0.0,,100.0,111500.0,3.0,0.0,0.0,0.0,37166.666666666664,1115.0
2026-07-01T06:15:27+00:00,2026-07-01T12:00:27+05:45,2026-07-01,12:00:27,1782886527,2,6,12,nepse_official,OPEN,2026-07-01,SFCL,Samriddhi Finance Company Limited,371.0,373.0,371.0,,373.0,369.0,4.0,,625.0,232075.0,7.0,2.0,0.5390835579514826,1.084010840108401,33153.57142857143,371.32
2026-07-01T06:15:27+00:00,2026-07-01T12:00:27+05:45,2026-07-01,12:00:27,1782886527,2,6,12,nepse_official,OPEN,2026-07-01,SFEF,Sunrise Focused Equity Fund,9.9,9.9,9.9,,9.9,9.9,0.0,,100.0,990.0,1.0,0.0,0.0,0.0,990.0,9.9
2026-07-01T06:15:27+00:00,2026-07-01T12:00:27+05:45,2026-07-01,12:00:27,1782886527,2,6,12,nepse_official,OPEN,2026-07-01,SGHC,Swet-Ganga Hydropower & Construction Limited ,329.0,337.0,329.0,,337.0,328.0,9.0,,1066.0,356606.0,17.0,8.0,2.43161094224924,2.7439024390243905,20976.823529411766,334.52720450281424
2026-07-01T06:15:27+00:00,2026-07-01T12:00:27+05:45,2026-07-01,12:00:27,1782886527,2,6,12,nepse_official,OPEN,2026-07-01,SGIC,Sanima GIC Insurance Limited,457.0,465.0,457.0,,462.0,457.0,5.0,,183.0,84790.0,10.0,8.0,1.75054704595186,1.0940919037199124,8479.0,463.3333333333333
2026-07-01T06:15:27+00:00,2026-07-01T12:00:27+05:45,2026-07-01,12:00:27,1782886527,2,6,12,nepse_official,OPEN,2026-07-01,SHEL,Singati Hydro Energy Limited,295.0,301.5,295.0,,301.5,294.8,6.699999999999989,,13175.0,3943239.3,52.0,6.5,2.2033898305084745,2.2727272727272685,75831.525,299.29710056925995
2026-07-01T06:15:27+00:00,2026-07-01T12:00:27+05:45,2026-07-01,12:00:27,1782886527,2,6,12,nepse_official,OPEN,2026-07-01,SHINE,Shine Resunga Development Bank Ltd.,398.1,404.0,398.0,,404.0,396.4,7.600000000000023,,581.0,233325.0,13.0,6.0,1.5071590052750563,1.9172552976791177,17948.076923076922,401.592082616179
2026-07-01T06:15:27+00:00,2026-07-01T12:00:27+05:45,2026-07-01,12:00:27,1782886527,2,6,12,nepse_official,OPEN,2026-07-01,SHINED,Shine Resunga Debenture,1097.0,1097.0,1097.0,,1097.0,1097.0,0.0,,100.0,109700.0,1.0,0.0,0.0,0.0,109700.0,1097.0
2026-07-01T06:15:27+00:00,2026-07-01T12:00:27+05:45,2026-07-01,12:00:27,1782886527,2,6,12,nepse_official,OPEN,2026-07-01,SHIVM,SHIVAM CEMENTS LTD,624.0,636.0,624.0,,635.9,624.0,11.899999999999977,,9948.0,6300759.9,69.0,12.0,1.9230769230769231,1.9070512820512784,91315.36086956522,633.36951145959
2026-07-01T06:15:27+00:00,2026-07-01T12:00:27+05:45,2026-07-01,12:00:27,1782886527,2,6,12,nepse_official,OPEN,2026-07-01,SHL,Soaltee Hotel Limited,489.9,493.0,489.9,,490.0,487.0,3.0,,1819.0,892792.1,10.0,3.1000000000000227,0.6327822004490758,0.6160164271047228,89279.20999999999,490.8147883452446
2026-07-01T06:15:27+00:00,2026-07-01T12:00:27+05:45,2026-07-01,12:00:27,1782886527,2,6,12,nepse_official,OPEN,2026-07-01,SHLB,Shrijanshil Laghubitta Bittiya Sanstha Limited,1479.3,1479.3,1479.3,,1479.3,1525.0,-45.700000000000045,,10.0,14793.0,1.0,0.0,0.0,-2.996721311475413,14793.0,1479.3
2026-07-01T06:15:27+00:00,2026-07-01T12:00:27+05:45,2026-07-01,12:00:27,1782886527,2,6,12,nepse_official,OPEN,2026-07-01,SHPC,Sanima Mai Hydropower Ltd.,486.0,500.0,486.0,,497.0,485.0,12.0,,3555.0,1768553.0,18.0,14.0,2.880658436213992,2.4742268041237114,98252.94444444444,497.4832630098453
2026-07-01T06:15:27+00:00,2026-07-01T12:00:27+05:45,2026-07-01,12:00:27,1782886527,2,6,12,nepse_official,OPEN,2026-07-01,SICL,Shikhar Insurance Co. Ltd.,612.3,612.3,612.3,,612.3,612.3,0.0,,10.0,6090.0,2.0,0.0,0.0,0.0,3045.0,609.0
2026-07-01T06:15:27+00:00,2026-07-01T12:00:27+05:45,2026-07-01,12:00:27,1782886527,2,6,12,nepse_official,OPEN,2026-07-01,SIFC,Shree Investment Finance Co. Ltd.,538.9,538.9,538.9,,538.9,526.1,12.799999999999955,,410.0,220949.0,1.0,0.0,0.0,2.432997528986876,220949.0,538.9
2026-07-01T06:15:27+00:00,2026-07-01T12:00:27+05:45,2026-07-01,12:00:27,1782886527,2,6,12,nepse_official,OPEN,2026-07-01,SIGS2,Siddhartha Investment Growth Scheme - 2,10.5,10.5,10.5,,10.5,10.5,0.0,,10000.0,105000.0,2.0,0.0,0.0,0.0,52500.0,10.5
2026-07-01T06:15:27+00:00,2026-07-01T12:00:27+05:45,2026-07-01,12:00:27,1782886527,2,6,12,nepse_official,OPEN,2026-07-01,SIGS3,Siddhartha Investment Growth Scheme 3,10.65,10.65,10.65,,10.65,10.65,0.0,,1000.0,10650.0,1.0,0.0,0.0,0.0,10650.0,10.65
2026-07-01T06:15:27+00:00,2026-07-01T12:00:27+05:45,2026-07-01,12:00:27,1782886527,2,6,12,nepse_official,OPEN,2026-07-01,SIKLES,Sikles Hydropower Limited,559.9,559.9,550.0,,559.0,547.0,12.0,,649.0,362688.0,9.0,9.899999999999977,1.7681728880157133,2.1937842778793417,40298.666666666664,558.8412942989214
2026-07-01T06:15:27+00:00,2026-07-01T12:00:27+05:45,2026-07-01,12:00:27,1782886527,2,6,12,nepse_official,OPEN,2026-07-01,SINDU,Sindhu Bikash Bank Ltd,662.2,707.0,662.2,,705.0,697.0,8.0,,2032.0,1432865.2,23.0,44.799999999999955,6.765327695560247,1.1477761836441895,62298.48695652174,705.1501968503936
2026-07-01T06:15:27+00:00,2026-07-01T12:00:27+05:45,2026-07-01,12:00:27,1782886527,2,6,12,nepse_official,OPEN,2026-07-01,SIPD,Shikhar power Development Limited,610.0,657.7,601.5,,640.1,620.0,20.100000000000023,,3370.0,2097719.8,123.0,56.200000000000045,9.213114754098369,3.2419354838709715,17054.6325203252,622.4687833827893
2026-07-01T06:15:27+00:00,2026-07-01T12:00:27+05:45,2026-07-01,12:00:27,1782886527,2,6,12,nepse_official,OPEN,2026-07-01,SJCL,SANJEN JALAVIDHYUT COMPANY LIMITED,268.0,274.9,267.0,,273.8,267.0,6.800000000000011,,1818.0,489203.4,22.0,7.899999999999977,2.9477611940298423,2.5468164794007535,22236.518181818185,269.0887788778878
2026-07-01T06:15:27+00:00,2026-07-01T12:00:27+05:45,2026-07-01,12:00:27,1782886527,2,6,12,nepse_official,OPEN,2026-07-01,SJLIC,SuryaJyoti Life Insurance Company Limited,415.0,425.0,414.0,,424.0,418.0,6.0,,1270.0,537943.0,20.0,11.0,2.6506024096385543,1.4354066985645932,26897.15,423.5771653543307
2026-07-01T06:15:27+00:00,2026-07-01T12:00:27+05:45,2026-07-01,12:00:27,1782886527,2,6,12,nepse_official,OPEN,2026-07-01,SKBBL,Sana Kisan Bikas Laghubitta Bittiya Sanstha Limited,751.0,754.8,748.0,,754.8,748.0,6.7999999999999545,,1654.0,1246252.7,22.0,6.7999999999999545,0.9054593874833495,0.909090909090903,56647.85,753.478053204353
2026-07-01T06:15:27+00:00,2026-07-01T12:00:27+05:45,2026-07-01,12:00:27,1782886527,2,6,12,nepse_official,OPEN,2026-07-01,SKHEL,Suryakunda Hydro Electric Limited,933.0,1000.0,933.0,,999.0,974.8,24.200000000000045,,2788.0,2737428.1,47.0,67.0,7.181136120042872,2.4825605252359506,58243.15106382979,981.8608680057389
2026-07-01T06:15:27+00:00,2026-07-01T12:00:27+05:45,2026-07-01,12:00:27,1782886527,2,6,12,nepse_official,OPEN,2026-07-01,SKHL,Super Khudi Hydropower Limited,901.2,926.9,901.2,,925.0,915.0,10.0,,9065.0,8373421.5,64.0,25.699999999999932,2.851753217931639,1.092896174863388,130834.7109375,923.7089354660783
2026-07-01T06:15:27+00:00,2026-07-01T12:00:27+05:45,2026-07-01,12:00:27,1782886527,2,6,12,nepse_official,OPEN,2026-07-01,SLBBL,Swarojgar Laghubitta Bittiya Sanstha Ltd.,799.0,812.0,799.0,,812.0,799.0,13.0,,2092.0,1685943.1,21.0,13.0,1.6270337922403004,1.6270337922403004,80283.00476190477,805.9001434034417
2026-07-01T06:15:27+00:00,2026-07-01T12:00:27+05:45,2026-07-01,12:00:27,1782886527,2,6,12,nepse_official,OPEN,2026-07-01,SLBSL,Samudayik Laghubitta Bittiya Sanstha Limited,1160.0,1265.0,1136.0,,1165.5,1193.9,-28.40000000000009,,541.0,637057.0,26.0,129.0,11.120689655172415,-2.3787586900075457,24502.19230769231,1177.554528650647
2026-07-01T06:15:27+00:00,2026-07-01T12:00:27+05:45,2026-07-01,12:00:27,1782886527,2,6,12,nepse_official,OPEN,2026-07-01,SLCF,Sanima Large Cap Fund,10.0,10.15,10.0,,10.15,10.15,0.0,,1950.0,19725.0,3.0,0.15000000000000036,1.5000000000000036,0.0,6575.0,10.115384615384615
2026-07-01T06:15:27+00:00,2026-07-01T12:00:27+05:45,2026-07-01,12:00:27,1782886527,2,6,12,nepse_official,OPEN,2026-07-01,SMATA,Samata Gharelu Laghubitta Bittiya Sanstha Limited,735.0,750.0,735.0,,750.0,743.0,7.0,,930.0,692651.4,12.0,15.0,2.0408163265306123,0.9421265141318977,57720.950000000004,744.7864516129033
2026-07-01T06:15:27+00:00,2026-07-01T12:00:27+05:45,2026-07-01,12:00:27,1782886527,2,6,12,nepse_official,OPEN,2026-07-01,SMB,Support Microfinance Bittiya Sanstha Ltd.,1983.9,2000.0,1983.9,,2000.0,1984.0,16.0,,141.0,280473.3,4.0,16.09999999999991,0.8115328393568177,0.8064516129032258,70118.325,1989.1723404255317
2026-07-01T06:15:27+00:00,2026-07-01T12:00:27+05:45,2026-07-01,12:00:27,1782886527,2,6,12,nepse_official,OPEN,2026-07-01,SMFBS,Swabhimaan Laghubitta Bittiya Sanstha Limited,1614.0,1654.0,1614.0,,1645.0,1611.0,34.0,,894.0,1464282.0,20.0,40.0,2.478314745972739,2.1104903786468032,73214.1,1637.8993288590605
2026-07-01T06:15:27+00:00,2026-07-01T12:00:27+05:45,2026-07-01,12:00:27,1782886527,2,6,12,nepse_official,OPEN,2026-07-01,SMH,Super Mai Hydropower Limited,530.0,535.0,520.0,,535.0,521.7,13.299999999999955,,2045.0,1085576.0,32.0,15.0,2.8301886792452833,2.5493578685067955,33924.25,530.8440097799511
2026-07-01T06:15:27+00:00,2026-07-01T12:00:27+05:45,2026-07-01,12:00:27,1782886527,2,6,12,nepse_official,OPEN,2026-07-01,SMHL,Super Madi Hydropower Limited,458.1,475.0,458.1,,475.0,469.0,6.0,,4487.0,2126603.2,31.0,16.899999999999977,3.689150840427849,1.279317697228145,68600.10322580645,473.9476710496992
2026-07-01T06:15:27+00:00,2026-07-01T12:00:27+05:45,2026-07-01,12:00:27,1782886527,2,6,12,nepse_official,OPEN,2026-07-01,SMJC,Sagarmatha Jalabidhyut Company Limited,445.5,458.0,445.5,,450.0,441.1,8.899999999999977,,1972.0,896571.6,20.0,12.5,2.8058361391694726,2.017683065064606,44828.58,454.6509127789046
2026-07-01T06:15:27+00:00,2026-07-01T12:00:27+05:45,2026-07-01,12:00:27,1782886527,2,6,12,nepse_official,OPEN,2026-07-01,SMPDA,Sampada Laghubitta Bittiya Sanstha Limited,772.0,809.9,772.0,,809.9,794.0,15.899999999999977,,309.0,246267.0,8.0,37.89999999999998,4.909326424870463,2.0025188916876546,30783.375,796.9805825242719
2026-07-01T06:15:27+00:00,2026-07-01T12:00:27+05:45,2026-07-01,12:00:27,1782886527,2,6,12,nepse_official,OPEN,2026-07-01,SNLI,Sun Nepal Life Insurance Company Limited,430.1,436.9,430.1,,436.0,431.5,4.5,,1469.0,639369.2,34.0,6.7999999999999545,1.5810276679841793,1.0428736964078795,18804.976470588233,435.2411164057181
2026-07-01T06:15:27+00:00,2026-07-01T12:00:27+05:45,2026-07-01,12:00:27,1782886527,2,6,12,nepse_official,OPEN,2026-07-01,SNORL,Snow Rivers Limited,467.8,522.3,467.8,,522.3,454.2,68.09999999999997,,60.0,30014.0,6.0,54.49999999999994,11.650277896536968,14.993394980184934,5002.333333333333,500.23333333333335
2026-07-01T06:15:27+00:00,2026-07-01T12:00:27+05:45,2026-07-01,12:00:27,1782886527,2,6,12,nepse_official,OPEN,2026-07-01,SOHL,Solu Hydropower Limited,610.0,627.0,610.0,,626.5,612.1,14.399999999999977,,7727.0,4798367.5,284.0,17.0,2.7868852459016393,2.352556771769315,16895.660211267605,620.987123074932
2026-07-01T06:15:27+00:00,2026-07-01T12:00:27+05:45,2026-07-01,12:00:27,1782886527,2,6,12,nepse_official,OPEN,2026-07-01,SONA,Sonapur Minerals And Oil Limited,416.0,426.0,415.0,,425.0,416.1,8.899999999999977,,2032.0,857590.0,51.0,11.0,2.644230769230769,2.1389089161259256,16815.49019607843,422.0423228346457
2026-07-01T06:15:27+00:00,2026-07-01T12:00:27+05:45,2026-07-01,12:00:27,1782886527,2,6,12,nepse_official,OPEN,2026-07-01,SOPL,Sopan Pharmaceuticals Limited,833.0,884.0,810.5,,878.0,833.1,44.89999999999998,,28885.0,24559894.0,1072.0,73.5,8.823529411764707,5.389509062537508,22910.348880597016,850.2646356240263
2026-07-01T06:15:27+00:00,2026-07-01T12:00:27+05:45,2026-07-01,12:00:27,1782886527,2,6,12,nepse_official,OPEN,2026-07-01,SPC,Samling Power Company Limited,420.0,431.8,418.9,,429.0,411.0,18.0,,375.0,157802.3,10.0,12.900000000000034,3.0714285714285796,4.37956204379562,15780.23,420.8061333333333
2026-07-01T06:15:27+00:00,2026-07-01T12:00:27+05:45,2026-07-01,12:00:27,1782886527,2,6,12,nepse_official,OPEN,2026-07-01,SPDL,Synergy Power Development Ltd.,362.0,364.0,359.9,,362.5,357.0,5.5,,6293.0,2277650.0,29.0,4.100000000000023,1.1325966850828793,1.5406162464985995,78539.6551724138,361.9338948037502
2026-07-01T06:15:27+00:00,2026-07-01T12:00:27+05:45,2026-07-01,12:00:27,1782886527,2,6,12,nepse_official,OPEN,2026-07-01,SPHL,Sayapatri Hydropower Limited,560.0,586.0,548.2,,556.0,577.0,-21.0,,6722.0,3839433.8,52.0,37.799999999999955,6.749999999999992,-3.6395147313691507,73835.26538461538,571.1743231181196
2026-07-01T06:15:27+00:00,2026-07-01T12:00:27+05:45,2026-07-01,12:00:27,1782886527,2,6,12,nepse_official,OPEN,2026-07-01,SPIL,Siddhartha Premier Insurance Limited,699.0,700.0,699.0,,700.0,685.0,15.0,,1000.0,699500.0,2.0,1.0,0.14306151645207438,2.18978102189781,349750.0,699.5
2026-07-01T06:15:27+00:00,2026-07-01T12:00:27+05:45,2026-07-01,12:00:27,1782886527,2,6,12,nepse_official,OPEN,2026-07-01,SPL,Shuvam Power Limited,670.0,681.9,670.0,,681.9,670.0,11.899999999999977,,40.0,26934.0,4.0,11.899999999999977,1.7761194029850713,1.7761194029850713,6733.5,673.35
2026-07-01T06:15:27+00:00,2026-07-01T12:00:27+05:45,2026-07-01,12:00:27,1782886527,2,6,12,nepse_official,OPEN,2026-07-01,SRLI,Sanima Reliance Life Insurance Limited,375.1,385.0,375.1,,385.0,379.0,6.0,,2874.0,1102204.6,38.0,9.899999999999977,2.639296187683278,1.58311345646438,29005.384210526317,383.50890744606824
2026-07-01T06:15:27+00:00,2026-07-01T12:00:27+05:45,2026-07-01,12:00:27,1782886527,2,6,12,nepse_official,OPEN,2026-07-01,SSHL,Shiva Shree Hydropower Ltd,196.0,200.0,194.0,,200.0,193.9,6.099999999999994,,37558.0,7427997.9,146.0,6.0,3.061224489795918,3.1459515214027816,50876.69794520548,197.77405346397572
2026-07-01T06:15:27+00:00,2026-07-01T12:00:27+05:45,2026-07-01,12:00:27,1782886527,2,6,12,nepse_official,OPEN,2026-07-01,STC,Salt Trading Corporation,5150.0,5150.0,5051.0,,5051.0,5199.0,-148.0,,1725.0,8715165.0,3.0,99.0,1.9223300970873787,-2.8467012887093675,2905055.0,5052.269565217392
2026-07-01T06:15:27+00:00,2026-07-01T12:00:27+05:45,2026-07-01,12:00:27,1782886527,2,6,12,nepse_official,OPEN,2026-07-01,SWASTIK,Swastik Laghubitta Bittiya Sanstha Limited,2100.0,2130.0,2100.0,,2130.0,2071.0,59.0,,190.0,401820.0,10.0,30.0,1.4285714285714286,2.848865282472236,40182.0,2114.842105263158
2026-07-01T06:15:27+00:00,2026-07-01T12:00:27+05:45,2026-07-01,12:00:27,1782886527,2,6,12,nepse_official,OPEN,2026-07-01,SWBBL,Swabalamban Laghubitta Bittiya Sanstha Limited,697.5,704.8,690.0,,704.0,697.7,6.2999999999999545,,636.0,444041.0,15.0,14.799999999999955,2.1218637992831475,0.9029668912139823,29602.733333333334,698.1776729559748
2026-07-01T06:15:27+00:00,2026-07-01T12:00:27+05:45,2026-07-01,12:00:27,1782886527,2,6,12,nepse_official,OPEN,2026-07-01,SWMF,Suryodaya Womi Laghubitta Bittiya Sanstha Limited,614.0,628.0,614.0,,628.0,614.9,13.100000000000023,,409.0,256054.0,9.0,14.0,2.2801302931596092,2.1304277118230646,28450.444444444445,626.0488997555012
2026-07-01T06:15:27+00:00,2026-07-01T12:00:27+05:45,2026-07-01,12:00:27,1782886527,2,6,12,nepse_official,OPEN,2026-07-01,SYPNL,SY Panel Nepal Limited,1267.3,1389.0,1267.3,,1362.1,1334.0,28.09999999999991,,5240.0,7111203.7,144.0,121.70000000000005,9.603093190246986,2.1064467766116874,49383.35902777778,1357.0999427480917
2026-07-01T06:15:27+00:00,2026-07-01T12:00:27+05:45,2026-07-01,12:00:27,1782886527,2,6,12,nepse_official,OPEN,2026-07-01,TAMOR,Sanima Middle Tamor Hydropower Limited,435.7,446.9,435.7,,442.1,438.6,3.5,,4057.0,1802843.2,32.0,11.199999999999989,2.5705760844617833,0.7979936160510716,56338.85,444.3784076904116
2026-07-01T06:15:27+00:00,2026-07-01T12:00:27+05:45,2026-07-01,12:00:27,1782886527,2,6,12,nepse_official,OPEN,2026-07-01,TPC,Terhathum Power Company Limited,350.0,360.7,350.0,,359.9,350.3,9.599999999999966,,780.0,277726.0,11.0,10.699999999999989,3.057142857142854,2.7405081358835184,25247.81818181818,356.05897435897435
2026-07-01T06:15:27+00:00,2026-07-01T12:00:27+05:45,2026-07-01,12:00:27,1782886527,2,6,12,nepse_official,OPEN,2026-07-01,TPKHL,Taksar Pikhuwa Khola Hydropower Limited,596.0,655.0,550.0,,632.0,596.3,35.700000000000045,,38100.0,22878060.0,3754.0,105.0,17.61744966442953,5.986919335904754,6094.315396909963,600.4740157480315
2026-07-01T06:15:27+00:00,2026-07-01T12:00:27+05:45,2026-07-01,12:00:27,1782886527,2,6,12,nepse_official,OPEN,2026-07-01,TRH,Taragaon Regency Hotel Limited,770.0,770.0,770.0,,770.0,765.0,5.0,,200.0,154000.0,1.0,0.0,0.0,0.6535947712418301,154000.0,770.0
2026-07-01T06:15:27+00:00,2026-07-01T12:00:27+05:45,2026-07-01,12:00:27,1782886527,2,6,12,nepse_official,OPEN,2026-07-01,TSHL,Three Star Hydropower Limited,448.0,448.0,442.0,,442.0,445.2,-3.1999999999999886,,294.0,130812.0,6.0,6.0,1.3392857142857142,-0.7187780772686407,21802.0,444.9387755102041
2026-07-01T06:15:27+00:00,2026-07-01T12:00:27+05:45,2026-07-01,12:00:27,1782886527,2,6,12,nepse_official,OPEN,2026-07-01,TTL,Trade Tower Limited,721.0,749.0,721.0,,749.0,725.0,24.0,,2667.0,1979693.8,50.0,28.0,3.8834951456310676,3.310344827586207,39593.876000000004,742.2923884514436
2026-07-01T06:15:27+00:00,2026-07-01T12:00:27+05:45,2026-07-01,12:00:27,1782886527,2,6,12,nepse_official,OPEN,2026-07-01,TVCL,Trishuli Jal Vidhyut Company Limited ,480.0,480.0,477.0,,477.0,479.0,-2.0,,70.0,33570.0,5.0,3.0,0.625,-0.41753653444676403,6714.0,479.57142857142856
2026-07-01T06:15:27+00:00,2026-07-01T12:00:27+05:45,2026-07-01,12:00:27,1782886527,2,6,12,nepse_official,OPEN,2026-07-01,UAIL,United Ajod Insurance Limited,451.0,460.0,451.0,,453.1,448.1,5.0,,670.0,306915.0,16.0,9.0,1.9955654101995564,1.115822361080116,19182.1875,458.0820895522388
2026-07-01T06:15:27+00:00,2026-07-01T12:00:27+05:45,2026-07-01,12:00:27,1782886527,2,6,12,nepse_official,OPEN,2026-07-01,UHEWA,Upper Hewakhola Hydropower Company Limited,610.0,610.0,573.0,,597.0,581.9,15.100000000000023,,2706.0,1601278.0,37.0,37.0,6.065573770491803,2.5949475854957935,43277.78378378379,591.7509238728751
2026-07-01T06:15:27+00:00,2026-07-01T12:00:27+05:45,2026-07-01,12:00:27,1782886527,2,6,12,nepse_official,OPEN,2026-07-01,ULHC,Upper Lohore Khola Hydropower Company Limited,417.0,427.3,417.0,,425.0,421.1,3.8999999999999773,,30.0,12693.0,3.0,10.300000000000011,2.4700239808153506,0.9261458085965275,4231.0,423.1
2026-07-01T06:15:27+00:00,2026-07-01T12:00:27+05:45,2026-07-01,12:00:27,1782886527,2,6,12,nepse_official,OPEN,2026-07-01,UMHL,United Modi Hydropower Ltd.,576.0,584.9,570.3,,581.0,575.0,6.0,,6230.0,3577480.0,28.0,14.600000000000023,2.534722222222226,1.0434782608695654,127767.14285714286,574.2343499197432
2026-07-01T06:15:27+00:00,2026-07-01T12:00:27+05:45,2026-07-01,12:00:27,1782886527,2,6,12,nepse_official,OPEN,2026-07-01,UMRH,United IDI Mardi RB Hydropower Limited.,520.0,524.9,520.0,,524.0,515.0,9.0,,819.0,429202.0,5.0,4.899999999999977,0.942307692307688,1.7475728155339807,85840.4,524.056166056166
2026-07-01T06:15:27+00:00,2026-07-01T12:00:27+05:45,2026-07-01,12:00:27,1782886527,2,6,12,nepse_official,OPEN,2026-07-01,UNHPL,Union Hydropower Limited,392.0,393.0,390.0,,393.0,386.0,7.0,,6575.0,2577061.4,24.0,3.0,0.7653061224489796,1.8134715025906734,107377.55833333333,391.9485019011407
2026-07-01T06:15:27+00:00,2026-07-01T12:00:27+05:45,2026-07-01,12:00:27,1782886527,2,6,12,nepse_official,OPEN,2026-07-01,UNLB,Unique Nepal Laghubitta Bittiya Sanstha Limited,1318.0,1318.4,1318.0,,1318.4,1280.0,38.40000000000009,,150.0,197756.0,3.0,0.40000000000009095,0.030349013657063047,3.000000000000007,65918.66666666667,1318.3733333333332
2026-07-01T06:15:27+00:00,2026-07-01T12:00:27+05:45,2026-07-01,12:00:27,1782886527,2,6,12,nepse_official,OPEN,2026-07-01,UPCL,UNIVERSAL POWER COMPANY LTD,341.5,348.0,336.0,,346.0,341.5,4.5,,8009.0,2757866.0,32.0,12.0,3.513909224011713,1.3177159590043925,86183.3125,344.3458609064802
2026-07-01T06:15:27+00:00,2026-07-01T12:00:27+05:45,2026-07-01,12:00:27,1782886527,2,6,12,nepse_official,OPEN,2026-07-01,UPPER,Upper Tamakoshi Hydropower Ltd,181.0,194.9,181.0,,194.8,190.5,4.300000000000011,,21576.0,4186379.1,129.0,13.900000000000006,7.679558011049727,2.257217847769035,32452.5511627907,194.02943548387097
2026-07-01T06:15:27+00:00,2026-07-01T12:00:27+05:45,2026-07-01,12:00:27,1782886527,2,6,12,nepse_official,OPEN,2026-07-01,USHEC,Upper Solu Hydro Electric Company Limited,500.0,500.0,485.5,,489.0,485.7,3.3000000000000114,,330.0,161011.0,8.0,14.5,2.9000000000000004,0.6794317479925904,20126.375,487.91212121212124
2026-07-01T06:15:27+00:00,2026-07-01T12:00:27+05:45,2026-07-01,12:00:27,1782886527,2,6,12,nepse_official,OPEN,2026-07-01,USHL,Upper Syange Hydropower Limited,585.7,585.7,541.2,,567.0,557.9,9.100000000000023,,587.0,325067.9,21.0,44.5,7.597746286494791,1.631116687578423,15479.42380952381,553.7783645655878
2026-07-01T06:15:27+00:00,2026-07-01T12:00:27+05:45,2026-07-01,12:00:27,1782886527,2,6,12,nepse_official,OPEN,2026-07-01,USLB,Unnati Sahakarya Laghubitta Bittiya Sanstha Limited,1220.0,1220.0,1220.0,,1220.0,1213.0,7.0,,30.0,36600.0,2.0,0.0,0.0,0.5770816158285244,18300.0,1220.0
2026-07-01T06:15:27+00:00,2026-07-01T12:00:27+05:45,2026-07-01,12:00:27,1782886527,2,6,12,nepse_official,OPEN,2026-07-01,VLBS,Vijaya laghubitta Bittiya Sanstha Ltd.,678.0,685.0,678.0,,682.0,678.0,4.0,,120.0,81680.0,12.0,7.0,1.0324483775811208,0.5899705014749262,6806.666666666667,680.6666666666666
2026-07-01T06:15:27+00:00,2026-07-01T12:00:27+05:45,2026-07-01,12:00:27,1782886527,2,6,12,nepse_official,OPEN,2026-07-01,VLUCL,Vision Lumbini Urja Company Limited ,436.1,466.0,423.1,,464.0,439.0,25.0,,2810.0,1274613.5,33.0,42.89999999999998,9.837193304288002,5.694760820045558,38624.65151515151,453.5991103202847
2026-07-01T06:15:27+00:00,2026-07-01T12:00:27+05:45,2026-07-01,12:00:27,1782886527,2,6,12,nepse_official,OPEN,2026-07-01,WNLB,Wean Nepal Laghubitta Bittiya Sanstha Limited,1369.0,1495.0,1369.0,,1449.0,1330.0,119.0,,144.0,204121.6,11.0,126.0,9.203798392987581,8.947368421052632,18556.50909090909,1417.5111111111112
2026-07-01T06:15:27+00:00,2026-07-01T12:00:27+05:45,2026-07-01,12:00:27,1782886527,2,6,12,nepse_official,OPEN,2026-07-01,YMHL,Yambaling Hydropower Limited,635.0,718.0,602.0,,667.1,636.5,30.600000000000023,,26050.0,16956709.0,2581.0,116.0,18.26771653543307,4.807541241162611,6569.821387059279,650.9293282149712
