scraped_at_utc,scraped_at_npt,npt_date,npt_time,scraped_epoch,weekday,hour_utc,hour_npt,price_source,is_market_open,business_date,symbol,security_name,open_price,high_price,low_price,close_price,last_traded_price,previous_closing_price,point_change,percentage_change,total_traded_quantity,total_traded_value,total_trades,intraday_range,intraday_range_pct_of_open,return_from_prev_close_pct,turnover_per_trade,vwap_proxy
2026-07-21T05:15:38+00:00,2026-07-21T11:00:38+05:45,2026-07-21,11:00:38,1784610938,1,5,11,nepse_official,OPEN,2026-07-21,AKJCL,Ankhu Khola Jalvidhyut Company Ltd,360.0,360.0,360.0,,360.0,374.4,-14.399999999999977,,10.0,3600.0,1.0,0.0,0.0,-3.84615384615384,3600.0,360.0
2026-07-21T05:15:38+00:00,2026-07-21T11:00:38+05:45,2026-07-21,11:00:38,1784610938,1,5,11,nepse_official,OPEN,2026-07-21,AKPL,Arun Kabeli Power Ltd.,280.8,280.8,280.8,,280.8,267.5,13.300000000000011,,10.0,2808.0,1.0,0.0,0.0,4.9719626168224345,2808.0,280.8
2026-07-21T05:15:38+00:00,2026-07-21T11:00:38+05:45,2026-07-21,11:00:38,1784610938,1,5,11,nepse_official,OPEN,2026-07-21,ALBSL,Asha Laghubitta Bittiya Sanstha Ltd,1045.0,1045.0,1045.0,,1045.0,1083.9,-38.90000000000009,,20.0,20900.0,2.0,0.0,0.0,-3.588891964203348,10450.0,1045.0
2026-07-21T05:15:38+00:00,2026-07-21T11:00:38+05:45,2026-07-21,11:00:38,1784610938,1,5,11,nepse_official,OPEN,2026-07-21,ANLB,Aatmanirbhar Laghubitta Bittiya Sanstha Limited,5640.0,5640.0,5640.0,,5640.0,5700.0,-60.0,,10.0,56400.0,1.0,0.0,0.0,-1.0526315789473684,56400.0,5640.0
2026-07-21T05:15:38+00:00,2026-07-21T11:00:38+05:45,2026-07-21,11:00:38,1784610938,1,5,11,nepse_official,OPEN,2026-07-21,API,Api Power Company Ltd.,346.0,346.0,346.0,,346.0,346.0,0.0,,1359.0,470214.0,12.0,0.0,0.0,0.0,39184.5,346.0
2026-07-21T05:15:38+00:00,2026-07-21T11:00:38+05:45,2026-07-21,11:00:38,1784610938,1,5,11,nepse_official,OPEN,2026-07-21,AVYAN,Aviyan Laghubitta Bittiya Sanstha Limited,1075.6,1075.6,1075.6,,1075.6,1098.0,-22.40000000000009,,10.0,10756.0,1.0,0.0,0.0,-2.040072859744999,10756.0,1075.6
2026-07-21T05:15:38+00:00,2026-07-21T11:00:38+05:45,2026-07-21,11:00:38,1784610938,1,5,11,nepse_official,OPEN,2026-07-21,BFC,Best Finance Company Ltd.,513.0,513.0,513.0,,513.0,539.8,-26.799999999999955,,10.0,5130.0,1.0,0.0,0.0,-4.96480177843645,5130.0,513.0
2026-07-21T05:15:38+00:00,2026-07-21T11:00:38+05:45,2026-07-21,11:00:38,1784610938,1,5,11,nepse_official,OPEN,2026-07-21,BHL,Balephi Hydropower Limited,222.0,222.0,222.0,,222.0,218.1,3.9000000000000057,,311.0,69042.0,2.0,0.0,0.0,1.7881705639614882,34521.0,222.0
2026-07-21T05:15:38+00:00,2026-07-21T11:00:38+05:45,2026-07-21,11:00:38,1784610938,1,5,11,nepse_official,OPEN,2026-07-21,BHPL,Barahi Hydropower Public Limited,510.0,510.0,510.0,,510.0,486.1,23.899999999999977,,10.0,5100.0,1.0,0.0,0.0,4.91668380991565,5100.0,510.0
2026-07-21T05:15:38+00:00,2026-07-21T11:00:38+05:45,2026-07-21,11:00:38,1784610938,1,5,11,nepse_official,OPEN,2026-07-21,BJHL,Bhujung Hydropower Limited,808.0,808.0,808.0,,808.0,808.0,0.0,,10.0,8080.0,1.0,0.0,0.0,0.0,8080.0,808.0
2026-07-21T05:15:38+00:00,2026-07-21T11:00:38+05:45,2026-07-21,11:00:38,1784610938,1,5,11,nepse_official,OPEN,2026-07-21,BUNGAL,Bungal Hydro Limited,638.0,638.0,638.0,,638.0,667.0,-29.0,,10.0,6380.0,1.0,0.0,0.0,-4.3478260869565215,6380.0,638.0
2026-07-21T05:15:38+00:00,2026-07-21T11:00:38+05:45,2026-07-21,11:00:38,1784610938,1,5,11,nepse_official,OPEN,2026-07-21,CFCL,Central Finance Co. Ltd.,605.0,605.0,605.0,,605.0,636.0,-31.0,,10.0,6050.0,1.0,0.0,0.0,-4.8742138364779874,6050.0,605.0
2026-07-21T05:15:38+00:00,2026-07-21T11:00:38+05:45,2026-07-21,11:00:38,1784610938,1,5,11,nepse_official,OPEN,2026-07-21,CORBL,Corporate Development Bank Limited,1450.0,1450.0,1450.0,,1450.0,1498.0,-48.0,,410.0,594500.0,4.0,0.0,0.0,-3.204272363150868,148625.0,1450.0
2026-07-21T05:15:38+00:00,2026-07-21T11:00:38+05:45,2026-07-21,11:00:38,1784610938,1,5,11,nepse_official,OPEN,2026-07-21,CREST,Crest Micro Life Insurance Limited,1205.0,1205.0,1205.0,,1205.0,1219.8,-14.799999999999955,,10.0,12050.0,1.0,0.0,0.0,-1.2133136579767139,12050.0,1205.0
2026-07-21T05:15:38+00:00,2026-07-21T11:00:38+05:45,2026-07-21,11:00:38,1784610938,1,5,11,nepse_official,OPEN,2026-07-21,CZBIL,Citizens Bank International Limited,195.0,195.0,195.0,,195.0,204.9,-9.900000000000006,,10.0,1950.0,1.0,0.0,0.0,-4.831625183016108,1950.0,195.0
2026-07-21T05:15:38+00:00,2026-07-21T11:00:38+05:45,2026-07-21,11:00:38,1784610938,1,5,11,nepse_official,OPEN,2026-07-21,DDBL,Deprosc Laghubitta Bittiya Sanstha Limited,811.8,811.8,811.8,,811.8,854.5,-42.700000000000045,,400.0,324720.0,2.0,0.0,0.0,-4.997074312463434,162360.0,811.8
2026-07-21T05:15:38+00:00,2026-07-21T11:00:38+05:45,2026-07-21,11:00:38,1784610938,1,5,11,nepse_official,OPEN,2026-07-21,DHEL,Daramkhola Hydro Energy Limited,580.0,580.0,580.0,,580.0,599.0,-19.0,,10.0,5800.0,1.0,0.0,0.0,-3.1719532554257093,5800.0,580.0
2026-07-21T05:15:38+00:00,2026-07-21T11:00:38+05:45,2026-07-21,11:00:38,1784610938,1,5,11,nepse_official,OPEN,2026-07-21,DHPL,Dibyashwori Hydropower Ltd.,330.0,330.0,330.0,,330.0,315.0,15.0,,10.0,3300.0,1.0,0.0,0.0,4.761904761904762,3300.0,330.0
2026-07-21T05:15:38+00:00,2026-07-21T11:00:38+05:45,2026-07-21,11:00:38,1784610938,1,5,11,nepse_official,OPEN,2026-07-21,ECL,Everest Colour Limited,376.1,376.1,376.1,,376.1,372.4,3.7000000000000455,,20.0,7522.0,2.0,0.0,0.0,0.9935553168635998,3761.0,376.1
2026-07-21T05:15:38+00:00,2026-07-21T11:00:38+05:45,2026-07-21,11:00:38,1784610938,1,5,11,nepse_official,OPEN,2026-07-21,FMDBL,First Micro Finance Laghubitta Bittiya Sanstha Limited,760.0,760.0,760.0,,760.0,790.0,-30.0,,10.0,7600.0,1.0,0.0,0.0,-3.79746835443038,7600.0,760.0
2026-07-21T05:15:38+00:00,2026-07-21T11:00:38+05:45,2026-07-21,11:00:38,1784610938,1,5,11,nepse_official,OPEN,2026-07-21,GBLBS,Grameen Bikas Laghubitta Bittiya Sanstha Ltd.,793.8,793.8,793.8,,793.8,756.0,37.799999999999955,,10.0,7938.0,1.0,0.0,0.0,4.999999999999994,7938.0,793.8
2026-07-21T05:15:38+00:00,2026-07-21T11:00:38+05:45,2026-07-21,11:00:38,1784610938,1,5,11,nepse_official,OPEN,2026-07-21,GHL,Ghalemdi Hydro Limited,237.0,237.0,237.0,,237.0,233.9,3.0999999999999943,,20.0,4740.0,2.0,0.0,0.0,1.3253527148353972,2370.0,237.0
2026-07-21T05:15:38+00:00,2026-07-21T11:00:38+05:45,2026-07-21,11:00:38,1784610938,1,5,11,nepse_official,OPEN,2026-07-21,GLBSL,Gurans Laghubitta Bittiya Sanstha Limited,1900.0,1900.0,1900.0,,1900.0,1815.0,85.0,,10.0,19000.0,1.0,0.0,0.0,4.683195592286501,19000.0,1900.0
2026-07-21T05:15:38+00:00,2026-07-21T11:00:38+05:45,2026-07-21,11:00:38,1784610938,1,5,11,nepse_official,OPEN,2026-07-21,HATHY,Hathway Investment Nepal Limited,785.0,785.0,785.0,,785.0,782.0,3.0,,200.0,157000.0,2.0,0.0,0.0,0.3836317135549872,78500.0,785.0
2026-07-21T05:15:38+00:00,2026-07-21T11:00:38+05:45,2026-07-21,11:00:38,1784610938,1,5,11,nepse_official,OPEN,2026-07-21,HBL,Himalayan Bank Limited,200.0,200.0,200.0,,200.0,200.7,-0.6999999999999886,,10.0,2000.0,1.0,0.0,0.0,-0.34877927254608304,2000.0,200.0
2026-07-21T05:15:38+00:00,2026-07-21T11:00:38+05:45,2026-07-21,11:00:38,1784610938,1,5,11,nepse_official,OPEN,2026-07-21,HDL,Himalayan Distillery Limited,1180.0,1180.0,1180.0,,1180.0,1179.9,0.09999999999990905,,80.0,94400.0,4.0,0.0,0.0,0.00847529451647674,23600.0,1180.0
2026-07-21T05:15:38+00:00,2026-07-21T11:00:38+05:45,2026-07-21,11:00:38,1784610938,1,5,11,nepse_official,OPEN,2026-07-21,HIDCL,Hydorelectricity Investment and Development Company Ltd,280.3,280.3,280.3,,280.3,267.0,13.300000000000011,,10.0,2803.0,1.0,0.0,0.0,4.981273408239704,2803.0,280.3
2026-07-21T05:15:38+00:00,2026-07-21T11:00:38+05:45,2026-07-21,11:00:38,1784610938,1,5,11,nepse_official,OPEN,2026-07-21,HIDCLP,Hydorelectricity Investment and Development Company Limited Promoter,209.4,209.4,209.4,,209.4,199.5,9.900000000000006,,10.0,2094.0,1.0,0.0,0.0,4.962406015037597,2094.0,209.4
2026-07-21T05:15:38+00:00,2026-07-21T11:00:38+05:45,2026-07-21,11:00:38,1784610938,1,5,11,nepse_official,OPEN,2026-07-21,HPPL,Himalayan Power Partner Ltd.,382.0,382.0,382.0,,382.0,373.1,8.899999999999977,,500.0,191000.0,3.0,0.0,0.0,2.385419458590184,63666.666666666664,382.0
2026-07-21T05:15:38+00:00,2026-07-21T11:00:38+05:45,2026-07-21,11:00:38,1784610938,1,5,11,nepse_official,OPEN,2026-07-21,HURJA,Himalaya Urja Bikas Company Limited,253.0,253.0,253.0,,253.0,247.4,5.599999999999994,,1000.0,253000.0,4.0,0.0,0.0,2.2635408245755837,63250.0,253.0
2026-07-21T05:15:38+00:00,2026-07-21T11:00:38+05:45,2026-07-21,11:00:38,1784610938,1,5,11,nepse_official,OPEN,2026-07-21,ILBS,Infinity Laghubitta Bittiya Sanstha Limited,935.0,935.0,935.0,,935.0,891.0,44.0,,20.0,18700.0,1.0,0.0,0.0,4.938271604938271,18700.0,935.0
2026-07-21T05:15:38+00:00,2026-07-21T11:00:38+05:45,2026-07-21,11:00:38,1784610938,1,5,11,nepse_official,OPEN,2026-07-21,ILI,IME Life Insurance Company Limited,427.7,427.7,427.7,,427.7,427.7,0.0,,12.0,5132.4,1.0,0.0,0.0,0.0,5132.4,427.7
2026-07-21T05:15:38+00:00,2026-07-21T11:00:38+05:45,2026-07-21,11:00:38,1784610938,1,5,11,nepse_official,OPEN,2026-07-21,JHAPA,Jhapa Energy Limited,1083.0,1083.0,1083.0,,1083.0,1140.0,-57.0,,10.0,10830.0,1.0,0.0,0.0,-5.0,10830.0,1083.0
2026-07-21T05:15:38+00:00,2026-07-21T11:00:38+05:45,2026-07-21,11:00:38,1784610938,1,5,11,nepse_official,OPEN,2026-07-21,KAHL,Kalanga Hydro Limited,510.0,510.0,510.0,,510.0,508.0,2.0,,20.0,10200.0,2.0,0.0,0.0,0.39370078740157477,5100.0,510.0
2026-07-21T05:15:38+00:00,2026-07-21T11:00:38+05:45,2026-07-21,11:00:38,1784610938,1,5,11,nepse_official,OPEN,2026-07-21,LBBL,Lumbini Bikas Bank Ltd.,510.0,510.0,510.0,,510.0,500.0,10.0,,500.0,255000.0,3.0,0.0,0.0,2.0,85000.0,510.0
2026-07-21T05:15:38+00:00,2026-07-21T11:00:38+05:45,2026-07-21,11:00:38,1784610938,1,5,11,nepse_official,OPEN,2026-07-21,MAKAR,Makar Jitumaya Suri Hydropower Limited,446.7,446.7,446.7,,446.7,470.2,-23.5,,10.0,4467.0,1.0,0.0,0.0,-4.997873245427478,4467.0,446.7
2026-07-21T05:15:38+00:00,2026-07-21T11:00:38+05:45,2026-07-21,11:00:38,1784610938,1,5,11,nepse_official,OPEN,2026-07-21,MBL,Machhapuchhre Bank Limited,250.0,250.0,250.0,,250.0,258.1,-8.100000000000023,,300.0,75000.0,1.0,0.0,0.0,-3.1383184812088425,75000.0,250.0
2026-07-21T05:15:38+00:00,2026-07-21T11:00:38+05:45,2026-07-21,11:00:38,1784610938,1,5,11,nepse_official,OPEN,2026-07-21,MFIL,Manjushree Finance Ltd.,780.0,780.0,780.0,,780.0,802.0,-22.0,,20.0,15600.0,2.0,0.0,0.0,-2.7431421446384037,7800.0,780.0
2026-07-21T05:15:38+00:00,2026-07-21T11:00:38+05:45,2026-07-21,11:00:38,1784610938,1,5,11,nepse_official,OPEN,2026-07-21,MLBBL,Mithila LaghuBitta Bittiya Sanstha Limited,1124.3,1124.3,1124.3,,1124.3,1166.0,-41.700000000000045,,100.0,112430.0,1.0,0.0,0.0,-3.5763293310463165,112430.0,1124.3
2026-07-21T05:15:38+00:00,2026-07-21T11:00:38+05:45,2026-07-21,11:00:38,1784610938,1,5,11,nepse_official,OPEN,2026-07-21,MSHL,Mid Solu Hydropower Limited,655.0,655.0,655.0,,655.0,658.0,-3.0,,11.0,7205.0,2.0,0.0,0.0,-0.4559270516717325,3602.5,655.0
2026-07-21T05:15:38+00:00,2026-07-21T11:00:38+05:45,2026-07-21,11:00:38,1784610938,1,5,11,nepse_official,OPEN,2026-07-21,NGPL,Ngadi Group Power Ltd.,435.0,435.0,435.0,,435.0,428.8,6.199999999999989,,500.0,217500.0,3.0,0.0,0.0,1.445895522388057,72500.0,435.0
2026-07-21T05:15:38+00:00,2026-07-21T11:00:38+05:45,2026-07-21,11:00:38,1784610938,1,5,11,nepse_official,OPEN,2026-07-21,NHPC,National Hydro Power Company Limited,285.0,285.0,285.0,,285.0,280.0,5.0,,500.0,142500.0,2.0,0.0,0.0,1.7857142857142856,71250.0,285.0
2026-07-21T05:15:38+00:00,2026-07-21T11:00:38+05:45,2026-07-21,11:00:38,1784610938,1,5,11,nepse_official,OPEN,2026-07-21,NICA,NIC Asia Bank Ltd.,325.0,325.0,325.0,,325.0,342.1,-17.100000000000023,,10.0,3250.0,1.0,0.0,0.0,-4.998538439052915,3250.0,325.0
2026-07-21T05:15:38+00:00,2026-07-21T11:00:38+05:45,2026-07-21,11:00:38,1784610938,1,5,11,nepse_official,OPEN,2026-07-21,NLIC,Nepal Life Insurance Co. Ltd.,806.0,806.0,806.0,,806.0,768.2,37.799999999999955,,10.0,8060.0,1.0,0.0,0.0,4.920593595417853,8060.0,806.0
2026-07-21T05:15:38+00:00,2026-07-21T11:00:38+05:45,2026-07-21,11:00:38,1784610938,1,5,11,nepse_official,OPEN,2026-07-21,NRN,NRN Infrastructure and Development Limited,1425.0,1425.0,1425.0,,1425.0,1470.0,-45.0,,10.0,14250.0,1.0,0.0,0.0,-3.061224489795918,14250.0,1425.0
2026-07-21T05:15:38+00:00,2026-07-21T11:00:38+05:45,2026-07-21,11:00:38,1784610938,1,5,11,nepse_official,OPEN,2026-07-21,PCIL,Palpa Cement Industries Limited,665.0,665.0,665.0,,665.0,665.0,0.0,,39.0,25935.0,2.0,0.0,0.0,0.0,12967.5,665.0
2026-07-21T05:15:38+00:00,2026-07-21T11:00:38+05:45,2026-07-21,11:00:38,1784610938,1,5,11,nepse_official,OPEN,2026-07-21,PPCL,Panchthar Power Compant Limited,378.0,378.0,378.0,,378.0,360.0,18.0,,10.0,3780.0,1.0,0.0,0.0,5.0,3780.0,378.0
2026-07-21T05:15:38+00:00,2026-07-21T11:00:38+05:45,2026-07-21,11:00:38,1784610938,1,5,11,nepse_official,OPEN,2026-07-21,PPL,People's Power Limited,324.0,324.0,324.0,,324.0,341.0,-17.0,,10.0,3240.0,1.0,0.0,0.0,-4.9853372434017595,3240.0,324.0
2026-07-21T05:15:38+00:00,2026-07-21T11:00:38+05:45,2026-07-21,11:00:38,1784610938,1,5,11,nepse_official,OPEN,2026-07-21,PRVU,Prabhu  Bank Limited,208.0,208.0,208.0,,208.0,198.5,9.5,,30.0,6240.0,3.0,0.0,0.0,4.785894206549118,2080.0,208.0
2026-07-21T05:15:38+00:00,2026-07-21T11:00:38+05:45,2026-07-21,11:00:38,1784610938,1,5,11,nepse_official,OPEN,2026-07-21,RADHI,Radhi Bidyut Company Ltd,764.9,764.9,764.9,,764.9,764.9,0.0,,110.0,84139.0,2.0,0.0,0.0,0.0,42069.5,764.9
2026-07-21T05:15:38+00:00,2026-07-21T11:00:38+05:45,2026-07-21,11:00:38,1784610938,1,5,11,nepse_official,OPEN,2026-07-21,RFPL,River Falls Power Limited,369.6,369.6,369.6,,369.6,352.0,17.600000000000023,,10.0,3696.0,1.0,0.0,0.0,5.000000000000006,3696.0,369.6
2026-07-21T05:15:38+00:00,2026-07-21T11:00:38+05:45,2026-07-21,11:00:38,1784610938,1,5,11,nepse_official,OPEN,2026-07-21,RIDI,Ridi Power Company Limited,350.0,350.0,350.0,,350.0,359.7,-9.699999999999989,,10.0,3500.0,1.0,0.0,0.0,-2.6966916875173728,3500.0,350.0
2026-07-21T05:15:38+00:00,2026-07-21T11:00:38+05:45,2026-07-21,11:00:38,1784610938,1,5,11,nepse_official,OPEN,2026-07-21,RLEL,Ridge Line Energy Limited,940.0,940.0,940.0,,940.0,916.0,24.0,,440.0,413600.0,6.0,0.0,0.0,2.6200873362445414,68933.33333333333,940.0
2026-07-21T05:15:38+00:00,2026-07-21T11:00:38+05:45,2026-07-21,11:00:38,1784610938,1,5,11,nepse_official,OPEN,2026-07-21,RSML,Reliance Spinning Mills Limited,3460.0,3460.0,3460.0,,3460.0,3498.0,-38.0,,100.0,346000.0,1.0,0.0,0.0,-1.0863350485991996,346000.0,3460.0
2026-07-21T05:15:38+00:00,2026-07-21T11:00:38+05:45,2026-07-21,11:00:38,1784610938,1,5,11,nepse_official,OPEN,2026-07-21,SAHAS,Sahas Urja Limited,670.0,670.0,670.0,,670.0,666.5,3.5,,29.0,19430.0,1.0,0.0,0.0,0.5251312828207052,19430.0,670.0
2026-07-21T05:15:38+00:00,2026-07-21T11:00:38+05:45,2026-07-21,11:00:38,1784610938,1,5,11,nepse_official,OPEN,2026-07-21,SAIL,Shreenagar Agritech Industries Limited,1069.0,1069.0,1069.0,,1069.0,1069.2,-0.20000000000004547,,35.0,37415.0,2.0,0.0,0.0,-0.01870557426113407,18707.5,1069.0
2026-07-21T05:15:38+00:00,2026-07-21T11:00:38+05:45,2026-07-21,11:00:38,1784610938,1,5,11,nepse_official,OPEN,2026-07-21,SAPDBL,Saptakoshi Development Bank Ltd,800.0,800.0,800.0,,800.0,797.0,3.0,,80.0,64000.0,2.0,0.0,0.0,0.37641154328732745,32000.0,800.0
2026-07-21T05:15:38+00:00,2026-07-21T11:00:38+05:45,2026-07-21,11:00:38,1784610938,1,5,11,nepse_official,OPEN,2026-07-21,SGHL,Sanigad Hydro Limited,505.0,505.0,505.0,,505.0,503.0,2.0,,70.0,35350.0,7.0,0.0,0.0,0.3976143141153081,5050.0,505.0
2026-07-21T05:15:38+00:00,2026-07-21T11:00:38+05:45,2026-07-21,11:00:38,1784610938,1,5,11,nepse_official,OPEN,2026-07-21,SIPD,Shikhar power Development Limited,675.0,675.0,675.0,,675.0,675.0,0.0,,105.0,70875.0,2.0,0.0,0.0,0.0,35437.5,675.0
2026-07-21T05:15:38+00:00,2026-07-21T11:00:38+05:45,2026-07-21,11:00:38,1784610938,1,5,11,nepse_official,OPEN,2026-07-21,SJCL,SANJEN JALAVIDHYUT COMPANY LIMITED,280.0,280.0,280.0,,280.0,285.3,-5.300000000000011,,20.0,5600.0,1.0,0.0,0.0,-1.8576936558009152,5600.0,280.0
2026-07-21T05:15:38+00:00,2026-07-21T11:00:38+05:45,2026-07-21,11:00:38,1784610938,1,5,11,nepse_official,OPEN,2026-07-21,SKBBL,Sana Kisan Bikas Laghubitta Bittiya Sanstha Limited,803.2,803.2,803.2,,803.2,765.0,38.200000000000045,,10.0,8032.0,1.0,0.0,0.0,4.993464052287588,8032.0,803.2
2026-07-21T05:15:38+00:00,2026-07-21T11:00:38+05:45,2026-07-21,11:00:38,1784610938,1,5,11,nepse_official,OPEN,2026-07-21,SLBSL,Samudayik Laghubitta Bittiya Sanstha Limited,1150.0,1150.0,1150.0,,1150.0,1104.5,45.5,,50.0,57500.0,1.0,0.0,0.0,4.1195110909913994,57500.0,1150.0
2026-07-21T05:15:38+00:00,2026-07-21T11:00:38+05:45,2026-07-21,11:00:38,1784610938,1,5,11,nepse_official,OPEN,2026-07-21,SMJC,Sagarmatha Jalabidhyut Company Limited,429.4,429.4,429.4,,429.4,452.0,-22.600000000000023,,10.0,4294.0,1.0,0.0,0.0,-5.000000000000005,4294.0,429.4
2026-07-21T05:15:38+00:00,2026-07-21T11:00:38+05:45,2026-07-21,11:00:38,1784610938,1,5,11,nepse_official,OPEN,2026-07-21,SNORL,Snow Rivers Limited,850.0,850.0,850.0,,850.0,830.0,20.0,,20.0,17000.0,1.0,0.0,0.0,2.4096385542168677,17000.0,850.0
2026-07-21T05:15:38+00:00,2026-07-21T11:00:38+05:45,2026-07-21,11:00:38,1784610938,1,5,11,nepse_official,OPEN,2026-07-21,SOHL,Solu Hydropower Limited,570.0,570.0,570.0,,570.0,596.0,-26.0,,10.0,5700.0,1.0,0.0,0.0,-4.3624161073825505,5700.0,570.0
2026-07-21T05:15:38+00:00,2026-07-21T11:00:38+05:45,2026-07-21,11:00:38,1784610938,1,5,11,nepse_official,OPEN,2026-07-21,SOPL,Sopan Pharmaceuticals Limited,848.0,848.0,848.0,,848.0,848.0,0.0,,20.0,16960.0,2.0,0.0,0.0,0.0,8480.0,848.0
2026-07-21T05:15:38+00:00,2026-07-21T11:00:38+05:45,2026-07-21,11:00:38,1784610938,1,5,11,nepse_official,OPEN,2026-07-21,SPC,Samling Power Company Limited,417.9,417.9,417.9,,417.9,439.8,-21.900000000000034,,10.0,4179.0,1.0,0.0,0.0,-4.979536152796733,4179.0,417.9
2026-07-21T05:15:38+00:00,2026-07-21T11:00:38+05:45,2026-07-21,11:00:38,1784610938,1,5,11,nepse_official,OPEN,2026-07-21,SPDL,Synergy Power Development Ltd.,412.9,412.9,412.9,,412.9,393.3,19.599999999999966,,110.0,45419.0,2.0,0.0,0.0,4.983473175692846,22709.5,412.9
2026-07-21T05:15:38+00:00,2026-07-21T11:00:38+05:45,2026-07-21,11:00:38,1784610938,1,5,11,nepse_official,OPEN,2026-07-21,SPHL,Sayapatri Hydropower Limited,550.0,550.0,550.0,,550.0,554.0,-4.0,,10.0,5500.0,1.0,0.0,0.0,-0.7220216606498195,5500.0,550.0
2026-07-21T05:15:38+00:00,2026-07-21T11:00:38+05:45,2026-07-21,11:00:38,1784610938,1,5,11,nepse_official,OPEN,2026-07-21,SSHL,Shiva Shree Hydropower Ltd,223.6,223.6,223.6,,223.6,213.0,10.599999999999994,,10.0,2236.0,1.0,0.0,0.0,4.976525821596241,2236.0,223.6
2026-07-21T05:15:38+00:00,2026-07-21T11:00:38+05:45,2026-07-21,11:00:38,1784610938,1,5,11,nepse_official,OPEN,2026-07-21,SYPNL,SY Panel Nepal Limited,1327.7,1327.7,1327.7,,1327.7,1397.5,-69.79999999999995,,20.0,26554.0,2.0,0.0,0.0,-4.9946332737030374,13277.0,1327.7
2026-07-21T05:15:38+00:00,2026-07-21T11:00:38+05:45,2026-07-21,11:00:38,1784610938,1,5,11,nepse_official,OPEN,2026-07-21,TPKHL,Taksar Pikhuwa Khola Hydropower Limited,536.1,536.1,536.1,,536.1,536.1,0.0,,10.0,5361.0,1.0,0.0,0.0,0.0,5361.0,536.1
2026-07-21T05:15:38+00:00,2026-07-21T11:00:38+05:45,2026-07-21,11:00:38,1784610938,1,5,11,nepse_official,OPEN,2026-07-21,ULBSL,Upakar Laghubitta Bittiya Sanstha Limited,2750.0,2750.0,2750.0,,2750.0,2888.9,-138.9000000000001,,10.0,27500.0,1.0,0.0,0.0,-4.808058430544501,27500.0,2750.0
2026-07-21T05:15:38+00:00,2026-07-21T11:00:38+05:45,2026-07-21,11:00:38,1784610938,1,5,11,nepse_official,OPEN,2026-07-21,UMHL,United Modi Hydropower Ltd.,570.0,570.0,570.0,,570.0,600.0,-30.0,,90.0,51300.0,5.0,0.0,0.0,-5.0,10260.0,570.0
2026-07-21T05:15:38+00:00,2026-07-21T11:00:38+05:45,2026-07-21,11:00:38,1784610938,1,5,11,nepse_official,OPEN,2026-07-21,UPPER,Upper Tamakoshi Hydropower Ltd,202.5,202.5,202.5,,202.5,202.5,0.0,,50.0,10125.0,1.0,0.0,0.0,0.0,10125.0,202.5
2026-07-21T05:15:38+00:00,2026-07-21T11:00:38+05:45,2026-07-21,11:00:38,1784610938,1,5,11,nepse_official,OPEN,2026-07-21,USHL,Upper Syange Hydropower Limited,567.0,567.0,567.0,,567.0,540.0,27.0,,10.0,5670.0,1.0,0.0,0.0,5.0,5670.0,567.0
2026-07-21T05:15:38+00:00,2026-07-21T11:00:38+05:45,2026-07-21,11:00:38,1784610938,1,5,11,nepse_official,OPEN,2026-07-21,YMHL,Yambaling Hydropower Limited,623.0,623.0,623.0,,623.0,623.0,0.0,,10.0,6230.0,1.0,0.0,0.0,0.0,6230.0,623.0
2026-07-21T05:45:34+00:00,2026-07-21T11:30:34+05:45,2026-07-21,11:30:34,1784612734,1,5,11,nepse_official,OPEN,2026-07-21,ACLBSL,Aarambha Chautari Laghubitta Bittiya Sanstha Limited,920.0,920.0,920.0,,920.0,945.0,-25.0,,13.0,11960.0,1.0,0.0,0.0,-2.6455026455026456,11960.0,920.0
2026-07-21T05:45:34+00:00,2026-07-21T11:30:34+05:45,2026-07-21,11:30:34,1784612734,1,5,11,nepse_official,OPEN,2026-07-21,ADBL,Agricultural Development Bank Limited,314.9,314.9,310.1,,310.1,312.8,-2.6999999999999886,,873.0,272956.9,15.0,4.7999999999999545,1.524293426484584,-0.8631713554987175,18197.126666666667,312.6654066437572
2026-07-21T05:45:34+00:00,2026-07-21T11:30:34+05:45,2026-07-21,11:30:34,1784612734,1,5,11,nepse_official,OPEN,2026-07-21,AHL,Asian Hydropower Limited,436.0,444.0,435.0,,439.8,439.9,-0.0999999999999659,,2098.0,926278.0,13.0,9.0,2.064220183486239,-0.022732439190717414,71252.15384615384,441.50524308865585
2026-07-21T05:45:34+00:00,2026-07-21T11:30:34+05:45,2026-07-21,11:30:34,1784612734,1,5,11,nepse_official,OPEN,2026-07-21,AHPC,Arun Valley Hydropower Development Co. Ltd.,280.0,281.0,276.0,,278.0,279.1,-1.1000000000000227,,13136.0,3644971.0,34.0,5.0,1.7857142857142856,-0.3941239699032686,107205.0294117647,277.47952192448236
2026-07-21T05:45:34+00:00,2026-07-21T11:30:34+05:45,2026-07-21,11:30:34,1784612734,1,5,11,nepse_official,OPEN,2026-07-21,AKJCL,Ankhu Khola Jalvidhyut Company Ltd,360.0,377.0,360.0,,375.0,374.4,0.6000000000000227,,97089.0,36362541.2,228.0,17.0,4.722222222222222,0.16025641025641635,159484.82982456143,374.5279197437403
2026-07-21T05:45:34+00:00,2026-07-21T11:30:34+05:45,2026-07-21,11:30:34,1784612734,1,5,11,nepse_official,OPEN,2026-07-21,AKPL,Arun Kabeli Power Ltd.,280.8,280.8,265.5,,266.0,267.5,-1.5,,8732.0,2345185.4,34.0,15.300000000000011,5.4487179487179525,-0.5607476635514018,68976.04117647058,268.5736830050389
2026-07-21T05:45:34+00:00,2026-07-21T11:30:34+05:45,2026-07-21,11:30:34,1784612734,1,5,11,nepse_official,OPEN,2026-07-21,ALBSL,Asha Laghubitta Bittiya Sanstha Ltd,1045.0,1100.0,1045.0,,1088.9,1083.9,5.0,,322.0,347905.0,15.0,55.0,5.263157894736842,0.46129716763539064,23193.666666666668,1080.4503105590063
2026-07-21T05:45:34+00:00,2026-07-21T11:30:34+05:45,2026-07-21,11:30:34,1784612734,1,5,11,nepse_official,OPEN,2026-07-21,ALICL,Asian Life Insurance Co. Limited,451.9,451.9,439.0,,439.0,442.5,-3.5,,1055.0,464535.9,12.0,12.899999999999977,2.854613852622257,-0.7909604519774011,38711.325000000004,440.31838862559243
2026-07-21T05:45:34+00:00,2026-07-21T11:30:34+05:45,2026-07-21,11:30:34,1784612734,1,5,11,nepse_official,OPEN,2026-07-21,ANLB,Aatmanirbhar Laghubitta Bittiya Sanstha Limited,5640.0,6345.0,5620.0,,5701.0,5700.0,1.0,,321.0,1845319.0,11.0,725.0,12.854609929078014,0.017543859649122806,167756.27272727274,5748.657320872274
2026-07-21T05:45:34+00:00,2026-07-21T11:30:34+05:45,2026-07-21,11:30:34,1784612734,1,5,11,nepse_official,OPEN,2026-07-21,APHL,Appolo Hydropower Limited,832.0,856.8,832.0,,845.3,843.9,1.3999999999999773,,2282.0,1931538.5,48.0,24.799999999999955,2.9807692307692255,0.16589643322668296,40240.385416666664,846.4235319894829
2026-07-21T05:45:34+00:00,2026-07-21T11:30:34+05:45,2026-07-21,11:30:34,1784612734,1,5,11,nepse_official,OPEN,2026-07-21,API,Api Power Company Ltd.,346.0,348.0,343.0,,343.1,346.0,-2.8999999999999773,,93380.0,32260676.4,251.0,5.0,1.4450867052023122,-0.8381502890173346,128528.59123505975,345.4773656029128
2026-07-21T05:45:34+00:00,2026-07-21T11:30:34+05:45,2026-07-21,11:30:34,1784612734,1,5,11,nepse_official,OPEN,2026-07-21,AVYAN,Aviyan Laghubitta Bittiya Sanstha Limited,1075.6,1200.0,1045.0,,1080.0,1098.0,-18.0,,925.0,1000092.5,21.0,155.0,14.410561547043512,-1.639344262295082,47623.45238095238,1081.1810810810812
2026-07-21T05:45:34+00:00,2026-07-21T11:30:34+05:45,2026-07-21,11:30:34,1784612734,1,5,11,nepse_official,OPEN,2026-07-21,BANDIPUR,Bandipur Cablecar and Tourism Limited,746.0,762.0,735.0,,736.2,744.0,-7.7999999999999545,,5405.0,4041802.0,89.0,27.0,3.6193029490616624,-1.0483870967741873,45413.50561797753,747.7894542090656
2026-07-21T05:45:34+00:00,2026-07-21T11:30:34+05:45,2026-07-21,11:30:34,1784612734,1,5,11,nepse_official,OPEN,2026-07-21,BARUN,Barun Hydropower Co. Ltd.,335.1,335.5,335.1,,335.5,338.0,-2.5,,2446.0,820121.0,14.0,0.39999999999997726,0.11936735302893978,-0.7396449704142012,58580.07142857143,335.29067865903517
2026-07-21T05:45:34+00:00,2026-07-21T11:30:34+05:45,2026-07-21,11:30:34,1784612734,1,5,11,nepse_official,OPEN,2026-07-21,BEDC,Bhugol Energy Development Company Limited,334.0,336.0,330.0,,330.0,334.0,-4.0,,3571.0,1190682.0,24.0,6.0,1.7964071856287425,-1.1976047904191618,49611.75,333.430971716606
2026-07-21T05:45:34+00:00,2026-07-21T11:30:34+05:45,2026-07-21,11:30:34,1784612734,1,5,11,nepse_official,OPEN,2026-07-21,BFC,Best Finance Company Ltd.,513.0,544.0,513.0,,536.1,539.8,-3.699999999999932,,12387.0,6671998.6,53.0,31.0,6.042884990253411,-0.6854390515005432,125886.76603773584,538.6290950189715
2026-07-21T05:45:34+00:00,2026-07-21T11:30:34+05:45,2026-07-21,11:30:34,1784612734,1,5,11,nepse_official,OPEN,2026-07-21,BGWT,Bhagawati Hydropower Development Company Limited,607.0,662.0,590.0,,595.0,590.0,5.0,,2308.0,1422465.8,24.0,72.0,11.86161449752883,0.847457627118644,59269.40833333333,616.3196707105719
2026-07-21T05:45:34+00:00,2026-07-21T11:30:34+05:45,2026-07-21,11:30:34,1784612734,1,5,11,nepse_official,OPEN,2026-07-21,BHCL,Bikash Hydropower Company Limited,500.0,503.0,490.0,,490.0,499.0,-9.0,,2879.0,1431537.0,42.0,13.0,2.6,-1.8036072144288577,34084.21428571428,497.2341090656478
2026-07-21T05:45:34+00:00,2026-07-21T11:30:34+05:45,2026-07-21,11:30:34,1784612734,1,5,11,nepse_official,OPEN,2026-07-21,BHDC,Bindhyabasini Hydropower Development Company Limited,447.6,447.7,444.0,,444.0,447.5,-3.5,,2620.0,1168258.9,11.0,3.6999999999999886,0.8266309204646981,-0.782122905027933,106205.35454545454,445.90034351145033
2026-07-21T05:45:34+00:00,2026-07-21T11:30:34+05:45,2026-07-21,11:30:34,1784612734,1,5,11,nepse_official,OPEN,2026-07-21,BHL,Balephi Hydropower Limited,222.0,222.0,216.1,,216.5,218.1,-1.5999999999999943,,13414.0,2941719.2,84.0,5.900000000000006,2.6576576576576603,-0.7336084364970171,35020.46666666667,219.3021619203817
2026-07-21T05:45:34+00:00,2026-07-21T11:30:34+05:45,2026-07-21,11:30:34,1784612734,1,5,11,nepse_official,OPEN,2026-07-21,BHPL,Barahi Hydropower Public Limited,510.0,510.0,485.0,,485.0,486.1,-1.1000000000000227,,710.0,346365.0,10.0,25.0,4.901960784313726,-0.22629088664884237,34636.5,487.8380281690141
2026-07-21T05:45:34+00:00,2026-07-21T11:30:34+05:45,2026-07-21,11:30:34,1784612734,1,5,11,nepse_official,OPEN,2026-07-21,BJHL,Bhujung Hydropower Limited,808.0,815.0,776.0,,779.0,808.0,-29.0,,2560.0,2014276.0,29.0,39.0,4.826732673267327,-3.5891089108910887,69457.79310344828,786.8265625
2026-07-21T05:45:34+00:00,2026-07-21T11:30:34+05:45,2026-07-21,11:30:34,1784612734,1,5,11,nepse_official,OPEN,2026-07-21,BNHC,Buddha Bhumi Nepal Hydropower Company Limited,299.0,299.0,292.9,,293.6,298.0,-4.399999999999977,,3595.0,1060589.0,34.0,6.100000000000023,2.0401337792642216,-1.4765100671140863,31193.79411764706,295.01780250347707
2026-07-21T05:45:34+00:00,2026-07-21T11:30:34+05:45,2026-07-21,11:30:34,1784612734,1,5,11,nepse_official,OPEN,2026-07-21,BPCL,Butwal Power Company Limited,663.0,675.0,659.8,,671.0,675.0,-4.0,,2583.0,1727893.4,17.0,15.200000000000045,2.292609351432888,-0.5925925925925926,101640.78823529411,668.9482771970577
2026-07-21T05:45:34+00:00,2026-07-21T11:30:34+05:45,2026-07-21,11:30:34,1784612734,1,5,11,nepse_official,OPEN,2026-07-21,BUNGAL,Bungal Hydro Limited,638.0,660.0,638.0,,647.0,667.0,-20.0,,2884.0,1875518.1,60.0,22.0,3.4482758620689653,-2.998500749625187,31258.635000000002,650.3183425797504
2026-07-21T05:45:34+00:00,2026-07-21T11:30:34+05:45,2026-07-21,11:30:34,1784612734,1,5,11,nepse_official,OPEN,2026-07-21,CBBL,Chhimek Laghubitta Bittiya Sanstha Limited,936.0,941.0,935.1,,941.0,935.0,6.0,,6241.0,5853705.0,36.0,5.899999999999977,0.6303418803418779,0.6417112299465241,162602.91666666666,937.9434385515142
2026-07-21T05:45:34+00:00,2026-07-21T11:30:34+05:45,2026-07-21,11:30:34,1784612734,1,5,11,nepse_official,OPEN,2026-07-21,CFCL,Central Finance Co. Ltd.,605.0,643.0,605.0,,639.9,636.0,3.8999999999999773,,6557.0,4180667.7,32.0,38.0,6.2809917355371905,0.6132075471698077,130645.865625,637.5884855879214
2026-07-21T05:45:34+00:00,2026-07-21T11:30:34+05:45,2026-07-21,11:30:34,1784612734,1,5,11,nepse_official,OPEN,2026-07-21,CGH,Chandragiri Hills Limited,786.0,786.0,786.0,,786.0,785.0,1.0,,200.0,157200.0,2.0,0.0,0.0,0.12738853503184713,78600.0,786.0
2026-07-21T05:45:34+00:00,2026-07-21T11:30:34+05:45,2026-07-21,11:30:34,1784612734,1,5,11,nepse_official,OPEN,2026-07-21,CHCL,Chilime Hydropower Company Limited,496.0,496.0,491.0,,492.0,496.0,-4.0,,2069.0,1021015.0,11.0,5.0,1.0080645161290323,-0.8064516129032258,92819.54545454546,493.48235862735623
2026-07-21T05:45:34+00:00,2026-07-21T11:30:34+05:45,2026-07-21,11:30:34,1784612734,1,5,11,nepse_official,OPEN,2026-07-21,CHDC,CEDB Holdings Limited,2250.0,2250.0,2210.0,,2210.0,2218.0,-8.0,,8841.0,19679652.4,34.0,40.0,1.7777777777777777,-0.36068530207394045,578813.3058823529,2225.953217961769
2026-07-21T05:45:34+00:00,2026-07-21T11:30:34+05:45,2026-07-21,11:30:34,1784612734,1,5,11,nepse_official,OPEN,2026-07-21,CHL,Chhyangdi Hydropower Ltd.,277.0,280.0,274.0,,274.0,274.0,0.0,,2858.0,791302.0,13.0,6.0,2.166064981949458,0.0,60869.38461538462,276.87263820853747
2026-07-21T05:45:34+00:00,2026-07-21T11:30:34+05:45,2026-07-21,11:30:34,1784612734,1,5,11,nepse_official,OPEN,2026-07-21,CIT,Citizen Investment Trust,1715.0,1719.0,1713.0,,1713.0,1710.0,3.0,,559.0,959521.4,14.0,6.0,0.3498542274052478,0.17543859649122806,68537.24285714286,1716.4962432915922
2026-07-21T05:45:34+00:00,2026-07-21T11:30:34+05:45,2026-07-21,11:30:34,1784612734,1,5,11,nepse_official,OPEN,2026-07-21,CITY,City Hotel Limited,389.0,389.7,378.3,,381.0,386.0,-5.0,,24529.0,9357731.2,110.0,11.399999999999977,2.930591259640097,-1.2953367875647668,85070.28363636363,381.49664478780215
2026-07-21T05:45:34+00:00,2026-07-21T11:30:34+05:45,2026-07-21,11:30:34,1784612734,1,5,11,nepse_official,OPEN,2026-07-21,CKHL,Chirkhwa Hydropower Limited ,635.0,635.0,632.6,,632.7,648.9,-16.199999999999932,,1122.0,710669.0,11.0,2.3999999999999773,0.3779527559055082,-2.496532593619962,64606.27272727273,633.3948306595365
2026-07-21T05:45:34+00:00,2026-07-21T11:30:34+05:45,2026-07-21,11:30:34,1784612734,1,5,11,nepse_official,OPEN,2026-07-21,CLI,Citizen Life Insurance Company Limited,464.6,464.6,456.0,,457.8,457.5,0.30000000000001137,,231.0,105631.2,12.0,8.600000000000023,1.8510546706844644,0.06557377049180577,8802.6,457.2779220779221
2026-07-21T05:45:34+00:00,2026-07-21T11:30:34+05:45,2026-07-21,11:30:34,1784612734,1,5,11,nepse_official,OPEN,2026-07-21,CORBL,Corporate Development Bank Limited,1450.0,1450.0,1430.1,,1442.0,1498.0,-56.0,,12010.0,17348729.6,139.0,19.90000000000009,1.3724137931034546,-3.7383177570093453,124811.00431654678,1444.523696919234
2026-07-21T05:45:34+00:00,2026-07-21T11:30:34+05:45,2026-07-21,11:30:34,1784612734,1,5,11,nepse_official,OPEN,2026-07-21,CREST,Crest Micro Life Insurance Limited,1205.0,1241.0,1173.0,,1202.0,1219.8,-17.799999999999955,,500.0,603094.0,19.0,68.0,5.643153526970955,-1.4592556156746972,31741.78947368421,1206.188
2026-07-21T05:45:34+00:00,2026-07-21T11:30:34+05:45,2026-07-21,11:30:34,1784612734,1,5,11,nepse_official,OPEN,2026-07-21,CSY,Citizens Santulit Yojana,9.03,9.03,9.03,,9.03,9.3,-0.27000000000000135,,300.0,2709.0,3.0,0.0,0.0,-2.903225806451627,903.0,9.03
2026-07-21T05:45:34+00:00,2026-07-21T11:30:34+05:45,2026-07-21,11:30:34,1784612734,1,5,11,nepse_official,OPEN,2026-07-21,CYCL,CYC Nepal Laghubitta Bittiya Sanstha Limited,1337.0,1337.0,1337.0,,1337.0,1360.0,-23.0,,10.0,13370.0,1.0,0.0,0.0,-1.6911764705882353,13370.0,1337.0
2026-07-21T05:45:34+00:00,2026-07-21T11:30:34+05:45,2026-07-21,11:30:34,1784612734,1,5,11,nepse_official,OPEN,2026-07-21,CZBIL,Citizens Bank International Limited,195.0,206.7,195.0,,205.5,204.9,0.5999999999999943,,2716.0,559946.0,14.0,11.699999999999989,5.999999999999995,0.29282576866764,39996.142857142855,206.1656848306333
2026-07-21T05:45:34+00:00,2026-07-21T11:30:34+05:45,2026-07-21,11:30:34,1784612734,1,5,11,nepse_official,OPEN,2026-07-21,DDBL,Deprosc Laghubitta Bittiya Sanstha Limited,811.8,872.0,811.8,,836.1,854.5,-18.399999999999977,,1410.0,1178287.6,11.0,60.200000000000045,7.415619610741568,-2.1533060269163227,107117.05454545455,835.6649645390072
2026-07-21T05:45:34+00:00,2026-07-21T11:30:34+05:45,2026-07-21,11:30:34,1784612734,1,5,11,nepse_official,OPEN,2026-07-21,DHEL,Daramkhola Hydro Energy Limited,580.0,603.0,580.0,,585.1,599.0,-13.899999999999977,,5549.0,3286080.0,55.0,23.0,3.9655172413793105,-2.320534223706173,59746.90909090909,592.1931879617949
2026-07-21T05:45:34+00:00,2026-07-21T11:30:34+05:45,2026-07-21,11:30:34,1784612734,1,5,11,nepse_official,OPEN,2026-07-21,DHPL,Dibyashwori Hydropower Ltd.,330.0,330.0,305.0,,305.0,315.0,-10.0,,212.0,67255.0,5.0,25.0,7.575757575757576,-3.1746031746031744,13451.0,317.24056603773585
2026-07-21T05:45:34+00:00,2026-07-21T11:30:34+05:45,2026-07-21,11:30:34,1784612734,1,5,11,nepse_official,OPEN,2026-07-21,DLBS,Dhaulagiri Laghubitta Bittiya Sanstha Limited,1200.0,1200.1,1200.0,,1200.1,1219.0,-18.90000000000009,,27.0,32401.0,3.0,0.09999999999990905,0.008333333333325754,-1.5504511894995974,10800.333333333334,1200.037037037037
2026-07-21T05:45:34+00:00,2026-07-21T11:30:34+05:45,2026-07-21,11:30:34,1784612734,1,5,11,nepse_official,OPEN,2026-07-21,DOLTI,Dolti Power Company Limited,334.0,335.0,330.0,,330.0,333.1,-3.1000000000000227,,5078.0,1681915.0,31.0,5.0,1.4970059880239521,-0.9306514560192202,54255.32258064516,331.2160299330445
2026-07-21T05:45:34+00:00,2026-07-21T11:30:34+05:45,2026-07-21,11:30:34,1784612734,1,5,11,nepse_official,OPEN,2026-07-21,DORDI,Dordi Khola Jal Bidyut Company Limited,270.0,270.0,262.0,,265.0,266.6,-1.6000000000000227,,5531.0,1477831.0,32.0,8.0,2.9629629629629632,-0.6001500375093859,46182.21875,267.19056228530104
2026-07-21T05:45:34+00:00,2026-07-21T11:30:34+05:45,2026-07-21,11:30:34,1784612734,1,5,11,nepse_official,OPEN,2026-07-21,EBL,Everest Bank Limited,718.1,735.0,718.1,,723.0,717.5,5.5,,2234.0,1611417.0,29.0,16.899999999999977,2.3534326695446284,0.7665505226480837,55566.10344827586,721.3146821844225
2026-07-21T05:45:34+00:00,2026-07-21T11:30:34+05:45,2026-07-21,11:30:34,1784612734,1,5,11,nepse_official,OPEN,2026-07-21,ECL,Everest Colour Limited,376.1,410.8,376.1,,410.8,372.4,38.400000000000034,,50.0,19492.0,5.0,34.69999999999999,9.226269609146499,10.311493018259945,3898.4,389.84
2026-07-21T05:45:34+00:00,2026-07-21T11:30:34+05:45,2026-07-21,11:30:34,1784612734,1,5,11,nepse_official,OPEN,2026-07-21,EDBL,Excel Development Bank Ltd.,588.0,588.0,577.0,,586.0,584.0,2.0,,264.0,153500.0,4.0,11.0,1.870748299319728,0.3424657534246575,38375.0,581.439393939394
2026-07-21T05:45:34+00:00,2026-07-21T11:30:34+05:45,2026-07-21,11:30:34,1784612734,1,5,11,nepse_official,OPEN,2026-07-21,EHPL,Eastern Hydropower Limited,370.0,370.0,360.0,,360.0,367.9,-7.899999999999977,,1120.0,410473.0,10.0,10.0,2.7027027027027026,-2.147322642022283,41047.3,366.49375
2026-07-21T05:45:34+00:00,2026-07-21T11:30:34+05:45,2026-07-21,11:30:34,1784612734,1,5,11,nepse_official,OPEN,2026-07-21,FMDBL,First Micro Finance Laghubitta Bittiya Sanstha Limited,760.0,806.0,760.0,,789.0,790.0,-1.0,,2220.0,1756802.0,25.0,46.0,6.052631578947368,-0.12658227848101267,70272.08,791.3522522522522
2026-07-21T05:45:34+00:00,2026-07-21T11:30:34+05:45,2026-07-21,11:30:34,1784612734,1,5,11,nepse_official,OPEN,2026-07-21,FOWAD,Forward Microfinance Laghubitta Bittiya Sanstha Limited,1029.9,1029.9,1029.9,,1029.9,1000.0,29.90000000000009,,10.0,10299.0,1.0,0.0,0.0,2.990000000000009,10299.0,1029.9
2026-07-21T05:45:34+00:00,2026-07-21T11:30:34+05:45,2026-07-21,11:30:34,1784612734,1,5,11,nepse_official,OPEN,2026-07-21,GBBL,Garima Bikas Bank Limited,421.0,425.1,419.1,,419.1,421.0,-1.8999999999999773,,5358.0,2258103.3,40.0,6.0,1.4251781472684086,-0.4513064133016573,56452.5825,421.4451847704367
2026-07-21T05:45:34+00:00,2026-07-21T11:30:34+05:45,2026-07-21,11:30:34,1784612734,1,5,11,nepse_official,OPEN,2026-07-21,GBIME,Global IME Bank Limited,248.5,248.5,245.0,,245.0,245.0,0.0,,26565.0,6516911.9,58.0,3.5,1.4084507042253522,0.0,112360.55,245.31947675512893
2026-07-21T05:45:34+00:00,2026-07-21T11:30:34+05:45,2026-07-21,11:30:34,1784612734,1,5,11,nepse_official,OPEN,2026-07-21,GBLBS,Grameen Bikas Laghubitta Bittiya Sanstha Ltd.,793.8,793.8,767.0,,767.0,756.0,11.0,,316.0,242673.0,7.0,26.799999999999955,3.37616528092718,1.455026455026455,34667.57142857143,767.9525316455696
2026-07-21T05:45:34+00:00,2026-07-21T11:30:34+05:45,2026-07-21,11:30:34,1784612734,1,5,11,nepse_official,OPEN,2026-07-21,GCIL,Ghorahi Cement Industry Limited,373.0,373.0,368.0,,371.1,372.0,-0.8999999999999773,,1967.0,728177.2,37.0,5.0,1.3404825737265416,-0.24193548387096164,19680.464864864865,370.19684799186575
2026-07-21T05:45:34+00:00,2026-07-21T11:30:34+05:45,2026-07-21,11:30:34,1784612734,1,5,11,nepse_official,OPEN,2026-07-21,GFCL,Goodwill Finance Limited,630.0,630.0,624.0,,624.0,627.9,-3.8999999999999773,,1085.0,678775.0,10.0,6.0,0.9523809523809524,-0.6211180124223566,67877.5,625.5990783410139
2026-07-21T05:45:34+00:00,2026-07-21T11:30:34+05:45,2026-07-21,11:30:34,1784612734,1,5,11,nepse_official,OPEN,2026-07-21,GHL,Ghalemdi Hydro Limited,237.0,237.0,231.2,,232.7,233.9,-1.200000000000017,,16150.0,3779360.5,32.0,5.800000000000011,2.4472573839662495,-0.5130397605814524,118105.015625,234.01613003095974
2026-07-21T05:45:34+00:00,2026-07-21T11:30:34+05:45,2026-07-21,11:30:34,1784612734,1,5,11,nepse_official,OPEN,2026-07-21,GIBF1,Global IME Balanced Fund-1,10.41,10.41,10.41,,10.41,10.5,-0.08999999999999986,,100.0,1041.0,1.0,0.0,0.0,-0.8571428571428558,1041.0,10.41
2026-07-21T05:45:34+00:00,2026-07-21T11:30:34+05:45,2026-07-21,11:30:34,1784612734,1,5,11,nepse_official,OPEN,2026-07-21,GILB,Global IME Laghubitta Bittiya Sanstha Ltd.,1111.1,1112.0,1111.1,,1111.1,1110.1,1.0,,118.0,131118.8,3.0,0.900000000000091,0.08100081000810827,0.09008197459688318,43706.26666666666,1111.1762711864405
2026-07-21T05:45:34+00:00,2026-07-21T11:30:34+05:45,2026-07-21,11:30:34,1784612734,1,5,11,nepse_official,OPEN,2026-07-21,GLBSL,Gurans Laghubitta Bittiya Sanstha Limited,1900.0,1900.0,1900.0,,1900.0,1815.0,85.0,,10.0,19000.0,1.0,0.0,0.0,4.683195592286501,19000.0,1900.0
2026-07-21T05:45:34+00:00,2026-07-21T11:30:34+05:45,2026-07-21,11:30:34,1784612734,1,5,11,nepse_official,OPEN,2026-07-21,GLH,GreenLife Hydropower Limited,263.1,265.0,260.0,,260.0,265.0,-5.0,,11366.0,2980789.3,28.0,5.0,1.9004180919802356,-1.8867924528301887,106456.7607142857,262.25490937884916
2026-07-21T05:45:34+00:00,2026-07-21T11:30:34+05:45,2026-07-21,11:30:34,1784612734,1,5,11,nepse_official,OPEN,2026-07-21,GMFIL,Guheshowori Merchant Bank & Finance Co. Ltd.,470.0,470.0,470.0,,470.0,470.0,0.0,,10.0,4700.0,1.0,0.0,0.0,0.0,4700.0,470.0
2026-07-21T05:45:34+00:00,2026-07-21T11:30:34+05:45,2026-07-21,11:30:34,1784612734,1,5,11,nepse_official,OPEN,2026-07-21,GMLI,Guardian Micro Life Insurance Limited ,1286.9,1286.9,1200.4,,1200.4,1253.9,-53.5,,80.0,98123.0,4.0,86.5,6.721578988266376,-4.266687933647021,24530.75,1226.5375
2026-07-21T05:45:34+00:00,2026-07-21T11:30:34+05:45,2026-07-21,11:30:34,1784612734,1,5,11,nepse_official,OPEN,2026-07-21,GRDBL,Green Development Bank Ltd.,1055.5,1098.9,1055.5,,1070.4,1088.0,-17.59999999999991,,573.0,614503.2,17.0,43.40000000000009,4.111795357650411,-1.617647058823521,36147.24705882353,1072.4314136125654
2026-07-21T05:45:34+00:00,2026-07-21T11:30:34+05:45,2026-07-21,11:30:34,1784612734,1,5,11,nepse_official,OPEN,2026-07-21,GSY,Garima Samriddhi Yojana,10.0,10.0,10.0,,10.0,10.0,0.0,,300.0,3000.0,3.0,0.0,0.0,0.0,1000.0,10.0
2026-07-21T05:45:34+00:00,2026-07-21T11:30:34+05:45,2026-07-21,11:30:34,1784612734,1,5,11,nepse_official,OPEN,2026-07-21,GUFL,Gurkhas Finance Ltd.,572.0,575.0,566.0,,567.9,572.1,-4.2000000000000455,,655.0,372645.0,6.0,9.0,1.5734265734265735,-0.73413738856844,62107.5,568.9236641221374
2026-07-21T05:45:34+00:00,2026-07-21T11:30:34+05:45,2026-07-21,11:30:34,1784612734,1,5,11,nepse_official,OPEN,2026-07-21,GVL,Green Ventures Limited,496.0,496.0,490.3,,490.3,497.0,-6.699999999999989,,2027.0,996626.7,12.0,5.699999999999989,1.1491935483870945,-1.3480885311871205,83052.22499999999,491.675727676369
2026-07-21T05:45:34+00:00,2026-07-21T11:30:34+05:45,2026-07-21,11:30:34,1784612734,1,5,11,nepse_official,OPEN,2026-07-21,HATHY,Hathway Investment Nepal Limited,785.0,785.0,756.0,,756.0,782.0,-26.0,,4601.0,3555727.1,56.0,29.0,3.694267515923567,-3.324808184143223,63495.12678571429,772.816148663334
2026-07-21T05:45:34+00:00,2026-07-21T11:30:34+05:45,2026-07-21,11:30:34,1784612734,1,5,11,nepse_official,OPEN,2026-07-21,HBL,Himalayan Bank Limited,200.0,201.3,200.0,,200.0,200.7,-0.6999999999999886,,4967.0,994862.7,70.0,1.3000000000000114,0.6500000000000057,-0.34877927254608304,14212.324285714285,200.29448359170524
2026-07-21T05:45:34+00:00,2026-07-21T11:30:34+05:45,2026-07-21,11:30:34,1784612734,1,5,11,nepse_official,OPEN,2026-07-21,HDHPC,Himal Dolakha Hydropower Company Limited,222.0,224.0,217.2,,218.5,222.0,-3.5,,33523.0,7355158.2,92.0,6.800000000000011,3.063063063063068,-1.5765765765765765,79947.37173913044,219.40632401634699
2026-07-21T05:45:34+00:00,2026-07-21T11:30:34+05:45,2026-07-21,11:30:34,1784612734,1,5,11,nepse_official,OPEN,2026-07-21,HDL,Himalayan Distillery Limited,1180.0,1199.0,1178.0,,1182.0,1179.9,2.099999999999909,,11087.0,13156670.6,118.0,21.0,1.7796610169491527,0.17798118484616568,111497.20847457627,1186.675439704158
2026-07-21T05:45:34+00:00,2026-07-21T11:30:34+05:45,2026-07-21,11:30:34,1784612734,1,5,11,nepse_official,OPEN,2026-07-21,HEI,Himalayan Everest Insurance Limited,541.0,541.0,541.0,,541.0,540.0,1.0,,100.0,54100.0,1.0,0.0,0.0,0.1851851851851852,54100.0,541.0
2026-07-21T05:45:34+00:00,2026-07-21T11:30:34+05:45,2026-07-21,11:30:34,1784612734,1,5,11,nepse_official,OPEN,2026-07-21,HEIP,Himalayan Everest Insurance Limited Promoter,330.0,330.0,330.0,,330.0,340.0,-10.0,,180.0,59400.0,1.0,0.0,0.0,-2.941176470588235,59400.0,330.0
2026-07-21T05:45:34+00:00,2026-07-21T11:30:34+05:45,2026-07-21,11:30:34,1784612734,1,5,11,nepse_official,OPEN,2026-07-21,HFIN,Hotel Forest Inn Limited,722.0,735.0,714.0,,717.0,725.0,-8.0,,7986.0,5769186.5,96.0,21.0,2.9085872576177287,-1.103448275862069,60095.692708333336,722.4125344352617
2026-07-21T05:45:34+00:00,2026-07-21T11:30:34+05:45,2026-07-21,11:30:34,1784612734,1,5,11,nepse_official,OPEN,2026-07-21,HHL,Himalayan Hydropower Limited,350.0,355.0,345.0,,345.1,349.0,-3.8999999999999773,,110.0,38451.0,9.0,10.0,2.857142857142857,-1.1174785100286468,4272.333333333333,349.55454545454546
2026-07-21T05:45:34+00:00,2026-07-21T11:30:34+05:45,2026-07-21,11:30:34,1784612734,1,5,11,nepse_official,OPEN,2026-07-21,HIDCL,Hydorelectricity Investment and Development Company Ltd,280.3,280.3,262.0,,262.0,267.0,-5.0,,17231.0,4601213.3,50.0,18.30000000000001,6.528719229397079,-1.8726591760299627,92024.266,267.0311241367303
2026-07-21T05:45:34+00:00,2026-07-21T11:30:34+05:45,2026-07-21,11:30:34,1784612734,1,5,11,nepse_official,OPEN,2026-07-21,HIDCLP,Hydorelectricity Investment and Development Company Limited Promoter,209.4,209.4,195.2,,198.0,199.5,-1.5,,31376.0,6170619.3,52.0,14.200000000000017,6.781279847182434,-0.7518796992481203,118665.75576923076,196.66685683324835
2026-07-21T05:45:34+00:00,2026-07-21T11:30:34+05:45,2026-07-21,11:30:34,1784612734,1,5,11,nepse_official,OPEN,2026-07-21,HIMSTAR,Him Star Urja Company Limited,770.0,782.0,760.0,,770.0,762.0,8.0,,2366.0,1807016.0,35.0,22.0,2.857142857142857,1.0498687664041995,51629.02857142857,763.7430262045647
2026-07-21T05:45:34+00:00,2026-07-21T11:30:34+05:45,2026-07-21,11:30:34,1784612734,1,5,11,nepse_official,OPEN,2026-07-21,HLBSL,Himalayan Laghubitta Bittiya Sanstha Limited,899.6,903.8,899.6,,903.8,895.0,8.799999999999955,,20.0,18034.0,2.0,4.199999999999932,0.46687416629612405,0.9832402234636821,9017.0,901.7
2026-07-21T05:45:34+00:00,2026-07-21T11:30:34+05:45,2026-07-21,11:30:34,1784612734,1,5,11,nepse_official,OPEN,2026-07-21,HLI,Himalayan Life Insurance Limited,331.5,338.4,331.0,,331.1,335.5,-4.399999999999977,,6532.0,2185998.3,31.0,7.399999999999977,2.2322775263951664,-1.3114754098360588,70516.07419354838,334.6598744641763
2026-07-21T05:45:34+00:00,2026-07-21T11:30:34+05:45,2026-07-21,11:30:34,1784612734,1,5,11,nepse_official,OPEN,2026-07-21,HLICF,HLI Large Cap Fund,8.74,8.74,8.74,,8.74,8.74,0.0,,100.0,874.0,1.0,0.0,0.0,0.0,874.0,8.74
2026-07-21T05:45:34+00:00,2026-07-21T11:30:34+05:45,2026-07-21,11:30:34,1784612734,1,5,11,nepse_official,OPEN,2026-07-21,HPPL,Himalayan Power Partner Ltd.,382.0,382.0,369.9,,370.0,373.1,-3.1000000000000227,,7741.0,2884346.1,37.0,12.100000000000023,3.1675392670157128,-0.8308764406325442,77955.3,372.6063945226715
2026-07-21T05:45:34+00:00,2026-07-21T11:30:34+05:45,2026-07-21,11:30:34,1784612734,1,5,11,nepse_official,OPEN,2026-07-21,HRL,Himalayan Reinsurance Limited,624.0,644.8,624.0,,641.0,616.0,25.0,,86887.0,55206712.4,567.0,20.799999999999955,3.3333333333333264,4.058441558441558,97366.33580246913,635.3851830538515
2026-07-21T05:45:34+00:00,2026-07-21T11:30:34+05:45,2026-07-21,11:30:34,1784612734,1,5,11,nepse_official,OPEN,2026-07-21,HURJA,Himalaya Urja Bikas Company Limited,253.0,253.0,245.1,,245.3,247.4,-2.0999999999999943,,6150.0,1521085.0,37.0,7.900000000000006,3.1225296442687767,-0.8488278092158426,41110.40540540541,247.3308943089431
2026-07-21T05:45:34+00:00,2026-07-21T11:30:34+05:45,2026-07-21,11:30:34,1784612734,1,5,11,nepse_official,OPEN,2026-07-21,ICFC,ICFC Finance Limited,619.1,619.1,615.0,,615.0,619.5,-4.5,,250.0,153899.5,8.0,4.100000000000023,0.6622516556291427,-0.7263922518159807,19237.4375,615.598
2026-07-21T05:45:34+00:00,2026-07-21T11:30:34+05:45,2026-07-21,11:30:34,1784612734,1,5,11,nepse_official,OPEN,2026-07-21,ICFCD89,8% ICFC Finance Limited Debenture 2089,1100.0,1107.0,1100.0,,1107.0,1100.0,7.0,,135.0,148995.0,5.0,7.0,0.6363636363636364,0.6363636363636364,29799.0,1103.6666666666667
2026-07-21T05:45:34+00:00,2026-07-21T11:30:34+05:45,2026-07-21,11:30:34,1784612734,1,5,11,nepse_official,OPEN,2026-07-21,IGI,IGI Prudential insurance Limited,444.1,444.1,444.1,,444.1,457.0,-12.899999999999977,,100.0,44410.0,1.0,0.0,0.0,-2.8227571115973693,44410.0,444.1
2026-07-21T05:45:34+00:00,2026-07-21T11:30:34+05:45,2026-07-21,11:30:34,1784612734,1,5,11,nepse_official,OPEN,2026-07-21,IHL,Ingwa Hydropower Limited,362.2,362.2,362.2,,362.2,367.0,-4.800000000000011,,100.0,36220.0,1.0,0.0,0.0,-1.3079019073569513,36220.0,362.2
2026-07-21T05:45:34+00:00,2026-07-21T11:30:34+05:45,2026-07-21,11:30:34,1784612734,1,5,11,nepse_official,OPEN,2026-07-21,ILBS,Infinity Laghubitta Bittiya Sanstha Limited,935.0,935.0,880.0,,903.0,891.0,12.0,,111.0,100523.0,7.0,55.0,5.88235294117647,1.3468013468013467,14360.42857142857,905.6126126126126
2026-07-21T05:45:34+00:00,2026-07-21T11:30:34+05:45,2026-07-21,11:30:34,1784612734,1,5,11,nepse_official,OPEN,2026-07-21,ILI,IME Life Insurance Company Limited,427.7,430.0,425.0,,425.0,427.7,-2.6999999999999886,,638.0,271321.4,18.0,5.0,1.1690437222352115,-0.6312836100070116,15073.411111111112,425.2686520376176
2026-07-21T05:45:34+00:00,2026-07-21T11:30:34+05:45,2026-07-21,11:30:34,1784612734,1,5,11,nepse_official,OPEN,2026-07-21,JBBL,Jyoti Bikas Bank Limited,357.0,357.0,351.0,,354.4,357.0,-2.6000000000000227,,5624.0,1982286.5,15.0,6.0,1.680672268907563,-0.7282913165266169,132152.43333333332,352.46915007112375
2026-07-21T05:45:34+00:00,2026-07-21T11:30:34+05:45,2026-07-21,11:30:34,1784612734,1,5,11,nepse_official,OPEN,2026-07-21,JBLB,Jeevan Bikas Laghubitta  Bittya Sanstha Ltd,1281.0,1300.0,1281.0,,1300.0,1299.8,0.20000000000004547,,184.0,238458.0,6.0,19.0,1.483216237314598,0.015386982612713146,39743.0,1295.9673913043478
2026-07-21T05:45:34+00:00,2026-07-21T11:30:34+05:45,2026-07-21,11:30:34,1784612734,1,5,11,nepse_official,OPEN,2026-07-21,JFL,Janaki Finance Company Limited,402.0,402.0,400.0,,400.0,401.9,-1.8999999999999773,,865.0,346300.0,6.0,2.0,0.4975124378109453,-0.4727544165215172,57716.666666666664,400.3468208092485
2026-07-21T05:45:34+00:00,2026-07-21T11:30:34+05:45,2026-07-21,11:30:34,1784612734,1,5,11,nepse_official,OPEN,2026-07-21,JHAPA,Jhapa Energy Limited,1083.0,1218.0,1083.0,,1148.0,1140.0,8.0,,1455.0,1674971.0,32.0,135.0,12.465373961218837,0.7017543859649122,52342.84375,1151.1828178694159
2026-07-21T05:45:34+00:00,2026-07-21T11:30:34+05:45,2026-07-21,11:30:34,1784612734,1,5,11,nepse_official,OPEN,2026-07-21,JOSHI,Joshi Hydropower Development Company Ltd,274.0,277.0,270.0,,270.0,274.0,-4.0,,13404.0,3703318.0,11.0,7.0,2.5547445255474455,-1.4598540145985401,336665.2727272727,276.28454192778275
2026-07-21T05:45:34+00:00,2026-07-21T11:30:34+05:45,2026-07-21,11:30:34,1784612734,1,5,11,nepse_official,OPEN,2026-07-21,JSLBB,Janautthan Samudayic Laghubitta Bittya Sanstha Limited,1001.5,1001.5,1000.0,,1000.0,1020.0,-20.0,,100.0,100046.5,2.0,1.5,0.14977533699450823,-1.9607843137254901,50023.25,1000.465
2026-07-21T05:45:34+00:00,2026-07-21T11:30:34+05:45,2026-07-21,11:30:34,1784612734,1,5,11,nepse_official,OPEN,2026-07-21,KAHL,Kalanga Hydro Limited,510.0,518.1,498.1,,502.0,508.0,-6.0,,7171.0,3617520.0,245.0,20.0,3.9215686274509802,-1.1811023622047243,14765.387755102041,504.4652070840887
2026-07-21T05:45:34+00:00,2026-07-21T11:30:34+05:45,2026-07-21,11:30:34,1784612734,1,5,11,nepse_official,OPEN,2026-07-21,KBL,Kumari Bank Limited,223.9,224.0,218.2,,219.4,220.0,-0.5999999999999943,,33101.0,7326472.4,90.0,5.800000000000011,2.5904421616793263,-0.27272727272727015,81405.24888888889,221.33689012416545
2026-07-21T05:45:34+00:00,2026-07-21T11:30:34+05:45,2026-07-21,11:30:34,1784612734,1,5,11,nepse_official,OPEN,2026-07-21,KBSH,Kutheli Bukhari Small Hydropower Limited,1250.0,1250.0,1212.5,,1212.5,1219.0,-6.5,,71.0,87400.0,4.0,37.5,3.0,-0.5332239540607054,21850.0,1230.9859154929577
2026-07-21T05:45:34+00:00,2026-07-21T11:30:34+05:45,2026-07-21,11:30:34,1784612734,1,5,11,nepse_official,OPEN,2026-07-21,KDBY,Kumari Dhanabriddhi Yojana,10.86,10.87,10.86,,10.87,11.1,-0.23000000000000043,,200.0,2173.0,2.0,0.009999999999999787,0.09208103130754869,-2.0720720720720758,1086.5,10.865
2026-07-21T05:45:34+00:00,2026-07-21T11:30:34+05:45,2026-07-21,11:30:34,1784612734,1,5,11,nepse_official,OPEN,2026-07-21,KDL,Kalinchowk Darshan Limited,824.0,824.0,822.0,,822.0,822.0,0.0,,110.0,90440.0,2.0,2.0,0.24271844660194172,0.0,45220.0,822.1818181818181
2026-07-21T05:45:34+00:00,2026-07-21T11:30:34+05:45,2026-07-21,11:30:34,1784612734,1,5,11,nepse_official,OPEN,2026-07-21,KEF,Kumari Equity Fund,10.3,10.3,10.21,,10.21,10.5,-0.28999999999999915,,2750.0,28302.5,3.0,0.08999999999999986,0.8737864077669889,-2.7619047619047534,9434.166666666666,10.291818181818181
2026-07-21T05:45:34+00:00,2026-07-21T11:30:34+05:45,2026-07-21,11:30:34,1784612734,1,5,11,nepse_official,OPEN,2026-07-21,KHPL,Kalinchock Hydropower Limited,997.0,1015.0,983.0,,1000.0,999.1,0.8999999999999773,,1759.0,1751936.0,35.0,32.0,3.20962888665998,0.09008107296566682,50055.31428571429,995.9840818646959
2026-07-21T05:45:34+00:00,2026-07-21T11:30:34+05:45,2026-07-21,11:30:34,1784612734,1,5,11,nepse_official,OPEN,2026-07-21,KKHC,Khanikhola Hydropower Co. Ltd.,271.9,271.9,265.0,,265.4,267.0,-1.6000000000000227,,1010.0,268554.8,11.0,6.899999999999977,2.5376976829716726,-0.5992509363295966,24414.072727272727,265.8958415841584
2026-07-21T05:45:34+00:00,2026-07-21T11:30:34+05:45,2026-07-21,11:30:34,1784612734,1,5,11,nepse_official,OPEN,2026-07-21,KMCDB,Kalika Laghubitta Bittiya Sanstha Ltd,802.0,802.0,802.0,,802.0,802.0,0.0,,17.0,13634.0,1.0,0.0,0.0,0.0,13634.0,802.0
2026-07-21T05:45:34+00:00,2026-07-21T11:30:34+05:45,2026-07-21,11:30:34,1784612734,1,5,11,nepse_official,OPEN,2026-07-21,KPCL,Kalika power Company Ltd,490.0,490.0,477.1,,477.1,485.0,-7.899999999999977,,2600.0,1256018.0,13.0,12.899999999999977,2.6326530612244854,-1.6288659793814386,96616.76923076923,483.08384615384614
2026-07-21T05:45:34+00:00,2026-07-21T11:30:34+05:45,2026-07-21,11:30:34,1784612734,1,5,11,nepse_official,OPEN,2026-07-21,KSBBL,Kamana Sewa Bikas Bank Limited,488.0,488.4,485.0,,487.0,488.4,-1.3999999999999773,,19103.0,9324210.0,51.0,3.3999999999999773,0.6967213114754052,-0.28665028665028197,182827.64705882352,488.10186881641624
2026-07-21T05:45:34+00:00,2026-07-21T11:30:34+05:45,2026-07-21,11:30:34,1784612734,1,5,11,nepse_official,OPEN,2026-07-21,KSY,Kumari Sabal Yojana,9.75,9.75,9.75,,9.75,9.75,0.0,,100.0,975.0,1.0,0.0,0.0,0.0,975.0,9.75
2026-07-21T05:45:34+00:00,2026-07-21T11:30:34+05:45,2026-07-21,11:30:34,1784612734,1,5,11,nepse_official,OPEN,2026-07-21,LBBL,Lumbini Bikas Bank Ltd.,510.0,510.0,491.0,,494.0,500.0,-6.0,,5374.0,2665581.2,36.0,19.0,3.7254901960784315,-1.2,74043.92222222223,496.0143654633421
2026-07-21T05:45:34+00:00,2026-07-21T11:30:34+05:45,2026-07-21,11:30:34,1784612734,1,5,11,nepse_official,OPEN,2026-07-21,LEC,Liberty Energy Company Limited,228.5,228.5,222.1,,224.0,225.4,-1.4000000000000057,,5588.0,1256657.5,39.0,6.400000000000006,2.8008752735229785,-0.6211180124223628,32221.98717948718,224.8850214745884
2026-07-21T05:45:34+00:00,2026-07-21T11:30:34+05:45,2026-07-21,11:30:34,1784612734,1,5,11,nepse_official,OPEN,2026-07-21,LICN,Life Insurance Corporation (Nepal) Limited,806.0,808.9,805.0,,805.0,804.5,0.5,,637.0,513657.0,10.0,3.8999999999999773,0.48387096774193267,0.06215040397762585,51365.7,806.3689167974883
2026-07-21T05:45:34+00:00,2026-07-21T11:30:34+05:45,2026-07-21,11:30:34,1784612734,1,5,11,nepse_official,OPEN,2026-07-21,LLBS,Laxmi Laghubitta Bittiya Sanstha Ltd.,955.0,955.0,926.4,,926.4,930.2,-3.800000000000068,,115.0,107251.0,2.0,28.600000000000023,2.9947643979057617,-0.40851429800043737,53625.5,932.6173913043478
2026-07-21T05:45:34+00:00,2026-07-21T11:30:34+05:45,2026-07-21,11:30:34,1784612734,1,5,11,nepse_official,OPEN,2026-07-21,LSL,Laxmi Sunrise Bank Limited,223.0,227.0,222.2,,222.3,224.0,-1.6999999999999886,,5054.0,1130742.6,22.0,4.800000000000011,2.1524663677130094,-0.7589285714285664,51397.390909090915,223.73221210922043
2026-07-21T05:45:34+00:00,2026-07-21T11:30:34+05:45,2026-07-21,11:30:34,1784612734,1,5,11,nepse_official,OPEN,2026-07-21,MABEL,Mabilung Energy Limited,611.0,634.0,611.0,,615.2,625.0,-9.799999999999955,,1189.0,738131.0,18.0,23.0,3.764320785597381,-1.5679999999999927,41007.27777777778,620.7998317914214
2026-07-21T05:45:34+00:00,2026-07-21T11:30:34+05:45,2026-07-21,11:30:34,1784612734,1,5,11,nepse_official,OPEN,2026-07-21,MAKAR,Makar Jitumaya Suri Hydropower Limited,446.7,482.1,446.7,,465.0,470.2,-5.199999999999989,,8552.0,3983567.9,38.0,35.400000000000034,7.924781732706522,-1.1059123777116098,104830.73421052631,465.80541393826
2026-07-21T05:45:34+00:00,2026-07-21T11:30:34+05:45,2026-07-21,11:30:34,1784612734,1,5,11,nepse_official,OPEN,2026-07-21,MANDU,Mandu Hydropower Limited,801.1,820.0,801.1,,820.0,801.1,18.899999999999977,,20.0,16211.0,2.0,18.899999999999977,2.3592560229684154,2.3592560229684154,8105.5,810.55
2026-07-21T05:45:34+00:00,2026-07-21T11:30:34+05:45,2026-07-21,11:30:34,1784612734,1,5,11,nepse_official,OPEN,2026-07-21,MATRI,Matribhumi Lagubitta Bittiya Sanstha Limited,889.9,889.9,865.0,,865.0,865.0,0.0,,90.0,78148.8,3.0,24.899999999999977,2.798067198561634,0.0,26049.600000000002,868.32
2026-07-21T05:45:34+00:00,2026-07-21T11:30:34+05:45,2026-07-21,11:30:34,1784612734,1,5,11,nepse_official,OPEN,2026-07-21,MBJC,Madhya Bhotekoshi Jalavidyut Company Limited,275.1,277.0,275.1,,277.0,277.0,0.0,,580.0,160147.0,17.0,1.8999999999999773,0.6906579425663312,0.0,9420.411764705883,276.11551724137934
2026-07-21T05:45:34+00:00,2026-07-21T11:30:34+05:45,2026-07-21,11:30:34,1784612734,1,5,11,nepse_official,OPEN,2026-07-21,MBL,Machhapuchhre Bank Limited,250.0,259.9,250.0,,256.0,258.1,-2.1000000000000227,,20153.0,5155826.7,34.0,9.899999999999977,3.9599999999999906,-0.8136381247578546,151641.9617647059,255.83420334441524
2026-07-21T05:45:34+00:00,2026-07-21T11:30:34+05:45,2026-07-21,11:30:34,1784612734,1,5,11,nepse_official,OPEN,2026-07-21,MBLEF,MBL Equity Fund,10.0,10.2,10.0,,10.2,10.05,0.14999999999999858,,300.0,3020.0,3.0,0.1999999999999993,1.9999999999999927,1.4925373134328215,1006.6666666666666,10.066666666666666
2026-07-21T05:45:34+00:00,2026-07-21T11:30:34+05:45,2026-07-21,11:30:34,1784612734,1,5,11,nepse_official,OPEN,2026-07-21,MCHL,Menchhiyam Hydropower Limited,302.1,306.0,296.9,,296.9,302.0,-5.100000000000023,,1547.0,466339.2,13.0,9.100000000000023,3.012247600132414,-1.6887417218543124,35872.24615384616,301.4474466709761
2026-07-21T05:45:34+00:00,2026-07-21T11:30:34+05:45,2026-07-21,11:30:34,1784612734,1,5,11,nepse_official,OPEN,2026-07-21,MEHL,Manakamana Engineering Hydropower Limited,330.0,330.0,318.0,,318.0,324.4,-6.399999999999977,,2085.0,675620.0,13.0,12.0,3.6363636363636362,-1.9728729963008562,51970.769230769234,324.03836930455634
2026-07-21T05:45:34+00:00,2026-07-21T11:30:34+05:45,2026-07-21,11:30:34,1784612734,1,5,11,nepse_official,OPEN,2026-07-21,MEL,Modi Energy Limited,226.0,226.1,223.0,,223.1,226.0,-2.9000000000000057,,2666.0,601198.0,15.0,3.0999999999999943,1.371681415929201,-1.2831858407079673,40079.86666666667,225.50562640660166
2026-07-21T05:45:34+00:00,2026-07-21T11:30:34+05:45,2026-07-21,11:30:34,1784612734,1,5,11,nepse_official,OPEN,2026-07-21,MEN,Mountain Energy Nepal Limited,610.0,610.0,595.0,,595.0,600.0,-5.0,,2965.0,1777333.0,26.0,15.0,2.459016393442623,-0.8333333333333334,68358.96153846153,599.4377740303541
2026-07-21T05:45:34+00:00,2026-07-21T11:30:34+05:45,2026-07-21,11:30:34,1784612734,1,5,11,nepse_official,OPEN,2026-07-21,MERO,Mero Microfinance Bittiya Sanstha Ltd.,730.0,730.0,701.2,,701.2,712.0,-10.799999999999955,,290.0,206960.0,7.0,28.799999999999955,3.9452054794520484,-1.5168539325842632,29565.714285714286,713.6551724137931
2026-07-21T05:45:34+00:00,2026-07-21T11:30:34+05:45,2026-07-21,11:30:34,1784612734,1,5,11,nepse_official,OPEN,2026-07-21,MFIL,Manjushree Finance Ltd.,780.0,800.0,780.0,,793.0,802.0,-9.0,,690.0,548040.0,17.0,20.0,2.564102564102564,-1.1221945137157108,32237.647058823528,794.2608695652174
2026-07-21T05:45:34+00:00,2026-07-21T11:30:34+05:45,2026-07-21,11:30:34,1784612734,1,5,11,nepse_official,OPEN,2026-07-21,MHCL,Molung Hydropower Company Limited,335.0,339.5,332.0,,332.0,331.9,0.10000000000002274,,1340.0,448914.8,9.0,7.5,2.2388059701492535,0.030129557095517547,49879.42222222222,335.0110447761194
2026-07-21T05:45:34+00:00,2026-07-21T11:30:34+05:45,2026-07-21,11:30:34,1784612734,1,5,11,nepse_official,OPEN,2026-07-21,MHNL,Mountain Hydro Nepal Limited,247.0,248.0,247.0,,247.9,246.9,1.0,,1245.0,307941.0,9.0,1.0,0.4048582995951417,0.4050222762251924,34215.666666666664,247.3421686746988
2026-07-21T05:45:34+00:00,2026-07-21T11:30:34+05:45,2026-07-21,11:30:34,1784612734,1,5,11,nepse_official,OPEN,2026-07-21,MKCL,Muktinath Krishi Company Limited,1136.0,1136.5,1136.0,,1136.5,1149.0,-12.5,,26.0,29544.0,2.0,0.5,0.04401408450704226,-1.0879025239338556,14772.0,1136.3076923076924
2026-07-21T05:45:34+00:00,2026-07-21T11:30:34+05:45,2026-07-21,11:30:34,1784612734,1,5,11,nepse_official,OPEN,2026-07-21,MKHC,Maya Khola Hydropower Company Limited,300.1,307.0,300.1,,300.2,301.4,-1.1999999999999886,,551.0,166875.0,13.0,6.899999999999977,2.2992335888037245,-0.39814200398141625,12836.538461538461,302.8584392014519
2026-07-21T05:45:34+00:00,2026-07-21T11:30:34+05:45,2026-07-21,11:30:34,1784612734,1,5,11,nepse_official,OPEN,2026-07-21,MKHL,Mai Khola Hydropower Limited,512.0,515.0,512.0,,514.0,527.3,-13.299999999999955,,1030.0,529399.0,6.0,3.0,0.5859375,-2.522283330172569,88233.16666666667,513.9796116504855
2026-07-21T05:45:34+00:00,2026-07-21T11:30:34+05:45,2026-07-21,11:30:34,1784612734,1,5,11,nepse_official,OPEN,2026-07-21,MKJC,Mailung Khola Jal Vidhyut Company Limited,470.0,470.0,460.7,,461.1,464.0,-2.8999999999999773,,1090.0,509220.7,8.0,9.300000000000011,1.9787234042553214,-0.6249999999999951,63652.5875,467.1749541284404
2026-07-21T05:45:34+00:00,2026-07-21T11:30:34+05:45,2026-07-21,11:30:34,1784612734,1,5,11,nepse_official,OPEN,2026-07-21,MLBBL,Mithila LaghuBitta Bittiya Sanstha Limited,1124.3,1158.0,1124.3,,1158.0,1166.0,-8.0,,200.0,228230.0,2.0,33.700000000000045,2.997420617272974,-0.6861063464837049,114115.0,1141.15
2026-07-21T05:45:34+00:00,2026-07-21T11:30:34+05:45,2026-07-21,11:30:34,1784612734,1,5,11,nepse_official,OPEN,2026-07-21,MLBL,Mahalaxmi Bikas Bank Ltd.,366.9,366.9,358.3,,358.3,364.6,-6.300000000000011,,945.0,340837.0,6.0,8.599999999999966,2.343962932679195,-1.7279210093252908,56806.166666666664,360.6740740740741
2026-07-21T05:45:34+00:00,2026-07-21T11:30:34+05:45,2026-07-21,11:30:34,1784612734,1,5,11,nepse_official,OPEN,2026-07-21,MLBS,Manushi Laghubitta Bittiya Sanstha Limited,1175.0,1175.0,1175.0,,1175.0,1175.5,-0.5,,10.0,11750.0,1.0,0.0,0.0,-0.04253509145044662,11750.0,1175.0
2026-07-21T05:45:34+00:00,2026-07-21T11:30:34+05:45,2026-07-21,11:30:34,1784612734,1,5,11,nepse_official,OPEN,2026-07-21,MMF1,Mega Mutual Fund -1,10.0,10.0,9.7,,9.8,9.75,0.05000000000000071,,2429.0,23692.33,4.0,0.3000000000000007,3.000000000000007,0.5128205128205201,5923.0825,9.75394400988061
2026-07-21T05:45:34+00:00,2026-07-21T11:30:34+05:45,2026-07-21,11:30:34,1784612734,1,5,11,nepse_official,OPEN,2026-07-21,MMKJL,Mathillo Mailun Khola Jalvidhyut Limited,456.0,462.0,456.0,,462.0,455.0,7.0,,310.0,143130.0,4.0,6.0,1.3157894736842104,1.5384615384615385,35782.5,461.7096774193548
2026-07-21T05:45:34+00:00,2026-07-21T11:30:34+05:45,2026-07-21,11:30:34,1784612734,1,5,11,nepse_official,OPEN,2026-07-21,MNBBL,Muktinath Bikas Bank Ltd.,376.8,376.9,372.0,,372.0,376.0,-4.0,,2171.0,814992.5,26.0,4.899999999999977,1.3004246284501002,-1.0638297872340425,31345.865384615383,375.39958544449564
2026-07-21T05:45:34+00:00,2026-07-21T11:30:34+05:45,2026-07-21,11:30:34,1784612734,1,5,11,nepse_official,OPEN,2026-07-21,MND84/85,Muktinath Debenture 2084/85,1070.0,1070.0,1070.0,,1070.0,1100.0,-30.0,,105.0,112350.0,1.0,0.0,0.0,-2.727272727272727,112350.0,1070.0
2026-07-21T05:45:34+00:00,2026-07-21T11:30:34+05:45,2026-07-21,11:30:34,1784612734,1,5,11,nepse_official,OPEN,2026-07-21,MPFL,Multipurpose Finance Company  Limited,626.0,626.0,620.0,,620.0,626.8,-6.7999999999999545,,326.0,202730.0,6.0,6.0,0.9584664536741214,-1.0848755583918244,33788.333333333336,621.8711656441718
2026-07-21T05:45:34+00:00,2026-07-21T11:30:34+05:45,2026-07-21,11:30:34,1784612734,1,5,11,nepse_official,OPEN,2026-07-21,MSHL,Mid Solu Hydropower Limited,655.0,655.0,650.0,,650.0,658.0,-8.0,,22.0,14355.0,3.0,5.0,0.7633587786259541,-1.21580547112462,4785.0,652.5
2026-07-21T05:45:34+00:00,2026-07-21T11:30:34+05:45,2026-07-21,11:30:34,1784612734,1,5,11,nepse_official,OPEN,2026-07-21,MSLB,Mahuli Laghubitta Bittiya Sanstha Limited,1221.0,1221.0,1221.0,,1221.0,1248.9,-27.90000000000009,,10.0,12210.0,1.0,0.0,0.0,-2.2339658899831925,12210.0,1221.0
2026-07-21T05:45:34+00:00,2026-07-21T11:30:34+05:45,2026-07-21,11:30:34,1784612734,1,5,11,nepse_official,OPEN,2026-07-21,NABBC,Narayani Development Bank Limited,811.0,820.0,800.1,,800.9,815.0,-14.100000000000023,,950.0,770495.0,15.0,19.899999999999977,2.4537607891491957,-1.7300613496932544,51366.333333333336,811.0473684210526
2026-07-21T05:45:34+00:00,2026-07-21T11:30:34+05:45,2026-07-21,11:30:34,1784612734,1,5,11,nepse_official,OPEN,2026-07-21,NABIL,Nabil Bank Limited,552.0,554.9,550.1,,551.0,550.0,1.0,,16677.0,9202787.9,125.0,4.7999999999999545,0.869565217391296,0.18181818181818182,73622.30320000001,551.8251424117047
2026-07-21T05:45:34+00:00,2026-07-21T11:30:34+05:45,2026-07-21,11:30:34,1784612734,1,5,11,nepse_official,OPEN,2026-07-21,NBL,Nepal Bank Limited,272.0,272.0,265.0,,269.9,269.0,0.8999999999999773,,636.0,172588.0,9.0,7.0,2.5735294117647056,0.33457249070631123,19176.444444444445,271.3647798742138
2026-07-21T05:45:34+00:00,2026-07-21T11:30:34+05:45,2026-07-21,11:30:34,1784612734,1,5,11,nepse_official,OPEN,2026-07-21,NESDO,NESDO Sambridha Laghubitta Bittiya Sanstha Limited,1548.0,1548.0,1548.0,,1548.0,1524.0,24.0,,10.0,15480.0,1.0,0.0,0.0,1.574803149606299,15480.0,1548.0
2026-07-21T05:45:34+00:00,2026-07-21T11:30:34+05:45,2026-07-21,11:30:34,1784612734,1,5,11,nepse_official,OPEN,2026-07-21,NFS,Nepal Finance Ltd.,588.0,590.0,580.0,,580.1,585.0,-4.899999999999977,,1745.0,1020593.0,23.0,10.0,1.7006802721088436,-0.8376068376068336,44373.608695652176,584.8670487106017
2026-07-21T05:45:34+00:00,2026-07-21T11:30:34+05:45,2026-07-21,11:30:34,1784612734,1,5,11,nepse_official,OPEN,2026-07-21,NGPL,Ngadi Group Power Ltd.,435.0,435.0,425.3,,427.0,428.8,-1.8000000000000114,,14983.0,6444508.3,61.0,9.699999999999989,2.2298850574712614,-0.41977611940298765,105647.67704918032,430.1213575385437
2026-07-21T05:45:34+00:00,2026-07-21T11:30:34+05:45,2026-07-21,11:30:34,1784612734,1,5,11,nepse_official,OPEN,2026-07-21,NHDL,Nepal Hydro Developers Ltd.,647.0,647.0,640.0,,640.0,650.0,-10.0,,50.0,32260.0,4.0,7.0,1.0819165378670788,-1.5384615384615385,8065.0,645.2
2026-07-21T05:45:34+00:00,2026-07-21T11:30:34+05:45,2026-07-21,11:30:34,1784612734,1,5,11,nepse_official,OPEN,2026-07-21,NHPC,National Hydro Power Company Limited,285.0,285.0,277.0,,280.0,280.0,0.0,,60846.0,17024684.7,156.0,8.0,2.807017543859649,0.0,109132.59423076923,279.79957104822006
2026-07-21T05:45:34+00:00,2026-07-21T11:30:34+05:45,2026-07-21,11:30:34,1784612734,1,5,11,nepse_official,OPEN,2026-07-21,NIBLGF,NIBL Growth Fund,10.24,10.24,10.1,,10.1,10.55,-0.45000000000000107,,1300.0,13298.0,4.0,0.14000000000000057,1.3671875000000056,-4.265402843601906,3324.5,10.22923076923077
2026-07-21T05:45:34+00:00,2026-07-21T11:30:34+05:45,2026-07-21,11:30:34,1784612734,1,5,11,nepse_official,OPEN,2026-07-21,NIBSF2,NIBL Samriddhi Fund -2,8.73,8.73,8.73,,8.73,9.0,-0.2699999999999996,,100.0,873.0,1.0,0.0,0.0,-2.9999999999999956,873.0,8.73
2026-07-21T05:45:34+00:00,2026-07-21T11:30:34+05:45,2026-07-21,11:30:34,1784612734,1,5,11,nepse_official,OPEN,2026-07-21,NICA,NIC Asia Bank Ltd.,325.0,344.7,325.0,,342.9,342.1,0.7999999999999545,,4172.0,1428011.8,28.0,19.69999999999999,6.061538461538458,0.23384975153462567,51000.42142857143,342.2847075743049
2026-07-21T05:45:34+00:00,2026-07-21T11:30:34+05:45,2026-07-21,11:30:34,1784612734,1,5,11,nepse_official,OPEN,2026-07-21,NICBF,NIC Asia Balanced Fund,9.08,9.08,9.08,,9.08,9.1,-0.019999999999999574,,2000.0,18160.0,1.0,0.0,0.0,-0.21978021978021509,18160.0,9.08
2026-07-21T05:45:34+00:00,2026-07-21T11:30:34+05:45,2026-07-21,11:30:34,1784612734,1,5,11,nepse_official,OPEN,2026-07-21,NICFC,NIC Asia Flexi CAP Fund,9.5,9.5,9.5,,9.5,9.3,0.1999999999999993,,555.0,5272.5,1.0,0.0,0.0,2.1505376344085945,5272.5,9.5
2026-07-21T05:45:34+00:00,2026-07-21T11:30:34+05:45,2026-07-21,11:30:34,1784612734,1,5,11,nepse_official,OPEN,2026-07-21,NICGF2,NIC ASIA Growth Fund-2,9.1,9.1,9.1,,9.1,9.35,-0.25,,100.0,910.0,1.0,0.0,0.0,-2.6737967914438503,910.0,9.1
2026-07-21T05:45:34+00:00,2026-07-21T11:30:34+05:45,2026-07-21,11:30:34,1784612734,1,5,11,nepse_official,OPEN,2026-07-21,NICL,Nepal Insurance Co. Ltd.,538.4,538.4,523.1,,523.1,532.0,-8.899999999999977,,186.0,97956.1,6.0,15.299999999999955,2.841753343239219,-1.6729323308270636,16326.016666666668,526.6456989247312
2026-07-21T05:45:34+00:00,2026-07-21T11:30:34+05:45,2026-07-21,11:30:34,1784612734,1,5,11,nepse_official,OPEN,2026-07-21,NICLBSL,NIC ASIA Laghubitta Bittiya Sanstha Limited,577.0,578.0,561.2,,561.2,569.0,-7.7999999999999545,,280.0,161512.0,7.0,16.799999999999955,2.911611785095313,-1.3708260105448076,23073.14285714286,576.8285714285714
2026-07-21T05:45:34+00:00,2026-07-21T11:30:34+05:45,2026-07-21,11:30:34,1784612734,1,5,11,nepse_official,OPEN,2026-07-21,NICSF,NIC Asia Select Fund 30,9.01,9.01,9.0,,9.0,9.27,-0.2699999999999996,,1300.0,11704.0,3.0,0.009999999999999787,0.11098779134294992,-2.9126213592232966,3901.3333333333335,9.003076923076923
2026-07-21T05:45:34+00:00,2026-07-21T11:30:34+05:45,2026-07-21,11:30:34,1784612734,1,5,11,nepse_official,OPEN,2026-07-21,NIFRA,Nepal Infrastructure Bank Limited,257.0,258.1,254.0,,255.5,257.9,-2.3999999999999773,,28051.0,7183035.1,80.0,4.100000000000023,1.5953307392996199,-0.9305932531989056,89787.93875,256.0705536344515
2026-07-21T05:45:34+00:00,2026-07-21T11:30:34+05:45,2026-07-21,11:30:34,1784612734,1,5,11,nepse_official,OPEN,2026-07-21,NIL,Neco Insurance Limited,645.0,645.0,630.0,,630.0,635.4,-5.399999999999977,,30.0,19095.0,2.0,15.0,2.3255813953488373,-0.8498583569405064,9547.5,636.5
2026-07-21T05:45:34+00:00,2026-07-21T11:30:34+05:45,2026-07-21,11:30:34,1784612734,1,5,11,nepse_official,OPEN,2026-07-21,NIMB,Nepal Investment Mega Bank Limited,201.0,201.0,197.1,,197.2,198.0,-0.8000000000000114,,13622.0,2704618.0,63.0,3.9000000000000057,1.9402985074626893,-0.40404040404040975,42930.444444444445,198.54779033915725
2026-07-21T05:45:34+00:00,2026-07-21T11:30:34+05:45,2026-07-21,11:30:34,1784612734,1,5,11,nepse_official,OPEN,2026-07-21,NIMBPO,Nepal Investment Mega Bank Ltd. Promoter Share,145.5,148.9,145.5,,148.7,141.3,7.399999999999977,,39.0,5740.5,3.0,3.4000000000000057,2.3367697594501755,5.237084217975921,1913.5,147.19230769230768
2026-07-21T05:45:34+00:00,2026-07-21T11:30:34+05:45,2026-07-21,11:30:34,1784612734,1,5,11,nepse_official,OPEN,2026-07-21,NLG,NLG Insurance Company Ltd.,600.0,600.0,600.0,,600.0,603.0,-3.0,,39.0,23400.0,2.0,0.0,0.0,-0.4975124378109453,11700.0,600.0
2026-07-21T05:45:34+00:00,2026-07-21T11:30:34+05:45,2026-07-21,11:30:34,1784612734,1,5,11,nepse_official,OPEN,2026-07-21,NLIC,Nepal Life Insurance Co. Ltd.,806.0,806.0,761.1,,775.0,768.2,6.7999999999999545,,435.0,337453.2,11.0,44.89999999999998,5.570719602977665,0.885186149440244,30677.563636363637,775.7544827586207
2026-07-21T05:45:34+00:00,2026-07-21T11:30:34+05:45,2026-07-21,11:30:34,1784612734,1,5,11,nepse_official,OPEN,2026-07-21,NLICL,National Life Insurance Co. Ltd.,590.0,590.0,588.0,,590.0,590.0,0.0,,90.0,53080.0,3.0,2.0,0.3389830508474576,0.0,17693.333333333332,589.7777777777778
2026-07-21T05:45:34+00:00,2026-07-21T11:30:34+05:45,2026-07-21,11:30:34,1784612734,1,5,11,nepse_official,OPEN,2026-07-21,NMB,NMB Bank Limited,246.0,247.3,245.0,,245.0,246.0,-1.0,,337.0,83031.0,9.0,2.3000000000000114,0.9349593495935007,-0.40650406504065045,9225.666666666666,246.38278931750742
2026-07-21T05:45:34+00:00,2026-07-21T11:30:34+05:45,2026-07-21,11:30:34,1784612734,1,5,11,nepse_official,OPEN,2026-07-21,NMB50,NMB 50,10.56,10.56,10.56,,10.56,10.88,-0.3200000000000003,,4612.0,48702.72,2.0,0.0,0.0,-2.9411764705882377,24351.36,10.56
2026-07-21T05:45:34+00:00,2026-07-21T11:30:34+05:45,2026-07-21,11:30:34,1784612734,1,5,11,nepse_official,OPEN,2026-07-21,NMBHF2,NMB Hybrid Fund L- II,9.58,9.58,9.58,,9.58,9.77,-0.1899999999999995,,200.0,1916.0,2.0,0.0,0.0,-1.9447287615148363,958.0,9.58
2026-07-21T05:45:34+00:00,2026-07-21T11:30:34+05:45,2026-07-21,11:30:34,1784612734,1,5,11,nepse_official,OPEN,2026-07-21,NMFBS,National Laghubitta Bittiya Sanstha Limited,1140.0,1140.0,1140.0,,1140.0,1139.0,1.0,,200.0,228000.0,1.0,0.0,0.0,0.08779631255487269,228000.0,1140.0
2026-07-21T05:45:34+00:00,2026-07-21T11:30:34+05:45,2026-07-21,11:30:34,1784612734,1,5,11,nepse_official,OPEN,2026-07-21,NMIC,Nepal Micro Insurance Company Limited,979.9,985.0,965.0,,965.0,964.0,1.0,,916.0,898686.0,11.0,20.0,2.041024594346362,0.1037344398340249,81698.72727272728,981.0982532751092
2026-07-21T05:45:34+00:00,2026-07-21T11:30:34+05:45,2026-07-21,11:30:34,1784612734,1,5,11,nepse_official,OPEN,2026-07-21,NMLBBL,Nerude Mirmire Laghubitta Bittiya Sanstha Limited,562.5,562.5,550.0,,550.0,553.0,-3.0,,790.0,435920.0,10.0,12.5,2.2222222222222223,-0.5424954792043399,43592.0,551.7974683544304
2026-07-21T05:45:34+00:00,2026-07-21T11:30:34+05:45,2026-07-21,11:30:34,1784612734,1,5,11,nepse_official,OPEN,2026-07-21,NRIC,Nepal Reinsurance Company Limited,1030.0,1030.0,989.0,,989.0,1000.0,-11.0,,24783.0,25429746.8,33.0,41.0,3.9805825242718447,-1.0999999999999999,770598.3878787879,1026.0963886535126
2026-07-21T05:45:34+00:00,2026-07-21T11:30:34+05:45,2026-07-21,11:30:34,1784612734,1,5,11,nepse_official,OPEN,2026-07-21,NRM,Nepal Republic Media Limited,322.0,328.0,317.5,,327.0,322.0,5.0,,3055.0,978401.5,16.0,10.5,3.260869565217391,1.5527950310559007,61150.09375,320.26235679214403
2026-07-21T05:45:34+00:00,2026-07-21T11:30:34+05:45,2026-07-21,11:30:34,1784612734,1,5,11,nepse_official,OPEN,2026-07-21,NRN,NRN Infrastructure and Development Limited,1425.0,1500.0,1425.0,,1469.9,1470.0,-0.09999999999990905,,9994.0,14710811.7,55.0,75.0,5.263157894736842,-0.006802721088429187,267469.30363636365,1471.9643486091654
2026-07-21T05:45:34+00:00,2026-07-21T11:30:34+05:45,2026-07-21,11:30:34,1784612734,1,5,11,nepse_official,OPEN,2026-07-21,NSY,Nepal Life Samriddhi Lagani Yojana,9.41,9.41,9.16,,9.16,9.7,-0.5399999999999991,,200.0,1857.0,2.0,0.25,2.6567481402763016,-5.567010309278341,928.5,9.285
2026-07-21T05:45:34+00:00,2026-07-21T11:30:34+05:45,2026-07-21,11:30:34,1784612734,1,5,11,nepse_official,OPEN,2026-07-21,NTC,Nepal Doorsanchar Company Limited,875.0,875.0,867.0,,867.0,869.0,-2.0,,686.0,596262.0,19.0,8.0,0.9142857142857144,-0.23014959723820483,31382.21052631579,869.1865889212828
2026-07-21T05:45:34+00:00,2026-07-21T11:30:34+05:45,2026-07-21,11:30:34,1784612734,1,5,11,nepse_official,OPEN,2026-07-21,NUBL,Nirdhan Utthan Laghubitta Bittiya Sanstha Limited,635.0,639.7,635.0,,636.0,630.6,5.399999999999977,,485.0,308460.0,4.0,4.7000000000000455,0.7401574803149678,0.8563273073263522,77115.0,636.0
2026-07-21T05:45:34+00:00,2026-07-21T11:30:34+05:45,2026-07-21,11:30:34,1784612734,1,5,11,nepse_official,OPEN,2026-07-21,NWCL,Nepal Warehousing Company Limited ,759.9,760.0,759.9,,760.0,750.0,10.0,,50.0,37999.0,2.0,0.10000000000002274,0.013159626266617023,1.3333333333333335,18999.5,759.98
2026-07-21T05:45:34+00:00,2026-07-21T11:30:34+05:45,2026-07-21,11:30:34,1784612734,1,5,11,nepse_official,OPEN,2026-07-21,NYADI,Nyadi Hydropower Limited,383.0,383.0,377.2,,383.0,385.0,-2.0,,310.0,117885.5,8.0,5.800000000000011,1.5143603133159298,-0.5194805194805194,14735.6875,380.2758064516129
2026-07-21T05:45:34+00:00,2026-07-21T11:30:34+05:45,2026-07-21,11:30:34,1784612734,1,5,11,nepse_official,OPEN,2026-07-21,OMPL,Om Megashree Pharmaceuticals Limited,989.0,989.0,966.1,,966.2,989.0,-22.799999999999955,,590.0,571877.8,10.0,22.899999999999977,2.3154701718907966,-2.3053589484327555,57187.780000000006,969.2844067796611
2026-07-21T05:45:34+00:00,2026-07-21T11:30:34+05:45,2026-07-21,11:30:34,1784612734,1,5,11,nepse_official,OPEN,2026-07-21,PBD88,10% Prime Debenture 2088,1250.0,1250.0,1250.0,,1250.0,1250.0,0.0,,20.0,25000.0,1.0,0.0,0.0,0.0,25000.0,1250.0
2026-07-21T05:45:34+00:00,2026-07-21T11:30:34+05:45,2026-07-21,11:30:34,1784612734,1,5,11,nepse_official,OPEN,2026-07-21,PCBL,Prime Commercial Bank Ltd.,243.0,243.0,242.0,,242.0,242.5,-0.5,,7930.0,1923584.0,8.0,1.0,0.411522633744856,-0.2061855670103093,240448.0,242.57049180327868
2026-07-21T05:45:34+00:00,2026-07-21T11:30:34+05:45,2026-07-21,11:30:34,1784612734,1,5,11,nepse_official,OPEN,2026-07-21,PCIL,Palpa Cement Industries Limited,665.0,670.0,650.0,,664.9,665.0,-0.10000000000002274,,13635.0,9009942.8,155.0,20.0,3.007518796992481,-0.015037593984965826,58128.66322580646,660.7952181884856
2026-07-21T05:45:34+00:00,2026-07-21T11:30:34+05:45,2026-07-21,11:30:34,1784612734,1,5,11,nepse_official,OPEN,2026-07-21,PHCL,Peoples Hydropower Company Limited,310.0,314.5,307.0,,307.0,309.9,-2.8999999999999773,,18405.0,5743040.0,33.0,7.5,2.4193548387096775,-0.9357857373346169,174031.51515151514,312.03694648193425
2026-07-21T05:45:34+00:00,2026-07-21T11:30:34+05:45,2026-07-21,11:30:34,1784612734,1,5,11,nepse_official,OPEN,2026-07-21,PMHPL,Panchakanya Mai Hydropower Ltd,325.1,328.1,325.0,,328.1,328.0,0.10000000000002274,,2000.0,652057.0,6.0,3.1000000000000227,0.9535527529990842,0.030487804878055715,108676.16666666667,326.0285
2026-07-21T05:45:34+00:00,2026-07-21T11:30:34+05:45,2026-07-21,11:30:34,1784612734,1,5,11,nepse_official,OPEN,2026-07-21,PMLI,Prabhu Mahalaxmi Life Insurance Limited,454.4,455.0,454.4,,455.0,454.4,0.6000000000000227,,454.0,206454.2,4.0,0.6000000000000227,0.13204225352113177,0.13204225352113177,51613.55,454.74493392070485
2026-07-21T05:45:34+00:00,2026-07-21T11:30:34+05:45,2026-07-21,11:30:34,1784612734,1,5,11,nepse_official,OPEN,2026-07-21,PPCL,Panchthar Power Compant Limited,378.0,378.0,347.0,,347.0,360.0,-13.0,,1955.0,686474.0,10.0,31.0,8.201058201058201,-3.6111111111111107,68647.4,351.1375959079284
2026-07-21T05:45:34+00:00,2026-07-21T11:30:34+05:45,2026-07-21,11:30:34,1784612734,1,5,11,nepse_official,OPEN,2026-07-21,PPL,People's Power Limited,324.0,347.8,324.0,,340.0,341.0,-1.0,,2093.0,715594.1,22.0,23.80000000000001,7.345679012345682,-0.2932551319648094,32527.004545454543,341.89875776397514
2026-07-21T05:45:34+00:00,2026-07-21T11:30:34+05:45,2026-07-21,11:30:34,1784612734,1,5,11,nepse_official,OPEN,2026-07-21,PRIN,Prabhu Insurance Ltd.,709.8,709.8,709.8,,709.8,702.4,7.399999999999977,,19.0,13486.2,1.0,0.0,0.0,1.0535307517084251,13486.2,709.8000000000001
2026-07-21T05:45:34+00:00,2026-07-21T11:30:34+05:45,2026-07-21,11:30:34,1784612734,1,5,11,nepse_official,OPEN,2026-07-21,PROFL,Progressive Finance Limited,441.0,441.0,440.0,,441.0,449.4,-8.399999999999977,,1500.0,660500.0,4.0,1.0,0.22675736961451248,-1.869158878504668,165125.0,440.3333333333333
2026-07-21T05:45:34+00:00,2026-07-21T11:30:34+05:45,2026-07-21,11:30:34,1784612734,1,5,11,nepse_official,OPEN,2026-07-21,PRSF,Prabhu Smart Fund,12.75,12.76,12.75,,12.76,12.75,0.009999999999999787,,700.0,8927.0,2.0,0.009999999999999787,0.07843137254901794,0.07843137254901794,4463.5,12.752857142857144
2026-07-21T05:45:34+00:00,2026-07-21T11:30:34+05:45,2026-07-21,11:30:34,1784612734,1,5,11,nepse_official,OPEN,2026-07-21,PRVU,Prabhu  Bank Limited,208.0,208.0,197.0,,198.5,198.5,0.0,,23967.0,4746157.5,78.0,11.0,5.288461538461538,0.0,60848.17307692308,198.02885217173613
2026-07-21T05:45:34+00:00,2026-07-21T11:30:34+05:45,2026-07-21,11:30:34,1784612734,1,5,11,nepse_official,OPEN,2026-07-21,PURE,Pure Energy Limited,872.0,872.0,850.0,,850.0,872.0,-22.0,,1267.0,1087025.0,18.0,22.0,2.522935779816514,-2.522935779816514,60390.27777777778,857.9518547750592
2026-07-21T05:45:34+00:00,2026-07-21T11:30:34+05:45,2026-07-21,11:30:34,1784612734,1,5,11,nepse_official,OPEN,2026-07-21,RADHI,Radhi Bidyut Company Ltd,764.9,775.0,757.5,,758.1,764.9,-6.7999999999999545,,6152.0,4694817.2,27.0,17.5,2.2878807687279386,-0.8890050987057073,173882.11851851852,763.1367360208063
2026-07-21T05:45:34+00:00,2026-07-21T11:30:34+05:45,2026-07-21,11:30:34,1784612734,1,5,11,nepse_official,OPEN,2026-07-21,RAWA,Rawa Energy Development Limited,453.5,459.9,442.1,,442.1,453.0,-10.899999999999977,,3396.0,1514140.6,31.0,17.799999999999955,3.9250275633958007,-2.4061810154525336,48843.245161290324,445.86001177856303
2026-07-21T05:45:34+00:00,2026-07-21T11:30:34+05:45,2026-07-21,11:30:34,1784612734,1,5,11,nepse_official,OPEN,2026-07-21,RBBD2088,7% RBBL Debenture 2088,1032.0,1032.0,1032.0,,1032.0,1032.0,0.0,,125.0,129000.0,1.0,0.0,0.0,0.0,129000.0,1032.0
2026-07-21T05:45:34+00:00,2026-07-21T11:30:34+05:45,2026-07-21,11:30:34,1784612734,1,5,11,nepse_official,OPEN,2026-07-21,RBBF40,RBB Focus 40,9.1,9.12,9.1,,9.11,9.18,-0.07000000000000028,,1100.0,10025.0,3.0,0.019999999999999574,0.21978021978021509,-0.7625272331154715,3341.6666666666665,9.113636363636363
2026-07-21T05:45:34+00:00,2026-07-21T11:30:34+05:45,2026-07-21,11:30:34,1784612734,1,5,11,nepse_official,OPEN,2026-07-21,RFPL,River Falls Power Limited,369.6,369.6,348.1,,348.1,352.0,-3.8999999999999773,,4987.0,1755902.0,39.0,21.5,5.817099567099566,-1.107954545454539,45023.1282051282,352.09584920794066
2026-07-21T05:45:34+00:00,2026-07-21T11:30:34+05:45,2026-07-21,11:30:34,1784612734,1,5,11,nepse_official,OPEN,2026-07-21,RHGCL,Rapti Hydro And General Construction Limited,277.0,277.0,271.3,,272.6,277.0,-4.399999999999977,,928.0,253518.0,8.0,5.699999999999989,2.0577617328519815,-1.5884476534295946,31689.75,273.1875
2026-07-21T05:45:34+00:00,2026-07-21T11:30:34+05:45,2026-07-21,11:30:34,1784612734,1,5,11,nepse_official,OPEN,2026-07-21,RHPL,RASUWAGADHI HYDROPOWER COMPANY LIMITED,265.0,266.0,263.0,,263.3,267.0,-3.6999999999999886,,920.0,243083.0,7.0,3.0,1.1320754716981132,-1.3857677902621681,34726.142857142855,264.22065217391304
2026-07-21T05:45:34+00:00,2026-07-21T11:30:34+05:45,2026-07-21,11:30:34,1784612734,1,5,11,nepse_official,OPEN,2026-07-21,RIDI,Ridi Power Company Limited,350.0,366.8,350.0,,366.4,359.7,6.699999999999989,,198989.0,72649159.0,328.0,16.80000000000001,4.800000000000003,1.8626633305532356,221491.33841463414,365.09133168165073
2026-07-21T05:45:34+00:00,2026-07-21T11:30:34+05:45,2026-07-21,11:30:34,1784612734,1,5,11,nepse_official,OPEN,2026-07-21,RLEL,Ridge Line Energy Limited,940.0,950.0,880.1,,900.0,916.0,-16.0,,6058.0,5584851.5,139.0,69.89999999999998,7.436170212765955,-1.7467248908296942,40178.787769784176,921.8969131726642
2026-07-21T05:45:34+00:00,2026-07-21T11:30:34+05:45,2026-07-21,11:30:34,1784612734,1,5,11,nepse_official,OPEN,2026-07-21,RLFL,Reliance Finance Ltd.,470.0,479.0,470.0,,470.0,475.0,-5.0,,5120.0,2409616.0,20.0,9.0,1.9148936170212765,-1.0526315789473684,120480.8,470.628125
2026-07-21T05:45:34+00:00,2026-07-21T11:30:34+05:45,2026-07-21,11:30:34,1784612734,1,5,11,nepse_official,OPEN,2026-07-21,RMF1,RBB Mutual Fund 1,10.0,10.0,9.7,,9.7,9.75,-0.05000000000000071,,5100.0,50970.0,3.0,0.3000000000000007,3.000000000000007,-0.5128205128205201,16990.0,9.994117647058824
2026-07-21T05:45:34+00:00,2026-07-21T11:30:34+05:45,2026-07-21,11:30:34,1784612734,1,5,11,nepse_official,OPEN,2026-07-21,RMF2,RBB Mutual Fund 2,9.77,9.77,9.77,,9.77,9.99,-0.22000000000000064,,100.0,977.0,1.0,0.0,0.0,-2.2022022022022085,977.0,9.77
2026-07-21T05:45:34+00:00,2026-07-21T11:30:34+05:45,2026-07-21,11:30:34,1784612734,1,5,11,nepse_official,OPEN,2026-07-21,RNLI,Reliable Nepal Life Insurance Limited,460.5,463.7,457.0,,459.0,459.5,-0.5,,7564.0,3482196.5,20.0,6.699999999999989,1.4549402823018434,-0.1088139281828074,174109.825,460.36442358540455
2026-07-21T05:45:34+00:00,2026-07-21T11:30:34+05:45,2026-07-21,11:30:34,1784612734,1,5,11,nepse_official,OPEN,2026-07-21,RSDC,RSDC Laghubitta Bittiya Sanstha Ltd.,679.0,679.0,667.0,,667.0,673.9,-6.899999999999977,,163.0,109706.0,4.0,12.0,1.7673048600883652,-1.0238907849829317,27426.5,673.0429447852761
2026-07-21T05:45:34+00:00,2026-07-21T11:30:34+05:45,2026-07-21,11:30:34,1784612734,1,5,11,nepse_official,OPEN,2026-07-21,RSML,Reliance Spinning Mills Limited,3460.0,3520.0,3460.0,,3500.5,3498.0,2.5,,14936.0,51974001.8,184.0,60.0,1.7341040462427744,0.0714694110920526,282467.4010869565,3479.780516871987
2026-07-21T05:45:34+00:00,2026-07-21T11:30:34+05:45,2026-07-21,11:30:34,1784612734,1,5,11,nepse_official,OPEN,2026-07-21,RSY,Reliable Samriddhi Yojana,9.95,10.39,9.8,,10.29,10.1,0.1899999999999995,,2700.0,27433.0,6.0,0.5899999999999999,5.92964824120603,1.8811881188118762,4572.166666666667,10.160370370370371
2026-07-21T05:45:34+00:00,2026-07-21T11:30:34+05:45,2026-07-21,11:30:34,1784612734,1,5,11,nepse_official,OPEN,2026-07-21,RURU,Ru Ru Jalbidhyut Pariyojana Limited,625.0,625.0,623.0,,623.0,634.0,-11.0,,1511.0,941471.0,5.0,2.0,0.32,-1.7350157728706623,188294.2,623.0780939774984
2026-07-21T05:45:34+00:00,2026-07-21T11:30:34+05:45,2026-07-21,11:30:34,1784612734,1,5,11,nepse_official,OPEN,2026-07-21,SABBL,Salapa Bikas Bank Limited,996.0,1025.8,971.2,,980.0,973.0,7.0,,6909.0,6809711.8,78.0,54.59999999999991,5.481927710843364,0.7194244604316548,87303.99743589743,985.6291503835577
2026-07-21T05:45:34+00:00,2026-07-21T11:30:34+05:45,2026-07-21,11:30:34,1784612734,1,5,11,nepse_official,OPEN,2026-07-21,SADBL,Shangrila Development Bank Ltd.,422.8,423.0,413.1,,418.0,422.0,-4.0,,3519.0,1470152.9,12.0,9.899999999999977,2.3415326395458793,-0.9478672985781991,122512.74166666665,417.7757601591361
2026-07-21T05:45:34+00:00,2026-07-21T11:30:34+05:45,2026-07-21,11:30:34,1784612734,1,5,11,nepse_official,OPEN,2026-07-21,SAGAR,Sagar Distillery Limited,1726.9,1750.0,1726.0,,1750.0,1780.3,-30.299999999999955,,523.0,912806.0,18.0,24.0,1.3897735827204816,-1.701960343762285,50711.444444444445,1745.3269598470363
2026-07-21T05:45:34+00:00,2026-07-21T11:30:34+05:45,2026-07-21,11:30:34,1784612734,1,5,11,nepse_official,OPEN,2026-07-21,SAHAS,Sahas Urja Limited,670.0,670.0,663.0,,668.2,666.5,1.7000000000000455,,19999.0,13358726.7,93.0,7.0,1.0447761194029852,0.2550637659414922,143642.22258064515,667.9697334866743
2026-07-21T05:45:34+00:00,2026-07-21T11:30:34+05:45,2026-07-21,11:30:34,1784612734,1,5,11,nepse_official,OPEN,2026-07-21,SAIL,Shreenagar Agritech Industries Limited,1069.0,1070.0,1030.0,,1040.0,1069.2,-29.200000000000045,,4268.0,4485180.6,88.0,40.0,3.7418147801683816,-2.7310138421249572,50967.96136363636,1050.8858013120898
2026-07-21T05:45:34+00:00,2026-07-21T11:30:34+05:45,2026-07-21,11:30:34,1784612734,1,5,11,nepse_official,OPEN,2026-07-21,SANIMA,Sanima Bank Limited,363.0,364.9,363.0,,364.5,362.5,2.0,,9071.0,3293153.5,12.0,1.8999999999999773,0.5234159779614262,0.5517241379310345,274429.4583333333,363.0419468636314
2026-07-21T05:45:34+00:00,2026-07-21T11:30:34+05:45,2026-07-21,11:30:34,1784612734,1,5,11,nepse_official,OPEN,2026-07-21,SANVI,Sanvi Energy Limited,640.0,641.0,622.0,,622.0,633.0,-11.0,,3127.0,1958034.0,22.0,19.0,2.96875,-1.7377567140600316,89001.54545454546,626.1701311160857
2026-07-21T05:45:34+00:00,2026-07-21T11:30:34+05:45,2026-07-21,11:30:34,1784612734,1,5,11,nepse_official,OPEN,2026-07-21,SAPDBL,Saptakoshi Development Bank Ltd,800.0,800.0,776.0,,789.0,797.0,-8.0,,1558.0,1222461.0,32.0,24.0,3.0,-1.0037641154328731,38201.90625,784.6347881899871
2026-07-21T05:45:34+00:00,2026-07-21T11:30:34+05:45,2026-07-21,11:30:34,1784612734,1,5,11,nepse_official,OPEN,2026-07-21,SARBTM,Sarbottam Cement Limited,813.0,813.0,812.0,,812.0,813.0,-1.0,,1011.0,821443.0,4.0,1.0,0.12300123001230012,-0.12300123001230012,205360.75,812.5054401582591
2026-07-21T05:45:34+00:00,2026-07-21T11:30:34+05:45,2026-07-21,11:30:34,1784612734,1,5,11,nepse_official,OPEN,2026-07-21,SBI,Nepal SBI Bank Limited,407.0,407.0,403.0,,403.0,409.0,-6.0,,1360.0,548146.0,5.0,4.0,0.9828009828009828,-1.466992665036675,109629.2,403.0485294117647
2026-07-21T05:45:34+00:00,2026-07-21T11:30:34+05:45,2026-07-21,11:30:34,1784612734,1,5,11,nepse_official,OPEN,2026-07-21,SBL,Siddhartha Bank Limited,405.0,406.0,401.5,,401.5,400.0,1.5,,8515.0,3424770.5,18.0,4.5,1.1111111111111112,0.375,190265.02777777778,402.2044039929536
2026-07-21T05:45:34+00:00,2026-07-21T11:30:34+05:45,2026-07-21,11:30:34,1784612734,1,5,11,nepse_official,OPEN,2026-07-21,SCB,Standard Chartered Bank Limited,665.0,665.0,663.0,,663.0,665.0,-2.0,,24.0,15844.2,5.0,2.0,0.30075187969924816,-0.30075187969924816,3168.84,660.1750000000001
2026-07-21T05:45:34+00:00,2026-07-21T11:30:34+05:45,2026-07-21,11:30:34,1784612734,1,5,11,nepse_official,OPEN,2026-07-21,SFEF,Sunrise Focused Equity Fund,10.0,10.0,10.0,,10.0,10.0,0.0,,100.0,1000.0,1.0,0.0,0.0,0.0,1000.0,10.0
2026-07-21T05:45:34+00:00,2026-07-21T11:30:34+05:45,2026-07-21,11:30:34,1784612734,1,5,11,nepse_official,OPEN,2026-07-21,SGHC,Swet-Ganga Hydropower & Construction Limited ,339.0,339.0,334.0,,334.1,338.8,-4.699999999999989,,2630.0,883434.0,10.0,5.0,1.4749262536873156,-1.3872491145218384,88343.4,335.906463878327
2026-07-21T05:45:34+00:00,2026-07-21T11:30:34+05:45,2026-07-21,11:30:34,1784612734,1,5,11,nepse_official,OPEN,2026-07-21,SGHL,Sanigad Hydro Limited,505.0,510.0,491.1,,495.3,503.0,-7.699999999999989,,12380.0,6148501.2,344.0,18.899999999999977,3.7425742574257383,-1.5308151093439342,17873.55,496.647915993538
2026-07-21T05:45:34+00:00,2026-07-21T11:30:34+05:45,2026-07-21,11:30:34,1784612734,1,5,11,nepse_official,OPEN,2026-07-21,SHEL,Singati Hydro Energy Limited,316.0,316.0,310.0,,312.0,316.0,-4.0,,5314.0,1652065.6,31.0,6.0,1.89873417721519,-1.2658227848101267,53292.43870967742,310.88927361686115
2026-07-21T05:45:34+00:00,2026-07-21T11:30:34+05:45,2026-07-21,11:30:34,1784612734,1,5,11,nepse_official,OPEN,2026-07-21,SHINE,Shine Resunga Development Bank Ltd.,416.0,417.0,415.1,,417.0,419.0,-2.0,,330.0,137390.0,3.0,1.8999999999999773,0.4567307692307638,-0.47732696897374705,45796.666666666664,416.3333333333333
2026-07-21T05:45:34+00:00,2026-07-21T11:30:34+05:45,2026-07-21,11:30:34,1784612734,1,5,11,nepse_official,OPEN,2026-07-21,SHIVM,SHIVAM CEMENTS LTD,666.0,668.0,653.5,,657.0,663.0,-6.0,,11533.0,7605023.5,76.0,14.5,2.177177177177177,-0.904977375565611,100066.09868421052,659.4141593687679
2026-07-21T05:45:34+00:00,2026-07-21T11:30:34+05:45,2026-07-21,11:30:34,1784612734,1,5,11,nepse_official,OPEN,2026-07-21,SHL,Soaltee Hotel Limited,503.9,503.9,500.0,,500.0,503.8,-3.8000000000000114,,966.0,484860.0,8.0,3.8999999999999773,0.7739630879142643,-0.754267566494643,60607.5,501.9254658385093
2026-07-21T05:45:34+00:00,2026-07-21T11:30:34+05:45,2026-07-21,11:30:34,1784612734,1,5,11,nepse_official,OPEN,2026-07-21,SHPC,Sanima Mai Hydropower Ltd.,522.0,522.0,522.0,,522.0,522.9,-0.8999999999999773,,200.0,104400.0,1.0,0.0,0.0,-0.17211703958691477,104400.0,522.0
2026-07-21T05:45:34+00:00,2026-07-21T11:30:34+05:45,2026-07-21,11:30:34,1784612734,1,5,11,nepse_official,OPEN,2026-07-21,SICL,Shikhar Insurance Co. Ltd.,639.9,639.9,635.0,,635.0,634.0,1.0,,265.0,168624.0,6.0,4.899999999999977,0.7657446476011842,0.15772870662460567,28104.0,636.3169811320755
2026-07-21T05:45:34+00:00,2026-07-21T11:30:34+05:45,2026-07-21,11:30:34,1784612734,1,5,11,nepse_official,OPEN,2026-07-21,SIFC,Shree Investment Finance Co. Ltd.,532.0,532.0,532.0,,532.0,533.9,-1.8999999999999773,,50.0,26600.0,1.0,0.0,0.0,-0.35587188612099224,26600.0,532.0
2026-07-21T05:45:34+00:00,2026-07-21T11:30:34+05:45,2026-07-21,11:30:34,1784612734,1,5,11,nepse_official,OPEN,2026-07-21,SIGS2,Siddhartha Investment Growth Scheme - 2,10.35,10.35,10.35,,10.35,10.5,-0.15000000000000036,,1000.0,10350.0,1.0,0.0,0.0,-1.428571428571432,10350.0,10.35
2026-07-21T05:45:34+00:00,2026-07-21T11:30:34+05:45,2026-07-21,11:30:34,1784612734,1,5,11,nepse_official,OPEN,2026-07-21,SIGS3,Siddhartha Investment Growth Scheme 3,10.37,10.37,10.37,,10.37,10.37,0.0,,2000.0,20740.0,1.0,0.0,0.0,0.0,20740.0,10.37
2026-07-21T05:45:34+00:00,2026-07-21T11:30:34+05:45,2026-07-21,11:30:34,1784612734,1,5,11,nepse_official,OPEN,2026-07-21,SIKLES,Sikles Hydropower Limited,576.0,576.0,573.0,,573.0,576.0,-3.0,,41.0,23583.0,3.0,3.0,0.5208333333333333,-0.5208333333333333,7861.0,575.1951219512196
2026-07-21T05:45:34+00:00,2026-07-21T11:30:34+05:45,2026-07-21,11:30:34,1784612734,1,5,11,nepse_official,OPEN,2026-07-21,SINDU,Sindhu Bikash Bank Ltd,703.0,730.0,703.0,,711.5,716.0,-4.5,,218.0,155473.0,8.0,27.0,3.8406827880512093,-0.6284916201117319,19434.125,713.1788990825688
2026-07-21T05:45:34+00:00,2026-07-21T11:30:34+05:45,2026-07-21,11:30:34,1784612734,1,5,11,nepse_official,OPEN,2026-07-21,SIPD,Shikhar power Development Limited,675.0,688.0,660.0,,665.0,675.0,-10.0,,2317.0,1563178.4,42.0,28.0,4.148148148148148,-1.4814814814814816,37218.53333333333,674.6561933534742
2026-07-21T05:45:34+00:00,2026-07-21T11:30:34+05:45,2026-07-21,11:30:34,1784612734,1,5,11,nepse_official,OPEN,2026-07-21,SJCL,SANJEN JALAVIDHYUT COMPANY LIMITED,280.0,290.0,280.0,,285.0,285.3,-0.30000000000001137,,1191.0,340846.4,16.0,10.0,3.571428571428571,-0.10515247108307443,21302.9,286.1850545759866
2026-07-21T05:45:34+00:00,2026-07-21T11:30:34+05:45,2026-07-21,11:30:34,1784612734,1,5,11,nepse_official,OPEN,2026-07-21,SJLIC,SuryaJyoti Life Insurance Company Limited,426.0,426.0,422.0,,422.7,426.0,-3.3000000000000114,,540.0,229399.0,11.0,4.0,0.9389671361502347,-0.7746478873239464,20854.454545454544,424.81296296296296
2026-07-21T05:45:34+00:00,2026-07-21T11:30:34+05:45,2026-07-21,11:30:34,1784612734,1,5,11,nepse_official,OPEN,2026-07-21,SKBBL,Sana Kisan Bikas Laghubitta Bittiya Sanstha Limited,803.2,803.2,765.0,,765.0,765.0,0.0,,381.0,294802.0,13.0,38.200000000000045,4.755976095617536,0.0,22677.076923076922,773.7585301837271
2026-07-21T05:45:34+00:00,2026-07-21T11:30:34+05:45,2026-07-21,11:30:34,1784612734,1,5,11,nepse_official,OPEN,2026-07-21,SKHEL,Suryakunda Hydro Electric Limited,1028.0,1030.0,1001.5,,1020.0,1029.8,-9.799999999999955,,1130.0,1147495.0,21.0,28.5,2.772373540856031,-0.9516410953583178,54642.619047619046,1015.4823008849557
2026-07-21T05:45:34+00:00,2026-07-21T11:30:34+05:45,2026-07-21,11:30:34,1784612734,1,5,11,nepse_official,OPEN,2026-07-21,SKHL,Super Khudi Hydropower Limited,892.4,905.0,865.6,,900.0,920.0,-20.0,,870.0,782808.0,33.0,39.39999999999998,4.41506051098162,-2.1739130434782608,23721.454545454544,899.7793103448275
2026-07-21T05:45:34+00:00,2026-07-21T11:30:34+05:45,2026-07-21,11:30:34,1784612734,1,5,11,nepse_official,OPEN,2026-07-21,SLBBL,Swarojgar Laghubitta Bittiya Sanstha Ltd.,810.0,810.0,810.0,,810.0,820.0,-10.0,,16.0,12960.0,1.0,0.0,0.0,-1.2195121951219512,12960.0,810.0
2026-07-21T05:45:34+00:00,2026-07-21T11:30:34+05:45,2026-07-21,11:30:34,1784612734,1,5,11,nepse_official,OPEN,2026-07-21,SLBSL,Samudayik Laghubitta Bittiya Sanstha Limited,1150.0,1150.0,1115.0,,1115.0,1104.5,10.5,,143.0,161555.0,6.0,35.0,3.0434782608695654,0.9506564056133997,26925.833333333332,1129.7552447552448
2026-07-21T05:45:34+00:00,2026-07-21T11:30:34+05:45,2026-07-21,11:30:34,1784612734,1,5,11,nepse_official,OPEN,2026-07-21,SMATA,Samata Gharelu Laghubitta Bittiya Sanstha Limited,775.0,776.9,774.9,,774.9,761.0,13.899999999999977,,136.0,105550.1,5.0,2.0,0.25806451612903225,1.8265440210249642,21110.02,776.1036764705883
2026-07-21T05:45:34+00:00,2026-07-21T11:30:34+05:45,2026-07-21,11:30:34,1784612734,1,5,11,nepse_official,OPEN,2026-07-21,SMH,Super Mai Hydropower Limited,519.0,519.0,513.0,,513.0,513.2,-0.20000000000004547,,359.0,184685.0,9.0,6.0,1.1560693641618496,-0.03897116134061681,20520.555555555555,514.4428969359332
2026-07-21T05:45:34+00:00,2026-07-21T11:30:34+05:45,2026-07-21,11:30:34,1784612734,1,5,11,nepse_official,OPEN,2026-07-21,SMHL,Super Madi Hydropower Limited,498.5,500.0,493.0,,493.0,497.0,-4.0,,9080.0,4517746.1,37.0,7.0,1.4042126379137412,-0.8048289738430584,122101.24594594594,497.5491299559471
2026-07-21T05:45:34+00:00,2026-07-21T11:30:34+05:45,2026-07-21,11:30:34,1784612734,1,5,11,nepse_official,OPEN,2026-07-21,SMJC,Sagarmatha Jalabidhyut Company Limited,429.4,455.4,429.4,,452.2,452.0,0.19999999999998863,,769.0,347203.8,10.0,26.0,6.054960409874244,0.04424778761061696,34720.38,451.50039011703507
2026-07-21T05:45:34+00:00,2026-07-21T11:30:34+05:45,2026-07-21,11:30:34,1784612734,1,5,11,nepse_official,OPEN,2026-07-21,SMPDA,Sampada Laghubitta Bittiya Sanstha Limited,775.0,775.0,772.0,,772.0,795.0,-23.0,,655.0,506260.0,2.0,3.0,0.3870967741935484,-2.8930817610062896,253130.0,772.9160305343512
2026-07-21T05:45:34+00:00,2026-07-21T11:30:34+05:45,2026-07-21,11:30:34,1784612734,1,5,11,nepse_official,OPEN,2026-07-21,SNLI,Sun Nepal Life Insurance Company Limited,442.5,450.0,442.5,,444.6,442.5,2.1000000000000227,,1294.0,574726.8,17.0,7.5,1.694915254237288,0.47457627118644585,33807.458823529414,444.14744976816075
2026-07-21T05:45:34+00:00,2026-07-21T11:30:34+05:45,2026-07-21,11:30:34,1784612734,1,5,11,nepse_official,OPEN,2026-07-21,SNORL,Snow Rivers Limited,850.0,850.0,807.0,,815.1,830.0,-14.899999999999977,,3077.0,2533417.2,79.0,43.0,5.0588235294117645,-1.7951807228915637,32068.572151898738,823.3400064998376
2026-07-21T05:45:34+00:00,2026-07-21T11:30:34+05:45,2026-07-21,11:30:34,1784612734,1,5,11,nepse_official,OPEN,2026-07-21,SOHL,Solu Hydropower Limited,570.0,615.0,570.0,,592.0,596.0,-4.0,,33282.0,19874947.9,232.0,45.0,7.894736842105263,-0.6711409395973155,85667.87887931034,597.1680758367886
2026-07-21T05:45:34+00:00,2026-07-21T11:30:34+05:45,2026-07-21,11:30:34,1784612734,1,5,11,nepse_official,OPEN,2026-07-21,SONA,Sonapur Minerals And Oil Limited,424.0,425.0,418.0,,420.0,425.0,-5.0,,5547.0,2331566.0,37.0,7.0,1.650943396226415,-1.1764705882352942,63015.2972972973,420.32918694789976
2026-07-21T05:45:34+00:00,2026-07-21T11:30:34+05:45,2026-07-21,11:30:34,1784612734,1,5,11,nepse_official,OPEN,2026-07-21,SOPL,Sopan Pharmaceuticals Limited,848.0,857.0,833.2,,842.0,848.0,-6.0,,15607.0,13246813.0,193.0,23.799999999999955,2.8066037735849,-0.7075471698113208,68636.33678756477,848.7738194399949
2026-07-21T05:45:34+00:00,2026-07-21T11:30:34+05:45,2026-07-21,11:30:34,1784612734,1,5,11,nepse_official,OPEN,2026-07-21,SPC,Samling Power Company Limited,417.9,442.0,417.9,,435.5,439.8,-4.300000000000011,,695.0,305563.0,10.0,24.100000000000023,5.766929887532908,-0.9777171441564373,30556.3,439.6589928057554
2026-07-21T05:45:34+00:00,2026-07-21T11:30:34+05:45,2026-07-21,11:30:34,1784612734,1,5,11,nepse_official,OPEN,2026-07-21,SPDL,Synergy Power Development Ltd.,412.9,412.9,389.0,,400.0,393.3,6.699999999999989,,63616.0,25038905.0,29.0,23.899999999999977,5.788326471300552,1.7035341978133711,863410.5172413794,393.5944573692153
2026-07-21T05:45:34+00:00,2026-07-21T11:30:34+05:45,2026-07-21,11:30:34,1784612734,1,5,11,nepse_official,OPEN,2026-07-21,SPHL,Sayapatri Hydropower Limited,550.0,550.0,538.0,,540.1,554.0,-13.899999999999977,,290.0,157183.9,12.0,12.0,2.181818181818182,-2.5090252707581184,13098.658333333333,542.0134482758621
2026-07-21T05:45:34+00:00,2026-07-21T11:30:34+05:45,2026-07-21,11:30:34,1784612734,1,5,11,nepse_official,OPEN,2026-07-21,SPL,Shuvam Power Limited,695.0,695.0,685.0,,685.0,684.0,1.0,,20.0,13800.0,2.0,10.0,1.4388489208633095,0.14619883040935672,6900.0,690.0
2026-07-21T05:45:34+00:00,2026-07-21T11:30:34+05:45,2026-07-21,11:30:34,1784612734,1,5,11,nepse_official,OPEN,2026-07-21,SRLI,Sanima Reliance Life Insurance Limited,394.9,394.9,386.6,,390.0,391.4,-1.3999999999999773,,948.0,369430.9,17.0,8.299999999999955,2.1017979235249316,-0.3576903423607505,21731.229411764707,389.6950421940929
2026-07-21T05:45:34+00:00,2026-07-21T11:30:34+05:45,2026-07-21,11:30:34,1784612734,1,5,11,nepse_official,OPEN,2026-07-21,SSHL,Shiva Shree Hydropower Ltd,223.6,223.6,210.0,,211.0,213.0,-2.0,,24228.0,5152595.5,91.0,13.599999999999994,6.082289803220033,-0.9389671361502347,56621.92857142857,212.6711036816906
2026-07-21T05:45:34+00:00,2026-07-21T11:30:34+05:45,2026-07-21,11:30:34,1784612734,1,5,11,nepse_official,OPEN,2026-07-21,STC,Salt Trading Corporation,5378.0,5399.0,5375.0,,5375.0,5295.0,80.0,,40.0,215510.0,4.0,24.0,0.4462625511342506,1.5108593012275733,53877.5,5387.75
2026-07-21T05:45:34+00:00,2026-07-21T11:30:34+05:45,2026-07-21,11:30:34,1784612734,1,5,11,nepse_official,OPEN,2026-07-21,SWASTIK,Swastik Laghubitta Bittiya Sanstha Limited,2145.0,2200.0,2145.0,,2180.0,2180.0,0.0,,120.0,261610.0,8.0,55.0,2.564102564102564,0.0,32701.25,2180.0833333333335
2026-07-21T05:45:34+00:00,2026-07-21T11:30:34+05:45,2026-07-21,11:30:34,1784612734,1,5,11,nepse_official,OPEN,2026-07-21,SWBBL,Swabalamban Laghubitta Bittiya Sanstha Limited,690.0,697.0,688.9,,693.0,682.9,10.100000000000023,,5673.0,3932512.9,36.0,8.100000000000023,1.173913043478264,1.4789866744765008,109236.46944444445,693.1981138727305
2026-07-21T05:45:34+00:00,2026-07-21T11:30:34+05:45,2026-07-21,11:30:34,1784612734,1,5,11,nepse_official,OPEN,2026-07-21,SYPNL,SY Panel Nepal Limited,1327.7,1419.0,1327.7,,1410.0,1397.5,12.5,,20126.0,28378082.7,198.0,91.29999999999995,6.876553438276716,0.8944543828264758,143323.65,1410.0210026830964
2026-07-21T05:45:34+00:00,2026-07-21T11:30:34+05:45,2026-07-21,11:30:34,1784612734,1,5,11,nepse_official,OPEN,2026-07-21,TAMOR,Sanima Middle Tamor Hydropower Limited,456.0,456.0,452.1,,452.3,452.1,0.19999999999998863,,5119.0,2318266.5,24.0,3.8999999999999773,0.8552631578947318,0.04423800044237749,96594.4375,452.874877905841
2026-07-21T05:45:34+00:00,2026-07-21T11:30:34+05:45,2026-07-21,11:30:34,1784612734,1,5,11,nepse_official,OPEN,2026-07-21,TPC,Terhathum Power Company Limited,372.5,372.5,362.1,,363.0,367.0,-4.0,,760.0,275636.0,7.0,10.399999999999977,2.7919463087248264,-1.08991825613079,39376.57142857143,362.67894736842106
2026-07-21T05:45:34+00:00,2026-07-21T11:30:34+05:45,2026-07-21,11:30:34,1784612734,1,5,11,nepse_official,OPEN,2026-07-21,TPKHL,Taksar Pikhuwa Khola Hydropower Limited,536.1,545.0,531.0,,536.0,536.1,-0.10000000000002274,,9259.0,4979018.2,167.0,14.0,2.6114530871106134,-0.018653236336508627,29814.48023952096,537.749022572632
2026-07-21T05:45:34+00:00,2026-07-21T11:30:34+05:45,2026-07-21,11:30:34,1784612734,1,5,11,nepse_official,OPEN,2026-07-21,TRH,Taragaon Regency Hotel Limited,788.1,788.1,788.1,,788.1,789.9,-1.7999999999999545,,120.0,94572.0,1.0,0.0,0.0,-0.22787694644891185,94572.0,788.1
2026-07-21T05:45:34+00:00,2026-07-21T11:30:34+05:45,2026-07-21,11:30:34,1784612734,1,5,11,nepse_official,OPEN,2026-07-21,TSHL,Three Star Hydropower Limited,412.0,413.0,392.9,,400.0,411.0,-11.0,,3038.0,1218616.2,37.0,20.100000000000023,4.878640776699035,-2.67639902676399,32935.57297297297,401.12448979591835
2026-07-21T05:45:34+00:00,2026-07-21T11:30:34+05:45,2026-07-21,11:30:34,1784612734,1,5,11,nepse_official,OPEN,2026-07-21,TTL,Trade Tower Limited,758.0,758.0,745.0,,745.2,758.0,-12.799999999999955,,2651.0,1986403.0,40.0,13.0,1.7150395778364116,-1.6886543535619993,49660.075,749.3032817804602
2026-07-21T05:45:34+00:00,2026-07-21T11:30:34+05:45,2026-07-21,11:30:34,1784612734,1,5,11,nepse_official,OPEN,2026-07-21,TVCL,Trishuli Jal Vidhyut Company Limited ,481.1,482.1,481.1,,482.1,490.0,-7.899999999999977,,810.0,390491.0,3.0,1.0,0.20785699438786112,-1.612244897959179,130163.66666666667,482.08765432098767
2026-07-21T05:45:34+00:00,2026-07-21T11:30:34+05:45,2026-07-21,11:30:34,1784612734,1,5,11,nepse_official,OPEN,2026-07-21,UHEWA,Upper Hewakhola Hydropower Company Limited,593.0,593.2,588.0,,589.6,597.5,-7.899999999999977,,1153.0,681254.0,13.0,5.2000000000000455,0.8768971332209182,-1.3221757322175696,52404.153846153844,590.8534258456201
2026-07-21T05:45:34+00:00,2026-07-21T11:30:34+05:45,2026-07-21,11:30:34,1784612734,1,5,11,nepse_official,OPEN,2026-07-21,ULBSL,Upakar Laghubitta Bittiya Sanstha Limited,2750.0,2750.0,2750.0,,2750.0,2888.9,-138.9000000000001,,10.0,27500.0,1.0,0.0,0.0,-4.808058430544501,27500.0,2750.0
2026-07-21T05:45:34+00:00,2026-07-21T11:30:34+05:45,2026-07-21,11:30:34,1784612734,1,5,11,nepse_official,OPEN,2026-07-21,ULHC,Upper Lohore Khola Hydropower Company Limited,365.2,366.1,365.2,,366.1,370.1,-4.0,,300.0,109740.0,3.0,0.9000000000000341,0.24644030668127986,-1.0807889759524452,36580.0,365.8
2026-07-21T05:45:34+00:00,2026-07-21T11:30:34+05:45,2026-07-21,11:30:34,1784612734,1,5,11,nepse_official,OPEN,2026-07-21,UMHL,United Modi Hydropower Ltd.,570.0,598.0,570.0,,587.1,600.0,-12.899999999999977,,8772.0,5123525.5,25.0,28.0,4.912280701754386,-2.1499999999999964,204941.02,584.077234382125
2026-07-21T05:45:34+00:00,2026-07-21T11:30:34+05:45,2026-07-21,11:30:34,1784612734,1,5,11,nepse_official,OPEN,2026-07-21,UNHPL,Union Hydropower Limited,400.0,406.2,400.0,,402.1,405.0,-2.8999999999999773,,3400.0,1368161.4,28.0,6.199999999999989,1.5499999999999972,-0.7160493827160438,48862.90714285714,402.40041176470584
2026-07-21T05:45:34+00:00,2026-07-21T11:30:34+05:45,2026-07-21,11:30:34,1784612734,1,5,11,nepse_official,OPEN,2026-07-21,UNLB,Unique Nepal Laghubitta Bittiya Sanstha Limited,1304.0,1304.0,1300.4,,1300.4,1304.0,-3.599999999999909,,130.0,169124.0,2.0,3.599999999999909,0.27607361963189486,-0.27607361963189486,84562.0,1300.9538461538461
2026-07-21T05:45:34+00:00,2026-07-21T11:30:34+05:45,2026-07-21,11:30:34,1784612734,1,5,11,nepse_official,OPEN,2026-07-21,UPCL,UNIVERSAL POWER COMPANY LTD,365.0,365.0,360.2,,364.0,370.0,-6.0,,8288.0,3005475.0,28.0,4.800000000000011,1.315068493150688,-1.6216216216216217,107338.39285714286,362.6297055984556
2026-07-21T05:45:34+00:00,2026-07-21T11:30:34+05:45,2026-07-21,11:30:34,1784612734,1,5,11,nepse_official,OPEN,2026-07-21,UPPER,Upper Tamakoshi Hydropower Ltd,202.5,203.9,201.1,,201.1,202.5,-1.4000000000000057,,9467.0,1915359.4,69.0,2.8000000000000114,1.3827160493827217,-0.6913580246913609,27758.83188405797,202.31957325446285
2026-07-21T05:45:34+00:00,2026-07-21T11:30:34+05:45,2026-07-21,11:30:34,1784612734,1,5,11,nepse_official,OPEN,2026-07-21,USHEC,Upper Solu Hydro Electric Company Limited,502.0,502.0,502.0,,502.0,500.1,1.8999999999999773,,220.0,110440.0,5.0,0.0,0.0,0.379924015196956,22088.0,502.0
2026-07-21T05:45:34+00:00,2026-07-21T11:30:34+05:45,2026-07-21,11:30:34,1784612734,1,5,11,nepse_official,OPEN,2026-07-21,USHL,Upper Syange Hydropower Limited,567.0,567.0,538.4,,545.0,540.0,5.0,,1740.0,954597.4,14.0,28.600000000000023,5.044091710758381,0.9259259259259258,68185.52857142857,548.6191954022988
2026-07-21T05:45:34+00:00,2026-07-21T11:30:34+05:45,2026-07-21,11:30:34,1784612734,1,5,11,nepse_official,OPEN,2026-07-21,USLB,Unnati Sahakarya Laghubitta Bittiya Sanstha Limited,1205.1,1205.1,1205.1,,1205.1,1229.0,-23.90000000000009,,10.0,12051.0,1.0,0.0,0.0,-1.9446704637917078,12051.0,1205.1
2026-07-21T05:45:34+00:00,2026-07-21T11:30:34+05:45,2026-07-21,11:30:34,1784612734,1,5,11,nepse_official,OPEN,2026-07-21,VLBS,Vijaya laghubitta Bittiya Sanstha Ltd.,703.0,703.0,671.5,,671.5,692.0,-20.5,,724.0,494323.0,7.0,31.5,4.480796586059744,-2.9624277456647397,70617.57142857143,682.7665745856353
2026-07-21T05:45:34+00:00,2026-07-21T11:30:34+05:45,2026-07-21,11:30:34,1784612734,1,5,11,nepse_official,OPEN,2026-07-21,VLUCL,Vision Lumbini Urja Company Limited ,445.0,445.0,440.0,,440.0,452.5,-12.5,,626.0,276090.0,4.0,5.0,1.1235955056179776,-2.7624309392265194,69022.5,441.038338658147
2026-07-21T05:45:34+00:00,2026-07-21T11:30:34+05:45,2026-07-21,11:30:34,1784612734,1,5,11,nepse_official,OPEN,2026-07-21,WNLB,Wean Nepal Laghubitta Bittiya Sanstha Limited,1380.0,1390.0,1370.0,,1390.0,1370.0,20.0,,420.0,575950.0,4.0,20.0,1.4492753623188406,1.4598540145985401,143987.5,1371.3095238095239
2026-07-21T05:45:34+00:00,2026-07-21T11:30:34+05:45,2026-07-21,11:30:34,1784612734,1,5,11,nepse_official,OPEN,2026-07-21,YMHL,Yambaling Hydropower Limited,623.0,630.0,612.0,,614.0,623.0,-9.0,,3180.0,1973838.0,104.0,18.0,2.889245585874799,-1.4446227929373996,18979.21153846154,620.7037735849057
