scraped_at_utc,scraped_at_npt,npt_date,npt_time,scraped_epoch,weekday,hour_utc,hour_npt,price_source,is_market_open,business_date,symbol,security_name,open_price,high_price,low_price,close_price,last_traded_price,previous_closing_price,point_change,percentage_change,total_traded_quantity,total_traded_value,total_trades,intraday_range,intraday_range_pct_of_open,return_from_prev_close_pct,turnover_per_trade,vwap_proxy
2026-06-01T05:15:23+00:00,2026-06-01T11:00:23+05:45,2026-06-01,11:00:23,1780290923,0,5,11,nepse_official,OPEN,2026-06-01,AHPC,Arun Valley Hydropower Development Co. Ltd.,290.0,290.0,290.0,,290.0,287.5,2.5,,1110.0,321900.0,4.0,0.0,0.0,0.8695652173913043,80475.0,290.0
2026-06-01T05:15:23+00:00,2026-06-01T11:00:23+05:45,2026-06-01,11:00:23,1780290923,0,5,11,nepse_official,OPEN,2026-06-01,AKJCL,Ankhu Khola Jalvidhyut Company Ltd,440.0,440.0,440.0,,440.0,440.0,0.0,,3300.0,1452000.0,6.0,0.0,0.0,0.0,242000.0,440.0
2026-06-01T05:15:23+00:00,2026-06-01T11:00:23+05:45,2026-06-01,11:00:23,1780290923,0,5,11,nepse_official,OPEN,2026-06-01,AKPL,Arun Kabeli Power Ltd.,279.0,280.0,279.0,,280.0,276.5,3.5,,160.0,44740.0,3.0,1.0,0.35842293906810035,1.2658227848101267,14913.333333333334,279.625
2026-06-01T05:15:23+00:00,2026-06-01T11:00:23+05:45,2026-06-01,11:00:23,1780290923,0,5,11,nepse_official,OPEN,2026-06-01,ALBSL,Asha Laghubitta Bittiya Sanstha Ltd,1100.0,1100.0,1100.0,,1100.0,1128.9,-28.90000000000009,,100.0,110000.0,3.0,0.0,0.0,-2.5600141730888555,36666.666666666664,1100.0
2026-06-01T05:15:23+00:00,2026-06-01T11:00:23+05:45,2026-06-01,11:00:23,1780290923,0,5,11,nepse_official,OPEN,2026-06-01,API,Api Power Company Ltd.,370.0,370.0,365.1,,365.1,364.0,1.1000000000000227,,9300.0,3439530.0,6.0,4.899999999999977,1.3243243243243183,0.30219780219780845,573255.0,369.84193548387094
2026-06-01T05:15:23+00:00,2026-06-01T11:00:23+05:45,2026-06-01,11:00:23,1780290923,0,5,11,nepse_official,OPEN,2026-06-01,BANDIPUR,Bandipur Cablecar and Tourism Limited,850.0,850.0,850.0,,850.0,854.7,-4.7000000000000455,,210.0,178500.0,3.0,0.0,0.0,-0.5499005499005551,59500.0,850.0
2026-06-01T05:15:23+00:00,2026-06-01T11:00:23+05:45,2026-06-01,11:00:23,1780290923,0,5,11,nepse_official,OPEN,2026-06-01,BARUN,Barun Hydropower Co. Ltd.,353.0,353.0,353.0,,353.0,352.0,1.0,,1000.0,353000.0,3.0,0.0,0.0,0.2840909090909091,117666.66666666667,353.0
2026-06-01T05:15:23+00:00,2026-06-01T11:00:23+05:45,2026-06-01,11:00:23,1780290923,0,5,11,nepse_official,OPEN,2026-06-01,BBC,Bishal Bazar Company Limited,4600.0,4600.0,4596.0,,4600.0,4836.0,-236.0,,140.0,643680.0,5.0,4.0,0.08695652173913043,-4.880066170388751,128736.0,4597.714285714285
2026-06-01T05:15:23+00:00,2026-06-01T11:00:23+05:45,2026-06-01,11:00:23,1780290923,0,5,11,nepse_official,OPEN,2026-06-01,BEDC,Bhugol Energy Development Company Limited,380.0,380.0,380.0,,380.0,378.6,1.3999999999999773,,230.0,87400.0,2.0,0.0,0.0,0.36978341257263003,43700.0,380.0
2026-06-01T05:15:23+00:00,2026-06-01T11:00:23+05:45,2026-06-01,11:00:23,1780290923,0,5,11,nepse_official,OPEN,2026-06-01,BHCL,Bikash Hydropower Company Limited,601.1,601.1,601.1,,601.1,600.0,1.1000000000000227,,50.0,30055.0,2.0,0.0,0.0,0.18333333333333712,15027.5,601.1
2026-06-01T05:15:23+00:00,2026-06-01T11:00:23+05:45,2026-06-01,11:00:23,1780290923,0,5,11,nepse_official,OPEN,2026-06-01,BHL,Balephi Hydropower Limited,220.0,220.0,220.0,,220.0,227.0,-7.0,,73.0,16060.0,3.0,0.0,0.0,-3.0837004405286343,5353.333333333333,220.0
2026-06-01T05:15:23+00:00,2026-06-01T11:00:23+05:45,2026-06-01,11:00:23,1780290923,0,5,11,nepse_official,OPEN,2026-06-01,BUNGAL,Bungal Hydro Limited,799.0,799.0,799.0,,799.0,841.0,-42.0,,133.0,106267.0,6.0,0.0,0.0,-4.9940546967895365,17711.166666666668,799.0
2026-06-01T05:15:23+00:00,2026-06-01T11:00:23+05:45,2026-06-01,11:00:23,1780290923,0,5,11,nepse_official,OPEN,2026-06-01,CBBL,Chhimek Laghubitta Bittiya Sanstha Limited,940.0,940.0,940.0,,940.0,929.0,11.0,,50.0,47000.0,2.0,0.0,0.0,1.1840688912809472,23500.0,940.0
2026-06-01T05:15:23+00:00,2026-06-01T11:00:23+05:45,2026-06-01,11:00:23,1780290923,0,5,11,nepse_official,OPEN,2026-06-01,CHCL,Chilime Hydropower Company Limited,507.6,507.6,507.6,,507.6,483.6,24.0,,500.0,253800.0,3.0,0.0,0.0,4.962779156327543,84600.0,507.6
2026-06-01T05:15:23+00:00,2026-06-01T11:00:23+05:45,2026-06-01,11:00:23,1780290923,0,5,11,nepse_official,OPEN,2026-06-01,CHDC,CEDB Holdings Limited,2360.0,2360.0,2360.0,,2360.0,2314.0,46.0,,36.0,84960.0,2.0,0.0,0.0,1.9878997407087293,42480.0,2360.0
2026-06-01T05:15:23+00:00,2026-06-01T11:00:23+05:45,2026-06-01,11:00:23,1780290923,0,5,11,nepse_official,OPEN,2026-06-01,CIT,Citizen Investment Trust,1860.0,1860.0,1860.0,,1860.0,1779.0,81.0,,62.0,115320.0,2.0,0.0,0.0,4.5531197301854975,57660.0,1860.0
2026-06-01T05:15:23+00:00,2026-06-01T11:00:23+05:45,2026-06-01,11:00:23,1780290923,0,5,11,nepse_official,OPEN,2026-06-01,CITY,City Hotel Limited,390.0,390.0,390.0,,390.0,384.9,5.100000000000023,,200.0,78000.0,2.0,0.0,0.0,1.3250194855806763,39000.0,390.0
2026-06-01T05:15:23+00:00,2026-06-01T11:00:23+05:45,2026-06-01,11:00:23,1780290923,0,5,11,nepse_official,OPEN,2026-06-01,CKHL,Chirkhwa Hydropower Limited ,729.7,729.7,729.7,,729.7,695.0,34.700000000000045,,25.0,18242.5,1.0,0.0,0.0,4.99280575539569,18242.5,729.7
2026-06-01T05:15:23+00:00,2026-06-01T11:00:23+05:45,2026-06-01,11:00:23,1780290923,0,5,11,nepse_official,OPEN,2026-06-01,CREST,Crest Micro Life Insurance Limited,1400.0,1400.0,1400.0,,1400.0,1350.0,50.0,,105.0,147000.0,2.0,0.0,0.0,3.7037037037037033,73500.0,1400.0
2026-06-01T05:15:23+00:00,2026-06-01T11:00:23+05:45,2026-06-01,11:00:23,1780290923,0,5,11,nepse_official,OPEN,2026-06-01,DHPL,Dibyashwori Hydropower Ltd.,312.0,312.0,312.0,,312.0,306.0,6.0,,130.0,40560.0,2.0,0.0,0.0,1.9607843137254901,20280.0,312.0
2026-06-01T05:15:23+00:00,2026-06-01T11:00:23+05:45,2026-06-01,11:00:23,1780290923,0,5,11,nepse_official,OPEN,2026-06-01,DOLTI,Dolti Power Company Limited,362.0,362.0,362.0,,362.0,362.0,0.0,,110.0,39820.0,3.0,0.0,0.0,0.0,13273.333333333334,362.0
2026-06-01T05:15:23+00:00,2026-06-01T11:00:23+05:45,2026-06-01,11:00:23,1780290923,0,5,11,nepse_official,OPEN,2026-06-01,EHPL,Eastern Hydropower Limited,410.1,410.1,410.1,,410.1,402.0,8.100000000000023,,150.0,61515.0,2.0,0.0,0.0,2.014925373134334,30757.5,410.1
2026-06-01T05:15:23+00:00,2026-06-01T11:00:23+05:45,2026-06-01,11:00:23,1780290923,0,5,11,nepse_official,OPEN,2026-06-01,FMDBL,First Micro Finance Laghubitta Bittiya Sanstha Limited,831.6,831.6,831.6,,831.6,792.0,39.60000000000002,,10.0,8316.0,1.0,0.0,0.0,5.000000000000003,8316.0,831.6
2026-06-01T05:15:23+00:00,2026-06-01T11:00:23+05:45,2026-06-01,11:00:23,1780290923,0,5,11,nepse_official,OPEN,2026-06-01,GUFL,Gurkhas Finance Ltd.,543.1,543.1,543.1,,543.1,538.0,5.100000000000023,,20.0,10862.0,1.0,0.0,0.0,0.9479553903345768,10862.0,543.1
2026-06-01T05:15:23+00:00,2026-06-01T11:00:23+05:45,2026-06-01,11:00:23,1780290923,0,5,11,nepse_official,OPEN,2026-06-01,HBL,Himalayan Bank Limited,200.0,200.0,200.0,,200.0,204.9,-4.900000000000006,,50.0,10000.0,1.0,0.0,0.0,-2.391410444119085,10000.0,200.0
2026-06-01T05:15:23+00:00,2026-06-01T11:00:23+05:45,2026-06-01,11:00:23,1780290923,0,5,11,nepse_official,OPEN,2026-06-01,HDHPC,Himal Dolakha Hydropower Company Limited,231.0,231.0,231.0,,231.0,230.8,0.19999999999998863,,10.0,2310.0,1.0,0.0,0.0,0.08665511265164152,2310.0,231.0
2026-06-01T05:15:23+00:00,2026-06-01T11:00:23+05:45,2026-06-01,11:00:23,1780290923,0,5,11,nepse_official,OPEN,2026-06-01,HFIN,Hotel Forest Inn Limited,988.1,988.1,988.1,,988.1,988.1,0.0,,100.0,98810.0,1.0,0.0,0.0,0.0,98810.0,988.1
2026-06-01T05:15:23+00:00,2026-06-01T11:00:23+05:45,2026-06-01,11:00:23,1780290923,0,5,11,nepse_official,OPEN,2026-06-01,HIDCL,Hydorelectricity Investment and Development Company Ltd,270.0,270.0,270.0,,270.0,274.0,-4.0,,1304.0,352080.0,12.0,0.0,0.0,-1.4598540145985401,29340.0,270.0
2026-06-01T05:15:23+00:00,2026-06-01T11:00:23+05:45,2026-06-01,11:00:23,1780290923,0,5,11,nepse_official,OPEN,2026-06-01,HIDCLP,Hydorelectricity Investment and Development Company Limited Promoter,210.0,210.0,210.0,,210.0,208.8,1.1999999999999886,,5500.0,1155000.0,5.0,0.0,0.0,0.5747126436781554,231000.0,210.0
2026-06-01T05:15:23+00:00,2026-06-01T11:00:23+05:45,2026-06-01,11:00:23,1780290923,0,5,11,nepse_official,OPEN,2026-06-01,HLI,Himalayan Life Insurance Limited,343.0,343.0,343.0,,343.0,342.6,0.39999999999997726,,10.0,3430.0,1.0,0.0,0.0,0.11675423234091573,3430.0,343.0
2026-06-01T05:15:23+00:00,2026-06-01T11:00:23+05:45,2026-06-01,11:00:23,1780290923,0,5,11,nepse_official,OPEN,2026-06-01,HRL,Himalayan Reinsurance Limited,645.0,645.0,645.0,,645.0,650.0,-5.0,,416.0,268320.0,10.0,0.0,0.0,-0.7692307692307693,26832.0,645.0
2026-06-01T05:15:23+00:00,2026-06-01T11:00:23+05:45,2026-06-01,11:00:23,1780290923,0,5,11,nepse_official,OPEN,2026-06-01,IHL,Ingwa Hydropower Limited,428.0,428.0,428.0,,428.0,428.0,0.0,,14.0,5992.0,1.0,0.0,0.0,0.0,5992.0,428.0
2026-06-01T05:15:23+00:00,2026-06-01T11:00:23+05:45,2026-06-01,11:00:23,1780290923,0,5,11,nepse_official,OPEN,2026-06-01,ILBS,Infinity Laghubitta Bittiya Sanstha Limited,900.0,900.0,900.0,,900.0,938.0,-38.0,,10.0,9000.0,1.0,0.0,0.0,-4.051172707889126,9000.0,900.0
2026-06-01T05:15:23+00:00,2026-06-01T11:00:23+05:45,2026-06-01,11:00:23,1780290923,0,5,11,nepse_official,OPEN,2026-06-01,JBBL,Jyoti Bikas Bank Limited,360.0,360.0,360.0,,360.0,363.0,-3.0,,1010.0,363600.0,3.0,0.0,0.0,-0.8264462809917356,121200.0,360.0
2026-06-01T05:15:23+00:00,2026-06-01T11:00:23+05:45,2026-06-01,11:00:23,1780290923,0,5,11,nepse_official,OPEN,2026-06-01,JHAPA,Jhapa Energy Limited,1525.0,1525.0,1525.0,,1525.0,1525.0,0.0,,200.0,305000.0,1.0,0.0,0.0,0.0,305000.0,1525.0
2026-06-01T05:15:23+00:00,2026-06-01T11:00:23+05:45,2026-06-01,11:00:23,1780290923,0,5,11,nepse_official,OPEN,2026-06-01,KBL,Kumari Bank Limited,225.0,225.0,225.0,,225.0,221.3,3.6999999999999886,,250.0,56250.0,2.0,0.0,0.0,1.6719385449615856,28125.0,225.0
2026-06-01T05:15:23+00:00,2026-06-01T11:00:23+05:45,2026-06-01,11:00:23,1780290923,0,5,11,nepse_official,OPEN,2026-06-01,KHPL,Kalinchock Hydropower Limited,375.3,375.3,375.3,,375.3,376.8,-1.5,,20.0,7506.0,2.0,0.0,0.0,-0.3980891719745223,3753.0,375.3
2026-06-01T05:15:23+00:00,2026-06-01T11:00:23+05:45,2026-06-01,11:00:23,1780290923,0,5,11,nepse_official,OPEN,2026-06-01,LLBS,Laxmi Laghubitta Bittiya Sanstha Ltd.,1002.0,1002.0,1002.0,,1002.0,955.0,47.0,,10.0,10020.0,1.0,0.0,0.0,4.9214659685863875,10020.0,1002.0
2026-06-01T05:15:23+00:00,2026-06-01T11:00:23+05:45,2026-06-01,11:00:23,1780290923,0,5,11,nepse_official,OPEN,2026-06-01,MABEL,Mabilung Energy Limited,773.0,773.0,773.0,,773.0,736.4,36.60000000000002,,11.0,8503.0,1.0,0.0,0.0,4.970124932102122,8503.0,773.0
2026-06-01T05:15:23+00:00,2026-06-01T11:00:23+05:45,2026-06-01,11:00:23,1780290923,0,5,11,nepse_official,OPEN,2026-06-01,MAKAR,Makar Jitumaya Suri Hydropower Limited,510.0,510.0,510.0,,510.0,510.0,0.0,,20.0,10200.0,1.0,0.0,0.0,0.0,10200.0,510.0
2026-06-01T05:15:23+00:00,2026-06-01T11:00:23+05:45,2026-06-01,11:00:23,1780290923,0,5,11,nepse_official,OPEN,2026-06-01,MBJC,Madhya Bhotekoshi Jalavidyut Company Limited,292.0,292.0,292.0,,292.0,291.9,0.10000000000002274,,180.0,52560.0,2.0,0.0,0.0,0.034258307639610394,26280.0,292.0
2026-06-01T05:15:23+00:00,2026-06-01T11:00:23+05:45,2026-06-01,11:00:23,1780290923,0,5,11,nepse_official,OPEN,2026-06-01,MEHL,Manakamana Engineering Hydropower Limited,380.0,380.0,380.0,,380.0,380.0,0.0,,10.0,3800.0,1.0,0.0,0.0,0.0,3800.0,380.0
2026-06-01T05:15:23+00:00,2026-06-01T11:00:23+05:45,2026-06-01,11:00:23,1780290923,0,5,11,nepse_official,OPEN,2026-06-01,MEL,Modi Energy Limited,248.0,248.0,248.0,,248.0,248.0,0.0,,14.0,3472.0,1.0,0.0,0.0,0.0,3472.0,248.0
2026-06-01T05:15:23+00:00,2026-06-01T11:00:23+05:45,2026-06-01,11:00:23,1780290923,0,5,11,nepse_official,OPEN,2026-06-01,MEN,Mountain Energy Nepal Limited,625.0,625.0,625.0,,625.0,620.0,5.0,,110.0,68750.0,2.0,0.0,0.0,0.8064516129032258,34375.0,625.0
2026-06-01T05:15:23+00:00,2026-06-01T11:00:23+05:45,2026-06-01,11:00:23,1780290923,0,5,11,nepse_official,OPEN,2026-06-01,MLBL,Mahalaxmi Bikas Bank Ltd.,370.0,370.0,370.0,,370.0,369.9,0.10000000000002274,,188.0,69560.0,1.0,0.0,0.0,0.027034333603682816,69560.0,370.0
2026-06-01T05:15:23+00:00,2026-06-01T11:00:23+05:45,2026-06-01,11:00:23,1780290923,0,5,11,nepse_official,OPEN,2026-06-01,NABIL,Nabil Bank Limited,537.0,537.0,537.0,,537.0,537.0,0.0,,322.0,172914.0,7.0,0.0,0.0,0.0,24702.0,537.0
2026-06-01T05:15:23+00:00,2026-06-01T11:00:23+05:45,2026-06-01,11:00:23,1780290923,0,5,11,nepse_official,OPEN,2026-06-01,NBL,Nepal Bank Limited,260.1,260.1,260.1,,260.1,273.7,-13.599999999999966,,10.0,2601.0,1.0,0.0,0.0,-4.96894409937887,2601.0,260.1
2026-06-01T05:15:23+00:00,2026-06-01T11:00:23+05:45,2026-06-01,11:00:23,1780290923,0,5,11,nepse_official,OPEN,2026-06-01,NGPL,Ngadi Group Power Ltd.,455.0,455.0,455.0,,455.0,455.5,-0.5,,700.0,318500.0,5.0,0.0,0.0,-0.10976948408342481,63700.0,455.0
2026-06-01T05:15:23+00:00,2026-06-01T11:00:23+05:45,2026-06-01,11:00:23,1780290923,0,5,11,nepse_official,OPEN,2026-06-01,NHPC,National Hydro Power Company Limited,299.0,299.0,299.0,,299.0,301.0,-2.0,,3280.0,980720.0,8.0,0.0,0.0,-0.6644518272425249,122590.0,299.0
2026-06-01T05:15:23+00:00,2026-06-01T11:00:23+05:45,2026-06-01,11:00:23,1780290923,0,5,11,nepse_official,OPEN,2026-06-01,NICA,NIC Asia Bank Ltd.,348.0,348.0,348.0,,348.0,350.5,-2.5,,500.0,174000.0,2.0,0.0,0.0,-0.7132667617689016,87000.0,348.0
2026-06-01T05:15:23+00:00,2026-06-01T11:00:23+05:45,2026-06-01,11:00:23,1780290923,0,5,11,nepse_official,OPEN,2026-06-01,NICL,Nepal Insurance Co. Ltd.,510.0,510.0,510.0,,510.0,510.0,0.0,,150.0,76500.0,1.0,0.0,0.0,0.0,76500.0,510.0
2026-06-01T05:15:23+00:00,2026-06-01T11:00:23+05:45,2026-06-01,11:00:23,1780290923,0,5,11,nepse_official,OPEN,2026-06-01,NIFRA,Nepal Infrastructure Bank Limited,269.0,269.0,269.0,,269.0,269.0,0.0,,2700.0,726300.0,5.0,0.0,0.0,0.0,145260.0,269.0
2026-06-01T05:15:23+00:00,2026-06-01T11:00:23+05:45,2026-06-01,11:00:23,1780290923,0,5,11,nepse_official,OPEN,2026-06-01,NIL,Neco Insurance Limited,650.0,650.0,650.0,,650.0,632.0,18.0,,100.0,65000.0,3.0,0.0,0.0,2.848101265822785,21666.666666666668,650.0
2026-06-01T05:15:23+00:00,2026-06-01T11:00:23+05:45,2026-06-01,11:00:23,1780290923,0,5,11,nepse_official,OPEN,2026-06-01,NIMB,Nepal Investment Mega Bank Limited,200.0,200.0,200.0,,200.0,200.6,-0.5999999999999943,,50.0,10000.0,2.0,0.0,0.0,-0.29910269192422445,5000.0,200.0
2026-06-01T05:15:23+00:00,2026-06-01T11:00:23+05:45,2026-06-01,11:00:23,1780290923,0,5,11,nepse_official,OPEN,2026-06-01,NLIC,Nepal Life Insurance Co. Ltd.,774.0,774.0,774.0,,774.0,774.2,-0.20000000000004547,,100.0,77400.0,2.0,0.0,0.0,-0.025833118057355393,38700.0,774.0
2026-06-01T05:15:23+00:00,2026-06-01T11:00:23+05:45,2026-06-01,11:00:23,1780290923,0,5,11,nepse_official,OPEN,2026-06-01,NLICL,National Life Insurance Co. Ltd.,564.3,564.3,564.3,,564.3,594.0,-29.700000000000045,,10.0,5643.0,1.0,0.0,0.0,-5.000000000000008,5643.0,564.3
2026-06-01T05:15:23+00:00,2026-06-01T11:00:23+05:45,2026-06-01,11:00:23,1780290923,0,5,11,nepse_official,OPEN,2026-06-01,NRIC,Nepal Reinsurance Company Limited,956.5,956.5,956.5,,956.5,911.0,45.5,,3041.0,2908716.5,38.0,0.0,0.0,4.994511525795828,76545.17105263157,956.5
2026-06-01T05:15:23+00:00,2026-06-01T11:00:23+05:45,2026-06-01,11:00:23,1780290923,0,5,11,nepse_official,OPEN,2026-06-01,NTC,Nepal Doorsanchar Company Limited,855.0,870.0,855.0,,870.0,900.0,-30.0,,1856.0,1590120.0,31.0,15.0,1.7543859649122806,-3.3333333333333335,51294.1935483871,856.7456896551724
2026-06-01T05:15:23+00:00,2026-06-01T11:00:23+05:45,2026-06-01,11:00:23,1780290923,0,5,11,nepse_official,OPEN,2026-06-01,NWCL,Nepal Warehousing Company Limited ,851.0,851.0,851.0,,851.0,811.1,39.89999999999998,,10.0,8510.0,1.0,0.0,0.0,4.919245469116013,8510.0,851.0
2026-06-01T05:15:23+00:00,2026-06-01T11:00:23+05:45,2026-06-01,11:00:23,1780290923,0,5,11,nepse_official,OPEN,2026-06-01,PCBL,Prime Commercial Bank Ltd.,250.0,250.0,250.0,,250.0,247.0,3.0,,200.0,50000.0,1.0,0.0,0.0,1.214574898785425,50000.0,250.0
2026-06-01T05:15:23+00:00,2026-06-01T11:00:23+05:45,2026-06-01,11:00:23,1780290923,0,5,11,nepse_official,OPEN,2026-06-01,PFL,Pokhara Finance Ltd.,380.1,380.1,369.7,,369.7,376.5,-6.800000000000011,,60.0,22598.0,3.0,10.400000000000034,2.7361220731386564,-1.806108897742367,7532.666666666667,376.6333333333333
2026-06-01T05:15:23+00:00,2026-06-01T11:00:23+05:45,2026-06-01,11:00:23,1780290923,0,5,11,nepse_official,OPEN,2026-06-01,PPCL,Panchthar Power Compant Limited,409.5,409.5,409.5,,409.5,390.0,19.5,,10.0,4095.0,1.0,0.0,0.0,5.0,4095.0,409.5
2026-06-01T05:15:23+00:00,2026-06-01T11:00:23+05:45,2026-06-01,11:00:23,1780290923,0,5,11,nepse_official,OPEN,2026-06-01,PPL,People's Power Limited,342.8,342.8,342.8,,342.8,360.8,-18.0,,10.0,3428.0,1.0,0.0,0.0,-4.988913525498892,3428.0,342.8
2026-06-01T05:15:23+00:00,2026-06-01T11:00:23+05:45,2026-06-01,11:00:23,1780290923,0,5,11,nepse_official,OPEN,2026-06-01,PRIN,Prabhu Insurance Ltd.,700.0,700.0,700.0,,700.0,667.8,32.200000000000045,,100.0,70000.0,1.0,0.0,0.0,4.821802935010489,70000.0,700.0
2026-06-01T05:15:23+00:00,2026-06-01T11:00:23+05:45,2026-06-01,11:00:23,1780290923,0,5,11,nepse_official,OPEN,2026-06-01,PRVU,Prabhu  Bank Limited,200.0,200.0,200.0,,200.0,200.4,-0.4000000000000057,,1370.0,274000.0,3.0,0.0,0.0,-0.19960079840319644,91333.33333333333,200.0
2026-06-01T05:15:23+00:00,2026-06-01T11:00:23+05:45,2026-06-01,11:00:23,1780290923,0,5,11,nepse_official,OPEN,2026-06-01,RAWA,Rawa Energy Development Limited,613.2,613.2,613.2,,613.2,584.0,29.200000000000045,,10.0,6132.0,1.0,0.0,0.0,5.000000000000008,6132.0,613.2
2026-06-01T05:15:23+00:00,2026-06-01T11:00:23+05:45,2026-06-01,11:00:23,1780290923,0,5,11,nepse_official,OPEN,2026-06-01,RBCL,Rastriya Beema Company Limited,15555.0,15555.0,15555.0,,15555.0,15635.0,-80.0,,20.0,311100.0,2.0,0.0,0.0,-0.5116725295810681,155550.0,15555.0
2026-06-01T05:15:23+00:00,2026-06-01T11:00:23+05:45,2026-06-01,11:00:23,1780290923,0,5,11,nepse_official,OPEN,2026-06-01,RFPL,River Falls Power Limited,400.0,400.0,400.0,,400.0,381.0,19.0,,10.0,4000.0,1.0,0.0,0.0,4.986876640419948,4000.0,400.0
2026-06-01T05:15:23+00:00,2026-06-01T11:00:23+05:45,2026-06-01,11:00:23,1780290923,0,5,11,nepse_official,OPEN,2026-06-01,RHPL,RASUWAGADHI HYDROPOWER COMPANY LIMITED,295.0,295.0,295.0,,295.0,283.0,12.0,,10.0,2950.0,1.0,0.0,0.0,4.240282685512367,2950.0,295.0
2026-06-01T05:15:23+00:00,2026-06-01T11:00:23+05:45,2026-06-01,11:00:23,1780290923,0,5,11,nepse_official,OPEN,2026-06-01,RIDI,Ridi Power Company Limited,376.0,376.0,376.0,,376.0,376.0,0.0,,500.0,188000.0,2.0,0.0,0.0,0.0,94000.0,376.0
2026-06-01T05:15:23+00:00,2026-06-01T11:00:23+05:45,2026-06-01,11:00:23,1780290923,0,5,11,nepse_official,OPEN,2026-06-01,RLEL,Ridge Line Energy Limited,1075.0,1075.0,1075.0,,1075.0,1075.0,0.0,,190.0,204250.0,2.0,0.0,0.0,0.0,102125.0,1075.0
2026-06-01T05:15:23+00:00,2026-06-01T11:00:23+05:45,2026-06-01,11:00:23,1780290923,0,5,11,nepse_official,OPEN,2026-06-01,RSML,Reliance Spinning Mills Limited,3745.0,3745.0,3745.0,,3745.0,3745.0,0.0,,40.0,149800.0,4.0,0.0,0.0,0.0,37450.0,3745.0
2026-06-01T05:15:23+00:00,2026-06-01T11:00:23+05:45,2026-06-01,11:00:23,1780290923,0,5,11,nepse_official,OPEN,2026-06-01,SABBL,Salapa Bikas Bank Limited,1250.0,1250.0,1250.0,,1250.0,1220.0,30.0,,40.0,50000.0,2.0,0.0,0.0,2.459016393442623,25000.0,1250.0
2026-06-01T05:15:23+00:00,2026-06-01T11:00:23+05:45,2026-06-01,11:00:23,1780290923,0,5,11,nepse_official,OPEN,2026-06-01,SAGF,Sanima Growth Fund,10.0,10.0,10.0,,10.0,10.2,-0.1999999999999993,,100.0,1000.0,1.0,0.0,0.0,-1.9607843137254832,1000.0,10.0
2026-06-01T05:15:23+00:00,2026-06-01T11:00:23+05:45,2026-06-01,11:00:23,1780290923,0,5,11,nepse_official,OPEN,2026-06-01,SAHAS,Sahas Urja Limited,687.0,687.0,687.0,,687.0,687.0,0.0,,2733.0,1877571.0,11.0,0.0,0.0,0.0,170688.27272727274,687.0
2026-06-01T05:15:23+00:00,2026-06-01T11:00:23+05:45,2026-06-01,11:00:23,1780290923,0,5,11,nepse_official,OPEN,2026-06-01,SAIL,Shreenagar Agritech Industries Limited,1183.0,1183.0,1183.0,,1183.0,1139.0,44.0,,100.0,118300.0,3.0,0.0,0.0,3.8630377524143986,39433.333333333336,1183.0
2026-06-01T05:15:23+00:00,2026-06-01T11:00:23+05:45,2026-06-01,11:00:23,1780290923,0,5,11,nepse_official,OPEN,2026-06-01,SHEL,Singati Hydro Energy Limited,323.0,323.0,323.0,,323.0,322.8,0.19999999999998863,,310.0,100130.0,2.0,0.0,0.0,0.06195786864931494,50065.0,323.0
2026-06-01T05:15:23+00:00,2026-06-01T11:00:23+05:45,2026-06-01,11:00:23,1780290923,0,5,11,nepse_official,OPEN,2026-06-01,SICL,Shikhar Insurance Co. Ltd.,635.0,635.0,635.0,,635.0,619.9,15.100000000000023,,20.0,12700.0,2.0,0.0,0.0,2.435876754315216,6350.0,635.0
2026-06-01T05:15:23+00:00,2026-06-01T11:00:23+05:45,2026-06-01,11:00:23,1780290923,0,5,11,nepse_official,OPEN,2026-06-01,SIFC,Shree Investment Finance Co. Ltd.,543.0,543.0,543.0,,543.0,543.0,0.0,,200.0,108600.0,1.0,0.0,0.0,0.0,108600.0,543.0
2026-06-01T05:15:23+00:00,2026-06-01T11:00:23+05:45,2026-06-01,11:00:23,1780290923,0,5,11,nepse_official,OPEN,2026-06-01,SIPD,Shikhar power Development Limited,825.0,825.0,825.0,,825.0,830.0,-5.0,,10.0,8250.0,1.0,0.0,0.0,-0.6024096385542169,8250.0,825.0
2026-06-01T05:15:23+00:00,2026-06-01T11:00:23+05:45,2026-06-01,11:00:23,1780290923,0,5,11,nepse_official,OPEN,2026-06-01,SKHL,Super Khudi Hydropower Limited,975.1,975.1,975.1,,975.1,975.1,0.0,,200.0,195020.0,2.0,0.0,0.0,0.0,97510.0,975.1
2026-06-01T05:15:23+00:00,2026-06-01T11:00:23+05:45,2026-06-01,11:00:23,1780290923,0,5,11,nepse_official,OPEN,2026-06-01,SMATA,Samata Gharelu Laghubitta Bittiya Sanstha Limited,780.1,780.1,780.1,,780.1,773.0,7.100000000000023,,90.0,70209.0,1.0,0.0,0.0,0.9184993531694725,70209.0,780.1
2026-06-01T05:15:23+00:00,2026-06-01T11:00:23+05:45,2026-06-01,11:00:23,1780290923,0,5,11,nepse_official,OPEN,2026-06-01,SMJC,Sagarmatha Jalabidhyut Company Limited,497.7,497.7,497.7,,497.7,474.0,23.69999999999999,,30.0,14931.0,2.0,0.0,0.0,4.999999999999997,7465.5,497.7
2026-06-01T05:15:23+00:00,2026-06-01T11:00:23+05:45,2026-06-01,11:00:23,1780290923,0,5,11,nepse_official,OPEN,2026-06-01,SOHL,Solu Hydropower Limited,670.0,670.0,670.0,,670.0,676.0,-6.0,,500.0,335000.0,5.0,0.0,0.0,-0.8875739644970414,67000.0,670.0
2026-06-01T05:15:23+00:00,2026-06-01T11:00:23+05:45,2026-06-01,11:00:23,1780290923,0,5,11,nepse_official,OPEN,2026-06-01,SPDL,Synergy Power Development Ltd.,426.3,426.3,426.3,,426.3,406.0,20.30000000000001,,10.0,4263.0,1.0,0.0,0.0,5.000000000000003,4263.0,426.3
2026-06-01T05:15:23+00:00,2026-06-01T11:00:23+05:45,2026-06-01,11:00:23,1780290923,0,5,11,nepse_official,OPEN,2026-06-01,SPHL,Sayapatri Hydropower Limited,543.0,543.0,543.0,,543.0,547.0,-4.0,,10.0,5430.0,1.0,0.0,0.0,-0.7312614259597806,5430.0,543.0
2026-06-01T05:15:23+00:00,2026-06-01T11:00:23+05:45,2026-06-01,11:00:23,1780290923,0,5,11,nepse_official,OPEN,2026-06-01,SSHL,Shiva Shree Hydropower Ltd,220.0,220.0,220.0,,220.0,222.3,-2.3000000000000114,,500.0,110000.0,3.0,0.0,0.0,-1.034637876743145,36666.666666666664,220.0
2026-06-01T05:15:23+00:00,2026-06-01T11:00:23+05:45,2026-06-01,11:00:23,1780290923,0,5,11,nepse_official,OPEN,2026-06-01,SWBBL,Swabalamban Laghubitta Bittiya Sanstha Limited,785.4,785.4,785.4,,785.4,748.0,37.39999999999998,,10.0,7854.0,1.0,0.0,0.0,4.9999999999999964,7854.0,785.4
2026-06-01T05:15:23+00:00,2026-06-01T11:00:23+05:45,2026-06-01,11:00:23,1780290923,0,5,11,nepse_official,OPEN,2026-06-01,SYPNL,SY Panel Nepal Limited,1480.0,1480.0,1480.0,,1480.0,1490.0,-10.0,,120.0,177600.0,2.0,0.0,0.0,-0.6711409395973155,88800.0,1480.0
2026-06-01T05:15:23+00:00,2026-06-01T11:00:23+05:45,2026-06-01,11:00:23,1780290923,0,5,11,nepse_official,OPEN,2026-06-01,TAMOR,Sanima Middle Tamor Hydropower Limited,508.2,508.2,508.2,,508.2,484.0,24.19999999999999,,100.0,50820.0,1.0,0.0,0.0,4.999999999999997,50820.0,508.2
2026-06-01T05:15:23+00:00,2026-06-01T11:00:23+05:45,2026-06-01,11:00:23,1780290923,0,5,11,nepse_official,OPEN,2026-06-01,TSHL,Three Star Hydropower Limited,632.1,632.1,632.1,,632.1,602.5,29.600000000000023,,10.0,6321.0,1.0,0.0,0.0,4.912863070539423,6321.0,632.1
2026-06-01T05:15:23+00:00,2026-06-01T11:00:23+05:45,2026-06-01,11:00:23,1780290923,0,5,11,nepse_official,OPEN,2026-06-01,ULHC,Upper Lohore Khola Hydropower Company Limited,476.0,476.0,476.0,,476.0,475.1,0.8999999999999773,,10.0,4760.0,1.0,0.0,0.0,0.18943380340980367,4760.0,476.0
2026-06-01T05:15:23+00:00,2026-06-01T11:00:23+05:45,2026-06-01,11:00:23,1780290923,0,5,11,nepse_official,OPEN,2026-06-01,UMRH,United IDI Mardi RB Hydropower Limited.,555.0,555.0,555.0,,555.0,555.0,0.0,,300.0,166500.0,1.0,0.0,0.0,0.0,166500.0,555.0
2026-06-01T05:15:23+00:00,2026-06-01T11:00:23+05:45,2026-06-01,11:00:23,1780290923,0,5,11,nepse_official,OPEN,2026-06-01,UNHPL,Union Hydropower Limited,439.0,439.0,439.0,,439.0,440.1,-1.1000000000000227,,45.0,19755.0,2.0,0.0,0.0,-0.24994319472847595,9877.5,439.0
2026-06-01T05:15:23+00:00,2026-06-01T11:00:23+05:45,2026-06-01,11:00:23,1780290923,0,5,11,nepse_official,OPEN,2026-06-01,UPCL,UNIVERSAL POWER COMPANY LTD,360.0,360.0,360.0,,360.0,375.8,-15.800000000000011,,10.0,3600.0,1.0,0.0,0.0,-4.204364023416714,3600.0,360.0
2026-06-01T05:15:23+00:00,2026-06-01T11:00:23+05:45,2026-06-01,11:00:23,1780290923,0,5,11,nepse_official,OPEN,2026-06-01,UPPER,Upper Tamakoshi Hydropower Ltd,210.0,210.0,210.0,,210.0,207.7,2.3000000000000114,,830.0,174300.0,5.0,0.0,0.0,1.1073663938372709,34860.0,210.0
2026-06-01T05:45:27+00:00,2026-06-01T11:30:27+05:45,2026-06-01,11:30:27,1780292727,0,5,11,nepse_official,OPEN,2026-06-01,ACLBSL,Aarambha Chautari Laghubitta Bittiya Sanstha Limited,975.0,975.0,975.0,,975.0,966.6,8.399999999999977,,101.0,98450.0,2.0,0.0,0.0,0.8690254500310344,49225.0,974.7524752475248
2026-06-01T05:45:27+00:00,2026-06-01T11:30:27+05:45,2026-06-01,11:30:27,1780292727,0,5,11,nepse_official,OPEN,2026-06-01,ADBL,Agricultural Development Bank Limited,320.0,320.0,315.0,,318.0,320.0,-2.0,,1662.0,528091.5,18.0,5.0,1.5625,-0.625,29338.416666666668,317.7445848375451
2026-06-01T05:45:27+00:00,2026-06-01T11:30:27+05:45,2026-06-01,11:30:27,1780292727,0,5,11,nepse_official,OPEN,2026-06-01,AHL,Asian Hydropower Limited,508.0,508.0,503.0,,507.9,507.7,0.19999999999998863,,1309.0,662931.0,10.0,5.0,0.984251968503937,0.039393342525111015,66293.1,506.44079449961805
2026-06-01T05:45:27+00:00,2026-06-01T11:30:27+05:45,2026-06-01,11:30:27,1780292727,0,5,11,nepse_official,OPEN,2026-06-01,AHPC,Arun Valley Hydropower Development Co. Ltd.,290.0,290.0,280.0,,287.6,287.5,0.10000000000002274,,19302.0,5516375.6,74.0,10.0,3.4482758620689653,0.03478260869566008,74545.6162162162,285.7929540980209
2026-06-01T05:45:27+00:00,2026-06-01T11:30:27+05:45,2026-06-01,11:30:27,1780292727,0,5,11,nepse_official,OPEN,2026-06-01,AKJCL,Ankhu Khola Jalvidhyut Company Ltd,440.0,443.9,427.0,,439.0,440.0,-1.0,,159434.0,69226127.6,284.0,16.899999999999977,3.840909090909086,-0.22727272727272727,243753.9704225352,434.19927744395795
2026-06-01T05:45:27+00:00,2026-06-01T11:30:27+05:45,2026-06-01,11:30:27,1780292727,0,5,11,nepse_official,OPEN,2026-06-01,AKPL,Arun Kabeli Power Ltd.,279.0,280.0,270.0,,277.0,276.5,0.5,,23573.0,6449586.5,60.0,10.0,3.584229390681003,0.18083182640144665,107493.10833333334,273.6005811733763
2026-06-01T05:45:27+00:00,2026-06-01T11:30:27+05:45,2026-06-01,11:30:27,1780292727,0,5,11,nepse_official,OPEN,2026-06-01,ALBSL,Asha Laghubitta Bittiya Sanstha Ltd,1100.0,1160.0,1087.0,,1101.0,1128.9,-27.90000000000009,,3136.0,3454914.0,18.0,73.0,6.636363636363636,-2.4714323677916634,191939.66666666666,1101.6945153061224
2026-06-01T05:45:27+00:00,2026-06-01T11:30:27+05:45,2026-06-01,11:30:27,1780292727,0,5,11,nepse_official,OPEN,2026-06-01,ALICL,Asian Life Insurance Co. Limited,462.4,462.5,456.0,,456.0,454.0,2.0,,1719.0,789792.3,13.0,6.5,1.4057093425605536,0.4405286343612335,60753.25384615385,459.4486910994765
2026-06-01T05:45:27+00:00,2026-06-01T11:30:27+05:45,2026-06-01,11:30:27,1780292727,0,5,11,nepse_official,OPEN,2026-06-01,API,Api Power Company Ltd.,370.0,370.0,355.0,,364.0,364.0,0.0,,118487.0,42998526.9,282.0,15.0,4.054054054054054,0.0,152477.04574468086,362.8965785276022
2026-06-01T05:45:27+00:00,2026-06-01T11:30:27+05:45,2026-06-01,11:30:27,1780292727,0,5,11,nepse_official,OPEN,2026-06-01,AVYAN,Aviyan Laghubitta Bittiya Sanstha Limited,1167.8,1167.8,1138.9,,1144.0,1135.0,9.0,,455.0,519718.0,13.0,28.899999999999864,2.47473882514128,0.7929515418502203,39978.307692307695,1142.2373626373626
2026-06-01T05:45:27+00:00,2026-06-01T11:30:27+05:45,2026-06-01,11:30:27,1780292727,0,5,11,nepse_official,OPEN,2026-06-01,BANDIPUR,Bandipur Cablecar and Tourism Limited,850.0,864.0,830.0,,857.0,854.7,2.2999999999999545,,7557.0,6385610.6,114.0,34.0,4.0,0.26910026910026374,56014.12807017544,844.9928013762075
2026-06-01T05:45:27+00:00,2026-06-01T11:30:27+05:45,2026-06-01,11:30:27,1780292727,0,5,11,nepse_official,OPEN,2026-06-01,BARUN,Barun Hydropower Co. Ltd.,353.0,353.0,345.0,,350.0,352.0,-2.0,,5862.0,2052290.5,22.0,8.0,2.26628895184136,-0.5681818181818182,93285.93181818182,350.10073353804165
2026-06-01T05:45:27+00:00,2026-06-01T11:30:27+05:45,2026-06-01,11:30:27,1780292727,0,5,11,nepse_official,OPEN,2026-06-01,BBC,Bishal Bazar Company Limited,4600.0,4738.0,4466.0,,4650.0,4836.0,-186.0,,813.0,3734728.0,51.0,272.0,5.913043478260869,-3.8461538461538463,73229.96078431372,4593.761377613776
2026-06-01T05:45:27+00:00,2026-06-01T11:30:27+05:45,2026-06-01,11:30:27,1780292727,0,5,11,nepse_official,OPEN,2026-06-01,BEDC,Bhugol Energy Development Company Limited,380.0,380.0,371.1,,379.0,378.6,0.39999999999997726,,3814.0,1436188.9,30.0,8.899999999999977,2.342105263157889,0.10565240359217572,47872.96333333333,376.55713162034607
2026-06-01T05:45:27+00:00,2026-06-01T11:30:27+05:45,2026-06-01,11:30:27,1780292727,0,5,11,nepse_official,OPEN,2026-06-01,BFC,Best Finance Company Ltd.,458.0,458.0,458.0,,458.0,459.4,-1.3999999999999773,,460.0,210680.0,5.0,0.0,0.0,-0.30474531998258103,42136.0,458.0
2026-06-01T05:45:27+00:00,2026-06-01T11:30:27+05:45,2026-06-01,11:30:27,1780292727,0,5,11,nepse_official,OPEN,2026-06-01,BHCL,Bikash Hydropower Company Limited,601.1,614.0,590.0,,613.9,600.0,13.899999999999977,,26765.0,16167819.3,223.0,24.0,3.9926800865080687,2.316666666666663,72501.43183856503,604.0657313655894
2026-06-01T05:45:27+00:00,2026-06-01T11:30:27+05:45,2026-06-01,11:30:27,1780292727,0,5,11,nepse_official,OPEN,2026-06-01,BHDC,Bindhyabasini Hydropower Development Company Limited,461.0,474.8,461.0,,465.3,475.0,-9.699999999999989,,290.0,134412.5,6.0,13.800000000000011,2.9934924078091134,-2.042105263157892,22402.083333333332,463.4913793103448
2026-06-01T05:45:27+00:00,2026-06-01T11:30:27+05:45,2026-06-01,11:30:27,1780292727,0,5,11,nepse_official,OPEN,2026-06-01,BHL,Balephi Hydropower Limited,220.0,227.9,220.0,,227.9,227.0,0.9000000000000057,,32272.0,7251214.0,96.0,7.900000000000006,3.590909090909093,0.39647577092511266,75533.47916666667,224.6905676747645
2026-06-01T05:45:27+00:00,2026-06-01T11:30:27+05:45,2026-06-01,11:30:27,1780292727,0,5,11,nepse_official,OPEN,2026-06-01,BHPL,Barahi Hydropower Public Limited,538.0,539.0,528.0,,528.0,538.7,-10.700000000000045,,395.0,208820.0,9.0,11.0,2.0446096654275094,-1.9862632262855104,23202.222222222223,528.6582278481013
2026-06-01T05:45:27+00:00,2026-06-01T11:30:27+05:45,2026-06-01,11:30:27,1780292727,0,5,11,nepse_official,OPEN,2026-06-01,BJHL,Bhujung Hydropower Limited,936.0,946.9,910.0,,943.0,936.0,7.0,,3129.0,2918661.1,53.0,36.89999999999998,3.9423076923076903,0.7478632478632479,55069.07735849057,932.7775966762545
2026-06-01T05:45:27+00:00,2026-06-01T11:30:27+05:45,2026-06-01,11:30:27,1780292727,0,5,11,nepse_official,OPEN,2026-06-01,BNHC,Buddha Bhumi Nepal Hydropower Company Limited,335.0,335.0,335.0,,335.0,338.2,-3.1999999999999886,,10.0,3350.0,1.0,0.0,0.0,-0.9461856889414514,3350.0,335.0
2026-06-01T05:45:27+00:00,2026-06-01T11:30:27+05:45,2026-06-01,11:30:27,1780292727,0,5,11,nepse_official,OPEN,2026-06-01,BNT,Bottlers Nepal (Terai) Limited,11895.0,12200.0,11895.0,,12200.0,11889.0,311.0,,20.0,240950.0,2.0,305.0,2.564102564102564,2.615863403145765,120475.0,12047.5
2026-06-01T05:45:27+00:00,2026-06-01T11:30:27+05:45,2026-06-01,11:30:27,1780292727,0,5,11,nepse_official,OPEN,2026-06-01,BPCL,Butwal Power Company Limited,700.0,700.0,692.0,,692.1,696.9,-4.7999999999999545,,253.0,175766.7,5.0,8.0,1.1428571428571428,-0.6887645286267692,35153.340000000004,694.7300395256917
2026-06-01T05:45:27+00:00,2026-06-01T11:30:27+05:45,2026-06-01,11:30:27,1780292727,0,5,11,nepse_official,OPEN,2026-06-01,BUNGAL,Bungal Hydro Limited,799.0,799.0,730.0,,745.0,841.0,-96.0,,27384.0,20391159.5,217.0,69.0,8.635794743429287,-11.414982164090368,93968.47695852535,744.6377264095822
2026-06-01T05:45:27+00:00,2026-06-01T11:30:27+05:45,2026-06-01,11:30:27,1780292727,0,5,11,nepse_official,OPEN,2026-06-01,CBBL,Chhimek Laghubitta Bittiya Sanstha Limited,940.0,940.0,921.0,,931.0,929.0,2.0,,867.0,804886.6,30.0,19.0,2.021276595744681,0.2152852529601722,26829.553333333333,928.358246828143
2026-06-01T05:45:27+00:00,2026-06-01T11:30:27+05:45,2026-06-01,11:30:27,1780292727,0,5,11,nepse_official,OPEN,2026-06-01,CBLD88,Civil Bank Debenture 2088,1194.8,1194.8,1194.8,,1194.8,1160.0,34.799999999999955,,25.0,29870.0,1.0,0.0,0.0,2.999999999999996,29870.0,1194.8
2026-06-01T05:45:27+00:00,2026-06-01T11:30:27+05:45,2026-06-01,11:30:27,1780292727,0,5,11,nepse_official,OPEN,2026-06-01,CFCL,Central Finance Co. Ltd.,513.0,513.0,504.0,,504.1,504.9,-0.7999999999999545,,1271.0,646651.1,9.0,9.0,1.7543859649122806,-0.15844721727073768,71850.12222222221,508.77348544453184
2026-06-01T05:45:27+00:00,2026-06-01T11:30:27+05:45,2026-06-01,11:30:27,1780292727,0,5,11,nepse_official,OPEN,2026-06-01,CGH,Chandragiri Hills Limited,803.0,805.0,795.2,,805.0,804.9,0.10000000000002274,,241.0,193371.4,9.0,9.799999999999955,1.2204234122042283,0.012423903590510961,21485.71111111111,802.3709543568465
2026-06-01T05:45:27+00:00,2026-06-01T11:30:27+05:45,2026-06-01,11:30:27,1780292727,0,5,11,nepse_official,OPEN,2026-06-01,CHCL,Chilime Hydropower Company Limited,507.6,507.6,484.1,,491.6,483.6,8.0,,13110.0,6395543.5,33.0,23.5,4.62962962962963,1.6542597187758479,193804.34848484848,487.83703279938976
2026-06-01T05:45:27+00:00,2026-06-01T11:30:27+05:45,2026-06-01,11:30:27,1780292727,0,5,11,nepse_official,OPEN,2026-06-01,CHDC,CEDB Holdings Limited,2360.0,2360.0,2284.0,,2284.0,2314.0,-30.0,,879.0,2023310.5,13.0,76.0,3.2203389830508473,-1.296456352636128,155639.26923076922,2301.8321956769055
2026-06-01T05:45:27+00:00,2026-06-01T11:30:27+05:45,2026-06-01,11:30:27,1780292727,0,5,11,nepse_official,OPEN,2026-06-01,CHL,Chhyangdi Hydropower Ltd.,290.1,299.0,290.1,,298.0,298.0,0.0,,814.0,242093.5,8.0,8.899999999999977,3.067907618062729,0.0,30261.6875,297.4121621621622
2026-06-01T05:45:27+00:00,2026-06-01T11:30:27+05:45,2026-06-01,11:30:27,1780292727,0,5,11,nepse_official,OPEN,2026-06-01,CIT,Citizen Investment Trust,1860.0,1860.0,1777.0,,1777.0,1779.0,-2.0,,605.0,1082019.6,21.0,83.0,4.46236559139785,-0.11242270938729623,51524.74285714286,1788.4621487603308
2026-06-01T05:45:27+00:00,2026-06-01T11:30:27+05:45,2026-06-01,11:30:27,1780292727,0,5,11,nepse_official,OPEN,2026-06-01,CITY,City Hotel Limited,390.0,390.0,378.1,,380.0,384.9,-4.899999999999977,,9611.0,3658850.4,75.0,11.899999999999977,3.0512820512820458,-1.2730579371265205,48784.672,380.6940380813651
2026-06-01T05:45:27+00:00,2026-06-01T11:30:27+05:45,2026-06-01,11:30:27,1780292727,0,5,11,nepse_official,OPEN,2026-06-01,CKHL,Chirkhwa Hydropower Limited ,729.7,729.7,687.0,,692.0,695.0,-3.0,,171.0,119371.5,5.0,42.700000000000045,5.851719884884205,-0.4316546762589928,23874.3,698.078947368421
2026-06-01T05:45:27+00:00,2026-06-01T11:30:27+05:45,2026-06-01,11:30:27,1780292727,0,5,11,nepse_official,OPEN,2026-06-01,CLI,Citizen Life Insurance Company Limited,450.0,457.0,450.0,,455.0,458.0,-3.0,,502.0,228487.8,20.0,7.0,1.5555555555555556,-0.6550218340611353,11424.39,455.15498007968125
2026-06-01T05:45:27+00:00,2026-06-01T11:30:27+05:45,2026-06-01,11:30:27,1780292727,0,5,11,nepse_official,OPEN,2026-06-01,CORBL,Corporate Development Bank Limited,1991.0,1991.0,1970.5,,1973.1,1991.0,-17.90000000000009,,425.0,837706.5,3.0,20.5,1.029633350075339,-0.8990457056755444,279235.5,1971.0741176470588
2026-06-01T05:45:27+00:00,2026-06-01T11:30:27+05:45,2026-06-01,11:30:27,1780292727,0,5,11,nepse_official,OPEN,2026-06-01,CREST,Crest Micro Life Insurance Limited,1400.0,1400.0,1229.0,,1300.0,1350.0,-50.0,,2686.0,3433285.0,66.0,171.0,12.214285714285714,-3.7037037037037033,52019.469696969696,1278.2148175725986
2026-06-01T05:45:27+00:00,2026-06-01T11:30:27+05:45,2026-06-01,11:30:27,1780292727,0,5,11,nepse_official,OPEN,2026-06-01,CSY,Citizens Santulit Yojana,9.14,9.35,9.14,,9.35,9.35,0.0,,910.0,8433.4,6.0,0.20999999999999908,2.297592997811806,0.0,1405.5666666666666,9.267472527472528
2026-06-01T05:45:27+00:00,2026-06-01T11:30:27+05:45,2026-06-01,11:30:27,1780292727,0,5,11,nepse_official,OPEN,2026-06-01,CYCL,CYC Nepal Laghubitta Bittiya Sanstha Limited,1495.0,1495.0,1495.0,,1495.0,1470.0,25.0,,13.0,19435.0,1.0,0.0,0.0,1.7006802721088436,19435.0,1495.0
2026-06-01T05:45:27+00:00,2026-06-01T11:30:27+05:45,2026-06-01,11:30:27,1780292727,0,5,11,nepse_official,OPEN,2026-06-01,CZBIL,Citizens Bank International Limited,206.0,207.0,204.0,,206.7,206.0,0.6999999999999886,,2486.0,510920.9,19.0,3.0,1.4563106796116505,0.3398058252427129,26890.57368421053,205.51926790024137
2026-06-01T05:45:27+00:00,2026-06-01T11:30:27+05:45,2026-06-01,11:30:27,1780292727,0,5,11,nepse_official,OPEN,2026-06-01,DDBL,Deprosc Laghubitta Bittiya Sanstha Limited,847.0,865.0,847.0,,850.0,852.0,-2.0,,95.0,81410.0,4.0,18.0,2.125147579693034,-0.2347417840375587,20352.5,856.9473684210526
2026-06-01T05:45:27+00:00,2026-06-01T11:30:27+05:45,2026-06-01,11:30:27,1780292727,0,5,11,nepse_official,OPEN,2026-06-01,DHEL,Daramkhola Hydro Energy Limited,630.0,654.0,630.0,,654.0,640.0,14.0,,4359.0,2802405.0,64.0,24.0,3.8095238095238098,2.1875,43787.578125,642.9008947006195
2026-06-01T05:45:27+00:00,2026-06-01T11:30:27+05:45,2026-06-01,11:30:27,1780292727,0,5,11,nepse_official,OPEN,2026-06-01,DHPL,Dibyashwori Hydropower Ltd.,312.0,312.0,298.1,,306.0,306.0,0.0,,3450.0,1058391.0,9.0,13.899999999999977,4.455128205128197,0.0,117599.0,306.78
2026-06-01T05:45:27+00:00,2026-06-01T11:30:27+05:45,2026-06-01,11:30:27,1780292727,0,5,11,nepse_official,OPEN,2026-06-01,DLBS,Dhaulagiri Laghubitta Bittiya Sanstha Limited,1276.0,1276.0,1276.0,,1276.0,1315.0,-39.0,,10.0,12760.0,1.0,0.0,0.0,-2.9657794676806084,12760.0,1276.0
2026-06-01T05:45:27+00:00,2026-06-01T11:30:27+05:45,2026-06-01,11:30:27,1780292727,0,5,11,nepse_official,OPEN,2026-06-01,DOLTI,Dolti Power Company Limited,362.0,362.0,351.3,,360.0,362.0,-2.0,,2351.0,842577.2,29.0,10.699999999999989,2.9558011049723727,-0.5524861878453038,29054.38620689655,358.3909825606125
2026-06-01T05:45:27+00:00,2026-06-01T11:30:27+05:45,2026-06-01,11:30:27,1780292727,0,5,11,nepse_official,OPEN,2026-06-01,DORDI,Dordi Khola Jal Bidyut Company Limited,284.0,284.9,277.0,,283.0,284.0,-1.0,,9890.0,2777733.4,24.0,7.899999999999977,2.7816901408450625,-0.35211267605633806,115738.89166666666,280.86283114256827
2026-06-01T05:45:27+00:00,2026-06-01T11:30:27+05:45,2026-06-01,11:30:27,1780292727,0,5,11,nepse_official,OPEN,2026-06-01,EBL,Everest Bank Limited,715.0,715.0,712.0,,713.5,712.0,1.5,,863.0,615219.0,19.0,3.0,0.4195804195804196,0.21067415730337077,32379.947368421053,712.8841251448436
2026-06-01T05:45:27+00:00,2026-06-01T11:30:27+05:45,2026-06-01,11:30:27,1780292727,0,5,11,nepse_official,OPEN,2026-06-01,EBLD91,Everest Bank Limited Debenture 2091,1065.1,1070.1,1065.1,,1070.1,1090.0,-19.90000000000009,,50.0,53380.0,2.0,5.0,0.46943948924983575,-1.8256880733945036,26690.0,1067.6
2026-06-01T05:45:27+00:00,2026-06-01T11:30:27+05:45,2026-06-01,11:30:27,1780292727,0,5,11,nepse_official,OPEN,2026-06-01,EDBL,Excel Development Bank Ltd.,572.2,589.0,572.2,,589.0,582.8,6.2000000000000455,,327.0,187353.9,3.0,16.799999999999955,2.9360363509262415,1.0638297872340505,62451.299999999996,572.9477064220183
2026-06-01T05:45:27+00:00,2026-06-01T11:30:27+05:45,2026-06-01,11:30:27,1780292727,0,5,11,nepse_official,OPEN,2026-06-01,EHPL,Eastern Hydropower Limited,410.1,410.1,389.1,,403.5,402.0,1.5,,1315.0,523604.5,9.0,21.0,5.120702267739576,0.3731343283582089,58178.27777777778,398.1783269961977
2026-06-01T05:45:27+00:00,2026-06-01T11:30:27+05:45,2026-06-01,11:30:27,1780292727,0,5,11,nepse_official,OPEN,2026-06-01,ENL,Emerging Nepal Limited,910.0,910.0,860.0,,885.0,894.0,-9.0,,105.0,92733.0,7.0,50.0,5.4945054945054945,-1.006711409395973,13247.57142857143,883.1714285714286
2026-06-01T05:45:27+00:00,2026-06-01T11:30:27+05:45,2026-06-01,11:30:27,1780292727,0,5,11,nepse_official,OPEN,2026-06-01,FMDBL,First Micro Finance Laghubitta Bittiya Sanstha Limited,831.6,831.6,794.0,,794.0,792.0,2.0,,71.0,56937.0,7.0,37.60000000000002,4.521404521404524,0.25252525252525254,8133.857142857143,801.9295774647887
2026-06-01T05:45:27+00:00,2026-06-01T11:30:27+05:45,2026-06-01,11:30:27,1780292727,0,5,11,nepse_official,OPEN,2026-06-01,FOWAD,Forward Microfinance Laghubitta Bittiya Sanstha Limited,1063.0,1063.0,1050.0,,1062.0,1062.0,0.0,,230.0,242569.0,8.0,13.0,1.2229539040451554,0.0,30321.125,1054.6478260869565
2026-06-01T05:45:27+00:00,2026-06-01T11:30:27+05:45,2026-06-01,11:30:27,1780292727,0,5,11,nepse_official,OPEN,2026-06-01,GBBL,Garima Bikas Bank Limited,433.0,445.9,421.0,,424.0,421.0,3.0,,10302.0,4550139.0,19.0,24.899999999999977,5.750577367205537,0.7125890736342043,239481.0,441.6753057658707
2026-06-01T05:45:27+00:00,2026-06-01T11:30:27+05:45,2026-06-01,11:30:27,1780292727,0,5,11,nepse_official,OPEN,2026-06-01,GBIME,Global IME Bank Limited,242.0,242.0,238.0,,240.8,240.4,0.4000000000000057,,7945.0,1903532.6,53.0,4.0,1.6528925619834711,0.16638935108153316,35915.70943396226,239.5887476400252
2026-06-01T05:45:27+00:00,2026-06-01T11:30:27+05:45,2026-06-01,11:30:27,1780292727,0,5,11,nepse_official,OPEN,2026-06-01,GBLBS,Grameen Bikas Laghubitta Bittiya Sanstha Ltd.,772.1,794.8,772.1,,794.8,784.0,10.799999999999955,,360.0,278183.0,2.0,22.699999999999932,2.9400336743944995,1.3775510204081574,139091.5,772.7305555555556
2026-06-01T05:45:27+00:00,2026-06-01T11:30:27+05:45,2026-06-01,11:30:27,1780292727,0,5,11,nepse_official,OPEN,2026-06-01,GCIL,Ghorahi Cement Industry Limited,439.0,443.0,430.1,,436.5,439.0,-2.5,,6132.0,2702331.2,39.0,12.899999999999977,2.9384965831435026,-0.5694760820045558,69290.5435897436,440.6932811480757
2026-06-01T05:45:27+00:00,2026-06-01T11:30:27+05:45,2026-06-01,11:30:27,1780292727,0,5,11,nepse_official,OPEN,2026-06-01,GFCL,Goodwill Finance Limited,623.0,627.0,621.0,,627.0,623.0,4.0,,420.0,262170.0,7.0,6.0,0.9630818619582664,0.6420545746388443,37452.857142857145,624.2142857142857
2026-06-01T05:45:27+00:00,2026-06-01T11:30:27+05:45,2026-06-01,11:30:27,1780292727,0,5,11,nepse_official,OPEN,2026-06-01,GHL,Ghalemdi Hydro Limited,238.0,244.5,237.0,,243.8,245.0,-1.1999999999999886,,24013.0,5779452.6,63.0,7.5,3.1512605042016806,-0.4897959183673423,91737.34285714285,240.6801565818515
2026-06-01T05:45:27+00:00,2026-06-01T11:30:27+05:45,2026-06-01,11:30:27,1780292727,0,5,11,nepse_official,OPEN,2026-06-01,GIBF1,Global IME Balanced Fund-1,10.56,10.56,10.56,,10.56,10.87,-0.3099999999999987,,100.0,1056.0,1.0,0.0,0.0,-2.851885924563006,1056.0,10.56
2026-06-01T05:45:27+00:00,2026-06-01T11:30:27+05:45,2026-06-01,11:30:27,1780292727,0,5,11,nepse_official,OPEN,2026-06-01,GLBSL,Gurans Laghubitta Bittiya Sanstha Limited,1800.0,1800.0,1800.0,,1800.0,1822.0,-22.0,,20.0,36000.0,1.0,0.0,0.0,-1.2074643249176729,36000.0,1800.0
2026-06-01T05:45:27+00:00,2026-06-01T11:30:27+05:45,2026-06-01,11:30:27,1780292727,0,5,11,nepse_official,OPEN,2026-06-01,GLH,GreenLife Hydropower Limited,271.0,277.0,268.3,,277.0,276.1,0.8999999999999773,,6184.0,1698692.3,37.0,8.699999999999989,3.2103321033210293,0.3259688518652579,45910.6027027027,274.6915103492885
2026-06-01T05:45:27+00:00,2026-06-01T11:30:27+05:45,2026-06-01,11:30:27,1780292727,0,5,11,nepse_official,OPEN,2026-06-01,GMFIL,Guheshowori Merchant Bank & Finance Co. Ltd.,469.0,469.0,460.0,,469.0,464.5,4.5,,50.0,23350.0,4.0,9.0,1.9189765458422177,0.9687836383207751,5837.5,467.0
2026-06-01T05:45:27+00:00,2026-06-01T11:30:27+05:45,2026-06-01,11:30:27,1780292727,0,5,11,nepse_official,OPEN,2026-06-01,GMLI,Guardian Micro Life Insurance Limited ,1282.0,1290.0,1282.0,,1290.0,1282.0,8.0,,100.0,128460.0,6.0,8.0,0.62402496099844,0.62402496099844,21410.0,1284.6
2026-06-01T05:45:27+00:00,2026-06-01T11:30:27+05:45,2026-06-01,11:30:27,1780292727,0,5,11,nepse_official,OPEN,2026-06-01,GRDBL,Green Development Bank Ltd.,1070.0,1070.1,1070.0,,1070.0,1086.0,-16.0,,411.0,439772.0,8.0,0.09999999999990905,0.009345794392514864,-1.4732965009208103,54971.5,1070.0048661800486
2026-06-01T05:45:27+00:00,2026-06-01T11:30:27+05:45,2026-06-01,11:30:27,1780292727,0,5,11,nepse_official,OPEN,2026-06-01,GSY,Garima Samriddhi Yojana,9.93,9.93,9.93,,9.93,9.99,-0.0600000000000005,,500.0,4965.0,5.0,0.0,0.0,-0.6006006006006055,993.0,9.93
2026-06-01T05:45:27+00:00,2026-06-01T11:30:27+05:45,2026-06-01,11:30:27,1780292727,0,5,11,nepse_official,OPEN,2026-06-01,GUFL,Gurkhas Finance Ltd.,543.1,543.1,533.0,,535.0,538.0,-3.0,,919.0,490997.0,11.0,10.100000000000023,1.8596943472657013,-0.5576208178438662,44636.09090909091,534.2731229597389
2026-06-01T05:45:27+00:00,2026-06-01T11:30:27+05:45,2026-06-01,11:30:27,1780292727,0,5,11,nepse_official,OPEN,2026-06-01,GVL,Green Ventures Limited,491.0,499.2,491.0,,499.2,499.6,-0.4000000000000341,,268.0,133125.9,15.0,8.199999999999989,1.6700610997963317,-0.08006405124099962,8875.06,496.7384328358209
2026-06-01T05:45:27+00:00,2026-06-01T11:30:27+05:45,2026-06-01,11:30:27,1780292727,0,5,11,nepse_official,OPEN,2026-06-01,H8020,Himalayan 80-20,12.0,12.36,11.66,,11.66,12.25,-0.5899999999999999,,600.0,7258.0,5.0,0.6999999999999993,5.833333333333327,-4.816326530612244,1451.6,12.096666666666666
2026-06-01T05:45:27+00:00,2026-06-01T11:30:27+05:45,2026-06-01,11:30:27,1780292727,0,5,11,nepse_official,OPEN,2026-06-01,HATHY,Hathway Investment Nepal Limited,804.0,804.0,785.0,,800.0,800.0,0.0,,73.0,58125.0,5.0,19.0,2.36318407960199,0.0,11625.0,796.2328767123288
2026-06-01T05:45:27+00:00,2026-06-01T11:30:27+05:45,2026-06-01,11:30:27,1780292727,0,5,11,nepse_official,OPEN,2026-06-01,HBL,Himalayan Bank Limited,200.0,204.0,200.0,,204.0,204.9,-0.9000000000000057,,3523.0,715108.0,79.0,4.0,2.0,-0.4392386530014669,9052.0,202.9826852114675
2026-06-01T05:45:27+00:00,2026-06-01T11:30:27+05:45,2026-06-01,11:30:27,1780292727,0,5,11,nepse_official,OPEN,2026-06-01,HDHPC,Himal Dolakha Hydropower Company Limited,231.0,231.0,225.0,,230.5,230.8,-0.30000000000001137,,49354.0,11233692.8,125.0,6.0,2.5974025974025974,-0.12998266897747457,89869.5424,227.61463711148033
2026-06-01T05:45:27+00:00,2026-06-01T11:30:27+05:45,2026-06-01,11:30:27,1780292727,0,5,11,nepse_official,OPEN,2026-06-01,HDL,Himalayan Distillery Limited,1175.0,1179.9,1165.0,,1174.8,1175.0,-0.20000000000004547,,5092.0,5977275.6,62.0,14.900000000000091,1.2680851063829865,-0.017021276595748553,96407.67096774193,1173.8561665357422
2026-06-01T05:45:27+00:00,2026-06-01T11:30:27+05:45,2026-06-01,11:30:27,1780292727,0,5,11,nepse_official,OPEN,2026-06-01,HEI,Himalayan Everest Insurance Limited,540.0,556.0,540.0,,556.0,536.0,20.0,,7340.0,4003904.0,36.0,16.0,2.9629629629629632,3.731343283582089,111219.55555555556,545.4910081743869
2026-06-01T05:45:27+00:00,2026-06-01T11:30:27+05:45,2026-06-01,11:30:27,1780292727,0,5,11,nepse_official,OPEN,2026-06-01,HFIN,Hotel Forest Inn Limited,988.1,988.1,971.0,,982.4,988.1,-5.7000000000000455,,9814.0,9608961.5,168.0,17.100000000000023,1.7305940694261737,-0.5768646898087284,57196.19940476191,979.1075504381496
2026-06-01T05:45:27+00:00,2026-06-01T11:30:27+05:45,2026-06-01,11:30:27,1780292727,0,5,11,nepse_official,OPEN,2026-06-01,HHL,Himalayan Hydropower Limited,365.0,370.0,365.0,,370.0,369.0,1.0,,8437.0,3112162.6,38.0,5.0,1.36986301369863,0.27100271002710025,81899.01578947369,368.87075974872585
2026-06-01T05:45:27+00:00,2026-06-01T11:30:27+05:45,2026-06-01,11:30:27,1780292727,0,5,11,nepse_official,OPEN,2026-06-01,HIDCL,Hydorelectricity Investment and Development Company Ltd,270.0,274.0,267.1,,272.9,274.0,-1.1000000000000227,,23425.0,6309746.3,111.0,6.899999999999977,2.555555555555547,-0.4014598540146069,56844.56126126126,269.3595005336179
2026-06-01T05:45:27+00:00,2026-06-01T11:30:27+05:45,2026-06-01,11:30:27,1780292727,0,5,11,nepse_official,OPEN,2026-06-01,HIDCLP,Hydorelectricity Investment and Development Company Limited Promoter,210.0,210.0,203.0,,205.1,208.8,-3.700000000000017,,53715.0,11042584.2,114.0,7.0,3.3333333333333335,-1.7720306513410042,96864.77368421052,205.57729125942473
2026-06-01T05:45:27+00:00,2026-06-01T11:30:27+05:45,2026-06-01,11:30:27,1780292727,0,5,11,nepse_official,OPEN,2026-06-01,HIMSTAR,Him Star Urja Company Limited,858.4,888.0,858.4,,876.0,884.9,-8.899999999999977,,200.0,176279.0,10.0,29.600000000000023,3.4482758620689684,-1.005763363091872,17627.9,881.395
2026-06-01T05:45:27+00:00,2026-06-01T11:30:27+05:45,2026-06-01,11:30:27,1780292727,0,5,11,nepse_official,OPEN,2026-06-01,HLBSL,Himalayan Laghubitta Bittiya Sanstha Limited,860.0,860.0,857.0,,857.0,881.0,-24.0,,130.0,111542.0,3.0,3.0,0.3488372093023256,-2.724177071509648,37180.666666666664,858.0153846153846
2026-06-01T05:45:27+00:00,2026-06-01T11:30:27+05:45,2026-06-01,11:30:27,1780292727,0,5,11,nepse_official,OPEN,2026-06-01,HLI,Himalayan Life Insurance Limited,343.0,343.0,340.0,,342.9,342.6,0.2999999999999545,,3112.0,1064662.0,37.0,3.0,0.8746355685131195,0.08756567425567849,28774.64864864865,342.11503856041134
2026-06-01T05:45:27+00:00,2026-06-01T11:30:27+05:45,2026-06-01,11:30:27,1780292727,0,5,11,nepse_official,OPEN,2026-06-01,HLICF,HLI Large Cap Fund,9.0,9.0,8.85,,8.85,9.0,-0.15000000000000036,,400.0,3575.0,4.0,0.15000000000000036,1.6666666666666705,-1.6666666666666705,893.75,8.9375
2026-06-01T05:45:27+00:00,2026-06-01T11:30:27+05:45,2026-06-01,11:30:27,1780292727,0,5,11,nepse_official,OPEN,2026-06-01,HPPL,Himalayan Power Partner Ltd.,383.9,385.0,373.0,,384.7,385.0,-0.30000000000001137,,6888.0,2630321.3,32.0,12.0,3.125814014066163,-0.07792207792208088,82197.540625,381.8701074332172
2026-06-01T05:45:27+00:00,2026-06-01T11:30:27+05:45,2026-06-01,11:30:27,1780292727,0,5,11,nepse_official,OPEN,2026-06-01,HRL,Himalayan Reinsurance Limited,645.0,719.0,635.0,,712.0,650.0,62.0,,135226.0,92203589.8,1026.0,84.0,13.023255813953488,9.538461538461538,89867.04658869395,681.8480898643752
2026-06-01T05:45:27+00:00,2026-06-01T11:30:27+05:45,2026-06-01,11:30:27,1780292727,0,5,11,nepse_official,OPEN,2026-06-01,HURJA,Himalaya Urja Bikas Company Limited,260.0,261.9,255.0,,261.9,262.4,-0.5,,13715.0,3573174.5,43.0,6.899999999999977,2.6538461538461453,-0.1905487804878049,83097.08139534884,260.53040466642364
2026-06-01T05:45:27+00:00,2026-06-01T11:30:27+05:45,2026-06-01,11:30:27,1780292727,0,5,11,nepse_official,OPEN,2026-06-01,ICFC,ICFC Finance Limited,631.0,631.0,629.0,,629.0,629.7,-0.7000000000000455,,230.0,144865.0,4.0,2.0,0.31695721077654515,-0.11116404637129512,36216.25,629.8478260869565
2026-06-01T05:45:27+00:00,2026-06-01T11:30:27+05:45,2026-06-01,11:30:27,1780292727,0,5,11,nepse_official,OPEN,2026-06-01,IGI,IGI Prudential insurance Limited,450.0,463.5,439.0,,454.8,440.0,14.800000000000011,,10073.0,4536765.0,58.0,24.5,5.444444444444444,3.3636363636363664,78220.08620689655,450.3886627618386
2026-06-01T05:45:27+00:00,2026-06-01T11:30:27+05:45,2026-06-01,11:30:27,1780292727,0,5,11,nepse_official,OPEN,2026-06-01,IHL,Ingwa Hydropower Limited,428.0,428.0,414.0,,425.0,428.0,-3.0,,5003.0,2092068.8,45.0,14.0,3.2710280373831773,-0.7009345794392523,46490.41777777778,418.16286228263044
2026-06-01T05:45:27+00:00,2026-06-01T11:30:27+05:45,2026-06-01,11:30:27,1780292727,0,5,11,nepse_official,OPEN,2026-06-01,ILBS,Infinity Laghubitta Bittiya Sanstha Limited,900.0,954.8,900.0,,929.0,938.0,-9.0,,47.0,43611.0,4.0,54.799999999999955,6.088888888888884,-0.9594882729211088,10902.75,927.8936170212766
2026-06-01T05:45:27+00:00,2026-06-01T11:30:27+05:45,2026-06-01,11:30:27,1780292727,0,5,11,nepse_official,OPEN,2026-06-01,ILI,IME Life Insurance Company Limited,445.0,445.0,440.0,,445.0,447.0,-2.0,,1151.0,509262.4,19.0,5.0,1.1235955056179776,-0.44742729306487694,26803.284210526315,442.45212858384014
2026-06-01T05:45:27+00:00,2026-06-01T11:30:27+05:45,2026-06-01,11:30:27,1780292727,0,5,11,nepse_official,OPEN,2026-06-01,JBBL,Jyoti Bikas Bank Limited,360.0,364.0,358.0,,363.0,363.0,0.0,,9761.0,3532561.0,31.0,6.0,1.6666666666666667,0.0,113953.58064516129,361.905644913431
2026-06-01T05:45:27+00:00,2026-06-01T11:30:27+05:45,2026-06-01,11:30:27,1780292727,0,5,11,nepse_official,OPEN,2026-06-01,JBLB,Jeevan Bikas Laghubitta  Bittya Sanstha Ltd,1320.0,1320.0,1305.0,,1305.0,1313.8,-8.799999999999955,,501.0,659152.8,14.0,15.0,1.1363636363636365,-0.6698127568884118,47082.34285714286,1315.674251497006
2026-06-01T05:45:27+00:00,2026-06-01T11:30:27+05:45,2026-06-01,11:30:27,1780292727,0,5,11,nepse_official,OPEN,2026-06-01,JFL,Janaki Finance Company Limited,410.0,410.0,410.0,,410.0,412.0,-2.0,,120.0,49200.0,1.0,0.0,0.0,-0.48543689320388345,49200.0,410.0
2026-06-01T05:45:27+00:00,2026-06-01T11:30:27+05:45,2026-06-01,11:30:27,1780292727,0,5,11,nepse_official,OPEN,2026-06-01,JHAPA,Jhapa Energy Limited,1525.0,1525.0,1456.0,,1486.2,1525.0,-38.799999999999955,,3244.0,4810053.0,26.0,69.0,4.524590163934426,-2.5442622950819644,185002.03846153847,1482.7536991368681
2026-06-01T05:45:27+00:00,2026-06-01T11:30:27+05:45,2026-06-01,11:30:27,1780292727,0,5,11,nepse_official,OPEN,2026-06-01,JOSHI,Joshi Hydropower Development Company Ltd,284.29,289.0,284.2,,288.0,288.0,0.0,,1323.0,379032.0,10.0,4.800000000000011,1.6884167575363225,0.0,37903.2,286.49433106575964
2026-06-01T05:45:27+00:00,2026-06-01T11:30:27+05:45,2026-06-01,11:30:27,1780292727,0,5,11,nepse_official,OPEN,2026-06-01,KBL,Kumari Bank Limited,225.0,225.0,217.0,,219.8,221.3,-1.5,,31270.0,6850940.8,81.0,8.0,3.5555555555555554,-0.6778129236330772,84579.51604938271,219.08988807163414
2026-06-01T05:45:27+00:00,2026-06-01T11:30:27+05:45,2026-06-01,11:30:27,1780292727,0,5,11,nepse_official,OPEN,2026-06-01,KBSH,Kutheli Bukhari Small Hydropower Limited,1650.0,1650.0,1650.0,,1650.0,1617.9,32.09999999999991,,11.0,18150.0,1.0,0.0,0.0,1.984053402558867,18150.0,1650.0
2026-06-01T05:45:27+00:00,2026-06-01T11:30:27+05:45,2026-06-01,11:30:27,1780292727,0,5,11,nepse_official,OPEN,2026-06-01,KDBY,Kumari Dhanabriddhi Yojana,11.51,11.51,11.51,,11.51,11.51,0.0,,600.0,6906.0,6.0,0.0,0.0,0.0,1151.0,11.51
2026-06-01T05:45:27+00:00,2026-06-01T11:30:27+05:45,2026-06-01,11:30:27,1780292727,0,5,11,nepse_official,OPEN,2026-06-01,KDL,Kalinchowk Darshan Limited,836.0,836.0,820.1,,825.0,835.5,-10.5,,122.0,101511.0,6.0,15.899999999999977,1.9019138755980836,-1.2567324955116697,16918.5,832.0573770491803
2026-06-01T05:45:27+00:00,2026-06-01T11:30:27+05:45,2026-06-01,11:30:27,1780292727,0,5,11,nepse_official,OPEN,2026-06-01,KHPL,Kalinchock Hydropower Limited,375.3,386.5,375.3,,386.5,376.8,9.699999999999989,,30.0,11371.0,3.0,11.199999999999989,2.984279243272046,2.5743099787685746,3790.3333333333335,379.03333333333336
2026-06-01T05:45:27+00:00,2026-06-01T11:30:27+05:45,2026-06-01,11:30:27,1780292727,0,5,11,nepse_official,OPEN,2026-06-01,KKHC,Khanikhola Hydropower Co. Ltd.,267.0,270.0,263.2,,268.0,267.0,1.0,,3859.0,1027689.0,28.0,6.800000000000011,2.5468164794007535,0.37453183520599254,36703.17857142857,266.30966571650686
2026-06-01T05:45:27+00:00,2026-06-01T11:30:27+05:45,2026-06-01,11:30:27,1780292727,0,5,11,nepse_official,OPEN,2026-06-01,KPCL,Kalika power Company Ltd,500.9,501.0,499.9,,501.0,501.4,-0.39999999999997726,,1176.0,588243.6,11.0,1.1000000000000227,0.21960471151926986,-0.079776625448739,53476.69090909091,500.20714285714286
2026-06-01T05:45:27+00:00,2026-06-01T11:30:27+05:45,2026-06-01,11:30:27,1780292727,0,5,11,nepse_official,OPEN,2026-06-01,KSBBL,Kamana Sewa Bikas Bank Limited,494.1,496.0,492.0,,493.0,493.0,0.0,,2436.0,1202488.0,13.0,4.0,0.8095527221210281,0.0,92499.07692307692,493.632183908046
2026-06-01T05:45:27+00:00,2026-06-01T11:30:27+05:45,2026-06-01,11:30:27,1780292727,0,5,11,nepse_official,OPEN,2026-06-01,LBBL,Lumbini Bikas Bank Ltd.,491.0,496.0,483.0,,494.9,490.8,4.099999999999966,,6015.0,2962345.1,33.0,13.0,2.6476578411405294,0.8353708231458774,89768.03333333334,492.4929509559435
2026-06-01T05:45:27+00:00,2026-06-01T11:30:27+05:45,2026-06-01,11:30:27,1780292727,0,5,11,nepse_official,OPEN,2026-06-01,LEC,Liberty Energy Company Limited,233.0,234.0,226.9,,233.6,233.5,0.09999999999999432,,24511.0,5671054.5,54.0,7.099999999999994,3.047210300429182,0.04282655246252433,105019.52777777778,231.3677328546367
2026-06-01T05:45:27+00:00,2026-06-01T11:30:27+05:45,2026-06-01,11:30:27,1780292727,0,5,11,nepse_official,OPEN,2026-06-01,LICN,Life Insurance Corporation (Nepal) Limited,818.0,827.0,818.0,,827.0,818.0,9.0,,536.0,438538.0,4.0,9.0,1.1002444987775062,1.1002444987775062,109634.5,818.1679104477612
2026-06-01T05:45:27+00:00,2026-06-01T11:30:27+05:45,2026-06-01,11:30:27,1780292727,0,5,11,nepse_official,OPEN,2026-06-01,LLBS,Laxmi Laghubitta Bittiya Sanstha Ltd.,1002.0,1002.0,997.0,,997.0,955.0,42.0,,20.0,19990.0,2.0,5.0,0.499001996007984,4.397905759162303,9995.0,999.5
2026-06-01T05:45:27+00:00,2026-06-01T11:30:27+05:45,2026-06-01,11:30:27,1780292727,0,5,11,nepse_official,OPEN,2026-06-01,LSL,Laxmi Sunrise Bank Limited,225.0,225.9,224.0,,225.9,225.0,0.9000000000000057,,11377.0,2560488.1,30.0,1.9000000000000057,0.844444444444447,0.4000000000000025,85349.60333333333,225.05828425771293
2026-06-01T05:45:27+00:00,2026-06-01T11:30:27+05:45,2026-06-01,11:30:27,1780292727,0,5,11,nepse_official,OPEN,2026-06-01,MABEL,Mabilung Energy Limited,773.0,773.0,718.0,,739.0,736.4,2.6000000000000227,,13909.0,10329438.0,66.0,55.0,7.115135834411385,0.3530689842476946,156506.63636363635,742.6441872169099
2026-06-01T05:45:27+00:00,2026-06-01T11:30:27+05:45,2026-06-01,11:30:27,1780292727,0,5,11,nepse_official,OPEN,2026-06-01,MAKAR,Makar Jitumaya Suri Hydropower Limited,510.0,510.0,495.4,,502.1,510.0,-7.899999999999977,,173.0,86671.2,8.0,14.600000000000023,2.86274509803922,-1.5490196078431329,10833.9,500.9895953757225
2026-06-01T05:45:27+00:00,2026-06-01T11:30:27+05:45,2026-06-01,11:30:27,1780292727,0,5,11,nepse_official,OPEN,2026-06-01,MANDU,Mandu Hydropower Limited,830.0,835.0,810.0,,835.0,830.0,5.0,,598.0,497653.0,9.0,25.0,3.0120481927710845,0.6024096385542169,55294.77777777778,832.195652173913
2026-06-01T05:45:27+00:00,2026-06-01T11:30:27+05:45,2026-06-01,11:30:27,1780292727,0,5,11,nepse_official,OPEN,2026-06-01,MATRI,Matribhumi Lagubitta Bittiya Sanstha Limited,882.0,882.0,882.0,,882.0,882.0,0.0,,11.0,9702.0,1.0,0.0,0.0,0.0,9702.0,882.0
2026-06-01T05:45:27+00:00,2026-06-01T11:30:27+05:45,2026-06-01,11:30:27,1780292727,0,5,11,nepse_official,OPEN,2026-06-01,MBJC,Madhya Bhotekoshi Jalavidyut Company Limited,292.0,292.0,285.0,,286.0,291.9,-5.899999999999977,,2720.0,784006.0,33.0,7.0,2.3972602739726026,-2.021240150736546,23757.757575757576,288.2375
2026-06-01T05:45:27+00:00,2026-06-01T11:30:27+05:45,2026-06-01,11:30:27,1780292727,0,5,11,nepse_official,OPEN,2026-06-01,MBL,Machhapuchhre Bank Limited,257.0,257.0,250.0,,253.0,253.2,-0.19999999999998863,,6031.0,1524156.2,17.0,7.0,2.7237354085603114,-0.07898894154817876,89656.24705882353,252.7203117227657
2026-06-01T05:45:27+00:00,2026-06-01T11:30:27+05:45,2026-06-01,11:30:27,1780292727,0,5,11,nepse_official,OPEN,2026-06-01,MBLEF,MBL Equity Fund,9.95,9.95,9.95,,9.95,10.23,-0.28000000000000114,,100.0,995.0,1.0,0.0,0.0,-2.737047898338232,995.0,9.95
2026-06-01T05:45:27+00:00,2026-06-01T11:30:27+05:45,2026-06-01,11:30:27,1780292727,0,5,11,nepse_official,OPEN,2026-06-01,MDB,Miteri Development Bank Limited,602.0,602.0,600.0,,600.0,612.4,-12.399999999999977,,500.0,300308.0,5.0,2.0,0.33222591362126247,-2.0248203788373575,60061.6,600.616
2026-06-01T05:45:27+00:00,2026-06-01T11:30:27+05:45,2026-06-01,11:30:27,1780292727,0,5,11,nepse_official,OPEN,2026-06-01,MEHL,Manakamana Engineering Hydropower Limited,380.0,391.4,380.0,,389.0,380.0,9.0,,637.0,244555.0,8.0,11.399999999999977,2.999999999999994,2.368421052631579,30569.375,383.91679748822605
2026-06-01T05:45:27+00:00,2026-06-01T11:30:27+05:45,2026-06-01,11:30:27,1780292727,0,5,11,nepse_official,OPEN,2026-06-01,MEL,Modi Energy Limited,248.0,249.0,242.0,,248.0,248.0,0.0,,2244.0,549264.5,28.0,7.0,2.82258064516129,0.0,19616.589285714286,244.77027629233513
2026-06-01T05:45:27+00:00,2026-06-01T11:30:27+05:45,2026-06-01,11:30:27,1780292727,0,5,11,nepse_official,OPEN,2026-06-01,MEN,Mountain Energy Nepal Limited,625.0,625.0,611.6,,623.9,620.0,3.8999999999999773,,18835.0,11657652.1,62.0,13.399999999999977,2.143999999999996,0.6290322580645125,188026.64677419353,618.9356039288558
2026-06-01T05:45:27+00:00,2026-06-01T11:30:27+05:45,2026-06-01,11:30:27,1780292727,0,5,11,nepse_official,OPEN,2026-06-01,MERO,Mero Microfinance Bittiya Sanstha Ltd.,729.0,729.0,729.0,,729.0,729.0,0.0,,14.0,10206.0,1.0,0.0,0.0,0.0,10206.0,729.0
2026-06-01T05:45:27+00:00,2026-06-01T11:30:27+05:45,2026-06-01,11:30:27,1780292727,0,5,11,nepse_official,OPEN,2026-06-01,MFIL,Manjushree Finance Ltd.,786.0,798.0,780.0,,790.0,791.0,-1.0,,4807.0,3782102.6,22.0,18.0,2.2900763358778624,-0.12642225031605564,171913.75454545455,786.7906386519659
2026-06-01T05:45:27+00:00,2026-06-01T11:30:27+05:45,2026-06-01,11:30:27,1780292727,0,5,11,nepse_official,OPEN,2026-06-01,MHCL,Molung Hydropower Company Limited,360.0,360.5,360.0,,360.5,360.0,0.5,,98.0,35290.0,4.0,0.5,0.1388888888888889,0.1388888888888889,8822.5,360.1020408163265
2026-06-01T05:45:27+00:00,2026-06-01T11:30:27+05:45,2026-06-01,11:30:27,1780292727,0,5,11,nepse_official,OPEN,2026-06-01,MHL,Mandakini Hydropower Limited,496.0,504.0,495.0,,504.0,506.5,-2.5,,703.0,350206.2,9.0,9.0,1.8145161290322582,-0.4935834155972359,38911.8,498.15960170697014
2026-06-01T05:45:27+00:00,2026-06-01T11:30:27+05:45,2026-06-01,11:30:27,1780292727,0,5,11,nepse_official,OPEN,2026-06-01,MHNL,Mountain Hydro Nepal Limited,275.0,275.0,267.0,,271.9,273.9,-2.0,,2580.0,694902.0,12.0,8.0,2.909090909090909,-0.7301935012778387,57908.5,269.34186046511627
2026-06-01T05:45:27+00:00,2026-06-01T11:30:27+05:45,2026-06-01,11:30:27,1780292727,0,5,11,nepse_official,OPEN,2026-06-01,MKCL,Muktinath Krishi Company Limited,1275.0,1275.0,1275.0,,1275.0,1296.0,-21.0,,10.0,12750.0,1.0,0.0,0.0,-1.6203703703703702,12750.0,1275.0
2026-06-01T05:45:27+00:00,2026-06-01T11:30:27+05:45,2026-06-01,11:30:27,1780292727,0,5,11,nepse_official,OPEN,2026-06-01,MKHC,Maya Khola Hydropower Company Limited,328.0,334.0,328.0,,334.0,334.4,-0.39999999999997726,,210.0,69440.0,5.0,6.0,1.8292682926829267,-0.11961722488037599,13888.0,330.6666666666667
2026-06-01T05:45:27+00:00,2026-06-01T11:30:27+05:45,2026-06-01,11:30:27,1780292727,0,5,11,nepse_official,OPEN,2026-06-01,MKHL,Mai Khola Hydropower Limited,548.0,550.0,535.0,,550.0,552.0,-2.0,,95.0,51830.0,5.0,15.0,2.737226277372263,-0.36231884057971014,10366.0,545.578947368421
2026-06-01T05:45:27+00:00,2026-06-01T11:30:27+05:45,2026-06-01,11:30:27,1780292727,0,5,11,nepse_official,OPEN,2026-06-01,MKJC,Mailung Khola Jal Vidhyut Company Limited,509.0,509.0,503.3,,503.3,512.6,-9.300000000000011,,300.0,152229.0,3.0,5.699999999999989,1.1198428290766185,-1.8142801404603999,50743.0,507.43
2026-06-01T05:45:27+00:00,2026-06-01T11:30:27+05:45,2026-06-01,11:30:27,1780292727,0,5,11,nepse_official,OPEN,2026-06-01,MLBBL,Mithila LaghuBitta Bittiya Sanstha Limited,1200.0,1229.0,1200.0,,1229.0,1200.0,29.0,,110.0,132290.0,2.0,29.0,2.4166666666666665,2.4166666666666665,66145.0,1202.6363636363637
2026-06-01T05:45:27+00:00,2026-06-01T11:30:27+05:45,2026-06-01,11:30:27,1780292727,0,5,11,nepse_official,OPEN,2026-06-01,MLBL,Mahalaxmi Bikas Bank Ltd.,370.0,370.9,365.2,,370.9,369.9,1.0,,1822.0,671493.6,10.0,5.699999999999989,1.5405405405405375,0.2703433360367667,67149.36,368.5475301866081
2026-06-01T05:45:27+00:00,2026-06-01T11:30:27+05:45,2026-06-01,11:30:27,1780292727,0,5,11,nepse_official,OPEN,2026-06-01,MMF1,Mega Mutual Fund -1,9.6,9.6,9.23,,9.23,9.48,-0.25,,300.0,2815.0,3.0,0.3699999999999992,3.8541666666666585,-2.6371308016877633,938.3333333333334,9.383333333333333
2026-06-01T05:45:27+00:00,2026-06-01T11:30:27+05:45,2026-06-01,11:30:27,1780292727,0,5,11,nepse_official,OPEN,2026-06-01,MMKJL,Mathillo Mailun Khola Jalvidhyut Limited,530.0,530.0,525.0,,529.0,531.0,-2.0,,610.0,322202.0,12.0,5.0,0.9433962264150944,-0.3766478342749529,26850.166666666668,528.2
2026-06-01T05:45:27+00:00,2026-06-01T11:30:27+05:45,2026-06-01,11:30:27,1780292727,0,5,11,nepse_official,OPEN,2026-06-01,MNBBL,Muktinath Bikas Bank Ltd.,378.0,379.0,373.0,,377.0,376.0,1.0,,1063.0,399239.8,23.0,6.0,1.5873015873015872,0.26595744680851063,17358.252173913042,375.5783631232361
2026-06-01T05:45:27+00:00,2026-06-01T11:30:27+05:45,2026-06-01,11:30:27,1780292727,0,5,11,nepse_official,OPEN,2026-06-01,MNMF1,Muktinath Mutual Fund 1,9.75,9.75,9.75,,9.75,10.01,-0.2599999999999998,,100.0,975.0,1.0,0.0,0.0,-2.5974025974025956,975.0,9.75
2026-06-01T05:45:27+00:00,2026-06-01T11:30:27+05:45,2026-06-01,11:30:27,1780292727,0,5,11,nepse_official,OPEN,2026-06-01,MPFL,Multipurpose Finance Company  Limited,609.0,609.0,609.0,,609.0,620.9,-11.899999999999977,,11.0,6699.0,1.0,0.0,0.0,-1.9165727170236717,6699.0,609.0
2026-06-01T05:45:27+00:00,2026-06-01T11:30:27+05:45,2026-06-01,11:30:27,1780292727,0,5,11,nepse_official,OPEN,2026-06-01,MSHL,Mid Solu Hydropower Limited,673.2,693.3,673.2,,693.3,694.0,-0.7000000000000455,,69.0,47254.8,2.0,20.09999999999991,2.985739750445619,-0.1008645533141276,23627.4,684.8521739130435
2026-06-01T05:45:27+00:00,2026-06-01T11:30:27+05:45,2026-06-01,11:30:27,1780292727,0,5,11,nepse_official,OPEN,2026-06-01,NABBC,Narayani Development Bank Limited,935.0,937.0,935.0,,936.0,960.0,-24.0,,250.0,234050.0,6.0,2.0,0.21390374331550802,-2.5,39008.333333333336,936.2
2026-06-01T05:45:27+00:00,2026-06-01T11:30:27+05:45,2026-06-01,11:30:27,1780292727,0,5,11,nepse_official,OPEN,2026-06-01,NABIL,Nabil Bank Limited,537.0,544.0,531.0,,542.0,537.0,5.0,,7466.0,4023345.0,79.0,13.0,2.4208566108007448,0.931098696461825,50928.417721518985,538.8889633002947
2026-06-01T05:45:27+00:00,2026-06-01T11:30:27+05:45,2026-06-01,11:30:27,1780292727,0,5,11,nepse_official,OPEN,2026-06-01,NADEP,Nadep Laghubittiya bittya Sanstha Ltd.,756.0,756.0,756.0,,756.0,756.0,0.0,,5.0,3775.0,1.0,0.0,0.0,0.0,3775.0,755.0
2026-06-01T05:45:27+00:00,2026-06-01T11:30:27+05:45,2026-06-01,11:30:27,1780292727,0,5,11,nepse_official,OPEN,2026-06-01,NBF3,Nabil Balanced Fund-3,9.7,9.7,9.41,,9.6,9.98,-0.3800000000000008,,500.0,4764.0,5.0,0.28999999999999915,2.989690721649476,-3.8076152304609296,952.8,9.528
2026-06-01T05:45:27+00:00,2026-06-01T11:30:27+05:45,2026-06-01,11:30:27,1780292727,0,5,11,nepse_official,OPEN,2026-06-01,NBL,Nepal Bank Limited,260.1,281.1,260.1,,272.0,273.7,-1.6999999999999886,,2930.0,792675.5,17.0,21.0,8.073817762399077,-0.6211180124223561,46627.970588235294,270.5377133105802
2026-06-01T05:45:27+00:00,2026-06-01T11:30:27+05:45,2026-06-01,11:30:27,1780292727,0,5,11,nepse_official,OPEN,2026-06-01,NESDO,NESDO Sambridha Laghubitta Bittiya Sanstha Limited,1526.1,1541.0,1526.1,,1541.0,1563.0,-22.0,,22.0,33738.1,2.0,14.900000000000091,0.9763449315248078,-1.4075495841330774,16869.05,1533.55
2026-06-01T05:45:27+00:00,2026-06-01T11:30:27+05:45,2026-06-01,11:30:27,1780292727,0,5,11,nepse_official,OPEN,2026-06-01,NFS,Nepal Finance Ltd.,572.0,579.0,565.0,,578.5,570.0,8.5,,1055.0,603952.5,12.0,14.0,2.4475524475524475,1.4912280701754386,50329.375,572.4668246445498
2026-06-01T05:45:27+00:00,2026-06-01T11:30:27+05:45,2026-06-01,11:30:27,1780292727,0,5,11,nepse_official,OPEN,2026-06-01,NGPL,Ngadi Group Power Ltd.,455.0,455.5,451.0,,454.0,455.5,-1.5,,77803.0,35295315.0,131.0,4.5,0.9890109890109889,-0.3293084522502744,269429.8854961832,453.6497949950516
2026-06-01T05:45:27+00:00,2026-06-01T11:30:27+05:45,2026-06-01,11:30:27,1780292727,0,5,11,nepse_official,OPEN,2026-06-01,NHDL,Nepal Hydro Developers Ltd.,661.0,680.0,645.0,,645.0,642.2,2.7999999999999545,,7258.0,4903445.0,12.0,35.0,5.29500756429652,0.43600124571783777,408620.4166666667,675.5917608156517
2026-06-01T05:45:27+00:00,2026-06-01T11:30:27+05:45,2026-06-01,11:30:27,1780292727,0,5,11,nepse_official,OPEN,2026-06-01,NHPC,National Hydro Power Company Limited,299.0,305.0,292.0,,305.0,301.0,4.0,,176367.0,52758456.8,351.0,13.0,4.3478260869565215,1.3289036544850499,150308.99373219372,299.1401838212364
2026-06-01T05:45:27+00:00,2026-06-01T11:30:27+05:45,2026-06-01,11:30:27,1780292727,0,5,11,nepse_official,OPEN,2026-06-01,NIBLGF,NIBL Growth Fund,9.24,9.24,9.24,,9.24,9.32,-0.08000000000000007,,100.0,924.0,1.0,0.0,0.0,-0.858369098712447,924.0,9.24
2026-06-01T05:45:27+00:00,2026-06-01T11:30:27+05:45,2026-06-01,11:30:27,1780292727,0,5,11,nepse_official,OPEN,2026-06-01,NIBLSTF,NIBL Stable Fund,9.13,9.34,9.13,,9.13,9.33,-0.1999999999999993,,300.0,2760.0,3.0,0.20999999999999908,2.3001095290251814,-2.14362272240085,920.0,9.2
2026-06-01T05:45:27+00:00,2026-06-01T11:30:27+05:45,2026-06-01,11:30:27,1780292727,0,5,11,nepse_official,OPEN,2026-06-01,NICA,NIC Asia Bank Ltd.,348.0,353.1,345.0,,351.0,350.5,0.5,,6217.0,2174025.7,35.0,8.100000000000023,2.3275862068965583,0.14265335235378032,62115.020000000004,349.69047772237417
2026-06-01T05:45:27+00:00,2026-06-01T11:30:27+05:45,2026-06-01,11:30:27,1780292727,0,5,11,nepse_official,OPEN,2026-06-01,NICAD2091,7% NIC ASIA Debenture 2091,1060.0,1060.0,1060.0,,1060.0,1065.0,-5.0,,35.0,37100.0,2.0,0.0,0.0,-0.4694835680751174,18550.0,1060.0
2026-06-01T05:45:27+00:00,2026-06-01T11:30:27+05:45,2026-06-01,11:30:27,1780292727,0,5,11,nepse_official,OPEN,2026-06-01,NICL,Nepal Insurance Co. Ltd.,510.0,525.0,510.0,,519.0,510.0,9.0,,10456.0,5431208.3,49.0,15.0,2.941176470588235,1.7647058823529411,110840.9857142857,519.4346117061974
2026-06-01T05:45:27+00:00,2026-06-01T11:30:27+05:45,2026-06-01,11:30:27,1780292727,0,5,11,nepse_official,OPEN,2026-06-01,NICLBSL,NIC ASIA Laghubitta Bittiya Sanstha Limited,590.0,590.0,572.4,,572.4,579.9,-7.5,,95.0,54720.0,5.0,17.600000000000023,2.983050847457631,-1.2933264355923437,10944.0,576.0
2026-06-01T05:45:27+00:00,2026-06-01T11:30:27+05:45,2026-06-01,11:30:27,1780292727,0,5,11,nepse_official,OPEN,2026-06-01,NICSF,NIC Asia Select Fund 30,9.4,9.4,9.4,,9.4,9.32,0.08000000000000007,,200.0,1880.0,1.0,0.0,0.0,0.858369098712447,1880.0,9.4
2026-06-01T05:45:27+00:00,2026-06-01T11:30:27+05:45,2026-06-01,11:30:27,1780292727,0,5,11,nepse_official,OPEN,2026-06-01,NIFRA,Nepal Infrastructure Bank Limited,269.0,269.0,262.0,,267.0,269.0,-2.0,,22090.0,5868960.9,103.0,7.0,2.6022304832713754,-0.7434944237918215,56980.20291262136,265.6840606609326
2026-06-01T05:45:27+00:00,2026-06-01T11:30:27+05:45,2026-06-01,11:30:27,1780292727,0,5,11,nepse_official,OPEN,2026-06-01,NIL,Neco Insurance Limited,650.0,657.9,632.0,,655.0,632.0,23.0,,11735.0,7572948.2,63.0,25.899999999999977,3.984615384615381,3.6392405063291138,120205.52698412699,645.3300553898595
2026-06-01T05:45:27+00:00,2026-06-01T11:30:27+05:45,2026-06-01,11:30:27,1780292727,0,5,11,nepse_official,OPEN,2026-06-01,NIMB,Nepal Investment Mega Bank Limited,200.0,202.8,198.0,,202.0,200.6,1.4000000000000057,,34599.0,6950264.8,74.0,4.800000000000011,2.4000000000000057,0.6979062811565333,93922.49729729729,200.88051099742768
2026-06-01T05:45:27+00:00,2026-06-01T11:30:27+05:45,2026-06-01,11:30:27,1780292727,0,5,11,nepse_official,OPEN,2026-06-01,NLG,NLG Insurance Company Ltd.,580.0,614.9,575.0,,614.9,574.0,40.89999999999998,,14591.0,8737362.2,92.0,39.89999999999998,6.879310344827583,7.125435540069683,94971.32826086956,598.8186005071619
2026-06-01T05:45:27+00:00,2026-06-01T11:30:27+05:45,2026-06-01,11:30:27,1780292727,0,5,11,nepse_official,OPEN,2026-06-01,NLIC,Nepal Life Insurance Co. Ltd.,774.0,777.0,770.0,,777.0,774.2,2.7999999999999545,,4396.0,3400606.0,22.0,7.0,0.9043927648578811,0.3616636528028874,154573.0,773.5682438580528
2026-06-01T05:45:27+00:00,2026-06-01T11:30:27+05:45,2026-06-01,11:30:27,1780292727,0,5,11,nepse_official,OPEN,2026-06-01,NLICL,National Life Insurance Co. Ltd.,564.3,599.9,564.3,,587.0,594.0,-7.0,,10933.0,6420282.6,13.0,35.60000000000002,6.308701045543155,-1.1784511784511784,493867.89230769227,587.2388731363761
2026-06-01T05:45:27+00:00,2026-06-01T11:30:27+05:45,2026-06-01,11:30:27,1780292727,0,5,11,nepse_official,OPEN,2026-06-01,NMB,NMB Bank Limited,249.4,249.4,248.0,,248.9,249.4,-0.5,,2187.0,544340.6,8.0,1.4000000000000057,0.5613472333600664,-0.20048115477145148,68042.575,248.89830818472794
2026-06-01T05:45:27+00:00,2026-06-01T11:30:27+05:45,2026-06-01,11:30:27,1780292727,0,5,11,nepse_official,OPEN,2026-06-01,NMBHF2,NMB Hybrid Fund L- II,9.6,9.6,9.6,,9.6,9.64,-0.040000000000000924,,300.0,2880.0,3.0,0.0,0.0,-0.4149377593361091,960.0,9.6
2026-06-01T05:45:27+00:00,2026-06-01T11:30:27+05:45,2026-06-01,11:30:27,1780292727,0,5,11,nepse_official,OPEN,2026-06-01,NMBMF,NMB  Microfinance Bittiya Sanstha Ltd.,637.0,637.0,637.0,,637.0,637.0,0.0,,50.0,31850.0,1.0,0.0,0.0,0.0,31850.0,637.0
2026-06-01T05:45:27+00:00,2026-06-01T11:30:27+05:45,2026-06-01,11:30:27,1780292727,0,5,11,nepse_official,OPEN,2026-06-01,NMFBS,National Laghubitta Bittiya Sanstha Limited,1149.0,1149.0,1149.0,,1149.0,1140.0,9.0,,10.0,11490.0,1.0,0.0,0.0,0.7894736842105263,11490.0,1149.0
2026-06-01T05:45:27+00:00,2026-06-01T11:30:27+05:45,2026-06-01,11:30:27,1780292727,0,5,11,nepse_official,OPEN,2026-06-01,NMIC,Nepal Micro Insurance Company Limited,1040.0,1050.0,1015.0,,1050.0,1049.8,0.20000000000004547,,280.0,291804.0,15.0,35.0,3.3653846153846154,0.019051247856738947,19453.6,1042.1571428571428
2026-06-01T05:45:27+00:00,2026-06-01T11:30:27+05:45,2026-06-01,11:30:27,1780292727,0,5,11,nepse_official,OPEN,2026-06-01,NMLBBL,Nerude Mirmire Laghubitta Bittiya Sanstha Limited,595.0,595.0,580.0,,595.0,590.0,5.0,,1760.0,1034495.0,8.0,15.0,2.5210084033613445,0.847457627118644,129311.875,587.78125
2026-06-01T05:45:27+00:00,2026-06-01T11:30:27+05:45,2026-06-01,11:30:27,1780292727,0,5,11,nepse_official,OPEN,2026-06-01,NRIC,Nepal Reinsurance Company Limited,956.5,1047.6,953.0,,1047.6,911.0,136.5999999999999,,195048.0,198330822.7,1569.0,94.59999999999991,9.89022477783585,14.99451152579582,126405.87807520713,1016.8308452278413
2026-06-01T05:45:27+00:00,2026-06-01T11:30:27+05:45,2026-06-01,11:30:27,1780292727,0,5,11,nepse_official,OPEN,2026-06-01,NRM,Nepal Republic Media Limited,397.5,397.5,370.3,,385.0,393.3,-8.300000000000011,,1378.0,525055.3,29.0,27.19999999999999,6.842767295597481,-2.1103483346046303,18105.355172413794,381.0270682148041
2026-06-01T05:45:27+00:00,2026-06-01T11:30:27+05:45,2026-06-01,11:30:27,1780292727,0,5,11,nepse_official,OPEN,2026-06-01,NRN,NRN Infrastructure and Development Limited,1397.0,1414.0,1390.0,,1414.0,1397.0,17.0,,4726.0,6624954.1,57.0,24.0,1.7179670722977811,1.2168933428775948,116227.26491228069,1401.8100084638172
2026-06-01T05:45:27+00:00,2026-06-01T11:30:27+05:45,2026-06-01,11:30:27,1780292727,0,5,11,nepse_official,OPEN,2026-06-01,NSIF2,NMB Sulav Investment Fund - 2,11.1,11.1,11.1,,11.1,10.83,0.2699999999999996,,200.0,2220.0,1.0,0.0,0.0,2.4930747922437635,2220.0,11.1
2026-06-01T05:45:27+00:00,2026-06-01T11:30:27+05:45,2026-06-01,11:30:27,1780292727,0,5,11,nepse_official,OPEN,2026-06-01,NSY,Nepal Life Samriddhi Lagani Yojana,9.69,9.69,9.44,,9.46,9.69,-0.22999999999999865,,900.0,8600.0,8.0,0.25,2.579979360165119,-2.3735810113518956,1075.0,9.555555555555555
2026-06-01T05:45:27+00:00,2026-06-01T11:30:27+05:45,2026-06-01,11:30:27,1780292727,0,5,11,nepse_official,OPEN,2026-06-01,NTC,Nepal Doorsanchar Company Limited,855.0,890.4,831.7,,870.0,900.0,-30.0,,54322.0,46261982.2,596.0,58.69999999999993,6.865497076023384,-3.3333333333333335,77620.7755033557,851.6251647582932
2026-06-01T05:45:27+00:00,2026-06-01T11:30:27+05:45,2026-06-01,11:30:27,1780292727,0,5,11,nepse_official,OPEN,2026-06-01,NUBL,Nirdhan Utthan Laghubitta Bittiya Sanstha Limited,669.0,670.0,669.0,,670.0,665.0,5.0,,860.0,575869.0,5.0,1.0,0.14947683109118087,0.7518796992481203,115173.8,669.6151162790698
2026-06-01T05:45:27+00:00,2026-06-01T11:30:27+05:45,2026-06-01,11:30:27,1780292727,0,5,11,nepse_official,OPEN,2026-06-01,NWCL,Nepal Warehousing Company Limited ,851.0,851.0,805.0,,806.0,811.1,-5.100000000000023,,230.0,189720.0,4.0,46.0,5.405405405405405,-0.6287757366539295,47430.0,824.8695652173913
2026-06-01T05:45:27+00:00,2026-06-01T11:30:27+05:45,2026-06-01,11:30:27,1780292727,0,5,11,nepse_official,OPEN,2026-06-01,NYADI,Nyadi Hydropower Limited,393.0,407.0,393.0,,407.0,395.2,11.800000000000011,,190.0,75668.0,6.0,14.0,3.5623409669211195,2.985829959514173,12611.333333333334,398.2526315789474
2026-06-01T05:45:27+00:00,2026-06-01T11:30:27+05:45,2026-06-01,11:30:27,1780292727,0,5,11,nepse_official,OPEN,2026-06-01,OHL,Oriental Hotels Limited,700.0,700.0,700.0,,700.0,699.0,1.0,,111.0,77700.0,3.0,0.0,0.0,0.14306151645207438,25900.0,700.0
2026-06-01T05:45:27+00:00,2026-06-01T11:30:27+05:45,2026-06-01,11:30:27,1780292727,0,5,11,nepse_official,OPEN,2026-06-01,OMPL,Om Megashree Pharmaceuticals Limited,1185.0,1194.0,1180.0,,1185.0,1195.0,-10.0,,340.0,402791.5,20.0,14.0,1.1814345991561181,-0.8368200836820083,20139.575,1184.6808823529411
2026-06-01T05:45:27+00:00,2026-06-01T11:30:27+05:45,2026-06-01,11:30:27,1780292727,0,5,11,nepse_official,OPEN,2026-06-01,PBD84,10.15% Prime Debenture 2084,1070.2,1070.2,1070.2,,1070.2,1084.0,-13.799999999999955,,30.0,32106.0,1.0,0.0,0.0,-1.2730627306273021,32106.0,1070.2
2026-06-01T05:45:27+00:00,2026-06-01T11:30:27+05:45,2026-06-01,11:30:27,1780292727,0,5,11,nepse_official,OPEN,2026-06-01,PBD88,10% Prime Debenture 2088,1200.0,1200.0,1200.0,,1200.0,1215.0,-15.0,,25.0,30000.0,1.0,0.0,0.0,-1.2345679012345678,30000.0,1200.0
2026-06-01T05:45:27+00:00,2026-06-01T11:30:27+05:45,2026-06-01,11:30:27,1780292727,0,5,11,nepse_official,OPEN,2026-06-01,PCBL,Prime Commercial Bank Ltd.,250.0,250.0,242.6,,245.0,247.0,-2.0,,1117.0,273664.6,13.0,7.400000000000006,2.960000000000002,-0.8097165991902834,21051.123076923075,244.9996418979409
2026-06-01T05:45:27+00:00,2026-06-01T11:30:27+05:45,2026-06-01,11:30:27,1780292727,0,5,11,nepse_official,OPEN,2026-06-01,PCIL,Palpa Cement Industries Limited,815.0,818.9,802.1,,810.0,820.0,-10.0,,10492.0,8516997.3,312.0,16.799999999999955,2.061349693251528,-1.2195121951219512,27298.06826923077,811.7610846359131
2026-06-01T05:45:27+00:00,2026-06-01T11:30:27+05:45,2026-06-01,11:30:27,1780292727,0,5,11,nepse_official,OPEN,2026-06-01,PFL,Pokhara Finance Ltd.,380.1,380.1,365.0,,371.0,376.5,-5.5,,815.0,300991.0,7.0,15.100000000000023,3.972638779268619,-1.4608233731739706,42998.71428571428,369.31411042944785
2026-06-01T05:45:27+00:00,2026-06-01T11:30:27+05:45,2026-06-01,11:30:27,1780292727,0,5,11,nepse_official,OPEN,2026-06-01,PHCL,Peoples Hydropower Company Limited,319.0,319.0,306.0,,312.0,311.0,1.0,,3931.0,1215204.1,35.0,13.0,4.075235109717868,0.3215434083601286,34720.11714285715,309.1335792419232
2026-06-01T05:45:27+00:00,2026-06-01T11:30:27+05:45,2026-06-01,11:30:27,1780292727,0,5,11,nepse_official,OPEN,2026-06-01,PMHPL,Panchakanya Mai Hydropower Ltd,347.9,348.0,341.0,,348.0,349.0,-1.0,,275.0,95333.5,5.0,7.0,2.0120724346076457,-0.28653295128939826,19066.7,346.66727272727275
2026-06-01T05:45:27+00:00,2026-06-01T11:30:27+05:45,2026-06-01,11:30:27,1780292727,0,5,11,nepse_official,OPEN,2026-06-01,PMLI,Prabhu Mahalaxmi Life Insurance Limited,471.0,471.0,466.0,,466.0,469.6,-3.6000000000000227,,1111.0,523226.0,5.0,5.0,1.0615711252653928,-0.7666098807495789,104645.2,470.9504950495049
2026-06-01T05:45:27+00:00,2026-06-01T11:30:27+05:45,2026-06-01,11:30:27,1780292727,0,5,11,nepse_official,OPEN,2026-06-01,PPCL,Panchthar Power Compant Limited,409.5,409.5,370.0,,382.0,390.0,-8.0,,14840.0,5699365.6,29.0,39.5,9.645909645909647,-2.051282051282051,196529.84827586205,384.0542857142857
2026-06-01T05:45:27+00:00,2026-06-01T11:30:27+05:45,2026-06-01,11:30:27,1780292727,0,5,11,nepse_official,OPEN,2026-06-01,PPL,People's Power Limited,342.8,360.9,342.8,,359.9,360.8,-0.9000000000000341,,3885.0,1395264.6,18.0,18.099999999999966,5.280046674445731,-0.249445676274954,77514.70000000001,359.1414671814672
2026-06-01T05:45:27+00:00,2026-06-01T11:30:27+05:45,2026-06-01,11:30:27,1780292727,0,5,11,nepse_official,OPEN,2026-06-01,PRIN,Prabhu Insurance Ltd.,700.0,700.0,668.0,,693.0,667.8,25.200000000000045,,6248.0,4293718.9,40.0,32.0,4.571428571428571,3.773584905660384,107342.9725,687.2149327784891
2026-06-01T05:45:27+00:00,2026-06-01T11:30:27+05:45,2026-06-01,11:30:27,1780292727,0,5,11,nepse_official,OPEN,2026-06-01,PROFL,Progressive Finance Limited,450.0,450.0,450.0,,450.0,441.0,9.0,,10.0,4500.0,1.0,0.0,0.0,2.0408163265306123,4500.0,450.0
2026-06-01T05:45:27+00:00,2026-06-01T11:30:27+05:45,2026-06-01,11:30:27,1780292727,0,5,11,nepse_official,OPEN,2026-06-01,PRSF,Prabhu Smart Fund,13.4,13.4,13.0,,13.0,13.05,-0.05000000000000071,,13600.0,178060.0,6.0,0.40000000000000036,2.9850746268656745,-0.38314176245211273,29676.666666666668,13.092647058823529
2026-06-01T05:45:27+00:00,2026-06-01T11:30:27+05:45,2026-06-01,11:30:27,1780292727,0,5,11,nepse_official,OPEN,2026-06-01,PRVU,Prabhu  Bank Limited,200.0,200.9,196.2,,200.0,200.4,-0.4000000000000057,,17893.0,3565535.4,77.0,4.700000000000017,2.3500000000000085,-0.19960079840319644,46305.65454545454,199.2698485441234
2026-06-01T05:45:27+00:00,2026-06-01T11:30:27+05:45,2026-06-01,11:30:27,1780292727,0,5,11,nepse_official,OPEN,2026-06-01,PSF,Prabhu Select Fund,12.5,12.5,12.5,,12.5,12.54,-0.03999999999999915,,300.0,3750.0,3.0,0.0,0.0,-0.31897926634768065,1250.0,12.5
2026-06-01T05:45:27+00:00,2026-06-01T11:30:27+05:45,2026-06-01,11:30:27,1780292727,0,5,11,nepse_official,OPEN,2026-06-01,PURE,Pure Energy Limited,959.0,980.0,935.1,,980.0,969.0,11.0,,550.0,526180.0,14.0,44.89999999999998,4.6819603753910295,1.1351909184726523,37584.28571428572,956.6909090909091
2026-06-01T05:45:27+00:00,2026-06-01T11:30:27+05:45,2026-06-01,11:30:27,1780292727,0,5,11,nepse_official,OPEN,2026-06-01,RADHI,Radhi Bidyut Company Ltd,772.0,789.0,772.0,,789.0,785.0,4.0,,2313.0,1804900.4,17.0,17.0,2.2020725388601035,0.5095541401273885,106170.61176470587,780.3287505404237
2026-06-01T05:45:27+00:00,2026-06-01T11:30:27+05:45,2026-06-01,11:30:27,1780292727,0,5,11,nepse_official,OPEN,2026-06-01,RAWA,Rawa Energy Development Limited,613.2,613.2,590.0,,590.0,584.0,6.0,,140.0,83225.7,6.0,23.200000000000045,3.783431180691462,1.0273972602739725,13870.949999999999,594.4692857142857
2026-06-01T05:45:27+00:00,2026-06-01T11:30:27+05:45,2026-06-01,11:30:27,1780292727,0,5,11,nepse_official,OPEN,2026-06-01,RBCL,Rastriya Beema Company Limited,15555.0,15600.0,15002.1,,15205.0,15635.0,-430.0,,144.0,2207591.0,12.0,597.8999999999996,3.843780135004819,-2.750239846498241,183965.91666666666,15330.493055555555
2026-06-01T05:45:27+00:00,2026-06-01T11:30:27+05:45,2026-06-01,11:30:27,1780292727,0,5,11,nepse_official,OPEN,2026-06-01,RBCLPO,Rastriya Beema Company Limited Promoter Share,11800.1,11800.1,11800.0,,11800.0,12162.0,-362.0,,30.0,354001.0,2.0,0.1000000000003638,0.0008474504453382921,-2.9764841308995234,177000.5,11800.033333333333
2026-06-01T05:45:27+00:00,2026-06-01T11:30:27+05:45,2026-06-01,11:30:27,1780292727,0,5,11,nepse_official,OPEN,2026-06-01,RFPL,River Falls Power Limited,400.0,400.0,373.0,,383.0,381.0,2.0,,1995.0,752952.0,14.0,27.0,6.75,0.5249343832020997,53782.28571428572,377.4195488721804
2026-06-01T05:45:27+00:00,2026-06-01T11:30:27+05:45,2026-06-01,11:30:27,1780292727,0,5,11,nepse_official,OPEN,2026-06-01,RHGCL,Rapti Hydro And General Construction Limited,306.6,309.0,301.0,,305.0,306.6,-1.6000000000000227,,7450.0,2262031.0,29.0,8.0,2.609262883235486,-0.5218525766471045,78001.06896551725,303.62832214765103
2026-06-01T05:45:27+00:00,2026-06-01T11:30:27+05:45,2026-06-01,11:30:27,1780292727,0,5,11,nepse_official,OPEN,2026-06-01,RHPL,RASUWAGADHI HYDROPOWER COMPANY LIMITED,295.0,295.0,279.1,,282.0,283.0,-1.0,,1074.0,302816.0,12.0,15.899999999999977,5.389830508474568,-0.35335689045936397,25234.666666666668,281.951582867784
2026-06-01T05:45:27+00:00,2026-06-01T11:30:27+05:45,2026-06-01,11:30:27,1780292727,0,5,11,nepse_official,OPEN,2026-06-01,RIDI,Ridi Power Company Limited,376.0,378.0,370.0,,377.0,376.0,1.0,,90225.0,33694533.6,236.0,8.0,2.127659574468085,0.26595744680851063,142773.44745762713,373.45008146300916
2026-06-01T05:45:27+00:00,2026-06-01T11:30:27+05:45,2026-06-01,11:30:27,1780292727,0,5,11,nepse_official,OPEN,2026-06-01,RLEL,Ridge Line Energy Limited,1075.0,1099.0,1041.1,,1060.1,1075.0,-14.900000000000091,,3673.0,3932204.0,83.0,57.90000000000009,5.3860465116279155,-1.3860465116279153,47375.951807228914,1070.5701061802342
2026-06-01T05:45:27+00:00,2026-06-01T11:30:27+05:45,2026-06-01,11:30:27,1780292727,0,5,11,nepse_official,OPEN,2026-06-01,RLFL,Reliance Finance Ltd.,443.8,443.9,443.8,,443.8,436.2,7.600000000000023,,85.0,37728.5,3.0,0.0999999999999659,0.02253267237493598,1.742320036680427,12576.166666666666,443.86470588235295
2026-06-01T05:45:27+00:00,2026-06-01T11:30:27+05:45,2026-06-01,11:30:27,1780292727,0,5,11,nepse_official,OPEN,2026-06-01,RNLI,Reliable Nepal Life Insurance Limited,468.0,468.0,460.0,,465.6,468.2,-2.599999999999966,,253.0,117344.2,18.0,8.0,1.7094017094017095,-0.5553182400683395,6519.122222222222,463.81106719367585
2026-06-01T05:45:27+00:00,2026-06-01T11:30:27+05:45,2026-06-01,11:30:27,1780292727,0,5,11,nepse_official,OPEN,2026-06-01,RSDC,RSDC Laghubitta Bittiya Sanstha Ltd.,650.1,691.0,650.1,,675.0,665.0,10.0,,3638.0,2492042.5,9.0,40.89999999999998,6.291339793877861,1.5037593984962405,276893.6111111111,685.0034359538208
2026-06-01T05:45:27+00:00,2026-06-01T11:30:27+05:45,2026-06-01,11:30:27,1780292727,0,5,11,nepse_official,OPEN,2026-06-01,RSML,Reliance Spinning Mills Limited,3745.0,3745.0,3680.0,,3710.0,3745.0,-35.0,,6268.0,23206680.0,121.0,65.0,1.7356475300400533,-0.9345794392523363,191790.7438016529,3702.4058710912573
2026-06-01T05:45:27+00:00,2026-06-01T11:30:27+05:45,2026-06-01,11:30:27,1780292727,0,5,11,nepse_official,OPEN,2026-06-01,RSY,Reliable Samriddhi Yojana,10.03,10.5,10.03,,10.2,10.22,-0.02000000000000135,,700.0,7208.0,7.0,0.47000000000000064,4.685942173479568,-0.19569471624267468,1029.7142857142858,10.297142857142857
2026-06-01T05:45:27+00:00,2026-06-01T11:30:27+05:45,2026-06-01,11:30:27,1780292727,0,5,11,nepse_official,OPEN,2026-06-01,RURU,Ru Ru Jalbidhyut Pariyojana Limited,660.0,669.5,650.0,,669.5,669.9,-0.39999999999997726,,35.0,23095.0,3.0,19.5,2.9545454545454546,-0.05971040453798736,7698.333333333333,659.8571428571429
2026-06-01T05:45:27+00:00,2026-06-01T11:30:27+05:45,2026-06-01,11:30:27,1780292727,0,5,11,nepse_official,OPEN,2026-06-01,SABBL,Salapa Bikas Bank Limited,1250.0,1250.0,1210.0,,1225.1,1220.0,5.099999999999909,,1611.0,1967683.2,41.0,40.0,3.2,0.4180327868852384,47992.27317073171,1221.4048417132217
2026-06-01T05:45:27+00:00,2026-06-01T11:30:27+05:45,2026-06-01,11:30:27,1780292727,0,5,11,nepse_official,OPEN,2026-06-01,SADBL,Shangrila Development Bank Ltd.,417.4,417.9,416.9,,417.9,414.9,3.0,,668.0,278479.0,5.0,1.0,0.23957834211787254,0.723065798987708,55695.8,416.88473053892216
2026-06-01T05:45:27+00:00,2026-06-01T11:30:27+05:45,2026-06-01,11:30:27,1780292727,0,5,11,nepse_official,OPEN,2026-06-01,SAGAR,Sagar Distillery Limited,1700.0,1719.0,1675.1,,1719.0,1702.1,16.90000000000009,,370.0,630459.5,20.0,43.90000000000009,2.582352941176476,0.9928911344809407,31522.975,1703.9445945945945
2026-06-01T05:45:27+00:00,2026-06-01T11:30:27+05:45,2026-06-01,11:30:27,1780292727,0,5,11,nepse_official,OPEN,2026-06-01,SAGF,Sanima Growth Fund,10.0,10.1,10.0,,10.1,10.2,-0.09999999999999964,,460.0,4636.0,3.0,0.09999999999999964,0.9999999999999963,-0.9803921568627416,1545.3333333333333,10.078260869565218
2026-06-01T05:45:27+00:00,2026-06-01T11:30:27+05:45,2026-06-01,11:30:27,1780292727,0,5,11,nepse_official,OPEN,2026-06-01,SAHAS,Sahas Urja Limited,687.0,687.0,670.0,,684.0,687.0,-3.0,,36710.0,25007174.6,177.0,17.0,2.4745269286754,-0.43668122270742354,141283.4723163842,681.2087877962408
2026-06-01T05:45:27+00:00,2026-06-01T11:30:27+05:45,2026-06-01,11:30:27,1780292727,0,5,11,nepse_official,OPEN,2026-06-01,SAIL,Shreenagar Agritech Industries Limited,1183.0,1183.0,1110.0,,1128.0,1139.0,-11.0,,3499.0,3949633.0,57.0,73.0,6.170752324598478,-0.9657594381035997,69291.80701754386,1128.7890825950271
2026-06-01T05:45:27+00:00,2026-06-01T11:30:27+05:45,2026-06-01,11:30:27,1780292727,0,5,11,nepse_official,OPEN,2026-06-01,SALICO,Sagarmatha Lumbini Insurance Co. Limited,590.0,614.9,590.0,,614.9,598.0,16.899999999999977,,1184.0,722552.0,8.0,24.899999999999977,4.220338983050843,2.8260869565217352,90319.0,610.2635135135135
2026-06-01T05:45:27+00:00,2026-06-01T11:30:27+05:45,2026-06-01,11:30:27,1780292727,0,5,11,nepse_official,OPEN,2026-06-01,SANIMA,Sanima Bank Limited,368.0,368.0,362.0,,367.0,368.0,-1.0,,7987.0,2923548.0,36.0,6.0,1.6304347826086956,-0.2717391304347826,81209.66666666667,366.0383122574183
2026-06-01T05:45:27+00:00,2026-06-01T11:30:27+05:45,2026-06-01,11:30:27,1780292727,0,5,11,nepse_official,OPEN,2026-06-01,SANVI,Sanvi Energy Limited,705.0,727.0,705.0,,727.0,724.9,2.1000000000000227,,4600.0,3310344.6,42.0,22.0,3.120567375886525,0.2896951303628118,78817.72857142857,719.6401304347826
2026-06-01T05:45:27+00:00,2026-06-01T11:30:27+05:45,2026-06-01,11:30:27,1780292727,0,5,11,nepse_official,OPEN,2026-06-01,SAPDBL,Saptakoshi Development Bank Ltd,786.1,808.0,786.0,,808.0,808.3,-0.2999999999999545,,2985.0,2385081.0,29.0,22.0,2.7986261289912227,-0.03711493257453353,82244.1724137931,799.0221105527638
2026-06-01T05:45:27+00:00,2026-06-01T11:30:27+05:45,2026-06-01,11:30:27,1780292727,0,5,11,nepse_official,OPEN,2026-06-01,SARBTM,Sarbottam Cement Limited,855.1,875.0,855.1,,868.0,869.0,-1.0,,252.0,217766.0,6.0,19.899999999999977,2.327213191439595,-0.11507479861910241,36294.333333333336,864.1507936507936
2026-06-01T05:45:27+00:00,2026-06-01T11:30:27+05:45,2026-06-01,11:30:27,1780292727,0,5,11,nepse_official,OPEN,2026-06-01,SBI,Nepal SBI Bank Limited,401.0,402.0,394.3,,396.2,400.0,-3.8000000000000114,,1951.0,776127.2,8.0,7.699999999999989,1.92019950124688,-0.950000000000003,97015.9,397.8099436186571
2026-06-01T05:45:27+00:00,2026-06-01T11:30:27+05:45,2026-06-01,11:30:27,1780292727,0,5,11,nepse_official,OPEN,2026-06-01,SBL,Siddhartha Bank Limited,406.0,406.0,396.1,,400.2,405.0,-4.800000000000011,,6623.0,2681855.0,17.0,9.899999999999977,2.4384236453201913,-1.185185185185188,157756.17647058822,404.93054507020986
2026-06-01T05:45:27+00:00,2026-06-01T11:30:27+05:45,2026-06-01,11:30:27,1780292727,0,5,11,nepse_official,OPEN,2026-06-01,SCB,Standard Chartered Bank Limited,658.0,659.0,642.0,,659.0,658.9,0.10000000000002274,,518.0,340862.0,14.0,17.0,2.5835866261398177,0.015176809834576224,24347.285714285714,658.034749034749
2026-06-01T05:45:27+00:00,2026-06-01T11:30:27+05:45,2026-06-01,11:30:27,1780292727,0,5,11,nepse_official,OPEN,2026-06-01,SFCL,Samriddhi Finance Company Limited,376.0,376.0,365.0,,365.0,377.5,-12.5,,45.0,16645.0,2.0,11.0,2.925531914893617,-3.3112582781456954,8322.5,369.8888888888889
2026-06-01T05:45:27+00:00,2026-06-01T11:30:27+05:45,2026-06-01,11:30:27,1780292727,0,5,11,nepse_official,OPEN,2026-06-01,SGHC,Swet-Ganga Hydropower & Construction Limited ,386.9,386.9,380.0,,386.0,380.0,6.0,,75.0,28719.0,3.0,6.899999999999977,1.7834065650038713,1.5789473684210527,9573.0,382.92
2026-06-01T05:45:27+00:00,2026-06-01T11:30:27+05:45,2026-06-01,11:30:27,1780292727,0,5,11,nepse_official,OPEN,2026-06-01,SGIC,Sanima GIC Insurance Limited,465.0,485.5,460.0,,485.5,465.4,20.100000000000023,,14563.0,6942346.8,82.0,25.5,5.483870967741936,4.318865492049855,84662.76585365854,476.7113094829362
2026-06-01T05:45:27+00:00,2026-06-01T11:30:27+05:45,2026-06-01,11:30:27,1780292727,0,5,11,nepse_official,OPEN,2026-06-01,SHEL,Singati Hydro Energy Limited,323.0,323.0,313.4,,322.0,322.8,-0.8000000000000114,,28995.0,9276810.1,71.0,9.600000000000023,2.972136222910224,-0.24783147459727736,130659.29718309859,319.94516640800134
2026-06-01T05:45:27+00:00,2026-06-01T11:30:27+05:45,2026-06-01,11:30:27,1780292727,0,5,11,nepse_official,OPEN,2026-06-01,SHINE,Shine Resunga Development Bank Ltd.,410.0,418.8,410.0,,411.4,418.0,-6.600000000000023,,130.0,53415.2,4.0,8.800000000000011,2.146341463414637,-1.5789473684210582,13353.8,410.88615384615383
2026-06-01T05:45:27+00:00,2026-06-01T11:30:27+05:45,2026-06-01,11:30:27,1780292727,0,5,11,nepse_official,OPEN,2026-06-01,SHIVM,SHIVAM CEMENTS LTD,686.0,686.0,675.8,,684.6,685.0,-0.39999999999997726,,20500.0,13943056.2,96.0,10.200000000000045,1.4868804664723099,-0.05839416058393828,145240.16874999998,680.1490829268292
2026-06-01T05:45:27+00:00,2026-06-01T11:30:27+05:45,2026-06-01,11:30:27,1780292727,0,5,11,nepse_official,OPEN,2026-06-01,SHL,Soaltee Hotel Limited,506.0,509.0,506.0,,509.0,511.0,-2.0,,330.0,167280.0,3.0,3.0,0.592885375494071,-0.3913894324853229,55760.0,506.90909090909093
2026-06-01T05:45:27+00:00,2026-06-01T11:30:27+05:45,2026-06-01,11:30:27,1780292727,0,5,11,nepse_official,OPEN,2026-06-01,SHLB,Shrijanshil Laghubitta Bittiya Sanstha Limited,1480.0,1480.0,1450.0,,1450.0,1472.7,-22.700000000000045,,40.0,58300.0,3.0,30.0,2.027027027027027,-1.5413865688870811,19433.333333333332,1457.5
2026-06-01T05:45:27+00:00,2026-06-01T11:30:27+05:45,2026-06-01,11:30:27,1780292727,0,5,11,nepse_official,OPEN,2026-06-01,SHPC,Sanima Mai Hydropower Ltd.,521.1,527.5,520.1,,526.1,528.7,-2.6000000000000227,,1479.0,774105.2,13.0,7.399999999999977,1.420072922663592,-0.49177227160961273,59546.553846153845,523.3977011494253
2026-06-01T05:45:27+00:00,2026-06-01T11:30:27+05:45,2026-06-01,11:30:27,1780292727,0,5,11,nepse_official,OPEN,2026-06-01,SICL,Shikhar Insurance Co. Ltd.,635.0,640.0,623.1,,635.0,619.9,15.100000000000023,,3640.0,2308716.0,32.0,16.899999999999977,2.661417322834642,2.435876754315216,72147.375,634.2626373626374
2026-06-01T05:45:27+00:00,2026-06-01T11:30:27+05:45,2026-06-01,11:30:27,1780292727,0,5,11,nepse_official,OPEN,2026-06-01,SIFC,Shree Investment Finance Co. Ltd.,543.0,543.0,527.1,,527.1,543.0,-15.899999999999977,,1240.0,663815.0,6.0,15.899999999999977,2.9281767955801064,-2.9281767955801064,110635.83333333333,535.3346774193549
2026-06-01T05:45:27+00:00,2026-06-01T11:30:27+05:45,2026-06-01,11:30:27,1780292727,0,5,11,nepse_official,OPEN,2026-06-01,SIKLES,Sikles Hydropower Limited,610.0,620.0,601.9,,603.0,609.0,-6.0,,593.0,358948.7,6.0,18.100000000000023,2.9672131147541023,-0.9852216748768473,59824.78333333333,605.3097807757167
2026-06-01T05:45:27+00:00,2026-06-01T11:30:27+05:45,2026-06-01,11:30:27,1780292727,0,5,11,nepse_official,OPEN,2026-06-01,SINDU,Sindhu Bikash Bank Ltd,734.3,744.0,728.1,,744.0,750.0,-6.0,,2493.0,1830607.3,16.0,15.899999999999977,2.1653275228108373,-0.8,114412.95625,734.2989570798235
2026-06-01T05:45:27+00:00,2026-06-01T11:30:27+05:45,2026-06-01,11:30:27,1780292727,0,5,11,nepse_official,OPEN,2026-06-01,SIPD,Shikhar power Development Limited,825.0,829.0,805.1,,821.0,830.0,-9.0,,3362.0,2749360.0,115.0,23.899999999999977,2.896969696969694,-1.0843373493975903,23907.478260869564,817.7751338488995
2026-06-01T05:45:27+00:00,2026-06-01T11:30:27+05:45,2026-06-01,11:30:27,1780292727,0,5,11,nepse_official,OPEN,2026-06-01,SJCL,SANJEN JALAVIDHYUT COMPANY LIMITED,300.6,306.0,295.0,,306.0,300.6,5.399999999999977,,3380.0,1013557.5,21.0,11.0,3.6593479707252157,1.796407185628735,48264.642857142855,299.8690828402367
2026-06-01T05:45:27+00:00,2026-06-01T11:30:27+05:45,2026-06-01,11:30:27,1780292727,0,5,11,nepse_official,OPEN,2026-06-01,SJLIC,SuryaJyoti Life Insurance Company Limited,437.0,438.0,432.1,,435.0,436.0,-1.0,,1690.0,738211.0,14.0,5.899999999999977,1.3501144164759673,-0.22935779816513763,52729.357142857145,436.8112426035503
2026-06-01T05:45:27+00:00,2026-06-01T11:30:27+05:45,2026-06-01,11:30:27,1780292727,0,5,11,nepse_official,OPEN,2026-06-01,SKBBL,Sana Kisan Bikas Laghubitta Bittiya Sanstha Limited,780.0,780.0,771.0,,774.8,770.0,4.7999999999999545,,478.0,371156.6,7.0,9.0,1.153846153846154,0.6233766233766175,53022.37142857142,776.4782426778243
2026-06-01T05:45:27+00:00,2026-06-01T11:30:27+05:45,2026-06-01,11:30:27,1780292727,0,5,11,nepse_official,OPEN,2026-06-01,SKHEL,Suryakunda Hydro Electric Limited,1290.0,1290.0,1252.0,,1274.0,1270.0,4.0,,1010.0,1271034.5,49.0,38.0,2.945736434108527,0.31496062992125984,25939.479591836734,1258.45
2026-06-01T05:45:27+00:00,2026-06-01T11:30:27+05:45,2026-06-01,11:30:27,1780292727,0,5,11,nepse_official,OPEN,2026-06-01,SKHL,Super Khudi Hydropower Limited,975.1,975.1,958.0,,967.0,975.1,-8.100000000000023,,5159.0,4980140.8,77.0,17.100000000000023,1.7536662906368599,-0.8306840324069349,64677.153246753245,965.330645473929
2026-06-01T05:45:27+00:00,2026-06-01T11:30:27+05:45,2026-06-01,11:30:27,1780292727,0,5,11,nepse_official,OPEN,2026-06-01,SLBBL,Swarojgar Laghubitta Bittiya Sanstha Ltd.,830.0,835.0,823.0,,829.9,833.9,-4.0,,370.0,307290.0,6.0,12.0,1.4457831325301205,-0.4796738218011752,51215.0,830.5135135135135
2026-06-01T05:45:27+00:00,2026-06-01T11:30:27+05:45,2026-06-01,11:30:27,1780292727,0,5,11,nepse_official,OPEN,2026-06-01,SLBSL,Samudayik Laghubitta Bittiya Sanstha Limited,1182.1,1182.1,1182.1,,1182.1,1216.5,-34.40000000000009,,14.0,16549.4,1.0,0.0,0.0,-2.8277846280312446,16549.4,1182.1000000000001
2026-06-01T05:45:27+00:00,2026-06-01T11:30:27+05:45,2026-06-01,11:30:27,1780292727,0,5,11,nepse_official,OPEN,2026-06-01,SLCF,Sanima Large Cap Fund,10.2,10.2,10.2,,10.2,10.17,0.02999999999999936,,200.0,2040.0,1.0,0.0,0.0,0.29498525073745685,2040.0,10.2
2026-06-01T05:45:27+00:00,2026-06-01T11:30:27+05:45,2026-06-01,11:30:27,1780292727,0,5,11,nepse_official,OPEN,2026-06-01,SMATA,Samata Gharelu Laghubitta Bittiya Sanstha Limited,780.1,780.1,777.9,,777.9,773.0,4.899999999999977,,119.0,92768.1,3.0,2.2000000000000455,0.28201512626586916,0.6338939197930114,30922.7,779.5638655462185
2026-06-01T05:45:27+00:00,2026-06-01T11:30:27+05:45,2026-06-01,11:30:27,1780292727,0,5,11,nepse_official,OPEN,2026-06-01,SMB,Support Microfinance Bittiya Sanstha Ltd.,1792.0,1792.0,1792.0,,1792.0,1749.0,43.0,,30.0,53760.0,1.0,0.0,0.0,2.4585477415666093,53760.0,1792.0
2026-06-01T05:45:27+00:00,2026-06-01T11:30:27+05:45,2026-06-01,11:30:27,1780292727,0,5,11,nepse_official,OPEN,2026-06-01,SMFBS,Swabhimaan Laghubitta Bittiya Sanstha Limited,1505.0,1505.0,1505.0,,1505.0,1520.0,-15.0,,200.0,301000.0,1.0,0.0,0.0,-0.9868421052631579,301000.0,1505.0
2026-06-01T05:45:27+00:00,2026-06-01T11:30:27+05:45,2026-06-01,11:30:27,1780292727,0,5,11,nepse_official,OPEN,2026-06-01,SMH,Super Mai Hydropower Limited,602.0,605.0,590.5,,605.0,602.0,3.0,,1277.0,764586.0,13.0,14.5,2.408637873754153,0.4983388704318937,58814.307692307695,598.7361002349256
2026-06-01T05:45:27+00:00,2026-06-01T11:30:27+05:45,2026-06-01,11:30:27,1780292727,0,5,11,nepse_official,OPEN,2026-06-01,SMHL,Super Madi Hydropower Limited,510.0,515.0,504.0,,515.0,510.0,5.0,,8943.0,4556254.9,44.0,11.0,2.156862745098039,0.9803921568627451,103551.24772727274,509.47723359051776
2026-06-01T05:45:27+00:00,2026-06-01T11:30:27+05:45,2026-06-01,11:30:27,1780292727,0,5,11,nepse_official,OPEN,2026-06-01,SMJC,Sagarmatha Jalabidhyut Company Limited,497.7,497.7,466.0,,469.1,474.0,-4.899999999999977,,1627.0,773121.7,13.0,31.69999999999999,6.369298774362063,-1.0337552742615985,59470.899999999994,475.18236017209585
2026-06-01T05:45:27+00:00,2026-06-01T11:30:27+05:45,2026-06-01,11:30:27,1780292727,0,5,11,nepse_official,OPEN,2026-06-01,SNLI,Sun Nepal Life Insurance Company Limited,457.0,460.0,453.0,,457.0,456.8,0.19999999999998863,,2857.0,1305826.8,31.0,7.0,1.5317286652078774,0.043782837127843394,42123.44516129032,457.0622331116556
2026-06-01T05:45:27+00:00,2026-06-01T11:30:27+05:45,2026-06-01,11:30:27,1780292727,0,5,11,nepse_official,OPEN,2026-06-01,SOHL,Solu Hydropower Limited,670.0,693.0,670.0,,676.0,676.0,0.0,,20027.0,13649542.0,246.0,23.0,3.4328358208955225,0.0,55485.9430894309,681.556998052629
2026-06-01T05:45:27+00:00,2026-06-01T11:30:27+05:45,2026-06-01,11:30:27,1780292727,0,5,11,nepse_official,OPEN,2026-06-01,SONA,Sonapur Minerals And Oil Limited,451.0,460.9,451.0,,460.0,463.1,-3.1000000000000227,,7668.0,3495186.4,34.0,9.899999999999977,2.195121951219507,-0.669401857050318,102799.59999999999,455.8146061554512
2026-06-01T05:45:27+00:00,2026-06-01T11:30:27+05:45,2026-06-01,11:30:27,1780292727,0,5,11,nepse_official,OPEN,2026-06-01,SPC,Samling Power Company Limited,479.7,479.7,477.0,,477.0,468.8,8.199999999999989,,20.0,9567.0,2.0,2.6999999999999886,0.5628517823639752,1.7491467576791784,4783.5,478.35
2026-06-01T05:45:27+00:00,2026-06-01T11:30:27+05:45,2026-06-01,11:30:27,1780292727,0,5,11,nepse_official,OPEN,2026-06-01,SPDL,Synergy Power Development Ltd.,426.3,426.3,402.0,,410.0,406.0,4.0,,4710.0,1918587.0,20.0,24.30000000000001,5.7002111189303335,0.9852216748768473,95929.35,407.34331210191084
2026-06-01T05:45:27+00:00,2026-06-01T11:30:27+05:45,2026-06-01,11:30:27,1780292727,0,5,11,nepse_official,OPEN,2026-06-01,SPHL,Sayapatri Hydropower Limited,543.0,547.9,531.5,,547.0,547.0,0.0,,6068.0,3282011.0,15.0,16.399999999999977,3.020257826887657,0.0,218800.73333333334,540.8719512195122
2026-06-01T05:45:27+00:00,2026-06-01T11:30:27+05:45,2026-06-01,11:30:27,1780292727,0,5,11,nepse_official,OPEN,2026-06-01,SPIL,Siddhartha Premier Insurance Limited,700.0,738.5,700.0,,738.5,720.0,18.5,,3213.0,2327660.0,21.0,38.5,5.5,2.569444444444444,110840.95238095238,724.4506691565515
2026-06-01T05:45:27+00:00,2026-06-01T11:30:27+05:45,2026-06-01,11:30:27,1780292727,0,5,11,nepse_official,OPEN,2026-06-01,SPL,Shuvam Power Limited,700.2,700.2,700.2,,700.2,714.0,-13.799999999999955,,20.0,14004.0,1.0,0.0,0.0,-1.932773109243691,14004.0,700.2
2026-06-01T05:45:27+00:00,2026-06-01T11:30:27+05:45,2026-06-01,11:30:27,1780292727,0,5,11,nepse_official,OPEN,2026-06-01,SRLI,Sanima Reliance Life Insurance Limited,390.0,393.0,390.0,,393.0,393.0,0.0,,465.0,181806.3,16.0,3.0,0.7692307692307693,0.0,11362.89375,390.9812903225806
2026-06-01T05:45:27+00:00,2026-06-01T11:30:27+05:45,2026-06-01,11:30:27,1780292727,0,5,11,nepse_official,OPEN,2026-06-01,SSHL,Shiva Shree Hydropower Ltd,220.0,223.9,213.5,,222.6,222.3,0.29999999999998295,,35776.0,7907395.0,119.0,10.400000000000006,4.72727272727273,0.1349527665317062,66448.6974789916,221.02512857781753
2026-06-01T05:45:27+00:00,2026-06-01T11:30:27+05:45,2026-06-01,11:30:27,1780292727,0,5,11,nepse_official,OPEN,2026-06-01,STC,Salt Trading Corporation,5548.0,5548.0,5548.0,,5548.0,5569.0,-21.0,,10.0,55480.0,1.0,0.0,0.0,-0.3770874483749327,55480.0,5548.0
2026-06-01T05:45:27+00:00,2026-06-01T11:30:27+05:45,2026-06-01,11:30:27,1780292727,0,5,11,nepse_official,OPEN,2026-06-01,SWASTIK,Swastik Laghubitta Bittiya Sanstha Limited,2380.0,2380.0,2350.0,,2350.0,2390.0,-40.0,,40.0,94300.0,3.0,30.0,1.2605042016806722,-1.6736401673640167,31433.333333333332,2357.5
2026-06-01T05:45:27+00:00,2026-06-01T11:30:27+05:45,2026-06-01,11:30:27,1780292727,0,5,11,nepse_official,OPEN,2026-06-01,SWBBL,Swabalamban Laghubitta Bittiya Sanstha Limited,785.4,785.4,750.0,,750.0,748.0,2.0,,170.0,129044.0,4.0,35.39999999999998,4.507257448433917,0.267379679144385,32261.0,759.0823529411765
2026-06-01T05:45:27+00:00,2026-06-01T11:30:27+05:45,2026-06-01,11:30:27,1780292727,0,5,11,nepse_official,OPEN,2026-06-01,SWMF,Suryodaya Womi Laghubitta Bittiya Sanstha Limited,653.8,653.8,651.0,,651.0,674.0,-23.0,,112.0,72945.6,2.0,2.7999999999999545,0.42826552462526074,-3.4124629080118694,36472.8,651.3000000000001
2026-06-01T05:45:27+00:00,2026-06-01T11:30:27+05:45,2026-06-01,11:30:27,1780292727,0,5,11,nepse_official,OPEN,2026-06-01,SYPNL,SY Panel Nepal Limited,1480.0,1499.7,1460.0,,1496.0,1490.0,6.0,,4595.0,6830793.8,89.0,39.700000000000045,2.6824324324324356,0.4026845637583893,76750.49213483145,1486.571011969532
2026-06-01T05:45:27+00:00,2026-06-01T11:30:27+05:45,2026-06-01,11:30:27,1780292727,0,5,11,nepse_official,OPEN,2026-06-01,TAMOR,Sanima Middle Tamor Hydropower Limited,508.2,508.2,475.0,,481.0,484.0,-3.0,,14989.0,7188698.9,57.0,33.19999999999999,6.532861078315621,-0.6198347107438017,126117.52456140351,479.5982987524185
2026-06-01T05:45:27+00:00,2026-06-01T11:30:27+05:45,2026-06-01,11:30:27,1780292727,0,5,11,nepse_official,OPEN,2026-06-01,TPC,Terhathum Power Company Limited,378.0,378.9,369.1,,374.7,379.9,-5.199999999999989,,3169.0,1191074.0,18.0,9.799999999999955,2.5925925925925806,-1.368781258225846,66170.77777777778,375.8516882297255
2026-06-01T05:45:27+00:00,2026-06-01T11:30:27+05:45,2026-06-01,11:30:27,1780292727,0,5,11,nepse_official,OPEN,2026-06-01,TSHL,Three Star Hydropower Limited,632.1,632.1,610.0,,610.0,602.5,7.5,,231.0,141626.2,7.0,22.100000000000023,3.4962822338237656,1.2448132780082988,20232.31428571429,613.1004329004329
2026-06-01T05:45:27+00:00,2026-06-01T11:30:27+05:45,2026-06-01,11:30:27,1780292727,0,5,11,nepse_official,OPEN,2026-06-01,TTL,Trade Tower Limited,849.7,849.7,830.0,,841.0,851.6,-10.600000000000023,,1154.0,970532.0,24.0,19.700000000000045,2.3184653407084905,-1.2447158290277152,40438.833333333336,841.0155979202773
2026-06-01T05:45:27+00:00,2026-06-01T11:30:27+05:45,2026-06-01,11:30:27,1780292727,0,5,11,nepse_official,OPEN,2026-06-01,TVCL,Trishuli Jal Vidhyut Company Limited ,540.0,545.0,530.0,,530.0,540.0,-10.0,,80.0,43200.0,3.0,15.0,2.7777777777777777,-1.8518518518518516,14400.0,540.0
2026-06-01T05:45:27+00:00,2026-06-01T11:30:27+05:45,2026-06-01,11:30:27,1780292727,0,5,11,nepse_official,OPEN,2026-06-01,UAIL,United Ajod Insurance Limited,447.0,464.0,442.0,,460.2,445.0,15.199999999999989,,15911.0,7273768.2,73.0,22.0,4.921700223713646,3.4157303370786494,99640.66027397261,457.1534284457294
2026-06-01T05:45:27+00:00,2026-06-01T11:30:27+05:45,2026-06-01,11:30:27,1780292727,0,5,11,nepse_official,OPEN,2026-06-01,UHEWA,Upper Hewakhola Hydropower Company Limited,597.0,598.0,591.1,,598.0,602.1,-4.100000000000023,,1274.0,760200.5,12.0,6.899999999999977,1.155778894472358,-0.6809500083042721,63350.041666666664,596.7036891679749
2026-06-01T05:45:27+00:00,2026-06-01T11:30:27+05:45,2026-06-01,11:30:27,1780292727,0,5,11,nepse_official,OPEN,2026-06-01,ULBSL,Upakar Laghubitta Bittiya Sanstha Limited,2827.5,2828.1,2827.5,,2828.1,2914.9,-86.80000000000018,,206.0,582404.0,7.0,0.599999999999909,0.021220159151190417,-2.9778036982400833,83200.57142857143,2827.2038834951454
2026-06-01T05:45:27+00:00,2026-06-01T11:30:27+05:45,2026-06-01,11:30:27,1780292727,0,5,11,nepse_official,OPEN,2026-06-01,ULHC,Upper Lohore Khola Hydropower Company Limited,476.0,479.0,473.1,,473.1,475.1,-2.0,,2540.0,1206285.0,11.0,5.899999999999977,1.2394957983193229,-0.4209640075773521,109662.27272727272,474.9153543307087
2026-06-01T05:45:27+00:00,2026-06-01T11:30:27+05:45,2026-06-01,11:30:27,1780292727,0,5,11,nepse_official,OPEN,2026-06-01,UMHL,United Modi Hydropower Ltd.,593.0,593.0,575.0,,576.4,587.0,-10.600000000000023,,5455.0,3158352.6,29.0,18.0,3.0354131534569984,-1.8057921635434453,108908.71034482759,578.9830614115491
2026-06-01T05:45:27+00:00,2026-06-01T11:30:27+05:45,2026-06-01,11:30:27,1780292727,0,5,11,nepse_official,OPEN,2026-06-01,UMRH,United IDI Mardi RB Hydropower Limited.,555.0,557.5,555.0,,557.5,555.0,2.5,,620.0,344398.0,4.0,2.5,0.45045045045045046,0.45045045045045046,86099.5,555.4806451612903
2026-06-01T05:45:27+00:00,2026-06-01T11:30:27+05:45,2026-06-01,11:30:27,1780292727,0,5,11,nepse_official,OPEN,2026-06-01,UNHPL,Union Hydropower Limited,439.0,443.9,429.0,,443.9,440.1,3.7999999999999545,,8050.0,3507662.1,39.0,14.899999999999977,3.3940774487471472,0.8634401272437978,89940.05384615385,435.73442236024846
2026-06-01T05:45:27+00:00,2026-06-01T11:30:27+05:45,2026-06-01,11:30:27,1780292727,0,5,11,nepse_official,OPEN,2026-06-01,UNLB,Unique Nepal Laghubitta Bittiya Sanstha Limited,1446.9,1447.0,1405.0,,1405.0,1405.0,0.0,,370.0,524049.0,4.0,42.0,2.9027576197387517,0.0,131012.25,1416.3486486486486
2026-06-01T05:45:27+00:00,2026-06-01T11:30:27+05:45,2026-06-01,11:30:27,1780292727,0,5,11,nepse_official,OPEN,2026-06-01,UPCL,UNIVERSAL POWER COMPANY LTD,360.0,375.0,360.0,,375.0,375.8,-0.8000000000000114,,3924.0,1466574.4,19.0,15.0,4.166666666666666,-0.212879191059077,77188.12631578947,373.74475025484196
2026-06-01T05:45:27+00:00,2026-06-01T11:30:27+05:45,2026-06-01,11:30:27,1780292727,0,5,11,nepse_official,OPEN,2026-06-01,UPPER,Upper Tamakoshi Hydropower Ltd,210.0,210.0,205.0,,208.8,207.7,1.1000000000000227,,34225.0,7087266.1,110.0,5.0,2.380952380952381,0.5296100144439204,64429.69181818182,207.0786296566837
2026-06-01T05:45:27+00:00,2026-06-01T11:30:27+05:45,2026-06-01,11:30:27,1780292727,0,5,11,nepse_official,OPEN,2026-06-01,USHEC,Upper Solu Hydro Electric Company Limited,520.0,522.0,520.0,,520.0,524.0,-4.0,,1264.0,657590.0,9.0,2.0,0.38461538461538464,-0.7633587786259541,73065.55555555556,520.245253164557
2026-06-01T05:45:27+00:00,2026-06-01T11:30:27+05:45,2026-06-01,11:30:27,1780292727,0,5,11,nepse_official,OPEN,2026-06-01,USHL,Upper Syange Hydropower Limited,642.0,642.0,625.0,,625.0,634.6,-9.600000000000023,,120.0,76700.0,3.0,17.0,2.64797507788162,-1.5127639457926287,25566.666666666668,639.1666666666666
2026-06-01T05:45:27+00:00,2026-06-01T11:30:27+05:45,2026-06-01,11:30:27,1780292727,0,5,11,nepse_official,OPEN,2026-06-01,VLBS,Vijaya laghubitta Bittiya Sanstha Ltd.,685.0,688.0,661.0,,688.0,690.0,-2.0,,400.0,274440.0,7.0,27.0,3.9416058394160585,-0.2898550724637681,39205.71428571428,686.1
2026-06-01T05:45:27+00:00,2026-06-01T11:30:27+05:45,2026-06-01,11:30:27,1780292727,0,5,11,nepse_official,OPEN,2026-06-01,VLUCL,Vision Lumbini Urja Company Limited ,484.2,485.0,484.2,,485.0,499.0,-14.0,,20.0,9692.0,2.0,0.8000000000000114,0.16522098306485158,-2.80561122244489,4846.0,484.6
2026-06-01T05:45:27+00:00,2026-06-01T11:30:27+05:45,2026-06-01,11:30:27,1780292727,0,5,11,nepse_official,OPEN,2026-06-01,WNLB,Wean Nepal Laghubitta Bittiya Sanstha Limited,1470.0,1470.0,1470.0,,1470.0,1470.0,0.0,,10.0,14700.0,1.0,0.0,0.0,0.0,14700.0,1470.0
2026-06-01T06:15:32+00:00,2026-06-01T12:00:32+05:45,2026-06-01,12:00:32,1780294532,0,6,12,nepse_official,OPEN,2026-06-01,ACLBSL,Aarambha Chautari Laghubitta Bittiya Sanstha Limited,975.0,975.0,951.1,,951.1,966.6,-15.5,,167.0,161222.6,4.0,23.899999999999977,2.451282051282049,-1.6035588661286984,40305.65,965.4047904191617
2026-06-01T06:15:32+00:00,2026-06-01T12:00:32+05:45,2026-06-01,12:00:32,1780294532,0,6,12,nepse_official,OPEN,2026-06-01,ADBL,Agricultural Development Bank Limited,320.0,320.0,315.0,,318.0,320.0,-2.0,,2346.0,745351.6,34.0,5.0,1.5625,-0.625,21922.105882352942,317.71167945439043
2026-06-01T06:15:32+00:00,2026-06-01T12:00:32+05:45,2026-06-01,12:00:32,1780294532,0,6,12,nepse_official,OPEN,2026-06-01,AHL,Asian Hydropower Limited,508.0,508.0,501.1,,502.0,507.7,-5.699999999999989,,2319.0,1169662.0,17.0,6.899999999999977,1.3582677165354284,-1.1227102619657254,68803.64705882352,504.3820612332902
2026-06-01T06:15:32+00:00,2026-06-01T12:00:32+05:45,2026-06-01,12:00:32,1780294532,0,6,12,nepse_official,OPEN,2026-06-01,AHPC,Arun Valley Hydropower Development Co. Ltd.,290.0,290.0,280.0,,284.0,287.5,-3.5,,32409.0,9245091.3,118.0,10.0,3.4482758620689653,-1.2173913043478262,78348.2313559322,285.26308432842734
2026-06-01T06:15:32+00:00,2026-06-01T12:00:32+05:45,2026-06-01,12:00:32,1780294532,0,6,12,nepse_official,OPEN,2026-06-01,AKJCL,Ankhu Khola Jalvidhyut Company Ltd,440.0,443.9,427.0,,434.1,440.0,-5.899999999999977,,241378.0,104978469.4,461.0,16.899999999999977,3.840909090909086,-1.3409090909090857,227719.02255965295,434.9131627571693
2026-06-01T06:15:32+00:00,2026-06-01T12:00:32+05:45,2026-06-01,12:00:32,1780294532,0,6,12,nepse_official,OPEN,2026-06-01,AKPL,Arun Kabeli Power Ltd.,279.0,280.0,270.0,,273.4,276.5,-3.1000000000000227,,34979.0,9575607.8,99.0,10.0,3.584229390681003,-1.1211573236889774,96723.31111111112,273.7530461133823
2026-06-01T06:15:32+00:00,2026-06-01T12:00:32+05:45,2026-06-01,12:00:32,1780294532,0,6,12,nepse_official,OPEN,2026-06-01,ALBSL,Asha Laghubitta Bittiya Sanstha Ltd,1100.0,1160.0,1087.0,,1101.0,1128.9,-27.90000000000009,,3543.0,3903145.0,28.0,73.0,6.636363636363636,-2.4714323677916634,139398.0357142857,1101.6497318656507
2026-06-01T06:15:32+00:00,2026-06-01T12:00:32+05:45,2026-06-01,12:00:32,1780294532,0,6,12,nepse_official,OPEN,2026-06-01,ALICL,Asian Life Insurance Co. Limited,462.4,462.5,456.0,,459.8,454.0,5.800000000000011,,4514.0,2073321.0,26.0,6.5,1.4057093425605536,1.2775330396475797,79743.11538461539,459.30903854674347
2026-06-01T06:15:32+00:00,2026-06-01T12:00:32+05:45,2026-06-01,12:00:32,1780294532,0,6,12,nepse_official,OPEN,2026-06-01,ANLB,Aatmanirbhar Laghubitta Bittiya Sanstha Limited,5900.0,5900.0,5900.0,,5900.0,5969.9,-69.89999999999964,,10.0,59000.0,1.0,0.0,0.0,-1.1708738839846502,59000.0,5900.0
2026-06-01T06:15:32+00:00,2026-06-01T12:00:32+05:45,2026-06-01,12:00:32,1780294532,0,6,12,nepse_official,OPEN,2026-06-01,API,Api Power Company Ltd.,370.0,370.0,355.0,,361.0,364.0,-3.0,,147873.0,53634314.7,386.0,15.0,4.054054054054054,-0.8241758241758242,138949.00181347152,362.7052585664726
2026-06-01T06:15:32+00:00,2026-06-01T12:00:32+05:45,2026-06-01,12:00:32,1780294532,0,6,12,nepse_official,OPEN,2026-06-01,AVYAN,Aviyan Laghubitta Bittiya Sanstha Limited,1167.8,1167.8,1121.0,,1121.0,1135.0,-14.0,,705.0,800123.0,18.0,46.799999999999955,4.007535536907001,-1.2334801762114538,44451.27777777778,1134.9262411347518
2026-06-01T06:15:32+00:00,2026-06-01T12:00:32+05:45,2026-06-01,12:00:32,1780294532,0,6,12,nepse_official,OPEN,2026-06-01,BANDIPUR,Bandipur Cablecar and Tourism Limited,850.0,864.0,830.0,,847.2,854.7,-7.5,,11352.0,9619700.4,180.0,34.0,4.0,-0.8775008775008775,53442.78,847.4013742071882
2026-06-01T06:15:32+00:00,2026-06-01T12:00:32+05:45,2026-06-01,12:00:32,1780294532,0,6,12,nepse_official,OPEN,2026-06-01,BARUN,Barun Hydropower Co. Ltd.,353.0,354.8,345.0,,349.0,352.0,-3.0,,11751.0,4121160.9,46.0,9.800000000000011,2.776203966005669,-0.8522727272727272,89590.45434782609,350.7072504467705
2026-06-01T06:15:32+00:00,2026-06-01T12:00:32+05:45,2026-06-01,12:00:32,1780294532,0,6,12,nepse_official,OPEN,2026-06-01,BBC,Bishal Bazar Company Limited,4600.0,4738.0,4466.0,,4562.0,4836.0,-274.0,,1262.0,5816872.0,82.0,272.0,5.913043478260869,-5.665839536807279,70937.46341463414,4609.24881141046
2026-06-01T06:15:32+00:00,2026-06-01T12:00:32+05:45,2026-06-01,12:00:32,1780294532,0,6,12,nepse_official,OPEN,2026-06-01,BEDC,Bhugol Energy Development Company Limited,380.0,380.0,371.1,,374.0,378.6,-4.600000000000023,,9216.0,3464817.1,56.0,8.899999999999977,2.342105263157889,-1.2150026413100958,61871.73392857143,375.9567165798611
2026-06-01T06:15:32+00:00,2026-06-01T12:00:32+05:45,2026-06-01,12:00:32,1780294532,0,6,12,nepse_official,OPEN,2026-06-01,BFC,Best Finance Company Ltd.,458.0,458.9,456.0,,456.0,459.4,-3.3999999999999773,,580.0,265458.0,7.0,2.8999999999999773,0.6331877729257592,-0.7400957771005611,37922.57142857143,457.6862068965517
2026-06-01T06:15:32+00:00,2026-06-01T12:00:32+05:45,2026-06-01,12:00:32,1780294532,0,6,12,nepse_official,OPEN,2026-06-01,BGWT,Bhagawati Hydropower Development Company Limited,657.0,657.0,655.1,,655.1,673.0,-17.899999999999977,,31.0,20338.0,3.0,1.8999999999999773,0.28919330289192957,-2.659732540861809,6779.333333333333,656.0645161290323
2026-06-01T06:15:32+00:00,2026-06-01T12:00:32+05:45,2026-06-01,12:00:32,1780294532,0,6,12,nepse_official,OPEN,2026-06-01,BHCL,Bikash Hydropower Company Limited,601.1,619.5,590.0,,613.0,600.0,13.0,,55581.0,33907869.6,424.0,29.5,4.907669272999501,2.166666666666667,79971.39056603773,610.0622442921142
2026-06-01T06:15:32+00:00,2026-06-01T12:00:32+05:45,2026-06-01,12:00:32,1780294532,0,6,12,nepse_official,OPEN,2026-06-01,BHDC,Bindhyabasini Hydropower Development Company Limited,461.0,474.8,461.0,,466.0,475.0,-9.0,,1750.0,817452.7,22.0,13.800000000000011,2.9934924078091134,-1.8947368421052633,37156.94090909091,467.11582857142855
2026-06-01T06:15:32+00:00,2026-06-01T12:00:32+05:45,2026-06-01,12:00:32,1780294532,0,6,12,nepse_official,OPEN,2026-06-01,BHL,Balephi Hydropower Limited,220.0,228.0,220.0,,225.3,227.0,-1.6999999999999886,,40832.0,9188990.5,152.0,8.0,3.6363636363636362,-0.748898678414092,60453.88486842105,225.043850411442
2026-06-01T06:15:32+00:00,2026-06-01T12:00:32+05:45,2026-06-01,12:00:32,1780294532,0,6,12,nepse_official,OPEN,2026-06-01,BHPL,Barahi Hydropower Public Limited,538.0,539.0,523.0,,523.0,538.7,-15.700000000000045,,2161.0,1137198.5,38.0,16.0,2.973977695167286,-2.9144236124002307,29926.276315789473,526.2371587228135
2026-06-01T06:15:32+00:00,2026-06-01T12:00:32+05:45,2026-06-01,12:00:32,1780294532,0,6,12,nepse_official,OPEN,2026-06-01,BJHL,Bhujung Hydropower Limited,936.0,946.9,910.0,,933.0,936.0,-3.0,,4519.0,4219103.1,83.0,36.89999999999998,3.9423076923076903,-0.3205128205128205,50832.56746987951,933.6364461163973
2026-06-01T06:15:32+00:00,2026-06-01T12:00:32+05:45,2026-06-01,12:00:32,1780294532,0,6,12,nepse_official,OPEN,2026-06-01,BNHC,Buddha Bhumi Nepal Hydropower Company Limited,335.0,340.0,335.0,,338.9,338.2,0.6999999999999886,,50.0,16890.0,4.0,5.0,1.4925373134328357,0.20697811945593986,4222.5,337.8
2026-06-01T06:15:32+00:00,2026-06-01T12:00:32+05:45,2026-06-01,12:00:32,1780294532,0,6,12,nepse_official,OPEN,2026-06-01,BNT,Bottlers Nepal (Terai) Limited,11895.0,12200.0,11895.0,,12200.0,11889.0,311.0,,20.0,240950.0,2.0,305.0,2.564102564102564,2.615863403145765,120475.0,12047.5
2026-06-01T06:15:32+00:00,2026-06-01T12:00:32+05:45,2026-06-01,12:00:32,1780294532,0,6,12,nepse_official,OPEN,2026-06-01,BOKD86,8.5% BOK Debenture 2086,1086.0,1086.0,1086.0,,1086.0,1086.0,0.0,,25.0,27150.0,1.0,0.0,0.0,0.0,27150.0,1086.0
2026-06-01T06:15:32+00:00,2026-06-01T12:00:32+05:45,2026-06-01,12:00:32,1780294532,0,6,12,nepse_official,OPEN,2026-06-01,BPCL,Butwal Power Company Limited,700.0,700.0,692.0,,693.1,696.9,-3.7999999999999545,,624.0,433627.0,13.0,8.0,1.1428571428571428,-0.5452719184961909,33355.92307692308,694.9150641025641
2026-06-01T06:15:32+00:00,2026-06-01T12:00:32+05:45,2026-06-01,12:00:32,1780294532,0,6,12,nepse_official,OPEN,2026-06-01,BUNGAL,Bungal Hydro Limited,799.0,799.0,730.0,,750.0,841.0,-91.0,,37356.0,27812002.4,293.0,69.0,8.635794743429287,-10.820451843043994,94921.50989761091,744.5123246600278
2026-06-01T06:15:32+00:00,2026-06-01T12:00:32+05:45,2026-06-01,12:00:32,1780294532,0,6,12,nepse_official,OPEN,2026-06-01,C30MF,Citizens Super 30 Mutual Fund,10.2,10.2,10.2,,10.2,10.19,0.009999999999999787,,100.0,1020.0,1.0,0.0,0.0,0.09813542688910488,1020.0,10.2
2026-06-01T06:15:32+00:00,2026-06-01T12:00:32+05:45,2026-06-01,12:00:32,1780294532,0,6,12,nepse_official,OPEN,2026-06-01,CBBL,Chhimek Laghubitta Bittiya Sanstha Limited,940.0,940.0,921.0,,924.1,929.0,-4.899999999999977,,4188.0,3883768.1,64.0,19.0,2.021276595744681,-0.5274488697524196,60683.8765625,927.3562798471825
2026-06-01T06:15:32+00:00,2026-06-01T12:00:32+05:45,2026-06-01,12:00:32,1780294532,0,6,12,nepse_official,OPEN,2026-06-01,CBLD88,Civil Bank Debenture 2088,1194.8,1194.8,1194.8,,1194.8,1160.0,34.799999999999955,,25.0,29870.0,1.0,0.0,0.0,2.999999999999996,29870.0,1194.8
2026-06-01T06:15:32+00:00,2026-06-01T12:00:32+05:45,2026-06-01,12:00:32,1780294532,0,6,12,nepse_official,OPEN,2026-06-01,CFCL,Central Finance Co. Ltd.,513.0,513.0,500.0,,500.0,504.9,-4.899999999999977,,3271.0,1650995.8,13.0,13.0,2.53411306042885,-0.970489205783319,126999.67692307693,504.7373280342403
2026-06-01T06:15:32+00:00,2026-06-01T12:00:32+05:45,2026-06-01,12:00:32,1780294532,0,6,12,nepse_official,OPEN,2026-06-01,CGH,Chandragiri Hills Limited,803.0,805.0,795.0,,795.0,804.9,-9.899999999999977,,6227.0,4956319.0,43.0,10.0,1.2453300124533,-1.229966455460303,115263.23255813954,795.9400995664043
2026-06-01T06:15:32+00:00,2026-06-01T12:00:32+05:45,2026-06-01,12:00:32,1780294532,0,6,12,nepse_official,OPEN,2026-06-01,CHCL,Chilime Hydropower Company Limited,507.6,507.6,484.0,,484.0,483.6,0.39999999999997726,,38405.0,18730941.6,92.0,23.600000000000023,4.6493301812450785,0.08271298593878769,203597.19130434786,487.72143210519465
2026-06-01T06:15:32+00:00,2026-06-01T12:00:32+05:45,2026-06-01,12:00:32,1780294532,0,6,12,nepse_official,OPEN,2026-06-01,CHDC,CEDB Holdings Limited,2360.0,2360.0,2284.0,,2286.0,2314.0,-28.0,,2240.0,5141511.5,36.0,76.0,3.2203389830508473,-1.2100259291270528,142819.76388888888,2295.3176339285715
2026-06-01T06:15:32+00:00,2026-06-01T12:00:32+05:45,2026-06-01,12:00:32,1780294532,0,6,12,nepse_official,OPEN,2026-06-01,CHL,Chhyangdi Hydropower Ltd.,290.1,301.0,290.1,,297.0,298.0,-1.0,,3257.0,971013.8,22.0,10.899999999999977,3.7573250603240185,-0.33557046979865773,44136.99090909091,298.1313478661345
2026-06-01T06:15:32+00:00,2026-06-01T12:00:32+05:45,2026-06-01,12:00:32,1780294532,0,6,12,nepse_official,OPEN,2026-06-01,CIT,Citizen Investment Trust,1860.0,1860.0,1777.0,,1778.0,1779.0,-1.0,,1339.0,2387586.0,43.0,83.0,4.46236559139785,-0.056211354693648116,55525.25581395349,1783.1112770724421
2026-06-01T06:15:32+00:00,2026-06-01T12:00:32+05:45,2026-06-01,12:00:32,1780294532,0,6,12,nepse_official,OPEN,2026-06-01,CITY,City Hotel Limited,390.0,390.0,375.0,,375.0,384.9,-9.899999999999977,,26944.0,10188604.0,179.0,15.0,3.8461538461538463,-2.572096648480119,56919.57541899441,378.1399940617577
2026-06-01T06:15:32+00:00,2026-06-01T12:00:32+05:45,2026-06-01,12:00:32,1780294532,0,6,12,nepse_official,OPEN,2026-06-01,CKHL,Chirkhwa Hydropower Limited ,729.7,729.7,687.0,,688.0,695.0,-7.0,,181.0,126251.5,6.0,42.700000000000045,5.851719884884205,-1.0071942446043165,21041.916666666668,697.5220994475138
2026-06-01T06:15:32+00:00,2026-06-01T12:00:32+05:45,2026-06-01,12:00:32,1780294532,0,6,12,nepse_official,OPEN,2026-06-01,CLI,Citizen Life Insurance Company Limited,450.0,460.0,450.0,,457.0,458.0,-1.0,,1241.0,565795.4,46.0,10.0,2.2222222222222223,-0.21834061135371177,12299.9,455.91893634165996
2026-06-01T06:15:32+00:00,2026-06-01T12:00:32+05:45,2026-06-01,12:00:32,1780294532,0,6,12,nepse_official,OPEN,2026-06-01,CORBL,Corporate Development Bank Limited,1991.0,1998.0,1970.5,,1980.0,1991.0,-11.0,,2362.0,4665888.5,31.0,27.5,1.3812154696132597,-0.5524861878453038,150512.53225806452,1975.39733276884
2026-06-01T06:15:32+00:00,2026-06-01T12:00:32+05:45,2026-06-01,12:00:32,1780294532,0,6,12,nepse_official,OPEN,2026-06-01,CREST,Crest Micro Life Insurance Limited,1400.0,1400.0,1229.0,,1289.9,1350.0,-60.09999999999991,,6188.0,7942597.0,116.0,171.0,12.214285714285714,-4.451851851851845,68470.66379310345,1283.5483193277312
2026-06-01T06:15:32+00:00,2026-06-01T12:00:32+05:45,2026-06-01,12:00:32,1780294532,0,6,12,nepse_official,OPEN,2026-06-01,CSY,Citizens Santulit Yojana,9.14,9.35,9.14,,9.26,9.35,-0.08999999999999986,,1110.0,10289.4,8.0,0.20999999999999908,2.297592997811806,-0.9625668449197846,1286.175,9.269729729729729
2026-06-01T06:15:32+00:00,2026-06-01T12:00:32+05:45,2026-06-01,12:00:32,1780294532,0,6,12,nepse_official,OPEN,2026-06-01,CYCL,CYC Nepal Laghubitta Bittiya Sanstha Limited,1495.0,1495.0,1455.1,,1455.1,1470.0,-14.900000000000091,,26.0,38351.3,2.0,39.90000000000009,2.6688963210702403,-1.013605442176877,19175.65,1475.0500000000002
2026-06-01T06:15:32+00:00,2026-06-01T12:00:32+05:45,2026-06-01,12:00:32,1780294532,0,6,12,nepse_official,OPEN,2026-06-01,CZBIL,Citizens Bank International Limited,206.0,207.0,204.0,,204.6,206.0,-1.4000000000000057,,4374.0,899504.9,29.0,3.0,1.4563106796116505,-0.6796116504854397,31017.410344827586,205.6481252857796
2026-06-01T06:15:32+00:00,2026-06-01T12:00:32+05:45,2026-06-01,12:00:32,1780294532,0,6,12,nepse_official,OPEN,2026-06-01,DDBL,Deprosc Laghubitta Bittiya Sanstha Limited,847.0,865.0,821.6,,827.0,852.0,-25.0,,2362.0,1972807.0,29.0,43.39999999999998,5.1239669421487575,-2.9342723004694835,68027.8275862069,835.227349703641
2026-06-01T06:15:32+00:00,2026-06-01T12:00:32+05:45,2026-06-01,12:00:32,1780294532,0,6,12,nepse_official,OPEN,2026-06-01,DHEL,Daramkhola Hydro Energy Limited,630.0,654.0,630.0,,644.0,640.0,4.0,,10230.0,6585482.2,123.0,24.0,3.8095238095238098,0.625,53540.50569105691,643.7421505376344
2026-06-01T06:15:32+00:00,2026-06-01T12:00:32+05:45,2026-06-01,12:00:32,1780294532,0,6,12,nepse_official,OPEN,2026-06-01,DHPL,Dibyashwori Hydropower Ltd.,312.0,312.0,298.1,,306.0,306.0,0.0,,3600.0,1104291.0,10.0,13.899999999999977,4.455128205128197,0.0,110429.1,306.7475
2026-06-01T06:15:32+00:00,2026-06-01T12:00:32+05:45,2026-06-01,12:00:32,1780294532,0,6,12,nepse_official,OPEN,2026-06-01,DLBS,Dhaulagiri Laghubitta Bittiya Sanstha Limited,1276.0,1276.0,1270.0,,1270.0,1315.0,-45.0,,37.0,46784.0,4.0,6.0,0.4702194357366771,-3.4220532319391634,11696.0,1264.4324324324325
2026-06-01T06:15:32+00:00,2026-06-01T12:00:32+05:45,2026-06-01,12:00:32,1780294532,0,6,12,nepse_official,OPEN,2026-06-01,DOLTI,Dolti Power Company Limited,362.0,362.0,351.3,,358.0,362.0,-4.0,,6013.0,2146287.2,54.0,10.699999999999989,2.9558011049723727,-1.1049723756906076,39746.059259259266,356.9411608182272
2026-06-01T06:15:32+00:00,2026-06-01T12:00:32+05:45,2026-06-01,12:00:32,1780294532,0,6,12,nepse_official,OPEN,2026-06-01,DORDI,Dordi Khola Jal Bidyut Company Limited,284.0,284.9,277.0,,280.0,284.0,-4.0,,17338.0,4871368.4,61.0,7.899999999999977,2.7816901408450625,-1.4084507042253522,79858.49836065575,280.9648402353213
2026-06-01T06:15:32+00:00,2026-06-01T12:00:32+05:45,2026-06-01,12:00:32,1780294532,0,6,12,nepse_official,OPEN,2026-06-01,EBL,Everest Bank Limited,715.0,715.0,712.0,,713.0,712.0,1.0,,2541.0,1811955.8,48.0,3.0,0.4195804195804196,0.1404494382022472,37749.07916666667,713.0876820149548
2026-06-01T06:15:32+00:00,2026-06-01T12:00:32+05:45,2026-06-01,12:00:32,1780294532,0,6,12,nepse_official,OPEN,2026-06-01,EBLD91,Everest Bank Limited Debenture 2091,1065.1,1070.1,1065.1,,1070.1,1090.0,-19.90000000000009,,50.0,53380.0,2.0,5.0,0.46943948924983575,-1.8256880733945036,26690.0,1067.6
2026-06-01T06:15:32+00:00,2026-06-01T12:00:32+05:45,2026-06-01,12:00:32,1780294532,0,6,12,nepse_official,OPEN,2026-06-01,EDBL,Excel Development Bank Ltd.,572.2,589.0,572.2,,589.0,582.8,6.2000000000000455,,334.0,191378.9,4.0,16.799999999999955,2.9360363509262415,1.0638297872340505,47844.725,572.9907185628742
2026-06-01T06:15:32+00:00,2026-06-01T12:00:32+05:45,2026-06-01,12:00:32,1780294532,0,6,12,nepse_official,OPEN,2026-06-01,EHPL,Eastern Hydropower Limited,410.1,410.1,389.1,,392.3,402.0,-9.699999999999989,,3450.0,1364173.6,29.0,21.0,5.120702267739576,-2.4129353233830817,47040.46896551725,395.4126376811594
2026-06-01T06:15:32+00:00,2026-06-01T12:00:32+05:45,2026-06-01,12:00:32,1780294532,0,6,12,nepse_official,OPEN,2026-06-01,ENL,Emerging Nepal Limited,910.0,910.0,860.0,,885.0,894.0,-9.0,,105.0,92733.0,7.0,50.0,5.4945054945054945,-1.006711409395973,13247.57142857143,883.1714285714286
2026-06-01T06:15:32+00:00,2026-06-01T12:00:32+05:45,2026-06-01,12:00:32,1780294532,0,6,12,nepse_official,OPEN,2026-06-01,FMDBL,First Micro Finance Laghubitta Bittiya Sanstha Limited,831.6,831.6,792.0,,792.0,792.0,0.0,,451.0,358773.1,13.0,39.60000000000002,4.7619047619047645,0.0,27597.930769230767,795.5057649667406
2026-06-01T06:15:32+00:00,2026-06-01T12:00:32+05:45,2026-06-01,12:00:32,1780294532,0,6,12,nepse_official,OPEN,2026-06-01,FOWAD,Forward Microfinance Laghubitta Bittiya Sanstha Limited,1063.0,1066.0,1050.0,,1065.0,1062.0,3.0,,350.0,370479.0,11.0,16.0,1.5051740357478833,0.2824858757062147,33679.90909090909,1058.5114285714285
2026-06-01T06:15:32+00:00,2026-06-01T12:00:32+05:45,2026-06-01,12:00:32,1780294532,0,6,12,nepse_official,OPEN,2026-06-01,GBBD85,"Garima Debenture, 2085",1080.0,1080.0,1080.0,,1080.0,1085.0,-5.0,,25.0,27000.0,1.0,0.0,0.0,-0.4608294930875576,27000.0,1080.0
2026-06-01T06:15:32+00:00,2026-06-01T12:00:32+05:45,2026-06-01,12:00:32,1780294532,0,6,12,nepse_official,OPEN,2026-06-01,GBBL,Garima Bikas Bank Limited,433.0,445.9,420.0,,420.0,421.0,-1.0,,15635.0,6798006.9,53.0,25.899999999999977,5.981524249422628,-0.23752969121140144,128264.28113207548,434.7941733290694
2026-06-01T06:15:32+00:00,2026-06-01T12:00:32+05:45,2026-06-01,12:00:32,1780294532,0,6,12,nepse_official,OPEN,2026-06-01,GBIME,Global IME Bank Limited,242.0,242.0,238.0,,239.0,240.4,-1.4000000000000057,,15410.0,3687462.0,95.0,4.0,1.6528925619834711,-0.5823627287853601,38815.38947368421,239.29020116807268
2026-06-01T06:15:32+00:00,2026-06-01T12:00:32+05:45,2026-06-01,12:00:32,1780294532,0,6,12,nepse_official,OPEN,2026-06-01,GBLBS,Grameen Bikas Laghubitta Bittiya Sanstha Ltd.,772.1,794.8,772.1,,785.0,784.0,1.0,,551.0,428209.0,4.0,22.699999999999932,2.9400336743944995,0.12755102040816327,107052.25,777.1488203266788
2026-06-01T06:15:32+00:00,2026-06-01T12:00:32+05:45,2026-06-01,12:00:32,1780294532,0,6,12,nepse_official,OPEN,2026-06-01,GCIL,Ghorahi Cement Industry Limited,439.0,443.0,430.1,,433.4,439.0,-5.600000000000023,,9580.0,4200190.6,62.0,12.899999999999977,2.9384965831435026,-1.2756264236902102,67745.00967741935,438.43325678496865
2026-06-01T06:15:32+00:00,2026-06-01T12:00:32+05:45,2026-06-01,12:00:32,1780294532,0,6,12,nepse_official,OPEN,2026-06-01,GFCL,Goodwill Finance Limited,623.0,627.0,621.0,,627.0,623.0,4.0,,470.0,293520.0,8.0,6.0,0.9630818619582664,0.6420545746388443,36690.0,624.5106382978723
2026-06-01T06:15:32+00:00,2026-06-01T12:00:32+05:45,2026-06-01,12:00:32,1780294532,0,6,12,nepse_official,OPEN,2026-06-01,GHL,Ghalemdi Hydro Limited,238.0,244.5,237.0,,241.0,245.0,-4.0,,30624.0,7370894.1,82.0,7.5,3.1512605042016806,-1.6326530612244898,89888.95243902439,240.69011559561127
2026-06-01T06:15:32+00:00,2026-06-01T12:00:32+05:45,2026-06-01,12:00:32,1780294532,0,6,12,nepse_official,OPEN,2026-06-01,GIBF1,Global IME Balanced Fund-1,10.56,10.7,10.56,,10.7,10.87,-0.16999999999999993,,400.0,4260.0,3.0,0.1399999999999988,1.3257575757575641,-1.5639374425022994,1420.0,10.65
2026-06-01T06:15:32+00:00,2026-06-01T12:00:32+05:45,2026-06-01,12:00:32,1780294532,0,6,12,nepse_official,OPEN,2026-06-01,GILB,Global IME Laghubitta Bittiya Sanstha Ltd.,1147.0,1147.0,1147.0,,1147.0,1140.0,7.0,,10.0,11470.0,1.0,0.0,0.0,0.6140350877192983,11470.0,1147.0
2026-06-01T06:15:32+00:00,2026-06-01T12:00:32+05:45,2026-06-01,12:00:32,1780294532,0,6,12,nepse_official,OPEN,2026-06-01,GLBSL,Gurans Laghubitta Bittiya Sanstha Limited,1800.0,1800.0,1800.0,,1800.0,1822.0,-22.0,,20.0,36000.0,1.0,0.0,0.0,-1.2074643249176729,36000.0,1800.0
2026-06-01T06:15:32+00:00,2026-06-01T12:00:32+05:45,2026-06-01,12:00:32,1780294532,0,6,12,nepse_official,OPEN,2026-06-01,GLH,GreenLife Hydropower Limited,271.0,278.0,268.3,,274.2,276.1,-1.900000000000034,,7269.0,1999119.3,50.0,9.699999999999989,3.5793357933579295,-0.6881564650489076,39982.386,275.01985142385473
2026-06-01T06:15:32+00:00,2026-06-01T12:00:32+05:45,2026-06-01,12:00:32,1780294532,0,6,12,nepse_official,OPEN,2026-06-01,GMFBS,Ganapati Laghubitta Bittiya Sanstha Limited,1272.1,1272.1,1272.1,,1272.1,1308.9,-36.80000000000018,,14.0,17809.4,1.0,0.0,0.0,-2.8115211246084635,17809.4,1272.1000000000001
2026-06-01T06:15:32+00:00,2026-06-01T12:00:32+05:45,2026-06-01,12:00:32,1780294532,0,6,12,nepse_official,OPEN,2026-06-01,GMFIL,Guheshowori Merchant Bank & Finance Co. Ltd.,469.0,469.0,460.0,,468.0,464.5,3.5,,430.0,201153.0,7.0,9.0,1.9189765458422177,0.7534983853606028,28736.14285714286,467.79767441860463
2026-06-01T06:15:32+00:00,2026-06-01T12:00:32+05:45,2026-06-01,12:00:32,1780294532,0,6,12,nepse_official,OPEN,2026-06-01,GMLI,Guardian Micro Life Insurance Limited ,1282.0,1318.0,1282.0,,1286.3,1282.0,4.2999999999999545,,385.0,496042.5,19.0,36.0,2.80811232449298,0.3354134165366579,26107.5,1288.422077922078
2026-06-01T06:15:32+00:00,2026-06-01T12:00:32+05:45,2026-06-01,12:00:32,1780294532,0,6,12,nepse_official,OPEN,2026-06-01,GRDBL,Green Development Bank Ltd.,1070.0,1080.1,1061.1,,1065.0,1086.0,-21.0,,1312.0,1402214.1,26.0,19.0,1.7757009345794394,-1.9337016574585635,53931.311538461545,1068.7607469512195
2026-06-01T06:15:32+00:00,2026-06-01T12:00:32+05:45,2026-06-01,12:00:32,1780294532,0,6,12,nepse_official,OPEN,2026-06-01,GSY,Garima Samriddhi Yojana,9.93,9.93,9.72,,9.93,9.99,-0.0600000000000005,,3000.0,29672.3,13.0,0.20999999999999908,2.1148036253776343,-0.6006006006006055,2282.484615384615,9.890766666666666
2026-06-01T06:15:32+00:00,2026-06-01T12:00:32+05:45,2026-06-01,12:00:32,1780294532,0,6,12,nepse_official,OPEN,2026-06-01,GUFL,Gurkhas Finance Ltd.,543.1,543.1,533.0,,538.0,538.0,0.0,,999.0,534037.0,12.0,10.100000000000023,1.8596943472657013,0.0,44503.083333333336,534.5715715715716
2026-06-01T06:15:32+00:00,2026-06-01T12:00:32+05:45,2026-06-01,12:00:32,1780294532,0,6,12,nepse_official,OPEN,2026-06-01,GVL,Green Ventures Limited,491.0,500.0,491.0,,495.0,499.6,-4.600000000000023,,1259.0,626568.5,28.0,9.0,1.8329938900203666,-0.9207365892714217,22377.446428571428,497.67156473391583
2026-06-01T06:15:32+00:00,2026-06-01T12:00:32+05:45,2026-06-01,12:00:32,1780294532,0,6,12,nepse_official,OPEN,2026-06-01,H8020,Himalayan 80-20,12.0,12.36,11.66,,11.76,12.25,-0.4900000000000002,,1100.0,13161.0,8.0,0.6999999999999993,5.833333333333327,-4.000000000000002,1645.125,11.964545454545455
2026-06-01T06:15:32+00:00,2026-06-01T12:00:32+05:45,2026-06-01,12:00:32,1780294532,0,6,12,nepse_official,OPEN,2026-06-01,HATHY,Hathway Investment Nepal Limited,804.0,804.0,785.0,,794.5,800.0,-5.5,,181.0,144009.7,14.0,19.0,2.36318407960199,-0.6875,10286.407142857144,795.6337016574586
2026-06-01T06:15:32+00:00,2026-06-01T12:00:32+05:45,2026-06-01,12:00:32,1780294532,0,6,12,nepse_official,OPEN,2026-06-01,HBL,Himalayan Bank Limited,200.0,204.0,200.0,,201.0,204.9,-3.9000000000000057,,22142.0,4481065.0,182.0,4.0,2.0,-1.9033674963396807,24621.236263736264,202.37851142624876
2026-06-01T06:15:32+00:00,2026-06-01T12:00:32+05:45,2026-06-01,12:00:32,1780294532,0,6,12,nepse_official,OPEN,2026-06-01,HDHPC,Himal Dolakha Hydropower Company Limited,231.0,231.0,225.0,,230.0,230.8,-0.8000000000000114,,90797.0,20729685.3,196.0,6.0,2.5974025974025974,-0.3466204506065907,105763.70051020409,228.30804211592894
2026-06-01T06:15:32+00:00,2026-06-01T12:00:32+05:45,2026-06-01,12:00:32,1780294532,0,6,12,nepse_official,OPEN,2026-06-01,HDL,Himalayan Distillery Limited,1175.0,1179.9,1165.0,,1176.3,1175.0,1.2999999999999545,,8189.0,9618277.5,112.0,14.900000000000091,1.2680851063829865,0.11063829787233655,85877.47767857143,1174.536268164611
2026-06-01T06:15:32+00:00,2026-06-01T12:00:32+05:45,2026-06-01,12:00:32,1780294532,0,6,12,nepse_official,OPEN,2026-06-01,HEI,Himalayan Everest Insurance Limited,540.0,564.0,540.0,,557.9,536.0,21.899999999999977,,14863.0,8225993.6,72.0,24.0,4.444444444444445,4.085820895522383,114249.91111111111,553.4544573773801
2026-06-01T06:15:32+00:00,2026-06-01T12:00:32+05:45,2026-06-01,12:00:32,1780294532,0,6,12,nepse_official,OPEN,2026-06-01,HFIN,Hotel Forest Inn Limited,988.1,988.1,966.5,,971.0,988.1,-17.100000000000023,,16048.0,15684416.0,312.0,21.600000000000023,2.1860135613804297,-1.7305940694261737,50270.5641025641,977.3439680957129
2026-06-01T06:15:32+00:00,2026-06-01T12:00:32+05:45,2026-06-01,12:00:32,1780294532,0,6,12,nepse_official,OPEN,2026-06-01,HHL,Himalayan Hydropower Limited,365.0,370.0,365.0,,367.0,369.0,-2.0,,10340.0,3813202.6,49.0,5.0,1.36986301369863,-0.5420054200542005,77820.4612244898,368.78168278529984
2026-06-01T06:15:32+00:00,2026-06-01T12:00:32+05:45,2026-06-01,12:00:32,1780294532,0,6,12,nepse_official,OPEN,2026-06-01,HIDCL,Hydorelectricity Investment and Development Company Ltd,270.0,274.0,267.1,,270.0,274.0,-4.0,,39639.0,10711564.5,182.0,6.899999999999977,2.555555555555547,-1.4598540145985401,58854.75,270.22791947324606
2026-06-01T06:15:32+00:00,2026-06-01T12:00:32+05:45,2026-06-01,12:00:32,1780294532,0,6,12,nepse_official,OPEN,2026-06-01,HIDCLP,Hydorelectricity Investment and Development Company Limited Promoter,210.0,210.0,203.0,,206.0,208.8,-2.8000000000000114,,96272.0,19754046.7,163.0,7.0,3.3333333333333335,-1.3409961685823808,121190.47055214724,205.1899482715639
2026-06-01T06:15:32+00:00,2026-06-01T12:00:32+05:45,2026-06-01,12:00:32,1780294532,0,6,12,nepse_official,OPEN,2026-06-01,HIMSTAR,Him Star Urja Company Limited,858.4,911.0,858.4,,888.0,884.9,3.1000000000000227,,930.0,835124.0,23.0,52.60000000000002,6.127679403541475,0.35032207029043083,36309.739130434784,897.9827956989247
2026-06-01T06:15:32+00:00,2026-06-01T12:00:32+05:45,2026-06-01,12:00:32,1780294532,0,6,12,nepse_official,OPEN,2026-06-01,HLBSL,Himalayan Laghubitta Bittiya Sanstha Limited,860.0,867.0,857.0,,865.1,881.0,-15.899999999999977,,1232.0,1065088.5,12.0,10.0,1.1627906976744187,-1.8047673098751393,88757.375,864.5198863636364
2026-06-01T06:15:32+00:00,2026-06-01T12:00:32+05:45,2026-06-01,12:00:32,1780294532,0,6,12,nepse_official,OPEN,2026-06-01,HLI,Himalayan Life Insurance Limited,343.0,348.0,340.0,,341.1,342.6,-1.5,,12540.0,4310376.3,103.0,8.0,2.3323615160349855,-0.43782837127845886,41848.31359223301,343.7301674641148
2026-06-01T06:15:32+00:00,2026-06-01T12:00:32+05:45,2026-06-01,12:00:32,1780294532,0,6,12,nepse_official,OPEN,2026-06-01,HLICF,HLI Large Cap Fund,9.0,9.0,8.85,,8.9,9.0,-0.09999999999999964,,500.0,4465.0,5.0,0.15000000000000036,1.6666666666666705,-1.1111111111111072,893.0,8.93
2026-06-01T06:15:32+00:00,2026-06-01T12:00:32+05:45,2026-06-01,12:00:32,1780294532,0,6,12,nepse_official,OPEN,2026-06-01,HPPL,Himalayan Power Partner Ltd.,383.9,385.0,373.0,,380.3,385.0,-4.699999999999989,,8978.0,3426971.3,44.0,12.0,3.125814014066163,-1.2207792207792179,77885.71136363636,381.70765203831587
2026-06-01T06:15:32+00:00,2026-06-01T12:00:32+05:45,2026-06-01,12:00:32,1780294532,0,6,12,nepse_official,OPEN,2026-06-01,HRL,Himalayan Reinsurance Limited,645.0,719.0,635.0,,682.0,650.0,32.0,,244862.0,167352042.3,1781.0,84.0,13.023255813953488,4.923076923076923,93965.21184727682,683.4545266313271
2026-06-01T06:15:32+00:00,2026-06-01T12:00:32+05:45,2026-06-01,12:00:32,1780294532,0,6,12,nepse_official,OPEN,2026-06-01,HURJA,Himalaya Urja Bikas Company Limited,260.0,262.0,255.0,,259.0,262.4,-3.3999999999999773,,36587.0,9527203.2,79.0,7.0,2.6923076923076925,-1.2957317073170647,120597.50886075948,260.39858966299505
2026-06-01T06:15:32+00:00,2026-06-01T12:00:32+05:45,2026-06-01,12:00:32,1780294532,0,6,12,nepse_official,OPEN,2026-06-01,ICFC,ICFC Finance Limited,631.0,631.0,625.0,,625.0,629.7,-4.7000000000000455,,845.0,529500.0,8.0,6.0,0.9508716323296356,-0.7463871684929404,66187.5,626.6272189349113
2026-06-01T06:15:32+00:00,2026-06-01T12:00:32+05:45,2026-06-01,12:00:32,1780294532,0,6,12,nepse_official,OPEN,2026-06-01,ICFCD89,8% ICFC Finance Limited Debenture 2089,1085.0,1085.0,1085.0,,1085.0,1090.0,-5.0,,25.0,27125.0,1.0,0.0,0.0,-0.45871559633027525,27125.0,1085.0
2026-06-01T06:15:32+00:00,2026-06-01T12:00:32+05:45,2026-06-01,12:00:32,1780294532,0,6,12,nepse_official,OPEN,2026-06-01,IGI,IGI Prudential insurance Limited,450.0,465.0,439.0,,454.1,440.0,14.100000000000023,,24341.0,11047957.0,125.0,26.0,5.777777777777778,3.20454545454546,88383.656,453.8826260219383
2026-06-01T06:15:32+00:00,2026-06-01T12:00:32+05:45,2026-06-01,12:00:32,1780294532,0,6,12,nepse_official,OPEN,2026-06-01,IHL,Ingwa Hydropower Limited,428.0,428.0,414.0,,415.2,428.0,-12.800000000000011,,9074.0,3801340.1,83.0,14.0,3.2710280373831773,-2.990654205607479,45799.27831325302,418.92661450297555
2026-06-01T06:15:32+00:00,2026-06-01T12:00:32+05:45,2026-06-01,12:00:32,1780294532,0,6,12,nepse_official,OPEN,2026-06-01,ILBS,Infinity Laghubitta Bittiya Sanstha Limited,900.0,954.8,900.0,,915.1,938.0,-22.899999999999977,,476.0,440333.6,9.0,54.799999999999955,6.088888888888884,-2.4413646055437077,48925.955555555556,925.070588235294
2026-06-01T06:15:32+00:00,2026-06-01T12:00:32+05:45,2026-06-01,12:00:32,1780294532,0,6,12,nepse_official,OPEN,2026-06-01,ILI,IME Life Insurance Company Limited,445.0,445.0,440.0,,443.0,447.0,-4.0,,1404.0,621247.1,40.0,5.0,1.1235955056179776,-0.8948545861297539,15531.1775,442.48368945868947
2026-06-01T06:15:32+00:00,2026-06-01T12:00:32+05:45,2026-06-01,12:00:32,1780294532,0,6,12,nepse_official,OPEN,2026-06-01,JBBL,Jyoti Bikas Bank Limited,360.0,365.0,358.0,,360.0,363.0,-3.0,,13811.0,4995231.0,46.0,7.0,1.9444444444444444,-0.8264462809917356,108591.97826086957,361.6849612627616
2026-06-01T06:15:32+00:00,2026-06-01T12:00:32+05:45,2026-06-01,12:00:32,1780294532,0,6,12,nepse_official,OPEN,2026-06-01,JBLB,Jeevan Bikas Laghubitta  Bittya Sanstha Ltd,1320.0,1320.0,1305.0,,1305.0,1313.8,-8.799999999999955,,1183.0,1549168.3,28.0,15.0,1.1363636363636365,-0.6698127568884118,55327.43928571429,1309.525190194421
2026-06-01T06:15:32+00:00,2026-06-01T12:00:32+05:45,2026-06-01,12:00:32,1780294532,0,6,12,nepse_official,OPEN,2026-06-01,JFL,Janaki Finance Company Limited,410.0,412.0,410.0,,412.0,412.0,0.0,,190.0,78040.0,3.0,2.0,0.4878048780487805,0.0,26013.333333333332,410.7368421052632
2026-06-01T06:15:32+00:00,2026-06-01T12:00:32+05:45,2026-06-01,12:00:32,1780294532,0,6,12,nepse_official,OPEN,2026-06-01,JHAPA,Jhapa Energy Limited,1525.0,1529.9,1456.0,,1475.1,1525.0,-49.90000000000009,,5333.0,7924089.1,48.0,73.90000000000009,4.845901639344268,-3.2721311475409895,165085.18958333333,1485.8595724732795
2026-06-01T06:15:32+00:00,2026-06-01T12:00:32+05:45,2026-06-01,12:00:32,1780294532,0,6,12,nepse_official,OPEN,2026-06-01,JOSHI,Joshi Hydropower Development Company Ltd,284.29,289.0,282.8,,283.0,288.0,-5.0,,3165.0,903431.4,26.0,6.199999999999989,2.180871645151074,-1.7361111111111112,34747.36153846154,285.44436018957344
2026-06-01T06:15:32+00:00,2026-06-01T12:00:32+05:45,2026-06-01,12:00:32,1780294532,0,6,12,nepse_official,OPEN,2026-06-01,JSLBB,Janautthan Samudayic Laghubitta Bittya Sanstha Limited,1076.2,1076.2,1076.2,,1076.2,1085.1,-8.899999999999864,,10.0,10762.0,1.0,0.0,0.0,-0.8202009031425549,10762.0,1076.2
2026-06-01T06:15:32+00:00,2026-06-01T12:00:32+05:45,2026-06-01,12:00:32,1780294532,0,6,12,nepse_official,OPEN,2026-06-01,KBL,Kumari Bank Limited,225.0,225.0,217.0,,218.4,221.3,-2.9000000000000057,,41722.0,9145259.6,132.0,8.0,3.5555555555555554,-1.310438319023952,69282.2696969697,219.19513925506925
2026-06-01T06:15:32+00:00,2026-06-01T12:00:32+05:45,2026-06-01,12:00:32,1780294532,0,6,12,nepse_official,OPEN,2026-06-01,KBSH,Kutheli Bukhari Small Hydropower Limited,1650.0,1650.0,1650.0,,1650.0,1617.9,32.09999999999991,,11.0,18150.0,1.0,0.0,0.0,1.984053402558867,18150.0,1650.0
2026-06-01T06:15:32+00:00,2026-06-01T12:00:32+05:45,2026-06-01,12:00:32,1780294532,0,6,12,nepse_official,OPEN,2026-06-01,KDBY,Kumari Dhanabriddhi Yojana,11.51,11.51,11.51,,11.51,11.51,0.0,,1100.0,12661.0,11.0,0.0,0.0,0.0,1151.0,11.51
2026-06-01T06:15:32+00:00,2026-06-01T12:00:32+05:45,2026-06-01,12:00:32,1780294532,0,6,12,nepse_official,OPEN,2026-06-01,KDL,Kalinchowk Darshan Limited,836.0,836.0,820.1,,825.5,835.5,-10.0,,142.0,118017.0,8.0,15.899999999999977,1.9019138755980836,-1.196888090963495,14752.125,831.1056338028169
2026-06-01T06:15:32+00:00,2026-06-01T12:00:32+05:45,2026-06-01,12:00:32,1780294532,0,6,12,nepse_official,OPEN,2026-06-01,KEF,Kumari Equity Fund,10.97,10.97,10.97,,10.97,11.0,-0.02999999999999936,,1500.0,16455.0,2.0,0.0,0.0,-0.2727272727272669,8227.5,10.97
2026-06-01T06:15:32+00:00,2026-06-01T12:00:32+05:45,2026-06-01,12:00:32,1780294532,0,6,12,nepse_official,OPEN,2026-06-01,KHPL,Kalinchock Hydropower Limited,375.3,433.3,375.3,,433.3,376.8,56.5,,70.0,28004.0,7.0,58.0,15.454303224087395,14.994692144373673,4000.5714285714284,400.0571428571429
2026-06-01T06:15:32+00:00,2026-06-01T12:00:32+05:45,2026-06-01,12:00:32,1780294532,0,6,12,nepse_official,OPEN,2026-06-01,KKHC,Khanikhola Hydropower Co. Ltd.,267.0,270.0,263.2,,264.1,267.0,-2.8999999999999773,,13065.0,3464836.8,55.0,6.800000000000011,2.5468164794007535,-1.0861423220973698,62997.03272727272,265.19990815154995
2026-06-01T06:15:32+00:00,2026-06-01T12:00:32+05:45,2026-06-01,12:00:32,1780294532,0,6,12,nepse_official,OPEN,2026-06-01,KPCL,Kalika power Company Ltd,500.9,501.0,499.0,,499.0,501.4,-2.3999999999999773,,2398.0,1198692.6,21.0,2.0,0.3992812936713915,-0.4786597526924566,57080.600000000006,499.8718098415346
2026-06-01T06:15:32+00:00,2026-06-01T12:00:32+05:45,2026-06-01,12:00:32,1780294532,0,6,12,nepse_official,OPEN,2026-06-01,KSBBL,Kamana Sewa Bikas Bank Limited,494.1,496.0,491.2,,491.2,493.0,-1.8000000000000114,,7799.0,3859236.2,27.0,4.800000000000011,0.9714632665452361,-0.36511156186612803,142934.67407407408,494.83731247595847
2026-06-01T06:15:32+00:00,2026-06-01T12:00:32+05:45,2026-06-01,12:00:32,1780294532,0,6,12,nepse_official,OPEN,2026-06-01,KSY,Kumari Sabal Yojana,9.56,9.56,9.56,,9.56,9.83,-0.2699999999999996,,100.0,956.0,1.0,0.0,0.0,-2.746693794506608,956.0,9.56
2026-06-01T06:15:32+00:00,2026-06-01T12:00:32+05:45,2026-06-01,12:00:32,1780294532,0,6,12,nepse_official,OPEN,2026-06-01,LBBL,Lumbini Bikas Bank Ltd.,491.0,496.0,483.0,,493.2,490.8,2.3999999999999773,,7831.0,3854883.7,45.0,13.0,2.6476578411405294,0.48899755501222025,85664.08222222222,492.25944323841145
2026-06-01T06:15:32+00:00,2026-06-01T12:00:32+05:45,2026-06-01,12:00:32,1780294532,0,6,12,nepse_official,OPEN,2026-06-01,LEC,Liberty Energy Company Limited,233.0,234.0,226.9,,230.4,233.5,-3.0999999999999943,,42623.0,9867985.0,88.0,7.099999999999994,3.047210300429182,-1.3276231263383274,112136.19318181818,231.51784247941254
2026-06-01T06:15:32+00:00,2026-06-01T12:00:32+05:45,2026-06-01,12:00:32,1780294532,0,6,12,nepse_official,OPEN,2026-06-01,LICN,Life Insurance Corporation (Nepal) Limited,818.0,827.0,815.5,,815.5,818.0,-2.5,,706.0,577276.5,13.0,11.5,1.4058679706601467,-0.3056234718826406,44405.88461538462,817.6720963172804
2026-06-01T06:15:32+00:00,2026-06-01T12:00:32+05:45,2026-06-01,12:00:32,1780294532,0,6,12,nepse_official,OPEN,2026-06-01,LLBS,Laxmi Laghubitta Bittiya Sanstha Ltd.,1002.0,1002.0,968.0,,968.0,955.0,13.0,,50.0,49030.0,3.0,34.0,3.3932135728542914,1.3612565445026177,16343.333333333334,980.6
2026-06-01T06:15:32+00:00,2026-06-01T12:00:32+05:45,2026-06-01,12:00:32,1780294532,0,6,12,nepse_official,OPEN,2026-06-01,LSL,Laxmi Sunrise Bank Limited,225.0,226.0,223.0,,225.0,225.0,0.0,,28749.0,6473517.1,61.0,3.0,1.3333333333333335,0.0,106123.23114754098,225.17364430067133
2026-06-01T06:15:32+00:00,2026-06-01T12:00:32+05:45,2026-06-01,12:00:32,1780294532,0,6,12,nepse_official,OPEN,2026-06-01,LVF2,Laxmi Value Fund 2,9.71,9.71,9.71,,9.71,10.0,-0.28999999999999915,,100.0,971.0,1.0,0.0,0.0,-2.8999999999999915,971.0,9.71
2026-06-01T06:15:32+00:00,2026-06-01T12:00:32+05:45,2026-06-01,12:00:32,1780294532,0,6,12,nepse_official,OPEN,2026-06-01,MABEL,Mabilung Energy Limited,773.0,773.0,718.0,,736.0,736.4,-0.39999999999997726,,17595.0,13060148.4,101.0,55.0,7.115135834411385,-0.054318305268872526,129308.40000000001,742.2647570332481
2026-06-01T06:15:32+00:00,2026-06-01T12:00:32+05:45,2026-06-01,12:00:32,1780294532,0,6,12,nepse_official,OPEN,2026-06-01,MAKAR,Makar Jitumaya Suri Hydropower Limited,510.0,510.0,495.4,,502.5,510.0,-7.5,,2423.0,1218578.2,17.0,14.600000000000023,2.86274509803922,-1.4705882352941175,71681.07058823529,502.92125464300454
2026-06-01T06:15:32+00:00,2026-06-01T12:00:32+05:45,2026-06-01,12:00:32,1780294532,0,6,12,nepse_official,OPEN,2026-06-01,MANDU,Mandu Hydropower Limited,830.0,835.0,810.0,,830.0,830.0,0.0,,618.0,514253.0,11.0,25.0,3.0120481927710845,0.0,46750.27272727273,832.1245954692556
2026-06-01T06:15:32+00:00,2026-06-01T12:00:32+05:45,2026-06-01,12:00:32,1780294532,0,6,12,nepse_official,OPEN,2026-06-01,MATRI,Matribhumi Lagubitta Bittiya Sanstha Limited,882.0,882.0,882.0,,882.0,882.0,0.0,,11.0,9702.0,1.0,0.0,0.0,0.0,9702.0,882.0
2026-06-01T06:15:32+00:00,2026-06-01T12:00:32+05:45,2026-06-01,12:00:32,1780294532,0,6,12,nepse_official,OPEN,2026-06-01,MBJC,Madhya Bhotekoshi Jalavidyut Company Limited,292.0,292.0,285.0,,286.1,291.9,-5.7999999999999545,,6215.0,1787869.0,62.0,7.0,2.3972602739726026,-1.9869818430969355,28836.59677419355,287.6699919549477
2026-06-01T06:15:32+00:00,2026-06-01T12:00:32+05:45,2026-06-01,12:00:32,1780294532,0,6,12,nepse_official,OPEN,2026-06-01,MBL,Machhapuchhre Bank Limited,257.0,257.0,250.0,,252.1,253.2,-1.0999999999999943,,15613.0,3935619.5,40.0,7.0,2.7237354085603114,-0.43443917851500563,98390.4875,252.07324024851084
2026-06-01T06:15:32+00:00,2026-06-01T12:00:32+05:45,2026-06-01,12:00:32,1780294532,0,6,12,nepse_official,OPEN,2026-06-01,MBLEF,MBL Equity Fund,9.95,10.23,9.95,,9.98,10.23,-0.25,,1000.0,10113.0,10.0,0.28000000000000114,2.8140703517588057,-2.4437927663734116,1011.3,10.113
2026-06-01T06:15:32+00:00,2026-06-01T12:00:32+05:45,2026-06-01,12:00:32,1780294532,0,6,12,nepse_official,OPEN,2026-06-01,MCHL,Menchhiyam Hydropower Limited,319.0,320.0,318.0,,318.0,322.9,-4.899999999999977,,610.0,194612.0,8.0,2.0,0.6269592476489028,-1.5174976772994666,24326.5,319.0360655737705
2026-06-01T06:15:32+00:00,2026-06-01T12:00:32+05:45,2026-06-01,12:00:32,1780294532,0,6,12,nepse_official,OPEN,2026-06-01,MDB,Miteri Development Bank Limited,602.0,602.0,600.0,,600.0,612.4,-12.399999999999977,,1400.0,840318.0,12.0,2.0,0.33222591362126247,-2.0248203788373575,70026.5,600.2271428571429
2026-06-01T06:15:32+00:00,2026-06-01T12:00:32+05:45,2026-06-01,12:00:32,1780294532,0,6,12,nepse_official,OPEN,2026-06-01,MEHL,Manakamana Engineering Hydropower Limited,380.0,391.4,371.0,,371.0,380.0,-9.0,,1757.0,667445.0,16.0,20.399999999999977,5.368421052631573,-2.368421052631579,41715.3125,379.8776323278315
2026-06-01T06:15:32+00:00,2026-06-01T12:00:32+05:45,2026-06-01,12:00:32,1780294532,0,6,12,nepse_official,OPEN,2026-06-01,MEL,Modi Energy Limited,248.0,249.0,242.0,,245.4,248.0,-2.5999999999999943,,2444.0,598409.5,44.0,7.0,2.82258064516129,-1.0483870967741913,13600.21590909091,244.84840425531914
2026-06-01T06:15:32+00:00,2026-06-01T12:00:32+05:45,2026-06-01,12:00:32,1780294532,0,6,12,nepse_official,OPEN,2026-06-01,MEN,Mountain Energy Nepal Limited,625.0,625.0,611.6,,615.2,620.0,-4.7999999999999545,,32793.0,20273436.2,114.0,13.399999999999977,2.143999999999996,-0.7741935483870894,177837.1596491228,618.2245052297746
2026-06-01T06:15:32+00:00,2026-06-01T12:00:32+05:45,2026-06-01,12:00:32,1780294532,0,6,12,nepse_official,OPEN,2026-06-01,MERO,Mero Microfinance Bittiya Sanstha Ltd.,729.0,729.0,712.0,,712.0,729.0,-17.0,,74.0,53476.0,3.0,17.0,2.3319615912208507,-2.3319615912208507,17825.333333333332,722.6486486486486
2026-06-01T06:15:32+00:00,2026-06-01T12:00:32+05:45,2026-06-01,12:00:32,1780294532,0,6,12,nepse_official,OPEN,2026-06-01,MFIL,Manjushree Finance Ltd.,786.0,798.0,780.0,,780.0,791.0,-11.0,,8845.0,6967009.6,38.0,18.0,2.2900763358778624,-1.390644753476612,183342.35789473684,787.6777388355002
2026-06-01T06:15:32+00:00,2026-06-01T12:00:32+05:45,2026-06-01,12:00:32,1780294532,0,6,12,nepse_official,OPEN,2026-06-01,MHCL,Molung Hydropower Company Limited,360.0,360.5,352.2,,353.0,360.0,-7.0,,1065.0,383349.0,13.0,8.300000000000011,2.3055555555555585,-1.9444444444444444,29488.384615384617,359.95211267605634
2026-06-01T06:15:32+00:00,2026-06-01T12:00:32+05:45,2026-06-01,12:00:32,1780294532,0,6,12,nepse_official,OPEN,2026-06-01,MHL,Mandakini Hydropower Limited,496.0,504.0,495.0,,500.0,506.5,-6.5,,1673.0,836820.2,16.0,9.0,1.8145161290322582,-1.2833168805528135,52301.2625,500.1913927077107
2026-06-01T06:15:32+00:00,2026-06-01T12:00:32+05:45,2026-06-01,12:00:32,1780294532,0,6,12,nepse_official,OPEN,2026-06-01,MHNL,Mountain Hydro Nepal Limited,275.0,275.0,267.0,,267.5,273.9,-6.399999999999977,,5710.0,1533968.5,24.0,8.0,2.909090909090909,-2.336619204089075,63915.354166666664,268.6459719789842
2026-06-01T06:15:32+00:00,2026-06-01T12:00:32+05:45,2026-06-01,12:00:32,1780294532,0,6,12,nepse_official,OPEN,2026-06-01,MKCL,Muktinath Krishi Company Limited,1275.0,1277.0,1275.0,,1277.0,1296.0,-19.0,,30.0,38290.0,3.0,2.0,0.1568627450980392,-1.4660493827160492,12763.333333333334,1276.3333333333333
2026-06-01T06:15:32+00:00,2026-06-01T12:00:32+05:45,2026-06-01,12:00:32,1780294532,0,6,12,nepse_official,OPEN,2026-06-01,MKHC,Maya Khola Hydropower Company Limited,328.0,334.0,328.0,,328.0,334.4,-6.399999999999977,,1846.0,608136.0,25.0,6.0,1.8292682926829267,-1.9138755980861177,24325.44,329.4344528710726
2026-06-01T06:15:32+00:00,2026-06-01T12:00:32+05:45,2026-06-01,12:00:32,1780294532,0,6,12,nepse_official,OPEN,2026-06-01,MKHL,Mai Khola Hydropower Limited,548.0,550.0,534.1,,535.0,552.0,-17.0,,1724.0,930011.0,29.0,15.899999999999977,2.9014598540145946,-3.0797101449275366,32069.344827586207,539.449535962877
2026-06-01T06:15:32+00:00,2026-06-01T12:00:32+05:45,2026-06-01,12:00:32,1780294532,0,6,12,nepse_official,OPEN,2026-06-01,MKJC,Mailung Khola Jal Vidhyut Company Limited,509.0,509.0,503.3,,504.0,512.6,-8.600000000000023,,1010.0,510271.0,11.0,5.699999999999989,1.1198428290766185,-1.6777214202106947,46388.27272727273,505.2188118811881
2026-06-01T06:15:32+00:00,2026-06-01T12:00:32+05:45,2026-06-01,12:00:32,1780294532,0,6,12,nepse_official,OPEN,2026-06-01,MLBBL,Mithila LaghuBitta Bittiya Sanstha Limited,1200.0,1229.0,1193.0,,1193.0,1200.0,-7.0,,123.0,147799.0,3.0,36.0,3.0,-0.5833333333333334,49266.333333333336,1201.6178861788617
2026-06-01T06:15:32+00:00,2026-06-01T12:00:32+05:45,2026-06-01,12:00:32,1780294532,0,6,12,nepse_official,OPEN,2026-06-01,MLBL,Mahalaxmi Bikas Bank Ltd.,370.0,370.9,365.2,,370.0,369.9,0.10000000000002274,,2479.0,913097.2,21.0,5.699999999999989,1.5405405405405375,0.027034333603682816,43480.81904761904,368.33287615974183
2026-06-01T06:15:32+00:00,2026-06-01T12:00:32+05:45,2026-06-01,12:00:32,1780294532,0,6,12,nepse_official,OPEN,2026-06-01,MLBS,Manushi Laghubitta Bittiya Sanstha Limited,1255.0,1255.0,1255.0,,1255.0,1290.0,-35.0,,30.0,37650.0,2.0,0.0,0.0,-2.7131782945736433,18825.0,1255.0
2026-06-01T06:15:32+00:00,2026-06-01T12:00:32+05:45,2026-06-01,12:00:32,1780294532,0,6,12,nepse_official,OPEN,2026-06-01,MMF1,Mega Mutual Fund -1,9.6,9.6,9.23,,9.24,9.48,-0.2400000000000002,,600.0,5639.0,5.0,0.3699999999999992,3.8541666666666585,-2.531645569620255,1127.8,9.398333333333333
2026-06-01T06:15:32+00:00,2026-06-01T12:00:32+05:45,2026-06-01,12:00:32,1780294532,0,6,12,nepse_official,OPEN,2026-06-01,MMKJL,Mathillo Mailun Khola Jalvidhyut Limited,530.0,540.0,525.0,,527.1,531.0,-3.8999999999999773,,980.0,519334.0,22.0,15.0,2.8301886792452833,-0.7344632768361539,23606.090909090908,529.9326530612245
2026-06-01T06:15:32+00:00,2026-06-01T12:00:32+05:45,2026-06-01,12:00:32,1780294532,0,6,12,nepse_official,OPEN,2026-06-01,MNBBL,Muktinath Bikas Bank Ltd.,378.0,379.0,373.0,,376.0,376.0,0.0,,4361.0,1638421.7,45.0,6.0,1.5873015873015872,0.0,36409.37111111111,375.6986241687686
2026-06-01T06:15:32+00:00,2026-06-01T12:00:32+05:45,2026-06-01,12:00:32,1780294532,0,6,12,nepse_official,OPEN,2026-06-01,MNMF1,Muktinath Mutual Fund 1,9.75,9.78,9.75,,9.78,10.01,-0.23000000000000043,,500.0,4887.0,4.0,0.02999999999999936,0.30769230769230116,-2.297702297702302,1221.75,9.774
2026-06-01T06:15:32+00:00,2026-06-01T12:00:32+05:45,2026-06-01,12:00:32,1780294532,0,6,12,nepse_official,OPEN,2026-06-01,MPFL,Multipurpose Finance Company  Limited,609.0,622.9,609.0,,615.5,620.9,-5.399999999999977,,6746.0,4168312.0,17.0,13.899999999999977,2.2824302134646923,-0.8697052665485548,245194.82352941178,617.8938630299436
2026-06-01T06:15:32+00:00,2026-06-01T12:00:32+05:45,2026-06-01,12:00:32,1780294532,0,6,12,nepse_official,OPEN,2026-06-01,MSHL,Mid Solu Hydropower Limited,673.2,693.3,673.2,,693.0,694.0,-1.0,,90.0,61747.8,6.0,20.09999999999991,2.985739750445619,-0.1440922190201729,10291.300000000001,686.0866666666667
2026-06-01T06:15:32+00:00,2026-06-01T12:00:32+05:45,2026-06-01,12:00:32,1780294532,0,6,12,nepse_official,OPEN,2026-06-01,MSLB,Mahuli Laghubitta Bittiya Sanstha Limited,1250.0,1250.0,1250.0,,1250.0,1256.0,-6.0,,10.0,12500.0,1.0,0.0,0.0,-0.47770700636942676,12500.0,1250.0
2026-06-01T06:15:32+00:00,2026-06-01T12:00:32+05:45,2026-06-01,12:00:32,1780294532,0,6,12,nepse_official,OPEN,2026-06-01,NABBC,Narayani Development Bank Limited,935.0,945.0,935.0,,945.0,960.0,-15.0,,260.0,243500.0,7.0,10.0,1.06951871657754,-1.5625,34785.71428571428,936.5384615384615
2026-06-01T06:15:32+00:00,2026-06-01T12:00:32+05:45,2026-06-01,12:00:32,1780294532,0,6,12,nepse_official,OPEN,2026-06-01,NABIL,Nabil Bank Limited,537.0,544.0,531.0,,535.5,537.0,-1.5,,12178.0,6556088.9,156.0,13.0,2.4208566108007448,-0.27932960893854747,42026.2108974359,538.3551404171457
2026-06-01T06:15:32+00:00,2026-06-01T12:00:32+05:45,2026-06-01,12:00:32,1780294532,0,6,12,nepse_official,OPEN,2026-06-01,NADEP,Nadep Laghubittiya bittya Sanstha Ltd.,756.0,756.0,755.0,,755.0,756.0,-1.0,,26.0,19640.0,3.0,1.0,0.13227513227513227,-0.13227513227513227,6546.666666666667,755.3846153846154
2026-06-01T06:15:32+00:00,2026-06-01T12:00:32+05:45,2026-06-01,12:00:32,1780294532,0,6,12,nepse_official,OPEN,2026-06-01,NBBD2085,10.25% NBBL Debenture 2085,1123.0,1123.0,1123.0,,1123.0,1103.0,20.0,,25.0,28075.0,1.0,0.0,0.0,1.813236627379873,28075.0,1123.0
2026-06-01T06:15:32+00:00,2026-06-01T12:00:32+05:45,2026-06-01,12:00:32,1780294532,0,6,12,nepse_official,OPEN,2026-06-01,NBF2,NABIL BALANCED FUND-2,9.98,9.98,9.98,,9.98,10.19,-0.20999999999999908,,400.0,3992.0,2.0,0.0,0.0,-2.0608439646712373,1996.0,9.98
2026-06-01T06:15:32+00:00,2026-06-01T12:00:32+05:45,2026-06-01,12:00:32,1780294532,0,6,12,nepse_official,OPEN,2026-06-01,NBF3,Nabil Balanced Fund-3,9.7,9.8,9.41,,9.56,9.98,-0.41999999999999993,,3501.0,33489.56,10.0,0.39000000000000057,4.020618556701037,-4.208416833667334,3348.9559999999997,9.565712653527562
2026-06-01T06:15:32+00:00,2026-06-01T12:00:32+05:45,2026-06-01,12:00:32,1780294532,0,6,12,nepse_official,OPEN,2026-06-01,NBL,Nepal Bank Limited,260.1,281.1,260.1,,271.0,273.7,-2.6999999999999886,,7277.0,1973775.5,40.0,21.0,8.073817762399077,-0.9864815491413915,49344.3875,271.2347808162704
2026-06-01T06:15:32+00:00,2026-06-01T12:00:32+05:45,2026-06-01,12:00:32,1780294532,0,6,12,nepse_official,OPEN,2026-06-01,NESDO,NESDO Sambridha Laghubitta Bittiya Sanstha Limited,1526.1,1541.0,1526.1,,1541.0,1563.0,-22.0,,44.0,67640.1,4.0,14.900000000000091,0.9763449315248078,-1.4075495841330774,16910.025,1537.275
2026-06-01T06:15:32+00:00,2026-06-01T12:00:32+05:45,2026-06-01,12:00:32,1780294532,0,6,12,nepse_official,OPEN,2026-06-01,NFS,Nepal Finance Ltd.,572.0,579.0,565.0,,565.0,570.0,-5.0,,1578.0,899640.5,19.0,14.0,2.4475524475524475,-0.8771929824561403,47349.5,570.1143852978454
2026-06-01T06:15:32+00:00,2026-06-01T12:00:32+05:45,2026-06-01,12:00:32,1780294532,0,6,12,nepse_official,OPEN,2026-06-01,NGPL,Ngadi Group Power Ltd.,455.0,455.5,448.3,,448.9,455.5,-6.600000000000023,,102620.0,46479027.4,200.0,7.199999999999989,1.58241758241758,-1.4489571899012126,232395.137,452.9236737478074
2026-06-01T06:15:32+00:00,2026-06-01T12:00:32+05:45,2026-06-01,12:00:32,1780294532,0,6,12,nepse_official,OPEN,2026-06-01,NHDL,Nepal Hydro Developers Ltd.,661.0,680.0,640.0,,649.0,642.2,6.7999999999999545,,7302.0,4931696.4,15.0,40.0,6.051437216338881,1.0588601681719019,328779.76,675.389811010682
2026-06-01T06:15:32+00:00,2026-06-01T12:00:32+05:45,2026-06-01,12:00:32,1780294532,0,6,12,nepse_official,OPEN,2026-06-01,NHPC,National Hydro Power Company Limited,299.0,307.0,292.0,,301.9,301.0,0.8999999999999773,,282133.0,84940150.0,658.0,15.0,5.016722408026756,0.2990033222591287,129088.37386018237,301.06421439533835
2026-06-01T06:15:32+00:00,2026-06-01T12:00:32+05:45,2026-06-01,12:00:32,1780294532,0,6,12,nepse_official,OPEN,2026-06-01,NIBLGF,NIBL Growth Fund,9.24,9.3,9.24,,9.3,9.32,-0.019999999999999574,,350.0,3249.0,3.0,0.0600000000000005,0.6493506493506547,-0.214592274678107,1083.0,9.282857142857143
2026-06-01T06:15:32+00:00,2026-06-01T12:00:32+05:45,2026-06-01,12:00:32,1780294532,0,6,12,nepse_official,OPEN,2026-06-01,NIBLSTF,NIBL Stable Fund,9.13,9.34,9.13,,9.13,9.33,-0.1999999999999993,,400.0,3673.0,4.0,0.20999999999999908,2.3001095290251814,-2.14362272240085,918.25,9.1825
2026-06-01T06:15:32+00:00,2026-06-01T12:00:32+05:45,2026-06-01,12:00:32,1780294532,0,6,12,nepse_official,OPEN,2026-06-01,NICA,NIC Asia Bank Ltd.,348.0,354.0,345.0,,349.3,350.5,-1.1999999999999886,,11146.0,3898488.4,69.0,9.0,2.586206896551724,-0.34236804564906953,56499.83188405797,349.7656917279742
2026-06-01T06:15:32+00:00,2026-06-01T12:00:32+05:45,2026-06-01,12:00:32,1780294532,0,6,12,nepse_official,OPEN,2026-06-01,NICAD2091,7% NIC ASIA Debenture 2091,1060.0,1060.0,1060.0,,1060.0,1065.0,-5.0,,35.0,37100.0,2.0,0.0,0.0,-0.4694835680751174,18550.0,1060.0
2026-06-01T06:15:32+00:00,2026-06-01T12:00:32+05:45,2026-06-01,12:00:32,1780294532,0,6,12,nepse_official,OPEN,2026-06-01,NICFC,NIC Asia Flexi CAP Fund,9.35,9.4,9.35,,9.35,9.59,-0.2400000000000002,,700.0,6555.0,7.0,0.05000000000000071,0.5347593582887776,-2.5026068821689282,936.4285714285714,9.364285714285714
2026-06-01T06:15:32+00:00,2026-06-01T12:00:32+05:45,2026-06-01,12:00:32,1780294532,0,6,12,nepse_official,OPEN,2026-06-01,NICL,Nepal Insurance Co. Ltd.,510.0,525.3,510.0,,519.0,510.0,9.0,,33982.0,17743113.1,128.0,15.299999999999955,2.999999999999991,1.7647058823529411,138618.07109375,522.1326908363252
2026-06-01T06:15:32+00:00,2026-06-01T12:00:32+05:45,2026-06-01,12:00:32,1780294532,0,6,12,nepse_official,OPEN,2026-06-01,NICLBSL,NIC ASIA Laghubitta Bittiya Sanstha Limited,590.0,590.0,565.2,,568.1,579.9,-11.799999999999955,,3459.0,1975401.5,25.0,24.799999999999955,4.203389830508467,-2.0348335919986127,79016.06,571.0903440300665
2026-06-01T06:15:32+00:00,2026-06-01T12:00:32+05:45,2026-06-01,12:00:32,1780294532,0,6,12,nepse_official,OPEN,2026-06-01,NICSF,NIC Asia Select Fund 30,9.4,9.4,9.2,,9.2,9.32,-0.120000000000001,,300.0,2800.0,2.0,0.20000000000000107,2.1276595744680966,-1.28755364806868,1400.0,9.333333333333334
2026-06-01T06:15:32+00:00,2026-06-01T12:00:32+05:45,2026-06-01,12:00:32,1780294532,0,6,12,nepse_official,OPEN,2026-06-01,NIFRA,Nepal Infrastructure Bank Limited,269.0,269.0,262.0,,266.0,269.0,-3.0,,28052.0,7461585.0,156.0,7.0,2.6022304832713754,-1.1152416356877324,47830.67307692308,265.9911949237131
2026-06-01T06:15:32+00:00,2026-06-01T12:00:32+05:45,2026-06-01,12:00:32,1780294532,0,6,12,nepse_official,OPEN,2026-06-01,NIFRAUR85/86,NIFRA Uraj Rinpatra7%-2085/86,1041.8,1041.8,1041.7,,1041.7,1069.3,-27.59999999999991,,20.0,20835.0,2.0,0.09999999999990905,0.00959877135725754,-2.5811278406434033,10417.5,1041.75
2026-06-01T06:15:32+00:00,2026-06-01T12:00:32+05:45,2026-06-01,12:00:32,1780294532,0,6,12,nepse_official,OPEN,2026-06-01,NIL,Neco Insurance Limited,650.0,663.0,632.0,,655.0,632.0,23.0,,18347.0,11921255.1,106.0,31.0,4.769230769230769,3.6392405063291138,112464.67075471698,649.76590723279
2026-06-01T06:15:32+00:00,2026-06-01T12:00:32+05:45,2026-06-01,12:00:32,1780294532,0,6,12,nepse_official,OPEN,2026-06-01,NIMB,Nepal Investment Mega Bank Limited,200.0,202.8,198.0,,200.2,200.6,-0.4000000000000057,,43270.0,8683865.9,112.0,4.800000000000011,2.4000000000000057,-0.1994017946161544,77534.51696428572,200.69022186272244
2026-06-01T06:15:32+00:00,2026-06-01T12:00:32+05:45,2026-06-01,12:00:32,1780294532,0,6,12,nepse_official,OPEN,2026-06-01,NLG,NLG Insurance Company Ltd.,580.0,620.0,575.0,,606.9,574.0,32.89999999999998,,21445.0,12880859.9,138.0,45.0,7.758620689655173,5.731707317073167,93339.56449275362,600.6462998367919
2026-06-01T06:15:32+00:00,2026-06-01T12:00:32+05:45,2026-06-01,12:00:32,1780294532,0,6,12,nepse_official,OPEN,2026-06-01,NLIC,Nepal Life Insurance Co. Ltd.,774.0,782.0,770.0,,776.0,774.2,1.7999999999999545,,7912.0,6138066.5,58.0,12.0,1.550387596899225,0.23249806251613983,105828.7327586207,775.7920247724975
2026-06-01T06:15:32+00:00,2026-06-01T12:00:32+05:45,2026-06-01,12:00:32,1780294532,0,6,12,nepse_official,OPEN,2026-06-01,NLICL,National Life Insurance Co. Ltd.,564.3,599.9,564.3,,594.4,594.0,0.39999999999997726,,12418.0,7297475.9,21.0,35.60000000000002,6.308701045543155,0.06734006734006352,347498.8523809524,587.6530761797392
2026-06-01T06:15:32+00:00,2026-06-01T12:00:32+05:45,2026-06-01,12:00:32,1780294532,0,6,12,nepse_official,OPEN,2026-06-01,NMB,NMB Bank Limited,249.4,249.4,248.0,,248.8,249.4,-0.5999999999999943,,2469.0,614372.1,18.0,1.4000000000000057,0.5613472333600664,-0.24057738572573947,34131.78333333333,248.8343863912515
2026-06-01T06:15:32+00:00,2026-06-01T12:00:32+05:45,2026-06-01,12:00:32,1780294532,0,6,12,nepse_official,OPEN,2026-06-01,NMB50,NMB 50,10.84,10.84,10.84,,10.84,10.84,0.0,,175.0,1897.0,1.0,0.0,0.0,0.0,1897.0,10.84
2026-06-01T06:15:32+00:00,2026-06-01T12:00:32+05:45,2026-06-01,12:00:32,1780294532,0,6,12,nepse_official,OPEN,2026-06-01,NMBHF2,NMB Hybrid Fund L- II,9.6,9.6,9.6,,9.6,9.64,-0.040000000000000924,,900.0,8640.0,9.0,0.0,0.0,-0.4149377593361091,960.0,9.6
2026-06-01T06:15:32+00:00,2026-06-01T12:00:32+05:45,2026-06-01,12:00:32,1780294532,0,6,12,nepse_official,OPEN,2026-06-01,NMBMF,NMB  Microfinance Bittiya Sanstha Ltd.,637.0,637.0,630.0,,630.0,637.0,-7.0,,447.0,282564.0,6.0,7.0,1.098901098901099,-1.098901098901099,47094.0,632.1342281879195
2026-06-01T06:15:32+00:00,2026-06-01T12:00:32+05:45,2026-06-01,12:00:32,1780294532,0,6,12,nepse_official,OPEN,2026-06-01,NMFBS,National Laghubitta Bittiya Sanstha Limited,1149.0,1149.0,1130.0,,1140.0,1140.0,0.0,,90.0,102240.0,5.0,19.0,1.6536118363794605,0.0,20448.0,1136.0
2026-06-01T06:15:32+00:00,2026-06-01T12:00:32+05:45,2026-06-01,12:00:32,1780294532,0,6,12,nepse_official,OPEN,2026-06-01,NMIC,Nepal Micro Insurance Company Limited,1040.0,1094.0,1015.0,,1062.0,1049.8,12.200000000000045,,1334.0,1422640.0,50.0,79.0,7.596153846153846,1.1621261192608159,28452.8,1066.446776611694
2026-06-01T06:15:32+00:00,2026-06-01T12:00:32+05:45,2026-06-01,12:00:32,1780294532,0,6,12,nepse_official,OPEN,2026-06-01,NMLBBL,Nerude Mirmire Laghubitta Bittiya Sanstha Limited,595.0,595.0,580.0,,594.1,590.0,4.100000000000023,,1960.0,1153315.0,9.0,15.0,2.5210084033613445,0.6949152542372921,128146.11111111111,588.4260204081633
2026-06-01T06:15:32+00:00,2026-06-01T12:00:32+05:45,2026-06-01,12:00:32,1780294532,0,6,12,nepse_official,OPEN,2026-06-01,NRIC,Nepal Reinsurance Company Limited,956.5,1047.6,953.0,,1032.0,911.0,121.0,,260013.0,265751857.2,2121.0,94.59999999999991,9.89022477783585,13.2821075740944,125295.54794908062,1022.0714241211016
2026-06-01T06:15:32+00:00,2026-06-01T12:00:32+05:45,2026-06-01,12:00:32,1780294532,0,6,12,nepse_official,OPEN,2026-06-01,NRM,Nepal Republic Media Limited,397.5,397.5,370.3,,380.0,393.3,-13.300000000000011,,4748.0,1814948.2,49.0,27.19999999999999,6.842767295597481,-3.3816425120772973,37039.75918367347,382.25530749789385
2026-06-01T06:15:32+00:00,2026-06-01T12:00:32+05:45,2026-06-01,12:00:32,1780294532,0,6,12,nepse_official,OPEN,2026-06-01,NRN,NRN Infrastructure and Development Limited,1397.0,1415.0,1390.0,,1396.2,1397.0,-0.7999999999999545,,10040.0,14087696.8,107.0,25.0,1.789549033643522,-0.05726556907658944,131660.71775700935,1403.1570517928287
2026-06-01T06:15:32+00:00,2026-06-01T12:00:32+05:45,2026-06-01,12:00:32,1780294532,0,6,12,nepse_official,OPEN,2026-06-01,NSIF2,NMB Sulav Investment Fund - 2,11.1,11.1,10.8,,10.8,10.83,-0.02999999999999936,,800.0,8832.0,4.0,0.29999999999999893,2.7027027027026933,-0.27700831024930156,2208.0,11.04
2026-06-01T06:15:32+00:00,2026-06-01T12:00:32+05:45,2026-06-01,12:00:32,1780294532,0,6,12,nepse_official,OPEN,2026-06-01,NSY,Nepal Life Samriddhi Lagani Yojana,9.69,9.69,9.44,,9.6,9.69,-0.08999999999999986,,1200.0,11460.0,11.0,0.25,2.579979360165119,-0.9287925696594413,1041.8181818181818,9.55
2026-06-01T06:15:32+00:00,2026-06-01T12:00:32+05:45,2026-06-01,12:00:32,1780294532,0,6,12,nepse_official,OPEN,2026-06-01,NTC,Nepal Doorsanchar Company Limited,855.0,890.4,831.7,,866.0,900.0,-34.0,,63131.0,53899061.5,781.0,58.69999999999993,6.865497076023384,-3.7777777777777777,69012.8828425096,853.7653688362294
2026-06-01T06:15:32+00:00,2026-06-01T12:00:32+05:45,2026-06-01,12:00:32,1780294532,0,6,12,nepse_official,OPEN,2026-06-01,NUBL,Nirdhan Utthan Laghubitta Bittiya Sanstha Limited,669.0,670.0,669.0,,669.0,665.0,4.0,,961.0,643499.0,8.0,1.0,0.14947683109118087,0.6015037593984963,80437.375,669.6139438085328
2026-06-01T06:15:32+00:00,2026-06-01T12:00:32+05:45,2026-06-01,12:00:32,1780294532,0,6,12,nepse_official,OPEN,2026-06-01,NWCL,Nepal Warehousing Company Limited ,851.0,851.0,805.0,,808.3,811.1,-2.800000000000068,,280.0,230096.0,7.0,46.0,5.405405405405405,-0.345210208359027,32870.857142857145,821.7714285714286
2026-06-01T06:15:32+00:00,2026-06-01T12:00:32+05:45,2026-06-01,12:00:32,1780294532,0,6,12,nepse_official,OPEN,2026-06-01,NYADI,Nyadi Hydropower Limited,393.0,407.0,393.0,,395.0,395.2,-0.19999999999998863,,1485.0,587529.0,15.0,14.0,3.5623409669211195,-0.05060728744938984,39168.6,395.6424242424242
2026-06-01T06:15:32+00:00,2026-06-01T12:00:32+05:45,2026-06-01,12:00:32,1780294532,0,6,12,nepse_official,OPEN,2026-06-01,OHL,Oriental Hotels Limited,700.0,700.0,700.0,,700.0,699.0,1.0,,111.0,77700.0,3.0,0.0,0.0,0.14306151645207438,25900.0,700.0
2026-06-01T06:15:32+00:00,2026-06-01T12:00:32+05:45,2026-06-01,12:00:32,1780294532,0,6,12,nepse_official,OPEN,2026-06-01,OMPL,Om Megashree Pharmaceuticals Limited,1185.0,1194.0,1175.0,,1175.0,1195.0,-20.0,,625.0,738327.5,35.0,19.0,1.6033755274261603,-1.6736401673640167,21095.071428571428,1181.324
2026-06-01T06:15:32+00:00,2026-06-01T12:00:32+05:45,2026-06-01,12:00:32,1780294532,0,6,12,nepse_official,OPEN,2026-06-01,PBD84,10.15% Prime Debenture 2084,1070.2,1070.2,1070.2,,1070.2,1084.0,-13.799999999999955,,30.0,32106.0,1.0,0.0,0.0,-1.2730627306273021,32106.0,1070.2
2026-06-01T06:15:32+00:00,2026-06-01T12:00:32+05:45,2026-06-01,12:00:32,1780294532,0,6,12,nepse_official,OPEN,2026-06-01,PBD88,10% Prime Debenture 2088,1200.0,1200.0,1200.0,,1200.0,1215.0,-15.0,,25.0,30000.0,1.0,0.0,0.0,-1.2345679012345678,30000.0,1200.0
2026-06-01T06:15:32+00:00,2026-06-01T12:00:32+05:45,2026-06-01,12:00:32,1780294532,0,6,12,nepse_official,OPEN,2026-06-01,PCBL,Prime Commercial Bank Ltd.,250.0,250.0,241.2,,244.5,247.0,-2.5,,5496.0,1339804.3,37.0,8.800000000000011,3.5200000000000045,-1.0121457489878543,36210.92702702703,243.7780749636099
2026-06-01T06:15:32+00:00,2026-06-01T12:00:32+05:45,2026-06-01,12:00:32,1780294532,0,6,12,nepse_official,OPEN,2026-06-01,PCIL,Palpa Cement Industries Limited,815.0,818.9,802.1,,808.1,820.0,-11.899999999999977,,19434.0,15755043.4,577.0,16.799999999999955,2.061349693251528,-1.4512195121951192,27305.101213171576,810.6948337964393
2026-06-01T06:15:32+00:00,2026-06-01T12:00:32+05:45,2026-06-01,12:00:32,1780294532,0,6,12,nepse_official,OPEN,2026-06-01,PFL,Pokhara Finance Ltd.,380.1,380.1,365.0,,375.0,376.5,-1.5,,2456.0,907244.0,20.0,15.100000000000023,3.972638779268619,-0.398406374501992,45362.2,369.3990228013029
2026-06-01T06:15:32+00:00,2026-06-01T12:00:32+05:45,2026-06-01,12:00:32,1780294532,0,6,12,nepse_official,OPEN,2026-06-01,PHCL,Peoples Hydropower Company Limited,319.0,319.0,306.0,,309.2,311.0,-1.8000000000000114,,8999.0,2785949.4,75.0,13.0,4.075235109717868,-0.5787781350482352,37145.992,309.58433159239917
2026-06-01T06:15:32+00:00,2026-06-01T12:00:32+05:45,2026-06-01,12:00:32,1780294532,0,6,12,nepse_official,OPEN,2026-06-01,PMHPL,Panchakanya Mai Hydropower Ltd,347.9,348.0,341.0,,347.9,349.0,-1.1000000000000227,,1005.0,346091.6,15.0,7.0,2.0120724346076457,-0.3151862464183446,23072.77333333333,344.3697512437811
2026-06-01T06:15:32+00:00,2026-06-01T12:00:32+05:45,2026-06-01,12:00:32,1780294532,0,6,12,nepse_official,OPEN,2026-06-01,PMLI,Prabhu Mahalaxmi Life Insurance Limited,471.0,471.0,466.0,,468.0,469.6,-1.6000000000000227,,1170.0,550762.8,12.0,5.0,1.0615711252653928,-0.3407155025553711,45896.9,470.73743589743594
2026-06-01T06:15:32+00:00,2026-06-01T12:00:32+05:45,2026-06-01,12:00:32,1780294532,0,6,12,nepse_official,OPEN,2026-06-01,PPCL,Panchthar Power Compant Limited,409.5,409.5,370.0,,382.0,390.0,-8.0,,14840.0,5699365.6,29.0,39.5,9.645909645909647,-2.051282051282051,196529.84827586205,384.0542857142857
2026-06-01T06:15:32+00:00,2026-06-01T12:00:32+05:45,2026-06-01,12:00:32,1780294532,0,6,12,nepse_official,OPEN,2026-06-01,PPL,People's Power Limited,342.8,360.9,342.8,,353.7,360.8,-7.100000000000023,,6778.0,2422309.8,43.0,18.099999999999966,5.280046674445731,-1.9678492239467913,56332.786046511625,357.37825317202714
2026-06-01T06:15:32+00:00,2026-06-01T12:00:32+05:45,2026-06-01,12:00:32,1780294532,0,6,12,nepse_official,OPEN,2026-06-01,PRIN,Prabhu Insurance Ltd.,700.0,700.0,668.0,,692.0,667.8,24.200000000000045,,13016.0,8957890.3,79.0,32.0,4.571428571428571,3.6238394728960834,113391.01645569621,688.2214428395821
2026-06-01T06:15:32+00:00,2026-06-01T12:00:32+05:45,2026-06-01,12:00:32,1780294532,0,6,12,nepse_official,OPEN,2026-06-01,PROFL,Progressive Finance Limited,450.0,450.0,443.9,,443.9,441.0,2.8999999999999773,,305.0,135450.5,4.0,6.100000000000023,1.3555555555555605,0.657596371882081,33862.625,444.1
2026-06-01T06:15:32+00:00,2026-06-01T12:00:32+05:45,2026-06-01,12:00:32,1780294532,0,6,12,nepse_official,OPEN,2026-06-01,PRSF,Prabhu Smart Fund,13.4,13.4,12.99,,12.99,13.05,-0.0600000000000005,,20000.0,261196.0,8.0,0.41000000000000014,3.0597014925373145,-0.45977011494253256,32649.5,13.0598
2026-06-01T06:15:32+00:00,2026-06-01T12:00:32+05:45,2026-06-01,12:00:32,1780294532,0,6,12,nepse_official,OPEN,2026-06-01,PRVU,Prabhu  Bank Limited,200.0,200.9,196.2,,198.4,200.4,-2.0,,28502.0,5674804.8,119.0,4.700000000000017,2.3500000000000085,-0.998003992015968,47687.43529411765,199.10198582555608
2026-06-01T06:15:32+00:00,2026-06-01T12:00:32+05:45,2026-06-01,12:00:32,1780294532,0,6,12,nepse_official,OPEN,2026-06-01,PSF,Prabhu Select Fund,12.5,12.5,12.16,,12.22,12.54,-0.3199999999999985,,1800.0,22326.0,8.0,0.33999999999999986,2.719999999999999,-2.5518341307814874,2790.75,12.403333333333334
2026-06-01T06:15:32+00:00,2026-06-01T12:00:32+05:45,2026-06-01,12:00:32,1780294532,0,6,12,nepse_official,OPEN,2026-06-01,PURE,Pure Energy Limited,959.0,980.0,935.1,,980.0,969.0,11.0,,1411.0,1365520.0,25.0,44.89999999999998,4.6819603753910295,1.1351909184726523,54620.8,967.7675407512403
2026-06-01T06:15:32+00:00,2026-06-01T12:00:32+05:45,2026-06-01,12:00:32,1780294532,0,6,12,nepse_official,OPEN,2026-06-01,RADHI,Radhi Bidyut Company Ltd,772.0,789.0,770.0,,780.0,785.0,-5.0,,16492.0,12758996.4,60.0,19.0,2.461139896373057,-0.6369426751592357,212649.94,773.6476109628911
2026-06-01T06:15:32+00:00,2026-06-01T12:00:32+05:45,2026-06-01,12:00:32,1780294532,0,6,12,nepse_official,OPEN,2026-06-01,RAWA,Rawa Energy Development Limited,613.2,613.2,575.0,,575.0,584.0,-9.0,,220.0,129230.7,10.0,38.200000000000045,6.22961513372473,-1.5410958904109588,12923.07,587.4122727272727
2026-06-01T06:15:32+00:00,2026-06-01T12:00:32+05:45,2026-06-01,12:00:32,1780294532,0,6,12,nepse_official,OPEN,2026-06-01,RBCL,Rastriya Beema Company Limited,15555.0,15600.0,15002.1,,15305.0,15635.0,-330.0,,194.0,2973031.0,17.0,597.8999999999996,3.843780135004819,-2.1106491845219058,174884.17647058822,15324.90206185567
2026-06-01T06:15:32+00:00,2026-06-01T12:00:32+05:45,2026-06-01,12:00:32,1780294532,0,6,12,nepse_official,OPEN,2026-06-01,RBCLPO,Rastriya Beema Company Limited Promoter Share,11800.1,11800.1,11800.0,,11800.0,12162.0,-362.0,,30.0,354001.0,2.0,0.1000000000003638,0.0008474504453382921,-2.9764841308995234,177000.5,11800.033333333333
2026-06-01T06:15:32+00:00,2026-06-01T12:00:32+05:45,2026-06-01,12:00:32,1780294532,0,6,12,nepse_official,OPEN,2026-06-01,RFPL,River Falls Power Limited,400.0,400.0,373.0,,380.0,381.0,-1.0,,4639.0,1758194.0,31.0,27.0,6.75,-0.26246719160104987,56715.93548387097,379.00280232808797
2026-06-01T06:15:32+00:00,2026-06-01T12:00:32+05:45,2026-06-01,12:00:32,1780294532,0,6,12,nepse_official,OPEN,2026-06-01,RHGCL,Rapti Hydro And General Construction Limited,306.6,309.0,301.0,,304.0,306.6,-2.6000000000000227,,8440.0,2563505.0,48.0,8.0,2.609262883235486,-0.8480104370515403,53406.354166666664,303.73281990521326
2026-06-01T06:15:32+00:00,2026-06-01T12:00:32+05:45,2026-06-01,12:00:32,1780294532,0,6,12,nepse_official,OPEN,2026-06-01,RHPL,RASUWAGADHI HYDROPOWER COMPANY LIMITED,295.0,295.0,279.1,,280.0,283.0,-3.0,,2484.0,700040.0,23.0,15.899999999999977,5.389830508474568,-1.0600706713780919,30436.521739130436,281.8196457326892
2026-06-01T06:15:32+00:00,2026-06-01T12:00:32+05:45,2026-06-01,12:00:32,1780294532,0,6,12,nepse_official,OPEN,2026-06-01,RIDI,Ridi Power Company Limited,376.0,378.0,370.0,,372.9,376.0,-3.1000000000000227,,132750.0,49548339.4,364.0,8.0,2.127659574468085,-0.824468085106389,136121.81153846154,373.2454945386064
2026-06-01T06:15:32+00:00,2026-06-01T12:00:32+05:45,2026-06-01,12:00:32,1780294532,0,6,12,nepse_official,OPEN,2026-06-01,RLEL,Ridge Line Energy Limited,1075.0,1099.0,1038.0,,1038.0,1075.0,-37.0,,6785.0,7192416.4,158.0,61.0,5.674418604651163,-3.441860465116279,45521.622784810126,1060.046632277082
2026-06-01T06:15:32+00:00,2026-06-01T12:00:32+05:45,2026-06-01,12:00:32,1780294532,0,6,12,nepse_official,OPEN,2026-06-01,RLFL,Reliance Finance Ltd.,443.8,443.9,440.0,,440.9,436.2,4.699999999999989,,415.0,183482.5,7.0,3.8999999999999773,0.8787742226227978,1.0774873911049951,26211.785714285714,442.1265060240964
2026-06-01T06:15:32+00:00,2026-06-01T12:00:32+05:45,2026-06-01,12:00:32,1780294532,0,6,12,nepse_official,OPEN,2026-06-01,RNLI,Reliable Nepal Life Insurance Limited,468.0,472.0,460.0,,466.5,468.2,-1.6999999999999886,,870.0,406634.7,47.0,12.0,2.564102564102564,-0.36309269542930134,8651.802127659575,467.39620689655175
2026-06-01T06:15:32+00:00,2026-06-01T12:00:32+05:45,2026-06-01,12:00:32,1780294532,0,6,12,nepse_official,OPEN,2026-06-01,RSDC,RSDC Laghubitta Bittiya Sanstha Ltd.,650.1,691.0,650.1,,655.1,665.0,-9.899999999999977,,3684.0,2522177.1,10.0,40.89999999999998,6.291339793877861,-1.4887218045112747,252217.71000000002,684.6300488599348
2026-06-01T06:15:32+00:00,2026-06-01T12:00:32+05:45,2026-06-01,12:00:32,1780294532,0,6,12,nepse_official,OPEN,2026-06-01,RSML,Reliance Spinning Mills Limited,3745.0,3745.0,3680.0,,3706.9,3745.0,-38.09999999999991,,9904.0,36681962.3,199.0,65.0,1.7356475300400533,-1.017356475300398,184331.4688442211,3703.7522516155086
2026-06-01T06:15:32+00:00,2026-06-01T12:00:32+05:45,2026-06-01,12:00:32,1780294532,0,6,12,nepse_official,OPEN,2026-06-01,RSY,Reliable Samriddhi Yojana,10.03,10.5,10.03,,10.35,10.22,0.129999999999999,,1200.0,12300.0,12.0,0.47000000000000064,4.685942173479568,1.2720156555772897,1025.0,10.25
2026-06-01T06:15:32+00:00,2026-06-01T12:00:32+05:45,2026-06-01,12:00:32,1780294532,0,6,12,nepse_official,OPEN,2026-06-01,RURU,Ru Ru Jalbidhyut Pariyojana Limited,660.0,669.5,650.0,,665.0,669.9,-4.899999999999977,,92.0,60836.0,6.0,19.5,2.9545454545454546,-0.7314524555903833,10139.333333333334,661.2608695652174
2026-06-01T06:15:32+00:00,2026-06-01T12:00:32+05:45,2026-06-01,12:00:32,1780294532,0,6,12,nepse_official,OPEN,2026-06-01,SABBL,Salapa Bikas Bank Limited,1250.0,1250.0,1210.0,,1217.5,1220.0,-2.5,,2331.0,2848220.2,63.0,40.0,3.2,-0.20491803278688525,45209.84444444445,1221.8876876876877
2026-06-01T06:15:32+00:00,2026-06-01T12:00:32+05:45,2026-06-01,12:00:32,1780294532,0,6,12,nepse_official,OPEN,2026-06-01,SADBL,Shangrila Development Bank Ltd.,417.4,417.9,416.9,,417.9,414.9,3.0,,669.0,278885.0,6.0,1.0,0.23957834211787254,0.723065798987708,46480.833333333336,416.86846038863973
2026-06-01T06:15:32+00:00,2026-06-01T12:00:32+05:45,2026-06-01,12:00:32,1780294532,0,6,12,nepse_official,OPEN,2026-06-01,SAGAR,Sagar Distillery Limited,1700.0,1719.9,1675.1,,1691.0,1702.1,-11.099999999999909,,1848.0,3148979.0,49.0,44.80000000000018,2.63529411764707,-0.6521355972034493,64264.87755102041,1703.9929653679653
2026-06-01T06:15:32+00:00,2026-06-01T12:00:32+05:45,2026-06-01,12:00:32,1780294532,0,6,12,nepse_official,OPEN,2026-06-01,SAGF,Sanima Growth Fund,10.0,10.1,10.0,,10.1,10.2,-0.09999999999999964,,460.0,4636.0,3.0,0.09999999999999964,0.9999999999999963,-0.9803921568627416,1545.3333333333333,10.078260869565218
2026-06-01T06:15:32+00:00,2026-06-01T12:00:32+05:45,2026-06-01,12:00:32,1780294532,0,6,12,nepse_official,OPEN,2026-06-01,SAHAS,Sahas Urja Limited,687.0,687.0,670.0,,681.0,687.0,-6.0,,64856.0,44197305.2,347.0,17.0,2.4745269286754,-0.8733624454148471,127369.75561959654,681.4682558282966
2026-06-01T06:15:32+00:00,2026-06-01T12:00:32+05:45,2026-06-01,12:00:32,1780294532,0,6,12,nepse_official,OPEN,2026-06-01,SAIL,Shreenagar Agritech Industries Limited,1183.0,1183.0,1110.0,,1126.1,1139.0,-12.900000000000091,,4467.0,5043828.0,90.0,73.0,6.170752324598478,-1.1325724319578658,56042.53333333333,1129.1309603760913
2026-06-01T06:15:32+00:00,2026-06-01T12:00:32+05:45,2026-06-01,12:00:32,1780294532,0,6,12,nepse_official,OPEN,2026-06-01,SALICO,Sagarmatha Lumbini Insurance Co. Limited,590.0,620.0,590.0,,610.2,598.0,12.200000000000045,,2643.0,1618139.0,28.0,30.0,5.084745762711865,2.0401337792642216,57790.67857142857,612.235716988271
2026-06-01T06:15:32+00:00,2026-06-01T12:00:32+05:45,2026-06-01,12:00:32,1780294532,0,6,12,nepse_official,OPEN,2026-06-01,SANIMA,Sanima Bank Limited,368.0,368.0,362.0,,367.0,368.0,-1.0,,10728.0,3927839.5,57.0,6.0,1.6304347826086956,-0.2717391304347826,68909.4649122807,366.1297073079791
2026-06-01T06:15:32+00:00,2026-06-01T12:00:32+05:45,2026-06-01,12:00:32,1780294532,0,6,12,nepse_official,OPEN,2026-06-01,SANVI,Sanvi Energy Limited,705.0,730.0,705.0,,715.3,724.9,-9.600000000000023,,5188.0,3733849.6,61.0,25.0,3.546099290780142,-1.3243205959442714,61210.64918032787,719.7088666152661
2026-06-01T06:15:32+00:00,2026-06-01T12:00:32+05:45,2026-06-01,12:00:32,1780294532,0,6,12,nepse_official,OPEN,2026-06-01,SAPDBL,Saptakoshi Development Bank Ltd,786.1,823.0,786.0,,800.0,808.3,-8.299999999999955,,7550.0,6092550.6,62.0,37.0,4.706780307848875,-1.0268464678955778,98266.94516129032,806.9603443708609
2026-06-01T06:15:32+00:00,2026-06-01T12:00:32+05:45,2026-06-01,12:00:32,1780294532,0,6,12,nepse_official,OPEN,2026-06-01,SARBTM,Sarbottam Cement Limited,855.1,875.0,855.1,,863.1,869.0,-5.899999999999977,,318.0,274838.6,9.0,19.899999999999977,2.327213191439595,-0.6789413118527017,30537.62222222222,864.2723270440251
2026-06-01T06:15:32+00:00,2026-06-01T12:00:32+05:45,2026-06-01,12:00:32,1780294532,0,6,12,nepse_official,OPEN,2026-06-01,SBCF,Sunrise Bluechip Fund,9.83,9.83,9.83,,9.83,9.83,0.0,,100.0,983.0,1.0,0.0,0.0,0.0,983.0,9.83
2026-06-01T06:15:32+00:00,2026-06-01T12:00:32+05:45,2026-06-01,12:00:32,1780294532,0,6,12,nepse_official,OPEN,2026-06-01,SBI,Nepal SBI Bank Limited,401.0,402.0,394.3,,398.0,400.0,-2.0,,2015.0,801584.2,10.0,7.699999999999989,1.92019950124688,-0.5,80158.42,397.80853598014886
2026-06-01T06:15:32+00:00,2026-06-01T12:00:32+05:45,2026-06-01,12:00:32,1780294532,0,6,12,nepse_official,OPEN,2026-06-01,SBL,Siddhartha Bank Limited,406.0,406.0,396.1,,400.7,405.0,-4.300000000000011,,9228.0,3727072.7,27.0,9.899999999999977,2.4384236453201913,-1.0617283950617313,138039.72962962964,403.88737537928046
2026-06-01T06:15:32+00:00,2026-06-01T12:00:32+05:45,2026-06-01,12:00:32,1780294532,0,6,12,nepse_official,OPEN,2026-06-01,SBLD89,10.75% SBL Debenture 2089,1235.0,1235.0,1235.0,,1235.0,1255.0,-20.0,,25.0,30875.0,1.0,0.0,0.0,-1.593625498007968,30875.0,1235.0
2026-06-01T06:15:32+00:00,2026-06-01T12:00:32+05:45,2026-06-01,12:00:32,1780294532,0,6,12,nepse_official,OPEN,2026-06-01,SCB,Standard Chartered Bank Limited,658.0,661.0,642.0,,646.0,658.9,-12.899999999999977,,3596.0,2373007.0,26.0,19.0,2.8875379939209727,-1.9578084686598842,91269.5,659.9018353726362
2026-06-01T06:15:32+00:00,2026-06-01T12:00:32+05:45,2026-06-01,12:00:32,1780294532,0,6,12,nepse_official,OPEN,2026-06-01,SFCL,Samriddhi Finance Company Limited,376.0,383.0,365.0,,382.0,377.5,4.5,,975.0,361664.0,9.0,18.0,4.787234042553192,1.1920529801324504,40184.88888888889,370.9374358974359
2026-06-01T06:15:32+00:00,2026-06-01T12:00:32+05:45,2026-06-01,12:00:32,1780294532,0,6,12,nepse_official,OPEN,2026-06-01,SFEF,Sunrise Focused Equity Fund,10.0,10.0,10.0,,10.0,10.1,-0.09999999999999964,,200.0,2000.0,1.0,0.0,0.0,-0.9900990099009866,2000.0,10.0
2026-06-01T06:15:32+00:00,2026-06-01T12:00:32+05:45,2026-06-01,12:00:32,1780294532,0,6,12,nepse_official,OPEN,2026-06-01,SGHC,Swet-Ganga Hydropower & Construction Limited ,386.9,386.9,371.0,,371.0,380.0,-9.0,,455.0,170854.0,13.0,15.899999999999977,4.109589041095885,-2.368421052631579,13142.615384615385,375.5032967032967
2026-06-01T06:15:32+00:00,2026-06-01T12:00:32+05:45,2026-06-01,12:00:32,1780294532,0,6,12,nepse_official,OPEN,2026-06-01,SGIC,Sanima GIC Insurance Limited,465.0,490.0,460.0,,481.5,465.4,16.100000000000023,,32498.0,15675301.8,154.0,30.0,6.451612903225806,3.459389772238939,101787.67402597403,482.34666133300516
2026-06-01T06:15:32+00:00,2026-06-01T12:00:32+05:45,2026-06-01,12:00:32,1780294532,0,6,12,nepse_official,OPEN,2026-06-01,SHEL,Singati Hydro Energy Limited,323.0,323.0,313.4,,318.0,322.8,-4.800000000000011,,45067.0,14416712.5,116.0,9.600000000000023,2.972136222910224,-1.4869888475836466,124282.00431034483,319.8951006279539
2026-06-01T06:15:32+00:00,2026-06-01T12:00:32+05:45,2026-06-01,12:00:32,1780294532,0,6,12,nepse_official,OPEN,2026-06-01,SHINE,Shine Resunga Development Bank Ltd.,410.0,418.8,410.0,,414.0,418.0,-4.0,,508.0,210443.7,9.0,8.800000000000011,2.146341463414637,-0.9569377990430622,23382.633333333335,414.259251968504
2026-06-01T06:15:32+00:00,2026-06-01T12:00:32+05:45,2026-06-01,12:00:32,1780294532,0,6,12,nepse_official,OPEN,2026-06-01,SHINED,Shine Resunga Debenture,1106.0,1106.0,1106.0,,1106.0,1106.0,0.0,,25.0,27650.0,1.0,0.0,0.0,0.0,27650.0,1106.0
2026-06-01T06:15:32+00:00,2026-06-01T12:00:32+05:45,2026-06-01,12:00:32,1780294532,0,6,12,nepse_official,OPEN,2026-06-01,SHIVM,SHIVAM CEMENTS LTD,686.0,686.0,675.8,,678.7,685.0,-6.2999999999999545,,42769.0,29097694.5,190.0,10.200000000000045,1.4868804664723099,-0.9197080291970737,153145.7605263158,680.3454488063785
2026-06-01T06:15:32+00:00,2026-06-01T12:00:32+05:45,2026-06-01,12:00:32,1780294532,0,6,12,nepse_official,OPEN,2026-06-01,SHL,Soaltee Hotel Limited,506.0,509.0,504.1,,506.0,511.0,-5.0,,3711.0,1877014.5,18.0,4.899999999999977,0.9683794466403116,-0.9784735812133072,104278.58333333333,505.7974939369442
2026-06-01T06:15:32+00:00,2026-06-01T12:00:32+05:45,2026-06-01,12:00:32,1780294532,0,6,12,nepse_official,OPEN,2026-06-01,SHLB,Shrijanshil Laghubitta Bittiya Sanstha Limited,1480.0,1480.0,1450.0,,1480.0,1472.7,7.2999999999999545,,340.0,502300.0,4.0,30.0,2.027027027027027,0.49568819175663437,125575.0,1477.3529411764705
2026-06-01T06:15:32+00:00,2026-06-01T12:00:32+05:45,2026-06-01,12:00:32,1780294532,0,6,12,nepse_official,OPEN,2026-06-01,SHPC,Sanima Mai Hydropower Ltd.,521.1,528.0,520.1,,523.0,528.7,-5.7000000000000455,,5605.0,2941227.5,32.0,7.899999999999977,1.5160237958165375,-1.078116133913381,91913.359375,524.7506690454951
2026-06-01T06:15:32+00:00,2026-06-01T12:00:32+05:45,2026-06-01,12:00:32,1780294532,0,6,12,nepse_official,OPEN,2026-06-01,SICL,Shikhar Insurance Co. Ltd.,635.0,641.0,623.1,,637.1,619.9,17.200000000000045,,5939.0,3779259.7,66.0,17.899999999999977,2.818897637795272,2.774641071140514,57261.51060606061,636.3461357130831
2026-06-01T06:15:32+00:00,2026-06-01T12:00:32+05:45,2026-06-01,12:00:32,1780294532,0,6,12,nepse_official,OPEN,2026-06-01,SIFC,Shree Investment Finance Co. Ltd.,543.0,543.0,527.1,,529.8,543.0,-13.200000000000045,,2010.0,1072985.0,17.0,15.899999999999977,2.9281767955801064,-2.4309392265193455,63116.76470588235,533.8233830845771
2026-06-01T06:15:32+00:00,2026-06-01T12:00:32+05:45,2026-06-01,12:00:32,1780294532,0,6,12,nepse_official,OPEN,2026-06-01,SIGS3,Siddhartha Investment Growth Scheme 3,11.2,11.2,11.2,,11.2,11.2,0.0,,500.0,5600.0,3.0,0.0,0.0,0.0,1866.6666666666667,11.2
2026-06-01T06:15:32+00:00,2026-06-01T12:00:32+05:45,2026-06-01,12:00:32,1780294532,0,6,12,nepse_official,OPEN,2026-06-01,SIKLES,Sikles Hydropower Limited,610.0,620.0,601.9,,603.4,609.0,-5.600000000000023,,834.0,504451.9,12.0,18.100000000000023,2.9672131147541023,-0.9195402298850612,42037.65833333333,604.8583932853717
2026-06-01T06:15:32+00:00,2026-06-01T12:00:32+05:45,2026-06-01,12:00:32,1780294532,0,6,12,nepse_official,OPEN,2026-06-01,SINDU,Sindhu Bikash Bank Ltd,734.3,744.0,728.1,,733.3,750.0,-16.700000000000045,,3068.0,2252461.9,28.0,15.899999999999977,2.1653275228108373,-2.226666666666673,80445.06785714286,734.1792372881356
2026-06-01T06:15:32+00:00,2026-06-01T12:00:32+05:45,2026-06-01,12:00:32,1780294532,0,6,12,nepse_official,OPEN,2026-06-01,SIPD,Shikhar power Development Limited,825.0,829.0,805.1,,810.2,830.0,-19.799999999999955,,6402.0,5232427.0,229.0,23.899999999999977,2.896969696969694,-2.3855421686746934,22849.026200873363,817.3113089659481
2026-06-01T06:15:32+00:00,2026-06-01T12:00:32+05:45,2026-06-01,12:00:32,1780294532,0,6,12,nepse_official,OPEN,2026-06-01,SJCL,SANJEN JALAVIDHYUT COMPANY LIMITED,300.6,306.0,295.0,,300.0,300.6,-0.6000000000000227,,6965.0,2088382.5,41.0,11.0,3.6593479707252157,-0.19960079840320114,50936.15853658537,299.8395549174444
2026-06-01T06:15:32+00:00,2026-06-01T12:00:32+05:45,2026-06-01,12:00:32,1780294532,0,6,12,nepse_official,OPEN,2026-06-01,SJLIC,SuryaJyoti Life Insurance Company Limited,437.0,438.0,432.1,,432.1,436.0,-3.8999999999999773,,5085.0,2209325.2,36.0,5.899999999999977,1.3501144164759673,-0.8944954128440316,61370.14444444445,434.4788987217306
2026-06-01T06:15:32+00:00,2026-06-01T12:00:32+05:45,2026-06-01,12:00:32,1780294532,0,6,12,nepse_official,OPEN,2026-06-01,SKBBL,Sana Kisan Bikas Laghubitta Bittiya Sanstha Limited,780.0,780.0,767.0,,769.0,770.0,-1.0,,1580.0,1221125.6,23.0,13.0,1.6666666666666667,-0.12987012987012986,53092.41739130435,772.8643037974684
2026-06-01T06:15:32+00:00,2026-06-01T12:00:32+05:45,2026-06-01,12:00:32,1780294532,0,6,12,nepse_official,OPEN,2026-06-01,SKHEL,Suryakunda Hydro Electric Limited,1290.0,1290.0,1250.1,,1250.2,1270.0,-19.799999999999955,,1735.0,2180264.5,82.0,39.90000000000009,3.0930232558139608,-1.5590551181102328,26588.591463414636,1256.6365994236312
2026-06-01T06:15:32+00:00,2026-06-01T12:00:32+05:45,2026-06-01,12:00:32,1780294532,0,6,12,nepse_official,OPEN,2026-06-01,SKHL,Super Khudi Hydropower Limited,975.1,975.1,937.0,,937.0,975.1,-38.10000000000002,,10945.0,10518129.0,171.0,38.10000000000002,3.907291559840018,-3.907291559840018,61509.52631578947,960.9985381452718
2026-06-01T06:15:32+00:00,2026-06-01T12:00:32+05:45,2026-06-01,12:00:32,1780294532,0,6,12,nepse_official,OPEN,2026-06-01,SLBBL,Swarojgar Laghubitta Bittiya Sanstha Ltd.,830.0,835.0,823.0,,833.0,833.9,-0.8999999999999773,,547.0,454505.0,12.0,12.0,1.4457831325301205,-0.10792660990526169,37875.416666666664,830.9049360146253
2026-06-01T06:15:32+00:00,2026-06-01T12:00:32+05:45,2026-06-01,12:00:32,1780294532,0,6,12,nepse_official,OPEN,2026-06-01,SLBSL,Samudayik Laghubitta Bittiya Sanstha Limited,1182.1,1182.1,1182.1,,1182.1,1216.5,-34.40000000000009,,14.0,16549.4,1.0,0.0,0.0,-2.8277846280312446,16549.4,1182.1000000000001
2026-06-01T06:15:32+00:00,2026-06-01T12:00:32+05:45,2026-06-01,12:00:32,1780294532,0,6,12,nepse_official,OPEN,2026-06-01,SLCF,Sanima Large Cap Fund,10.2,10.2,9.9,,9.9,10.17,-0.2699999999999996,,5200.0,51540.0,3.0,0.29999999999999893,2.9411764705882253,-2.654867256637164,17180.0,9.911538461538461
2026-06-01T06:15:32+00:00,2026-06-01T12:00:32+05:45,2026-06-01,12:00:32,1780294532,0,6,12,nepse_official,OPEN,2026-06-01,SMATA,Samata Gharelu Laghubitta Bittiya Sanstha Limited,780.1,780.1,765.1,,765.1,773.0,-7.899999999999977,,189.0,147093.1,6.0,15.0,1.9228304063581594,-1.0219922380336321,24515.516666666666,778.2703703703704
2026-06-01T06:15:32+00:00,2026-06-01T12:00:32+05:45,2026-06-01,12:00:32,1780294532,0,6,12,nepse_official,OPEN,2026-06-01,SMB,Support Microfinance Bittiya Sanstha Ltd.,1792.0,1792.0,1792.0,,1792.0,1749.0,43.0,,30.0,53760.0,1.0,0.0,0.0,2.4585477415666093,53760.0,1792.0
2026-06-01T06:15:32+00:00,2026-06-01T12:00:32+05:45,2026-06-01,12:00:32,1780294532,0,6,12,nepse_official,OPEN,2026-06-01,SMFBS,Swabhimaan Laghubitta Bittiya Sanstha Limited,1505.0,1505.0,1505.0,,1505.0,1520.0,-15.0,,200.0,301000.0,1.0,0.0,0.0,-0.9868421052631579,301000.0,1505.0
2026-06-01T06:15:32+00:00,2026-06-01T12:00:32+05:45,2026-06-01,12:00:32,1780294532,0,6,12,nepse_official,OPEN,2026-06-01,SMH,Super Mai Hydropower Limited,602.0,605.0,590.5,,596.0,602.0,-6.0,,1465.0,877524.0,18.0,14.5,2.408637873754153,-0.9966777408637874,48751.333333333336,598.9924914675768
2026-06-01T06:15:32+00:00,2026-06-01T12:00:32+05:45,2026-06-01,12:00:32,1780294532,0,6,12,nepse_official,OPEN,2026-06-01,SMHL,Super Madi Hydropower Limited,510.0,515.0,504.0,,511.0,510.0,1.0,,11392.0,5802218.7,63.0,11.0,2.156862745098039,0.19607843137254902,92098.70952380952,509.3239729634832
2026-06-01T06:15:32+00:00,2026-06-01T12:00:32+05:45,2026-06-01,12:00:32,1780294532,0,6,12,nepse_official,OPEN,2026-06-01,SMJC,Sagarmatha Jalabidhyut Company Limited,497.7,497.7,466.0,,468.3,474.0,-5.699999999999989,,6019.0,2837925.7,40.0,31.69999999999999,6.369298774362063,-1.2025316455696178,70948.1425,471.494550589799
2026-06-01T06:15:32+00:00,2026-06-01T12:00:32+05:45,2026-06-01,12:00:32,1780294532,0,6,12,nepse_official,OPEN,2026-06-01,SMPDA,Sampada Laghubitta Bittiya Sanstha Limited,849.0,849.0,840.0,,840.0,845.0,-5.0,,47.0,39750.0,3.0,9.0,1.0600706713780919,-0.591715976331361,13250.0,845.7446808510638
2026-06-01T06:15:32+00:00,2026-06-01T12:00:32+05:45,2026-06-01,12:00:32,1780294532,0,6,12,nepse_official,OPEN,2026-06-01,SNLI,Sun Nepal Life Insurance Company Limited,457.0,464.9,453.0,,456.5,456.8,-0.30000000000001137,,12753.0,5853600.5,84.0,11.899999999999977,2.6039387308533866,-0.06567425569177131,69685.72023809524,458.99792205755506
2026-06-01T06:15:32+00:00,2026-06-01T12:00:32+05:45,2026-06-01,12:00:32,1780294532,0,6,12,nepse_official,OPEN,2026-06-01,SOHL,Solu Hydropower Limited,670.0,693.0,670.0,,675.5,676.0,-0.5,,26630.0,18116397.2,408.0,23.0,3.4328358208955225,-0.07396449704142012,44402.93431372549,680.3003079233946
2026-06-01T06:15:32+00:00,2026-06-01T12:00:32+05:45,2026-06-01,12:00:32,1780294532,0,6,12,nepse_official,OPEN,2026-06-01,SONA,Sonapur Minerals And Oil Limited,451.0,460.9,449.1,,449.6,463.1,-13.5,,14816.0,6730391.7,84.0,11.799999999999955,2.616407982261631,-2.9151371194126536,80123.71071428571,454.2650985421166
2026-06-01T06:15:32+00:00,2026-06-01T12:00:32+05:45,2026-06-01,12:00:32,1780294532,0,6,12,nepse_official,OPEN,2026-06-01,SPC,Samling Power Company Limited,479.7,479.7,463.0,,463.0,468.8,-5.800000000000011,,420.0,194767.0,3.0,16.69999999999999,3.481342505732747,-1.2372013651877158,64922.333333333336,463.7309523809524
2026-06-01T06:15:32+00:00,2026-06-01T12:00:32+05:45,2026-06-01,12:00:32,1780294532,0,6,12,nepse_official,OPEN,2026-06-01,SPDL,Synergy Power Development Ltd.,426.3,426.3,402.0,,406.0,406.0,0.0,,5904.0,2399238.0,28.0,24.30000000000001,5.7002111189303335,0.0,85687.07142857143,406.375
2026-06-01T06:15:32+00:00,2026-06-01T12:00:32+05:45,2026-06-01,12:00:32,1780294532,0,6,12,nepse_official,OPEN,2026-06-01,SPHL,Sayapatri Hydropower Limited,543.0,547.9,531.5,,532.5,547.0,-14.5,,8423.0,4550661.9,25.0,16.399999999999977,3.020257826887657,-2.6508226691042047,182026.47600000002,540.2661640745578
2026-06-01T06:15:32+00:00,2026-06-01T12:00:32+05:45,2026-06-01,12:00:32,1780294532,0,6,12,nepse_official,OPEN,2026-06-01,SPIL,Siddhartha Premier Insurance Limited,700.0,764.0,700.0,,722.2,720.0,2.2000000000000455,,5273.0,3873210.2,45.0,64.0,9.142857142857142,0.30555555555556185,86071.33777777778,734.5363550161198
2026-06-01T06:15:32+00:00,2026-06-01T12:00:32+05:45,2026-06-01,12:00:32,1780294532,0,6,12,nepse_official,OPEN,2026-06-01,SPL,Shuvam Power Limited,700.2,706.1,700.2,,702.6,714.0,-11.399999999999977,,151.0,106319.4,6.0,5.899999999999977,0.8426163953156209,-1.5966386554621816,17719.899999999998,704.1019867549669
2026-06-01T06:15:32+00:00,2026-06-01T12:00:32+05:45,2026-06-01,12:00:32,1780294532,0,6,12,nepse_official,OPEN,2026-06-01,SRLI,Sanima Reliance Life Insurance Limited,390.0,396.2,390.0,,395.1,393.0,2.1000000000000227,,7650.0,3020706.4,70.0,6.199999999999989,1.5897435897435868,0.5343511450381737,43152.94857142857,394.8635816993464
2026-06-01T06:15:32+00:00,2026-06-01T12:00:32+05:45,2026-06-01,12:00:32,1780294532,0,6,12,nepse_official,OPEN,2026-06-01,SSHL,Shiva Shree Hydropower Ltd,220.0,223.9,213.5,,219.4,222.3,-2.9000000000000057,,50543.0,11167064.5,175.0,10.400000000000006,4.72727272727273,-1.30454340980657,63811.79714285714,220.94186138535505
2026-06-01T06:15:32+00:00,2026-06-01T12:00:32+05:45,2026-06-01,12:00:32,1780294532,0,6,12,nepse_official,OPEN,2026-06-01,STC,Salt Trading Corporation,5548.0,5560.1,5525.2,,5525.2,5569.0,-43.80000000000018,,262.0,1449526.0,8.0,34.900000000000546,0.6290555155010913,-0.7864966780391485,181190.75,5532.541984732825
2026-06-01T06:15:32+00:00,2026-06-01T12:00:32+05:45,2026-06-01,12:00:32,1780294532,0,6,12,nepse_official,OPEN,2026-06-01,SWASTIK,Swastik Laghubitta Bittiya Sanstha Limited,2380.0,2390.0,2350.0,,2390.0,2390.0,0.0,,70.0,165610.0,5.0,40.0,1.680672268907563,0.0,33122.0,2365.8571428571427
2026-06-01T06:15:32+00:00,2026-06-01T12:00:32+05:45,2026-06-01,12:00:32,1780294532,0,6,12,nepse_official,OPEN,2026-06-01,SWBBL,Swabalamban Laghubitta Bittiya Sanstha Limited,785.4,785.4,742.0,,750.0,748.0,2.0,,271.0,204306.0,8.0,43.39999999999998,5.5258467023172875,0.267379679144385,25538.25,753.8966789667896
2026-06-01T06:15:32+00:00,2026-06-01T12:00:32+05:45,2026-06-01,12:00:32,1780294532,0,6,12,nepse_official,OPEN,2026-06-01,SWMF,Suryodaya Womi Laghubitta Bittiya Sanstha Limited,653.8,653.8,651.0,,651.0,674.0,-23.0,,112.0,72945.6,2.0,2.7999999999999545,0.42826552462526074,-3.4124629080118694,36472.8,651.3000000000001
2026-06-01T06:15:32+00:00,2026-06-01T12:00:32+05:45,2026-06-01,12:00:32,1780294532,0,6,12,nepse_official,OPEN,2026-06-01,SYPNL,SY Panel Nepal Limited,1480.0,1499.7,1460.0,,1475.0,1490.0,-15.0,,9673.0,14365420.3,180.0,39.700000000000045,2.6824324324324356,-1.006711409395973,79807.89055555555,1485.1049622661017
2026-06-01T06:15:32+00:00,2026-06-01T12:00:32+05:45,2026-06-01,12:00:32,1780294532,0,6,12,nepse_official,OPEN,2026-06-01,TAMOR,Sanima Middle Tamor Hydropower Limited,508.2,508.2,473.0,,474.3,484.0,-9.699999999999989,,28047.0,13431091.3,112.0,35.19999999999999,6.926406926406925,-2.0041322314049563,119920.4580357143,478.87800121225087
2026-06-01T06:15:32+00:00,2026-06-01T12:00:32+05:45,2026-06-01,12:00:32,1780294532,0,6,12,nepse_official,OPEN,2026-06-01,TPC,Terhathum Power Company Limited,378.0,378.9,369.1,,374.8,379.9,-5.099999999999966,,5019.0,1885014.0,28.0,9.799999999999955,2.5925925925925806,-1.342458541721497,67321.92857142857,375.57561267184695
2026-06-01T06:15:32+00:00,2026-06-01T12:00:32+05:45,2026-06-01,12:00:32,1780294532,0,6,12,nepse_official,OPEN,2026-06-01,TSHL,Three Star Hydropower Limited,632.1,632.1,561.1,,561.1,602.5,-41.39999999999998,,1332.0,779848.2,18.0,71.0,11.232399936718874,-6.871369294605806,43324.899999999994,585.4716216216216
2026-06-01T06:15:32+00:00,2026-06-01T12:00:32+05:45,2026-06-01,12:00:32,1780294532,0,6,12,nepse_official,OPEN,2026-06-01,TTL,Trade Tower Limited,849.7,849.7,830.0,,842.0,851.6,-9.600000000000023,,2739.0,2309077.3,57.0,19.700000000000045,2.3184653407084905,-1.1272898074213273,40510.12807017544,843.036619204089
2026-06-01T06:15:32+00:00,2026-06-01T12:00:32+05:45,2026-06-01,12:00:32,1780294532,0,6,12,nepse_official,OPEN,2026-06-01,TVCL,Trishuli Jal Vidhyut Company Limited ,540.0,545.0,530.0,,544.1,540.0,4.100000000000023,,275.0,147905.6,11.0,15.0,2.7777777777777777,0.7592592592592635,13445.963636363636,537.8385454545455
2026-06-01T06:15:32+00:00,2026-06-01T12:00:32+05:45,2026-06-01,12:00:32,1780294532,0,6,12,nepse_official,OPEN,2026-06-01,UAIL,United Ajod Insurance Limited,447.0,469.9,442.0,,461.1,445.0,16.100000000000023,,32156.0,14811599.3,176.0,27.899999999999977,6.241610738255028,3.6179775280898925,84156.81420454546,460.61697039432767
2026-06-01T06:15:32+00:00,2026-06-01T12:00:32+05:45,2026-06-01,12:00:32,1780294532,0,6,12,nepse_official,OPEN,2026-06-01,UHEWA,Upper Hewakhola Hydropower Company Limited,597.0,598.0,591.1,,593.2,602.1,-8.899999999999977,,2310.0,1376814.6,23.0,6.899999999999977,1.155778894472358,-1.4781597741238959,59861.50434782609,596.0236363636365
2026-06-01T06:15:32+00:00,2026-06-01T12:00:32+05:45,2026-06-01,12:00:32,1780294532,0,6,12,nepse_official,OPEN,2026-06-01,ULBSL,Upakar Laghubitta Bittiya Sanstha Limited,2827.5,2828.1,2827.5,,2828.1,2914.9,-86.80000000000018,,206.0,582404.0,7.0,0.599999999999909,0.021220159151190417,-2.9778036982400833,83200.57142857143,2827.2038834951454
2026-06-01T06:15:32+00:00,2026-06-01T12:00:32+05:45,2026-06-01,12:00:32,1780294532,0,6,12,nepse_official,OPEN,2026-06-01,ULHC,Upper Lohore Khola Hydropower Company Limited,476.0,479.5,471.0,,471.0,475.1,-4.100000000000023,,8263.0,3913851.0,33.0,8.5,1.7857142857142856,-0.8629762155335766,118601.54545454546,473.65980878615517
2026-06-01T06:15:32+00:00,2026-06-01T12:00:32+05:45,2026-06-01,12:00:32,1780294532,0,6,12,nepse_official,OPEN,2026-06-01,UMHL,United Modi Hydropower Ltd.,593.0,593.0,575.0,,577.1,587.0,-9.899999999999977,,7385.0,4275843.6,38.0,18.0,3.0354131534569984,-1.6865417376490592,112522.2,578.9903317535544
2026-06-01T06:15:32+00:00,2026-06-01T12:00:32+05:45,2026-06-01,12:00:32,1780294532,0,6,12,nepse_official,OPEN,2026-06-01,UMRH,United IDI Mardi RB Hydropower Limited.,555.0,557.5,547.1,,547.1,555.0,-7.899999999999977,,1144.0,632164.3,13.0,10.399999999999977,1.8738738738738696,-1.4234234234234193,48628.023076923084,552.5911713286714
2026-06-01T06:15:32+00:00,2026-06-01T12:00:32+05:45,2026-06-01,12:00:32,1780294532,0,6,12,nepse_official,OPEN,2026-06-01,UNHPL,Union Hydropower Limited,439.0,443.9,429.0,,438.5,440.1,-1.6000000000000227,,11426.0,4990581.5,59.0,14.899999999999977,3.3940774487471472,-0.3635537377868718,84586.12711864407,436.7741554349729
2026-06-01T06:15:32+00:00,2026-06-01T12:00:32+05:45,2026-06-01,12:00:32,1780294532,0,6,12,nepse_official,OPEN,2026-06-01,UNLB,Unique Nepal Laghubitta Bittiya Sanstha Limited,1446.9,1447.0,1405.0,,1405.0,1405.0,0.0,,523.0,739027.0,7.0,42.0,2.9027576197387517,0.0,105575.28571428571,1413.053537284895
2026-06-01T06:15:32+00:00,2026-06-01T12:00:32+05:45,2026-06-01,12:00:32,1780294532,0,6,12,nepse_official,OPEN,2026-06-01,UPCL,UNIVERSAL POWER COMPANY LTD,360.0,377.0,360.0,,370.0,375.8,-5.800000000000011,,14327.0,5356132.2,49.0,17.0,4.722222222222222,-1.5433741351782893,109308.82040816327,373.8488308787604
2026-06-01T06:15:32+00:00,2026-06-01T12:00:32+05:45,2026-06-01,12:00:32,1780294532,0,6,12,nepse_official,OPEN,2026-06-01,UPPER,Upper Tamakoshi Hydropower Ltd,210.0,210.0,205.0,,205.5,207.7,-2.1999999999999886,,47309.0,9796488.1,177.0,5.0,2.380952380952381,-1.0592200288878135,55347.39039548022,207.0745122492549
2026-06-01T06:15:32+00:00,2026-06-01T12:00:32+05:45,2026-06-01,12:00:32,1780294532,0,6,12,nepse_official,OPEN,2026-06-01,USHEC,Upper Solu Hydro Electric Company Limited,520.0,524.0,518.0,,518.0,524.0,-6.0,,6805.0,3537942.0,29.0,6.0,1.153846153846154,-1.1450381679389312,121998.0,519.9033063923586
2026-06-01T06:15:32+00:00,2026-06-01T12:00:32+05:45,2026-06-01,12:00:32,1780294532,0,6,12,nepse_official,OPEN,2026-06-01,USHL,Upper Syange Hydropower Limited,642.0,642.0,625.0,,625.1,634.6,-9.5,,150.0,95453.0,6.0,17.0,2.64797507788162,-1.4970059880239521,15908.833333333334,636.3533333333334
2026-06-01T06:15:32+00:00,2026-06-01T12:00:32+05:45,2026-06-01,12:00:32,1780294532,0,6,12,nepse_official,OPEN,2026-06-01,USLB,Unnati Sahakarya Laghubitta Bittiya Sanstha Limited,1285.0,1285.0,1285.0,,1285.0,1299.0,-14.0,,20.0,25700.0,2.0,0.0,0.0,-1.077752117013087,12850.0,1285.0
2026-06-01T06:15:32+00:00,2026-06-01T12:00:32+05:45,2026-06-01,12:00:32,1780294532,0,6,12,nepse_official,OPEN,2026-06-01,VLBS,Vijaya laghubitta Bittiya Sanstha Ltd.,685.0,688.0,661.0,,681.1,690.0,-8.899999999999977,,1703.0,1160885.2,26.0,27.0,3.9416058394160585,-1.2898550724637647,44649.43076923077,681.670698766882
2026-06-01T06:15:32+00:00,2026-06-01T12:00:32+05:45,2026-06-01,12:00:32,1780294532,0,6,12,nepse_official,OPEN,2026-06-01,VLUCL,Vision Lumbini Urja Company Limited ,484.2,496.0,482.0,,487.2,499.0,-11.800000000000011,,420.0,203894.0,10.0,14.0,2.8913672036348617,-2.364729458917838,20389.4,485.46190476190475
2026-06-01T06:15:32+00:00,2026-06-01T12:00:32+05:45,2026-06-01,12:00:32,1780294532,0,6,12,nepse_official,OPEN,2026-06-01,WNLB,Wean Nepal Laghubitta Bittiya Sanstha Limited,1470.0,1499.0,1470.0,,1499.0,1470.0,29.0,,30.0,44680.0,2.0,29.0,1.9727891156462583,1.9727891156462583,22340.0,1489.3333333333333
