scraped_at_utc,scraped_at_npt,npt_date,npt_time,scraped_epoch,weekday,hour_utc,hour_npt,price_source,is_market_open,business_date,symbol,security_name,open_price,high_price,low_price,close_price,last_traded_price,previous_closing_price,point_change,percentage_change,total_traded_quantity,total_traded_value,total_trades,intraday_range,intraday_range_pct_of_open,return_from_prev_close_pct,turnover_per_trade,vwap_proxy
2026-05-12T05:15:38+00:00,2026-05-12T11:00:38+05:45,2026-05-12,11:00:38,1778562938,1,5,11,nepse_official,OPEN,2026-05-12,AKJCL,Ankhu Khola Jalvidhyut Company Ltd,367.0,370.0,367.0,,370.0,367.0,3.0,,110.0,40670.0,2.0,3.0,0.8174386920980926,0.8174386920980926,20335.0,369.72727272727275
2026-05-12T05:15:38+00:00,2026-05-12T11:00:38+05:45,2026-05-12,11:00:38,1778562938,1,5,11,nepse_official,OPEN,2026-05-12,AKPL,Arun Kabeli Power Ltd.,275.0,275.0,275.0,,275.0,276.0,-1.0,,33.0,9075.0,1.0,0.0,0.0,-0.36231884057971014,9075.0,275.0
2026-05-12T05:15:38+00:00,2026-05-12T11:00:38+05:45,2026-05-12,11:00:38,1778562938,1,5,11,nepse_official,OPEN,2026-05-12,API,Api Power Company Ltd.,366.4,366.4,366.4,,366.4,349.0,17.399999999999977,,10.0,3664.0,1.0,0.0,0.0,4.985673352435524,3664.0,366.4
2026-05-12T05:15:38+00:00,2026-05-12T11:00:38+05:45,2026-05-12,11:00:38,1778562938,1,5,11,nepse_official,OPEN,2026-05-12,BANDIPUR,Bandipur Cablecar and Tourism Limited,835.0,835.0,835.0,,835.0,835.0,0.0,,30.0,25050.0,3.0,0.0,0.0,0.0,8350.0,835.0
2026-05-12T05:15:38+00:00,2026-05-12T11:00:38+05:45,2026-05-12,11:00:38,1778562938,1,5,11,nepse_official,OPEN,2026-05-12,BEDC,Bhugol Energy Development Company Limited,399.0,399.0,399.0,,399.0,380.0,19.0,,10.0,3990.0,1.0,0.0,0.0,5.0,3990.0,399.0
2026-05-12T05:15:38+00:00,2026-05-12T11:00:38+05:45,2026-05-12,11:00:38,1778562938,1,5,11,nepse_official,OPEN,2026-05-12,BHL,Balephi Hydropower Limited,230.0,230.0,230.0,,230.0,227.0,3.0,,600.0,138000.0,2.0,0.0,0.0,1.3215859030837005,69000.0,230.0
2026-05-12T05:15:38+00:00,2026-05-12T11:00:38+05:45,2026-05-12,11:00:38,1778562938,1,5,11,nepse_official,OPEN,2026-05-12,BPCL,Butwal Power Company Limited,718.2,718.2,718.2,,718.2,684.0,34.200000000000045,,10.0,7182.0,1.0,0.0,0.0,5.000000000000006,7182.0,718.2
2026-05-12T05:15:38+00:00,2026-05-12T11:00:38+05:45,2026-05-12,11:00:38,1778562938,1,5,11,nepse_official,OPEN,2026-05-12,BUNGAL,Bungal Hydro Limited,600.0,600.0,600.0,,600.0,595.0,5.0,,100.0,60000.0,1.0,0.0,0.0,0.8403361344537815,60000.0,600.0
2026-05-12T05:15:38+00:00,2026-05-12T11:00:38+05:45,2026-05-12,11:00:38,1778562938,1,5,11,nepse_official,OPEN,2026-05-12,CFCL,Central Finance Co. Ltd.,534.3,534.3,534.3,,534.3,508.9,25.399999999999977,,10.0,5343.0,1.0,0.0,0.0,4.991157398310076,5343.0,534.3
2026-05-12T05:15:38+00:00,2026-05-12T11:00:38+05:45,2026-05-12,11:00:38,1778562938,1,5,11,nepse_official,OPEN,2026-05-12,CHDC,CEDB Holdings Limited,2400.0,2400.0,2370.0,,2370.0,2345.0,25.0,,320.0,762000.0,6.0,30.0,1.25,1.0660980810234542,127000.0,2381.25
2026-05-12T05:15:38+00:00,2026-05-12T11:00:38+05:45,2026-05-12,11:00:38,1778562938,1,5,11,nepse_official,OPEN,2026-05-12,CITY,City Hotel Limited,430.0,430.0,430.0,,430.0,425.0,5.0,,10.0,4300.0,1.0,0.0,0.0,1.1764705882352942,4300.0,430.0
2026-05-12T05:15:38+00:00,2026-05-12T11:00:38+05:45,2026-05-12,11:00:38,1778562938,1,5,11,nepse_official,OPEN,2026-05-12,CREST,Crest Micro Life Insurance Limited,1179.0,1179.0,1179.0,,1179.0,1139.6,39.40000000000009,,110.0,129690.0,2.0,0.0,0.0,3.457353457353465,64845.0,1179.0
2026-05-12T05:15:38+00:00,2026-05-12T11:00:38+05:45,2026-05-12,11:00:38,1778562938,1,5,11,nepse_official,OPEN,2026-05-12,DHPL,Dibyashwori Hydropower Ltd.,319.0,319.0,319.0,,319.0,303.9,15.100000000000023,,10.0,3190.0,1.0,0.0,0.0,4.968739717012182,3190.0,319.0
2026-05-12T05:15:38+00:00,2026-05-12T11:00:38+05:45,2026-05-12,11:00:38,1778562938,1,5,11,nepse_official,OPEN,2026-05-12,DLBS,Dhaulagiri Laghubitta Bittiya Sanstha Limited,1235.0,1235.0,1235.0,,1235.0,1300.0,-65.0,,10.0,12350.0,1.0,0.0,0.0,-5.0,12350.0,1235.0
2026-05-12T05:15:38+00:00,2026-05-12T11:00:38+05:45,2026-05-12,11:00:38,1778562938,1,5,11,nepse_official,OPEN,2026-05-12,EDBL,Excel Development Bank Ltd.,560.0,560.0,560.0,,560.0,586.6,-26.600000000000023,,10.0,5600.0,1.0,0.0,0.0,-4.534606205250601,5600.0,560.0
2026-05-12T05:15:38+00:00,2026-05-12T11:00:38+05:45,2026-05-12,11:00:38,1778562938,1,5,11,nepse_official,OPEN,2026-05-12,EHPL,Eastern Hydropower Limited,385.0,385.0,385.0,,385.0,393.0,-8.0,,70.0,26950.0,3.0,0.0,0.0,-2.035623409669211,8983.333333333334,385.0
2026-05-12T05:15:38+00:00,2026-05-12T11:00:38+05:45,2026-05-12,11:00:38,1778562938,1,5,11,nepse_official,OPEN,2026-05-12,FMDBL,First Micro Finance Laghubitta Bittiya Sanstha Limited,874.0,874.0,874.0,,874.0,919.0,-45.0,,60.0,52440.0,2.0,0.0,0.0,-4.896626768226333,26220.0,874.0
2026-05-12T05:15:38+00:00,2026-05-12T11:00:38+05:45,2026-05-12,11:00:38,1778562938,1,5,11,nepse_official,OPEN,2026-05-12,FOWAD,Forward Microfinance Laghubitta Bittiya Sanstha Limited,1065.0,1065.0,1065.0,,1065.0,1098.0,-33.0,,10.0,10650.0,1.0,0.0,0.0,-3.0054644808743167,10650.0,1065.0
2026-05-12T05:15:38+00:00,2026-05-12T11:00:38+05:45,2026-05-12,11:00:38,1778562938,1,5,11,nepse_official,OPEN,2026-05-12,GCIL,Ghorahi Cement Industry Limited,405.0,405.0,405.0,,405.0,424.5,-19.5,,10.0,4050.0,1.0,0.0,0.0,-4.593639575971731,4050.0,405.0
2026-05-12T05:15:38+00:00,2026-05-12T11:00:38+05:45,2026-05-12,11:00:38,1778562938,1,5,11,nepse_official,OPEN,2026-05-12,HBL,Himalayan Bank Limited,208.0,208.0,208.0,,208.0,208.0,0.0,,40.0,8320.0,4.0,0.0,0.0,0.0,2080.0,208.0
2026-05-12T05:15:38+00:00,2026-05-12T11:00:38+05:45,2026-05-12,11:00:38,1778562938,1,5,11,nepse_official,OPEN,2026-05-12,HHL,Himalayan Hydropower Limited,368.0,368.0,368.0,,368.0,387.0,-19.0,,10.0,3680.0,1.0,0.0,0.0,-4.909560723514212,3680.0,368.0
2026-05-12T05:15:38+00:00,2026-05-12T11:00:38+05:45,2026-05-12,11:00:38,1778562938,1,5,11,nepse_official,OPEN,2026-05-12,HIDCLP,Hydorelectricity Investment and Development Company Limited Promoter,209.4,209.4,209.4,,209.4,207.4,2.0,,1000.0,209400.0,1.0,0.0,0.0,0.9643201542912248,209400.0,209.4
2026-05-12T05:15:38+00:00,2026-05-12T11:00:38+05:45,2026-05-12,11:00:38,1778562938,1,5,11,nepse_official,OPEN,2026-05-12,HIMSTAR,Him Star Urja Company Limited,925.0,925.0,925.0,,925.0,920.0,5.0,,100.0,92500.0,2.0,0.0,0.0,0.5434782608695652,46250.0,925.0
2026-05-12T05:15:38+00:00,2026-05-12T11:00:38+05:45,2026-05-12,11:00:38,1778562938,1,5,11,nepse_official,OPEN,2026-05-12,HRL,Himalayan Reinsurance Limited,709.0,709.0,709.0,,709.0,704.0,5.0,,30.0,21270.0,3.0,0.0,0.0,0.7102272727272727,7090.0,709.0
2026-05-12T05:15:38+00:00,2026-05-12T11:00:38+05:45,2026-05-12,11:00:38,1778562938,1,5,11,nepse_official,OPEN,2026-05-12,JHAPA,Jhapa Energy Limited,1883.0,1883.0,1883.0,,1883.0,1799.0,84.0,,1000.0,1883000.0,6.0,0.0,0.0,4.669260700389105,313833.3333333333,1883.0
2026-05-12T05:15:38+00:00,2026-05-12T11:00:38+05:45,2026-05-12,11:00:38,1778562938,1,5,11,nepse_official,OPEN,2026-05-12,KDBY,Kumari Dhanabriddhi Yojana,11.92,11.92,11.92,,11.92,12.54,-0.6199999999999992,,1100.0,13112.0,2.0,0.0,0.0,-4.944178628389149,6556.0,11.92
2026-05-12T05:15:38+00:00,2026-05-12T11:00:38+05:45,2026-05-12,11:00:38,1778562938,1,5,11,nepse_official,OPEN,2026-05-12,KMCDB,Kalika Laghubitta Bittiya Sanstha Ltd,922.0,922.0,922.0,,922.0,879.0,43.0,,10.0,9220.0,1.0,0.0,0.0,4.891922639362913,9220.0,922.0
2026-05-12T05:15:38+00:00,2026-05-12T11:00:38+05:45,2026-05-12,11:00:38,1778562938,1,5,11,nepse_official,OPEN,2026-05-12,LSL,Laxmi Sunrise Bank Limited,222.0,222.0,222.0,,222.0,220.9,1.0999999999999943,,1000.0,222000.0,2.0,0.0,0.0,0.4979628791308258,111000.0,222.0
2026-05-12T05:15:38+00:00,2026-05-12T11:00:38+05:45,2026-05-12,11:00:38,1778562938,1,5,11,nepse_official,OPEN,2026-05-12,MABEL,Mabilung Energy Limited,685.0,685.0,685.0,,685.0,678.1,6.899999999999977,,10.0,6850.0,1.0,0.0,0.0,1.0175490340657687,6850.0,685.0
2026-05-12T05:15:38+00:00,2026-05-12T11:00:38+05:45,2026-05-12,11:00:38,1778562938,1,5,11,nepse_official,OPEN,2026-05-12,MHCL,Molung Hydropower Company Limited,338.0,338.0,338.0,,338.0,355.0,-17.0,,10.0,3380.0,1.0,0.0,0.0,-4.788732394366197,3380.0,338.0
2026-05-12T05:15:38+00:00,2026-05-12T11:00:38+05:45,2026-05-12,11:00:38,1778562938,1,5,11,nepse_official,OPEN,2026-05-12,MHNL,Mountain Hydro Nepal Limited,255.4,255.4,255.4,,255.4,268.8,-13.400000000000006,,10.0,2554.0,1.0,0.0,0.0,-4.985119047619049,2554.0,255.4
2026-05-12T05:15:38+00:00,2026-05-12T11:00:38+05:45,2026-05-12,11:00:38,1778562938,1,5,11,nepse_official,OPEN,2026-05-12,NABIL,Nabil Bank Limited,530.0,532.0,530.0,,532.0,527.0,5.0,,200.0,106210.0,2.0,2.0,0.37735849056603776,0.9487666034155597,53105.0,531.05
2026-05-12T05:15:38+00:00,2026-05-12T11:00:38+05:45,2026-05-12,11:00:38,1778562938,1,5,11,nepse_official,OPEN,2026-05-12,NGPL,Ngadi Group Power Ltd.,455.0,455.0,455.0,,455.0,454.4,0.6000000000000227,,99.0,45045.0,1.0,0.0,0.0,0.13204225352113177,45045.0,455.0
2026-05-12T05:15:38+00:00,2026-05-12T11:00:38+05:45,2026-05-12,11:00:38,1778562938,1,5,11,nepse_official,OPEN,2026-05-12,NHPC,National Hydro Power Company Limited,300.0,300.0,300.0,,300.0,296.5,3.5,,310.0,93000.0,2.0,0.0,0.0,1.1804384485666104,46500.0,300.0
2026-05-12T05:15:38+00:00,2026-05-12T11:00:38+05:45,2026-05-12,11:00:38,1778562938,1,5,11,nepse_official,OPEN,2026-05-12,NICLBSL,NIC ASIA Laghubitta Bittiya Sanstha Limited,590.0,590.0,590.0,,590.0,583.0,7.0,,10.0,5900.0,1.0,0.0,0.0,1.2006861063464835,5900.0,590.0
2026-05-12T05:15:38+00:00,2026-05-12T11:00:38+05:45,2026-05-12,11:00:38,1778562938,1,5,11,nepse_official,OPEN,2026-05-12,NIMB,Nepal Investment Mega Bank Limited,209.1,209.1,209.1,,209.1,203.1,6.0,,10.0,2091.0,1.0,0.0,0.0,2.9542097488921715,2091.0,209.1
2026-05-12T05:15:38+00:00,2026-05-12T11:00:38+05:45,2026-05-12,11:00:38,1778562938,1,5,11,nepse_official,OPEN,2026-05-12,PCIL,Palpa Cement Industries Limited,892.0,892.0,892.0,,892.0,892.0,0.0,,40.0,35680.0,4.0,0.0,0.0,0.0,8920.0,892.0
2026-05-12T05:15:38+00:00,2026-05-12T11:00:38+05:45,2026-05-12,11:00:38,1778562938,1,5,11,nepse_official,OPEN,2026-05-12,PHCL,Peoples Hydropower Company Limited,322.0,322.0,322.0,,322.0,315.0,7.0,,10.0,3220.0,1.0,0.0,0.0,2.2222222222222223,3220.0,322.0
2026-05-12T05:15:38+00:00,2026-05-12T11:00:38+05:45,2026-05-12,11:00:38,1778562938,1,5,11,nepse_official,OPEN,2026-05-12,PPCL,Panchthar Power Compant Limited,407.8,407.8,407.8,,407.8,388.4,19.400000000000034,,25.0,10195.0,2.0,0.0,0.0,4.994850669412985,5097.5,407.8
2026-05-12T05:15:38+00:00,2026-05-12T11:00:38+05:45,2026-05-12,11:00:38,1778562938,1,5,11,nepse_official,OPEN,2026-05-12,PPL,People's Power Limited,375.9,375.9,375.9,,375.9,358.0,17.899999999999977,,30.0,11277.0,3.0,0.0,0.0,4.999999999999993,3759.0,375.9
2026-05-12T05:15:38+00:00,2026-05-12T11:00:38+05:45,2026-05-12,11:00:38,1778562938,1,5,11,nepse_official,OPEN,2026-05-12,RADHI,Radhi Bidyut Company Ltd,745.0,745.0,745.0,,745.0,780.0,-35.0,,80.0,59600.0,1.0,0.0,0.0,-4.487179487179487,59600.0,745.0
2026-05-12T05:15:38+00:00,2026-05-12T11:00:38+05:45,2026-05-12,11:00:38,1778562938,1,5,11,nepse_official,OPEN,2026-05-12,RFPL,River Falls Power Limited,379.0,379.0,379.0,,379.0,379.0,0.0,,10.0,3790.0,1.0,0.0,0.0,0.0,3790.0,379.0
2026-05-12T05:15:38+00:00,2026-05-12T11:00:38+05:45,2026-05-12,11:00:38,1778562938,1,5,11,nepse_official,OPEN,2026-05-12,RHGCL,Rapti Hydro And General Construction Limited,287.0,287.0,287.0,,287.0,301.9,-14.899999999999977,,100.0,28700.0,2.0,0.0,0.0,-4.935409075852924,14350.0,287.0
2026-05-12T05:15:38+00:00,2026-05-12T11:00:38+05:45,2026-05-12,11:00:38,1778562938,1,5,11,nepse_official,OPEN,2026-05-12,RIDI,Ridi Power Company Limited,373.3,373.3,373.3,,373.3,355.6,17.69999999999999,,10.0,3733.0,1.0,0.0,0.0,4.977502812148478,3733.0,373.3
2026-05-12T05:15:38+00:00,2026-05-12T11:00:38+05:45,2026-05-12,11:00:38,1778562938,1,5,11,nepse_official,OPEN,2026-05-12,RLEL,Ridge Line Energy Limited,1198.0,1198.0,1198.0,,1198.0,1168.0,30.0,,10.0,11980.0,1.0,0.0,0.0,2.5684931506849313,11980.0,1198.0
2026-05-12T05:15:38+00:00,2026-05-12T11:00:38+05:45,2026-05-12,11:00:38,1778562938,1,5,11,nepse_official,OPEN,2026-05-12,RLFL,Reliance Finance Ltd.,448.0,448.0,448.0,,448.0,441.9,6.100000000000023,,200.0,89600.0,1.0,0.0,0.0,1.3804028060647258,89600.0,448.0
2026-05-12T05:15:38+00:00,2026-05-12T11:00:38+05:45,2026-05-12,11:00:38,1778562938,1,5,11,nepse_official,OPEN,2026-05-12,SAGAR,Sagar Distillery Limited,1725.0,1725.0,1725.0,,1725.0,1725.0,0.0,,10.0,17250.0,1.0,0.0,0.0,0.0,17250.0,1725.0
2026-05-12T05:15:38+00:00,2026-05-12T11:00:38+05:45,2026-05-12,11:00:38,1778562938,1,5,11,nepse_official,OPEN,2026-05-12,SAHAS,Sahas Urja Limited,645.9,645.9,645.9,,645.9,644.0,1.8999999999999773,,55.0,35524.5,2.0,0.0,0.0,0.29503105590061757,17762.25,645.9
2026-05-12T05:15:38+00:00,2026-05-12T11:00:38+05:45,2026-05-12,11:00:38,1778562938,1,5,11,nepse_official,OPEN,2026-05-12,SHPC,Sanima Mai Hydropower Ltd.,553.2,553.2,553.2,,553.2,526.9,26.300000000000068,,20.0,11064.0,2.0,0.0,0.0,4.991459479977238,5532.0,553.2
2026-05-12T05:15:38+00:00,2026-05-12T11:00:38+05:45,2026-05-12,11:00:38,1778562938,1,5,11,nepse_official,OPEN,2026-05-12,SIPD,Shikhar power Development Limited,867.0,867.0,867.0,,867.0,867.3,-0.2999999999999545,,10.0,8670.0,1.0,0.0,0.0,-0.03459010722932717,8670.0,867.0
2026-05-12T05:15:38+00:00,2026-05-12T11:00:38+05:45,2026-05-12,11:00:38,1778562938,1,5,11,nepse_official,OPEN,2026-05-12,SJCL,SANJEN JALAVIDHYUT COMPANY LIMITED,319.0,319.0,319.0,,319.0,316.9,2.1000000000000227,,70.0,22330.0,3.0,0.0,0.0,0.6626696118649489,7443.333333333333,319.0
2026-05-12T05:15:38+00:00,2026-05-12T11:00:38+05:45,2026-05-12,11:00:38,1778562938,1,5,11,nepse_official,OPEN,2026-05-12,SKHEL,Suryakunda Hydro Electric Limited,1417.5,1417.5,1417.5,,1417.5,1350.0,67.5,,20.0,28350.0,2.0,0.0,0.0,5.0,14175.0,1417.5
2026-05-12T05:15:38+00:00,2026-05-12T11:00:38+05:45,2026-05-12,11:00:38,1778562938,1,5,11,nepse_official,OPEN,2026-05-12,SOHL,Solu Hydropower Limited,721.0,721.0,721.0,,721.0,721.0,0.0,,10.0,7210.0,1.0,0.0,0.0,0.0,7210.0,721.0
2026-05-12T05:15:38+00:00,2026-05-12T11:00:38+05:45,2026-05-12,11:00:38,1778562938,1,5,11,nepse_official,OPEN,2026-05-12,SPDL,Synergy Power Development Ltd.,417.0,417.0,417.0,,417.0,409.0,8.0,,10.0,4170.0,1.0,0.0,0.0,1.9559902200488997,4170.0,417.0
2026-05-12T05:15:38+00:00,2026-05-12T11:00:38+05:45,2026-05-12,11:00:38,1778562938,1,5,11,nepse_official,OPEN,2026-05-12,SSHL,Shiva Shree Hydropower Ltd,230.8,230.8,230.8,,230.8,219.9,10.900000000000006,,10.0,2308.0,1.0,0.0,0.0,4.956798544793091,2308.0,230.8
2026-05-12T05:15:38+00:00,2026-05-12T11:00:38+05:45,2026-05-12,11:00:38,1778562938,1,5,11,nepse_official,OPEN,2026-05-12,TAMOR,Sanima Middle Tamor Hydropower Limited,430.0,430.0,430.0,,430.0,440.5,-10.5,,200.0,86000.0,2.0,0.0,0.0,-2.383654937570942,43000.0,430.0
2026-05-12T05:15:38+00:00,2026-05-12T11:00:38+05:45,2026-05-12,11:00:38,1778562938,1,5,11,nepse_official,OPEN,2026-05-12,UNHPL,Union Hydropower Limited,455.0,455.0,455.0,,455.0,478.0,-23.0,,10.0,4550.0,1.0,0.0,0.0,-4.811715481171548,4550.0,455.0
2026-05-12T05:15:38+00:00,2026-05-12T11:00:38+05:45,2026-05-12,11:00:38,1778562938,1,5,11,nepse_official,OPEN,2026-05-12,UPCL,UNIVERSAL POWER COMPANY LTD,398.2,398.2,398.2,,398.2,379.3,18.899999999999977,,10.0,3982.0,1.0,0.0,0.0,4.982863168995512,3982.0,398.2
2026-05-12T05:15:38+00:00,2026-05-12T11:00:38+05:45,2026-05-12,11:00:38,1778562938,1,5,11,nepse_official,OPEN,2026-05-12,UPPER,Upper Tamakoshi Hydropower Ltd,205.0,211.0,205.0,,210.0,209.5,0.5,,950.0,199330.0,5.0,6.0,2.9268292682926833,0.23866348448687352,39866.0,209.82105263157894
2026-05-12T05:15:38+00:00,2026-05-12T11:00:38+05:45,2026-05-12,11:00:38,1778562938,1,5,11,nepse_official,OPEN,2026-05-12,VLBS,Vijaya laghubitta Bittiya Sanstha Ltd.,735.0,735.0,735.0,,735.0,726.1,8.899999999999977,,100.0,73500.0,1.0,0.0,0.0,1.2257264839553748,73500.0,735.0
2026-05-12T05:45:25+00:00,2026-05-12T11:30:25+05:45,2026-05-12,11:30:25,1778564725,1,5,11,nepse_official,OPEN,2026-05-12,ACLBSL,Aarambha Chautari Laghubitta Bittiya Sanstha Limited,961.0,965.0,960.0,,965.0,959.5,5.5,,100.0,96210.0,3.0,5.0,0.5202913631633715,0.5732152162584679,32070.0,962.1
2026-05-12T05:45:25+00:00,2026-05-12T11:30:25+05:45,2026-05-12,11:30:25,1778564725,1,5,11,nepse_official,OPEN,2026-05-12,ADBL,Agricultural Development Bank Limited,312.0,314.1,310.1,,312.0,312.0,0.0,,698.0,217159.0,10.0,4.0,1.282051282051282,0.0,21715.9,311.1160458452722
2026-05-12T05:45:25+00:00,2026-05-12T11:30:25+05:45,2026-05-12,11:30:25,1778564725,1,5,11,nepse_official,OPEN,2026-05-12,ADBLD83,10.35% Agricultural Bank Debenture 2083,1050.8,1050.8,1050.8,,1050.8,1050.7,0.09999999999990905,,15.0,15762.0,1.0,0.0,0.0,0.009517464547435904,15762.0,1050.8
2026-05-12T05:45:25+00:00,2026-05-12T11:30:25+05:45,2026-05-12,11:30:25,1778564725,1,5,11,nepse_official,OPEN,2026-05-12,AHL,Asian Hydropower Limited,513.0,525.0,510.0,,510.0,513.0,-3.0,,1491.0,769108.0,11.0,15.0,2.923976608187134,-0.5847953216374269,69918.90909090909,515.8336686787391
2026-05-12T05:45:25+00:00,2026-05-12T11:30:25+05:45,2026-05-12,11:30:25,1778564725,1,5,11,nepse_official,OPEN,2026-05-12,AHPC,Arun Valley Hydropower Development Co. Ltd.,289.0,293.0,283.0,,285.2,286.0,-0.8000000000000114,,15410.0,4401111.9,69.0,10.0,3.4602076124567476,-0.2797202797202837,63784.230434782614,285.6010317975341
2026-05-12T05:45:25+00:00,2026-05-12T11:30:25+05:45,2026-05-12,11:30:25,1778564725,1,5,11,nepse_official,OPEN,2026-05-12,AKJCL,Ankhu Khola Jalvidhyut Company Ltd,367.0,372.0,360.0,,367.9,367.0,0.8999999999999773,,27378.0,9999415.6,94.0,12.0,3.2697547683923704,0.24523160762942162,106376.76170212765,365.2354299072248
2026-05-12T05:45:25+00:00,2026-05-12T11:30:25+05:45,2026-05-12,11:30:25,1778564725,1,5,11,nepse_official,OPEN,2026-05-12,AKPL,Arun Kabeli Power Ltd.,275.0,279.0,275.0,,276.5,276.0,0.5,,24157.0,6689058.9,102.0,4.0,1.4545454545454546,0.18115942028985507,65579.00882352941,276.89940389949084
2026-05-12T05:45:25+00:00,2026-05-12T11:30:25+05:45,2026-05-12,11:30:25,1778564725,1,5,11,nepse_official,OPEN,2026-05-12,ALBSL,Asha Laghubitta Bittiya Sanstha Ltd,1141.0,1141.0,1100.0,,1101.0,1118.7,-17.700000000000045,,570.0,632791.9,10.0,41.0,3.5933391761612623,-1.5821936175918518,63279.19,1110.1612280701754
2026-05-12T05:45:25+00:00,2026-05-12T11:30:25+05:45,2026-05-12,11:30:25,1778564725,1,5,11,nepse_official,OPEN,2026-05-12,ALICL,Asian Life Insurance Co. Limited,455.0,460.0,455.0,,460.0,458.5,1.5,,2150.0,988930.0,8.0,5.0,1.098901098901099,0.3271537622682661,123616.25,459.9674418604651
2026-05-12T05:45:25+00:00,2026-05-12T11:30:25+05:45,2026-05-12,11:30:25,1778564725,1,5,11,nepse_official,OPEN,2026-05-12,ANLB,Aatmanirbhar Laghubitta Bittiya Sanstha Limited,6266.2,6266.2,5919.0,,5920.0,6460.0,-540.0,,112.0,677345.0,9.0,347.1999999999998,5.5408381475216215,-8.359133126934983,75260.55555555556,6047.723214285715
2026-05-12T05:45:25+00:00,2026-05-12T11:30:25+05:45,2026-05-12,11:30:25,1778564725,1,5,11,nepse_official,OPEN,2026-05-12,API,Api Power Company Ltd.,366.4,366.4,347.0,,351.0,349.0,2.0,,58774.0,20542992.1,189.0,19.399999999999977,5.294759825327505,0.5730659025787965,108693.0798941799,349.52516588967916
2026-05-12T05:45:25+00:00,2026-05-12T11:30:25+05:45,2026-05-12,11:30:25,1778564725,1,5,11,nepse_official,OPEN,2026-05-12,AVYAN,Aviyan Laghubitta Bittiya Sanstha Limited,1150.0,1152.0,1140.0,,1140.0,1149.0,-9.0,,646.0,743040.0,10.0,12.0,1.0434782608695654,-0.7832898172323759,74304.0,1150.2167182662538
2026-05-12T05:45:25+00:00,2026-05-12T11:30:25+05:45,2026-05-12,11:30:25,1778564725,1,5,11,nepse_official,OPEN,2026-05-12,BANDIPUR,Bandipur Cablecar and Tourism Limited,835.0,845.0,822.1,,828.3,835.0,-6.7000000000000455,,3120.0,2596560.0,67.0,22.899999999999977,2.7425149700598777,-0.8023952095808439,38754.62686567164,832.2307692307693
2026-05-12T05:45:25+00:00,2026-05-12T11:30:25+05:45,2026-05-12,11:30:25,1778564725,1,5,11,nepse_official,OPEN,2026-05-12,BARUN,Barun Hydropower Co. Ltd.,358.0,358.0,350.0,,352.0,351.7,0.30000000000001137,,3817.0,1339402.0,26.0,8.0,2.2346368715083798,0.08529997156667939,51515.46153846154,350.9043751637412
2026-05-12T05:45:25+00:00,2026-05-12T11:30:25+05:45,2026-05-12,11:30:25,1778564725,1,5,11,nepse_official,OPEN,2026-05-12,BBC,Bishal Bazar Company Limited,4900.0,4948.0,4846.0,,4905.0,4848.8,56.19999999999982,,41.0,200890.0,4.0,102.0,2.0816326530612246,1.159049661771981,50222.5,4899.756097560976
2026-05-12T05:45:25+00:00,2026-05-12T11:30:25+05:45,2026-05-12,11:30:25,1778564725,1,5,11,nepse_official,OPEN,2026-05-12,BEDC,Bhugol Energy Development Company Limited,399.0,399.0,375.0,,380.0,380.0,0.0,,10628.0,4043116.8,78.0,24.0,6.015037593984962,0.0,51834.830769230764,380.42122694768534
2026-05-12T05:45:25+00:00,2026-05-12T11:30:25+05:45,2026-05-12,11:30:25,1778564725,1,5,11,nepse_official,OPEN,2026-05-12,BFC,Best Finance Company Ltd.,474.9,474.9,468.0,,468.0,468.0,0.0,,2478.0,1163230.5,22.0,6.899999999999977,1.452937460517999,0.0,52874.11363636364,469.4231234866828
2026-05-12T05:45:25+00:00,2026-05-12T11:30:25+05:45,2026-05-12,11:30:25,1778564725,1,5,11,nepse_official,OPEN,2026-05-12,BGWT,Bhagawati Hydropower Development Company Limited,675.0,675.0,656.0,,656.0,672.0,-16.0,,91.0,60915.0,5.0,19.0,2.814814814814815,-2.380952380952381,12183.0,669.3956043956044
2026-05-12T05:45:25+00:00,2026-05-12T11:30:25+05:45,2026-05-12,11:30:25,1778564725,1,5,11,nepse_official,OPEN,2026-05-12,BHCL,Bikash Hydropower Company Limited,525.0,530.0,522.0,,524.0,524.5,-0.5,,2615.0,1368803.0,43.0,8.0,1.5238095238095237,-0.09532888465204957,31832.627906976744,523.4428298279158
2026-05-12T05:45:25+00:00,2026-05-12T11:30:25+05:45,2026-05-12,11:30:25,1778564725,1,5,11,nepse_official,OPEN,2026-05-12,BHDC,Bindhyabasini Hydropower Development Company Limited,475.0,475.0,468.0,,469.0,475.0,-6.0,,252.0,119470.2,6.0,7.0,1.4736842105263157,-1.263157894736842,19911.7,474.0880952380952
2026-05-12T05:45:25+00:00,2026-05-12T11:30:25+05:45,2026-05-12,11:30:25,1778564725,1,5,11,nepse_official,OPEN,2026-05-12,BHL,Balephi Hydropower Limited,230.0,231.4,225.0,,229.0,227.0,2.0,,55087.0,12586778.4,194.0,6.400000000000006,2.7826086956521765,0.881057268722467,64880.30103092784,228.4890881696226
2026-05-12T05:45:25+00:00,2026-05-12T11:30:25+05:45,2026-05-12,11:30:25,1778564725,1,5,11,nepse_official,OPEN,2026-05-12,BHPL,Barahi Hydropower Public Limited,532.0,533.0,532.0,,533.0,532.0,1.0,,325.0,173170.0,4.0,1.0,0.18796992481203006,0.18796992481203006,43292.5,532.8307692307692
2026-05-12T05:45:25+00:00,2026-05-12T11:30:25+05:45,2026-05-12,11:30:25,1778564725,1,5,11,nepse_official,OPEN,2026-05-12,BJHL,Bhujung Hydropower Limited,1013.0,1025.0,1001.1,,1002.7,1015.0,-12.299999999999955,,664.0,671472.0,35.0,23.899999999999977,2.3593287265547858,-1.2118226600985178,19184.914285714287,1011.2530120481928
2026-05-12T05:45:25+00:00,2026-05-12T11:30:25+05:45,2026-05-12,11:30:25,1778564725,1,5,11,nepse_official,OPEN,2026-05-12,BNHC,Buddha Bhumi Nepal Hydropower Company Limited,338.0,338.0,335.0,,335.0,335.5,-0.5,,450.0,151150.0,5.0,3.0,0.8875739644970414,-0.14903129657228018,30230.0,335.8888888888889
2026-05-12T05:45:25+00:00,2026-05-12T11:30:25+05:45,2026-05-12,11:30:25,1778564725,1,5,11,nepse_official,OPEN,2026-05-12,BPCL,Butwal Power Company Limited,718.2,718.2,685.0,,685.0,684.0,1.0,,6960.0,4859394.0,45.0,33.200000000000045,4.622667780562524,0.14619883040935672,107986.53333333334,698.1887931034482
2026-05-12T05:45:25+00:00,2026-05-12T11:30:25+05:45,2026-05-12,11:30:25,1778564725,1,5,11,nepse_official,OPEN,2026-05-12,BUNGAL,Bungal Hydro Limited,600.0,610.0,592.6,,595.9,595.0,0.8999999999999773,,4249.0,2540265.0,54.0,17.399999999999977,2.8999999999999964,0.15126050420167686,47041.944444444445,597.8500823723228
2026-05-12T05:45:25+00:00,2026-05-12T11:30:25+05:45,2026-05-12,11:30:25,1778564725,1,5,11,nepse_official,OPEN,2026-05-12,CBBL,Chhimek Laghubitta Bittiya Sanstha Limited,929.9,930.0,915.0,,915.0,923.0,-8.0,,3955.0,3640708.0,39.0,15.0,1.6130766749112808,-0.8667388949079089,93351.48717948717,920.5329962073325
2026-05-12T05:45:25+00:00,2026-05-12T11:30:25+05:45,2026-05-12,11:30:25,1778564725,1,5,11,nepse_official,OPEN,2026-05-12,CFCL,Central Finance Co. Ltd.,534.3,534.3,509.0,,513.5,508.9,4.600000000000023,,733.0,375993.0,7.0,25.299999999999955,4.735167508890129,0.9039103949695466,53713.28571428572,512.9508867667122
2026-05-12T05:45:25+00:00,2026-05-12T11:30:25+05:45,2026-05-12,11:30:25,1778564725,1,5,11,nepse_official,OPEN,2026-05-12,CGH,Chandragiri Hills Limited,815.0,815.1,815.0,,815.1,813.2,1.8999999999999773,,490.0,399360.0,5.0,0.10000000000002274,0.012269938650309538,0.2336448598130813,79872.0,815.0204081632653
2026-05-12T05:45:25+00:00,2026-05-12T11:30:25+05:45,2026-05-12,11:30:25,1778564725,1,5,11,nepse_official,OPEN,2026-05-12,CHCL,Chilime Hydropower Company Limited,482.0,488.0,479.1,,481.0,479.1,1.8999999999999773,,2954.0,1423878.2,25.0,8.899999999999977,1.8464730290456384,0.3965769150490455,56955.128,482.01699390656734
2026-05-12T05:45:25+00:00,2026-05-12T11:30:25+05:45,2026-05-12,11:30:25,1778564725,1,5,11,nepse_official,OPEN,2026-05-12,CHDC,CEDB Holdings Limited,2400.0,2400.0,2335.0,,2355.0,2345.0,10.0,,1317.0,3105079.0,24.0,65.0,2.7083333333333335,0.42643923240938164,129378.29166666667,2357.6909643128324
2026-05-12T05:45:25+00:00,2026-05-12T11:30:25+05:45,2026-05-12,11:30:25,1778564725,1,5,11,nepse_official,OPEN,2026-05-12,CHL,Chhyangdi Hydropower Ltd.,305.0,305.0,296.0,,297.1,299.0,-1.8999999999999773,,2803.0,835189.3,16.0,9.0,2.9508196721311477,-0.6354515050167148,52199.33125,297.96264716375316
2026-05-12T05:45:25+00:00,2026-05-12T11:30:25+05:45,2026-05-12,11:30:25,1778564725,1,5,11,nepse_official,OPEN,2026-05-12,CIT,Citizen Investment Trust,1785.0,1785.0,1776.0,,1783.0,1774.2,8.799999999999955,,403.0,716576.0,19.0,9.0,0.5042016806722689,0.49599819637019243,37714.52631578947,1778.1042183622828
2026-05-12T05:45:25+00:00,2026-05-12T11:30:25+05:45,2026-05-12,11:30:25,1778564725,1,5,11,nepse_official,OPEN,2026-05-12,CITY,City Hotel Limited,430.0,430.0,422.2,,424.0,425.0,-1.0,,1660.0,706363.6,25.0,7.800000000000011,1.8139534883720956,-0.2352941176470588,28254.543999999998,425.52024096385543
2026-05-12T05:45:25+00:00,2026-05-12T11:30:25+05:45,2026-05-12,11:30:25,1778564725,1,5,11,nepse_official,OPEN,2026-05-12,CKHL,Chirkhwa Hydropower Limited ,670.0,670.0,670.0,,670.0,678.0,-8.0,,10.0,6700.0,1.0,0.0,0.0,-1.1799410029498525,6700.0,670.0
2026-05-12T05:45:25+00:00,2026-05-12T11:30:25+05:45,2026-05-12,11:30:25,1778564725,1,5,11,nepse_official,OPEN,2026-05-12,CLI,Citizen Life Insurance Company Limited,466.0,466.0,456.0,,457.0,459.5,-2.5,,633.0,289339.0,16.0,10.0,2.1459227467811157,-0.544069640914037,18083.6875,457.0916271721959
2026-05-12T05:45:25+00:00,2026-05-12T11:30:25+05:45,2026-05-12,11:30:25,1778564725,1,5,11,nepse_official,OPEN,2026-05-12,CORBL,Corporate Development Bank Limited,2086.0,2086.0,2040.0,,2040.0,2086.0,-46.0,,181.0,377040.0,4.0,46.0,2.205177372962608,-2.205177372962608,94260.0,2083.0939226519336
2026-05-12T05:45:25+00:00,2026-05-12T11:30:25+05:45,2026-05-12,11:30:25,1778564725,1,5,11,nepse_official,OPEN,2026-05-12,CREST,Crest Micro Life Insurance Limited,1179.0,1179.0,1130.0,,1158.0,1139.6,18.40000000000009,,3020.0,3455340.0,43.0,49.0,4.156064461407973,1.6146016146016227,80356.74418604652,1144.1523178807947
2026-05-12T05:45:25+00:00,2026-05-12T11:30:25+05:45,2026-05-12,11:30:25,1778564725,1,5,11,nepse_official,OPEN,2026-05-12,CSY,Citizens Santulit Yojana,9.3,9.3,9.3,,9.3,9.3,0.0,,300.0,2790.0,3.0,0.0,0.0,0.0,930.0,9.3
2026-05-12T05:45:25+00:00,2026-05-12T11:30:25+05:45,2026-05-12,11:30:25,1778564725,1,5,11,nepse_official,OPEN,2026-05-12,CYCL,CYC Nepal Laghubitta Bittiya Sanstha Limited,1491.0,1491.1,1491.0,,1491.0,1500.0,-9.0,,113.0,168485.0,4.0,0.09999999999990905,0.00670690811535272,-0.6,42121.25,1491.0176991150443
2026-05-12T05:45:25+00:00,2026-05-12T11:30:25+05:45,2026-05-12,11:30:25,1778564725,1,5,11,nepse_official,OPEN,2026-05-12,CZBIL,Citizens Bank International Limited,210.0,210.0,206.6,,207.9,207.5,0.4000000000000057,,3657.0,762689.2,22.0,3.4000000000000057,1.6190476190476217,0.19277108433735216,34667.69090909091,208.55597484276728
2026-05-12T05:45:25+00:00,2026-05-12T11:30:25+05:45,2026-05-12,11:30:25,1778564725,1,5,11,nepse_official,OPEN,2026-05-12,DDBL,Deprosc Laghubitta Bittiya Sanstha Limited,862.0,862.0,861.0,,861.0,863.0,-2.0,,120.0,103340.0,2.0,1.0,0.11600928074245939,-0.2317497103128621,51670.0,861.1666666666666
2026-05-12T05:45:25+00:00,2026-05-12T11:30:25+05:45,2026-05-12,11:30:25,1778564725,1,5,11,nepse_official,OPEN,2026-05-12,DHEL,Daramkhola Hydro Energy Limited,617.0,617.0,610.3,,612.0,617.9,-5.899999999999977,,1260.0,776495.0,31.0,6.7000000000000455,1.0858995137763445,-0.9548470626314901,25048.225806451614,616.265873015873
2026-05-12T05:45:25+00:00,2026-05-12T11:30:25+05:45,2026-05-12,11:30:25,1778564725,1,5,11,nepse_official,OPEN,2026-05-12,DHPL,Dibyashwori Hydropower Ltd.,319.0,319.0,302.0,,302.9,303.9,-1.0,,285.0,86383.7,5.0,17.0,5.329153605015674,-0.3290556103981573,17276.739999999998,303.10070175438597
2026-05-12T05:45:25+00:00,2026-05-12T11:30:25+05:45,2026-05-12,11:30:25,1778564725,1,5,11,nepse_official,OPEN,2026-05-12,DLBS,Dhaulagiri Laghubitta Bittiya Sanstha Limited,1235.0,1472.0,1235.0,,1277.1,1300.0,-22.90000000000009,,230.0,301976.0,14.0,237.0,19.190283400809715,-1.7615384615384686,21569.714285714286,1312.9391304347826
2026-05-12T05:45:25+00:00,2026-05-12T11:30:25+05:45,2026-05-12,11:30:25,1778564725,1,5,11,nepse_official,OPEN,2026-05-12,DOLTI,Dolti Power Company Limited,366.0,366.0,354.1,,356.0,360.0,-4.0,,20152.0,7225679.9,118.0,11.899999999999977,3.2513661202185733,-1.1111111111111112,61234.57542372882,358.5589470027789
2026-05-12T05:45:25+00:00,2026-05-12T11:30:25+05:45,2026-05-12,11:30:25,1778564725,1,5,11,nepse_official,OPEN,2026-05-12,DORDI,Dordi Khola Jal Bidyut Company Limited,282.0,284.0,277.0,,280.0,280.0,0.0,,5345.0,1497457.5,25.0,7.0,2.4822695035460995,0.0,59898.3,280.16043030869974
2026-05-12T05:45:25+00:00,2026-05-12T11:30:25+05:45,2026-05-12,11:30:25,1778564725,1,5,11,nepse_official,OPEN,2026-05-12,EBL,Everest Bank Limited,720.0,720.0,705.1,,706.0,706.0,0.0,,2019.0,1427153.4,33.0,14.899999999999977,2.069444444444441,0.0,43247.07272727272,706.861515601783
2026-05-12T05:45:25+00:00,2026-05-12T11:30:25+05:45,2026-05-12,11:30:25,1778564725,1,5,11,nepse_official,OPEN,2026-05-12,EDBL,Excel Development Bank Ltd.,560.0,585.0,560.0,,581.0,586.6,-5.600000000000023,,720.0,418768.0,5.0,25.0,4.464285714285714,-0.9546539379474979,83753.6,581.6222222222223
2026-05-12T05:45:25+00:00,2026-05-12T11:30:25+05:45,2026-05-12,11:30:25,1778564725,1,5,11,nepse_official,OPEN,2026-05-12,EHPL,Eastern Hydropower Limited,385.0,396.0,385.0,,392.0,393.0,-1.0,,2758.0,1080009.0,27.0,11.0,2.857142857142857,-0.2544529262086514,40000.333333333336,391.5913705583756
2026-05-12T05:45:25+00:00,2026-05-12T11:30:25+05:45,2026-05-12,11:30:25,1778564725,1,5,11,nepse_official,OPEN,2026-05-12,ENL,Emerging Nepal Limited,924.0,924.0,924.0,,924.0,910.0,14.0,,10.0,9240.0,1.0,0.0,0.0,1.5384615384615385,9240.0,924.0
2026-05-12T05:45:25+00:00,2026-05-12T11:30:25+05:45,2026-05-12,11:30:25,1778564725,1,5,11,nepse_official,OPEN,2026-05-12,FMDBL,First Micro Finance Laghubitta Bittiya Sanstha Limited,874.0,874.0,817.1,,825.0,919.0,-94.0,,10890.0,8986799.0,101.0,56.89999999999998,6.510297482837527,-10.228509249183896,88978.20792079208,825.2340679522498
2026-05-12T05:45:25+00:00,2026-05-12T11:30:25+05:45,2026-05-12,11:30:25,1778564725,1,5,11,nepse_official,OPEN,2026-05-12,FOWAD,Forward Microfinance Laghubitta Bittiya Sanstha Limited,1065.0,1090.0,1065.0,,1088.0,1098.0,-10.0,,676.0,733554.4,20.0,25.0,2.3474178403755865,-0.9107468123861567,36677.72,1085.1396449704143
2026-05-12T05:45:25+00:00,2026-05-12T11:30:25+05:45,2026-05-12,11:30:25,1778564725,1,5,11,nepse_official,OPEN,2026-05-12,GBBL,Garima Bikas Bank Limited,421.0,421.0,418.0,,418.1,420.0,-1.8999999999999773,,421.0,176050.1,7.0,3.0,0.7125890736342043,-0.452380952380947,25150.014285714286,418.17125890736344
2026-05-12T05:45:25+00:00,2026-05-12T11:30:25+05:45,2026-05-12,11:30:25,1778564725,1,5,11,nepse_official,OPEN,2026-05-12,GBIME,Global IME Bank Limited,241.0,241.0,237.0,,238.0,237.9,0.09999999999999432,,5397.0,1284287.4,59.0,4.0,1.6597510373443984,0.04203446826397407,21767.583050847457,237.96320177876598
2026-05-12T05:45:25+00:00,2026-05-12T11:30:25+05:45,2026-05-12,11:30:25,1778564725,1,5,11,nepse_official,OPEN,2026-05-12,GBIMESY2,Global IME Sammunat Yojana -2,9.22,9.22,9.22,,9.22,9.4,-0.17999999999999972,,200.0,1844.0,2.0,0.0,0.0,-1.9148936170212734,922.0,9.22
2026-05-12T05:45:25+00:00,2026-05-12T11:30:25+05:45,2026-05-12,11:30:25,1778564725,1,5,11,nepse_official,OPEN,2026-05-12,GBLBS,Grameen Bikas Laghubitta Bittiya Sanstha Ltd.,783.0,783.0,775.0,,775.0,783.0,-8.0,,441.0,343005.0,6.0,8.0,1.0217113665389528,-1.0217113665389528,57167.5,777.7891156462586
2026-05-12T05:45:25+00:00,2026-05-12T11:30:25+05:45,2026-05-12,11:30:25,1778564725,1,5,11,nepse_official,OPEN,2026-05-12,GCIL,Ghorahi Cement Industry Limited,405.0,422.1,405.0,,420.0,424.5,-4.5,,1764.0,741128.7,23.0,17.100000000000023,4.222222222222228,-1.0600706713780919,32222.986956521738,420.1409863945578
2026-05-12T05:45:25+00:00,2026-05-12T11:30:25+05:45,2026-05-12,11:30:25,1778564725,1,5,11,nepse_official,OPEN,2026-05-12,GFCL,Goodwill Finance Limited,631.0,631.0,630.1,,631.0,628.0,3.0,,460.0,290224.0,9.0,0.8999999999999773,0.14263074484944174,0.47770700636942676,32247.11111111111,630.9217391304347
2026-05-12T05:45:25+00:00,2026-05-12T11:30:25+05:45,2026-05-12,11:30:25,1778564725,1,5,11,nepse_official,OPEN,2026-05-12,GHL,Ghalemdi Hydro Limited,248.1,248.7,243.0,,246.0,246.8,-0.8000000000000114,,7970.0,1958956.5,24.0,5.699999999999989,2.2974607013301043,-0.32414910858995594,81623.1875,245.79127979924718
2026-05-12T05:45:25+00:00,2026-05-12T11:30:25+05:45,2026-05-12,11:30:25,1778564725,1,5,11,nepse_official,OPEN,2026-05-12,GIBF1,Global IME Balanced Fund-1,10.8,10.8,10.8,,10.8,10.8,0.0,,100.0,1080.0,1.0,0.0,0.0,0.0,1080.0,10.8
2026-05-12T05:45:25+00:00,2026-05-12T11:30:25+05:45,2026-05-12,11:30:25,1778564725,1,5,11,nepse_official,OPEN,2026-05-12,GILB,Global IME Laghubitta Bittiya Sanstha Ltd.,1120.0,1120.0,1120.0,,1120.0,1116.1,3.900000000000091,,10.0,11200.0,1.0,0.0,0.0,0.34943105456501133,11200.0,1120.0
2026-05-12T05:45:25+00:00,2026-05-12T11:30:25+05:45,2026-05-12,11:30:25,1778564725,1,5,11,nepse_official,OPEN,2026-05-12,GLH,GreenLife Hydropower Limited,275.9,275.9,270.0,,271.0,273.0,-2.0,,5270.0,1434539.0,21.0,5.899999999999977,2.138455962305175,-0.7326007326007326,68311.38095238095,272.2085388994307
2026-05-12T05:45:25+00:00,2026-05-12T11:30:25+05:45,2026-05-12,11:30:25,1778564725,1,5,11,nepse_official,OPEN,2026-05-12,GMFBS,Ganapati Laghubitta Bittiya Sanstha Limited,1366.0,1366.0,1307.3,,1307.3,1337.0,-29.700000000000045,,20.0,26733.0,2.0,58.700000000000045,4.297218155197661,-2.221391174270759,13366.5,1336.65
2026-05-12T05:45:25+00:00,2026-05-12T11:30:25+05:45,2026-05-12,11:30:25,1778564725,1,5,11,nepse_official,OPEN,2026-05-12,GMLI,Guardian Micro Life Insurance Limited ,1359.9,1359.9,1325.0,,1325.0,1337.7,-12.700000000000045,,77.0,103338.3,5.0,34.90000000000009,2.566365173909853,-0.9493907453091159,20667.66,1342.0558441558442
2026-05-12T05:45:25+00:00,2026-05-12T11:30:25+05:45,2026-05-12,11:30:25,1778564725,1,5,11,nepse_official,OPEN,2026-05-12,GRDBL,Green Development Bank Ltd.,1061.0,1065.0,1055.0,,1065.0,1058.9,6.099999999999909,,446.0,473289.0,9.0,10.0,0.9425070688030159,0.5760695060912181,52587.666666666664,1061.1860986547085
2026-05-12T05:45:25+00:00,2026-05-12T11:30:25+05:45,2026-05-12,11:30:25,1778564725,1,5,11,nepse_official,OPEN,2026-05-12,GSY,Garima Samriddhi Yojana,9.55,9.55,9.55,,9.55,9.7,-0.14999999999999858,,200.0,1910.0,2.0,0.0,0.0,-1.546391752577305,955.0,9.55
2026-05-12T05:45:25+00:00,2026-05-12T11:30:25+05:45,2026-05-12,11:30:25,1778564725,1,5,11,nepse_official,OPEN,2026-05-12,GVL,Green Ventures Limited,499.0,499.0,493.0,,496.0,496.0,0.0,,1342.0,665569.0,9.0,6.0,1.2024048096192386,0.0,73952.11111111111,495.95305514157974
2026-05-12T05:45:25+00:00,2026-05-12T11:30:25+05:45,2026-05-12,11:30:25,1778564725,1,5,11,nepse_official,OPEN,2026-05-12,HATHY,Hathway Investment Nepal Limited,830.0,834.0,825.0,,825.0,824.0,1.0,,1408.0,1171840.0,16.0,9.0,1.0843373493975903,0.12135922330097086,73240.0,832.2727272727273
2026-05-12T05:45:25+00:00,2026-05-12T11:30:25+05:45,2026-05-12,11:30:25,1778564725,1,5,11,nepse_official,OPEN,2026-05-12,HBL,Himalayan Bank Limited,208.0,210.0,207.0,,207.4,208.0,-0.5999999999999943,,4761.0,991831.2,100.0,3.0,1.4423076923076923,-0.28846153846153577,9918.312,208.32413358538122
2026-05-12T05:45:25+00:00,2026-05-12T11:30:25+05:45,2026-05-12,11:30:25,1778564725,1,5,11,nepse_official,OPEN,2026-05-12,HDHPC,Himal Dolakha Hydropower Company Limited,234.0,234.0,228.0,,231.0,231.0,0.0,,32508.0,7470235.9,118.0,6.0,2.564102564102564,0.0,63307.083898305085,229.7968469299865
2026-05-12T05:45:25+00:00,2026-05-12T11:30:25+05:45,2026-05-12,11:30:25,1778564725,1,5,11,nepse_official,OPEN,2026-05-12,HDL,Himalayan Distillery Limited,1180.0,1180.0,1161.1,,1170.0,1175.1,-5.099999999999909,,3357.0,3935577.2,61.0,18.90000000000009,1.601694915254245,-0.4340056165432652,64517.659016393445,1172.3494787012214
2026-05-12T05:45:25+00:00,2026-05-12T11:30:25+05:45,2026-05-12,11:30:25,1778564725,1,5,11,nepse_official,OPEN,2026-05-12,HEI,Himalayan Everest Insurance Limited,524.0,538.9,523.3,,538.9,539.4,-0.5,,480.0,257459.0,4.0,15.600000000000023,2.9770992366412257,-0.09269558769002596,64364.75,536.3729166666667
2026-05-12T05:45:25+00:00,2026-05-12T11:30:25+05:45,2026-05-12,11:30:25,1778564725,1,5,11,nepse_official,OPEN,2026-05-12,HFIN,Hotel Forest Inn Limited,1065.0,1077.0,1047.0,,1055.0,1065.0,-10.0,,10566.0,11137825.0,259.0,30.0,2.8169014084507045,-0.9389671361502347,43003.185328185325,1054.1193450690896
2026-05-12T05:45:25+00:00,2026-05-12T11:30:25+05:45,2026-05-12,11:30:25,1778564725,1,5,11,nepse_official,OPEN,2026-05-12,HHL,Himalayan Hydropower Limited,368.0,397.0,368.0,,387.0,387.0,0.0,,8170.0,3157540.0,36.0,29.0,7.880434782608696,0.0,87709.44444444444,386.47980416156673
2026-05-12T05:45:25+00:00,2026-05-12T11:30:25+05:45,2026-05-12,11:30:25,1778564725,1,5,11,nepse_official,OPEN,2026-05-12,HIDCL,Hydorelectricity Investment and Development Company Ltd,277.0,278.5,270.2,,272.0,274.0,-2.0,,20888.0,5713438.8,71.0,8.300000000000011,2.996389891696755,-0.7299270072992701,80470.9690140845,273.52732669475296
2026-05-12T05:45:25+00:00,2026-05-12T11:30:25+05:45,2026-05-12,11:30:25,1778564725,1,5,11,nepse_official,OPEN,2026-05-12,HIDCLP,Hydorelectricity Investment and Development Company Limited Promoter,209.4,209.7,204.0,,204.0,207.4,-3.4000000000000057,,81306.0,16691840.6,86.0,5.699999999999989,2.7220630372492782,-1.639344262295085,194091.16976744187,205.2965414606548
2026-05-12T05:45:25+00:00,2026-05-12T11:30:25+05:45,2026-05-12,11:30:25,1778564725,1,5,11,nepse_official,OPEN,2026-05-12,HIMSTAR,Him Star Urja Company Limited,925.0,925.0,904.2,,905.0,920.0,-15.0,,2365.0,2144607.0,38.0,20.799999999999955,2.248648648648644,-1.6304347826086956,56437.02631578947,906.8105708245243
2026-05-12T05:45:25+00:00,2026-05-12T11:30:25+05:45,2026-05-12,11:30:25,1778564725,1,5,11,nepse_official,OPEN,2026-05-12,HLBSL,Himalayan Laghubitta Bittiya Sanstha Limited,911.0,911.0,910.0,,910.0,907.0,3.0,,1010.0,920090.0,4.0,1.0,0.10976948408342481,0.33076074972436603,230022.5,910.980198019802
2026-05-12T05:45:25+00:00,2026-05-12T11:30:25+05:45,2026-05-12,11:30:25,1778564725,1,5,11,nepse_official,OPEN,2026-05-12,HLI,Himalayan Life Insurance Limited,348.9,348.9,343.0,,344.7,344.5,0.19999999999998863,,5577.0,1920024.2,48.0,5.899999999999977,1.6910289481226648,0.058055152394771735,40000.504166666666,344.2754527523758
2026-05-12T05:45:25+00:00,2026-05-12T11:30:25+05:45,2026-05-12,11:30:25,1778564725,1,5,11,nepse_official,OPEN,2026-05-12,HLICF,HLI Large Cap Fund,8.95,8.95,8.95,,8.95,9.1,-0.15000000000000036,,100.0,895.0,1.0,0.0,0.0,-1.6483516483516523,895.0,8.95
2026-05-12T05:45:25+00:00,2026-05-12T11:30:25+05:45,2026-05-12,11:30:25,1778564725,1,5,11,nepse_official,OPEN,2026-05-12,HPPL,Himalayan Power Partner Ltd.,375.0,382.8,375.0,,377.7,382.8,-5.100000000000023,,2460.0,931173.2,24.0,7.800000000000011,2.080000000000003,-1.3322884012539244,38798.88333333333,378.52569105691055
2026-05-12T05:45:25+00:00,2026-05-12T11:30:25+05:45,2026-05-12,11:30:25,1778564725,1,5,11,nepse_official,OPEN,2026-05-12,HRL,Himalayan Reinsurance Limited,709.0,715.0,696.0,,707.0,704.0,3.0,,23131.0,16299732.6,230.0,19.0,2.6798307475317347,0.4261363636363636,70868.40260869564,704.6704682028446
2026-05-12T05:45:25+00:00,2026-05-12T11:30:25+05:45,2026-05-12,11:30:25,1778564725,1,5,11,nepse_official,OPEN,2026-05-12,HURJA,Himalaya Urja Bikas Company Limited,264.8,265.9,259.9,,264.0,263.0,1.0,,16231.0,4245631.6,55.0,6.0,2.2658610271903323,0.38022813688212925,77193.3018181818,261.57547902162526
2026-05-12T05:45:25+00:00,2026-05-12T11:30:25+05:45,2026-05-12,11:30:25,1778564725,1,5,11,nepse_official,OPEN,2026-05-12,ICFC,ICFC Finance Limited,636.1,636.1,633.1,,633.1,635.1,-2.0,,757.0,481282.2,5.0,3.0,0.4716239584970916,-0.314911037631869,96256.44,635.7756935270806
2026-05-12T05:45:25+00:00,2026-05-12T11:30:25+05:45,2026-05-12,11:30:25,1778564725,1,5,11,nepse_official,OPEN,2026-05-12,IGI,IGI Prudential insurance Limited,443.9,443.9,421.1,,435.9,432.0,3.8999999999999773,,557.0,237893.5,8.0,22.799999999999955,5.136291957648109,0.9027777777777725,29736.6875,427.0978456014363
2026-05-12T05:45:25+00:00,2026-05-12T11:30:25+05:45,2026-05-12,11:30:25,1778564725,1,5,11,nepse_official,OPEN,2026-05-12,IHL,Ingwa Hydropower Limited,400.0,408.6,399.0,,401.0,397.0,4.0,,4605.0,1859790.0,33.0,9.600000000000023,2.4000000000000057,1.0075566750629723,56357.27272727273,403.86319218241044
2026-05-12T05:45:25+00:00,2026-05-12T11:30:25+05:45,2026-05-12,11:30:25,1778564725,1,5,11,nepse_official,OPEN,2026-05-12,ILBS,Infinity Laghubitta Bittiya Sanstha Limited,925.0,976.0,925.0,,950.0,949.9,0.10000000000002274,,89.0,84324.0,6.0,51.0,5.513513513513513,0.010527423939364433,14054.0,947.4606741573034
2026-05-12T05:45:25+00:00,2026-05-12T11:30:25+05:45,2026-05-12,11:30:25,1778564725,1,5,11,nepse_official,OPEN,2026-05-12,ILI,IME Life Insurance Company Limited,450.0,450.0,437.1,,444.0,443.0,1.0,,961.0,423163.0,26.0,12.899999999999977,2.8666666666666614,0.2257336343115124,16275.5,440.33610822060353
2026-05-12T05:45:25+00:00,2026-05-12T11:30:25+05:45,2026-05-12,11:30:25,1778564725,1,5,11,nepse_official,OPEN,2026-05-12,JBBL,Jyoti Bikas Bank Limited,369.0,369.0,362.4,,364.9,366.0,-1.1000000000000227,,2168.0,791476.7,9.0,6.600000000000023,1.7886178861788682,-0.3005464480874379,87941.85555555555,365.07227859778595
2026-05-12T05:45:25+00:00,2026-05-12T11:30:25+05:45,2026-05-12,11:30:25,1778564725,1,5,11,nepse_official,OPEN,2026-05-12,JBLB,Jeevan Bikas Laghubitta  Bittya Sanstha Ltd,1321.0,1325.0,1315.0,,1324.0,1320.0,4.0,,537.0,710188.2,20.0,10.0,0.757002271006813,0.30303030303030304,35509.409999999996,1322.5106145251395
2026-05-12T05:45:25+00:00,2026-05-12T11:30:25+05:45,2026-05-12,11:30:25,1778564725,1,5,11,nepse_official,OPEN,2026-05-12,JFL,Janaki Finance Company Limited,423.0,423.0,423.0,,423.0,415.0,8.0,,10.0,4230.0,1.0,0.0,0.0,1.9277108433734942,4230.0,423.0
2026-05-12T05:45:25+00:00,2026-05-12T11:30:25+05:45,2026-05-12,11:30:25,1778564725,1,5,11,nepse_official,OPEN,2026-05-12,JHAPA,Jhapa Energy Limited,1883.0,1883.0,1680.0,,1726.2,1799.0,-72.79999999999995,,2013.0,3623316.0,38.0,203.0,10.780669144981413,-4.046692607003888,95350.42105263157,1799.9582712369597
2026-05-12T05:45:25+00:00,2026-05-12T11:30:25+05:45,2026-05-12,11:30:25,1778564725,1,5,11,nepse_official,OPEN,2026-05-12,JOSHI,Joshi Hydropower Development Company Ltd,292.5,294.0,285.6,,285.6,284.4,1.2000000000000455,,5245.0,1510585.0,31.0,8.399999999999977,2.8717948717948643,0.4219409282700582,48728.54838709677,288.0047664442326
2026-05-12T05:45:25+00:00,2026-05-12T11:30:25+05:45,2026-05-12,11:30:25,1778564725,1,5,11,nepse_official,OPEN,2026-05-12,JSLBB,Janautthan Samudayic Laghubitta Bittya Sanstha Limited,1111.0,1111.0,1110.0,,1110.0,1120.0,-10.0,,200.0,222100.0,2.0,1.0,0.09000900090009001,-0.8928571428571428,111050.0,1110.5
2026-05-12T05:45:25+00:00,2026-05-12T11:30:25+05:45,2026-05-12,11:30:25,1778564725,1,5,11,nepse_official,OPEN,2026-05-12,KBL,Kumari Bank Limited,225.0,225.0,221.5,,222.5,222.4,0.09999999999999432,,22051.0,4916465.7,87.0,3.5,1.5555555555555556,0.04496402877697586,56511.1,222.95885447372
2026-05-12T05:45:25+00:00,2026-05-12T11:30:25+05:45,2026-05-12,11:30:25,1778564725,1,5,11,nepse_official,OPEN,2026-05-12,KDBY,Kumari Dhanabriddhi Yojana,11.92,11.92,11.54,,11.54,12.54,-1.0,,5823.0,67650.42,7.0,0.3800000000000008,3.1879194630872547,-7.974481658692185,9664.345714285713,11.617794951056156
2026-05-12T05:45:25+00:00,2026-05-12T11:30:25+05:45,2026-05-12,11:30:25,1778564725,1,5,11,nepse_official,OPEN,2026-05-12,KDL,Kalinchowk Darshan Limited,840.0,840.0,840.0,,840.0,830.1,9.899999999999977,,110.0,92400.0,3.0,0.0,0.0,1.1926273942898418,30800.0,840.0
2026-05-12T05:45:25+00:00,2026-05-12T11:30:25+05:45,2026-05-12,11:30:25,1778564725,1,5,11,nepse_official,OPEN,2026-05-12,KEF,Kumari Equity Fund,10.55,10.99,10.55,,10.99,10.68,0.3100000000000005,,1600.0,17112.0,7.0,0.4399999999999995,4.170616113744071,2.9026217228464466,2444.5714285714284,10.695
2026-05-12T05:45:25+00:00,2026-05-12T11:30:25+05:45,2026-05-12,11:30:25,1778564725,1,5,11,nepse_official,OPEN,2026-05-12,KKHC,Khanikhola Hydropower Co. Ltd.,274.0,277.9,267.0,,270.0,271.0,-1.0,,2521.0,681900.0,18.0,10.899999999999977,3.978102189781014,-0.36900369003690037,37883.333333333336,270.4879016263388
2026-05-12T05:45:25+00:00,2026-05-12T11:30:25+05:45,2026-05-12,11:30:25,1778564725,1,5,11,nepse_official,OPEN,2026-05-12,KMCDB,Kalika Laghubitta Bittiya Sanstha Ltd,922.0,922.0,870.0,,870.0,879.0,-9.0,,1385.0,1217143.6,15.0,52.0,5.639913232104121,-1.023890784982935,81142.90666666668,878.8040433212997
2026-05-12T05:45:25+00:00,2026-05-12T11:30:25+05:45,2026-05-12,11:30:25,1778564725,1,5,11,nepse_official,OPEN,2026-05-12,KPCL,Kalika power Company Ltd,500.0,500.0,495.0,,495.0,500.0,-5.0,,930.0,461670.0,7.0,5.0,1.0,-1.0,65952.85714285714,496.4193548387097
2026-05-12T05:45:25+00:00,2026-05-12T11:30:25+05:45,2026-05-12,11:30:25,1778564725,1,5,11,nepse_official,OPEN,2026-05-12,KSBBL,Kamana Sewa Bikas Bank Limited,494.0,494.0,481.5,,486.0,485.0,1.0,,195.0,94697.5,4.0,12.5,2.5303643724696356,0.2061855670103093,23674.375,485.62820512820514
2026-05-12T05:45:25+00:00,2026-05-12T11:30:25+05:45,2026-05-12,11:30:25,1778564725,1,5,11,nepse_official,OPEN,2026-05-12,LBBL,Lumbini Bikas Bank Ltd.,494.5,495.0,491.1,,493.9,492.9,1.0,,1774.0,873413.8,23.0,3.8999999999999773,0.7886754297269923,0.2028809089064719,37974.51304347826,492.341488162345
2026-05-12T05:45:25+00:00,2026-05-12T11:30:25+05:45,2026-05-12,11:30:25,1778564725,1,5,11,nepse_official,OPEN,2026-05-12,LEC,Liberty Energy Company Limited,235.0,235.9,229.2,,231.0,232.0,-1.0,,10397.0,2419457.3,37.0,6.700000000000017,2.851063829787241,-0.43103448275862066,65390.737837837834,232.70725209194958
2026-05-12T05:45:25+00:00,2026-05-12T11:30:25+05:45,2026-05-12,11:30:25,1778564725,1,5,11,nepse_official,OPEN,2026-05-12,LICN,Life Insurance Corporation (Nepal) Limited,821.0,828.8,815.0,,815.0,818.0,-3.0,,1037.0,849264.4,10.0,13.799999999999955,1.680876979293539,-0.36674816625916873,84926.44,818.9627772420444
2026-05-12T05:45:25+00:00,2026-05-12T11:30:25+05:45,2026-05-12,11:30:25,1778564725,1,5,11,nepse_official,OPEN,2026-05-12,LLBS,Laxmi Laghubitta Bittiya Sanstha Ltd.,970.0,970.0,968.9,,968.9,951.0,17.899999999999977,,84.0,81469.0,4.0,1.1000000000000227,0.11340206185567245,1.8822292323869587,20367.25,969.8690476190476
2026-05-12T05:45:25+00:00,2026-05-12T11:30:25+05:45,2026-05-12,11:30:25,1778564725,1,5,11,nepse_official,OPEN,2026-05-12,LSL,Laxmi Sunrise Bank Limited,222.0,223.0,217.0,,218.0,220.9,-2.9000000000000057,,7134.0,1564430.9,22.0,6.0,2.7027027027027026,-1.3128112267994592,71110.49545454545,219.2922483880011
2026-05-12T05:45:25+00:00,2026-05-12T11:30:25+05:45,2026-05-12,11:30:25,1778564725,1,5,11,nepse_official,OPEN,2026-05-12,MABEL,Mabilung Energy Limited,685.0,690.0,666.1,,675.9,678.1,-2.2000000000000455,,809.0,549157.3,20.0,23.899999999999977,3.489051094890508,-0.32443592390503545,27457.865,678.8100123609395
2026-05-12T05:45:25+00:00,2026-05-12T11:30:25+05:45,2026-05-12,11:30:25,1778564725,1,5,11,nepse_official,OPEN,2026-05-12,MAKAR,Makar Jitumaya Suri Hydropower Limited,492.7,493.1,492.7,,493.1,492.0,1.1000000000000227,,602.0,296728.4,6.0,0.4000000000000341,0.08118530545971872,0.22357723577236233,49454.73333333334,492.90431893687713
2026-05-12T05:45:25+00:00,2026-05-12T11:30:25+05:45,2026-05-12,11:30:25,1778564725,1,5,11,nepse_official,OPEN,2026-05-12,MANDU,Mandu Hydropower Limited,820.0,820.0,809.1,,809.1,815.0,-5.899999999999977,,90.0,73582.0,5.0,10.899999999999977,1.329268292682924,-0.7239263803680953,14716.4,817.5777777777778
2026-05-12T05:45:25+00:00,2026-05-12T11:30:25+05:45,2026-05-12,11:30:25,1778564725,1,5,11,nepse_official,OPEN,2026-05-12,MBJC,Madhya Bhotekoshi Jalavidyut Company Limited,290.0,290.3,285.3,,290.0,288.0,2.0,,12737.0,3682524.0,54.0,5.0,1.7241379310344827,0.6944444444444444,68194.88888888889,289.1202009892439
2026-05-12T05:45:25+00:00,2026-05-12T11:30:25+05:45,2026-05-12,11:30:25,1778564725,1,5,11,nepse_official,OPEN,2026-05-12,MBL,Machhapuchhre Bank Limited,253.0,254.0,250.4,,251.0,253.0,-2.0,,1966.0,496147.2,16.0,3.5999999999999943,1.4229249011857685,-0.7905138339920948,31009.2,252.36378433367244
2026-05-12T05:45:25+00:00,2026-05-12T11:30:25+05:45,2026-05-12,11:30:25,1778564725,1,5,11,nepse_official,OPEN,2026-05-12,MBLEF,MBL Equity Fund,10.05,10.35,10.05,,10.35,10.02,0.33000000000000007,,200.0,2040.0,2.0,0.29999999999999893,2.9850746268656607,3.2934131736526955,1020.0,10.2
2026-05-12T05:45:25+00:00,2026-05-12T11:30:25+05:45,2026-05-12,11:30:25,1778564725,1,5,11,nepse_official,OPEN,2026-05-12,MCHL,Menchhiyam Hydropower Limited,324.7,326.0,318.0,,319.0,321.0,-2.0,,4111.0,1328873.0,25.0,8.0,2.4638127502309826,-0.6230529595015576,53154.92,323.2481148139139
2026-05-12T05:45:25+00:00,2026-05-12T11:30:25+05:45,2026-05-12,11:30:25,1778564725,1,5,11,nepse_official,OPEN,2026-05-12,MDB,Miteri Development Bank Limited,605.5,605.5,605.5,,605.5,605.0,0.5,,165.0,99907.5,1.0,0.0,0.0,0.08264462809917356,99907.5,605.5
2026-05-12T05:45:25+00:00,2026-05-12T11:30:25+05:45,2026-05-12,11:30:25,1778564725,1,5,11,nepse_official,OPEN,2026-05-12,MEHL,Manakamana Engineering Hydropower Limited,379.0,398.0,379.0,,381.0,386.5,-5.5,,1220.0,469480.0,10.0,19.0,5.013192612137203,-1.423027166882277,46948.0,384.8196721311475
2026-05-12T05:45:25+00:00,2026-05-12T11:30:25+05:45,2026-05-12,11:30:25,1778564725,1,5,11,nepse_official,OPEN,2026-05-12,MEL,Modi Energy Limited,240.0,241.0,235.6,,235.8,239.1,-3.299999999999983,,2756.0,655752.9,27.0,5.400000000000006,2.250000000000002,-1.3801756587201937,24287.144444444446,237.93646589259797
2026-05-12T05:45:25+00:00,2026-05-12T11:30:25+05:45,2026-05-12,11:30:25,1778564725,1,5,11,nepse_official,OPEN,2026-05-12,MEN,Mountain Energy Nepal Limited,618.0,622.9,601.0,,607.0,607.0,0.0,,10593.0,6506486.1,54.0,21.899999999999977,3.5436893203883457,0.0,120490.48333333332,614.2250637213253
2026-05-12T05:45:25+00:00,2026-05-12T11:30:25+05:45,2026-05-12,11:30:25,1778564725,1,5,11,nepse_official,OPEN,2026-05-12,MERO,Mero Microfinance Bittiya Sanstha Ltd.,730.0,732.0,726.0,,726.0,735.0,-9.0,,222.0,161888.0,5.0,6.0,0.821917808219178,-1.2244897959183674,32377.6,729.2252252252252
2026-05-12T05:45:25+00:00,2026-05-12T11:30:25+05:45,2026-05-12,11:30:25,1778564725,1,5,11,nepse_official,OPEN,2026-05-12,MFIL,Manjushree Finance Ltd.,811.0,818.9,808.1,,809.0,818.0,-9.0,,3732.0,3032288.5,23.0,10.799999999999955,1.3316892725030771,-1.1002444987775062,131838.63043478262,812.5103161843516
2026-05-12T05:45:25+00:00,2026-05-12T11:30:25+05:45,2026-05-12,11:30:25,1778564725,1,5,11,nepse_official,OPEN,2026-05-12,MHCL,Molung Hydropower Company Limited,338.0,360.0,338.0,,352.0,355.0,-3.0,,900.0,317141.0,9.0,22.0,6.508875739644971,-0.8450704225352111,35237.88888888889,352.37888888888887
2026-05-12T05:45:25+00:00,2026-05-12T11:30:25+05:45,2026-05-12,11:30:25,1778564725,1,5,11,nepse_official,OPEN,2026-05-12,MHL,Mandakini Hydropower Limited,501.1,508.8,501.0,,508.8,505.0,3.8000000000000114,,530.0,265618.0,6.0,7.800000000000011,1.556575533825586,0.7524752475247547,44269.666666666664,501.16603773584905
2026-05-12T05:45:25+00:00,2026-05-12T11:30:25+05:45,2026-05-12,11:30:25,1778564725,1,5,11,nepse_official,OPEN,2026-05-12,MHNL,Mountain Hydro Nepal Limited,255.4,277.8,255.4,,270.0,268.8,1.1999999999999886,,2259.0,621320.0,31.0,22.400000000000006,8.770555990602977,0.4464285714285672,20042.58064516129,275.0420540061974
2026-05-12T05:45:25+00:00,2026-05-12T11:30:25+05:45,2026-05-12,11:30:25,1778564725,1,5,11,nepse_official,OPEN,2026-05-12,MKCL,Muktinath Krishi Company Limited,1295.0,1305.0,1295.0,,1305.0,1320.0,-15.0,,20.0,26000.0,2.0,10.0,0.7722007722007722,-1.1363636363636365,13000.0,1300.0
2026-05-12T05:45:25+00:00,2026-05-12T11:30:25+05:45,2026-05-12,11:30:25,1778564725,1,5,11,nepse_official,OPEN,2026-05-12,MKHC,Maya Khola Hydropower Company Limited,325.1,326.0,320.0,,320.7,322.0,-1.3000000000000114,,2535.0,821603.0,22.0,6.0,1.845585973546601,-0.4037267080745377,37345.59090909091,324.10374753451674
2026-05-12T05:45:25+00:00,2026-05-12T11:30:25+05:45,2026-05-12,11:30:25,1778564725,1,5,11,nepse_official,OPEN,2026-05-12,MKHL,Mai Khola Hydropower Limited,523.0,525.0,522.0,,522.0,530.0,-8.0,,1680.0,877900.0,8.0,3.0,0.5736137667304015,-1.509433962264151,109737.5,522.5595238095239
2026-05-12T05:45:25+00:00,2026-05-12T11:30:25+05:45,2026-05-12,11:30:25,1778564725,1,5,11,nepse_official,OPEN,2026-05-12,MKJC,Mailung Khola Jal Vidhyut Company Limited,505.0,506.0,493.0,,506.0,500.0,6.0,,1075.0,543105.0,6.0,13.0,2.5742574257425743,1.2,90517.5,505.2139534883721
2026-05-12T05:45:25+00:00,2026-05-12T11:30:25+05:45,2026-05-12,11:30:25,1778564725,1,5,11,nepse_official,OPEN,2026-05-12,MLBBL,Mithila LaghuBitta Bittiya Sanstha Limited,1207.0,1207.0,1200.0,,1200.0,1218.0,-18.0,,530.0,638690.0,8.0,7.0,0.579950289975145,-1.477832512315271,79836.25,1205.0754716981132
2026-05-12T05:45:25+00:00,2026-05-12T11:30:25+05:45,2026-05-12,11:30:25,1778564725,1,5,11,nepse_official,OPEN,2026-05-12,MLBL,Mahalaxmi Bikas Bank Ltd.,377.9,377.9,372.0,,373.5,374.0,-0.5,,124.0,46292.0,7.0,5.899999999999977,1.5612595924847783,-0.1336898395721925,6613.142857142857,373.3225806451613
2026-05-12T05:45:25+00:00,2026-05-12T11:30:25+05:45,2026-05-12,11:30:25,1778564725,1,5,11,nepse_official,OPEN,2026-05-12,MLBS,Manushi Laghubitta Bittiya Sanstha Limited,1308.0,1308.0,1305.0,,1305.0,1270.0,35.0,,30.0,39180.0,3.0,3.0,0.22935779816513763,2.7559055118110236,13060.0,1306.0
2026-05-12T05:45:25+00:00,2026-05-12T11:30:25+05:45,2026-05-12,11:30:25,1778564725,1,5,11,nepse_official,OPEN,2026-05-12,MMF1,Mega Mutual Fund -1,9.79,10.07,9.79,,9.97,9.51,0.46000000000000085,,700.0,6954.0,5.0,0.28000000000000114,2.860061287027591,4.83701366982125,1390.8,9.934285714285714
2026-05-12T05:45:25+00:00,2026-05-12T11:30:25+05:45,2026-05-12,11:30:25,1778564725,1,5,11,nepse_official,OPEN,2026-05-12,MMKJL,Mathillo Mailun Khola Jalvidhyut Limited,491.1,495.0,491.1,,495.0,493.0,2.0,,350.0,172251.0,6.0,3.8999999999999773,0.7941356139279123,0.4056795131845842,28708.5,492.1457142857143
2026-05-12T05:45:25+00:00,2026-05-12T11:30:25+05:45,2026-05-12,11:30:25,1778564725,1,5,11,nepse_official,OPEN,2026-05-12,MNBBL,Muktinath Bikas Bank Ltd.,375.8,379.8,375.8,,378.0,375.8,2.1999999999999886,,2222.0,841873.5,23.0,4.0,1.06439595529537,0.5854177754124503,36603.19565217391,378.88096309630964
2026-05-12T05:45:25+00:00,2026-05-12T11:30:25+05:45,2026-05-12,11:30:25,1778564725,1,5,11,nepse_official,OPEN,2026-05-12,MNMF1,Muktinath Mutual Fund 1,9.9,9.9,9.9,,9.9,9.9,0.0,,100.0,990.0,1.0,0.0,0.0,0.0,990.0,9.9
2026-05-12T05:45:25+00:00,2026-05-12T11:30:25+05:45,2026-05-12,11:30:25,1778564725,1,5,11,nepse_official,OPEN,2026-05-12,MPFL,Multipurpose Finance Company  Limited,643.0,643.0,627.0,,628.0,643.0,-15.0,,760.0,480263.0,8.0,16.0,2.488335925349922,-2.332814930015552,60032.875,631.925
2026-05-12T05:45:25+00:00,2026-05-12T11:30:25+05:45,2026-05-12,11:30:25,1778564725,1,5,11,nepse_official,OPEN,2026-05-12,MSHL,Mid Solu Hydropower Limited,700.0,700.1,700.0,,700.1,709.0,-8.899999999999977,,55.0,38504.5,3.0,0.10000000000002274,0.014285714285717534,-1.255289139633283,12834.833333333334,700.0818181818182
2026-05-12T05:45:25+00:00,2026-05-12T11:30:25+05:45,2026-05-12,11:30:25,1778564725,1,5,11,nepse_official,OPEN,2026-05-12,MSLB,Mahuli Laghubitta Bittiya Sanstha Limited,1245.0,1245.0,1230.2,,1240.0,1245.0,-5.0,,84.0,103637.2,4.0,14.799999999999955,1.1887550200803176,-0.4016064257028112,25909.3,1233.7761904761905
2026-05-12T05:45:25+00:00,2026-05-12T11:30:25+05:45,2026-05-12,11:30:25,1778564725,1,5,11,nepse_official,OPEN,2026-05-12,NABBC,Narayani Development Bank Limited,1060.0,1079.0,1060.0,,1060.0,1054.0,6.0,,80.0,85840.0,4.0,19.0,1.7924528301886793,0.5692599620493358,21460.0,1073.0
2026-05-12T05:45:25+00:00,2026-05-12T11:30:25+05:45,2026-05-12,11:30:25,1778564725,1,5,11,nepse_official,OPEN,2026-05-12,NABIL,Nabil Bank Limited,530.0,533.0,529.0,,529.0,527.0,2.0,,6091.0,3232035.5,86.0,4.0,0.7547169811320755,0.3795066413662239,37581.808139534885,530.6247742571006
2026-05-12T05:45:25+00:00,2026-05-12T11:30:25+05:45,2026-05-12,11:30:25,1778564725,1,5,11,nepse_official,OPEN,2026-05-12,NADEP,Nadep Laghubittiya bittya Sanstha Ltd.,783.0,783.9,783.0,,783.9,771.0,12.899999999999977,,90.0,70515.0,2.0,0.8999999999999773,0.11494252873562928,1.6731517509727598,35257.5,783.5
2026-05-12T05:45:25+00:00,2026-05-12T11:30:25+05:45,2026-05-12,11:30:25,1778564725,1,5,11,nepse_official,OPEN,2026-05-12,NBF3,Nabil Balanced Fund-3,9.73,9.8,9.73,,9.8,9.93,-0.129999999999999,,1300.0,12658.0,4.0,0.07000000000000028,0.7194244604316575,-1.3091641490432933,3164.5,9.736923076923077
2026-05-12T05:45:25+00:00,2026-05-12T11:30:25+05:45,2026-05-12,11:30:25,1778564725,1,5,11,nepse_official,OPEN,2026-05-12,NBL,Nepal Bank Limited,269.8,272.9,266.1,,267.0,269.5,-2.5,,5981.0,1600550.6,29.0,6.7999999999999545,2.520385470719034,-0.927643784786642,55191.4,267.60585186423674
2026-05-12T05:45:25+00:00,2026-05-12T11:30:25+05:45,2026-05-12,11:30:25,1778564725,1,5,11,nepse_official,OPEN,2026-05-12,NFS,Nepal Finance Ltd.,579.0,593.7,579.0,,579.0,579.0,0.0,,1330.0,775187.0,10.0,14.700000000000045,2.5388601036269507,0.0,77518.7,582.8473684210526
2026-05-12T05:45:25+00:00,2026-05-12T11:30:25+05:45,2026-05-12,11:30:25,1778564725,1,5,11,nepse_official,OPEN,2026-05-12,NGPL,Ngadi Group Power Ltd.,455.0,458.0,451.0,,455.0,454.4,0.6000000000000227,,31186.0,14175126.1,133.0,7.0,1.5384615384615385,0.13204225352113177,106579.8954887218,454.5349227217341
2026-05-12T05:45:25+00:00,2026-05-12T11:30:25+05:45,2026-05-12,11:30:25,1778564725,1,5,11,nepse_official,OPEN,2026-05-12,NHDL,Nepal Hydro Developers Ltd.,635.0,635.0,635.0,,635.0,636.9,-1.8999999999999773,,500.0,317500.0,1.0,0.0,0.0,-0.29831998743915483,317500.0,635.0
2026-05-12T05:45:25+00:00,2026-05-12T11:30:25+05:45,2026-05-12,11:30:25,1778564725,1,5,11,nepse_official,OPEN,2026-05-12,NHPC,National Hydro Power Company Limited,300.0,302.0,293.0,,298.0,296.5,1.5,,73570.0,21842265.8,245.0,9.0,3.0,0.5059021922428331,89152.10530612245,296.8909310860405
2026-05-12T05:45:25+00:00,2026-05-12T11:30:25+05:45,2026-05-12,11:30:25,1778564725,1,5,11,nepse_official,OPEN,2026-05-12,NIBSF2,NIBL Samriddhi Fund -2,9.16,9.37,9.1,,9.37,9.16,0.20999999999999908,,1300.0,12112.0,3.0,0.2699999999999996,2.9475982532751046,2.2925764192139635,4037.3333333333335,9.316923076923077
2026-05-12T05:45:25+00:00,2026-05-12T11:30:25+05:45,2026-05-12,11:30:25,1778564725,1,5,11,nepse_official,OPEN,2026-05-12,NICA,NIC Asia Bank Ltd.,364.0,364.9,360.4,,361.0,364.8,-3.8000000000000114,,821.0,298765.4,11.0,4.5,1.2362637362637363,-1.0416666666666696,27160.49090909091,363.9042630937881
2026-05-12T05:45:25+00:00,2026-05-12T11:30:25+05:45,2026-05-12,11:30:25,1778564725,1,5,11,nepse_official,OPEN,2026-05-12,NICAD2091,7% NIC ASIA Debenture 2091,1041.1,1041.1,1041.1,,1041.1,1047.0,-5.900000000000091,,25.0,26027.5,2.0,0.0,0.0,-0.563514804202492,13013.75,1041.1
2026-05-12T05:45:25+00:00,2026-05-12T11:30:25+05:45,2026-05-12,11:30:25,1778564725,1,5,11,nepse_official,OPEN,2026-05-12,NICL,Nepal Insurance Co. Ltd.,494.0,494.0,491.0,,491.0,497.8,-6.800000000000011,,2060.0,1012513.0,11.0,3.0,0.6072874493927125,-1.366010445962236,92046.63636363637,491.5111650485437
2026-05-12T05:45:25+00:00,2026-05-12T11:30:25+05:45,2026-05-12,11:30:25,1778564725,1,5,11,nepse_official,OPEN,2026-05-12,NICLBSL,NIC ASIA Laghubitta Bittiya Sanstha Limited,590.0,592.0,583.0,,590.0,583.0,7.0,,440.0,259051.0,16.0,9.0,1.5254237288135595,1.2006861063464835,16190.6875,588.7522727272727
2026-05-12T05:45:25+00:00,2026-05-12T11:30:25+05:45,2026-05-12,11:30:25,1778564725,1,5,11,nepse_official,OPEN,2026-05-12,NIFRA,Nepal Infrastructure Bank Limited,269.0,270.0,266.1,,266.9,267.2,-0.30000000000001137,,11440.0,3075520.3,94.0,3.8999999999999773,1.4498141263940436,-0.11227544910180068,32718.301063829786,268.83918706293707
2026-05-12T05:45:25+00:00,2026-05-12T11:30:25+05:45,2026-05-12,11:30:25,1778564725,1,5,11,nepse_official,OPEN,2026-05-12,NIMB,Nepal Investment Mega Bank Limited,209.1,209.1,202.0,,202.5,203.1,-0.5999999999999943,,5600.0,1137048.7,39.0,7.099999999999994,3.3955045432807243,-0.2954209748892143,29155.09487179487,203.0444107142857
2026-05-12T05:45:25+00:00,2026-05-12T11:30:25+05:45,2026-05-12,11:30:25,1778564725,1,5,11,nepse_official,OPEN,2026-05-12,NLG,NLG Insurance Company Ltd.,582.0,582.0,582.0,,582.0,580.0,2.0,,259.0,150738.0,3.0,0.0,0.0,0.3448275862068966,50246.0,582.0
2026-05-12T05:45:25+00:00,2026-05-12T11:30:25+05:45,2026-05-12,11:30:25,1778564725,1,5,11,nepse_official,OPEN,2026-05-12,NLIC,Nepal Life Insurance Co. Ltd.,779.8,779.8,770.2,,772.0,770.0,2.0,,833.0,646610.2,17.0,9.599999999999909,1.2310848935624403,0.2597402597402597,38035.894117647054,776.2427370948379
2026-05-12T05:45:25+00:00,2026-05-12T11:30:25+05:45,2026-05-12,11:30:25,1778564725,1,5,11,nepse_official,OPEN,2026-05-12,NLICL,National Life Insurance Co. Ltd.,590.0,590.0,590.0,,590.0,586.0,4.0,,46.0,27140.0,1.0,0.0,0.0,0.6825938566552902,27140.0,590.0
2026-05-12T05:45:25+00:00,2026-05-12T11:30:25+05:45,2026-05-12,11:30:25,1778564725,1,5,11,nepse_official,OPEN,2026-05-12,NMB,NMB Bank Limited,246.0,246.0,243.0,,245.0,244.0,1.0,,959.0,234564.0,20.0,3.0,1.2195121951219512,0.4098360655737705,11728.2,244.59228362877997
2026-05-12T05:45:25+00:00,2026-05-12T11:30:25+05:45,2026-05-12,11:30:25,1778564725,1,5,11,nepse_official,OPEN,2026-05-12,NMBHF2,NMB Hybrid Fund L- II,9.8,9.8,9.8,,9.8,9.88,-0.08000000000000007,,500.0,4900.0,4.0,0.0,0.0,-0.8097165991902842,1225.0,9.8
2026-05-12T05:45:25+00:00,2026-05-12T11:30:25+05:45,2026-05-12,11:30:25,1778564725,1,5,11,nepse_official,OPEN,2026-05-12,NMBMF,NMB  Microfinance Bittiya Sanstha Ltd.,663.6,663.6,663.6,,663.6,657.0,6.600000000000023,,10.0,6636.0,1.0,0.0,0.0,1.0045662100456656,6636.0,663.6
2026-05-12T05:45:25+00:00,2026-05-12T11:30:25+05:45,2026-05-12,11:30:25,1778564725,1,5,11,nepse_official,OPEN,2026-05-12,NMFBS,National Laghubitta Bittiya Sanstha Limited,1120.0,1120.0,1120.0,,1120.0,1120.0,0.0,,2.0,2177.0,2.0,0.0,0.0,0.0,1088.5,1088.5
2026-05-12T05:45:25+00:00,2026-05-12T11:30:25+05:45,2026-05-12,11:30:25,1778564725,1,5,11,nepse_official,OPEN,2026-05-12,NMIC,Nepal Micro Insurance Company Limited,1075.0,1080.9,1045.5,,1045.5,1060.0,-14.5,,1186.0,1253298.5,28.0,35.40000000000009,3.2930232558139623,-1.3679245283018868,44760.66071428572,1056.7440978077573
2026-05-12T05:45:25+00:00,2026-05-12T11:30:25+05:45,2026-05-12,11:30:25,1778564725,1,5,11,nepse_official,OPEN,2026-05-12,NMLBBL,Nerude Mirmire Laghubitta Bittiya Sanstha Limited,620.0,620.0,612.0,,615.0,623.0,-8.0,,250.0,153950.0,4.0,8.0,1.2903225806451613,-1.2841091492776886,38487.5,615.8
2026-05-12T05:45:25+00:00,2026-05-12T11:30:25+05:45,2026-05-12,11:30:25,1778564725,1,5,11,nepse_official,OPEN,2026-05-12,NRIC,Nepal Reinsurance Company Limited,926.0,939.0,922.0,,930.0,921.9,8.100000000000023,,3897.0,3618895.9,71.0,17.0,1.8358531317494602,0.8786202408070315,50970.36478873239,928.6363613035668
2026-05-12T05:45:25+00:00,2026-05-12T11:30:25+05:45,2026-05-12,11:30:25,1778564725,1,5,11,nepse_official,OPEN,2026-05-12,NRM,Nepal Republic Media Limited,410.0,410.0,400.2,,403.0,404.9,-1.8999999999999773,,590.0,237811.0,8.0,9.800000000000011,2.3902439024390274,-0.46925166707828536,29726.375,403.06949152542376
2026-05-12T05:45:25+00:00,2026-05-12T11:30:25+05:45,2026-05-12,11:30:25,1778564725,1,5,11,nepse_official,OPEN,2026-05-12,NRN,NRN Infrastructure and Development Limited,1430.0,1430.0,1415.0,,1420.0,1427.0,-7.0,,9966.0,14168429.2,78.0,15.0,1.048951048951049,-0.4905395935529082,181646.52820512818,1421.676620509733
2026-05-12T05:45:25+00:00,2026-05-12T11:30:25+05:45,2026-05-12,11:30:25,1778564725,1,5,11,nepse_official,OPEN,2026-05-12,NSY,Nepal Life Samriddhi Lagani Yojana,9.18,9.5,9.18,,9.33,9.45,-0.11999999999999922,,63000.0,598384.0,9.0,0.3200000000000003,3.4858387799564303,-1.2698412698412618,66487.11111111111,9.49815873015873
2026-05-12T05:45:25+00:00,2026-05-12T11:30:25+05:45,2026-05-12,11:30:25,1778564725,1,5,11,nepse_official,OPEN,2026-05-12,NTC,Nepal Doorsanchar Company Limited,890.0,908.0,890.0,,896.0,890.0,6.0,,1832.0,1642975.5,39.0,18.0,2.0224719101123596,0.6741573033707865,42127.57692307692,896.8206877729258
2026-05-12T05:45:25+00:00,2026-05-12T11:30:25+05:45,2026-05-12,11:30:25,1778564725,1,5,11,nepse_official,OPEN,2026-05-12,NWCL,Nepal Warehousing Company Limited ,802.1,804.1,802.1,,804.1,811.0,-6.899999999999977,,30.0,24103.0,3.0,2.0,0.24934546814611644,-0.8508014796547444,8034.333333333333,803.4333333333333
2026-05-12T05:45:25+00:00,2026-05-12T11:30:25+05:45,2026-05-12,11:30:25,1778564725,1,5,11,nepse_official,OPEN,2026-05-12,NYADI,Nyadi Hydropower Limited,391.0,391.0,391.0,,391.0,391.5,-0.5,,40.0,15640.0,4.0,0.0,0.0,-0.1277139208173691,3910.0,391.0
2026-05-12T05:45:25+00:00,2026-05-12T11:30:25+05:45,2026-05-12,11:30:25,1778564725,1,5,11,nepse_official,OPEN,2026-05-12,OHL,Oriental Hotels Limited,700.0,701.1,700.0,,701.1,700.0,1.1000000000000227,,111.0,77712.1,3.0,1.1000000000000227,0.15714285714286041,0.15714285714286041,25904.033333333336,700.109009009009
2026-05-12T05:45:25+00:00,2026-05-12T11:30:25+05:45,2026-05-12,11:30:25,1778564725,1,5,11,nepse_official,OPEN,2026-05-12,OMPL,Om Megashree Pharmaceuticals Limited,1199.9,1199.9,1177.0,,1178.0,1187.0,-9.0,,430.0,512875.0,10.0,22.90000000000009,1.908492374364538,-0.7582139848357203,51287.5,1192.7325581395348
2026-05-12T05:45:25+00:00,2026-05-12T11:30:25+05:45,2026-05-12,11:30:25,1778564725,1,5,11,nepse_official,OPEN,2026-05-12,PCBL,Prime Commercial Bank Ltd.,243.0,243.0,240.0,,241.5,241.0,0.5,,6760.0,1629482.9,23.0,3.0,1.2345679012345678,0.2074688796680498,70847.08260869565,241.04776627218934
2026-05-12T05:45:25+00:00,2026-05-12T11:30:25+05:45,2026-05-12,11:30:25,1778564725,1,5,11,nepse_official,OPEN,2026-05-12,PCIL,Palpa Cement Industries Limited,892.0,901.0,885.0,,887.0,892.0,-5.0,,7079.0,6311753.0,380.0,16.0,1.7937219730941705,-0.5605381165919282,16609.876315789475,891.6164712530018
2026-05-12T05:45:25+00:00,2026-05-12T11:30:25+05:45,2026-05-12,11:30:25,1778564725,1,5,11,nepse_official,OPEN,2026-05-12,PFL,Pokhara Finance Ltd.,387.9,387.9,385.0,,386.0,382.7,3.3000000000000114,,521.0,202046.0,4.0,2.8999999999999773,0.7476153647847326,0.8622942252417066,50511.5,387.8042226487524
2026-05-12T05:45:25+00:00,2026-05-12T11:30:25+05:45,2026-05-12,11:30:25,1778564725,1,5,11,nepse_official,OPEN,2026-05-12,PHCL,Peoples Hydropower Company Limited,322.0,322.0,312.0,,315.9,315.0,0.8999999999999773,,7554.0,2373723.5,60.0,10.0,3.1055900621118013,0.28571428571427854,39562.058333333334,314.2339819962934
2026-05-12T05:45:25+00:00,2026-05-12T11:30:25+05:45,2026-05-12,11:30:25,1778564725,1,5,11,nepse_official,OPEN,2026-05-12,PMHPL,Panchakanya Mai Hydropower Ltd,344.8,344.8,341.1,,341.1,344.8,-3.6999999999999886,,70.0,23959.0,4.0,3.6999999999999886,1.073085846867746,-1.073085846867746,5989.75,342.27142857142854
2026-05-12T05:45:25+00:00,2026-05-12T11:30:25+05:45,2026-05-12,11:30:25,1778564725,1,5,11,nepse_official,OPEN,2026-05-12,PMLI,Prabhu Mahalaxmi Life Insurance Limited,468.0,470.0,468.0,,470.0,468.0,2.0,,465.0,218474.7,9.0,2.0,0.4273504273504274,0.4273504273504274,24274.966666666667,469.83806451612907
2026-05-12T05:45:25+00:00,2026-05-12T11:30:25+05:45,2026-05-12,11:30:25,1778564725,1,5,11,nepse_official,OPEN,2026-05-12,PPCL,Panchthar Power Compant Limited,407.8,407.8,383.8,,388.2,388.4,-0.19999999999998863,,534.0,207798.8,6.0,24.0,5.885237861696909,-0.051493305870233944,34633.13333333333,389.136329588015
2026-05-12T05:45:25+00:00,2026-05-12T11:30:25+05:45,2026-05-12,11:30:25,1778564725,1,5,11,nepse_official,OPEN,2026-05-12,PPL,People's Power Limited,375.9,375.9,351.2,,355.0,358.0,-3.0,,8891.0,3157032.1,23.0,24.69999999999999,6.57089651503059,-0.8379888268156425,137262.2652173913,355.0817793274098
2026-05-12T05:45:25+00:00,2026-05-12T11:30:25+05:45,2026-05-12,11:30:25,1778564725,1,5,11,nepse_official,OPEN,2026-05-12,PRIN,Prabhu Insurance Ltd.,650.0,650.0,650.0,,650.0,650.6,-0.6000000000000227,,97.0,63050.0,1.0,0.0,0.0,-0.09222256378727678,63050.0,650.0
2026-05-12T05:45:25+00:00,2026-05-12T11:30:25+05:45,2026-05-12,11:30:25,1778564725,1,5,11,nepse_official,OPEN,2026-05-12,PROFL,Progressive Finance Limited,448.0,448.0,445.0,,447.5,448.9,-1.3999999999999773,,454.0,202905.0,5.0,3.0,0.6696428571428571,-0.31187346847849795,40581.0,446.9273127753304
2026-05-12T05:45:25+00:00,2026-05-12T11:30:25+05:45,2026-05-12,11:30:25,1778564725,1,5,11,nepse_official,OPEN,2026-05-12,PRVU,Prabhu  Bank Limited,205.0,205.0,202.0,,203.0,203.0,0.0,,17470.0,3547902.9,60.0,3.0,1.4634146341463417,0.0,59131.715,203.08545506582712
2026-05-12T05:45:25+00:00,2026-05-12T11:30:25+05:45,2026-05-12,11:30:25,1778564725,1,5,11,nepse_official,OPEN,2026-05-12,PURE,Pure Energy Limited,980.0,990.0,965.0,,984.0,990.0,-6.0,,2712.0,2647921.0,40.0,25.0,2.5510204081632653,-0.6060606060606061,66198.025,976.3720501474926
2026-05-12T05:45:25+00:00,2026-05-12T11:30:25+05:45,2026-05-12,11:30:25,1778564725,1,5,11,nepse_official,OPEN,2026-05-12,RADHI,Radhi Bidyut Company Ltd,745.0,788.0,745.0,,779.0,780.0,-1.0,,6911.0,5346720.1,33.0,43.0,5.771812080536913,-0.1282051282051282,162021.8212121212,773.6536101866589
2026-05-12T05:45:25+00:00,2026-05-12T11:30:25+05:45,2026-05-12,11:30:25,1778564725,1,5,11,nepse_official,OPEN,2026-05-12,RAWA,Rawa Energy Development Limited,590.0,620.0,590.0,,600.0,607.0,-7.0,,139.0,83625.0,6.0,30.0,5.084745762711865,-1.1532125205930808,13937.5,601.6187050359712
2026-05-12T05:45:25+00:00,2026-05-12T11:30:25+05:45,2026-05-12,11:30:25,1778564725,1,5,11,nepse_official,OPEN,2026-05-12,RBBD2088,7% RBBL Debenture 2088,1060.1,1157.0,1060.1,,1157.0,1060.1,96.90000000000009,,29.0,33130.3,3.0,96.90000000000009,9.140647108763334,9.140647108763334,11043.433333333334,1142.4241379310347
2026-05-12T05:45:25+00:00,2026-05-12T11:30:25+05:45,2026-05-12,11:30:25,1778564725,1,5,11,nepse_official,OPEN,2026-05-12,RBBF40,RBB Focus 40,9.34,9.34,9.34,,9.34,9.6,-0.2599999999999998,,100.0,934.0,1.0,0.0,0.0,-2.7083333333333313,934.0,9.34
2026-05-12T05:45:25+00:00,2026-05-12T11:30:25+05:45,2026-05-12,11:30:25,1778564725,1,5,11,nepse_official,OPEN,2026-05-12,RBCL,Rastriya Beema Company Limited,15200.3,15200.3,15200.3,,15200.3,15505.0,-304.7000000000007,,20.0,304006.0,1.0,0.0,0.0,-1.9651725249919427,304006.0,15200.3
2026-05-12T05:45:25+00:00,2026-05-12T11:30:25+05:45,2026-05-12,11:30:25,1778564725,1,5,11,nepse_official,OPEN,2026-05-12,RFPL,River Falls Power Limited,379.0,385.0,375.5,,383.4,379.0,4.399999999999977,,1840.0,703091.2,15.0,9.5,2.5065963060686016,1.1609498680738728,46872.746666666666,382.11478260869563
2026-05-12T05:45:25+00:00,2026-05-12T11:30:25+05:45,2026-05-12,11:30:25,1778564725,1,5,11,nepse_official,OPEN,2026-05-12,RHGCL,Rapti Hydro And General Construction Limited,287.0,309.9,287.0,,302.0,301.9,0.10000000000002274,,4905.0,1490832.2,27.0,22.899999999999977,7.979094076655044,0.03312355084465808,55216.00740740741,303.9413251783894
2026-05-12T05:45:25+00:00,2026-05-12T11:30:25+05:45,2026-05-12,11:30:25,1778564725,1,5,11,nepse_official,OPEN,2026-05-12,RHPL,RASUWAGADHI HYDROPOWER COMPANY LIMITED,288.0,288.0,287.5,,287.5,287.0,0.5,,1879.0,540222.5,11.0,0.5,0.1736111111111111,0.17421602787456447,49111.13636363636,287.50532197977645
2026-05-12T05:45:25+00:00,2026-05-12T11:30:25+05:45,2026-05-12,11:30:25,1778564725,1,5,11,nepse_official,OPEN,2026-05-12,RIDI,Ridi Power Company Limited,373.3,373.3,353.0,,359.0,355.6,3.3999999999999773,,148404.0,53049984.3,181.0,20.30000000000001,5.43798553442272,0.9561304836895324,293093.8359116022,357.47004326028946
2026-05-12T05:45:25+00:00,2026-05-12T11:30:25+05:45,2026-05-12,11:30:25,1778564725,1,5,11,nepse_official,OPEN,2026-05-12,RLEL,Ridge Line Energy Limited,1198.0,1198.0,1133.0,,1160.0,1168.0,-8.0,,936.0,1086878.0,44.0,65.0,5.425709515859766,-0.684931506849315,24701.772727272728,1161.1944444444443
2026-05-12T05:45:25+00:00,2026-05-12T11:30:25+05:45,2026-05-12,11:30:25,1778564725,1,5,11,nepse_official,OPEN,2026-05-12,RLFL,Reliance Finance Ltd.,448.0,448.5,442.1,,442.1,441.9,0.20000000000004547,,1440.0,643319.0,11.0,6.399999999999977,1.4285714285714235,0.0452591083955749,58483.545454545456,446.74930555555557
2026-05-12T05:45:25+00:00,2026-05-12T11:30:25+05:45,2026-05-12,11:30:25,1778564725,1,5,11,nepse_official,OPEN,2026-05-12,RNLI,Reliable Nepal Life Insurance Limited,466.0,466.0,464.0,,464.0,467.0,-3.0,,277.0,128643.5,20.0,2.0,0.4291845493562232,-0.6423982869379015,6432.175,464.41696750902526
2026-05-12T05:45:25+00:00,2026-05-12T11:30:25+05:45,2026-05-12,11:30:25,1778564725,1,5,11,nepse_official,OPEN,2026-05-12,RSDC,RSDC Laghubitta Bittiya Sanstha Ltd.,695.0,695.0,675.0,,675.0,675.0,0.0,,400.0,270450.0,7.0,20.0,2.877697841726619,0.0,38635.71428571428,676.125
2026-05-12T05:45:25+00:00,2026-05-12T11:30:25+05:45,2026-05-12,11:30:25,1778564725,1,5,11,nepse_official,OPEN,2026-05-12,RSML,Reliance Spinning Mills Limited,3899.0,3940.0,3850.0,,3865.0,3825.0,40.0,,9846.0,38438806.0,125.0,90.0,2.308284175429597,1.045751633986928,307510.448,3904.0022344099125
2026-05-12T05:45:25+00:00,2026-05-12T11:30:25+05:45,2026-05-12,11:30:25,1778564725,1,5,11,nepse_official,OPEN,2026-05-12,RSY,Reliable Samriddhi Yojana,10.0,10.2,10.0,,10.2,10.13,0.06999999999999851,,300.0,3023.0,3.0,0.1999999999999993,1.9999999999999927,0.6910167818361155,1007.6666666666666,10.076666666666666
2026-05-12T05:45:25+00:00,2026-05-12T11:30:25+05:45,2026-05-12,11:30:25,1778564725,1,5,11,nepse_official,OPEN,2026-05-12,RURU,Ru Ru Jalbidhyut Pariyojana Limited,658.0,670.0,656.0,,659.0,658.0,1.0,,199.0,131146.0,6.0,14.0,2.127659574468085,0.1519756838905775,21857.666666666668,659.0251256281407
2026-05-12T05:45:25+00:00,2026-05-12T11:30:25+05:45,2026-05-12,11:30:25,1778564725,1,5,11,nepse_official,OPEN,2026-05-12,SABBL,Salapa Bikas Bank Limited,1319.0,1320.0,1282.0,,1290.9,1309.9,-19.0,,2226.0,2881777.0,65.0,38.0,2.8809704321455647,-1.450492404000305,44335.03076923077,1294.5988319856244
2026-05-12T05:45:25+00:00,2026-05-12T11:30:25+05:45,2026-05-12,11:30:25,1778564725,1,5,11,nepse_official,OPEN,2026-05-12,SADBL,Shangrila Development Bank Ltd.,423.5,423.5,418.0,,422.9,421.9,1.0,,666.0,278562.0,6.0,5.5,1.2987012987012987,0.23702299123014933,46427.0,418.26126126126127
2026-05-12T05:45:25+00:00,2026-05-12T11:30:25+05:45,2026-05-12,11:30:25,1778564725,1,5,11,nepse_official,OPEN,2026-05-12,SAGAR,Sagar Distillery Limited,1725.0,1750.0,1720.0,,1731.1,1725.0,6.099999999999909,,1400.0,2419735.0,30.0,30.0,1.7391304347826086,0.3536231884057918,80657.83333333333,1728.3821428571428
2026-05-12T05:45:25+00:00,2026-05-12T11:30:25+05:45,2026-05-12,11:30:25,1778564725,1,5,11,nepse_official,OPEN,2026-05-12,SAHAS,Sahas Urja Limited,645.9,654.9,643.2,,648.0,644.0,4.0,,21055.0,13627242.6,194.0,11.699999999999932,1.811425917324653,0.6211180124223602,70243.51855670103,647.2212111137496
2026-05-12T05:45:25+00:00,2026-05-12T11:30:25+05:45,2026-05-12,11:30:25,1778564725,1,5,11,nepse_official,OPEN,2026-05-12,SAIL,Shreenagar Agritech Industries Limited,1184.0,1190.0,1150.0,,1163.1,1163.0,0.09999999999990905,,13165.0,15296316.1,84.0,40.0,3.3783783783783785,0.008598452278582034,182099.00119047618,1161.8926015951386
2026-05-12T05:45:25+00:00,2026-05-12T11:30:25+05:45,2026-05-12,11:30:25,1778564725,1,5,11,nepse_official,OPEN,2026-05-12,SANIMA,Sanima Bank Limited,367.0,367.0,361.5,,364.0,364.8,-0.8000000000000114,,5869.0,2141644.6,43.0,5.5,1.4986376021798364,-0.2192982456140382,49805.68837209303,364.90792298517636
2026-05-12T05:45:25+00:00,2026-05-12T11:30:25+05:45,2026-05-12,11:30:25,1778564725,1,5,11,nepse_official,OPEN,2026-05-12,SANVI,Sanvi Energy Limited,706.1,711.0,700.0,,704.0,706.1,-2.1000000000000227,,700.0,494356.0,20.0,11.0,1.5578529953264408,-0.29740829910777833,24717.8,706.2228571428572
2026-05-12T05:45:25+00:00,2026-05-12T11:30:25+05:45,2026-05-12,11:30:25,1778564725,1,5,11,nepse_official,OPEN,2026-05-12,SAPDBL,Saptakoshi Development Bank Ltd,808.1,814.0,805.0,,805.0,805.1,-0.10000000000002274,,2440.0,1980283.0,35.0,9.0,1.1137235490657098,-0.01242081728978049,56579.514285714286,811.5913934426229
2026-05-12T05:45:25+00:00,2026-05-12T11:30:25+05:45,2026-05-12,11:30:25,1778564725,1,5,11,nepse_official,OPEN,2026-05-12,SARBTM,Sarbottam Cement Limited,865.0,865.0,855.0,,859.0,860.0,-1.0,,420.0,360000.0,5.0,10.0,1.1560693641618496,-0.11627906976744186,72000.0,857.1428571428571
2026-05-12T05:45:25+00:00,2026-05-12T11:30:25+05:45,2026-05-12,11:30:25,1778564725,1,5,11,nepse_official,OPEN,2026-05-12,SBI,Nepal SBI Bank Limited,399.0,404.9,398.1,,404.9,402.7,2.1999999999999886,,80.0,31925.0,3.0,6.7999999999999545,1.7042606516290613,0.5463123913583284,10641.666666666666,399.0625
2026-05-12T05:45:25+00:00,2026-05-12T11:30:25+05:45,2026-05-12,11:30:25,1778564725,1,5,11,nepse_official,OPEN,2026-05-12,SBL,Siddhartha Bank Limited,398.5,398.5,394.3,,394.3,395.1,-0.8000000000000114,,2906.0,1152039.2,18.0,4.199999999999989,1.053952321204514,-0.20248038471273383,64002.177777777775,396.4346868547832
2026-05-12T05:45:25+00:00,2026-05-12T11:30:25+05:45,2026-05-12,11:30:25,1778564725,1,5,11,nepse_official,OPEN,2026-05-12,SBLD89,10.75% SBL Debenture 2089,1250.0,1250.0,1250.0,,1250.0,1220.0,30.0,,66.0,82537.5,3.0,0.0,0.0,2.459016393442623,27512.5,1250.5681818181818
2026-05-12T05:45:25+00:00,2026-05-12T11:30:25+05:45,2026-05-12,11:30:25,1778564725,1,5,11,nepse_official,OPEN,2026-05-12,SCB,Standard Chartered Bank Limited,646.1,650.0,646.0,,646.0,645.2,0.7999999999999545,,2393.0,1550449.0,20.0,4.0,0.6190992106485064,0.12399256044636617,77522.45,647.9101546176348
2026-05-12T05:45:25+00:00,2026-05-12T11:30:25+05:45,2026-05-12,11:30:25,1778564725,1,5,11,nepse_official,OPEN,2026-05-12,SEF,Siddhartha Equity Fund,10.1,10.2,10.0,,10.2,10.14,0.05999999999999872,,7000.0,71160.4,3.0,0.1999999999999993,1.9801980198019733,0.5917159763313483,23720.13333333333,10.165771428571428
2026-05-12T05:45:25+00:00,2026-05-12T11:30:25+05:45,2026-05-12,11:30:25,1778564725,1,5,11,nepse_official,OPEN,2026-05-12,SFCL,Samriddhi Finance Company Limited,390.0,390.0,385.0,,385.0,385.0,0.0,,335.0,130375.0,5.0,5.0,1.282051282051282,0.0,26075.0,389.17910447761193
2026-05-12T05:45:25+00:00,2026-05-12T11:30:25+05:45,2026-05-12,11:30:25,1778564725,1,5,11,nepse_official,OPEN,2026-05-12,SGHC,Swet-Ganga Hydropower & Construction Limited ,374.0,380.0,371.0,,374.0,374.0,0.0,,1392.0,521123.7,16.0,9.0,2.406417112299465,0.0,32570.23125,374.37047413793107
2026-05-12T05:45:25+00:00,2026-05-12T11:30:25+05:45,2026-05-12,11:30:25,1778564725,1,5,11,nepse_official,OPEN,2026-05-12,SGIC,Sanima GIC Insurance Limited,460.0,471.0,460.0,,465.0,468.0,-3.0,,2121.0,992154.0,14.0,11.0,2.391304347826087,-0.641025641025641,70868.14285714286,467.7765205091938
2026-05-12T05:45:25+00:00,2026-05-12T11:30:25+05:45,2026-05-12,11:30:25,1778564725,1,5,11,nepse_official,OPEN,2026-05-12,SHEL,Singati Hydro Energy Limited,317.1,318.0,315.2,,317.0,317.2,-0.19999999999998863,,11565.0,3664625.0,35.0,2.8000000000000114,0.8830022075055223,-0.06305170239596111,104703.57142857143,316.872027669693
2026-05-12T05:45:25+00:00,2026-05-12T11:30:25+05:45,2026-05-12,11:30:25,1778564725,1,5,11,nepse_official,OPEN,2026-05-12,SHINE,Shine Resunga Development Bank Ltd.,412.0,413.0,410.0,,412.8,413.5,-0.6999999999999886,,1755.0,721344.0,13.0,3.0,0.7281553398058253,-0.1692865779927421,55488.0,411.02222222222224
2026-05-12T05:45:25+00:00,2026-05-12T11:30:25+05:45,2026-05-12,11:30:25,1778564725,1,5,11,nepse_official,OPEN,2026-05-12,SHIVM,SHIVAM CEMENTS LTD,697.0,697.0,686.4,,691.7,692.0,-0.2999999999999545,,34482.0,23764998.9,142.0,10.600000000000023,1.5208034433285542,-0.04335260115606279,167359.14718309857,689.200130502871
2026-05-12T05:45:25+00:00,2026-05-12T11:30:25+05:45,2026-05-12,11:30:25,1778564725,1,5,11,nepse_official,OPEN,2026-05-12,SHL,Soaltee Hotel Limited,500.0,504.0,490.0,,504.0,500.8,3.1999999999999886,,673.0,337118.4,7.0,14.0,2.8000000000000003,0.6389776357827454,48159.77142857143,500.9188707280832
2026-05-12T05:45:25+00:00,2026-05-12T11:30:25+05:45,2026-05-12,11:30:25,1778564725,1,5,11,nepse_official,OPEN,2026-05-12,SHPC,Sanima Mai Hydropower Ltd.,553.2,553.2,521.0,,525.0,526.9,-1.8999999999999773,,5910.0,3087188.0,31.0,32.200000000000045,5.820679681851057,-0.3605997342949283,99586.70967741935,522.3668358714044
2026-05-12T05:45:25+00:00,2026-05-12T11:30:25+05:45,2026-05-12,11:30:25,1778564725,1,5,11,nepse_official,OPEN,2026-05-12,SICL,Shikhar Insurance Co. Ltd.,625.5,625.5,610.6,,624.9,615.0,9.899999999999977,,533.0,328237.7,13.0,14.899999999999977,2.382094324540364,1.609756097560972,25249.053846153845,615.8305816135085
2026-05-12T05:45:25+00:00,2026-05-12T11:30:25+05:45,2026-05-12,11:30:25,1778564725,1,5,11,nepse_official,OPEN,2026-05-12,SIFC,Shree Investment Finance Co. Ltd.,540.0,540.0,530.0,,533.7,544.0,-10.299999999999955,,310.0,165337.0,3.0,10.0,1.8518518518518516,-1.893382352941168,55112.333333333336,533.3451612903226
2026-05-12T05:45:25+00:00,2026-05-12T11:30:25+05:45,2026-05-12,11:30:25,1778564725,1,5,11,nepse_official,OPEN,2026-05-12,SIKLES,Sikles Hydropower Limited,609.7,609.7,592.0,,592.0,592.0,0.0,,313.0,185726.0,7.0,17.700000000000045,2.903067082171567,0.0,26532.285714285714,593.373801916933
2026-05-12T05:45:25+00:00,2026-05-12T11:30:25+05:45,2026-05-12,11:30:25,1778564725,1,5,11,nepse_official,OPEN,2026-05-12,SINDU,Sindhu Bikash Bank Ltd,713.1,718.9,713.1,,715.0,712.0,3.0,,1300.0,929260.0,17.0,5.7999999999999545,0.813350161267698,0.42134831460674155,54662.35294117647,714.8153846153846
2026-05-12T05:45:25+00:00,2026-05-12T11:30:25+05:45,2026-05-12,11:30:25,1778564725,1,5,11,nepse_official,OPEN,2026-05-12,SIPD,Shikhar power Development Limited,867.0,896.0,867.0,,870.2,867.3,2.900000000000091,,3470.0,3046115.7,189.0,29.0,3.3448673587081887,0.3343710365502238,16117.014285714287,877.8431412103747
2026-05-12T05:45:25+00:00,2026-05-12T11:30:25+05:45,2026-05-12,11:30:25,1778564725,1,5,11,nepse_official,OPEN,2026-05-12,SJCL,SANJEN JALAVIDHYUT COMPANY LIMITED,319.0,320.3,312.0,,312.1,316.9,-4.7999999999999545,,4228.0,1335978.2,42.0,8.300000000000011,2.6018808777429503,-1.5146733985484238,31809.004761904762,315.98349101229894
2026-05-12T05:45:25+00:00,2026-05-12T11:30:25+05:45,2026-05-12,11:30:25,1778564725,1,5,11,nepse_official,OPEN,2026-05-12,SJLIC,SuryaJyoti Life Insurance Company Limited,433.0,444.0,433.0,,433.6,434.6,-1.0,,1280.0,560426.0,19.0,11.0,2.5404157043879905,-0.23009664058904739,29496.105263157893,437.8328125
2026-05-12T05:45:25+00:00,2026-05-12T11:30:25+05:45,2026-05-12,11:30:25,1778564725,1,5,11,nepse_official,OPEN,2026-05-12,SKBBL,Sana Kisan Bikas Laghubitta Bittiya Sanstha Limited,784.0,784.9,775.0,,775.0,779.9,-4.899999999999977,,1658.0,1294267.8,24.0,9.899999999999977,1.2627551020408134,-0.628285677650978,53927.825000000004,780.6199034981906
2026-05-12T05:45:25+00:00,2026-05-12T11:30:25+05:45,2026-05-12,11:30:25,1778564725,1,5,11,nepse_official,OPEN,2026-05-12,SKHEL,Suryakunda Hydro Electric Limited,1417.5,1417.5,1300.0,,1327.0,1350.0,-23.0,,1130.0,1503665.0,52.0,117.5,8.289241622574956,-1.7037037037037037,28916.634615384617,1330.6769911504425
2026-05-12T05:45:25+00:00,2026-05-12T11:30:25+05:45,2026-05-12,11:30:25,1778564725,1,5,11,nepse_official,OPEN,2026-05-12,SKHL,Super Khudi Hydropower Limited,950.0,956.0,940.0,,955.0,956.0,-1.0,,2610.0,2459903.0,65.0,16.0,1.6842105263157894,-0.10460251046025104,37844.661538461536,942.491570881226
2026-05-12T05:45:25+00:00,2026-05-12T11:30:25+05:45,2026-05-12,11:30:25,1778564725,1,5,11,nepse_official,OPEN,2026-05-12,SLBBL,Swarojgar Laghubitta Bittiya Sanstha Ltd.,832.9,836.0,828.0,,836.0,832.9,3.1000000000000227,,501.0,416148.2,5.0,8.0,0.9604994597190539,0.37219354064113613,83229.64,830.635129740519
2026-05-12T05:45:25+00:00,2026-05-12T11:30:25+05:45,2026-05-12,11:30:25,1778564725,1,5,11,nepse_official,OPEN,2026-05-12,SLBSL,Samudayik Laghubitta Bittiya Sanstha Limited,1240.0,1240.0,1220.0,,1220.0,1257.0,-37.0,,183.0,224200.0,5.0,20.0,1.6129032258064515,-2.94351630867144,44840.0,1225.136612021858
2026-05-12T05:45:25+00:00,2026-05-12T11:30:25+05:45,2026-05-12,11:30:25,1778564725,1,5,11,nepse_official,OPEN,2026-05-12,SLCF,Sanima Large Cap Fund,9.8,9.8,9.8,,9.8,9.95,-0.14999999999999858,,200.0,1960.0,1.0,0.0,0.0,-1.507537688442197,1960.0,9.8
2026-05-12T05:45:25+00:00,2026-05-12T11:30:25+05:45,2026-05-12,11:30:25,1778564725,1,5,11,nepse_official,OPEN,2026-05-12,SMATA,Samata Gharelu Laghubitta Bittiya Sanstha Limited,793.0,799.0,770.0,,775.0,778.6,-3.6000000000000227,,2017.0,1588681.9,29.0,29.0,3.6569987389659517,-0.462368353454922,54782.134482758614,787.6459593455627
2026-05-12T05:45:25+00:00,2026-05-12T11:30:25+05:45,2026-05-12,11:30:25,1778564725,1,5,11,nepse_official,OPEN,2026-05-12,SMB,Support Microfinance Bittiya Sanstha Ltd.,1761.0,1761.0,1761.0,,1761.0,1769.0,-8.0,,35.0,61635.0,2.0,0.0,0.0,-0.4522328999434709,30817.5,1761.0
2026-05-12T05:45:25+00:00,2026-05-12T11:30:25+05:45,2026-05-12,11:30:25,1778564725,1,5,11,nepse_official,OPEN,2026-05-12,SMFBS,Swabhimaan Laghubitta Bittiya Sanstha Limited,1590.0,1590.0,1570.0,,1570.0,1624.9,-54.90000000000009,,448.0,705231.5,7.0,20.0,1.257861635220126,-3.3786694565819486,100747.35714285714,1574.177455357143
2026-05-12T05:45:25+00:00,2026-05-12T11:30:25+05:45,2026-05-12,11:30:25,1778564725,1,5,11,nepse_official,OPEN,2026-05-12,SMH,Super Mai Hydropower Limited,590.0,592.0,580.0,,591.0,582.0,9.0,,1936.0,1127908.0,20.0,12.0,2.0338983050847457,1.5463917525773196,56395.4,582.5971074380166
2026-05-12T05:45:25+00:00,2026-05-12T11:30:25+05:45,2026-05-12,11:30:25,1778564725,1,5,11,nepse_official,OPEN,2026-05-12,SMHL,Super Madi Hydropower Limited,512.0,515.0,504.0,,506.1,511.4,-5.2999999999999545,,13502.0,6859572.4,50.0,11.0,2.1484375,-1.0363707469690957,137191.448,508.0412087098208
2026-05-12T05:45:25+00:00,2026-05-12T11:30:25+05:45,2026-05-12,11:30:25,1778564725,1,5,11,nepse_official,OPEN,2026-05-12,SMJC,Sagarmatha Jalabidhyut Company Limited,448.0,453.0,447.0,,448.5,453.0,-4.5,,2024.0,907326.5,14.0,6.0,1.3392857142857142,-0.9933774834437087,64809.03571428572,448.2838438735178
2026-05-12T05:45:25+00:00,2026-05-12T11:30:25+05:45,2026-05-12,11:30:25,1778564725,1,5,11,nepse_official,OPEN,2026-05-12,SMPDA,Sampada Laghubitta Bittiya Sanstha Limited,874.0,874.0,850.0,,850.0,850.0,0.0,,107.0,92035.0,4.0,24.0,2.745995423340961,0.0,23008.75,860.1401869158879
2026-05-12T05:45:25+00:00,2026-05-12T11:30:25+05:45,2026-05-12,11:30:25,1778564725,1,5,11,nepse_official,OPEN,2026-05-12,SNLI,Sun Nepal Life Insurance Company Limited,458.0,458.0,450.1,,452.0,455.3,-3.3000000000000114,,591.0,268677.1,28.0,7.899999999999977,1.7248908296943182,-0.7247968372501672,9595.610714285713,454.61438240270724
2026-05-12T05:45:25+00:00,2026-05-12T11:30:25+05:45,2026-05-12,11:30:25,1778564725,1,5,11,nepse_official,OPEN,2026-05-12,SOHL,Solu Hydropower Limited,721.0,728.0,715.5,,724.0,721.0,3.0,,11775.0,8516818.5,259.0,12.5,1.7337031900138695,0.4160887656033287,32883.46911196911,723.2966878980892
2026-05-12T05:45:25+00:00,2026-05-12T11:30:25+05:45,2026-05-12,11:30:25,1778564725,1,5,11,nepse_official,OPEN,2026-05-12,SONA,Sonapur Minerals And Oil Limited,445.0,446.0,441.2,,442.5,443.9,-1.3999999999999773,,2960.0,1312759.0,32.0,4.800000000000011,1.078651685393261,-0.31538634827663375,41023.71875,443.49966216216217
2026-05-12T05:45:25+00:00,2026-05-12T11:30:25+05:45,2026-05-12,11:30:25,1778564725,1,5,11,nepse_official,OPEN,2026-05-12,SPDL,Synergy Power Development Ltd.,417.0,417.0,406.1,,411.9,409.0,2.8999999999999773,,3687.0,1511097.6,21.0,10.899999999999977,2.6139088729016735,0.7090464547677205,71957.02857142857,409.84475183075676
2026-05-12T05:45:25+00:00,2026-05-12T11:30:25+05:45,2026-05-12,11:30:25,1778564725,1,5,11,nepse_official,OPEN,2026-05-12,SPHL,Sayapatri Hydropower Limited,530.0,530.0,515.0,,526.0,519.0,7.0,,1020.0,525570.0,5.0,15.0,2.8301886792452833,1.348747591522158,105114.0,515.2647058823529
2026-05-12T05:45:25+00:00,2026-05-12T11:30:25+05:45,2026-05-12,11:30:25,1778564725,1,5,11,nepse_official,OPEN,2026-05-12,SPIL,Siddhartha Premier Insurance Limited,696.1,696.1,696.0,,696.0,715.0,-19.0,,70.0,48722.0,2.0,0.10000000000002274,0.014365752047122931,-2.6573426573426575,24361.0,696.0285714285715
2026-05-12T05:45:25+00:00,2026-05-12T11:30:25+05:45,2026-05-12,11:30:25,1778564725,1,5,11,nepse_official,OPEN,2026-05-12,SPL,Shuvam Power Limited,703.1,710.0,703.1,,710.0,714.0,-4.0,,20.0,14131.0,2.0,6.899999999999977,0.9813682264258251,-0.5602240896358543,7065.5,706.55
2026-05-12T05:45:25+00:00,2026-05-12T11:30:25+05:45,2026-05-12,11:30:25,1778564725,1,5,11,nepse_official,OPEN,2026-05-12,SRLI,Sanima Reliance Life Insurance Limited,390.2,395.1,390.2,,393.4,395.0,-1.6000000000000227,,693.0,273589.9,12.0,4.900000000000034,1.2557662737058006,-0.4050632911392463,22799.158333333336,394.79062049062054
2026-05-12T05:45:25+00:00,2026-05-12T11:30:25+05:45,2026-05-12,11:30:25,1778564725,1,5,11,nepse_official,OPEN,2026-05-12,SSHL,Shiva Shree Hydropower Ltd,230.8,230.8,219.0,,221.7,219.9,1.799999999999983,,24190.0,5348310.1,77.0,11.800000000000011,5.112651646447145,0.8185538881309607,69458.57272727272,221.0959115336916
2026-05-12T05:45:25+00:00,2026-05-12T11:30:25+05:45,2026-05-12,11:30:25,1778564725,1,5,11,nepse_official,OPEN,2026-05-12,STC,Salt Trading Corporation,5890.0,5890.0,5890.0,,5890.0,5887.0,3.0,,20.0,117800.0,1.0,0.0,0.0,0.05095974180397486,117800.0,5890.0
2026-05-12T05:45:25+00:00,2026-05-12T11:30:25+05:45,2026-05-12,11:30:25,1778564725,1,5,11,nepse_official,OPEN,2026-05-12,SWASTIK,Swastik Laghubitta Bittiya Sanstha Limited,2480.0,2480.0,2480.0,,2480.0,2499.0,-19.0,,20.0,49600.0,1.0,0.0,0.0,-0.7603041216486595,49600.0,2480.0
2026-05-12T05:45:25+00:00,2026-05-12T11:30:25+05:45,2026-05-12,11:30:25,1778564725,1,5,11,nepse_official,OPEN,2026-05-12,SWBBL,Swabalamban Laghubitta Bittiya Sanstha Limited,761.0,761.0,751.0,,751.0,760.0,-9.0,,660.0,501291.0,6.0,10.0,1.314060446780552,-1.1842105263157896,83548.5,759.5318181818182
2026-05-12T05:45:25+00:00,2026-05-12T11:30:25+05:45,2026-05-12,11:30:25,1778564725,1,5,11,nepse_official,OPEN,2026-05-12,SWMF,Suryodaya Womi Laghubitta Bittiya Sanstha Limited,668.0,668.0,668.0,,668.0,675.0,-7.0,,11.0,7348.0,1.0,0.0,0.0,-1.037037037037037,7348.0,668.0
2026-05-12T05:45:25+00:00,2026-05-12T11:30:25+05:45,2026-05-12,11:30:25,1778564725,1,5,11,nepse_official,OPEN,2026-05-12,SYPNL,SY Panel Nepal Limited,1570.0,1589.0,1535.0,,1565.0,1559.0,6.0,,14222.0,22221194.4,281.0,54.0,3.4394904458598727,0.38486209108402825,79078.98362989324,1562.4521445647588
2026-05-12T05:45:25+00:00,2026-05-12T11:30:25+05:45,2026-05-12,11:30:25,1778564725,1,5,11,nepse_official,OPEN,2026-05-12,TAMOR,Sanima Middle Tamor Hydropower Limited,430.0,442.0,430.0,,440.0,440.5,-0.5,,3806.0,1672546.5,34.0,12.0,2.7906976744186047,-0.11350737797956867,49192.544117647056,439.4499474513925
2026-05-12T05:45:25+00:00,2026-05-12T11:30:25+05:45,2026-05-12,11:30:25,1778564725,1,5,11,nepse_official,OPEN,2026-05-12,TPC,Terhathum Power Company Limited,372.2,375.0,372.2,,373.5,375.0,-1.5,,1060.0,396634.0,7.0,2.8000000000000114,0.7522837184309542,-0.4,56662.0,374.18301886792455
2026-05-12T05:45:25+00:00,2026-05-12T11:30:25+05:45,2026-05-12,11:30:25,1778564725,1,5,11,nepse_official,OPEN,2026-05-12,TRH,Taragaon Regency Hotel Limited,753.1,753.1,753.1,,753.1,771.8,-18.699999999999932,,10.0,7531.0,1.0,0.0,0.0,-2.4229074889867754,7531.0,753.1
2026-05-12T05:45:25+00:00,2026-05-12T11:30:25+05:45,2026-05-12,11:30:25,1778564725,1,5,11,nepse_official,OPEN,2026-05-12,TSHL,Three Star Hydropower Limited,620.0,621.0,614.0,,614.0,612.0,2.0,,280.0,173610.0,4.0,7.0,1.129032258064516,0.32679738562091504,43402.5,620.0357142857143
2026-05-12T05:45:25+00:00,2026-05-12T11:30:25+05:45,2026-05-12,11:30:25,1778564725,1,5,11,nepse_official,OPEN,2026-05-12,TTL,Trade Tower Limited,835.1,835.3,821.0,,826.2,834.0,-7.7999999999999545,,1595.0,1325195.0,36.0,14.299999999999955,1.712369776074716,-0.9352517985611456,36810.97222222222,830.8432601880878
2026-05-12T05:45:25+00:00,2026-05-12T11:30:25+05:45,2026-05-12,11:30:25,1778564725,1,5,11,nepse_official,OPEN,2026-05-12,TVCL,Trishuli Jal Vidhyut Company Limited ,550.0,550.0,530.1,,530.1,544.9,-14.799999999999955,,40.0,21437.0,3.0,19.899999999999977,3.618181818181814,-2.7160946962745376,7145.666666666667,535.925
2026-05-12T05:45:25+00:00,2026-05-12T11:30:25+05:45,2026-05-12,11:30:25,1778564725,1,5,11,nepse_official,OPEN,2026-05-12,UAIL,United Ajod Insurance Limited,448.0,450.0,448.0,,450.0,457.0,-7.0,,160.0,71980.0,5.0,2.0,0.4464285714285714,-1.5317286652078774,14396.0,449.875
2026-05-12T05:45:25+00:00,2026-05-12T11:30:25+05:45,2026-05-12,11:30:25,1778564725,1,5,11,nepse_official,OPEN,2026-05-12,UHEWA,Upper Hewakhola Hydropower Company Limited,584.9,584.9,576.1,,583.0,578.0,5.0,,1220.0,710648.9,11.0,8.799999999999955,1.50453068900666,0.8650519031141869,64604.44545454546,582.4990983606558
2026-05-12T05:45:25+00:00,2026-05-12T11:30:25+05:45,2026-05-12,11:30:25,1778564725,1,5,11,nepse_official,OPEN,2026-05-12,ULBSL,Upakar Laghubitta Bittiya Sanstha Limited,2909.0,2909.0,2880.0,,2887.0,2998.0,-111.0,,310.0,894982.1,7.0,29.0,0.9969061533172912,-3.702468312208139,127854.58571428571,2887.0390322580643
2026-05-12T05:45:25+00:00,2026-05-12T11:30:25+05:45,2026-05-12,11:30:25,1778564725,1,5,11,nepse_official,OPEN,2026-05-12,ULHC,Upper Lohore Khola Hydropower Company Limited,512.0,527.0,510.0,,510.0,512.0,-2.0,,811.0,415110.0,22.0,17.0,3.3203125,-0.390625,18868.636363636364,511.84956843403205
2026-05-12T05:45:25+00:00,2026-05-12T11:30:25+05:45,2026-05-12,11:30:25,1778564725,1,5,11,nepse_official,OPEN,2026-05-12,UMHL,United Modi Hydropower Ltd.,573.7,573.7,569.5,,569.5,573.7,-4.2000000000000455,,22.0,12571.0,2.0,4.2000000000000455,0.7320899424786553,-0.7320899424786553,6285.5,571.4090909090909
2026-05-12T05:45:25+00:00,2026-05-12T11:30:25+05:45,2026-05-12,11:30:25,1778564725,1,5,11,nepse_official,OPEN,2026-05-12,UMRH,United IDI Mardi RB Hydropower Limited.,545.0,545.0,545.0,,545.0,544.8,0.20000000000004547,,300.0,163500.0,4.0,0.0,0.0,0.03671071953011114,40875.0,545.0
2026-05-12T05:45:25+00:00,2026-05-12T11:30:25+05:45,2026-05-12,11:30:25,1778564725,1,5,11,nepse_official,OPEN,2026-05-12,UNHPL,Union Hydropower Limited,455.0,492.0,455.0,,480.0,478.0,2.0,,6480.0,3078518.6,29.0,37.0,8.131868131868131,0.41841004184100417,106155.81379310346,475.08003086419757
2026-05-12T05:45:25+00:00,2026-05-12T11:30:25+05:45,2026-05-12,11:30:25,1778564725,1,5,11,nepse_official,OPEN,2026-05-12,UPCL,UNIVERSAL POWER COMPANY LTD,398.2,398.2,375.5,,379.0,379.3,-0.30000000000001137,,4493.0,1691627.0,20.0,22.69999999999999,5.700652938221997,-0.07909306617453503,84581.35,376.50278210549743
2026-05-12T05:45:25+00:00,2026-05-12T11:30:25+05:45,2026-05-12,11:30:25,1778564725,1,5,11,nepse_official,OPEN,2026-05-12,UPPER,Upper Tamakoshi Hydropower Ltd,205.0,212.9,205.0,,211.0,209.5,1.5,,31518.0,6629143.1,138.0,7.900000000000006,3.8536585365853684,0.7159904534606205,48037.26884057971,210.3287994162066
2026-05-12T05:45:25+00:00,2026-05-12T11:30:25+05:45,2026-05-12,11:30:25,1778564725,1,5,11,nepse_official,OPEN,2026-05-12,USHEC,Upper Solu Hydro Electric Company Limited,498.2,498.2,498.0,,498.0,498.1,-0.10000000000002274,,1020.0,508110.0,5.0,0.19999999999998863,0.04014452027298046,-0.020076289901630743,101622.0,498.1470588235294
2026-05-12T05:45:25+00:00,2026-05-12T11:30:25+05:45,2026-05-12,11:30:25,1778564725,1,5,11,nepse_official,OPEN,2026-05-12,USHL,Upper Syange Hydropower Limited,626.0,630.1,626.0,,630.1,645.0,-14.899999999999977,,20.0,12561.0,2.0,4.100000000000023,0.6549520766773199,-2.3100775193798415,6280.5,628.05
2026-05-12T05:45:25+00:00,2026-05-12T11:30:25+05:45,2026-05-12,11:30:25,1778564725,1,5,11,nepse_official,OPEN,2026-05-12,USLB,Unnati Sahakarya Laghubitta Bittiya Sanstha Limited,1274.9,1274.9,1274.9,,1274.9,1275.0,-0.09999999999990905,,13.0,16573.7,1.0,0.0,0.0,-0.007843137254894827,16573.7,1274.9
2026-05-12T05:45:25+00:00,2026-05-12T11:30:25+05:45,2026-05-12,11:30:25,1778564725,1,5,11,nepse_official,OPEN,2026-05-12,VLBS,Vijaya laghubitta Bittiya Sanstha Ltd.,735.0,735.0,713.0,,725.0,726.1,-1.1000000000000227,,1190.0,860371.0,39.0,22.0,2.9931972789115644,-0.1514942845338139,22060.79487179487,723.0008403361345
2026-05-12T05:45:25+00:00,2026-05-12T11:30:25+05:45,2026-05-12,11:30:25,1778564725,1,5,11,nepse_official,OPEN,2026-05-12,VLUCL,Vision Lumbini Urja Company Limited ,509.7,509.7,492.0,,492.0,494.9,-2.8999999999999773,,340.0,168372.0,7.0,17.69999999999999,3.472630959387873,-0.5859769650434385,24053.14285714286,495.21176470588233
2026-05-12T05:45:25+00:00,2026-05-12T11:30:25+05:45,2026-05-12,11:30:25,1778564725,1,5,11,nepse_official,OPEN,2026-05-12,WNLB,Wean Nepal Laghubitta Bittiya Sanstha Limited,1503.0,1503.0,1503.0,,1503.0,1503.1,-0.09999999999990905,,20.0,30060.0,2.0,0.0,0.0,-0.006652917304231858,15030.0,1503.0
2026-05-12T06:15:26+00:00,2026-05-12T12:00:26+05:45,2026-05-12,12:00:26,1778566526,1,6,12,nepse_official,OPEN,2026-05-12,ACLBSL,Aarambha Chautari Laghubitta Bittiya Sanstha Limited,961.0,965.0,951.0,,951.0,959.5,-8.5,,110.0,105720.0,4.0,14.0,1.45681581685744,-0.8858780614903595,26430.0,961.0909090909091
2026-05-12T06:15:26+00:00,2026-05-12T12:00:26+05:45,2026-05-12,12:00:26,1778566526,1,6,12,nepse_official,OPEN,2026-05-12,ADBL,Agricultural Development Bank Limited,312.0,314.1,310.1,,312.0,312.0,0.0,,1126.0,350538.8,19.0,4.0,1.282051282051282,0.0,18449.410526315787,311.3133214920071
2026-05-12T06:15:26+00:00,2026-05-12T12:00:26+05:45,2026-05-12,12:00:26,1778566526,1,6,12,nepse_official,OPEN,2026-05-12,ADBLD83,10.35% Agricultural Bank Debenture 2083,1050.8,1050.8,1050.8,,1050.8,1050.7,0.09999999999990905,,15.0,15762.0,1.0,0.0,0.0,0.009517464547435904,15762.0,1050.8
2026-05-12T06:15:26+00:00,2026-05-12T12:00:26+05:45,2026-05-12,12:00:26,1778566526,1,6,12,nepse_official,OPEN,2026-05-12,AHL,Asian Hydropower Limited,513.0,525.0,503.0,,506.0,513.0,-7.0,,4531.0,2304299.0,30.0,22.0,4.28849902534113,-1.364522417153996,76809.96666666666,508.56301037298607
2026-05-12T06:15:26+00:00,2026-05-12T12:00:26+05:45,2026-05-12,12:00:26,1778566526,1,6,12,nepse_official,OPEN,2026-05-12,AHPC,Arun Valley Hydropower Development Co. Ltd.,289.0,293.0,283.0,,283.0,286.0,-3.0,,30753.0,8774756.3,123.0,10.0,3.4602076124567476,-1.048951048951049,71339.48211382114,285.33009137319937
2026-05-12T06:15:26+00:00,2026-05-12T12:00:26+05:45,2026-05-12,12:00:26,1778566526,1,6,12,nepse_official,OPEN,2026-05-12,AKJCL,Ankhu Khola Jalvidhyut Company Ltd,367.0,372.0,360.0,,363.2,367.0,-3.8000000000000114,,36530.0,13335135.4,129.0,12.0,3.2697547683923704,-1.0354223433242538,103373.14263565892,365.0461374212976
2026-05-12T06:15:26+00:00,2026-05-12T12:00:26+05:45,2026-05-12,12:00:26,1778566526,1,6,12,nepse_official,OPEN,2026-05-12,AKPL,Arun Kabeli Power Ltd.,275.0,279.0,273.0,,274.0,276.0,-2.0,,46177.0,12747188.9,175.0,6.0,2.181818181818182,-0.7246376811594203,72841.07942857144,276.050607445265
2026-05-12T06:15:26+00:00,2026-05-12T12:00:26+05:45,2026-05-12,12:00:26,1778566526,1,6,12,nepse_official,OPEN,2026-05-12,ALBSL,Asha Laghubitta Bittiya Sanstha Ltd,1141.0,1141.0,1100.0,,1122.9,1118.7,4.2000000000000455,,795.0,880757.8,13.0,41.0,3.5933391761612623,0.3754357736658662,67750.6,1107.8714465408805
2026-05-12T06:15:26+00:00,2026-05-12T12:00:26+05:45,2026-05-12,12:00:26,1778566526,1,6,12,nepse_official,OPEN,2026-05-12,ALICL,Asian Life Insurance Co. Limited,455.0,460.0,455.0,,455.4,458.5,-3.1000000000000227,,2694.0,1237904.6,14.0,5.0,1.098901098901099,-0.6761177753544215,88421.75714285715,459.50430586488494
2026-05-12T06:15:26+00:00,2026-05-12T12:00:26+05:45,2026-05-12,12:00:26,1778566526,1,6,12,nepse_official,OPEN,2026-05-12,ANLB,Aatmanirbhar Laghubitta Bittiya Sanstha Limited,6266.2,6266.2,5919.0,,6030.0,6460.0,-430.0,,436.0,2597486.0,16.0,347.1999999999998,5.5408381475216215,-6.656346749226007,162342.875,5957.536697247707
2026-05-12T06:15:26+00:00,2026-05-12T12:00:26+05:45,2026-05-12,12:00:26,1778566526,1,6,12,nepse_official,OPEN,2026-05-12,API,Api Power Company Ltd.,366.4,366.4,347.0,,348.3,349.0,-0.6999999999999886,,93199.0,32619028.4,317.0,19.399999999999977,5.294759825327505,-0.20057306590257554,102899.14321766561,349.99333040054074
2026-05-12T06:15:26+00:00,2026-05-12T12:00:26+05:45,2026-05-12,12:00:26,1778566526,1,6,12,nepse_official,OPEN,2026-05-12,AVYAN,Aviyan Laghubitta Bittiya Sanstha Limited,1150.0,1152.0,1140.0,,1143.0,1149.0,-6.0,,970.0,1113891.4,22.0,12.0,1.0434782608695654,-0.5221932114882507,50631.42727272727,1148.341649484536
2026-05-12T06:15:26+00:00,2026-05-12T12:00:26+05:45,2026-05-12,12:00:26,1778566526,1,6,12,nepse_official,OPEN,2026-05-12,BANDIPUR,Bandipur Cablecar and Tourism Limited,835.0,845.0,822.0,,822.0,835.0,-13.0,,10847.0,8978721.3,152.0,23.0,2.754491017964072,-1.5568862275449102,59070.534868421055,827.7607910021205
2026-05-12T06:15:26+00:00,2026-05-12T12:00:26+05:45,2026-05-12,12:00:26,1778566526,1,6,12,nepse_official,OPEN,2026-05-12,BARUN,Barun Hydropower Co. Ltd.,358.0,358.0,346.0,,349.0,351.7,-2.6999999999999886,,13065.0,4556574.7,62.0,12.0,3.35195530726257,-0.767699744100082,73493.14032258064,348.76193647148875
2026-05-12T06:15:26+00:00,2026-05-12T12:00:26+05:45,2026-05-12,12:00:26,1778566526,1,6,12,nepse_official,OPEN,2026-05-12,BBC,Bishal Bazar Company Limited,4900.0,4948.0,4846.0,,4865.0,4848.8,16.199999999999818,,51.0,249540.0,5.0,102.0,2.0816326530612246,0.3341032832865826,49908.0,4892.941176470588
2026-05-12T06:15:26+00:00,2026-05-12T12:00:26+05:45,2026-05-12,12:00:26,1778566526,1,6,12,nepse_official,OPEN,2026-05-12,BEDC,Bhugol Energy Development Company Limited,399.0,399.0,374.0,,374.0,380.0,-6.0,,25828.0,9774001.2,120.0,25.0,6.265664160401002,-1.5789473684210527,81450.01,378.42656032213097
2026-05-12T06:15:26+00:00,2026-05-12T12:00:26+05:45,2026-05-12,12:00:26,1778566526,1,6,12,nepse_official,OPEN,2026-05-12,BFC,Best Finance Company Ltd.,474.9,474.9,468.0,,468.0,468.0,0.0,,2970.0,1393529.2,27.0,6.899999999999977,1.452937460517999,0.0,51612.19259259259,469.2017508417508
2026-05-12T06:15:26+00:00,2026-05-12T12:00:26+05:45,2026-05-12,12:00:26,1778566526,1,6,12,nepse_official,OPEN,2026-05-12,BGWT,Bhagawati Hydropower Development Company Limited,675.0,675.0,656.0,,665.0,672.0,-7.0,,113.0,75468.0,7.0,19.0,2.814814814814815,-1.0416666666666665,10781.142857142857,667.858407079646
2026-05-12T06:15:26+00:00,2026-05-12T12:00:26+05:45,2026-05-12,12:00:26,1778566526,1,6,12,nepse_official,OPEN,2026-05-12,BHCL,Bikash Hydropower Company Limited,525.0,530.0,522.0,,522.5,524.5,-2.0,,7057.0,3705365.4,93.0,8.0,1.5238095238095237,-0.3813155386081983,39842.63870967742,525.0624061215814
2026-05-12T06:15:26+00:00,2026-05-12T12:00:26+05:45,2026-05-12,12:00:26,1778566526,1,6,12,nepse_official,OPEN,2026-05-12,BHDC,Bindhyabasini Hydropower Development Company Limited,475.0,475.0,467.0,,473.0,475.0,-2.0,,883.0,415255.3,19.0,8.0,1.6842105263157894,-0.42105263157894735,21855.542105263157,470.27780294450736
2026-05-12T06:15:26+00:00,2026-05-12T12:00:26+05:45,2026-05-12,12:00:26,1778566526,1,6,12,nepse_official,OPEN,2026-05-12,BHL,Balephi Hydropower Limited,230.0,231.4,225.0,,226.6,227.0,-0.4000000000000057,,69776.0,15938757.9,263.0,6.400000000000006,2.7826086956521765,-0.1762114537444959,60603.642205323195,228.42750945883972
2026-05-12T06:15:26+00:00,2026-05-12T12:00:26+05:45,2026-05-12,12:00:26,1778566526,1,6,12,nepse_official,OPEN,2026-05-12,BHPL,Barahi Hydropower Public Limited,532.0,537.0,528.1,,532.0,532.0,0.0,,3051.0,1623827.0,23.0,8.899999999999977,1.6729323308270636,0.0,70601.17391304347,532.2277941658473
2026-05-12T06:15:26+00:00,2026-05-12T12:00:26+05:45,2026-05-12,12:00:26,1778566526,1,6,12,nepse_official,OPEN,2026-05-12,BJHL,Bhujung Hydropower Limited,1013.0,1025.0,1001.1,,1008.0,1015.0,-7.0,,1426.0,1439817.0,83.0,23.899999999999977,2.3593287265547858,-0.6896551724137931,17347.192771084337,1009.6893408134642
2026-05-12T06:15:26+00:00,2026-05-12T12:00:26+05:45,2026-05-12,12:00:26,1778566526,1,6,12,nepse_official,OPEN,2026-05-12,BNHC,Buddha Bhumi Nepal Hydropower Company Limited,338.0,338.0,330.1,,335.0,335.5,-0.5,,805.0,268443.5,11.0,7.899999999999977,2.337278106508869,-0.14903129657228018,24403.954545454544,333.47018633540375
2026-05-12T06:15:26+00:00,2026-05-12T12:00:26+05:45,2026-05-12,12:00:26,1778566526,1,6,12,nepse_official,OPEN,2026-05-12,BPCL,Butwal Power Company Limited,718.2,718.2,685.0,,685.2,684.0,1.2000000000000455,,10180.0,7070942.8,67.0,33.200000000000045,4.622667780562524,0.17543859649123472,105536.45970149254,694.59163064833
2026-05-12T06:15:26+00:00,2026-05-12T12:00:26+05:45,2026-05-12,12:00:26,1778566526,1,6,12,nepse_official,OPEN,2026-05-12,BUNGAL,Bungal Hydro Limited,600.0,610.0,592.0,,592.0,595.0,-3.0,,7505.0,4476933.3,94.0,18.0,3.0,-0.5042016806722689,47626.95,596.5267554963358
2026-05-12T06:15:26+00:00,2026-05-12T12:00:26+05:45,2026-05-12,12:00:26,1778566526,1,6,12,nepse_official,OPEN,2026-05-12,C30MF,Citizens Super 30 Mutual Fund,10.27,10.28,10.27,,10.28,10.0,0.27999999999999936,,2200.0,22611.0,2.0,0.009999999999999787,0.09737098344693075,2.7999999999999936,11305.5,10.277727272727272
2026-05-12T06:15:26+00:00,2026-05-12T12:00:26+05:45,2026-05-12,12:00:26,1778566526,1,6,12,nepse_official,OPEN,2026-05-12,CBBL,Chhimek Laghubitta Bittiya Sanstha Limited,929.9,930.0,915.0,,926.0,923.0,3.0,,4569.0,4208481.7,58.0,15.0,1.6130766749112808,0.3250270855904659,72560.02931034483,921.0947034362006
2026-05-12T06:15:26+00:00,2026-05-12T12:00:26+05:45,2026-05-12,12:00:26,1778566526,1,6,12,nepse_official,OPEN,2026-05-12,CFCL,Central Finance Co. Ltd.,534.3,534.3,505.1,,505.1,508.9,-3.7999999999999545,,933.0,477013.0,8.0,29.199999999999932,5.465094516189394,-0.7467085871487433,59626.625,511.2679528403001
2026-05-12T06:15:26+00:00,2026-05-12T12:00:26+05:45,2026-05-12,12:00:26,1778566526,1,6,12,nepse_official,OPEN,2026-05-12,CGH,Chandragiri Hills Limited,815.0,815.1,810.0,,813.0,813.2,-0.20000000000004547,,2011.0,1637330.0,12.0,5.100000000000023,0.625766871165647,-0.02459419576980392,136444.16666666666,814.1869716558925
2026-05-12T06:15:26+00:00,2026-05-12T12:00:26+05:45,2026-05-12,12:00:26,1778566526,1,6,12,nepse_official,OPEN,2026-05-12,CHCL,Chilime Hydropower Company Limited,482.0,488.0,479.1,,480.0,479.1,0.8999999999999773,,6749.0,3246390.5,59.0,8.899999999999977,1.8464730290456384,0.18785222291796644,55023.56779661017,481.0180026670618
2026-05-12T06:15:26+00:00,2026-05-12T12:00:26+05:45,2026-05-12,12:00:26,1778566526,1,6,12,nepse_official,OPEN,2026-05-12,CHDC,CEDB Holdings Limited,2400.0,2400.0,2320.0,,2320.0,2345.0,-25.0,,3073.0,7213220.0,63.0,80.0,3.3333333333333335,-1.0660980810234542,114495.55555555556,2347.2892938496584
2026-05-12T06:15:26+00:00,2026-05-12T12:00:26+05:45,2026-05-12,12:00:26,1778566526,1,6,12,nepse_official,OPEN,2026-05-12,CHL,Chhyangdi Hydropower Ltd.,305.0,305.0,296.0,,297.1,299.0,-1.8999999999999773,,14905.0,4442706.3,46.0,9.0,2.9508196721311477,-0.6354515050167148,96580.57173913044,298.0681851727608
2026-05-12T06:15:26+00:00,2026-05-12T12:00:26+05:45,2026-05-12,12:00:26,1778566526,1,6,12,nepse_official,OPEN,2026-05-12,CIT,Citizen Investment Trust,1785.0,1785.0,1776.0,,1780.0,1774.2,5.7999999999999545,,602.0,1070290.1,35.0,9.0,0.5042016806722689,0.3269079021530805,30579.717142857146,1777.890531561462
2026-05-12T06:15:26+00:00,2026-05-12T12:00:26+05:45,2026-05-12,12:00:26,1778566526,1,6,12,nepse_official,OPEN,2026-05-12,CITY,City Hotel Limited,430.0,430.0,422.2,,422.2,425.0,-2.8000000000000114,,2074.0,881870.7,36.0,7.800000000000011,1.8139534883720956,-0.6588235294117675,24496.408333333333,425.20284474445515
2026-05-12T06:15:26+00:00,2026-05-12T12:00:26+05:45,2026-05-12,12:00:26,1778566526,1,6,12,nepse_official,OPEN,2026-05-12,CKHL,Chirkhwa Hydropower Limited ,670.0,670.0,670.0,,670.0,678.0,-8.0,,124.0,83080.0,4.0,0.0,0.0,-1.1799410029498525,20770.0,670.0
2026-05-12T06:15:26+00:00,2026-05-12T12:00:26+05:45,2026-05-12,12:00:26,1778566526,1,6,12,nepse_official,OPEN,2026-05-12,CLI,Citizen Life Insurance Company Limited,466.0,466.0,456.0,,457.7,459.5,-1.8000000000000114,,1437.0,657041.2,39.0,10.0,2.1459227467811157,-0.39173014145810914,16847.210256410257,457.23117606123867
2026-05-12T06:15:26+00:00,2026-05-12T12:00:26+05:45,2026-05-12,12:00:26,1778566526,1,6,12,nepse_official,OPEN,2026-05-12,CORBL,Corporate Development Bank Limited,2086.0,2086.0,2000.2,,2012.1,2086.0,-73.90000000000009,,1475.0,3012941.0,33.0,85.79999999999995,4.1131351869606885,-3.5426653883029764,91301.24242424243,2042.6718644067796
2026-05-12T06:15:26+00:00,2026-05-12T12:00:26+05:45,2026-05-12,12:00:26,1778566526,1,6,12,nepse_official,OPEN,2026-05-12,CREST,Crest Micro Life Insurance Limited,1179.0,1179.0,1130.0,,1135.0,1139.6,-4.599999999999909,,3530.0,4035157.0,55.0,49.0,4.156064461407973,-0.4036504036503957,73366.4909090909,1143.1039660056658
2026-05-12T06:15:26+00:00,2026-05-12T12:00:26+05:45,2026-05-12,12:00:26,1778566526,1,6,12,nepse_official,OPEN,2026-05-12,CSY,Citizens Santulit Yojana,9.3,9.3,9.3,,9.3,9.3,0.0,,1000.0,9300.0,10.0,0.0,0.0,0.0,930.0,9.3
2026-05-12T06:15:26+00:00,2026-05-12T12:00:26+05:45,2026-05-12,12:00:26,1778566526,1,6,12,nepse_official,OPEN,2026-05-12,CYCL,CYC Nepal Laghubitta Bittiya Sanstha Limited,1491.0,1525.9,1491.0,,1500.0,1500.0,0.0,,152.0,227187.0,9.0,34.90000000000009,2.3407109322602344,0.0,25243.0,1494.6513157894738
2026-05-12T06:15:26+00:00,2026-05-12T12:00:26+05:45,2026-05-12,12:00:26,1778566526,1,6,12,nepse_official,OPEN,2026-05-12,CZBIL,Citizens Bank International Limited,210.0,210.0,206.6,,206.7,207.5,-0.8000000000000114,,5369.0,1117227.1,33.0,3.4000000000000057,1.6190476190476217,-0.3855421686747043,33855.36666666667,208.08848947662509
2026-05-12T06:15:26+00:00,2026-05-12T12:00:26+05:45,2026-05-12,12:00:26,1778566526,1,6,12,nepse_official,OPEN,2026-05-12,DDBL,Deprosc Laghubitta Bittiya Sanstha Limited,862.0,862.0,857.0,,857.0,863.0,-6.0,,321.0,275727.0,6.0,5.0,0.580046403712297,-0.6952491309385863,45954.5,858.9626168224299
2026-05-12T06:15:26+00:00,2026-05-12T12:00:26+05:45,2026-05-12,12:00:26,1778566526,1,6,12,nepse_official,OPEN,2026-05-12,DHEL,Daramkhola Hydro Energy Limited,617.0,617.0,610.3,,611.0,617.9,-6.899999999999977,,2600.0,1596787.0,71.0,6.7000000000000455,1.0858995137763445,-1.1166855478232687,22489.957746478874,614.1488461538462
2026-05-12T06:15:26+00:00,2026-05-12T12:00:26+05:45,2026-05-12,12:00:26,1778566526,1,6,12,nepse_official,OPEN,2026-05-12,DHPL,Dibyashwori Hydropower Ltd.,319.0,319.0,302.0,,302.0,303.9,-1.8999999999999773,,584.0,176719.8,9.0,17.0,5.329153605015674,-0.6252056597564914,19635.533333333333,302.60239726027396
2026-05-12T06:15:26+00:00,2026-05-12T12:00:26+05:45,2026-05-12,12:00:26,1778566526,1,6,12,nepse_official,OPEN,2026-05-12,DLBS,Dhaulagiri Laghubitta Bittiya Sanstha Limited,1235.0,1472.0,1235.0,,1292.0,1300.0,-8.0,,330.0,432631.0,18.0,237.0,19.190283400809715,-0.6153846153846154,24035.055555555555,1311.0030303030303
2026-05-12T06:15:26+00:00,2026-05-12T12:00:26+05:45,2026-05-12,12:00:26,1778566526,1,6,12,nepse_official,OPEN,2026-05-12,DOLTI,Dolti Power Company Limited,366.0,366.0,354.1,,356.0,360.0,-4.0,,26823.0,9615028.5,160.0,11.899999999999977,3.2513661202185733,-1.1111111111111112,60093.928125,358.46208477798905
2026-05-12T06:15:26+00:00,2026-05-12T12:00:26+05:45,2026-05-12,12:00:26,1778566526,1,6,12,nepse_official,OPEN,2026-05-12,DORDI,Dordi Khola Jal Bidyut Company Limited,282.0,284.0,277.0,,279.9,280.0,-0.10000000000002274,,7832.0,2192237.4,43.0,7.0,2.4822695035460995,-0.03571428571429384,50982.265116279064,279.9077374872319
2026-05-12T06:15:26+00:00,2026-05-12T12:00:26+05:45,2026-05-12,12:00:26,1778566526,1,6,12,nepse_official,OPEN,2026-05-12,EBL,Everest Bank Limited,720.0,720.0,705.1,,706.0,706.0,0.0,,3968.0,2805157.0,58.0,14.899999999999977,2.069444444444441,0.0,48364.775862068964,706.944808467742
2026-05-12T06:15:26+00:00,2026-05-12T12:00:26+05:45,2026-05-12,12:00:26,1778566526,1,6,12,nepse_official,OPEN,2026-05-12,EDBL,Excel Development Bank Ltd.,560.0,585.0,560.0,,582.0,586.6,-4.600000000000023,,1220.0,709768.0,6.0,25.0,4.464285714285714,-0.784180020456874,118294.66666666667,581.7770491803278
2026-05-12T06:15:26+00:00,2026-05-12T12:00:26+05:45,2026-05-12,12:00:26,1778566526,1,6,12,nepse_official,OPEN,2026-05-12,EHPL,Eastern Hydropower Limited,385.0,397.0,385.0,,390.0,393.0,-3.0,,7936.0,3101377.1,55.0,12.0,3.116883116883117,-0.7633587786259541,56388.674545454545,390.79852570564515
2026-05-12T06:15:26+00:00,2026-05-12T12:00:26+05:45,2026-05-12,12:00:26,1778566526,1,6,12,nepse_official,OPEN,2026-05-12,ENL,Emerging Nepal Limited,924.0,924.0,900.0,,900.0,910.0,-10.0,,20.0,18240.0,2.0,24.0,2.5974025974025974,-1.098901098901099,9120.0,912.0
2026-05-12T06:15:26+00:00,2026-05-12T12:00:26+05:45,2026-05-12,12:00:26,1778566526,1,6,12,nepse_official,OPEN,2026-05-12,FMDBL,First Micro Finance Laghubitta Bittiya Sanstha Limited,874.0,874.0,817.1,,820.0,919.0,-99.0,,18982.0,15655006.8,154.0,56.89999999999998,6.510297482837527,-10.772578890097932,101655.88831168832,824.7290485723317
2026-05-12T06:15:26+00:00,2026-05-12T12:00:26+05:45,2026-05-12,12:00:26,1778566526,1,6,12,nepse_official,OPEN,2026-05-12,FOWAD,Forward Microfinance Laghubitta Bittiya Sanstha Limited,1065.0,1097.0,1065.0,,1097.0,1098.0,-1.0,,1441.0,1566775.3,36.0,32.0,3.004694835680751,-0.09107468123861566,43521.53611111111,1087.2833448993754
2026-05-12T06:15:26+00:00,2026-05-12T12:00:26+05:45,2026-05-12,12:00:26,1778566526,1,6,12,nepse_official,OPEN,2026-05-12,GBBL,Garima Bikas Bank Limited,421.0,421.0,416.6,,420.0,420.0,0.0,,2108.0,881256.3,16.0,4.399999999999977,1.0451306413301609,0.0,55078.51875,418.0532732447818
2026-05-12T06:15:26+00:00,2026-05-12T12:00:26+05:45,2026-05-12,12:00:26,1778566526,1,6,12,nepse_official,OPEN,2026-05-12,GBIME,Global IME Bank Limited,241.0,241.0,237.0,,237.6,237.9,-0.30000000000001137,,8940.0,2126832.9,94.0,4.0,1.6597510373443984,-0.12610340479193416,22625.881914893616,237.90077181208054
2026-05-12T06:15:26+00:00,2026-05-12T12:00:26+05:45,2026-05-12,12:00:26,1778566526,1,6,12,nepse_official,OPEN,2026-05-12,GBIMESY2,Global IME Sammunat Yojana -2,9.22,9.25,9.22,,9.25,9.4,-0.15000000000000036,,300.0,2769.0,3.0,0.02999999999999936,0.3253796095444616,-1.5957446808510676,923.0,9.23
2026-05-12T06:15:26+00:00,2026-05-12T12:00:26+05:45,2026-05-12,12:00:26,1778566526,1,6,12,nepse_official,OPEN,2026-05-12,GBLBS,Grameen Bikas Laghubitta Bittiya Sanstha Ltd.,783.0,783.0,775.0,,778.0,783.0,-5.0,,451.0,350785.0,7.0,8.0,1.0217113665389528,-0.6385696040868455,50112.142857142855,777.7937915742793
2026-05-12T06:15:26+00:00,2026-05-12T12:00:26+05:45,2026-05-12,12:00:26,1778566526,1,6,12,nepse_official,OPEN,2026-05-12,GCIL,Ghorahi Cement Industry Limited,405.0,422.1,405.0,,420.0,424.5,-4.5,,3422.0,1437581.3,50.0,17.100000000000023,4.222222222222228,-1.0600706713780919,28751.626,420.0997369959088
2026-05-12T06:15:26+00:00,2026-05-12T12:00:26+05:45,2026-05-12,12:00:26,1778566526,1,6,12,nepse_official,OPEN,2026-05-12,GFCL,Goodwill Finance Limited,631.0,632.5,630.1,,632.0,628.0,4.0,,2134.0,1348212.0,20.0,2.3999999999999773,0.3803486529318506,0.6369426751592357,67410.6,631.7769447047798
2026-05-12T06:15:26+00:00,2026-05-12T12:00:26+05:45,2026-05-12,12:00:26,1778566526,1,6,12,nepse_official,OPEN,2026-05-12,GHL,Ghalemdi Hydro Limited,248.1,248.7,243.0,,243.2,246.8,-3.6000000000000227,,17907.0,4392124.8,53.0,5.699999999999989,2.2974607013301043,-1.4586709886547902,82870.27924528302,245.27418328028145
2026-05-12T06:15:26+00:00,2026-05-12T12:00:26+05:45,2026-05-12,12:00:26,1778566526,1,6,12,nepse_official,OPEN,2026-05-12,GIBF1,Global IME Balanced Fund-1,10.8,10.8,10.62,,10.63,10.8,-0.16999999999999993,,300.0,3205.0,3.0,0.1800000000000015,1.6666666666666805,-1.5740740740740733,1068.3333333333333,10.683333333333334
2026-05-12T06:15:26+00:00,2026-05-12T12:00:26+05:45,2026-05-12,12:00:26,1778566526,1,6,12,nepse_official,OPEN,2026-05-12,GILB,Global IME Laghubitta Bittiya Sanstha Ltd.,1120.0,1149.4,1120.0,,1121.0,1116.1,4.900000000000091,,117.0,132345.0,4.0,29.40000000000009,2.6250000000000084,0.4390287608637301,33086.25,1131.1538461538462
2026-05-12T06:15:26+00:00,2026-05-12T12:00:26+05:45,2026-05-12,12:00:26,1778566526,1,6,12,nepse_official,OPEN,2026-05-12,GLBSL,Gurans Laghubitta Bittiya Sanstha Limited,1840.0,1840.0,1840.0,,1840.0,1844.7,-4.7000000000000455,,10.0,18400.0,1.0,0.0,0.0,-0.25478397571421074,18400.0,1840.0
2026-05-12T06:15:26+00:00,2026-05-12T12:00:26+05:45,2026-05-12,12:00:26,1778566526,1,6,12,nepse_official,OPEN,2026-05-12,GLH,GreenLife Hydropower Limited,275.9,275.9,270.0,,271.3,273.0,-1.6999999999999886,,6540.0,1779773.0,38.0,5.899999999999977,2.138455962305175,-0.6227106227106185,46836.13157894737,272.13654434250765
2026-05-12T06:15:26+00:00,2026-05-12T12:00:26+05:45,2026-05-12,12:00:26,1778566526,1,6,12,nepse_official,OPEN,2026-05-12,GMFBS,Ganapati Laghubitta Bittiya Sanstha Limited,1366.0,1366.0,1307.3,,1345.0,1337.0,8.0,,30.0,40183.0,3.0,58.700000000000045,4.297218155197661,0.5983545250560958,13394.333333333334,1339.4333333333334
2026-05-12T06:15:26+00:00,2026-05-12T12:00:26+05:45,2026-05-12,12:00:26,1778566526,1,6,12,nepse_official,OPEN,2026-05-12,GMFIL,Guheshowori Merchant Bank & Finance Co. Ltd.,461.0,476.9,461.0,,463.0,472.0,-9.0,,180.0,84695.0,4.0,15.899999999999977,3.4490238611713617,-1.9067796610169492,21173.75,470.52777777777777
2026-05-12T06:15:26+00:00,2026-05-12T12:00:26+05:45,2026-05-12,12:00:26,1778566526,1,6,12,nepse_official,OPEN,2026-05-12,GMLI,Guardian Micro Life Insurance Limited ,1359.9,1359.9,1325.0,,1326.0,1337.7,-11.700000000000045,,157.0,209578.3,10.0,34.90000000000009,2.566365173909853,-0.8746355685131229,20957.829999999998,1334.8936305732484
2026-05-12T06:15:26+00:00,2026-05-12T12:00:26+05:45,2026-05-12,12:00:26,1778566526,1,6,12,nepse_official,OPEN,2026-05-12,GRDBL,Green Development Bank Ltd.,1061.0,1065.0,1040.1,,1040.1,1058.9,-18.800000000000182,,2702.0,2846668.0,40.0,24.90000000000009,2.3468426013195187,-1.7754273302483878,71166.7,1053.541080680977
2026-05-12T06:15:26+00:00,2026-05-12T12:00:26+05:45,2026-05-12,12:00:26,1778566526,1,6,12,nepse_official,OPEN,2026-05-12,GSY,Garima Samriddhi Yojana,9.55,9.7,9.55,,9.7,9.7,0.0,,500.0,4801.0,5.0,0.14999999999999858,1.5706806282722363,0.0,960.2,9.602
2026-05-12T06:15:26+00:00,2026-05-12T12:00:26+05:45,2026-05-12,12:00:26,1778566526,1,6,12,nepse_official,OPEN,2026-05-12,GUFL,Gurkhas Finance Ltd.,530.2,530.3,530.1,,530.2,537.9,-7.699999999999932,,1045.0,554099.8,7.0,0.1999999999999318,0.03772161448508709,-1.4314928425357747,79157.1142857143,530.239043062201
2026-05-12T06:15:26+00:00,2026-05-12T12:00:26+05:45,2026-05-12,12:00:26,1778566526,1,6,12,nepse_official,OPEN,2026-05-12,GVL,Green Ventures Limited,499.0,499.0,491.0,,491.0,496.0,-5.0,,4485.0,2221432.0,23.0,8.0,1.6032064128256511,-1.0080645161290323,96584.0,495.3025641025641
2026-05-12T06:15:26+00:00,2026-05-12T12:00:26+05:45,2026-05-12,12:00:26,1778566526,1,6,12,nepse_official,OPEN,2026-05-12,GWFD83,12 % Goodwill Finance Limited Debenture 2083,1079.0,1079.0,1079.0,,1079.0,1112.3,-33.299999999999955,,25.0,26975.0,1.0,0.0,0.0,-2.9937966375977667,26975.0,1079.0
2026-05-12T06:15:26+00:00,2026-05-12T12:00:26+05:45,2026-05-12,12:00:26,1778566526,1,6,12,nepse_official,OPEN,2026-05-12,H8020,Himalayan 80-20,11.52,11.52,11.52,,11.52,11.71,-0.19000000000000128,,100.0,1152.0,1.0,0.0,0.0,-1.6225448334756725,1152.0,11.52
2026-05-12T06:15:26+00:00,2026-05-12T12:00:26+05:45,2026-05-12,12:00:26,1778566526,1,6,12,nepse_official,OPEN,2026-05-12,HATHY,Hathway Investment Nepal Limited,830.0,834.0,821.1,,821.1,824.0,-2.8999999999999773,,1917.0,1590862.5,33.0,12.899999999999977,1.5542168674698769,-0.35194174757281277,48207.954545454544,829.8708920187794
2026-05-12T06:15:26+00:00,2026-05-12T12:00:26+05:45,2026-05-12,12:00:26,1778566526,1,6,12,nepse_official,OPEN,2026-05-12,HBL,Himalayan Bank Limited,208.0,210.0,206.0,,206.0,208.0,-2.0,,7668.0,1592781.7,200.0,4.0,1.9230769230769231,-0.9615384615384616,7963.9085,207.71800991131977
2026-05-12T06:15:26+00:00,2026-05-12T12:00:26+05:45,2026-05-12,12:00:26,1778566526,1,6,12,nepse_official,OPEN,2026-05-12,HDHPC,Himal Dolakha Hydropower Company Limited,234.0,234.0,225.1,,225.1,231.0,-5.900000000000006,,84654.0,19403348.7,263.0,8.900000000000006,3.803418803418806,-2.5541125541125567,73776.99125475285,229.20770075838118
2026-05-12T06:15:26+00:00,2026-05-12T12:00:26+05:45,2026-05-12,12:00:26,1778566526,1,6,12,nepse_official,OPEN,2026-05-12,HDL,Himalayan Distillery Limited,1180.0,1180.0,1161.1,,1170.0,1175.1,-5.099999999999909,,5493.0,6434320.2,95.0,18.90000000000009,1.601694915254245,-0.4340056165432652,67729.68631578947,1171.3672310212999
2026-05-12T06:15:26+00:00,2026-05-12T12:00:26+05:45,2026-05-12,12:00:26,1778566526,1,6,12,nepse_official,OPEN,2026-05-12,HEI,Himalayan Everest Insurance Limited,524.0,553.6,523.3,,538.9,539.4,-0.5,,4120.0,2220732.9,12.0,30.300000000000068,5.782442748091616,-0.09269558769002596,185061.07499999998,539.0128398058253
2026-05-12T06:15:26+00:00,2026-05-12T12:00:26+05:45,2026-05-12,12:00:26,1778566526,1,6,12,nepse_official,OPEN,2026-05-12,HFIN,Hotel Forest Inn Limited,1065.0,1077.0,1040.0,,1040.1,1065.0,-24.90000000000009,,25064.0,26335042.5,573.0,37.0,3.4741784037558685,-2.338028169014093,45959.93455497382,1050.711877593361
2026-05-12T06:15:26+00:00,2026-05-12T12:00:26+05:45,2026-05-12,12:00:26,1778566526,1,6,12,nepse_official,OPEN,2026-05-12,HHL,Himalayan Hydropower Limited,368.0,397.0,368.0,,384.2,387.0,-2.8000000000000114,,13480.0,5208823.0,65.0,29.0,7.880434782608696,-0.7235142118863078,80135.73846153847,386.4112017804154
2026-05-12T06:15:26+00:00,2026-05-12T12:00:26+05:45,2026-05-12,12:00:26,1778566526,1,6,12,nepse_official,OPEN,2026-05-12,HIDCL,Hydorelectricity Investment and Development Company Ltd,277.0,278.5,270.0,,270.0,274.0,-4.0,,34079.0,9293538.0,129.0,8.5,3.068592057761733,-1.4598540145985401,72042.93023255814,272.7057131958097
2026-05-12T06:15:26+00:00,2026-05-12T12:00:26+05:45,2026-05-12,12:00:26,1778566526,1,6,12,nepse_official,OPEN,2026-05-12,HIDCLP,Hydorelectricity Investment and Development Company Limited Promoter,209.4,209.7,204.0,,206.5,207.4,-0.9000000000000057,,94698.0,19449145.0,122.0,5.699999999999989,2.7220630372492782,-0.43394406943105385,159419.2213114754,205.38073665758517
2026-05-12T06:15:26+00:00,2026-05-12T12:00:26+05:45,2026-05-12,12:00:26,1778566526,1,6,12,nepse_official,OPEN,2026-05-12,HIMSTAR,Him Star Urja Company Limited,925.0,925.0,885.0,,886.0,920.0,-34.0,,4437.0,4009202.6,83.0,40.0,4.324324324324325,-3.6956521739130435,48303.64578313253,903.5840883479829
2026-05-12T06:15:26+00:00,2026-05-12T12:00:26+05:45,2026-05-12,12:00:26,1778566526,1,6,12,nepse_official,OPEN,2026-05-12,HLBSL,Himalayan Laghubitta Bittiya Sanstha Limited,911.0,911.0,910.0,,910.0,907.0,3.0,,1010.0,920090.0,4.0,1.0,0.10976948408342481,0.33076074972436603,230022.5,910.980198019802
2026-05-12T06:15:26+00:00,2026-05-12T12:00:26+05:45,2026-05-12,12:00:26,1778566526,1,6,12,nepse_official,OPEN,2026-05-12,HLI,Himalayan Life Insurance Limited,348.9,348.9,343.0,,343.2,344.5,-1.3000000000000114,,11059.0,3806346.0,109.0,5.899999999999977,1.6910289481226648,-0.37735849056604104,34920.605504587154,344.18536938240345
2026-05-12T06:15:26+00:00,2026-05-12T12:00:26+05:45,2026-05-12,12:00:26,1778566526,1,6,12,nepse_official,OPEN,2026-05-12,HLICF,HLI Large Cap Fund,8.95,9.03,8.95,,9.03,9.1,-0.07000000000000028,,500.0,4507.0,5.0,0.08000000000000007,0.8938547486033528,-0.7692307692307724,901.4,9.014
2026-05-12T06:15:26+00:00,2026-05-12T12:00:26+05:45,2026-05-12,12:00:26,1778566526,1,6,12,nepse_official,OPEN,2026-05-12,HPPL,Himalayan Power Partner Ltd.,375.0,382.8,375.0,,378.1,382.8,-4.699999999999989,,6793.0,2579127.5,46.0,7.800000000000011,2.080000000000003,-1.2277951933124316,56067.989130434784,379.6742970705138
2026-05-12T06:15:26+00:00,2026-05-12T12:00:26+05:45,2026-05-12,12:00:26,1778566526,1,6,12,nepse_official,OPEN,2026-05-12,HRL,Himalayan Reinsurance Limited,709.0,715.0,696.0,,698.0,704.0,-6.0,,36569.0,25731742.9,396.0,19.0,2.6798307475317347,-0.8522727272727272,64979.14873737373,703.649071618037
2026-05-12T06:15:26+00:00,2026-05-12T12:00:26+05:45,2026-05-12,12:00:26,1778566526,1,6,12,nepse_official,OPEN,2026-05-12,HURJA,Himalaya Urja Bikas Company Limited,264.8,265.9,259.9,,261.6,263.0,-1.3999999999999773,,35886.0,9425892.1,95.0,6.0,2.2658610271903323,-0.5323193916349723,99219.91684210526,262.66209942596
2026-05-12T06:15:26+00:00,2026-05-12T12:00:26+05:45,2026-05-12,12:00:26,1778566526,1,6,12,nepse_official,OPEN,2026-05-12,ICFC,ICFC Finance Limited,636.1,636.1,633.1,,634.0,635.1,-1.1000000000000227,,985.0,626116.2,9.0,3.0,0.4716239584970916,-0.17320107069753152,69568.46666666666,635.650964467005
2026-05-12T06:15:26+00:00,2026-05-12T12:00:26+05:45,2026-05-12,12:00:26,1778566526,1,6,12,nepse_official,OPEN,2026-05-12,ICFCD88,9% ICFC Finance Limited Debenture 2088,1135.0,1135.0,1135.0,,1135.0,1160.0,-25.0,,25.0,28375.0,1.0,0.0,0.0,-2.1551724137931036,28375.0,1135.0
2026-05-12T06:15:26+00:00,2026-05-12T12:00:26+05:45,2026-05-12,12:00:26,1778566526,1,6,12,nepse_official,OPEN,2026-05-12,IGI,IGI Prudential insurance Limited,443.9,443.9,421.1,,437.5,432.0,5.5,,767.0,329068.5,12.0,22.799999999999955,5.136291957648109,1.2731481481481481,27422.375,429.03324641460233
2026-05-12T06:15:26+00:00,2026-05-12T12:00:26+05:45,2026-05-12,12:00:26,1778566526,1,6,12,nepse_official,OPEN,2026-05-12,IHL,Ingwa Hydropower Limited,400.0,408.6,399.0,,400.1,397.0,3.1000000000000227,,6520.0,2628305.0,55.0,9.600000000000023,2.4000000000000057,0.7808564231738093,47787.36363636364,403.11426380368096
2026-05-12T06:15:26+00:00,2026-05-12T12:00:26+05:45,2026-05-12,12:00:26,1778566526,1,6,12,nepse_official,OPEN,2026-05-12,ILBS,Infinity Laghubitta Bittiya Sanstha Limited,925.0,976.0,925.0,,932.3,949.9,-17.600000000000023,,157.0,148532.7,11.0,51.0,5.513513513513513,-1.852826613327721,13502.972727272729,946.0681528662421
2026-05-12T06:15:26+00:00,2026-05-12T12:00:26+05:45,2026-05-12,12:00:26,1778566526,1,6,12,nepse_official,OPEN,2026-05-12,ILI,IME Life Insurance Company Limited,450.0,450.0,437.1,,440.0,443.0,-3.0,,4425.0,1962291.6,46.0,12.899999999999977,2.8666666666666614,-0.6772009029345373,42658.51304347826,443.45572881355935
2026-05-12T06:15:26+00:00,2026-05-12T12:00:26+05:45,2026-05-12,12:00:26,1778566526,1,6,12,nepse_official,OPEN,2026-05-12,JBBL,Jyoti Bikas Bank Limited,369.0,369.0,360.0,,360.0,366.0,-6.0,,20041.0,7249850.7,50.0,9.0,2.4390243902439024,-1.639344262295082,144997.014,361.7509455615987
2026-05-12T06:15:26+00:00,2026-05-12T12:00:26+05:45,2026-05-12,12:00:26,1778566526,1,6,12,nepse_official,OPEN,2026-05-12,JBLB,Jeevan Bikas Laghubitta  Bittya Sanstha Ltd,1321.0,1329.8,1302.0,,1308.0,1320.0,-12.0,,971.0,1282317.8,37.0,27.799999999999955,2.1044663133989365,-0.9090909090909091,34657.23783783784,1320.6156539649846
2026-05-12T06:15:26+00:00,2026-05-12T12:00:26+05:45,2026-05-12,12:00:26,1778566526,1,6,12,nepse_official,OPEN,2026-05-12,JFL,Janaki Finance Company Limited,423.0,423.0,405.0,,409.0,415.0,-6.0,,1758.0,719847.0,14.0,18.0,4.25531914893617,-1.4457831325301205,51417.642857142855,409.46928327645054
2026-05-12T06:15:26+00:00,2026-05-12T12:00:26+05:45,2026-05-12,12:00:26,1778566526,1,6,12,nepse_official,OPEN,2026-05-12,JHAPA,Jhapa Energy Limited,1883.0,1883.0,1680.0,,1736.7,1799.0,-62.299999999999955,,3334.0,5929587.2,78.0,203.0,10.780669144981413,-3.4630350194552504,76020.34871794873,1778.5204559088183
2026-05-12T06:15:26+00:00,2026-05-12T12:00:26+05:45,2026-05-12,12:00:26,1778566526,1,6,12,nepse_official,OPEN,2026-05-12,JOSHI,Joshi Hydropower Development Company Ltd,292.5,294.0,285.6,,286.1,284.4,1.7000000000000455,,7645.0,2197125.0,38.0,8.399999999999977,2.8717948717948643,0.5977496483825758,57819.07894736842,287.39372138652715
2026-05-12T06:15:26+00:00,2026-05-12T12:00:26+05:45,2026-05-12,12:00:26,1778566526,1,6,12,nepse_official,OPEN,2026-05-12,JSLBB,Janautthan Samudayic Laghubitta Bittya Sanstha Limited,1111.0,1111.0,1100.1,,1100.1,1120.0,-19.90000000000009,,325.0,359612.5,4.0,10.900000000000091,0.9810981098109893,-1.7767857142857224,89903.125,1106.5
2026-05-12T06:15:26+00:00,2026-05-12T12:00:26+05:45,2026-05-12,12:00:26,1778566526,1,6,12,nepse_official,OPEN,2026-05-12,KBL,Kumari Bank Limited,225.0,225.0,220.2,,220.2,222.4,-2.200000000000017,,54917.0,12202741.5,176.0,4.800000000000011,2.1333333333333386,-0.9892086330935329,69333.75852272728,222.20335233170056
2026-05-12T06:15:26+00:00,2026-05-12T12:00:26+05:45,2026-05-12,12:00:26,1778566526,1,6,12,nepse_official,OPEN,2026-05-12,KDBY,Kumari Dhanabriddhi Yojana,11.92,11.92,11.54,,11.54,12.54,-1.0,,5823.0,67650.42,7.0,0.3800000000000008,3.1879194630872547,-7.974481658692185,9664.345714285713,11.617794951056156
2026-05-12T06:15:26+00:00,2026-05-12T12:00:26+05:45,2026-05-12,12:00:26,1778566526,1,6,12,nepse_official,OPEN,2026-05-12,KDL,Kalinchowk Darshan Limited,840.0,840.0,830.5,,832.0,830.1,1.8999999999999773,,650.0,541675.0,13.0,9.5,1.130952380952381,0.22888808577279574,41667.307692307695,833.3461538461538
2026-05-12T06:15:26+00:00,2026-05-12T12:00:26+05:45,2026-05-12,12:00:26,1778566526,1,6,12,nepse_official,OPEN,2026-05-12,KEF,Kumari Equity Fund,10.55,10.99,10.55,,10.67,10.68,-0.009999999999999787,,1700.0,18179.0,8.0,0.4399999999999995,4.170616113744071,-0.09363295880149614,2272.375,10.693529411764706
2026-05-12T06:15:26+00:00,2026-05-12T12:00:26+05:45,2026-05-12,12:00:26,1778566526,1,6,12,nepse_official,OPEN,2026-05-12,KKHC,Khanikhola Hydropower Co. Ltd.,274.0,277.9,267.0,,268.2,271.0,-2.8000000000000114,,9315.0,2516414.0,39.0,10.899999999999977,3.978102189781014,-1.0332103321033252,64523.4358974359,270.1464304884595
2026-05-12T06:15:26+00:00,2026-05-12T12:00:26+05:45,2026-05-12,12:00:26,1778566526,1,6,12,nepse_official,OPEN,2026-05-12,KMCDB,Kalika Laghubitta Bittiya Sanstha Ltd,922.0,922.0,870.0,,870.0,879.0,-9.0,,1402.0,1231933.6,16.0,52.0,5.639913232104121,-1.023890784982935,76995.85,878.6972895863054
2026-05-12T06:15:26+00:00,2026-05-12T12:00:26+05:45,2026-05-12,12:00:26,1778566526,1,6,12,nepse_official,OPEN,2026-05-12,KPCL,Kalika power Company Ltd,500.0,500.0,495.0,,499.0,500.0,-1.0,,1165.0,578932.0,13.0,5.0,1.0,-0.2,44533.230769230766,496.937339055794
2026-05-12T06:15:26+00:00,2026-05-12T12:00:26+05:45,2026-05-12,12:00:26,1778566526,1,6,12,nepse_official,OPEN,2026-05-12,KSBBL,Kamana Sewa Bikas Bank Limited,494.0,494.0,481.5,,483.0,485.0,-2.0,,2540.0,1229721.2,14.0,12.5,2.5303643724696356,-0.4123711340206186,87837.22857142857,484.14220472440945
2026-05-12T06:15:26+00:00,2026-05-12T12:00:26+05:45,2026-05-12,12:00:26,1778566526,1,6,12,nepse_official,OPEN,2026-05-12,KSY,Kumari Sabal Yojana,9.45,9.46,9.45,,9.46,9.74,-0.27999999999999936,,400.0,3781.5,3.0,0.010000000000001563,0.10582010582012237,-2.8747433264886997,1260.5,9.45375
2026-05-12T06:15:26+00:00,2026-05-12T12:00:26+05:45,2026-05-12,12:00:26,1778566526,1,6,12,nepse_official,OPEN,2026-05-12,LBBL,Lumbini Bikas Bank Ltd.,494.5,495.0,490.0,,490.1,492.9,-2.7999999999999545,,6816.0,3350503.5,49.0,5.0,1.0111223458038423,-0.5680665449381122,68377.62244897959,491.5644806338028
2026-05-12T06:15:26+00:00,2026-05-12T12:00:26+05:45,2026-05-12,12:00:26,1778566526,1,6,12,nepse_official,OPEN,2026-05-12,LEC,Liberty Energy Company Limited,235.0,235.9,229.2,,231.0,232.0,-1.0,,31126.0,7229267.9,93.0,6.700000000000017,2.851063829787241,-0.43103448275862066,77734.06344086022,232.25817323138213
2026-05-12T06:15:26+00:00,2026-05-12T12:00:26+05:45,2026-05-12,12:00:26,1778566526,1,6,12,nepse_official,OPEN,2026-05-12,LICN,Life Insurance Corporation (Nepal) Limited,821.0,828.8,815.0,,815.1,818.0,-2.8999999999999773,,1047.0,857415.4,11.0,13.799999999999955,1.680876979293539,-0.3545232273838603,77946.85454545455,818.9258834765998
2026-05-12T06:15:26+00:00,2026-05-12T12:00:26+05:45,2026-05-12,12:00:26,1778566526,1,6,12,nepse_official,OPEN,2026-05-12,LLBS,Laxmi Laghubitta Bittiya Sanstha Ltd.,970.0,970.0,945.0,,945.0,951.0,-6.0,,214.0,204319.0,5.0,25.0,2.5773195876288657,-0.6309148264984227,40863.8,954.7616822429907
2026-05-12T06:15:26+00:00,2026-05-12T12:00:26+05:45,2026-05-12,12:00:26,1778566526,1,6,12,nepse_official,OPEN,2026-05-12,LSL,Laxmi Sunrise Bank Limited,222.0,223.0,217.0,,218.1,220.9,-2.8000000000000114,,12632.0,2764501.8,35.0,6.0,2.7027027027027026,-1.2675418741512048,78985.7657142857,218.8490975300823
2026-05-12T06:15:26+00:00,2026-05-12T12:00:26+05:45,2026-05-12,12:00:26,1778566526,1,6,12,nepse_official,OPEN,2026-05-12,LUK,Laxmi Unnati Kosh,9.94,9.97,9.94,,9.97,9.95,0.02000000000000135,,600.0,5979.0,2.0,0.030000000000001137,0.3018108651911583,0.20100502512564172,2989.5,9.965
2026-05-12T06:15:26+00:00,2026-05-12T12:00:26+05:45,2026-05-12,12:00:26,1778566526,1,6,12,nepse_official,OPEN,2026-05-12,LVF2,Laxmi Value Fund 2,9.43,9.71,9.43,,9.71,9.4,0.3100000000000005,,4370.0,41529.0,3.0,0.28000000000000114,2.9692470837751976,3.2978723404255375,13843.0,9.50320366132723
2026-05-12T06:15:26+00:00,2026-05-12T12:00:26+05:45,2026-05-12,12:00:26,1778566526,1,6,12,nepse_official,OPEN,2026-05-12,MABEL,Mabilung Energy Limited,685.0,690.0,666.1,,674.0,678.1,-4.100000000000023,,1948.0,1317920.2,40.0,23.899999999999977,3.489051094890508,-0.6046305854593751,32948.005,676.5504106776181
2026-05-12T06:15:26+00:00,2026-05-12T12:00:26+05:45,2026-05-12,12:00:26,1778566526,1,6,12,nepse_official,OPEN,2026-05-12,MAKAR,Makar Jitumaya Suri Hydropower Limited,492.7,496.1,492.7,,495.0,492.0,3.0,,2005.0,991630.5,15.0,3.400000000000034,0.6900750964075572,0.6097560975609756,66108.7,494.5788029925187
2026-05-12T06:15:26+00:00,2026-05-12T12:00:26+05:45,2026-05-12,12:00:26,1778566526,1,6,12,nepse_official,OPEN,2026-05-12,MANDU,Mandu Hydropower Limited,820.0,825.0,809.1,,820.0,815.0,5.0,,216.0,176752.0,10.0,15.899999999999977,1.9390243902438997,0.6134969325153374,17675.2,818.2962962962963
2026-05-12T06:15:26+00:00,2026-05-12T12:00:26+05:45,2026-05-12,12:00:26,1778566526,1,6,12,nepse_official,OPEN,2026-05-12,MATRI,Matribhumi Lagubitta Bittiya Sanstha Limited,901.0,901.0,900.0,,900.0,919.5,-19.5,,180.0,162020.0,4.0,1.0,0.11098779134295228,-2.1207177814029365,40505.0,900.1111111111111
2026-05-12T06:15:26+00:00,2026-05-12T12:00:26+05:45,2026-05-12,12:00:26,1778566526,1,6,12,nepse_official,OPEN,2026-05-12,MBJC,Madhya Bhotekoshi Jalavidyut Company Limited,290.0,290.3,285.3,,288.0,288.0,0.0,,22412.0,6456605.0,106.0,5.0,1.7241379310344827,0.0,60911.3679245283,288.0869623416027
2026-05-12T06:15:26+00:00,2026-05-12T12:00:26+05:45,2026-05-12,12:00:26,1778566526,1,6,12,nepse_official,OPEN,2026-05-12,MBL,Machhapuchhre Bank Limited,253.0,254.0,250.4,,251.2,253.0,-1.8000000000000114,,8890.0,2237170.8,32.0,3.5999999999999943,1.4229249011857685,-0.7114624505928898,69911.5875,251.65025871766028
2026-05-12T06:15:26+00:00,2026-05-12T12:00:26+05:45,2026-05-12,12:00:26,1778566526,1,6,12,nepse_official,OPEN,2026-05-12,MBLEF,MBL Equity Fund,10.05,10.35,10.05,,10.2,10.02,0.17999999999999972,,400.0,4075.0,4.0,0.29999999999999893,2.9850746268656607,1.7964071856287396,1018.75,10.1875
2026-05-12T06:15:26+00:00,2026-05-12T12:00:26+05:45,2026-05-12,12:00:26,1778566526,1,6,12,nepse_official,OPEN,2026-05-12,MCHL,Menchhiyam Hydropower Limited,324.7,326.0,318.0,,319.0,321.0,-2.0,,5021.0,1620357.0,43.0,8.0,2.4638127502309826,-0.6230529595015576,37682.72093023256,322.7159928301135
2026-05-12T06:15:26+00:00,2026-05-12T12:00:26+05:45,2026-05-12,12:00:26,1778566526,1,6,12,nepse_official,OPEN,2026-05-12,MDB,Miteri Development Bank Limited,605.5,607.1,605.5,,605.7,605.0,0.7000000000000455,,1405.0,850971.1,11.0,1.6000000000000227,0.2642444260941408,0.11570247933885049,77361.0090909091,605.6733807829181
2026-05-12T06:15:26+00:00,2026-05-12T12:00:26+05:45,2026-05-12,12:00:26,1778566526,1,6,12,nepse_official,OPEN,2026-05-12,MEHL,Manakamana Engineering Hydropower Limited,379.0,398.0,379.0,,383.0,386.5,-3.5,,1771.0,681165.0,19.0,19.0,5.013192612137203,-0.9055627425614489,35850.78947368421,384.6216826651609
2026-05-12T06:15:26+00:00,2026-05-12T12:00:26+05:45,2026-05-12,12:00:26,1778566526,1,6,12,nepse_official,OPEN,2026-05-12,MEL,Modi Energy Limited,240.0,241.0,235.5,,236.0,239.1,-3.0999999999999943,,4878.0,1158040.9,57.0,5.5,2.2916666666666665,-1.2965286491007924,20316.50701754386,237.40075850758507
2026-05-12T06:15:26+00:00,2026-05-12T12:00:26+05:45,2026-05-12,12:00:26,1778566526,1,6,12,nepse_official,OPEN,2026-05-12,MEN,Mountain Energy Nepal Limited,618.0,622.9,601.0,,603.5,607.0,-3.5,,13912.0,8520344.5,77.0,21.899999999999977,3.5436893203883457,-0.5766062602965404,110653.82467532468,612.4456943645773
2026-05-12T06:15:26+00:00,2026-05-12T12:00:26+05:45,2026-05-12,12:00:26,1778566526,1,6,12,nepse_official,OPEN,2026-05-12,MERO,Mero Microfinance Bittiya Sanstha Ltd.,730.0,735.0,726.0,,735.0,735.0,0.0,,272.0,198638.0,6.0,9.0,1.2328767123287672,0.0,33106.333333333336,730.2867647058823
2026-05-12T06:15:26+00:00,2026-05-12T12:00:26+05:45,2026-05-12,12:00:26,1778566526,1,6,12,nepse_official,OPEN,2026-05-12,MFIL,Manjushree Finance Ltd.,811.0,818.9,808.1,,810.0,818.0,-8.0,,19390.0,15738797.7,56.0,10.799999999999955,1.3316892725030771,-0.9779951100244498,281049.95892857143,811.6966322846828
2026-05-12T06:15:26+00:00,2026-05-12T12:00:26+05:45,2026-05-12,12:00:26,1778566526,1,6,12,nepse_official,OPEN,2026-05-12,MHCL,Molung Hydropower Company Limited,338.0,360.0,338.0,,351.2,355.0,-3.8000000000000114,,2937.0,1035092.0,28.0,22.0,6.508875739644971,-1.0704225352112708,36967.57142857143,352.43173306094656
2026-05-12T06:15:26+00:00,2026-05-12T12:00:26+05:45,2026-05-12,12:00:26,1778566526,1,6,12,nepse_official,OPEN,2026-05-12,MHL,Mandakini Hydropower Limited,501.1,508.8,500.0,,500.0,505.0,-5.0,,1010.0,505961.0,16.0,8.800000000000011,1.7561364997006608,-0.9900990099009901,31622.5625,500.95148514851485
2026-05-12T06:15:26+00:00,2026-05-12T12:00:26+05:45,2026-05-12,12:00:26,1778566526,1,6,12,nepse_official,OPEN,2026-05-12,MHNL,Mountain Hydro Nepal Limited,255.4,277.8,255.4,,273.0,268.8,4.199999999999989,,2269.0,624050.0,32.0,22.400000000000006,8.770555990602977,1.5624999999999956,19501.5625,275.0330542089026
2026-05-12T06:15:26+00:00,2026-05-12T12:00:26+05:45,2026-05-12,12:00:26,1778566526,1,6,12,nepse_official,OPEN,2026-05-12,MKCL,Muktinath Krishi Company Limited,1295.0,1340.0,1295.0,,1340.0,1320.0,20.0,,150.0,199802.0,9.0,45.0,3.474903474903475,1.5151515151515151,22200.222222222223,1332.0133333333333
2026-05-12T06:15:26+00:00,2026-05-12T12:00:26+05:45,2026-05-12,12:00:26,1778566526,1,6,12,nepse_official,OPEN,2026-05-12,MKHC,Maya Khola Hydropower Company Limited,325.1,326.0,320.0,,321.6,322.0,-0.39999999999997726,,4280.0,1385034.0,32.0,6.0,1.845585973546601,-0.12422360248446498,43282.3125,323.60607476635516
2026-05-12T06:15:26+00:00,2026-05-12T12:00:26+05:45,2026-05-12,12:00:26,1778566526,1,6,12,nepse_official,OPEN,2026-05-12,MKHL,Mai Khola Hydropower Limited,523.0,530.0,518.0,,518.0,530.0,-12.0,,2795.0,1459835.0,25.0,12.0,2.294455066921606,-2.2641509433962264,58393.4,522.3023255813954
2026-05-12T06:15:26+00:00,2026-05-12T12:00:26+05:45,2026-05-12,12:00:26,1778566526,1,6,12,nepse_official,OPEN,2026-05-12,MKJC,Mailung Khola Jal Vidhyut Company Limited,505.0,506.0,493.0,,500.0,500.0,0.0,,1492.0,751804.0,14.0,13.0,2.5742574257425743,0.0,53700.28571428572,503.89008042895443
2026-05-12T06:15:26+00:00,2026-05-12T12:00:26+05:45,2026-05-12,12:00:26,1778566526,1,6,12,nepse_official,OPEN,2026-05-12,MLBBL,Mithila LaghuBitta Bittiya Sanstha Limited,1207.0,1207.0,1200.0,,1200.0,1218.0,-18.0,,530.0,638690.0,8.0,7.0,0.579950289975145,-1.477832512315271,79836.25,1205.0754716981132
2026-05-12T06:15:26+00:00,2026-05-12T12:00:26+05:45,2026-05-12,12:00:26,1778566526,1,6,12,nepse_official,OPEN,2026-05-12,MLBL,Mahalaxmi Bikas Bank Ltd.,377.9,377.9,370.0,,370.0,374.0,-4.0,,1606.0,596440.6,18.0,7.899999999999977,2.090500132310129,-1.06951871657754,33135.58888888889,371.3826899128269
2026-05-12T06:15:26+00:00,2026-05-12T12:00:26+05:45,2026-05-12,12:00:26,1778566526,1,6,12,nepse_official,OPEN,2026-05-12,MLBS,Manushi Laghubitta Bittiya Sanstha Limited,1308.0,1308.0,1305.0,,1305.0,1270.0,35.0,,30.0,39180.0,3.0,3.0,0.22935779816513763,2.7559055118110236,13060.0,1306.0
2026-05-12T06:15:26+00:00,2026-05-12T12:00:26+05:45,2026-05-12,12:00:26,1778566526,1,6,12,nepse_official,OPEN,2026-05-12,MLBSL,Mahila Lagubitta Bittiya Sanstha Limited ,1801.0,1801.0,1800.0,,1800.0,1829.9,-29.90000000000009,,35.0,63010.0,2.0,1.0,0.055524708495280406,-1.6339690693480569,31505.0,1800.2857142857142
2026-05-12T06:15:26+00:00,2026-05-12T12:00:26+05:45,2026-05-12,12:00:26,1778566526,1,6,12,nepse_official,OPEN,2026-05-12,MMF1,Mega Mutual Fund -1,9.79,10.07,9.79,,9.97,9.51,0.46000000000000085,,700.0,6954.0,5.0,0.28000000000000114,2.860061287027591,4.83701366982125,1390.8,9.934285714285714
2026-05-12T06:15:26+00:00,2026-05-12T12:00:26+05:45,2026-05-12,12:00:26,1778566526,1,6,12,nepse_official,OPEN,2026-05-12,MMKJL,Mathillo Mailun Khola Jalvidhyut Limited,491.1,495.0,491.0,,491.0,493.0,-2.0,,1100.0,542001.0,13.0,4.0,0.8144980655670943,-0.4056795131845842,41692.38461538462,492.72818181818184
2026-05-12T06:15:26+00:00,2026-05-12T12:00:26+05:45,2026-05-12,12:00:26,1778566526,1,6,12,nepse_official,OPEN,2026-05-12,MNBBL,Muktinath Bikas Bank Ltd.,375.8,379.8,375.8,,376.1,375.8,0.30000000000001137,,3259.0,1233026.1,34.0,4.0,1.06439595529537,0.07982969664715577,36265.47352941177,378.34492175513964
2026-05-12T06:15:26+00:00,2026-05-12T12:00:26+05:45,2026-05-12,12:00:26,1778566526,1,6,12,nepse_official,OPEN,2026-05-12,MNMF1,Muktinath Mutual Fund 1,9.9,9.9,9.75,,9.81,9.9,-0.08999999999999986,,1400.0,13693.0,5.0,0.15000000000000036,1.5151515151515187,-0.9090909090909076,2738.6,9.780714285714286
2026-05-12T06:15:26+00:00,2026-05-12T12:00:26+05:45,2026-05-12,12:00:26,1778566526,1,6,12,nepse_official,OPEN,2026-05-12,MPFL,Multipurpose Finance Company  Limited,643.0,643.0,624.0,,637.0,643.0,-6.0,,6431.0,4071260.9,37.0,19.0,2.9548989113530326,-0.9331259720062209,110034.07837837837,633.0680920541129
2026-05-12T06:15:26+00:00,2026-05-12T12:00:26+05:45,2026-05-12,12:00:26,1778566526,1,6,12,nepse_official,OPEN,2026-05-12,MSHL,Mid Solu Hydropower Limited,700.0,700.1,700.0,,700.1,709.0,-8.899999999999977,,65.0,45505.5,4.0,0.10000000000002274,0.014285714285717534,-1.255289139633283,11376.375,700.0846153846154
2026-05-12T06:15:26+00:00,2026-05-12T12:00:26+05:45,2026-05-12,12:00:26,1778566526,1,6,12,nepse_official,OPEN,2026-05-12,MSLB,Mahuli Laghubitta Bittiya Sanstha Limited,1245.0,1255.0,1230.2,,1255.0,1245.0,10.0,,104.0,128588.2,6.0,24.799999999999955,1.9919678714859401,0.8032128514056224,21431.366666666665,1236.425
2026-05-12T06:15:26+00:00,2026-05-12T12:00:26+05:45,2026-05-12,12:00:26,1778566526,1,6,12,nepse_official,OPEN,2026-05-12,NABBC,Narayani Development Bank Limited,1060.0,1079.0,1032.5,,1032.5,1054.0,-21.5,,163.0,171537.5,7.0,46.5,4.386792452830188,-2.0398481973434532,24505.35714285714,1052.377300613497
2026-05-12T06:15:26+00:00,2026-05-12T12:00:26+05:45,2026-05-12,12:00:26,1778566526,1,6,12,nepse_official,OPEN,2026-05-12,NABIL,Nabil Bank Limited,530.0,533.0,528.0,,528.3,527.0,1.2999999999999545,,8175.0,4333870.9,136.0,5.0,0.9433962264150944,0.2466793168880369,31866.69779411765,530.1371131498471
2026-05-12T06:15:26+00:00,2026-05-12T12:00:26+05:45,2026-05-12,12:00:26,1778566526,1,6,12,nepse_official,OPEN,2026-05-12,NADEP,Nadep Laghubittiya bittya Sanstha Ltd.,783.0,783.9,761.0,,761.0,771.0,-10.0,,250.0,192425.0,8.0,22.899999999999977,2.9246487867177495,-1.297016861219196,24053.125,769.7
2026-05-12T06:15:26+00:00,2026-05-12T12:00:26+05:45,2026-05-12,12:00:26,1778566526,1,6,12,nepse_official,OPEN,2026-05-12,NBF3,Nabil Balanced Fund-3,9.73,10.07,9.73,,9.9,9.93,-0.02999999999999936,,6200.0,61588.0,12.0,0.33999999999999986,3.4943473792394637,-0.30211480362537124,5132.333333333333,9.933548387096774
2026-05-12T06:15:26+00:00,2026-05-12T12:00:26+05:45,2026-05-12,12:00:26,1778566526,1,6,12,nepse_official,OPEN,2026-05-12,NBL,Nepal Bank Limited,269.8,272.9,266.1,,267.0,269.5,-2.5,,8760.0,2344718.6,56.0,6.7999999999999545,2.520385470719034,-0.927643784786642,41869.975,267.6619406392694
2026-05-12T06:15:26+00:00,2026-05-12T12:00:26+05:45,2026-05-12,12:00:26,1778566526,1,6,12,nepse_official,OPEN,2026-05-12,NESDO,NESDO Sambridha Laghubitta Bittiya Sanstha Limited,1537.0,1537.0,1537.0,,1537.0,1568.9,-31.90000000000009,,22.0,33814.0,2.0,0.0,0.0,-2.0332717190388228,16907.0,1537.0
2026-05-12T06:15:26+00:00,2026-05-12T12:00:26+05:45,2026-05-12,12:00:26,1778566526,1,6,12,nepse_official,OPEN,2026-05-12,NFS,Nepal Finance Ltd.,579.0,593.7,579.0,,581.0,579.0,2.0,,1651.0,961238.0,17.0,14.700000000000045,2.5388601036269507,0.3454231433506045,56543.41176470588,582.2156268927922
2026-05-12T06:15:26+00:00,2026-05-12T12:00:26+05:45,2026-05-12,12:00:26,1778566526,1,6,12,nepse_official,OPEN,2026-05-12,NGPL,Ngadi Group Power Ltd.,455.0,458.0,450.2,,452.0,454.4,-2.3999999999999773,,56747.0,25781315.2,219.0,7.800000000000011,1.7142857142857169,-0.5281690140845021,117722.900456621,454.3203200169172
2026-05-12T06:15:26+00:00,2026-05-12T12:00:26+05:45,2026-05-12,12:00:26,1778566526,1,6,12,nepse_official,OPEN,2026-05-12,NHDL,Nepal Hydro Developers Ltd.,635.0,635.0,630.0,,630.0,636.9,-6.899999999999977,,520.0,330100.0,2.0,5.0,0.7874015748031495,-1.083372585963256,165050.0,634.8076923076923
2026-05-12T06:15:26+00:00,2026-05-12T12:00:26+05:45,2026-05-12,12:00:26,1778566526,1,6,12,nepse_official,OPEN,2026-05-12,NHPC,National Hydro Power Company Limited,300.0,302.0,292.0,,293.5,296.5,-3.0,,132237.0,39131981.1,455.0,10.0,3.3333333333333335,-1.0118043844856661,86004.35406593407,295.9230858231811
2026-05-12T06:15:26+00:00,2026-05-12T12:00:26+05:45,2026-05-12,12:00:26,1778566526,1,6,12,nepse_official,OPEN,2026-05-12,NIBLSTF,NIBL Stable Fund,9.32,9.32,9.32,,9.32,9.6,-0.27999999999999936,,100.0,932.0,1.0,0.0,0.0,-2.9166666666666603,932.0,9.32
2026-05-12T06:15:26+00:00,2026-05-12T12:00:26+05:45,2026-05-12,12:00:26,1778566526,1,6,12,nepse_official,OPEN,2026-05-12,NIBSF2,NIBL Samriddhi Fund -2,9.16,9.37,9.1,,9.37,9.16,0.20999999999999908,,1300.0,12112.0,3.0,0.2699999999999996,2.9475982532751046,2.2925764192139635,4037.3333333333335,9.316923076923077
2026-05-12T06:15:26+00:00,2026-05-12T12:00:26+05:45,2026-05-12,12:00:26,1778566526,1,6,12,nepse_official,OPEN,2026-05-12,NICA,NIC Asia Bank Ltd.,364.0,364.9,360.1,,361.0,364.8,-3.8000000000000114,,13307.0,4809684.3,65.0,4.7999999999999545,1.3186813186813062,-1.0416666666666696,73995.14307692308,361.44016682948825
2026-05-12T06:15:26+00:00,2026-05-12T12:00:26+05:45,2026-05-12,12:00:26,1778566526,1,6,12,nepse_official,OPEN,2026-05-12,NICAD2091,7% NIC ASIA Debenture 2091,1041.1,1046.1,1041.1,,1046.1,1047.0,-0.900000000000091,,50.0,52180.0,3.0,5.0,0.48026126212659687,-0.08595988538682817,17393.333333333332,1043.6
2026-05-12T06:15:26+00:00,2026-05-12T12:00:26+05:45,2026-05-12,12:00:26,1778566526,1,6,12,nepse_official,OPEN,2026-05-12,NICBF,NIC Asia Balanced Fund,9.66,9.66,9.66,,9.66,9.95,-0.28999999999999915,,250.0,2415.0,1.0,0.0,0.0,-2.9145728643216,2415.0,9.66
2026-05-12T06:15:26+00:00,2026-05-12T12:00:26+05:45,2026-05-12,12:00:26,1778566526,1,6,12,nepse_official,OPEN,2026-05-12,NICFC,NIC Asia Flexi CAP Fund,9.3,9.57,9.3,,9.57,9.57,0.0,,200.0,1887.0,2.0,0.2699999999999996,2.903225806451608,0.0,943.5,9.435
2026-05-12T06:15:26+00:00,2026-05-12T12:00:26+05:45,2026-05-12,12:00:26,1778566526,1,6,12,nepse_official,OPEN,2026-05-12,NICL,Nepal Insurance Co. Ltd.,494.0,496.0,491.0,,495.0,497.8,-2.8000000000000114,,2545.0,1252623.0,17.0,5.0,1.0121457489878543,-0.5624748895138633,73683.70588235294,492.18978388998033
2026-05-12T06:15:26+00:00,2026-05-12T12:00:26+05:45,2026-05-12,12:00:26,1778566526,1,6,12,nepse_official,OPEN,2026-05-12,NICLBSL,NIC ASIA Laghubitta Bittiya Sanstha Limited,590.0,592.0,583.0,,585.0,583.0,2.0,,1155.0,677606.0,23.0,9.0,1.5254237288135595,0.34305317324185247,29461.130434782608,586.6718614718615
2026-05-12T06:15:26+00:00,2026-05-12T12:00:26+05:45,2026-05-12,12:00:26,1778566526,1,6,12,nepse_official,OPEN,2026-05-12,NICSF,NIC Asia Select Fund 30,9.4,9.4,9.4,,9.4,9.6,-0.1999999999999993,,200.0,1880.0,1.0,0.0,0.0,-2.083333333333326,1880.0,9.4
2026-05-12T06:15:26+00:00,2026-05-12T12:00:26+05:45,2026-05-12,12:00:26,1778566526,1,6,12,nepse_official,OPEN,2026-05-12,NIFRA,Nepal Infrastructure Bank Limited,269.0,270.0,266.1,,268.0,267.2,0.8000000000000114,,18748.0,5029560.8,161.0,3.8999999999999773,1.4498141263940436,0.29940119760479467,31239.508074534162,268.27185833155534
2026-05-12T06:15:26+00:00,2026-05-12T12:00:26+05:45,2026-05-12,12:00:26,1778566526,1,6,12,nepse_official,OPEN,2026-05-12,NIMB,Nepal Investment Mega Bank Limited,209.1,209.1,201.5,,201.7,203.1,-1.4000000000000057,,15534.0,3146623.7,84.0,7.599999999999994,3.6346245815399305,-0.6893156080748428,37459.80595238096,202.56364748294067
2026-05-12T06:15:26+00:00,2026-05-12T12:00:26+05:45,2026-05-12,12:00:26,1778566526,1,6,12,nepse_official,OPEN,2026-05-12,NLG,NLG Insurance Company Ltd.,582.0,583.5,582.0,,583.5,580.0,3.5,,603.0,351324.0,11.0,1.5,0.25773195876288657,0.603448275862069,31938.545454545456,582.6268656716418
2026-05-12T06:15:26+00:00,2026-05-12T12:00:26+05:45,2026-05-12,12:00:26,1778566526,1,6,12,nepse_official,OPEN,2026-05-12,NLIC,Nepal Life Insurance Co. Ltd.,779.8,779.8,770.2,,771.0,770.0,1.0,,1835.0,1418793.5,36.0,9.599999999999909,1.2310848935624403,0.12987012987012986,39410.930555555555,773.1844686648501
2026-05-12T06:15:26+00:00,2026-05-12T12:00:26+05:45,2026-05-12,12:00:26,1778566526,1,6,12,nepse_official,OPEN,2026-05-12,NLICL,National Life Insurance Co. Ltd.,590.0,595.8,586.0,,586.0,586.0,0.0,,486.0,285226.0,7.0,9.799999999999955,1.6610169491525346,0.0,40746.57142857143,586.8847736625514
2026-05-12T06:15:26+00:00,2026-05-12T12:00:26+05:45,2026-05-12,12:00:26,1778566526,1,6,12,nepse_official,OPEN,2026-05-12,NMB,NMB Bank Limited,246.0,246.0,243.0,,245.0,244.0,1.0,,2610.0,638803.0,34.0,3.0,1.2195121951219512,0.4098360655737705,18788.323529411766,244.7521072796935
2026-05-12T06:15:26+00:00,2026-05-12T12:00:26+05:45,2026-05-12,12:00:26,1778566526,1,6,12,nepse_official,OPEN,2026-05-12,NMB50,NMB 50,10.61,10.81,10.61,,10.81,10.5,0.3100000000000005,,200.0,2142.0,2.0,0.20000000000000107,1.8850141376060423,2.952380952380957,1071.0,10.71
2026-05-12T06:15:26+00:00,2026-05-12T12:00:26+05:45,2026-05-12,12:00:26,1778566526,1,6,12,nepse_official,OPEN,2026-05-12,NMBHF2,NMB Hybrid Fund L- II,9.8,9.8,9.8,,9.8,9.88,-0.08000000000000007,,800.0,7840.0,7.0,0.0,0.0,-0.8097165991902842,1120.0,9.8
2026-05-12T06:15:26+00:00,2026-05-12T12:00:26+05:45,2026-05-12,12:00:26,1778566526,1,6,12,nepse_official,OPEN,2026-05-12,NMBMF,NMB  Microfinance Bittiya Sanstha Ltd.,663.6,663.6,646.0,,646.0,657.0,-11.0,,40.0,26016.0,2.0,17.600000000000023,2.6522001205545545,-1.67427701674277,13008.0,650.4
2026-05-12T06:15:26+00:00,2026-05-12T12:00:26+05:45,2026-05-12,12:00:26,1778566526,1,6,12,nepse_official,OPEN,2026-05-12,NMFBS,National Laghubitta Bittiya Sanstha Limited,1120.0,1120.0,1106.0,,1106.0,1120.0,-14.0,,94.0,103929.0,5.0,14.0,1.25,-1.25,20785.8,1105.627659574468
2026-05-12T06:15:26+00:00,2026-05-12T12:00:26+05:45,2026-05-12,12:00:26,1778566526,1,6,12,nepse_official,OPEN,2026-05-12,NMIC,Nepal Micro Insurance Company Limited,1075.0,1080.9,1036.0,,1040.0,1060.0,-20.0,,1365.0,1441622.1,38.0,44.90000000000009,4.17674418604652,-1.8867924528301887,37937.42368421053,1056.1334065934066
2026-05-12T06:15:26+00:00,2026-05-12T12:00:26+05:45,2026-05-12,12:00:26,1778566526,1,6,12,nepse_official,OPEN,2026-05-12,NMLBBL,Nerude Mirmire Laghubitta Bittiya Sanstha Limited,620.0,623.0,612.0,,617.0,623.0,-6.0,,515.0,317875.0,9.0,11.0,1.7741935483870968,-0.9630818619582664,35319.444444444445,617.2330097087379
2026-05-12T06:15:26+00:00,2026-05-12T12:00:26+05:45,2026-05-12,12:00:26,1778566526,1,6,12,nepse_official,OPEN,2026-05-12,NRIC,Nepal Reinsurance Company Limited,926.0,939.0,922.0,,924.8,921.9,2.8999999999999773,,6957.0,6451454.1,109.0,17.0,1.8358531317494602,0.3145677405358474,59187.65229357798,927.3327727468736
2026-05-12T06:15:26+00:00,2026-05-12T12:00:26+05:45,2026-05-12,12:00:26,1778566526,1,6,12,nepse_official,OPEN,2026-05-12,NRM,Nepal Republic Media Limited,410.0,410.0,399.0,,399.0,404.9,-5.899999999999977,,2077.0,832939.4,18.0,11.0,2.682926829268293,-1.457149913558898,46274.41111111111,401.03004333172845
2026-05-12T06:15:26+00:00,2026-05-12T12:00:26+05:45,2026-05-12,12:00:26,1778566526,1,6,12,nepse_official,OPEN,2026-05-12,NRN,NRN Infrastructure and Development Limited,1430.0,1430.0,1396.0,,1396.0,1427.0,-31.0,,19117.0,27070321.8,167.0,34.0,2.3776223776223775,-2.172389628591451,162097.73532934132,1416.0339906889158
2026-05-12T06:15:26+00:00,2026-05-12T12:00:26+05:45,2026-05-12,12:00:26,1778566526,1,6,12,nepse_official,OPEN,2026-05-12,NSY,Nepal Life Samriddhi Lagani Yojana,9.18,9.5,9.18,,9.4,9.45,-0.049999999999998934,,151900.0,1437013.76,32.0,0.3200000000000003,3.4858387799564303,-0.5291005291005179,44906.68,9.460261751152073
2026-05-12T06:15:26+00:00,2026-05-12T12:00:26+05:45,2026-05-12,12:00:26,1778566526,1,6,12,nepse_official,OPEN,2026-05-12,NTC,Nepal Doorsanchar Company Limited,890.0,908.0,890.0,,894.0,890.0,4.0,,2950.0,2643686.0,68.0,18.0,2.0224719101123596,0.44943820224719105,38877.73529411765,896.1647457627118
2026-05-12T06:15:26+00:00,2026-05-12T12:00:26+05:45,2026-05-12,12:00:26,1778566526,1,6,12,nepse_official,OPEN,2026-05-12,NUBL,Nirdhan Utthan Laghubitta Bittiya Sanstha Limited,670.0,670.0,670.0,,670.0,670.6,-0.6000000000000227,,515.0,345050.0,4.0,0.0,0.0,-0.08947211452430998,86262.5,670.0
2026-05-12T06:15:26+00:00,2026-05-12T12:00:26+05:45,2026-05-12,12:00:26,1778566526,1,6,12,nepse_official,OPEN,2026-05-12,NWCL,Nepal Warehousing Company Limited ,802.1,805.1,802.1,,805.1,811.0,-5.899999999999977,,40.0,32154.0,4.0,3.0,0.37401820221917464,-0.7274969173859405,8038.5,803.85
2026-05-12T06:15:26+00:00,2026-05-12T12:00:26+05:45,2026-05-12,12:00:26,1778566526,1,6,12,nepse_official,OPEN,2026-05-12,NYADI,Nyadi Hydropower Limited,391.0,394.0,390.0,,390.0,391.5,-1.5,,473.0,185089.0,15.0,4.0,1.0230179028132993,-0.38314176245210724,12339.266666666666,391.30866807610994
2026-05-12T06:15:26+00:00,2026-05-12T12:00:26+05:45,2026-05-12,12:00:26,1778566526,1,6,12,nepse_official,OPEN,2026-05-12,OHL,Oriental Hotels Limited,700.0,701.1,700.0,,701.0,700.0,1.0,,1864.0,1305910.0,9.0,1.1000000000000227,0.15714285714286041,0.14285714285714285,145101.11111111112,700.5954935622318
2026-05-12T06:15:26+00:00,2026-05-12T12:00:26+05:45,2026-05-12,12:00:26,1778566526,1,6,12,nepse_official,OPEN,2026-05-12,OMPL,Om Megashree Pharmaceuticals Limited,1199.9,1199.9,1176.0,,1176.0,1187.0,-11.0,,815.0,969556.0,27.0,23.90000000000009,1.9918326527210675,-0.9267059814658803,35909.48148148148,1189.639263803681
2026-05-12T06:15:26+00:00,2026-05-12T12:00:26+05:45,2026-05-12,12:00:26,1778566526,1,6,12,nepse_official,OPEN,2026-05-12,PCBL,Prime Commercial Bank Ltd.,243.0,243.0,239.0,,240.0,241.0,-1.0,,17188.0,4135033.9,56.0,4.0,1.646090534979424,-0.4149377593360996,73839.89107142857,240.5767919478706
2026-05-12T06:15:26+00:00,2026-05-12T12:00:26+05:45,2026-05-12,12:00:26,1778566526,1,6,12,nepse_official,OPEN,2026-05-12,PCIL,Palpa Cement Industries Limited,892.0,901.0,885.0,,885.1,892.0,-6.899999999999977,,12626.0,11236637.9,760.0,16.0,1.7937219730941705,-0.7735426008968584,14785.049868421052,889.9602328528433
2026-05-12T06:15:26+00:00,2026-05-12T12:00:26+05:45,2026-05-12,12:00:26,1778566526,1,6,12,nepse_official,OPEN,2026-05-12,PFL,Pokhara Finance Ltd.,387.9,387.9,384.9,,384.9,382.7,2.1999999999999886,,649.0,251313.2,5.0,3.0,0.7733952049497294,0.5748628168277995,50262.64,387.23143297380585
2026-05-12T06:15:26+00:00,2026-05-12T12:00:26+05:45,2026-05-12,12:00:26,1778566526,1,6,12,nepse_official,OPEN,2026-05-12,PHCL,Peoples Hydropower Company Limited,322.0,322.0,312.0,,315.0,315.0,0.0,,24570.0,7765678.5,109.0,10.0,3.1055900621118013,0.0,71244.75688073394,316.063431013431
2026-05-12T06:15:26+00:00,2026-05-12T12:00:26+05:45,2026-05-12,12:00:26,1778566526,1,6,12,nepse_official,OPEN,2026-05-12,PMHPL,Panchakanya Mai Hydropower Ltd,344.8,348.0,341.1,,346.9,344.8,2.099999999999966,,401.0,138986.5,15.0,6.899999999999977,2.0011600928074182,0.6090487238979019,9265.766666666666,346.5997506234414
2026-05-12T06:15:26+00:00,2026-05-12T12:00:26+05:45,2026-05-12,12:00:26,1778566526,1,6,12,nepse_official,OPEN,2026-05-12,PMLI,Prabhu Mahalaxmi Life Insurance Limited,468.0,471.8,468.0,,471.0,468.0,3.0,,1487.0,699769.9,31.0,3.8000000000000114,0.8119658119658144,0.641025641025641,22573.22258064516,470.5917283120377
2026-05-12T06:15:26+00:00,2026-05-12T12:00:26+05:45,2026-05-12,12:00:26,1778566526,1,6,12,nepse_official,OPEN,2026-05-12,PPCL,Panchthar Power Compant Limited,407.8,407.8,383.8,,387.0,388.4,-1.3999999999999773,,654.0,254367.1,11.0,24.0,5.885237861696909,-0.3604531410916522,23124.28181818182,388.94051987767585
2026-05-12T06:15:26+00:00,2026-05-12T12:00:26+05:45,2026-05-12,12:00:26,1778566526,1,6,12,nepse_official,OPEN,2026-05-12,PPL,People's Power Limited,375.9,375.9,351.2,,355.0,358.0,-3.0,,13760.0,4890064.3,46.0,24.69999999999999,6.57089651503059,-0.8379888268156425,106305.74565217391,355.38257994186046
2026-05-12T06:15:26+00:00,2026-05-12T12:00:26+05:45,2026-05-12,12:00:26,1778566526,1,6,12,nepse_official,OPEN,2026-05-12,PRIN,Prabhu Insurance Ltd.,650.0,651.0,650.0,,650.0,650.6,-0.6000000000000227,,868.0,564700.0,7.0,1.0,0.15384615384615385,-0.09222256378727678,80671.42857142857,650.5760368663595
2026-05-12T06:15:26+00:00,2026-05-12T12:00:26+05:45,2026-05-12,12:00:26,1778566526,1,6,12,nepse_official,OPEN,2026-05-12,PROFL,Progressive Finance Limited,448.0,448.0,445.0,,448.0,448.9,-0.8999999999999773,,504.0,225305.0,6.0,3.0,0.6696428571428571,-0.2004900868790326,37550.833333333336,447.0337301587302
2026-05-12T06:15:26+00:00,2026-05-12T12:00:26+05:45,2026-05-12,12:00:26,1778566526,1,6,12,nepse_official,OPEN,2026-05-12,PRVU,Prabhu  Bank Limited,205.0,205.0,202.0,,202.3,203.0,-0.6999999999999886,,26804.0,5441341.2,111.0,3.0,1.4634146341463417,-0.34482758620689097,49021.09189189189,203.00482017609312
2026-05-12T06:15:26+00:00,2026-05-12T12:00:26+05:45,2026-05-12,12:00:26,1778566526,1,6,12,nepse_official,OPEN,2026-05-12,PSF,Prabhu Select Fund,12.22,12.22,12.22,,12.22,12.51,-0.28999999999999915,,100.0,1222.0,1.0,0.0,0.0,-2.318145483613103,1222.0,12.22
2026-05-12T06:15:26+00:00,2026-05-12T12:00:26+05:45,2026-05-12,12:00:26,1778566526,1,6,12,nepse_official,OPEN,2026-05-12,PURE,Pure Energy Limited,980.0,996.9,965.0,,971.0,990.0,-19.0,,5503.0,5375947.1,82.0,31.899999999999977,3.255102040816324,-1.9191919191919191,65560.33048780488,976.9120661457387
2026-05-12T06:15:26+00:00,2026-05-12T12:00:26+05:45,2026-05-12,12:00:26,1778566526,1,6,12,nepse_official,OPEN,2026-05-12,RADHI,Radhi Bidyut Company Ltd,745.0,788.0,745.0,,770.0,780.0,-10.0,,12500.0,9660742.2,70.0,43.0,5.771812080536913,-1.282051282051282,138010.60285714283,772.8593759999999
2026-05-12T06:15:26+00:00,2026-05-12T12:00:26+05:45,2026-05-12,12:00:26,1778566526,1,6,12,nepse_official,OPEN,2026-05-12,RAWA,Rawa Energy Development Limited,590.0,620.0,590.0,,600.0,607.0,-7.0,,139.0,83625.0,6.0,30.0,5.084745762711865,-1.1532125205930808,13937.5,601.6187050359712
2026-05-12T06:15:26+00:00,2026-05-12T12:00:26+05:45,2026-05-12,12:00:26,1778566526,1,6,12,nepse_official,OPEN,2026-05-12,RBBD2088,7% RBBL Debenture 2088,1060.1,1157.0,1041.2,,1041.2,1060.1,-18.899999999999864,,54.0,59160.3,4.0,115.79999999999995,10.923497783227994,-1.7828506744646606,14790.075,1095.5611111111111
2026-05-12T06:15:26+00:00,2026-05-12T12:00:26+05:45,2026-05-12,12:00:26,1778566526,1,6,12,nepse_official,OPEN,2026-05-12,RBBF40,RBB Focus 40,9.34,9.34,9.34,,9.34,9.6,-0.2599999999999998,,900.0,8406.0,5.0,0.0,0.0,-2.7083333333333313,1681.2,9.34
2026-05-12T06:15:26+00:00,2026-05-12T12:00:26+05:45,2026-05-12,12:00:26,1778566526,1,6,12,nepse_official,OPEN,2026-05-12,RBCL,Rastriya Beema Company Limited,15200.3,15200.3,15200.3,,15200.3,15505.0,-304.7000000000007,,30.0,456009.0,2.0,0.0,0.0,-1.9651725249919427,228004.5,15200.3
2026-05-12T06:15:26+00:00,2026-05-12T12:00:26+05:45,2026-05-12,12:00:26,1778566526,1,6,12,nepse_official,OPEN,2026-05-12,RFPL,River Falls Power Limited,379.0,385.0,375.5,,380.0,379.0,1.0,,9802.0,3734302.3,46.0,9.5,2.5065963060686016,0.2638522427440633,81180.48478260869,380.97350540705975
2026-05-12T06:15:26+00:00,2026-05-12T12:00:26+05:45,2026-05-12,12:00:26,1778566526,1,6,12,nepse_official,OPEN,2026-05-12,RHGCL,Rapti Hydro And General Construction Limited,287.0,309.9,287.0,,300.2,301.9,-1.6999999999999886,,48250.0,14598854.2,81.0,22.899999999999977,7.979094076655044,-0.5631003643590555,180232.76790123456,302.5669264248705
2026-05-12T06:15:26+00:00,2026-05-12T12:00:26+05:45,2026-05-12,12:00:26,1778566526,1,6,12,nepse_official,OPEN,2026-05-12,RHPL,RASUWAGADHI HYDROPOWER COMPANY LIMITED,288.0,288.0,284.1,,284.1,287.0,-2.8999999999999773,,4269.0,1220844.0,23.0,3.8999999999999773,1.3541666666666587,-1.010452961672466,53080.17391304348,285.97891777933944
2026-05-12T06:15:26+00:00,2026-05-12T12:00:26+05:45,2026-05-12,12:00:26,1778566526,1,6,12,nepse_official,OPEN,2026-05-12,RIDI,Ridi Power Company Limited,373.3,373.3,353.0,,354.0,355.6,-1.6000000000000227,,200679.0,71693328.8,315.0,20.30000000000001,5.43798553442272,-0.4499437570303776,227597.8692063492,357.25376745947506
2026-05-12T06:15:26+00:00,2026-05-12T12:00:26+05:45,2026-05-12,12:00:26,1778566526,1,6,12,nepse_official,OPEN,2026-05-12,RLEL,Ridge Line Energy Limited,1198.0,1198.0,1133.0,,1142.3,1168.0,-25.700000000000045,,3341.0,3852251.0,134.0,65.0,5.425709515859766,-2.2003424657534283,28748.141791044774,1153.023346303502
2026-05-12T06:15:26+00:00,2026-05-12T12:00:26+05:45,2026-05-12,12:00:26,1778566526,1,6,12,nepse_official,OPEN,2026-05-12,RLFL,Reliance Finance Ltd.,448.0,448.5,439.0,,439.0,441.9,-2.8999999999999773,,7658.0,3389103.5,38.0,9.5,2.1205357142857144,-0.6562570717356817,89186.93421052632,442.5572603813006
2026-05-12T06:15:26+00:00,2026-05-12T12:00:26+05:45,2026-05-12,12:00:26,1778566526,1,6,12,nepse_official,OPEN,2026-05-12,RMF1,RBB Mutual Fund 1,9.85,9.85,9.85,,9.85,10.0,-0.15000000000000036,,250.0,2462.5,1.0,0.0,0.0,-1.5000000000000036,2462.5,9.85
2026-05-12T06:15:26+00:00,2026-05-12T12:00:26+05:45,2026-05-12,12:00:26,1778566526,1,6,12,nepse_official,OPEN,2026-05-12,RNLI,Reliable Nepal Life Insurance Limited,466.0,467.0,464.0,,465.0,467.0,-2.0,,3815.0,1773817.3,58.0,3.0,0.6437768240343348,-0.4282655246252677,30583.056896551723,464.9586631716907
2026-05-12T06:15:26+00:00,2026-05-12T12:00:26+05:45,2026-05-12,12:00:26,1778566526,1,6,12,nepse_official,OPEN,2026-05-12,RSDC,RSDC Laghubitta Bittiya Sanstha Ltd.,695.0,710.0,675.0,,680.0,675.0,5.0,,2900.0,2006829.0,27.0,35.0,5.0359712230215825,0.7407407407407408,74327.0,692.01
2026-05-12T06:15:26+00:00,2026-05-12T12:00:26+05:45,2026-05-12,12:00:26,1778566526,1,6,12,nepse_official,OPEN,2026-05-12,RSML,Reliance Spinning Mills Limited,3899.0,3940.0,3757.0,,3866.9,3825.0,41.90000000000009,,16225.0,62857489.9,251.0,183.0,4.6935111567068475,1.0954248366013097,250428.2466135458,3874.1133990755006
2026-05-12T06:15:26+00:00,2026-05-12T12:00:26+05:45,2026-05-12,12:00:26,1778566526,1,6,12,nepse_official,OPEN,2026-05-12,RSY,Reliable Samriddhi Yojana,10.0,10.2,10.0,,10.11,10.13,-0.02000000000000135,,900.0,9094.0,9.0,0.1999999999999993,1.9999999999999927,-0.19743336623890767,1010.4444444444445,10.104444444444445
2026-05-12T06:15:26+00:00,2026-05-12T12:00:26+05:45,2026-05-12,12:00:26,1778566526,1,6,12,nepse_official,OPEN,2026-05-12,RURU,Ru Ru Jalbidhyut Pariyojana Limited,658.0,670.0,656.0,,663.0,658.0,5.0,,268.0,176622.4,12.0,14.0,2.127659574468085,0.7598784194528876,14718.533333333333,659.0388059701493
2026-05-12T06:15:26+00:00,2026-05-12T12:00:26+05:45,2026-05-12,12:00:26,1778566526,1,6,12,nepse_official,OPEN,2026-05-12,SABBL,Salapa Bikas Bank Limited,1319.0,1320.0,1282.0,,1287.0,1309.9,-22.90000000000009,,3600.0,4655801.5,108.0,38.0,2.8809704321455647,-1.7482250553477432,43109.273148148146,1293.2781944444444
2026-05-12T06:15:26+00:00,2026-05-12T12:00:26+05:45,2026-05-12,12:00:26,1778566526,1,6,12,nepse_official,OPEN,2026-05-12,SADBL,Shangrila Development Bank Ltd.,423.5,423.5,418.0,,420.0,421.9,-1.8999999999999773,,866.0,362562.0,7.0,5.5,1.2987012987012987,-0.45034368333727837,51794.57142857143,418.66281755196303
2026-05-12T06:15:26+00:00,2026-05-12T12:00:26+05:45,2026-05-12,12:00:26,1778566526,1,6,12,nepse_official,OPEN,2026-05-12,SAGAR,Sagar Distillery Limited,1725.0,1750.0,1716.0,,1720.5,1725.0,-4.5,,4763.0,8246140.0,71.0,34.0,1.971014492753623,-0.26086956521739135,116142.81690140846,1731.2912030233047
2026-05-12T06:15:26+00:00,2026-05-12T12:00:26+05:45,2026-05-12,12:00:26,1778566526,1,6,12,nepse_official,OPEN,2026-05-12,SAGF,Sanima Growth Fund,10.14,10.14,10.14,,10.14,10.2,-0.05999999999999872,,100.0,1014.0,1.0,0.0,0.0,-0.5882352941176345,1014.0,10.14
2026-05-12T06:15:26+00:00,2026-05-12T12:00:26+05:45,2026-05-12,12:00:26,1778566526,1,6,12,nepse_official,OPEN,2026-05-12,SAHAS,Sahas Urja Limited,645.9,654.9,643.2,,646.4,644.0,2.3999999999999773,,47964.0,31071248.6,309.0,11.699999999999932,1.811425917324653,0.37267080745341263,100554.20258899676,647.8035318155283
2026-05-12T06:15:26+00:00,2026-05-12T12:00:26+05:45,2026-05-12,12:00:26,1778566526,1,6,12,nepse_official,OPEN,2026-05-12,SAIL,Shreenagar Agritech Industries Limited,1184.0,1190.0,1150.0,,1157.0,1163.0,-6.0,,18408.0,21410934.4,145.0,40.0,3.3783783783783785,-0.5159071367153912,147661.61655172412,1163.1320295523685
2026-05-12T06:15:26+00:00,2026-05-12T12:00:26+05:45,2026-05-12,12:00:26,1778566526,1,6,12,nepse_official,OPEN,2026-05-12,SALICO,Sagarmatha Lumbini Insurance Co. Limited,590.0,594.8,586.0,,586.0,589.9,-3.8999999999999773,,3999.0,2358256.2,13.0,8.799999999999955,1.4915254237288058,-0.6611290049160836,181404.3230769231,589.7114778694674
2026-05-12T06:15:26+00:00,2026-05-12T12:00:26+05:45,2026-05-12,12:00:26,1778566526,1,6,12,nepse_official,OPEN,2026-05-12,SANIMA,Sanima Bank Limited,367.0,367.0,361.5,,364.1,364.8,-0.6999999999999886,,14171.0,5167716.1,74.0,5.5,1.4986376021798364,-0.19188596491227758,69834.00135135134,364.66841436736996
2026-05-12T06:15:26+00:00,2026-05-12T12:00:26+05:45,2026-05-12,12:00:26,1778566526,1,6,12,nepse_official,OPEN,2026-05-12,SANVI,Sanvi Energy Limited,706.1,711.0,693.3,,699.9,706.1,-6.2000000000000455,,3394.0,2380830.1,50.0,17.700000000000045,2.5067270924798253,-0.8780625973658186,47616.602,701.4820565704184
2026-05-12T06:15:26+00:00,2026-05-12T12:00:26+05:45,2026-05-12,12:00:26,1778566526,1,6,12,nepse_official,OPEN,2026-05-12,SAPDBL,Saptakoshi Development Bank Ltd,808.1,815.0,805.0,,805.0,805.1,-0.10000000000002274,,3615.0,2934687.5,51.0,10.0,1.2374706100730108,-0.01242081728978049,57542.89215686275,811.8084370677732
2026-05-12T06:15:26+00:00,2026-05-12T12:00:26+05:45,2026-05-12,12:00:26,1778566526,1,6,12,nepse_official,OPEN,2026-05-12,SARBTM,Sarbottam Cement Limited,865.0,865.0,855.0,,858.0,860.0,-2.0,,620.0,531700.0,8.0,10.0,1.1560693641618496,-0.23255813953488372,66462.5,857.5806451612904
2026-05-12T06:15:26+00:00,2026-05-12T12:00:26+05:45,2026-05-12,12:00:26,1778566526,1,6,12,nepse_official,OPEN,2026-05-12,SBI,Nepal SBI Bank Limited,399.0,404.9,398.1,,404.9,402.7,2.1999999999999886,,780.0,315355.0,4.0,6.7999999999999545,1.7042606516290613,0.5463123913583284,78838.75,404.30128205128204
2026-05-12T06:15:26+00:00,2026-05-12T12:00:26+05:45,2026-05-12,12:00:26,1778566526,1,6,12,nepse_official,OPEN,2026-05-12,SBL,Siddhartha Bank Limited,398.5,398.5,394.1,,396.1,395.1,1.0,,6612.0,2619915.8,35.0,4.399999999999977,1.1041405269761548,0.25310048089091364,74854.73714285714,396.23650937689047
2026-05-12T06:15:26+00:00,2026-05-12T12:00:26+05:45,2026-05-12,12:00:26,1778566526,1,6,12,nepse_official,OPEN,2026-05-12,SBLD89,10.75% SBL Debenture 2089,1250.0,1287.5,1250.0,,1287.5,1220.0,67.5,,165.0,209412.5,6.0,37.5,3.0,5.532786885245901,34902.083333333336,1269.1666666666667
2026-05-12T06:15:26+00:00,2026-05-12T12:00:26+05:45,2026-05-12,12:00:26,1778566526,1,6,12,nepse_official,OPEN,2026-05-12,SCB,Standard Chartered Bank Limited,646.1,650.0,641.3,,642.0,645.2,-3.2000000000000455,,3698.0,2390118.0,42.0,8.700000000000045,1.3465407831605083,-0.49597024178549987,56907.57142857143,646.3272038939967
2026-05-12T06:15:26+00:00,2026-05-12T12:00:26+05:45,2026-05-12,12:00:26,1778566526,1,6,12,nepse_official,OPEN,2026-05-12,SEF,Siddhartha Equity Fund,10.1,10.2,10.0,,10.0,10.14,-0.14000000000000057,,8000.0,81255.4,5.0,0.1999999999999993,1.9801980198019733,-1.3806706114398477,16251.079999999998,10.156925
2026-05-12T06:15:26+00:00,2026-05-12T12:00:26+05:45,2026-05-12,12:00:26,1778566526,1,6,12,nepse_official,OPEN,2026-05-12,SFCL,Samriddhi Finance Company Limited,390.0,390.0,385.0,,385.0,385.0,0.0,,406.0,157710.0,6.0,5.0,1.282051282051282,0.0,26285.0,388.44827586206895
2026-05-12T06:15:26+00:00,2026-05-12T12:00:26+05:45,2026-05-12,12:00:26,1778566526,1,6,12,nepse_official,OPEN,2026-05-12,SFMF,Sunrise First Mutual Fund,10.7,10.7,10.7,,10.7,10.4,0.29999999999999893,,5000.0,53500.0,1.0,0.0,0.0,2.8846153846153744,53500.0,10.7
2026-05-12T06:15:26+00:00,2026-05-12T12:00:26+05:45,2026-05-12,12:00:26,1778566526,1,6,12,nepse_official,OPEN,2026-05-12,SGHC,Swet-Ganga Hydropower & Construction Limited ,374.0,380.0,371.0,,371.1,374.0,-2.8999999999999773,,1582.0,591647.7,21.0,9.0,2.406417112299465,-0.7754010695187106,28173.699999999997,373.9871681415929
2026-05-12T06:15:26+00:00,2026-05-12T12:00:26+05:45,2026-05-12,12:00:26,1778566526,1,6,12,nepse_official,OPEN,2026-05-12,SGIC,Sanima GIC Insurance Limited,460.0,471.0,460.0,,463.2,468.0,-4.800000000000011,,3203.0,1493553.9,24.0,11.0,2.391304347826087,-1.025641025641028,62231.4125,466.2984389634717
2026-05-12T06:15:26+00:00,2026-05-12T12:00:26+05:45,2026-05-12,12:00:26,1778566526,1,6,12,nepse_official,OPEN,2026-05-12,SHEL,Singati Hydro Energy Limited,317.1,318.0,313.2,,314.0,317.2,-3.1999999999999886,,27826.0,8797501.5,94.0,4.800000000000011,1.5137180700094641,-1.0088272383354315,93590.4414893617,316.1611981599942
2026-05-12T06:15:26+00:00,2026-05-12T12:00:26+05:45,2026-05-12,12:00:26,1778566526,1,6,12,nepse_official,OPEN,2026-05-12,SHINE,Shine Resunga Development Bank Ltd.,412.0,413.0,410.0,,413.0,413.5,-0.5,,4051.0,1665740.0,20.0,3.0,0.7281553398058253,-0.12091898428053204,83287.0,411.1922981979758
2026-05-12T06:15:26+00:00,2026-05-12T12:00:26+05:45,2026-05-12,12:00:26,1778566526,1,6,12,nepse_official,OPEN,2026-05-12,SHIVM,SHIVAM CEMENTS LTD,697.0,697.0,685.0,,688.0,692.0,-4.0,,73330.0,50473415.5,312.0,12.0,1.721664275466284,-0.5780346820809248,161773.76762820513,688.3051343242875
2026-05-12T06:15:26+00:00,2026-05-12T12:00:26+05:45,2026-05-12,12:00:26,1778566526,1,6,12,nepse_official,OPEN,2026-05-12,SHL,Soaltee Hotel Limited,500.0,504.0,490.0,,500.5,500.8,-0.30000000000001137,,1193.0,598258.4,11.0,14.0,2.8000000000000003,-0.05990415335463485,54387.12727272727,501.4739312657167
2026-05-12T06:15:26+00:00,2026-05-12T12:00:26+05:45,2026-05-12,12:00:26,1778566526,1,6,12,nepse_official,OPEN,2026-05-12,SHPC,Sanima Mai Hydropower Ltd.,553.2,553.2,521.0,,524.9,526.9,-2.0,,11022.0,5758307.0,65.0,32.200000000000045,5.820679681851057,-0.37957866767887644,88589.33846153846,522.4375793866811
2026-05-12T06:15:26+00:00,2026-05-12T12:00:26+05:45,2026-05-12,12:00:26,1778566526,1,6,12,nepse_official,OPEN,2026-05-12,SICL,Shikhar Insurance Co. Ltd.,625.5,625.5,610.6,,615.0,615.0,0.0,,833.0,514297.7,15.0,14.899999999999977,2.382094324540364,0.0,34286.513333333336,617.4042016806723
2026-05-12T06:15:26+00:00,2026-05-12T12:00:26+05:45,2026-05-12,12:00:26,1778566526,1,6,12,nepse_official,OPEN,2026-05-12,SIFC,Shree Investment Finance Co. Ltd.,540.0,540.0,530.0,,533.7,544.0,-10.299999999999955,,310.0,165337.0,3.0,10.0,1.8518518518518516,-1.893382352941168,55112.333333333336,533.3451612903226
2026-05-12T06:15:26+00:00,2026-05-12T12:00:26+05:45,2026-05-12,12:00:26,1778566526,1,6,12,nepse_official,OPEN,2026-05-12,SIKLES,Sikles Hydropower Limited,609.7,609.7,590.0,,590.0,592.0,-2.0,,932.0,551136.0,17.0,19.700000000000045,3.231097260948015,-0.33783783783783783,32419.764705882353,591.3476394849786
2026-05-12T06:15:26+00:00,2026-05-12T12:00:26+05:45,2026-05-12,12:00:26,1778566526,1,6,12,nepse_official,OPEN,2026-05-12,SINDU,Sindhu Bikash Bank Ltd,713.1,718.9,713.1,,714.0,712.0,2.0,,3815.0,2727352.0,43.0,5.7999999999999545,0.813350161267698,0.2808988764044944,63426.79069767442,714.9022280471821
2026-05-12T06:15:26+00:00,2026-05-12T12:00:26+05:45,2026-05-12,12:00:26,1778566526,1,6,12,nepse_official,OPEN,2026-05-12,SIPD,Shikhar power Development Limited,867.0,896.0,867.0,,867.2,867.3,-0.09999999999990905,,8175.0,7154182.2,341.0,29.0,3.3448673587081887,-0.011530035743100318,20980.006451612902,875.1293211009174
2026-05-12T06:15:26+00:00,2026-05-12T12:00:26+05:45,2026-05-12,12:00:26,1778566526,1,6,12,nepse_official,OPEN,2026-05-12,SJCL,SANJEN JALAVIDHYUT COMPANY LIMITED,319.0,320.3,312.0,,313.0,316.9,-3.8999999999999773,,4571.0,1443965.2,46.0,8.300000000000011,2.6018808777429503,-1.2306721363205988,31390.547826086957,315.89700284401664
2026-05-12T06:15:26+00:00,2026-05-12T12:00:26+05:45,2026-05-12,12:00:26,1778566526,1,6,12,nepse_official,OPEN,2026-05-12,SJLIC,SuryaJyoti Life Insurance Company Limited,433.0,444.0,433.0,,434.6,434.6,0.0,,1517.0,663580.3,33.0,11.0,2.5404157043879905,0.0,20108.493939393942,437.4293342122611
2026-05-12T06:15:26+00:00,2026-05-12T12:00:26+05:45,2026-05-12,12:00:26,1778566526,1,6,12,nepse_official,OPEN,2026-05-12,SKBBL,Sana Kisan Bikas Laghubitta Bittiya Sanstha Limited,784.0,784.9,771.0,,778.0,779.9,-1.8999999999999773,,1828.0,1426321.1,33.0,13.899999999999977,1.7729591836734664,-0.24362097704833663,43221.85151515152,780.2631838074399
2026-05-12T06:15:26+00:00,2026-05-12T12:00:26+05:45,2026-05-12,12:00:26,1778566526,1,6,12,nepse_official,OPEN,2026-05-12,SKHEL,Suryakunda Hydro Electric Limited,1417.5,1417.5,1300.0,,1325.0,1350.0,-25.0,,2460.0,3272040.0,97.0,117.5,8.289241622574956,-1.8518518518518516,33732.37113402062,1330.0975609756097
2026-05-12T06:15:26+00:00,2026-05-12T12:00:26+05:45,2026-05-12,12:00:26,1778566526,1,6,12,nepse_official,OPEN,2026-05-12,SKHL,Super Khudi Hydropower Limited,950.0,956.0,930.2,,934.0,956.0,-22.0,,6337.0,5963037.0,163.0,25.799999999999955,2.7157894736842056,-2.301255230125523,36583.0490797546,940.9873757298407
2026-05-12T06:15:26+00:00,2026-05-12T12:00:26+05:45,2026-05-12,12:00:26,1778566526,1,6,12,nepse_official,OPEN,2026-05-12,SLBBL,Swarojgar Laghubitta Bittiya Sanstha Ltd.,832.9,837.0,828.0,,828.1,832.9,-4.7999999999999545,,1050.0,871684.4,13.0,9.0,1.0805618921839355,-0.5762996758314269,67052.64615384616,830.1756190476191
2026-05-12T06:15:26+00:00,2026-05-12T12:00:26+05:45,2026-05-12,12:00:26,1778566526,1,6,12,nepse_official,OPEN,2026-05-12,SLBSL,Samudayik Laghubitta Bittiya Sanstha Limited,1240.0,1240.0,1220.0,,1220.0,1257.0,-37.0,,183.0,224200.0,5.0,20.0,1.6129032258064515,-2.94351630867144,44840.0,1225.136612021858
2026-05-12T06:15:26+00:00,2026-05-12T12:00:26+05:45,2026-05-12,12:00:26,1778566526,1,6,12,nepse_official,OPEN,2026-05-12,SLCF,Sanima Large Cap Fund,9.8,10.0,9.8,,10.0,9.95,0.05000000000000071,,2200.0,21960.0,4.0,0.1999999999999993,2.0408163265306047,0.5025125628140775,5490.0,9.981818181818182
2026-05-12T06:15:26+00:00,2026-05-12T12:00:26+05:45,2026-05-12,12:00:26,1778566526,1,6,12,nepse_official,OPEN,2026-05-12,SMATA,Samata Gharelu Laghubitta Bittiya Sanstha Limited,793.0,799.0,766.1,,773.0,778.6,-5.600000000000023,,2060.0,1621781.6,34.0,32.89999999999998,4.148802017654473,-0.719239660929877,47699.458823529414,787.2726213592233
2026-05-12T06:15:26+00:00,2026-05-12T12:00:26+05:45,2026-05-12,12:00:26,1778566526,1,6,12,nepse_official,OPEN,2026-05-12,SMB,Support Microfinance Bittiya Sanstha Ltd.,1761.0,1789.0,1761.0,,1762.2,1769.0,-6.7999999999999545,,118.0,209077.6,6.0,28.0,1.5900056785917092,-0.38439796495194767,34846.26666666667,1771.8440677966103
2026-05-12T06:15:26+00:00,2026-05-12T12:00:26+05:45,2026-05-12,12:00:26,1778566526,1,6,12,nepse_official,OPEN,2026-05-12,SMFBS,Swabhimaan Laghubitta Bittiya Sanstha Limited,1590.0,1590.0,1570.0,,1570.0,1624.9,-54.90000000000009,,448.0,705231.5,7.0,20.0,1.257861635220126,-3.3786694565819486,100747.35714285714,1574.177455357143
2026-05-12T06:15:26+00:00,2026-05-12T12:00:26+05:45,2026-05-12,12:00:26,1778566526,1,6,12,nepse_official,OPEN,2026-05-12,SMH,Super Mai Hydropower Limited,590.0,592.0,580.0,,590.0,582.0,8.0,,2086.0,1215708.0,23.0,12.0,2.0338983050847457,1.3745704467353952,52856.86956521739,582.7938638542665
2026-05-12T06:15:26+00:00,2026-05-12T12:00:26+05:45,2026-05-12,12:00:26,1778566526,1,6,12,nepse_official,OPEN,2026-05-12,SMHL,Super Madi Hydropower Limited,512.0,515.0,504.0,,506.1,511.4,-5.2999999999999545,,18368.0,9327735.9,76.0,11.0,2.1484375,-1.0363707469690957,122733.36710526317,507.8253429878049
2026-05-12T06:15:26+00:00,2026-05-12T12:00:26+05:45,2026-05-12,12:00:26,1778566526,1,6,12,nepse_official,OPEN,2026-05-12,SMJC,Sagarmatha Jalabidhyut Company Limited,448.0,453.0,447.0,,450.0,453.0,-3.0,,6485.0,2916094.5,32.0,6.0,1.3392857142857142,-0.6622516556291391,91127.953125,449.6676175790285
2026-05-12T06:15:26+00:00,2026-05-12T12:00:26+05:45,2026-05-12,12:00:26,1778566526,1,6,12,nepse_official,OPEN,2026-05-12,SMPDA,Sampada Laghubitta Bittiya Sanstha Limited,874.0,874.0,839.0,,839.0,850.0,-11.0,,141.0,120748.0,6.0,35.0,4.004576659038902,-1.2941176470588236,20124.666666666668,856.3687943262412
2026-05-12T06:15:26+00:00,2026-05-12T12:00:26+05:45,2026-05-12,12:00:26,1778566526,1,6,12,nepse_official,OPEN,2026-05-12,SNLI,Sun Nepal Life Insurance Company Limited,458.0,458.0,450.1,,454.0,455.3,-1.3000000000000114,,955.0,433760.5,52.0,7.899999999999977,1.7248908296943182,-0.2855260267955219,8341.548076923076,454.1994764397906
2026-05-12T06:15:26+00:00,2026-05-12T12:00:26+05:45,2026-05-12,12:00:26,1778566526,1,6,12,nepse_official,OPEN,2026-05-12,SOHL,Solu Hydropower Limited,721.0,728.0,715.0,,715.0,721.0,-6.0,,37881.0,27304267.5,526.0,13.0,1.8030513176144243,-0.8321775312066574,51909.25380228137,720.7905678308387
2026-05-12T06:15:26+00:00,2026-05-12T12:00:26+05:45,2026-05-12,12:00:26,1778566526,1,6,12,nepse_official,OPEN,2026-05-12,SONA,Sonapur Minerals And Oil Limited,445.0,446.0,441.2,,442.0,443.9,-1.8999999999999773,,6290.0,2785384.6,68.0,4.800000000000011,1.078651685393261,-0.4280243298040048,40961.538235294116,442.82744038155806
2026-05-12T06:15:26+00:00,2026-05-12T12:00:26+05:45,2026-05-12,12:00:26,1778566526,1,6,12,nepse_official,OPEN,2026-05-12,SPC,Samling Power Company Limited,470.0,476.5,466.2,,466.2,470.0,-3.8000000000000114,,115.0,54044.0,6.0,10.300000000000011,2.19148936170213,-0.8085106382978747,9007.333333333334,469.9478260869565
2026-05-12T06:15:26+00:00,2026-05-12T12:00:26+05:45,2026-05-12,12:00:26,1778566526,1,6,12,nepse_official,OPEN,2026-05-12,SPDL,Synergy Power Development Ltd.,417.0,417.0,406.1,,408.3,409.0,-0.6999999999999886,,7110.0,2912006.6,35.0,10.899999999999977,2.6139088729016735,-0.17114914425427594,83200.18857142857,409.5649226441632
2026-05-12T06:15:26+00:00,2026-05-12T12:00:26+05:45,2026-05-12,12:00:26,1778566526,1,6,12,nepse_official,OPEN,2026-05-12,SPHL,Sayapatri Hydropower Limited,530.0,530.0,515.0,,524.0,519.0,5.0,,1030.0,530810.0,6.0,15.0,2.8301886792452833,0.9633911368015413,88468.33333333333,515.3495145631068
2026-05-12T06:15:26+00:00,2026-05-12T12:00:26+05:45,2026-05-12,12:00:26,1778566526,1,6,12,nepse_official,OPEN,2026-05-12,SPIL,Siddhartha Premier Insurance Limited,696.1,716.0,696.0,,716.0,715.0,1.0,,80.0,55882.0,3.0,20.0,2.8731504094239333,0.13986013986013987,18627.333333333332,698.525
2026-05-12T06:15:26+00:00,2026-05-12T12:00:26+05:45,2026-05-12,12:00:26,1778566526,1,6,12,nepse_official,OPEN,2026-05-12,SPL,Shuvam Power Limited,703.1,731.0,703.1,,731.0,714.0,17.0,,210.0,152851.0,7.0,27.899999999999977,3.9681410894609552,2.380952380952381,21835.85714285714,727.8619047619047
2026-05-12T06:15:26+00:00,2026-05-12T12:00:26+05:45,2026-05-12,12:00:26,1778566526,1,6,12,nepse_official,OPEN,2026-05-12,SRLI,Sanima Reliance Life Insurance Limited,390.2,395.1,390.2,,393.0,395.0,-2.0,,5382.0,2118316.2,41.0,4.900000000000034,1.2557662737058006,-0.5063291139240507,51666.24878048781,393.59275362318846
2026-05-12T06:15:26+00:00,2026-05-12T12:00:26+05:45,2026-05-12,12:00:26,1778566526,1,6,12,nepse_official,OPEN,2026-05-12,SSHL,Shiva Shree Hydropower Ltd,230.8,230.8,218.1,,219.0,219.9,-0.9000000000000057,,53779.0,11853701.2,158.0,12.700000000000017,5.502599653379557,-0.40927694406548687,75023.42531645569,220.41505420331356
2026-05-12T06:15:26+00:00,2026-05-12T12:00:26+05:45,2026-05-12,12:00:26,1778566526,1,6,12,nepse_official,OPEN,2026-05-12,STC,Salt Trading Corporation,5890.0,5890.0,5890.0,,5890.0,5887.0,3.0,,20.0,117800.0,1.0,0.0,0.0,0.05095974180397486,117800.0,5890.0
2026-05-12T06:15:26+00:00,2026-05-12T12:00:26+05:45,2026-05-12,12:00:26,1778566526,1,6,12,nepse_official,OPEN,2026-05-12,SWASTIK,Swastik Laghubitta Bittiya Sanstha Limited,2480.0,2490.0,2480.0,,2490.0,2499.0,-9.0,,30.0,74500.0,2.0,10.0,0.4032258064516129,-0.36014405762304924,37250.0,2483.3333333333335
2026-05-12T06:15:26+00:00,2026-05-12T12:00:26+05:45,2026-05-12,12:00:26,1778566526,1,6,12,nepse_official,OPEN,2026-05-12,SWBBL,Swabalamban Laghubitta Bittiya Sanstha Limited,761.0,761.0,751.0,,757.8,760.0,-2.2000000000000455,,760.0,576937.0,11.0,10.0,1.314060446780552,-0.2894736842105323,52448.818181818184,759.1276315789473
2026-05-12T06:15:26+00:00,2026-05-12T12:00:26+05:45,2026-05-12,12:00:26,1778566526,1,6,12,nepse_official,OPEN,2026-05-12,SWMF,Suryodaya Womi Laghubitta Bittiya Sanstha Limited,668.0,670.0,668.0,,670.0,675.0,-5.0,,99.0,66308.0,2.0,2.0,0.29940119760479045,-0.7407407407407408,33154.0,669.7777777777778
2026-05-12T06:15:26+00:00,2026-05-12T12:00:26+05:45,2026-05-12,12:00:26,1778566526,1,6,12,nepse_official,OPEN,2026-05-12,SYPNL,SY Panel Nepal Limited,1570.0,1589.0,1535.0,,1550.0,1559.0,-9.0,,23380.0,36519690.4,462.0,54.0,3.4394904458598727,-0.5772931366260423,79046.94891774892,1562.0055774165953
2026-05-12T06:15:26+00:00,2026-05-12T12:00:26+05:45,2026-05-12,12:00:26,1778566526,1,6,12,nepse_official,OPEN,2026-05-12,TAMOR,Sanima Middle Tamor Hydropower Limited,430.0,442.0,430.0,,437.7,440.5,-2.8000000000000114,,5096.0,2240360.1,47.0,12.0,2.7906976744186047,-0.6356413166855871,47667.23617021277,439.6311028257457
2026-05-12T06:15:26+00:00,2026-05-12T12:00:26+05:45,2026-05-12,12:00:26,1778566526,1,6,12,nepse_official,OPEN,2026-05-12,TPC,Terhathum Power Company Limited,372.2,375.0,372.2,,373.0,375.0,-2.0,,3419.0,1278388.8,25.0,2.8000000000000114,0.7522837184309542,-0.5333333333333333,51135.552,373.90722433460076
2026-05-12T06:15:26+00:00,2026-05-12T12:00:26+05:45,2026-05-12,12:00:26,1778566526,1,6,12,nepse_official,OPEN,2026-05-12,TRH,Taragaon Regency Hotel Limited,753.1,753.1,753.1,,753.1,771.8,-18.699999999999932,,10.0,7531.0,1.0,0.0,0.0,-2.4229074889867754,7531.0,753.1
2026-05-12T06:15:26+00:00,2026-05-12T12:00:26+05:45,2026-05-12,12:00:26,1778566526,1,6,12,nepse_official,OPEN,2026-05-12,TSHL,Three Star Hydropower Limited,620.0,621.0,614.0,,615.0,612.0,3.0,,350.0,216655.0,8.0,7.0,1.129032258064516,0.49019607843137253,27081.875,619.0142857142857
2026-05-12T06:15:26+00:00,2026-05-12T12:00:26+05:45,2026-05-12,12:00:26,1778566526,1,6,12,nepse_official,OPEN,2026-05-12,TTL,Trade Tower Limited,835.1,835.3,821.0,,824.0,834.0,-10.0,,2710.0,2246307.0,69.0,14.299999999999955,1.712369776074716,-1.1990407673860912,32555.17391304348,828.8955719557196
2026-05-12T06:15:26+00:00,2026-05-12T12:00:26+05:45,2026-05-12,12:00:26,1778566526,1,6,12,nepse_official,OPEN,2026-05-12,TVCL,Trishuli Jal Vidhyut Company Limited ,550.0,550.0,521.1,,521.1,544.9,-23.799999999999955,,173.0,91753.3,10.0,28.899999999999977,5.25454545454545,-4.3677739034685175,9175.33,530.3658959537572
2026-05-12T06:15:26+00:00,2026-05-12T12:00:26+05:45,2026-05-12,12:00:26,1778566526,1,6,12,nepse_official,OPEN,2026-05-12,UAIL,United Ajod Insurance Limited,448.0,450.1,448.0,,450.1,457.0,-6.899999999999977,,182.0,81882.0,8.0,2.1000000000000227,0.4687500000000051,-1.5098468271334744,10235.25,449.9010989010989
2026-05-12T06:15:26+00:00,2026-05-12T12:00:26+05:45,2026-05-12,12:00:26,1778566526,1,6,12,nepse_official,OPEN,2026-05-12,UHEWA,Upper Hewakhola Hydropower Company Limited,584.9,584.9,576.1,,579.8,578.0,1.7999999999999545,,1637.0,952319.9,16.0,8.799999999999955,1.50453068900666,0.31141868512109944,59519.99375,581.7470372632865
2026-05-12T06:15:26+00:00,2026-05-12T12:00:26+05:45,2026-05-12,12:00:26,1778566526,1,6,12,nepse_official,OPEN,2026-05-12,ULBSL,Upakar Laghubitta Bittiya Sanstha Limited,2909.0,2909.0,2880.0,,2890.1,2998.0,-107.90000000000009,,439.0,1267744.1,11.0,29.0,0.9969061533172912,-3.599066044029356,115249.46363636364,2887.7997722095674
2026-05-12T06:15:26+00:00,2026-05-12T12:00:26+05:45,2026-05-12,12:00:26,1778566526,1,6,12,nepse_official,OPEN,2026-05-12,ULHC,Upper Lohore Khola Hydropower Company Limited,512.0,527.0,500.0,,505.0,512.0,-7.0,,8843.0,4457431.0,38.0,27.0,5.2734375,-1.3671875,117300.81578947368,504.0632138414565
2026-05-12T06:15:26+00:00,2026-05-12T12:00:26+05:45,2026-05-12,12:00:26,1778566526,1,6,12,nepse_official,OPEN,2026-05-12,UMHL,United Modi Hydropower Ltd.,573.7,575.0,569.0,,569.0,573.7,-4.7000000000000455,,8930.0,5087872.0,28.0,6.0,1.045842774969496,-0.8192435070594466,181709.7142857143,569.7505039193729
2026-05-12T06:15:26+00:00,2026-05-12T12:00:26+05:45,2026-05-12,12:00:26,1778566526,1,6,12,nepse_official,OPEN,2026-05-12,UMRH,United IDI Mardi RB Hydropower Limited.,545.0,545.0,540.0,,540.0,544.8,-4.7999999999999545,,411.0,223482.0,8.0,5.0,0.9174311926605505,-0.8810572687224587,27935.25,543.7518248175182
2026-05-12T06:15:26+00:00,2026-05-12T12:00:26+05:45,2026-05-12,12:00:26,1778566526,1,6,12,nepse_official,OPEN,2026-05-12,UNHPL,Union Hydropower Limited,455.0,492.0,455.0,,478.2,478.0,0.19999999999998863,,11998.0,5725260.2,43.0,37.0,8.131868131868131,0.04184100418409804,133145.58604651163,477.1845474245708
2026-05-12T06:15:26+00:00,2026-05-12T12:00:26+05:45,2026-05-12,12:00:26,1778566526,1,6,12,nepse_official,OPEN,2026-05-12,UNLB,Unique Nepal Laghubitta Bittiya Sanstha Limited,1430.0,1430.0,1430.0,,1430.0,1464.0,-34.0,,10.0,14300.0,1.0,0.0,0.0,-2.3224043715846996,14300.0,1430.0
2026-05-12T06:15:26+00:00,2026-05-12T12:00:26+05:45,2026-05-12,12:00:26,1778566526,1,6,12,nepse_official,OPEN,2026-05-12,UPCL,UNIVERSAL POWER COMPANY LTD,398.2,398.2,375.5,,380.0,379.3,0.6999999999999886,,12261.0,4644233.0,39.0,22.69999999999999,5.700652938221997,0.18455048774057176,119082.89743589744,378.7809314085311
2026-05-12T06:15:26+00:00,2026-05-12T12:00:26+05:45,2026-05-12,12:00:26,1778566526,1,6,12,nepse_official,OPEN,2026-05-12,UPPER,Upper Tamakoshi Hydropower Ltd,205.0,212.9,205.0,,210.1,209.5,0.5999999999999943,,43321.0,9115008.8,229.0,7.900000000000006,3.8536585365853684,0.2863961813842455,39803.53187772926,210.40624177650562
2026-05-12T06:15:26+00:00,2026-05-12T12:00:26+05:45,2026-05-12,12:00:26,1778566526,1,6,12,nepse_official,OPEN,2026-05-12,USHEC,Upper Solu Hydro Electric Company Limited,498.2,498.2,498.0,,498.0,498.1,-0.10000000000002274,,3335.0,1660990.0,14.0,0.19999999999998863,0.04014452027298046,-0.020076289901630743,118642.14285714286,498.047976011994
2026-05-12T06:15:26+00:00,2026-05-12T12:00:26+05:45,2026-05-12,12:00:26,1778566526,1,6,12,nepse_official,OPEN,2026-05-12,USHL,Upper Syange Hydropower Limited,626.0,644.0,626.0,,630.1,645.0,-14.899999999999977,,130.0,83067.0,9.0,18.0,2.8753993610223643,-2.3100775193798415,9229.666666666666,638.9769230769231
2026-05-12T06:15:26+00:00,2026-05-12T12:00:26+05:45,2026-05-12,12:00:26,1778566526,1,6,12,nepse_official,OPEN,2026-05-12,USLB,Unnati Sahakarya Laghubitta Bittiya Sanstha Limited,1274.9,1274.9,1273.9,,1274.0,1275.0,-1.0,,143.0,182191.2,3.0,1.0,0.0784375245117264,-0.0784313725490196,60730.4,1274.0643356643357
2026-05-12T06:15:26+00:00,2026-05-12T12:00:26+05:45,2026-05-12,12:00:26,1778566526,1,6,12,nepse_official,OPEN,2026-05-12,VLBS,Vijaya laghubitta Bittiya Sanstha Ltd.,735.0,735.0,713.0,,720.1,726.1,-6.0,,1919.0,1386188.8,56.0,22.0,2.9931972789115644,-0.8263324610935133,24753.37142857143,722.3495570609692
2026-05-12T06:15:26+00:00,2026-05-12T12:00:26+05:45,2026-05-12,12:00:26,1778566526,1,6,12,nepse_official,OPEN,2026-05-12,VLUCL,Vision Lumbini Urja Company Limited ,509.7,509.7,490.0,,490.0,494.9,-4.899999999999977,,1060.0,521558.0,12.0,19.69999999999999,3.8650186384147514,-0.9900990099009856,43463.166666666664,492.03584905660375
2026-05-12T06:15:26+00:00,2026-05-12T12:00:26+05:45,2026-05-12,12:00:26,1778566526,1,6,12,nepse_official,OPEN,2026-05-12,WNLB,Wean Nepal Laghubitta Bittiya Sanstha Limited,1503.0,1503.0,1503.0,,1503.0,1503.1,-0.09999999999990905,,20.0,30060.0,2.0,0.0,0.0,-0.006652917304231858,15030.0,1503.0
