scraped_at_utc,scraped_at_npt,npt_date,npt_time,scraped_epoch,weekday,hour_utc,hour_npt,price_source,is_market_open,business_date,symbol,security_name,open_price,high_price,low_price,close_price,last_traded_price,previous_closing_price,point_change,percentage_change,total_traded_quantity,total_traded_value,total_trades,intraday_range,intraday_range_pct_of_open,return_from_prev_close_pct,turnover_per_trade,vwap_proxy
2026-05-04T05:45:29+00:00,2026-05-04T11:30:29+05:45,2026-05-04,11:30:29,1777873529,0,5,11,nepse_official,OPEN,2026-05-04,ACLBSL,Aarambha Chautari Laghubitta Bittiya Sanstha Limited,950.0,950.0,950.0,,950.0,941.1,8.899999999999977,,25.0,23750.0,2.0,0.0,0.0,0.9457018382743574,11875.0,950.0
2026-05-04T05:45:29+00:00,2026-05-04T11:30:29+05:45,2026-05-04,11:30:29,1777873529,0,5,11,nepse_official,OPEN,2026-05-04,ADBL,Agricultural Development Bank Limited,314.0,314.0,305.2,,311.6,309.5,2.1000000000000227,,445.0,138393.2,12.0,8.800000000000011,2.8025477707006403,0.6785137318255324,11532.766666666668,310.9959550561798
2026-05-04T05:45:29+00:00,2026-05-04T11:30:29+05:45,2026-05-04,11:30:29,1777873529,0,5,11,nepse_official,OPEN,2026-05-04,AHL,Asian Hydropower Limited,535.0,535.0,503.6,,510.2,534.0,-23.80000000000001,,1690.0,871061.0,26.0,31.399999999999977,5.869158878504669,-4.456928838951313,33502.346153846156,515.4207100591716
2026-05-04T05:45:29+00:00,2026-05-04T11:30:29+05:45,2026-05-04,11:30:29,1777873529,0,5,11,nepse_official,OPEN,2026-05-04,AHPC,Arun Valley Hydropower Development Co. Ltd.,275.0,280.0,273.8,,275.0,277.0,-2.0,,7984.0,2194934.2,33.0,6.199999999999989,2.2545454545454504,-0.7220216606498195,66513.15757575758,274.9166082164329
2026-05-04T05:45:29+00:00,2026-05-04T11:30:29+05:45,2026-05-04,11:30:29,1777873529,0,5,11,nepse_official,OPEN,2026-05-04,AKJCL,Ankhu Khola Jalvidhyut Company Ltd,389.0,389.0,366.6,,367.0,375.0,-8.0,,20224.0,7469852.7,61.0,22.399999999999977,5.7583547557840555,-2.1333333333333333,122456.60163934427,369.3558494857595
2026-05-04T05:45:29+00:00,2026-05-04T11:30:29+05:45,2026-05-04,11:30:29,1777873529,0,5,11,nepse_official,OPEN,2026-05-04,AKPL,Arun Kabeli Power Ltd.,255.0,273.1,255.0,,266.0,267.8,-1.8000000000000114,,2445.0,658984.2,23.0,18.100000000000023,7.098039215686283,-0.6721433905899967,28651.486956521738,269.52319018404904
2026-05-04T05:45:29+00:00,2026-05-04T11:30:29+05:45,2026-05-04,11:30:29,1777873529,0,5,11,nepse_official,OPEN,2026-05-04,ALBSL,Asha Laghubitta Bittiya Sanstha Ltd,1070.0,1135.0,1070.0,,1125.0,1115.0,10.0,,247.0,274223.7,18.0,65.0,6.074766355140187,0.8968609865470852,15234.650000000001,1110.2174089068826
2026-05-04T05:45:29+00:00,2026-05-04T11:30:29+05:45,2026-05-04,11:30:29,1777873529,0,5,11,nepse_official,OPEN,2026-05-04,ALICL,Asian Life Insurance Co. Limited,450.0,450.0,446.0,,448.0,450.5,-2.5,,771.0,346740.0,9.0,4.0,0.8888888888888888,-0.5549389567147613,38526.666666666664,449.72762645914395
2026-05-04T05:45:29+00:00,2026-05-04T11:30:29+05:45,2026-05-04,11:30:29,1777873529,0,5,11,nepse_official,OPEN,2026-05-04,ANLB,Aatmanirbhar Laghubitta Bittiya Sanstha Limited,6100.0,6100.0,6100.0,,6100.0,6285.0,-185.0,,10.0,61000.0,1.0,0.0,0.0,-2.94351630867144,61000.0,6100.0
2026-05-04T05:45:29+00:00,2026-05-04T11:30:29+05:45,2026-05-04,11:30:29,1777873529,0,5,11,nepse_official,OPEN,2026-05-04,API,Api Power Company Ltd.,341.0,341.0,331.5,,334.0,334.9,-0.8999999999999773,,4180.0,1392330.5,24.0,9.5,2.785923753665689,-0.26873693639891827,58013.770833333336,333.0934210526316
2026-05-04T05:45:29+00:00,2026-05-04T11:30:29+05:45,2026-05-04,11:30:29,1777873529,0,5,11,nepse_official,OPEN,2026-05-04,AVYAN,Aviyan Laghubitta Bittiya Sanstha Limited,1100.0,1158.7,1100.0,,1122.0,1100.0,22.0,,1848.0,2087762.0,28.0,58.700000000000045,5.33636363636364,2.0,74562.92857142857,1129.741341991342
2026-05-04T05:45:29+00:00,2026-05-04T11:30:29+05:45,2026-05-04,11:30:29,1777873529,0,5,11,nepse_official,OPEN,2026-05-04,BANDIPUR,Bandipur Cablecar and Tourism Limited,825.0,829.7,812.1,,816.2,824.7,-8.5,,2103.0,1732069.8,50.0,17.600000000000023,2.133333333333336,-1.0306778222383897,34641.396,823.618544935806
2026-05-04T05:45:29+00:00,2026-05-04T11:30:29+05:45,2026-05-04,11:30:29,1777873529,0,5,11,nepse_official,OPEN,2026-05-04,BARUN,Barun Hydropower Co. Ltd.,340.0,345.0,340.0,,340.1,340.0,0.10000000000002274,,1176.0,401501.8,8.0,5.0,1.4705882352941175,0.02941176470588904,50187.725,341.41309523809525
2026-05-04T05:45:29+00:00,2026-05-04T11:30:29+05:45,2026-05-04,11:30:29,1777873529,0,5,11,nepse_official,OPEN,2026-05-04,BBC,Bishal Bazar Company Limited,4730.2,4730.2,4730.2,,4730.2,4814.9,-84.69999999999982,,50.0,236510.0,1.0,0.0,0.0,-1.759122723213355,236510.0,4730.2
2026-05-04T05:45:29+00:00,2026-05-04T11:30:29+05:45,2026-05-04,11:30:29,1777873529,0,5,11,nepse_official,OPEN,2026-05-04,BEDC,Bhugol Energy Development Company Limited,366.1,370.0,363.0,,363.0,365.9,-2.8999999999999773,,7467.0,2741911.3,46.0,7.0,1.9120458891013385,-0.7925662749385016,59606.76739130435,367.2038703629302
2026-05-04T05:45:29+00:00,2026-05-04T11:30:29+05:45,2026-05-04,11:30:29,1777873529,0,5,11,nepse_official,OPEN,2026-05-04,BFC,Best Finance Company Ltd.,451.0,451.0,450.0,,450.1,449.0,1.1000000000000227,,100.0,45015.0,3.0,1.0,0.22172949002217296,0.24498886414254403,15005.0,450.15
2026-05-04T05:45:29+00:00,2026-05-04T11:30:29+05:45,2026-05-04,11:30:29,1777873529,0,5,11,nepse_official,OPEN,2026-05-04,BGWT,Bhagawati Hydropower Development Company Limited,710.0,710.0,703.0,,703.0,705.0,-2.0,,32.0,22650.0,2.0,7.0,0.9859154929577465,-0.28368794326241137,11325.0,707.8125
2026-05-04T05:45:29+00:00,2026-05-04T11:30:29+05:45,2026-05-04,11:30:29,1777873529,0,5,11,nepse_official,OPEN,2026-05-04,BHCL,Bikash Hydropower Company Limited,510.0,529.0,510.0,,515.0,519.0,-4.0,,200.0,104115.0,20.0,19.0,3.7254901960784315,-0.7707129094412332,5205.75,520.575
2026-05-04T05:45:29+00:00,2026-05-04T11:30:29+05:45,2026-05-04,11:30:29,1777873529,0,5,11,nepse_official,OPEN,2026-05-04,BHDC,Bindhyabasini Hydropower Development Company Limited,456.0,457.0,456.0,,456.0,455.1,0.8999999999999773,,43.0,19619.0,4.0,1.0,0.21929824561403508,0.19775873434409516,4904.75,456.25581395348837
2026-05-04T05:45:29+00:00,2026-05-04T11:30:29+05:45,2026-05-04,11:30:29,1777873529,0,5,11,nepse_official,OPEN,2026-05-04,BHL,Balephi Hydropower Limited,207.0,220.0,207.0,,216.0,217.6,-1.5999999999999943,,11435.0,2492159.7,58.0,13.0,6.280193236714976,-0.7352941176470562,42968.270689655175,217.94138172278096
2026-05-04T05:45:29+00:00,2026-05-04T11:30:29+05:45,2026-05-04,11:30:29,1777873529,0,5,11,nepse_official,OPEN,2026-05-04,BHPL,Barahi Hydropower Public Limited,524.8,535.5,524.8,,535.5,520.2,15.299999999999955,,830.0,435801.0,4.0,10.700000000000045,2.038871951219521,2.941176470588226,108950.25,525.0614457831325
2026-05-04T05:45:29+00:00,2026-05-04T11:30:29+05:45,2026-05-04,11:30:29,1777873529,0,5,11,nepse_official,OPEN,2026-05-04,BJHL,Bhujung Hydropower Limited,1035.0,1064.9,1003.0,,1006.0,1035.0,-29.0,,995.0,1009767.0,51.0,61.90000000000009,5.980676328502424,-2.8019323671497585,19799.352941176472,1014.8412060301507
2026-05-04T05:45:29+00:00,2026-05-04T11:30:29+05:45,2026-05-04,11:30:29,1777873529,0,5,11,nepse_official,OPEN,2026-05-04,BNHC,Buddha Bhumi Nepal Hydropower Company Limited,327.5,327.5,327.0,,327.0,327.5,-0.5,,60.0,19645.0,3.0,0.5,0.15267175572519084,-0.15267175572519084,6548.333333333333,327.4166666666667
2026-05-04T05:45:29+00:00,2026-05-04T11:30:29+05:45,2026-05-04,11:30:29,1777873529,0,5,11,nepse_official,OPEN,2026-05-04,BNT,Bottlers Nepal (Terai) Limited,11500.2,11500.2,11500.2,,11500.2,11610.0,-109.79999999999927,,70.0,805014.0,1.0,0.0,0.0,-0.9457364341085208,805014.0,11500.2
2026-05-04T05:45:29+00:00,2026-05-04T11:30:29+05:45,2026-05-04,11:30:29,1777873529,0,5,11,nepse_official,OPEN,2026-05-04,BPCL,Butwal Power Company Limited,660.0,687.0,660.0,,665.0,668.0,-3.0,,325.0,217502.0,8.0,27.0,4.090909090909091,-0.4491017964071856,27187.75,669.2369230769231
2026-05-04T05:45:29+00:00,2026-05-04T11:30:29+05:45,2026-05-04,11:30:29,1777873529,0,5,11,nepse_official,OPEN,2026-05-04,BUNGAL,Bungal Hydro Limited,550.0,573.0,550.0,,566.5,571.0,-4.5,,595.0,336846.0,22.0,23.0,4.181818181818182,-0.7880910683012259,15311.181818181818,566.127731092437
2026-05-04T05:45:29+00:00,2026-05-04T11:30:29+05:45,2026-05-04,11:30:29,1777873529,0,5,11,nepse_official,OPEN,2026-05-04,CBBL,Chhimek Laghubitta Bittiya Sanstha Limited,901.0,915.5,901.0,,905.0,903.0,2.0,,452.0,410624.1,17.0,14.5,1.609322974472808,0.22148394241417496,24154.358823529412,908.4603982300885
2026-05-04T05:45:29+00:00,2026-05-04T11:30:29+05:45,2026-05-04,11:30:29,1777873529,0,5,11,nepse_official,OPEN,2026-05-04,CFCL,Central Finance Co. Ltd.,488.1,500.0,488.1,,500.0,493.0,7.0,,786.0,391507.5,8.0,11.899999999999977,2.438024994878094,1.4198782961460445,48938.4375,498.10114503816794
2026-05-04T05:45:29+00:00,2026-05-04T11:30:29+05:45,2026-05-04,11:30:29,1777873529,0,5,11,nepse_official,OPEN,2026-05-04,CGH,Chandragiri Hills Limited,802.1,805.0,802.1,,805.0,807.5,-2.5,,110.0,88521.0,2.0,2.8999999999999773,0.36155092881186596,-0.30959752321981426,44260.5,804.7363636363636
2026-05-04T05:45:29+00:00,2026-05-04T11:30:29+05:45,2026-05-04,11:30:29,1777873529,0,5,11,nepse_official,OPEN,2026-05-04,CHCL,Chilime Hydropower Company Limited,480.0,480.0,478.0,,479.0,478.5,0.5,,1430.0,685880.0,14.0,2.0,0.4166666666666667,0.10449320794148381,48991.42857142857,479.6363636363636
2026-05-04T05:45:29+00:00,2026-05-04T11:30:29+05:45,2026-05-04,11:30:29,1777873529,0,5,11,nepse_official,OPEN,2026-05-04,CHDC,CEDB Holdings Limited,2261.1,2262.0,2255.0,,2255.0,2260.9,-5.900000000000091,,501.0,1131070.1,7.0,7.0,0.30958383087877583,-0.26095802556504444,161581.44285714286,2257.6249500998006
2026-05-04T05:45:29+00:00,2026-05-04T11:30:29+05:45,2026-05-04,11:30:29,1777873529,0,5,11,nepse_official,OPEN,2026-05-04,CHL,Chhyangdi Hydropower Ltd.,283.0,285.0,283.0,,283.0,283.0,0.0,,841.0,239116.0,9.0,2.0,0.7067137809187279,0.0,26568.444444444445,284.3234244946492
2026-05-04T05:45:29+00:00,2026-05-04T11:30:29+05:45,2026-05-04,11:30:29,1777873529,0,5,11,nepse_official,OPEN,2026-05-04,CIT,Citizen Investment Trust,1774.0,1774.0,1774.0,,1774.0,1766.0,8.0,,10.0,17740.0,1.0,0.0,0.0,0.4530011325028313,17740.0,1774.0
2026-05-04T05:45:29+00:00,2026-05-04T11:30:29+05:45,2026-05-04,11:30:29,1777873529,0,5,11,nepse_official,OPEN,2026-05-04,CITY,City Hotel Limited,450.0,450.0,440.0,,440.0,448.0,-8.0,,1072.0,472420.8,21.0,10.0,2.2222222222222223,-1.7857142857142856,22496.22857142857,440.6910447761194
2026-05-04T05:45:29+00:00,2026-05-04T11:30:29+05:45,2026-05-04,11:30:29,1777873529,0,5,11,nepse_official,OPEN,2026-05-04,CKHL,Chirkhwa Hydropower Limited ,681.0,681.0,681.0,,681.0,699.0,-18.0,,10.0,6810.0,1.0,0.0,0.0,-2.575107296137339,6810.0,681.0
2026-05-04T05:45:29+00:00,2026-05-04T11:30:29+05:45,2026-05-04,11:30:29,1777873529,0,5,11,nepse_official,OPEN,2026-05-04,CLI,Citizen Life Insurance Company Limited,445.1,453.0,445.1,,452.0,452.6,-0.6000000000000227,,222.0,100239.8,18.0,7.899999999999977,1.7748820489777526,-0.13256738842245308,5568.877777777778,451.53063063063064
2026-05-04T05:45:29+00:00,2026-05-04T11:30:29+05:45,2026-05-04,11:30:29,1777873529,0,5,11,nepse_official,OPEN,2026-05-04,CORBL,Corporate Development Bank Limited,2300.0,2300.0,2143.0,,2149.0,2400.0,-251.0,,11018.0,24142810.7,60.0,157.0,6.826086956521739,-10.458333333333334,402380.17833333334,2191.215347612997
2026-05-04T05:45:29+00:00,2026-05-04T11:30:29+05:45,2026-05-04,11:30:29,1777873529,0,5,11,nepse_official,OPEN,2026-05-04,CREST,Crest Micro Life Insurance Limited,1080.0,1122.0,1080.0,,1110.0,1112.1,-2.099999999999909,,457.0,506028.7,20.0,42.0,3.888888888888889,-0.18883193957377117,25301.435,1107.283807439825
2026-05-04T05:45:29+00:00,2026-05-04T11:30:29+05:45,2026-05-04,11:30:29,1777873529,0,5,11,nepse_official,OPEN,2026-05-04,CSY,Citizens Santulit Yojana,9.2,9.2,9.2,,9.2,9.32,-0.120000000000001,,700.0,6440.0,5.0,0.0,0.0,-1.28755364806868,1288.0,9.2
2026-05-04T05:45:29+00:00,2026-05-04T11:30:29+05:45,2026-05-04,11:30:29,1777873529,0,5,11,nepse_official,OPEN,2026-05-04,CYCL,CYC Nepal Laghubitta Bittiya Sanstha Limited,1515.0,1515.0,1515.0,,1515.0,1490.0,25.0,,13.0,19695.0,1.0,0.0,0.0,1.6778523489932886,19695.0,1515.0
2026-05-04T05:45:29+00:00,2026-05-04T11:30:29+05:45,2026-05-04,11:30:29,1777873529,0,5,11,nepse_official,OPEN,2026-05-04,CZBIL,Citizens Bank International Limited,204.5,206.9,201.1,,201.1,204.5,-3.4000000000000057,,901.0,182410.7,12.0,5.800000000000011,2.83618581907091,-1.6625916870415676,15200.891666666668,202.45360710321867
2026-05-04T05:45:29+00:00,2026-05-04T11:30:29+05:45,2026-05-04,11:30:29,1777873529,0,5,11,nepse_official,OPEN,2026-05-04,DHEL,Daramkhola Hydro Energy Limited,598.7,602.5,595.0,,595.0,599.3,-4.2999999999999545,,840.0,504722.0,23.0,7.5,1.2527142141306162,-0.7175037543801026,21944.434782608696,600.8595238095238
2026-05-04T05:45:29+00:00,2026-05-04T11:30:29+05:45,2026-05-04,11:30:29,1777873529,0,5,11,nepse_official,OPEN,2026-05-04,DHPL,Dibyashwori Hydropower Ltd.,304.0,304.0,304.0,,304.0,300.0,4.0,,20.0,6080.0,1.0,0.0,0.0,1.3333333333333335,6080.0,304.0
2026-05-04T05:45:29+00:00,2026-05-04T11:30:29+05:45,2026-05-04,11:30:29,1777873529,0,5,11,nepse_official,OPEN,2026-05-04,DOLTI,Dolti Power Company Limited,360.0,367.0,359.0,,365.0,364.0,1.0,,560.0,201800.0,9.0,8.0,2.2222222222222223,0.27472527472527475,22422.222222222223,360.35714285714283
2026-05-04T05:45:29+00:00,2026-05-04T11:30:29+05:45,2026-05-04,11:30:29,1777873529,0,5,11,nepse_official,OPEN,2026-05-04,DORDI,Dordi Khola Jal Bidyut Company Limited,276.0,281.0,276.0,,276.1,277.0,-0.8999999999999773,,2122.0,592909.0,11.0,5.0,1.8115942028985508,-0.32490974729241057,53900.818181818184,279.4104618284637
2026-05-04T05:45:29+00:00,2026-05-04T11:30:29+05:45,2026-05-04,11:30:29,1777873529,0,5,11,nepse_official,OPEN,2026-05-04,EBL,Everest Bank Limited,700.0,701.0,690.0,,690.6,697.0,-6.399999999999977,,4296.0,2976155.9,47.0,11.0,1.5714285714285716,-0.9182209469153482,63322.46595744681,692.7737197392923
2026-05-04T05:45:29+00:00,2026-05-04T11:30:29+05:45,2026-05-04,11:30:29,1777873529,0,5,11,nepse_official,OPEN,2026-05-04,EBLD86,Everest Bank Limited,1075.0,1075.0,1075.0,,1075.0,1072.1,2.900000000000091,,25.0,26875.0,1.0,0.0,0.0,0.27049715511613576,26875.0,1075.0
2026-05-04T05:45:29+00:00,2026-05-04T11:30:29+05:45,2026-05-04,11:30:29,1777873529,0,5,11,nepse_official,OPEN,2026-05-04,EBLD91,Everest Bank Limited Debenture 2091,1058.1,1060.1,1058.1,,1060.1,1056.1,4.0,,50.0,52955.0,2.0,2.0,0.1890180512238919,0.37875201212006443,26477.5,1059.1
2026-05-04T05:45:29+00:00,2026-05-04T11:30:29+05:45,2026-05-04,11:30:29,1777873529,0,5,11,nepse_official,OPEN,2026-05-04,EHPL,Eastern Hydropower Limited,392.0,399.0,388.0,,388.0,391.4,-3.3999999999999773,,4008.0,1561692.0,21.0,11.0,2.806122448979592,-0.8686765457332595,74366.28571428571,389.6437125748503
2026-05-04T05:45:29+00:00,2026-05-04T11:30:29+05:45,2026-05-04,11:30:29,1777873529,0,5,11,nepse_official,OPEN,2026-05-04,ENL,Emerging Nepal Limited,873.0,873.0,873.0,,873.0,899.8,-26.799999999999955,,10.0,8730.0,1.0,0.0,0.0,-2.9784396532562742,8730.0,873.0
2026-05-04T05:45:29+00:00,2026-05-04T11:30:29+05:45,2026-05-04,11:30:29,1777873529,0,5,11,nepse_official,OPEN,2026-05-04,FMDBL,First Micro Finance Laghubitta Bittiya Sanstha Limited,785.0,807.0,785.0,,807.0,795.0,12.0,,163.0,129695.0,6.0,22.0,2.802547770700637,1.509433962264151,21615.833333333332,795.6748466257669
2026-05-04T05:45:29+00:00,2026-05-04T11:30:29+05:45,2026-05-04,11:30:29,1777873529,0,5,11,nepse_official,OPEN,2026-05-04,GBBL,Garima Bikas Bank Limited,419.9,419.9,414.0,,415.0,414.0,1.0,,654.0,271606.6,6.0,5.899999999999977,1.4050964515360747,0.24154589371980675,45267.76666666666,415.30061162079505
2026-05-04T05:45:29+00:00,2026-05-04T11:30:29+05:45,2026-05-04,11:30:29,1777873529,0,5,11,nepse_official,OPEN,2026-05-04,GBIME,Global IME Bank Limited,219.5,232.8,219.5,,230.0,231.0,-1.0,,5450.0,1255716.0,40.0,13.300000000000011,6.059225512528479,-0.4329004329004329,31392.9,230.40660550458716
2026-05-04T05:45:29+00:00,2026-05-04T11:30:29+05:45,2026-05-04,11:30:29,1777873529,0,5,11,nepse_official,OPEN,2026-05-04,GBIMESY2,Global IME Sammunat Yojana -2,9.0,9.17,9.0,,9.17,9.2,-0.02999999999999936,,300.0,2734.0,2.0,0.16999999999999993,1.8888888888888882,-0.3260869565217322,1367.0,9.113333333333333
2026-05-04T05:45:29+00:00,2026-05-04T11:30:29+05:45,2026-05-04,11:30:29,1777873529,0,5,11,nepse_official,OPEN,2026-05-04,GCIL,Ghorahi Cement Industry Limited,415.0,420.0,415.0,,415.0,415.0,0.0,,1180.0,490638.9,18.0,5.0,1.2048192771084338,0.0,27257.716666666667,415.7956779661017
2026-05-04T05:45:29+00:00,2026-05-04T11:30:29+05:45,2026-05-04,11:30:29,1777873529,0,5,11,nepse_official,OPEN,2026-05-04,GFCL,Goodwill Finance Limited,620.0,620.0,620.0,,620.0,620.2,-0.20000000000004547,,500.0,310000.0,1.0,0.0,0.0,-0.0322476620445091,310000.0,620.0
2026-05-04T05:45:29+00:00,2026-05-04T11:30:29+05:45,2026-05-04,11:30:29,1777873529,0,5,11,nepse_official,OPEN,2026-05-04,GHL,Ghalemdi Hydro Limited,234.9,235.0,230.0,,230.0,234.0,-4.0,,5850.0,1352280.0,19.0,5.0,2.128565346956152,-1.7094017094017095,71172.63157894737,231.15897435897435
2026-05-04T05:45:29+00:00,2026-05-04T11:30:29+05:45,2026-05-04,11:30:29,1777873529,0,5,11,nepse_official,OPEN,2026-05-04,GIBF1,Global IME Balanced Fund-1,10.84,10.84,10.84,,10.84,11.0,-0.16000000000000014,,250.0,2710.0,1.0,0.0,0.0,-1.4545454545454557,2710.0,10.84
2026-05-04T05:45:29+00:00,2026-05-04T11:30:29+05:45,2026-05-04,11:30:29,1777873529,0,5,11,nepse_official,OPEN,2026-05-04,GILB,Global IME Laghubitta Bittiya Sanstha Ltd.,1100.2,1100.2,1100.2,,1100.2,1100.2,0.0,,1.0,1072.0,1.0,0.0,0.0,0.0,1072.0,1072.0
2026-05-04T05:45:29+00:00,2026-05-04T11:30:29+05:45,2026-05-04,11:30:29,1777873529,0,5,11,nepse_official,OPEN,2026-05-04,GLH,GreenLife Hydropower Limited,251.3,267.9,251.3,,263.8,264.5,-0.6999999999999886,,8980.0,2356245.5,21.0,16.599999999999966,6.605650616792665,-0.26465028355387094,112202.16666666667,262.388140311804
2026-05-04T05:45:29+00:00,2026-05-04T11:30:29+05:45,2026-05-04,11:30:29,1777873529,0,5,11,nepse_official,OPEN,2026-05-04,GMLI,Guardian Micro Life Insurance Limited ,1280.1,1300.0,1250.0,,1265.0,1280.0,-15.0,,511.0,652357.0,21.0,50.0,3.9059448480587458,-1.171875,31064.619047619046,1276.628180039139
2026-05-04T05:45:29+00:00,2026-05-04T11:30:29+05:45,2026-05-04,11:30:29,1777873529,0,5,11,nepse_official,OPEN,2026-05-04,GRDBL,Green Development Bank Ltd.,1090.0,1090.0,1081.0,,1081.1,1100.0,-18.90000000000009,,2277.0,2468370.7,25.0,9.0,0.8256880733944955,-1.7181818181818262,98734.82800000001,1084.045103205973
2026-05-04T05:45:29+00:00,2026-05-04T11:30:29+05:45,2026-05-04,11:30:29,1777873529,0,5,11,nepse_official,OPEN,2026-05-04,GSY,Garima Samriddhi Yojana,9.57,9.57,9.57,,9.57,9.78,-0.20999999999999908,,100.0,957.0,1.0,0.0,0.0,-2.1472392638036717,957.0,9.57
2026-05-04T05:45:29+00:00,2026-05-04T11:30:29+05:45,2026-05-04,11:30:29,1777873529,0,5,11,nepse_official,OPEN,2026-05-04,GUFL,Gurkhas Finance Ltd.,518.0,520.0,518.0,,520.0,518.2,1.7999999999999545,,563.0,292534.0,4.0,2.0,0.3861003861003861,0.3473562331146188,73133.5,519.5985790408525
2026-05-04T05:45:29+00:00,2026-05-04T11:30:29+05:45,2026-05-04,11:30:29,1777873529,0,5,11,nepse_official,OPEN,2026-05-04,GVL,Green Ventures Limited,480.0,482.3,475.0,,482.3,487.5,-5.199999999999989,,587.0,279400.5,13.0,7.300000000000011,1.5208333333333357,-1.0666666666666644,21492.346153846152,475.9804088586031
2026-05-04T05:45:29+00:00,2026-05-04T11:30:29+05:45,2026-05-04,11:30:29,1777873529,0,5,11,nepse_official,OPEN,2026-05-04,H8020,Himalayan 80-20,11.51,11.51,11.51,,11.51,11.51,0.0,,400.0,4604.0,2.0,0.0,0.0,0.0,2302.0,11.51
2026-05-04T05:45:29+00:00,2026-05-04T11:30:29+05:45,2026-05-04,11:30:29,1777873529,0,5,11,nepse_official,OPEN,2026-05-04,HATHY,Hathway Investment Nepal Limited,810.0,810.0,801.0,,801.0,814.0,-13.0,,162.0,130053.0,7.0,9.0,1.1111111111111112,-1.597051597051597,18579.0,802.7962962962963
2026-05-04T05:45:29+00:00,2026-05-04T11:30:29+05:45,2026-05-04,11:30:29,1777873529,0,5,11,nepse_official,OPEN,2026-05-04,HBL,Himalayan Bank Limited,202.0,204.0,201.0,,201.0,202.0,-1.0,,3701.0,748339.0,100.0,3.0,1.4851485148514851,-0.49504950495049505,7483.39,202.19913536881924
2026-05-04T05:45:29+00:00,2026-05-04T11:30:29+05:45,2026-05-04,11:30:29,1777873529,0,5,11,nepse_official,OPEN,2026-05-04,HDHPC,Himal Dolakha Hydropower Company Limited,233.0,233.0,217.3,,222.0,222.8,-0.8000000000000114,,10789.0,2409709.8,44.0,15.699999999999989,6.738197424892698,-0.3590664272890536,54766.13181818181,223.3487626286032
2026-05-04T05:45:29+00:00,2026-05-04T11:30:29+05:45,2026-05-04,11:30:29,1777873529,0,5,11,nepse_official,OPEN,2026-05-04,HDL,Himalayan Distillery Limited,1169.0,1169.0,1150.0,,1152.1,1146.0,6.099999999999909,,3358.0,3874372.3,70.0,19.0,1.6253207869974338,0.5322862129144772,55348.17571428571,1153.7737641453245
2026-05-04T05:45:29+00:00,2026-05-04T11:30:29+05:45,2026-05-04,11:30:29,1777873529,0,5,11,nepse_official,OPEN,2026-05-04,HEI,Himalayan Everest Insurance Limited,510.0,511.0,510.0,,511.0,516.0,-5.0,,100.0,51050.0,2.0,1.0,0.19607843137254902,-0.9689922480620154,25525.0,510.5
2026-05-04T05:45:29+00:00,2026-05-04T11:30:29+05:45,2026-05-04,11:30:29,1777873529,0,5,11,nepse_official,OPEN,2026-05-04,HEIP,Himalayan Everest Insurance Limited Promoter,317.1,323.0,317.1,,323.0,317.1,5.899999999999977,,727.0,233441.0,3.0,5.899999999999977,1.8606117943866216,1.8606117943866216,77813.66666666667,321.10178817056396
2026-05-04T05:45:29+00:00,2026-05-04T11:30:29+05:45,2026-05-04,11:30:29,1777873529,0,5,11,nepse_official,OPEN,2026-05-04,HFIN,Hotel Forest Inn Limited,994.0,1020.0,981.3,,992.1,1024.0,-31.899999999999977,,6954.0,6950224.1,301.0,38.700000000000045,3.8933601609657997,-3.115234374999998,23090.445514950166,999.4570175438596
2026-05-04T05:45:29+00:00,2026-05-04T11:30:29+05:45,2026-05-04,11:30:29,1777873529,0,5,11,nepse_official,OPEN,2026-05-04,HHL,Himalayan Hydropower Limited,380.0,389.8,379.0,,379.0,384.0,-5.0,,4952.0,1882076.0,17.0,10.800000000000011,2.842105263157898,-1.3020833333333335,110710.35294117648,380.0638126009693
2026-05-04T05:45:29+00:00,2026-05-04T11:30:29+05:45,2026-05-04,11:30:29,1777873529,0,5,11,nepse_official,OPEN,2026-05-04,HIDCL,Hydorelectricity Investment and Development Company Ltd,265.0,268.0,265.0,,267.0,265.7,1.3000000000000114,,5969.0,1592746.2,35.0,3.0,1.1320754716981132,0.48927361686112586,45507.03428571428,266.8363544982409
2026-05-04T05:45:29+00:00,2026-05-04T11:30:29+05:45,2026-05-04,11:30:29,1777873529,0,5,11,nepse_official,OPEN,2026-05-04,HIDCLP,Hydorelectricity Investment and Development Company Limited Promoter,204.0,204.0,202.0,,202.0,205.0,-3.0,,30200.0,6102070.0,13.0,2.0,0.9803921568627451,-1.4634146341463417,469390.0,202.05529801324502
2026-05-04T05:45:29+00:00,2026-05-04T11:30:29+05:45,2026-05-04,11:30:29,1777873529,0,5,11,nepse_official,OPEN,2026-05-04,HIMSTAR,Him Star Urja Company Limited,846.0,850.0,845.0,,845.0,840.0,5.0,,370.0,312912.6,7.0,5.0,0.5910165484633569,0.5952380952380952,44701.799999999996,845.7097297297297
2026-05-04T05:45:29+00:00,2026-05-04T11:30:29+05:45,2026-05-04,11:30:29,1777873529,0,5,11,nepse_official,OPEN,2026-05-04,HLBSL,Himalayan Laghubitta Bittiya Sanstha Limited,870.0,875.0,870.0,,875.0,889.0,-14.0,,34.0,29680.0,3.0,5.0,0.5747126436781609,-1.574803149606299,9893.333333333334,872.9411764705883
2026-05-04T05:45:29+00:00,2026-05-04T11:30:29+05:45,2026-05-04,11:30:29,1777873529,0,5,11,nepse_official,OPEN,2026-05-04,HLI,Himalayan Life Insurance Limited,338.1,341.0,338.1,,339.1,340.0,-0.8999999999999773,,4508.0,1531700.4,40.0,2.8999999999999773,0.8577343981070622,-0.26470588235293446,38292.509999999995,339.7738243123336
2026-05-04T05:45:29+00:00,2026-05-04T11:30:29+05:45,2026-05-04,11:30:29,1777873529,0,5,11,nepse_official,OPEN,2026-05-04,HLICF,HLI Large Cap Fund,8.93,8.93,8.93,,8.93,8.93,0.0,,100.0,893.0,1.0,0.0,0.0,0.0,893.0,8.93
2026-05-04T05:45:29+00:00,2026-05-04T11:30:29+05:45,2026-05-04,11:30:29,1777873529,0,5,11,nepse_official,OPEN,2026-05-04,HPPL,Himalayan Power Partner Ltd.,375.0,375.0,365.9,,367.0,366.6,0.39999999999997726,,1758.0,645505.4,18.0,9.100000000000023,2.426666666666673,0.10911074740861354,35861.41111111111,367.1816837315131
2026-05-04T05:45:29+00:00,2026-05-04T11:30:29+05:45,2026-05-04,11:30:29,1777873529,0,5,11,nepse_official,OPEN,2026-05-04,HRL,Himalayan Reinsurance Limited,671.1,678.9,671.1,,674.0,671.1,2.8999999999999773,,5263.0,3553002.5,73.0,7.7999999999999545,1.1622708985248031,0.43212635970793883,48671.267123287675,675.0907277218316
2026-05-04T05:45:29+00:00,2026-05-04T11:30:29+05:45,2026-05-04,11:30:29,1777873529,0,5,11,nepse_official,OPEN,2026-05-04,HURJA,Himalaya Urja Bikas Company Limited,253.0,255.0,250.0,,252.0,255.0,-3.0,,9783.0,2455010.0,37.0,5.0,1.9762845849802373,-1.1764705882352942,66351.62162162163,250.94653991618114
2026-05-04T05:45:29+00:00,2026-05-04T11:30:29+05:45,2026-05-04,11:30:29,1777873529,0,5,11,nepse_official,OPEN,2026-05-04,ICFC,ICFC Finance Limited,610.1,610.1,610.1,,610.1,622.1,-12.0,,11.0,6711.1,1.0,0.0,0.0,-1.9289503295290147,6711.1,610.1
2026-05-04T05:45:29+00:00,2026-05-04T11:30:29+05:45,2026-05-04,11:30:29,1777873529,0,5,11,nepse_official,OPEN,2026-05-04,ICFCD89,8% ICFC Finance Limited Debenture 2089,1086.6,1086.6,1086.5,,1086.5,1087.1,-0.599999999999909,,50.0,54327.5,2.0,0.09999999999990905,0.009203018590089183,-0.05519271456166949,27163.75,1086.55
2026-05-04T05:45:29+00:00,2026-05-04T11:30:29+05:45,2026-05-04,11:30:29,1777873529,0,5,11,nepse_official,OPEN,2026-05-04,IHL,Ingwa Hydropower Limited,391.0,401.5,390.1,,400.0,395.0,5.0,,644.0,252668.8,15.0,11.399999999999977,2.915601023017897,1.2658227848101267,16844.586666666666,392.3428571428571
2026-05-04T05:45:29+00:00,2026-05-04T11:30:29+05:45,2026-05-04,11:30:29,1777873529,0,5,11,nepse_official,OPEN,2026-05-04,ILBS,Infinity Laghubitta Bittiya Sanstha Limited,920.0,920.0,920.0,,920.0,944.0,-24.0,,50.0,46000.0,1.0,0.0,0.0,-2.5423728813559325,46000.0,920.0
2026-05-04T05:45:29+00:00,2026-05-04T11:30:29+05:45,2026-05-04,11:30:29,1777873529,0,5,11,nepse_official,OPEN,2026-05-04,ILI,IME Life Insurance Company Limited,431.2,440.0,431.2,,432.0,433.5,-1.5,,148.0,64407.6,12.0,8.800000000000011,2.040816326530615,-0.34602076124567477,5367.3,435.1864864864865
2026-05-04T05:45:29+00:00,2026-05-04T11:30:29+05:45,2026-05-04,11:30:29,1777873529,0,5,11,nepse_official,OPEN,2026-05-04,JBBL,Jyoti Bikas Bank Limited,360.1,366.7,359.0,,359.0,360.1,-1.1000000000000227,,5020.0,1832862.5,14.0,7.699999999999989,2.138294918078308,-0.30547070258262227,130918.75,365.1120517928287
2026-05-04T05:45:29+00:00,2026-05-04T11:30:29+05:45,2026-05-04,11:30:29,1777873529,0,5,11,nepse_official,OPEN,2026-05-04,JBLB,Jeevan Bikas Laghubitta  Bittya Sanstha Ltd,1255.0,1285.0,1255.0,,1261.0,1268.0,-7.0,,314.0,396002.2,13.0,30.0,2.3904382470119523,-0.5520504731861199,30461.707692307693,1261.1535031847134
2026-05-04T05:45:29+00:00,2026-05-04T11:30:29+05:45,2026-05-04,11:30:29,1777873529,0,5,11,nepse_official,OPEN,2026-05-04,JFL,Janaki Finance Company Limited,421.2,446.8,420.1,,420.1,409.0,11.100000000000023,,155.0,67034.0,7.0,26.69999999999999,6.339031339031337,2.713936430317854,9576.285714285714,432.47741935483873
2026-05-04T05:45:29+00:00,2026-05-04T11:30:29+05:45,2026-05-04,11:30:29,1777873529,0,5,11,nepse_official,OPEN,2026-05-04,JHAPA,Jhapa Energy Limited,1564.0,1639.9,1551.1,,1600.1,1564.0,36.09999999999991,,4672.0,7491530.0,69.0,88.80000000000018,5.677749360613822,2.3081841432225003,108572.89855072464,1603.4952910958905
2026-05-04T05:45:29+00:00,2026-05-04T11:30:29+05:45,2026-05-04,11:30:29,1777873529,0,5,11,nepse_official,OPEN,2026-05-04,JOSHI,Joshi Hydropower Development Company Ltd,278.0,282.0,278.0,,282.0,277.0,5.0,,111.0,30978.0,2.0,4.0,1.4388489208633095,1.8050541516245486,15489.0,279.0810810810811
2026-05-04T05:45:29+00:00,2026-05-04T11:30:29+05:45,2026-05-04,11:30:29,1777873529,0,5,11,nepse_official,OPEN,2026-05-04,KBL,Kumari Bank Limited,215.0,219.9,212.5,,215.0,217.3,-2.3000000000000114,,19589.0,4235330.2,91.0,7.400000000000006,3.4418604651162816,-1.0584445467096233,46542.09010989011,216.2096176425545
2026-05-04T05:45:29+00:00,2026-05-04T11:30:29+05:45,2026-05-04,11:30:29,1777873529,0,5,11,nepse_official,OPEN,2026-05-04,KBSH,Kutheli Bukhari Small Hydropower Limited,1535.5,1538.0,1535.5,,1535.5,1580.0,-44.5,,162.0,248854.5,7.0,2.5,0.16281341582546402,-2.8164556962025316,35550.642857142855,1536.138888888889
2026-05-04T05:45:29+00:00,2026-05-04T11:30:29+05:45,2026-05-04,11:30:29,1777873529,0,5,11,nepse_official,OPEN,2026-05-04,KDBY,Kumari Dhanabriddhi Yojana,12.28,12.28,11.57,,11.88,11.7,0.1800000000000015,,1400.0,16335.0,5.0,0.7099999999999991,5.781758957654716,1.5384615384615514,3267.0,11.667857142857143
2026-05-04T05:45:29+00:00,2026-05-04T11:30:29+05:45,2026-05-04,11:30:29,1777873529,0,5,11,nepse_official,OPEN,2026-05-04,KDL,Kalinchowk Darshan Limited,812.0,815.2,812.0,,812.0,820.0,-8.0,,50.0,40694.0,5.0,3.2000000000000455,0.39408866995074454,-0.975609756097561,8138.8,813.88
2026-05-04T05:45:29+00:00,2026-05-04T11:30:29+05:45,2026-05-04,11:30:29,1777873529,0,5,11,nepse_official,OPEN,2026-05-04,KEF,Kumari Equity Fund,10.59,10.59,10.59,,10.59,10.57,0.019999999999999574,,100.0,1059.0,1.0,0.0,0.0,0.18921475875117855,1059.0,10.59
2026-05-04T05:45:29+00:00,2026-05-04T11:30:29+05:45,2026-05-04,11:30:29,1777873529,0,5,11,nepse_official,OPEN,2026-05-04,KKHC,Khanikhola Hydropower Co. Ltd.,257.0,264.5,257.0,,261.0,262.0,-1.0,,650.0,170124.5,13.0,7.5,2.9182879377431905,-0.38167938931297707,13086.5,261.73
2026-05-04T05:45:29+00:00,2026-05-04T11:30:29+05:45,2026-05-04,11:30:29,1777873529,0,5,11,nepse_official,OPEN,2026-05-04,KMCDB,Kalika Laghubitta Bittiya Sanstha Ltd,865.3,865.3,865.3,,865.3,879.0,-13.700000000000045,,20.0,17306.0,2.0,0.0,0.0,-1.5585893060295843,8653.0,865.3
2026-05-04T05:45:29+00:00,2026-05-04T11:30:29+05:45,2026-05-04,11:30:29,1777873529,0,5,11,nepse_official,OPEN,2026-05-04,KSBBL,Kamana Sewa Bikas Bank Limited,470.1,477.9,468.0,,468.0,477.9,-9.899999999999977,,247.0,116477.3,7.0,9.899999999999977,2.1059349074664913,-2.0715630885122365,16639.614285714288,471.568016194332
2026-05-04T05:45:29+00:00,2026-05-04T11:30:29+05:45,2026-05-04,11:30:29,1777873529,0,5,11,nepse_official,OPEN,2026-05-04,KSY,Kumari Sabal Yojana,9.23,9.5,9.23,,9.5,9.51,-0.009999999999999787,,200.0,1873.0,2.0,0.2699999999999996,2.925243770314188,-0.10515247108306822,936.5,9.365
2026-05-04T05:45:29+00:00,2026-05-04T11:30:29+05:45,2026-05-04,11:30:29,1777873529,0,5,11,nepse_official,OPEN,2026-05-04,LBBL,Lumbini Bikas Bank Ltd.,504.0,504.0,489.0,,489.0,492.0,-3.0,,6789.0,3382858.8,24.0,15.0,2.976190476190476,-0.6097560975609756,140952.44999999998,498.28528501988507
2026-05-04T05:45:29+00:00,2026-05-04T11:30:29+05:45,2026-05-04,11:30:29,1777873529,0,5,11,nepse_official,OPEN,2026-05-04,LEC,Liberty Energy Company Limited,223.0,225.0,222.5,,223.0,222.0,1.0,,3174.0,708269.5,20.0,2.5,1.1210762331838564,0.45045045045045046,35413.475,223.14729048519217
2026-05-04T05:45:29+00:00,2026-05-04T11:30:29+05:45,2026-05-04,11:30:29,1777873529,0,5,11,nepse_official,OPEN,2026-05-04,LICN,Life Insurance Corporation (Nepal) Limited,805.2,823.0,802.2,,823.0,808.1,14.899999999999977,,1110.0,892851.2,10.0,20.799999999999955,2.5832091405861837,1.8438312090087832,89285.12,804.3704504504504
2026-05-04T05:45:29+00:00,2026-05-04T11:30:29+05:45,2026-05-04,11:30:29,1777873529,0,5,11,nepse_official,OPEN,2026-05-04,LSL,Laxmi Sunrise Bank Limited,212.2,217.0,212.2,,212.7,216.5,-3.8000000000000114,,570.0,121306.8,6.0,4.800000000000011,2.262016965127244,-1.7551963048498895,20217.8,212.81894736842105
2026-05-04T05:45:29+00:00,2026-05-04T11:30:29+05:45,2026-05-04,11:30:29,1777873529,0,5,11,nepse_official,OPEN,2026-05-04,MABEL,Mabilung Energy Limited,664.0,664.0,654.2,,658.1,664.0,-5.899999999999977,,191.0,126148.0,16.0,9.799999999999955,1.4759036144578246,-0.8885542168674664,7884.25,660.4607329842931
2026-05-04T05:45:29+00:00,2026-05-04T11:30:29+05:45,2026-05-04,11:30:29,1777873529,0,5,11,nepse_official,OPEN,2026-05-04,MAKAR,Makar Jitumaya Suri Hydropower Limited,489.0,490.0,489.0,,490.0,492.0,-2.0,,40.0,19574.0,4.0,1.0,0.2044989775051125,-0.40650406504065045,4893.5,489.35
2026-05-04T05:45:29+00:00,2026-05-04T11:30:29+05:45,2026-05-04,11:30:29,1777873529,0,5,11,nepse_official,OPEN,2026-05-04,MANDU,Mandu Hydropower Limited,803.5,803.5,803.5,,803.5,803.5,0.0,,10.0,8035.0,1.0,0.0,0.0,0.0,8035.0,803.5
2026-05-04T05:45:29+00:00,2026-05-04T11:30:29+05:45,2026-05-04,11:30:29,1777873529,0,5,11,nepse_official,OPEN,2026-05-04,MBJC,Madhya Bhotekoshi Jalavidyut Company Limited,279.0,280.0,277.0,,279.0,281.0,-2.0,,605.0,168565.0,21.0,3.0,1.0752688172043012,-0.7117437722419928,8026.9047619047615,278.6198347107438
2026-05-04T05:45:29+00:00,2026-05-04T11:30:29+05:45,2026-05-04,11:30:29,1777873529,0,5,11,nepse_official,OPEN,2026-05-04,MBL,Machhapuchhre Bank Limited,242.0,247.0,241.0,,245.0,242.1,2.9000000000000057,,2546.0,624233.8,9.0,6.0,2.479338842975207,1.1978521272201594,69359.31111111112,245.18216810683427
2026-05-04T05:45:29+00:00,2026-05-04T11:30:29+05:45,2026-05-04,11:30:29,1777873529,0,5,11,nepse_official,OPEN,2026-05-04,MBLEF,MBL Equity Fund,10.0,10.2,10.0,,10.0,10.0,0.0,,500.0,5020.0,5.0,0.1999999999999993,1.9999999999999927,0.0,1004.0,10.04
2026-05-04T05:45:29+00:00,2026-05-04T11:30:29+05:45,2026-05-04,11:30:29,1777873529,0,5,11,nepse_official,OPEN,2026-05-04,MCHL,Menchhiyam Hydropower Limited,322.0,322.0,322.0,,322.0,322.0,0.0,,20.0,6440.0,2.0,0.0,0.0,0.0,3220.0,322.0
2026-05-04T05:45:29+00:00,2026-05-04T11:30:29+05:45,2026-05-04,11:30:29,1777873529,0,5,11,nepse_official,OPEN,2026-05-04,MDB,Miteri Development Bank Limited,588.0,588.0,588.0,,588.0,585.0,3.0,,50.0,29400.0,1.0,0.0,0.0,0.5128205128205128,29400.0,588.0
2026-05-04T05:45:29+00:00,2026-05-04T11:30:29+05:45,2026-05-04,11:30:29,1777873529,0,5,11,nepse_official,OPEN,2026-05-04,MEHL,Manakamana Engineering Hydropower Limited,400.5,400.5,391.0,,391.0,395.9,-4.899999999999977,,30.0,11825.0,3.0,9.5,2.3720349563046192,-1.2376862844152507,3941.6666666666665,394.1666666666667
2026-05-04T05:45:29+00:00,2026-05-04T11:30:29+05:45,2026-05-04,11:30:29,1777873529,0,5,11,nepse_official,OPEN,2026-05-04,MEL,Modi Energy Limited,245.0,250.0,239.0,,239.0,250.0,-11.0,,3104.0,756981.9,47.0,11.0,4.489795918367347,-4.3999999999999995,16105.997872340426,243.87303479381444
2026-05-04T05:45:29+00:00,2026-05-04T11:30:29+05:45,2026-05-04,11:30:29,1777873529,0,5,11,nepse_official,OPEN,2026-05-04,MEN,Mountain Energy Nepal Limited,570.0,622.0,570.0,,584.8,583.5,1.2999999999999545,,6960.0,4307884.0,19.0,52.0,9.12280701754386,0.2227934875749708,226730.73684210525,618.9488505747127
2026-05-04T05:45:29+00:00,2026-05-04T11:30:29+05:45,2026-05-04,11:30:29,1777873529,0,5,11,nepse_official,OPEN,2026-05-04,MFIL,Manjushree Finance Ltd.,755.3,784.0,755.3,,763.5,768.1,-4.600000000000023,,195.0,150668.0,6.0,28.700000000000045,3.7998146431881437,-0.5988803541205602,25111.333333333332,772.6564102564103
2026-05-04T05:45:29+00:00,2026-05-04T11:30:29+05:45,2026-05-04,11:30:29,1777873529,0,5,11,nepse_official,OPEN,2026-05-04,MHCL,Molung Hydropower Company Limited,341.2,345.0,341.2,,344.2,350.6,-6.400000000000034,,510.0,175436.4,10.0,3.8000000000000114,1.113716295427905,-1.8254420992584237,17543.64,343.9929411764706
2026-05-04T05:45:29+00:00,2026-05-04T11:30:29+05:45,2026-05-04,11:30:29,1777873529,0,5,11,nepse_official,OPEN,2026-05-04,MHL,Mandakini Hydropower Limited,500.0,500.0,500.0,,500.0,497.0,3.0,,620.0,310000.0,4.0,0.0,0.0,0.6036217303822937,77500.0,500.0
2026-05-04T05:45:29+00:00,2026-05-04T11:30:29+05:45,2026-05-04,11:30:29,1777873529,0,5,11,nepse_official,OPEN,2026-05-04,MHNL,Mountain Hydro Nepal Limited,261.0,261.0,261.0,,261.0,261.0,0.0,,680.0,177480.0,3.0,0.0,0.0,0.0,59160.0,261.0
2026-05-04T05:45:29+00:00,2026-05-04T11:30:29+05:45,2026-05-04,11:30:29,1777873529,0,5,11,nepse_official,OPEN,2026-05-04,MKHC,Maya Khola Hydropower Company Limited,325.0,325.0,319.0,,319.0,319.0,0.0,,280.0,89590.0,8.0,6.0,1.8461538461538463,0.0,11198.75,319.9642857142857
2026-05-04T05:45:29+00:00,2026-05-04T11:30:29+05:45,2026-05-04,11:30:29,1777873529,0,5,11,nepse_official,OPEN,2026-05-04,MKHL,Mai Khola Hydropower Limited,532.0,532.0,502.0,,515.2,559.0,-43.799999999999955,,11397.0,5831327.7,155.0,30.0,5.639097744360902,-7.835420393559921,37621.469032258065,511.65461963674653
2026-05-04T05:45:29+00:00,2026-05-04T11:30:29+05:45,2026-05-04,11:30:29,1777873529,0,5,11,nepse_official,OPEN,2026-05-04,MKJC,Mailung Khola Jal Vidhyut Company Limited,509.0,509.0,505.8,,505.8,498.0,7.800000000000011,,230.0,116366.0,2.0,3.1999999999999886,0.6286836935166972,1.566265060240966,58183.0,505.9391304347826
2026-05-04T05:45:29+00:00,2026-05-04T11:30:29+05:45,2026-05-04,11:30:29,1777873529,0,5,11,nepse_official,OPEN,2026-05-04,MMF1,Mega Mutual Fund -1,9.56,9.8,9.56,,9.8,9.56,0.2400000000000002,,400.0,3872.0,2.0,0.2400000000000002,2.510460251046027,2.510460251046027,1936.0,9.68
2026-05-04T05:45:29+00:00,2026-05-04T11:30:29+05:45,2026-05-04,11:30:29,1777873529,0,5,11,nepse_official,OPEN,2026-05-04,MMKJL,Mathillo Mailun Khola Jalvidhyut Limited,491.3,491.3,491.3,,491.3,498.0,-6.699999999999989,,20.0,9826.0,2.0,0.0,0.0,-1.3453815261044155,4913.0,491.3
2026-05-04T05:45:29+00:00,2026-05-04T11:30:29+05:45,2026-05-04,11:30:29,1777873529,0,5,11,nepse_official,OPEN,2026-05-04,MNBBL,Muktinath Bikas Bank Ltd.,371.0,372.5,370.0,,370.0,372.0,-2.0,,1749.0,647925.0,15.0,2.5,0.6738544474393532,-0.5376344086021506,43195.0,370.45454545454544
2026-05-04T05:45:29+00:00,2026-05-04T11:30:29+05:45,2026-05-04,11:30:29,1777873529,0,5,11,nepse_official,OPEN,2026-05-04,MNMF1,Muktinath Mutual Fund 1,9.56,9.6,9.56,,9.6,9.85,-0.25,,1300.0,12440.0,2.0,0.03999999999999915,0.41841004184099523,-2.5380710659898478,6220.0,9.569230769230769
2026-05-04T05:45:29+00:00,2026-05-04T11:30:29+05:45,2026-05-04,11:30:29,1777873529,0,5,11,nepse_official,OPEN,2026-05-04,MPFL,Multipurpose Finance Company  Limited,620.0,620.0,609.0,,609.0,609.9,-0.8999999999999773,,90.0,54920.0,2.0,11.0,1.7741935483870968,-0.14756517461878624,27460.0,610.2222222222222
2026-05-04T05:45:29+00:00,2026-05-04T11:30:29+05:45,2026-05-04,11:30:29,1777873529,0,5,11,nepse_official,OPEN,2026-05-04,MSLB,Mahuli Laghubitta Bittiya Sanstha Limited,1265.0,1274.9,1232.0,,1232.0,1241.1,-9.099999999999909,,1500.0,1893381.0,11.0,42.90000000000009,3.391304347826094,-0.7332205301748376,172125.54545454544,1262.254
2026-05-04T05:45:29+00:00,2026-05-04T11:30:29+05:45,2026-05-04,11:30:29,1777873529,0,5,11,nepse_official,OPEN,2026-05-04,NABBC,Narayani Development Bank Limited,1157.0,1184.0,1123.1,,1124.1,1192.0,-67.90000000000009,,2183.0,2471450.0,25.0,60.90000000000009,5.263612791702687,-5.696308724832223,98858.0,1132.1346770499313
2026-05-04T05:45:29+00:00,2026-05-04T11:30:29+05:45,2026-05-04,11:30:29,1777873529,0,5,11,nepse_official,OPEN,2026-05-04,NABIL,Nabil Bank Limited,528.0,535.0,528.0,,529.7,528.0,1.7000000000000455,,5412.0,2868076.0,93.0,7.0,1.3257575757575757,0.32196969696970557,30839.52688172043,529.9475240206948
2026-05-04T05:45:29+00:00,2026-05-04T11:30:29+05:45,2026-05-04,11:30:29,1777873529,0,5,11,nepse_official,OPEN,2026-05-04,NABILD87,9% Nabil Debenture 2087,1135.0,1135.0,1135.0,,1135.0,1135.0,0.0,,5.0,5525.0,1.0,0.0,0.0,0.0,5525.0,1105.0
2026-05-04T05:45:29+00:00,2026-05-04T11:30:29+05:45,2026-05-04,11:30:29,1777873529,0,5,11,nepse_official,OPEN,2026-05-04,NBF3,Nabil Balanced Fund-3,9.62,9.62,9.62,,9.62,9.78,-0.16000000000000014,,500.0,4810.0,1.0,0.0,0.0,-1.6359918200409014,4810.0,9.62
2026-05-04T05:45:29+00:00,2026-05-04T11:30:29+05:45,2026-05-04,11:30:29,1777873529,0,5,11,nepse_official,OPEN,2026-05-04,NBL,Nepal Bank Limited,268.0,269.9,266.0,,269.9,268.0,1.8999999999999773,,1764.0,471128.5,20.0,3.8999999999999773,1.4552238805970064,0.7089552238805885,23556.425,267.0796485260771
2026-05-04T05:45:29+00:00,2026-05-04T11:30:29+05:45,2026-05-04,11:30:29,1777873529,0,5,11,nepse_official,OPEN,2026-05-04,NESDO,NESDO Sambridha Laghubitta Bittiya Sanstha Limited,1510.0,1510.0,1510.0,,1510.0,1538.0,-28.0,,11.0,16610.0,1.0,0.0,0.0,-1.8205461638491547,16610.0,1510.0
2026-05-04T05:45:29+00:00,2026-05-04T11:30:29+05:45,2026-05-04,11:30:29,1777873529,0,5,11,nepse_official,OPEN,2026-05-04,NFS,Nepal Finance Ltd.,594.0,594.0,578.0,,580.0,582.0,-2.0,,235.0,136380.0,5.0,16.0,2.6936026936026933,-0.3436426116838488,27276.0,580.3404255319149
2026-05-04T05:45:29+00:00,2026-05-04T11:30:29+05:45,2026-05-04,11:30:29,1777873529,0,5,11,nepse_official,OPEN,2026-05-04,NGPL,Ngadi Group Power Ltd.,435.0,439.0,435.0,,435.2,437.0,-1.8000000000000114,,15147.0,6607138.9,43.0,4.0,0.9195402298850575,-0.4118993135011468,153654.39302325583,436.2011553442926
2026-05-04T05:45:29+00:00,2026-05-04T11:30:29+05:45,2026-05-04,11:30:29,1777873529,0,5,11,nepse_official,OPEN,2026-05-04,NHDL,Nepal Hydro Developers Ltd.,642.0,642.0,642.0,,642.0,627.0,15.0,,20.0,12840.0,1.0,0.0,0.0,2.3923444976076556,12840.0,642.0
2026-05-04T05:45:29+00:00,2026-05-04T11:30:29+05:45,2026-05-04,11:30:29,1777873529,0,5,11,nepse_official,OPEN,2026-05-04,NHPC,National Hydro Power Company Limited,296.0,299.7,292.0,,294.0,296.0,-2.0,,29669.0,8779288.0,97.0,7.699999999999989,2.6013513513513478,-0.6756756756756757,90508.1237113402,295.907782533958
2026-05-04T05:45:29+00:00,2026-05-04T11:30:29+05:45,2026-05-04,11:30:29,1777873529,0,5,11,nepse_official,OPEN,2026-05-04,NIBLGF,NIBL Growth Fund,9.4,9.4,9.4,,9.4,9.65,-0.25,,100.0,940.0,1.0,0.0,0.0,-2.5906735751295336,940.0,9.4
2026-05-04T05:45:29+00:00,2026-05-04T11:30:29+05:45,2026-05-04,11:30:29,1777873529,0,5,11,nepse_official,OPEN,2026-05-04,NIBLSTF,NIBL Stable Fund,9.0,9.0,8.95,,9.0,9.0,0.0,,3240.0,29095.0,4.0,0.05000000000000071,0.5555555555555635,0.0,7273.75,8.979938271604938
2026-05-04T05:45:29+00:00,2026-05-04T11:30:29+05:45,2026-05-04,11:30:29,1777873529,0,5,11,nepse_official,OPEN,2026-05-04,NICA,NIC Asia Bank Ltd.,375.0,375.0,360.1,,364.0,358.0,6.0,,83139.0,30436381.8,261.0,14.899999999999977,3.9733333333333274,1.675977653631285,116614.48965517242,366.09030418936965
2026-05-04T05:45:29+00:00,2026-05-04T11:30:29+05:45,2026-05-04,11:30:29,1777873529,0,5,11,nepse_official,OPEN,2026-05-04,NICBF,NIC Asia Balanced Fund,9.47,9.47,9.47,,9.47,9.5,-0.02999999999999936,,700.0,6629.0,1.0,0.0,0.0,-0.3157894736842038,6629.0,9.47
2026-05-04T05:45:29+00:00,2026-05-04T11:30:29+05:45,2026-05-04,11:30:29,1777873529,0,5,11,nepse_official,OPEN,2026-05-04,NICFC,NIC Asia Flexi CAP Fund,8.97,9.18,8.97,,9.18,9.18,0.0,,1100.0,9898.0,4.0,0.20999999999999908,2.341137123745809,0.0,2474.5,8.998181818181818
2026-05-04T05:45:29+00:00,2026-05-04T11:30:29+05:45,2026-05-04,11:30:29,1777873529,0,5,11,nepse_official,OPEN,2026-05-04,NICGF2,NIC ASIA Growth Fund-2,9.05,9.05,9.05,,9.05,9.31,-0.2599999999999998,,100.0,905.0,1.0,0.0,0.0,-2.79269602577873,905.0,9.05
2026-05-04T05:45:29+00:00,2026-05-04T11:30:29+05:45,2026-05-04,11:30:29,1777873529,0,5,11,nepse_official,OPEN,2026-05-04,NICL,Nepal Insurance Co. Ltd.,475.3,475.3,475.3,,475.3,482.2,-6.899999999999977,,10.0,4753.0,1.0,0.0,0.0,-1.4309415180423013,4753.0,475.3
2026-05-04T05:45:29+00:00,2026-05-04T11:30:29+05:45,2026-05-04,11:30:29,1777873529,0,5,11,nepse_official,OPEN,2026-05-04,NICLBSL,NIC ASIA Laghubitta Bittiya Sanstha Limited,574.0,574.0,570.0,,570.0,576.5,-6.5,,330.0,189010.0,5.0,4.0,0.6968641114982579,-1.1274934952298352,37802.0,572.7575757575758
2026-05-04T05:45:29+00:00,2026-05-04T11:30:29+05:45,2026-05-04,11:30:29,1777873529,0,5,11,nepse_official,OPEN,2026-05-04,NIFRA,Nepal Infrastructure Bank Limited,260.1,263.0,260.1,,260.6,261.2,-0.5999999999999659,,2166.0,567470.7,41.0,2.8999999999999773,1.1149557862360542,-0.22970903522203903,13840.748780487804,261.9901662049861
2026-05-04T05:45:29+00:00,2026-05-04T11:30:29+05:45,2026-05-04,11:30:29,1777873529,0,5,11,nepse_official,OPEN,2026-05-04,NIL,Neco Insurance Limited,619.0,619.0,600.5,,600.5,611.9,-11.399999999999977,,83.0,50990.7,4.0,18.5,2.988691437802908,-1.8630495178950772,12747.675,614.3457831325301
2026-05-04T05:45:29+00:00,2026-05-04T11:30:29+05:45,2026-05-04,11:30:29,1777873529,0,5,11,nepse_official,OPEN,2026-05-04,NIMB,Nepal Investment Mega Bank Limited,196.0,202.0,196.0,,199.9,198.0,1.9000000000000057,,9734.0,1934477.0,53.0,6.0,3.061224489795918,0.9595959595959624,36499.56603773585,198.73402506677624
2026-05-04T05:45:29+00:00,2026-05-04T11:30:29+05:45,2026-05-04,11:30:29,1777873529,0,5,11,nepse_official,OPEN,2026-05-04,NIMBPO,Nepal Investment Mega Bank Ltd. Promoter Share,150.0,150.0,150.0,,150.0,149.3,0.6999999999999886,,500.0,75000.0,1.0,0.0,0.0,0.46885465505692475,75000.0,150.0
2026-05-04T05:45:29+00:00,2026-05-04T11:30:29+05:45,2026-05-04,11:30:29,1777873529,0,5,11,nepse_official,OPEN,2026-05-04,NLIC,Nepal Life Insurance Co. Ltd.,765.0,775.0,760.2,,760.2,762.9,-2.699999999999932,,1045.0,800566.8,20.0,14.799999999999955,1.934640522875811,-0.35391270153361276,40028.340000000004,766.0926315789474
2026-05-04T05:45:29+00:00,2026-05-04T11:30:29+05:45,2026-05-04,11:30:29,1777873529,0,5,11,nepse_official,OPEN,2026-05-04,NMB,NMB Bank Limited,252.4,252.4,239.0,,239.0,240.4,-1.4000000000000057,,799.0,192055.6,17.0,13.400000000000006,5.309033280507134,-0.5823627287853601,11297.388235294118,240.36996245306634
2026-05-04T05:45:29+00:00,2026-05-04T11:30:29+05:45,2026-05-04,11:30:29,1777873529,0,5,11,nepse_official,OPEN,2026-05-04,NMBHF2,NMB Hybrid Fund L- II,9.45,9.45,9.45,,9.45,9.47,-0.02000000000000135,,200.0,1890.0,2.0,0.0,0.0,-0.21119324181627613,945.0,9.45
2026-05-04T05:45:29+00:00,2026-05-04T11:30:29+05:45,2026-05-04,11:30:29,1777873529,0,5,11,nepse_official,OPEN,2026-05-04,NMFBS,National Laghubitta Bittiya Sanstha Limited,1051.9,1083.0,1051.9,,1083.0,1097.1,-14.099999999999909,,84.0,88670.6,2.0,31.09999999999991,2.9565548055898763,-1.2852064533770768,44335.3,1055.602380952381
2026-05-04T05:45:29+00:00,2026-05-04T11:30:29+05:45,2026-05-04,11:30:29,1777873529,0,5,11,nepse_official,OPEN,2026-05-04,NMIC,Nepal Micro Insurance Company Limited,1038.0,1038.0,982.5,,985.0,1010.0,-25.0,,720.0,723576.5,17.0,55.5,5.346820809248555,-2.4752475247524752,42563.32352941176,1004.9673611111111
2026-05-04T05:45:29+00:00,2026-05-04T11:30:29+05:45,2026-05-04,11:30:29,1777873529,0,5,11,nepse_official,OPEN,2026-05-04,NMLBBL,Nerude Mirmire Laghubitta Bittiya Sanstha Limited,614.9,614.9,614.0,,614.0,610.0,4.0,,20.0,12289.0,2.0,0.8999999999999773,0.14636526264432873,0.6557377049180327,6144.5,614.45
2026-05-04T05:45:29+00:00,2026-05-04T11:30:29+05:45,2026-05-04,11:30:29,1777873529,0,5,11,nepse_official,OPEN,2026-05-04,NRIC,Nepal Reinsurance Company Limited,881.0,889.5,880.0,,885.0,880.6,4.399999999999977,,1425.0,1256879.0,24.0,9.5,1.0783200908059023,0.49965932318873235,52369.958333333336,882.020350877193
2026-05-04T05:45:29+00:00,2026-05-04T11:30:29+05:45,2026-05-04,11:30:29,1777873529,0,5,11,nepse_official,OPEN,2026-05-04,NRM,Nepal Republic Media Limited,399.0,399.0,396.1,,396.3,400.0,-3.6999999999999886,,530.0,210014.0,4.0,2.8999999999999773,0.7268170426065106,-0.9249999999999972,52503.5,396.25283018867924
2026-05-04T05:45:29+00:00,2026-05-04T11:30:29+05:45,2026-05-04,11:30:29,1777873529,0,5,11,nepse_official,OPEN,2026-05-04,NRN,NRN Infrastructure and Development Limited,1470.0,1470.0,1426.0,,1426.0,1443.0,-17.0,,2261.0,3262009.5,30.0,44.0,2.9931972789115644,-1.178101178101178,108733.65,1442.7286598850067
2026-05-04T05:45:29+00:00,2026-05-04T11:30:29+05:45,2026-05-04,11:30:29,1777873529,0,5,11,nepse_official,OPEN,2026-05-04,NSY,Nepal Life Samriddhi Lagani Yojana,9.25,9.45,9.19,,9.25,9.44,-0.1899999999999995,,1100.0,10194.0,7.0,0.2599999999999998,2.8108108108108083,-2.0127118644067745,1456.2857142857142,9.267272727272728
2026-05-04T05:45:29+00:00,2026-05-04T11:30:29+05:45,2026-05-04,11:30:29,1777873529,0,5,11,nepse_official,OPEN,2026-05-04,NTC,Nepal Doorsanchar Company Limited,872.0,882.0,872.0,,882.0,872.0,10.0,,83.0,73014.0,6.0,10.0,1.146788990825688,1.146788990825688,12169.0,879.6867469879518
2026-05-04T05:45:29+00:00,2026-05-04T11:30:29+05:45,2026-05-04,11:30:29,1777873529,0,5,11,nepse_official,OPEN,2026-05-04,NWCL,Nepal Warehousing Company Limited ,780.0,790.0,780.0,,781.0,793.9,-12.899999999999977,,30.0,23510.0,3.0,10.0,1.282051282051282,-1.6248897846076304,7836.666666666667,783.6666666666666
2026-05-04T05:45:29+00:00,2026-05-04T11:30:29+05:45,2026-05-04,11:30:29,1777873529,0,5,11,nepse_official,OPEN,2026-05-04,NYADI,Nyadi Hydropower Limited,382.1,390.0,382.1,,385.1,391.0,-5.899999999999977,,40.0,15423.0,4.0,7.899999999999977,2.0675215912064844,-1.5089514066496106,3855.75,385.575
2026-05-04T05:45:29+00:00,2026-05-04T11:30:29+05:45,2026-05-04,11:30:29,1777873529,0,5,11,nepse_official,OPEN,2026-05-04,OHL,Oriental Hotels Limited,697.0,697.0,697.0,,697.0,697.0,0.0,,285.0,198645.0,5.0,0.0,0.0,0.0,39729.0,697.0
2026-05-04T05:45:29+00:00,2026-05-04T11:30:29+05:45,2026-05-04,11:30:29,1777873529,0,5,11,nepse_official,OPEN,2026-05-04,OMPL,Om Megashree Pharmaceuticals Limited,1140.0,1140.0,1140.0,,1140.0,1154.9,-14.900000000000091,,100.0,114000.0,7.0,0.0,0.0,-1.2901549917741875,16285.714285714286,1140.0
2026-05-04T05:45:29+00:00,2026-05-04T11:30:29+05:45,2026-05-04,11:30:29,1777873529,0,5,11,nepse_official,OPEN,2026-05-04,PCBL,Prime Commercial Bank Ltd.,229.0,239.0,229.0,,239.0,238.0,1.0,,1199.0,285848.0,19.0,10.0,4.366812227074235,0.42016806722689076,15044.631578947368,238.40533778148458
2026-05-04T05:45:29+00:00,2026-05-04T11:30:29+05:45,2026-05-04,11:30:29,1777873529,0,5,11,nepse_official,OPEN,2026-05-04,PCIL,Palpa Cement Industries Limited,948.0,960.0,918.0,,918.0,948.0,-30.0,,14871.0,13904176.5,788.0,42.0,4.430379746835443,-3.1645569620253164,17644.894035532994,934.9859794230381
2026-05-04T05:45:29+00:00,2026-05-04T11:30:29+05:45,2026-05-04,11:30:29,1777873529,0,5,11,nepse_official,OPEN,2026-05-04,PFL,Pokhara Finance Ltd.,374.0,384.0,373.1,,384.0,379.9,4.100000000000023,,452.0,173121.0,6.0,10.899999999999977,2.9144385026737907,1.0792313766780792,28853.5,383.01106194690266
2026-05-04T05:45:29+00:00,2026-05-04T11:30:29+05:45,2026-05-04,11:30:29,1777873529,0,5,11,nepse_official,OPEN,2026-05-04,PHCL,Peoples Hydropower Company Limited,304.0,304.0,300.0,,301.0,303.9,-2.8999999999999773,,2431.0,733683.8,19.0,4.0,1.3157894736842104,-0.9542612701546487,38614.936842105264,301.8032908268203
2026-05-04T05:45:29+00:00,2026-05-04T11:30:29+05:45,2026-05-04,11:30:29,1777873529,0,5,11,nepse_official,OPEN,2026-05-04,PMHPL,Panchakanya Mai Hydropower Ltd,332.2,332.2,332.1,,332.1,334.0,-1.8999999999999773,,50.0,16607.0,2.0,0.0999999999999659,0.030102347983132417,-0.568862275449095,8303.5,332.14
2026-05-04T05:45:29+00:00,2026-05-04T11:30:29+05:45,2026-05-04,11:30:29,1777873529,0,5,11,nepse_official,OPEN,2026-05-04,PMLI,Prabhu Mahalaxmi Life Insurance Limited,460.2,464.0,460.2,,461.0,464.0,-3.0,,75.0,34582.8,6.0,3.8000000000000114,0.8257279443720147,-0.646551724137931,5763.8,461.10400000000004
2026-05-04T05:45:29+00:00,2026-05-04T11:30:29+05:45,2026-05-04,11:30:29,1777873529,0,5,11,nepse_official,OPEN,2026-05-04,PPCL,Panchthar Power Compant Limited,385.0,385.0,383.0,,383.0,375.5,7.5,,35.0,13425.0,2.0,2.0,0.5194805194805194,1.9973368841544608,6712.5,383.57142857142856
2026-05-04T05:45:29+00:00,2026-05-04T11:30:29+05:45,2026-05-04,11:30:29,1777873529,0,5,11,nepse_official,OPEN,2026-05-04,PPL,People's Power Limited,330.6,350.7,330.6,,346.0,348.0,-2.0,,3664.0,1258403.2,22.0,20.099999999999966,6.079854809437376,-0.5747126436781609,57200.145454545454,343.45065502183405
2026-05-04T05:45:29+00:00,2026-05-04T11:30:29+05:45,2026-05-04,11:30:29,1777873529,0,5,11,nepse_official,OPEN,2026-05-04,PRSF,Prabhu Smart Fund,12.84,12.84,12.82,,12.82,12.98,-0.16000000000000014,,1200.0,15388.0,3.0,0.019999999999999574,0.1557632398753861,-1.2326656394453015,5129.333333333333,12.823333333333334
2026-05-04T05:45:29+00:00,2026-05-04T11:30:29+05:45,2026-05-04,11:30:29,1777873529,0,5,11,nepse_official,OPEN,2026-05-04,PRVU,Prabhu  Bank Limited,196.0,197.9,195.1,,195.1,196.0,-0.9000000000000057,,11035.0,2162632.7,49.0,2.8000000000000114,1.4285714285714344,-0.45918367346939065,44135.3612244898,195.9794019030358
2026-05-04T05:45:29+00:00,2026-05-04T11:30:29+05:45,2026-05-04,11:30:29,1777873529,0,5,11,nepse_official,OPEN,2026-05-04,PURE,Pure Energy Limited,910.0,920.0,910.0,,920.0,903.2,16.799999999999955,,20.0,18300.0,2.0,10.0,1.098901098901099,1.8600531443755484,9150.0,915.0
2026-05-04T05:45:29+00:00,2026-05-04T11:30:29+05:45,2026-05-04,11:30:29,1777873529,0,5,11,nepse_official,OPEN,2026-05-04,RADHI,Radhi Bidyut Company Ltd,760.0,760.0,743.1,,743.1,754.0,-10.899999999999977,,1308.0,974879.5,12.0,16.899999999999977,2.223684210526313,-1.4456233421750633,81239.95833333333,745.3207186544342
2026-05-04T05:45:29+00:00,2026-05-04T11:30:29+05:45,2026-05-04,11:30:29,1777873529,0,5,11,nepse_official,OPEN,2026-05-04,RAWA,Rawa Energy Development Limited,587.0,587.0,587.0,,587.0,605.0,-18.0,,10.0,5870.0,1.0,0.0,0.0,-2.975206611570248,5870.0,587.0
2026-05-04T05:45:29+00:00,2026-05-04T11:30:29+05:45,2026-05-04,11:30:29,1777873529,0,5,11,nepse_official,OPEN,2026-05-04,RBBF40,RBB Focus 40,9.15,9.21,9.15,,9.21,9.21,0.0,,200.0,1836.0,2.0,0.0600000000000005,0.6557377049180382,0.0,918.0,9.18
2026-05-04T05:45:29+00:00,2026-05-04T11:30:29+05:45,2026-05-04,11:30:29,1777873529,0,5,11,nepse_official,OPEN,2026-05-04,RFPL,River Falls Power Limited,390.0,390.0,375.0,,376.0,388.3,-12.300000000000011,,4675.0,1772557.7,34.0,15.0,3.8461538461538463,-3.167653875869176,52134.049999999996,379.15672727272727
2026-05-04T05:45:29+00:00,2026-05-04T11:30:29+05:45,2026-05-04,11:30:29,1777873529,0,5,11,nepse_official,OPEN,2026-05-04,RHGCL,Rapti Hydro And General Construction Limited,295.0,298.8,290.1,,297.0,294.9,2.1000000000000227,,432.0,127239.4,9.0,8.699999999999989,2.9491525423728775,0.7121057985757961,14137.71111111111,294.53564814814814
2026-05-04T05:45:29+00:00,2026-05-04T11:30:29+05:45,2026-05-04,11:30:29,1777873529,0,5,11,nepse_official,OPEN,2026-05-04,RHPL,RASUWAGADHI HYDROPOWER COMPANY LIMITED,275.0,275.1,275.0,,275.0,275.0,0.0,,763.0,209850.0,13.0,0.10000000000002274,0.03636363636364463,0.0,16142.307692307691,275.03276539973785
2026-05-04T05:45:29+00:00,2026-05-04T11:30:29+05:45,2026-05-04,11:30:29,1777873529,0,5,11,nepse_official,OPEN,2026-05-04,RIDI,Ridi Power Company Limited,349.0,353.9,341.0,,348.3,349.0,-0.6999999999999886,,19422.0,6822519.5,70.0,12.899999999999977,3.6962750716332318,-0.20057306590257554,97464.56428571428,351.27790649778603
2026-05-04T05:45:29+00:00,2026-05-04T11:30:29+05:45,2026-05-04,11:30:29,1777873529,0,5,11,nepse_official,OPEN,2026-05-04,RLEL,Ridge Line Energy Limited,1150.0,1180.0,1125.5,,1180.0,1150.0,30.0,,1870.0,2175187.0,128.0,54.5,4.739130434782609,2.608695652173913,16993.6484375,1163.201604278075
2026-05-04T05:45:29+00:00,2026-05-04T11:30:29+05:45,2026-05-04,11:30:29,1777873529,0,5,11,nepse_official,OPEN,2026-05-04,RLFL,Reliance Finance Ltd.,430.0,430.0,430.0,,430.0,430.0,0.0,,300.0,129000.0,1.0,0.0,0.0,0.0,129000.0,430.0
2026-05-04T05:45:29+00:00,2026-05-04T11:30:29+05:45,2026-05-04,11:30:29,1777873529,0,5,11,nepse_official,OPEN,2026-05-04,RMF1,RBB Mutual Fund 1,9.76,9.76,9.76,,9.76,9.76,0.0,,600.0,5856.0,1.0,0.0,0.0,0.0,5856.0,9.76
2026-05-04T05:45:29+00:00,2026-05-04T11:30:29+05:45,2026-05-04,11:30:29,1777873529,0,5,11,nepse_official,OPEN,2026-05-04,RNLI,Reliable Nepal Life Insurance Limited,456.0,457.0,456.0,,457.0,460.1,-3.1000000000000227,,69.0,31480.0,6.0,1.0,0.21929824561403508,-0.6737665724842474,5246.666666666667,456.231884057971
2026-05-04T05:45:29+00:00,2026-05-04T11:30:29+05:45,2026-05-04,11:30:29,1777873529,0,5,11,nepse_official,OPEN,2026-05-04,RSDC,RSDC Laghubitta Bittiya Sanstha Ltd.,665.0,665.0,665.0,,665.0,665.0,0.0,,24.0,15960.0,2.0,0.0,0.0,0.0,7980.0,665.0
2026-05-04T05:45:29+00:00,2026-05-04T11:30:29+05:45,2026-05-04,11:30:29,1777873529,0,5,11,nepse_official,OPEN,2026-05-04,RSML,Reliance Spinning Mills Limited,3865.0,3949.0,3850.0,,3937.0,3850.2,86.80000000000018,,10621.0,41384542.5,138.0,99.0,2.5614489003880982,2.254428341384868,299887.98913043475,3896.482675830901
2026-05-04T05:45:29+00:00,2026-05-04T11:30:29+05:45,2026-05-04,11:30:29,1777873529,0,5,11,nepse_official,OPEN,2026-05-04,RSY,Reliable Samriddhi Yojana,10.3,10.3,10.0,,10.0,10.3,-0.3000000000000007,,700.0,7120.0,3.0,0.3000000000000007,2.9126213592233077,-2.9126213592233077,2373.3333333333335,10.17142857142857
2026-05-04T05:45:29+00:00,2026-05-04T11:30:29+05:45,2026-05-04,11:30:29,1777873529,0,5,11,nepse_official,OPEN,2026-05-04,RURU,Ru Ru Jalbidhyut Pariyojana Limited,650.0,651.0,650.0,,651.0,650.1,0.8999999999999773,,55.0,35760.0,3.0,1.0,0.15384615384615385,0.1384402399630791,11920.0,650.1818181818181
2026-05-04T05:45:29+00:00,2026-05-04T11:30:29+05:45,2026-05-04,11:30:29,1777873529,0,5,11,nepse_official,OPEN,2026-05-04,SABBL,Salapa Bikas Bank Limited,1350.0,1399.0,1320.0,,1320.0,1349.0,-29.0,,1508.0,2026116.0,56.0,79.0,5.851851851851852,-2.149740548554485,36180.642857142855,1343.57824933687
2026-05-04T05:45:29+00:00,2026-05-04T11:30:29+05:45,2026-05-04,11:30:29,1777873529,0,5,11,nepse_official,OPEN,2026-05-04,SADBL,Shangrila Development Bank Ltd.,411.0,411.0,411.0,,411.0,413.8,-2.8000000000000114,,12.0,4932.0,1.0,0.0,0.0,-0.6766553890768514,4932.0,411.0
2026-05-04T05:45:29+00:00,2026-05-04T11:30:29+05:45,2026-05-04,11:30:29,1777873529,0,5,11,nepse_official,OPEN,2026-05-04,SAGAR,Sagar Distillery Limited,1733.0,1745.0,1733.0,,1742.1,1770.9,-28.800000000000182,,40.0,69574.0,4.0,12.0,0.6924408540103866,-1.6262917160765815,17393.5,1739.35
2026-05-04T05:45:29+00:00,2026-05-04T11:30:29+05:45,2026-05-04,11:30:29,1777873529,0,5,11,nepse_official,OPEN,2026-05-04,SAHAS,Sahas Urja Limited,610.0,616.0,610.0,,614.1,616.0,-1.8999999999999773,,2921.0,1789378.4,46.0,6.0,0.9836065573770493,-0.3084415584415548,38899.53043478261,612.5910304690175
2026-05-04T05:45:29+00:00,2026-05-04T11:30:29+05:45,2026-05-04,11:30:29,1777873529,0,5,11,nepse_official,OPEN,2026-05-04,SAIL,Shreenagar Agritech Industries Limited,1230.0,1404.0,1195.0,,1199.0,1263.0,-64.0,,13562.0,16505582.1,169.0,209.0,16.991869918699187,-5.067300079176563,97666.16627218935,1217.0463132281375
2026-05-04T05:45:29+00:00,2026-05-04T11:30:29+05:45,2026-05-04,11:30:29,1777873529,0,5,11,nepse_official,OPEN,2026-05-04,SANIMA,Sanima Bank Limited,350.0,355.0,347.2,,351.9,349.0,2.8999999999999773,,3895.0,1367370.2,28.0,7.800000000000011,2.2285714285714318,0.8309455587392486,48834.65,351.05781771501927
2026-05-04T05:45:29+00:00,2026-05-04T11:30:29+05:45,2026-05-04,11:30:29,1777873529,0,5,11,nepse_official,OPEN,2026-05-04,SANVI,Sanvi Energy Limited,682.2,690.0,682.2,,690.0,693.0,-3.0,,560.0,384738.0,16.0,7.7999999999999545,1.143359718557601,-0.4329004329004329,24046.125,687.0321428571428
2026-05-04T05:45:29+00:00,2026-05-04T11:30:29+05:45,2026-05-04,11:30:29,1777873529,0,5,11,nepse_official,OPEN,2026-05-04,SAPDBL,Saptakoshi Development Bank Ltd,815.0,815.0,805.0,,809.9,815.0,-5.100000000000023,,1804.0,1460115.9,26.0,10.0,1.2269938650306749,-0.625766871165647,56158.303846153845,809.3768847006652
2026-05-04T05:45:29+00:00,2026-05-04T11:30:29+05:45,2026-05-04,11:30:29,1777873529,0,5,11,nepse_official,OPEN,2026-05-04,SARBTM,Sarbottam Cement Limited,830.0,830.0,830.0,,830.0,827.0,3.0,,157.0,130310.0,3.0,0.0,0.0,0.36275695284159615,43436.666666666664,830.0
2026-05-04T05:45:29+00:00,2026-05-04T11:30:29+05:45,2026-05-04,11:30:29,1777873529,0,5,11,nepse_official,OPEN,2026-05-04,SBL,Siddhartha Bank Limited,387.0,390.0,387.0,,389.2,389.9,-0.6999999999999886,,503.0,195049.5,7.0,3.0,0.7751937984496124,-0.17953321364452135,27864.214285714286,387.772365805169
2026-05-04T05:45:29+00:00,2026-05-04T11:30:29+05:45,2026-05-04,11:30:29,1777873529,0,5,11,nepse_official,OPEN,2026-05-04,SCB,Standard Chartered Bank Limited,639.0,642.0,639.0,,640.0,639.0,1.0,,650.0,416069.0,5.0,3.0,0.4694835680751174,0.1564945226917058,83213.8,640.1061538461538
2026-05-04T05:45:29+00:00,2026-05-04T11:30:29+05:45,2026-05-04,11:30:29,1777873529,0,5,11,nepse_official,OPEN,2026-05-04,SFCL,Samriddhi Finance Company Limited,380.0,382.0,380.0,,382.0,380.0,2.0,,85.0,32430.0,3.0,2.0,0.5263157894736842,0.5263157894736842,10810.0,381.52941176470586
2026-05-04T05:45:29+00:00,2026-05-04T11:30:29+05:45,2026-05-04,11:30:29,1777873529,0,5,11,nepse_official,OPEN,2026-05-04,SGHC,Swet-Ganga Hydropower & Construction Limited ,380.0,380.0,370.0,,370.0,375.9,-5.899999999999977,,961.0,357821.0,9.0,10.0,2.631578947368421,-1.5695663740356418,39757.88888888889,372.3423517169615
2026-05-04T05:45:29+00:00,2026-05-04T11:30:29+05:45,2026-05-04,11:30:29,1777873529,0,5,11,nepse_official,OPEN,2026-05-04,SGIC,Sanima GIC Insurance Limited,468.2,476.0,468.2,,469.0,476.4,-7.399999999999977,,840.0,394327.0,13.0,7.800000000000011,1.6659547202050433,-1.5533165407220777,30332.846153846152,469.43690476190477
2026-05-04T05:45:29+00:00,2026-05-04T11:30:29+05:45,2026-05-04,11:30:29,1777873529,0,5,11,nepse_official,OPEN,2026-05-04,SHEL,Singati Hydro Energy Limited,307.0,308.0,305.2,,306.0,307.0,-1.0,,622.0,190699.8,10.0,2.8000000000000114,0.9120521172638474,-0.32573289902280134,19069.98,306.59131832797425
2026-05-04T05:45:29+00:00,2026-05-04T11:30:29+05:45,2026-05-04,11:30:29,1777873529,0,5,11,nepse_official,OPEN,2026-05-04,SHINE,Shine Resunga Development Bank Ltd.,400.1,406.0,400.0,,405.0,405.0,0.0,,293.0,117430.0,6.0,6.0,1.4996250937265683,0.0,19571.666666666668,400.7849829351536
2026-05-04T05:45:29+00:00,2026-05-04T11:30:29+05:45,2026-05-04,11:30:29,1777873529,0,5,11,nepse_official,OPEN,2026-05-04,SHIVM,SHIVAM CEMENTS LTD,670.0,670.0,662.1,,662.1,664.2,-2.1000000000000227,,9952.0,6608262.3,57.0,7.899999999999977,1.1791044776119368,-0.3161698283649537,115934.42631578947,664.0134947749196
2026-05-04T05:45:29+00:00,2026-05-04T11:30:29+05:45,2026-05-04,11:30:29,1777873529,0,5,11,nepse_official,OPEN,2026-05-04,SHL,Soaltee Hotel Limited,490.2,500.0,490.2,,500.0,496.1,3.8999999999999773,,313.0,154165.0,6.0,9.800000000000011,1.99918400652795,0.7861318282604267,25694.166666666668,492.5399361022364
2026-05-04T05:45:29+00:00,2026-05-04T11:30:29+05:45,2026-05-04,11:30:29,1777873529,0,5,11,nepse_official,OPEN,2026-05-04,SHPC,Sanima Mai Hydropower Ltd.,486.7,519.9,486.7,,519.9,512.3,7.600000000000023,,1061.0,550686.3,6.0,33.19999999999999,6.821450585576329,1.4835057583447244,91781.05,519.0257304429783
2026-05-04T05:45:29+00:00,2026-05-04T11:30:29+05:45,2026-05-04,11:30:29,1777873529,0,5,11,nepse_official,OPEN,2026-05-04,SICL,Shikhar Insurance Co. Ltd.,614.9,615.0,614.9,,615.0,614.9,0.10000000000002274,,93.0,57194.0,3.0,0.10000000000002274,0.016262806960485078,0.016262806960485078,19064.666666666668,614.989247311828
2026-05-04T05:45:29+00:00,2026-05-04T11:30:29+05:45,2026-05-04,11:30:29,1777873529,0,5,11,nepse_official,OPEN,2026-05-04,SIKLES,Sikles Hydropower Limited,581.0,581.0,581.0,,581.0,581.0,0.0,,54.0,31374.0,3.0,0.0,0.0,0.0,10458.0,581.0
2026-05-04T05:45:29+00:00,2026-05-04T11:30:29+05:45,2026-05-04,11:30:29,1777873529,0,5,11,nepse_official,OPEN,2026-05-04,SINDU,Sindhu Bikash Bank Ltd,730.0,735.0,720.0,,727.2,732.1,-4.899999999999977,,890.0,650237.0,15.0,15.0,2.054794520547945,-0.6693074716568744,43349.13333333333,730.6033707865168
2026-05-04T05:45:29+00:00,2026-05-04T11:30:29+05:45,2026-05-04,11:30:29,1777873529,0,5,11,nepse_official,OPEN,2026-05-04,SIPD,Shikhar power Development Limited,974.0,1003.2,904.0,,934.0,974.0,-40.0,,9860.0,9467926.0,454.0,99.20000000000005,10.184804928131422,-4.1067761806981515,20854.46255506608,960.2359026369169
2026-05-04T05:45:29+00:00,2026-05-04T11:30:29+05:45,2026-05-04,11:30:29,1777873529,0,5,11,nepse_official,OPEN,2026-05-04,SJCL,SANJEN JALAVIDHYUT COMPANY LIMITED,298.0,298.0,296.0,,296.0,298.7,-2.6999999999999886,,1110.0,328960.0,3.0,2.0,0.6711409395973155,-0.9039169735520552,109653.33333333333,296.36036036036035
2026-05-04T05:45:29+00:00,2026-05-04T11:30:29+05:45,2026-05-04,11:30:29,1777873529,0,5,11,nepse_official,OPEN,2026-05-04,SJLIC,SuryaJyoti Life Insurance Company Limited,429.0,431.0,427.1,,429.0,429.6,-0.6000000000000227,,1585.0,682009.0,29.0,3.8999999999999773,0.9090909090909038,-0.13966480446927904,23517.55172413793,430.2895899053628
2026-05-04T05:45:29+00:00,2026-05-04T11:30:29+05:45,2026-05-04,11:30:29,1777873529,0,5,11,nepse_official,OPEN,2026-05-04,SKBBL,Sana Kisan Bikas Laghubitta Bittiya Sanstha Limited,760.0,760.0,756.0,,756.0,760.0,-4.0,,330.0,249594.0,10.0,4.0,0.5263157894736842,-0.5263157894736842,24959.4,756.3454545454546
2026-05-04T05:45:29+00:00,2026-05-04T11:30:29+05:45,2026-05-04,11:30:29,1777873529,0,5,11,nepse_official,OPEN,2026-05-04,SKHEL,Suryakunda Hydro Electric Limited,1450.0,1450.0,1396.0,,1396.2,1419.9,-23.700000000000045,,1220.0,1730635.0,55.0,54.0,3.724137931034482,-1.66913162898796,31466.090909090908,1418.5532786885246
2026-05-04T05:45:29+00:00,2026-05-04T11:30:29+05:45,2026-05-04,11:30:29,1777873529,0,5,11,nepse_official,OPEN,2026-05-04,SKHL,Super Khudi Hydropower Limited,1029.0,1029.0,970.4,,990.0,980.1,9.899999999999977,,2439.0,2425216.0,84.0,58.60000000000002,5.694849368318758,1.0101010101010077,28871.619047619046,994.3485034850348
2026-05-04T05:45:29+00:00,2026-05-04T11:30:29+05:45,2026-05-04,11:30:29,1777873529,0,5,11,nepse_official,OPEN,2026-05-04,SLBBL,Swarojgar Laghubitta Bittiya Sanstha Ltd.,850.0,850.0,828.9,,830.0,810.0,20.0,,1588.0,1346549.0,8.0,21.100000000000023,2.4823529411764733,2.4691358024691357,168318.625,847.9527707808564
2026-05-04T05:45:29+00:00,2026-05-04T11:30:29+05:45,2026-05-04,11:30:29,1777873529,0,5,11,nepse_official,OPEN,2026-05-04,SLBSL,Samudayik Laghubitta Bittiya Sanstha Limited,1217.0,1217.0,1217.0,,1217.0,1217.0,0.0,,10.0,12170.0,1.0,0.0,0.0,0.0,12170.0,1217.0
2026-05-04T05:45:29+00:00,2026-05-04T11:30:29+05:45,2026-05-04,11:30:29,1777873529,0,5,11,nepse_official,OPEN,2026-05-04,SLCF,Sanima Large Cap Fund,9.55,9.55,9.55,,9.55,9.7,-0.14999999999999858,,300.0,2865.0,1.0,0.0,0.0,-1.546391752577305,2865.0,9.55
2026-05-04T05:45:29+00:00,2026-05-04T11:30:29+05:45,2026-05-04,11:30:29,1777873529,0,5,11,nepse_official,OPEN,2026-05-04,SMATA,Samata Gharelu Laghubitta Bittiya Sanstha Limited,745.1,745.1,745.1,,745.1,755.0,-9.899999999999977,,11.0,8196.1,1.0,0.0,0.0,-1.3112582781456923,8196.1,745.1
2026-05-04T05:45:29+00:00,2026-05-04T11:30:29+05:45,2026-05-04,11:30:29,1777873529,0,5,11,nepse_official,OPEN,2026-05-04,SMB,Support Microfinance Bittiya Sanstha Ltd.,1720.0,1767.0,1720.0,,1767.0,1718.0,49.0,,40.0,70023.0,3.0,47.0,2.7325581395348837,2.852153667054715,23341.0,1750.575
2026-05-04T05:45:29+00:00,2026-05-04T11:30:29+05:45,2026-05-04,11:30:29,1777873529,0,5,11,nepse_official,OPEN,2026-05-04,SMH,Super Mai Hydropower Limited,570.0,570.0,558.0,,560.0,559.0,1.0,,55.0,31120.0,4.0,12.0,2.1052631578947367,0.17889087656529518,7780.0,565.8181818181819
2026-05-04T05:45:29+00:00,2026-05-04T11:30:29+05:45,2026-05-04,11:30:29,1777873529,0,5,11,nepse_official,OPEN,2026-05-04,SMHL,Super Madi Hydropower Limited,486.4,498.0,486.4,,491.0,486.3,4.699999999999989,,1326.0,652564.6,13.0,11.600000000000023,2.3848684210526363,0.9664815957228025,50197.27692307692,492.13016591251886
2026-05-04T05:45:29+00:00,2026-05-04T11:30:29+05:45,2026-05-04,11:30:29,1777873529,0,5,11,nepse_official,OPEN,2026-05-04,SMJC,Sagarmatha Jalabidhyut Company Limited,454.0,454.0,441.6,,444.6,454.0,-9.399999999999977,,413.0,184494.0,13.0,12.399999999999977,2.7312775330396426,-2.0704845814977926,14191.846153846154,446.71670702179176
2026-05-04T05:45:29+00:00,2026-05-04T11:30:29+05:45,2026-05-04,11:30:29,1777873529,0,5,11,nepse_official,OPEN,2026-05-04,SMPDA,Sampada Laghubitta Bittiya Sanstha Limited,869.0,869.0,855.0,,855.0,844.9,10.100000000000023,,40.0,34340.0,2.0,14.0,1.611047180667434,1.195407740561016,17170.0,858.5
2026-05-04T05:45:29+00:00,2026-05-04T11:30:29+05:45,2026-05-04,11:30:29,1777873529,0,5,11,nepse_official,OPEN,2026-05-04,SNLI,Sun Nepal Life Insurance Company Limited,450.0,450.0,447.4,,447.4,452.5,-5.100000000000023,,319.0,142920.5,21.0,2.6000000000000227,0.5777777777777828,-1.127071823204425,6805.738095238095,448.0266457680251
2026-05-04T05:45:29+00:00,2026-05-04T11:30:29+05:45,2026-05-04,11:30:29,1777873529,0,5,11,nepse_official,OPEN,2026-05-04,SOHL,Solu Hydropower Limited,710.0,720.0,689.0,,696.1,710.0,-13.899999999999977,,15908.0,11201991.7,332.0,31.0,4.366197183098591,-1.9577464788732364,33740.938855421686,704.1734787528287
2026-05-04T05:45:29+00:00,2026-05-04T11:30:29+05:45,2026-05-04,11:30:29,1777873529,0,5,11,nepse_official,OPEN,2026-05-04,SONA,Sonapur Minerals And Oil Limited,430.0,432.0,430.0,,432.0,433.0,-1.0,,180.0,77663.0,18.0,2.0,0.46511627906976744,-0.23094688221709006,4314.611111111111,431.4611111111111
2026-05-04T05:45:29+00:00,2026-05-04T11:30:29+05:45,2026-05-04,11:30:29,1777873529,0,5,11,nepse_official,OPEN,2026-05-04,SPC,Samling Power Company Limited,477.1,477.1,462.8,,462.8,463.3,-0.5,,80.0,37817.0,5.0,14.300000000000011,2.997275204359675,-0.10792143319663286,7563.4,472.7125
2026-05-04T05:45:29+00:00,2026-05-04T11:30:29+05:45,2026-05-04,11:30:29,1777873529,0,5,11,nepse_official,OPEN,2026-05-04,SPDL,Synergy Power Development Ltd.,400.0,400.0,394.0,,394.0,394.0,0.0,,25.0,9910.0,2.0,6.0,1.5,0.0,4955.0,396.4
2026-05-04T05:45:29+00:00,2026-05-04T11:30:29+05:45,2026-05-04,11:30:29,1777873529,0,5,11,nepse_official,OPEN,2026-05-04,SPIL,Siddhartha Premier Insurance Limited,695.0,715.0,695.0,,715.0,701.0,14.0,,111.0,79145.0,2.0,20.0,2.877697841726619,1.9971469329529243,39572.5,713.018018018018
2026-05-04T05:45:29+00:00,2026-05-04T11:30:29+05:45,2026-05-04,11:30:29,1777873529,0,5,11,nepse_official,OPEN,2026-05-04,SPL,Shuvam Power Limited,702.1,702.1,702.1,,702.1,710.0,-7.899999999999977,,10.0,7021.0,1.0,0.0,0.0,-1.112676056338025,7021.0,702.1
2026-05-04T05:45:29+00:00,2026-05-04T11:30:29+05:45,2026-05-04,11:30:29,1777873529,0,5,11,nepse_official,OPEN,2026-05-04,SRLI,Sanima Reliance Life Insurance Limited,386.1,386.4,386.0,,386.1,390.0,-3.8999999999999773,,685.0,264508.2,22.0,0.39999999999997726,0.1036001036000977,-0.9999999999999941,12023.1,386.1433576642336
2026-05-04T05:45:29+00:00,2026-05-04T11:30:29+05:45,2026-05-04,11:30:29,1777873529,0,5,11,nepse_official,OPEN,2026-05-04,SSHL,Shiva Shree Hydropower Ltd,210.1,214.7,210.0,,212.0,212.0,0.0,,10385.0,2210118.2,46.0,4.699999999999989,2.23702998572108,0.0,48046.047826086964,212.81831487722678
2026-05-04T05:45:29+00:00,2026-05-04T11:30:29+05:45,2026-05-04,11:30:29,1777873529,0,5,11,nepse_official,OPEN,2026-05-04,SWASTIK,Swastik Laghubitta Bittiya Sanstha Limited,2407.0,2407.0,2407.0,,2407.0,2455.0,-48.0,,10.0,24070.0,1.0,0.0,0.0,-1.9551934826883912,24070.0,2407.0
2026-05-04T05:45:29+00:00,2026-05-04T11:30:29+05:45,2026-05-04,11:30:29,1777873529,0,5,11,nepse_official,OPEN,2026-05-04,SWBBL,Swabalamban Laghubitta Bittiya Sanstha Limited,756.0,756.0,735.0,,735.0,720.0,15.0,,135.0,101535.0,3.0,21.0,2.7777777777777777,2.083333333333333,33845.0,752.1111111111111
2026-05-04T05:45:29+00:00,2026-05-04T11:30:29+05:45,2026-05-04,11:30:29,1777873529,0,5,11,nepse_official,OPEN,2026-05-04,SWMF,Suryodaya Womi Laghubitta Bittiya Sanstha Limited,647.0,647.0,647.0,,647.0,666.8,-19.799999999999955,,10.0,6470.0,1.0,0.0,0.0,-2.9694061187762384,6470.0,647.0
2026-05-04T05:45:29+00:00,2026-05-04T11:30:29+05:45,2026-05-04,11:30:29,1777873529,0,5,11,nepse_official,OPEN,2026-05-04,SYPNL,SY Panel Nepal Limited,1550.0,1550.0,1436.0,,1491.3,1497.0,-5.7000000000000455,,4050.0,6098278.0,127.0,114.0,7.354838709677419,-0.38076152304609523,48017.93700787402,1505.7476543209877
2026-05-04T05:45:29+00:00,2026-05-04T11:30:29+05:45,2026-05-04,11:30:29,1777873529,0,5,11,nepse_official,OPEN,2026-05-04,TAMOR,Sanima Middle Tamor Hydropower Limited,434.0,440.0,434.0,,435.0,434.0,1.0,,2536.0,1105534.6,23.0,6.0,1.3824884792626728,0.2304147465437788,48066.72173913044,435.936356466877
2026-05-04T05:45:29+00:00,2026-05-04T11:30:29+05:45,2026-05-04,11:30:29,1777873529,0,5,11,nepse_official,OPEN,2026-05-04,TPC,Terhathum Power Company Limited,366.0,370.0,366.0,,366.5,372.0,-5.5,,1118.0,410919.6,7.0,4.0,1.092896174863388,-1.478494623655914,58702.799999999996,367.5488372093023
2026-05-04T05:45:29+00:00,2026-05-04T11:30:29+05:45,2026-05-04,11:30:29,1777873529,0,5,11,nepse_official,OPEN,2026-05-04,TSHL,Three Star Hydropower Limited,618.1,625.2,618.1,,625.2,637.0,-11.799999999999955,,70.0,43409.0,2.0,7.100000000000023,1.1486814431321828,-1.8524332810047024,21704.5,620.1285714285714
2026-05-04T05:45:29+00:00,2026-05-04T11:30:29+05:45,2026-05-04,11:30:29,1777873529,0,5,11,nepse_official,OPEN,2026-05-04,TTL,Trade Tower Limited,795.0,800.0,790.0,,790.1,790.0,0.10000000000002274,,1338.0,1061015.5,22.0,10.0,1.257861635220126,0.012658227848104145,48227.97727272727,792.9861733931241
2026-05-04T05:45:29+00:00,2026-05-04T11:30:29+05:45,2026-05-04,11:30:29,1777873529,0,5,11,nepse_official,OPEN,2026-05-04,TVCL,Trishuli Jal Vidhyut Company Limited ,518.9,519.0,518.9,,519.0,508.0,11.0,,40.0,20759.0,2.0,0.10000000000002274,0.01927153594141891,2.1653543307086616,10379.5,518.975
2026-05-04T05:45:29+00:00,2026-05-04T11:30:29+05:45,2026-05-04,11:30:29,1777873529,0,5,11,nepse_official,OPEN,2026-05-04,UAIL,United Ajod Insurance Limited,430.0,435.0,430.0,,434.1,439.7,-5.599999999999966,,92.0,39934.0,5.0,5.0,1.1627906976744187,-1.273595633386392,7986.8,434.0652173913044
2026-05-04T05:45:29+00:00,2026-05-04T11:30:29+05:45,2026-05-04,11:30:29,1777873529,0,5,11,nepse_official,OPEN,2026-05-04,UHEWA,Upper Hewakhola Hydropower Company Limited,560.0,560.7,560.0,,560.7,569.0,-8.299999999999955,,23.0,12888.4,2.0,0.7000000000000455,0.1250000000000081,-1.4586994727592186,6444.2,560.3652173913043
2026-05-04T05:45:29+00:00,2026-05-04T11:30:29+05:45,2026-05-04,11:30:29,1777873529,0,5,11,nepse_official,OPEN,2026-05-04,ULBSL,Upakar Laghubitta Bittiya Sanstha Limited,3049.9,3059.0,2970.0,,3036.0,2978.0,58.0,,241.0,732956.0,10.0,89.0,2.9181284632283027,1.9476158495634655,73295.6,3041.311203319502
2026-05-04T05:45:29+00:00,2026-05-04T11:30:29+05:45,2026-05-04,11:30:29,1777873529,0,5,11,nepse_official,OPEN,2026-05-04,UMHL,United Modi Hydropower Ltd.,570.0,570.0,568.0,,568.0,570.9,-2.8999999999999773,,750.0,426020.0,3.0,2.0,0.3508771929824561,-0.5079698721317178,142006.66666666666,568.0266666666666
2026-05-04T05:45:29+00:00,2026-05-04T11:30:29+05:45,2026-05-04,11:30:29,1777873529,0,5,11,nepse_official,OPEN,2026-05-04,UNHPL,Union Hydropower Limited,475.2,476.0,474.2,,476.0,474.1,1.8999999999999773,,2360.0,1121077.0,7.0,1.8000000000000114,0.37878787878788117,0.4007593334739459,160153.85714285713,475.0326271186441
2026-05-04T05:45:29+00:00,2026-05-04T11:30:29+05:45,2026-05-04,11:30:29,1777873529,0,5,11,nepse_official,OPEN,2026-05-04,UPCL,UNIVERSAL POWER COMPANY LTD,374.0,375.0,371.1,,374.0,374.0,0.0,,665.0,247247.0,8.0,3.8999999999999773,1.0427807486630956,0.0,30905.875,371.8
2026-05-04T05:45:29+00:00,2026-05-04T11:30:29+05:45,2026-05-04,11:30:29,1777873529,0,5,11,nepse_official,OPEN,2026-05-04,UPPER,Upper Tamakoshi Hydropower Ltd,203.8,207.0,202.0,,202.0,203.8,-1.8000000000000114,,8987.0,1832060.2,81.0,5.0,2.4533856722276743,-0.8832188420019682,22618.027160493828,203.85670412818516
2026-05-04T05:45:29+00:00,2026-05-04T11:30:29+05:45,2026-05-04,11:30:29,1777873529,0,5,11,nepse_official,OPEN,2026-05-04,USHEC,Upper Solu Hydro Electric Company Limited,481.0,481.0,481.0,,481.0,485.5,-4.5,,130.0,62530.0,4.0,0.0,0.0,-0.9268795056642637,15632.5,481.0
2026-05-04T05:45:29+00:00,2026-05-04T11:30:29+05:45,2026-05-04,11:30:29,1777873529,0,5,11,nepse_official,OPEN,2026-05-04,USHL,Upper Syange Hydropower Limited,626.0,626.0,626.0,,626.0,645.0,-19.0,,20.0,12520.0,2.0,0.0,0.0,-2.945736434108527,6260.0,626.0
2026-05-04T05:45:29+00:00,2026-05-04T11:30:29+05:45,2026-05-04,11:30:29,1777873529,0,5,11,nepse_official,OPEN,2026-05-04,USLB,Unnati Sahakarya Laghubitta Bittiya Sanstha Limited,1295.0,1295.0,1295.0,,1295.0,1294.0,1.0,,100.0,129500.0,2.0,0.0,0.0,0.07727975270479134,64750.0,1295.0
2026-05-04T05:45:29+00:00,2026-05-04T11:30:29+05:45,2026-05-04,11:30:29,1777873529,0,5,11,nepse_official,OPEN,2026-05-04,VLBS,Vijaya laghubitta Bittiya Sanstha Ltd.,691.0,692.0,691.0,,691.3,696.1,-4.800000000000068,,177.0,122369.8,18.0,1.0,0.1447178002894356,-0.6895560982617538,6798.322222222222,691.354802259887
2026-05-04T05:45:29+00:00,2026-05-04T11:30:29+05:45,2026-05-04,11:30:29,1777873529,0,5,11,nepse_official,OPEN,2026-05-04,VLUCL,Vision Lumbini Urja Company Limited ,496.0,496.0,480.0,,480.0,494.8,-14.800000000000011,,200.0,98182.0,6.0,16.0,3.225806451612903,-2.9911075181891693,16363.666666666666,490.91
2026-05-04T05:45:29+00:00,2026-05-04T11:30:29+05:45,2026-05-04,11:30:29,1777873529,0,5,11,nepse_official,OPEN,2026-05-04,WNLB,Wean Nepal Laghubitta Bittiya Sanstha Limited,1382.0,1382.0,1375.0,,1375.0,1417.0,-42.0,,91.0,125325.0,5.0,7.0,0.5065123010130246,-2.9640084685956247,25065.0,1377.1978021978023
2026-05-04T06:15:46+00:00,2026-05-04T12:00:46+05:45,2026-05-04,12:00:46,1777875346,0,6,12,nepse_official,OPEN,2026-05-04,ACLBSL,Aarambha Chautari Laghubitta Bittiya Sanstha Limited,950.0,950.0,925.1,,930.0,941.1,-11.100000000000023,,94.0,87806.9,6.0,24.899999999999977,2.621052631578945,-1.1794708320051028,14634.483333333332,934.1159574468085
2026-05-04T06:15:46+00:00,2026-05-04T12:00:46+05:45,2026-05-04,12:00:46,1777875346,0,6,12,nepse_official,OPEN,2026-05-04,ADBL,Agricultural Development Bank Limited,314.0,314.0,305.2,,308.1,309.5,-1.3999999999999773,,2226.0,688228.2,38.0,8.800000000000011,2.8025477707006403,-0.45234248788367604,18111.26842105263,309.17708894878706
2026-05-04T06:15:46+00:00,2026-05-04T12:00:46+05:45,2026-05-04,12:00:46,1777875346,0,6,12,nepse_official,OPEN,2026-05-04,AHL,Asian Hydropower Limited,535.0,535.0,503.6,,512.0,534.0,-22.0,,2267.0,1167185.6,36.0,31.399999999999977,5.869158878504669,-4.119850187265917,32421.822222222225,514.8591089545655
2026-05-04T06:15:46+00:00,2026-05-04T12:00:46+05:45,2026-05-04,12:00:46,1777875346,0,6,12,nepse_official,OPEN,2026-05-04,AHPC,Arun Valley Hydropower Development Co. Ltd.,275.0,280.0,273.8,,275.5,277.0,-1.5,,20358.0,5592823.1,70.0,6.199999999999989,2.2545454545454504,-0.5415162454873645,79897.47285714286,274.7236025149818
2026-05-04T06:15:46+00:00,2026-05-04T12:00:46+05:45,2026-05-04,12:00:46,1777875346,0,6,12,nepse_official,OPEN,2026-05-04,AKJCL,Ankhu Khola Jalvidhyut Company Ltd,389.0,389.0,363.2,,363.2,375.0,-11.800000000000011,,28356.0,10441014.9,98.0,25.80000000000001,6.632390745501287,-3.14666666666667,106540.96836734694,368.21183876428273
2026-05-04T06:15:46+00:00,2026-05-04T12:00:46+05:45,2026-05-04,12:00:46,1777875346,0,6,12,nepse_official,OPEN,2026-05-04,AKPL,Arun Kabeli Power Ltd.,255.0,273.1,255.0,,263.0,267.8,-4.800000000000011,,14927.0,3960521.1,75.0,18.100000000000023,7.098039215686283,-1.792382374906651,52806.948000000004,265.3259931667448
2026-05-04T06:15:46+00:00,2026-05-04T12:00:46+05:45,2026-05-04,12:00:46,1777875346,0,6,12,nepse_official,OPEN,2026-05-04,ALBSL,Asha Laghubitta Bittiya Sanstha Ltd,1070.0,1135.0,1070.0,,1120.0,1115.0,5.0,,748.0,826708.9,32.0,65.0,6.074766355140187,0.4484304932735426,25834.653125,1105.2258021390376
2026-05-04T06:15:46+00:00,2026-05-04T12:00:46+05:45,2026-05-04,12:00:46,1777875346,0,6,12,nepse_official,OPEN,2026-05-04,ALICL,Asian Life Insurance Co. Limited,450.0,450.0,446.0,,448.0,450.5,-2.5,,2271.0,1018915.0,22.0,4.0,0.8888888888888888,-0.5549389567147613,46314.318181818184,448.6635843240863
2026-05-04T06:15:46+00:00,2026-05-04T12:00:46+05:45,2026-05-04,12:00:46,1777875346,0,6,12,nepse_official,OPEN,2026-05-04,ANLB,Aatmanirbhar Laghubitta Bittiya Sanstha Limited,6100.0,6100.0,6001.1,,6001.1,6285.0,-283.89999999999964,,22.0,133013.2,2.0,98.89999999999964,1.6213114754098301,-4.51710421638822,66506.6,6046.054545454546
2026-05-04T06:15:46+00:00,2026-05-04T12:00:46+05:45,2026-05-04,12:00:46,1777875346,0,6,12,nepse_official,OPEN,2026-05-04,API,Api Power Company Ltd.,341.0,341.0,331.5,,333.0,334.9,-1.8999999999999773,,8121.0,2708103.2,56.0,9.5,2.785923753665689,-0.5673335323977239,48358.985714285714,333.4691786725773
2026-05-04T06:15:46+00:00,2026-05-04T12:00:46+05:45,2026-05-04,12:00:46,1777875346,0,6,12,nepse_official,OPEN,2026-05-04,AVYAN,Aviyan Laghubitta Bittiya Sanstha Limited,1100.0,1158.7,1100.0,,1127.0,1100.0,27.0,,3323.0,3752689.5,58.0,58.700000000000045,5.33636363636364,2.4545454545454546,64701.543103448275,1129.3077038820343
2026-05-04T06:15:46+00:00,2026-05-04T12:00:46+05:45,2026-05-04,12:00:46,1777875346,0,6,12,nepse_official,OPEN,2026-05-04,BANDIPUR,Bandipur Cablecar and Tourism Limited,825.0,829.7,805.0,,806.3,824.7,-18.40000000000009,,3877.0,3170447.2,115.0,24.700000000000045,2.9939393939393995,-2.231114344610172,27569.106086956523,817.7578540108332
2026-05-04T06:15:46+00:00,2026-05-04T12:00:46+05:45,2026-05-04,12:00:46,1777875346,0,6,12,nepse_official,OPEN,2026-05-04,BARUN,Barun Hydropower Co. Ltd.,340.0,345.0,336.0,,336.5,340.0,-3.5,,5499.0,1859999.3,30.0,9.0,2.6470588235294117,-1.0294117647058822,61999.97666666667,338.24318967084923
2026-05-04T06:15:46+00:00,2026-05-04T12:00:46+05:45,2026-05-04,12:00:46,1777875346,0,6,12,nepse_official,OPEN,2026-05-04,BBC,Bishal Bazar Company Limited,4730.2,4830.0,4730.2,,4830.0,4814.9,15.100000000000364,,60.0,284810.0,2.0,99.80000000000018,2.109847363747837,0.313609836133676,142405.0,4746.833333333333
2026-05-04T06:15:46+00:00,2026-05-04T12:00:46+05:45,2026-05-04,12:00:46,1777875346,0,6,12,nepse_official,OPEN,2026-05-04,BEDC,Bhugol Energy Development Company Limited,366.1,370.0,363.0,,366.0,365.9,0.10000000000002274,,10277.0,3775209.3,64.0,7.0,1.9120458891013385,0.027329871549609933,58987.6453125,367.3454607375693
2026-05-04T06:15:46+00:00,2026-05-04T12:00:46+05:45,2026-05-04,12:00:46,1777875346,0,6,12,nepse_official,OPEN,2026-05-04,BFC,Best Finance Company Ltd.,451.0,451.0,450.0,,450.1,449.0,1.1000000000000227,,1152.0,519046.2,17.0,1.0,0.22172949002217296,0.24498886414254403,30532.129411764705,450.5609375
2026-05-04T06:15:46+00:00,2026-05-04T12:00:46+05:45,2026-05-04,12:00:46,1777875346,0,6,12,nepse_official,OPEN,2026-05-04,BGWT,Bhagawati Hydropower Development Company Limited,710.0,710.0,703.0,,703.6,705.0,-1.3999999999999773,,65.0,45867.7,5.0,7.0,0.9859154929577465,-0.1985815602836847,9173.539999999999,705.656923076923
2026-05-04T06:15:46+00:00,2026-05-04T12:00:46+05:45,2026-05-04,12:00:46,1777875346,0,6,12,nepse_official,OPEN,2026-05-04,BHCL,Bikash Hydropower Company Limited,510.0,529.0,510.0,,512.0,519.0,-7.0,,970.0,499414.0,48.0,19.0,3.7254901960784315,-1.348747591522158,10404.458333333334,514.859793814433
2026-05-04T06:15:46+00:00,2026-05-04T12:00:46+05:45,2026-05-04,12:00:46,1777875346,0,6,12,nepse_official,OPEN,2026-05-04,BHDC,Bindhyabasini Hydropower Development Company Limited,456.0,460.0,456.0,,458.0,455.1,2.8999999999999773,,1964.0,895829.0,16.0,4.0,0.8771929824561403,0.6372225884420957,55989.3125,456.12474541751527
2026-05-04T06:15:46+00:00,2026-05-04T12:00:46+05:45,2026-05-04,12:00:46,1777875346,0,6,12,nepse_official,OPEN,2026-05-04,BHL,Balephi Hydropower Limited,207.0,220.0,207.0,,217.0,217.6,-0.5999999999999943,,24326.0,5266829.0,123.0,13.0,6.280193236714976,-0.27573529411764447,42819.74796747968,216.51027706980184
2026-05-04T06:15:46+00:00,2026-05-04T12:00:46+05:45,2026-05-04,12:00:46,1777875346,0,6,12,nepse_official,OPEN,2026-05-04,BHPL,Barahi Hydropower Public Limited,524.8,538.0,524.8,,526.9,520.2,6.699999999999932,,1878.0,989128.8,15.0,13.200000000000045,2.515243902439033,1.2879661668588873,65941.92,526.6926517571885
2026-05-04T06:15:46+00:00,2026-05-04T12:00:46+05:45,2026-05-04,12:00:46,1777875346,0,6,12,nepse_official,OPEN,2026-05-04,BJHL,Bhujung Hydropower Limited,1035.0,1064.9,985.0,,987.2,1035.0,-47.799999999999955,,1795.0,1808107.5,110.0,79.90000000000009,7.719806763285033,-4.618357487922701,16437.340909090908,1007.3022284122562
2026-05-04T06:15:46+00:00,2026-05-04T12:00:46+05:45,2026-05-04,12:00:46,1777875346,0,6,12,nepse_official,OPEN,2026-05-04,BNHC,Buddha Bhumi Nepal Hydropower Company Limited,327.5,327.5,325.0,,325.0,327.5,-2.5,,80.0,26145.0,4.0,2.5,0.7633587786259541,-0.7633587786259541,6536.25,326.8125
2026-05-04T06:15:46+00:00,2026-05-04T12:00:46+05:45,2026-05-04,12:00:46,1777875346,0,6,12,nepse_official,OPEN,2026-05-04,BNT,Bottlers Nepal (Terai) Limited,11500.2,11500.2,11500.2,,11500.2,11610.0,-109.79999999999927,,71.0,816814.0,2.0,0.0,0.0,-0.9457364341085208,408407.0,11504.422535211268
2026-05-04T06:15:46+00:00,2026-05-04T12:00:46+05:45,2026-05-04,12:00:46,1777875346,0,6,12,nepse_official,OPEN,2026-05-04,BPCL,Butwal Power Company Limited,660.0,687.0,660.0,,666.0,668.0,-2.0,,2233.0,1490007.0,19.0,27.0,4.090909090909091,-0.29940119760479045,78421.42105263157,667.2669055082848
2026-05-04T06:15:46+00:00,2026-05-04T12:00:46+05:45,2026-05-04,12:00:46,1777875346,0,6,12,nepse_official,OPEN,2026-05-04,BUNGAL,Bungal Hydro Limited,550.0,573.0,550.0,,563.0,571.0,-8.0,,1364.0,770971.0,59.0,23.0,4.181818181818182,-1.4010507880910683,13067.305084745763,565.2280058651027
2026-05-04T06:15:46+00:00,2026-05-04T12:00:46+05:45,2026-05-04,12:00:46,1777875346,0,6,12,nepse_official,OPEN,2026-05-04,C30MF,Citizens Super 30 Mutual Fund,10.07,10.07,10.07,,10.07,10.07,0.0,,100.0,1007.0,1.0,0.0,0.0,0.0,1007.0,10.07
2026-05-04T06:15:46+00:00,2026-05-04T12:00:46+05:45,2026-05-04,12:00:46,1777875346,0,6,12,nepse_official,OPEN,2026-05-04,CBBL,Chhimek Laghubitta Bittiya Sanstha Limited,901.0,915.5,901.0,,902.0,903.0,-1.0,,1616.0,1465476.1,39.0,14.5,1.609322974472808,-0.11074197120708748,37576.31025641026,906.8540222772277
2026-05-04T06:15:46+00:00,2026-05-04T12:00:46+05:45,2026-05-04,12:00:46,1777875346,0,6,12,nepse_official,OPEN,2026-05-04,CCBD88,Century Debenture 2088,1233.0,1233.0,1233.0,,1233.0,1197.3,35.700000000000045,,50.0,61650.0,1.0,0.0,0.0,2.981708844901031,61650.0,1233.0
2026-05-04T06:15:46+00:00,2026-05-04T12:00:46+05:45,2026-05-04,12:00:46,1777875346,0,6,12,nepse_official,OPEN,2026-05-04,CFCL,Central Finance Co. Ltd.,488.1,500.0,488.1,,500.0,493.0,7.0,,1136.0,565607.5,10.0,11.899999999999977,2.438024994878094,1.4198782961460445,56560.75,497.89392605633805
2026-05-04T06:15:46+00:00,2026-05-04T12:00:46+05:45,2026-05-04,12:00:46,1777875346,0,6,12,nepse_official,OPEN,2026-05-04,CGH,Chandragiri Hills Limited,802.1,817.0,802.1,,805.0,807.5,-2.5,,333.0,269491.0,6.0,14.899999999999977,1.8576237376885647,-0.30959752321981426,44915.166666666664,809.2822822822823
2026-05-04T06:15:46+00:00,2026-05-04T12:00:46+05:45,2026-05-04,12:00:46,1777875346,0,6,12,nepse_official,OPEN,2026-05-04,CHCL,Chilime Hydropower Company Limited,480.0,480.0,475.7,,476.0,478.5,-2.5,,3309.0,1581601.0,40.0,4.300000000000011,0.8958333333333356,-0.522466039707419,39540.025,477.9694771834391
2026-05-04T06:15:46+00:00,2026-05-04T12:00:46+05:45,2026-05-04,12:00:46,1777875346,0,6,12,nepse_official,OPEN,2026-05-04,CHDC,CEDB Holdings Limited,2261.1,2262.0,2241.2,,2244.0,2260.9,-16.90000000000009,,734.0,1655445.1,15.0,20.800000000000182,0.9199062403255134,-0.7474899376354589,110363.00666666667,2255.374795640327
2026-05-04T06:15:46+00:00,2026-05-04T12:00:46+05:45,2026-05-04,12:00:46,1777875346,0,6,12,nepse_official,OPEN,2026-05-04,CHL,Chhyangdi Hydropower Ltd.,283.0,285.0,278.2,,280.0,283.0,-3.0,,6702.0,1876929.8,34.0,6.800000000000011,2.402826855123679,-1.0600706713780919,55203.81764705882,280.05517755893766
2026-05-04T06:15:46+00:00,2026-05-04T12:00:46+05:45,2026-05-04,12:00:46,1777875346,0,6,12,nepse_official,OPEN,2026-05-04,CIT,Citizen Investment Trust,1774.0,1774.0,1771.9,,1771.9,1766.0,5.900000000000091,,105.0,186145.0,7.0,2.099999999999909,0.11837655016910423,0.3340883352208432,26592.14285714286,1772.8095238095239
2026-05-04T06:15:46+00:00,2026-05-04T12:00:46+05:45,2026-05-04,12:00:46,1777875346,0,6,12,nepse_official,OPEN,2026-05-04,CITY,City Hotel Limited,450.0,450.0,435.1,,442.5,448.0,-5.5,,3446.0,1513322.5,63.0,14.899999999999977,3.3111111111111065,-1.2276785714285714,24020.992063492064,439.15336622170634
2026-05-04T06:15:46+00:00,2026-05-04T12:00:46+05:45,2026-05-04,12:00:46,1777875346,0,6,12,nepse_official,OPEN,2026-05-04,CKHL,Chirkhwa Hydropower Limited ,681.0,681.0,681.0,,681.0,699.0,-18.0,,10.0,6810.0,1.0,0.0,0.0,-2.575107296137339,6810.0,681.0
2026-05-04T06:15:46+00:00,2026-05-04T12:00:46+05:45,2026-05-04,12:00:46,1777875346,0,6,12,nepse_official,OPEN,2026-05-04,CLI,Citizen Life Insurance Company Limited,445.1,453.0,445.1,,450.3,452.6,-2.3000000000000114,,737.0,332243.3,40.0,7.899999999999977,1.7748820489777526,-0.5081749889527201,8306.0825,450.8050203527815
2026-05-04T06:15:46+00:00,2026-05-04T12:00:46+05:45,2026-05-04,12:00:46,1777875346,0,6,12,nepse_official,OPEN,2026-05-04,CORBL,Corporate Development Bank Limited,2300.0,2300.0,2143.0,,2150.0,2400.0,-250.0,,13957.0,30448446.2,96.0,157.0,6.826086956521739,-10.416666666666668,317171.3145833333,2181.5896109479113
2026-05-04T06:15:46+00:00,2026-05-04T12:00:46+05:45,2026-05-04,12:00:46,1777875346,0,6,12,nepse_official,OPEN,2026-05-04,CREST,Crest Micro Life Insurance Limited,1080.0,1122.0,1080.0,,1101.5,1112.1,-10.599999999999909,,657.0,727253.7,31.0,42.0,3.888888888888889,-0.9531516949914495,23459.796774193546,1106.9310502283104
2026-05-04T06:15:46+00:00,2026-05-04T12:00:46+05:45,2026-05-04,12:00:46,1777875346,0,6,12,nepse_official,OPEN,2026-05-04,CSY,Citizens Santulit Yojana,9.2,9.32,9.1,,9.13,9.32,-0.1899999999999995,,1400.0,12879.0,11.0,0.22000000000000064,2.391304347826094,-2.038626609442055,1170.8181818181818,9.199285714285715
2026-05-04T06:15:46+00:00,2026-05-04T12:00:46+05:45,2026-05-04,12:00:46,1777875346,0,6,12,nepse_official,OPEN,2026-05-04,CYCL,CYC Nepal Laghubitta Bittiya Sanstha Limited,1515.0,1515.0,1500.0,,1500.0,1490.0,10.0,,23.0,34695.0,2.0,15.0,0.9900990099009901,0.6711409395973155,17347.5,1508.4782608695652
2026-05-04T06:15:46+00:00,2026-05-04T12:00:46+05:45,2026-05-04,12:00:46,1777875346,0,6,12,nepse_official,OPEN,2026-05-04,CZBIL,Citizens Bank International Limited,204.5,206.9,201.1,,202.9,204.5,-1.5999999999999943,,1464.0,295922.0,22.0,5.800000000000011,2.83618581907091,-0.7823960880195571,13451.0,202.13251366120218
2026-05-04T06:15:46+00:00,2026-05-04T12:00:46+05:45,2026-05-04,12:00:46,1777875346,0,6,12,nepse_official,OPEN,2026-05-04,DDBL,Deprosc Laghubitta Bittiya Sanstha Limited,829.0,832.0,822.0,,832.0,829.0,3.0,,188.0,154852.1,9.0,10.0,1.2062726176115801,0.3618817852834741,17205.78888888889,823.6813829787235
2026-05-04T06:15:46+00:00,2026-05-04T12:00:46+05:45,2026-05-04,12:00:46,1777875346,0,6,12,nepse_official,OPEN,2026-05-04,DHEL,Daramkhola Hydro Energy Limited,598.7,602.5,593.0,,594.0,599.3,-5.2999999999999545,,2367.0,1412686.7,72.0,9.5,1.5867713378987804,-0.8843650926080353,19620.64861111111,596.8258132657372
2026-05-04T06:15:46+00:00,2026-05-04T12:00:46+05:45,2026-05-04,12:00:46,1777875346,0,6,12,nepse_official,OPEN,2026-05-04,DHPL,Dibyashwori Hydropower Ltd.,304.0,304.0,301.0,,301.0,300.0,1.0,,180.0,54240.0,2.0,3.0,0.9868421052631579,0.33333333333333337,27120.0,301.3333333333333
2026-05-04T06:15:46+00:00,2026-05-04T12:00:46+05:45,2026-05-04,12:00:46,1777875346,0,6,12,nepse_official,OPEN,2026-05-04,DLBS,Dhaulagiri Laghubitta Bittiya Sanstha Limited,1270.5,1270.5,1270.5,,1270.5,1290.0,-19.5,,14.0,17787.0,1.0,0.0,0.0,-1.5116279069767442,17787.0,1270.5
2026-05-04T06:15:46+00:00,2026-05-04T12:00:46+05:45,2026-05-04,12:00:46,1777875346,0,6,12,nepse_official,OPEN,2026-05-04,DOLTI,Dolti Power Company Limited,360.0,367.0,359.0,,362.0,364.0,-2.0,,1555.0,564231.0,24.0,8.0,2.2222222222222223,-0.5494505494505495,23509.625,362.8495176848875
2026-05-04T06:15:46+00:00,2026-05-04T12:00:46+05:45,2026-05-04,12:00:46,1777875346,0,6,12,nepse_official,OPEN,2026-05-04,DORDI,Dordi Khola Jal Bidyut Company Limited,276.0,281.0,276.0,,276.0,277.0,-1.0,,7634.0,2119806.6,36.0,5.0,1.8115942028985508,-0.36101083032490977,58883.51666666667,277.67966989782553
2026-05-04T06:15:46+00:00,2026-05-04T12:00:46+05:45,2026-05-04,12:00:46,1777875346,0,6,12,nepse_official,OPEN,2026-05-04,EBL,Everest Bank Limited,700.0,701.0,686.0,,686.0,697.0,-11.0,,14054.0,9695152.2,153.0,15.0,2.142857142857143,-1.5781922525107603,63367.00784313725,689.8500213462358
2026-05-04T06:15:46+00:00,2026-05-04T12:00:46+05:45,2026-05-04,12:00:46,1777875346,0,6,12,nepse_official,OPEN,2026-05-04,EBLD86,Everest Bank Limited,1075.0,1075.0,1075.0,,1075.0,1072.1,2.900000000000091,,26.0,27947.1,2.0,0.0,0.0,0.27049715511613576,13973.55,1074.8884615384616
2026-05-04T06:15:46+00:00,2026-05-04T12:00:46+05:45,2026-05-04,12:00:46,1777875346,0,6,12,nepse_official,OPEN,2026-05-04,EBLD91,Everest Bank Limited Debenture 2091,1058.1,1060.1,1058.1,,1060.1,1056.1,4.0,,50.0,52955.0,2.0,2.0,0.1890180512238919,0.37875201212006443,26477.5,1059.1
2026-05-04T06:15:46+00:00,2026-05-04T12:00:46+05:45,2026-05-04,12:00:46,1777875346,0,6,12,nepse_official,OPEN,2026-05-04,EDBL,Excel Development Bank Ltd.,577.7,577.7,577.7,,577.7,577.7,0.0,,50.0,28885.0,2.0,0.0,0.0,0.0,14442.5,577.7
2026-05-04T06:15:46+00:00,2026-05-04T12:00:46+05:45,2026-05-04,12:00:46,1777875346,0,6,12,nepse_official,OPEN,2026-05-04,EHPL,Eastern Hydropower Limited,392.0,399.0,386.0,,386.0,391.4,-5.399999999999977,,5214.0,2028779.0,34.0,13.0,3.316326530612245,-1.3796627491057685,59669.970588235294,389.10222477943995
2026-05-04T06:15:46+00:00,2026-05-04T12:00:46+05:45,2026-05-04,12:00:46,1777875346,0,6,12,nepse_official,OPEN,2026-05-04,ENL,Emerging Nepal Limited,873.0,880.5,873.0,,880.5,899.8,-19.299999999999955,,20.0,17535.0,2.0,7.5,0.859106529209622,-2.1449210935763454,8767.5,876.75
2026-05-04T06:15:46+00:00,2026-05-04T12:00:46+05:45,2026-05-04,12:00:46,1777875346,0,6,12,nepse_official,OPEN,2026-05-04,FMDBL,First Micro Finance Laghubitta Bittiya Sanstha Limited,785.0,807.0,785.0,,795.0,795.0,0.0,,889.0,707043.0,15.0,22.0,2.802547770700637,0.0,47136.2,795.3239595050619
2026-05-04T06:15:46+00:00,2026-05-04T12:00:46+05:45,2026-05-04,12:00:46,1777875346,0,6,12,nepse_official,OPEN,2026-05-04,FOWAD,Forward Microfinance Laghubitta Bittiya Sanstha Limited,1100.0,1100.0,1099.0,,1099.0,1096.0,3.0,,225.0,247325.0,2.0,1.0,0.09090909090909091,0.2737226277372263,123662.5,1099.2222222222222
2026-05-04T06:15:46+00:00,2026-05-04T12:00:46+05:45,2026-05-04,12:00:46,1777875346,0,6,12,nepse_official,OPEN,2026-05-04,GBBL,Garima Bikas Bank Limited,419.9,419.9,414.0,,415.5,414.0,1.5,,3267.0,1355939.6,27.0,5.899999999999977,1.4050964515360747,0.36231884057971014,50219.985185185185,415.04119987756354
2026-05-04T06:15:46+00:00,2026-05-04T12:00:46+05:45,2026-05-04,12:00:46,1777875346,0,6,12,nepse_official,OPEN,2026-05-04,GBIME,Global IME Bank Limited,219.5,232.8,219.5,,230.0,231.0,-1.0,,9477.0,2180411.5,87.0,13.300000000000011,6.059225512528479,-0.4329004329004329,25062.201149425287,230.07402131476206
2026-05-04T06:15:46+00:00,2026-05-04T12:00:46+05:45,2026-05-04,12:00:46,1777875346,0,6,12,nepse_official,OPEN,2026-05-04,GBIMESY2,Global IME Sammunat Yojana -2,9.0,9.17,9.0,,9.15,9.2,-0.049999999999998934,,500.0,4564.0,4.0,0.16999999999999993,1.8888888888888882,-0.5434782608695536,1141.0,9.128
2026-05-04T06:15:46+00:00,2026-05-04T12:00:46+05:45,2026-05-04,12:00:46,1777875346,0,6,12,nepse_official,OPEN,2026-05-04,GBLBS,Grameen Bikas Laghubitta Bittiya Sanstha Ltd.,750.0,750.0,740.2,,745.0,750.0,-5.0,,166.0,123663.8,9.0,9.799999999999955,1.3066666666666606,-0.6666666666666667,13740.422222222223,744.9626506024097
2026-05-04T06:15:46+00:00,2026-05-04T12:00:46+05:45,2026-05-04,12:00:46,1777875346,0,6,12,nepse_official,OPEN,2026-05-04,GCIL,Ghorahi Cement Industry Limited,415.0,420.0,411.0,,411.0,415.0,-4.0,,1851.0,767261.1,40.0,9.0,2.1686746987951806,-0.9638554216867471,19181.5275,414.51166936790924
2026-05-04T06:15:46+00:00,2026-05-04T12:00:46+05:45,2026-05-04,12:00:46,1777875346,0,6,12,nepse_official,OPEN,2026-05-04,GFCL,Goodwill Finance Limited,620.0,620.0,620.0,,620.0,620.2,-0.20000000000004547,,500.0,310000.0,1.0,0.0,0.0,-0.0322476620445091,310000.0,620.0
2026-05-04T06:15:46+00:00,2026-05-04T12:00:46+05:45,2026-05-04,12:00:46,1777875346,0,6,12,nepse_official,OPEN,2026-05-04,GHL,Ghalemdi Hydro Limited,234.9,235.0,230.0,,232.0,234.0,-2.0,,9410.0,2173789.0,36.0,5.0,2.128565346956152,-0.8547008547008548,60383.02777777778,231.00839532412328
2026-05-04T06:15:46+00:00,2026-05-04T12:00:46+05:45,2026-05-04,12:00:46,1777875346,0,6,12,nepse_official,OPEN,2026-05-04,GIBF1,Global IME Balanced Fund-1,10.84,10.84,10.84,,10.84,11.0,-0.16000000000000014,,650.0,7046.0,5.0,0.0,0.0,-1.4545454545454557,1409.2,10.84
2026-05-04T06:15:46+00:00,2026-05-04T12:00:46+05:45,2026-05-04,12:00:46,1777875346,0,6,12,nepse_official,OPEN,2026-05-04,GILB,Global IME Laghubitta Bittiya Sanstha Ltd.,1100.2,1100.2,1081.0,,1081.0,1100.2,-19.200000000000045,,25.0,26904.0,3.0,19.200000000000045,1.7451372477731362,-1.7451372477731362,8968.0,1076.16
2026-05-04T06:15:46+00:00,2026-05-04T12:00:46+05:45,2026-05-04,12:00:46,1777875346,0,6,12,nepse_official,OPEN,2026-05-04,GLBSL,Gurans Laghubitta Bittiya Sanstha Limited,1770.0,1770.0,1750.0,,1750.0,1763.9,-13.900000000000091,,29.0,50990.0,2.0,20.0,1.1299435028248588,-0.7880265321163383,25495.0,1758.2758620689656
2026-05-04T06:15:46+00:00,2026-05-04T12:00:46+05:45,2026-05-04,12:00:46,1777875346,0,6,12,nepse_official,OPEN,2026-05-04,GLH,GreenLife Hydropower Limited,251.3,267.9,251.3,,263.0,264.5,-1.5,,12340.0,3238237.2,38.0,16.599999999999966,6.605650616792665,-0.5671077504725899,85216.76842105263,262.41792544570507
2026-05-04T06:15:46+00:00,2026-05-04T12:00:46+05:45,2026-05-04,12:00:46,1777875346,0,6,12,nepse_official,OPEN,2026-05-04,GMLI,Guardian Micro Life Insurance Limited ,1280.1,1300.0,1250.0,,1299.0,1280.0,19.0,,541.0,690767.0,24.0,50.0,3.9059448480587458,1.484375,28781.958333333332,1276.8336414048058
2026-05-04T06:15:46+00:00,2026-05-04T12:00:46+05:45,2026-05-04,12:00:46,1777875346,0,6,12,nepse_official,OPEN,2026-05-04,GRDBL,Green Development Bank Ltd.,1090.0,1094.9,1080.0,,1080.0,1100.0,-20.0,,3631.0,3945507.1,48.0,14.900000000000091,1.3669724770642286,-1.8181818181818181,82198.06458333334,1086.6172128890114
2026-05-04T06:15:46+00:00,2026-05-04T12:00:46+05:45,2026-05-04,12:00:46,1777875346,0,6,12,nepse_official,OPEN,2026-05-04,GSY,Garima Samriddhi Yojana,9.57,9.57,9.57,,9.57,9.78,-0.20999999999999908,,700.0,6699.0,7.0,0.0,0.0,-2.1472392638036717,957.0,9.57
2026-05-04T06:15:46+00:00,2026-05-04T12:00:46+05:45,2026-05-04,12:00:46,1777875346,0,6,12,nepse_official,OPEN,2026-05-04,GUFL,Gurkhas Finance Ltd.,518.0,520.1,518.0,,520.0,518.2,1.7999999999999545,,1086.0,564528.0,10.0,2.1000000000000227,0.40540540540540976,0.3473562331146188,56452.8,519.8232044198895
2026-05-04T06:15:46+00:00,2026-05-04T12:00:46+05:45,2026-05-04,12:00:46,1777875346,0,6,12,nepse_official,OPEN,2026-05-04,GVL,Green Ventures Limited,480.0,485.0,475.0,,481.0,487.5,-6.5,,1205.0,577265.9,32.0,10.0,2.083333333333333,-1.3333333333333335,18039.559375,479.0588381742739
2026-05-04T06:15:46+00:00,2026-05-04T12:00:46+05:45,2026-05-04,12:00:46,1777875346,0,6,12,nepse_official,OPEN,2026-05-04,H8020,Himalayan 80-20,11.51,11.51,11.51,,11.51,11.51,0.0,,400.0,4604.0,2.0,0.0,0.0,0.0,2302.0,11.51
2026-05-04T06:15:46+00:00,2026-05-04T12:00:46+05:45,2026-05-04,12:00:46,1777875346,0,6,12,nepse_official,OPEN,2026-05-04,HATHY,Hathway Investment Nepal Limited,810.0,810.0,800.0,,800.1,814.0,-13.899999999999977,,852.0,683088.1,30.0,10.0,1.2345679012345678,-1.7076167076167048,22769.603333333333,801.7465962441314
2026-05-04T06:15:46+00:00,2026-05-04T12:00:46+05:45,2026-05-04,12:00:46,1777875346,0,6,12,nepse_official,OPEN,2026-05-04,HBL,Himalayan Bank Limited,202.0,204.0,200.1,,200.1,202.0,-1.9000000000000057,,7134.0,1438226.8,221.0,3.9000000000000057,1.9306930693069335,-0.9405940594059433,6507.813574660634,201.6017381553126
2026-05-04T06:15:46+00:00,2026-05-04T12:00:46+05:45,2026-05-04,12:00:46,1777875346,0,6,12,nepse_official,OPEN,2026-05-04,HDHPC,Himal Dolakha Hydropower Company Limited,233.0,233.0,217.3,,219.1,222.8,-3.700000000000017,,34090.0,7540316.0,112.0,15.699999999999989,6.738197424892698,-1.6606822262118566,67324.25,221.18850102669404
2026-05-04T06:15:46+00:00,2026-05-04T12:00:46+05:45,2026-05-04,12:00:46,1777875346,0,6,12,nepse_official,OPEN,2026-05-04,HDL,Himalayan Distillery Limited,1169.0,1169.0,1150.0,,1150.4,1146.0,4.400000000000091,,7463.0,8597229.3,140.0,19.0,1.6253207869974338,0.38394415357766937,61408.78071428572,1151.9803430255931
2026-05-04T06:15:46+00:00,2026-05-04T12:00:46+05:45,2026-05-04,12:00:46,1777875346,0,6,12,nepse_official,OPEN,2026-05-04,HEI,Himalayan Everest Insurance Limited,510.0,515.0,510.0,,515.0,516.0,-1.0,,251.0,128415.0,4.0,5.0,0.9803921568627451,-0.1937984496124031,32103.75,511.61354581673305
2026-05-04T06:15:46+00:00,2026-05-04T12:00:46+05:45,2026-05-04,12:00:46,1777875346,0,6,12,nepse_official,OPEN,2026-05-04,HEIP,Himalayan Everest Insurance Limited Promoter,317.1,323.0,317.1,,323.0,317.1,5.899999999999977,,727.0,233441.0,3.0,5.899999999999977,1.8606117943866216,1.8606117943866216,77813.66666666667,321.10178817056396
2026-05-04T06:15:46+00:00,2026-05-04T12:00:46+05:45,2026-05-04,12:00:46,1777875346,0,6,12,nepse_official,OPEN,2026-05-04,HFIN,Hotel Forest Inn Limited,994.0,1020.0,981.3,,991.1,1024.0,-32.89999999999998,,13672.0,13583761.9,640.0,38.700000000000045,3.8933601609657997,-3.212890624999998,21224.62796875,993.5460722644822
2026-05-04T06:15:46+00:00,2026-05-04T12:00:46+05:45,2026-05-04,12:00:46,1777875346,0,6,12,nepse_official,OPEN,2026-05-04,HHL,Himalayan Hydropower Limited,380.0,389.8,377.3,,377.3,384.0,-6.699999999999989,,7297.0,2772431.2,38.0,12.5,3.289473684210526,-1.7447916666666636,72958.71578947369,379.94123612443474
2026-05-04T06:15:46+00:00,2026-05-04T12:00:46+05:45,2026-05-04,12:00:46,1777875346,0,6,12,nepse_official,OPEN,2026-05-04,HIDCL,Hydorelectricity Investment and Development Company Ltd,265.0,268.0,262.3,,262.3,265.7,-3.3999999999999773,,17251.0,4568762.0,90.0,5.699999999999989,2.1509433962264106,-1.2796386902521555,50764.02222222222,264.840415048403
2026-05-04T06:15:46+00:00,2026-05-04T12:00:46+05:45,2026-05-04,12:00:46,1777875346,0,6,12,nepse_official,OPEN,2026-05-04,HIDCLP,Hydorelectricity Investment and Development Company Limited Promoter,204.0,204.0,201.0,,201.0,205.0,-4.0,,37704.0,7614073.0,42.0,3.0,1.4705882352941175,-1.951219512195122,181287.45238095237,201.94337470825377
2026-05-04T06:15:46+00:00,2026-05-04T12:00:46+05:45,2026-05-04,12:00:46,1777875346,0,6,12,nepse_official,OPEN,2026-05-04,HIMSTAR,Him Star Urja Company Limited,846.0,850.0,840.0,,840.0,840.0,0.0,,450.0,380312.6,15.0,10.0,1.1820330969267139,0.0,25354.173333333332,845.1391111111111
2026-05-04T06:15:46+00:00,2026-05-04T12:00:46+05:45,2026-05-04,12:00:46,1777875346,0,6,12,nepse_official,OPEN,2026-05-04,HLBSL,Himalayan Laghubitta Bittiya Sanstha Limited,870.0,875.0,870.0,,875.0,889.0,-14.0,,34.0,29680.0,3.0,5.0,0.5747126436781609,-1.574803149606299,9893.333333333334,872.9411764705883
2026-05-04T06:15:46+00:00,2026-05-04T12:00:46+05:45,2026-05-04,12:00:46,1777875346,0,6,12,nepse_official,OPEN,2026-05-04,HLI,Himalayan Life Insurance Limited,338.1,341.0,337.6,,338.0,340.0,-2.0,,11867.0,4022142.8,92.0,3.3999999999999773,1.0056196391600052,-0.5882352941176471,43718.943478260866,338.9350973287267
2026-05-04T06:15:46+00:00,2026-05-04T12:00:46+05:45,2026-05-04,12:00:46,1777875346,0,6,12,nepse_official,OPEN,2026-05-04,HLICF,HLI Large Cap Fund,8.93,8.93,8.82,,8.84,8.93,-0.08999999999999986,,300.0,2659.0,3.0,0.10999999999999943,1.2318029115341482,-1.0078387458006703,886.3333333333334,8.863333333333333
2026-05-04T06:15:46+00:00,2026-05-04T12:00:46+05:45,2026-05-04,12:00:46,1777875346,0,6,12,nepse_official,OPEN,2026-05-04,HPPL,Himalayan Power Partner Ltd.,375.0,375.0,365.9,,365.9,366.6,-0.7000000000000455,,3296.0,1209138.6,30.0,9.100000000000023,2.426666666666673,-0.19094380796509694,40304.62,366.85030339805826
2026-05-04T06:15:46+00:00,2026-05-04T12:00:46+05:45,2026-05-04,12:00:46,1777875346,0,6,12,nepse_official,OPEN,2026-05-04,HRL,Himalayan Reinsurance Limited,671.1,678.9,669.0,,669.0,671.1,-2.1000000000000227,,17614.0,11846591.1,226.0,9.899999999999977,1.4751899865891784,-0.31291908806437535,52418.54469026549,672.5667707505394
2026-05-04T06:15:46+00:00,2026-05-04T12:00:46+05:45,2026-05-04,12:00:46,1777875346,0,6,12,nepse_official,OPEN,2026-05-04,HURJA,Himalaya Urja Bikas Company Limited,253.0,255.0,249.7,,249.7,255.0,-5.300000000000011,,23899.0,5984032.4,95.0,5.300000000000011,2.094861660079056,-2.0784313725490238,62989.81473684211,250.38840118833426
2026-05-04T06:15:46+00:00,2026-05-04T12:00:46+05:45,2026-05-04,12:00:46,1777875346,0,6,12,nepse_official,OPEN,2026-05-04,ICFC,ICFC Finance Limited,610.1,616.1,610.1,,616.1,622.1,-6.0,,41.0,25194.1,2.0,6.0,0.9834453368300279,-0.9644751647645073,12597.05,614.490243902439
2026-05-04T06:15:46+00:00,2026-05-04T12:00:46+05:45,2026-05-04,12:00:46,1777875346,0,6,12,nepse_official,OPEN,2026-05-04,ICFCD89,8% ICFC Finance Limited Debenture 2089,1086.6,1086.6,1086.5,,1086.5,1087.1,-0.599999999999909,,50.0,54327.5,2.0,0.09999999999990905,0.009203018590089183,-0.05519271456166949,27163.75,1086.55
2026-05-04T06:15:46+00:00,2026-05-04T12:00:46+05:45,2026-05-04,12:00:46,1777875346,0,6,12,nepse_official,OPEN,2026-05-04,IHL,Ingwa Hydropower Limited,391.0,401.5,390.1,,393.0,395.0,-2.0,,1864.0,732918.8,32.0,11.399999999999977,2.915601023017897,-0.5063291139240507,22903.7125,393.19678111587984
2026-05-04T06:15:46+00:00,2026-05-04T12:00:46+05:45,2026-05-04,12:00:46,1777875346,0,6,12,nepse_official,OPEN,2026-05-04,ILBS,Infinity Laghubitta Bittiya Sanstha Limited,920.0,943.0,920.0,,943.0,944.0,-1.0,,60.0,55430.0,2.0,23.0,2.5,-0.1059322033898305,27715.0,923.8333333333334
2026-05-04T06:15:46+00:00,2026-05-04T12:00:46+05:45,2026-05-04,12:00:46,1777875346,0,6,12,nepse_official,OPEN,2026-05-04,ILI,IME Life Insurance Company Limited,431.2,440.0,431.2,,432.0,433.5,-1.5,,547.0,237044.1,39.0,8.800000000000011,2.040816326530615,-0.34602076124567477,6078.053846153846,433.3530164533821
2026-05-04T06:15:46+00:00,2026-05-04T12:00:46+05:45,2026-05-04,12:00:46,1777875346,0,6,12,nepse_official,OPEN,2026-05-04,JBBL,Jyoti Bikas Bank Limited,360.1,366.7,355.3,,356.6,360.1,-3.5,,7798.0,2822782.4,41.0,11.399999999999977,3.1657872813107404,-0.9719522354901415,68848.35121951219,361.9879969222878
2026-05-04T06:15:46+00:00,2026-05-04T12:00:46+05:45,2026-05-04,12:00:46,1777875346,0,6,12,nepse_official,OPEN,2026-05-04,JBLB,Jeevan Bikas Laghubitta  Bittya Sanstha Ltd,1255.0,1285.0,1255.0,,1260.2,1268.0,-7.7999999999999545,,487.0,614386.4,23.0,30.0,2.3904382470119523,-0.6151419558359585,26712.452173913043,1261.5737166324436
2026-05-04T06:15:46+00:00,2026-05-04T12:00:46+05:45,2026-05-04,12:00:46,1777875346,0,6,12,nepse_official,OPEN,2026-05-04,JFL,Janaki Finance Company Limited,421.2,446.8,415.0,,415.0,409.0,6.0,,265.0,112684.0,9.0,31.80000000000001,7.549857549857553,1.466992665036675,12520.444444444445,425.22264150943397
2026-05-04T06:15:46+00:00,2026-05-04T12:00:46+05:45,2026-05-04,12:00:46,1777875346,0,6,12,nepse_official,OPEN,2026-05-04,JHAPA,Jhapa Energy Limited,1564.0,1648.0,1551.1,,1601.2,1564.0,37.200000000000045,,15012.0,24173871.6,165.0,96.90000000000009,6.195652173913049,2.3785166240409237,146508.31272727274,1610.3031974420464
2026-05-04T06:15:46+00:00,2026-05-04T12:00:46+05:45,2026-05-04,12:00:46,1777875346,0,6,12,nepse_official,OPEN,2026-05-04,JOSHI,Joshi Hydropower Development Company Ltd,278.0,282.0,278.0,,281.5,277.0,4.5,,315.0,88113.0,13.0,4.0,1.4388489208633095,1.6245487364620936,6777.923076923077,279.7238095238095
2026-05-04T06:15:46+00:00,2026-05-04T12:00:46+05:45,2026-05-04,12:00:46,1777875346,0,6,12,nepse_official,OPEN,2026-05-04,KBL,Kumari Bank Limited,215.0,219.9,212.5,,215.5,217.3,-1.8000000000000114,,50111.0,10799091.9,178.0,7.400000000000006,3.4418604651162816,-0.8283479061205758,60669.05561797753,215.50342040669713
2026-05-04T06:15:46+00:00,2026-05-04T12:00:46+05:45,2026-05-04,12:00:46,1777875346,0,6,12,nepse_official,OPEN,2026-05-04,KBSH,Kutheli Bukhari Small Hydropower Limited,1535.5,1538.0,1535.5,,1535.5,1580.0,-44.5,,162.0,248854.5,7.0,2.5,0.16281341582546402,-2.8164556962025316,35550.642857142855,1536.138888888889
2026-05-04T06:15:46+00:00,2026-05-04T12:00:46+05:45,2026-05-04,12:00:46,1777875346,0,6,12,nepse_official,OPEN,2026-05-04,KDBY,Kumari Dhanabriddhi Yojana,12.28,12.28,11.26,,11.32,11.7,-0.379999999999999,,2900.0,33391.0,16.0,1.0199999999999996,8.30618892508143,-3.24786324786324,2086.9375,11.514137931034483
2026-05-04T06:15:46+00:00,2026-05-04T12:00:46+05:45,2026-05-04,12:00:46,1777875346,0,6,12,nepse_official,OPEN,2026-05-04,KDL,Kalinchowk Darshan Limited,812.0,820.0,800.0,,820.0,820.0,0.0,,585.0,470259.0,24.0,20.0,2.4630541871921183,0.0,19594.125,803.8615384615384
2026-05-04T06:15:46+00:00,2026-05-04T12:00:46+05:45,2026-05-04,12:00:46,1777875346,0,6,12,nepse_official,OPEN,2026-05-04,KEF,Kumari Equity Fund,10.59,10.61,10.59,,10.6,10.57,0.02999999999999936,,1400.0,14844.5,5.0,0.019999999999999574,0.18885741265344264,0.2838221381267678,2968.9,10.603214285714285
2026-05-04T06:15:46+00:00,2026-05-04T12:00:46+05:45,2026-05-04,12:00:46,1777875346,0,6,12,nepse_official,OPEN,2026-05-04,KKHC,Khanikhola Hydropower Co. Ltd.,257.0,264.5,257.0,,259.0,262.0,-3.0,,4261.0,1109116.5,33.0,7.5,2.9182879377431905,-1.1450381679389312,33609.59090909091,260.29488383008686
2026-05-04T06:15:46+00:00,2026-05-04T12:00:46+05:45,2026-05-04,12:00:46,1777875346,0,6,12,nepse_official,OPEN,2026-05-04,KMCDB,Kalika Laghubitta Bittiya Sanstha Ltd,865.3,868.1,865.3,,868.1,879.0,-10.899999999999977,,37.0,32063.7,3.0,2.800000000000068,0.32358719519242674,-1.2400455062571079,10687.9,866.5864864864865
2026-05-04T06:15:46+00:00,2026-05-04T12:00:46+05:45,2026-05-04,12:00:46,1777875346,0,6,12,nepse_official,OPEN,2026-05-04,KPCL,Kalika power Company Ltd,486.0,486.0,484.0,,484.0,485.9,-1.8999999999999773,,960.0,465735.0,9.0,2.0,0.411522633744856,-0.3910269602798883,51748.333333333336,485.140625
2026-05-04T06:15:46+00:00,2026-05-04T12:00:46+05:45,2026-05-04,12:00:46,1777875346,0,6,12,nepse_official,OPEN,2026-05-04,KSBBL,Kamana Sewa Bikas Bank Limited,470.1,477.9,468.0,,470.0,477.9,-7.899999999999977,,527.0,247955.2,12.0,9.899999999999977,2.1059349074664913,-1.6530654948733996,20662.933333333334,470.5032258064516
2026-05-04T06:15:46+00:00,2026-05-04T12:00:46+05:45,2026-05-04,12:00:46,1777875346,0,6,12,nepse_official,OPEN,2026-05-04,KSY,Kumari Sabal Yojana,9.23,9.5,9.23,,9.41,9.51,-0.09999999999999964,,400.0,3754.0,4.0,0.2699999999999996,2.925243770314188,-1.0515247108307006,938.5,9.385
2026-05-04T06:15:46+00:00,2026-05-04T12:00:46+05:45,2026-05-04,12:00:46,1777875346,0,6,12,nepse_official,OPEN,2026-05-04,LBBL,Lumbini Bikas Bank Ltd.,504.0,504.0,488.0,,490.0,492.0,-2.0,,8029.0,3989818.8,33.0,16.0,3.1746031746031744,-0.40650406504065045,120903.59999999999,496.92599327438035
2026-05-04T06:15:46+00:00,2026-05-04T12:00:46+05:45,2026-05-04,12:00:46,1777875346,0,6,12,nepse_official,OPEN,2026-05-04,LEC,Liberty Energy Company Limited,223.0,225.0,221.3,,221.3,222.0,-0.6999999999999886,,12700.0,2825202.5,43.0,3.6999999999999886,1.6591928251121026,-0.3153153153153102,65702.38372093023,222.45688976377951
2026-05-04T06:15:46+00:00,2026-05-04T12:00:46+05:45,2026-05-04,12:00:46,1777875346,0,6,12,nepse_official,OPEN,2026-05-04,LICN,Life Insurance Corporation (Nepal) Limited,805.2,823.0,802.2,,815.0,808.1,6.899999999999977,,3379.0,2736723.2,15.0,20.799999999999955,2.5832091405861837,0.8538547209503746,182448.21333333335,809.921041728322
2026-05-04T06:15:46+00:00,2026-05-04T12:00:46+05:45,2026-05-04,12:00:46,1777875346,0,6,12,nepse_official,OPEN,2026-05-04,LSL,Laxmi Sunrise Bank Limited,212.2,217.0,212.0,,215.0,216.5,-1.5,,10876.0,2328237.2,43.0,5.0,2.35626767200754,-0.6928406466512702,54145.0511627907,214.0710923133505
2026-05-04T06:15:46+00:00,2026-05-04T12:00:46+05:45,2026-05-04,12:00:46,1777875346,0,6,12,nepse_official,OPEN,2026-05-04,LVF2,Laxmi Value Fund 2,10.2,10.2,9.9,,9.9,10.2,-0.29999999999999893,,528.0,5287.2,4.0,0.29999999999999893,2.9411764705882253,-2.9411764705882253,1321.8,10.013636363636364
2026-05-04T06:15:46+00:00,2026-05-04T12:00:46+05:45,2026-05-04,12:00:46,1777875346,0,6,12,nepse_official,OPEN,2026-05-04,MABEL,Mabilung Energy Limited,664.0,664.0,654.2,,655.0,664.0,-9.0,,371.0,244134.0,25.0,9.799999999999955,1.4759036144578246,-1.355421686746988,9765.36,658.0431266846361
2026-05-04T06:15:46+00:00,2026-05-04T12:00:46+05:45,2026-05-04,12:00:46,1777875346,0,6,12,nepse_official,OPEN,2026-05-04,MAKAR,Makar Jitumaya Suri Hydropower Limited,489.0,490.0,489.0,,490.0,492.0,-2.0,,1763.0,862499.0,16.0,1.0,0.2044989775051125,-0.40650406504065045,53906.1875,489.2223482699943
2026-05-04T06:15:46+00:00,2026-05-04T12:00:46+05:45,2026-05-04,12:00:46,1777875346,0,6,12,nepse_official,OPEN,2026-05-04,MANDU,Mandu Hydropower Limited,803.5,803.5,799.4,,799.4,803.5,-4.100000000000023,,30.0,24029.0,3.0,4.100000000000023,0.5102675793403886,-0.5102675793403886,8009.666666666667,800.9666666666667
2026-05-04T06:15:46+00:00,2026-05-04T12:00:46+05:45,2026-05-04,12:00:46,1777875346,0,6,12,nepse_official,OPEN,2026-05-04,MATRI,Matribhumi Lagubitta Bittiya Sanstha Limited,918.0,918.0,900.0,,900.0,919.5,-19.5,,83.0,75765.0,4.0,18.0,1.9607843137254901,-2.1207177814029365,18941.25,912.8313253012049
2026-05-04T06:15:46+00:00,2026-05-04T12:00:46+05:45,2026-05-04,12:00:46,1777875346,0,6,12,nepse_official,OPEN,2026-05-04,MBJC,Madhya Bhotekoshi Jalavidyut Company Limited,279.0,281.0,277.0,,281.0,281.0,0.0,,3825.0,1068683.0,63.0,4.0,1.4336917562724014,0.0,16963.222222222223,279.3942483660131
2026-05-04T06:15:46+00:00,2026-05-04T12:00:46+05:45,2026-05-04,12:00:46,1777875346,0,6,12,nepse_official,OPEN,2026-05-04,MBL,Machhapuchhre Bank Limited,242.0,247.0,241.0,,243.2,242.1,1.0999999999999943,,8523.0,2086968.4,17.0,6.0,2.479338842975207,0.45435770342833304,122762.84705882352,244.8631233133873
2026-05-04T06:15:46+00:00,2026-05-04T12:00:46+05:45,2026-05-04,12:00:46,1777875346,0,6,12,nepse_official,OPEN,2026-05-04,MBLEF,MBL Equity Fund,10.0,10.2,10.0,,10.0,10.0,0.0,,900.0,9020.0,8.0,0.1999999999999993,1.9999999999999927,0.0,1127.5,10.022222222222222
2026-05-04T06:15:46+00:00,2026-05-04T12:00:46+05:45,2026-05-04,12:00:46,1777875346,0,6,12,nepse_official,OPEN,2026-05-04,MCHL,Menchhiyam Hydropower Limited,322.0,327.0,317.5,,318.7,322.0,-3.3000000000000114,,231.0,74309.6,11.0,9.5,2.950310559006211,-1.024844720496898,6755.418181818182,321.68658008658014
2026-05-04T06:15:46+00:00,2026-05-04T12:00:46+05:45,2026-05-04,12:00:46,1777875346,0,6,12,nepse_official,OPEN,2026-05-04,MDB,Miteri Development Bank Limited,588.0,588.0,577.0,,580.0,585.0,-5.0,,2042.0,1185102.0,26.0,11.0,1.870748299319728,-0.8547008547008548,45580.846153846156,580.3633692458374
2026-05-04T06:15:46+00:00,2026-05-04T12:00:46+05:45,2026-05-04,12:00:46,1777875346,0,6,12,nepse_official,OPEN,2026-05-04,MEHL,Manakamana Engineering Hydropower Limited,400.5,400.5,388.5,,388.6,395.9,-7.2999999999999545,,750.0,292821.0,13.0,12.0,2.9962546816479403,-1.843899974741085,22524.69230769231,390.428
2026-05-04T06:15:46+00:00,2026-05-04T12:00:46+05:45,2026-05-04,12:00:46,1777875346,0,6,12,nepse_official,OPEN,2026-05-04,MEL,Modi Energy Limited,245.0,250.0,239.0,,242.1,250.0,-7.900000000000006,,7784.0,1893559.9,73.0,11.0,4.489795918367347,-3.1600000000000024,25939.176712328765,243.26309095580677
2026-05-04T06:15:46+00:00,2026-05-04T12:00:46+05:45,2026-05-04,12:00:46,1777875346,0,6,12,nepse_official,OPEN,2026-05-04,MEN,Mountain Energy Nepal Limited,570.0,622.0,570.0,,580.3,583.5,-3.2000000000000455,,12914.0,7765305.2,53.0,52.0,9.12280701754386,-0.5484147386461089,146515.1924528302,601.3090599349543
2026-05-04T06:15:46+00:00,2026-05-04T12:00:46+05:45,2026-05-04,12:00:46,1777875346,0,6,12,nepse_official,OPEN,2026-05-04,MFIL,Manjushree Finance Ltd.,755.3,784.0,755.3,,770.0,768.1,1.8999999999999773,,901.0,690742.0,12.0,28.700000000000045,3.7998146431881437,0.24736362452805327,57561.833333333336,766.6392896781354
2026-05-04T06:15:46+00:00,2026-05-04T12:00:46+05:45,2026-05-04,12:00:46,1777875346,0,6,12,nepse_official,OPEN,2026-05-04,MHCL,Molung Hydropower Company Limited,341.2,345.2,341.2,,345.2,350.6,-5.400000000000034,,930.0,320362.4,19.0,4.0,1.1723329425556859,-1.5402167712492965,16861.178947368422,344.4756989247312
2026-05-04T06:15:46+00:00,2026-05-04T12:00:46+05:45,2026-05-04,12:00:46,1777875346,0,6,12,nepse_official,OPEN,2026-05-04,MHL,Mandakini Hydropower Limited,500.0,510.0,500.0,,500.0,497.0,3.0,,5555.0,2823014.5,43.0,10.0,2.0,0.6036217303822937,65651.5,508.1934293429343
2026-05-04T06:15:46+00:00,2026-05-04T12:00:46+05:45,2026-05-04,12:00:46,1777875346,0,6,12,nepse_official,OPEN,2026-05-04,MHNL,Mountain Hydro Nepal Limited,261.0,261.0,256.5,,260.0,261.0,-1.0,,2140.0,556446.0,13.0,4.5,1.7241379310344827,-0.38314176245210724,42803.53846153846,260.0214953271028
2026-05-04T06:15:46+00:00,2026-05-04T12:00:46+05:45,2026-05-04,12:00:46,1777875346,0,6,12,nepse_official,OPEN,2026-05-04,MKCL,Muktinath Krishi Company Limited,1343.0,1343.0,1301.0,,1301.0,1315.0,-14.0,,50.0,66500.0,3.0,42.0,3.1273268801191363,-1.064638783269962,22166.666666666668,1330.0
2026-05-04T06:15:46+00:00,2026-05-04T12:00:46+05:45,2026-05-04,12:00:46,1777875346,0,6,12,nepse_official,OPEN,2026-05-04,MKHC,Maya Khola Hydropower Company Limited,325.0,325.0,319.0,,319.0,319.0,0.0,,2765.0,882368.5,20.0,6.0,1.8461538461538463,0.0,44118.425,319.12061482820974
2026-05-04T06:15:46+00:00,2026-05-04T12:00:46+05:45,2026-05-04,12:00:46,1777875346,0,6,12,nepse_official,OPEN,2026-05-04,MKHL,Mai Khola Hydropower Limited,532.0,532.0,502.0,,521.0,559.0,-38.0,,14006.0,7180938.7,220.0,30.0,5.639097744360902,-6.797853309481217,32640.630454545455,512.7044623732686
2026-05-04T06:15:46+00:00,2026-05-04T12:00:46+05:45,2026-05-04,12:00:46,1777875346,0,6,12,nepse_official,OPEN,2026-05-04,MKJC,Mailung Khola Jal Vidhyut Company Limited,509.0,509.0,494.3,,500.0,498.0,2.0,,745.0,373746.3,5.0,14.699999999999989,2.8880157170923355,0.4016064257028112,74749.26,501.6728859060403
2026-05-04T06:15:46+00:00,2026-05-04T12:00:46+05:45,2026-05-04,12:00:46,1777875346,0,6,12,nepse_official,OPEN,2026-05-04,MLBL,Mahalaxmi Bikas Bank Ltd.,363.0,365.0,362.1,,364.0,366.0,-2.0,,1637.0,594885.0,16.0,2.8999999999999773,0.7988980716253381,-0.546448087431694,37180.3125,363.39951130116066
2026-05-04T06:15:46+00:00,2026-05-04T12:00:46+05:45,2026-05-04,12:00:46,1777875346,0,6,12,nepse_official,OPEN,2026-05-04,MLBS,Manushi Laghubitta Bittiya Sanstha Limited,1223.0,1223.0,1211.1,,1211.1,1245.0,-33.90000000000009,,191.0,232671.0,5.0,11.900000000000091,0.9730171708912584,-2.7228915662650675,46534.2,1218.1727748691098
2026-05-04T06:15:46+00:00,2026-05-04T12:00:46+05:45,2026-05-04,12:00:46,1777875346,0,6,12,nepse_official,OPEN,2026-05-04,MLBSL,Mahila Lagubitta Bittiya Sanstha Limited ,1750.1,1750.1,1750.1,,1750.1,1789.0,-38.90000000000009,,87.0,152258.7,1.0,0.0,0.0,-2.174399105645617,152258.7,1750.1000000000001
2026-05-04T06:15:46+00:00,2026-05-04T12:00:46+05:45,2026-05-04,12:00:46,1777875346,0,6,12,nepse_official,OPEN,2026-05-04,MMF1,Mega Mutual Fund -1,9.56,9.8,9.28,,9.28,9.56,-0.28000000000000114,,11800.0,111652.0,17.0,0.5200000000000014,5.4393305439330675,-2.928870292887041,6567.764705882353,9.462033898305085
2026-05-04T06:15:46+00:00,2026-05-04T12:00:46+05:45,2026-05-04,12:00:46,1777875346,0,6,12,nepse_official,OPEN,2026-05-04,MMKJL,Mathillo Mailun Khola Jalvidhyut Limited,491.3,491.3,485.7,,486.0,498.0,-12.0,,70.0,34122.0,7.0,5.600000000000023,1.1398330958681095,-2.4096385542168677,4874.571428571428,487.45714285714286
2026-05-04T06:15:46+00:00,2026-05-04T12:00:46+05:45,2026-05-04,12:00:46,1777875346,0,6,12,nepse_official,OPEN,2026-05-04,MNBBL,Muktinath Bikas Bank Ltd.,371.0,375.0,367.0,,371.5,372.0,-0.5,,5136.0,1897762.6,43.0,8.0,2.15633423180593,-0.13440860215053765,44134.01395348837,369.50206386292837
2026-05-04T06:15:46+00:00,2026-05-04T12:00:46+05:45,2026-05-04,12:00:46,1777875346,0,6,12,nepse_official,OPEN,2026-05-04,MNMF1,Muktinath Mutual Fund 1,9.56,9.61,9.56,,9.61,9.85,-0.2400000000000002,,1600.0,15323.0,3.0,0.049999999999998934,0.523012552301244,-2.4365482233502562,5107.666666666667,9.576875
2026-05-04T06:15:46+00:00,2026-05-04T12:00:46+05:45,2026-05-04,12:00:46,1777875346,0,6,12,nepse_official,OPEN,2026-05-04,MPFL,Multipurpose Finance Company  Limited,620.0,620.0,609.0,,609.0,609.9,-0.8999999999999773,,100.0,61010.0,3.0,11.0,1.7741935483870968,-0.14756517461878624,20336.666666666668,610.1
2026-05-04T06:15:46+00:00,2026-05-04T12:00:46+05:45,2026-05-04,12:00:46,1777875346,0,6,12,nepse_official,OPEN,2026-05-04,MSHL,Mid Solu Hydropower Limited,705.6,705.6,705.6,,705.6,727.1,-21.5,,10.0,7056.0,1.0,0.0,0.0,-2.9569522761655893,7056.0,705.6
2026-05-04T06:15:46+00:00,2026-05-04T12:00:46+05:45,2026-05-04,12:00:46,1777875346,0,6,12,nepse_official,OPEN,2026-05-04,MSLB,Mahuli Laghubitta Bittiya Sanstha Limited,1265.0,1274.9,1232.0,,1232.0,1241.1,-9.099999999999909,,1500.0,1893381.0,11.0,42.90000000000009,3.391304347826094,-0.7332205301748376,172125.54545454544,1262.254
2026-05-04T06:15:46+00:00,2026-05-04T12:00:46+05:45,2026-05-04,12:00:46,1777875346,0,6,12,nepse_official,OPEN,2026-05-04,NABBC,Narayani Development Bank Limited,1157.0,1184.0,1122.3,,1122.3,1192.0,-69.70000000000005,,3815.0,4309133.8,51.0,61.700000000000045,5.332757130509943,-5.847315436241614,84492.81960784314,1129.5239318479685
2026-05-04T06:15:46+00:00,2026-05-04T12:00:46+05:45,2026-05-04,12:00:46,1777875346,0,6,12,nepse_official,OPEN,2026-05-04,NABIL,Nabil Bank Limited,528.0,535.0,526.5,,526.5,528.0,-1.5,,9630.0,5093861.0,180.0,8.5,1.6098484848484849,-0.2840909090909091,28299.227777777778,528.957528556594
2026-05-04T06:15:46+00:00,2026-05-04T12:00:46+05:45,2026-05-04,12:00:46,1777875346,0,6,12,nepse_official,OPEN,2026-05-04,NABILD87,9% Nabil Debenture 2087,1135.0,1135.0,1135.0,,1135.0,1135.0,0.0,,5.0,5525.0,1.0,0.0,0.0,0.0,5525.0,1105.0
2026-05-04T06:15:46+00:00,2026-05-04T12:00:46+05:45,2026-05-04,12:00:46,1777875346,0,6,12,nepse_official,OPEN,2026-05-04,NBF3,Nabil Balanced Fund-3,9.62,9.67,9.62,,9.67,9.78,-0.10999999999999943,,2000.0,19262.0,6.0,0.05000000000000071,0.5197505197505271,-1.1247443762781129,3210.3333333333335,9.631
2026-05-04T06:15:46+00:00,2026-05-04T12:00:46+05:45,2026-05-04,12:00:46,1777875346,0,6,12,nepse_official,OPEN,2026-05-04,NBL,Nepal Bank Limited,268.0,269.9,266.0,,267.0,268.0,-1.0,,6036.0,1612075.7,42.0,3.8999999999999773,1.4552238805970064,-0.3731343283582089,38382.75476190476,267.07682239893967
2026-05-04T06:15:46+00:00,2026-05-04T12:00:46+05:45,2026-05-04,12:00:46,1777875346,0,6,12,nepse_official,OPEN,2026-05-04,NESDO,NESDO Sambridha Laghubitta Bittiya Sanstha Limited,1510.0,1538.0,1510.0,,1520.0,1538.0,-18.0,,3432.0,5216600.0,4.0,28.0,1.8543046357615895,-1.1703511053315996,1304150.0,1519.988344988345
2026-05-04T06:15:46+00:00,2026-05-04T12:00:46+05:45,2026-05-04,12:00:46,1777875346,0,6,12,nepse_official,OPEN,2026-05-04,NFS,Nepal Finance Ltd.,594.0,594.0,577.1,,577.1,582.0,-4.899999999999977,,1739.0,1005338.6,15.0,16.899999999999977,2.845117845117841,-0.8419243986254257,67022.57333333333,578.1130534790109
2026-05-04T06:15:46+00:00,2026-05-04T12:00:46+05:45,2026-05-04,12:00:46,1777875346,0,6,12,nepse_official,OPEN,2026-05-04,NGPL,Ngadi Group Power Ltd.,435.0,439.0,430.3,,430.3,437.0,-6.699999999999989,,39785.0,17246023.0,118.0,8.699999999999989,1.9999999999999973,-1.5331807780320341,146152.7372881356,433.4805328641448
2026-05-04T06:15:46+00:00,2026-05-04T12:00:46+05:45,2026-05-04,12:00:46,1777875346,0,6,12,nepse_official,OPEN,2026-05-04,NHDL,Nepal Hydro Developers Ltd.,642.0,642.0,622.0,,622.0,627.0,-5.0,,1335.0,832015.0,8.0,20.0,3.115264797507788,-0.7974481658692184,104001.875,623.2322097378277
2026-05-04T06:15:46+00:00,2026-05-04T12:00:46+05:45,2026-05-04,12:00:46,1777875346,0,6,12,nepse_official,OPEN,2026-05-04,NHPC,National Hydro Power Company Limited,296.0,299.7,289.0,,290.0,296.0,-6.0,,53184.0,15631493.5,216.0,10.699999999999989,3.6148648648648614,-2.027027027027027,72368.02546296296,293.9134608152828
2026-05-04T06:15:46+00:00,2026-05-04T12:00:46+05:45,2026-05-04,12:00:46,1777875346,0,6,12,nepse_official,OPEN,2026-05-04,NIBLGF,NIBL Growth Fund,9.4,9.4,9.37,,9.37,9.65,-0.28000000000000114,,200.0,1877.0,2.0,0.030000000000001137,0.31914893617022483,-2.9015544041450894,938.5,9.385
2026-05-04T06:15:46+00:00,2026-05-04T12:00:46+05:45,2026-05-04,12:00:46,1777875346,0,6,12,nepse_official,OPEN,2026-05-04,NIBLSTF,NIBL Stable Fund,9.0,9.0,8.8,,8.8,9.0,-0.1999999999999993,,15180.0,134668.0,8.0,0.1999999999999993,2.2222222222222143,-2.2222222222222143,16833.5,8.871409749670619
2026-05-04T06:15:46+00:00,2026-05-04T12:00:46+05:45,2026-05-04,12:00:46,1777875346,0,6,12,nepse_official,OPEN,2026-05-04,NIBSF2,NIBL Samriddhi Fund -2,9.02,9.03,9.02,,9.03,9.27,-0.2400000000000002,,1200.0,10829.0,5.0,0.009999999999999787,0.1108647450110841,-2.588996763754048,2165.8,9.024166666666666
2026-05-04T06:15:46+00:00,2026-05-04T12:00:46+05:45,2026-05-04,12:00:46,1777875346,0,6,12,nepse_official,OPEN,2026-05-04,NICA,NIC Asia Bank Ltd.,375.0,375.0,360.1,,366.4,358.0,8.399999999999977,,109978.0,40243616.7,406.0,14.899999999999977,3.9733333333333274,2.3463687150837926,99122.20862068966,365.9242457582426
2026-05-04T06:15:46+00:00,2026-05-04T12:00:46+05:45,2026-05-04,12:00:46,1777875346,0,6,12,nepse_official,OPEN,2026-05-04,NICAD2091,7% NIC ASIA Debenture 2091,1040.2,1040.2,1040.2,,1040.2,1068.0,-27.799999999999955,,25.0,26005.0,1.0,0.0,0.0,-2.6029962546816434,26005.0,1040.2
2026-05-04T06:15:46+00:00,2026-05-04T12:00:46+05:45,2026-05-04,12:00:46,1777875346,0,6,12,nepse_official,OPEN,2026-05-04,NICBF,NIC Asia Balanced Fund,9.47,9.47,9.47,,9.47,9.5,-0.02999999999999936,,700.0,6629.0,1.0,0.0,0.0,-0.3157894736842038,6629.0,9.47
2026-05-04T06:15:46+00:00,2026-05-04T12:00:46+05:45,2026-05-04,12:00:46,1777875346,0,6,12,nepse_official,OPEN,2026-05-04,NICFC,NIC Asia Flexi CAP Fund,8.97,9.18,8.97,,9.0,9.18,-0.17999999999999972,,1400.0,12598.0,7.0,0.20999999999999908,2.341137123745809,-1.960784313725487,1799.7142857142858,8.998571428571429
2026-05-04T06:15:46+00:00,2026-05-04T12:00:46+05:45,2026-05-04,12:00:46,1777875346,0,6,12,nepse_official,OPEN,2026-05-04,NICGF2,NIC ASIA Growth Fund-2,9.05,9.11,9.05,,9.11,9.31,-0.20000000000000107,,200.0,1816.0,2.0,0.05999999999999872,0.6629834254143504,-2.148227712137498,908.0,9.08
2026-05-04T06:15:46+00:00,2026-05-04T12:00:46+05:45,2026-05-04,12:00:46,1777875346,0,6,12,nepse_official,OPEN,2026-05-04,NICL,Nepal Insurance Co. Ltd.,475.3,489.0,475.3,,479.0,482.2,-3.1999999999999886,,90.0,43293.0,5.0,13.699999999999989,2.8823900694298312,-0.6636250518457047,8658.6,481.03333333333336
2026-05-04T06:15:46+00:00,2026-05-04T12:00:46+05:45,2026-05-04,12:00:46,1777875346,0,6,12,nepse_official,OPEN,2026-05-04,NICLBSL,NIC ASIA Laghubitta Bittiya Sanstha Limited,574.0,574.0,567.0,,568.0,576.5,-8.5,,621.0,354867.0,15.0,7.0,1.2195121951219512,-1.4744145706851692,23657.8,571.4444444444445
2026-05-04T06:15:46+00:00,2026-05-04T12:00:46+05:45,2026-05-04,12:00:46,1777875346,0,6,12,nepse_official,OPEN,2026-05-04,NICSF,NIC Asia Select Fund 30,9.1,9.1,8.95,,8.95,9.38,-0.4300000000000015,,900.0,8160.0,5.0,0.15000000000000036,1.6483516483516523,-4.584221748400869,1632.0,9.066666666666666
2026-05-04T06:15:46+00:00,2026-05-04T12:00:46+05:45,2026-05-04,12:00:46,1777875346,0,6,12,nepse_official,OPEN,2026-05-04,NIFRA,Nepal Infrastructure Bank Limited,260.1,263.0,259.2,,259.2,261.2,-2.0,,13152.0,3425986.8,138.0,3.8000000000000114,1.460976547481742,-0.7656967840735069,24825.991304347826,260.49169708029194
2026-05-04T06:15:46+00:00,2026-05-04T12:00:46+05:45,2026-05-04,12:00:46,1777875346,0,6,12,nepse_official,OPEN,2026-05-04,NIFRAGED,Nifra Green Energy Debenture 6% - 2088/89,1032.1,1032.1,1032.0,,1032.0,1032.0,0.0,,100.0,103207.5,2.0,0.09999999999990905,0.009688983625608862,0.0,51603.75,1032.075
2026-05-04T06:15:46+00:00,2026-05-04T12:00:46+05:45,2026-05-04,12:00:46,1777875346,0,6,12,nepse_official,OPEN,2026-05-04,NIL,Neco Insurance Limited,619.0,619.0,600.5,,619.0,611.9,7.100000000000023,,3856.0,2372612.2,24.0,18.5,2.988691437802908,1.1603203137767648,98858.84166666667,615.3039937759337
2026-05-04T06:15:46+00:00,2026-05-04T12:00:46+05:45,2026-05-04,12:00:46,1777875346,0,6,12,nepse_official,OPEN,2026-05-04,NIMB,Nepal Investment Mega Bank Limited,196.0,202.0,196.0,,197.8,198.0,-0.19999999999998863,,16952.0,3357156.5,96.0,6.0,3.061224489795918,-0.10101010101009526,34970.380208333336,198.03896295422368
2026-05-04T06:15:46+00:00,2026-05-04T12:00:46+05:45,2026-05-04,12:00:46,1777875346,0,6,12,nepse_official,OPEN,2026-05-04,NIMBPO,Nepal Investment Mega Bank Ltd. Promoter Share,150.0,150.0,150.0,,150.0,149.3,0.6999999999999886,,500.0,75000.0,1.0,0.0,0.0,0.46885465505692475,75000.0,150.0
2026-05-04T06:15:46+00:00,2026-05-04T12:00:46+05:45,2026-05-04,12:00:46,1777875346,0,6,12,nepse_official,OPEN,2026-05-04,NLG,NLG Insurance Company Ltd.,595.0,598.9,595.0,,595.0,600.0,-5.0,,2767.0,1648886.0,4.0,3.8999999999999773,0.6554621848739457,-0.8333333333333334,412221.5,595.9110950487893
2026-05-04T06:15:46+00:00,2026-05-04T12:00:46+05:45,2026-05-04,12:00:46,1777875346,0,6,12,nepse_official,OPEN,2026-05-04,NLIC,Nepal Life Insurance Co. Ltd.,765.0,775.0,758.0,,759.0,762.9,-3.8999999999999773,,7502.0,5701496.4,53.0,17.0,2.2222222222222223,-0.5112072355485617,107575.40377358491,759.9968541722208
2026-05-04T06:15:46+00:00,2026-05-04T12:00:46+05:45,2026-05-04,12:00:46,1777875346,0,6,12,nepse_official,OPEN,2026-05-04,NLICL,National Life Insurance Co. Ltd.,590.0,590.0,577.6,,588.0,587.0,1.0,,1753.0,1016438.4,9.0,12.399999999999977,2.1016949152542335,0.17035775127768313,112937.6,579.8279520821449
2026-05-04T06:15:46+00:00,2026-05-04T12:00:46+05:45,2026-05-04,12:00:46,1777875346,0,6,12,nepse_official,OPEN,2026-05-04,NMB,NMB Bank Limited,252.4,252.4,238.2,,239.0,240.4,-1.4000000000000057,,4542.0,1086879.0,32.0,14.200000000000017,5.625990491283684,-0.5823627287853601,33964.96875,239.29524438573316
2026-05-04T06:15:46+00:00,2026-05-04T12:00:46+05:45,2026-05-04,12:00:46,1777875346,0,6,12,nepse_official,OPEN,2026-05-04,NMBD87/88,NMB Debenture 8.50% - 2087/88,1070.0,1070.0,1070.0,,1070.0,1074.0,-4.0,,25.0,26750.0,1.0,0.0,0.0,-0.37243947858473,26750.0,1070.0
2026-05-04T06:15:46+00:00,2026-05-04T12:00:46+05:45,2026-05-04,12:00:46,1777875346,0,6,12,nepse_official,OPEN,2026-05-04,NMBHF2,NMB Hybrid Fund L- II,9.45,9.45,9.45,,9.45,9.47,-0.02000000000000135,,800.0,7560.0,7.0,0.0,0.0,-0.21119324181627613,1080.0,9.45
2026-05-04T06:15:46+00:00,2026-05-04T12:00:46+05:45,2026-05-04,12:00:46,1777875346,0,6,12,nepse_official,OPEN,2026-05-04,NMBMF,NMB  Microfinance Bittiya Sanstha Ltd.,627.5,627.5,627.5,,627.5,636.2,-8.700000000000045,,12.0,7530.0,1.0,0.0,0.0,-1.3674944985853577,7530.0,627.5
2026-05-04T06:15:46+00:00,2026-05-04T12:00:46+05:45,2026-05-04,12:00:46,1777875346,0,6,12,nepse_official,OPEN,2026-05-04,NMFBS,National Laghubitta Bittiya Sanstha Limited,1051.9,1091.0,1051.9,,1091.0,1097.1,-6.099999999999909,,149.0,159471.2,10.0,39.09999999999991,3.7170833729441877,-0.5560113025248299,15947.12,1070.2765100671143
2026-05-04T06:15:46+00:00,2026-05-04T12:00:46+05:45,2026-05-04,12:00:46,1777875346,0,6,12,nepse_official,OPEN,2026-05-04,NMIC,Nepal Micro Insurance Company Limited,1038.0,1038.0,982.5,,994.0,1010.0,-16.0,,1880.0,1876184.0,42.0,55.5,5.346820809248555,-1.5841584158415842,44671.04761904762,997.9702127659574
2026-05-04T06:15:46+00:00,2026-05-04T12:00:46+05:45,2026-05-04,12:00:46,1777875346,0,6,12,nepse_official,OPEN,2026-05-04,NMLBBL,Nerude Mirmire Laghubitta Bittiya Sanstha Limited,614.9,614.9,608.9,,608.9,610.0,-1.1000000000000227,,80.0,48828.0,4.0,6.0,0.9757684176288828,-0.18032786885246274,12207.0,610.35
2026-05-04T06:15:46+00:00,2026-05-04T12:00:46+05:45,2026-05-04,12:00:46,1777875346,0,6,12,nepse_official,OPEN,2026-05-04,NRIC,Nepal Reinsurance Company Limited,881.0,889.5,877.0,,880.0,880.6,-0.6000000000000227,,5158.0,4542671.4,68.0,12.5,1.4188422247446084,-0.0681353622530119,66803.99117647059,880.704032570764
2026-05-04T06:15:46+00:00,2026-05-04T12:00:46+05:45,2026-05-04,12:00:46,1777875346,0,6,12,nepse_official,OPEN,2026-05-04,NRM,Nepal Republic Media Limited,399.0,399.0,396.1,,396.3,400.0,-3.6999999999999886,,780.0,309186.0,14.0,2.8999999999999773,0.7268170426065106,-0.9249999999999972,22084.714285714286,396.39230769230767
2026-05-04T06:15:46+00:00,2026-05-04T12:00:46+05:45,2026-05-04,12:00:46,1777875346,0,6,12,nepse_official,OPEN,2026-05-04,NRN,NRN Infrastructure and Development Limited,1470.0,1470.0,1415.2,,1415.2,1443.0,-27.799999999999955,,8643.0,12328637.1,89.0,54.799999999999955,3.7278911564625816,-1.9265419265419235,138524.01235955057,1426.4303019784797
2026-05-04T06:15:46+00:00,2026-05-04T12:00:46+05:45,2026-05-04,12:00:46,1777875346,0,6,12,nepse_official,OPEN,2026-05-04,NSY,Nepal Life Samriddhi Lagani Yojana,9.25,9.45,9.13,,9.2,9.44,-0.2400000000000002,,4500.0,41302.0,13.0,0.3199999999999985,3.4594594594594437,-2.5423728813559343,3177.076923076923,9.178222222222223
2026-05-04T06:15:46+00:00,2026-05-04T12:00:46+05:45,2026-05-04,12:00:46,1777875346,0,6,12,nepse_official,OPEN,2026-05-04,NTC,Nepal Doorsanchar Company Limited,872.0,882.0,872.0,,875.0,872.0,3.0,,385.0,337702.0,26.0,10.0,1.146788990825688,0.34403669724770647,12988.538461538461,877.148051948052
2026-05-04T06:15:46+00:00,2026-05-04T12:00:46+05:45,2026-05-04,12:00:46,1777875346,0,6,12,nepse_official,OPEN,2026-05-04,NWCL,Nepal Warehousing Company Limited ,780.0,790.0,780.0,,781.0,793.9,-12.899999999999977,,60.0,46980.0,6.0,10.0,1.282051282051282,-1.6248897846076304,7830.0,783.0
2026-05-04T06:15:46+00:00,2026-05-04T12:00:46+05:45,2026-05-04,12:00:46,1777875346,0,6,12,nepse_official,OPEN,2026-05-04,NYADI,Nyadi Hydropower Limited,382.1,390.0,382.1,,386.5,391.0,-4.5,,360.0,139124.0,9.0,7.899999999999977,2.0675215912064844,-1.1508951406649617,15458.222222222223,386.4555555555556
2026-05-04T06:15:46+00:00,2026-05-04T12:00:46+05:45,2026-05-04,12:00:46,1777875346,0,6,12,nepse_official,OPEN,2026-05-04,OHL,Oriental Hotels Limited,697.0,697.0,697.0,,697.0,697.0,0.0,,285.0,198645.0,5.0,0.0,0.0,0.0,39729.0,697.0
2026-05-04T06:15:46+00:00,2026-05-04T12:00:46+05:45,2026-05-04,12:00:46,1777875346,0,6,12,nepse_official,OPEN,2026-05-04,OMPL,Om Megashree Pharmaceuticals Limited,1140.0,1140.0,1137.0,,1138.1,1154.9,-16.800000000000182,,170.0,193692.0,14.0,3.0,0.2631578947368421,-1.4546714001212384,13835.142857142857,1139.3647058823528
2026-05-04T06:15:46+00:00,2026-05-04T12:00:46+05:45,2026-05-04,12:00:46,1777875346,0,6,12,nepse_official,OPEN,2026-05-04,PBLD87,8.5% Prabhu Bank Debenture 2087,1060.0,1060.0,1060.0,,1060.0,1080.1,-20.09999999999991,,25.0,26500.0,1.0,0.0,0.0,-1.860938801962773,26500.0,1060.0
2026-05-04T06:15:46+00:00,2026-05-04T12:00:46+05:45,2026-05-04,12:00:46,1777875346,0,6,12,nepse_official,OPEN,2026-05-04,PCBL,Prime Commercial Bank Ltd.,229.0,239.0,229.0,,236.7,238.0,-1.3000000000000114,,4687.0,1115431.5,35.0,10.0,4.366812227074235,-0.5462184873949627,31869.47142857143,237.98410497119693
2026-05-04T06:15:46+00:00,2026-05-04T12:00:46+05:45,2026-05-04,12:00:46,1777875346,0,6,12,nepse_official,OPEN,2026-05-04,PCIL,Palpa Cement Industries Limited,948.0,960.0,910.0,,923.0,948.0,-25.0,,32729.0,30236644.2,1922.0,50.0,5.274261603375527,-2.6371308016877637,15731.86482830385,923.8487029851202
2026-05-04T06:15:46+00:00,2026-05-04T12:00:46+05:45,2026-05-04,12:00:46,1777875346,0,6,12,nepse_official,OPEN,2026-05-04,PFL,Pokhara Finance Ltd.,374.0,386.0,373.1,,376.0,379.9,-3.8999999999999773,,823.0,315487.0,10.0,12.899999999999977,3.4491978609625606,-1.0265859436693807,31548.7,383.3377885783718
2026-05-04T06:15:46+00:00,2026-05-04T12:00:46+05:45,2026-05-04,12:00:46,1777875346,0,6,12,nepse_official,OPEN,2026-05-04,PHCL,Peoples Hydropower Company Limited,304.0,304.0,299.0,,299.0,303.9,-4.899999999999977,,4200.0,1265128.1,49.0,5.0,1.644736842105263,-1.6123724909509634,25818.940816326533,301.2209761904762
2026-05-04T06:15:46+00:00,2026-05-04T12:00:46+05:45,2026-05-04,12:00:46,1777875346,0,6,12,nepse_official,OPEN,2026-05-04,PMHPL,Panchakanya Mai Hydropower Ltd,332.2,332.5,332.1,,332.2,334.0,-1.8000000000000114,,402.0,133620.0,8.0,0.39999999999997726,0.1204093919325639,-0.5389221556886261,16702.5,332.3880597014925
2026-05-04T06:15:46+00:00,2026-05-04T12:00:46+05:45,2026-05-04,12:00:46,1777875346,0,6,12,nepse_official,OPEN,2026-05-04,PMLI,Prabhu Mahalaxmi Life Insurance Limited,460.2,464.0,460.2,,461.0,464.0,-3.0,,156.0,71946.9,18.0,3.8000000000000114,0.8257279443720147,-0.646551724137931,3997.0499999999997,461.1980769230769
2026-05-04T06:15:46+00:00,2026-05-04T12:00:46+05:45,2026-05-04,12:00:46,1777875346,0,6,12,nepse_official,OPEN,2026-05-04,PPCL,Panchthar Power Compant Limited,385.0,385.0,374.0,,374.1,375.5,-1.3999999999999773,,199.0,75227.1,11.0,11.0,2.857142857142857,-0.3728362183754933,6838.827272727273,378.02562814070353
2026-05-04T06:15:46+00:00,2026-05-04T12:00:46+05:45,2026-05-04,12:00:46,1777875346,0,6,12,nepse_official,OPEN,2026-05-04,PPL,People's Power Limited,330.6,350.7,330.6,,344.7,348.0,-3.3000000000000114,,6979.0,2401310.7,32.0,20.099999999999966,6.079854809437376,-0.9482758620689689,75040.959375,344.07661556096866
2026-05-04T06:15:46+00:00,2026-05-04T12:00:46+05:45,2026-05-04,12:00:46,1777875346,0,6,12,nepse_official,OPEN,2026-05-04,PRIN,Prabhu Insurance Ltd.,646.0,646.0,642.0,,642.0,646.7,-4.7000000000000455,,490.0,315440.0,4.0,4.0,0.6191950464396285,-0.7267666615123002,78860.0,643.7551020408164
2026-05-04T06:15:46+00:00,2026-05-04T12:00:46+05:45,2026-05-04,12:00:46,1777875346,0,6,12,nepse_official,OPEN,2026-05-04,PROFL,Progressive Finance Limited,444.7,445.0,440.0,,441.0,444.7,-3.6999999999999886,,693.0,305539.0,9.0,5.0,1.124353496739375,-0.8320215875871348,33948.77777777778,440.89321789321787
2026-05-04T06:15:46+00:00,2026-05-04T12:00:46+05:45,2026-05-04,12:00:46,1777875346,0,6,12,nepse_official,OPEN,2026-05-04,PRSF,Prabhu Smart Fund,12.84,12.97,12.82,,12.97,12.98,-0.009999999999999787,,2200.0,28358.0,4.0,0.15000000000000036,1.1682242990654232,-0.07704160246532964,7089.5,12.89
2026-05-04T06:15:46+00:00,2026-05-04T12:00:46+05:45,2026-05-04,12:00:46,1777875346,0,6,12,nepse_official,OPEN,2026-05-04,PRVU,Prabhu  Bank Limited,196.0,197.9,194.0,,194.0,196.0,-2.0,,24381.0,4765053.0,106.0,3.9000000000000057,1.98979591836735,-1.0204081632653061,44953.33018867925,195.4412452319429
2026-05-04T06:15:46+00:00,2026-05-04T12:00:46+05:45,2026-05-04,12:00:46,1777875346,0,6,12,nepse_official,OPEN,2026-05-04,PSF,Prabhu Select Fund,12.0,12.0,12.0,,12.0,12.3,-0.3000000000000007,,340.0,4080.0,1.0,0.0,0.0,-2.439024390243908,4080.0,12.0
2026-05-04T06:15:46+00:00,2026-05-04T12:00:46+05:45,2026-05-04,12:00:46,1777875346,0,6,12,nepse_official,OPEN,2026-05-04,PURE,Pure Energy Limited,910.0,920.0,890.1,,890.1,903.2,-13.100000000000023,,170.0,152066.0,9.0,29.899999999999977,3.2857142857142834,-1.4503985828166543,16896.222222222223,894.5058823529412
2026-05-04T06:15:46+00:00,2026-05-04T12:00:46+05:45,2026-05-04,12:00:46,1777875346,0,6,12,nepse_official,OPEN,2026-05-04,RADHI,Radhi Bidyut Company Ltd,760.0,760.0,732.1,,735.0,754.0,-19.0,,25429.0,18694437.7,57.0,27.899999999999977,3.6710526315789442,-2.519893899204244,327972.59122807015,735.162125919226
2026-05-04T06:15:46+00:00,2026-05-04T12:00:46+05:45,2026-05-04,12:00:46,1777875346,0,6,12,nepse_official,OPEN,2026-05-04,RAWA,Rawa Energy Development Limited,587.0,604.0,587.0,,604.0,605.0,-1.0,,81.0,48590.0,7.0,17.0,2.8960817717206133,-0.1652892561983471,6941.428571428572,599.8765432098766
2026-05-04T06:15:46+00:00,2026-05-04T12:00:46+05:45,2026-05-04,12:00:46,1777875346,0,6,12,nepse_official,OPEN,2026-05-04,RBBF40,RBB Focus 40,9.15,9.4,9.15,,9.4,9.21,0.1899999999999995,,300.0,2776.0,3.0,0.25,2.73224043715847,2.0629750271444025,925.3333333333334,9.253333333333334
2026-05-04T06:15:46+00:00,2026-05-04T12:00:46+05:45,2026-05-04,12:00:46,1777875346,0,6,12,nepse_official,OPEN,2026-05-04,RFPL,River Falls Power Limited,390.0,390.0,373.4,,373.4,388.3,-14.900000000000034,,9645.0,3642349.7,75.0,16.600000000000023,4.256410256410263,-3.837239248004129,48564.66266666667,377.6412337998963
2026-05-04T06:15:46+00:00,2026-05-04T12:00:46+05:45,2026-05-04,12:00:46,1777875346,0,6,12,nepse_official,OPEN,2026-05-04,RHGCL,Rapti Hydro And General Construction Limited,295.0,298.8,290.1,,290.1,294.9,-4.7999999999999545,,5917.0,1719425.4,24.0,8.699999999999989,2.9491525423728775,-1.627670396744644,71642.72499999999,290.59073854994085
2026-05-04T06:15:46+00:00,2026-05-04T12:00:46+05:45,2026-05-04,12:00:46,1777875346,0,6,12,nepse_official,OPEN,2026-05-04,RHPL,RASUWAGADHI HYDROPOWER COMPANY LIMITED,275.0,278.0,275.0,,275.1,275.0,0.10000000000002274,,3656.0,1006253.3,31.0,3.0,1.090909090909091,0.03636363636364463,32459.78387096774,275.23339715536105
2026-05-04T06:15:46+00:00,2026-05-04T12:00:46+05:45,2026-05-04,12:00:46,1777875346,0,6,12,nepse_official,OPEN,2026-05-04,RIDI,Ridi Power Company Limited,349.0,353.9,341.0,,345.0,349.0,-4.0,,33885.0,11820663.6,127.0,12.899999999999977,3.6962750716332318,-1.146131805157593,93076.09133858267,348.8464984506419
2026-05-04T06:15:46+00:00,2026-05-04T12:00:46+05:45,2026-05-04,12:00:46,1777875346,0,6,12,nepse_official,OPEN,2026-05-04,RLEL,Ridge Line Energy Limited,1150.0,1180.0,1125.5,,1158.2,1150.0,8.200000000000045,,5120.0,5960845.0,294.0,54.5,4.739130434782609,0.7130434782608736,20274.982993197278,1164.2275390625
2026-05-04T06:15:46+00:00,2026-05-04T12:00:46+05:45,2026-05-04,12:00:46,1777875346,0,6,12,nepse_official,OPEN,2026-05-04,RLFL,Reliance Finance Ltd.,430.0,430.0,423.2,,425.0,430.0,-5.0,,2131.0,903935.0,8.0,6.800000000000011,1.581395348837212,-1.1627906976744187,112991.875,424.1834819333646
2026-05-04T06:15:46+00:00,2026-05-04T12:00:46+05:45,2026-05-04,12:00:46,1777875346,0,6,12,nepse_official,OPEN,2026-05-04,RMF1,RBB Mutual Fund 1,9.76,9.76,9.6,,9.6,9.76,-0.16000000000000014,,1545.0,14956.0,5.0,0.16000000000000014,1.6393442622950833,-1.6393442622950833,2991.2,9.680258899676375
2026-05-04T06:15:46+00:00,2026-05-04T12:00:46+05:45,2026-05-04,12:00:46,1777875346,0,6,12,nepse_official,OPEN,2026-05-04,RNLI,Reliable Nepal Life Insurance Limited,456.0,460.0,456.0,,459.0,460.1,-1.1000000000000227,,490.0,224094.8,33.0,4.0,0.8771929824561403,-0.23907846120409101,6790.7515151515145,457.3363265306122
2026-05-04T06:15:46+00:00,2026-05-04T12:00:46+05:45,2026-05-04,12:00:46,1777875346,0,6,12,nepse_official,OPEN,2026-05-04,RSDC,RSDC Laghubitta Bittiya Sanstha Ltd.,665.0,665.0,655.0,,655.2,665.0,-9.799999999999955,,195.0,128094.8,7.0,10.0,1.5037593984962405,-1.473684210526309,18299.257142857143,656.8964102564103
2026-05-04T06:15:46+00:00,2026-05-04T12:00:46+05:45,2026-05-04,12:00:46,1777875346,0,6,12,nepse_official,OPEN,2026-05-04,RSML,Reliance Spinning Mills Limited,3865.0,3949.0,3842.0,,3870.0,3850.2,19.800000000000182,,14965.0,58167465.8,235.0,107.0,2.7684346701164295,0.5142589995324967,247521.1310638298,3886.9004878048777
2026-05-04T06:15:46+00:00,2026-05-04T12:00:46+05:45,2026-05-04,12:00:46,1777875346,0,6,12,nepse_official,OPEN,2026-05-04,RSY,Reliable Samriddhi Yojana,10.3,10.3,10.0,,10.0,10.3,-0.3000000000000007,,800.0,8120.0,4.0,0.3000000000000007,2.9126213592233077,-2.9126213592233077,2030.0,10.15
2026-05-04T06:15:46+00:00,2026-05-04T12:00:46+05:45,2026-05-04,12:00:46,1777875346,0,6,12,nepse_official,OPEN,2026-05-04,RURU,Ru Ru Jalbidhyut Pariyojana Limited,650.0,651.0,650.0,,651.0,650.1,0.8999999999999773,,485.0,315586.2,12.0,1.0,0.15384615384615385,0.1384402399630791,26298.850000000002,650.6931958762887
2026-05-04T06:15:46+00:00,2026-05-04T12:00:46+05:45,2026-05-04,12:00:46,1777875346,0,6,12,nepse_official,OPEN,2026-05-04,SABBL,Salapa Bikas Bank Limited,1350.0,1399.0,1317.1,,1320.0,1349.0,-29.0,,3833.0,5102164.0,127.0,81.90000000000009,6.0666666666666735,-2.149740548554485,40174.51968503937,1331.1150534829117
2026-05-04T06:15:46+00:00,2026-05-04T12:00:46+05:45,2026-05-04,12:00:46,1777875346,0,6,12,nepse_official,OPEN,2026-05-04,SADBL,Shangrila Development Bank Ltd.,411.0,417.0,411.0,,417.0,413.8,3.1999999999999886,,2085.0,857510.5,11.0,6.0,1.4598540145985401,0.7733204446592529,77955.5,411.2760191846523
2026-05-04T06:15:46+00:00,2026-05-04T12:00:46+05:45,2026-05-04,12:00:46,1777875346,0,6,12,nepse_official,OPEN,2026-05-04,SAGAR,Sagar Distillery Limited,1733.0,1745.0,1733.0,,1745.0,1770.9,-25.90000000000009,,676.0,1176326.7,30.0,12.0,0.6924408540103866,-1.462533175221644,39210.89,1740.1282544378698
2026-05-04T06:15:46+00:00,2026-05-04T12:00:46+05:45,2026-05-04,12:00:46,1777875346,0,6,12,nepse_official,OPEN,2026-05-04,SAGF,Sanima Growth Fund,10.0,10.05,10.0,,10.05,10.1,-0.049999999999998934,,10900.0,109010.0,3.0,0.05000000000000071,0.5000000000000071,-0.4950495049504845,36336.666666666664,10.000917431192661
2026-05-04T06:15:46+00:00,2026-05-04T12:00:46+05:45,2026-05-04,12:00:46,1777875346,0,6,12,nepse_official,OPEN,2026-05-04,SAHAS,Sahas Urja Limited,610.0,616.0,610.0,,613.0,616.0,-3.0,,8251.0,5061483.5,105.0,6.0,0.9836065573770493,-0.487012987012987,48204.60476190476,613.4387952975397
2026-05-04T06:15:46+00:00,2026-05-04T12:00:46+05:45,2026-05-04,12:00:46,1777875346,0,6,12,nepse_official,OPEN,2026-05-04,SAIL,Shreenagar Agritech Industries Limited,1230.0,1404.0,1187.0,,1189.9,1263.0,-73.09999999999991,,27229.0,32801073.8,285.0,217.0,17.642276422764226,-5.787806809184475,115091.48701754386,1204.6374747511845
2026-05-04T06:15:46+00:00,2026-05-04T12:00:46+05:45,2026-05-04,12:00:46,1777875346,0,6,12,nepse_official,OPEN,2026-05-04,SANIMA,Sanima Bank Limited,350.0,355.0,347.2,,351.0,349.0,2.0,,10818.0,3794352.7,73.0,7.800000000000011,2.2285714285714318,0.5730659025787965,51977.43424657534,350.7443797374746
2026-05-04T06:15:46+00:00,2026-05-04T12:00:46+05:45,2026-05-04,12:00:46,1777875346,0,6,12,nepse_official,OPEN,2026-05-04,SANVI,Sanvi Energy Limited,682.2,690.0,680.0,,680.0,693.0,-13.0,,2118.0,1449408.7,42.0,10.0,1.465845793022574,-1.875901875901876,34509.73095238095,684.3289423984892
2026-05-04T06:15:46+00:00,2026-05-04T12:00:46+05:45,2026-05-04,12:00:46,1777875346,0,6,12,nepse_official,OPEN,2026-05-04,SAPDBL,Saptakoshi Development Bank Ltd,815.0,815.0,800.0,,805.1,815.0,-9.899999999999977,,8411.0,6772883.1,87.0,15.0,1.8404907975460123,-1.2147239263803653,77849.23103448276,805.2411247176316
2026-05-04T06:15:46+00:00,2026-05-04T12:00:46+05:45,2026-05-04,12:00:46,1777875346,0,6,12,nepse_official,OPEN,2026-05-04,SARBTM,Sarbottam Cement Limited,830.0,830.0,824.0,,824.0,827.0,-3.0,,265.0,219329.0,7.0,6.0,0.7228915662650602,-0.36275695284159615,31332.714285714286,827.656603773585
2026-05-04T06:15:46+00:00,2026-05-04T12:00:46+05:45,2026-05-04,12:00:46,1777875346,0,6,12,nepse_official,OPEN,2026-05-04,SBCF,Sunrise Bluechip Fund,9.5,9.5,9.43,,9.43,9.52,-0.08999999999999986,,1400.0,13286.0,6.0,0.07000000000000028,0.736842105263161,-0.9453781512605027,2214.3333333333335,9.49
2026-05-04T06:15:46+00:00,2026-05-04T12:00:46+05:45,2026-05-04,12:00:46,1777875346,0,6,12,nepse_official,OPEN,2026-05-04,SBI,Nepal SBI Bank Limited,400.0,400.0,395.2,,398.0,397.9,0.10000000000002274,,1130.0,449440.0,4.0,4.800000000000011,1.2000000000000028,0.025131942699176364,112360.0,397.7345132743363
2026-05-04T06:15:46+00:00,2026-05-04T12:00:46+05:45,2026-05-04,12:00:46,1777875346,0,6,12,nepse_official,OPEN,2026-05-04,SBL,Siddhartha Bank Limited,387.0,390.0,387.0,,389.0,389.9,-0.8999999999999773,,3913.0,1522520.0,28.0,3.0,0.7751937984496124,-0.2308284175429539,54375.71428571428,389.0927676974189
2026-05-04T06:15:46+00:00,2026-05-04T12:00:46+05:45,2026-05-04,12:00:46,1777875346,0,6,12,nepse_official,OPEN,2026-05-04,SCB,Standard Chartered Bank Limited,639.0,647.4,639.0,,646.9,639.0,7.899999999999977,,932.0,598360.0,14.0,8.399999999999977,1.3145539906103252,1.236306729264472,42740.0,642.0171673819742
2026-05-04T06:15:46+00:00,2026-05-04T12:00:46+05:45,2026-05-04,12:00:46,1777875346,0,6,12,nepse_official,OPEN,2026-05-04,SFCL,Samriddhi Finance Company Limited,380.0,382.0,373.0,,375.0,380.0,-5.0,,2155.0,812311.0,12.0,9.0,2.368421052631579,-1.3157894736842104,67692.58333333333,376.94245939675176
2026-05-04T06:15:46+00:00,2026-05-04T12:00:46+05:45,2026-05-04,12:00:46,1777875346,0,6,12,nepse_official,OPEN,2026-05-04,SFEF,Sunrise Focused Equity Fund,9.76,9.76,9.76,,9.76,9.99,-0.23000000000000043,,100.0,976.0,1.0,0.0,0.0,-2.302302302302307,976.0,9.76
2026-05-04T06:15:46+00:00,2026-05-04T12:00:46+05:45,2026-05-04,12:00:46,1777875346,0,6,12,nepse_official,OPEN,2026-05-04,SGHC,Swet-Ganga Hydropower & Construction Limited ,380.0,380.0,370.0,,371.0,375.9,-4.899999999999977,,1051.0,391176.0,15.0,10.0,2.631578947368421,-1.3035381750465491,26078.4,372.1941008563273
2026-05-04T06:15:46+00:00,2026-05-04T12:00:46+05:45,2026-05-04,12:00:46,1777875346,0,6,12,nepse_official,OPEN,2026-05-04,SGIC,Sanima GIC Insurance Limited,468.2,476.0,468.1,,469.5,476.4,-6.899999999999977,,2948.0,1382870.4,34.0,7.899999999999977,1.6873131140538185,-1.4483627204030178,40672.65882352941,469.08765264586157
2026-05-04T06:15:46+00:00,2026-05-04T12:00:46+05:45,2026-05-04,12:00:46,1777875346,0,6,12,nepse_official,OPEN,2026-05-04,SHEL,Singati Hydro Energy Limited,307.0,308.0,304.0,,304.0,307.0,-3.0,,7211.0,2198172.3,50.0,4.0,1.3029315960912053,-0.9771986970684038,43963.445999999996,304.8359866870059
2026-05-04T06:15:46+00:00,2026-05-04T12:00:46+05:45,2026-05-04,12:00:46,1777875346,0,6,12,nepse_official,OPEN,2026-05-04,SHINE,Shine Resunga Development Bank Ltd.,400.1,409.5,400.0,,405.0,405.0,0.0,,864.0,348647.8,11.0,9.5,2.3744063984004,0.0,31695.254545454543,403.5275462962963
2026-05-04T06:15:46+00:00,2026-05-04T12:00:46+05:45,2026-05-04,12:00:46,1777875346,0,6,12,nepse_official,OPEN,2026-05-04,SHIVM,SHIVAM CEMENTS LTD,670.0,670.0,661.2,,664.0,664.2,-0.20000000000004547,,16789.0,11142068.5,110.0,8.799999999999955,1.3134328358208887,-0.030111412225240206,101291.53181818181,663.652897730657
2026-05-04T06:15:46+00:00,2026-05-04T12:00:46+05:45,2026-05-04,12:00:46,1777875346,0,6,12,nepse_official,OPEN,2026-05-04,SHL,Soaltee Hotel Limited,490.2,500.0,490.2,,498.0,496.1,1.8999999999999773,,1320.0,653579.0,14.0,9.800000000000011,1.99918400652795,0.38298730094738503,46684.21428571428,495.13560606060605
2026-05-04T06:15:46+00:00,2026-05-04T12:00:46+05:45,2026-05-04,12:00:46,1777875346,0,6,12,nepse_official,OPEN,2026-05-04,SHLB,Shrijanshil Laghubitta Bittiya Sanstha Limited,1420.5,1425.0,1420.5,,1425.0,1460.0,-35.0,,40.0,56885.0,3.0,4.5,0.31678986272439286,-2.3972602739726026,18961.666666666668,1422.125
2026-05-04T06:15:46+00:00,2026-05-04T12:00:46+05:45,2026-05-04,12:00:46,1777875346,0,6,12,nepse_official,OPEN,2026-05-04,SHPC,Sanima Mai Hydropower Ltd.,486.7,519.9,486.7,,513.0,512.3,0.7000000000000455,,1781.0,920564.3,13.0,33.19999999999999,6.821450585576329,0.1366386882686015,70812.63846153846,516.8805727119596
2026-05-04T06:15:46+00:00,2026-05-04T12:00:46+05:45,2026-05-04,12:00:46,1777875346,0,6,12,nepse_official,OPEN,2026-05-04,SICL,Shikhar Insurance Co. Ltd.,614.9,615.0,605.0,,607.0,614.9,-7.899999999999977,,273.0,166289.0,13.0,10.0,1.626280696048138,-1.2847617498780253,12791.461538461539,609.1172161172161
2026-05-04T06:15:46+00:00,2026-05-04T12:00:46+05:45,2026-05-04,12:00:46,1777875346,0,6,12,nepse_official,OPEN,2026-05-04,SIFC,Shree Investment Finance Co. Ltd.,537.0,537.0,537.0,,537.0,530.0,7.0,,500.0,268500.0,1.0,0.0,0.0,1.3207547169811322,268500.0,537.0
2026-05-04T06:15:46+00:00,2026-05-04T12:00:46+05:45,2026-05-04,12:00:46,1777875346,0,6,12,nepse_official,OPEN,2026-05-04,SIKLES,Sikles Hydropower Limited,581.0,581.0,576.2,,577.0,581.0,-4.0,,105.0,60845.0,6.0,4.7999999999999545,0.8261617900172038,-0.6884681583476765,10140.833333333334,579.4761904761905
2026-05-04T06:15:46+00:00,2026-05-04T12:00:46+05:45,2026-05-04,12:00:46,1777875346,0,6,12,nepse_official,OPEN,2026-05-04,SINDU,Sindhu Bikash Bank Ltd,730.0,735.0,720.0,,730.0,732.1,-2.1000000000000227,,3388.0,2469589.1,42.0,15.0,2.054794520547945,-0.286846059281522,58799.740476190476,728.9224025974027
2026-05-04T06:15:46+00:00,2026-05-04T12:00:46+05:45,2026-05-04,12:00:46,1777875346,0,6,12,nepse_official,OPEN,2026-05-04,SIPD,Shikhar power Development Limited,974.0,1003.2,904.0,,911.1,974.0,-62.89999999999998,,15650.0,14766880.0,967.0,99.20000000000005,10.184804928131422,-6.457905544147842,15270.81695966908,943.570607028754
2026-05-04T06:15:46+00:00,2026-05-04T12:00:46+05:45,2026-05-04,12:00:46,1777875346,0,6,12,nepse_official,OPEN,2026-05-04,SJCL,SANJEN JALAVIDHYUT COMPANY LIMITED,298.0,298.0,295.0,,295.0,298.7,-3.6999999999999886,,2283.0,675245.0,16.0,3.0,1.006711409395973,-1.2387010378305954,42202.8125,295.77091546211125
2026-05-04T06:15:46+00:00,2026-05-04T12:00:46+05:45,2026-05-04,12:00:46,1777875346,0,6,12,nepse_official,OPEN,2026-05-04,SJLIC,SuryaJyoti Life Insurance Company Limited,429.0,431.0,427.1,,427.2,429.6,-2.400000000000034,,2181.0,937181.2,44.0,3.8999999999999773,0.9090909090909038,-0.5586592178771029,21299.572727272727,429.70252177900045
2026-05-04T06:15:46+00:00,2026-05-04T12:00:46+05:45,2026-05-04,12:00:46,1777875346,0,6,12,nepse_official,OPEN,2026-05-04,SKBBL,Sana Kisan Bikas Laghubitta Bittiya Sanstha Limited,760.0,768.0,755.1,,768.0,760.0,8.0,,1012.0,767134.3,29.0,12.899999999999977,1.6973684210526288,1.0526315789473684,26452.906896551725,758.0378458498025
2026-05-04T06:15:46+00:00,2026-05-04T12:00:46+05:45,2026-05-04,12:00:46,1777875346,0,6,12,nepse_official,OPEN,2026-05-04,SKHEL,Suryakunda Hydro Electric Limited,1450.0,1450.0,1382.0,,1383.0,1419.9,-36.90000000000009,,3116.0,4374813.1,147.0,68.0,4.689655172413794,-2.5987745615888507,29760.63333333333,1403.9836649550705
2026-05-04T06:15:46+00:00,2026-05-04T12:00:46+05:45,2026-05-04,12:00:46,1777875346,0,6,12,nepse_official,OPEN,2026-05-04,SKHL,Super Khudi Hydropower Limited,1029.0,1029.0,970.4,,971.0,980.1,-9.100000000000023,,7242.0,7134783.4,203.0,58.60000000000002,5.694849368318758,-0.9284766860524459,35146.71625615764,985.1951670809169
2026-05-04T06:15:46+00:00,2026-05-04T12:00:46+05:45,2026-05-04,12:00:46,1777875346,0,6,12,nepse_official,OPEN,2026-05-04,SLBBL,Swarojgar Laghubitta Bittiya Sanstha Ltd.,850.0,850.0,815.0,,815.0,810.0,5.0,,1943.0,1635999.0,14.0,35.0,4.117647058823529,0.6172839506172839,116857.07142857143,841.9963973237262
2026-05-04T06:15:46+00:00,2026-05-04T12:00:46+05:45,2026-05-04,12:00:46,1777875346,0,6,12,nepse_official,OPEN,2026-05-04,SLBSL,Samudayik Laghubitta Bittiya Sanstha Limited,1217.0,1217.0,1217.0,,1217.0,1217.0,0.0,,10.0,12170.0,1.0,0.0,0.0,0.0,12170.0,1217.0
2026-05-04T06:15:46+00:00,2026-05-04T12:00:46+05:45,2026-05-04,12:00:46,1777875346,0,6,12,nepse_official,OPEN,2026-05-04,SLCF,Sanima Large Cap Fund,9.55,9.56,9.42,,9.42,9.7,-0.27999999999999936,,600.0,5719.0,4.0,0.14000000000000057,1.4659685863874405,-2.8865979381443236,1429.75,9.531666666666666
2026-05-04T06:15:46+00:00,2026-05-04T12:00:46+05:45,2026-05-04,12:00:46,1777875346,0,6,12,nepse_official,OPEN,2026-05-04,SMATA,Samata Gharelu Laghubitta Bittiya Sanstha Limited,745.1,754.0,745.1,,751.2,755.0,-3.7999999999999545,,535.0,403108.5,6.0,8.899999999999977,1.1944705408669947,-0.5033112582781397,67184.75,753.4738317757009
2026-05-04T06:15:46+00:00,2026-05-04T12:00:46+05:45,2026-05-04,12:00:46,1777875346,0,6,12,nepse_official,OPEN,2026-05-04,SMB,Support Microfinance Bittiya Sanstha Ltd.,1720.0,1767.0,1718.0,,1718.0,1718.0,0.0,,80.0,139313.0,6.0,49.0,2.8488372093023258,0.0,23218.833333333332,1741.4125
2026-05-04T06:15:46+00:00,2026-05-04T12:00:46+05:45,2026-05-04,12:00:46,1777875346,0,6,12,nepse_official,OPEN,2026-05-04,SMH,Super Mai Hydropower Limited,570.0,570.0,558.0,,560.0,559.0,1.0,,1415.0,795086.5,23.0,12.0,2.1052631578947367,0.17889087656529518,34568.97826086957,561.8985865724381
2026-05-04T06:15:46+00:00,2026-05-04T12:00:46+05:45,2026-05-04,12:00:46,1777875346,0,6,12,nepse_official,OPEN,2026-05-04,SMHL,Super Madi Hydropower Limited,486.4,498.0,486.4,,487.5,486.3,1.1999999999999886,,3366.0,1650840.3,40.0,11.600000000000023,2.3848684210526363,0.24676125848241592,41271.0075,490.4457219251337
2026-05-04T06:15:46+00:00,2026-05-04T12:00:46+05:45,2026-05-04,12:00:46,1777875346,0,6,12,nepse_official,OPEN,2026-05-04,SMJC,Sagarmatha Jalabidhyut Company Limited,454.0,454.0,441.6,,446.0,454.0,-8.0,,5173.0,2300851.0,44.0,12.399999999999977,2.7312775330396426,-1.762114537444934,52292.068181818184,444.7807848443843
2026-05-04T06:15:46+00:00,2026-05-04T12:00:46+05:45,2026-05-04,12:00:46,1777875346,0,6,12,nepse_official,OPEN,2026-05-04,SMPDA,Sampada Laghubitta Bittiya Sanstha Limited,869.0,869.0,830.0,,835.0,844.9,-9.899999999999977,,172.0,144030.2,7.0,39.0,4.487917146144994,-1.1717363001538617,20575.742857142857,837.3848837209302
2026-05-04T06:15:46+00:00,2026-05-04T12:00:46+05:45,2026-05-04,12:00:46,1777875346,0,6,12,nepse_official,OPEN,2026-05-04,SNLI,Sun Nepal Life Insurance Company Limited,450.0,450.0,447.4,,447.5,452.5,-5.0,,1275.0,571264.3,51.0,2.6000000000000227,0.5777777777777828,-1.1049723756906076,11201.260784313727,448.05043137254904
2026-05-04T06:15:46+00:00,2026-05-04T12:00:46+05:45,2026-05-04,12:00:46,1777875346,0,6,12,nepse_official,OPEN,2026-05-04,SOHL,Solu Hydropower Limited,710.0,720.0,689.0,,695.1,710.0,-14.899999999999977,,24928.0,17497063.7,708.0,31.0,4.366197183098591,-2.0985915492957714,24713.366807909602,701.9040316110397
2026-05-04T06:15:46+00:00,2026-05-04T12:00:46+05:45,2026-05-04,12:00:46,1777875346,0,6,12,nepse_official,OPEN,2026-05-04,SONA,Sonapur Minerals And Oil Limited,430.0,433.0,430.0,,433.0,433.0,0.0,,2060.0,886577.0,45.0,3.0,0.6976744186046512,0.0,19701.71111111111,430.3771844660194
2026-05-04T06:15:46+00:00,2026-05-04T12:00:46+05:45,2026-05-04,12:00:46,1777875346,0,6,12,nepse_official,OPEN,2026-05-04,SPC,Samling Power Company Limited,477.1,477.1,462.0,,465.0,463.3,1.6999999999999886,,591.0,275602.0,15.0,15.100000000000023,3.164954936072107,0.36693287286854925,18373.466666666667,466.331641285956
2026-05-04T06:15:46+00:00,2026-05-04T12:00:46+05:45,2026-05-04,12:00:46,1777875346,0,6,12,nepse_official,OPEN,2026-05-04,SPDL,Synergy Power Development Ltd.,400.0,400.0,394.0,,397.0,394.0,3.0,,566.0,224006.0,11.0,6.0,1.5,0.7614213197969544,20364.18181818182,395.77031802120143
2026-05-04T06:15:46+00:00,2026-05-04T12:00:46+05:45,2026-05-04,12:00:46,1777875346,0,6,12,nepse_official,OPEN,2026-05-04,SPHL,Sayapatri Hydropower Limited,510.0,510.0,510.0,,510.0,516.5,-6.5,,460.0,234600.0,4.0,0.0,0.0,-1.2584704743465636,58650.0,510.0
2026-05-04T06:15:46+00:00,2026-05-04T12:00:46+05:45,2026-05-04,12:00:46,1777875346,0,6,12,nepse_official,OPEN,2026-05-04,SPIL,Siddhartha Premier Insurance Limited,695.0,715.0,695.0,,713.0,701.0,12.0,,271.0,193475.0,6.0,20.0,2.877697841726619,1.7118402282453637,32245.833333333332,713.929889298893
2026-05-04T06:15:46+00:00,2026-05-04T12:00:46+05:45,2026-05-04,12:00:46,1777875346,0,6,12,nepse_official,OPEN,2026-05-04,SPL,Shuvam Power Limited,702.1,705.0,700.1,,705.0,710.0,-5.0,,460.0,323051.0,9.0,4.899999999999977,0.6979062811565272,-0.7042253521126761,35894.555555555555,702.2847826086957
2026-05-04T06:15:46+00:00,2026-05-04T12:00:46+05:45,2026-05-04,12:00:46,1777875346,0,6,12,nepse_official,OPEN,2026-05-04,SRLI,Sanima Reliance Life Insurance Limited,386.1,389.0,385.0,,386.0,390.0,-4.0,,1797.0,693453.9,49.0,4.0,1.0360010360010359,-1.0256410256410255,14152.120408163266,385.89532554257096
2026-05-04T06:15:46+00:00,2026-05-04T12:00:46+05:45,2026-05-04,12:00:46,1777875346,0,6,12,nepse_official,OPEN,2026-05-04,SSHL,Shiva Shree Hydropower Ltd,210.1,214.7,209.5,,209.5,212.0,-2.5,,33479.0,7071261.6,114.0,5.199999999999989,2.4750118990956635,-1.179245283018868,62028.61052631579,211.21483915290182
2026-05-04T06:15:46+00:00,2026-05-04T12:00:46+05:45,2026-05-04,12:00:46,1777875346,0,6,12,nepse_official,OPEN,2026-05-04,STC,Salt Trading Corporation,5800.0,5800.0,5800.0,,5800.0,5800.0,0.0,,21.0,121800.0,1.0,0.0,0.0,0.0,121800.0,5800.0
2026-05-04T06:15:46+00:00,2026-05-04T12:00:46+05:45,2026-05-04,12:00:46,1777875346,0,6,12,nepse_official,OPEN,2026-05-04,SWASTIK,Swastik Laghubitta Bittiya Sanstha Limited,2407.0,2450.0,2407.0,,2450.0,2455.0,-5.0,,30.0,73070.0,3.0,43.0,1.7864561695056087,-0.20366598778004072,24356.666666666668,2435.6666666666665
2026-05-04T06:15:46+00:00,2026-05-04T12:00:46+05:45,2026-05-04,12:00:46,1777875346,0,6,12,nepse_official,OPEN,2026-05-04,SWBBL,Swabalamban Laghubitta Bittiya Sanstha Limited,756.0,756.0,725.0,,727.0,720.0,7.0,,1238.0,903252.0,8.0,31.0,4.1005291005291005,0.9722222222222222,112906.5,729.6058158319871
2026-05-04T06:15:46+00:00,2026-05-04T12:00:46+05:45,2026-05-04,12:00:46,1777875346,0,6,12,nepse_official,OPEN,2026-05-04,SWMF,Suryodaya Womi Laghubitta Bittiya Sanstha Limited,647.0,653.1,647.0,,653.1,666.8,-13.699999999999932,,45.0,29327.5,3.0,6.100000000000023,0.942812982998458,-2.0545890821835533,9775.833333333334,651.7222222222222
2026-05-04T06:15:46+00:00,2026-05-04T12:00:46+05:45,2026-05-04,12:00:46,1777875346,0,6,12,nepse_official,OPEN,2026-05-04,SYPNL,SY Panel Nepal Limited,1550.0,1550.0,1436.0,,1477.0,1497.0,-20.0,,7483.0,11200080.0,218.0,114.0,7.354838709677419,-1.3360053440213762,51376.51376146789,1496.7366029667246
2026-05-04T06:15:46+00:00,2026-05-04T12:00:46+05:45,2026-05-04,12:00:46,1777875346,0,6,12,nepse_official,OPEN,2026-05-04,TAMOR,Sanima Middle Tamor Hydropower Limited,434.0,440.0,432.0,,432.0,434.0,-2.0,,5537.0,2404258.6,48.0,8.0,1.8433179723502304,-0.4608294930875576,50088.72083333333,434.21683221961354
2026-05-04T06:15:46+00:00,2026-05-04T12:00:46+05:45,2026-05-04,12:00:46,1777875346,0,6,12,nepse_official,OPEN,2026-05-04,TPC,Terhathum Power Company Limited,366.0,370.0,366.0,,367.5,372.0,-4.5,,1648.0,605636.6,12.0,4.0,1.092896174863388,-1.2096774193548387,50469.71666666667,367.49793689320387
2026-05-04T06:15:46+00:00,2026-05-04T12:00:46+05:45,2026-05-04,12:00:46,1777875346,0,6,12,nepse_official,OPEN,2026-05-04,TSHL,Three Star Hydropower Limited,618.1,630.0,618.1,,626.5,637.0,-10.5,,145.0,90486.0,7.0,11.899999999999977,1.925254813137029,-1.6483516483516485,12926.57142857143,624.0413793103448
2026-05-04T06:15:46+00:00,2026-05-04T12:00:46+05:45,2026-05-04,12:00:46,1777875346,0,6,12,nepse_official,OPEN,2026-05-04,TTL,Trade Tower Limited,795.0,800.0,781.3,,783.5,790.0,-6.5,,2038.0,1609780.5,52.0,18.700000000000045,2.352201257861641,-0.8227848101265823,30957.31730769231,789.8824828263002
2026-05-04T06:15:46+00:00,2026-05-04T12:00:46+05:45,2026-05-04,12:00:46,1777875346,0,6,12,nepse_official,OPEN,2026-05-04,TVCL,Trishuli Jal Vidhyut Company Limited ,518.9,519.0,503.5,,503.5,508.0,-4.5,,750.0,380039.0,14.0,15.5,2.987088070919252,-0.8858267716535433,27145.64285714286,506.71866666666665
2026-05-04T06:15:46+00:00,2026-05-04T12:00:46+05:45,2026-05-04,12:00:46,1777875346,0,6,12,nepse_official,OPEN,2026-05-04,UAIL,United Ajod Insurance Limited,430.0,440.0,430.0,,437.0,439.7,-2.6999999999999886,,132.0,57386.0,9.0,10.0,2.3255813953488373,-0.6140550375255831,6376.222222222223,434.74242424242425
2026-05-04T06:15:46+00:00,2026-05-04T12:00:46+05:45,2026-05-04,12:00:46,1777875346,0,6,12,nepse_official,OPEN,2026-05-04,UHEWA,Upper Hewakhola Hydropower Company Limited,560.0,566.0,560.0,,560.8,569.0,-8.200000000000045,,140.0,78597.9,14.0,6.0,1.0714285714285714,-1.4411247803163523,5614.135714285714,561.4135714285713
2026-05-04T06:15:46+00:00,2026-05-04T12:00:46+05:45,2026-05-04,12:00:46,1777875346,0,6,12,nepse_official,OPEN,2026-05-04,ULBSL,Upakar Laghubitta Bittiya Sanstha Limited,3049.9,3059.0,2945.0,,2945.0,2978.0,-33.0,,318.0,959721.0,13.0,114.0,3.7378274697531064,-1.1081262592343855,73824.69230769231,3017.990566037736
2026-05-04T06:15:46+00:00,2026-05-04T12:00:46+05:45,2026-05-04,12:00:46,1777875346,0,6,12,nepse_official,OPEN,2026-05-04,ULHC,Upper Lohore Khola Hydropower Company Limited,493.9,500.0,488.0,,500.0,493.9,6.100000000000023,,638.0,312844.8,10.0,12.0,2.429641627859891,1.235067827495449,31284.48,490.35235109717865
2026-05-04T06:15:46+00:00,2026-05-04T12:00:46+05:45,2026-05-04,12:00:46,1777875346,0,6,12,nepse_official,OPEN,2026-05-04,UMHL,United Modi Hydropower Ltd.,570.0,576.3,568.0,,570.0,570.9,-0.8999999999999773,,2021.0,1156210.0,15.0,8.299999999999955,1.456140350877185,-0.1576458223857028,77080.66666666667,572.097971301336
2026-05-04T06:15:46+00:00,2026-05-04T12:00:46+05:45,2026-05-04,12:00:46,1777875346,0,6,12,nepse_official,OPEN,2026-05-04,UNHPL,Union Hydropower Limited,475.2,480.0,474.2,,478.0,474.1,3.8999999999999773,,3978.0,1896558.0,18.0,5.800000000000011,1.220538720538723,0.8226112634465254,105364.33333333333,476.76168929110105
2026-05-04T06:15:46+00:00,2026-05-04T12:00:46+05:45,2026-05-04,12:00:46,1777875346,0,6,12,nepse_official,OPEN,2026-05-04,UNL,Unilever Nepal Limited,46800.0,46900.0,46800.0,,46900.0,47000.0,-100.0,,60.0,2811000.0,3.0,100.0,0.2136752136752137,-0.2127659574468085,937000.0,46850.0
2026-05-04T06:15:46+00:00,2026-05-04T12:00:46+05:45,2026-05-04,12:00:46,1777875346,0,6,12,nepse_official,OPEN,2026-05-04,UPCL,UNIVERSAL POWER COMPANY LTD,374.0,375.0,369.0,,369.0,374.0,-5.0,,5102.0,1887223.2,32.0,6.0,1.6042780748663104,-1.3368983957219251,58975.725,369.8987063896511
2026-05-04T06:15:46+00:00,2026-05-04T12:00:46+05:45,2026-05-04,12:00:46,1777875346,0,6,12,nepse_official,OPEN,2026-05-04,UPPER,Upper Tamakoshi Hydropower Ltd,203.8,207.0,201.7,,202.0,203.8,-1.8000000000000114,,25580.0,5208261.0,165.0,5.300000000000011,2.60058881256134,-0.8832188420019682,31565.21818181818,203.6067630961689
2026-05-04T06:15:46+00:00,2026-05-04T12:00:46+05:45,2026-05-04,12:00:46,1777875346,0,6,12,nepse_official,OPEN,2026-05-04,USHEC,Upper Solu Hydro Electric Company Limited,481.0,485.0,481.0,,485.0,485.5,-0.5,,3150.0,1527170.0,14.0,4.0,0.8316008316008316,-0.10298661174047373,109083.57142857143,484.815873015873
2026-05-04T06:15:46+00:00,2026-05-04T12:00:46+05:45,2026-05-04,12:00:46,1777875346,0,6,12,nepse_official,OPEN,2026-05-04,USHL,Upper Syange Hydropower Limited,626.0,626.0,626.0,,626.0,645.0,-19.0,,20.0,12520.0,2.0,0.0,0.0,-2.945736434108527,6260.0,626.0
2026-05-04T06:15:46+00:00,2026-05-04T12:00:46+05:45,2026-05-04,12:00:46,1777875346,0,6,12,nepse_official,OPEN,2026-05-04,USLB,Unnati Sahakarya Laghubitta Bittiya Sanstha Limited,1295.0,1295.0,1289.0,,1289.0,1294.0,-5.0,,125.0,161735.0,4.0,6.0,0.4633204633204633,-0.38639876352395675,40433.75,1293.88
2026-05-04T06:15:46+00:00,2026-05-04T12:00:46+05:45,2026-05-04,12:00:46,1777875346,0,6,12,nepse_official,OPEN,2026-05-04,VLBS,Vijaya laghubitta Bittiya Sanstha Ltd.,691.0,700.0,691.0,,697.0,696.1,0.8999999999999773,,597.0,415559.8,46.0,9.0,1.3024602026049203,0.12929176842407375,9033.908695652173,696.080067001675
2026-05-04T06:15:46+00:00,2026-05-04T12:00:46+05:45,2026-05-04,12:00:46,1777875346,0,6,12,nepse_official,OPEN,2026-05-04,VLUCL,Vision Lumbini Urja Company Limited ,496.0,496.0,480.0,,480.5,494.8,-14.300000000000011,,760.0,367077.0,22.0,16.0,3.225806451612903,-2.8900565885206166,16685.31818181818,482.99605263157895
2026-05-04T06:15:46+00:00,2026-05-04T12:00:46+05:45,2026-05-04,12:00:46,1777875346,0,6,12,nepse_official,OPEN,2026-05-04,WNLB,Wean Nepal Laghubitta Bittiya Sanstha Limited,1382.0,1415.9,1375.0,,1415.9,1417.0,-1.099999999999909,,181.0,250612.0,10.0,40.90000000000009,2.959479015918965,-0.0776287932251171,25061.2,1384.596685082873
2026-05-04T06:45:29+00:00,2026-05-04T12:30:29+05:45,2026-05-04,12:30:29,1777877129,0,6,12,nepse_official,OPEN,2026-05-04,ACLBSL,Aarambha Chautari Laghubitta Bittiya Sanstha Limited,950.0,950.0,925.1,,930.0,941.1,-11.100000000000023,,107.0,99896.9,7.0,24.899999999999977,2.621052631578945,-1.1794708320051028,14270.985714285713,933.6158878504673
2026-05-04T06:45:29+00:00,2026-05-04T12:30:29+05:45,2026-05-04,12:30:29,1777877129,0,6,12,nepse_official,OPEN,2026-05-04,ADBL,Agricultural Development Bank Limited,314.0,314.0,305.2,,308.0,309.5,-1.5,,5765.0,1781848.1,59.0,8.800000000000011,2.8025477707006403,-0.48465266558966075,30200.815254237288,309.0803295750217
2026-05-04T06:45:29+00:00,2026-05-04T12:30:29+05:45,2026-05-04,12:30:29,1777877129,0,6,12,nepse_official,OPEN,2026-05-04,AHL,Asian Hydropower Limited,535.0,535.0,503.6,,517.8,534.0,-16.200000000000045,,3492.0,1794143.6,48.0,31.399999999999977,5.869158878504669,-3.033707865168548,37377.99166666667,513.7868270332189
2026-05-04T06:45:29+00:00,2026-05-04T12:30:29+05:45,2026-05-04,12:30:29,1777877129,0,6,12,nepse_official,OPEN,2026-05-04,AHPC,Arun Valley Hydropower Development Co. Ltd.,275.0,280.0,273.8,,274.0,277.0,-3.0,,27690.0,7603512.5,110.0,6.199999999999989,2.2545454545454504,-1.083032490974729,69122.84090909091,274.5941675695197
2026-05-04T06:45:29+00:00,2026-05-04T12:30:29+05:45,2026-05-04,12:30:29,1777877129,0,6,12,nepse_official,OPEN,2026-05-04,AKJCL,Ankhu Khola Jalvidhyut Company Ltd,389.0,389.0,363.2,,363.8,375.0,-11.199999999999989,,41020.0,15064850.8,135.0,25.80000000000001,6.632390745501287,-2.9866666666666637,111591.48740740742,367.2562359824476
2026-05-04T06:45:29+00:00,2026-05-04T12:30:29+05:45,2026-05-04,12:30:29,1777877129,0,6,12,nepse_official,OPEN,2026-05-04,AKPL,Arun Kabeli Power Ltd.,255.0,273.1,255.0,,264.0,267.8,-3.8000000000000114,,17672.0,4686050.3,95.0,18.100000000000023,7.098039215686283,-1.418969380134433,49326.84526315789,265.16807944771386
2026-05-04T06:45:29+00:00,2026-05-04T12:30:29+05:45,2026-05-04,12:30:29,1777877129,0,6,12,nepse_official,OPEN,2026-05-04,ALBSL,Asha Laghubitta Bittiya Sanstha Ltd,1070.0,1135.0,1070.0,,1119.7,1115.0,4.7000000000000455,,1072.0,1185903.0,52.0,65.0,6.074766355140187,0.4215246636771341,22805.826923076922,1106.2527985074628
2026-05-04T06:45:29+00:00,2026-05-04T12:30:29+05:45,2026-05-04,12:30:29,1777877129,0,6,12,nepse_official,OPEN,2026-05-04,ALICL,Asian Life Insurance Co. Limited,450.0,454.7,446.0,,447.2,450.5,-3.3000000000000114,,3905.0,1749746.6,33.0,8.699999999999989,1.9333333333333307,-0.7325194228634875,53022.624242424245,448.0785147247119
2026-05-04T06:45:29+00:00,2026-05-04T12:30:29+05:45,2026-05-04,12:30:29,1777877129,0,6,12,nepse_official,OPEN,2026-05-04,ANLB,Aatmanirbhar Laghubitta Bittiya Sanstha Limited,6100.0,6100.0,6001.1,,6001.1,6285.0,-283.89999999999964,,25.0,150914.3,4.0,98.89999999999964,1.6213114754098301,-4.51710421638822,37728.575,6036.571999999999
2026-05-04T06:45:29+00:00,2026-05-04T12:30:29+05:45,2026-05-04,12:30:29,1777877129,0,6,12,nepse_official,OPEN,2026-05-04,API,Api Power Company Ltd.,341.0,341.0,331.4,,333.0,334.9,-1.8999999999999773,,20024.0,6666892.3,117.0,9.600000000000023,2.8152492668621765,-0.5673335323977239,56981.98547008547,332.9450809029165
2026-05-04T06:45:29+00:00,2026-05-04T12:30:29+05:45,2026-05-04,12:30:29,1777877129,0,6,12,nepse_official,OPEN,2026-05-04,AVYAN,Aviyan Laghubitta Bittiya Sanstha Limited,1100.0,1158.7,1100.0,,1120.0,1100.0,20.0,,5222.0,5887044.3,86.0,58.700000000000045,5.33636363636364,1.8181818181818181,68454.0034883721,1127.354327843738
2026-05-04T06:45:29+00:00,2026-05-04T12:30:29+05:45,2026-05-04,12:30:29,1777877129,0,6,12,nepse_official,OPEN,2026-05-04,BANDIPUR,Bandipur Cablecar and Tourism Limited,825.0,829.7,805.0,,807.1,824.7,-17.600000000000023,,5871.0,4786910.6,178.0,24.700000000000045,2.9939393939393995,-2.134109373105374,26892.75617977528,815.3484244592062
2026-05-04T06:45:29+00:00,2026-05-04T12:30:29+05:45,2026-05-04,12:30:29,1777877129,0,6,12,nepse_official,OPEN,2026-05-04,BARUN,Barun Hydropower Co. Ltd.,340.0,345.0,336.0,,336.0,340.0,-4.0,,11215.0,3784219.2,58.0,9.0,2.6470588235294117,-1.1764705882352942,65245.15862068966,337.4248060633081
2026-05-04T06:45:29+00:00,2026-05-04T12:30:29+05:45,2026-05-04,12:30:29,1777877129,0,6,12,nepse_official,OPEN,2026-05-04,BBC,Bishal Bazar Company Limited,4730.2,4830.0,4730.2,,4830.0,4814.9,15.100000000000364,,60.0,284810.0,2.0,99.80000000000018,2.109847363747837,0.313609836133676,142405.0,4746.833333333333
2026-05-04T06:45:29+00:00,2026-05-04T12:30:29+05:45,2026-05-04,12:30:29,1777877129,0,6,12,nepse_official,OPEN,2026-05-04,BEDC,Bhugol Energy Development Company Limited,366.1,370.0,363.0,,365.0,365.9,-0.8999999999999773,,11960.0,4390479.6,79.0,7.0,1.9120458891013385,-0.24596884394642726,55575.6911392405,367.0969565217391
2026-05-04T06:45:29+00:00,2026-05-04T12:30:29+05:45,2026-05-04,12:30:29,1777877129,0,6,12,nepse_official,OPEN,2026-05-04,BFC,Best Finance Company Ltd.,451.0,451.0,450.0,,450.0,449.0,1.0,,1912.0,861069.2,21.0,1.0,0.22172949002217296,0.22271714922048996,41003.295238095234,450.34999999999997
2026-05-04T06:45:29+00:00,2026-05-04T12:30:29+05:45,2026-05-04,12:30:29,1777877129,0,6,12,nepse_official,OPEN,2026-05-04,BGWT,Bhagawati Hydropower Development Company Limited,710.0,710.0,700.0,,700.0,705.0,-5.0,,764.0,537009.7,14.0,10.0,1.4084507042253522,-0.7092198581560284,38357.83571428571,702.892277486911
2026-05-04T06:45:29+00:00,2026-05-04T12:30:29+05:45,2026-05-04,12:30:29,1777877129,0,6,12,nepse_official,OPEN,2026-05-04,BHCL,Bikash Hydropower Company Limited,510.0,529.0,510.0,,511.0,519.0,-8.0,,3387.0,1737363.3,107.0,19.0,3.7254901960784315,-1.5414258188824663,16237.040186915889,512.9504871567759
2026-05-04T06:45:29+00:00,2026-05-04T12:30:29+05:45,2026-05-04,12:30:29,1777877129,0,6,12,nepse_official,OPEN,2026-05-04,BHDC,Bindhyabasini Hydropower Development Company Limited,456.0,460.0,455.0,,455.0,455.1,-0.10000000000002274,,2370.0,1080644.0,23.0,5.0,1.0964912280701753,-0.021973192704905015,46984.52173913043,455.96793248945147
2026-05-04T06:45:29+00:00,2026-05-04T12:30:29+05:45,2026-05-04,12:30:29,1777877129,0,6,12,nepse_official,OPEN,2026-05-04,BHL,Balephi Hydropower Limited,207.0,220.0,207.0,,214.4,217.6,-3.1999999999999886,,36244.0,7832614.9,182.0,13.0,6.280193236714976,-1.4705882352941124,43036.3456043956,216.1079047566494
2026-05-04T06:45:29+00:00,2026-05-04T12:30:29+05:45,2026-05-04,12:30:29,1777877129,0,6,12,nepse_official,OPEN,2026-05-04,BHPL,Barahi Hydropower Public Limited,524.8,538.0,516.0,,516.0,520.2,-4.2000000000000455,,3908.0,2041697.0,37.0,22.0,4.192073170731708,-0.8073817762399164,55181.0,522.4403787103378
2026-05-04T06:45:29+00:00,2026-05-04T12:30:29+05:45,2026-05-04,12:30:29,1777877129,0,6,12,nepse_official,OPEN,2026-05-04,BJHL,Bhujung Hydropower Limited,1035.0,1064.9,975.0,,986.3,1035.0,-48.700000000000045,,2870.0,2865824.0,157.0,89.90000000000009,8.68599033816426,-4.70531400966184,18253.656050955415,998.5449477351916
2026-05-04T06:45:29+00:00,2026-05-04T12:30:29+05:45,2026-05-04,12:30:29,1777877129,0,6,12,nepse_official,OPEN,2026-05-04,BNHC,Buddha Bhumi Nepal Hydropower Company Limited,327.5,327.5,321.3,,322.1,327.5,-5.399999999999977,,170.0,55122.0,9.0,6.199999999999989,1.893129770992363,-1.6488549618320543,6124.666666666667,324.2470588235294
2026-05-04T06:45:29+00:00,2026-05-04T12:30:29+05:45,2026-05-04,12:30:29,1777877129,0,6,12,nepse_official,OPEN,2026-05-04,BNT,Bottlers Nepal (Terai) Limited,11500.2,11500.2,11500.2,,11500.2,11610.0,-109.79999999999927,,71.0,816814.0,2.0,0.0,0.0,-0.9457364341085208,408407.0,11504.422535211268
2026-05-04T06:45:29+00:00,2026-05-04T12:30:29+05:45,2026-05-04,12:30:29,1777877129,0,6,12,nepse_official,OPEN,2026-05-04,BPCL,Butwal Power Company Limited,660.0,687.0,660.0,,665.0,668.0,-3.0,,5583.0,3718215.0,32.0,27.0,4.090909090909091,-0.4491017964071856,116194.21875,665.9887157442236
2026-05-04T06:45:29+00:00,2026-05-04T12:30:29+05:45,2026-05-04,12:30:29,1777877129,0,6,12,nepse_official,OPEN,2026-05-04,BUNGAL,Bungal Hydro Limited,550.0,573.0,550.0,,564.3,571.0,-6.7000000000000455,,1854.0,1047340.0,86.0,23.0,4.181818181818182,-1.1733800350262775,12178.372093023256,564.908306364617
2026-05-04T06:45:29+00:00,2026-05-04T12:30:29+05:45,2026-05-04,12:30:29,1777877129,0,6,12,nepse_official,OPEN,2026-05-04,C30MF,Citizens Super 30 Mutual Fund,10.07,10.07,9.8,,9.8,10.07,-0.2699999999999996,,600.0,5907.0,3.0,0.2699999999999996,2.681231380337632,-2.681231380337632,1969.0,9.845
2026-05-04T06:45:29+00:00,2026-05-04T12:30:29+05:45,2026-05-04,12:30:29,1777877129,0,6,12,nepse_official,OPEN,2026-05-04,CBBL,Chhimek Laghubitta Bittiya Sanstha Limited,901.0,915.5,901.0,,901.5,903.0,-1.5,,1961.0,1776634.6,50.0,14.5,1.609322974472808,-0.16611295681063123,35532.692,905.9839877613463
2026-05-04T06:45:29+00:00,2026-05-04T12:30:29+05:45,2026-05-04,12:30:29,1777877129,0,6,12,nepse_official,OPEN,2026-05-04,CCBD88,Century Debenture 2088,1233.0,1233.0,1233.0,,1233.0,1197.3,35.700000000000045,,50.0,61650.0,1.0,0.0,0.0,2.981708844901031,61650.0,1233.0
2026-05-04T06:45:29+00:00,2026-05-04T12:30:29+05:45,2026-05-04,12:30:29,1777877129,0,6,12,nepse_official,OPEN,2026-05-04,CFCL,Central Finance Co. Ltd.,488.1,500.0,488.1,,490.0,493.0,-3.0,,1507.0,748017.5,15.0,11.899999999999977,2.438024994878094,-0.6085192697768762,49867.833333333336,496.36197743861976
2026-05-04T06:45:29+00:00,2026-05-04T12:30:29+05:45,2026-05-04,12:30:29,1777877129,0,6,12,nepse_official,OPEN,2026-05-04,CGH,Chandragiri Hills Limited,802.1,817.0,802.1,,805.0,807.5,-2.5,,333.0,269491.0,6.0,14.899999999999977,1.8576237376885647,-0.30959752321981426,44915.166666666664,809.2822822822823
2026-05-04T06:45:29+00:00,2026-05-04T12:30:29+05:45,2026-05-04,12:30:29,1777877129,0,6,12,nepse_official,OPEN,2026-05-04,CHCL,Chilime Hydropower Company Limited,480.0,480.0,474.0,,474.0,478.5,-4.5,,6520.0,3106645.5,82.0,6.0,1.25,-0.9404388714733543,37885.920731707316,476.4793711656442
2026-05-04T06:45:29+00:00,2026-05-04T12:30:29+05:45,2026-05-04,12:30:29,1777877129,0,6,12,nepse_official,OPEN,2026-05-04,CHDC,CEDB Holdings Limited,2261.1,2262.0,2240.0,,2240.0,2260.9,-20.90000000000009,,784.0,1767498.3,20.0,22.0,0.9729777541904383,-0.9244106329337914,88374.91500000001,2254.4621173469386
2026-05-04T06:45:29+00:00,2026-05-04T12:30:29+05:45,2026-05-04,12:30:29,1777877129,0,6,12,nepse_official,OPEN,2026-05-04,CHL,Chhyangdi Hydropower Ltd.,283.0,285.0,278.2,,281.0,283.0,-2.0,,7266.0,2034988.4,41.0,6.800000000000011,2.402826855123679,-0.7067137809187279,49633.86341463414,280.06996972199283
2026-05-04T06:45:29+00:00,2026-05-04T12:30:29+05:45,2026-05-04,12:30:29,1777877129,0,6,12,nepse_official,OPEN,2026-05-04,CIT,Citizen Investment Trust,1774.0,1774.0,1755.0,,1755.0,1766.0,-11.0,,569.0,1004765.0,23.0,19.0,1.0710259301014655,-0.622876557191393,43685.434782608696,1765.8435852372584
2026-05-04T06:45:29+00:00,2026-05-04T12:30:29+05:45,2026-05-04,12:30:29,1777877129,0,6,12,nepse_official,OPEN,2026-05-04,CITY,City Hotel Limited,450.0,450.0,435.0,,438.0,448.0,-10.0,,6910.0,3033333.3,100.0,15.0,3.3333333333333335,-2.232142857142857,30333.333,438.97732272069464
2026-05-04T06:45:29+00:00,2026-05-04T12:30:29+05:45,2026-05-04,12:30:29,1777877129,0,6,12,nepse_official,OPEN,2026-05-04,CKHL,Chirkhwa Hydropower Limited ,681.0,683.1,681.0,,683.1,699.0,-15.899999999999977,,46.0,31401.6,4.0,2.1000000000000227,0.3083700440528668,-2.2746781115879795,7850.4,682.6434782608695
2026-05-04T06:45:29+00:00,2026-05-04T12:30:29+05:45,2026-05-04,12:30:29,1777877129,0,6,12,nepse_official,OPEN,2026-05-04,CLI,Citizen Life Insurance Company Limited,445.1,453.0,445.1,,452.0,452.6,-0.6000000000000227,,1772.0,798365.3,85.0,7.899999999999977,1.7748820489777526,-0.13256738842245308,9392.53294117647,450.5447516930023
2026-05-04T06:45:29+00:00,2026-05-04T12:30:29+05:45,2026-05-04,12:30:29,1777877129,0,6,12,nepse_official,OPEN,2026-05-04,CMF2,CITIZENS MUTUAL FUND 2,9.8,9.8,9.8,,9.8,9.85,-0.049999999999998934,,1000.0,9800.0,1.0,0.0,0.0,-0.5076142131979587,9800.0,9.8
2026-05-04T06:45:29+00:00,2026-05-04T12:30:29+05:45,2026-05-04,12:30:29,1777877129,0,6,12,nepse_official,OPEN,2026-05-04,CORBL,Corporate Development Bank Limited,2300.0,2300.0,2143.0,,2149.5,2400.0,-250.5,,14668.0,31975903.6,115.0,157.0,6.826086956521739,-10.4375,278051.3356521739,2179.977065721298
2026-05-04T06:45:29+00:00,2026-05-04T12:30:29+05:45,2026-05-04,12:30:29,1777877129,0,6,12,nepse_official,OPEN,2026-05-04,CREST,Crest Micro Life Insurance Limited,1080.0,1122.0,1080.0,,1090.0,1112.1,-22.09999999999991,,1432.0,1575398.7,59.0,42.0,3.888888888888889,-1.9872313640859556,26701.67288135593,1100.1387569832402
2026-05-04T06:45:29+00:00,2026-05-04T12:30:29+05:45,2026-05-04,12:30:29,1777877129,0,6,12,nepse_official,OPEN,2026-05-04,CSY,Citizens Santulit Yojana,9.2,9.35,9.1,,9.21,9.32,-0.10999999999999943,,2103.0,19355.05,16.0,0.25,2.717391304347826,-1.1802575107296076,1209.690625,9.203542558250119
2026-05-04T06:45:29+00:00,2026-05-04T12:30:29+05:45,2026-05-04,12:30:29,1777877129,0,6,12,nepse_official,OPEN,2026-05-04,CYCL,CYC Nepal Laghubitta Bittiya Sanstha Limited,1515.0,1515.0,1470.1,,1470.1,1490.0,-19.90000000000009,,34.0,50896.0,4.0,44.90000000000009,2.9636963696369696,-1.335570469798664,12724.0,1496.9411764705883
2026-05-04T06:45:29+00:00,2026-05-04T12:30:29+05:45,2026-05-04,12:30:29,1777877129,0,6,12,nepse_official,OPEN,2026-05-04,CZBIL,Citizens Bank International Limited,204.5,206.9,201.1,,202.0,204.5,-2.5,,4601.0,928382.7,36.0,5.800000000000011,2.83618581907091,-1.2224938875305624,25788.408333333333,201.77846120408606
2026-05-04T06:45:29+00:00,2026-05-04T12:30:29+05:45,2026-05-04,12:30:29,1777877129,0,6,12,nepse_official,OPEN,2026-05-04,DDBL,Deprosc Laghubitta Bittiya Sanstha Limited,829.0,832.0,822.0,,822.3,829.0,-6.7000000000000455,,198.0,163075.1,10.0,10.0,1.2062726176115801,-0.8082026537997642,16307.51,823.6116161616162
2026-05-04T06:45:29+00:00,2026-05-04T12:30:29+05:45,2026-05-04,12:30:29,1777877129,0,6,12,nepse_official,OPEN,2026-05-04,DHEL,Daramkhola Hydro Energy Limited,598.7,602.5,593.0,,595.0,599.3,-4.2999999999999545,,2667.0,1591065.7,97.0,9.5,1.5867713378987804,-0.7175037543801026,16402.73917525773,596.5750656167979
2026-05-04T06:45:29+00:00,2026-05-04T12:30:29+05:45,2026-05-04,12:30:29,1777877129,0,6,12,nepse_official,OPEN,2026-05-04,DHPL,Dibyashwori Hydropower Ltd.,304.0,304.0,296.0,,300.0,300.0,0.0,,260.0,77972.0,5.0,8.0,2.631578947368421,0.0,15594.4,299.89230769230767
2026-05-04T06:45:29+00:00,2026-05-04T12:30:29+05:45,2026-05-04,12:30:29,1777877129,0,6,12,nepse_official,OPEN,2026-05-04,DLBS,Dhaulagiri Laghubitta Bittiya Sanstha Limited,1270.5,1271.3,1270.5,,1271.3,1290.0,-18.700000000000045,,34.0,43205.0,3.0,0.7999999999999545,0.06296733569460485,-1.4496124031007787,14401.666666666666,1270.735294117647
2026-05-04T06:45:29+00:00,2026-05-04T12:30:29+05:45,2026-05-04,12:30:29,1777877129,0,6,12,nepse_official,OPEN,2026-05-04,DOLTI,Dolti Power Company Limited,360.0,367.0,359.0,,360.1,364.0,-3.8999999999999773,,4279.0,1548417.5,46.0,8.0,2.2222222222222223,-1.0714285714285652,33661.25,361.86433746202385
2026-05-04T06:45:29+00:00,2026-05-04T12:30:29+05:45,2026-05-04,12:30:29,1777877129,0,6,12,nepse_official,OPEN,2026-05-04,DORDI,Dordi Khola Jal Bidyut Company Limited,276.0,281.0,276.0,,276.0,277.0,-1.0,,8530.0,2367202.6,45.0,5.0,1.8115942028985508,-0.36101083032490977,52604.502222222225,277.514958968347
2026-05-04T06:45:29+00:00,2026-05-04T12:30:29+05:45,2026-05-04,12:30:29,1777877129,0,6,12,nepse_official,OPEN,2026-05-04,EBL,Everest Bank Limited,700.0,701.0,686.0,,694.0,697.0,-3.0,,15011.0,10355856.2,177.0,15.0,2.142857142857143,-0.430416068866571,58507.66214689265,689.8844980347744
2026-05-04T06:45:29+00:00,2026-05-04T12:30:29+05:45,2026-05-04,12:30:29,1777877129,0,6,12,nepse_official,OPEN,2026-05-04,EBLD86,Everest Bank Limited,1075.0,1075.0,1075.0,,1075.0,1072.1,2.900000000000091,,26.0,27947.1,2.0,0.0,0.0,0.27049715511613576,13973.55,1074.8884615384616
2026-05-04T06:45:29+00:00,2026-05-04T12:30:29+05:45,2026-05-04,12:30:29,1777877129,0,6,12,nepse_official,OPEN,2026-05-04,EBLD91,Everest Bank Limited Debenture 2091,1058.1,1060.1,1058.1,,1060.1,1056.1,4.0,,50.0,52955.0,2.0,2.0,0.1890180512238919,0.37875201212006443,26477.5,1059.1
2026-05-04T06:45:29+00:00,2026-05-04T12:30:29+05:45,2026-05-04,12:30:29,1777877129,0,6,12,nepse_official,OPEN,2026-05-04,EDBL,Excel Development Bank Ltd.,577.7,577.7,573.0,,573.0,577.7,-4.7000000000000455,,2405.0,1379814.0,15.0,4.7000000000000455,0.8135710576423828,-0.8135710576423828,91987.6,573.7272349272349
2026-05-04T06:45:29+00:00,2026-05-04T12:30:29+05:45,2026-05-04,12:30:29,1777877129,0,6,12,nepse_official,OPEN,2026-05-04,EHPL,Eastern Hydropower Limited,392.0,399.0,386.0,,390.0,391.4,-1.3999999999999773,,8950.0,3485707.0,49.0,13.0,3.316326530612245,-0.3576903423607505,71136.87755102041,389.464469273743
2026-05-04T06:45:29+00:00,2026-05-04T12:30:29+05:45,2026-05-04,12:30:29,1777877129,0,6,12,nepse_official,OPEN,2026-05-04,ENL,Emerging Nepal Limited,873.0,885.0,873.0,,885.0,899.8,-14.799999999999955,,40.0,35235.0,4.0,12.0,1.3745704467353952,-1.6448099577683881,8808.75,880.875
2026-05-04T06:45:29+00:00,2026-05-04T12:30:29+05:45,2026-05-04,12:30:29,1777877129,0,6,12,nepse_official,OPEN,2026-05-04,FMDBL,First Micro Finance Laghubitta Bittiya Sanstha Limited,785.0,807.0,785.0,,791.0,795.0,-4.0,,1375.0,1092945.0,21.0,22.0,2.802547770700637,-0.5031446540880503,52045.0,794.8690909090909
2026-05-04T06:45:29+00:00,2026-05-04T12:30:29+05:45,2026-05-04,12:30:29,1777877129,0,6,12,nepse_official,OPEN,2026-05-04,FOWAD,Forward Microfinance Laghubitta Bittiya Sanstha Limited,1100.0,1100.0,1095.0,,1099.0,1096.0,3.0,,480.0,526830.0,7.0,5.0,0.45454545454545453,0.2737226277372263,75261.42857142857,1097.5625
2026-05-04T06:45:29+00:00,2026-05-04T12:30:29+05:45,2026-05-04,12:30:29,1777877129,0,6,12,nepse_official,OPEN,2026-05-04,GBBL,Garima Bikas Bank Limited,419.9,419.9,414.0,,414.0,414.0,0.0,,6232.0,2583655.6,39.0,5.899999999999977,1.4050964515360747,0.0,66247.5794871795,414.5788831835687
2026-05-04T06:45:29+00:00,2026-05-04T12:30:29+05:45,2026-05-04,12:30:29,1777877129,0,6,12,nepse_official,OPEN,2026-05-04,GBIME,Global IME Bank Limited,219.5,232.8,219.5,,230.0,231.0,-1.0,,17481.0,4012426.1,130.0,13.300000000000011,6.059225512528479,-0.4329004329004329,30864.816153846154,229.53069618442882
2026-05-04T06:45:29+00:00,2026-05-04T12:30:29+05:45,2026-05-04,12:30:29,1777877129,0,6,12,nepse_official,OPEN,2026-05-04,GBIMESY2,Global IME Sammunat Yojana -2,9.0,9.17,9.0,,9.15,9.2,-0.049999999999998934,,700.0,6394.0,6.0,0.16999999999999993,1.8888888888888882,-0.5434782608695536,1065.6666666666667,9.134285714285713
2026-05-04T06:45:29+00:00,2026-05-04T12:30:29+05:45,2026-05-04,12:30:29,1777877129,0,6,12,nepse_official,OPEN,2026-05-04,GBLBS,Grameen Bikas Laghubitta Bittiya Sanstha Ltd.,750.0,750.0,740.2,,742.1,750.0,-7.899999999999977,,226.0,168268.8,11.0,9.799999999999955,1.3066666666666606,-1.0533333333333303,15297.163636363635,744.5522123893804
2026-05-04T06:45:29+00:00,2026-05-04T12:30:29+05:45,2026-05-04,12:30:29,1777877129,0,6,12,nepse_official,OPEN,2026-05-04,GCIL,Ghorahi Cement Industry Limited,415.0,420.0,411.0,,411.1,415.0,-3.8999999999999773,,2152.0,891028.5,59.0,9.0,2.1686746987951806,-0.9397590361445728,15102.177966101695,414.0467007434944
2026-05-04T06:45:29+00:00,2026-05-04T12:30:29+05:45,2026-05-04,12:30:29,1777877129,0,6,12,nepse_official,OPEN,2026-05-04,GFCL,Goodwill Finance Limited,620.0,620.0,620.0,,620.0,620.2,-0.20000000000004547,,500.0,310000.0,1.0,0.0,0.0,-0.0322476620445091,310000.0,620.0
2026-05-04T06:45:29+00:00,2026-05-04T12:30:29+05:45,2026-05-04,12:30:29,1777877129,0,6,12,nepse_official,OPEN,2026-05-04,GHL,Ghalemdi Hydro Limited,234.9,235.0,230.0,,231.0,234.0,-3.0,,22319.0,5159234.0,64.0,5.0,2.128565346956152,-1.282051282051282,80613.03125,231.158833281061
2026-05-04T06:45:29+00:00,2026-05-04T12:30:29+05:45,2026-05-04,12:30:29,1777877129,0,6,12,nepse_official,OPEN,2026-05-04,GIBF1,Global IME Balanced Fund-1,10.84,10.84,10.84,,10.84,11.0,-0.16000000000000014,,1750.0,18970.0,7.0,0.0,0.0,-1.4545454545454557,2710.0,10.84
2026-05-04T06:45:29+00:00,2026-05-04T12:30:29+05:45,2026-05-04,12:30:29,1777877129,0,6,12,nepse_official,OPEN,2026-05-04,GILB,Global IME Laghubitta Bittiya Sanstha Ltd.,1100.2,1100.2,1081.0,,1082.1,1100.2,-18.100000000000136,,47.0,50674.7,5.0,19.200000000000045,1.7451372477731362,-1.645155426286142,10134.939999999999,1078.1851063829786
2026-05-04T06:45:29+00:00,2026-05-04T12:30:29+05:45,2026-05-04,12:30:29,1777877129,0,6,12,nepse_official,OPEN,2026-05-04,GLBSL,Gurans Laghubitta Bittiya Sanstha Limited,1770.0,1770.0,1750.0,,1751.0,1763.9,-12.900000000000091,,74.0,129707.0,5.0,20.0,1.1299435028248588,-0.7313339758489762,25941.4,1752.7972972972973
2026-05-04T06:45:29+00:00,2026-05-04T12:30:29+05:45,2026-05-04,12:30:29,1777877129,0,6,12,nepse_official,OPEN,2026-05-04,GLH,GreenLife Hydropower Limited,251.3,267.9,251.3,,262.3,264.5,-2.1999999999999886,,14601.0,3832478.1,58.0,16.599999999999966,6.605650616792665,-0.8317580340264608,66077.20862068966,262.4805218820629
2026-05-04T06:45:29+00:00,2026-05-04T12:30:29+05:45,2026-05-04,12:30:29,1777877129,0,6,12,nepse_official,OPEN,2026-05-04,GMFBS,Ganapati Laghubitta Bittiya Sanstha Limited,1301.0,1301.0,1301.0,,1301.0,1310.1,-9.099999999999909,,14.0,18214.0,1.0,0.0,0.0,-0.6946034653843149,18214.0,1301.0
2026-05-04T06:45:29+00:00,2026-05-04T12:30:29+05:45,2026-05-04,12:30:29,1777877129,0,6,12,nepse_official,OPEN,2026-05-04,GMFIL,Guheshowori Merchant Bank & Finance Co. Ltd.,470.0,470.0,470.0,,470.0,464.4,5.600000000000023,,10.0,4700.0,1.0,0.0,0.0,1.205857019810513,4700.0,470.0
2026-05-04T06:45:29+00:00,2026-05-04T12:30:29+05:45,2026-05-04,12:30:29,1777877129,0,6,12,nepse_official,OPEN,2026-05-04,GMLI,Guardian Micro Life Insurance Limited ,1280.1,1300.0,1250.0,,1300.0,1280.0,20.0,,911.0,1168258.0,39.0,50.0,3.9059448480587458,1.5625,29955.333333333332,1282.390779363337
2026-05-04T06:45:29+00:00,2026-05-04T12:30:29+05:45,2026-05-04,12:30:29,1777877129,0,6,12,nepse_official,OPEN,2026-05-04,GRDBL,Green Development Bank Ltd.,1090.0,1094.9,1075.0,,1075.0,1100.0,-25.0,,4091.0,4440840.0,60.0,19.90000000000009,1.8256880733945036,-2.272727272727273,74014.0,1085.5145441212417
2026-05-04T06:45:29+00:00,2026-05-04T12:30:29+05:45,2026-05-04,12:30:29,1777877129,0,6,12,nepse_official,OPEN,2026-05-04,GSY,Garima Samriddhi Yojana,9.57,9.59,9.57,,9.58,9.78,-0.1999999999999993,,1520.0,14552.4,15.0,0.019999999999999574,0.20898641588296316,-2.0449897750511177,970.16,9.573947368421052
2026-05-04T06:45:29+00:00,2026-05-04T12:30:29+05:45,2026-05-04,12:30:29,1777877129,0,6,12,nepse_official,OPEN,2026-05-04,GUFL,Gurkhas Finance Ltd.,518.0,520.1,518.0,,518.0,518.2,-0.20000000000004547,,1854.0,962502.0,17.0,2.1000000000000227,0.40540540540540976,-0.03859513701274517,56617.76470588235,519.1488673139158
2026-05-04T06:45:29+00:00,2026-05-04T12:30:29+05:45,2026-05-04,12:30:29,1777877129,0,6,12,nepse_official,OPEN,2026-05-04,GVL,Green Ventures Limited,480.0,485.0,475.0,,481.1,487.5,-6.399999999999977,,2093.0,1005427.7,45.0,10.0,2.083333333333333,-1.3128205128205082,22342.837777777775,480.3763497372193
2026-05-04T06:45:29+00:00,2026-05-04T12:30:29+05:45,2026-05-04,12:30:29,1777877129,0,6,12,nepse_official,OPEN,2026-05-04,H8020,Himalayan 80-20,11.51,11.51,11.31,,11.31,11.51,-0.1999999999999993,,800.0,9148.0,5.0,0.1999999999999993,1.7376194613379607,-1.7376194613379607,1829.6,11.435
2026-05-04T06:45:29+00:00,2026-05-04T12:30:29+05:45,2026-05-04,12:30:29,1777877129,0,6,12,nepse_official,OPEN,2026-05-04,HATHY,Hathway Investment Nepal Limited,810.0,810.0,800.0,,803.0,814.0,-11.0,,1845.0,1477845.4,50.0,10.0,1.2345679012345678,-1.3513513513513513,29556.908,801.000216802168
2026-05-04T06:45:29+00:00,2026-05-04T12:30:29+05:45,2026-05-04,12:30:29,1777877129,0,6,12,nepse_official,OPEN,2026-05-04,HBL,Himalayan Bank Limited,202.0,204.0,200.1,,200.1,202.0,-1.9000000000000057,,9921.0,1996252.1,320.0,3.9000000000000057,1.9306930693069335,-0.9405940594059433,6238.287812500001,201.21480697510333
2026-05-04T06:45:29+00:00,2026-05-04T12:30:29+05:45,2026-05-04,12:30:29,1777877129,0,6,12,nepse_official,OPEN,2026-05-04,HDHPC,Himal Dolakha Hydropower Company Limited,233.0,233.0,217.3,,218.5,222.8,-4.300000000000011,,55469.0,12215265.0,184.0,15.699999999999989,6.738197424892698,-1.9299820466786406,66387.30978260869,220.21786944058843
2026-05-04T06:45:29+00:00,2026-05-04T12:30:29+05:45,2026-05-04,12:30:29,1777877129,0,6,12,nepse_official,OPEN,2026-05-04,HDL,Himalayan Distillery Limited,1169.0,1169.0,1149.2,,1149.5,1146.0,3.5,,15084.0,17363182.3,246.0,19.799999999999955,1.6937553464499533,0.30541012216404884,70582.0418699187,1151.0993304163353
2026-05-04T06:45:29+00:00,2026-05-04T12:30:29+05:45,2026-05-04,12:30:29,1777877129,0,6,12,nepse_official,OPEN,2026-05-04,HEI,Himalayan Everest Insurance Limited,510.0,515.0,510.0,,515.0,516.0,-1.0,,1126.0,579040.0,9.0,5.0,0.9803921568627451,-0.1937984496124031,64337.77777777778,514.2451154529307
2026-05-04T06:45:29+00:00,2026-05-04T12:30:29+05:45,2026-05-04,12:30:29,1777877129,0,6,12,nepse_official,OPEN,2026-05-04,HEIP,Himalayan Everest Insurance Limited Promoter,317.1,323.0,317.1,,323.0,317.1,5.899999999999977,,737.0,236671.0,4.0,5.899999999999977,1.8606117943866216,1.8606117943866216,59167.75,321.1275440976934
2026-05-04T06:45:29+00:00,2026-05-04T12:30:29+05:45,2026-05-04,12:30:29,1777877129,0,6,12,nepse_official,OPEN,2026-05-04,HFIN,Hotel Forest Inn Limited,994.0,1020.0,981.3,,990.0,1024.0,-34.0,,18399.0,18263208.9,864.0,38.700000000000045,3.8933601609657997,-3.3203125,21137.973263888885,992.619647806946
2026-05-04T06:45:29+00:00,2026-05-04T12:30:29+05:45,2026-05-04,12:30:29,1777877129,0,6,12,nepse_official,OPEN,2026-05-04,HHL,Himalayan Hydropower Limited,380.0,389.8,376.2,,376.5,384.0,-7.5,,16839.0,6368748.1,74.0,13.600000000000023,3.5789473684210584,-1.953125,86064.16351351351,378.21415167171443
2026-05-04T06:45:29+00:00,2026-05-04T12:30:29+05:45,2026-05-04,12:30:29,1777877129,0,6,12,nepse_official,OPEN,2026-05-04,HIDCL,Hydorelectricity Investment and Development Company Ltd,265.0,268.0,262.3,,262.9,265.7,-2.8000000000000114,,19897.0,5266007.9,116.0,5.699999999999989,2.1509433962264106,-1.0538200978547276,45396.61982758621,264.6634115695834
2026-05-04T06:45:29+00:00,2026-05-04T12:30:29+05:45,2026-05-04,12:30:29,1777877129,0,6,12,nepse_official,OPEN,2026-05-04,HIDCLP,Hydorelectricity Investment and Development Company Limited Promoter,204.0,204.0,200.4,,200.4,205.0,-4.599999999999994,,53429.0,10771483.3,70.0,3.5999999999999943,1.7647058823529385,-2.2439024390243874,153878.33285714287,201.6036852645567
2026-05-04T06:45:29+00:00,2026-05-04T12:30:29+05:45,2026-05-04,12:30:29,1777877129,0,6,12,nepse_official,OPEN,2026-05-04,HIMSTAR,Him Star Urja Company Limited,846.0,850.0,837.1,,840.0,840.0,0.0,,1356.0,1141004.6,24.0,12.899999999999977,1.5248226950354584,0.0,47541.85833333334,841.4488200589972
2026-05-04T06:45:29+00:00,2026-05-04T12:30:29+05:45,2026-05-04,12:30:29,1777877129,0,6,12,nepse_official,OPEN,2026-05-04,HLBSL,Himalayan Laghubitta Bittiya Sanstha Limited,870.0,875.0,870.0,,875.0,889.0,-14.0,,34.0,29680.0,3.0,5.0,0.5747126436781609,-1.574803149606299,9893.333333333334,872.9411764705883
2026-05-04T06:45:29+00:00,2026-05-04T12:30:29+05:45,2026-05-04,12:30:29,1777877129,0,6,12,nepse_official,OPEN,2026-05-04,HLI,Himalayan Life Insurance Limited,338.1,341.0,337.5,,338.0,340.0,-2.0,,13850.0,4691996.2,127.0,3.5,1.0351966873706004,-0.5882352941176471,36944.851968503935,338.77228880866426
2026-05-04T06:45:29+00:00,2026-05-04T12:30:29+05:45,2026-05-04,12:30:29,1777877129,0,6,12,nepse_official,OPEN,2026-05-04,HLICF,HLI Large Cap Fund,8.93,8.93,8.82,,8.84,8.93,-0.08999999999999986,,300.0,2659.0,3.0,0.10999999999999943,1.2318029115341482,-1.0078387458006703,886.3333333333334,8.863333333333333
2026-05-04T06:45:29+00:00,2026-05-04T12:30:29+05:45,2026-05-04,12:30:29,1777877129,0,6,12,nepse_official,OPEN,2026-05-04,HPPL,Himalayan Power Partner Ltd.,375.0,375.0,365.9,,366.0,366.6,-0.6000000000000227,,6461.0,2367528.6,46.0,9.100000000000023,2.426666666666673,-0.16366612111293583,51468.01304347826,366.4337718619409
2026-05-04T06:45:29+00:00,2026-05-04T12:30:29+05:45,2026-05-04,12:30:29,1777877129,0,6,12,nepse_official,OPEN,2026-05-04,HRL,Himalayan Reinsurance Limited,671.1,678.9,666.0,,669.0,671.1,-2.1000000000000227,,22784.0,15293681.4,320.0,12.899999999999977,1.922217255252567,-0.31291908806437535,47792.754375000004,671.2465502106742
2026-05-04T06:45:29+00:00,2026-05-04T12:30:29+05:45,2026-05-04,12:30:29,1777877129,0,6,12,nepse_official,OPEN,2026-05-04,HURJA,Himalaya Urja Bikas Company Limited,253.0,255.0,249.0,,249.0,255.0,-6.0,,37490.0,9374056.5,144.0,6.0,2.371541501976284,-2.3529411764705883,65097.614583333336,250.04151773806348
2026-05-04T06:45:29+00:00,2026-05-04T12:30:29+05:45,2026-05-04,12:30:29,1777877129,0,6,12,nepse_official,OPEN,2026-05-04,ICFC,ICFC Finance Limited,610.1,620.0,610.1,,620.0,622.1,-2.1000000000000227,,71.0,43794.1,4.0,9.899999999999977,1.6226848057695424,-0.3375663076675812,10948.525,616.818309859155
2026-05-04T06:45:29+00:00,2026-05-04T12:30:29+05:45,2026-05-04,12:30:29,1777877129,0,6,12,nepse_official,OPEN,2026-05-04,ICFCD89,8% ICFC Finance Limited Debenture 2089,1086.6,1087.0,1086.5,,1087.0,1087.1,-0.09999999999990905,,100.0,108677.5,5.0,0.5,0.046015092950487765,-0.009198785760271277,21735.5,1086.775
2026-05-04T06:45:29+00:00,2026-05-04T12:30:29+05:45,2026-05-04,12:30:29,1777877129,0,6,12,nepse_official,OPEN,2026-05-04,IGI,IGI Prudential insurance Limited,428.0,428.0,425.0,,425.0,428.9,-3.8999999999999773,,100.0,42650.0,2.0,3.0,0.7009345794392523,-0.9093028678013472,21325.0,426.5
2026-05-04T06:45:29+00:00,2026-05-04T12:30:29+05:45,2026-05-04,12:30:29,1777877129,0,6,12,nepse_official,OPEN,2026-05-04,IHL,Ingwa Hydropower Limited,391.0,401.5,390.1,,395.0,395.0,0.0,,1904.0,748668.8,36.0,11.399999999999977,2.915601023017897,0.0,20796.355555555558,393.20840336134455
2026-05-04T06:45:29+00:00,2026-05-04T12:30:29+05:45,2026-05-04,12:30:29,1777877129,0,6,12,nepse_official,OPEN,2026-05-04,ILBS,Infinity Laghubitta Bittiya Sanstha Limited,920.0,944.5,920.0,,929.0,944.0,-15.0,,180.0,167065.0,6.0,24.5,2.6630434782608696,-1.5889830508474576,27844.166666666668,928.1388888888889
2026-05-04T06:45:29+00:00,2026-05-04T12:30:29+05:45,2026-05-04,12:30:29,1777877129,0,6,12,nepse_official,OPEN,2026-05-04,ILI,IME Life Insurance Company Limited,431.2,440.0,431.2,,432.0,433.5,-1.5,,840.0,363692.1,54.0,8.800000000000011,2.040816326530615,-0.34602076124567477,6735.038888888888,432.96678571428566
2026-05-04T06:45:29+00:00,2026-05-04T12:30:29+05:45,2026-05-04,12:30:29,1777877129,0,6,12,nepse_official,OPEN,2026-05-04,JBBL,Jyoti Bikas Bank Limited,360.1,366.7,355.3,,359.0,360.1,-1.1000000000000227,,8593.0,3105610.4,52.0,11.399999999999977,3.1657872813107404,-0.30547070258262227,59723.27692307692,361.4116606540207
2026-05-04T06:45:29+00:00,2026-05-04T12:30:29+05:45,2026-05-04,12:30:29,1777877129,0,6,12,nepse_official,OPEN,2026-05-04,JBLB,Jeevan Bikas Laghubitta  Bittya Sanstha Ltd,1255.0,1285.0,1255.0,,1258.0,1268.0,-10.0,,2015.0,2540482.5,61.0,30.0,2.3904382470119523,-0.7886435331230284,41647.25409836065,1260.7853598014888
2026-05-04T06:45:29+00:00,2026-05-04T12:30:29+05:45,2026-05-04,12:30:29,1777877129,0,6,12,nepse_official,OPEN,2026-05-04,JFL,Janaki Finance Company Limited,421.2,446.8,413.0,,414.0,409.0,5.0,,335.0,141614.0,11.0,33.80000000000001,8.024691358024693,1.2224938875305624,12874.0,422.7283582089552
2026-05-04T06:45:29+00:00,2026-05-04T12:30:29+05:45,2026-05-04,12:30:29,1777877129,0,6,12,nepse_official,OPEN,2026-05-04,JHAPA,Jhapa Energy Limited,1564.0,1648.0,1551.1,,1609.1,1564.0,45.09999999999991,,16135.0,25983074.3,199.0,96.90000000000009,6.195652173913049,2.8836317135549816,130568.21256281408,1610.3547753331268
2026-05-04T06:45:29+00:00,2026-05-04T12:30:29+05:45,2026-05-04,12:30:29,1777877129,0,6,12,nepse_official,OPEN,2026-05-04,JOSHI,Joshi Hydropower Development Company Ltd,278.0,282.0,277.5,,279.9,277.0,2.8999999999999773,,1613.0,449848.6,30.0,4.5,1.618705035971223,1.04693140794223,14994.953333333333,278.8893986360818
2026-05-04T06:45:29+00:00,2026-05-04T12:30:29+05:45,2026-05-04,12:30:29,1777877129,0,6,12,nepse_official,OPEN,2026-05-04,KBL,Kumari Bank Limited,215.0,219.9,212.5,,214.5,217.3,-2.8000000000000114,,71342.0,15365327.0,256.0,7.400000000000006,3.4418604651162816,-1.2885411872986707,60020.80859375,215.37561324325083
2026-05-04T06:45:29+00:00,2026-05-04T12:30:29+05:45,2026-05-04,12:30:29,1777877129,0,6,12,nepse_official,OPEN,2026-05-04,KBSH,Kutheli Bukhari Small Hydropower Limited,1535.5,1538.0,1535.5,,1535.5,1580.0,-44.5,,162.0,248854.5,7.0,2.5,0.16281341582546402,-2.8164556962025316,35550.642857142855,1536.138888888889
2026-05-04T06:45:29+00:00,2026-05-04T12:30:29+05:45,2026-05-04,12:30:29,1777877129,0,6,12,nepse_official,OPEN,2026-05-04,KDBY,Kumari Dhanabriddhi Yojana,12.28,12.28,11.26,,11.33,11.7,-0.3699999999999992,,3300.0,37922.0,19.0,1.0199999999999996,8.30618892508143,-3.162393162393156,1995.8947368421052,11.491515151515152
2026-05-04T06:45:29+00:00,2026-05-04T12:30:29+05:45,2026-05-04,12:30:29,1777877129,0,6,12,nepse_official,OPEN,2026-05-04,KDL,Kalinchowk Darshan Limited,812.0,830.0,800.0,,821.0,820.0,1.0,,1591.0,1304839.0,34.0,30.0,3.6945812807881775,0.12195121951219512,38377.617647058825,820.1376492771842
2026-05-04T06:45:29+00:00,2026-05-04T12:30:29+05:45,2026-05-04,12:30:29,1777877129,0,6,12,nepse_official,OPEN,2026-05-04,KEF,Kumari Equity Fund,10.59,10.61,10.59,,10.6,10.57,0.02999999999999936,,4190.0,44418.5,9.0,0.019999999999999574,0.18885741265344264,0.2838221381267678,4935.388888888889,10.601073985680191
2026-05-04T06:45:29+00:00,2026-05-04T12:30:29+05:45,2026-05-04,12:30:29,1777877129,0,6,12,nepse_official,OPEN,2026-05-04,KKHC,Khanikhola Hydropower Co. Ltd.,257.0,264.5,257.0,,258.6,262.0,-3.3999999999999773,,4895.0,1273564.5,46.0,7.5,2.9182879377431905,-1.2977099236641134,27686.184782608696,260.17660878447396
2026-05-04T06:45:29+00:00,2026-05-04T12:30:29+05:45,2026-05-04,12:30:29,1777877129,0,6,12,nepse_official,OPEN,2026-05-04,KMCDB,Kalika Laghubitta Bittiya Sanstha Ltd,865.3,880.0,865.3,,868.2,879.0,-10.799999999999955,,484.0,420692.7,9.0,14.700000000000045,1.6988327747602041,-1.2286689419795171,46743.63333333333,869.1997933884297
2026-05-04T06:45:29+00:00,2026-05-04T12:30:29+05:45,2026-05-04,12:30:29,1777877129,0,6,12,nepse_official,OPEN,2026-05-04,KPCL,Kalika power Company Ltd,486.0,486.0,483.0,,483.0,485.9,-2.8999999999999773,,1142.0,553813.0,12.0,3.0,0.6172839506172839,-0.5968306235850951,46151.083333333336,484.95008756567427
2026-05-04T06:45:29+00:00,2026-05-04T12:30:29+05:45,2026-05-04,12:30:29,1777877129,0,6,12,nepse_official,OPEN,2026-05-04,KSBBL,Kamana Sewa Bikas Bank Limited,470.1,477.9,468.0,,470.2,477.9,-7.699999999999989,,3128.0,1472109.8,25.0,9.899999999999977,2.1059349074664913,-1.6112157355095185,58884.392,470.62333759590797
2026-05-04T06:45:29+00:00,2026-05-04T12:30:29+05:45,2026-05-04,12:30:29,1777877129,0,6,12,nepse_official,OPEN,2026-05-04,KSY,Kumari Sabal Yojana,9.23,9.5,9.23,,9.41,9.51,-0.09999999999999964,,400.0,3754.0,4.0,0.2699999999999996,2.925243770314188,-1.0515247108307006,938.5,9.385
2026-05-04T06:45:29+00:00,2026-05-04T12:30:29+05:45,2026-05-04,12:30:29,1777877129,0,6,12,nepse_official,OPEN,2026-05-04,LBBL,Lumbini Bikas Bank Ltd.,504.0,504.0,488.0,,490.0,492.0,-2.0,,9482.0,4701120.1,42.0,16.0,3.1746031746031744,-0.40650406504065045,111931.43095238095,495.7941468044716
2026-05-04T06:45:29+00:00,2026-05-04T12:30:29+05:45,2026-05-04,12:30:29,1777877129,0,6,12,nepse_official,OPEN,2026-05-04,LEC,Liberty Energy Company Limited,223.0,225.0,218.1,,219.0,222.0,-3.0,,38653.0,8508746.8,114.0,6.900000000000006,3.094170403587446,-1.3513513513513513,74638.12982456142,220.13160168680312
2026-05-04T06:45:29+00:00,2026-05-04T12:30:29+05:45,2026-05-04,12:30:29,1777877129,0,6,12,nepse_official,OPEN,2026-05-04,LICN,Life Insurance Corporation (Nepal) Limited,805.2,823.0,802.2,,815.0,808.1,6.899999999999977,,3379.0,2736723.2,15.0,20.799999999999955,2.5832091405861837,0.8538547209503746,182448.21333333335,809.921041728322
2026-05-04T06:45:29+00:00,2026-05-04T12:30:29+05:45,2026-05-04,12:30:29,1777877129,0,6,12,nepse_official,OPEN,2026-05-04,LSL,Laxmi Sunrise Bank Limited,212.2,217.0,212.0,,214.4,216.5,-2.0999999999999943,,11542.0,2471071.8,51.0,5.0,2.35626767200754,-0.9699769053117757,48452.388235294115,214.0939005371686
2026-05-04T06:45:29+00:00,2026-05-04T12:30:29+05:45,2026-05-04,12:30:29,1777877129,0,6,12,nepse_official,OPEN,2026-05-04,LUK,Laxmi Unnati Kosh,9.95,9.95,9.95,,9.95,9.94,0.009999999999999787,,250.0,2487.5,1.0,0.0,0.0,0.10060362173038015,2487.5,9.95
2026-05-04T06:45:29+00:00,2026-05-04T12:30:29+05:45,2026-05-04,12:30:29,1777877129,0,6,12,nepse_official,OPEN,2026-05-04,LVF2,Laxmi Value Fund 2,10.2,10.2,9.9,,9.9,10.2,-0.29999999999999893,,528.0,5287.2,4.0,0.29999999999999893,2.9411764705882253,-2.9411764705882253,1321.8,10.013636363636364
2026-05-04T06:45:29+00:00,2026-05-04T12:30:29+05:45,2026-05-04,12:30:29,1777877129,0,6,12,nepse_official,OPEN,2026-05-04,MABEL,Mabilung Energy Limited,664.0,664.0,651.2,,652.0,664.0,-12.0,,1374.0,899536.2,43.0,12.799999999999955,1.9277108433734873,-1.8072289156626504,20919.446511627906,654.6842794759825
2026-05-04T06:45:29+00:00,2026-05-04T12:30:29+05:45,2026-05-04,12:30:29,1777877129,0,6,12,nepse_official,OPEN,2026-05-04,MAKAR,Makar Jitumaya Suri Hydropower Limited,489.0,490.0,489.0,,490.0,492.0,-2.0,,2533.0,1239799.0,21.0,1.0,0.2044989775051125,-0.40650406504065045,59038.04761904762,489.45874457165417
2026-05-04T06:45:29+00:00,2026-05-04T12:30:29+05:45,2026-05-04,12:30:29,1777877129,0,6,12,nepse_official,OPEN,2026-05-04,MANDU,Mandu Hydropower Limited,803.5,803.5,799.4,,800.0,803.5,-3.5,,200.0,160016.0,12.0,4.100000000000023,0.5102675793403886,-0.43559427504667086,13334.666666666666,800.08
2026-05-04T06:45:29+00:00,2026-05-04T12:30:29+05:45,2026-05-04,12:30:29,1777877129,0,6,12,nepse_official,OPEN,2026-05-04,MATRI,Matribhumi Lagubitta Bittiya Sanstha Limited,918.0,918.0,900.0,,900.0,919.5,-19.5,,116.0,105465.0,5.0,18.0,1.9607843137254901,-2.1207177814029365,21093.0,909.1810344827586
2026-05-04T06:45:29+00:00,2026-05-04T12:30:29+05:45,2026-05-04,12:30:29,1777877129,0,6,12,nepse_official,OPEN,2026-05-04,MBJC,Madhya Bhotekoshi Jalavidyut Company Limited,279.0,281.0,277.0,,279.0,281.0,-2.0,,10115.0,2829151.0,99.0,4.0,1.4336917562724014,-0.7117437722419928,28577.282828282827,279.6985664854177
2026-05-04T06:45:29+00:00,2026-05-04T12:30:29+05:45,2026-05-04,12:30:29,1777877129,0,6,12,nepse_official,OPEN,2026-05-04,MBL,Machhapuchhre Bank Limited,242.0,247.0,241.0,,244.0,242.1,1.9000000000000057,,10263.0,2512047.6,31.0,6.0,2.479338842975207,0.7847996695580362,81033.7935483871,244.76737795966093
2026-05-04T06:45:29+00:00,2026-05-04T12:30:29+05:45,2026-05-04,12:30:29,1777877129,0,6,12,nepse_official,OPEN,2026-05-04,MBLEF,MBL Equity Fund,10.0,10.2,9.86,,9.86,10.0,-0.14000000000000057,,1400.0,13968.0,12.0,0.33999999999999986,3.399999999999999,-1.4000000000000057,1164.0,9.977142857142857
2026-05-04T06:45:29+00:00,2026-05-04T12:30:29+05:45,2026-05-04,12:30:29,1777877129,0,6,12,nepse_official,OPEN,2026-05-04,MCHL,Menchhiyam Hydropower Limited,322.0,327.0,317.5,,320.0,322.0,-2.0,,411.0,131919.6,17.0,9.5,2.950310559006211,-0.6211180124223602,7759.976470588235,320.97226277372266
2026-05-04T06:45:29+00:00,2026-05-04T12:30:29+05:45,2026-05-04,12:30:29,1777877129,0,6,12,nepse_official,OPEN,2026-05-04,MDB,Miteri Development Bank Limited,588.0,588.0,577.0,,580.0,585.0,-5.0,,2078.0,1205971.0,28.0,11.0,1.870748299319728,-0.8547008547008548,43070.392857142855,580.351780558229
2026-05-04T06:45:29+00:00,2026-05-04T12:30:29+05:45,2026-05-04,12:30:29,1777877129,0,6,12,nepse_official,OPEN,2026-05-04,MEHL,Manakamana Engineering Hydropower Limited,400.5,400.5,388.5,,388.6,395.9,-7.2999999999999545,,880.0,343409.0,18.0,12.0,2.9962546816479403,-1.843899974741085,19078.277777777777,390.2375
2026-05-04T06:45:29+00:00,2026-05-04T12:30:29+05:45,2026-05-04,12:30:29,1777877129,0,6,12,nepse_official,OPEN,2026-05-04,MEL,Modi Energy Limited,245.0,250.0,239.0,,242.0,250.0,-8.0,,10479.0,2547055.7,103.0,11.0,4.489795918367347,-3.2,24728.696116504856,243.06285905143622
2026-05-04T06:45:29+00:00,2026-05-04T12:30:29+05:45,2026-05-04,12:30:29,1777877129,0,6,12,nepse_official,OPEN,2026-05-04,MEN,Mountain Energy Nepal Limited,570.0,622.0,570.0,,581.6,583.5,-1.8999999999999773,,16356.0,9759651.6,85.0,52.0,9.12280701754386,-0.32562125107111867,114819.4305882353,596.7016140865737
2026-05-04T06:45:29+00:00,2026-05-04T12:30:29+05:45,2026-05-04,12:30:29,1777877129,0,6,12,nepse_official,OPEN,2026-05-04,MERO,Mero Microfinance Bittiya Sanstha Ltd.,707.1,707.1,707.0,,707.0,718.8,-11.799999999999955,,81.0,57268.0,4.0,0.10000000000002274,0.014142271248765768,-1.6416249304396155,14317.0,707.0123456790124
2026-05-04T06:45:29+00:00,2026-05-04T12:30:29+05:45,2026-05-04,12:30:29,1777877129,0,6,12,nepse_official,OPEN,2026-05-04,MFIL,Manjushree Finance Ltd.,755.3,784.0,755.3,,769.9,768.1,1.7999999999999545,,946.0,725381.0,15.0,28.700000000000045,3.7998146431881437,0.23434448639499472,48358.73333333333,766.7875264270613
2026-05-04T06:45:29+00:00,2026-05-04T12:30:29+05:45,2026-05-04,12:30:29,1777877129,0,6,12,nepse_official,OPEN,2026-05-04,MHCL,Molung Hydropower Company Limited,341.2,346.0,341.2,,345.0,350.6,-5.600000000000023,,3250.0,1120423.8,37.0,4.800000000000011,1.4067995310668264,-1.5972618368511187,30281.724324324325,344.74578461538465
2026-05-04T06:45:29+00:00,2026-05-04T12:30:29+05:45,2026-05-04,12:30:29,1777877129,0,6,12,nepse_official,OPEN,2026-05-04,MHL,Mandakini Hydropower Limited,500.0,510.0,493.8,,507.0,497.0,10.0,,5685.0,2887424.5,50.0,16.19999999999999,3.2399999999999975,2.0120724346076457,57748.49,507.90228671943714
2026-05-04T06:45:29+00:00,2026-05-04T12:30:29+05:45,2026-05-04,12:30:29,1777877129,0,6,12,nepse_official,OPEN,2026-05-04,MHNL,Mountain Hydro Nepal Limited,261.0,261.0,256.5,,258.5,261.0,-2.5,,3143.0,816339.2,20.0,4.5,1.7241379310344827,-0.9578544061302682,40816.96,259.7324848870506
2026-05-04T06:45:29+00:00,2026-05-04T12:30:29+05:45,2026-05-04,12:30:29,1777877129,0,6,12,nepse_official,OPEN,2026-05-04,MKCL,Muktinath Krishi Company Limited,1343.0,1343.0,1301.0,,1306.0,1315.0,-9.0,,100.0,132180.0,8.0,42.0,3.1273268801191363,-0.6844106463878328,16522.5,1321.8
2026-05-04T06:45:29+00:00,2026-05-04T12:30:29+05:45,2026-05-04,12:30:29,1777877129,0,6,12,nepse_official,OPEN,2026-05-04,MKHC,Maya Khola Hydropower Company Limited,325.0,325.0,317.1,,318.0,319.0,-1.0,,4495.0,1431684.3,33.0,7.899999999999977,2.430769230769224,-0.3134796238244514,43384.37272727273,318.50596218020024
2026-05-04T06:45:29+00:00,2026-05-04T12:30:29+05:45,2026-05-04,12:30:29,1777877129,0,6,12,nepse_official,OPEN,2026-05-04,MKHL,Mai Khola Hydropower Limited,532.0,532.0,502.0,,524.0,559.0,-35.0,,15308.0,7861960.7,258.0,30.0,5.639097744360902,-6.261180679785331,30472.715891472868,513.5850992944866
2026-05-04T06:45:29+00:00,2026-05-04T12:30:29+05:45,2026-05-04,12:30:29,1777877129,0,6,12,nepse_official,OPEN,2026-05-04,MKJC,Mailung Khola Jal Vidhyut Company Limited,509.0,509.0,494.3,,495.0,498.0,-3.0,,1015.0,507441.3,9.0,14.699999999999989,2.8880157170923355,-0.6024096385542169,56382.36666666667,499.94216748768474
2026-05-04T06:45:29+00:00,2026-05-04T12:30:29+05:45,2026-05-04,12:30:29,1777877129,0,6,12,nepse_official,OPEN,2026-05-04,MLBBL,Mithila LaghuBitta Bittiya Sanstha Limited,1201.0,1201.1,1201.0,,1201.1,1205.0,-3.900000000000091,,44.0,52847.0,2.0,0.09999999999990905,0.008326394671099838,-0.3236514522821652,26423.5,1201.0681818181818
2026-05-04T06:45:29+00:00,2026-05-04T12:30:29+05:45,2026-05-04,12:30:29,1777877129,0,6,12,nepse_official,OPEN,2026-05-04,MLBL,Mahalaxmi Bikas Bank Ltd.,363.0,365.0,361.0,,361.0,366.0,-5.0,,4216.0,1529427.0,31.0,4.0,1.1019283746556474,-1.366120218579235,49336.354838709674,362.7673149905123
2026-05-04T06:45:29+00:00,2026-05-04T12:30:29+05:45,2026-05-04,12:30:29,1777877129,0,6,12,nepse_official,OPEN,2026-05-04,MLBS,Manushi Laghubitta Bittiya Sanstha Limited,1223.0,1223.0,1211.1,,1211.1,1245.0,-33.90000000000009,,266.0,323535.0,9.0,11.900000000000091,0.9730171708912584,-2.7228915662650675,35948.333333333336,1216.296992481203
2026-05-04T06:45:29+00:00,2026-05-04T12:30:29+05:45,2026-05-04,12:30:29,1777877129,0,6,12,nepse_official,OPEN,2026-05-04,MLBSL,Mahila Lagubitta Bittiya Sanstha Limited ,1750.1,1756.1,1750.1,,1756.0,1789.0,-33.0,,107.0,187379.7,3.0,6.0,0.34283755213987777,-1.8446059250978202,62459.9,1751.2121495327103
2026-05-04T06:45:29+00:00,2026-05-04T12:30:29+05:45,2026-05-04,12:30:29,1777877129,0,6,12,nepse_official,OPEN,2026-05-04,MMF1,Mega Mutual Fund -1,9.56,9.8,9.08,,9.25,9.56,-0.3100000000000005,,12900.0,121788.0,21.0,0.7200000000000006,7.531380753138081,-3.2426778242677874,5799.428571428572,9.44093023255814
2026-05-04T06:45:29+00:00,2026-05-04T12:30:29+05:45,2026-05-04,12:30:29,1777877129,0,6,12,nepse_official,OPEN,2026-05-04,MMKJL,Mathillo Mailun Khola Jalvidhyut Limited,491.3,491.3,485.7,,487.1,498.0,-10.899999999999977,,90.0,43864.0,9.0,5.600000000000023,1.1398330958681095,-2.188755020080317,4873.777777777777,487.3777777777778
2026-05-04T06:45:29+00:00,2026-05-04T12:30:29+05:45,2026-05-04,12:30:29,1777877129,0,6,12,nepse_official,OPEN,2026-05-04,MNBBL,Muktinath Bikas Bank Ltd.,371.0,375.0,367.0,,371.0,372.0,-1.0,,6095.0,2252652.6,57.0,8.0,2.15633423180593,-0.2688172043010753,39520.22105263158,369.5902543068089
2026-05-04T06:45:29+00:00,2026-05-04T12:30:29+05:45,2026-05-04,12:30:29,1777877129,0,6,12,nepse_official,OPEN,2026-05-04,MNMF1,Muktinath Mutual Fund 1,9.56,9.75,9.56,,9.7,9.85,-0.15000000000000036,,7600.0,73761.0,10.0,0.1899999999999995,1.9874476987447647,-1.5228426395939123,7376.1,9.705394736842106
2026-05-04T06:45:29+00:00,2026-05-04T12:30:29+05:45,2026-05-04,12:30:29,1777877129,0,6,12,nepse_official,OPEN,2026-05-04,MPFL,Multipurpose Finance Company  Limited,620.0,620.0,603.0,,603.0,609.9,-6.899999999999977,,290.0,175630.0,5.0,17.0,2.741935483870968,-1.1313330054107194,35126.0,605.6206896551724
2026-05-04T06:45:29+00:00,2026-05-04T12:30:29+05:45,2026-05-04,12:30:29,1777877129,0,6,12,nepse_official,OPEN,2026-05-04,MSHL,Mid Solu Hydropower Limited,705.6,706.0,705.6,,705.7,727.1,-21.399999999999977,,130.0,91746.0,4.0,0.39999999999997726,0.05668934240362489,-2.943199009764816,22936.5,705.7384615384616
2026-05-04T06:45:29+00:00,2026-05-04T12:30:29+05:45,2026-05-04,12:30:29,1777877129,0,6,12,nepse_official,OPEN,2026-05-04,MSLB,Mahuli Laghubitta Bittiya Sanstha Limited,1265.0,1274.9,1228.0,,1235.2,1241.1,-5.899999999999864,,2465.0,3113412.0,22.0,46.90000000000009,3.7075098814229324,-0.47538473934411923,141518.72727272726,1263.0474645030426
2026-05-04T06:45:29+00:00,2026-05-04T12:30:29+05:45,2026-05-04,12:30:29,1777877129,0,6,12,nepse_official,OPEN,2026-05-04,NABBC,Narayani Development Bank Limited,1157.0,1184.0,1122.3,,1123.0,1192.0,-69.0,,4315.0,4871096.8,55.0,61.700000000000045,5.332757130509943,-5.7885906040268456,88565.39636363636,1128.8752723059097
2026-05-04T06:45:29+00:00,2026-05-04T12:30:29+05:45,2026-05-04,12:30:29,1777877129,0,6,12,nepse_official,OPEN,2026-05-04,NABIL,Nabil Bank Limited,528.0,535.0,523.5,,524.8,528.0,-3.2000000000000455,,15172.0,8002949.5,281.0,11.5,2.178030303030303,-0.6060606060606146,28480.247330960854,527.4815119957817
2026-05-04T06:45:29+00:00,2026-05-04T12:30:29+05:45,2026-05-04,12:30:29,1777877129,0,6,12,nepse_official,OPEN,2026-05-04,NABILD87,9% Nabil Debenture 2087,1135.0,1135.0,1135.0,,1135.0,1135.0,0.0,,5.0,5525.0,1.0,0.0,0.0,0.0,5525.0,1105.0
2026-05-04T06:45:29+00:00,2026-05-04T12:30:29+05:45,2026-05-04,12:30:29,1777877129,0,6,12,nepse_official,OPEN,2026-05-04,NBF2,NABIL BALANCED FUND-2,9.84,9.84,9.84,,9.84,10.0,-0.16000000000000014,,300.0,2952.0,2.0,0.0,0.0,-1.6000000000000014,1476.0,9.84
2026-05-04T06:45:29+00:00,2026-05-04T12:30:29+05:45,2026-05-04,12:30:29,1777877129,0,6,12,nepse_official,OPEN,2026-05-04,NBF3,Nabil Balanced Fund-3,9.62,9.68,9.62,,9.68,9.78,-0.09999999999999964,,4800.0,46366.0,12.0,0.0600000000000005,0.623700623700629,-1.0224948875255588,3863.8333333333335,9.659583333333334
2026-05-04T06:45:29+00:00,2026-05-04T12:30:29+05:45,2026-05-04,12:30:29,1777877129,0,6,12,nepse_official,OPEN,2026-05-04,NBL,Nepal Bank Limited,268.0,269.9,266.0,,266.2,268.0,-1.8000000000000114,,7150.0,1908514.0,59.0,3.8999999999999773,1.4552238805970064,-0.6716417910447804,32347.694915254237,266.92503496503497
2026-05-04T06:45:29+00:00,2026-05-04T12:30:29+05:45,2026-05-04,12:30:29,1777877129,0,6,12,nepse_official,OPEN,2026-05-04,NESDO,NESDO Sambridha Laghubitta Bittiya Sanstha Limited,1510.0,1538.0,1510.0,,1520.0,1538.0,-18.0,,3442.0,5231800.0,5.0,28.0,1.8543046357615895,-1.1703511053315996,1046360.0,1519.988378849506
2026-05-04T06:45:29+00:00,2026-05-04T12:30:29+05:45,2026-05-04,12:30:29,1777877129,0,6,12,nepse_official,OPEN,2026-05-04,NFS,Nepal Finance Ltd.,594.0,594.0,577.1,,578.0,582.0,-4.0,,1810.0,1046437.6,20.0,16.899999999999977,2.845117845117841,-0.6872852233676976,52321.88,578.1423204419889
2026-05-04T06:45:29+00:00,2026-05-04T12:30:29+05:45,2026-05-04,12:30:29,1777877129,0,6,12,nepse_official,OPEN,2026-05-04,NGPL,Ngadi Group Power Ltd.,435.0,439.0,430.1,,431.5,437.0,-5.5,,50072.0,21675523.0,168.0,8.899999999999977,2.045977011494248,-1.2585812356979404,129020.97023809524,432.8871025722959
2026-05-04T06:45:29+00:00,2026-05-04T12:30:29+05:45,2026-05-04,12:30:29,1777877129,0,6,12,nepse_official,OPEN,2026-05-04,NHDL,Nepal Hydro Developers Ltd.,642.0,642.0,615.2,,615.2,627.0,-11.799999999999955,,1866.0,1159394.4,22.0,26.799999999999955,4.174454828660429,-1.8819776714513483,52699.74545454545,621.3260450160772
2026-05-04T06:45:29+00:00,2026-05-04T12:30:29+05:45,2026-05-04,12:30:29,1777877129,0,6,12,nepse_official,OPEN,2026-05-04,NHPC,National Hydro Power Company Limited,296.0,299.7,288.2,,288.3,296.0,-7.699999999999989,,74413.0,21776330.5,333.0,11.5,3.885135135135135,-2.6013513513513478,65394.38588588589,292.64148065526183
2026-05-04T06:45:29+00:00,2026-05-04T12:30:29+05:45,2026-05-04,12:30:29,1777877129,0,6,12,nepse_official,OPEN,2026-05-04,NIBLGF,NIBL Growth Fund,9.4,9.4,9.37,,9.37,9.65,-0.28000000000000114,,1200.0,11247.0,4.0,0.030000000000001137,0.31914893617022483,-2.9015544041450894,2811.75,9.3725
2026-05-04T06:45:29+00:00,2026-05-04T12:30:29+05:45,2026-05-04,12:30:29,1777877129,0,6,12,nepse_official,OPEN,2026-05-04,NIBLSTF,NIBL Stable Fund,9.0,9.44,8.8,,9.44,9.0,0.4399999999999995,,99445.0,895344.0,22.0,0.6399999999999988,7.111111111111097,4.888888888888884,40697.454545454544,9.003408919503244
2026-05-04T06:45:29+00:00,2026-05-04T12:30:29+05:45,2026-05-04,12:30:29,1777877129,0,6,12,nepse_official,OPEN,2026-05-04,NIBSF2,NIBL Samriddhi Fund -2,9.02,9.06,9.02,,9.06,9.27,-0.20999999999999908,,2200.0,19889.0,6.0,0.040000000000000924,0.44345898004435613,-2.2653721682847796,3314.8333333333335,9.040454545454546
2026-05-04T06:45:29+00:00,2026-05-04T12:30:29+05:45,2026-05-04,12:30:29,1777877129,0,6,12,nepse_official,OPEN,2026-05-04,NICA,NIC Asia Bank Ltd.,375.0,375.0,360.1,,365.0,358.0,7.0,,148956.0,54499191.6,554.0,14.899999999999977,3.9733333333333274,1.9553072625698324,98373.99205776173,365.8744300330299
2026-05-04T06:45:29+00:00,2026-05-04T12:30:29+05:45,2026-05-04,12:30:29,1777877129,0,6,12,nepse_official,OPEN,2026-05-04,NICAD2091,7% NIC ASIA Debenture 2091,1040.2,1040.2,1040.2,,1040.2,1068.0,-27.799999999999955,,25.0,26005.0,1.0,0.0,0.0,-2.6029962546816434,26005.0,1040.2
2026-05-04T06:45:29+00:00,2026-05-04T12:30:29+05:45,2026-05-04,12:30:29,1777877129,0,6,12,nepse_official,OPEN,2026-05-04,NICBF,NIC Asia Balanced Fund,9.47,9.47,9.3,,9.3,9.5,-0.1999999999999993,,2700.0,25229.0,4.0,0.16999999999999993,1.7951425554382252,-2.1052631578947296,6307.25,9.344074074074074
2026-05-04T06:45:29+00:00,2026-05-04T12:30:29+05:45,2026-05-04,12:30:29,1777877129,0,6,12,nepse_official,OPEN,2026-05-04,NICFC,NIC Asia Flexi CAP Fund,8.97,9.18,8.97,,9.0,9.18,-0.17999999999999972,,1800.0,16198.0,11.0,0.20999999999999908,2.341137123745809,-1.960784313725487,1472.5454545454545,8.998888888888889
2026-05-04T06:45:29+00:00,2026-05-04T12:30:29+05:45,2026-05-04,12:30:29,1777877129,0,6,12,nepse_official,OPEN,2026-05-04,NICGF2,NIC ASIA Growth Fund-2,9.05,9.21,9.05,,9.21,9.31,-0.09999999999999964,,500.0,4577.0,4.0,0.16000000000000014,1.7679558011049739,-1.0741138560687395,1144.25,9.154
2026-05-04T06:45:29+00:00,2026-05-04T12:30:29+05:45,2026-05-04,12:30:29,1777877129,0,6,12,nepse_official,OPEN,2026-05-04,NICL,Nepal Insurance Co. Ltd.,475.3,489.0,475.3,,479.0,482.2,-3.1999999999999886,,432.0,207111.0,9.0,13.699999999999989,2.8823900694298312,-0.6636250518457047,23012.333333333332,479.4236111111111
2026-05-04T06:45:29+00:00,2026-05-04T12:30:29+05:45,2026-05-04,12:30:29,1777877129,0,6,12,nepse_official,OPEN,2026-05-04,NICLBSL,NIC ASIA Laghubitta Bittiya Sanstha Limited,574.0,584.0,567.0,,571.0,576.5,-5.5,,2272.0,1295001.5,40.0,17.0,2.961672473867596,-0.9540329575021683,32375.0375,569.9830545774648
2026-05-04T06:45:29+00:00,2026-05-04T12:30:29+05:45,2026-05-04,12:30:29,1777877129,0,6,12,nepse_official,OPEN,2026-05-04,NICSF,NIC Asia Select Fund 30,9.1,9.1,8.89,,9.0,9.38,-0.3800000000000008,,1320.0,11911.0,8.0,0.20999999999999908,2.3076923076922977,-4.051172707889133,1488.875,9.023484848484848
2026-05-04T06:45:29+00:00,2026-05-04T12:30:29+05:45,2026-05-04,12:30:29,1777877129,0,6,12,nepse_official,OPEN,2026-05-04,NIFRA,Nepal Infrastructure Bank Limited,260.1,263.0,258.3,,259.1,261.2,-2.099999999999966,,21358.0,5550607.3,218.0,4.699999999999989,1.806997308727408,-0.8039816232771693,25461.50137614679,259.8842260511284
2026-05-04T06:45:29+00:00,2026-05-04T12:30:29+05:45,2026-05-04,12:30:29,1777877129,0,6,12,nepse_official,OPEN,2026-05-04,NIFRAGED,Nifra Green Energy Debenture 6% - 2088/89,1032.1,1033.1,1032.0,,1033.1,1032.0,1.099999999999909,,125.0,129035.0,3.0,1.099999999999909,0.10657881988178558,0.1065891472868129,43011.666666666664,1032.28
2026-05-04T06:45:29+00:00,2026-05-04T12:30:29+05:45,2026-05-04,12:30:29,1777877129,0,6,12,nepse_official,OPEN,2026-05-04,NIL,Neco Insurance Limited,619.0,619.0,600.5,,619.0,611.9,7.100000000000023,,3863.0,2376854.2,25.0,18.5,2.988691437802908,1.1603203137767648,95074.168,615.2871343515403
2026-05-04T06:45:29+00:00,2026-05-04T12:30:29+05:45,2026-05-04,12:30:29,1777877129,0,6,12,nepse_official,OPEN,2026-05-04,NIMB,Nepal Investment Mega Bank Limited,196.0,202.0,196.0,,196.5,198.0,-1.5,,32359.0,6384542.8,175.0,6.0,3.061224489795918,-0.7575757575757576,36483.101714285716,197.30346426032943
2026-05-04T06:45:29+00:00,2026-05-04T12:30:29+05:45,2026-05-04,12:30:29,1777877129,0,6,12,nepse_official,OPEN,2026-05-04,NIMBPO,Nepal Investment Mega Bank Ltd. Promoter Share,150.0,150.0,150.0,,150.0,149.3,0.6999999999999886,,1500.0,225000.0,2.0,0.0,0.0,0.46885465505692475,112500.0,150.0
2026-05-04T06:45:29+00:00,2026-05-04T12:30:29+05:45,2026-05-04,12:30:29,1777877129,0,6,12,nepse_official,OPEN,2026-05-04,NLG,NLG Insurance Company Ltd.,595.0,598.9,590.0,,590.0,600.0,-10.0,,4287.0,2545691.0,9.0,8.899999999999977,1.495798319327727,-1.6666666666666667,282854.55555555556,593.8164217401446
2026-05-04T06:45:29+00:00,2026-05-04T12:30:29+05:45,2026-05-04,12:30:29,1777877129,0,6,12,nepse_official,OPEN,2026-05-04,NLIC,Nepal Life Insurance Co. Ltd.,765.0,775.0,758.0,,762.0,762.9,-0.8999999999999773,,9257.0,7033616.4,77.0,17.0,2.2222222222222223,-0.11797090051120426,91345.66753246753,759.8159662957762
2026-05-04T06:45:29+00:00,2026-05-04T12:30:29+05:45,2026-05-04,12:30:29,1777877129,0,6,12,nepse_official,OPEN,2026-05-04,NLICL,National Life Insurance Co. Ltd.,590.0,590.0,577.5,,578.0,587.0,-9.0,,2124.0,1230938.0,14.0,12.5,2.11864406779661,-1.5332197614991483,87924.14285714286,579.5376647834275
2026-05-04T06:45:29+00:00,2026-05-04T12:30:29+05:45,2026-05-04,12:30:29,1777877129,0,6,12,nepse_official,OPEN,2026-05-04,NMB,NMB Bank Limited,252.4,252.4,238.2,,238.2,240.4,-2.200000000000017,,6570.0,1570089.2,46.0,14.200000000000017,5.625990491283684,-0.9151414309484263,34132.37391304348,238.9785692541857
2026-05-04T06:45:29+00:00,2026-05-04T12:30:29+05:45,2026-05-04,12:30:29,1777877129,0,6,12,nepse_official,OPEN,2026-05-04,NMB50,NMB 50,10.32,10.32,10.32,,10.32,10.5,-0.17999999999999972,,600.0,6192.0,2.0,0.0,0.0,-1.7142857142857115,3096.0,10.32
2026-05-04T06:45:29+00:00,2026-05-04T12:30:29+05:45,2026-05-04,12:30:29,1777877129,0,6,12,nepse_official,OPEN,2026-05-04,NMBD87/88,NMB Debenture 8.50% - 2087/88,1070.0,1070.0,1070.0,,1070.0,1074.0,-4.0,,25.0,26750.0,1.0,0.0,0.0,-0.37243947858473,26750.0,1070.0
2026-05-04T06:45:29+00:00,2026-05-04T12:30:29+05:45,2026-05-04,12:30:29,1777877129,0,6,12,nepse_official,OPEN,2026-05-04,NMBHF2,NMB Hybrid Fund L- II,9.45,9.7,9.45,,9.46,9.47,-0.009999999999999787,,2300.0,21870.0,12.0,0.25,2.6455026455026456,-0.10559662090812867,1822.5,9.508695652173913
2026-05-04T06:45:29+00:00,2026-05-04T12:30:29+05:45,2026-05-04,12:30:29,1777877129,0,6,12,nepse_official,OPEN,2026-05-04,NMBMF,NMB  Microfinance Bittiya Sanstha Ltd.,627.5,636.0,627.5,,636.0,636.2,-0.20000000000004547,,64.0,40602.0,2.0,8.5,1.3545816733067728,-0.031436655139900266,20301.0,634.40625
2026-05-04T06:45:29+00:00,2026-05-04T12:30:29+05:45,2026-05-04,12:30:29,1777877129,0,6,12,nepse_official,OPEN,2026-05-04,NMFBS,National Laghubitta Bittiya Sanstha Limited,1051.9,1110.0,1051.9,,1100.0,1097.1,2.900000000000091,,215.0,232300.2,15.0,58.09999999999991,5.523338720410676,0.26433324218394777,15486.68,1080.466046511628
2026-05-04T06:45:29+00:00,2026-05-04T12:30:29+05:45,2026-05-04,12:30:29,1777877129,0,6,12,nepse_official,OPEN,2026-05-04,NMIC,Nepal Micro Insurance Company Limited,1038.0,1038.0,982.5,,990.0,1010.0,-20.0,,2285.0,2277366.0,66.0,55.5,5.346820809248555,-1.9801980198019802,34505.545454545456,996.6590809628009
2026-05-04T06:45:29+00:00,2026-05-04T12:30:29+05:45,2026-05-04,12:30:29,1777877129,0,6,12,nepse_official,OPEN,2026-05-04,NMLBBL,Nerude Mirmire Laghubitta Bittiya Sanstha Limited,614.9,614.9,606.0,,606.0,610.0,-4.0,,727.0,441592.4,19.0,8.899999999999977,1.447389819482839,-0.6557377049180327,23241.705263157895,607.4173314993122
2026-05-04T06:45:29+00:00,2026-05-04T12:30:29+05:45,2026-05-04,12:30:29,1777877129,0,6,12,nepse_official,OPEN,2026-05-04,NRIC,Nepal Reinsurance Company Limited,881.0,889.5,875.0,,876.0,880.6,-4.600000000000023,,6338.0,5578220.4,90.0,14.5,1.6458569807037458,-0.5223711106064073,61980.22666666667,880.1231303250237
2026-05-04T06:45:29+00:00,2026-05-04T12:30:29+05:45,2026-05-04,12:30:29,1777877129,0,6,12,nepse_official,OPEN,2026-05-04,NRM,Nepal Republic Media Limited,399.0,399.0,396.1,,396.3,400.0,-3.6999999999999886,,800.0,317112.0,16.0,2.8999999999999773,0.7268170426065106,-0.9249999999999972,19819.5,396.39
2026-05-04T06:45:29+00:00,2026-05-04T12:30:29+05:45,2026-05-04,12:30:29,1777877129,0,6,12,nepse_official,OPEN,2026-05-04,NRN,NRN Infrastructure and Development Limited,1470.0,1470.0,1410.0,,1420.0,1443.0,-23.0,,16689.0,23685494.5,152.0,60.0,4.081632653061225,-1.593901593901594,155825.62171052632,1419.2279046078256
2026-05-04T06:45:29+00:00,2026-05-04T12:30:29+05:45,2026-05-04,12:30:29,1777877129,0,6,12,nepse_official,OPEN,2026-05-04,NSIF2,NMB Sulav Investment Fund - 2,10.51,10.51,10.51,,10.51,10.81,-0.3000000000000007,,1000.0,10510.0,1.0,0.0,0.0,-2.775208140610552,10510.0,10.51
2026-05-04T06:45:29+00:00,2026-05-04T12:30:29+05:45,2026-05-04,12:30:29,1777877129,0,6,12,nepse_official,OPEN,2026-05-04,NSY,Nepal Life Samriddhi Lagani Yojana,9.25,9.45,9.13,,9.25,9.44,-0.1899999999999995,,5600.0,51480.0,20.0,0.3199999999999985,3.4594594594594437,-2.0127118644067745,2574.0,9.192857142857143
2026-05-04T06:45:29+00:00,2026-05-04T12:30:29+05:45,2026-05-04,12:30:29,1777877129,0,6,12,nepse_official,OPEN,2026-05-04,NTC,Nepal Doorsanchar Company Limited,872.0,882.0,872.0,,876.0,872.0,4.0,,824.0,722334.0,42.0,10.0,1.146788990825688,0.45871559633027525,17198.428571428572,876.6189320388349
2026-05-04T06:45:29+00:00,2026-05-04T12:30:29+05:45,2026-05-04,12:30:29,1777877129,0,6,12,nepse_official,OPEN,2026-05-04,NUBL,Nirdhan Utthan Laghubitta Bittiya Sanstha Limited,670.3,670.4,670.3,,670.4,678.0,-7.600000000000023,,149.0,99879.1,2.0,0.10000000000002274,0.014918693122485864,-1.1209439528023633,49939.55,670.3295302013423
2026-05-04T06:45:29+00:00,2026-05-04T12:30:29+05:45,2026-05-04,12:30:29,1777877129,0,6,12,nepse_official,OPEN,2026-05-04,NWCL,Nepal Warehousing Company Limited ,780.0,800.0,780.0,,800.0,793.9,6.100000000000023,,70.0,54980.0,7.0,20.0,2.564102564102564,0.7683587353571008,7854.285714285715,785.4285714285714
2026-05-04T06:45:29+00:00,2026-05-04T12:30:29+05:45,2026-05-04,12:30:29,1777877129,0,6,12,nepse_official,OPEN,2026-05-04,NYADI,Nyadi Hydropower Limited,382.1,390.0,382.1,,386.0,391.0,-5.0,,1055.0,407836.5,18.0,7.899999999999977,2.0675215912064844,-1.278772378516624,22657.583333333332,386.57488151658765
2026-05-04T06:45:29+00:00,2026-05-04T12:30:29+05:45,2026-05-04,12:30:29,1777877129,0,6,12,nepse_official,OPEN,2026-05-04,OHL,Oriental Hotels Limited,697.0,697.0,696.0,,696.0,697.0,-1.0,,385.0,268245.0,6.0,1.0,0.1434720229555237,-0.1434720229555237,44707.5,696.7402597402597
2026-05-04T06:45:29+00:00,2026-05-04T12:30:29+05:45,2026-05-04,12:30:29,1777877129,0,6,12,nepse_official,OPEN,2026-05-04,OMPL,Om Megashree Pharmaceuticals Limited,1140.0,1145.0,1137.0,,1143.0,1154.9,-11.900000000000091,,594.0,677604.0,29.0,8.0,0.7017543859649122,-1.0303922417525404,23365.655172413793,1140.7474747474748
2026-05-04T06:45:29+00:00,2026-05-04T12:30:29+05:45,2026-05-04,12:30:29,1777877129,0,6,12,nepse_official,OPEN,2026-05-04,PBLD87,8.5% Prabhu Bank Debenture 2087,1060.0,1060.0,1060.0,,1060.0,1080.1,-20.09999999999991,,25.0,26500.0,1.0,0.0,0.0,-1.860938801962773,26500.0,1060.0
2026-05-04T06:45:29+00:00,2026-05-04T12:30:29+05:45,2026-05-04,12:30:29,1777877129,0,6,12,nepse_official,OPEN,2026-05-04,PCBL,Prime Commercial Bank Ltd.,229.0,239.0,229.0,,237.5,238.0,-0.5,,8740.0,2076642.7,49.0,10.0,4.366812227074235,-0.21008403361344538,42380.46326530612,237.60213958810067
2026-05-04T06:45:29+00:00,2026-05-04T12:30:29+05:45,2026-05-04,12:30:29,1777877129,0,6,12,nepse_official,OPEN,2026-05-04,PCIL,Palpa Cement Industries Limited,948.0,960.0,910.0,,921.7,948.0,-26.299999999999955,,39969.0,36927512.2,2584.0,50.0,5.274261603375527,-2.7742616033755225,14290.832894736843,923.9038304686133
2026-05-04T06:45:29+00:00,2026-05-04T12:30:29+05:45,2026-05-04,12:30:29,1777877129,0,6,12,nepse_official,OPEN,2026-05-04,PFL,Pokhara Finance Ltd.,374.0,386.0,373.1,,375.5,379.9,-4.399999999999977,,1757.0,666392.6,19.0,12.899999999999977,3.4491978609625606,-1.158199526191097,35073.2947368421,379.27865680136597
2026-05-04T06:45:29+00:00,2026-05-04T12:30:29+05:45,2026-05-04,12:30:29,1777877129,0,6,12,nepse_official,OPEN,2026-05-04,PHCL,Peoples Hydropower Company Limited,304.0,304.0,298.1,,300.0,303.9,-3.8999999999999773,,4988.0,1501459.1,66.0,5.899999999999977,1.940789473684203,-1.283316880552806,22749.380303030306,301.01425421010424
2026-05-04T06:45:29+00:00,2026-05-04T12:30:29+05:45,2026-05-04,12:30:29,1777877129,0,6,12,nepse_official,OPEN,2026-05-04,PMHPL,Panchakanya Mai Hydropower Ltd,332.2,332.5,332.1,,332.1,334.0,-1.8999999999999773,,422.0,140263.0,10.0,0.39999999999997726,0.1204093919325639,-0.568862275449095,14026.3,332.3767772511848
2026-05-04T06:45:29+00:00,2026-05-04T12:30:29+05:45,2026-05-04,12:30:29,1777877129,0,6,12,nepse_official,OPEN,2026-05-04,PMLI,Prabhu Mahalaxmi Life Insurance Limited,460.2,464.0,460.2,,461.0,464.0,-3.0,,321.0,148122.9,30.0,3.8000000000000114,0.8257279443720147,-0.646551724137931,4937.429999999999,461.44205607476636
2026-05-04T06:45:29+00:00,2026-05-04T12:30:29+05:45,2026-05-04,12:30:29,1777877129,0,6,12,nepse_official,OPEN,2026-05-04,PPCL,Panchthar Power Compant Limited,385.0,385.0,374.0,,374.5,375.5,-1.0,,1261.0,472933.1,19.0,11.0,2.857142857142857,-0.2663115845539281,24891.215789473685,375.0460745440127
2026-05-04T06:45:29+00:00,2026-05-04T12:30:29+05:45,2026-05-04,12:30:29,1777877129,0,6,12,nepse_official,OPEN,2026-05-04,PPL,People's Power Limited,330.6,350.7,330.6,,345.0,348.0,-3.0,,11198.0,3853645.7,55.0,20.099999999999966,6.079854809437376,-0.8620689655172413,70066.28545454546,344.1369619574924
2026-05-04T06:45:29+00:00,2026-05-04T12:30:29+05:45,2026-05-04,12:30:29,1777877129,0,6,12,nepse_official,OPEN,2026-05-04,PRIN,Prabhu Insurance Ltd.,646.0,646.0,640.0,,642.0,646.7,-4.7000000000000455,,1240.0,796300.0,10.0,6.0,0.9287925696594427,-0.7267666615123002,79630.0,642.1774193548387
2026-05-04T06:45:29+00:00,2026-05-04T12:30:29+05:45,2026-05-04,12:30:29,1777877129,0,6,12,nepse_official,OPEN,2026-05-04,PROFL,Progressive Finance Limited,444.7,445.0,440.0,,441.0,444.7,-3.6999999999999886,,1193.0,526039.0,11.0,5.0,1.124353496739375,-0.8320215875871348,47821.72727272727,440.9379715004191
2026-05-04T06:45:29+00:00,2026-05-04T12:30:29+05:45,2026-05-04,12:30:29,1777877129,0,6,12,nepse_official,OPEN,2026-05-04,PRSF,Prabhu Smart Fund,12.84,12.97,12.8,,12.8,12.98,-0.17999999999999972,,2700.0,34758.0,5.0,0.16999999999999993,1.3239875389408093,-1.3867488443759608,6951.6,12.873333333333333
2026-05-04T06:45:29+00:00,2026-05-04T12:30:29+05:45,2026-05-04,12:30:29,1777877129,0,6,12,nepse_official,OPEN,2026-05-04,PRVU,Prabhu  Bank Limited,196.0,197.9,193.0,,194.0,196.0,-2.0,,35975.0,7007889.9,163.0,4.900000000000006,2.500000000000003,-1.0204081632653061,42993.18957055215,194.79888533703962
2026-05-04T06:45:29+00:00,2026-05-04T12:30:29+05:45,2026-05-04,12:30:29,1777877129,0,6,12,nepse_official,OPEN,2026-05-04,PSF,Prabhu Select Fund,12.0,12.0,12.0,,12.0,12.3,-0.3000000000000007,,1540.0,18480.0,3.0,0.0,0.0,-2.439024390243908,6160.0,12.0
2026-05-04T06:45:29+00:00,2026-05-04T12:30:29+05:45,2026-05-04,12:30:29,1777877129,0,6,12,nepse_official,OPEN,2026-05-04,PURE,Pure Energy Limited,910.0,920.0,890.1,,890.3,903.2,-12.900000000000091,,1048.0,934628.5,22.0,29.899999999999977,3.2857142857142834,-1.4282550930026672,42483.11363636364,891.8210877862596
2026-05-04T06:45:29+00:00,2026-05-04T12:30:29+05:45,2026-05-04,12:30:29,1777877129,0,6,12,nepse_official,OPEN,2026-05-04,RADHI,Radhi Bidyut Company Ltd,760.0,760.0,732.1,,747.9,754.0,-6.100000000000023,,25929.0,19066007.7,62.0,27.899999999999977,3.6710526315789442,-0.8090185676392603,307516.25322580646,735.3159666782367
2026-05-04T06:45:29+00:00,2026-05-04T12:30:29+05:45,2026-05-04,12:30:29,1777877129,0,6,12,nepse_official,OPEN,2026-05-04,RAWA,Rawa Energy Development Limited,587.0,604.0,587.0,,588.1,605.0,-16.899999999999977,,91.0,54471.0,8.0,17.0,2.8960817717206133,-2.7933884297520626,6808.875,598.5824175824176
2026-05-04T06:45:29+00:00,2026-05-04T12:30:29+05:45,2026-05-04,12:30:29,1777877129,0,6,12,nepse_official,OPEN,2026-05-04,RBBF40,RBB Focus 40,9.15,9.4,9.15,,9.26,9.21,0.049999999999998934,,400.0,3702.0,4.0,0.25,2.73224043715847,0.5428881650379905,925.5,9.255
2026-05-04T06:45:29+00:00,2026-05-04T12:30:29+05:45,2026-05-04,12:30:29,1777877129,0,6,12,nepse_official,OPEN,2026-05-04,RFPL,River Falls Power Limited,390.0,390.0,373.4,,375.0,388.3,-13.300000000000011,,10446.0,3942432.7,94.0,16.600000000000023,4.256410256410263,-3.4251867113056944,41940.77340425532,377.41075052651735
2026-05-04T06:45:29+00:00,2026-05-04T12:30:29+05:45,2026-05-04,12:30:29,1777877129,0,6,12,nepse_official,OPEN,2026-05-04,RHGCL,Rapti Hydro And General Construction Limited,295.0,298.8,290.1,,291.0,294.9,-3.8999999999999773,,7802.0,2267864.4,43.0,8.699999999999989,2.9491525423728775,-1.322482197355028,52741.03255813953,290.67731350935657
2026-05-04T06:45:29+00:00,2026-05-04T12:30:29+05:45,2026-05-04,12:30:29,1777877129,0,6,12,nepse_official,OPEN,2026-05-04,RHPL,RASUWAGADHI HYDROPOWER COMPANY LIMITED,275.0,278.0,275.0,,275.2,275.0,0.19999999999998863,,5110.0,1406560.3,47.0,3.0,1.090909090909091,0.07272727272726859,29926.814893617022,275.2564187866928
2026-05-04T06:45:29+00:00,2026-05-04T12:30:29+05:45,2026-05-04,12:30:29,1777877129,0,6,12,nepse_official,OPEN,2026-05-04,RIDI,Ridi Power Company Limited,349.0,353.9,341.0,,345.0,349.0,-4.0,,38015.0,13245918.6,156.0,12.899999999999977,3.6962750716332318,-1.146131805157593,84909.73461538462,348.4392634486387
2026-05-04T06:45:29+00:00,2026-05-04T12:30:29+05:45,2026-05-04,12:30:29,1777877129,0,6,12,nepse_official,OPEN,2026-05-04,RLEL,Ridge Line Energy Limited,1150.0,1180.0,1125.5,,1150.0,1150.0,0.0,,8045.0,9348059.0,413.0,54.5,4.739130434782609,0.0,22634.525423728814,1161.9712865133624
2026-05-04T06:45:29+00:00,2026-05-04T12:30:29+05:45,2026-05-04,12:30:29,1777877129,0,6,12,nepse_official,OPEN,2026-05-04,RLFL,Reliance Finance Ltd.,430.0,430.0,423.2,,430.0,430.0,0.0,,2631.0,1118935.0,9.0,6.800000000000011,1.581395348837212,0.0,124326.11111111111,425.288863549981
2026-05-04T06:45:29+00:00,2026-05-04T12:30:29+05:45,2026-05-04,12:30:29,1777877129,0,6,12,nepse_official,OPEN,2026-05-04,RMF1,RBB Mutual Fund 1,9.76,9.76,9.5,,9.5,9.76,-0.2599999999999998,,2379.0,22933.4,8.0,0.2599999999999998,2.663934426229506,-2.663934426229506,2866.675,9.639932744850778
2026-05-04T06:45:29+00:00,2026-05-04T12:30:29+05:45,2026-05-04,12:30:29,1777877129,0,6,12,nepse_official,OPEN,2026-05-04,RMF2,RBB Mutual Fund 2,10.02,10.1,10.02,,10.1,10.1,0.0,,600.0,6020.0,2.0,0.08000000000000007,0.7984031936127752,0.0,3010.0,10.033333333333333
2026-05-04T06:45:29+00:00,2026-05-04T12:30:29+05:45,2026-05-04,12:30:29,1777877129,0,6,12,nepse_official,OPEN,2026-05-04,RNLI,Reliable Nepal Life Insurance Limited,456.0,460.0,456.0,,457.0,460.1,-3.1000000000000227,,1279.0,584923.7,60.0,4.0,0.8771929824561403,-0.6737665724842474,9748.728333333333,457.32892885066457
2026-05-04T06:45:29+00:00,2026-05-04T12:30:29+05:45,2026-05-04,12:30:29,1777877129,0,6,12,nepse_official,OPEN,2026-05-04,RSDC,RSDC Laghubitta Bittiya Sanstha Ltd.,665.0,665.0,655.0,,655.2,665.0,-9.799999999999955,,204.0,134079.8,9.0,10.0,1.5037593984962405,-1.473684210526309,14897.755555555554,657.2539215686274
2026-05-04T06:45:29+00:00,2026-05-04T12:30:29+05:45,2026-05-04,12:30:29,1777877129,0,6,12,nepse_official,OPEN,2026-05-04,RSML,Reliance Spinning Mills Limited,3865.0,3949.0,3842.0,,3869.0,3850.2,18.800000000000182,,16587.0,64435276.9,285.0,107.0,2.7684346701164295,0.4882863227884313,226088.69087719297,3884.6854102610478
2026-05-04T06:45:29+00:00,2026-05-04T12:30:29+05:45,2026-05-04,12:30:29,1777877129,0,6,12,nepse_official,OPEN,2026-05-04,RSY,Reliable Samriddhi Yojana,10.3,10.3,10.0,,10.0,10.3,-0.3000000000000007,,800.0,8120.0,4.0,0.3000000000000007,2.9126213592233077,-2.9126213592233077,2030.0,10.15
2026-05-04T06:45:29+00:00,2026-05-04T12:30:29+05:45,2026-05-04,12:30:29,1777877129,0,6,12,nepse_official,OPEN,2026-05-04,RURU,Ru Ru Jalbidhyut Pariyojana Limited,650.0,655.0,649.5,,654.0,650.1,3.8999999999999773,,2283.0,1486319.2,30.0,5.5,0.8461538461538461,0.5999077065066878,49543.973333333335,651.0377573368374
2026-05-04T06:45:29+00:00,2026-05-04T12:30:29+05:45,2026-05-04,12:30:29,1777877129,0,6,12,nepse_official,OPEN,2026-05-04,SABBL,Salapa Bikas Bank Limited,1350.0,1399.0,1280.4,,1280.4,1349.0,-68.59999999999991,,12849.0,16835478.0,264.0,118.59999999999991,8.785185185185178,-5.085248332097843,63770.75,1310.2558954004203
2026-05-04T06:45:29+00:00,2026-05-04T12:30:29+05:45,2026-05-04,12:30:29,1777877129,0,6,12,nepse_official,OPEN,2026-05-04,SADBL,Shangrila Development Bank Ltd.,411.0,417.0,410.2,,414.0,413.8,0.19999999999998863,,2116.0,870283.7,13.0,6.800000000000011,1.6545012165450148,0.04833252779120073,66944.9,411.2871928166351
2026-05-04T06:45:29+00:00,2026-05-04T12:30:29+05:45,2026-05-04,12:30:29,1777877129,0,6,12,nepse_official,OPEN,2026-05-04,SAGAR,Sagar Distillery Limited,1733.0,1745.0,1733.0,,1737.2,1770.9,-33.700000000000045,,946.0,1645925.7,39.0,12.0,0.6924408540103866,-1.9029871816590458,42203.223076923074,1739.8791754756871
2026-05-04T06:45:29+00:00,2026-05-04T12:30:29+05:45,2026-05-04,12:30:29,1777877129,0,6,12,nepse_official,OPEN,2026-05-04,SAGF,Sanima Growth Fund,10.0,10.05,10.0,,10.0,10.1,-0.09999999999999964,,11900.0,119010.0,4.0,0.05000000000000071,0.5000000000000071,-0.9900990099009866,29752.5,10.000840336134454
2026-05-04T06:45:29+00:00,2026-05-04T12:30:29+05:45,2026-05-04,12:30:29,1777877129,0,6,12,nepse_official,OPEN,2026-05-04,SAHAS,Sahas Urja Limited,610.0,616.0,610.0,,613.9,616.0,-2.1000000000000227,,18360.0,11251756.2,172.0,6.0,0.9836065573770493,-0.3409090909090946,65417.18720930232,612.8407516339869
2026-05-04T06:45:29+00:00,2026-05-04T12:30:29+05:45,2026-05-04,12:30:29,1777877129,0,6,12,nepse_official,OPEN,2026-05-04,SAIL,Shreenagar Agritech Industries Limited,1230.0,1404.0,1187.0,,1187.0,1263.0,-76.0,,37236.0,44726829.3,361.0,217.0,17.642276422764226,-6.01741884402217,123897.03407202216,1201.1716967450852
2026-05-04T06:45:29+00:00,2026-05-04T12:30:29+05:45,2026-05-04,12:30:29,1777877129,0,6,12,nepse_official,OPEN,2026-05-04,SANIMA,Sanima Bank Limited,350.0,355.0,347.2,,349.5,349.0,0.5,,17276.0,6055039.8,110.0,7.800000000000011,2.2285714285714318,0.14326647564469913,55045.81636363636,350.4885274369067
2026-05-04T06:45:29+00:00,2026-05-04T12:30:29+05:45,2026-05-04,12:30:29,1777877129,0,6,12,nepse_official,OPEN,2026-05-04,SANVI,Sanvi Energy Limited,682.2,690.0,680.0,,680.1,693.0,-12.899999999999977,,2478.0,1694806.7,62.0,10.0,1.465845793022574,-1.861471861471858,27335.59193548387,683.9413640032284
2026-05-04T06:45:29+00:00,2026-05-04T12:30:29+05:45,2026-05-04,12:30:29,1777877129,0,6,12,nepse_official,OPEN,2026-05-04,SAPDBL,Saptakoshi Development Bank Ltd,815.0,815.0,800.0,,800.0,815.0,-15.0,,14150.0,11372052.5,142.0,15.0,1.8404907975460123,-1.8404907975460123,80084.87676056338,803.6786219081272
2026-05-04T06:45:29+00:00,2026-05-04T12:30:29+05:45,2026-05-04,12:30:29,1777877129,0,6,12,nepse_official,OPEN,2026-05-04,SARBTM,Sarbottam Cement Limited,830.0,839.0,823.1,,839.0,827.0,12.0,,880.0,728399.9,19.0,15.899999999999977,1.915662650602407,1.4510278113663846,38336.836842105266,827.7271590909091
2026-05-04T06:45:29+00:00,2026-05-04T12:30:29+05:45,2026-05-04,12:30:29,1777877129,0,6,12,nepse_official,OPEN,2026-05-04,SBCF,Sunrise Bluechip Fund,9.5,9.5,9.43,,9.43,9.52,-0.08999999999999986,,2400.0,22716.0,7.0,0.07000000000000028,0.736842105263161,-0.9453781512605027,3245.1428571428573,9.465
2026-05-04T06:45:29+00:00,2026-05-04T12:30:29+05:45,2026-05-04,12:30:29,1777877129,0,6,12,nepse_official,OPEN,2026-05-04,SBI,Nepal SBI Bank Limited,400.0,400.8,395.2,,396.0,397.9,-1.8999999999999773,,1332.0,530267.2,7.0,5.600000000000023,1.4000000000000057,-0.47750691128423656,75752.45714285714,398.0984984984985
2026-05-04T06:45:29+00:00,2026-05-04T12:30:29+05:45,2026-05-04,12:30:29,1777877129,0,6,12,nepse_official,OPEN,2026-05-04,SBL,Siddhartha Bank Limited,387.0,390.0,387.0,,388.9,389.9,-1.0,,13257.0,5148317.0,48.0,3.0,0.7751937984496124,-0.2564760194921775,107256.60416666667,388.34706192954667
2026-05-04T06:45:29+00:00,2026-05-04T12:30:29+05:45,2026-05-04,12:30:29,1777877129,0,6,12,nepse_official,OPEN,2026-05-04,SCB,Standard Chartered Bank Limited,639.0,647.4,639.0,,640.0,639.0,1.0,,1133.0,727922.0,23.0,8.399999999999977,1.3145539906103252,0.1564945226917058,31648.782608695652,642.4730803177405
2026-05-04T06:45:29+00:00,2026-05-04T12:30:29+05:45,2026-05-04,12:30:29,1777877129,0,6,12,nepse_official,OPEN,2026-05-04,SFCL,Samriddhi Finance Company Limited,380.0,382.0,373.0,,375.0,380.0,-5.0,,2155.0,812311.0,12.0,9.0,2.368421052631579,-1.3157894736842104,67692.58333333333,376.94245939675176
2026-05-04T06:45:29+00:00,2026-05-04T12:30:29+05:45,2026-05-04,12:30:29,1777877129,0,6,12,nepse_official,OPEN,2026-05-04,SFEF,Sunrise Focused Equity Fund,9.76,9.76,9.76,,9.76,9.99,-0.23000000000000043,,1100.0,10736.0,2.0,0.0,0.0,-2.302302302302307,5368.0,9.76
2026-05-04T06:45:29+00:00,2026-05-04T12:30:29+05:45,2026-05-04,12:30:29,1777877129,0,6,12,nepse_official,OPEN,2026-05-04,SFMF,Sunrise First Mutual Fund,10.32,10.32,10.32,,10.32,10.38,-0.0600000000000005,,500.0,5160.0,1.0,0.0,0.0,-0.5780346820809296,5160.0,10.32
2026-05-04T06:45:29+00:00,2026-05-04T12:30:29+05:45,2026-05-04,12:30:29,1777877129,0,6,12,nepse_official,OPEN,2026-05-04,SGHC,Swet-Ganga Hydropower & Construction Limited ,380.0,380.0,370.0,,370.0,375.9,-5.899999999999977,,1791.0,665664.0,21.0,10.0,2.631578947368421,-1.5695663740356418,31698.285714285714,371.6716917922948
2026-05-04T06:45:29+00:00,2026-05-04T12:30:29+05:45,2026-05-04,12:30:29,1777877129,0,6,12,nepse_official,OPEN,2026-05-04,SGIC,Sanima GIC Insurance Limited,468.2,476.0,468.1,,469.8,476.4,-6.599999999999966,,3452.0,1619628.6,47.0,7.899999999999977,1.6873131140538185,-1.3853904282115799,34460.18297872341,469.18557358053306
2026-05-04T06:45:29+00:00,2026-05-04T12:30:29+05:45,2026-05-04,12:30:29,1777877129,0,6,12,nepse_official,OPEN,2026-05-04,SHEL,Singati Hydro Energy Limited,307.0,308.0,304.0,,304.0,307.0,-3.0,,10926.0,3327988.9,79.0,4.0,1.3029315960912053,-0.9771986970684038,42126.4417721519,304.5935291964122
2026-05-04T06:45:29+00:00,2026-05-04T12:30:29+05:45,2026-05-04,12:30:29,1777877129,0,6,12,nepse_official,OPEN,2026-05-04,SHINE,Shine Resunga Development Bank Ltd.,400.1,409.5,400.0,,404.0,405.0,-1.0,,1838.0,742095.4,20.0,9.5,2.3744063984004,-0.24691358024691357,37104.770000000004,403.75157780195866
2026-05-04T06:45:29+00:00,2026-05-04T12:30:29+05:45,2026-05-04,12:30:29,1777877129,0,6,12,nepse_official,OPEN,2026-05-04,SHIVM,SHIVAM CEMENTS LTD,670.0,670.0,661.2,,665.0,664.2,0.7999999999999545,,23982.0,15921417.5,147.0,8.799999999999955,1.3134328358208887,0.1204456489009266,108308.96258503401,663.8903135685097
2026-05-04T06:45:29+00:00,2026-05-04T12:30:29+05:45,2026-05-04,12:30:29,1777877129,0,6,12,nepse_official,OPEN,2026-05-04,SHL,Soaltee Hotel Limited,490.2,500.0,490.2,,493.1,496.1,-3.0,,9536.0,4717793.2,36.0,9.800000000000011,1.99918400652795,-0.6047167909695625,131049.81111111112,494.73502516778524
2026-05-04T06:45:29+00:00,2026-05-04T12:30:29+05:45,2026-05-04,12:30:29,1777877129,0,6,12,nepse_official,OPEN,2026-05-04,SHLB,Shrijanshil Laghubitta Bittiya Sanstha Limited,1420.5,1463.0,1420.5,,1463.0,1460.0,3.0,,60.0,85815.0,5.0,42.5,2.99190425906371,0.2054794520547945,17163.0,1430.25
2026-05-04T06:45:29+00:00,2026-05-04T12:30:29+05:45,2026-05-04,12:30:29,1777877129,0,6,12,nepse_official,OPEN,2026-05-04,SHPC,Sanima Mai Hydropower Ltd.,486.7,519.9,486.7,,514.0,512.3,1.7000000000000455,,3243.0,1669853.2,23.0,33.19999999999999,6.821450585576329,0.33183681436659096,72602.31304347827,514.9100215849522
2026-05-04T06:45:29+00:00,2026-05-04T12:30:29+05:45,2026-05-04,12:30:29,1777877129,0,6,12,nepse_official,OPEN,2026-05-04,SICL,Shikhar Insurance Co. Ltd.,614.9,615.0,605.0,,614.0,614.9,-0.8999999999999773,,371.0,226233.2,17.0,10.0,1.626280696048138,-0.14636526264432873,13307.835294117647,609.7929919137466
2026-05-04T06:45:29+00:00,2026-05-04T12:30:29+05:45,2026-05-04,12:30:29,1777877129,0,6,12,nepse_official,OPEN,2026-05-04,SIFC,Shree Investment Finance Co. Ltd.,537.0,537.0,530.0,,530.0,530.0,0.0,,540.0,289700.0,3.0,7.0,1.303538175046555,0.0,96566.66666666667,536.4814814814815
2026-05-04T06:45:29+00:00,2026-05-04T12:30:29+05:45,2026-05-04,12:30:29,1777877129,0,6,12,nepse_official,OPEN,2026-05-04,SIGS3,Siddhartha Investment Growth Scheme 3,10.5,10.5,10.5,,10.5,10.71,-0.21000000000000085,,500.0,5250.0,2.0,0.0,0.0,-1.960784313725498,2625.0,10.5
2026-05-04T06:45:29+00:00,2026-05-04T12:30:29+05:45,2026-05-04,12:30:29,1777877129,0,6,12,nepse_official,OPEN,2026-05-04,SIKLES,Sikles Hydropower Limited,581.0,581.0,576.2,,576.2,581.0,-4.7999999999999545,,1019.0,589638.8,22.0,4.7999999999999545,0.8261617900172038,-0.8261617900172038,26801.763636363637,578.6445534838077
2026-05-04T06:45:29+00:00,2026-05-04T12:30:29+05:45,2026-05-04,12:30:29,1777877129,0,6,12,nepse_official,OPEN,2026-05-04,SINDU,Sindhu Bikash Bank Ltd,730.0,735.0,720.0,,723.0,732.1,-9.100000000000023,,5083.0,3697812.2,63.0,15.0,2.054794520547945,-1.2429995902199185,58695.43174603175,727.4861695848908
2026-05-04T06:45:29+00:00,2026-05-04T12:30:29+05:45,2026-05-04,12:30:29,1777877129,0,6,12,nepse_official,OPEN,2026-05-04,SIPD,Shikhar power Development Limited,974.0,1003.2,904.0,,915.1,974.0,-58.89999999999998,,19210.0,18022013.0,1323.0,99.20000000000005,10.184804928131422,-6.047227926078026,13622.080876795162,938.1578865174388
2026-05-04T06:45:29+00:00,2026-05-04T12:30:29+05:45,2026-05-04,12:30:29,1777877129,0,6,12,nepse_official,OPEN,2026-05-04,SJCL,SANJEN JALAVIDHYUT COMPANY LIMITED,298.0,299.0,295.0,,297.1,298.7,-1.599999999999966,,3214.0,951327.6,28.0,4.0,1.342281879194631,-0.5356545028456531,33975.985714285714,295.9948973242066
2026-05-04T06:45:29+00:00,2026-05-04T12:30:29+05:45,2026-05-04,12:30:29,1777877129,0,6,12,nepse_official,OPEN,2026-05-04,SJLIC,SuryaJyoti Life Insurance Company Limited,429.0,431.0,426.0,,426.0,429.6,-3.6000000000000227,,4772.0,2042631.2,79.0,5.0,1.1655011655011656,-0.8379888268156477,25856.091139240507,428.0450963956412
2026-05-04T06:45:29+00:00,2026-05-04T12:30:29+05:45,2026-05-04,12:30:29,1777877129,0,6,12,nepse_official,OPEN,2026-05-04,SKBBL,Sana Kisan Bikas Laghubitta Bittiya Sanstha Limited,760.0,768.0,755.1,,759.9,760.0,-0.10000000000002274,,1454.0,1101679.5,40.0,12.899999999999977,1.6973684210526288,-0.013157894736845097,27541.9875,757.6887895460798
2026-05-04T06:45:29+00:00,2026-05-04T12:30:29+05:45,2026-05-04,12:30:29,1777877129,0,6,12,nepse_official,OPEN,2026-05-04,SKHEL,Suryakunda Hydro Electric Limited,1450.0,1450.0,1380.9,,1385.0,1419.9,-34.90000000000009,,4335.0,6060363.4,215.0,69.09999999999991,4.765517241379304,-2.4579195718008373,28187.736744186048,1398.0077047289506
2026-05-04T06:45:29+00:00,2026-05-04T12:30:29+05:45,2026-05-04,12:30:29,1777877129,0,6,12,nepse_official,OPEN,2026-05-04,SKHL,Super Khudi Hydropower Limited,1029.0,1029.0,966.2,,980.0,980.1,-0.10000000000002274,,9477.0,9313110.4,323.0,62.799999999999955,6.103012633624874,-0.01020304050607313,28833.159133126937,982.7065949140024
2026-05-04T06:45:29+00:00,2026-05-04T12:30:29+05:45,2026-05-04,12:30:29,1777877129,0,6,12,nepse_official,OPEN,2026-05-04,SLBBL,Swarojgar Laghubitta Bittiya Sanstha Ltd.,850.0,850.0,815.0,,815.0,810.0,5.0,,2278.0,1908977.0,19.0,35.0,4.117647058823529,0.6172839506172839,100472.47368421052,838.0057067603161
2026-05-04T06:45:29+00:00,2026-05-04T12:30:29+05:45,2026-05-04,12:30:29,1777877129,0,6,12,nepse_official,OPEN,2026-05-04,SLBSL,Samudayik Laghubitta Bittiya Sanstha Limited,1217.0,1217.0,1217.0,,1217.0,1217.0,0.0,,10.0,12170.0,1.0,0.0,0.0,0.0,12170.0,1217.0
2026-05-04T06:45:29+00:00,2026-05-04T12:30:29+05:45,2026-05-04,12:30:29,1777877129,0,6,12,nepse_official,OPEN,2026-05-04,SLCF,Sanima Large Cap Fund,9.55,9.7,9.42,,9.7,9.7,0.0,,1800.0,17359.0,7.0,0.27999999999999936,2.9319371727748624,0.0,2479.8571428571427,9.643888888888888
2026-05-04T06:45:29+00:00,2026-05-04T12:30:29+05:45,2026-05-04,12:30:29,1777877129,0,6,12,nepse_official,OPEN,2026-05-04,SMATA,Samata Gharelu Laghubitta Bittiya Sanstha Limited,745.1,755.0,745.1,,752.2,755.0,-2.7999999999999545,,793.0,597750.6,19.0,9.899999999999977,1.3286807139981178,-0.37086092715231184,31460.55789473684,753.7838587641866
2026-05-04T06:45:29+00:00,2026-05-04T12:30:29+05:45,2026-05-04,12:30:29,1777877129,0,6,12,nepse_official,OPEN,2026-05-04,SMB,Support Microfinance Bittiya Sanstha Ltd.,1720.0,1767.0,1718.0,,1749.0,1718.0,31.0,,90.0,156803.0,7.0,49.0,2.8488372093023258,1.8044237485448196,22400.428571428572,1742.2555555555555
2026-05-04T06:45:29+00:00,2026-05-04T12:30:29+05:45,2026-05-04,12:30:29,1777877129,0,6,12,nepse_official,OPEN,2026-05-04,SMH,Super Mai Hydropower Limited,570.0,570.0,558.0,,560.0,559.0,1.0,,2008.0,1126686.5,34.0,12.0,2.1052631578947367,0.17889087656529518,33137.83823529412,561.0988545816733
2026-05-04T06:45:29+00:00,2026-05-04T12:30:29+05:45,2026-05-04,12:30:29,1777877129,0,6,12,nepse_official,OPEN,2026-05-04,SMHL,Super Madi Hydropower Limited,486.4,498.0,486.4,,490.0,486.3,3.6999999999999886,,4755.0,2329074.5,60.0,11.600000000000023,2.3848684210526363,0.7608472136541206,38817.90833333333,489.81587802313356
2026-05-04T06:45:29+00:00,2026-05-04T12:30:29+05:45,2026-05-04,12:30:29,1777877129,0,6,12,nepse_official,OPEN,2026-05-04,SMJC,Sagarmatha Jalabidhyut Company Limited,454.0,454.0,441.6,,441.6,454.0,-12.399999999999977,,9697.0,4303923.0,78.0,12.399999999999977,2.7312775330396426,-2.7312775330396426,55178.5,443.84067237289884
2026-05-04T06:45:29+00:00,2026-05-04T12:30:29+05:45,2026-05-04,12:30:29,1777877129,0,6,12,nepse_official,OPEN,2026-05-04,SMPDA,Sampada Laghubitta Bittiya Sanstha Limited,869.0,869.0,825.5,,830.0,844.9,-14.899999999999977,,675.0,561831.7,19.0,43.5,5.005753739930955,-1.7635223103325812,29570.08947368421,832.3432592592592
2026-05-04T06:45:29+00:00,2026-05-04T12:30:29+05:45,2026-05-04,12:30:29,1777877129,0,6,12,nepse_official,OPEN,2026-05-04,SNLI,Sun Nepal Life Insurance Company Limited,450.0,450.0,447.4,,448.0,452.5,-4.5,,2804.0,1256559.9,86.0,2.6000000000000227,0.5777777777777828,-0.9944751381215469,14611.161627906975,448.13120542082737
2026-05-04T06:45:29+00:00,2026-05-04T12:30:29+05:45,2026-05-04,12:30:29,1777877129,0,6,12,nepse_official,OPEN,2026-05-04,SOHL,Solu Hydropower Limited,710.0,720.0,689.0,,692.0,710.0,-18.0,,34701.0,24273908.7,984.0,31.0,4.366197183098591,-2.535211267605634,24668.606402439025,699.5161148093715
2026-05-04T06:45:29+00:00,2026-05-04T12:30:29+05:45,2026-05-04,12:30:29,1777877129,0,6,12,nepse_official,OPEN,2026-05-04,SONA,Sonapur Minerals And Oil Limited,430.0,433.0,428.1,,428.2,433.0,-4.800000000000011,,2770.0,1191351.0,69.0,4.899999999999977,1.139534883720925,-1.108545034642035,17265.956521739132,430.09061371841153
2026-05-04T06:45:29+00:00,2026-05-04T12:30:29+05:45,2026-05-04,12:30:29,1777877129,0,6,12,nepse_official,OPEN,2026-05-04,SPC,Samling Power Company Limited,477.1,477.1,462.0,,464.9,463.3,1.599999999999966,,812.0,378035.9,19.0,15.100000000000023,3.164954936072107,0.3453485862292177,19896.626315789475,465.5614532019705
2026-05-04T06:45:29+00:00,2026-05-04T12:30:29+05:45,2026-05-04,12:30:29,1777877129,0,6,12,nepse_official,OPEN,2026-05-04,SPDL,Synergy Power Development Ltd.,400.0,400.0,394.0,,394.0,394.0,0.0,,724.0,286315.0,16.0,6.0,1.5,0.0,17894.6875,395.46270718232046
2026-05-04T06:45:29+00:00,2026-05-04T12:30:29+05:45,2026-05-04,12:30:29,1777877129,0,6,12,nepse_official,OPEN,2026-05-04,SPHL,Sayapatri Hydropower Limited,510.0,515.9,510.0,,515.9,516.5,-0.6000000000000227,,530.0,270654.0,7.0,5.899999999999977,1.1568627450980349,-0.11616650532430256,38664.857142857145,510.6679245283019
2026-05-04T06:45:29+00:00,2026-05-04T12:30:29+05:45,2026-05-04,12:30:29,1777877129,0,6,12,nepse_official,OPEN,2026-05-04,SPIL,Siddhartha Premier Insurance Limited,695.0,715.0,695.0,,696.0,701.0,-5.0,,318.0,226227.0,9.0,20.0,2.877697841726619,-0.7132667617689016,25136.333333333332,711.4056603773585
2026-05-04T06:45:29+00:00,2026-05-04T12:30:29+05:45,2026-05-04,12:30:29,1777877129,0,6,12,nepse_official,OPEN,2026-05-04,SPL,Shuvam Power Limited,702.1,705.0,700.1,,705.0,710.0,-5.0,,960.0,675551.0,10.0,4.899999999999977,0.6979062811565272,-0.7042253521126761,67555.1,703.6989583333333
2026-05-04T06:45:29+00:00,2026-05-04T12:30:29+05:45,2026-05-04,12:30:29,1777877129,0,6,12,nepse_official,OPEN,2026-05-04,SRLI,Sanima Reliance Life Insurance Limited,386.1,390.0,385.0,,390.0,390.0,0.0,,2778.0,1074885.4,87.0,5.0,1.2950012950012948,0.0,12355.004597701149,386.9277897768178
2026-05-04T06:45:29+00:00,2026-05-04T12:30:29+05:45,2026-05-04,12:30:29,1777877129,0,6,12,nepse_official,OPEN,2026-05-04,SSHL,Shiva Shree Hydropower Ltd,210.1,214.7,208.3,,210.0,212.0,-2.0,,47505.0,10005041.6,191.0,6.399999999999977,3.0461684911946585,-0.9433962264150944,52382.4167539267,210.61028523313334
2026-05-04T06:45:29+00:00,2026-05-04T12:30:29+05:45,2026-05-04,12:30:29,1777877129,0,6,12,nepse_official,OPEN,2026-05-04,STC,Salt Trading Corporation,5800.0,5800.0,5721.0,,5721.0,5800.0,-79.0,,36.0,207615.0,2.0,79.0,1.3620689655172415,-1.3620689655172415,103807.5,5767.083333333333
2026-05-04T06:45:29+00:00,2026-05-04T12:30:29+05:45,2026-05-04,12:30:29,1777877129,0,6,12,nepse_official,OPEN,2026-05-04,SWASTIK,Swastik Laghubitta Bittiya Sanstha Limited,2407.0,2450.0,2407.0,,2425.1,2455.0,-29.90000000000009,,60.0,145823.0,6.0,43.0,1.7864561695056087,-1.2179226069246474,24303.833333333332,2430.383333333333
2026-05-04T06:45:29+00:00,2026-05-04T12:30:29+05:45,2026-05-04,12:30:29,1777877129,0,6,12,nepse_official,OPEN,2026-05-04,SWBBL,Swabalamban Laghubitta Bittiya Sanstha Limited,756.0,756.0,720.0,,720.0,720.0,0.0,,1917.0,1392352.0,14.0,36.0,4.761904761904762,0.0,99453.71428571429,726.3182055294732
2026-05-04T06:45:29+00:00,2026-05-04T12:30:29+05:45,2026-05-04,12:30:29,1777877129,0,6,12,nepse_official,OPEN,2026-05-04,SWMF,Suryodaya Womi Laghubitta Bittiya Sanstha Limited,647.0,656.1,647.0,,656.0,666.8,-10.799999999999955,,103.0,67377.5,5.0,9.100000000000023,1.406491499227206,-1.6196760647870359,13475.5,654.1504854368932
2026-05-04T06:45:29+00:00,2026-05-04T12:30:29+05:45,2026-05-04,12:30:29,1777877129,0,6,12,nepse_official,OPEN,2026-05-04,SYPNL,SY Panel Nepal Limited,1550.0,1550.0,1436.0,,1473.0,1497.0,-24.0,,9513.0,14197621.5,300.0,114.0,7.354838709677419,-1.6032064128256511,47325.405,1492.4441816461683
2026-05-04T06:45:29+00:00,2026-05-04T12:30:29+05:45,2026-05-04,12:30:29,1777877129,0,6,12,nepse_official,OPEN,2026-05-04,TAMOR,Sanima Middle Tamor Hydropower Limited,434.0,440.0,432.0,,432.2,434.0,-1.8000000000000114,,6917.0,3000635.0,65.0,8.0,1.8433179723502304,-0.4147465437788045,46163.61538461538,433.80584068237675
2026-05-04T06:45:29+00:00,2026-05-04T12:30:29+05:45,2026-05-04,12:30:29,1777877129,0,6,12,nepse_official,OPEN,2026-05-04,TPC,Terhathum Power Company Limited,366.0,370.0,366.0,,368.0,372.0,-4.0,,1848.0,679236.6,13.0,4.0,1.092896174863388,-1.0752688172043012,52248.96923076923,367.55227272727274
2026-05-04T06:45:29+00:00,2026-05-04T12:30:29+05:45,2026-05-04,12:30:29,1777877129,0,6,12,nepse_official,OPEN,2026-05-04,TSHL,Three Star Hydropower Limited,618.1,630.0,618.1,,630.0,637.0,-7.0,,245.0,153486.0,9.0,11.899999999999977,1.925254813137029,-1.098901098901099,17054.0,626.4734693877551
2026-05-04T06:45:29+00:00,2026-05-04T12:30:29+05:45,2026-05-04,12:30:29,1777877129,0,6,12,nepse_official,OPEN,2026-05-04,TTL,Trade Tower Limited,795.0,800.0,780.0,,785.0,790.0,-5.0,,2974.0,2341658.6,86.0,20.0,2.515723270440252,-0.6329113924050633,27228.588372093025,787.3767989240081
2026-05-04T06:45:29+00:00,2026-05-04T12:30:29+05:45,2026-05-04,12:30:29,1777877129,0,6,12,nepse_official,OPEN,2026-05-04,TVCL,Trishuli Jal Vidhyut Company Limited ,518.9,519.0,497.0,,500.0,508.0,-8.0,,990.0,499904.0,20.0,22.0,4.239737907111197,-1.574803149606299,24995.2,504.95353535353536
2026-05-04T06:45:29+00:00,2026-05-04T12:30:29+05:45,2026-05-04,12:30:29,1777877129,0,6,12,nepse_official,OPEN,2026-05-04,UAIL,United Ajod Insurance Limited,430.0,440.0,430.0,,432.5,439.7,-7.199999999999989,,582.0,252261.0,18.0,10.0,2.3255813953488373,-1.6374801000682258,14014.5,433.4381443298969
2026-05-04T06:45:29+00:00,2026-05-04T12:30:29+05:45,2026-05-04,12:30:29,1777877129,0,6,12,nepse_official,OPEN,2026-05-04,UHEWA,Upper Hewakhola Hydropower Company Limited,560.0,566.0,560.0,,561.0,569.0,-8.0,,469.0,263115.2,21.0,6.0,1.0714285714285714,-1.4059753954305798,12529.29523809524,561.0132196162048
2026-05-04T06:45:29+00:00,2026-05-04T12:30:29+05:45,2026-05-04,12:30:29,1777877129,0,6,12,nepse_official,OPEN,2026-05-04,ULBSL,Upakar Laghubitta Bittiya Sanstha Limited,3049.9,3059.0,2945.0,,2996.0,2978.0,18.0,,366.0,1101592.0,17.0,114.0,3.7378274697531064,0.6044325050369375,64799.529411764706,3009.814207650273
2026-05-04T06:45:29+00:00,2026-05-04T12:30:29+05:45,2026-05-04,12:30:29,1777877129,0,6,12,nepse_official,OPEN,2026-05-04,ULHC,Upper Lohore Khola Hydropower Company Limited,493.9,500.0,488.0,,488.0,493.9,-5.899999999999977,,1828.0,893661.6,15.0,12.0,2.429641627859891,-1.1945738003644417,59577.439999999995,488.87396061269146
2026-05-04T06:45:29+00:00,2026-05-04T12:30:29+05:45,2026-05-04,12:30:29,1777877129,0,6,12,nepse_official,OPEN,2026-05-04,UMHL,United Modi Hydropower Ltd.,570.0,576.3,568.0,,568.3,570.9,-2.6000000000000227,,2430.0,1389255.0,19.0,8.299999999999955,1.456140350877185,-0.4554212646698236,73118.68421052632,571.7098765432099
2026-05-04T06:45:29+00:00,2026-05-04T12:30:29+05:45,2026-05-04,12:30:29,1777877129,0,6,12,nepse_official,OPEN,2026-05-04,UMRH,United IDI Mardi RB Hydropower Limited.,532.0,533.0,529.0,,529.0,532.0,-3.0,,1061.0,561502.0,3.0,4.0,0.7518796992481203,-0.5639097744360901,187167.33333333334,529.2196041470311
2026-05-04T06:45:29+00:00,2026-05-04T12:30:29+05:45,2026-05-04,12:30:29,1777877129,0,6,12,nepse_official,OPEN,2026-05-04,UNHPL,Union Hydropower Limited,475.2,480.0,474.2,,477.0,474.1,2.8999999999999773,,4056.0,1933811.0,25.0,5.800000000000011,1.220538720538723,0.6116852984602356,77352.44,476.7778599605523
2026-05-04T06:45:29+00:00,2026-05-04T12:30:29+05:45,2026-05-04,12:30:29,1777877129,0,6,12,nepse_official,OPEN,2026-05-04,UNL,Unilever Nepal Limited,46800.0,46900.0,46800.0,,46900.0,47000.0,-100.0,,60.0,2811000.0,3.0,100.0,0.2136752136752137,-0.2127659574468085,937000.0,46850.0
2026-05-04T06:45:29+00:00,2026-05-04T12:30:29+05:45,2026-05-04,12:30:29,1777877129,0,6,12,nepse_official,OPEN,2026-05-04,UPCL,UNIVERSAL POWER COMPANY LTD,374.0,375.0,368.5,,369.0,374.0,-5.0,,6976.0,2578098.4,45.0,6.5,1.7379679144385027,-1.3368983957219251,57291.07555555555,369.56685779816513
2026-05-04T06:45:29+00:00,2026-05-04T12:30:29+05:45,2026-05-04,12:30:29,1777877129,0,6,12,nepse_official,OPEN,2026-05-04,UPPER,Upper Tamakoshi Hydropower Ltd,203.8,207.0,201.2,,202.0,203.8,-1.8000000000000114,,32539.0,6611995.7,245.0,5.800000000000011,2.8459273797841074,-0.8832188420019682,26987.737551020407,203.20217892375305
2026-05-04T06:45:29+00:00,2026-05-04T12:30:29+05:45,2026-05-04,12:30:29,1777877129,0,6,12,nepse_official,OPEN,2026-05-04,USHEC,Upper Solu Hydro Electric Company Limited,481.0,485.0,481.0,,482.0,485.5,-3.5,,6320.0,3055184.0,27.0,4.0,0.8316008316008316,-0.7209062821833162,113154.96296296296,483.4151898734177
2026-05-04T06:45:29+00:00,2026-05-04T12:30:29+05:45,2026-05-04,12:30:29,1777877129,0,6,12,nepse_official,OPEN,2026-05-04,USHL,Upper Syange Hydropower Limited,626.0,627.0,626.0,,627.0,645.0,-18.0,,30.0,18790.0,3.0,1.0,0.1597444089456869,-2.7906976744186047,6263.333333333333,626.3333333333334
2026-05-04T06:45:29+00:00,2026-05-04T12:30:29+05:45,2026-05-04,12:30:29,1777877129,0,6,12,nepse_official,OPEN,2026-05-04,USLB,Unnati Sahakarya Laghubitta Bittiya Sanstha Limited,1295.0,1295.0,1288.0,,1288.0,1294.0,-6.0,,331.0,427395.0,10.0,7.0,0.5405405405405406,-0.46367851622874806,42739.5,1291.2235649546828
2026-05-04T06:45:29+00:00,2026-05-04T12:30:29+05:45,2026-05-04,12:30:29,1777877129,0,6,12,nepse_official,OPEN,2026-05-04,VLBS,Vijaya laghubitta Bittiya Sanstha Ltd.,691.0,700.0,690.0,,695.0,696.1,-1.1000000000000227,,1962.0,1359441.5,66.0,10.0,1.447178002894356,-0.1580232725183196,20597.598484848484,692.8855759429154
2026-05-04T06:45:29+00:00,2026-05-04T12:30:29+05:45,2026-05-04,12:30:29,1777877129,0,6,12,nepse_official,OPEN,2026-05-04,VLUCL,Vision Lumbini Urja Company Limited ,496.0,496.0,480.0,,481.1,494.8,-13.699999999999989,,800.0,386313.0,26.0,16.0,3.225806451612903,-2.7687954729183484,14858.192307692309,482.89125
2026-05-04T06:45:29+00:00,2026-05-04T12:30:29+05:45,2026-05-04,12:30:29,1777877129,0,6,12,nepse_official,OPEN,2026-05-04,WNLB,Wean Nepal Laghubitta Bittiya Sanstha Limited,1382.0,1415.9,1375.0,,1414.9,1417.0,-2.099999999999909,,266.0,370878.5,12.0,40.90000000000009,2.959479015918965,-0.14820042342977482,30906.541666666668,1394.28007518797
