scraped_at_utc,scraped_at_npt,npt_date,npt_time,scraped_epoch,weekday,hour_utc,hour_npt,price_source,is_market_open,business_date,symbol,security_name,open_price,high_price,low_price,close_price,last_traded_price,previous_closing_price,point_change,percentage_change,total_traded_quantity,total_traded_value,total_trades,intraday_range,intraday_range_pct_of_open,return_from_prev_close_pct,turnover_per_trade,vwap_proxy
2026-05-22T05:15:25+00:00,2026-05-22T11:00:25+05:45,2026-05-22,11:00:25,1779426925,4,5,11,nepse_official,OPEN,2026-05-22,AHL,Asian Hydropower Limited,495.0,495.0,495.0,,495.0,505.4,-10.399999999999977,,10.0,4950.0,1.0,0.0,0.0,-2.057776018994851,4950.0,495.0
2026-05-22T05:15:25+00:00,2026-05-22T11:00:25+05:45,2026-05-22,11:00:25,1779426925,4,5,11,nepse_official,OPEN,2026-05-22,AKJCL,Ankhu Khola Jalvidhyut Company Ltd,370.0,370.0,370.0,,370.0,375.0,-5.0,,30.0,11100.0,2.0,0.0,0.0,-1.3333333333333335,5550.0,370.0
2026-05-22T05:15:25+00:00,2026-05-22T11:00:25+05:45,2026-05-22,11:00:25,1779426925,4,5,11,nepse_official,OPEN,2026-05-22,AKPL,Arun Kabeli Power Ltd.,271.0,271.0,271.0,,271.0,270.4,0.6000000000000227,,10.0,2710.0,1.0,0.0,0.0,0.22189349112426876,2710.0,271.0
2026-05-22T05:15:25+00:00,2026-05-22T11:00:25+05:45,2026-05-22,11:00:25,1779426925,4,5,11,nepse_official,OPEN,2026-05-22,ALBSL,Asha Laghubitta Bittiya Sanstha Ltd,1162.3,1162.3,1162.3,,1162.3,1107.0,55.299999999999955,,10.0,11623.0,1.0,0.0,0.0,4.995483288166211,11623.0,1162.3
2026-05-22T05:15:25+00:00,2026-05-22T11:00:25+05:45,2026-05-22,11:00:25,1779426925,4,5,11,nepse_official,OPEN,2026-05-22,AVYAN,Aviyan Laghubitta Bittiya Sanstha Limited,1185.0,1185.0,1185.0,,1185.0,1137.9,47.09999999999991,,110.0,130350.0,3.0,0.0,0.0,4.139203796467168,43450.0,1185.0
2026-05-22T05:15:25+00:00,2026-05-22T11:00:25+05:45,2026-05-22,11:00:25,1779426925,4,5,11,nepse_official,OPEN,2026-05-22,BANDIPUR,Bandipur Cablecar and Tourism Limited,860.0,860.0,860.0,,860.0,860.0,0.0,,10.0,8600.0,1.0,0.0,0.0,0.0,8600.0,860.0
2026-05-22T05:15:25+00:00,2026-05-22T11:00:25+05:45,2026-05-22,11:00:25,1779426925,4,5,11,nepse_official,OPEN,2026-05-22,BHL,Balephi Hydropower Limited,234.1,234.1,234.1,,234.1,223.0,11.099999999999994,,10.0,2341.0,1.0,0.0,0.0,4.97757847533632,2341.0,234.1
2026-05-22T05:15:25+00:00,2026-05-22T11:00:25+05:45,2026-05-22,11:00:25,1779426925,4,5,11,nepse_official,OPEN,2026-05-22,BHPL,Barahi Hydropower Public Limited,556.0,556.0,556.0,,556.0,529.7,26.299999999999955,,10.0,5560.0,1.0,0.0,0.0,4.965074570511601,5560.0,556.0
2026-05-22T05:15:25+00:00,2026-05-22T11:00:25+05:45,2026-05-22,11:00:25,1779426925,4,5,11,nepse_official,OPEN,2026-05-22,BUNGAL,Bungal Hydro Limited,708.7,708.7,708.7,,708.7,746.0,-37.299999999999955,,160.0,113392.0,3.0,0.0,0.0,-4.999999999999994,37797.333333333336,708.7
2026-05-22T05:15:25+00:00,2026-05-22T11:00:25+05:45,2026-05-22,11:00:25,1779426925,4,5,11,nepse_official,OPEN,2026-05-22,CHDC,CEDB Holdings Limited,2152.0,2152.0,2152.0,,2152.0,2265.0,-113.0,,12.0,25824.0,1.0,0.0,0.0,-4.988962472406181,25824.0,2152.0
2026-05-22T05:15:25+00:00,2026-05-22T11:00:25+05:45,2026-05-22,11:00:25,1779426925,4,5,11,nepse_official,OPEN,2026-05-22,CREST,Crest Micro Life Insurance Limited,1140.0,1140.0,1140.0,,1140.0,1148.0,-8.0,,10.0,11400.0,1.0,0.0,0.0,-0.6968641114982579,11400.0,1140.0
2026-05-22T05:15:25+00:00,2026-05-22T11:00:25+05:45,2026-05-22,11:00:25,1779426925,4,5,11,nepse_official,OPEN,2026-05-22,CZBIL,Citizens Bank International Limited,195.2,195.2,195.2,,195.2,204.0,-8.800000000000011,,10.0,1952.0,1.0,0.0,0.0,-4.3137254901960835,1952.0,195.2
2026-05-22T05:15:25+00:00,2026-05-22T11:00:25+05:45,2026-05-22,11:00:25,1779426925,4,5,11,nepse_official,OPEN,2026-05-22,DDBL,Deprosc Laghubitta Bittiya Sanstha Limited,900.0,900.0,900.0,,900.0,858.0,42.0,,940.0,846000.0,4.0,0.0,0.0,4.895104895104895,211500.0,900.0
2026-05-22T05:15:25+00:00,2026-05-22T11:00:25+05:45,2026-05-22,11:00:25,1779426925,4,5,11,nepse_official,OPEN,2026-05-22,GBBL,Garima Bikas Bank Limited,428.0,428.0,428.0,,428.0,419.0,9.0,,100.0,42800.0,1.0,0.0,0.0,2.1479713603818613,42800.0,428.0
2026-05-22T05:15:25+00:00,2026-05-22T11:00:25+05:45,2026-05-22,11:00:25,1779426925,4,5,11,nepse_official,OPEN,2026-05-22,GMFBS,Ganapati Laghubitta Bittiya Sanstha Limited,1363.9,1363.9,1363.9,,1363.9,1299.0,64.90000000000009,,10.0,13639.0,1.0,0.0,0.0,4.996150885296389,13639.0,1363.9
2026-05-22T05:15:25+00:00,2026-05-22T11:00:25+05:45,2026-05-22,11:00:25,1779426925,4,5,11,nepse_official,OPEN,2026-05-22,GRDBL,Green Development Bank Ltd.,1049.0,1049.0,1049.0,,1049.0,1095.0,-46.0,,100.0,104900.0,2.0,0.0,0.0,-4.200913242009133,52450.0,1049.0
2026-05-22T05:15:25+00:00,2026-05-22T11:00:25+05:45,2026-05-22,11:00:25,1779426925,4,5,11,nepse_official,OPEN,2026-05-22,HBL,Himalayan Bank Limited,204.8,205.0,204.8,,205.0,204.8,0.19999999999998863,,200.0,40996.0,5.0,0.19999999999998863,0.09765624999999445,0.09765624999999445,8199.2,204.98
2026-05-22T05:15:25+00:00,2026-05-22T11:00:25+05:45,2026-05-22,11:00:25,1779426925,4,5,11,nepse_official,OPEN,2026-05-22,HDHPC,Himal Dolakha Hydropower Company Limited,239.0,239.0,239.0,,239.0,227.7,11.300000000000011,,10.0,2390.0,1.0,0.0,0.0,4.962670180061489,2390.0,239.0
2026-05-22T05:15:25+00:00,2026-05-22T11:00:25+05:45,2026-05-22,11:00:25,1779426925,4,5,11,nepse_official,OPEN,2026-05-22,IHL,Ingwa Hydropower Limited,415.0,415.0,415.0,,415.0,420.0,-5.0,,10.0,4150.0,1.0,0.0,0.0,-1.1904761904761905,4150.0,415.0
2026-05-22T05:15:25+00:00,2026-05-22T11:00:25+05:45,2026-05-22,11:00:25,1779426925,4,5,11,nepse_official,OPEN,2026-05-22,JHAPA,Jhapa Energy Limited,1334.8,1334.8,1334.8,,1334.8,1405.0,-70.20000000000005,,60.0,80088.0,2.0,0.0,0.0,-4.996441281138794,40044.0,1334.8
2026-05-22T05:15:25+00:00,2026-05-22T11:00:25+05:45,2026-05-22,11:00:25,1779426925,4,5,11,nepse_official,OPEN,2026-05-22,KBL,Kumari Bank Limited,222.0,222.0,222.0,,222.0,216.7,5.300000000000011,,1000.0,222000.0,3.0,0.0,0.0,2.4457775726811315,74000.0,222.0
2026-05-22T05:15:25+00:00,2026-05-22T11:00:25+05:45,2026-05-22,11:00:25,1779426925,4,5,11,nepse_official,OPEN,2026-05-22,KDBY,Kumari Dhanabriddhi Yojana,12.27,12.27,12.27,,12.27,11.69,0.5800000000000001,,100.0,1227.0,1.0,0.0,0.0,4.961505560307956,1227.0,12.27
2026-05-22T05:15:25+00:00,2026-05-22T11:00:25+05:45,2026-05-22,11:00:25,1779426925,4,5,11,nepse_official,OPEN,2026-05-22,LEC,Liberty Energy Company Limited,238.3,238.3,238.3,,238.3,227.0,11.300000000000011,,20.0,4766.0,2.0,0.0,0.0,4.977973568281943,2383.0,238.3
2026-05-22T05:15:25+00:00,2026-05-22T11:00:25+05:45,2026-05-22,11:00:25,1779426925,4,5,11,nepse_official,OPEN,2026-05-22,MABEL,Mabilung Energy Limited,665.0,665.0,665.0,,665.0,695.0,-30.0,,10.0,6650.0,1.0,0.0,0.0,-4.316546762589928,6650.0,665.0
2026-05-22T05:15:25+00:00,2026-05-22T11:00:25+05:45,2026-05-22,11:00:25,1779426925,4,5,11,nepse_official,OPEN,2026-05-22,MEL,Modi Energy Limited,235.5,235.5,235.5,,235.5,235.5,0.0,,10.0,2355.0,1.0,0.0,0.0,0.0,2355.0,235.5
2026-05-22T05:15:25+00:00,2026-05-22T11:00:25+05:45,2026-05-22,11:00:25,1779426925,4,5,11,nepse_official,OPEN,2026-05-22,MFIL,Manjushree Finance Ltd.,791.0,791.0,791.0,,791.0,805.0,-14.0,,10.0,7910.0,1.0,0.0,0.0,-1.7391304347826086,7910.0,791.0
2026-05-22T05:15:25+00:00,2026-05-22T11:00:25+05:45,2026-05-22,11:00:25,1779426925,4,5,11,nepse_official,OPEN,2026-05-22,MHCL,Molung Hydropower Company Limited,335.4,335.4,335.4,,335.4,353.0,-17.600000000000023,,10.0,3354.0,1.0,0.0,0.0,-4.985835694050998,3354.0,335.4
2026-05-22T05:15:25+00:00,2026-05-22T11:00:25+05:45,2026-05-22,11:00:25,1779426925,4,5,11,nepse_official,OPEN,2026-05-22,MHNL,Mountain Hydro Nepal Limited,257.0,257.0,257.0,,257.0,270.4,-13.399999999999977,,50.0,12850.0,1.0,0.0,0.0,-4.95562130177514,12850.0,257.0
2026-05-22T05:15:25+00:00,2026-05-22T11:00:25+05:45,2026-05-22,11:00:25,1779426925,4,5,11,nepse_official,OPEN,2026-05-22,MKJC,Mailung Khola Jal Vidhyut Company Limited,490.0,490.0,490.0,,490.0,500.5,-10.5,,10.0,4900.0,1.0,0.0,0.0,-2.097902097902098,4900.0,490.0
2026-05-22T05:15:25+00:00,2026-05-22T11:00:25+05:45,2026-05-22,11:00:25,1779426925,4,5,11,nepse_official,OPEN,2026-05-22,NRIC,Nepal Reinsurance Company Limited,915.0,915.0,915.0,,915.0,911.9,3.1000000000000227,,10.0,9150.0,1.0,0.0,0.0,0.3399495558723569,9150.0,915.0
2026-05-22T05:15:25+00:00,2026-05-22T11:00:25+05:45,2026-05-22,11:00:25,1779426925,4,5,11,nepse_official,OPEN,2026-05-22,NRM,Nepal Republic Media Limited,346.3,346.3,346.3,,346.3,364.5,-18.19999999999999,,10.0,3463.0,1.0,0.0,0.0,-4.993141289437583,3463.0,346.3
2026-05-22T05:15:25+00:00,2026-05-22T11:00:25+05:45,2026-05-22,11:00:25,1779426925,4,5,11,nepse_official,OPEN,2026-05-22,NRN,NRN Infrastructure and Development Limited,1361.0,1361.0,1361.0,,1361.0,1375.0,-14.0,,50.0,68050.0,2.0,0.0,0.0,-1.0181818181818183,34025.0,1361.0
2026-05-22T05:15:25+00:00,2026-05-22T11:00:25+05:45,2026-05-22,11:00:25,1779426925,4,5,11,nepse_official,OPEN,2026-05-22,PCIL,Palpa Cement Industries Limited,772.0,772.0,772.0,,772.0,812.0,-40.0,,10.0,7720.0,1.0,0.0,0.0,-4.926108374384237,7720.0,772.0
2026-05-22T05:15:25+00:00,2026-05-22T11:00:25+05:45,2026-05-22,11:00:25,1779426925,4,5,11,nepse_official,OPEN,2026-05-22,PHCL,Peoples Hydropower Company Limited,324.0,324.0,324.0,,324.0,309.0,15.0,,3000.0,972000.0,5.0,0.0,0.0,4.854368932038835,194400.0,324.0
2026-05-22T05:15:25+00:00,2026-05-22T11:00:25+05:45,2026-05-22,11:00:25,1779426925,4,5,11,nepse_official,OPEN,2026-05-22,PRSF,Prabhu Smart Fund,13.54,13.54,13.54,,13.54,12.9,0.6399999999999988,,100.0,1354.0,1.0,0.0,0.0,4.9612403100775095,1354.0,13.54
2026-05-22T05:15:25+00:00,2026-05-22T11:00:25+05:45,2026-05-22,11:00:25,1779426925,4,5,11,nepse_official,OPEN,2026-05-22,PRVU,Prabhu  Bank Limited,196.5,196.5,196.5,,196.5,196.5,0.0,,29.0,5698.5,2.0,0.0,0.0,0.0,2849.25,196.5
2026-05-22T05:15:25+00:00,2026-05-22T11:00:25+05:45,2026-05-22,11:00:25,1779426925,4,5,11,nepse_official,OPEN,2026-05-22,RFPL,River Falls Power Limited,360.0,360.0,360.0,,360.0,372.0,-12.0,,10.0,3600.0,1.0,0.0,0.0,-3.225806451612903,3600.0,360.0
2026-05-22T05:15:25+00:00,2026-05-22T11:00:25+05:45,2026-05-22,11:00:25,1779426925,4,5,11,nepse_official,OPEN,2026-05-22,RHPL,RASUWAGADHI HYDROPOWER COMPANY LIMITED,279.0,279.0,279.0,,279.0,279.0,0.0,,70.0,19530.0,1.0,0.0,0.0,0.0,19530.0,279.0
2026-05-22T05:15:25+00:00,2026-05-22T11:00:25+05:45,2026-05-22,11:00:25,1779426925,4,5,11,nepse_official,OPEN,2026-05-22,RMF1,RBB Mutual Fund 1,9.5,9.5,9.5,,9.5,9.99,-0.4900000000000002,,100.0,950.0,1.0,0.0,0.0,-4.904904904904907,950.0,9.5
2026-05-22T05:15:25+00:00,2026-05-22T11:00:25+05:45,2026-05-22,11:00:25,1779426925,4,5,11,nepse_official,OPEN,2026-05-22,SAGAR,Sagar Distillery Limited,1670.0,1670.0,1670.0,,1670.0,1675.0,-5.0,,10.0,16700.0,1.0,0.0,0.0,-0.2985074626865672,16700.0,1670.0
2026-05-22T05:15:25+00:00,2026-05-22T11:00:25+05:45,2026-05-22,11:00:25,1779426925,4,5,11,nepse_official,OPEN,2026-05-22,SAIL,Shreenagar Agritech Industries Limited,1122.3,1122.3,1122.3,,1122.3,1122.3,0.0,,10.0,11223.0,1.0,0.0,0.0,0.0,11223.0,1122.3
2026-05-22T05:15:25+00:00,2026-05-22T11:00:25+05:45,2026-05-22,11:00:25,1779426925,4,5,11,nepse_official,OPEN,2026-05-22,SANVI,Sanvi Energy Limited,670.7,670.7,670.7,,670.7,705.9,-35.19999999999993,,10.0,6707.0,1.0,0.0,0.0,-4.986542003116579,6707.0,670.7
2026-05-22T05:15:25+00:00,2026-05-22T11:00:25+05:45,2026-05-22,11:00:25,1779426925,4,5,11,nepse_official,OPEN,2026-05-22,SIPD,Shikhar power Development Limited,765.0,765.0,765.0,,765.0,799.0,-34.0,,176.0,134640.0,4.0,0.0,0.0,-4.25531914893617,33660.0,765.0
2026-05-22T05:15:25+00:00,2026-05-22T11:00:25+05:45,2026-05-22,11:00:25,1779426925,4,5,11,nepse_official,OPEN,2026-05-22,SMJC,Sagarmatha Jalabidhyut Company Limited,460.8,460.8,460.8,,460.8,485.0,-24.19999999999999,,10.0,4608.0,1.0,0.0,0.0,-4.989690721649482,4608.0,460.8
2026-05-22T05:15:25+00:00,2026-05-22T11:00:25+05:45,2026-05-22,11:00:25,1779426925,4,5,11,nepse_official,OPEN,2026-05-22,SOHL,Solu Hydropower Limited,700.0,700.0,700.0,,700.0,685.0,15.0,,50.0,35000.0,3.0,0.0,0.0,2.18978102189781,11666.666666666666,700.0
2026-05-22T05:15:25+00:00,2026-05-22T11:00:25+05:45,2026-05-22,11:00:25,1779426925,4,5,11,nepse_official,OPEN,2026-05-22,SONA,Sonapur Minerals And Oil Limited,472.5,472.5,472.5,,472.5,450.0,22.5,,4000.0,1890000.0,13.0,0.0,0.0,5.0,145384.61538461538,472.5
2026-05-22T05:15:25+00:00,2026-05-22T11:00:25+05:45,2026-05-22,11:00:25,1779426925,4,5,11,nepse_official,OPEN,2026-05-22,ULBSL,Upakar Laghubitta Bittiya Sanstha Limited,2810.0,2810.0,2810.0,,2810.0,2919.0,-109.0,,10.0,28100.0,1.0,0.0,0.0,-3.734155532716684,28100.0,2810.0
2026-05-22T05:15:25+00:00,2026-05-22T11:00:25+05:45,2026-05-22,11:00:25,1779426925,4,5,11,nepse_official,OPEN,2026-05-22,UNHPL,Union Hydropower Limited,408.0,408.0,408.0,,408.0,429.0,-21.0,,10.0,4080.0,1.0,0.0,0.0,-4.895104895104895,4080.0,408.0
2026-05-22T05:45:23+00:00,2026-05-22T11:30:23+05:45,2026-05-22,11:30:23,1779428723,4,5,11,nepse_official,OPEN,2026-05-22,ACLBSL,Aarambha Chautari Laghubitta Bittiya Sanstha Limited,947.3,975.7,929.0,,975.7,947.3,28.40000000000009,,224.0,214335.7,6.0,46.700000000000045,4.929800485590631,2.997994299588313,35722.61666666667,956.8558035714286
2026-05-22T05:45:23+00:00,2026-05-22T11:30:23+05:45,2026-05-22,11:30:23,1779428723,4,5,11,nepse_official,OPEN,2026-05-22,ADBL,Agricultural Development Bank Limited,314.9,314.9,310.0,,310.0,313.5,-3.5,,929.0,288840.0,9.0,4.899999999999977,1.5560495395363536,-1.1164274322169059,32093.333333333332,310.91496232508075
2026-05-22T05:45:23+00:00,2026-05-22T11:30:23+05:45,2026-05-22,11:30:23,1779428723,4,5,11,nepse_official,OPEN,2026-05-22,AHL,Asian Hydropower Limited,495.0,524.0,492.0,,497.0,505.4,-8.399999999999977,,445.0,222651.1,14.0,32.0,6.4646464646464645,-1.6620498614958406,15903.65,500.33955056179775
2026-05-22T05:45:23+00:00,2026-05-22T11:30:23+05:45,2026-05-22,11:30:23,1779428723,4,5,11,nepse_official,OPEN,2026-05-22,AHPC,Arun Valley Hydropower Development Co. Ltd.,279.0,281.0,279.0,,281.0,280.0,1.0,,2862.0,799765.0,10.0,2.0,0.7168458781362007,0.35714285714285715,79976.5,279.4426974143955
2026-05-22T05:45:23+00:00,2026-05-22T11:30:23+05:45,2026-05-22,11:30:23,1779428723,4,5,11,nepse_official,OPEN,2026-05-22,AKJCL,Ankhu Khola Jalvidhyut Company Ltd,370.0,383.0,370.0,,380.0,375.0,5.0,,72835.0,27546973.3,143.0,13.0,3.5135135135135136,1.3333333333333335,192636.17692307694,378.2106583373378
2026-05-22T05:45:23+00:00,2026-05-22T11:30:23+05:45,2026-05-22,11:30:23,1779428723,4,5,11,nepse_official,OPEN,2026-05-22,AKPL,Arun Kabeli Power Ltd.,271.0,271.1,270.0,,270.9,270.4,0.5,,1040.0,281808.0,8.0,1.1000000000000227,0.4059040590405988,0.1849112426035503,35226.0,270.96923076923076
2026-05-22T05:45:23+00:00,2026-05-22T11:30:23+05:45,2026-05-22,11:30:23,1779428723,4,5,11,nepse_official,OPEN,2026-05-22,ALBSL,Asha Laghubitta Bittiya Sanstha Ltd,1162.3,1162.3,1085.0,,1100.0,1107.0,-7.0,,49.0,54088.0,4.0,77.29999999999995,6.650606555966614,-0.6323396567299007,13522.0,1103.8367346938776
2026-05-22T05:45:23+00:00,2026-05-22T11:30:23+05:45,2026-05-22,11:30:23,1779428723,4,5,11,nepse_official,OPEN,2026-05-22,ALICL,Asian Life Insurance Co. Limited,459.9,459.9,459.9,,459.9,454.7,5.199999999999989,,10.0,4599.0,1.0,0.0,0.0,1.143611172201449,4599.0,459.9
2026-05-22T05:45:23+00:00,2026-05-22T11:30:23+05:45,2026-05-22,11:30:23,1779428723,4,5,11,nepse_official,OPEN,2026-05-22,API,Api Power Company Ltd.,351.1,354.0,351.0,,353.0,354.4,-1.3999999999999773,,4321.0,1520865.6,28.0,3.0,0.8544574195385929,-0.39503386004514035,54316.62857142858,351.97074751215
2026-05-22T05:45:23+00:00,2026-05-22T11:30:23+05:45,2026-05-22,11:30:23,1779428723,4,5,11,nepse_official,OPEN,2026-05-22,AVYAN,Aviyan Laghubitta Bittiya Sanstha Limited,1185.0,1194.0,1124.0,,1143.8,1137.9,5.899999999999864,,820.0,944376.0,16.0,70.0,5.9071729957805905,0.5184989893663646,59023.5,1151.6780487804879
2026-05-22T05:45:23+00:00,2026-05-22T11:30:23+05:45,2026-05-22,11:30:23,1779428723,4,5,11,nepse_official,OPEN,2026-05-22,BANDIPUR,Bandipur Cablecar and Tourism Limited,860.0,879.0,853.0,,866.0,860.0,6.0,,10898.0,9403211.3,133.0,26.0,3.0232558139534884,0.6976744186046512,70700.83684210527,862.8382547256379
2026-05-22T05:45:23+00:00,2026-05-22T11:30:23+05:45,2026-05-22,11:30:23,1779428723,4,5,11,nepse_official,OPEN,2026-05-22,BARUN,Barun Hydropower Co. Ltd.,345.3,345.6,345.3,,345.6,348.0,-2.3999999999999773,,48.0,16577.4,2.0,0.30000000000001137,0.08688097306690164,-0.6896551724137866,8288.7,345.3625
2026-05-22T05:45:23+00:00,2026-05-22T11:30:23+05:45,2026-05-22,11:30:23,1779428723,4,5,11,nepse_official,OPEN,2026-05-22,BBC,Bishal Bazar Company Limited,4833.0,4833.0,4833.0,,4833.0,4820.0,13.0,,10.0,48330.0,1.0,0.0,0.0,0.2697095435684647,48330.0,4833.0
2026-05-22T05:45:23+00:00,2026-05-22T11:30:23+05:45,2026-05-22,11:30:23,1779428723,4,5,11,nepse_official,OPEN,2026-05-22,BEDC,Bhugol Energy Development Company Limited,374.0,374.0,368.0,,368.0,369.8,-1.8000000000000114,,780.0,288010.0,6.0,6.0,1.6042780748663104,-0.4867495943753411,48001.666666666664,369.2435897435897
2026-05-22T05:45:23+00:00,2026-05-22T11:30:23+05:45,2026-05-22,11:30:23,1779428723,4,5,11,nepse_official,OPEN,2026-05-22,BFC,Best Finance Company Ltd.,461.0,461.0,459.8,,459.8,457.9,1.900000000000034,,20.0,9208.0,2.0,1.1999999999999886,0.2603036876355724,0.41493775933610705,4604.0,460.4
2026-05-22T05:45:23+00:00,2026-05-22T11:30:23+05:45,2026-05-22,11:30:23,1779428723,4,5,11,nepse_official,OPEN,2026-05-22,BGWT,Bhagawati Hydropower Development Company Limited,651.0,651.0,651.0,,651.0,650.0,1.0,,10.0,6510.0,1.0,0.0,0.0,0.15384615384615385,6510.0,651.0
2026-05-22T05:45:23+00:00,2026-05-22T11:30:23+05:45,2026-05-22,11:30:23,1779428723,4,5,11,nepse_official,OPEN,2026-05-22,BHCL,Bikash Hydropower Company Limited,532.0,555.0,528.0,,551.0,532.0,19.0,,13254.0,7192479.8,113.0,27.0,5.075187969924812,3.571428571428571,63650.26371681416,542.6648408027766
2026-05-22T05:45:23+00:00,2026-05-22T11:30:23+05:45,2026-05-22,11:30:23,1779428723,4,5,11,nepse_official,OPEN,2026-05-22,BHDC,Bindhyabasini Hydropower Development Company Limited,457.0,464.0,457.0,,464.0,463.5,0.5,,419.0,194269.0,3.0,7.0,1.5317286652078774,0.10787486515641855,64756.333333333336,463.6491646778043
2026-05-22T05:45:23+00:00,2026-05-22T11:30:23+05:45,2026-05-22,11:30:23,1779428723,4,5,11,nepse_official,OPEN,2026-05-22,BHL,Balephi Hydropower Limited,234.1,234.1,220.0,,222.1,223.0,-0.9000000000000057,,10494.0,2320721.0,25.0,14.099999999999994,6.023067065356683,-0.4035874439461909,92828.84,221.14741757194588
2026-05-22T05:45:23+00:00,2026-05-22T11:30:23+05:45,2026-05-22,11:30:23,1779428723,4,5,11,nepse_official,OPEN,2026-05-22,BHPL,Barahi Hydropower Public Limited,556.0,556.0,523.4,,525.0,529.7,-4.7000000000000455,,40.0,21438.0,4.0,32.60000000000002,5.86330935251799,-0.8872946951104483,5359.5,535.95
2026-05-22T05:45:23+00:00,2026-05-22T11:30:23+05:45,2026-05-22,11:30:23,1779428723,4,5,11,nepse_official,OPEN,2026-05-22,BJHL,Bhujung Hydropower Limited,925.0,946.0,912.5,,946.0,925.0,21.0,,768.0,721814.0,24.0,33.5,3.6216216216216215,2.27027027027027,30075.583333333332,939.8619791666666
2026-05-22T05:45:23+00:00,2026-05-22T11:30:23+05:45,2026-05-22,11:30:23,1779428723,4,5,11,nepse_official,OPEN,2026-05-22,BNHC,Buddha Bhumi Nepal Hydropower Company Limited,325.0,325.0,325.0,,325.0,328.4,-3.3999999999999773,,50.0,16250.0,1.0,0.0,0.0,-1.0353227771010893,16250.0,325.0
2026-05-22T05:45:23+00:00,2026-05-22T11:30:23+05:45,2026-05-22,11:30:23,1779428723,4,5,11,nepse_official,OPEN,2026-05-22,BPCL,Butwal Power Company Limited,695.1,695.4,695.1,,695.4,701.8,-6.399999999999977,,26.0,18077.4,2.0,0.2999999999999545,0.043159257660761695,-0.9119407238529463,9038.7,695.2846153846154
2026-05-22T05:45:23+00:00,2026-05-22T11:30:23+05:45,2026-05-22,11:30:23,1779428723,4,5,11,nepse_official,OPEN,2026-05-22,BUNGAL,Bungal Hydro Limited,708.7,709.0,680.0,,700.0,746.0,-46.0,,14065.0,9828209.5,225.0,29.0,4.091999435586285,-6.166219839142091,43680.93111111111,698.7706718805546
2026-05-22T05:45:23+00:00,2026-05-22T11:30:23+05:45,2026-05-22,11:30:23,1779428723,4,5,11,nepse_official,OPEN,2026-05-22,CBBL,Chhimek Laghubitta Bittiya Sanstha Limited,915.0,915.0,910.0,,910.2,915.0,-4.7999999999999545,,800.0,728906.0,9.0,5.0,0.546448087431694,-0.5245901639344213,80989.55555555556,911.1325
2026-05-22T05:45:23+00:00,2026-05-22T11:30:23+05:45,2026-05-22,11:30:23,1779428723,4,5,11,nepse_official,OPEN,2026-05-22,CFCL,Central Finance Co. Ltd.,490.0,505.0,490.0,,504.0,499.8,4.199999999999989,,70.0,35180.0,4.0,15.0,3.061224489795918,0.8403361344537792,8795.0,502.57142857142856
2026-05-22T05:45:23+00:00,2026-05-22T11:30:23+05:45,2026-05-22,11:30:23,1779428723,4,5,11,nepse_official,OPEN,2026-05-22,CGH,Chandragiri Hills Limited,814.7,814.7,814.7,,814.7,803.8,10.900000000000091,,13.0,10591.1,1.0,0.0,0.0,1.3560587210749055,10591.1,814.7
2026-05-22T05:45:23+00:00,2026-05-22T11:30:23+05:45,2026-05-22,11:30:23,1779428723,4,5,11,nepse_official,OPEN,2026-05-22,CHCL,Chilime Hydropower Company Limited,477.6,480.0,477.6,,480.0,479.0,1.0,,40.0,19156.0,3.0,2.3999999999999773,0.5025125628140656,0.20876826722338201,6385.333333333333,478.9
2026-05-22T05:45:23+00:00,2026-05-22T11:30:23+05:45,2026-05-22,11:30:23,1779428723,4,5,11,nepse_official,OPEN,2026-05-22,CHDC,CEDB Holdings Limited,2152.0,2275.0,2152.0,,2275.0,2265.0,10.0,,68.0,152293.0,6.0,123.0,5.715613382899628,0.44150110375275936,25382.166666666668,2239.6029411764707
2026-05-22T05:45:23+00:00,2026-05-22T11:30:23+05:45,2026-05-22,11:30:23,1779428723,4,5,11,nepse_official,OPEN,2026-05-22,CHL,Chhyangdi Hydropower Ltd.,284.5,290.0,283.0,,290.0,288.2,1.8000000000000114,,1079.0,307771.5,5.0,7.0,2.460456942003515,0.6245662734212393,61554.3,285.23772011121406
2026-05-22T05:45:23+00:00,2026-05-22T11:30:23+05:45,2026-05-22,11:30:23,1779428723,4,5,11,nepse_official,OPEN,2026-05-22,CIT,Citizen Investment Trust,1760.0,1762.0,1760.0,,1762.0,1766.5,-4.5,,67.0,117939.4,6.0,2.0,0.11363636363636363,-0.2547410133031418,19656.566666666666,1760.289552238806
2026-05-22T05:45:23+00:00,2026-05-22T11:30:23+05:45,2026-05-22,11:30:23,1779428723,4,5,11,nepse_official,OPEN,2026-05-22,CITY,City Hotel Limited,370.9,375.8,368.0,,375.0,374.9,0.10000000000002274,,9049.0,3369463.3,60.0,7.800000000000011,2.102992720409817,0.02667377967458595,56157.721666666665,372.3575312189192
2026-05-22T05:45:23+00:00,2026-05-22T11:30:23+05:45,2026-05-22,11:30:23,1779428723,4,5,11,nepse_official,OPEN,2026-05-22,CKHL,Chirkhwa Hydropower Limited ,651.0,651.0,651.0,,651.0,669.5,-18.5,,10.0,6510.0,1.0,0.0,0.0,-2.7632561613144135,6510.0,651.0
2026-05-22T05:45:23+00:00,2026-05-22T11:30:23+05:45,2026-05-22,11:30:23,1779428723,4,5,11,nepse_official,OPEN,2026-05-22,CLI,Citizen Life Insurance Company Limited,452.0,453.0,452.0,,452.1,454.0,-1.8999999999999773,,49.0,22162.3,4.0,1.0,0.22123893805309736,-0.4185022026431668,5540.575,452.29183673469385
2026-05-22T05:45:23+00:00,2026-05-22T11:30:23+05:45,2026-05-22,11:30:23,1779428723,4,5,11,nepse_official,OPEN,2026-05-22,CORBL,Corporate Development Bank Limited,2001.0,2044.0,2001.0,,2044.0,2049.9,-5.900000000000091,,150.0,306170.0,4.0,43.0,2.148925537231384,-0.28781891799600423,76542.5,2041.1333333333334
2026-05-22T05:45:23+00:00,2026-05-22T11:30:23+05:45,2026-05-22,11:30:23,1779428723,4,5,11,nepse_official,OPEN,2026-05-22,CREST,Crest Micro Life Insurance Limited,1140.0,1245.0,1120.0,,1131.0,1148.0,-17.0,,1530.0,1759880.0,26.0,125.0,10.964912280701753,-1.480836236933798,67687.69230769231,1150.248366013072
2026-05-22T05:45:23+00:00,2026-05-22T11:30:23+05:45,2026-05-22,11:30:23,1779428723,4,5,11,nepse_official,OPEN,2026-05-22,CSY,Citizens Santulit Yojana,9.25,9.25,9.25,,9.25,9.28,-0.02999999999999936,,100.0,925.0,1.0,0.0,0.0,-0.32327586206895864,925.0,9.25
2026-05-22T05:45:23+00:00,2026-05-22T11:30:23+05:45,2026-05-22,11:30:23,1779428723,4,5,11,nepse_official,OPEN,2026-05-22,CZBIL,Citizens Bank International Limited,195.2,206.9,195.2,,206.0,204.0,2.0,,52.0,10552.0,5.0,11.700000000000017,5.993852459016403,0.9803921568627451,2110.4,202.92307692307693
2026-05-22T05:45:23+00:00,2026-05-22T11:30:23+05:45,2026-05-22,11:30:23,1779428723,4,5,11,nepse_official,OPEN,2026-05-22,DDBL,Deprosc Laghubitta Bittiya Sanstha Limited,900.0,900.0,873.0,,873.0,858.0,15.0,,1440.0,1282500.0,8.0,27.0,3.0,1.7482517482517483,160312.5,890.625
2026-05-22T05:45:23+00:00,2026-05-22T11:30:23+05:45,2026-05-22,11:30:23,1779428723,4,5,11,nepse_official,OPEN,2026-05-22,DHEL,Daramkhola Hydro Energy Limited,625.0,650.1,624.3,,643.1,630.0,13.100000000000023,,13518.0,8701043.0,109.0,25.800000000000068,4.128000000000011,2.079365079365083,79826.08256880734,643.66348572274
2026-05-22T05:45:23+00:00,2026-05-22T11:30:23+05:45,2026-05-22,11:30:23,1779428723,4,5,11,nepse_official,OPEN,2026-05-22,DHPL,Dibyashwori Hydropower Ltd.,303.0,303.0,300.0,,300.0,300.0,0.0,,1700.0,514950.0,3.0,3.0,0.9900990099009901,0.0,171650.0,302.9117647058824
2026-05-22T05:45:23+00:00,2026-05-22T11:30:23+05:45,2026-05-22,11:30:23,1779428723,4,5,11,nepse_official,OPEN,2026-05-22,DOLTI,Dolti Power Company Limited,348.5,351.9,347.0,,351.9,349.0,2.8999999999999773,,1430.0,496372.0,5.0,4.899999999999977,1.4060258249641255,0.8309455587392486,99274.4,347.1132867132867
2026-05-22T05:45:23+00:00,2026-05-22T11:30:23+05:45,2026-05-22,11:30:23,1779428723,4,5,11,nepse_official,OPEN,2026-05-22,DORDI,Dordi Khola Jal Bidyut Company Limited,275.0,275.0,272.1,,272.1,275.0,-2.8999999999999773,,390.0,106177.0,4.0,2.8999999999999773,1.0545454545454462,-1.0545454545454462,26544.25,272.24871794871797
2026-05-22T05:45:23+00:00,2026-05-22T11:30:23+05:45,2026-05-22,11:30:23,1779428723,4,5,11,nepse_official,OPEN,2026-05-22,EBL,Everest Bank Limited,705.0,708.0,705.0,,707.1,709.8,-2.699999999999932,,655.0,463626.8,8.0,3.0,0.425531914893617,-0.3803888419272939,57953.35,707.8271755725191
2026-05-22T05:45:23+00:00,2026-05-22T11:30:23+05:45,2026-05-22,11:30:23,1779428723,4,5,11,nepse_official,OPEN,2026-05-22,EHPL,Eastern Hydropower Limited,386.9,389.0,386.9,,389.0,386.1,2.8999999999999773,,600.0,232625.0,4.0,2.1000000000000227,0.5427759110881424,0.7511007511007451,58156.25,387.7083333333333
2026-05-22T05:45:23+00:00,2026-05-22T11:30:23+05:45,2026-05-22,11:30:23,1779428723,4,5,11,nepse_official,OPEN,2026-05-22,ENL,Emerging Nepal Limited,914.0,914.0,914.0,,914.0,899.0,15.0,,10.0,9140.0,1.0,0.0,0.0,1.668520578420467,9140.0,914.0
2026-05-22T05:45:23+00:00,2026-05-22T11:30:23+05:45,2026-05-22,11:30:23,1779428723,4,5,11,nepse_official,OPEN,2026-05-22,FMDBL,First Micro Finance Laghubitta Bittiya Sanstha Limited,785.0,790.0,785.0,,786.1,792.0,-5.899999999999977,,1291.0,1016697.0,8.0,5.0,0.6369426751592357,-0.7449494949494921,127087.125,787.5267234701781
2026-05-22T05:45:23+00:00,2026-05-22T11:30:23+05:45,2026-05-22,11:30:23,1779428723,4,5,11,nepse_official,OPEN,2026-05-22,FOWAD,Forward Microfinance Laghubitta Bittiya Sanstha Limited,1055.0,1055.0,1049.9,,1050.0,1046.0,4.0,,295.0,310065.5,6.0,5.099999999999909,0.4834123222748729,0.3824091778202677,51677.583333333336,1051.0694915254237
2026-05-22T05:45:23+00:00,2026-05-22T11:30:23+05:45,2026-05-22,11:30:23,1779428723,4,5,11,nepse_official,OPEN,2026-05-22,GBBD85,"Garima Debenture, 2085",1100.0,1100.0,1100.0,,1100.0,1120.0,-20.0,,100.0,110000.0,1.0,0.0,0.0,-1.7857142857142856,110000.0,1100.0
2026-05-22T05:45:23+00:00,2026-05-22T11:30:23+05:45,2026-05-22,11:30:23,1779428723,4,5,11,nepse_official,OPEN,2026-05-22,GBBL,Garima Bikas Bank Limited,428.0,439.9,418.0,,418.0,419.0,-1.0,,8637.0,3786596.2,19.0,21.899999999999977,5.116822429906537,-0.23866348448687352,199294.53684210527,438.41567673960867
2026-05-22T05:45:23+00:00,2026-05-22T11:30:23+05:45,2026-05-22,11:30:23,1779428723,4,5,11,nepse_official,OPEN,2026-05-22,GBIME,Global IME Bank Limited,237.5,237.6,234.3,,237.6,235.2,2.4000000000000057,,1658.0,391937.9,18.0,3.299999999999983,1.389473684210519,1.0204081632653086,21774.32777777778,236.3919782870929
2026-05-22T05:45:23+00:00,2026-05-22T11:30:23+05:45,2026-05-22,11:30:23,1779428723,4,5,11,nepse_official,OPEN,2026-05-22,GBLBS,Grameen Bikas Laghubitta Bittiya Sanstha Ltd.,768.0,780.5,768.0,,780.5,770.9,9.600000000000023,,35.0,26965.0,3.0,12.5,1.6276041666666667,1.2452977039823612,8988.333333333334,770.4285714285714
2026-05-22T05:45:23+00:00,2026-05-22T11:30:23+05:45,2026-05-22,11:30:23,1779428723,4,5,11,nepse_official,OPEN,2026-05-22,GCIL,Ghorahi Cement Industry Limited,412.1,416.0,412.1,,413.6,416.1,-2.5,,1577.0,651565.6,8.0,3.8999999999999773,0.9463722397476285,-0.600817111271329,81445.7,413.16778693722256
2026-05-22T05:45:23+00:00,2026-05-22T11:30:23+05:45,2026-05-22,11:30:23,1779428723,4,5,11,nepse_official,OPEN,2026-05-22,GFCL,Goodwill Finance Limited,620.1,630.0,620.1,,630.0,628.0,2.0,,70.0,43782.5,4.0,9.899999999999977,1.59651669085631,0.3184713375796179,10945.625,625.4642857142857
2026-05-22T05:45:23+00:00,2026-05-22T11:30:23+05:45,2026-05-22,11:30:23,1779428723,4,5,11,nepse_official,OPEN,2026-05-22,GHL,Ghalemdi Hydro Limited,239.8,239.8,238.0,,238.0,237.0,1.0,,25.0,5968.0,2.0,1.8000000000000114,0.7506255212677279,0.42194092827004215,2984.0,238.72
2026-05-22T05:45:23+00:00,2026-05-22T11:30:23+05:45,2026-05-22,11:30:23,1779428723,4,5,11,nepse_official,OPEN,2026-05-22,GIBF1,Global IME Balanced Fund-1,11.0,11.0,11.0,,11.0,11.0,0.0,,200.0,2200.0,2.0,0.0,0.0,0.0,1100.0,11.0
2026-05-22T05:45:23+00:00,2026-05-22T11:30:23+05:45,2026-05-22,11:30:23,1779428723,4,5,11,nepse_official,OPEN,2026-05-22,GILB,Global IME Laghubitta Bittiya Sanstha Ltd.,1096.1,1096.1,1093.0,,1093.0,1125.0,-32.0,,675.0,738349.9,10.0,3.099999999999909,0.28282091050085845,-2.8444444444444446,73834.99,1093.8517037037038
2026-05-22T05:45:23+00:00,2026-05-22T11:30:23+05:45,2026-05-22,11:30:23,1779428723,4,5,11,nepse_official,OPEN,2026-05-22,GLBSL,Gurans Laghubitta Bittiya Sanstha Limited,1791.0,1795.0,1791.0,,1795.0,1791.0,4.0,,13.0,23470.0,2.0,4.0,0.2233389168062535,0.2233389168062535,11735.0,1805.3846153846155
2026-05-22T05:45:23+00:00,2026-05-22T11:30:23+05:45,2026-05-22,11:30:23,1779428723,4,5,11,nepse_official,OPEN,2026-05-22,GLH,GreenLife Hydropower Limited,267.1,267.1,267.1,,267.1,269.0,-1.8999999999999773,,1000.0,267100.0,1.0,0.0,0.0,-0.706319702602222,267100.0,267.1
2026-05-22T05:45:23+00:00,2026-05-22T11:30:23+05:45,2026-05-22,11:30:23,1779428723,4,5,11,nepse_official,OPEN,2026-05-22,GMFBS,Ganapati Laghubitta Bittiya Sanstha Limited,1363.9,1363.9,1323.0,,1323.0,1299.0,24.0,,60.0,79789.0,2.0,40.90000000000009,2.9987535743089735,1.8475750577367205,39894.5,1329.8166666666666
2026-05-22T05:45:23+00:00,2026-05-22T11:30:23+05:45,2026-05-22,11:30:23,1779428723,4,5,11,nepse_official,OPEN,2026-05-22,GMFIL,Guheshowori Merchant Bank & Finance Co. Ltd.,469.9,469.9,469.9,,469.9,468.0,1.8999999999999773,,10.0,4699.0,1.0,0.0,0.0,0.40598290598290115,4699.0,469.9
2026-05-22T05:45:23+00:00,2026-05-22T11:30:23+05:45,2026-05-22,11:30:23,1779428723,4,5,11,nepse_official,OPEN,2026-05-22,GMLI,Guardian Micro Life Insurance Limited ,1260.0,1260.0,1260.0,,1260.0,1274.0,-14.0,,10.0,12600.0,1.0,0.0,0.0,-1.098901098901099,12600.0,1260.0
2026-05-22T05:45:23+00:00,2026-05-22T11:30:23+05:45,2026-05-22,11:30:23,1779428723,4,5,11,nepse_official,OPEN,2026-05-22,GRDBL,Green Development Bank Ltd.,1049.0,1110.0,1049.0,,1110.0,1095.0,15.0,,2821.0,3113602.0,28.0,61.0,5.815061963775023,1.36986301369863,111200.07142857143,1103.7227933356965
2026-05-22T05:45:23+00:00,2026-05-22T11:30:23+05:45,2026-05-22,11:30:23,1779428723,4,5,11,nepse_official,OPEN,2026-05-22,GSY,Garima Samriddhi Yojana,9.71,9.71,9.71,,9.71,10.0,-0.28999999999999915,,400.0,3884.0,4.0,0.0,0.0,-2.8999999999999915,971.0,9.71
2026-05-22T05:45:23+00:00,2026-05-22T11:30:23+05:45,2026-05-22,11:30:23,1779428723,4,5,11,nepse_official,OPEN,2026-05-22,GVL,Green Ventures Limited,486.0,490.0,486.0,,490.0,490.0,0.0,,21.0,10246.0,2.0,4.0,0.823045267489712,0.0,5123.0,487.9047619047619
2026-05-22T05:45:23+00:00,2026-05-22T11:30:23+05:45,2026-05-22,11:30:23,1779428723,4,5,11,nepse_official,OPEN,2026-05-22,H8020,Himalayan 80-20,11.78,11.78,11.78,,11.78,12.14,-0.3600000000000012,,100.0,1178.0,1.0,0.0,0.0,-2.9654036243822173,1178.0,11.78
2026-05-22T05:45:23+00:00,2026-05-22T11:30:23+05:45,2026-05-22,11:30:23,1779428723,4,5,11,nepse_official,OPEN,2026-05-22,HBL,Himalayan Bank Limited,204.8,206.0,203.0,,203.0,204.8,-1.8000000000000114,,1274.0,260426.4,64.0,3.0,1.46484375,-0.8789062500000056,4069.1625,204.41632653061225
2026-05-22T05:45:23+00:00,2026-05-22T11:30:23+05:45,2026-05-22,11:30:23,1779428723,4,5,11,nepse_official,OPEN,2026-05-22,HDHPC,Himal Dolakha Hydropower Company Limited,239.0,239.0,222.0,,228.0,227.7,0.30000000000001137,,37100.0,8455027.0,28.0,17.0,7.112970711297072,0.13175230566535415,301965.25,227.89830188679247
2026-05-22T05:45:23+00:00,2026-05-22T11:30:23+05:45,2026-05-22,11:30:23,1779428723,4,5,11,nepse_official,OPEN,2026-05-22,HDL,Himalayan Distillery Limited,1180.0,1180.0,1160.0,,1164.0,1161.0,3.0,,895.0,1039820.0,12.0,20.0,1.694915254237288,0.2583979328165375,86651.66666666667,1161.8100558659219
2026-05-22T05:45:23+00:00,2026-05-22T11:30:23+05:45,2026-05-22,11:30:23,1779428723,4,5,11,nepse_official,OPEN,2026-05-22,HEIP,Himalayan Everest Insurance Limited Promoter,320.0,320.0,320.0,,320.0,320.5,-0.5,,500.0,160000.0,1.0,0.0,0.0,-0.15600624024961,160000.0,320.0
2026-05-22T05:45:23+00:00,2026-05-22T11:30:23+05:45,2026-05-22,11:30:23,1779428723,4,5,11,nepse_official,OPEN,2026-05-22,HFIN,Hotel Forest Inn Limited,970.0,984.9,957.1,,970.1,960.0,10.100000000000023,,9537.0,9331605.9,147.0,27.799999999999955,2.8659793814432946,1.0520833333333357,63480.31224489796,978.4634476250394
2026-05-22T05:45:23+00:00,2026-05-22T11:30:23+05:45,2026-05-22,11:30:23,1779428723,4,5,11,nepse_official,OPEN,2026-05-22,HHL,Himalayan Hydropower Limited,365.2,372.9,365.2,,372.9,369.4,3.5,,66.0,24398.4,4.0,7.699999999999989,2.108433734939756,0.9474824038982134,6099.6,369.6727272727273
2026-05-22T05:45:23+00:00,2026-05-22T11:30:23+05:45,2026-05-22,11:30:23,1779428723,4,5,11,nepse_official,OPEN,2026-05-22,HIDCL,Hydorelectricity Investment and Development Company Ltd,270.0,270.0,269.0,,270.0,269.7,0.30000000000001137,,2019.0,544597.6,22.0,1.0,0.3703703703703704,0.11123470522803537,24754.436363636363,269.7363051015354
2026-05-22T05:45:23+00:00,2026-05-22T11:30:23+05:45,2026-05-22,11:30:23,1779428723,4,5,11,nepse_official,OPEN,2026-05-22,HIDCLP,Hydorelectricity Investment and Development Company Limited Promoter,205.0,207.5,204.6,,204.6,206.0,-1.4000000000000057,,5100.0,1057869.6,4.0,2.9000000000000057,1.4146341463414662,-0.6796116504854397,264467.4,207.4254117647059
2026-05-22T05:45:23+00:00,2026-05-22T11:30:23+05:45,2026-05-22,11:30:23,1779428723,4,5,11,nepse_official,OPEN,2026-05-22,HIMSTAR,Him Star Urja Company Limited,875.0,890.0,875.0,,886.1,880.0,6.100000000000023,,100.0,88516.0,5.0,15.0,1.7142857142857144,0.6931818181818208,17703.2,885.16
2026-05-22T05:45:23+00:00,2026-05-22T11:30:23+05:45,2026-05-22,11:30:23,1779428723,4,5,11,nepse_official,OPEN,2026-05-22,HLI,Himalayan Life Insurance Limited,338.0,338.0,338.0,,338.0,337.0,1.0,,100.0,33800.0,1.0,0.0,0.0,0.2967359050445104,33800.0,338.0
2026-05-22T05:45:23+00:00,2026-05-22T11:30:23+05:45,2026-05-22,11:30:23,1779428723,4,5,11,nepse_official,OPEN,2026-05-22,HLICF,HLI Large Cap Fund,8.9,8.9,8.9,,8.9,8.99,-0.08999999999999986,,1500.0,13350.0,1.0,0.0,0.0,-1.0011123470522787,13350.0,8.9
2026-05-22T05:45:23+00:00,2026-05-22T11:30:23+05:45,2026-05-22,11:30:23,1779428723,4,5,11,nepse_official,OPEN,2026-05-22,HPPL,Himalayan Power Partner Ltd.,373.1,380.0,373.1,,375.1,377.9,-2.7999999999999545,,30.0,11282.0,3.0,6.899999999999977,1.8493701420530626,-0.7409367557554789,3760.6666666666665,376.06666666666666
2026-05-22T05:45:23+00:00,2026-05-22T11:30:23+05:45,2026-05-22,11:30:23,1779428723,4,5,11,nepse_official,OPEN,2026-05-22,HRL,Himalayan Reinsurance Limited,635.0,645.0,630.0,,640.0,640.0,0.0,,4099.0,2612054.1,55.0,15.0,2.3622047244094486,0.0,47491.89272727273,637.2417906806538
2026-05-22T05:45:23+00:00,2026-05-22T11:30:23+05:45,2026-05-22,11:30:23,1779428723,4,5,11,nepse_official,OPEN,2026-05-22,HURJA,Himalaya Urja Bikas Company Limited,254.6,256.0,254.6,,256.0,257.4,-1.3999999999999773,,450.0,114826.0,3.0,1.4000000000000057,0.5498821681068365,-0.5439005439005351,38275.333333333336,255.1688888888889
2026-05-22T05:45:23+00:00,2026-05-22T11:30:23+05:45,2026-05-22,11:30:23,1779428723,4,5,11,nepse_official,OPEN,2026-05-22,ICFC,ICFC Finance Limited,637.9,637.9,631.0,,631.0,631.4,-0.39999999999997726,,46.0,29095.0,3.0,6.899999999999977,1.0816742436118478,-0.06335128286347438,9698.333333333334,632.5
2026-05-22T05:45:23+00:00,2026-05-22T11:30:23+05:45,2026-05-22,11:30:23,1779428723,4,5,11,nepse_official,OPEN,2026-05-22,ICFCD89,8% ICFC Finance Limited Debenture 2089,1080.3,1080.3,1080.2,,1080.2,1099.9,-19.700000000000045,,50.0,54012.5,2.0,0.09999999999990905,0.009256687957040549,-1.7910719156286974,27006.25,1080.25
2026-05-22T05:45:23+00:00,2026-05-22T11:30:23+05:45,2026-05-22,11:30:23,1779428723,4,5,11,nepse_official,OPEN,2026-05-22,IHL,Ingwa Hydropower Limited,415.0,427.0,415.0,,422.0,420.0,2.0,,1579.0,660532.5,16.0,12.0,2.891566265060241,0.4761904761904762,41283.28125,418.3233058898037
2026-05-22T05:45:23+00:00,2026-05-22T11:30:23+05:45,2026-05-22,11:30:23,1779428723,4,5,11,nepse_official,OPEN,2026-05-22,ILI,IME Life Insurance Company Limited,434.0,437.0,434.0,,437.0,440.0,-3.0,,74.0,32257.2,8.0,3.0,0.6912442396313364,-0.6818181818181818,4032.15,435.90810810810814
2026-05-22T05:45:23+00:00,2026-05-22T11:30:23+05:45,2026-05-22,11:30:23,1779428723,4,5,11,nepse_official,OPEN,2026-05-22,JBBL,Jyoti Bikas Bank Limited,362.0,362.0,357.0,,357.0,359.0,-2.0,,621.0,222782.0,6.0,5.0,1.3812154696132597,-0.5571030640668524,37130.333333333336,358.74718196457326
2026-05-22T05:45:23+00:00,2026-05-22T11:30:23+05:45,2026-05-22,11:30:23,1779428723,4,5,11,nepse_official,OPEN,2026-05-22,JFL,Janaki Finance Company Limited,417.4,417.4,417.4,,417.4,408.0,9.399999999999977,,20.0,8348.0,1.0,0.0,0.0,2.3039215686274455,8348.0,417.4
2026-05-22T05:45:23+00:00,2026-05-22T11:30:23+05:45,2026-05-22,11:30:23,1779428723,4,5,11,nepse_official,OPEN,2026-05-22,JHAPA,Jhapa Energy Limited,1334.8,1457.0,1334.8,,1436.8,1405.0,31.799999999999955,,1176.0,1673218.6,37.0,122.20000000000005,9.154929577464792,2.263345195729534,45222.12432432433,1422.8049319727893
2026-05-22T05:45:23+00:00,2026-05-22T11:30:23+05:45,2026-05-22,11:30:23,1779428723,4,5,11,nepse_official,OPEN,2026-05-22,JOSHI,Joshi Hydropower Development Company Ltd,287.0,287.0,287.0,,287.0,283.5,3.5,,10.0,2870.0,1.0,0.0,0.0,1.2345679012345678,2870.0,287.0
2026-05-22T05:45:23+00:00,2026-05-22T11:30:23+05:45,2026-05-22,11:30:23,1779428723,4,5,11,nepse_official,OPEN,2026-05-22,KBL,Kumari Bank Limited,222.0,222.0,215.5,,217.9,216.7,1.200000000000017,,4991.0,1089420.0,24.0,6.5,2.9279279279279278,0.5537609598523383,45392.5,218.27689841715087
2026-05-22T05:45:23+00:00,2026-05-22T11:30:23+05:45,2026-05-22,11:30:23,1779428723,4,5,11,nepse_official,OPEN,2026-05-22,KDBY,Kumari Dhanabriddhi Yojana,12.27,12.27,12.27,,12.27,11.69,0.5800000000000001,,100.0,1227.0,1.0,0.0,0.0,4.961505560307956,1227.0,12.27
2026-05-22T05:45:23+00:00,2026-05-22T11:30:23+05:45,2026-05-22,11:30:23,1779428723,4,5,11,nepse_official,OPEN,2026-05-22,KDL,Kalinchowk Darshan Limited,833.0,833.0,833.0,,833.0,833.0,0.0,,55.0,45815.0,2.0,0.0,0.0,0.0,22907.5,833.0
2026-05-22T05:45:23+00:00,2026-05-22T11:30:23+05:45,2026-05-22,11:30:23,1779428723,4,5,11,nepse_official,OPEN,2026-05-22,KEF,Kumari Equity Fund,10.67,10.71,10.67,,10.71,10.68,0.030000000000001137,,450.0,4809.5,3.0,0.040000000000000924,0.37488284910966185,0.28089887640450506,1603.1666666666667,10.687777777777777
2026-05-22T05:45:23+00:00,2026-05-22T11:30:23+05:45,2026-05-22,11:30:23,1779428723,4,5,11,nepse_official,OPEN,2026-05-22,KKHC,Khanikhola Hydropower Co. Ltd.,255.0,262.3,255.0,,256.9,258.0,-1.1000000000000227,,131.0,33786.9,5.0,7.300000000000011,2.86274509803922,-0.4263565891472957,6757.38,257.9152671755725
2026-05-22T05:45:23+00:00,2026-05-22T11:30:23+05:45,2026-05-22,11:30:23,1779428723,4,5,11,nepse_official,OPEN,2026-05-22,KMCDB,Kalika Laghubitta Bittiya Sanstha Ltd,841.1,845.1,840.5,,845.0,866.0,-21.0,,1200.0,1009105.0,6.0,4.600000000000023,0.5469028652954492,-2.424942263279446,168184.16666666666,840.9208333333333
2026-05-22T05:45:23+00:00,2026-05-22T11:30:23+05:45,2026-05-22,11:30:23,1779428723,4,5,11,nepse_official,OPEN,2026-05-22,KSBBL,Kamana Sewa Bikas Bank Limited,484.0,487.0,484.0,,487.0,484.0,3.0,,145.0,70245.0,4.0,3.0,0.6198347107438017,0.6198347107438017,17561.25,484.44827586206895
2026-05-22T05:45:23+00:00,2026-05-22T11:30:23+05:45,2026-05-22,11:30:23,1779428723,4,5,11,nepse_official,OPEN,2026-05-22,KSY,Kumari Sabal Yojana,9.5,9.7,9.5,,9.7,9.79,-0.08999999999999986,,350.0,3355.0,2.0,0.1999999999999993,2.1052631578947296,-0.9193054136874348,1677.5,9.585714285714285
2026-05-22T05:45:23+00:00,2026-05-22T11:30:23+05:45,2026-05-22,11:30:23,1779428723,4,5,11,nepse_official,OPEN,2026-05-22,LBBL,Lumbini Bikas Bank Ltd.,484.0,487.1,484.0,,487.1,487.0,0.10000000000002274,,224.0,108647.0,3.0,3.1000000000000227,0.6404958677685997,0.02053388090349543,36215.666666666664,485.03125
2026-05-22T05:45:23+00:00,2026-05-22T11:30:23+05:45,2026-05-22,11:30:23,1779428723,4,5,11,nepse_official,OPEN,2026-05-22,LEC,Liberty Energy Company Limited,238.3,238.3,227.5,,228.0,227.0,1.0,,710.0,162271.0,10.0,10.800000000000011,4.532102391942933,0.4405286343612335,16227.1,228.55070422535212
2026-05-22T05:45:23+00:00,2026-05-22T11:30:23+05:45,2026-05-22,11:30:23,1779428723,4,5,11,nepse_official,OPEN,2026-05-22,LSL,Laxmi Sunrise Bank Limited,223.0,223.5,222.0,,222.0,223.0,-1.0,,1905.0,423158.5,14.0,1.5,0.672645739910314,-0.4484304932735426,30225.60714285714,222.13044619422573
2026-05-22T05:45:23+00:00,2026-05-22T11:30:23+05:45,2026-05-22,11:30:23,1779428723,4,5,11,nepse_official,OPEN,2026-05-22,MABEL,Mabilung Energy Limited,665.0,745.0,665.0,,742.4,695.0,47.39999999999998,,28963.0,21255918.5,296.0,80.0,12.030075187969924,6.820143884892083,71810.53547297297,733.8990608707661
2026-05-22T05:45:23+00:00,2026-05-22T11:30:23+05:45,2026-05-22,11:30:23,1779428723,4,5,11,nepse_official,OPEN,2026-05-22,MAKAR,Makar Jitumaya Suri Hydropower Limited,500.0,510.0,500.0,,510.0,500.0,10.0,,710.0,357100.0,4.0,10.0,2.0,2.0,89275.0,502.9577464788732
2026-05-22T05:45:23+00:00,2026-05-22T11:30:23+05:45,2026-05-22,11:30:23,1779428723,4,5,11,nepse_official,OPEN,2026-05-22,MATRI,Matribhumi Lagubitta Bittiya Sanstha Limited,878.0,878.0,878.0,,878.0,890.0,-12.0,,10.0,8780.0,1.0,0.0,0.0,-1.348314606741573,8780.0,878.0
2026-05-22T05:45:23+00:00,2026-05-22T11:30:23+05:45,2026-05-22,11:30:23,1779428723,4,5,11,nepse_official,OPEN,2026-05-22,MBJC,Madhya Bhotekoshi Jalavidyut Company Limited,282.2,284.0,281.4,,283.0,284.0,-1.0,,1250.0,352720.8,12.0,2.6000000000000227,0.9213323883770457,-0.35211267605633806,29393.399999999998,282.17663999999996
2026-05-22T05:45:23+00:00,2026-05-22T11:30:23+05:45,2026-05-22,11:30:23,1779428723,4,5,11,nepse_official,OPEN,2026-05-22,MBL,Machhapuchhre Bank Limited,253.0,253.0,248.1,,252.9,251.0,1.9000000000000057,,293.0,73220.0,8.0,4.900000000000006,1.9367588932806348,0.7569721115537872,9152.5,249.8976109215017
2026-05-22T05:45:23+00:00,2026-05-22T11:30:23+05:45,2026-05-22,11:30:23,1779428723,4,5,11,nepse_official,OPEN,2026-05-22,MCHL,Menchhiyam Hydropower Limited,312.1,312.1,312.1,,312.1,319.4,-7.2999999999999545,,10.0,3121.0,1.0,0.0,0.0,-2.285535378835302,3121.0,312.1
2026-05-22T05:45:23+00:00,2026-05-22T11:30:23+05:45,2026-05-22,11:30:23,1779428723,4,5,11,nepse_official,OPEN,2026-05-22,MDB,Miteri Development Bank Limited,613.0,613.0,613.0,,613.0,606.0,7.0,,500.0,306500.0,1.0,0.0,0.0,1.155115511551155,306500.0,613.0
2026-05-22T05:45:23+00:00,2026-05-22T11:30:23+05:45,2026-05-22,11:30:23,1779428723,4,5,11,nepse_official,OPEN,2026-05-22,MEHL,Manakamana Engineering Hydropower Limited,375.1,375.1,370.0,,370.0,379.0,-9.0,,150.0,56060.0,3.0,5.100000000000023,1.3596374300186678,-2.3746701846965697,18686.666666666668,373.73333333333335
2026-05-22T05:45:23+00:00,2026-05-22T11:30:23+05:45,2026-05-22,11:30:23,1779428723,4,5,11,nepse_official,OPEN,2026-05-22,MEL,Modi Energy Limited,235.5,236.0,230.0,,236.0,235.5,0.5,,183.0,43064.0,12.0,6.0,2.547770700636943,0.21231422505307856,3588.6666666666665,235.3224043715847
2026-05-22T05:45:23+00:00,2026-05-22T11:30:23+05:45,2026-05-22,11:30:23,1779428723,4,5,11,nepse_official,OPEN,2026-05-22,MEN,Mountain Energy Nepal Limited,606.0,608.9,605.1,,608.0,606.0,2.0,,215.0,130515.0,13.0,3.7999999999999545,0.6270627062706196,0.33003300330033003,10039.615384615385,607.046511627907
2026-05-22T05:45:23+00:00,2026-05-22T11:30:23+05:45,2026-05-22,11:30:23,1779428723,4,5,11,nepse_official,OPEN,2026-05-22,MERO,Mero Microfinance Bittiya Sanstha Ltd.,712.0,712.0,712.0,,712.0,712.0,0.0,,10.0,7120.0,1.0,0.0,0.0,0.0,7120.0,712.0
2026-05-22T05:45:23+00:00,2026-05-22T11:30:23+05:45,2026-05-22,11:30:23,1779428723,4,5,11,nepse_official,OPEN,2026-05-22,MFIL,Manjushree Finance Ltd.,791.0,804.0,789.0,,792.1,805.0,-12.899999999999977,,4282.0,3441665.0,13.0,15.0,1.8963337547408345,-1.6024844720496867,264743.46153846156,803.7517515179823
2026-05-22T05:45:23+00:00,2026-05-22T11:30:23+05:45,2026-05-22,11:30:23,1779428723,4,5,11,nepse_official,OPEN,2026-05-22,MHCL,Molung Hydropower Company Limited,335.4,362.0,335.4,,362.0,353.0,9.0,,80.0,28213.0,4.0,26.600000000000023,7.9308288610614275,2.5495750708215295,7053.25,352.6625
2026-05-22T05:45:23+00:00,2026-05-22T11:30:23+05:45,2026-05-22,11:30:23,1779428723,4,5,11,nepse_official,OPEN,2026-05-22,MHL,Mandakini Hydropower Limited,492.0,492.1,492.0,,492.1,498.0,-5.899999999999977,,20.0,9841.0,2.0,0.10000000000002274,0.02032520325203714,-1.1847389558232886,4920.5,492.05
2026-05-22T05:45:23+00:00,2026-05-22T11:30:23+05:45,2026-05-22,11:30:23,1779428723,4,5,11,nepse_official,OPEN,2026-05-22,MHNL,Mountain Hydro Nepal Limited,257.0,274.9,257.0,,274.9,270.4,4.5,,150.0,40035.0,4.0,17.899999999999977,6.964980544747072,1.6642011834319528,10008.75,266.9
2026-05-22T05:45:23+00:00,2026-05-22T11:30:23+05:45,2026-05-22,11:30:23,1779428723,4,5,11,nepse_official,OPEN,2026-05-22,MKHC,Maya Khola Hydropower Company Limited,320.0,324.8,317.0,,317.2,319.5,-2.3000000000000114,,2080.0,668761.0,8.0,7.800000000000011,2.4375000000000036,-0.7198748043818503,83595.125,321.51971153846154
2026-05-22T05:45:23+00:00,2026-05-22T11:30:23+05:45,2026-05-22,11:30:23,1779428723,4,5,11,nepse_official,OPEN,2026-05-22,MKHL,Mai Khola Hydropower Limited,542.9,542.9,539.0,,539.0,542.9,-3.8999999999999773,,251.0,135835.0,4.0,3.8999999999999773,0.7183643396573913,-0.7183643396573913,33958.75,541.1752988047808
2026-05-22T05:45:23+00:00,2026-05-22T11:30:23+05:45,2026-05-22,11:30:23,1779428723,4,5,11,nepse_official,OPEN,2026-05-22,MKJC,Mailung Khola Jal Vidhyut Company Limited,490.0,490.0,490.0,,490.0,500.5,-10.5,,10.0,4900.0,1.0,0.0,0.0,-2.097902097902098,4900.0,490.0
2026-05-22T05:45:23+00:00,2026-05-22T11:30:23+05:45,2026-05-22,11:30:23,1779428723,4,5,11,nepse_official,OPEN,2026-05-22,MMF1,Mega Mutual Fund -1,9.6,9.6,9.6,,9.6,9.48,0.11999999999999922,,200.0,1920.0,1.0,0.0,0.0,1.2658227848101182,1920.0,9.6
2026-05-22T05:45:23+00:00,2026-05-22T11:30:23+05:45,2026-05-22,11:30:23,1779428723,4,5,11,nepse_official,OPEN,2026-05-22,MMKJL,Mathillo Mailun Khola Jalvidhyut Limited,495.0,495.0,495.0,,495.0,504.0,-9.0,,10.0,4950.0,1.0,0.0,0.0,-1.7857142857142856,4950.0,495.0
2026-05-22T05:45:23+00:00,2026-05-22T11:30:23+05:45,2026-05-22,11:30:23,1779428723,4,5,11,nepse_official,OPEN,2026-05-22,MNBBL,Muktinath Bikas Bank Ltd.,375.0,375.0,370.5,,371.0,372.1,-1.1000000000000227,,1933.0,718187.0,14.0,4.5,1.2,-0.2956194571351848,51299.07142857143,371.54009311950335
2026-05-22T05:45:23+00:00,2026-05-22T11:30:23+05:45,2026-05-22,11:30:23,1779428723,4,5,11,nepse_official,OPEN,2026-05-22,MNMF1,Muktinath Mutual Fund 1,9.8,9.81,9.8,,9.81,10.0,-0.1899999999999995,,300.0,2941.0,3.0,0.009999999999999787,0.10204081632652844,-1.899999999999995,980.3333333333334,9.803333333333333
2026-05-22T05:45:23+00:00,2026-05-22T11:30:23+05:45,2026-05-22,11:30:23,1779428723,4,5,11,nepse_official,OPEN,2026-05-22,MPFL,Multipurpose Finance Company  Limited,596.0,608.1,596.0,,608.1,613.0,-4.899999999999977,,20.0,12041.0,2.0,12.100000000000023,2.0302013422818828,-0.7993474714518722,6020.5,602.05
2026-05-22T05:45:23+00:00,2026-05-22T11:30:23+05:45,2026-05-22,11:30:23,1779428723,4,5,11,nepse_official,OPEN,2026-05-22,NABBC,Narayani Development Bank Limited,960.0,960.0,960.0,,960.0,959.9,0.10000000000002274,,111.0,106560.0,3.0,0.0,0.0,0.010417751849153322,35520.0,960.0
2026-05-22T05:45:23+00:00,2026-05-22T11:30:23+05:45,2026-05-22,11:30:23,1779428723,4,5,11,nepse_official,OPEN,2026-05-22,NABIL,Nabil Bank Limited,529.0,529.9,528.0,,528.0,527.9,0.10000000000002274,,2828.0,1493446.0,20.0,1.8999999999999773,0.35916824196596925,0.018942981625312133,74672.3,528.0926449787836
2026-05-22T05:45:23+00:00,2026-05-22T11:30:23+05:45,2026-05-22,11:30:23,1779428723,4,5,11,nepse_official,OPEN,2026-05-22,NADEP,Nadep Laghubittiya bittya Sanstha Ltd.,732.0,732.0,732.0,,732.0,747.0,-15.0,,10.0,7320.0,1.0,0.0,0.0,-2.0080321285140563,7320.0,732.0
2026-05-22T05:45:23+00:00,2026-05-22T11:30:23+05:45,2026-05-22,11:30:23,1779428723,4,5,11,nepse_official,OPEN,2026-05-22,NBL,Nepal Bank Limited,267.1,267.1,267.0,,267.0,267.8,-0.8000000000000114,,2010.0,536770.0,5.0,0.10000000000002274,0.03743916136279398,-0.29873039581777866,107354.0,267.0497512437811
2026-05-22T05:45:23+00:00,2026-05-22T11:30:23+05:45,2026-05-22,11:30:23,1779428723,4,5,11,nepse_official,OPEN,2026-05-22,NBLD82,10% Nabil Debenture 2082,1056.5,1056.5,1056.5,,1056.5,1056.0,0.5,,55.0,58107.5,2.0,0.0,0.0,0.04734848484848485,29053.75,1056.5
2026-05-22T05:45:23+00:00,2026-05-22T11:30:23+05:45,2026-05-22,11:30:23,1779428723,4,5,11,nepse_official,OPEN,2026-05-22,NESDO,NESDO Sambridha Laghubitta Bittiya Sanstha Limited,1512.0,1512.0,1505.0,,1505.0,1524.9,-19.90000000000009,,32.0,48300.0,3.0,7.0,0.4629629629629629,-1.305003606793894,16100.0,1509.375
2026-05-22T05:45:23+00:00,2026-05-22T11:30:23+05:45,2026-05-22,11:30:23,1779428723,4,5,11,nepse_official,OPEN,2026-05-22,NFS,Nepal Finance Ltd.,568.7,568.7,568.7,,568.7,567.9,0.8000000000000682,,10.0,5687.0,1.0,0.0,0.0,0.14086987145625432,5687.0,568.7
2026-05-22T05:45:23+00:00,2026-05-22T11:30:23+05:45,2026-05-22,11:30:23,1779428723,4,5,11,nepse_official,OPEN,2026-05-22,NGPL,Ngadi Group Power Ltd.,442.1,448.7,441.0,,445.0,447.0,-2.0,,7721.0,3429826.0,28.0,7.699999999999989,1.741687401040486,-0.44742729306487694,122493.78571428571,444.2204377671286
2026-05-22T05:45:23+00:00,2026-05-22T11:30:23+05:45,2026-05-22,11:30:23,1779428723,4,5,11,nepse_official,OPEN,2026-05-22,NHPC,National Hydro Power Company Limited,289.0,291.9,286.0,,290.0,288.5,1.5,,15470.0,4472297.0,52.0,5.899999999999977,2.041522491349473,0.5199306759098787,86005.71153846153,289.09482870071105
2026-05-22T05:45:23+00:00,2026-05-22T11:30:23+05:45,2026-05-22,11:30:23,1779428723,4,5,11,nepse_official,OPEN,2026-05-22,NIBLSTF,NIBL Stable Fund,9.34,9.34,9.1,,9.12,9.31,-0.19000000000000128,,500.0,4578.0,4.0,0.2400000000000002,2.5695931477516085,-2.040816326530626,1144.5,9.156
2026-05-22T05:45:23+00:00,2026-05-22T11:30:23+05:45,2026-05-22,11:30:23,1779428723,4,5,11,nepse_official,OPEN,2026-05-22,NIBSF2,NIBL Samriddhi Fund -2,9.29,9.29,9.22,,9.22,9.29,-0.06999999999999851,,300.0,2773.0,2.0,0.06999999999999851,0.7534983853605868,-0.7534983853605868,1386.5,9.243333333333334
2026-05-22T05:45:23+00:00,2026-05-22T11:30:23+05:45,2026-05-22,11:30:23,1779428723,4,5,11,nepse_official,OPEN,2026-05-22,NICA,NIC Asia Bank Ltd.,353.0,353.0,350.0,,350.0,351.5,-1.5,,1976.0,695885.5,15.0,3.0,0.84985835694051,-0.42674253200568996,46392.36666666667,352.1687753036437
2026-05-22T05:45:23+00:00,2026-05-22T11:30:23+05:45,2026-05-22,11:30:23,1779428723,4,5,11,nepse_official,OPEN,2026-05-22,NICFC,NIC Asia Flexi CAP Fund,9.15,9.57,9.15,,9.57,9.4,0.16999999999999993,,7200.0,68410.0,7.0,0.41999999999999993,4.590163934426228,1.8085106382978715,9772.857142857143,9.501388888888888
2026-05-22T05:45:23+00:00,2026-05-22T11:30:23+05:45,2026-05-22,11:30:23,1779428723,4,5,11,nepse_official,OPEN,2026-05-22,NICGF2,NIC ASIA Growth Fund-2,9.98,9.98,9.98,,9.98,9.73,0.25,,100.0,998.0,1.0,0.0,0.0,2.5693730729701953,998.0,9.98
2026-05-22T05:45:23+00:00,2026-05-22T11:30:23+05:45,2026-05-22,11:30:23,1779428723,4,5,11,nepse_official,OPEN,2026-05-22,NICLBSL,NIC ASIA Laghubitta Bittiya Sanstha Limited,565.0,567.0,565.0,,567.0,564.3,2.7000000000000455,,25.0,14145.0,2.0,2.0,0.35398230088495575,0.47846889952153926,7072.5,565.8
2026-05-22T05:45:23+00:00,2026-05-22T11:30:23+05:45,2026-05-22,11:30:23,1779428723,4,5,11,nepse_official,OPEN,2026-05-22,NICSF,NIC Asia Select Fund 30,9.4,9.4,9.2,,9.3,9.13,0.16999999999999993,,600.0,5590.0,4.0,0.20000000000000107,2.1276595744680966,1.8619934282584878,1397.5,9.316666666666666
2026-05-22T05:45:23+00:00,2026-05-22T11:30:23+05:45,2026-05-22,11:30:23,1779428723,4,5,11,nepse_official,OPEN,2026-05-22,NIFRA,Nepal Infrastructure Bank Limited,265.0,269.0,264.0,,269.0,265.5,3.5,,12277.0,3284870.4,45.0,5.0,1.8867924528301887,1.3182674199623352,72997.12,267.5629551193288
2026-05-22T05:45:23+00:00,2026-05-22T11:30:23+05:45,2026-05-22,11:30:23,1779428723,4,5,11,nepse_official,OPEN,2026-05-22,NIMB,Nepal Investment Mega Bank Limited,195.5,197.9,194.0,,196.2,195.5,0.6999999999999886,,2788.0,546784.6,26.0,3.9000000000000057,1.9948849104859365,0.35805626598464896,21030.17692307692,196.12073170731708
2026-05-22T05:45:23+00:00,2026-05-22T11:30:23+05:45,2026-05-22,11:30:23,1779428723,4,5,11,nepse_official,OPEN,2026-05-22,NIMBPO,Nepal Investment Mega Bank Ltd. Promoter Share,148.1,148.1,148.1,,148.1,152.0,-3.9000000000000057,,48.0,7108.8,1.0,0.0,0.0,-2.565789473684214,7108.8,148.1
2026-05-22T05:45:23+00:00,2026-05-22T11:30:23+05:45,2026-05-22,11:30:23,1779428723,4,5,11,nepse_official,OPEN,2026-05-22,NLG,NLG Insurance Company Ltd.,572.0,572.0,572.0,,572.0,572.0,0.0,,59.0,33748.0,1.0,0.0,0.0,0.0,33748.0,572.0
2026-05-22T05:45:23+00:00,2026-05-22T11:30:23+05:45,2026-05-22,11:30:23,1779428723,4,5,11,nepse_official,OPEN,2026-05-22,NLIC,Nepal Life Insurance Co. Ltd.,769.0,779.9,768.0,,768.0,769.0,-1.0,,3327.0,2560626.0,17.0,11.899999999999977,1.5474642392717786,-0.13003901170351106,150625.0588235294,769.6501352569883
2026-05-22T05:45:23+00:00,2026-05-22T11:30:23+05:45,2026-05-22,11:30:23,1779428723,4,5,11,nepse_official,OPEN,2026-05-22,NLICL,National Life Insurance Co. Ltd.,596.0,596.0,595.0,,595.0,589.8,5.2000000000000455,,110.0,65481.0,3.0,1.0,0.16778523489932887,0.8816547982366982,21827.0,595.2818181818182
2026-05-22T05:45:23+00:00,2026-05-22T11:30:23+05:45,2026-05-22,11:30:23,1779428723,4,5,11,nepse_official,OPEN,2026-05-22,NMB,NMB Bank Limited,246.0,246.0,246.0,,246.0,246.0,0.0,,500.0,123000.0,1.0,0.0,0.0,0.0,123000.0,246.0
2026-05-22T05:45:23+00:00,2026-05-22T11:30:23+05:45,2026-05-22,11:30:23,1779428723,4,5,11,nepse_official,OPEN,2026-05-22,NMBHF2,NMB Hybrid Fund L- II,9.84,9.84,9.84,,9.84,9.84,0.0,,100.0,984.0,1.0,0.0,0.0,0.0,984.0,9.84
2026-05-22T05:45:23+00:00,2026-05-22T11:30:23+05:45,2026-05-22,11:30:23,1779428723,4,5,11,nepse_official,OPEN,2026-05-22,NMIC,Nepal Micro Insurance Company Limited,1030.0,1040.0,1030.0,,1040.0,1040.0,0.0,,22.0,22780.0,2.0,10.0,0.9708737864077669,0.0,11390.0,1035.4545454545455
2026-05-22T05:45:23+00:00,2026-05-22T11:30:23+05:45,2026-05-22,11:30:23,1779428723,4,5,11,nepse_official,OPEN,2026-05-22,NMLBBL,Nerude Mirmire Laghubitta Bittiya Sanstha Limited,573.0,583.0,573.0,,583.0,584.0,-1.0,,20.0,11560.0,2.0,10.0,1.7452006980802792,-0.17123287671232876,5780.0,578.0
2026-05-22T05:45:23+00:00,2026-05-22T11:30:23+05:45,2026-05-22,11:30:23,1779428723,4,5,11,nepse_official,OPEN,2026-05-22,NRIC,Nepal Reinsurance Company Limited,915.0,915.0,902.5,,907.0,911.9,-4.899999999999977,,589.0,532302.5,7.0,12.5,1.366120218579235,-0.5373396205724288,76043.21428571429,903.739388794567
2026-05-22T05:45:23+00:00,2026-05-22T11:30:23+05:45,2026-05-22,11:30:23,1779428723,4,5,11,nepse_official,OPEN,2026-05-22,NRM,Nepal Republic Media Limited,346.3,367.0,346.3,,365.0,364.5,0.5,,2630.0,954433.0,22.0,20.69999999999999,5.9774761767253795,0.1371742112482853,43383.318181818184,362.9022813688213
2026-05-22T05:45:23+00:00,2026-05-22T11:30:23+05:45,2026-05-22,11:30:23,1779428723,4,5,11,nepse_official,OPEN,2026-05-22,NRN,NRN Infrastructure and Development Limited,1361.0,1430.0,1361.0,,1390.0,1375.0,15.0,,14653.0,20679535.9,52.0,69.0,5.069801616458487,1.090909090909091,397683.38269230764,1411.2834163652494
2026-05-22T05:45:23+00:00,2026-05-22T11:30:23+05:45,2026-05-22,11:30:23,1779428723,4,5,11,nepse_official,OPEN,2026-05-22,NSY,Nepal Life Samriddhi Lagani Yojana,9.45,9.5,9.43,,9.5,9.6,-0.09999999999999964,,1300.0,12278.0,5.0,0.07000000000000028,0.7407407407407438,-1.041666666666663,2455.6,9.444615384615384
2026-05-22T05:45:23+00:00,2026-05-22T11:30:23+05:45,2026-05-22,11:30:23,1779428723,4,5,11,nepse_official,OPEN,2026-05-22,NTC,Nepal Doorsanchar Company Limited,892.0,892.0,889.6,,892.0,888.0,4.0,,267.0,238072.0,7.0,2.3999999999999773,0.269058295964123,0.45045045045045046,34010.28571428572,891.6554307116105
2026-05-22T05:45:23+00:00,2026-05-22T11:30:23+05:45,2026-05-22,11:30:23,1779428723,4,5,11,nepse_official,OPEN,2026-05-22,NUBL,Nirdhan Utthan Laghubitta Bittiya Sanstha Limited,645.0,645.0,645.0,,645.0,650.3,-5.2999999999999545,,26.0,16770.0,1.0,0.0,0.0,-0.8150084576349309,16770.0,645.0
2026-05-22T05:45:23+00:00,2026-05-22T11:30:23+05:45,2026-05-22,11:30:23,1779428723,4,5,11,nepse_official,OPEN,2026-05-22,OHL,Oriental Hotels Limited,700.0,700.0,700.0,,700.0,700.0,0.0,,50.0,35000.0,1.0,0.0,0.0,0.0,35000.0,700.0
2026-05-22T05:45:23+00:00,2026-05-22T11:30:23+05:45,2026-05-22,11:30:23,1779428723,4,5,11,nepse_official,OPEN,2026-05-22,OMPL,Om Megashree Pharmaceuticals Limited,1159.0,1159.0,1159.0,,1159.0,1160.0,-1.0,,40.0,46360.0,2.0,0.0,0.0,-0.08620689655172414,23180.0,1159.0
2026-05-22T05:45:23+00:00,2026-05-22T11:30:23+05:45,2026-05-22,11:30:23,1779428723,4,5,11,nepse_official,OPEN,2026-05-22,PCBL,Prime Commercial Bank Ltd.,239.0,239.0,237.5,,237.7,239.0,-1.3000000000000114,,1100.0,261464.8,6.0,1.5,0.6276150627615062,-0.5439330543933102,43577.46666666667,237.6952727272727
2026-05-22T05:45:23+00:00,2026-05-22T11:30:23+05:45,2026-05-22,11:30:23,1779428723,4,5,11,nepse_official,OPEN,2026-05-22,PCIL,Palpa Cement Industries Limited,772.0,815.0,772.0,,815.0,812.0,3.0,,2489.0,2017385.9,169.0,43.0,5.569948186528497,0.3694581280788177,11937.194674556213,810.5206508638007
2026-05-22T05:45:23+00:00,2026-05-22T11:30:23+05:45,2026-05-22,11:30:23,1779428723,4,5,11,nepse_official,OPEN,2026-05-22,PFL,Pokhara Finance Ltd.,367.0,374.8,367.0,,374.8,375.0,-0.19999999999998863,,20.0,7418.0,2.0,7.800000000000011,2.125340599455044,-0.0533333333333303,3709.0,370.9
2026-05-22T05:45:23+00:00,2026-05-22T11:30:23+05:45,2026-05-22,11:30:23,1779428723,4,5,11,nepse_official,OPEN,2026-05-22,PHCL,Peoples Hydropower Company Limited,324.0,324.0,306.1,,306.7,309.0,-2.3000000000000114,,4909.0,1561580.3,22.0,17.899999999999977,5.524691358024684,-0.7443365695792916,70980.92272727273,318.1055815848442
2026-05-22T05:45:23+00:00,2026-05-22T11:30:23+05:45,2026-05-22,11:30:23,1779428723,4,5,11,nepse_official,OPEN,2026-05-22,PMHPL,Panchakanya Mai Hydropower Ltd,343.9,343.9,343.9,,343.9,341.0,2.8999999999999773,,10.0,3439.0,1.0,0.0,0.0,0.8504398826979405,3439.0,343.9
2026-05-22T05:45:23+00:00,2026-05-22T11:30:23+05:45,2026-05-22,11:30:23,1779428723,4,5,11,nepse_official,OPEN,2026-05-22,PMLI,Prabhu Mahalaxmi Life Insurance Limited,460.1,461.2,460.1,,461.2,466.0,-4.800000000000011,,45.0,20727.9,5.0,1.099999999999966,0.23907846120407866,-1.030042918454938,4145.58,460.62
2026-05-22T05:45:23+00:00,2026-05-22T11:30:23+05:45,2026-05-22,11:30:23,1779428723,4,5,11,nepse_official,OPEN,2026-05-22,PPCL,Panchthar Power Compant Limited,373.0,382.0,373.0,,382.0,379.7,2.3000000000000114,,20.0,7550.0,2.0,9.0,2.4128686327077746,0.6057413747695579,3775.0,377.5
2026-05-22T05:45:23+00:00,2026-05-22T11:30:23+05:45,2026-05-22,11:30:23,1779428723,4,5,11,nepse_official,OPEN,2026-05-22,PPL,People's Power Limited,347.0,348.0,346.6,,347.0,349.0,-2.0,,1635.0,566782.5,11.0,1.3999999999999773,0.4034582132564776,-0.5730659025787965,51525.681818181816,346.6559633027523
2026-05-22T05:45:23+00:00,2026-05-22T11:30:23+05:45,2026-05-22,11:30:23,1779428723,4,5,11,nepse_official,OPEN,2026-05-22,PRSF,Prabhu Smart Fund,13.54,13.54,13.14,,13.14,12.9,0.2400000000000002,,200.0,2668.0,2.0,0.3999999999999986,2.9542097488921613,1.8604651162790715,1334.0,13.34
2026-05-22T05:45:23+00:00,2026-05-22T11:30:23+05:45,2026-05-22,11:30:23,1779428723,4,5,11,nepse_official,OPEN,2026-05-22,PRVU,Prabhu  Bank Limited,196.5,197.9,196.5,,197.6,196.5,1.0999999999999943,,2767.0,546425.2,17.0,1.4000000000000057,0.7124681933842268,0.5597964376590302,32142.658823529408,197.47929165160824
2026-05-22T05:45:23+00:00,2026-05-22T11:30:23+05:45,2026-05-22,11:30:23,1779428723,4,5,11,nepse_official,OPEN,2026-05-22,PSF,Prabhu Select Fund,12.1,12.1,12.1,,12.1,12.35,-0.25,,100.0,1210.0,1.0,0.0,0.0,-2.0242914979757085,1210.0,12.1
2026-05-22T05:45:23+00:00,2026-05-22T11:30:23+05:45,2026-05-22,11:30:23,1779428723,4,5,11,nepse_official,OPEN,2026-05-22,PURE,Pure Energy Limited,960.0,975.0,960.0,,970.0,969.0,1.0,,582.0,561745.0,14.0,15.0,1.5625,0.10319917440660474,40124.642857142855,965.1975945017182
2026-05-22T05:45:23+00:00,2026-05-22T11:30:23+05:45,2026-05-22,11:30:23,1779428723,4,5,11,nepse_official,OPEN,2026-05-22,RADHI,Radhi Bidyut Company Ltd,780.0,780.0,776.0,,777.0,773.0,4.0,,545.0,423225.0,5.0,4.0,0.5128205128205128,0.517464424320828,84645.0,776.559633027523
2026-05-22T05:45:23+00:00,2026-05-22T11:30:23+05:45,2026-05-22,11:30:23,1779428723,4,5,11,nepse_official,OPEN,2026-05-22,RAWA,Rawa Energy Development Limited,560.8,560.8,560.8,,560.8,578.0,-17.200000000000045,,10.0,5608.0,1.0,0.0,0.0,-2.9757785467128106,5608.0,560.8
2026-05-22T05:45:23+00:00,2026-05-22T11:30:23+05:45,2026-05-22,11:30:23,1779428723,4,5,11,nepse_official,OPEN,2026-05-22,RBBF40,RBB Focus 40,9.6,9.8,9.6,,9.8,9.52,0.28000000000000114,,200.0,1940.0,2.0,0.20000000000000107,2.0833333333333446,2.9411764705882475,970.0,9.7
2026-05-22T05:45:23+00:00,2026-05-22T11:30:23+05:45,2026-05-22,11:30:23,1779428723,4,5,11,nepse_official,OPEN,2026-05-22,RBCL,Rastriya Beema Company Limited,15000.0,15000.0,15000.0,,15000.0,15000.0,0.0,,5.0,77250.0,1.0,0.0,0.0,0.0,77250.0,15450.0
2026-05-22T05:45:23+00:00,2026-05-22T11:30:23+05:45,2026-05-22,11:30:23,1779428723,4,5,11,nepse_official,OPEN,2026-05-22,RFPL,River Falls Power Limited,360.0,370.0,360.0,,370.0,372.0,-2.0,,270.0,99796.0,9.0,10.0,2.7777777777777777,-0.5376344086021506,11088.444444444445,369.6148148148148
2026-05-22T05:45:23+00:00,2026-05-22T11:30:23+05:45,2026-05-22,11:30:23,1779428723,4,5,11,nepse_official,OPEN,2026-05-22,RHGCL,Rapti Hydro And General Construction Limited,290.0,294.0,288.2,,288.2,289.0,-0.8000000000000114,,1860.0,545080.0,9.0,5.800000000000011,2.000000000000004,-0.27681660899654376,60564.444444444445,293.0537634408602
2026-05-22T05:45:23+00:00,2026-05-22T11:30:23+05:45,2026-05-22,11:30:23,1779428723,4,5,11,nepse_official,OPEN,2026-05-22,RHPL,RASUWAGADHI HYDROPOWER COMPANY LIMITED,279.0,279.0,277.0,,277.0,279.0,-2.0,,189.0,52496.3,6.0,2.0,0.7168458781362007,-0.7168458781362007,8749.383333333333,277.75820105820105
2026-05-22T05:45:23+00:00,2026-05-22T11:30:23+05:45,2026-05-22,11:30:23,1779428723,4,5,11,nepse_official,OPEN,2026-05-22,RIDI,Ridi Power Company Limited,354.0,362.0,354.0,,359.5,357.0,2.5,,49950.0,17896089.7,78.0,8.0,2.2598870056497176,0.700280112044818,229437.04743589743,358.28007407407404
2026-05-22T05:45:23+00:00,2026-05-22T11:30:23+05:45,2026-05-22,11:30:23,1779428723,4,5,11,nepse_official,OPEN,2026-05-22,RLEL,Ridge Line Energy Limited,985.0,1000.0,975.0,,990.0,999.0,-9.0,,410.0,405979.0,24.0,25.0,2.5380710659898478,-0.9009009009009009,16915.791666666668,990.1926829268293
2026-05-22T05:45:23+00:00,2026-05-22T11:30:23+05:45,2026-05-22,11:30:23,1779428723,4,5,11,nepse_official,OPEN,2026-05-22,RLFL,Reliance Finance Ltd.,439.8,439.8,439.8,,439.8,437.9,1.900000000000034,,10.0,4398.0,1.0,0.0,0.0,0.4338890157570299,4398.0,439.8
2026-05-22T05:45:23+00:00,2026-05-22T11:30:23+05:45,2026-05-22,11:30:23,1779428723,4,5,11,nepse_official,OPEN,2026-05-22,RMF1,RBB Mutual Fund 1,9.5,9.5,9.5,,9.5,9.99,-0.4900000000000002,,100.0,950.0,1.0,0.0,0.0,-4.904904904904907,950.0,9.5
2026-05-22T05:45:23+00:00,2026-05-22T11:30:23+05:45,2026-05-22,11:30:23,1779428723,4,5,11,nepse_official,OPEN,2026-05-22,RNLI,Reliable Nepal Life Insurance Limited,461.2,465.8,461.2,,462.1,462.5,-0.39999999999997726,,255.0,118486.0,11.0,4.600000000000023,0.9973980919340899,-0.08648648648648158,10771.454545454546,464.65098039215684
2026-05-22T05:45:23+00:00,2026-05-22T11:30:23+05:45,2026-05-22,11:30:23,1779428723,4,5,11,nepse_official,OPEN,2026-05-22,RSML,Reliance Spinning Mills Limited,3720.0,3740.0,3700.0,,3719.0,3715.0,4.0,,1673.0,6221470.0,63.0,40.0,1.0752688172043012,0.10767160161507401,98753.49206349206,3718.750747160789
2026-05-22T05:45:23+00:00,2026-05-22T11:30:23+05:45,2026-05-22,11:30:23,1779428723,4,5,11,nepse_official,OPEN,2026-05-22,RURU,Ru Ru Jalbidhyut Pariyojana Limited,651.1,651.1,651.1,,651.1,660.0,-8.899999999999977,,10.0,6511.0,1.0,0.0,0.0,-1.348484848484845,6511.0,651.1
2026-05-22T05:45:23+00:00,2026-05-22T11:30:23+05:45,2026-05-22,11:30:23,1779428723,4,5,11,nepse_official,OPEN,2026-05-22,SABBL,Salapa Bikas Bank Limited,1220.5,1246.0,1215.2,,1220.1,1220.5,-0.40000000000009095,,160.0,197738.0,7.0,30.799999999999955,2.5235559197050352,-0.032773453502670295,28248.285714285714,1235.8625
2026-05-22T05:45:23+00:00,2026-05-22T11:30:23+05:45,2026-05-22,11:30:23,1779428723,4,5,11,nepse_official,OPEN,2026-05-22,SADBL,Shangrila Development Bank Ltd.,409.5,418.0,409.5,,416.0,414.6,1.3999999999999773,,1071.0,444426.0,6.0,8.5,2.0757020757020754,0.3376748673420109,74071.0,414.9635854341737
2026-05-22T05:45:23+00:00,2026-05-22T11:30:23+05:45,2026-05-22,11:30:23,1779428723,4,5,11,nepse_official,OPEN,2026-05-22,SAGAR,Sagar Distillery Limited,1670.0,1715.0,1670.0,,1700.0,1675.0,25.0,,500.0,849171.0,18.0,45.0,2.694610778443114,1.4925373134328357,47176.166666666664,1698.342
2026-05-22T05:45:23+00:00,2026-05-22T11:30:23+05:45,2026-05-22,11:30:23,1779428723,4,5,11,nepse_official,OPEN,2026-05-22,SAGF,Sanima Growth Fund,10.15,10.15,10.15,,10.15,10.2,-0.049999999999998934,,200.0,2030.0,2.0,0.0,0.0,-0.49019607843136215,1015.0,10.15
2026-05-22T05:45:23+00:00,2026-05-22T11:30:23+05:45,2026-05-22,11:30:23,1779428723,4,5,11,nepse_official,OPEN,2026-05-22,SAHAS,Sahas Urja Limited,659.0,660.0,651.0,,660.0,659.0,1.0,,6283.0,4110595.0,53.0,9.0,1.3657056145675266,0.15174506828528073,77558.39622641509,654.2408085309565
2026-05-22T05:45:23+00:00,2026-05-22T11:30:23+05:45,2026-05-22,11:30:23,1779428723,4,5,11,nepse_official,OPEN,2026-05-22,SAIL,Shreenagar Agritech Industries Limited,1122.3,1140.0,1120.1,,1125.0,1122.3,2.7000000000000455,,3360.0,3779201.0,32.0,19.90000000000009,1.773144435534179,0.24057738572574586,118100.03125,1124.7622023809524
2026-05-22T05:45:23+00:00,2026-05-22T11:30:23+05:45,2026-05-22,11:30:23,1779428723,4,5,11,nepse_official,OPEN,2026-05-22,SANIMA,Sanima Bank Limited,364.4,364.4,360.1,,364.0,362.2,1.8000000000000114,,1251.0,453954.6,8.0,4.2999999999999545,1.1800219538968042,0.496963003865271,56744.325,362.873381294964
2026-05-22T05:45:23+00:00,2026-05-22T11:30:23+05:45,2026-05-22,11:30:23,1779428723,4,5,11,nepse_official,OPEN,2026-05-22,SANVI,Sanvi Energy Limited,670.7,728.0,670.7,,724.1,705.9,18.200000000000045,,7827.0,5667485.8,65.0,57.299999999999955,8.543312956612487,2.578268876611425,87192.08923076923,724.0942634470423
2026-05-22T05:45:23+00:00,2026-05-22T11:30:23+05:45,2026-05-22,11:30:23,1779428723,4,5,11,nepse_official,OPEN,2026-05-22,SAPDBL,Saptakoshi Development Bank Ltd,783.0,804.0,783.0,,804.0,794.5,9.5,,2302.0,1828858.0,20.0,21.0,2.681992337164751,1.195720578980491,91442.9,794.464813205908
2026-05-22T05:45:23+00:00,2026-05-22T11:30:23+05:45,2026-05-22,11:30:23,1779428723,4,5,11,nepse_official,OPEN,2026-05-22,SARBTM,Sarbottam Cement Limited,859.9,859.9,859.0,,859.0,853.0,6.0,,30.0,25779.0,2.0,0.8999999999999773,0.10466333294568873,0.7033997655334115,12889.5,859.3
2026-05-22T05:45:23+00:00,2026-05-22T11:30:23+05:45,2026-05-22,11:30:23,1779428723,4,5,11,nepse_official,OPEN,2026-05-22,SBID83,10.25% Nepal SBI Bank Debenture 2083,1066.5,1066.5,1051.0,,1051.0,1075.0,-24.0,,145.0,154297.5,5.0,15.5,1.4533520862634786,-2.2325581395348837,30859.5,1064.1206896551723
2026-05-22T05:45:23+00:00,2026-05-22T11:30:23+05:45,2026-05-22,11:30:23,1779428723,4,5,11,nepse_official,OPEN,2026-05-22,SBL,Siddhartha Bank Limited,396.0,398.0,396.0,,397.5,396.0,1.5,,1440.0,572680.0,8.0,2.0,0.5050505050505051,0.3787878787878788,71585.0,397.69444444444446
2026-05-22T05:45:23+00:00,2026-05-22T11:30:23+05:45,2026-05-22,11:30:23,1779428723,4,5,11,nepse_official,OPEN,2026-05-22,SCB,Standard Chartered Bank Limited,653.5,660.0,653.5,,660.0,650.0,10.0,,100.0,65415.0,3.0,6.5,0.9946442234123948,1.5384615384615385,21805.0,654.15
2026-05-22T05:45:23+00:00,2026-05-22T11:30:23+05:45,2026-05-22,11:30:23,1779428723,4,5,11,nepse_official,OPEN,2026-05-22,SFCL,Samriddhi Finance Company Limited,367.1,367.1,366.0,,366.0,373.1,-7.100000000000023,,250.0,91646.0,4.0,1.1000000000000227,0.2996458730591181,-1.902975073706787,22911.5,366.584
2026-05-22T05:45:23+00:00,2026-05-22T11:30:23+05:45,2026-05-22,11:30:23,1779428723,4,5,11,nepse_official,OPEN,2026-05-22,SFEF,Sunrise Focused Equity Fund,10.27,10.27,10.27,,10.27,10.27,0.0,,300.0,3081.0,2.0,0.0,0.0,0.0,1540.5,10.27
2026-05-22T05:45:23+00:00,2026-05-22T11:30:23+05:45,2026-05-22,11:30:23,1779428723,4,5,11,nepse_official,OPEN,2026-05-22,SGHC,Swet-Ganga Hydropower & Construction Limited ,367.0,367.0,367.0,,367.0,367.0,0.0,,30.0,11010.0,3.0,0.0,0.0,0.0,3670.0,367.0
2026-05-22T05:45:23+00:00,2026-05-22T11:30:23+05:45,2026-05-22,11:30:23,1779428723,4,5,11,nepse_official,OPEN,2026-05-22,SGIC,Sanima GIC Insurance Limited,466.0,466.0,457.0,,457.0,462.0,-5.0,,30.0,13800.0,3.0,9.0,1.9313304721030045,-1.0822510822510822,4600.0,460.0
2026-05-22T05:45:23+00:00,2026-05-22T11:30:23+05:45,2026-05-22,11:30:23,1779428723,4,5,11,nepse_official,OPEN,2026-05-22,SHEL,Singati Hydro Energy Limited,313.0,315.0,313.0,,315.0,314.0,1.0,,571.0,178957.0,5.0,2.0,0.6389776357827476,0.3184713375796179,35791.4,313.40980735551665
2026-05-22T05:45:23+00:00,2026-05-22T11:30:23+05:45,2026-05-22,11:30:23,1779428723,4,5,11,nepse_official,OPEN,2026-05-22,SHINE,Shine Resunga Development Bank Ltd.,412.0,413.0,410.0,,410.0,412.9,-2.8999999999999773,,388.0,159314.0,4.0,3.0,0.7281553398058253,-0.7023492371034095,39828.5,410.60309278350513
2026-05-22T05:45:23+00:00,2026-05-22T11:30:23+05:45,2026-05-22,11:30:23,1779428723,4,5,11,nepse_official,OPEN,2026-05-22,SHIVM,SHIVAM CEMENTS LTD,680.4,683.5,680.0,,683.0,680.4,2.6000000000000227,,2003.0,1365336.0,15.0,3.5,0.51440329218107,0.382128159905941,91022.4,681.6455317024463
2026-05-22T05:45:23+00:00,2026-05-22T11:30:23+05:45,2026-05-22,11:30:23,1779428723,4,5,11,nepse_official,OPEN,2026-05-22,SHL,Soaltee Hotel Limited,500.0,500.0,500.0,,500.0,499.0,1.0,,100.0,50000.0,1.0,0.0,0.0,0.2004008016032064,50000.0,500.0
2026-05-22T05:45:23+00:00,2026-05-22T11:30:23+05:45,2026-05-22,11:30:23,1779428723,4,5,11,nepse_official,OPEN,2026-05-22,SHPC,Sanima Mai Hydropower Ltd.,521.0,528.0,521.0,,528.0,521.0,7.0,,1678.0,883228.0,8.0,7.0,1.3435700575815739,1.3435700575815739,110403.5,526.357568533969
2026-05-22T05:45:23+00:00,2026-05-22T11:30:23+05:45,2026-05-22,11:30:23,1779428723,4,5,11,nepse_official,OPEN,2026-05-22,SICL,Shikhar Insurance Co. Ltd.,620.0,621.0,620.0,,621.0,616.7,4.2999999999999545,,1695.0,1052333.1,11.0,1.0,0.16129032258064516,0.6972596075887716,95666.64545454546,620.8454867256638
2026-05-22T05:45:23+00:00,2026-05-22T11:30:23+05:45,2026-05-22,11:30:23,1779428723,4,5,11,nepse_official,OPEN,2026-05-22,SIKLES,Sikles Hydropower Limited,587.1,587.1,587.1,,587.1,592.0,-4.899999999999977,,10.0,5871.0,1.0,0.0,0.0,-0.827702702702699,5871.0,587.1
2026-05-22T05:45:23+00:00,2026-05-22T11:30:23+05:45,2026-05-22,11:30:23,1779428723,4,5,11,nepse_official,OPEN,2026-05-22,SINDU,Sindhu Bikash Bank Ltd,700.0,720.9,700.0,,720.4,717.9,2.5,,120.0,86060.5,6.0,20.899999999999977,2.9857142857142827,0.34823791614430977,14343.416666666666,717.1708333333333
2026-05-22T05:45:23+00:00,2026-05-22T11:30:23+05:45,2026-05-22,11:30:23,1779428723,4,5,11,nepse_official,OPEN,2026-05-22,SIPD,Shikhar power Development Limited,765.0,822.0,765.0,,802.0,799.0,3.0,,1316.0,1043985.0,62.0,57.0,7.450980392156863,0.37546933667083854,16838.467741935485,793.3016717325228
2026-05-22T05:45:23+00:00,2026-05-22T11:30:23+05:45,2026-05-22,11:30:23,1779428723,4,5,11,nepse_official,OPEN,2026-05-22,SJCL,SANJEN JALAVIDHYUT COMPANY LIMITED,305.5,305.5,305.5,,305.5,305.5,0.0,,300.0,91650.0,3.0,0.0,0.0,0.0,30550.0,305.5
2026-05-22T05:45:23+00:00,2026-05-22T11:30:23+05:45,2026-05-22,11:30:23,1779428723,4,5,11,nepse_official,OPEN,2026-05-22,SJLIC,SuryaJyoti Life Insurance Company Limited,433.0,433.0,433.0,,433.0,433.0,0.0,,70.0,30310.0,7.0,0.0,0.0,0.0,4330.0,433.0
2026-05-22T05:45:23+00:00,2026-05-22T11:30:23+05:45,2026-05-22,11:30:23,1779428723,4,5,11,nepse_official,OPEN,2026-05-22,SKBBL,Sana Kisan Bikas Laghubitta Bittiya Sanstha Limited,765.0,765.0,765.0,,765.0,765.0,0.0,,20.0,15300.0,1.0,0.0,0.0,0.0,15300.0,765.0
2026-05-22T05:45:23+00:00,2026-05-22T11:30:23+05:45,2026-05-22,11:30:23,1779428723,4,5,11,nepse_official,OPEN,2026-05-22,SKHEL,Suryakunda Hydro Electric Limited,1240.0,1260.0,1240.0,,1255.1,1254.0,1.099999999999909,,145.0,181923.0,14.0,20.0,1.6129032258064515,0.08771929824560679,12994.5,1254.6413793103447
2026-05-22T05:45:23+00:00,2026-05-22T11:30:23+05:45,2026-05-22,11:30:23,1779428723,4,5,11,nepse_official,OPEN,2026-05-22,SKHL,Super Khudi Hydropower Limited,890.0,901.8,878.0,,901.7,890.0,11.700000000000045,,2230.0,2005890.0,33.0,23.799999999999955,2.6741573033707815,1.314606741573039,60784.545454545456,899.5022421524664
2026-05-22T05:45:23+00:00,2026-05-22T11:30:23+05:45,2026-05-22,11:30:23,1779428723,4,5,11,nepse_official,OPEN,2026-05-22,SMATA,Samata Gharelu Laghubitta Bittiya Sanstha Limited,768.9,769.0,768.9,,769.0,768.0,1.0,,62.0,47675.0,2.0,0.10000000000002274,0.013005592404736994,0.13020833333333331,23837.5,768.9516129032259
2026-05-22T05:45:23+00:00,2026-05-22T11:30:23+05:45,2026-05-22,11:30:23,1779428723,4,5,11,nepse_official,OPEN,2026-05-22,SMB,Support Microfinance Bittiya Sanstha Ltd.,1740.0,1740.0,1740.0,,1740.0,1737.1,2.900000000000091,,20.0,34800.0,1.0,0.0,0.0,0.16694490818030575,34800.0,1740.0
2026-05-22T05:45:23+00:00,2026-05-22T11:30:23+05:45,2026-05-22,11:30:23,1779428723,4,5,11,nepse_official,OPEN,2026-05-22,SMFBS,Swabhimaan Laghubitta Bittiya Sanstha Limited,1525.0,1525.0,1525.0,,1525.0,1570.0,-45.0,,14.0,21350.0,1.0,0.0,0.0,-2.8662420382165608,21350.0,1525.0
2026-05-22T05:45:23+00:00,2026-05-22T11:30:23+05:45,2026-05-22,11:30:23,1779428723,4,5,11,nepse_official,OPEN,2026-05-22,SMH,Super Mai Hydropower Limited,600.0,600.0,575.0,,580.0,588.4,-8.399999999999977,,471.0,277673.0,10.0,25.0,4.166666666666666,-1.4276002719238574,27767.3,589.5392781316348
2026-05-22T05:45:23+00:00,2026-05-22T11:30:23+05:45,2026-05-22,11:30:23,1779428723,4,5,11,nepse_official,OPEN,2026-05-22,SMHL,Super Madi Hydropower Limited,497.0,497.0,497.0,,497.0,495.0,2.0,,761.0,378217.0,9.0,0.0,0.0,0.40404040404040403,42024.11111111111,497.0
2026-05-22T05:45:23+00:00,2026-05-22T11:30:23+05:45,2026-05-22,11:30:23,1779428723,4,5,11,nepse_official,OPEN,2026-05-22,SMJC,Sagarmatha Jalabidhyut Company Limited,460.8,487.0,460.8,,484.9,485.0,-0.10000000000002274,,1004.0,484116.2,16.0,26.19999999999999,5.685763888888886,-0.020618556701035615,30257.2625,482.1874501992032
2026-05-22T05:45:23+00:00,2026-05-22T11:30:23+05:45,2026-05-22,11:30:23,1779428723,4,5,11,nepse_official,OPEN,2026-05-22,SMPDA,Sampada Laghubitta Bittiya Sanstha Limited,855.0,855.0,845.0,,845.0,837.7,7.2999999999999545,,110.0,93050.0,2.0,10.0,1.1695906432748537,0.8714336874776117,46525.0,845.9090909090909
2026-05-22T05:45:23+00:00,2026-05-22T11:30:23+05:45,2026-05-22,11:30:23,1779428723,4,5,11,nepse_official,OPEN,2026-05-22,SNLI,Sun Nepal Life Insurance Company Limited,450.0,450.0,443.0,,446.1,449.8,-3.6999999999999886,,133.0,59288.4,14.0,7.0,1.5555555555555556,-0.8225878168074675,4234.885714285714,445.77744360902255
2026-05-22T05:45:23+00:00,2026-05-22T11:30:23+05:45,2026-05-22,11:30:23,1779428723,4,5,11,nepse_official,OPEN,2026-05-22,SOHL,Solu Hydropower Limited,700.0,700.0,675.1,,685.0,685.0,0.0,,5939.0,4058539.5,121.0,24.899999999999977,3.557142857142854,0.0,33541.64876033058,683.3708536790706
2026-05-22T05:45:23+00:00,2026-05-22T11:30:23+05:45,2026-05-22,11:30:23,1779428723,4,5,11,nepse_official,OPEN,2026-05-22,SONA,Sonapur Minerals And Oil Limited,472.5,472.5,445.0,,449.1,450.0,-0.8999999999999773,,4720.0,2216975.0,31.0,27.5,5.82010582010582,-0.19999999999999493,71515.32258064517,469.698093220339
2026-05-22T05:45:23+00:00,2026-05-22T11:30:23+05:45,2026-05-22,11:30:23,1779428723,4,5,11,nepse_official,OPEN,2026-05-22,SPC,Samling Power Company Limited,455.0,455.0,455.0,,455.0,457.2,-2.1999999999999886,,490.0,222950.0,3.0,0.0,0.0,-0.481189851268589,74316.66666666667,455.0
2026-05-22T05:45:23+00:00,2026-05-22T11:30:23+05:45,2026-05-22,11:30:23,1779428723,4,5,11,nepse_official,OPEN,2026-05-22,SPDL,Synergy Power Development Ltd.,410.0,410.0,401.4,,409.0,407.6,1.3999999999999773,,140.0,56378.0,4.0,8.600000000000023,2.097560975609762,0.3434739941118688,14094.5,402.7
2026-05-22T05:45:23+00:00,2026-05-22T11:30:23+05:45,2026-05-22,11:30:23,1779428723,4,5,11,nepse_official,OPEN,2026-05-22,SPHL,Sayapatri Hydropower Limited,500.1,506.0,500.1,,506.0,515.0,-9.0,,55.0,27623.5,2.0,5.899999999999977,1.1797640471905573,-1.7475728155339807,13811.75,502.24545454545455
2026-05-22T05:45:23+00:00,2026-05-22T11:30:23+05:45,2026-05-22,11:30:23,1779428723,4,5,11,nepse_official,OPEN,2026-05-22,SPIL,Siddhartha Premier Insurance Limited,701.0,701.0,701.0,,701.0,701.0,0.0,,15.0,10515.0,1.0,0.0,0.0,0.0,10515.0,701.0
2026-05-22T05:45:23+00:00,2026-05-22T11:30:23+05:45,2026-05-22,11:30:23,1779428723,4,5,11,nepse_official,OPEN,2026-05-22,SRLI,Sanima Reliance Life Insurance Limited,388.0,389.0,388.0,,389.0,391.0,-2.0,,212.0,82268.0,2.0,1.0,0.25773195876288657,-0.5115089514066496,41134.0,388.0566037735849
2026-05-22T05:45:23+00:00,2026-05-22T11:30:23+05:45,2026-05-22,11:30:23,1779428723,4,5,11,nepse_official,OPEN,2026-05-22,SSHL,Shiva Shree Hydropower Ltd,216.0,217.5,214.0,,217.5,216.4,1.0999999999999943,,11666.0,2519968.3,39.0,3.5,1.6203703703703702,0.5083179297597016,64614.57179487179,216.00962626435793
2026-05-22T05:45:23+00:00,2026-05-22T11:30:23+05:45,2026-05-22,11:30:23,1779428723,4,5,11,nepse_official,OPEN,2026-05-22,STC,Salt Trading Corporation,5960.0,5995.0,5960.0,,5995.0,5960.0,35.0,,32.0,191140.0,2.0,35.0,0.587248322147651,0.587248322147651,95570.0,5973.125
2026-05-22T05:45:23+00:00,2026-05-22T11:30:23+05:45,2026-05-22,11:30:23,1779428723,4,5,11,nepse_official,OPEN,2026-05-22,SWBBL,Swabalamban Laghubitta Bittiya Sanstha Limited,749.9,751.9,729.4,,735.0,745.9,-10.899999999999977,,101.0,74594.5,7.0,22.5,3.0004000533404453,-1.4613218930151466,10656.357142857143,738.559405940594
2026-05-22T05:45:23+00:00,2026-05-22T11:30:23+05:45,2026-05-22,11:30:23,1779428723,4,5,11,nepse_official,OPEN,2026-05-22,SYPNL,SY Panel Nepal Limited,1485.0,1491.0,1475.5,,1485.0,1485.0,0.0,,2025.0,3013305.0,26.0,15.5,1.043771043771044,0.0,115896.34615384616,1488.0518518518518
2026-05-22T05:45:23+00:00,2026-05-22T11:30:23+05:45,2026-05-22,11:30:23,1779428723,4,5,11,nepse_official,OPEN,2026-05-22,TAMOR,Sanima Middle Tamor Hydropower Limited,444.1,445.1,444.0,,445.1,449.0,-3.8999999999999773,,420.0,186510.0,7.0,1.1000000000000227,0.24769196126998935,-0.8685968819599059,26644.285714285714,444.07142857142856
2026-05-22T05:45:23+00:00,2026-05-22T11:30:23+05:45,2026-05-22,11:30:23,1779428723,4,5,11,nepse_official,OPEN,2026-05-22,TPC,Terhathum Power Company Limited,378.0,378.9,378.0,,378.9,377.0,1.8999999999999773,,20.0,7569.0,2.0,0.8999999999999773,0.2380952380952321,0.5039787798408427,3784.5,378.45
2026-05-22T05:45:23+00:00,2026-05-22T11:30:23+05:45,2026-05-22,11:30:23,1779428723,4,5,11,nepse_official,OPEN,2026-05-22,TRH,Taragaon Regency Hotel Limited,750.0,750.0,750.0,,750.0,752.6,-2.6000000000000227,,80.0,60000.0,2.0,0.0,0.0,-0.34546904065905165,30000.0,750.0
2026-05-22T05:45:23+00:00,2026-05-22T11:30:23+05:45,2026-05-22,11:30:23,1779428723,4,5,11,nepse_official,OPEN,2026-05-22,TSHL,Three Star Hydropower Limited,571.0,571.0,555.0,,555.0,556.0,-1.0,,20.0,11260.0,2.0,16.0,2.8021015761821366,-0.1798561151079137,5630.0,563.0
2026-05-22T05:45:23+00:00,2026-05-22T11:30:23+05:45,2026-05-22,11:30:23,1779428723,4,5,11,nepse_official,OPEN,2026-05-22,TTL,Trade Tower Limited,810.0,839.5,810.0,,839.4,819.0,20.399999999999977,,5990.0,4995390.6,72.0,29.5,3.641975308641975,2.490842490842488,69380.42499999999,833.9550250417361
2026-05-22T05:45:23+00:00,2026-05-22T11:30:23+05:45,2026-05-22,11:30:23,1779428723,4,5,11,nepse_official,OPEN,2026-05-22,TVCL,Trishuli Jal Vidhyut Company Limited ,513.0,530.0,513.0,,524.9,515.0,9.899999999999977,,30.0,15679.0,3.0,17.0,3.313840155945419,1.9223300970873742,5226.333333333333,522.6333333333333
2026-05-22T05:45:23+00:00,2026-05-22T11:30:23+05:45,2026-05-22,11:30:23,1779428723,4,5,11,nepse_official,OPEN,2026-05-22,UAIL,United Ajod Insurance Limited,443.8,443.8,443.8,,443.8,443.9,-0.0999999999999659,,100.0,44380.0,1.0,0.0,0.0,-0.022527596305466524,44380.0,443.8
2026-05-22T05:45:23+00:00,2026-05-22T11:30:23+05:45,2026-05-22,11:30:23,1779428723,4,5,11,nepse_official,OPEN,2026-05-22,UHEWA,Upper Hewakhola Hydropower Company Limited,570.0,571.0,570.0,,571.0,576.2,-5.2000000000000455,,68.0,38817.0,2.0,1.0,0.17543859649122806,-0.902464422075676,19408.5,570.8382352941177
2026-05-22T05:45:23+00:00,2026-05-22T11:30:23+05:45,2026-05-22,11:30:23,1779428723,4,5,11,nepse_official,OPEN,2026-05-22,ULBSL,Upakar Laghubitta Bittiya Sanstha Limited,2810.0,3037.0,2810.0,,2812.1,2919.0,-106.90000000000009,,70.0,205131.0,7.0,227.0,8.07829181494662,-3.662213086673521,29304.428571428572,2930.442857142857
2026-05-22T05:45:23+00:00,2026-05-22T11:30:23+05:45,2026-05-22,11:30:23,1779428723,4,5,11,nepse_official,OPEN,2026-05-22,ULHC,Upper Lohore Khola Hydropower Company Limited,476.0,488.0,475.0,,479.0,477.3,1.6999999999999886,,865.0,414514.0,9.0,13.0,2.73109243697479,0.3561701236119817,46057.11111111111,479.206936416185
2026-05-22T05:45:23+00:00,2026-05-22T11:30:23+05:45,2026-05-22,11:30:23,1779428723,4,5,11,nepse_official,OPEN,2026-05-22,UMHL,United Modi Hydropower Ltd.,568.8,568.8,551.0,,551.0,566.0,-15.0,,2400.0,1340321.25,8.0,17.799999999999955,3.1293952180028053,-2.65017667844523,167540.15625,558.4671875
2026-05-22T05:45:23+00:00,2026-05-22T11:30:23+05:45,2026-05-22,11:30:23,1779428723,4,5,11,nepse_official,OPEN,2026-05-22,UNHPL,Union Hydropower Limited,408.0,439.0,408.0,,436.7,429.0,7.699999999999989,,1811.0,781331.0,21.0,31.0,7.598039215686274,1.7948717948717923,37206.23809523809,431.4362230811706
2026-05-22T05:45:23+00:00,2026-05-22T11:30:23+05:45,2026-05-22,11:30:23,1779428723,4,5,11,nepse_official,OPEN,2026-05-22,UPCL,UNIVERSAL POWER COMPANY LTD,369.1,371.9,368.1,,371.9,368.7,3.1999999999999886,,479.0,176725.9,10.0,3.7999999999999545,1.0295312923326887,0.8679142934635173,17672.59,368.94759916492694
2026-05-22T05:45:23+00:00,2026-05-22T11:30:23+05:45,2026-05-22,11:30:23,1779428723,4,5,11,nepse_official,OPEN,2026-05-22,UPPER,Upper Tamakoshi Hydropower Ltd,204.0,206.9,203.0,,206.0,204.5,1.5,,4262.0,869213.1,47.0,3.9000000000000057,1.911764705882356,0.7334963325183375,18493.89574468085,203.9448850305021
2026-05-22T05:45:23+00:00,2026-05-22T11:30:23+05:45,2026-05-22,11:30:23,1779428723,4,5,11,nepse_official,OPEN,2026-05-22,USHEC,Upper Solu Hydro Electric Company Limited,490.4,490.4,490.4,,490.4,503.0,-12.600000000000023,,10.0,4904.0,1.0,0.0,0.0,-2.504970178926446,4904.0,490.4
2026-05-22T05:45:23+00:00,2026-05-22T11:30:23+05:45,2026-05-22,11:30:23,1779428723,4,5,11,nepse_official,OPEN,2026-05-22,USHL,Upper Syange Hydropower Limited,615.0,616.0,615.0,,616.0,633.5,-17.5,,160.0,98550.0,2.0,1.0,0.16260162601626016,-2.7624309392265194,49275.0,615.9375
2026-05-22T05:45:23+00:00,2026-05-22T11:30:23+05:45,2026-05-22,11:30:23,1779428723,4,5,11,nepse_official,OPEN,2026-05-22,VLBS,Vijaya laghubitta Bittiya Sanstha Ltd.,675.5,677.2,675.5,,677.2,683.0,-5.7999999999999545,,40.0,27053.0,4.0,1.7000000000000455,0.25166543301259,-0.8491947291361573,6763.25,676.325
2026-05-22T05:45:23+00:00,2026-05-22T11:30:23+05:45,2026-05-22,11:30:23,1779428723,4,5,11,nepse_official,OPEN,2026-05-22,VLUCL,Vision Lumbini Urja Company Limited ,488.0,488.0,488.0,,488.0,501.5,-13.5,,10.0,4880.0,1.0,0.0,0.0,-2.6919242273180455,4880.0,488.0
2026-05-22T06:15:22+00:00,2026-05-22T12:00:22+05:45,2026-05-22,12:00:22,1779430522,4,6,12,nepse_official,OPEN,2026-05-22,ACLBSL,Aarambha Chautari Laghubitta Bittiya Sanstha Limited,947.3,975.7,929.0,,937.0,947.3,-10.299999999999955,,358.0,339621.3,11.0,46.700000000000045,4.929800485590631,-1.0873007494985703,30874.663636363635,948.6628491620112
2026-05-22T06:15:22+00:00,2026-05-22T12:00:22+05:45,2026-05-22,12:00:22,1779430522,4,6,12,nepse_official,OPEN,2026-05-22,ADBL,Agricultural Development Bank Limited,314.9,314.9,310.0,,312.0,313.5,-1.5,,1116.0,347005.9,12.0,4.899999999999977,1.5560495395363536,-0.4784688995215311,28917.158333333336,310.93718637992833
2026-05-22T06:15:22+00:00,2026-05-22T12:00:22+05:45,2026-05-22,12:00:22,1779430522,4,6,12,nepse_official,OPEN,2026-05-22,AHL,Asian Hydropower Limited,495.0,524.0,492.0,,498.0,505.4,-7.399999999999977,,505.0,252611.1,16.0,32.0,6.4646464646464645,-1.464186782746335,15788.19375,500.22
2026-05-22T06:15:22+00:00,2026-05-22T12:00:22+05:45,2026-05-22,12:00:22,1779430522,4,6,12,nepse_official,OPEN,2026-05-22,AHPC,Arun Valley Hydropower Development Co. Ltd.,279.0,281.0,279.0,,280.8,280.0,0.8000000000000114,,4244.0,1188100.0,18.0,2.0,0.7168458781362007,0.2857142857142898,66005.55555555556,279.9481621112158
2026-05-22T06:15:22+00:00,2026-05-22T12:00:22+05:45,2026-05-22,12:00:22,1779430522,4,6,12,nepse_official,OPEN,2026-05-22,AKJCL,Ankhu Khola Jalvidhyut Company Ltd,370.0,383.0,370.0,,376.9,375.0,1.8999999999999773,,119740.0,45348820.8,258.0,13.0,3.5135135135135136,0.5066666666666606,175770.62325581393,378.72741606814765
2026-05-22T06:15:22+00:00,2026-05-22T12:00:22+05:45,2026-05-22,12:00:22,1779430522,4,6,12,nepse_official,OPEN,2026-05-22,AKPL,Arun Kabeli Power Ltd.,271.0,271.1,270.0,,270.5,270.4,0.10000000000002274,,2094.0,566403.0,20.0,1.1000000000000227,0.4059040590405988,0.03698224852071847,28320.15,270.4885386819484
2026-05-22T06:15:22+00:00,2026-05-22T12:00:22+05:45,2026-05-22,12:00:22,1779430522,4,6,12,nepse_official,OPEN,2026-05-22,ALBSL,Asha Laghubitta Bittiya Sanstha Ltd,1162.3,1162.3,1085.0,,1109.0,1107.0,2.0,,432.0,471417.8,20.0,77.29999999999995,6.650606555966614,0.18066847335140018,23570.89,1091.2449074074075
2026-05-22T06:15:22+00:00,2026-05-22T12:00:22+05:45,2026-05-22,12:00:22,1779430522,4,6,12,nepse_official,OPEN,2026-05-22,ALICL,Asian Life Insurance Co. Limited,459.9,459.9,449.0,,454.7,454.7,0.0,,28268.0,12744930.0,22.0,10.899999999999977,2.3700804522722283,0.0,579315.0,450.8606905334654
2026-05-22T06:15:22+00:00,2026-05-22T12:00:22+05:45,2026-05-22,12:00:22,1779430522,4,6,12,nepse_official,OPEN,2026-05-22,ANLB,Aatmanirbhar Laghubitta Bittiya Sanstha Limited,5938.0,5938.0,5844.0,,5844.0,5938.0,-94.0,,43.0,251396.0,3.0,94.0,1.5830245874031659,-1.5830245874031659,83798.66666666667,5846.418604651163
2026-05-22T06:15:22+00:00,2026-05-22T12:00:22+05:45,2026-05-22,12:00:22,1779430522,4,6,12,nepse_official,OPEN,2026-05-22,API,Api Power Company Ltd.,351.1,354.0,351.0,,353.0,354.4,-1.3999999999999773,,26712.0,9424962.4,65.0,3.0,0.8544574195385929,-0.39503386004514035,144999.42153846155,352.8362683438155
2026-05-22T06:15:22+00:00,2026-05-22T12:00:22+05:45,2026-05-22,12:00:22,1779430522,4,6,12,nepse_official,OPEN,2026-05-22,AVYAN,Aviyan Laghubitta Bittiya Sanstha Limited,1185.0,1194.0,1124.0,,1126.0,1137.9,-11.900000000000091,,1055.0,1212087.3,25.0,70.0,5.9071729957805905,-1.0457860971965982,48483.492,1148.8979146919432
2026-05-22T06:15:22+00:00,2026-05-22T12:00:22+05:45,2026-05-22,12:00:22,1779430522,4,6,12,nepse_official,OPEN,2026-05-22,BANDIPUR,Bandipur Cablecar and Tourism Limited,860.0,879.0,853.0,,869.0,860.0,9.0,,23938.0,20735818.9,306.0,26.0,3.0232558139534884,1.0465116279069768,67764.11405228758,866.2302155568551
2026-05-22T06:15:22+00:00,2026-05-22T12:00:22+05:45,2026-05-22,12:00:22,1779430522,4,6,12,nepse_official,OPEN,2026-05-22,BARUN,Barun Hydropower Co. Ltd.,345.3,348.0,345.3,,348.0,348.0,0.0,,1334.0,462490.4,7.0,2.6999999999999886,0.7819287576020819,0.0,66070.05714285714,346.6944527736132
2026-05-22T06:15:22+00:00,2026-05-22T12:00:22+05:45,2026-05-22,12:00:22,1779430522,4,6,12,nepse_official,OPEN,2026-05-22,BBC,Bishal Bazar Company Limited,4833.0,4833.0,4750.2,,4750.7,4820.0,-69.30000000000018,,40.0,191559.0,4.0,82.80000000000018,1.7132216014897617,-1.4377593360995888,47889.75,4788.975
2026-05-22T06:15:22+00:00,2026-05-22T12:00:22+05:45,2026-05-22,12:00:22,1779430522,4,6,12,nepse_official,OPEN,2026-05-22,BEDC,Bhugol Energy Development Company Limited,374.0,374.0,367.2,,367.2,369.8,-2.6000000000000227,,1780.0,656090.0,16.0,6.800000000000011,1.8181818181818212,-0.7030827474310499,41005.625,368.58988764044943
2026-05-22T06:15:22+00:00,2026-05-22T12:00:22+05:45,2026-05-22,12:00:22,1779430522,4,6,12,nepse_official,OPEN,2026-05-22,BFC,Best Finance Company Ltd.,461.0,461.0,454.1,,454.1,457.9,-3.7999999999999545,,200.0,90946.0,4.0,6.899999999999977,1.4967462039045505,-0.8298755186721893,22736.5,454.73
2026-05-22T06:15:22+00:00,2026-05-22T12:00:22+05:45,2026-05-22,12:00:22,1779430522,4,6,12,nepse_official,OPEN,2026-05-22,BGWT,Bhagawati Hydropower Development Company Limited,651.0,658.0,651.0,,652.0,650.0,2.0,,71.0,46333.2,5.0,7.0,1.0752688172043012,0.3076923076923077,9266.64,652.5802816901409
2026-05-22T06:15:22+00:00,2026-05-22T12:00:22+05:45,2026-05-22,12:00:22,1779430522,4,6,12,nepse_official,OPEN,2026-05-22,BHCL,Bikash Hydropower Company Limited,532.0,555.0,528.0,,547.0,532.0,15.0,,21602.0,11775763.1,200.0,27.0,5.075187969924812,2.819548872180451,58878.8155,545.1237431719285
2026-05-22T06:15:22+00:00,2026-05-22T12:00:22+05:45,2026-05-22,12:00:22,1779430522,4,6,12,nepse_official,OPEN,2026-05-22,BHDC,Bindhyabasini Hydropower Development Company Limited,457.0,464.0,457.0,,459.0,463.5,-4.5,,601.0,278574.0,7.0,7.0,1.5317286652078774,-0.9708737864077669,39796.28571428572,463.5174708818636
2026-05-22T06:15:22+00:00,2026-05-22T12:00:22+05:45,2026-05-22,12:00:22,1779430522,4,6,12,nepse_official,OPEN,2026-05-22,BHL,Balephi Hydropower Limited,234.1,234.1,220.0,,223.5,223.0,0.5,,12725.0,2818401.0,47.0,14.099999999999994,6.023067065356683,0.2242152466367713,59965.97872340425,221.4853438113949
2026-05-22T06:15:22+00:00,2026-05-22T12:00:22+05:45,2026-05-22,12:00:22,1779430522,4,6,12,nepse_official,OPEN,2026-05-22,BHPL,Barahi Hydropower Public Limited,556.0,556.0,523.4,,525.0,529.7,-4.7000000000000455,,50.0,26688.0,5.0,32.60000000000002,5.86330935251799,-0.8872946951104483,5337.6,533.76
2026-05-22T06:15:22+00:00,2026-05-22T12:00:22+05:45,2026-05-22,12:00:22,1779430522,4,6,12,nepse_official,OPEN,2026-05-22,BJHL,Bhujung Hydropower Limited,925.0,947.0,912.5,,935.0,925.0,10.0,,2714.0,2553759.0,66.0,34.5,3.72972972972973,1.0810810810810811,38693.318181818184,940.957627118644
2026-05-22T06:15:22+00:00,2026-05-22T12:00:22+05:45,2026-05-22,12:00:22,1779430522,4,6,12,nepse_official,OPEN,2026-05-22,BNHC,Buddha Bhumi Nepal Hydropower Company Limited,325.0,325.0,325.0,,325.0,328.4,-3.3999999999999773,,50.0,16250.0,1.0,0.0,0.0,-1.0353227771010893,16250.0,325.0
2026-05-22T06:15:22+00:00,2026-05-22T12:00:22+05:45,2026-05-22,12:00:22,1779430522,4,6,12,nepse_official,OPEN,2026-05-22,BPCL,Butwal Power Company Limited,695.1,705.0,695.1,,705.0,701.8,3.2000000000000455,,5281.0,3704043.8,20.0,9.899999999999977,1.4242555028053483,0.4559703619264813,185202.19,701.3906078394243
2026-05-22T06:15:22+00:00,2026-05-22T12:00:22+05:45,2026-05-22,12:00:22,1779430522,4,6,12,nepse_official,OPEN,2026-05-22,BUNGAL,Bungal Hydro Limited,708.7,709.0,680.0,,701.1,746.0,-44.89999999999998,,20086.0,14065255.3,316.0,29.0,4.091999435586285,-6.018766756032169,44510.30158227848,700.2516827641143
2026-05-22T06:15:22+00:00,2026-05-22T12:00:22+05:45,2026-05-22,12:00:22,1779430522,4,6,12,nepse_official,OPEN,2026-05-22,CBBL,Chhimek Laghubitta Bittiya Sanstha Limited,915.0,915.0,910.0,,912.0,915.0,-3.0,,1144.0,1043590.6,15.0,5.0,0.546448087431694,-0.32786885245901637,69572.70666666667,912.2295454545455
2026-05-22T06:15:22+00:00,2026-05-22T12:00:22+05:45,2026-05-22,12:00:22,1779430522,4,6,12,nepse_official,OPEN,2026-05-22,CFCL,Central Finance Co. Ltd.,490.0,505.0,490.0,,500.0,499.8,0.19999999999998863,,470.0,235380.0,7.0,15.0,3.061224489795918,0.04001600640255875,33625.71428571428,500.8085106382979
2026-05-22T06:15:22+00:00,2026-05-22T12:00:22+05:45,2026-05-22,12:00:22,1779430522,4,6,12,nepse_official,OPEN,2026-05-22,CGH,Chandragiri Hills Limited,814.7,814.7,792.3,,808.0,803.8,4.2000000000000455,,2813.0,2242133.5,27.0,22.40000000000009,2.7494783355836616,0.5225180393132677,83041.98148148147,797.0613224315678
2026-05-22T06:15:22+00:00,2026-05-22T12:00:22+05:45,2026-05-22,12:00:22,1779430522,4,6,12,nepse_official,OPEN,2026-05-22,CHCL,Chilime Hydropower Company Limited,477.6,482.0,477.6,,479.1,479.0,0.10000000000002274,,898.0,431143.1,18.0,4.399999999999977,0.9212730318257909,0.02087682672234295,23952.394444444442,480.11481069042316
2026-05-22T06:15:22+00:00,2026-05-22T12:00:22+05:45,2026-05-22,12:00:22,1779430522,4,6,12,nepse_official,OPEN,2026-05-22,CHDC,CEDB Holdings Limited,2152.0,2275.0,2152.0,,2265.0,2265.0,0.0,,90.0,202123.0,8.0,123.0,5.715613382899628,0.0,25265.375,2245.811111111111
2026-05-22T06:15:22+00:00,2026-05-22T12:00:22+05:45,2026-05-22,12:00:22,1779430522,4,6,12,nepse_official,OPEN,2026-05-22,CHL,Chhyangdi Hydropower Ltd.,284.5,291.0,283.0,,288.4,288.2,0.19999999999998863,,1649.0,472999.4,11.0,8.0,2.8119507908611596,0.06939625260235553,42999.94545454546,286.8401455427532
2026-05-22T06:15:22+00:00,2026-05-22T12:00:22+05:45,2026-05-22,12:00:22,1779430522,4,6,12,nepse_official,OPEN,2026-05-22,CIT,Citizen Investment Trust,1760.0,1765.0,1760.0,,1762.0,1766.5,-4.5,,778.0,1371021.4,22.0,5.0,0.2840909090909091,-0.2547410133031418,62319.15454545454,1762.238303341902
2026-05-22T06:15:22+00:00,2026-05-22T12:00:22+05:45,2026-05-22,12:00:22,1779430522,4,6,12,nepse_official,OPEN,2026-05-22,CITY,City Hotel Limited,370.9,375.8,368.0,,370.0,374.9,-4.899999999999977,,21949.0,8152602.8,133.0,7.800000000000011,2.102992720409817,-1.3070152040544085,61297.76541353383,371.4339058727049
2026-05-22T06:15:22+00:00,2026-05-22T12:00:22+05:45,2026-05-22,12:00:22,1779430522,4,6,12,nepse_official,OPEN,2026-05-22,CKHL,Chirkhwa Hydropower Limited ,651.0,651.0,651.0,,651.0,669.5,-18.5,,10.0,6510.0,1.0,0.0,0.0,-2.7632561613144135,6510.0,651.0
2026-05-22T06:15:22+00:00,2026-05-22T12:00:22+05:45,2026-05-22,12:00:22,1779430522,4,6,12,nepse_official,OPEN,2026-05-22,CLI,Citizen Life Insurance Company Limited,452.0,454.0,452.0,,454.0,454.0,0.0,,182.0,82444.6,14.0,2.0,0.4424778761061947,0.0,5888.900000000001,452.99230769230775
2026-05-22T06:15:22+00:00,2026-05-22T12:00:22+05:45,2026-05-22,12:00:22,1779430522,4,6,12,nepse_official,OPEN,2026-05-22,CORBL,Corporate Development Bank Limited,2001.0,2045.0,2001.0,,2010.1,2049.9,-39.80000000000018,,1030.0,2104622.0,16.0,44.0,2.1989005497251375,-1.9415581247865836,131538.875,2043.3223300970874
2026-05-22T06:15:22+00:00,2026-05-22T12:00:22+05:45,2026-05-22,12:00:22,1779430522,4,6,12,nepse_official,OPEN,2026-05-22,CREST,Crest Micro Life Insurance Limited,1140.0,1245.0,1120.0,,1132.1,1148.0,-15.900000000000091,,1630.0,1873484.0,33.0,125.0,10.964912280701753,-1.3850174216027955,56772.242424242424,1149.3766871165644
2026-05-22T06:15:22+00:00,2026-05-22T12:00:22+05:45,2026-05-22,12:00:22,1779430522,4,6,12,nepse_official,OPEN,2026-05-22,CSY,Citizens Santulit Yojana,9.25,9.26,9.25,,9.26,9.28,-0.019999999999999574,,600.0,5552.0,5.0,0.009999999999999787,0.10810810810810581,-0.21551724137930575,1110.4,9.253333333333334
2026-05-22T06:15:22+00:00,2026-05-22T12:00:22+05:45,2026-05-22,12:00:22,1779430522,4,6,12,nepse_official,OPEN,2026-05-22,CZBIL,Citizens Bank International Limited,195.2,206.9,195.2,,206.0,204.0,2.0,,1869.0,381188.6,18.0,11.700000000000017,5.993852459016403,0.9803921568627451,21177.144444444442,203.95323702514713
2026-05-22T06:15:22+00:00,2026-05-22T12:00:22+05:45,2026-05-22,12:00:22,1779430522,4,6,12,nepse_official,OPEN,2026-05-22,DDBL,Deprosc Laghubitta Bittiya Sanstha Limited,900.0,900.0,857.0,,857.0,858.0,-1.0,,1990.0,1753850.0,9.0,43.0,4.777777777777778,-0.11655011655011654,194872.22222222222,881.3316582914573
2026-05-22T06:15:22+00:00,2026-05-22T12:00:22+05:45,2026-05-22,12:00:22,1779430522,4,6,12,nepse_official,OPEN,2026-05-22,DHEL,Daramkhola Hydro Energy Limited,625.0,654.5,624.3,,649.0,630.0,19.0,,28229.0,18219086.2,244.0,30.200000000000045,4.832000000000007,3.015873015873016,74668.38606557377,645.4031740408799
2026-05-22T06:15:22+00:00,2026-05-22T12:00:22+05:45,2026-05-22,12:00:22,1779430522,4,6,12,nepse_official,OPEN,2026-05-22,DHPL,Dibyashwori Hydropower Ltd.,303.0,303.0,300.0,,300.0,300.0,0.0,,1700.0,514950.0,3.0,3.0,0.9900990099009901,0.0,171650.0,302.9117647058824
2026-05-22T06:15:22+00:00,2026-05-22T12:00:22+05:45,2026-05-22,12:00:22,1779430522,4,6,12,nepse_official,OPEN,2026-05-22,DLBS,Dhaulagiri Laghubitta Bittiya Sanstha Limited,1310.0,1310.0,1257.0,,1257.0,1280.0,-23.0,,20.0,25670.0,2.0,53.0,4.0458015267175576,-1.7968749999999998,12835.0,1283.5
2026-05-22T06:15:22+00:00,2026-05-22T12:00:22+05:45,2026-05-22,12:00:22,1779430522,4,6,12,nepse_official,OPEN,2026-05-22,DOLTI,Dolti Power Company Limited,348.5,353.0,347.0,,351.0,349.0,2.0,,1590.0,552573.0,10.0,6.0,1.721664275466284,0.5730659025787965,55257.3,347.53018867924527
2026-05-22T06:15:22+00:00,2026-05-22T12:00:22+05:45,2026-05-22,12:00:22,1779430522,4,6,12,nepse_official,OPEN,2026-05-22,DORDI,Dordi Khola Jal Bidyut Company Limited,275.0,275.0,272.1,,273.8,275.0,-1.1999999999999886,,2295.0,629517.0,21.0,2.8999999999999773,1.0545454545454462,-0.43636363636363223,29977.0,274.29934640522873
2026-05-22T06:15:22+00:00,2026-05-22T12:00:22+05:45,2026-05-22,12:00:22,1779430522,4,6,12,nepse_official,OPEN,2026-05-22,EBL,Everest Bank Limited,705.0,712.0,705.0,,709.0,709.8,-0.7999999999999545,,3092.0,2195662.5,28.0,7.0,0.9929078014184398,-0.11270780501549092,78416.51785714286,710.1107697283312
2026-05-22T06:15:22+00:00,2026-05-22T12:00:22+05:45,2026-05-22,12:00:22,1779430522,4,6,12,nepse_official,OPEN,2026-05-22,EBLD85,10.50% Everest Bank Limited Debenture 2085,1198.0,1198.0,1198.0,,1198.0,1200.0,-2.0,,40.0,47920.0,1.0,0.0,0.0,-0.16666666666666669,47920.0,1198.0
2026-05-22T06:15:22+00:00,2026-05-22T12:00:22+05:45,2026-05-22,12:00:22,1779430522,4,6,12,nepse_official,OPEN,2026-05-22,EHPL,Eastern Hydropower Limited,386.9,389.0,385.0,,385.0,386.1,-1.1000000000000227,,1472.0,568959.0,15.0,4.0,1.033858878263117,-0.2849002849002908,37930.6,386.5210597826087
2026-05-22T06:15:22+00:00,2026-05-22T12:00:22+05:45,2026-05-22,12:00:22,1779430522,4,6,12,nepse_official,OPEN,2026-05-22,ENL,Emerging Nepal Limited,914.0,914.0,887.0,,887.0,899.0,-12.0,,204.0,181218.0,5.0,27.0,2.954048140043764,-1.3348164627363739,36243.6,888.3235294117648
2026-05-22T06:15:22+00:00,2026-05-22T12:00:22+05:45,2026-05-22,12:00:22,1779430522,4,6,12,nepse_official,OPEN,2026-05-22,FMDBL,First Micro Finance Laghubitta Bittiya Sanstha Limited,785.0,790.0,785.0,,788.0,792.0,-4.0,,3588.0,2822874.0,21.0,5.0,0.6369426751592357,-0.5050505050505051,134422.57142857142,786.7541806020067
2026-05-22T06:15:22+00:00,2026-05-22T12:00:22+05:45,2026-05-22,12:00:22,1779430522,4,6,12,nepse_official,OPEN,2026-05-22,FOWAD,Forward Microfinance Laghubitta Bittiya Sanstha Limited,1055.0,1055.0,1042.0,,1042.0,1046.0,-4.0,,445.0,466827.0,10.0,13.0,1.2322274881516588,-0.3824091778202677,46682.7,1049.0494382022473
2026-05-22T06:15:22+00:00,2026-05-22T12:00:22+05:45,2026-05-22,12:00:22,1779430522,4,6,12,nepse_official,OPEN,2026-05-22,GBBD85,"Garima Debenture, 2085",1100.0,1100.0,1100.0,,1100.0,1120.0,-20.0,,100.0,110000.0,1.0,0.0,0.0,-1.7857142857142856,110000.0,1100.0
2026-05-22T06:15:22+00:00,2026-05-22T12:00:22+05:45,2026-05-22,12:00:22,1779430522,4,6,12,nepse_official,OPEN,2026-05-22,GBBL,Garima Bikas Bank Limited,428.0,439.9,418.0,,419.0,419.0,0.0,,9321.0,4073804.2,27.0,21.899999999999977,5.116822429906537,0.0,150881.63703703706,437.05656045488684
2026-05-22T06:15:22+00:00,2026-05-22T12:00:22+05:45,2026-05-22,12:00:22,1779430522,4,6,12,nepse_official,OPEN,2026-05-22,GBIME,Global IME Bank Limited,237.5,237.6,234.3,,236.9,235.2,1.700000000000017,,3416.0,805701.2,30.0,3.299999999999983,1.389473684210519,0.7227891156462658,26856.706666666665,235.8610070257611
2026-05-22T06:15:22+00:00,2026-05-22T12:00:22+05:45,2026-05-22,12:00:22,1779430522,4,6,12,nepse_official,OPEN,2026-05-22,GBIMESY2,Global IME Sammunat Yojana -2,9.5,9.5,9.5,,9.5,9.55,-0.05000000000000071,,100.0,950.0,1.0,0.0,0.0,-0.5235602094240912,950.0,9.5
2026-05-22T06:15:22+00:00,2026-05-22T12:00:22+05:45,2026-05-22,12:00:22,1779430522,4,6,12,nepse_official,OPEN,2026-05-22,GBLBS,Grameen Bikas Laghubitta Bittiya Sanstha Ltd.,768.0,780.5,768.0,,768.6,770.9,-2.2999999999999545,,70.0,53857.0,5.0,12.5,1.6276041666666667,-0.2983525749124341,10771.4,769.3857142857142
2026-05-22T06:15:22+00:00,2026-05-22T12:00:22+05:45,2026-05-22,12:00:22,1779430522,4,6,12,nepse_official,OPEN,2026-05-22,GCIL,Ghorahi Cement Industry Limited,412.1,418.0,412.1,,416.0,416.1,-0.10000000000002274,,1908.0,789202.6,23.0,5.899999999999977,1.4316913370541073,-0.024032684450858623,34313.15652173913,413.6281970649895
2026-05-22T06:15:22+00:00,2026-05-22T12:00:22+05:45,2026-05-22,12:00:22,1779430522,4,6,12,nepse_official,OPEN,2026-05-22,GFCL,Goodwill Finance Limited,620.1,630.1,620.1,,630.0,628.0,2.0,,385.0,242242.5,10.0,10.0,1.6126431220770843,0.3184713375796179,24224.25,629.2012987012987
2026-05-22T06:15:22+00:00,2026-05-22T12:00:22+05:45,2026-05-22,12:00:22,1779430522,4,6,12,nepse_official,OPEN,2026-05-22,GHL,Ghalemdi Hydro Limited,239.8,239.8,235.0,,237.0,237.0,0.0,,4408.0,1038745.7,18.0,4.800000000000011,2.001668056713933,0.0,57708.09444444444,235.65011343012702
2026-05-22T06:15:22+00:00,2026-05-22T12:00:22+05:45,2026-05-22,12:00:22,1779430522,4,6,12,nepse_official,OPEN,2026-05-22,GIBF1,Global IME Balanced Fund-1,11.0,11.0,11.0,,11.0,11.0,0.0,,7950.0,87450.0,6.0,0.0,0.0,0.0,14575.0,11.0
2026-05-22T06:15:22+00:00,2026-05-22T12:00:22+05:45,2026-05-22,12:00:22,1779430522,4,6,12,nepse_official,OPEN,2026-05-22,GILB,Global IME Laghubitta Bittiya Sanstha Ltd.,1096.1,1142.9,1093.0,,1142.9,1125.0,17.90000000000009,,735.0,804488.9,12.0,49.90000000000009,4.552504333546218,1.5911111111111191,67040.74166666667,1094.5427210884354
2026-05-22T06:15:22+00:00,2026-05-22T12:00:22+05:45,2026-05-22,12:00:22,1779430522,4,6,12,nepse_official,OPEN,2026-05-22,GLBSL,Gurans Laghubitta Bittiya Sanstha Limited,1791.0,1799.9,1791.0,,1799.9,1791.0,8.900000000000091,,23.0,41469.0,3.0,8.900000000000091,0.4969290898939191,0.4969290898939191,13823.0,1803.0
2026-05-22T06:15:22+00:00,2026-05-22T12:00:22+05:45,2026-05-22,12:00:22,1779430522,4,6,12,nepse_official,OPEN,2026-05-22,GLH,GreenLife Hydropower Limited,267.1,268.0,267.1,,268.0,269.0,-1.0,,1030.0,275140.0,3.0,0.8999999999999773,0.3369524522650607,-0.37174721189591076,91713.33333333333,267.126213592233
2026-05-22T06:15:22+00:00,2026-05-22T12:00:22+05:45,2026-05-22,12:00:22,1779430522,4,6,12,nepse_official,OPEN,2026-05-22,GMFBS,Ganapati Laghubitta Bittiya Sanstha Limited,1363.9,1363.9,1323.0,,1323.0,1299.0,24.0,,60.0,79789.0,2.0,40.90000000000009,2.9987535743089735,1.8475750577367205,39894.5,1329.8166666666666
2026-05-22T06:15:22+00:00,2026-05-22T12:00:22+05:45,2026-05-22,12:00:22,1779430522,4,6,12,nepse_official,OPEN,2026-05-22,GMFIL,Guheshowori Merchant Bank & Finance Co. Ltd.,469.9,469.9,469.9,,469.9,468.0,1.8999999999999773,,10.0,4699.0,1.0,0.0,0.0,0.40598290598290115,4699.0,469.9
2026-05-22T06:15:22+00:00,2026-05-22T12:00:22+05:45,2026-05-22,12:00:22,1779430522,4,6,12,nepse_official,OPEN,2026-05-22,GMLI,Guardian Micro Life Insurance Limited ,1260.0,1283.0,1260.0,,1283.0,1274.0,9.0,,70.0,89400.0,4.0,23.0,1.8253968253968256,0.7064364207221351,22350.0,1277.142857142857
2026-05-22T06:15:22+00:00,2026-05-22T12:00:22+05:45,2026-05-22,12:00:22,1779430522,4,6,12,nepse_official,OPEN,2026-05-22,GRDBL,Green Development Bank Ltd.,1049.0,1110.0,1049.0,,1100.0,1095.0,5.0,,7823.0,8585724.3,73.0,61.0,5.815061963775023,0.45662100456621,117612.66164383563,1097.49767352678
2026-05-22T06:15:22+00:00,2026-05-22T12:00:22+05:45,2026-05-22,12:00:22,1779430522,4,6,12,nepse_official,OPEN,2026-05-22,GSY,Garima Samriddhi Yojana,9.71,9.73,9.71,,9.73,10.0,-0.2699999999999996,,1400.0,13614.0,5.0,0.019999999999999574,0.2059732234809431,-2.6999999999999957,2722.8,9.724285714285715
2026-05-22T06:15:22+00:00,2026-05-22T12:00:22+05:45,2026-05-22,12:00:22,1779430522,4,6,12,nepse_official,OPEN,2026-05-22,GVL,Green Ventures Limited,486.0,490.9,486.0,,490.0,490.0,0.0,,4393.0,2153592.1,17.0,4.899999999999977,1.0082304526748924,0.0,126681.88823529413,490.2326656043706
2026-05-22T06:15:22+00:00,2026-05-22T12:00:22+05:45,2026-05-22,12:00:22,1779430522,4,6,12,nepse_official,OPEN,2026-05-22,H8020,Himalayan 80-20,11.78,12.0,11.78,,12.0,12.14,-0.14000000000000057,,200.0,2378.0,2.0,0.22000000000000064,1.8675721561969494,-1.1532125205930852,1189.0,11.89
2026-05-22T06:15:22+00:00,2026-05-22T12:00:22+05:45,2026-05-22,12:00:22,1779430522,4,6,12,nepse_official,OPEN,2026-05-22,HATHY,Hathway Investment Nepal Limited,799.9,808.0,795.0,,800.0,799.9,0.10000000000002274,,415.0,331820.0,9.0,13.0,1.6252031503937991,0.01250156269533976,36868.88888888889,799.566265060241
2026-05-22T06:15:22+00:00,2026-05-22T12:00:22+05:45,2026-05-22,12:00:22,1779430522,4,6,12,nepse_official,OPEN,2026-05-22,HBL,Himalayan Bank Limited,204.8,206.0,200.0,,201.5,204.8,-3.3000000000000114,,22693.0,4573389.9,177.0,6.0,2.9296875,-1.6113281250000056,25838.361016949155,201.53306746573836
2026-05-22T06:15:22+00:00,2026-05-22T12:00:22+05:45,2026-05-22,12:00:22,1779430522,4,6,12,nepse_official,OPEN,2026-05-22,HDHPC,Himal Dolakha Hydropower Company Limited,239.0,239.0,222.0,,226.6,227.7,-1.0999999999999943,,49285.0,11229530.6,76.0,17.0,7.112970711297072,-0.48309178743961106,147756.98157894737,227.84885056305163
2026-05-22T06:15:22+00:00,2026-05-22T12:00:22+05:45,2026-05-22,12:00:22,1779430522,4,6,12,nepse_official,OPEN,2026-05-22,HDL,Himalayan Distillery Limited,1180.0,1180.0,1160.0,,1161.0,1161.0,0.0,,2937.0,3411800.5,49.0,20.0,1.694915254237288,0.0,69628.58163265306,1161.6617296561117
2026-05-22T06:15:22+00:00,2026-05-22T12:00:22+05:45,2026-05-22,12:00:22,1779430522,4,6,12,nepse_official,OPEN,2026-05-22,HEIP,Himalayan Everest Insurance Limited Promoter,320.0,320.0,320.0,,320.0,320.5,-0.5,,500.0,160000.0,1.0,0.0,0.0,-0.15600624024961,160000.0,320.0
2026-05-22T06:15:22+00:00,2026-05-22T12:00:22+05:45,2026-05-22,12:00:22,1779430522,4,6,12,nepse_official,OPEN,2026-05-22,HFIN,Hotel Forest Inn Limited,970.0,984.9,957.1,,967.6,960.0,7.600000000000023,,16209.0,15803889.9,259.0,27.799999999999955,2.8659793814432946,0.791666666666669,61018.879922779925,975.0070886544513
2026-05-22T06:15:22+00:00,2026-05-22T12:00:22+05:45,2026-05-22,12:00:22,1779430522,4,6,12,nepse_official,OPEN,2026-05-22,HHL,Himalayan Hydropower Limited,365.2,372.9,360.0,,363.0,369.4,-6.399999999999977,,25106.0,9136498.9,71.0,12.899999999999977,3.532311062431538,-1.732539252842441,128683.08309859155,363.91694813988687
2026-05-22T06:15:22+00:00,2026-05-22T12:00:22+05:45,2026-05-22,12:00:22,1779430522,4,6,12,nepse_official,OPEN,2026-05-22,HIDCL,Hydorelectricity Investment and Development Company Ltd,270.0,270.0,268.3,,269.0,269.7,-0.6999999999999886,,5876.0,1580274.5,47.0,1.6999999999999886,0.6296296296296254,-0.25954764553206844,33622.86170212766,268.9371170864534
2026-05-22T06:15:22+00:00,2026-05-22T12:00:22+05:45,2026-05-22,12:00:22,1779430522,4,6,12,nepse_official,OPEN,2026-05-22,HIDCLP,Hydorelectricity Investment and Development Company Limited Promoter,205.0,207.5,204.6,,205.6,206.0,-0.4000000000000057,,6560.0,1358485.6,9.0,2.9000000000000057,1.4146341463414662,-0.19417475728155617,150942.84444444446,207.08621951219513
2026-05-22T06:15:22+00:00,2026-05-22T12:00:22+05:45,2026-05-22,12:00:22,1779430522,4,6,12,nepse_official,OPEN,2026-05-22,HIMSTAR,Him Star Urja Company Limited,875.0,904.0,875.0,,898.0,880.0,18.0,,1838.0,1651724.0,50.0,29.0,3.314285714285714,2.0454545454545454,33034.48,898.6528835690968
2026-05-22T06:15:22+00:00,2026-05-22T12:00:22+05:45,2026-05-22,12:00:22,1779430522,4,6,12,nepse_official,OPEN,2026-05-22,HLI,Himalayan Life Insurance Limited,338.0,339.0,337.4,,339.0,337.0,2.0,,1507.0,509720.0,23.0,1.6000000000000227,0.47337278106509545,0.5934718100890208,22161.739130434784,338.234903782349
2026-05-22T06:15:22+00:00,2026-05-22T12:00:22+05:45,2026-05-22,12:00:22,1779430522,4,6,12,nepse_official,OPEN,2026-05-22,HLICF,HLI Large Cap Fund,8.9,8.95,8.82,,8.82,8.99,-0.16999999999999993,,10300.0,91668.0,5.0,0.129999999999999,1.4606741573033595,-1.8909899888765287,18333.6,8.89980582524272
2026-05-22T06:15:22+00:00,2026-05-22T12:00:22+05:45,2026-05-22,12:00:22,1779430522,4,6,12,nepse_official,OPEN,2026-05-22,HPPL,Himalayan Power Partner Ltd.,373.1,380.0,373.1,,379.0,377.9,1.1000000000000227,,1780.0,675223.8,14.0,6.899999999999977,1.8493701420530626,0.2910822969039489,48230.27142857143,379.33921348314607
2026-05-22T06:15:22+00:00,2026-05-22T12:00:22+05:45,2026-05-22,12:00:22,1779430522,4,6,12,nepse_official,OPEN,2026-05-22,HRL,Himalayan Reinsurance Limited,635.0,645.0,630.0,,636.0,640.0,-4.0,,11095.0,7084609.4,117.0,15.0,2.3622047244094486,-0.625,60552.2170940171,638.5407300585849
2026-05-22T06:15:22+00:00,2026-05-22T12:00:22+05:45,2026-05-22,12:00:22,1779430522,4,6,12,nepse_official,OPEN,2026-05-22,HURJA,Himalaya Urja Bikas Company Limited,254.6,257.9,254.6,,256.1,257.4,-1.2999999999999545,,4265.0,1092590.9,17.0,3.299999999999983,1.2961508248232456,-0.5050505050504874,64270.052941176466,256.176060961313
2026-05-22T06:15:22+00:00,2026-05-22T12:00:22+05:45,2026-05-22,12:00:22,1779430522,4,6,12,nepse_official,OPEN,2026-05-22,ICFC,ICFC Finance Limited,637.9,637.9,622.0,,630.0,631.4,-1.3999999999999773,,1396.0,869495.0,10.0,15.899999999999977,2.492553691801219,-0.22172949002216935,86949.5,622.8474212034384
2026-05-22T06:15:22+00:00,2026-05-22T12:00:22+05:45,2026-05-22,12:00:22,1779430522,4,6,12,nepse_official,OPEN,2026-05-22,ICFCD89,8% ICFC Finance Limited Debenture 2089,1080.3,1080.3,1080.2,,1080.2,1099.9,-19.700000000000045,,50.0,54012.5,2.0,0.09999999999990905,0.009256687957040549,-1.7910719156286974,27006.25,1080.25
2026-05-22T06:15:22+00:00,2026-05-22T12:00:22+05:45,2026-05-22,12:00:22,1779430522,4,6,12,nepse_official,OPEN,2026-05-22,IGI,IGI Prudential insurance Limited,431.0,431.0,430.0,,430.0,432.9,-2.8999999999999773,,350.0,150560.0,4.0,1.0,0.23201856148491878,-0.6699006699006648,37640.0,430.1714285714286
2026-05-22T06:15:22+00:00,2026-05-22T12:00:22+05:45,2026-05-22,12:00:22,1779430522,4,6,12,nepse_official,OPEN,2026-05-22,IHL,Ingwa Hydropower Limited,415.0,427.0,415.0,,426.0,420.0,6.0,,4599.0,1946920.5,36.0,12.0,2.891566265060241,1.4285714285714286,54081.125,423.33561643835617
2026-05-22T06:15:22+00:00,2026-05-22T12:00:22+05:45,2026-05-22,12:00:22,1779430522,4,6,12,nepse_official,OPEN,2026-05-22,ILBS,Infinity Laghubitta Bittiya Sanstha Limited,921.0,938.9,921.0,,938.9,938.9,0.0,,29.0,26888.0,2.0,17.899999999999977,1.9435396308360453,0.0,13444.0,927.1724137931035
2026-05-22T06:15:22+00:00,2026-05-22T12:00:22+05:45,2026-05-22,12:00:22,1779430522,4,6,12,nepse_official,OPEN,2026-05-22,ILI,IME Life Insurance Company Limited,434.0,440.0,434.0,,436.0,440.0,-4.0,,1748.0,765436.7,28.0,6.0,1.3824884792626728,-0.9090909090909091,27337.024999999998,437.8928489702517
2026-05-22T06:15:22+00:00,2026-05-22T12:00:22+05:45,2026-05-22,12:00:22,1779430522,4,6,12,nepse_official,OPEN,2026-05-22,JBBL,Jyoti Bikas Bank Limited,362.0,362.0,357.0,,358.1,359.0,-0.8999999999999773,,1615.0,578713.6,12.0,5.0,1.3812154696132597,-0.2506963788300772,48226.13333333333,358.33659442724456
2026-05-22T06:15:22+00:00,2026-05-22T12:00:22+05:45,2026-05-22,12:00:22,1779430522,4,6,12,nepse_official,OPEN,2026-05-22,JBLB,Jeevan Bikas Laghubitta  Bittya Sanstha Ltd,1302.0,1302.0,1296.0,,1300.0,1302.0,-2.0,,180.0,233786.0,9.0,6.0,0.4608294930875576,-0.15360983102918588,25976.222222222223,1298.8111111111111
2026-05-22T06:15:22+00:00,2026-05-22T12:00:22+05:45,2026-05-22,12:00:22,1779430522,4,6,12,nepse_official,OPEN,2026-05-22,JFL,Janaki Finance Company Limited,417.4,417.4,410.0,,410.0,408.0,2.0,,150.0,61678.0,4.0,7.399999999999977,1.7728797316722513,0.49019607843137253,15419.5,411.18666666666667
2026-05-22T06:15:22+00:00,2026-05-22T12:00:22+05:45,2026-05-22,12:00:22,1779430522,4,6,12,nepse_official,OPEN,2026-05-22,JHAPA,Jhapa Energy Limited,1334.8,1457.0,1334.8,,1422.0,1405.0,17.0,,1776.0,2528381.4,54.0,122.20000000000005,9.154929577464792,1.2099644128113878,46821.87777777778,1423.6381756756757
2026-05-22T06:15:22+00:00,2026-05-22T12:00:22+05:45,2026-05-22,12:00:22,1779430522,4,6,12,nepse_official,OPEN,2026-05-22,JOSHI,Joshi Hydropower Development Company Ltd,287.0,287.0,280.6,,281.0,283.5,-2.5,,623.0,175089.8,6.0,6.399999999999977,2.229965156794417,-0.8818342151675485,29181.63333333333,281.0430176565008
2026-05-22T06:15:22+00:00,2026-05-22T12:00:22+05:45,2026-05-22,12:00:22,1779430522,4,6,12,nepse_official,OPEN,2026-05-22,KBL,Kumari Bank Limited,222.0,222.0,215.5,,216.2,216.7,-0.5,,13811.0,2996468.6,66.0,6.5,2.9279279279279278,-0.23073373327180435,45401.0393939394,216.9624647020491
2026-05-22T06:15:22+00:00,2026-05-22T12:00:22+05:45,2026-05-22,12:00:22,1779430522,4,6,12,nepse_official,OPEN,2026-05-22,KDBY,Kumari Dhanabriddhi Yojana,12.27,12.27,11.25,,11.25,11.69,-0.4399999999999995,,400.0,4699.0,4.0,1.0199999999999996,8.31295843520782,-3.7639007698887896,1174.75,11.7475
2026-05-22T06:15:22+00:00,2026-05-22T12:00:22+05:45,2026-05-22,12:00:22,1779430522,4,6,12,nepse_official,OPEN,2026-05-22,KDL,Kalinchowk Darshan Limited,833.0,833.0,828.1,,828.1,833.0,-4.899999999999977,,65.0,54096.0,3.0,4.899999999999977,0.5882352941176444,-0.5882352941176444,18032.0,832.2461538461539
2026-05-22T06:15:22+00:00,2026-05-22T12:00:22+05:45,2026-05-22,12:00:22,1779430522,4,6,12,nepse_official,OPEN,2026-05-22,KEF,Kumari Equity Fund,10.67,10.71,10.67,,10.71,10.68,0.030000000000001137,,450.0,4809.5,3.0,0.040000000000000924,0.37488284910966185,0.28089887640450506,1603.1666666666667,10.687777777777777
2026-05-22T06:15:22+00:00,2026-05-22T12:00:22+05:45,2026-05-22,12:00:22,1779430522,4,6,12,nepse_official,OPEN,2026-05-22,KKHC,Khanikhola Hydropower Co. Ltd.,255.0,262.3,255.0,,258.1,258.0,0.10000000000002274,,203.0,52334.9,7.0,7.300000000000011,2.86274509803922,0.03875968992248943,7476.414285714286,257.8073891625616
2026-05-22T06:15:22+00:00,2026-05-22T12:00:22+05:45,2026-05-22,12:00:22,1779430522,4,6,12,nepse_official,OPEN,2026-05-22,KMCDB,Kalika Laghubitta Bittiya Sanstha Ltd,841.1,855.1,840.5,,852.0,866.0,-14.0,,1519.0,1280937.1,12.0,14.600000000000023,1.7358221376768543,-1.6166281755196306,106744.75833333335,843.2765635286373
2026-05-22T06:15:22+00:00,2026-05-22T12:00:22+05:45,2026-05-22,12:00:22,1779430522,4,6,12,nepse_official,OPEN,2026-05-22,KPCL,Kalika power Company Ltd,496.0,496.0,496.0,,496.0,490.5,5.5,,10.0,4960.0,1.0,0.0,0.0,1.1213047910295617,4960.0,496.0
2026-05-22T06:15:22+00:00,2026-05-22T12:00:22+05:45,2026-05-22,12:00:22,1779430522,4,6,12,nepse_official,OPEN,2026-05-22,KSBBL,Kamana Sewa Bikas Bank Limited,484.0,487.0,484.0,,484.0,484.0,0.0,,1188.0,575347.0,12.0,3.0,0.6198347107438017,0.0,47945.583333333336,484.29882154882154
2026-05-22T06:15:22+00:00,2026-05-22T12:00:22+05:45,2026-05-22,12:00:22,1779430522,4,6,12,nepse_official,OPEN,2026-05-22,KSY,Kumari Sabal Yojana,9.5,9.7,9.5,,9.7,9.79,-0.08999999999999986,,450.0,4325.0,3.0,0.1999999999999993,2.1052631578947296,-0.9193054136874348,1441.6666666666667,9.61111111111111
2026-05-22T06:15:22+00:00,2026-05-22T12:00:22+05:45,2026-05-22,12:00:22,1779430522,4,6,12,nepse_official,OPEN,2026-05-22,LBBL,Lumbini Bikas Bank Ltd.,484.0,487.1,484.0,,487.0,487.0,0.0,,1064.0,517730.0,12.0,3.1000000000000227,0.6404958677685997,0.0,43144.166666666664,486.5883458646617
2026-05-22T06:15:22+00:00,2026-05-22T12:00:22+05:45,2026-05-22,12:00:22,1779430522,4,6,12,nepse_official,OPEN,2026-05-22,LEC,Liberty Energy Company Limited,238.3,238.3,227.5,,228.0,227.0,1.0,,1221.0,278779.0,13.0,10.800000000000011,4.532102391942933,0.4405286343612335,21444.53846153846,228.32022932022932
2026-05-22T06:15:22+00:00,2026-05-22T12:00:22+05:45,2026-05-22,12:00:22,1779430522,4,6,12,nepse_official,OPEN,2026-05-22,LICN,Life Insurance Corporation (Nepal) Limited,815.0,815.0,812.0,,812.0,818.9,-6.899999999999977,,38.0,30916.0,2.0,3.0,0.36809815950920244,-0.8425937232873338,15458.0,813.578947368421
2026-05-22T06:15:22+00:00,2026-05-22T12:00:22+05:45,2026-05-22,12:00:22,1779430522,4,6,12,nepse_official,OPEN,2026-05-22,LSL,Laxmi Sunrise Bank Limited,223.0,224.0,222.0,,222.5,223.0,-0.5,,16171.0,3603163.4,33.0,2.0,0.8968609865470852,-0.2242152466367713,109186.7696969697,222.81636262445116
2026-05-22T06:15:22+00:00,2026-05-22T12:00:22+05:45,2026-05-22,12:00:22,1779430522,4,6,12,nepse_official,OPEN,2026-05-22,MABEL,Mabilung Energy Limited,665.0,757.0,665.0,,756.9,695.0,61.89999999999998,,46920.0,34691923.1,559.0,92.0,13.834586466165414,8.906474820143883,62060.68533094812,739.3845502983803
2026-05-22T06:15:22+00:00,2026-05-22T12:00:22+05:45,2026-05-22,12:00:22,1779430522,4,6,12,nepse_official,OPEN,2026-05-22,MAKAR,Makar Jitumaya Suri Hydropower Limited,500.0,510.0,500.0,,501.0,500.0,1.0,,890.0,447280.0,9.0,10.0,2.0,0.2,49697.77777777778,502.561797752809
2026-05-22T06:15:22+00:00,2026-05-22T12:00:22+05:45,2026-05-22,12:00:22,1779430522,4,6,12,nepse_official,OPEN,2026-05-22,MANDU,Mandu Hydropower Limited,806.5,818.9,806.5,,818.9,815.0,3.8999999999999773,,570.0,466649.0,7.0,12.399999999999977,1.5375077495350251,0.4785276073619604,66664.14285714286,818.6824561403508
2026-05-22T06:15:22+00:00,2026-05-22T12:00:22+05:45,2026-05-22,12:00:22,1779430522,4,6,12,nepse_official,OPEN,2026-05-22,MATRI,Matribhumi Lagubitta Bittiya Sanstha Limited,878.0,878.0,878.0,,878.0,890.0,-12.0,,10.0,8780.0,1.0,0.0,0.0,-1.348314606741573,8780.0,878.0
2026-05-22T06:15:22+00:00,2026-05-22T12:00:22+05:45,2026-05-22,12:00:22,1779430522,4,6,12,nepse_official,OPEN,2026-05-22,MBJC,Madhya Bhotekoshi Jalavidyut Company Limited,282.2,284.6,281.4,,282.1,284.0,-1.8999999999999773,,1426.0,402458.0,23.0,3.2000000000000455,1.1339475549256008,-0.6690140845070343,17498.17391304348,282.2286115007013
2026-05-22T06:15:22+00:00,2026-05-22T12:00:22+05:45,2026-05-22,12:00:22,1779430522,4,6,12,nepse_official,OPEN,2026-05-22,MBL,Machhapuchhre Bank Limited,253.0,253.0,248.1,,250.1,251.0,-0.9000000000000057,,9607.0,2417738.0,24.0,4.900000000000006,1.9367588932806348,-0.35856573705179506,100739.08333333333,251.66420318517748
2026-05-22T06:15:22+00:00,2026-05-22T12:00:22+05:45,2026-05-22,12:00:22,1779430522,4,6,12,nepse_official,OPEN,2026-05-22,MBLEF,MBL Equity Fund,10.19,10.19,9.93,,9.96,10.05,-0.08999999999999986,,1400.0,13961.0,5.0,0.2599999999999998,2.551521099116779,-0.8955223880597,2792.2,9.972142857142858
2026-05-22T06:15:22+00:00,2026-05-22T12:00:22+05:45,2026-05-22,12:00:22,1779430522,4,6,12,nepse_official,OPEN,2026-05-22,MCHL,Menchhiyam Hydropower Limited,312.1,318.9,312.1,,318.9,319.4,-0.5,,130.0,40960.0,4.0,6.7999999999999545,2.1787888497276366,-0.15654351909830935,10240.0,315.0769230769231
2026-05-22T06:15:22+00:00,2026-05-22T12:00:22+05:45,2026-05-22,12:00:22,1779430522,4,6,12,nepse_official,OPEN,2026-05-22,MDB,Miteri Development Bank Limited,613.0,613.0,605.0,,605.0,606.0,-1.0,,2598.0,1581638.0,14.0,8.0,1.3050570962479608,-0.16501650165016502,112974.14285714286,608.7906081601232
2026-05-22T06:15:22+00:00,2026-05-22T12:00:22+05:45,2026-05-22,12:00:22,1779430522,4,6,12,nepse_official,OPEN,2026-05-22,MEHL,Manakamana Engineering Hydropower Limited,375.1,381.1,370.0,,375.0,379.0,-4.0,,190.0,71221.0,7.0,11.100000000000023,2.959210877099446,-1.0554089709762533,10174.42857142857,374.84736842105264
2026-05-22T06:15:22+00:00,2026-05-22T12:00:22+05:45,2026-05-22,12:00:22,1779430522,4,6,12,nepse_official,OPEN,2026-05-22,MEL,Modi Energy Limited,235.5,237.4,230.0,,236.2,235.5,0.6999999999999886,,2213.0,524947.0,18.0,7.400000000000006,3.1422505307855646,0.29723991507430514,29163.722222222223,237.21057388160867
2026-05-22T06:15:22+00:00,2026-05-22T12:00:22+05:45,2026-05-22,12:00:22,1779430522,4,6,12,nepse_official,OPEN,2026-05-22,MEN,Mountain Energy Nepal Limited,606.0,608.9,605.1,,607.0,606.0,1.0,,280.0,170010.0,19.0,3.7999999999999545,0.6270627062706196,0.16501650165016502,8947.894736842105,607.1785714285714
2026-05-22T06:15:22+00:00,2026-05-22T12:00:22+05:45,2026-05-22,12:00:22,1779430522,4,6,12,nepse_official,OPEN,2026-05-22,MERO,Mero Microfinance Bittiya Sanstha Ltd.,712.0,712.1,712.0,,712.0,712.0,0.0,,35.0,24921.0,3.0,0.10000000000002274,0.014044943820227914,0.0,8307.0,712.0285714285715
2026-05-22T06:15:22+00:00,2026-05-22T12:00:22+05:45,2026-05-22,12:00:22,1779430522,4,6,12,nepse_official,OPEN,2026-05-22,MFIL,Manjushree Finance Ltd.,791.0,804.0,789.0,,793.0,805.0,-12.0,,66032.0,52952271.5,43.0,15.0,1.8963337547408345,-1.4906832298136645,1231448.1744186047,801.9183350496729
2026-05-22T06:15:22+00:00,2026-05-22T12:00:22+05:45,2026-05-22,12:00:22,1779430522,4,6,12,nepse_official,OPEN,2026-05-22,MHCL,Molung Hydropower Company Limited,335.4,362.0,335.4,,360.0,353.0,7.0,,90.0,31813.0,5.0,26.600000000000023,7.9308288610614275,1.9830028328611897,6362.6,353.47777777777776
2026-05-22T06:15:22+00:00,2026-05-22T12:00:22+05:45,2026-05-22,12:00:22,1779430522,4,6,12,nepse_official,OPEN,2026-05-22,MHL,Mandakini Hydropower Limited,492.0,492.1,492.0,,492.1,498.0,-5.899999999999977,,20.0,9841.0,2.0,0.10000000000002274,0.02032520325203714,-1.1847389558232886,4920.5,492.05
2026-05-22T06:15:22+00:00,2026-05-22T12:00:22+05:45,2026-05-22,12:00:22,1779430522,4,6,12,nepse_official,OPEN,2026-05-22,MHNL,Mountain Hydro Nepal Limited,257.0,274.9,257.0,,269.0,270.4,-1.3999999999999773,,460.0,124615.0,8.0,17.899999999999977,6.964980544747072,-0.5177514792899325,15576.875,270.9021739130435
2026-05-22T06:15:22+00:00,2026-05-22T12:00:22+05:45,2026-05-22,12:00:22,1779430522,4,6,12,nepse_official,OPEN,2026-05-22,MKHC,Maya Khola Hydropower Company Limited,320.0,324.8,317.0,,318.5,319.5,-1.0,,2240.0,720452.0,14.0,7.800000000000011,2.4375000000000036,-0.3129890453834116,51460.857142857145,321.6303571428571
2026-05-22T06:15:22+00:00,2026-05-22T12:00:22+05:45,2026-05-22,12:00:22,1779430522,4,6,12,nepse_official,OPEN,2026-05-22,MKHL,Mai Khola Hydropower Limited,542.9,543.0,538.0,,543.0,542.9,0.10000000000002274,,645.0,348921.0,10.0,5.0,0.9209799226376865,0.018419598452757917,34892.1,540.9627906976744
2026-05-22T06:15:22+00:00,2026-05-22T12:00:22+05:45,2026-05-22,12:00:22,1779430522,4,6,12,nepse_official,OPEN,2026-05-22,MKJC,Mailung Khola Jal Vidhyut Company Limited,490.0,490.0,490.0,,490.0,500.5,-10.5,,10.0,4900.0,1.0,0.0,0.0,-2.097902097902098,4900.0,490.0
2026-05-22T06:15:22+00:00,2026-05-22T12:00:22+05:45,2026-05-22,12:00:22,1779430522,4,6,12,nepse_official,OPEN,2026-05-22,MLBBL,Mithila LaghuBitta Bittiya Sanstha Limited,1172.0,1172.0,1172.0,,1172.0,1180.0,-8.0,,25.0,29300.0,1.0,0.0,0.0,-0.6779661016949152,29300.0,1172.0
2026-05-22T06:15:22+00:00,2026-05-22T12:00:22+05:45,2026-05-22,12:00:22,1779430522,4,6,12,nepse_official,OPEN,2026-05-22,MLBL,Mahalaxmi Bikas Bank Ltd.,366.0,366.0,366.0,,366.0,365.0,1.0,,10.0,3660.0,1.0,0.0,0.0,0.273972602739726,3660.0,366.0
2026-05-22T06:15:22+00:00,2026-05-22T12:00:22+05:45,2026-05-22,12:00:22,1779430522,4,6,12,nepse_official,OPEN,2026-05-22,MLBSL,Mahila Lagubitta Bittiya Sanstha Limited ,1780.0,1780.0,1780.0,,1780.0,1825.0,-45.0,,64.0,113911.0,3.0,0.0,0.0,-2.4657534246575343,37970.333333333336,1779.859375
2026-05-22T06:15:22+00:00,2026-05-22T12:00:22+05:45,2026-05-22,12:00:22,1779430522,4,6,12,nepse_official,OPEN,2026-05-22,MMF1,Mega Mutual Fund -1,9.6,9.6,9.4,,9.4,9.48,-0.08000000000000007,,1300.0,12295.0,5.0,0.1999999999999993,2.083333333333326,-0.8438818565400852,2459.0,9.457692307692307
2026-05-22T06:15:22+00:00,2026-05-22T12:00:22+05:45,2026-05-22,12:00:22,1779430522,4,6,12,nepse_official,OPEN,2026-05-22,MMKJL,Mathillo Mailun Khola Jalvidhyut Limited,495.0,495.0,495.0,,495.0,504.0,-9.0,,120.0,59400.0,4.0,0.0,0.0,-1.7857142857142856,14850.0,495.0
2026-05-22T06:15:22+00:00,2026-05-22T12:00:22+05:45,2026-05-22,12:00:22,1779430522,4,6,12,nepse_official,OPEN,2026-05-22,MNBBL,Muktinath Bikas Bank Ltd.,375.0,375.0,370.5,,372.0,372.1,-0.10000000000002274,,2206.0,819606.0,19.0,4.5,1.2,-0.026874496103204172,43137.15789473684,371.5349048050771
2026-05-22T06:15:22+00:00,2026-05-22T12:00:22+05:45,2026-05-22,12:00:22,1779430522,4,6,12,nepse_official,OPEN,2026-05-22,MNMF1,Muktinath Mutual Fund 1,9.8,9.81,9.8,,9.81,10.0,-0.1899999999999995,,900.0,8827.0,5.0,0.009999999999999787,0.10204081632652844,-1.899999999999995,1765.4,9.807777777777778
2026-05-22T06:15:22+00:00,2026-05-22T12:00:22+05:45,2026-05-22,12:00:22,1779430522,4,6,12,nepse_official,OPEN,2026-05-22,MPFL,Multipurpose Finance Company  Limited,596.0,610.0,596.0,,610.0,613.0,-3.0,,1520.0,927041.0,4.0,14.0,2.348993288590604,-0.48939641109298526,231760.25,609.8953947368421
2026-05-22T06:15:22+00:00,2026-05-22T12:00:22+05:45,2026-05-22,12:00:22,1779430522,4,6,12,nepse_official,OPEN,2026-05-22,MSHL,Mid Solu Hydropower Limited,680.1,680.1,680.1,,680.1,690.0,-9.899999999999977,,10.0,6801.0,1.0,0.0,0.0,-1.4347826086956488,6801.0,680.1
2026-05-22T06:15:22+00:00,2026-05-22T12:00:22+05:45,2026-05-22,12:00:22,1779430522,4,6,12,nepse_official,OPEN,2026-05-22,MSLB,Mahuli Laghubitta Bittiya Sanstha Limited,1211.0,1239.0,1203.0,,1239.0,1238.0,1.0,,230.0,277570.0,7.0,36.0,2.972749793559042,0.08077544426494346,39652.857142857145,1206.8260869565217
2026-05-22T06:15:22+00:00,2026-05-22T12:00:22+05:45,2026-05-22,12:00:22,1779430522,4,6,12,nepse_official,OPEN,2026-05-22,NABBC,Narayani Development Bank Limited,960.0,960.0,951.0,,951.0,959.9,-8.899999999999977,,150.0,143649.0,4.0,9.0,0.9375,-0.9271799145744325,35912.25,957.66
2026-05-22T06:15:22+00:00,2026-05-22T12:00:22+05:45,2026-05-22,12:00:22,1779430522,4,6,12,nepse_official,OPEN,2026-05-22,NABIL,Nabil Bank Limited,529.0,529.9,527.9,,529.5,527.9,1.6000000000000227,,5106.0,2696990.8,50.0,2.0,0.3780718336483932,0.3030877060049295,53939.816,528.2003133568351
2026-05-22T06:15:22+00:00,2026-05-22T12:00:22+05:45,2026-05-22,12:00:22,1779430522,4,6,12,nepse_official,OPEN,2026-05-22,NADEP,Nadep Laghubittiya bittya Sanstha Ltd.,732.0,732.1,732.0,,732.1,747.0,-14.899999999999977,,78.0,57102.8,2.0,0.10000000000002274,0.013661202185795456,-1.9946452476572927,28551.4,732.0871794871795
2026-05-22T06:15:22+00:00,2026-05-22T12:00:22+05:45,2026-05-22,12:00:22,1779430522,4,6,12,nepse_official,OPEN,2026-05-22,NBF3,Nabil Balanced Fund-3,9.83,9.83,9.83,,9.83,10.0,-0.16999999999999993,,400.0,3932.0,1.0,0.0,0.0,-1.6999999999999995,3932.0,9.83
2026-05-22T06:15:22+00:00,2026-05-22T12:00:22+05:45,2026-05-22,12:00:22,1779430522,4,6,12,nepse_official,OPEN,2026-05-22,NBL,Nepal Bank Limited,267.1,267.1,266.0,,266.0,267.8,-1.8000000000000114,,4505.0,1200986.4,26.0,1.1000000000000227,0.4118307749906487,-0.6721433905899967,46191.78461538461,266.5896559378468
2026-05-22T06:15:22+00:00,2026-05-22T12:00:22+05:45,2026-05-22,12:00:22,1779430522,4,6,12,nepse_official,OPEN,2026-05-22,NBLD82,10% Nabil Debenture 2082,1056.5,1056.5,1056.5,,1056.5,1056.0,0.5,,55.0,58107.5,2.0,0.0,0.0,0.04734848484848485,29053.75,1056.5
2026-05-22T06:15:22+00:00,2026-05-22T12:00:22+05:45,2026-05-22,12:00:22,1779430522,4,6,12,nepse_official,OPEN,2026-05-22,NESDO,NESDO Sambridha Laghubitta Bittiya Sanstha Limited,1512.0,1512.0,1505.0,,1505.0,1524.9,-19.90000000000009,,32.0,48300.0,3.0,7.0,0.4629629629629629,-1.305003606793894,16100.0,1509.375
2026-05-22T06:15:22+00:00,2026-05-22T12:00:22+05:45,2026-05-22,12:00:22,1779430522,4,6,12,nepse_official,OPEN,2026-05-22,NFS,Nepal Finance Ltd.,568.7,568.7,561.2,,561.2,567.9,-6.699999999999932,,20.0,11299.0,2.0,7.5,1.3187972569017055,-1.1797851734460174,5649.5,564.95
2026-05-22T06:15:22+00:00,2026-05-22T12:00:22+05:45,2026-05-22,12:00:22,1779430522,4,6,12,nepse_official,OPEN,2026-05-22,NGPL,Ngadi Group Power Ltd.,442.1,448.7,441.0,,444.9,447.0,-2.1000000000000227,,13095.0,5824191.3,60.0,7.699999999999989,1.741687401040486,-0.4697986577181259,97069.855,444.76451317296676
2026-05-22T06:15:22+00:00,2026-05-22T12:00:22+05:45,2026-05-22,12:00:22,1779430522,4,6,12,nepse_official,OPEN,2026-05-22,NHPC,National Hydro Power Company Limited,289.0,291.9,286.0,,288.2,288.5,-0.30000000000001137,,48762.0,14115472.5,139.0,5.899999999999977,2.041522491349473,-0.10398613518197969,101550.1618705036,289.4768979943399
2026-05-22T06:15:22+00:00,2026-05-22T12:00:22+05:45,2026-05-22,12:00:22,1779430522,4,6,12,nepse_official,OPEN,2026-05-22,NIBLSTF,NIBL Stable Fund,9.34,9.34,9.1,,9.13,9.31,-0.17999999999999972,,700.0,6424.0,6.0,0.2400000000000002,2.5695931477516085,-1.9334049409237348,1070.6666666666667,9.177142857142858
2026-05-22T06:15:22+00:00,2026-05-22T12:00:22+05:45,2026-05-22,12:00:22,1779430522,4,6,12,nepse_official,OPEN,2026-05-22,NIBSF2,NIBL Samriddhi Fund -2,9.29,9.29,9.21,,9.21,9.29,-0.0799999999999983,,400.0,3694.0,3.0,0.0799999999999983,0.8611410118406706,-0.8611410118406706,1231.3333333333333,9.235
2026-05-22T06:15:22+00:00,2026-05-22T12:00:22+05:45,2026-05-22,12:00:22,1779430522,4,6,12,nepse_official,OPEN,2026-05-22,NICA,NIC Asia Bank Ltd.,353.0,353.0,350.0,,353.0,351.5,1.5,,2017.0,710356.5,18.0,3.0,0.84985835694051,0.42674253200568996,39464.25,352.1846802181458
2026-05-22T06:15:22+00:00,2026-05-22T12:00:22+05:45,2026-05-22,12:00:22,1779430522,4,6,12,nepse_official,OPEN,2026-05-22,NICD88,NIC ASIA Rinpatra 2088,1075.0,1075.0,1075.0,,1075.0,1073.0,2.0,,30.0,32250.0,1.0,0.0,0.0,0.1863932898415657,32250.0,1075.0
2026-05-22T06:15:22+00:00,2026-05-22T12:00:22+05:45,2026-05-22,12:00:22,1779430522,4,6,12,nepse_official,OPEN,2026-05-22,NICFC,NIC Asia Flexi CAP Fund,9.15,9.57,9.15,,9.4,9.4,0.0,,7300.0,69350.0,8.0,0.41999999999999993,4.590163934426228,0.0,8668.75,9.5
2026-05-22T06:15:22+00:00,2026-05-22T12:00:22+05:45,2026-05-22,12:00:22,1779430522,4,6,12,nepse_official,OPEN,2026-05-22,NICGF2,NIC ASIA Growth Fund-2,9.98,9.98,9.5,,9.5,9.73,-0.23000000000000043,,300.0,2917.0,3.0,0.4800000000000004,4.809619238476958,-2.363823227132584,972.3333333333334,9.723333333333333
2026-05-22T06:15:22+00:00,2026-05-22T12:00:22+05:45,2026-05-22,12:00:22,1779430522,4,6,12,nepse_official,OPEN,2026-05-22,NICL,Nepal Insurance Co. Ltd.,490.2,490.2,490.1,,490.1,492.0,-1.8999999999999773,,200.0,98021.0,2.0,0.0999999999999659,0.020399836801298633,-0.38617886178861327,49010.5,490.105
2026-05-22T06:15:22+00:00,2026-05-22T12:00:22+05:45,2026-05-22,12:00:22,1779430522,4,6,12,nepse_official,OPEN,2026-05-22,NICLBSL,NIC ASIA Laghubitta Bittiya Sanstha Limited,565.0,567.0,565.0,,565.0,564.3,0.7000000000000455,,225.0,127392.0,6.0,2.0,0.35398230088495575,0.12404749246855318,21232.0,566.1866666666666
2026-05-22T06:15:22+00:00,2026-05-22T12:00:22+05:45,2026-05-22,12:00:22,1779430522,4,6,12,nepse_official,OPEN,2026-05-22,NICSF,NIC Asia Select Fund 30,9.4,9.58,9.2,,9.5,9.13,0.3699999999999992,,900.0,8455.0,7.0,0.3800000000000008,4.04255319148937,4.052573932091995,1207.857142857143,9.394444444444444
2026-05-22T06:15:22+00:00,2026-05-22T12:00:22+05:45,2026-05-22,12:00:22,1779430522,4,6,12,nepse_official,OPEN,2026-05-22,NIFRA,Nepal Infrastructure Bank Limited,265.0,269.0,264.0,,265.0,265.5,-0.5,,18528.0,4946055.0,70.0,5.0,1.8867924528301887,-0.18832391713747645,70657.92857142857,266.95029145077723
2026-05-22T06:15:22+00:00,2026-05-22T12:00:22+05:45,2026-05-22,12:00:22,1779430522,4,6,12,nepse_official,OPEN,2026-05-22,NIFRAGED,Nifra Green Energy Debenture 6% - 2088/89,1032.5,1032.5,1032.5,,1032.5,1032.0,0.5,,25.0,25812.5,1.0,0.0,0.0,0.04844961240310078,25812.5,1032.5
2026-05-22T06:15:22+00:00,2026-05-22T12:00:22+05:45,2026-05-22,12:00:22,1779430522,4,6,12,nepse_official,OPEN,2026-05-22,NIL,Neco Insurance Limited,605.3,610.0,605.3,,610.0,608.0,2.0,,1059.0,645878.7,5.0,4.7000000000000455,0.7764744754667182,0.3289473684210526,129175.73999999999,609.8949008498583
2026-05-22T06:15:22+00:00,2026-05-22T12:00:22+05:45,2026-05-22,12:00:22,1779430522,4,6,12,nepse_official,OPEN,2026-05-22,NIMB,Nepal Investment Mega Bank Limited,195.5,197.9,194.0,,196.1,195.5,0.5999999999999943,,7075.0,1388184.5,51.0,3.9000000000000057,1.9948849104859365,0.3069053708439869,27219.303921568626,196.20982332155478
2026-05-22T06:15:22+00:00,2026-05-22T12:00:22+05:45,2026-05-22,12:00:22,1779430522,4,6,12,nepse_official,OPEN,2026-05-22,NIMBPO,Nepal Investment Mega Bank Ltd. Promoter Share,148.1,148.1,148.1,,148.1,152.0,-3.9000000000000057,,48.0,7108.8,1.0,0.0,0.0,-2.565789473684214,7108.8,148.1
2026-05-22T06:15:22+00:00,2026-05-22T12:00:22+05:45,2026-05-22,12:00:22,1779430522,4,6,12,nepse_official,OPEN,2026-05-22,NLG,NLG Insurance Company Ltd.,572.0,575.0,568.0,,568.0,572.0,-4.0,,80.0,45746.0,3.0,7.0,1.2237762237762237,-0.6993006993006993,15248.666666666666,571.825
2026-05-22T06:15:22+00:00,2026-05-22T12:00:22+05:45,2026-05-22,12:00:22,1779430522,4,6,12,nepse_official,OPEN,2026-05-22,NLIC,Nepal Life Insurance Co. Ltd.,769.0,779.9,765.0,,765.0,769.0,-4.0,,3697.0,2844550.0,27.0,14.899999999999977,1.9375812743823118,-0.5201560468140443,105353.70370370371,769.421152285637
2026-05-22T06:15:22+00:00,2026-05-22T12:00:22+05:45,2026-05-22,12:00:22,1779430522,4,6,12,nepse_official,OPEN,2026-05-22,NLICL,National Life Insurance Co. Ltd.,596.0,596.0,595.0,,595.0,589.8,5.2000000000000455,,110.0,65481.0,3.0,1.0,0.16778523489932887,0.8816547982366982,21827.0,595.2818181818182
2026-05-22T06:15:22+00:00,2026-05-22T12:00:22+05:45,2026-05-22,12:00:22,1779430522,4,6,12,nepse_official,OPEN,2026-05-22,NMB,NMB Bank Limited,246.0,246.0,245.0,,245.5,246.0,-0.5,,698.0,171550.0,10.0,1.0,0.40650406504065045,-0.20325203252032523,17155.0,245.77363896848138
2026-05-22T06:15:22+00:00,2026-05-22T12:00:22+05:45,2026-05-22,12:00:22,1779430522,4,6,12,nepse_official,OPEN,2026-05-22,NMBHF2,NMB Hybrid Fund L- II,9.84,9.84,9.56,,9.6,9.84,-0.2400000000000002,,1300.0,12500.0,5.0,0.27999999999999936,2.8455284552845463,-2.4390243902439046,2500.0,9.615384615384615
2026-05-22T06:15:22+00:00,2026-05-22T12:00:22+05:45,2026-05-22,12:00:22,1779430522,4,6,12,nepse_official,OPEN,2026-05-22,NMFBS,National Laghubitta Bittiya Sanstha Limited,1131.1,1144.0,1124.0,,1144.0,1144.0,0.0,,2190.0,2488994.1,19.0,20.0,1.7681902572716826,0.0,130999.68947368422,1136.52698630137
2026-05-22T06:15:22+00:00,2026-05-22T12:00:22+05:45,2026-05-22,12:00:22,1779430522,4,6,12,nepse_official,OPEN,2026-05-22,NMIC,Nepal Micro Insurance Company Limited,1030.0,1040.0,1030.0,,1030.0,1040.0,-10.0,,510.0,525693.0,13.0,10.0,0.9708737864077669,-0.9615384615384616,40437.92307692308,1030.770588235294
2026-05-22T06:15:22+00:00,2026-05-22T12:00:22+05:45,2026-05-22,12:00:22,1779430522,4,6,12,nepse_official,OPEN,2026-05-22,NMLBBL,Nerude Mirmire Laghubitta Bittiya Sanstha Limited,573.0,583.5,573.0,,583.5,584.0,-0.5,,362.0,210972.0,4.0,10.5,1.832460732984293,-0.08561643835616438,52743.0,582.7955801104972
2026-05-22T06:15:22+00:00,2026-05-22T12:00:22+05:45,2026-05-22,12:00:22,1779430522,4,6,12,nepse_official,OPEN,2026-05-22,NRIC,Nepal Reinsurance Company Limited,915.0,915.0,902.5,,910.0,911.9,-1.8999999999999773,,1439.0,1305505.4,26.0,12.5,1.366120218579235,-0.20835617940563408,50211.74615384615,907.2309937456566
2026-05-22T06:15:22+00:00,2026-05-22T12:00:22+05:45,2026-05-22,12:00:22,1779430522,4,6,12,nepse_official,OPEN,2026-05-22,NRM,Nepal Republic Media Limited,346.3,367.0,346.3,,365.0,364.5,0.5,,5070.0,1844442.0,34.0,20.69999999999999,5.9774761767253795,0.1371742112482853,54248.294117647056,363.79526627218934
2026-05-22T06:15:22+00:00,2026-05-22T12:00:22+05:45,2026-05-22,12:00:22,1779430522,4,6,12,nepse_official,OPEN,2026-05-22,NRN,NRN Infrastructure and Development Limited,1361.0,1430.0,1361.0,,1371.1,1375.0,-3.900000000000091,,18835.0,26450528.5,96.0,69.0,5.069801616458487,-0.28363636363637024,275526.3385416667,1404.3285638439077
2026-05-22T06:15:22+00:00,2026-05-22T12:00:22+05:45,2026-05-22,12:00:22,1779430522,4,6,12,nepse_official,OPEN,2026-05-22,NSIF2,NMB Sulav Investment Fund - 2,11.05,11.05,11.05,,11.05,10.75,0.3000000000000007,,1100.0,12155.0,1.0,0.0,0.0,2.7906976744186114,12155.0,11.05
2026-05-22T06:15:22+00:00,2026-05-22T12:00:22+05:45,2026-05-22,12:00:22,1779430522,4,6,12,nepse_official,OPEN,2026-05-22,NSY,Nepal Life Samriddhi Lagani Yojana,9.45,9.5,9.43,,9.5,9.6,-0.09999999999999964,,1300.0,12278.0,5.0,0.07000000000000028,0.7407407407407438,-1.041666666666663,2455.6,9.444615384615384
2026-05-22T06:15:22+00:00,2026-05-22T12:00:22+05:45,2026-05-22,12:00:22,1779430522,4,6,12,nepse_official,OPEN,2026-05-22,NTC,Nepal Doorsanchar Company Limited,892.0,892.0,889.0,,890.9,888.0,2.8999999999999773,,529.0,471374.3,22.0,3.0,0.336322869955157,0.326576576576574,21426.104545454546,891.0667296786389
2026-05-22T06:15:22+00:00,2026-05-22T12:00:22+05:45,2026-05-22,12:00:22,1779430522,4,6,12,nepse_official,OPEN,2026-05-22,NUBL,Nirdhan Utthan Laghubitta Bittiya Sanstha Limited,645.0,645.0,645.0,,645.0,650.3,-5.2999999999999545,,26.0,16770.0,1.0,0.0,0.0,-0.8150084576349309,16770.0,645.0
2026-05-22T06:15:22+00:00,2026-05-22T12:00:22+05:45,2026-05-22,12:00:22,1779430522,4,6,12,nepse_official,OPEN,2026-05-22,NWCL,Nepal Warehousing Company Limited ,785.1,785.1,785.1,,785.1,787.0,-1.8999999999999773,,10.0,7851.0,1.0,0.0,0.0,-0.24142312579415212,7851.0,785.1
2026-05-22T06:15:22+00:00,2026-05-22T12:00:22+05:45,2026-05-22,12:00:22,1779430522,4,6,12,nepse_official,OPEN,2026-05-22,NYADI,Nyadi Hydropower Limited,383.0,389.9,383.0,,389.7,383.0,6.699999999999989,,390.0,151766.0,8.0,6.899999999999977,1.8015665796344589,1.7493472584856367,18970.75,389.14358974358976
2026-05-22T06:15:22+00:00,2026-05-22T12:00:22+05:45,2026-05-22,12:00:22,1779430522,4,6,12,nepse_official,OPEN,2026-05-22,OHL,Oriental Hotels Limited,700.0,700.0,700.0,,700.0,700.0,0.0,,50.0,35000.0,1.0,0.0,0.0,0.0,35000.0,700.0
2026-05-22T06:15:22+00:00,2026-05-22T12:00:22+05:45,2026-05-22,12:00:22,1779430522,4,6,12,nepse_official,OPEN,2026-05-22,OMPL,Om Megashree Pharmaceuticals Limited,1159.0,1159.0,1147.0,,1150.1,1160.0,-9.900000000000091,,100.0,115413.0,8.0,12.0,1.0353753235547885,-0.8534482758620768,14426.625,1154.13
2026-05-22T06:15:22+00:00,2026-05-22T12:00:22+05:45,2026-05-22,12:00:22,1779430522,4,6,12,nepse_official,OPEN,2026-05-22,PCBL,Prime Commercial Bank Ltd.,239.0,239.0,237.5,,238.1,239.0,-0.9000000000000057,,3911.0,933256.9,18.0,1.5,0.6276150627615062,-0.37656903765690614,51847.60555555556,238.62360010227565
2026-05-22T06:15:22+00:00,2026-05-22T12:00:22+05:45,2026-05-22,12:00:22,1779430522,4,6,12,nepse_official,OPEN,2026-05-22,PCIL,Palpa Cement Industries Limited,772.0,821.0,772.0,,813.0,812.0,1.0,,18954.0,15439535.8,365.0,49.0,6.347150259067358,0.12315270935960591,42300.098082191784,814.5792866941016
2026-05-22T06:15:22+00:00,2026-05-22T12:00:22+05:45,2026-05-22,12:00:22,1779430522,4,6,12,nepse_official,OPEN,2026-05-22,PFL,Pokhara Finance Ltd.,367.0,374.8,367.0,,369.0,375.0,-6.0,,113.0,41771.5,6.0,7.800000000000011,2.125340599455044,-1.6,6961.916666666667,369.6592920353982
2026-05-22T06:15:22+00:00,2026-05-22T12:00:22+05:45,2026-05-22,12:00:22,1779430522,4,6,12,nepse_official,OPEN,2026-05-22,PHCL,Peoples Hydropower Company Limited,324.0,324.0,306.1,,307.1,309.0,-1.8999999999999773,,5718.0,1811249.2,34.0,17.899999999999977,5.524691358024684,-0.6148867313915783,53272.035294117646,316.7627142357468
2026-05-22T06:15:22+00:00,2026-05-22T12:00:22+05:45,2026-05-22,12:00:22,1779430522,4,6,12,nepse_official,OPEN,2026-05-22,PMHPL,Panchakanya Mai Hydropower Ltd,343.9,343.9,336.1,,336.5,341.0,-4.5,,160.0,53917.0,6.0,7.7999999999999545,2.2681011922070238,-1.3196480938416422,8986.166666666666,336.98125
2026-05-22T06:15:22+00:00,2026-05-22T12:00:22+05:45,2026-05-22,12:00:22,1779430522,4,6,12,nepse_official,OPEN,2026-05-22,PMLI,Prabhu Mahalaxmi Life Insurance Limited,460.1,468.0,460.1,,462.0,466.0,-4.0,,109.0,50322.2,12.0,7.899999999999977,1.7170180395566133,-0.8583690987124464,4193.516666666666,461.67155963302747
2026-05-22T06:15:22+00:00,2026-05-22T12:00:22+05:45,2026-05-22,12:00:22,1779430522,4,6,12,nepse_official,OPEN,2026-05-22,PPCL,Panchthar Power Compant Limited,373.0,382.0,373.0,,376.0,379.7,-3.6999999999999886,,70.0,26330.0,4.0,9.0,2.4128686327077746,-0.9744535159336289,6582.5,376.14285714285717
2026-05-22T06:15:22+00:00,2026-05-22T12:00:22+05:45,2026-05-22,12:00:22,1779430522,4,6,12,nepse_official,OPEN,2026-05-22,PPL,People's Power Limited,347.0,350.0,346.6,,348.0,349.0,-1.0,,2790.0,970137.5,28.0,3.3999999999999773,0.9798270893371692,-0.28653295128939826,34647.767857142855,347.7195340501792
2026-05-22T06:15:22+00:00,2026-05-22T12:00:22+05:45,2026-05-22,12:00:22,1779430522,4,6,12,nepse_official,OPEN,2026-05-22,PRIN,Prabhu Insurance Ltd.,646.1,646.1,646.1,,646.1,660.0,-13.899999999999977,,28.0,18090.8,1.0,0.0,0.0,-2.1060606060606024,18090.8,646.1
2026-05-22T06:15:22+00:00,2026-05-22T12:00:22+05:45,2026-05-22,12:00:22,1779430522,4,6,12,nepse_official,OPEN,2026-05-22,PRSF,Prabhu Smart Fund,13.54,13.54,12.8,,12.8,12.9,-0.09999999999999964,,603850.0,7729624.5,13.0,0.7399999999999984,5.465288035450506,-0.7751937984496096,594586.5,12.800570505920344
2026-05-22T06:15:22+00:00,2026-05-22T12:00:22+05:45,2026-05-22,12:00:22,1779430522,4,6,12,nepse_official,OPEN,2026-05-22,PRVU,Prabhu  Bank Limited,196.5,198.0,196.5,,197.5,196.5,1.0,,4945.0,976235.8,38.0,1.5,0.7633587786259541,0.5089058524173028,25690.415789473685,197.41876643073812
2026-05-22T06:15:22+00:00,2026-05-22T12:00:22+05:45,2026-05-22,12:00:22,1779430522,4,6,12,nepse_official,OPEN,2026-05-22,PSF,Prabhu Select Fund,12.1,12.1,12.1,,12.1,12.35,-0.25,,800.0,9680.0,5.0,0.0,0.0,-2.0242914979757085,1936.0,12.1
2026-05-22T06:15:22+00:00,2026-05-22T12:00:22+05:45,2026-05-22,12:00:22,1779430522,4,6,12,nepse_official,OPEN,2026-05-22,PURE,Pure Energy Limited,960.0,980.0,960.0,,970.0,969.0,1.0,,1657.0,1610034.0,29.0,20.0,2.083333333333333,0.10319917440660474,55518.41379310345,971.6560048280024
2026-05-22T06:15:22+00:00,2026-05-22T12:00:22+05:45,2026-05-22,12:00:22,1779430522,4,6,12,nepse_official,OPEN,2026-05-22,RADHI,Radhi Bidyut Company Ltd,780.0,780.0,767.3,,767.3,773.0,-5.7000000000000455,,1832.0,1415856.0,25.0,12.700000000000045,1.628205128205134,-0.7373868046571858,56634.24,772.8471615720524
2026-05-22T06:15:22+00:00,2026-05-22T12:00:22+05:45,2026-05-22,12:00:22,1779430522,4,6,12,nepse_official,OPEN,2026-05-22,RAWA,Rawa Energy Development Limited,560.8,577.6,560.8,,577.6,578.0,-0.39999999999997726,,20.0,11384.0,2.0,16.800000000000068,2.995720399429399,-0.06920415224913101,5692.0,569.2
2026-05-22T06:15:22+00:00,2026-05-22T12:00:22+05:45,2026-05-22,12:00:22,1779430522,4,6,12,nepse_official,OPEN,2026-05-22,RBBF40,RBB Focus 40,9.6,9.8,9.55,,9.55,9.52,0.030000000000001137,,600.0,5785.0,5.0,0.25,2.604166666666667,0.31512605042018005,1157.0,9.641666666666667
2026-05-22T06:15:22+00:00,2026-05-22T12:00:22+05:45,2026-05-22,12:00:22,1779430522,4,6,12,nepse_official,OPEN,2026-05-22,RBCL,Rastriya Beema Company Limited,15000.0,15000.0,15000.0,,15000.0,15000.0,0.0,,5.0,77250.0,1.0,0.0,0.0,0.0,77250.0,15450.0
2026-05-22T06:15:22+00:00,2026-05-22T12:00:22+05:45,2026-05-22,12:00:22,1779430522,4,6,12,nepse_official,OPEN,2026-05-22,RBCLPO,Rastriya Beema Company Limited Promoter Share,12136.4,12136.4,12136.4,,12136.4,12136.4,0.0,,15.0,182046.0,1.0,0.0,0.0,0.0,182046.0,12136.4
2026-05-22T06:15:22+00:00,2026-05-22T12:00:22+05:45,2026-05-22,12:00:22,1779430522,4,6,12,nepse_official,OPEN,2026-05-22,RFPL,River Falls Power Limited,360.0,373.0,360.0,,370.1,372.0,-1.8999999999999773,,330.0,122049.0,14.0,13.0,3.6111111111111107,-0.5107526881720369,8717.785714285714,369.8454545454546
2026-05-22T06:15:22+00:00,2026-05-22T12:00:22+05:45,2026-05-22,12:00:22,1779430522,4,6,12,nepse_official,OPEN,2026-05-22,RHGCL,Rapti Hydro And General Construction Limited,290.0,294.0,288.2,,290.0,289.0,1.0,,1957.0,573372.0,15.0,5.800000000000011,2.000000000000004,0.34602076124567477,38224.8,292.9851814001022
2026-05-22T06:15:22+00:00,2026-05-22T12:00:22+05:45,2026-05-22,12:00:22,1779430522,4,6,12,nepse_official,OPEN,2026-05-22,RHPL,RASUWAGADHI HYDROPOWER COMPANY LIMITED,279.0,279.9,276.1,,276.1,279.0,-2.8999999999999773,,2969.0,821274.8,26.0,3.7999999999999545,1.3620071684587651,-1.0394265232974829,31587.492307692308,276.6166385988549
2026-05-22T06:15:22+00:00,2026-05-22T12:00:22+05:45,2026-05-22,12:00:22,1779430522,4,6,12,nepse_official,OPEN,2026-05-22,RIDI,Ridi Power Company Limited,354.0,363.0,354.0,,358.4,357.0,1.3999999999999773,,111737.0,40214155.3,253.0,9.0,2.5423728813559325,0.3921568627450917,158949.2304347826,359.90008054628277
2026-05-22T06:15:22+00:00,2026-05-22T12:00:22+05:45,2026-05-22,12:00:22,1779430522,4,6,12,nepse_official,OPEN,2026-05-22,RLEL,Ridge Line Energy Limited,985.0,1014.0,975.0,,998.5,999.0,-0.5,,3195.0,3187695.3,74.0,39.0,3.9593908629441623,-0.050050050050050046,43076.96351351351,997.7137089201877
2026-05-22T06:15:22+00:00,2026-05-22T12:00:22+05:45,2026-05-22,12:00:22,1779430522,4,6,12,nepse_official,OPEN,2026-05-22,RLFL,Reliance Finance Ltd.,439.8,439.8,439.8,,439.8,437.9,1.900000000000034,,16.0,6972.0,2.0,0.0,0.0,0.4338890157570299,3486.0,435.75
2026-05-22T06:15:22+00:00,2026-05-22T12:00:22+05:45,2026-05-22,12:00:22,1779430522,4,6,12,nepse_official,OPEN,2026-05-22,RMF1,RBB Mutual Fund 1,9.5,9.78,9.5,,9.78,9.99,-0.21000000000000085,,1100.0,10730.0,2.0,0.27999999999999936,2.9473684210526248,-2.1021021021021107,5365.0,9.754545454545454
2026-05-22T06:15:22+00:00,2026-05-22T12:00:22+05:45,2026-05-22,12:00:22,1779430522,4,6,12,nepse_official,OPEN,2026-05-22,RNLI,Reliable Nepal Life Insurance Limited,461.2,465.8,461.2,,462.0,462.5,-0.5,,401.0,185943.3,25.0,4.600000000000023,0.9973980919340899,-0.10810810810810811,7437.732,463.69900249376553
2026-05-22T06:15:22+00:00,2026-05-22T12:00:22+05:45,2026-05-22,12:00:22,1779430522,4,6,12,nepse_official,OPEN,2026-05-22,RSML,Reliance Spinning Mills Limited,3720.0,3740.0,3683.0,,3709.9,3715.0,-5.099999999999909,,2433.0,9033481.0,96.0,57.0,1.532258064516129,-0.13728129205921694,94098.76041666667,3712.8980682285246
2026-05-22T06:15:22+00:00,2026-05-22T12:00:22+05:45,2026-05-22,12:00:22,1779430522,4,6,12,nepse_official,OPEN,2026-05-22,RSY,Reliable Samriddhi Yojana,9.95,10.12,9.95,,10.03,10.16,-0.13000000000000078,,1500.0,15045.0,7.0,0.16999999999999993,1.7085427135678386,-1.2795275590551258,2149.285714285714,10.03
2026-05-22T06:15:22+00:00,2026-05-22T12:00:22+05:45,2026-05-22,12:00:22,1779430522,4,6,12,nepse_official,OPEN,2026-05-22,RURU,Ru Ru Jalbidhyut Pariyojana Limited,651.1,652.5,651.1,,652.1,660.0,-7.899999999999977,,70.0,45655.0,3.0,1.3999999999999773,0.21502073414221734,-1.1969696969696937,15218.333333333334,652.2142857142857
2026-05-22T06:15:22+00:00,2026-05-22T12:00:22+05:45,2026-05-22,12:00:22,1779430522,4,6,12,nepse_official,OPEN,2026-05-22,SABBL,Salapa Bikas Bank Limited,1220.5,1249.0,1215.2,,1231.0,1220.5,10.5,,1244.0,1543195.2,47.0,33.799999999999955,2.769356820975007,0.8603031544448997,32833.94042553192,1240.5106109324759
2026-05-22T06:15:22+00:00,2026-05-22T12:00:22+05:45,2026-05-22,12:00:22,1779430522,4,6,12,nepse_official,OPEN,2026-05-22,SADBL,Shangrila Development Bank Ltd.,409.5,418.0,409.5,,415.0,414.6,0.39999999999997726,,2710.0,1125133.0,18.0,8.5,2.0757020757020754,0.09647853352628491,62507.38888888889,415.1782287822878
2026-05-22T06:15:22+00:00,2026-05-22T12:00:22+05:45,2026-05-22,12:00:22,1779430522,4,6,12,nepse_official,OPEN,2026-05-22,SAGAR,Sagar Distillery Limited,1670.0,1715.0,1670.0,,1691.0,1675.0,16.0,,933.0,1584352.0,35.0,45.0,2.694610778443114,0.9552238805970149,45267.2,1698.1264737406216
2026-05-22T06:15:22+00:00,2026-05-22T12:00:22+05:45,2026-05-22,12:00:22,1779430522,4,6,12,nepse_official,OPEN,2026-05-22,SAGF,Sanima Growth Fund,10.15,10.15,10.15,,10.15,10.2,-0.049999999999998934,,300.0,3045.0,3.0,0.0,0.0,-0.49019607843136215,1015.0,10.15
2026-05-22T06:15:22+00:00,2026-05-22T12:00:22+05:45,2026-05-22,12:00:22,1779430522,4,6,12,nepse_official,OPEN,2026-05-22,SAHAS,Sahas Urja Limited,659.0,660.0,651.0,,660.0,659.0,1.0,,16940.0,11139678.5,102.0,9.0,1.3657056145675266,0.15174506828528073,109212.5343137255,657.5961334120425
2026-05-22T06:15:22+00:00,2026-05-22T12:00:22+05:45,2026-05-22,12:00:22,1779430522,4,6,12,nepse_official,OPEN,2026-05-22,SAIL,Shreenagar Agritech Industries Limited,1122.3,1140.0,1120.1,,1133.1,1122.3,10.799999999999955,,8480.0,9597604.0,76.0,19.90000000000009,1.773144435534179,0.9623095429029631,126284.26315789473,1131.792924528302
2026-05-22T06:15:22+00:00,2026-05-22T12:00:22+05:45,2026-05-22,12:00:22,1779430522,4,6,12,nepse_official,OPEN,2026-05-22,SANIMA,Sanima Bank Limited,364.4,364.4,360.1,,364.0,362.2,1.8000000000000114,,3444.0,1252240.6,22.0,4.2999999999999545,1.1800219538968042,0.496963003865271,56920.027272727275,363.60063879210225
2026-05-22T06:15:22+00:00,2026-05-22T12:00:22+05:45,2026-05-22,12:00:22,1779430522,4,6,12,nepse_official,OPEN,2026-05-22,SANVI,Sanvi Energy Limited,670.7,735.0,670.7,,730.0,705.9,24.100000000000023,,16459.0,11966490.6,170.0,64.29999999999995,9.586998658118375,3.4140813146338047,70391.12117647058,727.0484598092229
2026-05-22T06:15:22+00:00,2026-05-22T12:00:22+05:45,2026-05-22,12:00:22,1779430522,4,6,12,nepse_official,OPEN,2026-05-22,SAPDBL,Saptakoshi Development Bank Ltd,783.0,804.0,783.0,,795.0,794.5,0.5,,3032.0,2407768.0,29.0,21.0,2.681992337164751,0.06293266205160479,83026.4827586207,794.1187335092349
2026-05-22T06:15:22+00:00,2026-05-22T12:00:22+05:45,2026-05-22,12:00:22,1779430522,4,6,12,nepse_official,OPEN,2026-05-22,SARBTM,Sarbottam Cement Limited,859.9,859.9,850.0,,854.0,853.0,1.0,,790.0,673081.0,7.0,9.899999999999977,1.1512966624026022,0.11723329425556857,96154.42857142857,852.0012658227848
2026-05-22T06:15:22+00:00,2026-05-22T12:00:22+05:45,2026-05-22,12:00:22,1779430522,4,6,12,nepse_official,OPEN,2026-05-22,SBCF,Sunrise Bluechip Fund,9.7,9.7,9.7,,9.7,10.0,-0.3000000000000007,,100.0,970.0,1.0,0.0,0.0,-3.000000000000007,970.0,9.7
2026-05-22T06:15:22+00:00,2026-05-22T12:00:22+05:45,2026-05-22,12:00:22,1779430522,4,6,12,nepse_official,OPEN,2026-05-22,SBID83,10.25% Nepal SBI Bank Debenture 2083,1066.5,1066.5,1051.0,,1065.6,1075.0,-9.400000000000091,,515.0,548677.5,7.0,15.5,1.4533520862634786,-0.8744186046511713,78382.5,1065.393203883495
2026-05-22T06:15:22+00:00,2026-05-22T12:00:22+05:45,2026-05-22,12:00:22,1779430522,4,6,12,nepse_official,OPEN,2026-05-22,SBL,Siddhartha Bank Limited,396.0,398.0,396.0,,397.0,396.0,1.0,,2134.0,847926.0,15.0,2.0,0.5050505050505051,0.25252525252525254,56528.4,397.3411433926898
2026-05-22T06:15:22+00:00,2026-05-22T12:00:22+05:45,2026-05-22,12:00:22,1779430522,4,6,12,nepse_official,OPEN,2026-05-22,SBLD2091,7.25% SBL Debenture 2091,1056.1,1056.1,1056.1,,1056.1,1086.0,-29.90000000000009,,25.0,26402.5,1.0,0.0,0.0,-2.7532228360957727,26402.5,1056.1
2026-05-22T06:15:22+00:00,2026-05-22T12:00:22+05:45,2026-05-22,12:00:22,1779430522,4,6,12,nepse_official,OPEN,2026-05-22,SCB,Standard Chartered Bank Limited,653.5,660.0,648.0,,648.0,650.0,-2.0,,291.0,190850.4,8.0,12.0,1.8362662586074983,-0.3076923076923077,23856.3,655.8432989690722
2026-05-22T06:15:22+00:00,2026-05-22T12:00:22+05:45,2026-05-22,12:00:22,1779430522,4,6,12,nepse_official,OPEN,2026-05-22,SEF,Siddhartha Equity Fund,10.1,10.1,10.1,,10.1,10.0,0.09999999999999964,,800.0,8080.0,1.0,0.0,0.0,0.9999999999999963,8080.0,10.1
2026-05-22T06:15:22+00:00,2026-05-22T12:00:22+05:45,2026-05-22,12:00:22,1779430522,4,6,12,nepse_official,OPEN,2026-05-22,SFCL,Samriddhi Finance Company Limited,367.1,367.1,366.0,,366.0,373.1,-7.100000000000023,,250.0,91646.0,4.0,1.1000000000000227,0.2996458730591181,-1.902975073706787,22911.5,366.584
2026-05-22T06:15:22+00:00,2026-05-22T12:00:22+05:45,2026-05-22,12:00:22,1779430522,4,6,12,nepse_official,OPEN,2026-05-22,SFEF,Sunrise Focused Equity Fund,10.27,10.27,10.11,,10.12,10.27,-0.15000000000000036,,500.0,5104.0,4.0,0.16000000000000014,1.5579357351509264,-1.4605647517039957,1276.0,10.208
2026-05-22T06:15:22+00:00,2026-05-22T12:00:22+05:45,2026-05-22,12:00:22,1779430522,4,6,12,nepse_official,OPEN,2026-05-22,SFMF,Sunrise First Mutual Fund,10.01,10.01,10.01,,10.01,10.1,-0.08999999999999986,,500.0,5005.0,1.0,0.0,0.0,-0.8910891089108898,5005.0,10.01
2026-05-22T06:15:22+00:00,2026-05-22T12:00:22+05:45,2026-05-22,12:00:22,1779430522,4,6,12,nepse_official,OPEN,2026-05-22,SGHC,Swet-Ganga Hydropower & Construction Limited ,367.0,367.0,362.7,,363.1,367.0,-3.8999999999999773,,70.0,25530.0,7.0,4.300000000000011,1.1716621253406025,-1.0626702997275144,3647.1428571428573,364.7142857142857
2026-05-22T06:15:22+00:00,2026-05-22T12:00:22+05:45,2026-05-22,12:00:22,1779430522,4,6,12,nepse_official,OPEN,2026-05-22,SGIC,Sanima GIC Insurance Limited,466.0,466.0,457.0,,457.4,462.0,-4.600000000000023,,160.0,73719.0,11.0,9.0,1.9313304721030045,-0.9956709956710006,6701.727272727273,460.74375
2026-05-22T06:15:22+00:00,2026-05-22T12:00:22+05:45,2026-05-22,12:00:22,1779430522,4,6,12,nepse_official,OPEN,2026-05-22,SHEL,Singati Hydro Energy Limited,313.0,316.5,313.0,,315.0,314.0,1.0,,4905.0,1546028.0,25.0,3.5,1.1182108626198082,0.3184713375796179,61841.12,315.1942915392457
2026-05-22T06:15:22+00:00,2026-05-22T12:00:22+05:45,2026-05-22,12:00:22,1779430522,4,6,12,nepse_official,OPEN,2026-05-22,SHINE,Shine Resunga Development Bank Ltd.,412.0,413.0,410.0,,412.0,412.9,-0.8999999999999773,,569.0,233877.0,10.0,3.0,0.7281553398058253,-0.21797045289415773,23387.7,411.03163444639716
2026-05-22T06:15:22+00:00,2026-05-22T12:00:22+05:45,2026-05-22,12:00:22,1779430522,4,6,12,nepse_official,OPEN,2026-05-22,SHIVM,SHIVAM CEMENTS LTD,680.4,683.5,679.0,,679.0,680.4,-1.3999999999999773,,11877.0,8088190.5,66.0,4.5,0.6613756613756614,-0.20576131687242466,122548.34090909091,680.9960848699167
2026-05-22T06:15:22+00:00,2026-05-22T12:00:22+05:45,2026-05-22,12:00:22,1779430522,4,6,12,nepse_official,OPEN,2026-05-22,SHL,Soaltee Hotel Limited,500.0,504.0,498.0,,498.0,499.0,-1.0,,678.0,338574.2,7.0,6.0,1.2,-0.2004008016032064,48367.74285714286,499.37197640117995
2026-05-22T06:15:22+00:00,2026-05-22T12:00:22+05:45,2026-05-22,12:00:22,1779430522,4,6,12,nepse_official,OPEN,2026-05-22,SHPC,Sanima Mai Hydropower Ltd.,521.0,528.0,521.0,,525.0,521.0,4.0,,1696.0,892678.0,9.0,7.0,1.3435700575815739,0.7677543186180422,99186.44444444444,526.3431603773585
2026-05-22T06:15:22+00:00,2026-05-22T12:00:22+05:45,2026-05-22,12:00:22,1779430522,4,6,12,nepse_official,OPEN,2026-05-22,SICL,Shikhar Insurance Co. Ltd.,620.0,621.0,608.1,,610.2,616.7,-6.5,,2010.0,1244684.8,21.0,12.899999999999977,2.080645161290319,-1.053997081238852,59270.704761904766,619.2461691542288
2026-05-22T06:15:22+00:00,2026-05-22T12:00:22+05:45,2026-05-22,12:00:22,1779430522,4,6,12,nepse_official,OPEN,2026-05-22,SIGS3,Siddhartha Investment Growth Scheme 3,10.61,10.61,10.61,,10.61,10.76,-0.15000000000000036,,200.0,2122.0,2.0,0.0,0.0,-1.3940520446096687,1061.0,10.61
2026-05-22T06:15:22+00:00,2026-05-22T12:00:22+05:45,2026-05-22,12:00:22,1779430522,4,6,12,nepse_official,OPEN,2026-05-22,SIKLES,Sikles Hydropower Limited,587.1,598.9,587.1,,598.9,592.0,6.899999999999977,,1051.0,627448.2,6.0,11.799999999999955,2.0098790665985273,1.1655405405405366,104574.7,597.0011417697431
2026-05-22T06:15:22+00:00,2026-05-22T12:00:22+05:45,2026-05-22,12:00:22,1779430522,4,6,12,nepse_official,OPEN,2026-05-22,SINDU,Sindhu Bikash Bank Ltd,700.0,720.9,700.0,,717.0,717.9,-0.8999999999999773,,370.0,265753.5,14.0,20.899999999999977,2.9857142857142827,-0.12536564981194837,18982.39285714286,718.2527027027027
2026-05-22T06:15:22+00:00,2026-05-22T12:00:22+05:45,2026-05-22,12:00:22,1779430522,4,6,12,nepse_official,OPEN,2026-05-22,SIPD,Shikhar power Development Limited,765.0,822.0,765.0,,790.2,799.0,-8.799999999999955,,4387.0,3482773.2,124.0,57.0,7.450980392156863,-1.1013767209011207,28086.88064516129,793.8849327558696
2026-05-22T06:15:22+00:00,2026-05-22T12:00:22+05:45,2026-05-22,12:00:22,1779430522,4,6,12,nepse_official,OPEN,2026-05-22,SJCL,SANJEN JALAVIDHYUT COMPANY LIMITED,305.5,305.5,302.4,,302.5,305.5,-3.0,,459.0,139791.5,10.0,3.1000000000000227,1.014729950900171,-0.9819967266775778,13979.15,304.5566448801743
2026-05-22T06:15:22+00:00,2026-05-22T12:00:22+05:45,2026-05-22,12:00:22,1779430522,4,6,12,nepse_official,OPEN,2026-05-22,SJLIC,SuryaJyoti Life Insurance Company Limited,433.0,433.0,430.0,,433.0,433.0,0.0,,1343.0,581479.0,18.0,3.0,0.6928406466512702,0.0,32304.38888888889,432.97021593447505
2026-05-22T06:15:22+00:00,2026-05-22T12:00:22+05:45,2026-05-22,12:00:22,1779430522,4,6,12,nepse_official,OPEN,2026-05-22,SKBBL,Sana Kisan Bikas Laghubitta Bittiya Sanstha Limited,765.0,773.0,765.0,,766.0,765.0,1.0,,90.0,69270.0,4.0,8.0,1.045751633986928,0.130718954248366,17317.5,769.6666666666666
2026-05-22T06:15:22+00:00,2026-05-22T12:00:22+05:45,2026-05-22,12:00:22,1779430522,4,6,12,nepse_official,OPEN,2026-05-22,SKHEL,Suryakunda Hydro Electric Limited,1240.0,1270.0,1240.0,,1256.1,1254.0,2.099999999999909,,315.0,396489.0,26.0,30.0,2.4193548387096775,0.16746411483252863,15249.576923076924,1258.695238095238
2026-05-22T06:15:22+00:00,2026-05-22T12:00:22+05:45,2026-05-22,12:00:22,1779430522,4,6,12,nepse_official,OPEN,2026-05-22,SKHL,Super Khudi Hydropower Limited,890.0,901.8,878.0,,895.4,890.0,5.399999999999977,,3310.0,2976459.0,69.0,23.799999999999955,2.6741573033707815,0.6067415730337054,43137.086956521736,899.232326283988
2026-05-22T06:15:22+00:00,2026-05-22T12:00:22+05:45,2026-05-22,12:00:22,1779430522,4,6,12,nepse_official,OPEN,2026-05-22,SLBBL,Swarojgar Laghubitta Bittiya Sanstha Ltd.,820.0,820.0,818.0,,818.0,817.2,0.7999999999999545,,203.0,166362.0,6.0,2.0,0.24390243902439024,0.09789525208026854,27727.0,819.5172413793103
2026-05-22T06:15:22+00:00,2026-05-22T12:00:22+05:45,2026-05-22,12:00:22,1779430522,4,6,12,nepse_official,OPEN,2026-05-22,SLBSL,Samudayik Laghubitta Bittiya Sanstha Limited,1204.9,1204.9,1204.9,,1204.9,1186.0,18.90000000000009,,59.0,71089.1,1.0,0.0,0.0,1.593591905564932,71089.1,1204.9
2026-05-22T06:15:22+00:00,2026-05-22T12:00:22+05:45,2026-05-22,12:00:22,1779430522,4,6,12,nepse_official,OPEN,2026-05-22,SLCF,Sanima Large Cap Fund,10.0,10.0,10.0,,10.0,10.13,-0.13000000000000078,,100.0,1000.0,1.0,0.0,0.0,-1.283316880552821,1000.0,10.0
2026-05-22T06:15:22+00:00,2026-05-22T12:00:22+05:45,2026-05-22,12:00:22,1779430522,4,6,12,nepse_official,OPEN,2026-05-22,SMATA,Samata Gharelu Laghubitta Bittiya Sanstha Limited,768.9,769.0,756.0,,767.6,768.0,-0.39999999999997726,,668.0,510677.0,13.0,13.0,1.6907270126154246,-0.05208333333333037,39282.846153846156,764.4865269461078
2026-05-22T06:15:22+00:00,2026-05-22T12:00:22+05:45,2026-05-22,12:00:22,1779430522,4,6,12,nepse_official,OPEN,2026-05-22,SMB,Support Microfinance Bittiya Sanstha Ltd.,1740.0,1745.0,1740.0,,1745.0,1737.1,7.900000000000091,,62.0,108075.0,4.0,5.0,0.28735632183908044,0.45478095676703073,27018.75,1743.1451612903227
2026-05-22T06:15:22+00:00,2026-05-22T12:00:22+05:45,2026-05-22,12:00:22,1779430522,4,6,12,nepse_official,OPEN,2026-05-22,SMFBS,Swabhimaan Laghubitta Bittiya Sanstha Limited,1525.0,1525.0,1525.0,,1525.0,1570.0,-45.0,,15.0,22875.0,2.0,0.0,0.0,-2.8662420382165608,11437.5,1525.0
2026-05-22T06:15:22+00:00,2026-05-22T12:00:22+05:45,2026-05-22,12:00:22,1779430522,4,6,12,nepse_official,OPEN,2026-05-22,SMH,Super Mai Hydropower Limited,600.0,600.0,575.0,,594.0,588.4,5.600000000000023,,700.0,412909.7,17.0,25.0,4.166666666666666,0.9517335146159114,24288.805882352943,589.871
2026-05-22T06:15:22+00:00,2026-05-22T12:00:22+05:45,2026-05-22,12:00:22,1779430522,4,6,12,nepse_official,OPEN,2026-05-22,SMHL,Super Madi Hydropower Limited,497.0,500.0,496.0,,496.2,495.0,1.1999999999999886,,2665.0,1323668.6,29.0,4.0,0.8048289738430584,0.24242424242424013,45643.74482758621,496.6861538461539
2026-05-22T06:15:22+00:00,2026-05-22T12:00:22+05:45,2026-05-22,12:00:22,1779430522,4,6,12,nepse_official,OPEN,2026-05-22,SMJC,Sagarmatha Jalabidhyut Company Limited,460.8,487.0,460.8,,480.0,485.0,-5.0,,9433.0,4569729.2,64.0,26.19999999999999,5.685763888888886,-1.0309278350515463,71402.01875,484.44070815223154
2026-05-22T06:15:22+00:00,2026-05-22T12:00:22+05:45,2026-05-22,12:00:22,1779430522,4,6,12,nepse_official,OPEN,2026-05-22,SMPDA,Sampada Laghubitta Bittiya Sanstha Limited,855.0,855.0,835.0,,835.0,837.7,-2.7000000000000455,,3110.0,2598050.0,4.0,20.0,2.3391812865497075,-0.32231108988898716,649512.5,835.3858520900321
2026-05-22T06:15:22+00:00,2026-05-22T12:00:22+05:45,2026-05-22,12:00:22,1779430522,4,6,12,nepse_official,OPEN,2026-05-22,SNLI,Sun Nepal Life Insurance Company Limited,450.0,450.0,443.0,,446.2,449.8,-3.6000000000000227,,360.0,160667.7,29.0,7.0,1.5555555555555556,-0.8003557136505165,5540.26551724138,446.2991666666667
2026-05-22T06:15:22+00:00,2026-05-22T12:00:22+05:45,2026-05-22,12:00:22,1779430522,4,6,12,nepse_official,OPEN,2026-05-22,SOHL,Solu Hydropower Limited,700.0,700.0,675.1,,683.1,685.0,-1.8999999999999773,,9356.0,6399800.4,233.0,24.899999999999977,3.557142857142854,-0.2773722627737193,27466.95450643777,684.0316802052159
2026-05-22T06:15:22+00:00,2026-05-22T12:00:22+05:45,2026-05-22,12:00:22,1779430522,4,6,12,nepse_official,OPEN,2026-05-22,SONA,Sonapur Minerals And Oil Limited,472.5,472.5,445.0,,449.5,450.0,-0.5,,6130.0,2854293.0,55.0,27.5,5.82010582010582,-0.1111111111111111,51896.236363636366,465.62691680261014
2026-05-22T06:15:22+00:00,2026-05-22T12:00:22+05:45,2026-05-22,12:00:22,1779430522,4,6,12,nepse_official,OPEN,2026-05-22,SPC,Samling Power Company Limited,455.0,455.0,455.0,,455.0,457.2,-2.1999999999999886,,1190.0,541450.0,9.0,0.0,0.0,-0.481189851268589,60161.11111111111,455.0
2026-05-22T06:15:22+00:00,2026-05-22T12:00:22+05:45,2026-05-22,12:00:22,1779430522,4,6,12,nepse_official,OPEN,2026-05-22,SPDL,Synergy Power Development Ltd.,410.0,410.0,401.4,,401.6,407.6,-6.0,,1501.0,603238.6,28.0,8.600000000000023,2.097560975609762,-1.4720314033366044,21544.235714285714,401.89113924050633
2026-05-22T06:15:22+00:00,2026-05-22T12:00:22+05:45,2026-05-22,12:00:22,1779430522,4,6,12,nepse_official,OPEN,2026-05-22,SPHL,Sayapatri Hydropower Limited,500.1,517.9,500.1,,517.9,515.0,2.8999999999999773,,3065.0,1553802.5,10.0,17.799999999999955,3.559288142371517,0.5631067961165004,155380.25,506.95024469820555
2026-05-22T06:15:22+00:00,2026-05-22T12:00:22+05:45,2026-05-22,12:00:22,1779430522,4,6,12,nepse_official,OPEN,2026-05-22,SPIL,Siddhartha Premier Insurance Limited,701.0,701.0,698.0,,698.0,701.0,-3.0,,95.0,66355.0,4.0,3.0,0.42796005706134094,-0.42796005706134094,16588.75,698.4736842105264
2026-05-22T06:15:22+00:00,2026-05-22T12:00:22+05:45,2026-05-22,12:00:22,1779430522,4,6,12,nepse_official,OPEN,2026-05-22,SRLI,Sanima Reliance Life Insurance Limited,388.0,390.0,388.0,,388.1,391.0,-2.8999999999999773,,534.0,207590.2,13.0,2.0,0.5154639175257731,-0.741687979539636,15968.476923076923,388.7456928838952
2026-05-22T06:15:22+00:00,2026-05-22T12:00:22+05:45,2026-05-22,12:00:22,1779430522,4,6,12,nepse_official,OPEN,2026-05-22,SSHL,Shiva Shree Hydropower Ltd,216.0,217.9,214.0,,217.1,216.4,0.6999999999999886,,25373.0,5496272.6,72.0,3.9000000000000057,1.8055555555555582,0.3234750462107156,76337.11944444444,216.61894927679026
2026-05-22T06:15:22+00:00,2026-05-22T12:00:22+05:45,2026-05-22,12:00:22,1779430522,4,6,12,nepse_official,OPEN,2026-05-22,STC,Salt Trading Corporation,5960.0,5995.0,5860.0,,5860.0,5960.0,-100.0,,81.0,478649.0,4.0,135.0,2.2651006711409396,-1.6778523489932886,119662.25,5909.246913580247
2026-05-22T06:15:22+00:00,2026-05-22T12:00:22+05:45,2026-05-22,12:00:22,1779430522,4,6,12,nepse_official,OPEN,2026-05-22,SWASTIK,Swastik Laghubitta Bittiya Sanstha Limited,2360.1,2360.1,2300.1,,2300.1,2362.3,-62.20000000000027,,302.0,706908.8,12.0,60.0,2.5422651582560065,-2.63302713457225,58909.06666666667,2340.75761589404
2026-05-22T06:15:22+00:00,2026-05-22T12:00:22+05:45,2026-05-22,12:00:22,1779430522,4,6,12,nepse_official,OPEN,2026-05-22,SWBBL,Swabalamban Laghubitta Bittiya Sanstha Limited,749.9,751.9,729.4,,731.3,745.9,-14.600000000000023,,171.0,125827.5,9.0,22.5,3.0004000533404453,-1.9573669392680015,13980.833333333334,735.8333333333334
2026-05-22T06:15:22+00:00,2026-05-22T12:00:22+05:45,2026-05-22,12:00:22,1779430522,4,6,12,nepse_official,OPEN,2026-05-22,SWMF,Suryodaya Womi Laghubitta Bittiya Sanstha Limited,668.0,668.0,668.0,,668.0,665.0,3.0,,200.0,133600.0,4.0,0.0,0.0,0.4511278195488722,33400.0,668.0
2026-05-22T06:15:22+00:00,2026-05-22T12:00:22+05:45,2026-05-22,12:00:22,1779430522,4,6,12,nepse_official,OPEN,2026-05-22,SYPNL,SY Panel Nepal Limited,1485.0,1494.9,1475.5,,1485.0,1485.0,0.0,,6006.0,8935799.5,77.0,19.40000000000009,1.3063973063973124,0.0,116049.34415584416,1487.8121045621047
2026-05-22T06:15:22+00:00,2026-05-22T12:00:22+05:45,2026-05-22,12:00:22,1779430522,4,6,12,nepse_official,OPEN,2026-05-22,TAMOR,Sanima Middle Tamor Hydropower Limited,444.1,449.9,444.0,,448.0,449.0,-1.0,,1080.0,481475.0,17.0,5.899999999999977,1.3285296104480921,-0.22271714922048996,28322.058823529413,445.81018518518516
2026-05-22T06:15:22+00:00,2026-05-22T12:00:22+05:45,2026-05-22,12:00:22,1779430522,4,6,12,nepse_official,OPEN,2026-05-22,TPC,Terhathum Power Company Limited,378.0,378.9,374.0,,378.0,377.0,1.0,,300.0,113291.0,5.0,4.899999999999977,1.2962962962962903,0.2652519893899204,22658.2,377.63666666666666
2026-05-22T06:15:22+00:00,2026-05-22T12:00:22+05:45,2026-05-22,12:00:22,1779430522,4,6,12,nepse_official,OPEN,2026-05-22,TRH,Taragaon Regency Hotel Limited,750.0,750.0,750.0,,750.0,752.6,-2.6000000000000227,,580.0,435000.0,3.0,0.0,0.0,-0.34546904065905165,145000.0,750.0
2026-05-22T06:15:22+00:00,2026-05-22T12:00:22+05:45,2026-05-22,12:00:22,1779430522,4,6,12,nepse_official,OPEN,2026-05-22,TSHL,Three Star Hydropower Limited,571.0,571.0,541.0,,543.0,556.0,-13.0,,165.0,89907.0,5.0,30.0,5.253940455341506,-2.338129496402878,17981.4,544.8909090909091
2026-05-22T06:15:22+00:00,2026-05-22T12:00:22+05:45,2026-05-22,12:00:22,1779430522,4,6,12,nepse_official,OPEN,2026-05-22,TTL,Trade Tower Limited,810.0,839.5,810.0,,835.0,819.0,16.0,,9528.0,7948254.7,123.0,29.5,3.641975308641975,1.9536019536019535,64619.956910569104,834.1996956339211
2026-05-22T06:15:22+00:00,2026-05-22T12:00:22+05:45,2026-05-22,12:00:22,1779430522,4,6,12,nepse_official,OPEN,2026-05-22,TVCL,Trishuli Jal Vidhyut Company Limited ,513.0,530.0,513.0,,515.0,515.0,0.0,,1790.0,924675.0,13.0,17.0,3.313840155945419,0.0,71128.84615384616,516.5782122905028
2026-05-22T06:15:22+00:00,2026-05-22T12:00:22+05:45,2026-05-22,12:00:22,1779430522,4,6,12,nepse_official,OPEN,2026-05-22,UAIL,United Ajod Insurance Limited,443.8,443.8,440.0,,440.0,443.9,-3.8999999999999773,,2870.0,1263200.0,7.0,3.8000000000000114,0.856241550247862,-0.878576255913489,180457.14285714287,440.13937282229966
2026-05-22T06:15:22+00:00,2026-05-22T12:00:22+05:45,2026-05-22,12:00:22,1779430522,4,6,12,nepse_official,OPEN,2026-05-22,UHEWA,Upper Hewakhola Hydropower Company Limited,570.0,571.0,570.0,,571.0,576.2,-5.2000000000000455,,68.0,38817.0,2.0,1.0,0.17543859649122806,-0.902464422075676,19408.5,570.8382352941177
2026-05-22T06:15:22+00:00,2026-05-22T12:00:22+05:45,2026-05-22,12:00:22,1779430522,4,6,12,nepse_official,OPEN,2026-05-22,ULBSL,Upakar Laghubitta Bittiya Sanstha Limited,2810.0,3037.0,2810.0,,2820.0,2919.0,-99.0,,109.0,314978.0,9.0,227.0,8.07829181494662,-3.391572456320658,34997.555555555555,2889.706422018349
2026-05-22T06:15:22+00:00,2026-05-22T12:00:22+05:45,2026-05-22,12:00:22,1779430522,4,6,12,nepse_official,OPEN,2026-05-22,ULHC,Upper Lohore Khola Hydropower Company Limited,476.0,488.0,475.0,,478.2,477.3,0.8999999999999773,,2251.0,1079177.5,26.0,13.0,2.73109243697479,0.18856065367692798,41506.82692307692,479.4213682807641
2026-05-22T06:15:22+00:00,2026-05-22T12:00:22+05:45,2026-05-22,12:00:22,1779430522,4,6,12,nepse_official,OPEN,2026-05-22,UMHL,United Modi Hydropower Ltd.,568.8,568.8,551.0,,556.7,566.0,-9.299999999999955,,3048.0,1701340.05,14.0,17.799999999999955,3.1293952180028053,-1.6431095406360345,121524.28928571429,558.1824311023622
2026-05-22T06:15:22+00:00,2026-05-22T12:00:22+05:45,2026-05-22,12:00:22,1779430522,4,6,12,nepse_official,OPEN,2026-05-22,UMRH,United IDI Mardi RB Hydropower Limited.,541.0,541.0,535.0,,535.0,541.9,-6.899999999999977,,2290.0,1228880.6,13.0,6.0,1.1090573012939002,-1.2732976563941645,94529.27692307693,536.6290829694324
2026-05-22T06:15:22+00:00,2026-05-22T12:00:22+05:45,2026-05-22,12:00:22,1779430522,4,6,12,nepse_official,OPEN,2026-05-22,UNHPL,Union Hydropower Limited,408.0,439.0,408.0,,428.0,429.0,-1.0,,7318.0,3175562.1,58.0,31.0,7.598039215686274,-0.2331002331002331,54751.07068965517,433.9385214539492
2026-05-22T06:15:22+00:00,2026-05-22T12:00:22+05:45,2026-05-22,12:00:22,1779430522,4,6,12,nepse_official,OPEN,2026-05-22,UNLB,Unique Nepal Laghubitta Bittiya Sanstha Limited,1400.0,1400.0,1350.0,,1350.0,1425.0,-75.0,,525.0,716965.0,16.0,50.0,3.571428571428571,-5.263157894736842,44810.3125,1365.647619047619
2026-05-22T06:15:22+00:00,2026-05-22T12:00:22+05:45,2026-05-22,12:00:22,1779430522,4,6,12,nepse_official,OPEN,2026-05-22,UPCL,UNIVERSAL POWER COMPANY LTD,369.1,371.9,365.0,,365.0,368.7,-3.6999999999999886,,15695.0,5769951.3,46.0,6.899999999999977,1.8694120834462142,-1.0035259018171925,125433.72391304348,367.6299012424339
2026-05-22T06:15:22+00:00,2026-05-22T12:00:22+05:45,2026-05-22,12:00:22,1779430522,4,6,12,nepse_official,OPEN,2026-05-22,UPPER,Upper Tamakoshi Hydropower Ltd,204.0,206.9,203.0,,204.2,204.5,-0.30000000000001137,,8752.0,1788429.7,68.0,3.9000000000000057,1.911764705882356,-0.14669926650367304,26300.436764705883,204.34525822669104
2026-05-22T06:15:22+00:00,2026-05-22T12:00:22+05:45,2026-05-22,12:00:22,1779430522,4,6,12,nepse_official,OPEN,2026-05-22,USHEC,Upper Solu Hydro Electric Company Limited,490.4,505.0,490.4,,498.0,503.0,-5.0,,5523.0,2767195.0,30.0,14.600000000000023,2.9771615008156656,-0.9940357852882704,92239.83333333333,501.03114249502084
2026-05-22T06:15:22+00:00,2026-05-22T12:00:22+05:45,2026-05-22,12:00:22,1779430522,4,6,12,nepse_official,OPEN,2026-05-22,USHL,Upper Syange Hydropower Limited,615.0,634.0,615.0,,619.0,633.5,-14.5,,940.0,583330.0,8.0,19.0,3.089430894308943,-2.2888713496448303,72916.25,620.563829787234
2026-05-22T06:15:22+00:00,2026-05-22T12:00:22+05:45,2026-05-22,12:00:22,1779430522,4,6,12,nepse_official,OPEN,2026-05-22,USLB,Unnati Sahakarya Laghubitta Bittiya Sanstha Limited,1248.0,1248.0,1248.0,,1248.0,1248.0,0.0,,10.0,12480.0,1.0,0.0,0.0,0.0,12480.0,1248.0
2026-05-22T06:15:22+00:00,2026-05-22T12:00:22+05:45,2026-05-22,12:00:22,1779430522,4,6,12,nepse_official,OPEN,2026-05-22,VLBS,Vijaya laghubitta Bittiya Sanstha Ltd.,675.5,679.0,675.5,,678.1,683.0,-4.899999999999977,,200.0,135596.0,14.0,3.5,0.5181347150259068,-0.7174231332357215,9685.42857142857,677.98
2026-05-22T06:15:22+00:00,2026-05-22T12:00:22+05:45,2026-05-22,12:00:22,1779430522,4,6,12,nepse_official,OPEN,2026-05-22,VLUCL,Vision Lumbini Urja Company Limited ,488.0,489.0,488.0,,489.0,501.5,-12.5,,30.0,14652.0,3.0,1.0,0.20491803278688525,-2.4925224327018944,4884.0,488.4
2026-05-22T06:15:22+00:00,2026-05-22T12:00:22+05:45,2026-05-22,12:00:22,1779430522,4,6,12,nepse_official,OPEN,2026-05-22,WNLB,Wean Nepal Laghubitta Bittiya Sanstha Limited,1485.0,1485.0,1485.0,,1485.0,1454.1,30.90000000000009,,10.0,14850.0,1.0,0.0,0.0,2.1250257891479327,14850.0,1485.0
