scraped_at_utc,scraped_at_npt,npt_date,npt_time,scraped_epoch,weekday,hour_utc,hour_npt,price_source,is_market_open,business_date,symbol,security_name,open_price,high_price,low_price,close_price,last_traded_price,previous_closing_price,point_change,percentage_change,total_traded_quantity,total_traded_value,total_trades,intraday_range,intraday_range_pct_of_open,return_from_prev_close_pct,turnover_per_trade,vwap_proxy
2026-05-25T05:15:27+00:00,2026-05-25T11:00:27+05:45,2026-05-25,11:00:27,1779686127,0,5,11,nepse_official,OPEN,2026-05-25,AHL,Asian Hydropower Limited,505.0,505.0,505.0,,505.0,515.0,-10.0,,10.0,5050.0,1.0,0.0,0.0,-1.9417475728155338,5050.0,505.0
2026-05-25T05:15:27+00:00,2026-05-25T11:00:27+05:45,2026-05-25,11:00:27,1779686127,0,5,11,nepse_official,OPEN,2026-05-25,AHPC,Arun Valley Hydropower Development Co. Ltd.,275.0,275.0,275.0,,275.0,284.0,-9.0,,10.0,2750.0,1.0,0.0,0.0,-3.169014084507042,2750.0,275.0
2026-05-25T05:15:27+00:00,2026-05-25T11:00:27+05:45,2026-05-25,11:00:27,1779686127,0,5,11,nepse_official,OPEN,2026-05-25,AKJCL,Ankhu Khola Jalvidhyut Company Ltd,402.0,402.0,402.0,,402.0,402.0,0.0,,10.0,4020.0,1.0,0.0,0.0,0.0,4020.0,402.0
2026-05-25T05:15:27+00:00,2026-05-25T11:00:27+05:45,2026-05-25,11:00:27,1779686127,0,5,11,nepse_official,OPEN,2026-05-25,AKPL,Arun Kabeli Power Ltd.,275.0,275.0,275.0,,275.0,274.5,0.5,,720.0,198000.0,6.0,0.0,0.0,0.18214936247723132,33000.0,275.0
2026-05-25T05:15:27+00:00,2026-05-25T11:00:27+05:45,2026-05-25,11:00:27,1779686127,0,5,11,nepse_official,OPEN,2026-05-25,AVYAN,Aviyan Laghubitta Bittiya Sanstha Limited,1082.1,1082.1,1082.1,,1082.1,1139.0,-56.90000000000009,,10.0,10821.0,1.0,0.0,0.0,-4.995610184372264,10821.0,1082.1
2026-05-25T05:15:27+00:00,2026-05-25T11:00:27+05:45,2026-05-25,11:00:27,1779686127,0,5,11,nepse_official,OPEN,2026-05-25,BANDIPUR,Bandipur Cablecar and Tourism Limited,910.0,910.0,910.0,,910.0,875.9,34.10000000000002,,10.0,9100.0,1.0,0.0,0.0,3.8931384861285565,9100.0,910.0
2026-05-25T05:15:27+00:00,2026-05-25T11:00:27+05:45,2026-05-25,11:00:27,1779686127,0,5,11,nepse_official,OPEN,2026-05-25,BEDC,Bhugol Energy Development Company Limited,395.7,395.7,395.7,,395.7,376.9,18.80000000000001,,10.0,3957.0,1.0,0.0,0.0,4.988060493499606,3957.0,395.7
2026-05-25T05:15:27+00:00,2026-05-25T11:00:27+05:45,2026-05-25,11:00:27,1779686127,0,5,11,nepse_official,OPEN,2026-05-25,BHCL,Bikash Hydropower Company Limited,566.0,566.0,566.0,,566.0,566.0,0.0,,10.0,5660.0,1.0,0.0,0.0,0.0,5660.0,566.0
2026-05-25T05:15:27+00:00,2026-05-25T11:00:27+05:45,2026-05-25,11:00:27,1779686127,0,5,11,nepse_official,OPEN,2026-05-25,BHL,Balephi Hydropower Limited,237.0,237.0,237.0,,237.0,226.0,11.0,,10.0,2370.0,1.0,0.0,0.0,4.867256637168142,2370.0,237.0
2026-05-25T05:15:27+00:00,2026-05-25T11:00:27+05:45,2026-05-25,11:00:27,1779686127,0,5,11,nepse_official,OPEN,2026-05-25,BUNGAL,Bungal Hydro Limited,773.3,773.3,773.3,,773.3,814.0,-40.700000000000045,,11.0,8506.3,1.0,0.0,0.0,-5.000000000000006,8506.3,773.3
2026-05-25T05:15:27+00:00,2026-05-25T11:00:27+05:45,2026-05-25,11:00:27,1779686127,0,5,11,nepse_official,OPEN,2026-05-25,CHDC,CEDB Holdings Limited,2300.0,2300.0,2300.0,,2300.0,2300.0,0.0,,10.0,23000.0,1.0,0.0,0.0,0.0,23000.0,2300.0
2026-05-25T05:15:27+00:00,2026-05-25T11:00:27+05:45,2026-05-25,11:00:27,1779686127,0,5,11,nepse_official,OPEN,2026-05-25,CREST,Crest Micro Life Insurance Limited,1252.1,1252.1,1252.1,,1252.1,1318.0,-65.90000000000009,,1333.0,1669049.3,16.0,0.0,0.0,-5.000000000000007,104315.58125,1252.1000000000001
2026-05-25T05:15:27+00:00,2026-05-25T11:00:27+05:45,2026-05-25,11:00:27,1779686127,0,5,11,nepse_official,OPEN,2026-05-25,CZBIL,Citizens Bank International Limited,197.2,197.2,197.2,,197.2,207.5,-10.300000000000011,,10.0,1972.0,1.0,0.0,0.0,-4.963855421686753,1972.0,197.2
2026-05-25T05:15:27+00:00,2026-05-25T11:00:27+05:45,2026-05-25,11:00:27,1779686127,0,5,11,nepse_official,OPEN,2026-05-25,DHEL,Daramkhola Hydro Energy Limited,650.0,650.0,650.0,,650.0,668.1,-18.100000000000023,,50.0,32500.0,1.0,0.0,0.0,-2.7091752731627032,32500.0,650.0
2026-05-25T05:15:27+00:00,2026-05-25T11:00:27+05:45,2026-05-25,11:00:27,1779686127,0,5,11,nepse_official,OPEN,2026-05-25,DOLTI,Dolti Power Company Limited,341.0,341.0,341.0,,341.0,358.9,-17.899999999999977,,10.0,3410.0,1.0,0.0,0.0,-4.98746168849261,3410.0,341.0
2026-05-25T05:15:27+00:00,2026-05-25T11:00:27+05:45,2026-05-25,11:00:27,1779686127,0,5,11,nepse_official,OPEN,2026-05-25,GRDBL,Green Development Bank Ltd.,1061.1,1061.1,1061.1,,1061.1,1110.0,-48.90000000000009,,10.0,10611.0,1.0,0.0,0.0,-4.405405405405414,10611.0,1061.1
2026-05-25T05:15:27+00:00,2026-05-25T11:00:27+05:45,2026-05-25,11:00:27,1779686127,0,5,11,nepse_official,OPEN,2026-05-25,GUFL,Gurkhas Finance Ltd.,520.0,520.0,520.0,,520.0,535.0,-15.0,,10.0,5200.0,1.0,0.0,0.0,-2.803738317757009,5200.0,520.0
2026-05-25T05:15:27+00:00,2026-05-25T11:00:27+05:45,2026-05-25,11:00:27,1779686127,0,5,11,nepse_official,OPEN,2026-05-25,HFIN,Hotel Forest Inn Limited,985.0,985.0,985.0,,985.0,1000.0,-15.0,,60.0,59100.0,3.0,0.0,0.0,-1.5,19700.0,985.0
2026-05-25T05:15:27+00:00,2026-05-25T11:00:27+05:45,2026-05-25,11:00:27,1779686127,0,5,11,nepse_official,OPEN,2026-05-25,HHL,Himalayan Hydropower Limited,396.9,396.9,396.9,,396.9,378.0,18.899999999999977,,10.0,3969.0,1.0,0.0,0.0,4.999999999999994,3969.0,396.9
2026-05-25T05:15:27+00:00,2026-05-25T11:00:27+05:45,2026-05-25,11:00:27,1779686127,0,5,11,nepse_official,OPEN,2026-05-25,HLI,Himalayan Life Insurance Limited,344.0,344.0,344.0,,344.0,339.8,4.199999999999989,,200.0,68800.0,1.0,0.0,0.0,1.2360211889346642,68800.0,344.0
2026-05-25T05:15:27+00:00,2026-05-25T11:00:27+05:45,2026-05-25,11:00:27,1779686127,0,5,11,nepse_official,OPEN,2026-05-25,HRL,Himalayan Reinsurance Limited,641.0,641.0,641.0,,641.0,641.4,-0.39999999999997726,,10.0,6410.0,1.0,0.0,0.0,-0.06236357966946949,6410.0,641.0
2026-05-25T05:15:27+00:00,2026-05-25T11:00:27+05:45,2026-05-25,11:00:27,1779686127,0,5,11,nepse_official,OPEN,2026-05-25,IHL,Ingwa Hydropower Limited,442.0,442.0,442.0,,442.0,442.0,0.0,,100.0,44200.0,2.0,0.0,0.0,0.0,22100.0,442.0
2026-05-25T05:15:27+00:00,2026-05-25T11:00:27+05:45,2026-05-25,11:00:27,1779686127,0,5,11,nepse_official,OPEN,2026-05-25,JBBL,Jyoti Bikas Bank Limited,343.5,343.5,343.5,,343.5,361.5,-18.0,,10.0,3435.0,1.0,0.0,0.0,-4.979253112033195,3435.0,343.5
2026-05-25T05:15:27+00:00,2026-05-25T11:00:27+05:45,2026-05-25,11:00:27,1779686127,0,5,11,nepse_official,OPEN,2026-05-25,JBLB,Jeevan Bikas Laghubitta  Bittya Sanstha Ltd,1305.0,1305.0,1305.0,,1305.0,1302.0,3.0,,10.0,13050.0,1.0,0.0,0.0,0.2304147465437788,13050.0,1305.0
2026-05-25T05:15:27+00:00,2026-05-25T11:00:27+05:45,2026-05-25,11:00:27,1779686127,0,5,11,nepse_official,OPEN,2026-05-25,JHAPA,Jhapa Energy Limited,1480.0,1480.0,1480.0,,1480.0,1499.0,-19.0,,93.0,137640.0,2.0,0.0,0.0,-1.267511674449633,68820.0,1480.0
2026-05-25T05:15:27+00:00,2026-05-25T11:00:27+05:45,2026-05-25,11:00:27,1779686127,0,5,11,nepse_official,OPEN,2026-05-25,KPCL,Kalika power Company Ltd,490.0,490.0,490.0,,490.0,493.5,-3.5,,400.0,196000.0,1.0,0.0,0.0,-0.7092198581560284,196000.0,490.0
2026-05-25T05:15:27+00:00,2026-05-25T11:00:27+05:45,2026-05-25,11:00:27,1779686127,0,5,11,nepse_official,OPEN,2026-05-25,LEC,Liberty Energy Company Limited,222.0,222.0,222.0,,222.0,233.0,-11.0,,200.0,44400.0,2.0,0.0,0.0,-4.721030042918455,22200.0,222.0
2026-05-25T05:15:27+00:00,2026-05-25T11:00:27+05:45,2026-05-25,11:00:27,1779686127,0,5,11,nepse_official,OPEN,2026-05-25,LSL,Laxmi Sunrise Bank Limited,215.0,215.0,215.0,,215.0,225.9,-10.900000000000006,,20.0,4300.0,2.0,0.0,0.0,-4.825143868968572,2150.0,215.0
2026-05-25T05:15:27+00:00,2026-05-25T11:00:27+05:45,2026-05-25,11:00:27,1779686127,0,5,11,nepse_official,OPEN,2026-05-25,MABEL,Mabilung Energy Limited,760.0,760.0,760.0,,760.0,760.0,0.0,,10.0,7600.0,1.0,0.0,0.0,0.0,7600.0,760.0
2026-05-25T05:15:27+00:00,2026-05-25T11:00:27+05:45,2026-05-25,11:00:27,1779686127,0,5,11,nepse_official,OPEN,2026-05-25,MAKAR,Makar Jitumaya Suri Hydropower Limited,535.1,535.1,535.1,,535.1,509.7,25.400000000000034,,10.0,5351.0,1.0,0.0,0.0,4.983323523641364,5351.0,535.1
2026-05-25T05:15:27+00:00,2026-05-25T11:00:27+05:45,2026-05-25,11:00:27,1779686127,0,5,11,nepse_official,OPEN,2026-05-25,MBJC,Madhya Bhotekoshi Jalavidyut Company Limited,286.0,286.0,286.0,,286.0,286.0,0.0,,110.0,31460.0,3.0,0.0,0.0,0.0,10486.666666666666,286.0
2026-05-25T05:15:27+00:00,2026-05-25T11:00:27+05:45,2026-05-25,11:00:27,1779686127,0,5,11,nepse_official,OPEN,2026-05-25,MFIL,Manjushree Finance Ltd.,785.0,785.0,785.0,,785.0,802.0,-17.0,,10.0,7850.0,1.0,0.0,0.0,-2.119700748129676,7850.0,785.0
2026-05-25T05:15:27+00:00,2026-05-25T11:00:27+05:45,2026-05-25,11:00:27,1779686127,0,5,11,nepse_official,OPEN,2026-05-25,MKHC,Maya Khola Hydropower Company Limited,320.0,320.0,320.0,,320.0,320.0,0.0,,10.0,3200.0,1.0,0.0,0.0,0.0,3200.0,320.0
2026-05-25T05:15:27+00:00,2026-05-25T11:00:27+05:45,2026-05-25,11:00:27,1779686127,0,5,11,nepse_official,OPEN,2026-05-25,MKHL,Mai Khola Hydropower Limited,523.1,523.1,523.1,,523.1,545.0,-21.899999999999977,,10.0,5231.0,1.0,0.0,0.0,-4.018348623853207,5231.0,523.1
2026-05-25T05:15:27+00:00,2026-05-25T11:00:27+05:45,2026-05-25,11:00:27,1779686127,0,5,11,nepse_official,OPEN,2026-05-25,NBL,Nepal Bank Limited,252.1,252.1,252.1,,252.1,265.3,-13.200000000000017,,10.0,2521.0,1.0,0.0,0.0,-4.975499434602343,2521.0,252.1
2026-05-25T05:15:27+00:00,2026-05-25T11:00:27+05:45,2026-05-25,11:00:27,1779686127,0,5,11,nepse_official,OPEN,2026-05-25,NGPL,Ngadi Group Power Ltd.,435.0,435.0,435.0,,435.0,451.5,-16.5,,500.0,217500.0,3.0,0.0,0.0,-3.6544850498338874,72500.0,435.0
2026-05-25T05:15:27+00:00,2026-05-25T11:00:27+05:45,2026-05-25,11:00:27,1779686127,0,5,11,nepse_official,OPEN,2026-05-25,NHPC,National Hydro Power Company Limited,309.7,309.7,309.7,,309.7,295.0,14.699999999999989,,10.0,3097.0,1.0,0.0,0.0,4.983050847457624,3097.0,309.7
2026-05-25T05:15:27+00:00,2026-05-25T11:00:27+05:45,2026-05-25,11:00:27,1779686127,0,5,11,nepse_official,OPEN,2026-05-25,NICA,NIC Asia Bank Ltd.,365.0,365.0,365.0,,365.0,352.5,12.5,,10.0,3650.0,1.0,0.0,0.0,3.546099290780142,3650.0,365.0
2026-05-25T05:15:27+00:00,2026-05-25T11:00:27+05:45,2026-05-25,11:00:27,1779686127,0,5,11,nepse_official,OPEN,2026-05-25,NIMB,Nepal Investment Mega Bank Limited,199.0,199.0,199.0,,199.0,198.0,1.0,,100.0,19900.0,5.0,0.0,0.0,0.5050505050505051,3980.0,199.0
2026-05-25T05:15:27+00:00,2026-05-25T11:00:27+05:45,2026-05-25,11:00:27,1779686127,0,5,11,nepse_official,OPEN,2026-05-25,NRM,Nepal Republic Media Limited,345.9,345.9,345.9,,345.9,364.1,-18.200000000000045,,10.0,3459.0,1.0,0.0,0.0,-4.998626750892624,3459.0,345.9
2026-05-25T05:15:27+00:00,2026-05-25T11:00:27+05:45,2026-05-25,11:00:27,1779686127,0,5,11,nepse_official,OPEN,2026-05-25,PCIL,Palpa Cement Industries Limited,827.0,827.0,827.0,,827.0,827.0,0.0,,10.0,8270.0,1.0,0.0,0.0,0.0,8270.0,827.0
2026-05-25T05:15:27+00:00,2026-05-25T11:00:27+05:45,2026-05-25,11:00:27,1779686127,0,5,11,nepse_official,OPEN,2026-05-25,PRVU,Prabhu  Bank Limited,188.1,188.1,188.1,,188.1,198.0,-9.900000000000006,,46.0,8652.6,2.0,0.0,0.0,-5.000000000000003,4326.3,188.1
2026-05-25T05:15:27+00:00,2026-05-25T11:00:27+05:45,2026-05-25,11:00:27,1779686127,0,5,11,nepse_official,OPEN,2026-05-25,PURE,Pure Energy Limited,1030.0,1030.0,1030.0,,1030.0,985.0,45.0,,10.0,10300.0,1.0,0.0,0.0,4.568527918781726,10300.0,1030.0
2026-05-25T05:15:27+00:00,2026-05-25T11:00:27+05:45,2026-05-25,11:00:27,1779686127,0,5,11,nepse_official,OPEN,2026-05-25,RAWA,Rawa Energy Development Limited,613.0,613.0,613.0,,613.0,584.0,29.0,,20.0,12260.0,2.0,0.0,0.0,4.965753424657534,6130.0,613.0
2026-05-25T05:15:27+00:00,2026-05-25T11:00:27+05:45,2026-05-25,11:00:27,1779686127,0,5,11,nepse_official,OPEN,2026-05-25,RFPL,River Falls Power Limited,360.0,360.0,360.0,,360.0,376.2,-16.19999999999999,,10.0,3600.0,1.0,0.0,0.0,-4.306220095693777,3600.0,360.0
2026-05-25T05:15:27+00:00,2026-05-25T11:00:27+05:45,2026-05-25,11:00:27,1779686127,0,5,11,nepse_official,OPEN,2026-05-25,RSML,Reliance Spinning Mills Limited,3700.0,3700.0,3700.0,,3700.0,3730.0,-30.0,,60.0,222000.0,2.0,0.0,0.0,-0.8042895442359249,111000.0,3700.0
2026-05-25T05:15:27+00:00,2026-05-25T11:00:27+05:45,2026-05-25,11:00:27,1779686127,0,5,11,nepse_official,OPEN,2026-05-25,SAHAS,Sahas Urja Limited,664.0,664.0,664.0,,664.0,664.0,0.0,,26.0,17264.0,2.0,0.0,0.0,0.0,8632.0,664.0
2026-05-25T05:15:27+00:00,2026-05-25T11:00:27+05:45,2026-05-25,11:00:27,1779686127,0,5,11,nepse_official,OPEN,2026-05-25,SANVI,Sanvi Energy Limited,702.1,702.1,702.1,,702.1,739.0,-36.89999999999998,,10.0,7021.0,1.0,0.0,0.0,-4.993234100135315,7021.0,702.1
2026-05-25T05:15:27+00:00,2026-05-25T11:00:27+05:45,2026-05-25,11:00:27,1779686127,0,5,11,nepse_official,OPEN,2026-05-25,SHEL,Singati Hydro Energy Limited,315.0,315.0,315.0,,315.0,318.0,-3.0,,10.0,3150.0,1.0,0.0,0.0,-0.9433962264150944,3150.0,315.0
2026-05-25T05:15:27+00:00,2026-05-25T11:00:27+05:45,2026-05-25,11:00:27,1779686127,0,5,11,nepse_official,OPEN,2026-05-25,SHPC,Sanima Mai Hydropower Ltd.,533.0,533.0,533.0,,533.0,521.7,11.299999999999955,,200.0,106600.0,1.0,0.0,0.0,2.1659957830170504,106600.0,533.0
2026-05-25T05:15:27+00:00,2026-05-25T11:00:27+05:45,2026-05-25,11:00:27,1779686127,0,5,11,nepse_official,OPEN,2026-05-25,SKBBL,Sana Kisan Bikas Laghubitta Bittiya Sanstha Limited,791.0,791.0,791.0,,791.0,765.0,26.0,,8000.0,6328000.0,3.0,0.0,0.0,3.3986928104575163,2109333.3333333335,791.0
2026-05-25T05:15:27+00:00,2026-05-25T11:00:27+05:45,2026-05-25,11:00:27,1779686127,0,5,11,nepse_official,OPEN,2026-05-25,SKHL,Super Khudi Hydropower Limited,970.0,970.0,960.0,,970.0,950.0,20.0,,120.0,115900.0,5.0,10.0,1.0309278350515463,2.1052631578947367,23180.0,965.8333333333334
2026-05-25T05:15:27+00:00,2026-05-25T11:00:27+05:45,2026-05-25,11:00:27,1779686127,0,5,11,nepse_official,OPEN,2026-05-25,SMJC,Sagarmatha Jalabidhyut Company Limited,463.6,463.6,463.6,,463.6,487.9,-24.299999999999955,,10.0,4636.0,1.0,0.0,0.0,-4.980528796884599,4636.0,463.6
2026-05-25T05:15:27+00:00,2026-05-25T11:00:27+05:45,2026-05-25,11:00:27,1779686127,0,5,11,nepse_official,OPEN,2026-05-25,SOHL,Solu Hydropower Limited,685.0,685.0,685.0,,685.0,688.0,-3.0,,10.0,6850.0,1.0,0.0,0.0,-0.436046511627907,6850.0,685.0
2026-05-25T05:15:27+00:00,2026-05-25T11:00:27+05:45,2026-05-25,11:00:27,1779686127,0,5,11,nepse_official,OPEN,2026-05-25,SONA,Sonapur Minerals And Oil Limited,475.0,475.0,475.0,,475.0,462.0,13.0,,10.0,4750.0,1.0,0.0,0.0,2.813852813852814,4750.0,475.0
2026-05-25T05:15:27+00:00,2026-05-25T11:00:27+05:45,2026-05-25,11:00:27,1779686127,0,5,11,nepse_official,OPEN,2026-05-25,SPDL,Synergy Power Development Ltd.,427.0,427.0,427.0,,427.0,407.0,20.0,,10.0,4270.0,1.0,0.0,0.0,4.914004914004914,4270.0,427.0
2026-05-25T05:15:27+00:00,2026-05-25T11:00:27+05:45,2026-05-25,11:00:27,1779686127,0,5,11,nepse_official,OPEN,2026-05-25,SPHL,Sayapatri Hydropower Limited,500.0,500.0,500.0,,500.0,525.0,-25.0,,10.0,5000.0,1.0,0.0,0.0,-4.761904761904762,5000.0,500.0
2026-05-25T05:15:27+00:00,2026-05-25T11:00:27+05:45,2026-05-25,11:00:27,1779686127,0,5,11,nepse_official,OPEN,2026-05-25,SSHL,Shiva Shree Hydropower Ltd,220.0,220.0,220.0,,220.0,221.9,-1.9000000000000057,,220.0,48400.0,1.0,0.0,0.0,-0.856241550247862,48400.0,220.0
2026-05-25T05:15:27+00:00,2026-05-25T11:00:27+05:45,2026-05-25,11:00:27,1779686127,0,5,11,nepse_official,OPEN,2026-05-25,SWBBL,Swabalamban Laghubitta Bittiya Sanstha Limited,778.1,778.1,778.1,,778.1,741.1,37.0,,10.0,7781.0,1.0,0.0,0.0,4.992578599379301,7781.0,778.1
2026-05-25T05:15:27+00:00,2026-05-25T11:00:27+05:45,2026-05-25,11:00:27,1779686127,0,5,11,nepse_official,OPEN,2026-05-25,SYPNL,SY Panel Nepal Limited,1459.0,1459.0,1459.0,,1459.0,1507.9,-48.90000000000009,,244.0,355996.0,3.0,0.0,0.0,-3.2429206180781276,118665.33333333333,1459.0
2026-05-25T05:15:27+00:00,2026-05-25T11:00:27+05:45,2026-05-25,11:00:27,1779686127,0,5,11,nepse_official,OPEN,2026-05-25,TTL,Trade Tower Limited,898.8,898.8,898.8,,898.8,856.0,42.799999999999955,,10.0,8988.0,1.0,0.0,0.0,4.999999999999995,8988.0,898.8
2026-05-25T05:15:27+00:00,2026-05-25T11:00:27+05:45,2026-05-25,11:00:27,1779686127,0,5,11,nepse_official,OPEN,2026-05-25,ULBSL,Upakar Laghubitta Bittiya Sanstha Limited,2850.0,2850.0,2850.0,,2850.0,2920.0,-70.0,,10.0,28500.0,1.0,0.0,0.0,-2.3972602739726026,28500.0,2850.0
2026-05-25T05:15:27+00:00,2026-05-25T11:00:27+05:45,2026-05-25,11:00:27,1779686127,0,5,11,nepse_official,OPEN,2026-05-25,UMHL,United Modi Hydropower Ltd.,550.0,550.0,550.0,,550.0,564.0,-14.0,,20.0,11000.0,1.0,0.0,0.0,-2.4822695035460995,11000.0,550.0
2026-05-25T05:15:27+00:00,2026-05-25T11:00:27+05:45,2026-05-25,11:00:27,1779686127,0,5,11,nepse_official,OPEN,2026-05-25,UNHPL,Union Hydropower Limited,420.0,420.0,420.0,,420.0,434.0,-14.0,,10.0,4200.0,1.0,0.0,0.0,-3.225806451612903,4200.0,420.0
2026-05-25T05:15:27+00:00,2026-05-25T11:00:27+05:45,2026-05-25,11:00:27,1779686127,0,5,11,nepse_official,OPEN,2026-05-25,UPPER,Upper Tamakoshi Hydropower Ltd,197.5,197.5,197.5,,197.5,207.5,-10.0,,50.0,9875.0,1.0,0.0,0.0,-4.819277108433735,9875.0,197.5
2026-05-25T05:45:23+00:00,2026-05-25T11:30:23+05:45,2026-05-25,11:30:23,1779687923,0,5,11,nepse_official,OPEN,2026-05-25,ACLBSL,Aarambha Chautari Laghubitta Bittiya Sanstha Limited,977.4,977.4,977.4,,977.4,949.0,28.399999999999977,,10.0,9774.0,1.0,0.0,0.0,2.9926238145416204,9774.0,977.4
2026-05-25T05:45:23+00:00,2026-05-25T11:30:23+05:45,2026-05-25,11:30:23,1779687923,0,5,11,nepse_official,OPEN,2026-05-25,ADBL,Agricultural Development Bank Limited,317.9,317.9,312.3,,313.0,313.0,0.0,,2353.0,738800.8,16.0,5.599999999999966,1.7615602390688792,0.0,46175.05,313.9824904377391
2026-05-25T05:45:23+00:00,2026-05-25T11:30:23+05:45,2026-05-25,11:30:23,1779687923,0,5,11,nepse_official,OPEN,2026-05-25,AHL,Asian Hydropower Limited,505.0,518.5,505.0,,515.0,515.0,0.0,,410.0,208819.0,11.0,13.5,2.6732673267326734,0.0,18983.545454545456,509.31463414634146
2026-05-25T05:45:23+00:00,2026-05-25T11:30:23+05:45,2026-05-25,11:30:23,1779687923,0,5,11,nepse_official,OPEN,2026-05-25,AHPC,Arun Valley Hydropower Development Co. Ltd.,275.0,289.0,275.0,,285.0,284.0,1.0,,11409.0,3264796.2,62.0,14.0,5.090909090909091,0.35211267605633806,52658.00322580645,286.15971601367346
2026-05-25T05:45:23+00:00,2026-05-25T11:30:23+05:45,2026-05-25,11:30:23,1779687923,0,5,11,nepse_official,OPEN,2026-05-25,AKJCL,Ankhu Khola Jalvidhyut Company Ltd,402.0,414.0,402.0,,411.1,402.0,9.100000000000023,,407167.0,167308698.0,561.0,12.0,2.9850746268656714,2.2636815920398066,298232.9732620321,410.9092780112337
2026-05-25T05:45:23+00:00,2026-05-25T11:30:23+05:45,2026-05-25,11:30:23,1779687923,0,5,11,nepse_official,OPEN,2026-05-25,AKPL,Arun Kabeli Power Ltd.,275.0,275.0,271.0,,272.5,274.5,-2.0,,60236.0,16467234.7,114.0,4.0,1.4545454545454546,-0.7285974499089253,144449.42719298246,273.3786224184873
2026-05-25T05:45:23+00:00,2026-05-25T11:30:23+05:45,2026-05-25,11:30:23,1779687923,0,5,11,nepse_official,OPEN,2026-05-25,ALBSL,Asha Laghubitta Bittiya Sanstha Ltd,1086.0,1116.0,1086.0,,1115.0,1115.0,0.0,,1707.0,1869391.2,9.0,30.0,2.7624309392265194,0.0,207710.13333333333,1095.1325131810192
2026-05-25T05:45:23+00:00,2026-05-25T11:30:23+05:45,2026-05-25,11:30:23,1779687923,0,5,11,nepse_official,OPEN,2026-05-25,ALICL,Asian Life Insurance Co. Limited,459.9,459.9,452.0,,452.0,452.3,-0.30000000000001137,,2050.0,926867.0,7.0,7.899999999999977,1.7177647314633566,-0.06632765863365275,132409.57142857142,452.130243902439
2026-05-25T05:45:23+00:00,2026-05-25T11:30:23+05:45,2026-05-25,11:30:23,1779687923,0,5,11,nepse_official,OPEN,2026-05-25,ANLB,Aatmanirbhar Laghubitta Bittiya Sanstha Limited,5901.0,5901.0,5901.0,,5901.0,5901.0,0.0,,10.0,57421.0,2.0,0.0,0.0,0.0,28710.5,5742.1
2026-05-25T05:45:23+00:00,2026-05-25T11:30:23+05:45,2026-05-25,11:30:23,1779687923,0,5,11,nepse_official,OPEN,2026-05-25,API,Api Power Company Ltd.,359.0,363.0,357.2,,358.7,357.2,1.5,,113684.0,40960592.0,274.0,5.800000000000011,1.615598885793875,0.41993281075027994,149491.21167883213,360.30217092994616
2026-05-25T05:45:23+00:00,2026-05-25T11:30:23+05:45,2026-05-25,11:30:23,1779687923,0,5,11,nepse_official,OPEN,2026-05-25,AVYAN,Aviyan Laghubitta Bittiya Sanstha Limited,1082.1,1149.0,1082.1,,1149.0,1139.0,10.0,,150.0,171101.0,11.0,66.90000000000009,6.182423066260059,0.877963125548727,15554.636363636364,1140.6733333333334
2026-05-25T05:45:23+00:00,2026-05-25T11:30:23+05:45,2026-05-25,11:30:23,1779687923,0,5,11,nepse_official,OPEN,2026-05-25,BANDIPUR,Bandipur Cablecar and Tourism Limited,910.0,910.0,855.0,,875.0,875.9,-0.8999999999999773,,8399.0,7363171.5,130.0,55.0,6.043956043956044,-0.10275145564561906,56639.78076923077,876.6724014763662
2026-05-25T05:45:23+00:00,2026-05-25T11:30:23+05:45,2026-05-25,11:30:23,1779687923,0,5,11,nepse_official,OPEN,2026-05-25,BARUN,Barun Hydropower Co. Ltd.,352.0,356.0,351.0,,354.0,351.1,2.8999999999999773,,3118.0,1103060.3,29.0,5.0,1.4204545454545454,0.8259755055539667,38036.56206896552,353.7717447081463
2026-05-25T05:45:23+00:00,2026-05-25T11:30:23+05:45,2026-05-25,11:30:23,1779687923,0,5,11,nepse_official,OPEN,2026-05-25,BEDC,Bhugol Energy Development Company Limited,395.7,395.7,378.0,,378.0,376.9,1.1000000000000227,,3723.0,1413930.0,40.0,17.69999999999999,4.473085670962848,0.29185460334306784,35348.25,379.78243352135377
2026-05-25T05:45:23+00:00,2026-05-25T11:30:23+05:45,2026-05-25,11:30:23,1779687923,0,5,11,nepse_official,OPEN,2026-05-25,BFC,Best Finance Company Ltd.,464.0,465.0,460.1,,462.0,458.0,4.0,,1650.0,764762.4,11.0,4.899999999999977,1.0560344827586159,0.8733624454148471,69523.85454545455,463.4923636363637
2026-05-25T05:45:23+00:00,2026-05-25T11:30:23+05:45,2026-05-25,11:30:23,1779687923,0,5,11,nepse_official,OPEN,2026-05-25,BGWT,Bhagawati Hydropower Development Company Limited,665.0,674.0,665.0,,674.0,661.0,13.0,,487.0,327055.0,12.0,9.0,1.3533834586466165,1.9667170953101363,27254.583333333332,671.570841889117
2026-05-25T05:45:23+00:00,2026-05-25T11:30:23+05:45,2026-05-25,11:30:23,1779687923,0,5,11,nepse_official,OPEN,2026-05-25,BHCL,Bikash Hydropower Company Limited,566.0,582.0,566.0,,570.0,566.0,4.0,,9271.0,5343830.3,134.0,16.0,2.8268551236749118,0.7067137809187279,39879.33059701492,576.4027936576421
2026-05-25T05:45:23+00:00,2026-05-25T11:30:23+05:45,2026-05-25,11:30:23,1779687923,0,5,11,nepse_official,OPEN,2026-05-25,BHDC,Bindhyabasini Hydropower Development Company Limited,461.2,470.0,461.2,,464.0,463.6,0.39999999999997726,,584.0,273717.0,7.0,8.800000000000011,1.908065915004339,0.08628127696289414,39102.42857142857,468.69349315068496
2026-05-25T05:45:23+00:00,2026-05-25T11:30:23+05:45,2026-05-25,11:30:23,1779687923,0,5,11,nepse_official,OPEN,2026-05-25,BHL,Balephi Hydropower Limited,237.0,237.0,225.0,,226.2,226.0,0.19999999999998863,,32038.0,7318170.2,130.0,12.0,5.063291139240507,0.08849557522123391,56293.61692307692,228.42156813783632
2026-05-25T05:45:23+00:00,2026-05-25T11:30:23+05:45,2026-05-25,11:30:23,1779687923,0,5,11,nepse_official,OPEN,2026-05-25,BHPL,Barahi Hydropower Public Limited,530.1,530.1,530.0,,530.0,529.8,0.20000000000004547,,270.0,143125.0,3.0,0.10000000000002274,0.01886436521411483,0.03775009437524452,47708.333333333336,530.0925925925926
2026-05-25T05:45:23+00:00,2026-05-25T11:30:23+05:45,2026-05-25,11:30:23,1779687923,0,5,11,nepse_official,OPEN,2026-05-25,BJHL,Bhujung Hydropower Limited,952.0,970.0,945.0,,968.0,953.0,15.0,,2700.0,2573275.0,43.0,25.0,2.6260504201680672,1.5739769150052465,59843.604651162794,953.0648148148148
2026-05-25T05:45:23+00:00,2026-05-25T11:30:23+05:45,2026-05-25,11:30:23,1779687923,0,5,11,nepse_official,OPEN,2026-05-25,BNHC,Buddha Bhumi Nepal Hydropower Company Limited,333.1,343.0,332.0,,336.0,333.1,2.8999999999999773,,360.0,122854.5,10.0,11.0,3.3023116181326926,0.8706094265986122,12285.45,341.2625
2026-05-25T05:45:23+00:00,2026-05-25T11:30:23+05:45,2026-05-25,11:30:23,1779687923,0,5,11,nepse_official,OPEN,2026-05-25,BNT,Bottlers Nepal (Terai) Limited,11590.0,11900.0,11590.0,,11900.0,11590.6,309.39999999999964,,20.0,234900.0,2.0,310.0,2.6747195858498705,2.6694045174537955,117450.0,11745.0
2026-05-25T05:45:23+00:00,2026-05-25T11:30:23+05:45,2026-05-25,11:30:23,1779687923,0,5,11,nepse_official,OPEN,2026-05-25,BPCL,Butwal Power Company Limited,699.0,705.0,680.0,,698.0,699.0,-1.0,,3860.0,2703386.0,33.0,25.0,3.5765379113018603,-0.14306151645207438,81920.78787878787,700.3590673575129
2026-05-25T05:45:23+00:00,2026-05-25T11:30:23+05:45,2026-05-25,11:30:23,1779687923,0,5,11,nepse_official,OPEN,2026-05-25,BUNGAL,Bungal Hydro Limited,773.3,773.3,706.0,,740.0,814.0,-74.0,,14502.0,10645325.1,241.0,67.29999999999995,8.702961334540277,-9.090909090909092,44171.4734439834,734.059102192801
2026-05-25T05:45:23+00:00,2026-05-25T11:30:23+05:45,2026-05-25,11:30:23,1779687923,0,5,11,nepse_official,OPEN,2026-05-25,C30MF,Citizens Super 30 Mutual Fund,9.89,10.18,9.89,,10.18,9.83,0.34999999999999964,,200.0,2007.0,2.0,0.28999999999999915,2.9322548028311335,3.5605289928789383,1003.5,10.035
2026-05-25T05:45:23+00:00,2026-05-25T11:30:23+05:45,2026-05-25,11:30:23,1779687923,0,5,11,nepse_official,OPEN,2026-05-25,CBBL,Chhimek Laghubitta Bittiya Sanstha Limited,924.3,924.3,918.0,,918.0,917.0,1.0,,2346.0,2159893.6,25.0,6.2999999999999545,0.6815968841285248,0.10905125408942204,86395.744,920.670758738278
2026-05-25T05:45:23+00:00,2026-05-25T11:30:23+05:45,2026-05-25,11:30:23,1779687923,0,5,11,nepse_official,OPEN,2026-05-25,CFCL,Central Finance Co. Ltd.,510.0,510.0,496.0,,496.0,503.0,-7.0,,364.0,184410.0,5.0,14.0,2.7450980392156863,-1.3916500994035785,36882.0,506.6208791208791
2026-05-25T05:45:23+00:00,2026-05-25T11:30:23+05:45,2026-05-25,11:30:23,1779687923,0,5,11,nepse_official,OPEN,2026-05-25,CGH,Chandragiri Hills Limited,799.0,800.0,795.0,,795.2,803.8,-8.599999999999909,,7020.0,5584269.0,32.0,5.0,0.6257822277847309,-1.0699178900223825,174508.40625,795.4799145299145
2026-05-25T05:45:23+00:00,2026-05-25T11:30:23+05:45,2026-05-25,11:30:23,1779687923,0,5,11,nepse_official,OPEN,2026-05-25,CHCL,Chilime Hydropower Company Limited,482.5,490.0,482.5,,485.0,482.0,3.0,,1953.0,950385.9,24.0,7.5,1.5544041450777202,0.6224066390041494,39599.4125,486.6287250384025
2026-05-25T05:45:23+00:00,2026-05-25T11:30:23+05:45,2026-05-25,11:30:23,1779687923,0,5,11,nepse_official,OPEN,2026-05-25,CHDC,CEDB Holdings Limited,2300.0,2315.0,2286.0,,2296.0,2300.0,-4.0,,783.0,1799790.7,14.0,29.0,1.2608695652173914,-0.17391304347826086,128556.47857142857,2298.583269476373
2026-05-25T05:45:23+00:00,2026-05-25T11:30:23+05:45,2026-05-25,11:30:23,1779687923,0,5,11,nepse_official,OPEN,2026-05-25,CHL,Chhyangdi Hydropower Ltd.,288.1,302.0,288.1,,294.1,297.0,-2.8999999999999773,,5994.0,1773296.8,17.0,13.899999999999977,4.824713641096833,-0.9764309764309688,104311.57647058823,295.8453119786453
2026-05-25T05:45:23+00:00,2026-05-25T11:30:23+05:45,2026-05-25,11:30:23,1779687923,0,5,11,nepse_official,OPEN,2026-05-25,CIT,Citizen Investment Trust,1767.0,1789.9,1765.0,,1767.2,1767.0,0.20000000000004547,,357.0,634952.4,14.0,24.90000000000009,1.409168081494063,0.0113186191284689,45353.74285714286,1778.5781512605042
2026-05-25T05:45:23+00:00,2026-05-25T11:30:23+05:45,2026-05-25,11:30:23,1779687923,0,5,11,nepse_official,OPEN,2026-05-25,CITY,City Hotel Limited,374.0,379.0,373.0,,373.0,371.0,2.0,,6785.0,2548882.5,44.0,6.0,1.6042780748663104,0.5390835579514826,57929.14772727273,375.6643330876934
2026-05-25T05:45:23+00:00,2026-05-25T11:30:23+05:45,2026-05-25,11:30:23,1779687923,0,5,11,nepse_official,OPEN,2026-05-25,CLI,Citizen Life Insurance Company Limited,452.0,457.0,452.0,,455.0,452.0,3.0,,727.0,329781.4,16.0,5.0,1.1061946902654867,0.6637168141592921,20611.3375,453.6195323246218
2026-05-25T05:45:23+00:00,2026-05-25T11:30:23+05:45,2026-05-25,11:30:23,1779687923,0,5,11,nepse_official,OPEN,2026-05-25,CORBL,Corporate Development Bank Limited,2050.0,2055.0,2001.0,,2004.0,2066.0,-62.0,,1750.0,3517704.0,16.0,54.0,2.6341463414634148,-3.0009680542110355,219856.5,2010.1165714285714
2026-05-25T05:45:23+00:00,2026-05-25T11:30:23+05:45,2026-05-25,11:30:23,1779687923,0,5,11,nepse_official,OPEN,2026-05-25,CREST,Crest Micro Life Insurance Limited,1252.1,1252.1,1143.0,,1200.0,1318.0,-118.0,,8195.0,9968227.6,135.0,109.09999999999991,8.713361552591639,-8.952959028831563,73838.72296296296,1216.3792068334349
2026-05-25T05:45:23+00:00,2026-05-25T11:30:23+05:45,2026-05-25,11:30:23,1779687923,0,5,11,nepse_official,OPEN,2026-05-25,CSY,Citizens Santulit Yojana,9.17,9.23,9.17,,9.23,9.45,-0.21999999999999886,,400.0,3675.0,4.0,0.0600000000000005,0.6543075245365376,-2.3280423280423164,918.75,9.1875
2026-05-25T05:45:23+00:00,2026-05-25T11:30:23+05:45,2026-05-25,11:30:23,1779687923,0,5,11,nepse_official,OPEN,2026-05-25,CZBIL,Citizens Bank International Limited,197.2,208.9,197.2,,206.5,207.5,-1.0,,7752.0,1595704.0,30.0,11.700000000000017,5.933062880324553,-0.48192771084337355,53190.13333333333,205.84416924664603
2026-05-25T05:45:23+00:00,2026-05-25T11:30:23+05:45,2026-05-25,11:30:23,1779687923,0,5,11,nepse_official,OPEN,2026-05-25,DDBL,Deprosc Laghubitta Bittiya Sanstha Limited,859.0,870.0,859.0,,860.0,853.0,7.0,,187.0,160910.0,5.0,11.0,1.2805587892898718,0.8206330597889802,32182.0,860.4812834224599
2026-05-25T05:45:23+00:00,2026-05-25T11:30:23+05:45,2026-05-25,11:30:23,1779687923,0,5,11,nepse_official,OPEN,2026-05-25,DHEL,Daramkhola Hydro Energy Limited,650.0,684.9,650.0,,671.0,668.1,2.8999999999999773,,11561.0,7813011.0,142.0,34.89999999999998,5.369230769230766,0.43406675647357834,55021.204225352114,675.8075426001211
2026-05-25T05:45:23+00:00,2026-05-25T11:30:23+05:45,2026-05-25,11:30:23,1779687923,0,5,11,nepse_official,OPEN,2026-05-25,DHPL,Dibyashwori Hydropower Ltd.,303.0,311.0,303.0,,303.0,302.0,1.0,,2519.0,766439.0,13.0,8.0,2.6402640264026402,0.33112582781456956,58956.846153846156,304.26319968241364
2026-05-25T05:45:23+00:00,2026-05-25T11:30:23+05:45,2026-05-25,11:30:23,1779687923,0,5,11,nepse_official,OPEN,2026-05-25,DLBS,Dhaulagiri Laghubitta Bittiya Sanstha Limited,1275.0,1275.0,1275.0,,1275.0,1275.0,0.0,,7.0,8827.0,1.0,0.0,0.0,0.0,8827.0,1261.0
2026-05-25T05:45:23+00:00,2026-05-25T11:30:23+05:45,2026-05-25,11:30:23,1779687923,0,5,11,nepse_official,OPEN,2026-05-25,DOLTI,Dolti Power Company Limited,341.0,364.9,341.0,,361.0,358.9,2.1000000000000227,,8503.0,3074477.3,60.0,23.899999999999977,7.008797653958937,0.5851212036779111,51241.28833333333,361.5755968481712
2026-05-25T05:45:23+00:00,2026-05-25T11:30:23+05:45,2026-05-25,11:30:23,1779687923,0,5,11,nepse_official,OPEN,2026-05-25,DORDI,Dordi Khola Jal Bidyut Company Limited,277.1,282.7,277.1,,280.0,277.5,2.5,,3845.0,1075150.0,23.0,5.599999999999966,2.020931071815217,0.9009009009009009,46745.65217391304,279.62288686605984
2026-05-25T05:45:23+00:00,2026-05-25T11:30:23+05:45,2026-05-25,11:30:23,1779687923,0,5,11,nepse_official,OPEN,2026-05-25,EBL,Everest Bank Limited,719.9,719.9,710.3,,710.3,710.0,0.2999999999999545,,1399.0,996138.6,20.0,9.600000000000023,1.333518544242259,0.04225352112675416,49806.93,712.0361686919227
2026-05-25T05:45:23+00:00,2026-05-25T11:30:23+05:45,2026-05-25,11:30:23,1779687923,0,5,11,nepse_official,OPEN,2026-05-25,EDBL,Excel Development Bank Ltd.,583.0,583.0,583.0,,583.0,580.0,3.0,,500.0,291500.0,2.0,0.0,0.0,0.5172413793103449,145750.0,583.0
2026-05-25T05:45:23+00:00,2026-05-25T11:30:23+05:45,2026-05-25,11:30:23,1779687923,0,5,11,nepse_official,OPEN,2026-05-25,EHPL,Eastern Hydropower Limited,395.0,399.0,395.0,,395.1,394.5,0.6000000000000227,,1482.0,586714.5,13.0,4.0,1.0126582278481013,0.15209125475285748,45131.88461538462,395.8937246963563
2026-05-25T05:45:23+00:00,2026-05-25T11:30:23+05:45,2026-05-25,11:30:23,1779687923,0,5,11,nepse_official,OPEN,2026-05-25,ENL,Emerging Nepal Limited,912.3,912.3,887.2,,910.0,898.0,12.0,,34.0,30744.2,3.0,25.09999999999991,2.75128795352405,1.3363028953229399,10248.066666666668,904.2411764705882
2026-05-25T05:45:23+00:00,2026-05-25T11:30:23+05:45,2026-05-25,11:30:23,1779687923,0,5,11,nepse_official,OPEN,2026-05-25,FMDBL,First Micro Finance Laghubitta Bittiya Sanstha Limited,792.0,798.0,792.0,,795.0,787.3,7.7000000000000455,,938.0,746784.8,14.0,6.0,0.7575757575757576,0.9780261653753392,53341.77142857143,796.1458422174841
2026-05-25T05:45:23+00:00,2026-05-25T11:30:23+05:45,2026-05-25,11:30:23,1779687923,0,5,11,nepse_official,OPEN,2026-05-25,FOWAD,Forward Microfinance Laghubitta Bittiya Sanstha Limited,1068.9,1068.9,1047.0,,1047.0,1044.0,3.0,,200.0,211615.0,5.0,21.90000000000009,2.0488352511928234,0.28735632183908044,42323.0,1058.075
2026-05-25T05:45:23+00:00,2026-05-25T11:30:23+05:45,2026-05-25,11:30:23,1779687923,0,5,11,nepse_official,OPEN,2026-05-25,GBBL,Garima Bikas Bank Limited,421.0,425.0,420.0,,420.0,421.0,-1.0,,3110.0,1309394.0,11.0,5.0,1.187648456057007,-0.23752969121140144,119035.81818181818,421.02700964630225
2026-05-25T05:45:23+00:00,2026-05-25T11:30:23+05:45,2026-05-25,11:30:23,1779687923,0,5,11,nepse_official,OPEN,2026-05-25,GBIME,Global IME Bank Limited,236.0,238.0,235.2,,237.9,236.8,1.0999999999999943,,4788.0,1130815.4,48.0,2.8000000000000114,1.1864406779661065,0.46452702702702464,23558.654166666664,236.1769841269841
2026-05-25T05:45:23+00:00,2026-05-25T11:30:23+05:45,2026-05-25,11:30:23,1779687923,0,5,11,nepse_official,OPEN,2026-05-25,GBIMESY2,Global IME Sammunat Yojana -2,9.31,9.58,9.31,,9.58,9.31,0.2699999999999996,,300.0,2834.0,3.0,0.2699999999999996,2.900107411385602,2.900107411385602,944.6666666666666,9.446666666666667
2026-05-25T05:45:23+00:00,2026-05-25T11:30:23+05:45,2026-05-25,11:30:23,1779687923,0,5,11,nepse_official,OPEN,2026-05-25,GBLBS,Grameen Bikas Laghubitta Bittiya Sanstha Ltd.,788.0,788.0,766.0,,785.0,775.9,9.100000000000023,,242.0,189295.4,7.0,22.0,2.7918781725888326,1.1728315504575362,27042.2,782.2123966942148
2026-05-25T05:45:23+00:00,2026-05-25T11:30:23+05:45,2026-05-25,11:30:23,1779687923,0,5,11,nepse_official,OPEN,2026-05-25,GCIL,Ghorahi Cement Industry Limited,418.2,420.0,418.0,,418.0,424.0,-6.0,,1457.0,609437.0,14.0,2.0,0.47824007651841227,-1.4150943396226416,43531.21428571428,418.28208647906655
2026-05-25T05:45:23+00:00,2026-05-25T11:30:23+05:45,2026-05-25,11:30:23,1779687923,0,5,11,nepse_official,OPEN,2026-05-25,GHL,Ghalemdi Hydro Limited,245.0,247.0,241.3,,244.2,242.0,2.1999999999999886,,9115.0,2232252.0,36.0,5.699999999999989,2.3265306122448934,0.9090909090909044,62007.0,244.89873834339002
2026-05-25T05:45:23+00:00,2026-05-25T11:30:23+05:45,2026-05-25,11:30:23,1779687923,0,5,11,nepse_official,OPEN,2026-05-25,GIBF1,Global IME Balanced Fund-1,10.9,11.0,10.9,,11.0,11.0,0.0,,600.0,6570.0,4.0,0.09999999999999964,0.9174311926605472,0.0,1642.5,10.95
2026-05-25T05:45:23+00:00,2026-05-25T11:30:23+05:45,2026-05-25,11:30:23,1779687923,0,5,11,nepse_official,OPEN,2026-05-25,GLH,GreenLife Hydropower Limited,274.0,278.8,274.0,,276.0,274.0,2.0,,9203.0,2537174.0,24.0,4.800000000000011,1.7518248175182525,0.7299270072992701,105715.58333333333,275.6898837335651
2026-05-25T05:45:23+00:00,2026-05-25T11:30:23+05:45,2026-05-25,11:30:23,1779687923,0,5,11,nepse_official,OPEN,2026-05-25,GMFBS,Ganapati Laghubitta Bittiya Sanstha Limited,1261.0,1310.0,1261.0,,1310.0,1286.0,24.0,,51.0,66024.0,4.0,49.0,3.8858049167327517,1.8662519440124419,16506.0,1294.5882352941176
2026-05-25T05:45:23+00:00,2026-05-25T11:30:23+05:45,2026-05-25,11:30:23,1779687923,0,5,11,nepse_official,OPEN,2026-05-25,GMFIL,Guheshowori Merchant Bank & Finance Co. Ltd.,479.9,479.9,478.8,,478.8,469.9,8.900000000000034,,20.0,9587.0,2.0,1.099999999999966,0.22921441967075762,1.8940200042562323,4793.5,479.35
2026-05-25T05:45:23+00:00,2026-05-25T11:30:23+05:45,2026-05-25,11:30:23,1779687923,0,5,11,nepse_official,OPEN,2026-05-25,GMLI,Guardian Micro Life Insurance Limited ,1270.0,1270.0,1261.0,,1263.0,1269.9,-6.900000000000091,,390.0,492928.0,6.0,9.0,0.7086614173228346,-0.5433498700685164,82154.66666666667,1263.9179487179488
2026-05-25T05:45:23+00:00,2026-05-25T11:30:23+05:45,2026-05-25,11:30:23,1779687923,0,5,11,nepse_official,OPEN,2026-05-25,GRDBL,Green Development Bank Ltd.,1061.1,1129.9,1061.1,,1100.0,1110.0,-10.0,,157.0,172957.0,12.0,68.80000000000018,6.4838375270945425,-0.9009009009009009,14413.083333333334,1101.6369426751592
2026-05-25T05:45:23+00:00,2026-05-25T11:30:23+05:45,2026-05-25,11:30:23,1779687923,0,5,11,nepse_official,OPEN,2026-05-25,GUFL,Gurkhas Finance Ltd.,520.0,544.8,520.0,,536.0,535.0,1.0,,375.0,201956.8,9.0,24.799999999999955,4.76923076923076,0.1869158878504673,22439.644444444442,538.5514666666667
2026-05-25T05:45:23+00:00,2026-05-25T11:30:23+05:45,2026-05-25,11:30:23,1779687923,0,5,11,nepse_official,OPEN,2026-05-25,GVL,Green Ventures Limited,492.0,493.2,492.0,,493.2,491.9,1.3000000000000114,,43.0,21170.3,4.0,1.1999999999999886,0.24390243902438793,0.26428135799959573,5292.575,492.33255813953485
2026-05-25T05:45:23+00:00,2026-05-25T11:30:23+05:45,2026-05-25,11:30:23,1779687923,0,5,11,nepse_official,OPEN,2026-05-25,H8020,Himalayan 80-20,12.33,12.33,11.98,,11.98,11.98,0.0,,200.0,2431.0,2.0,0.34999999999999964,2.838605028386047,0.0,1215.5,12.155
2026-05-25T05:45:23+00:00,2026-05-25T11:30:23+05:45,2026-05-25,11:30:23,1779687923,0,5,11,nepse_official,OPEN,2026-05-25,HATHY,Hathway Investment Nepal Limited,810.9,810.9,803.0,,803.0,799.0,4.0,,227.0,182979.1,5.0,7.899999999999977,0.9742261684548006,0.5006257822277848,36595.82,806.0753303964758
2026-05-25T05:45:23+00:00,2026-05-25T11:30:23+05:45,2026-05-25,11:30:23,1779687923,0,5,11,nepse_official,OPEN,2026-05-25,HBL,Himalayan Bank Limited,202.0,204.0,200.8,,203.0,203.0,0.0,,6792.0,1380559.2,97.0,3.1999999999999886,1.5841584158415787,0.0,14232.569072164948,203.2625441696113
2026-05-25T05:45:23+00:00,2026-05-25T11:30:23+05:45,2026-05-25,11:30:23,1779687923,0,5,11,nepse_official,OPEN,2026-05-25,HDHPC,Himal Dolakha Hydropower Company Limited,230.7,235.0,230.7,,232.2,230.7,1.5,,35898.0,8379971.1,106.0,4.300000000000011,1.8638925010836633,0.6501950585175553,79056.33113207547,233.43838375396956
2026-05-25T05:45:23+00:00,2026-05-25T11:30:23+05:45,2026-05-25,11:30:23,1779687923,0,5,11,nepse_official,OPEN,2026-05-25,HDL,Himalayan Distillery Limited,1180.0,1180.0,1170.5,,1171.0,1167.9,3.099999999999909,,2252.0,2638467.6,44.0,9.5,0.8050847457627118,0.2654336843907791,59965.17272727273,1171.6108348134992
2026-05-25T05:45:23+00:00,2026-05-25T11:30:23+05:45,2026-05-25,11:30:23,1779687923,0,5,11,nepse_official,OPEN,2026-05-25,HEI,Himalayan Everest Insurance Limited,535.0,535.0,535.0,,535.0,535.9,-0.8999999999999773,,22.0,11770.0,1.0,0.0,0.0,-0.1679417801828657,11770.0,535.0
2026-05-25T05:45:23+00:00,2026-05-25T11:30:23+05:45,2026-05-25,11:30:23,1779687923,0,5,11,nepse_official,OPEN,2026-05-25,HFIN,Hotel Forest Inn Limited,985.0,1015.0,985.0,,1000.3,1000.0,0.2999999999999545,,11226.0,11312549.4,295.0,30.0,3.0456852791878175,0.029999999999995454,38347.62508474576,1007.7097274184928
2026-05-25T05:45:23+00:00,2026-05-25T11:30:23+05:45,2026-05-25,11:30:23,1779687923,0,5,11,nepse_official,OPEN,2026-05-25,HHL,Himalayan Hydropower Limited,396.9,396.9,378.0,,381.2,378.0,3.1999999999999886,,2086.0,797790.8,23.0,18.899999999999977,4.7619047619047565,0.8465608465608435,34686.556521739134,382.4500479386386
2026-05-25T05:45:23+00:00,2026-05-25T11:30:23+05:45,2026-05-25,11:30:23,1779687923,0,5,11,nepse_official,OPEN,2026-05-25,HIDCL,Hydorelectricity Investment and Development Company Ltd,270.0,274.9,270.0,,272.2,271.5,0.6999999999999886,,5891.0,1603371.2,35.0,4.899999999999977,1.8148148148148062,0.25782688766113765,45810.60571428571,272.1730096757766
2026-05-25T05:45:23+00:00,2026-05-25T11:30:23+05:45,2026-05-25,11:30:23,1779687923,0,5,11,nepse_official,OPEN,2026-05-25,HIDCLP,Hydorelectricity Investment and Development Company Limited Promoter,209.2,209.2,207.4,,207.4,207.3,0.09999999999999432,,21735.0,4536093.7,51.0,1.799999999999983,0.8604206500955941,0.048239266763142455,88943.0137254902,208.69996319300668
2026-05-25T05:45:23+00:00,2026-05-25T11:30:23+05:45,2026-05-25,11:30:23,1779687923,0,5,11,nepse_official,OPEN,2026-05-25,HIMSTAR,Him Star Urja Company Limited,900.0,929.5,900.0,,920.0,918.0,2.0,,931.0,847716.0,17.0,29.5,3.277777777777778,0.2178649237472767,49865.64705882353,910.5435016111708
2026-05-25T05:45:23+00:00,2026-05-25T11:30:23+05:45,2026-05-25,11:30:23,1779687923,0,5,11,nepse_official,OPEN,2026-05-25,HLBSL,Himalayan Laghubitta Bittiya Sanstha Limited,910.0,920.0,910.0,,920.0,898.0,22.0,,20.0,18300.0,2.0,10.0,1.098901098901099,2.4498886414253898,9150.0,915.0
2026-05-25T05:45:23+00:00,2026-05-25T11:30:23+05:45,2026-05-25,11:30:23,1779687923,0,5,11,nepse_official,OPEN,2026-05-25,HLI,Himalayan Life Insurance Limited,344.0,344.0,340.0,,342.0,339.8,2.1999999999999886,,6345.0,2173044.5,41.0,4.0,1.1627906976744187,0.6474396703943462,53001.08536585366,342.481402679275
2026-05-25T05:45:23+00:00,2026-05-25T11:30:23+05:45,2026-05-25,11:30:23,1779687923,0,5,11,nepse_official,OPEN,2026-05-25,HLICF,HLI Large Cap Fund,9.1,9.12,8.91,,8.91,8.87,0.040000000000000924,,800.0,7170.0,5.0,0.20999999999999908,2.3076923076922977,0.4509582863585223,1434.0,8.9625
2026-05-25T05:45:23+00:00,2026-05-25T11:30:23+05:45,2026-05-25,11:30:23,1779687923,0,5,11,nepse_official,OPEN,2026-05-25,HPPL,Himalayan Power Partner Ltd.,381.3,386.0,381.0,,383.0,381.0,2.0,,896.0,342495.5,14.0,5.0,1.3113034356150013,0.5249343832020997,24463.964285714286,382.2494419642857
2026-05-25T05:45:23+00:00,2026-05-25T11:30:23+05:45,2026-05-25,11:30:23,1779687923,0,5,11,nepse_official,OPEN,2026-05-25,HRL,Himalayan Reinsurance Limited,641.0,649.8,640.5,,645.0,641.4,3.6000000000000227,,7922.0,5108173.3,99.0,9.299999999999955,1.4508580343213657,0.5612722170252609,51597.710101010096,644.8085458217622
2026-05-25T05:45:23+00:00,2026-05-25T11:30:23+05:45,2026-05-25,11:30:23,1779687923,0,5,11,nepse_official,OPEN,2026-05-25,HURJA,Himalaya Urja Bikas Company Limited,262.0,267.0,262.0,,263.0,263.0,0.0,,8440.0,2233945.0,22.0,5.0,1.9083969465648856,0.0,101542.95454545454,264.68542654028437
2026-05-25T05:45:23+00:00,2026-05-25T11:30:23+05:45,2026-05-25,11:30:23,1779687923,0,5,11,nepse_official,OPEN,2026-05-25,ICFCD89,8% ICFC Finance Limited Debenture 2089,1081.0,1081.0,1081.0,,1081.0,1099.0,-18.0,,25.0,27025.0,1.0,0.0,0.0,-1.6378525932666061,27025.0,1081.0
2026-05-25T05:45:23+00:00,2026-05-25T11:30:23+05:45,2026-05-25,11:30:23,1779687923,0,5,11,nepse_official,OPEN,2026-05-25,IGI,IGI Prudential insurance Limited,439.9,439.9,439.9,,439.9,430.0,9.899999999999977,,10.0,4399.0,1.0,0.0,0.0,2.3023255813953436,4399.0,439.9
2026-05-25T05:45:23+00:00,2026-05-25T11:30:23+05:45,2026-05-25,11:30:23,1779687923,0,5,11,nepse_official,OPEN,2026-05-25,IHL,Ingwa Hydropower Limited,442.0,451.1,427.0,,436.5,442.0,-5.5,,31525.0,13817466.5,165.0,24.100000000000023,5.45248868778281,-1.244343891402715,83742.2212121212,438.30187153053134
2026-05-25T05:45:23+00:00,2026-05-25T11:30:23+05:45,2026-05-25,11:30:23,1779687923,0,5,11,nepse_official,OPEN,2026-05-25,ILBS,Infinity Laghubitta Bittiya Sanstha Limited,935.0,935.0,920.1,,920.1,939.9,-19.799999999999955,,1450.0,1340613.0,16.0,14.899999999999977,1.5935828877005322,-2.106607085860193,83788.3125,924.5606896551724
2026-05-25T05:45:23+00:00,2026-05-25T11:30:23+05:45,2026-05-25,11:30:23,1779687923,0,5,11,nepse_official,OPEN,2026-05-25,ILI,IME Life Insurance Company Limited,437.0,440.0,437.0,,439.0,439.9,-0.8999999999999773,,692.0,303184.8,22.0,3.0,0.6864988558352403,-0.2045919527165213,13781.127272727272,438.12832369942197
2026-05-25T05:45:23+00:00,2026-05-25T11:30:23+05:45,2026-05-25,11:30:23,1779687923,0,5,11,nepse_official,OPEN,2026-05-25,JBBL,Jyoti Bikas Bank Limited,343.5,364.4,343.5,,362.3,361.5,0.8000000000000114,,2305.0,835920.9,20.0,20.899999999999977,6.084425036390096,0.2213001383125896,41796.045,362.65548806941433
2026-05-25T05:45:23+00:00,2026-05-25T11:30:23+05:45,2026-05-25,11:30:23,1779687923,0,5,11,nepse_official,OPEN,2026-05-25,JBLB,Jeevan Bikas Laghubitta  Bittya Sanstha Ltd,1305.0,1325.0,1305.0,,1325.0,1302.0,23.0,,629.0,829608.1,19.0,20.0,1.532567049808429,1.7665130568356373,43663.584210526315,1318.9317965023847
2026-05-25T05:45:23+00:00,2026-05-25T11:30:23+05:45,2026-05-25,11:30:23,1779687923,0,5,11,nepse_official,OPEN,2026-05-25,JFL,Janaki Finance Company Limited,409.0,410.0,409.0,,410.0,408.0,2.0,,900.0,368200.0,3.0,1.0,0.24449877750611246,0.49019607843137253,122733.33333333333,409.1111111111111
2026-05-25T05:45:23+00:00,2026-05-25T11:30:23+05:45,2026-05-25,11:30:23,1779687923,0,5,11,nepse_official,OPEN,2026-05-25,JHAPA,Jhapa Energy Limited,1480.0,1519.0,1438.0,,1516.0,1499.0,17.0,,1791.0,2657171.1,32.0,81.0,5.472972972972974,1.134089392928619,83036.596875,1483.6242881072028
2026-05-25T05:45:23+00:00,2026-05-25T11:30:23+05:45,2026-05-25,11:30:23,1779687923,0,5,11,nepse_official,OPEN,2026-05-25,JOSHI,Joshi Hydropower Development Company Ltd,282.1,290.0,282.1,,285.0,284.5,0.5,,2073.0,593251.3,13.0,7.899999999999977,2.800425381070534,0.17574692442882248,45634.71538461539,286.18007718282684
2026-05-25T05:45:23+00:00,2026-05-25T11:30:23+05:45,2026-05-25,11:30:23,1779687923,0,5,11,nepse_official,OPEN,2026-05-25,KBL,Kumari Bank Limited,220.0,222.5,219.0,,219.5,218.7,0.8000000000000114,,28692.0,6319611.8,87.0,3.5,1.5909090909090908,0.36579789666209944,72639.21609195402,220.25692876063013
2026-05-25T05:45:23+00:00,2026-05-25T11:30:23+05:45,2026-05-25,11:30:23,1779687923,0,5,11,nepse_official,OPEN,2026-05-25,KDBY,Kumari Dhanabriddhi Yojana,11.41,11.45,11.41,,11.42,11.45,-0.02999999999999936,,500.0,5714.0,4.0,0.03999999999999915,0.3505696757230425,-0.2620087336244486,1428.5,11.428
2026-05-25T05:45:23+00:00,2026-05-25T11:30:23+05:45,2026-05-25,11:30:23,1779687923,0,5,11,nepse_official,OPEN,2026-05-25,KDL,Kalinchowk Darshan Limited,850.0,850.0,812.0,,821.0,826.8,-5.7999999999999545,,260.0,214592.0,12.0,38.0,4.470588235294118,-0.7014997581035263,17882.666666666668,825.3538461538461
2026-05-25T05:45:23+00:00,2026-05-25T11:30:23+05:45,2026-05-25,11:30:23,1779687923,0,5,11,nepse_official,OPEN,2026-05-25,KEF,Kumari Equity Fund,10.75,10.81,10.75,,10.81,10.75,0.0600000000000005,,300.0,3231.0,2.0,0.0600000000000005,0.5581395348837256,0.5581395348837256,1615.5,10.77
2026-05-25T05:45:23+00:00,2026-05-25T11:30:23+05:45,2026-05-25,11:30:23,1779687923,0,5,11,nepse_official,OPEN,2026-05-25,KKHC,Khanikhola Hydropower Co. Ltd.,273.5,273.5,266.0,,268.0,266.1,1.8999999999999773,,7953.0,2134397.0,40.0,7.5,2.742230347349177,0.7140172867343018,53359.925,268.3763359738463
2026-05-25T05:45:23+00:00,2026-05-25T11:30:23+05:45,2026-05-25,11:30:23,1779687923,0,5,11,nepse_official,OPEN,2026-05-25,KMCDB,Kalika Laghubitta Bittiya Sanstha Ltd,860.0,865.0,860.0,,865.0,860.0,5.0,,30.0,25895.0,2.0,5.0,0.5813953488372093,0.5813953488372093,12947.5,863.1666666666666
2026-05-25T05:45:23+00:00,2026-05-25T11:30:23+05:45,2026-05-25,11:30:23,1779687923,0,5,11,nepse_official,OPEN,2026-05-25,KPCL,Kalika power Company Ltd,490.0,500.0,490.0,,500.0,493.5,6.5,,435.0,213500.0,2.0,10.0,2.0408163265306123,1.3171225937183384,106750.0,490.8045977011494
2026-05-25T05:45:23+00:00,2026-05-25T11:30:23+05:45,2026-05-25,11:30:23,1779687923,0,5,11,nepse_official,OPEN,2026-05-25,KSBBL,Kamana Sewa Bikas Bank Limited,484.0,484.0,484.0,,484.0,482.1,1.8999999999999773,,27.0,13068.0,2.0,0.0,0.0,0.3941091059946022,6534.0,484.0
2026-05-25T05:45:23+00:00,2026-05-25T11:30:23+05:45,2026-05-25,11:30:23,1779687923,0,5,11,nepse_official,OPEN,2026-05-25,KSY,Kumari Sabal Yojana,9.8,9.8,9.8,,9.8,9.8,0.0,,100.0,980.0,1.0,0.0,0.0,0.0,980.0,9.8
2026-05-25T05:45:23+00:00,2026-05-25T11:30:23+05:45,2026-05-25,11:30:23,1779687923,0,5,11,nepse_official,OPEN,2026-05-25,LBBL,Lumbini Bikas Bank Ltd.,498.1,498.1,491.0,,492.1,491.0,1.1000000000000227,,1782.0,877150.0,12.0,7.100000000000023,1.4254165830154633,0.22403258655804945,73095.83333333333,492.2278338945006
2026-05-25T05:45:23+00:00,2026-05-25T11:30:23+05:45,2026-05-25,11:30:23,1779687923,0,5,11,nepse_official,OPEN,2026-05-25,LEC,Liberty Energy Company Limited,222.0,237.9,222.0,,233.4,233.0,0.4000000000000057,,20556.0,4823785.1,52.0,15.900000000000006,7.162162162162165,0.1716738197424917,92765.09807692307,234.66555263669972
2026-05-25T05:45:23+00:00,2026-05-25T11:30:23+05:45,2026-05-25,11:30:23,1779687923,0,5,11,nepse_official,OPEN,2026-05-25,LICN,Life Insurance Corporation (Nepal) Limited,829.0,829.0,825.0,,825.0,813.0,12.0,,120.0,99080.0,2.0,4.0,0.48250904704463204,1.4760147601476015,49540.0,825.6666666666666
2026-05-25T05:45:23+00:00,2026-05-25T11:30:23+05:45,2026-05-25,11:30:23,1779687923,0,5,11,nepse_official,OPEN,2026-05-25,LLBS,Laxmi Laghubitta Bittiya Sanstha Ltd.,958.0,958.0,958.0,,958.0,958.0,0.0,,500.0,479000.0,1.0,0.0,0.0,0.0,479000.0,958.0
2026-05-25T05:45:23+00:00,2026-05-25T11:30:23+05:45,2026-05-25,11:30:23,1779687923,0,5,11,nepse_official,OPEN,2026-05-25,LSL,Laxmi Sunrise Bank Limited,215.0,244.0,215.0,,227.0,225.9,1.0999999999999943,,5036.0,1152049.3,49.0,29.0,13.488372093023257,0.48694112439132103,23511.210204081635,228.76276806989677
2026-05-25T05:45:23+00:00,2026-05-25T11:30:23+05:45,2026-05-25,11:30:23,1779687923,0,5,11,nepse_official,OPEN,2026-05-25,LUK,Laxmi Unnati Kosh,9.95,9.95,9.95,,9.95,9.95,0.0,,100.0,995.0,1.0,0.0,0.0,0.0,995.0,9.95
2026-05-25T05:45:23+00:00,2026-05-25T11:30:23+05:45,2026-05-25,11:30:23,1779687923,0,5,11,nepse_official,OPEN,2026-05-25,LVF2,Laxmi Value Fund 2,9.8,9.8,9.8,,9.8,10.0,-0.1999999999999993,,100.0,980.0,1.0,0.0,0.0,-1.9999999999999927,980.0,9.8
2026-05-25T05:45:23+00:00,2026-05-25T11:30:23+05:45,2026-05-25,11:30:23,1779687923,0,5,11,nepse_official,OPEN,2026-05-25,MABEL,Mabilung Energy Limited,760.0,782.0,760.0,,769.0,760.0,9.0,,6282.0,4823927.7,79.0,22.0,2.8947368421052633,1.1842105263157896,61062.37594936709,767.8968003820439
2026-05-25T05:45:23+00:00,2026-05-25T11:30:23+05:45,2026-05-25,11:30:23,1779687923,0,5,11,nepse_official,OPEN,2026-05-25,MAKAR,Makar Jitumaya Suri Hydropower Limited,535.1,535.1,519.1,,519.1,509.7,9.400000000000034,,20.0,10542.0,2.0,16.0,2.9900953092879834,1.8442220914263359,5271.0,527.1
2026-05-25T05:45:23+00:00,2026-05-25T11:30:23+05:45,2026-05-25,11:30:23,1779687923,0,5,11,nepse_official,OPEN,2026-05-25,MATRI,Matribhumi Lagubitta Bittiya Sanstha Limited,881.0,881.0,881.0,,881.0,895.0,-14.0,,10.0,8810.0,1.0,0.0,0.0,-1.564245810055866,8810.0,881.0
2026-05-25T05:45:23+00:00,2026-05-25T11:30:23+05:45,2026-05-25,11:30:23,1779687923,0,5,11,nepse_official,OPEN,2026-05-25,MBJC,Madhya Bhotekoshi Jalavidyut Company Limited,286.0,288.0,281.3,,285.0,286.0,-1.0,,830.0,236244.0,31.0,6.699999999999989,2.3426573426573385,-0.34965034965034963,7620.774193548387,284.6313253012048
2026-05-25T05:45:23+00:00,2026-05-25T11:30:23+05:45,2026-05-25,11:30:23,1779687923,0,5,11,nepse_official,OPEN,2026-05-25,MBL,Machhapuchhre Bank Limited,253.7,255.0,253.7,,254.0,252.9,1.0999999999999943,,16280.0,4131229.5,17.0,1.3000000000000114,0.5124162396531381,0.43495452748121566,243013.5,253.7610257985258
2026-05-25T05:45:23+00:00,2026-05-25T11:30:23+05:45,2026-05-25,11:30:23,1779687923,0,5,11,nepse_official,OPEN,2026-05-25,MBLEF,MBL Equity Fund,9.93,9.93,9.93,,9.93,10.05,-0.120000000000001,,200.0,1986.0,2.0,0.0,0.0,-1.1940298507462785,993.0,9.93
2026-05-25T05:45:23+00:00,2026-05-25T11:30:23+05:45,2026-05-25,11:30:23,1779687923,0,5,11,nepse_official,OPEN,2026-05-25,MCHL,Menchhiyam Hydropower Limited,323.0,327.5,323.0,,327.3,322.9,4.400000000000034,,1784.0,582707.6,14.0,4.5,1.393188854489164,1.3626509755342318,41621.97142857143,326.6298206278027
2026-05-25T05:45:23+00:00,2026-05-25T11:30:23+05:45,2026-05-25,11:30:23,1779687923,0,5,11,nepse_official,OPEN,2026-05-25,MDB,Miteri Development Bank Limited,615.0,616.0,615.0,,616.0,614.6,1.3999999999999773,,420.0,258320.0,3.0,1.0,0.16260162601626016,0.22779043280181863,86106.66666666667,615.047619047619
2026-05-25T05:45:23+00:00,2026-05-25T11:30:23+05:45,2026-05-25,11:30:23,1779687923,0,5,11,nepse_official,OPEN,2026-05-25,MEHL,Manakamana Engineering Hydropower Limited,379.0,379.0,379.0,,379.0,380.0,-1.0,,10.0,3790.0,1.0,0.0,0.0,-0.2631578947368421,3790.0,379.0
2026-05-25T05:45:23+00:00,2026-05-25T11:30:23+05:45,2026-05-25,11:30:23,1779687923,0,5,11,nepse_official,OPEN,2026-05-25,MEL,Modi Energy Limited,238.0,239.0,235.1,,239.0,238.1,0.9000000000000057,,2250.0,531279.0,32.0,3.9000000000000057,1.6386554621848766,0.37799244015119937,16602.46875,236.124
2026-05-25T05:45:23+00:00,2026-05-25T11:30:23+05:45,2026-05-25,11:30:23,1779687923,0,5,11,nepse_official,OPEN,2026-05-25,MEN,Mountain Energy Nepal Limited,610.0,615.0,607.0,,608.7,604.0,4.7000000000000455,,1355.0,829280.7,19.0,8.0,1.3114754098360655,0.7781456953642459,43646.35263157894,612.0152767527675
2026-05-25T05:45:23+00:00,2026-05-25T11:30:23+05:45,2026-05-25,11:30:23,1779687923,0,5,11,nepse_official,OPEN,2026-05-25,MERO,Mero Microfinance Bittiya Sanstha Ltd.,732.9,733.0,729.3,,729.3,718.0,11.299999999999955,,360.0,263833.0,3.0,3.7000000000000455,0.5048437713194223,1.5738161559888515,87944.33333333333,732.8694444444444
2026-05-25T05:45:23+00:00,2026-05-25T11:30:23+05:45,2026-05-25,11:30:23,1779687923,0,5,11,nepse_official,OPEN,2026-05-25,MFIL,Manjushree Finance Ltd.,785.0,804.0,785.0,,804.0,802.0,2.0,,3280.0,2613169.0,14.0,19.0,2.420382165605096,0.24937655860349126,186654.92857142858,796.6978658536585
2026-05-25T05:45:23+00:00,2026-05-25T11:30:23+05:45,2026-05-25,11:30:23,1779687923,0,5,11,nepse_official,OPEN,2026-05-25,MHCL,Molung Hydropower Company Limited,370.0,372.0,370.0,,370.0,368.9,1.1000000000000227,,1183.0,437858.0,13.0,2.0,0.5405405405405406,0.2981837896448964,33681.38461538462,370.1251056635672
2026-05-25T05:45:23+00:00,2026-05-25T11:30:23+05:45,2026-05-25,11:30:23,1779687923,0,5,11,nepse_official,OPEN,2026-05-25,MHL,Mandakini Hydropower Limited,500.0,500.0,500.0,,500.0,500.0,0.0,,50.0,25000.0,3.0,0.0,0.0,0.0,8333.333333333334,500.0
2026-05-25T05:45:23+00:00,2026-05-25T11:30:23+05:45,2026-05-25,11:30:23,1779687923,0,5,11,nepse_official,OPEN,2026-05-25,MHNL,Mountain Hydro Nepal Limited,268.0,276.0,268.0,,271.0,270.0,1.0,,325.0,88820.0,5.0,8.0,2.9850746268656714,0.3703703703703704,17764.0,273.2923076923077
2026-05-25T05:45:23+00:00,2026-05-25T11:30:23+05:45,2026-05-25,11:30:23,1779687923,0,5,11,nepse_official,OPEN,2026-05-25,MKCL,Muktinath Krishi Company Limited,1290.0,1290.0,1290.0,,1290.0,1288.0,2.0,,10.0,12900.0,1.0,0.0,0.0,0.15527950310559005,12900.0,1290.0
2026-05-25T05:45:23+00:00,2026-05-25T11:30:23+05:45,2026-05-25,11:30:23,1779687923,0,5,11,nepse_official,OPEN,2026-05-25,MKHC,Maya Khola Hydropower Company Limited,320.0,326.9,320.0,,326.2,320.0,6.199999999999989,,2393.0,779339.3,22.0,6.899999999999977,2.156249999999993,1.9374999999999964,35424.51363636364,325.6745925616381
2026-05-25T05:45:23+00:00,2026-05-25T11:30:23+05:45,2026-05-25,11:30:23,1779687923,0,5,11,nepse_official,OPEN,2026-05-25,MKHL,Mai Khola Hydropower Limited,523.1,554.9,523.1,,547.0,545.0,2.0,,461.0,251135.7,16.0,31.799999999999955,6.079143567195556,0.3669724770642202,15695.98125,544.7629067245119
2026-05-25T05:45:23+00:00,2026-05-25T11:30:23+05:45,2026-05-25,11:30:23,1779687923,0,5,11,nepse_official,OPEN,2026-05-25,MKJC,Mailung Khola Jal Vidhyut Company Limited,500.0,500.0,500.0,,500.0,490.0,10.0,,100.0,50000.0,5.0,0.0,0.0,2.0408163265306123,10000.0,500.0
2026-05-25T05:45:23+00:00,2026-05-25T11:30:23+05:45,2026-05-25,11:30:23,1779687923,0,5,11,nepse_official,OPEN,2026-05-25,MLBBL,Mithila LaghuBitta Bittiya Sanstha Limited,1220.0,1220.0,1190.0,,1190.0,1198.0,-8.0,,700.0,833675.0,6.0,30.0,2.459016393442623,-0.667779632721202,138945.83333333334,1190.9642857142858
2026-05-25T05:45:23+00:00,2026-05-25T11:30:23+05:45,2026-05-25,11:30:23,1779687923,0,5,11,nepse_official,OPEN,2026-05-25,MLBL,Mahalaxmi Bikas Bank Ltd.,369.9,369.9,369.0,,369.0,365.9,3.1000000000000227,,170.0,62874.0,3.0,0.8999999999999773,0.24330900243308387,0.8472260180377216,20958.0,369.84705882352944
2026-05-25T05:45:23+00:00,2026-05-25T11:30:23+05:45,2026-05-25,11:30:23,1779687923,0,5,11,nepse_official,OPEN,2026-05-25,MLBSL,Mahila Lagubitta Bittiya Sanstha Limited ,1800.0,1800.0,1790.0,,1790.0,1800.0,-10.0,,47.0,83822.0,2.0,10.0,0.5555555555555556,-0.5555555555555556,41911.0,1783.4468085106382
2026-05-25T05:45:23+00:00,2026-05-25T11:30:23+05:45,2026-05-25,11:30:23,1779687923,0,5,11,nepse_official,OPEN,2026-05-25,MMF1,Mega Mutual Fund -1,9.7,9.7,9.41,,9.68,9.59,0.08999999999999986,,400.0,3846.0,4.0,0.28999999999999915,2.989690721649476,0.9384775808133458,961.5,9.615
2026-05-25T05:45:23+00:00,2026-05-25T11:30:23+05:45,2026-05-25,11:30:23,1779687923,0,5,11,nepse_official,OPEN,2026-05-25,MMKJL,Mathillo Mailun Khola Jalvidhyut Limited,494.0,508.0,494.0,,500.0,501.0,-1.0,,753.0,377950.0,10.0,14.0,2.834008097165992,-0.19960079840319359,37795.0,501.92563081009297
2026-05-25T05:45:23+00:00,2026-05-25T11:30:23+05:45,2026-05-25,11:30:23,1779687923,0,5,11,nepse_official,OPEN,2026-05-25,MNBBL,Muktinath Bikas Bank Ltd.,374.3,378.7,374.0,,378.0,372.9,5.100000000000023,,2987.0,1125036.6,21.0,4.699999999999989,1.2556772642265532,1.3676588897827897,53573.17142857143,376.6443254101105
2026-05-25T05:45:23+00:00,2026-05-25T11:30:23+05:45,2026-05-25,11:30:23,1779687923,0,5,11,nepse_official,OPEN,2026-05-25,MNMF1,Muktinath Mutual Fund 1,9.9,9.91,9.9,,9.91,10.0,-0.08999999999999986,,200.0,1981.0,2.0,0.009999999999999787,0.10101010101009886,-0.8999999999999986,990.5,9.905
2026-05-25T05:45:23+00:00,2026-05-25T11:30:23+05:45,2026-05-25,11:30:23,1779687923,0,5,11,nepse_official,OPEN,2026-05-25,MPFL,Multipurpose Finance Company  Limited,624.9,624.9,613.0,,613.0,619.5,-6.5,,20.0,12379.0,2.0,11.899999999999977,1.9043046887501964,-1.0492332526230832,6189.5,618.95
2026-05-25T05:45:23+00:00,2026-05-25T11:30:23+05:45,2026-05-25,11:30:23,1779687923,0,5,11,nepse_official,OPEN,2026-05-25,MSLB,Mahuli Laghubitta Bittiya Sanstha Limited,1272.0,1272.0,1268.0,,1268.0,1240.0,28.0,,21.0,26672.0,2.0,4.0,0.3144654088050315,2.258064516129032,13336.0,1270.095238095238
2026-05-25T05:45:23+00:00,2026-05-25T11:30:23+05:45,2026-05-25,11:30:23,1779687923,0,5,11,nepse_official,OPEN,2026-05-25,NABBC,Narayani Development Bank Limited,930.0,968.0,930.0,,939.0,950.0,-11.0,,675.0,635390.0,8.0,38.0,4.086021505376344,-1.1578947368421053,79423.75,941.3185185185185
2026-05-25T05:45:23+00:00,2026-05-25T11:30:23+05:45,2026-05-25,11:30:23,1779687923,0,5,11,nepse_official,OPEN,2026-05-25,NABIL,Nabil Bank Limited,530.0,533.0,530.0,,530.0,530.0,0.0,,12005.0,6378971.9,117.0,3.0,0.5660377358490566,0.0,54521.127350427356,531.3595918367347
2026-05-25T05:45:23+00:00,2026-05-25T11:30:23+05:45,2026-05-25,11:30:23,1779687923,0,5,11,nepse_official,OPEN,2026-05-25,NADEP,Nadep Laghubittiya bittya Sanstha Ltd.,741.0,763.2,741.0,,763.2,745.0,18.200000000000045,,58.0,43470.0,3.0,22.200000000000045,2.9959514170040547,2.4429530201342344,14490.0,749.4827586206897
2026-05-25T05:45:23+00:00,2026-05-25T11:30:23+05:45,2026-05-25,11:30:23,1779687923,0,5,11,nepse_official,OPEN,2026-05-25,NBF2,NABIL BALANCED FUND-2,9.95,9.95,9.95,,9.95,9.95,0.0,,100.0,995.0,1.0,0.0,0.0,0.0,995.0,9.95
2026-05-25T05:45:23+00:00,2026-05-25T11:30:23+05:45,2026-05-25,11:30:23,1779687923,0,5,11,nepse_official,OPEN,2026-05-25,NBF3,Nabil Balanced Fund-3,9.95,9.95,9.95,,9.95,9.95,0.0,,200.0,1990.0,2.0,0.0,0.0,0.0,995.0,9.95
2026-05-25T05:45:23+00:00,2026-05-25T11:30:23+05:45,2026-05-25,11:30:23,1779687923,0,5,11,nepse_official,OPEN,2026-05-25,NBL,Nepal Bank Limited,252.1,276.0,252.1,,269.1,265.3,3.8000000000000114,,16196.0,4398783.3,52.0,23.900000000000006,9.480364934549785,1.4323407463249194,84591.98653846154,271.5968942948876
2026-05-25T05:45:23+00:00,2026-05-25T11:30:23+05:45,2026-05-25,11:30:23,1779687923,0,5,11,nepse_official,OPEN,2026-05-25,NFS,Nepal Finance Ltd.,584.0,584.0,570.0,,570.0,570.0,0.0,,1782.0,1016601.0,16.0,14.0,2.3972602739726026,0.0,63537.5625,570.483164983165
2026-05-25T05:45:23+00:00,2026-05-25T11:30:23+05:45,2026-05-25,11:30:23,1779687923,0,5,11,nepse_official,OPEN,2026-05-25,NGPL,Ngadi Group Power Ltd.,435.0,460.0,435.0,,453.0,451.5,1.5,,82748.0,37525044.7,119.0,25.0,5.747126436781609,0.33222591362126247,315336.51008403365,453.48582080533674
2026-05-25T05:45:23+00:00,2026-05-25T11:30:23+05:45,2026-05-25,11:30:23,1779687923,0,5,11,nepse_official,OPEN,2026-05-25,NHPC,National Hydro Power Company Limited,309.7,309.7,295.0,,300.1,295.0,5.100000000000023,,66633.0,19971657.1,226.0,14.699999999999989,4.746528898934449,1.7288135593220417,88370.16415929204,299.7262182402113
2026-05-25T05:45:23+00:00,2026-05-25T11:30:23+05:45,2026-05-25,11:30:23,1779687923,0,5,11,nepse_official,OPEN,2026-05-25,NIBLSTF,NIBL Stable Fund,9.13,9.35,9.13,,9.35,9.29,0.0600000000000005,,200.0,1848.0,2.0,0.21999999999999886,2.409638554216855,0.645855758880522,924.0,9.24
2026-05-25T05:45:23+00:00,2026-05-25T11:30:23+05:45,2026-05-25,11:30:23,1779687923,0,5,11,nepse_official,OPEN,2026-05-25,NIBSF2,NIBL Samriddhi Fund -2,9.14,9.14,9.14,,9.14,9.35,-0.20999999999999908,,100.0,914.0,1.0,0.0,0.0,-2.245989304812824,914.0,9.14
2026-05-25T05:45:23+00:00,2026-05-25T11:30:23+05:45,2026-05-25,11:30:23,1779687923,0,5,11,nepse_official,OPEN,2026-05-25,NICA,NIC Asia Bank Ltd.,365.0,365.0,345.0,,354.0,352.5,1.5,,3273.0,1158532.0,30.0,20.0,5.47945205479452,0.425531914893617,38617.73333333333,353.9663916895814
2026-05-25T05:45:23+00:00,2026-05-25T11:30:23+05:45,2026-05-25,11:30:23,1779687923,0,5,11,nepse_official,OPEN,2026-05-25,NICFC,NIC Asia Flexi CAP Fund,9.17,9.44,9.17,,9.44,9.4,0.03999999999999915,,400.0,3722.0,3.0,0.2699999999999996,2.94438386041439,0.4255319148936079,1240.6666666666667,9.305
2026-05-25T05:45:23+00:00,2026-05-25T11:30:23+05:45,2026-05-25,11:30:23,1779687923,0,5,11,nepse_official,OPEN,2026-05-25,NICGF2,NIC ASIA Growth Fund-2,9.92,9.92,9.92,,9.92,9.64,0.27999999999999936,,100.0,992.0,1.0,0.0,0.0,2.9045643153526903,992.0,9.92
2026-05-25T05:45:23+00:00,2026-05-25T11:30:23+05:45,2026-05-25,11:30:23,1779687923,0,5,11,nepse_official,OPEN,2026-05-25,NICL,Nepal Insurance Co. Ltd.,500.0,500.0,497.0,,497.0,497.0,0.0,,1037.0,515449.0,7.0,3.0,0.6,0.0,73635.57142857143,497.05785920925746
2026-05-25T05:45:23+00:00,2026-05-25T11:30:23+05:45,2026-05-25,11:30:23,1779687923,0,5,11,nepse_official,OPEN,2026-05-25,NICLBSL,NIC ASIA Laghubitta Bittiya Sanstha Limited,574.0,583.6,574.0,,574.0,574.0,0.0,,196.0,113939.0,6.0,9.600000000000023,1.6724738675958226,0.0,18989.833333333332,581.3214285714286
2026-05-25T05:45:23+00:00,2026-05-25T11:30:23+05:45,2026-05-25,11:30:23,1779687923,0,5,11,nepse_official,OPEN,2026-05-25,NICSF,NIC Asia Select Fund 30,9.39,9.39,9.39,,9.39,9.29,0.10000000000000142,,100.0,939.0,1.0,0.0,0.0,1.0764262648008764,939.0,9.39
2026-05-25T05:45:23+00:00,2026-05-25T11:30:23+05:45,2026-05-25,11:30:23,1779687923,0,5,11,nepse_official,OPEN,2026-05-25,NIFRA,Nepal Infrastructure Bank Limited,266.1,269.0,266.0,,267.0,266.8,0.19999999999998863,,3973.0,1061827.0,59.0,3.0,1.1273957158962795,0.07496251874062543,17997.06779661017,267.26076013088345
2026-05-25T05:45:23+00:00,2026-05-25T11:30:23+05:45,2026-05-25,11:30:23,1779687923,0,5,11,nepse_official,OPEN,2026-05-25,NIFRAGED,Nifra Green Energy Debenture 6% - 2088/89,1035.5,1035.5,1035.5,,1035.5,1035.3,0.20000000000004547,,25.0,25887.5,1.0,0.0,0.0,0.019318072056413164,25887.5,1035.5
2026-05-25T05:45:23+00:00,2026-05-25T11:30:23+05:45,2026-05-25,11:30:23,1779687923,0,5,11,nepse_official,OPEN,2026-05-25,NIL,Neco Insurance Limited,610.0,610.1,610.0,,610.1,614.0,-3.8999999999999773,,109.0,66497.0,4.0,0.10000000000002274,0.016393442622954547,-0.6351791530944588,16624.25,610.0642201834862
2026-05-25T05:45:23+00:00,2026-05-25T11:30:23+05:45,2026-05-25,11:30:23,1779687923,0,5,11,nepse_official,OPEN,2026-05-25,NIMB,Nepal Investment Mega Bank Limited,199.0,200.0,198.0,,199.0,198.0,1.0,,29143.0,5817507.1,83.0,2.0,1.0050251256281406,0.5050505050505051,70090.4469879518,199.61936314037675
2026-05-25T05:45:23+00:00,2026-05-25T11:30:23+05:45,2026-05-25,11:30:23,1779687923,0,5,11,nepse_official,OPEN,2026-05-25,NLIC,Nepal Life Insurance Co. Ltd.,770.0,779.8,765.0,,767.0,769.8,-2.7999999999999545,,754.0,580443.6,15.0,14.799999999999955,1.9220779220779163,-0.3637308391790016,38696.24,769.819098143236
2026-05-25T05:45:23+00:00,2026-05-25T11:30:23+05:45,2026-05-25,11:30:23,1779687923,0,5,11,nepse_official,OPEN,2026-05-25,NMB,NMB Bank Limited,248.0,249.0,247.0,,249.0,248.6,0.4000000000000057,,1125.0,278895.0,4.0,2.0,0.8064516129032258,0.16090104585680035,69723.75,247.90666666666667
2026-05-25T05:45:23+00:00,2026-05-25T11:30:23+05:45,2026-05-25,11:30:23,1779687923,0,5,11,nepse_official,OPEN,2026-05-25,NMFBS,National Laghubitta Bittiya Sanstha Limited,1117.0,1150.0,1117.0,,1150.0,1140.0,10.0,,552.0,633880.0,11.0,33.0,2.954341987466428,0.8771929824561403,57625.454545454544,1148.3333333333333
2026-05-25T05:45:23+00:00,2026-05-25T11:30:23+05:45,2026-05-25,11:30:23,1779687923,0,5,11,nepse_official,OPEN,2026-05-25,NMIC,Nepal Micro Insurance Company Limited,1040.0,1045.9,1025.0,,1026.1,1025.0,1.099999999999909,,885.0,915052.0,21.0,20.90000000000009,2.0096153846153935,0.10731707317072282,43573.90476190476,1033.9570621468927
2026-05-25T05:45:23+00:00,2026-05-25T11:30:23+05:45,2026-05-25,11:30:23,1779687923,0,5,11,nepse_official,OPEN,2026-05-25,NMLBBL,Nerude Mirmire Laghubitta Bittiya Sanstha Limited,571.0,588.0,571.0,,588.0,588.0,0.0,,360.0,210830.0,3.0,17.0,2.9772329246935203,0.0,70276.66666666667,585.6388888888889
2026-05-25T05:45:23+00:00,2026-05-25T11:30:23+05:45,2026-05-25,11:30:23,1779687923,0,5,11,nepse_official,OPEN,2026-05-25,NRIC,Nepal Reinsurance Company Limited,914.1,920.0,911.0,,920.0,908.1,11.899999999999977,,1883.0,1727880.7,31.0,9.0,0.9845749917952084,1.3104283669199401,55738.087096774194,917.6211895910781
2026-05-25T05:45:23+00:00,2026-05-25T11:30:23+05:45,2026-05-25,11:30:23,1779687923,0,5,11,nepse_official,OPEN,2026-05-25,NRM,Nepal Republic Media Limited,345.9,388.0,345.9,,366.0,364.1,1.8999999999999773,,1837.0,679665.2,27.0,42.10000000000002,12.171147730557973,0.5218346608074642,25172.785185185185,369.9864997278171
2026-05-25T05:45:23+00:00,2026-05-25T11:30:23+05:45,2026-05-25,11:30:23,1779687923,0,5,11,nepse_official,OPEN,2026-05-25,NRN,NRN Infrastructure and Development Limited,1425.0,1440.0,1387.0,,1405.0,1399.0,6.0,,5797.0,8269546.5,59.0,53.0,3.7192982456140355,0.42887776983559683,140161.80508474575,1426.5217353803691
2026-05-25T05:45:23+00:00,2026-05-25T11:30:23+05:45,2026-05-25,11:30:23,1779687923,0,5,11,nepse_official,OPEN,2026-05-25,NSIF2,NMB Sulav Investment Fund - 2,10.6,10.75,10.6,,10.75,10.75,0.0,,400.0,4272.0,4.0,0.15000000000000036,1.4150943396226447,0.0,1068.0,10.68
2026-05-25T05:45:23+00:00,2026-05-25T11:30:23+05:45,2026-05-25,11:30:23,1779687923,0,5,11,nepse_official,OPEN,2026-05-25,NSY,Nepal Life Samriddhi Lagani Yojana,9.44,9.5,9.44,,9.5,9.68,-0.17999999999999972,,460.0,4351.0,3.0,0.0600000000000005,0.6355932203389884,-1.8595041322314023,1450.3333333333333,9.458695652173914
2026-05-25T05:45:23+00:00,2026-05-25T11:30:23+05:45,2026-05-25,11:30:23,1779687923,0,5,11,nepse_official,OPEN,2026-05-25,NTC,Nepal Doorsanchar Company Limited,890.0,899.9,889.0,,889.0,890.4,-1.3999999999999773,,1560.0,1388889.5,31.0,10.899999999999977,1.224719101123593,-0.15723270440251316,44802.8870967742,890.313782051282
2026-05-25T05:45:23+00:00,2026-05-25T11:30:23+05:45,2026-05-25,11:30:23,1779687923,0,5,11,nepse_official,OPEN,2026-05-25,NUBL,Nirdhan Utthan Laghubitta Bittiya Sanstha Limited,665.0,665.0,658.0,,658.0,660.0,-2.0,,250.0,165103.0,4.0,7.0,1.0526315789473684,-0.30303030303030304,41275.75,660.412
2026-05-25T05:45:23+00:00,2026-05-25T11:30:23+05:45,2026-05-25,11:30:23,1779687923,0,5,11,nepse_official,OPEN,2026-05-25,NWCL,Nepal Warehousing Company Limited ,803.0,812.0,803.0,,812.0,804.0,8.0,,40.0,32380.0,4.0,9.0,1.1207970112079702,0.9950248756218906,8095.0,809.5
2026-05-25T05:45:23+00:00,2026-05-25T11:30:23+05:45,2026-05-25,11:30:23,1779687923,0,5,11,nepse_official,OPEN,2026-05-25,NYADI,Nyadi Hydropower Limited,399.9,399.9,391.0,,391.0,391.1,-0.10000000000002274,,150.0,59540.0,3.0,8.899999999999977,2.2255563890972687,-0.02556890820762535,19846.666666666668,396.93333333333334
2026-05-25T05:45:23+00:00,2026-05-25T11:30:23+05:45,2026-05-25,11:30:23,1779687923,0,5,11,nepse_official,OPEN,2026-05-25,OHL,Oriental Hotels Limited,708.0,712.0,708.0,,712.0,692.4,19.600000000000023,,114.0,80752.0,3.0,4.0,0.5649717514124294,2.8307336799537874,26917.333333333332,708.3508771929825
2026-05-25T05:45:23+00:00,2026-05-25T11:30:23+05:45,2026-05-25,11:30:23,1779687923,0,5,11,nepse_official,OPEN,2026-05-25,OMPL,Om Megashree Pharmaceuticals Limited,1190.0,1210.0,1190.0,,1191.0,1180.0,11.0,,1454.0,1750377.5,36.0,20.0,1.680672268907563,0.9322033898305085,48621.59722222222,1203.835969738652
2026-05-25T05:45:23+00:00,2026-05-25T11:30:23+05:45,2026-05-25,11:30:23,1779687923,0,5,11,nepse_official,OPEN,2026-05-25,PCBL,Prime Commercial Bank Ltd.,240.5,242.0,239.0,,241.0,240.5,0.5,,4983.0,1200570.1,15.0,3.0,1.2474012474012475,0.2079002079002079,80038.00666666667,240.93319285570942
2026-05-25T05:45:23+00:00,2026-05-25T11:30:23+05:45,2026-05-25,11:30:23,1779687923,0,5,11,nepse_official,OPEN,2026-05-25,PCIL,Palpa Cement Industries Limited,827.0,843.0,815.0,,836.2,827.0,9.200000000000045,,10217.0,8564601.6,317.0,28.0,3.3857315598548974,1.1124546553809003,27017.670662460565,838.2697073504943
2026-05-25T05:45:23+00:00,2026-05-25T11:30:23+05:45,2026-05-25,11:30:23,1779687923,0,5,11,nepse_official,OPEN,2026-05-25,PFL,Pokhara Finance Ltd.,379.0,379.0,370.0,,371.0,375.0,-4.0,,201.0,74576.0,7.0,9.0,2.3746701846965697,-1.0666666666666667,10653.714285714286,371.02487562189054
2026-05-25T05:45:23+00:00,2026-05-25T11:30:23+05:45,2026-05-25,11:30:23,1779687923,0,5,11,nepse_official,OPEN,2026-05-25,PHCL,Peoples Hydropower Company Limited,308.0,314.0,308.0,,311.0,309.2,1.8000000000000114,,6454.0,2004968.0,45.0,6.0,1.948051948051948,0.5821474773609351,44554.84444444445,310.65509761388284
2026-05-25T05:45:23+00:00,2026-05-25T11:30:23+05:45,2026-05-25,11:30:23,1779687923,0,5,11,nepse_official,OPEN,2026-05-25,PMHPL,Panchakanya Mai Hydropower Ltd,343.9,346.0,343.0,,343.0,342.0,1.0,,520.0,178599.0,5.0,3.0,0.872346612387322,0.29239766081871343,35719.8,343.4596153846154
2026-05-25T05:45:23+00:00,2026-05-25T11:30:23+05:45,2026-05-25,11:30:23,1779687923,0,5,11,nepse_official,OPEN,2026-05-25,PMLI,Prabhu Mahalaxmi Life Insurance Limited,470.0,470.0,462.5,,462.5,470.0,-7.5,,50.0,23200.0,3.0,7.5,1.5957446808510638,-1.5957446808510638,7733.333333333333,464.0
2026-05-25T05:45:23+00:00,2026-05-25T11:30:23+05:45,2026-05-25,11:30:23,1779687923,0,5,11,nepse_official,OPEN,2026-05-25,PPCL,Panchthar Power Compant Limited,380.0,380.1,378.0,,380.0,380.0,0.0,,1060.0,401725.0,5.0,2.1000000000000227,0.5526315789473744,0.0,80345.0,378.9858490566038
2026-05-25T05:45:23+00:00,2026-05-25T11:30:23+05:45,2026-05-25,11:30:23,1779687923,0,5,11,nepse_official,OPEN,2026-05-25,PPL,People's Power Limited,357.0,361.4,357.0,,360.0,354.0,6.0,,14063.0,5066003.8,82.0,4.399999999999977,1.2324929971988732,1.694915254237288,61780.53414634146,360.2363507075304
2026-05-25T05:45:23+00:00,2026-05-25T11:30:23+05:45,2026-05-25,11:30:23,1779687923,0,5,11,nepse_official,OPEN,2026-05-25,PRIN,Prabhu Insurance Ltd.,669.9,669.9,668.0,,669.9,662.0,7.899999999999977,,1021.0,682086.9,6.0,1.8999999999999773,0.28362442155545264,1.1933534743202383,113681.15000000001,668.0576885406465
2026-05-25T05:45:23+00:00,2026-05-25T11:30:23+05:45,2026-05-25,11:30:23,1779687923,0,5,11,nepse_official,OPEN,2026-05-25,PROFL,Progressive Finance Limited,456.0,457.0,448.0,,448.0,444.0,4.0,,110.0,50165.0,3.0,9.0,1.9736842105263157,0.9009009009009009,16721.666666666668,456.04545454545456
2026-05-25T05:45:23+00:00,2026-05-25T11:30:23+05:45,2026-05-25,11:30:23,1779687923,0,5,11,nepse_official,OPEN,2026-05-25,PRSF,Prabhu Smart Fund,13.0,13.0,13.0,,13.0,12.95,0.05000000000000071,,1600.0,20800.0,1.0,0.0,0.0,0.3861003861003916,20800.0,13.0
2026-05-25T05:45:23+00:00,2026-05-25T11:30:23+05:45,2026-05-25,11:30:23,1779687923,0,5,11,nepse_official,OPEN,2026-05-25,PRVU,Prabhu  Bank Limited,188.1,202.7,188.1,,200.3,198.0,2.3000000000000114,,22008.0,4423804.5,67.0,14.599999999999994,7.76182881446039,1.1616161616161673,66026.9328358209,201.00892857142858
2026-05-25T05:45:23+00:00,2026-05-25T11:30:23+05:45,2026-05-25,11:30:23,1779687923,0,5,11,nepse_official,OPEN,2026-05-25,PURE,Pure Energy Limited,1030.0,1030.0,991.2,,993.4,985.0,8.399999999999977,,1518.0,1525184.6,29.0,38.799999999999955,3.7669902912621316,0.8527918781725865,52592.57241379311,1004.7329380764164
2026-05-25T05:45:23+00:00,2026-05-25T11:30:23+05:45,2026-05-25,11:30:23,1779687923,0,5,11,nepse_official,OPEN,2026-05-25,RADHI,Radhi Bidyut Company Ltd,785.0,795.0,780.0,,780.0,783.0,-3.0,,5366.0,4222715.2,27.0,15.0,1.910828025477707,-0.38314176245210724,156396.85925925928,786.9390980245994
2026-05-25T05:45:23+00:00,2026-05-25T11:30:23+05:45,2026-05-25,11:30:23,1779687923,0,5,11,nepse_official,OPEN,2026-05-25,RAWA,Rawa Energy Development Limited,613.0,613.0,576.0,,576.0,584.0,-8.0,,60.0,35946.0,6.0,37.0,6.035889070146819,-1.36986301369863,5991.0,599.1
2026-05-25T05:45:23+00:00,2026-05-25T11:30:23+05:45,2026-05-25,11:30:23,1779687923,0,5,11,nepse_official,OPEN,2026-05-25,RBBF40,RBB Focus 40,9.33,9.55,9.33,,9.55,9.45,0.10000000000000142,,400.0,3766.0,3.0,0.22000000000000064,2.35798499464095,1.0582010582010732,1255.3333333333333,9.415
2026-05-25T05:45:23+00:00,2026-05-25T11:30:23+05:45,2026-05-25,11:30:23,1779687923,0,5,11,nepse_official,OPEN,2026-05-25,RFPL,River Falls Power Limited,360.0,379.9,360.0,,377.0,376.2,0.8000000000000114,,2115.0,800945.0,29.0,19.899999999999977,5.5277777777777715,0.21265284423179462,27618.793103448275,378.69739952718675
2026-05-25T05:45:23+00:00,2026-05-25T11:30:23+05:45,2026-05-25,11:30:23,1779687923,0,5,11,nepse_official,OPEN,2026-05-25,RHGCL,Rapti Hydro And General Construction Limited,295.1,302.0,291.0,,302.0,298.0,4.0,,4510.0,1352348.0,25.0,11.0,3.7275499830565906,1.342281879194631,54093.92,299.85543237250556
2026-05-25T05:45:23+00:00,2026-05-25T11:30:23+05:45,2026-05-25,11:30:23,1779687923,0,5,11,nepse_official,OPEN,2026-05-25,RHPL,RASUWAGADHI HYDROPOWER COMPANY LIMITED,279.0,283.0,278.0,,282.0,279.0,3.0,,1997.0,560044.0,17.0,5.0,1.7921146953405016,1.0752688172043012,32943.76470588235,280.442663995994
2026-05-25T05:45:23+00:00,2026-05-25T11:30:23+05:45,2026-05-25,11:30:23,1779687923,0,5,11,nepse_official,OPEN,2026-05-25,RIDI,Ridi Power Company Limited,368.0,373.5,365.1,,372.9,366.7,6.199999999999989,,116287.0,43150741.0,283.0,8.399999999999977,2.2826086956521676,1.6907553858740085,152476.11660777385,371.0710655533293
2026-05-25T05:45:23+00:00,2026-05-25T11:30:23+05:45,2026-05-25,11:30:23,1779687923,0,5,11,nepse_official,OPEN,2026-05-25,RLEL,Ridge Line Energy Limited,1026.0,1076.0,1026.0,,1050.0,1026.9,23.09999999999991,,3929.0,4152254.0,98.0,50.0,4.8732943469785575,2.2494887525562284,42369.93877551021,1056.8220921354034
2026-05-25T05:45:23+00:00,2026-05-25T11:30:23+05:45,2026-05-25,11:30:23,1779687923,0,5,11,nepse_official,OPEN,2026-05-25,RLFL,Reliance Finance Ltd.,430.0,444.9,430.0,,444.0,438.9,5.100000000000023,,2401.0,1058725.0,6.0,14.899999999999977,3.4651162790697625,1.1619958988380092,176454.16666666666,440.95168679716784
2026-05-25T05:45:23+00:00,2026-05-25T11:30:23+05:45,2026-05-25,11:30:23,1779687923,0,5,11,nepse_official,OPEN,2026-05-25,RNLI,Reliable Nepal Life Insurance Limited,466.0,466.0,461.0,,463.2,465.0,-1.8000000000000114,,317.0,147265.2,16.0,5.0,1.0729613733905579,-0.3870967741935508,9204.075,464.55899053627763
2026-05-25T05:45:23+00:00,2026-05-25T11:30:23+05:45,2026-05-25,11:30:23,1779687923,0,5,11,nepse_official,OPEN,2026-05-25,RSDC,RSDC Laghubitta Bittiya Sanstha Ltd.,674.0,674.0,674.0,,674.0,667.8,6.2000000000000455,,72.0,48528.0,1.0,0.0,0.0,0.9284216831386711,48528.0,674.0
2026-05-25T05:45:23+00:00,2026-05-25T11:30:23+05:45,2026-05-25,11:30:23,1779687923,0,5,11,nepse_official,OPEN,2026-05-25,RSML,Reliance Spinning Mills Limited,3700.0,3770.0,3700.0,,3766.9,3730.0,36.90000000000009,,5574.0,20943595.5,134.0,70.0,1.891891891891892,0.98927613941019,156295.48880597015,3757.3727125941873
2026-05-25T05:45:23+00:00,2026-05-25T11:30:23+05:45,2026-05-25,11:30:23,1779687923,0,5,11,nepse_official,OPEN,2026-05-25,RSY,Reliable Samriddhi Yojana,10.04,10.1,10.04,,10.1,10.35,-0.25,,2200.0,22100.0,2.0,0.0600000000000005,0.5976095617529931,-2.4154589371980677,11050.0,10.045454545454545
2026-05-25T05:45:23+00:00,2026-05-25T11:30:23+05:45,2026-05-25,11:30:23,1779687923,0,5,11,nepse_official,OPEN,2026-05-25,RURU,Ru Ru Jalbidhyut Pariyojana Limited,670.0,670.0,660.0,,660.0,660.0,0.0,,37.0,24520.0,2.0,10.0,1.4925373134328357,0.0,12260.0,662.7027027027027
2026-05-25T05:45:23+00:00,2026-05-25T11:30:23+05:45,2026-05-25,11:30:23,1779687923,0,5,11,nepse_official,OPEN,2026-05-25,SABBL,Salapa Bikas Bank Limited,1250.0,1259.0,1242.1,,1250.1,1247.0,3.099999999999909,,870.0,1091622.0,30.0,16.90000000000009,1.3520000000000074,0.24859663191659254,36387.4,1254.7379310344827
2026-05-25T05:45:23+00:00,2026-05-25T11:30:23+05:45,2026-05-25,11:30:23,1779687923,0,5,11,nepse_official,OPEN,2026-05-25,SADBL,Shangrila Development Bank Ltd.,416.0,419.9,416.0,,419.9,416.0,3.8999999999999773,,272.0,113191.0,2.0,3.8999999999999773,0.9374999999999946,0.9374999999999946,56595.5,416.14338235294116
2026-05-25T05:45:23+00:00,2026-05-25T11:30:23+05:45,2026-05-25,11:30:23,1779687923,0,5,11,nepse_official,OPEN,2026-05-25,SAGAR,Sagar Distillery Limited,1722.0,1757.0,1722.0,,1730.0,1717.0,13.0,,1373.0,2397840.0,33.0,35.0,2.0325203252032518,0.7571345369831101,72661.81818181818,1746.4238892935177
2026-05-25T05:45:23+00:00,2026-05-25T11:30:23+05:45,2026-05-25,11:30:23,1779687923,0,5,11,nepse_official,OPEN,2026-05-25,SAGF,Sanima Growth Fund,10.15,10.2,10.15,,10.2,10.2,0.0,,400.0,4065.0,3.0,0.049999999999998934,0.49261083743841316,0.0,1355.0,10.1625
2026-05-25T05:45:23+00:00,2026-05-25T11:30:23+05:45,2026-05-25,11:30:23,1779687923,0,5,11,nepse_official,OPEN,2026-05-25,SAHAS,Sahas Urja Limited,664.0,667.9,664.0,,667.2,664.0,3.2000000000000455,,12062.0,8041781.1,92.0,3.8999999999999773,0.5873493975903581,0.4819277108433803,87410.66413043477,666.7037887580832
2026-05-25T05:45:23+00:00,2026-05-25T11:30:23+05:45,2026-05-25,11:30:23,1779687923,0,5,11,nepse_official,OPEN,2026-05-25,SAIL,Shreenagar Agritech Industries Limited,1148.0,1173.0,1148.0,,1151.2,1148.0,3.2000000000000455,,3295.0,3826343.0,56.0,25.0,2.177700348432056,0.27874564459930706,68327.55357142857,1161.2573596358118
2026-05-25T05:45:23+00:00,2026-05-25T11:30:23+05:45,2026-05-25,11:30:23,1779687923,0,5,11,nepse_official,OPEN,2026-05-25,SALICO,Sagarmatha Lumbini Insurance Co. Limited,595.0,611.0,595.0,,611.0,590.0,21.0,,140.0,83610.0,3.0,16.0,2.689075630252101,3.5593220338983054,27870.0,597.2142857142857
2026-05-25T05:45:23+00:00,2026-05-25T11:30:23+05:45,2026-05-25,11:30:23,1779687923,0,5,11,nepse_official,OPEN,2026-05-25,SANIMA,Sanima Bank Limited,370.0,387.5,365.6,,368.0,365.5,2.5,,47616.0,17940888.5,60.0,21.899999999999977,5.918918918918912,0.6839945280437756,299014.80833333335,376.78277259744624
2026-05-25T05:45:23+00:00,2026-05-25T11:30:23+05:45,2026-05-25,11:30:23,1779687923,0,5,11,nepse_official,OPEN,2026-05-25,SANVI,Sanvi Energy Limited,702.1,760.0,702.1,,744.0,739.0,5.0,,5680.0,4250334.5,78.0,57.89999999999998,8.246688505910836,0.6765899864682002,54491.467948717946,748.2983274647887
2026-05-25T05:45:23+00:00,2026-05-25T11:30:23+05:45,2026-05-25,11:30:23,1779687923,0,5,11,nepse_official,OPEN,2026-05-25,SAPDBL,Saptakoshi Development Bank Ltd,795.0,814.9,795.0,,803.0,802.9,0.10000000000002274,,432.0,347998.0,14.0,19.899999999999977,2.5031446540880475,0.012454851164531416,24857.0,805.550925925926
2026-05-25T05:45:23+00:00,2026-05-25T11:30:23+05:45,2026-05-25,11:30:23,1779687923,0,5,11,nepse_official,OPEN,2026-05-25,SARBTM,Sarbottam Cement Limited,858.8,865.0,858.8,,860.0,855.0,5.0,,1468.0,1264908.0,14.0,6.2000000000000455,0.7219375873311651,0.5847953216374269,90350.57142857143,861.6539509536784
2026-05-25T05:45:23+00:00,2026-05-25T11:30:23+05:45,2026-05-25,11:30:23,1779687923,0,5,11,nepse_official,OPEN,2026-05-25,SBI,Nepal SBI Bank Limited,396.0,404.0,396.0,,400.0,405.0,-5.0,,198.0,79408.0,4.0,8.0,2.0202020202020203,-1.2345679012345678,19852.0,401.050505050505
2026-05-25T05:45:23+00:00,2026-05-25T11:30:23+05:45,2026-05-25,11:30:23,1779687923,0,5,11,nepse_official,OPEN,2026-05-25,SBL,Siddhartha Bank Limited,402.0,402.0,399.1,,399.3,400.9,-1.599999999999966,,4370.0,1746435.2,20.0,2.8999999999999773,0.7213930348258649,-0.3991020204539701,87321.76,399.6419221967963
2026-05-25T05:45:23+00:00,2026-05-25T11:30:23+05:45,2026-05-25,11:30:23,1779687923,0,5,11,nepse_official,OPEN,2026-05-25,SCB,Standard Chartered Bank Limited,664.3,664.3,654.0,,654.0,653.2,0.7999999999999545,,315.0,207657.0,9.0,10.299999999999955,1.550504290230311,0.12247397428045845,23073.0,659.2285714285714
2026-05-25T05:45:23+00:00,2026-05-25T11:30:23+05:45,2026-05-25,11:30:23,1779687923,0,5,11,nepse_official,OPEN,2026-05-25,SFCL,Samriddhi Finance Company Limited,371.0,371.0,367.3,,370.0,370.0,0.0,,3851.0,1424650.0,11.0,3.6999999999999886,0.9973045822102394,0.0,129513.63636363637,369.94287198130354
2026-05-25T05:45:23+00:00,2026-05-25T11:30:23+05:45,2026-05-25,11:30:23,1779687923,0,5,11,nepse_official,OPEN,2026-05-25,SFEF,Sunrise Focused Equity Fund,10.13,10.15,10.13,,10.13,10.13,0.0,,400.0,4054.0,3.0,0.019999999999999574,0.19743336623889016,0.0,1351.3333333333333,10.135
2026-05-25T05:45:23+00:00,2026-05-25T11:30:23+05:45,2026-05-25,11:30:23,1779687923,0,5,11,nepse_official,OPEN,2026-05-25,SGHC,Swet-Ganga Hydropower & Construction Limited ,382.0,382.0,372.0,,380.0,380.0,0.0,,635.0,241410.0,9.0,10.0,2.6178010471204187,0.0,26823.333333333332,380.1732283464567
2026-05-25T05:45:23+00:00,2026-05-25T11:30:23+05:45,2026-05-25,11:30:23,1779687923,0,5,11,nepse_official,OPEN,2026-05-25,SGIC,Sanima GIC Insurance Limited,471.0,471.0,461.0,,463.0,464.0,-1.0,,90.0,41810.0,6.0,10.0,2.1231422505307855,-0.21551724137931033,6968.333333333333,464.55555555555554
2026-05-25T05:45:23+00:00,2026-05-25T11:30:23+05:45,2026-05-25,11:30:23,1779687923,0,5,11,nepse_official,OPEN,2026-05-25,SHEL,Singati Hydro Energy Limited,315.0,322.9,315.0,,318.0,318.0,0.0,,15371.0,4914045.5,50.0,7.899999999999977,2.507936507936501,0.0,98280.91,319.69588836119965
2026-05-25T05:45:23+00:00,2026-05-25T11:30:23+05:45,2026-05-25,11:30:23,1779687923,0,5,11,nepse_official,OPEN,2026-05-25,SHINE,Shine Resunga Development Bank Ltd.,414.9,414.9,414.0,,414.0,412.0,2.0,,907.0,376155.0,4.0,0.8999999999999773,0.2169197396963069,0.48543689320388345,94038.75,414.72436604189636
2026-05-25T05:45:23+00:00,2026-05-25T11:30:23+05:45,2026-05-25,11:30:23,1779687923,0,5,11,nepse_official,OPEN,2026-05-25,SHIVM,SHIVAM CEMENTS LTD,684.0,690.0,684.0,,689.0,686.9,2.1000000000000227,,10074.0,6941029.9,59.0,6.0,0.8771929824561403,0.3057213568205012,117644.57457627119,689.0043577526305
2026-05-25T05:45:23+00:00,2026-05-25T11:30:23+05:45,2026-05-25,11:30:23,1779687923,0,5,11,nepse_official,OPEN,2026-05-25,SHL,Soaltee Hotel Limited,501.5,501.5,500.0,,500.0,500.1,-0.10000000000002274,,3126.0,1566060.0,8.0,1.5,0.29910269192422734,-0.019996000799844576,195757.5,500.978886756238
2026-05-25T05:45:23+00:00,2026-05-25T11:30:23+05:45,2026-05-25,11:30:23,1779687923,0,5,11,nepse_official,OPEN,2026-05-25,SHPC,Sanima Mai Hydropower Ltd.,533.0,533.0,521.0,,522.0,521.7,0.2999999999999545,,6596.0,3447355.0,21.0,12.0,2.25140712945591,0.057504312823453044,164159.7619047619,522.6432686476652
2026-05-25T05:45:23+00:00,2026-05-25T11:30:23+05:45,2026-05-25,11:30:23,1779687923,0,5,11,nepse_official,OPEN,2026-05-25,SICL,Shikhar Insurance Co. Ltd.,624.0,624.0,613.0,,613.0,617.8,-4.7999999999999545,,34.0,21059.0,5.0,11.0,1.7628205128205128,-0.776950469407568,4211.8,619.3823529411765
2026-05-25T05:45:23+00:00,2026-05-25T11:30:23+05:45,2026-05-25,11:30:23,1779687923,0,5,11,nepse_official,OPEN,2026-05-25,SIFC,Shree Investment Finance Co. Ltd.,540.0,541.0,536.0,,541.0,541.0,0.0,,226.0,121301.0,8.0,5.0,0.9259259259259258,0.0,15162.625,536.7300884955753
2026-05-25T05:45:23+00:00,2026-05-25T11:30:23+05:45,2026-05-25,11:30:23,1779687923,0,5,11,nepse_official,OPEN,2026-05-25,SIGS3,Siddhartha Investment Growth Scheme 3,10.66,10.66,10.66,,10.66,10.86,-0.1999999999999993,,100.0,1066.0,1.0,0.0,0.0,-1.8416206261510064,1066.0,10.66
2026-05-25T05:45:23+00:00,2026-05-25T11:30:23+05:45,2026-05-25,11:30:23,1779687923,0,5,11,nepse_official,OPEN,2026-05-25,SIKLES,Sikles Hydropower Limited,605.0,605.0,600.0,,600.0,600.0,0.0,,950.0,570539.0,7.0,5.0,0.8264462809917356,0.0,81505.57142857143,600.5673684210526
2026-05-25T05:45:23+00:00,2026-05-25T11:30:23+05:45,2026-05-25,11:30:23,1779687923,0,5,11,nepse_official,OPEN,2026-05-25,SINDU,Sindhu Bikash Bank Ltd,713.1,720.0,713.1,,720.0,720.0,0.0,,30.0,21503.0,3.0,6.899999999999977,0.9676062263357141,0.0,7167.666666666667,716.7666666666667
2026-05-25T05:45:23+00:00,2026-05-25T11:30:23+05:45,2026-05-25,11:30:23,1779687923,0,5,11,nepse_official,OPEN,2026-05-25,SIPD,Shikhar power Development Limited,815.0,832.0,810.0,,823.0,815.0,8.0,,3432.0,2822090.6,145.0,22.0,2.6993865030674846,0.98159509202454,19462.693793103448,822.2874708624709
2026-05-25T05:45:23+00:00,2026-05-25T11:30:23+05:45,2026-05-25,11:30:23,1779687923,0,5,11,nepse_official,OPEN,2026-05-25,SJCL,SANJEN JALAVIDHYUT COMPANY LIMITED,302.0,312.6,302.0,,308.1,306.9,1.2000000000000455,,2380.0,737974.0,16.0,10.600000000000023,3.5099337748344444,0.39100684261976065,46123.375,310.0731092436975
2026-05-25T05:45:23+00:00,2026-05-25T11:30:23+05:45,2026-05-25,11:30:23,1779687923,0,5,11,nepse_official,OPEN,2026-05-25,SJLIC,SuryaJyoti Life Insurance Company Limited,429.0,438.0,429.0,,432.0,431.0,1.0,,676.0,293218.0,12.0,9.0,2.097902097902098,0.23201856148491878,24434.833333333332,433.7544378698225
2026-05-25T05:45:23+00:00,2026-05-25T11:30:23+05:45,2026-05-25,11:30:23,1779687923,0,5,11,nepse_official,OPEN,2026-05-25,SKBBL,Sana Kisan Bikas Laghubitta Bittiya Sanstha Limited,791.0,791.0,770.0,,772.0,765.0,7.0,,8872.0,7002660.6,14.0,21.0,2.6548672566371683,0.9150326797385622,500190.0428571428,789.2989855725879
2026-05-25T05:45:23+00:00,2026-05-25T11:30:23+05:45,2026-05-25,11:30:23,1779687923,0,5,11,nepse_official,OPEN,2026-05-25,SKHEL,Suryakunda Hydro Electric Limited,1290.0,1299.5,1278.0,,1299.5,1278.0,21.5,,465.0,601150.0,26.0,21.5,1.6666666666666667,1.6823161189358373,23121.153846153848,1292.7956989247311
2026-05-25T05:45:23+00:00,2026-05-25T11:30:23+05:45,2026-05-25,11:30:23,1779687923,0,5,11,nepse_official,OPEN,2026-05-25,SKHL,Super Khudi Hydropower Limited,970.0,997.0,955.0,,990.0,950.0,40.0,,12773.0,12535554.7,253.0,42.0,4.329896907216495,4.2105263157894735,49547.64703557312,981.4103734439833
2026-05-25T05:45:23+00:00,2026-05-25T11:30:23+05:45,2026-05-25,11:30:23,1779687923,0,5,11,nepse_official,OPEN,2026-05-25,SLBBL,Swarojgar Laghubitta Bittiya Sanstha Ltd.,825.0,825.0,822.0,,822.0,822.7,-0.7000000000000455,,226.0,185872.0,4.0,3.0,0.36363636363636365,-0.08508569344840712,46468.0,822.4424778761062
2026-05-25T05:45:23+00:00,2026-05-25T11:30:23+05:45,2026-05-25,11:30:23,1779687923,0,5,11,nepse_official,OPEN,2026-05-25,SLBSL,Samudayik Laghubitta Bittiya Sanstha Limited,1180.0,1180.0,1180.0,,1180.0,1180.0,0.0,,54.0,63800.0,2.0,0.0,0.0,0.0,31900.0,1181.4814814814815
2026-05-25T05:45:23+00:00,2026-05-25T11:30:23+05:45,2026-05-25,11:30:23,1779687923,0,5,11,nepse_official,OPEN,2026-05-25,SLCF,Sanima Large Cap Fund,10.3,10.3,10.3,,10.3,10.0,0.3000000000000007,,200.0,2060.0,1.0,0.0,0.0,3.000000000000007,2060.0,10.3
2026-05-25T05:45:23+00:00,2026-05-25T11:30:23+05:45,2026-05-25,11:30:23,1779687923,0,5,11,nepse_official,OPEN,2026-05-25,SMATA,Samata Gharelu Laghubitta Bittiya Sanstha Limited,770.0,770.0,765.0,,765.0,770.0,-5.0,,76.0,58177.0,4.0,5.0,0.6493506493506493,-0.6493506493506493,14544.25,765.4868421052631
2026-05-25T05:45:23+00:00,2026-05-25T11:30:23+05:45,2026-05-25,11:30:23,1779687923,0,5,11,nepse_official,OPEN,2026-05-25,SMB,Support Microfinance Bittiya Sanstha Ltd.,1788.0,1790.0,1755.0,,1755.0,1741.0,14.0,,210.0,375348.0,8.0,35.0,1.9574944071588367,0.80413555427915,46918.5,1787.3714285714286
2026-05-25T05:45:23+00:00,2026-05-25T11:30:23+05:45,2026-05-25,11:30:23,1779687923,0,5,11,nepse_official,OPEN,2026-05-25,SMFBS,Swabhimaan Laghubitta Bittiya Sanstha Limited,1513.3,1513.3,1502.0,,1502.0,1535.0,-33.0,,160.0,240872.0,4.0,11.299999999999955,0.7467124826538,-2.1498371335504887,60218.0,1505.45
2026-05-25T05:45:23+00:00,2026-05-25T11:30:23+05:45,2026-05-25,11:30:23,1779687923,0,5,11,nepse_official,OPEN,2026-05-25,SMH,Super Mai Hydropower Limited,594.0,599.8,585.2,,585.2,594.0,-8.799999999999955,,140.0,83244.0,3.0,14.599999999999909,2.4579124579124425,-1.4814814814814738,27748.0,594.6
2026-05-25T05:45:23+00:00,2026-05-25T11:30:23+05:45,2026-05-25,11:30:23,1779687923,0,5,11,nepse_official,OPEN,2026-05-25,SMHL,Super Madi Hydropower Limited,500.1,507.0,500.1,,505.0,499.0,6.0,,6074.0,3068715.3,37.0,6.899999999999977,1.3797240551889576,1.2024048096192386,82938.25135135134,505.22148501810995
2026-05-25T05:45:23+00:00,2026-05-25T11:30:23+05:45,2026-05-25,11:30:23,1779687923,0,5,11,nepse_official,OPEN,2026-05-25,SMJC,Sagarmatha Jalabidhyut Company Limited,463.6,491.3,463.6,,490.0,487.9,2.1000000000000227,,1701.0,827907.1,26.0,27.69999999999999,5.974978429680757,0.4304160688665757,31842.580769230768,486.71787184009406
2026-05-25T05:45:23+00:00,2026-05-25T11:30:23+05:45,2026-05-25,11:30:23,1779687923,0,5,11,nepse_official,OPEN,2026-05-25,SMPDA,Sampada Laghubitta Bittiya Sanstha Limited,838.0,854.0,838.0,,854.0,838.0,16.0,,30.0,25250.0,3.0,16.0,1.9093078758949882,1.9093078758949882,8416.666666666666,841.6666666666666
2026-05-25T05:45:23+00:00,2026-05-25T11:30:23+05:45,2026-05-25,11:30:23,1779687923,0,5,11,nepse_official,OPEN,2026-05-25,SNLI,Sun Nepal Life Insurance Company Limited,455.0,455.0,448.0,,450.0,447.0,3.0,,1341.0,602864.0,22.0,7.0,1.5384615384615385,0.6711409395973155,27402.909090909092,449.56301267710666
2026-05-25T05:45:23+00:00,2026-05-25T11:30:23+05:45,2026-05-25,11:30:23,1779687923,0,5,11,nepse_official,OPEN,2026-05-25,SOHL,Solu Hydropower Limited,685.0,704.8,685.0,,690.1,688.0,2.1000000000000227,,15642.0,10882476.3,247.0,19.799999999999955,2.890510948905103,0.3052325581395382,44058.6085020243,695.7215381664749
2026-05-25T05:45:23+00:00,2026-05-25T11:30:23+05:45,2026-05-25,11:30:23,1779687923,0,5,11,nepse_official,OPEN,2026-05-25,SONA,Sonapur Minerals And Oil Limited,475.0,475.0,455.1,,463.0,462.0,1.0,,2241.0,1033942.8,39.0,19.899999999999977,4.189473684210522,0.21645021645021645,26511.35384615385,461.3756358768407
2026-05-25T05:45:23+00:00,2026-05-25T11:30:23+05:45,2026-05-25,11:30:23,1779687923,0,5,11,nepse_official,OPEN,2026-05-25,SPC,Samling Power Company Limited,455.2,478.5,455.2,,460.1,458.2,1.900000000000034,,826.0,390166.0,18.0,23.30000000000001,5.118629173989458,0.4146660846791868,21675.88888888889,472.35593220338984
2026-05-25T05:45:23+00:00,2026-05-25T11:30:23+05:45,2026-05-25,11:30:23,1779687923,0,5,11,nepse_official,OPEN,2026-05-25,SPDL,Synergy Power Development Ltd.,427.0,427.0,410.0,,412.0,407.0,5.0,,50.0,20740.0,4.0,17.0,3.9812646370023423,1.2285012285012284,5185.0,414.8
2026-05-25T05:45:23+00:00,2026-05-25T11:30:23+05:45,2026-05-25,11:30:23,1779687923,0,5,11,nepse_official,OPEN,2026-05-25,SPHL,Sayapatri Hydropower Limited,500.0,524.9,500.0,,515.0,525.0,-10.0,,50.0,25680.0,5.0,24.899999999999977,4.979999999999995,-1.9047619047619049,5136.0,513.6
2026-05-25T05:45:23+00:00,2026-05-25T11:30:23+05:45,2026-05-25,11:30:23,1779687923,0,5,11,nepse_official,OPEN,2026-05-25,SRLI,Sanima Reliance Life Insurance Limited,389.3,397.5,389.3,,391.2,393.9,-2.6999999999999886,,2276.0,896313.2,24.0,8.199999999999989,2.1063447212946285,-0.6854531607006826,37346.38333333333,393.81072056239015
2026-05-25T05:45:23+00:00,2026-05-25T11:30:23+05:45,2026-05-25,11:30:23,1779687923,0,5,11,nepse_official,OPEN,2026-05-25,SSHL,Shiva Shree Hydropower Ltd,220.0,228.8,220.0,,225.3,221.9,3.4000000000000057,,92074.0,20844692.3,269.0,8.800000000000011,4.000000000000005,1.532221721496172,77489.5624535316,226.39064556769554
2026-05-25T05:45:23+00:00,2026-05-25T11:30:23+05:45,2026-05-25,11:30:23,1779687923,0,5,11,nepse_official,OPEN,2026-05-25,STC,Salt Trading Corporation,5863.0,5863.0,5863.0,,5863.0,5930.0,-67.0,,50.0,293150.0,1.0,0.0,0.0,-1.1298482293423273,293150.0,5863.0
2026-05-25T05:45:23+00:00,2026-05-25T11:30:23+05:45,2026-05-25,11:30:23,1779687923,0,5,11,nepse_official,OPEN,2026-05-25,SWASTIK,Swastik Laghubitta Bittiya Sanstha Limited,2415.0,2415.0,2375.0,,2380.1,2400.0,-19.90000000000009,,262.0,622743.0,4.0,40.0,1.6563146997929608,-0.8291666666666704,155685.75,2376.881679389313
2026-05-25T05:45:23+00:00,2026-05-25T11:30:23+05:45,2026-05-25,11:30:23,1779687923,0,5,11,nepse_official,OPEN,2026-05-25,SWBBL,Swabalamban Laghubitta Bittiya Sanstha Limited,778.1,778.1,754.8,,754.9,741.1,13.799999999999955,,791.0,599206.4,11.0,23.300000000000068,2.9944737180311103,1.862096883011733,54473.30909090909,757.5302149178256
2026-05-25T05:45:23+00:00,2026-05-25T11:30:23+05:45,2026-05-25,11:30:23,1779687923,0,5,11,nepse_official,OPEN,2026-05-25,SYPNL,SY Panel Nepal Limited,1459.0,1535.0,1459.0,,1517.9,1507.9,10.0,,13672.0,20852199.0,121.0,76.0,5.20904729266621,0.6631739505272233,172332.22314049586,1525.1754681100058
2026-05-25T05:45:23+00:00,2026-05-25T11:30:23+05:45,2026-05-25,11:30:23,1779687923,0,5,11,nepse_official,OPEN,2026-05-25,TAMOR,Sanima Middle Tamor Hydropower Limited,456.0,456.0,450.1,,453.1,455.0,-1.8999999999999773,,2835.0,1289085.7,28.0,5.899999999999977,1.293859649122802,-0.4175824175824126,46038.775,454.7039506172839
2026-05-25T05:45:23+00:00,2026-05-25T11:30:23+05:45,2026-05-25,11:30:23,1779687923,0,5,11,nepse_official,OPEN,2026-05-25,TPC,Terhathum Power Company Limited,389.0,389.0,380.0,,380.0,380.0,0.0,,3855.0,1469803.0,22.0,9.0,2.313624678663239,0.0,66809.22727272728,381.27185473411157
2026-05-25T05:45:23+00:00,2026-05-25T11:30:23+05:45,2026-05-25,11:30:23,1779687923,0,5,11,nepse_official,OPEN,2026-05-25,TSHL,Three Star Hydropower Limited,550.0,556.0,550.0,,556.0,555.0,1.0,,179.0,98785.0,5.0,6.0,1.090909090909091,0.18018018018018017,19757.0,551.8715083798883
2026-05-25T05:45:23+00:00,2026-05-25T11:30:23+05:45,2026-05-25,11:30:23,1779687923,0,5,11,nepse_official,OPEN,2026-05-25,TTL,Trade Tower Limited,898.8,898.8,846.0,,873.0,856.0,17.0,,9036.0,7868360.7,134.0,52.799999999999955,5.8744993324432535,1.9859813084112148,58719.10970149254,870.7791832669323
2026-05-25T05:45:23+00:00,2026-05-25T11:30:23+05:45,2026-05-25,11:30:23,1779687923,0,5,11,nepse_official,OPEN,2026-05-25,TVCL,Trishuli Jal Vidhyut Company Limited ,509.1,515.0,509.1,,512.0,521.9,-9.899999999999977,,11525.0,5870620.0,11.0,5.899999999999977,1.1589078766450553,-1.896915117838662,533692.7272727273,509.3813449023861
2026-05-25T05:45:23+00:00,2026-05-25T11:30:23+05:45,2026-05-25,11:30:23,1779687923,0,5,11,nepse_official,OPEN,2026-05-25,UAIL,United Ajod Insurance Limited,437.0,437.0,437.0,,437.0,445.0,-8.0,,10.0,4370.0,1.0,0.0,0.0,-1.7977528089887642,4370.0,437.0
2026-05-25T05:45:23+00:00,2026-05-25T11:30:23+05:45,2026-05-25,11:30:23,1779687923,0,5,11,nepse_official,OPEN,2026-05-25,UHEWA,Upper Hewakhola Hydropower Company Limited,583.5,583.5,583.5,,583.5,583.6,-0.10000000000002274,,60.0,35010.0,2.0,0.0,0.0,-0.01713502398903748,17505.0,583.5
2026-05-25T05:45:23+00:00,2026-05-25T11:30:23+05:45,2026-05-25,11:30:23,1779687923,0,5,11,nepse_official,OPEN,2026-05-25,ULBSL,Upakar Laghubitta Bittiya Sanstha Limited,2850.0,2997.9,2850.0,,2997.9,2920.0,77.90000000000009,,350.0,1028484.6,21.0,147.9000000000001,5.18947368421053,2.6678082191780854,48975.45714285714,2938.5274285714286
2026-05-25T05:45:23+00:00,2026-05-25T11:30:23+05:45,2026-05-25,11:30:23,1779687923,0,5,11,nepse_official,OPEN,2026-05-25,ULHC,Upper Lohore Khola Hydropower Company Limited,478.1,482.9,478.1,,481.2,477.5,3.6999999999999886,,3820.0,1832438.5,20.0,4.7999999999999545,1.003974064003337,0.7748691099476416,91621.925,479.69594240837694
2026-05-25T05:45:23+00:00,2026-05-25T11:30:23+05:45,2026-05-25,11:30:23,1779687923,0,5,11,nepse_official,OPEN,2026-05-25,UMHL,United Modi Hydropower Ltd.,550.0,573.0,550.0,,568.1,564.0,4.100000000000023,,964.0,548822.0,6.0,23.0,4.181818181818182,0.7269503546099331,91470.33333333333,569.3174273858921
2026-05-25T05:45:23+00:00,2026-05-25T11:30:23+05:45,2026-05-25,11:30:23,1779687923,0,5,11,nepse_official,OPEN,2026-05-25,UMRH,United IDI Mardi RB Hydropower Limited.,537.2,550.0,537.2,,543.0,545.0,-2.0,,1511.0,817864.2,10.0,12.799999999999955,2.382725241995524,-0.3669724770642202,81786.42,541.2734612839179
2026-05-25T05:45:23+00:00,2026-05-25T11:30:23+05:45,2026-05-25,11:30:23,1779687923,0,5,11,nepse_official,OPEN,2026-05-25,UNHPL,Union Hydropower Limited,420.0,444.0,420.0,,435.6,434.0,1.6000000000000227,,10585.0,4630560.7,33.0,24.0,5.714285714285714,0.3686635944700513,140320.0212121212,437.4644024563061
2026-05-25T05:45:23+00:00,2026-05-25T11:30:23+05:45,2026-05-25,11:30:23,1779687923,0,5,11,nepse_official,OPEN,2026-05-25,UNLB,Unique Nepal Laghubitta Bittiya Sanstha Limited,1385.0,1385.0,1385.0,,1385.0,1424.0,-39.0,,10.0,13850.0,1.0,0.0,0.0,-2.7387640449438204,13850.0,1385.0
2026-05-25T05:45:23+00:00,2026-05-25T11:30:23+05:45,2026-05-25,11:30:23,1779687923,0,5,11,nepse_official,OPEN,2026-05-25,UPCL,UNIVERSAL POWER COMPANY LTD,377.0,380.0,373.0,,373.0,373.0,0.0,,3263.0,1230460.5,21.0,7.0,1.8567639257294428,0.0,58593.357142857145,377.09485136377566
2026-05-25T05:45:23+00:00,2026-05-25T11:30:23+05:45,2026-05-25,11:30:23,1779687923,0,5,11,nepse_official,OPEN,2026-05-25,UPPER,Upper Tamakoshi Hydropower Ltd,197.5,210.0,197.5,,208.5,207.5,1.0,,12900.0,2696146.7,88.0,12.5,6.329113924050633,0.48192771084337355,30638.030681818185,209.00362015503876
2026-05-25T05:45:23+00:00,2026-05-25T11:30:23+05:45,2026-05-25,11:30:23,1779687923,0,5,11,nepse_official,OPEN,2026-05-25,USHEC,Upper Solu Hydro Electric Company Limited,508.0,512.0,508.0,,512.0,507.0,5.0,,895.0,457150.0,15.0,4.0,0.7874015748031495,0.9861932938856016,30476.666666666668,510.78212290502796
2026-05-25T05:45:23+00:00,2026-05-25T11:30:23+05:45,2026-05-25,11:30:23,1779687923,0,5,11,nepse_official,OPEN,2026-05-25,USLB,Unnati Sahakarya Laghubitta Bittiya Sanstha Limited,1260.0,1260.0,1260.0,,1260.0,1256.0,4.0,,10.0,12600.0,1.0,0.0,0.0,0.3184713375796179,12600.0,1260.0
2026-05-25T05:45:23+00:00,2026-05-25T11:30:23+05:45,2026-05-25,11:30:23,1779687923,0,5,11,nepse_official,OPEN,2026-05-25,VLBS,Vijaya laghubitta Bittiya Sanstha Ltd.,691.2,708.0,691.2,,695.0,694.9,0.10000000000002274,,140.0,98568.0,7.0,16.799999999999955,2.4305555555555487,0.014390559792779211,14081.142857142857,704.0571428571428
2026-05-25T05:45:23+00:00,2026-05-25T11:30:23+05:45,2026-05-25,11:30:23,1779687923,0,5,11,nepse_official,OPEN,2026-05-25,VLUCL,Vision Lumbini Urja Company Limited ,514.7,514.7,500.0,,500.0,500.0,0.0,,200.0,102427.0,6.0,14.700000000000045,2.8560326403730416,0.0,17071.166666666668,512.135
2026-05-25T05:45:23+00:00,2026-05-25T11:30:23+05:45,2026-05-25,11:30:23,1779687923,0,5,11,nepse_official,OPEN,2026-05-25,WNLB,Wean Nepal Laghubitta Bittiya Sanstha Limited,1499.0,1499.0,1499.0,,1499.0,1480.0,19.0,,10.0,14990.0,1.0,0.0,0.0,1.2837837837837838,14990.0,1499.0
2026-05-25T06:15:25+00:00,2026-05-25T12:00:25+05:45,2026-05-25,12:00:25,1779689725,0,6,12,nepse_official,OPEN,2026-05-25,ACLBSL,Aarambha Chautari Laghubitta Bittiya Sanstha Limited,977.4,977.4,977.4,,977.4,949.0,28.399999999999977,,10.0,9774.0,1.0,0.0,0.0,2.9926238145416204,9774.0,977.4
2026-05-25T06:15:25+00:00,2026-05-25T12:00:25+05:45,2026-05-25,12:00:25,1779689725,0,6,12,nepse_official,OPEN,2026-05-25,ADBL,Agricultural Development Bank Limited,317.9,317.9,312.3,,317.0,313.0,4.0,,16762.0,5299825.5,57.0,5.599999999999966,1.7615602390688792,1.2779552715654952,92979.3947368421,316.1809748240067
2026-05-25T06:15:25+00:00,2026-05-25T12:00:25+05:45,2026-05-25,12:00:25,1779689725,0,6,12,nepse_official,OPEN,2026-05-25,ADBLD83,10.35% Agricultural Bank Debenture 2083,1051.9,1051.9,1051.9,,1051.9,1070.0,-18.09999999999991,,25.0,26297.5,1.0,0.0,0.0,-1.6915887850467204,26297.5,1051.9
2026-05-25T06:15:25+00:00,2026-05-25T12:00:25+05:45,2026-05-25,12:00:25,1779689725,0,6,12,nepse_official,OPEN,2026-05-25,AHL,Asian Hydropower Limited,505.0,518.5,505.0,,514.8,515.0,-0.20000000000004547,,1160.0,589156.0,26.0,13.5,2.6732673267326734,-0.03883495145631951,22659.846153846152,507.89310344827584
2026-05-25T06:15:25+00:00,2026-05-25T12:00:25+05:45,2026-05-25,12:00:25,1779689725,0,6,12,nepse_official,OPEN,2026-05-25,AHPC,Arun Valley Hydropower Development Co. Ltd.,275.0,289.0,275.0,,287.0,284.0,3.0,,20477.0,5859172.5,122.0,14.0,5.090909090909091,1.056338028169014,48026.00409836065,286.1343214338038
2026-05-25T06:15:25+00:00,2026-05-25T12:00:25+05:45,2026-05-25,12:00:25,1779689725,0,6,12,nepse_official,OPEN,2026-05-25,AKJCL,Ankhu Khola Jalvidhyut Company Ltd,402.0,419.0,402.0,,416.0,402.0,14.0,,651485.0,268695300.3,1116.0,17.0,4.228855721393035,3.482587064676617,240766.39811827958,412.43512943505993
2026-05-25T06:15:25+00:00,2026-05-25T12:00:25+05:45,2026-05-25,12:00:25,1779689725,0,6,12,nepse_official,OPEN,2026-05-25,AKPL,Arun Kabeli Power Ltd.,275.0,278.8,271.0,,277.7,274.5,3.1999999999999886,,97150.0,26660093.5,214.0,7.800000000000011,2.8363636363636404,1.1657559198542764,124579.8761682243,274.42196088522905
2026-05-25T06:15:25+00:00,2026-05-25T12:00:25+05:45,2026-05-25,12:00:25,1779689725,0,6,12,nepse_official,OPEN,2026-05-25,ALBSL,Asha Laghubitta Bittiya Sanstha Ltd,1086.0,1116.0,1086.0,,1115.0,1115.0,0.0,,2057.0,2256136.2,22.0,30.0,2.7624309392265194,0.0,102551.64545454546,1096.8090422946038
2026-05-25T06:15:25+00:00,2026-05-25T12:00:25+05:45,2026-05-25,12:00:25,1779689725,0,6,12,nepse_official,OPEN,2026-05-25,ALICL,Asian Life Insurance Co. Limited,459.9,459.9,452.0,,457.0,452.3,4.699999999999989,,2393.0,1083548.0,14.0,7.899999999999977,1.7177647314633566,1.039133318593851,77396.28571428571,452.7989970748015
2026-05-25T06:15:25+00:00,2026-05-25T12:00:25+05:45,2026-05-25,12:00:25,1779689725,0,6,12,nepse_official,OPEN,2026-05-25,ANLB,Aatmanirbhar Laghubitta Bittiya Sanstha Limited,5901.0,5901.0,5733.0,,5733.0,5901.0,-168.0,,367.0,2111304.0,15.0,168.0,2.8469750889679712,-2.8469750889679712,140753.6,5752.871934604905
2026-05-25T06:15:25+00:00,2026-05-25T12:00:25+05:45,2026-05-25,12:00:25,1779689725,0,6,12,nepse_official,OPEN,2026-05-25,API,Api Power Company Ltd.,359.0,363.0,357.2,,361.1,357.2,3.900000000000034,,246135.0,88708077.0,536.0,5.800000000000011,1.615598885793875,1.0918253079507374,165500.14365671642,360.4041562557133
2026-05-25T06:15:25+00:00,2026-05-25T12:00:25+05:45,2026-05-25,12:00:25,1779689725,0,6,12,nepse_official,OPEN,2026-05-25,AVYAN,Aviyan Laghubitta Bittiya Sanstha Limited,1082.1,1149.0,1082.1,,1137.5,1139.0,-1.5,,470.0,537041.0,17.0,66.90000000000009,6.182423066260059,-0.13169446883230904,31590.647058823528,1142.6404255319148
2026-05-25T06:15:25+00:00,2026-05-25T12:00:25+05:45,2026-05-25,12:00:25,1779689725,0,6,12,nepse_official,OPEN,2026-05-25,BANDIPUR,Bandipur Cablecar and Tourism Limited,910.0,910.0,855.0,,875.1,875.9,-0.7999999999999545,,14352.0,12560497.7,226.0,55.0,6.043956043956044,-0.09133462724054739,55577.42345132743,875.1740314938684
2026-05-25T06:15:25+00:00,2026-05-25T12:00:25+05:45,2026-05-25,12:00:25,1779689725,0,6,12,nepse_official,OPEN,2026-05-25,BARUN,Barun Hydropower Co. Ltd.,352.0,357.0,351.0,,356.9,351.1,5.7999999999999545,,9785.0,3476261.1,62.0,6.0,1.7045454545454544,1.6519510111079334,56068.727419354844,355.26429228410836
2026-05-25T06:15:25+00:00,2026-05-25T12:00:25+05:45,2026-05-25,12:00:25,1779689725,0,6,12,nepse_official,OPEN,2026-05-25,BBC,Bishal Bazar Company Limited,4818.9,4818.9,4800.0,,4800.0,4800.0,0.0,,21.0,101007.9,3.0,18.899999999999636,0.3922056900952424,0.0,33669.299999999996,4809.9
2026-05-25T06:15:25+00:00,2026-05-25T12:00:25+05:45,2026-05-25,12:00:25,1779689725,0,6,12,nepse_official,OPEN,2026-05-25,BEDC,Bhugol Energy Development Company Limited,395.7,395.7,377.3,,380.0,376.9,3.1000000000000227,,7831.0,2971315.0,66.0,18.399999999999977,4.649987364164765,0.8224993366940894,45019.92424242424,379.42983016217596
2026-05-25T06:15:25+00:00,2026-05-25T12:00:25+05:45,2026-05-25,12:00:25,1779689725,0,6,12,nepse_official,OPEN,2026-05-25,BFC,Best Finance Company Ltd.,464.0,465.0,460.1,,465.0,458.0,7.0,,4494.0,2085833.8,26.0,4.899999999999977,1.0560344827586159,1.5283842794759825,80224.37692307692,464.1374721851357
2026-05-25T06:15:25+00:00,2026-05-25T12:00:25+05:45,2026-05-25,12:00:25,1779689725,0,6,12,nepse_official,OPEN,2026-05-25,BGWT,Bhagawati Hydropower Development Company Limited,665.0,674.0,665.0,,670.0,661.0,9.0,,528.0,354525.0,15.0,9.0,1.3533834586466165,1.361573373676248,23635.0,671.4488636363636
2026-05-25T06:15:25+00:00,2026-05-25T12:00:25+05:45,2026-05-25,12:00:25,1779689725,0,6,12,nepse_official,OPEN,2026-05-25,BHCL,Bikash Hydropower Company Limited,566.0,582.0,566.0,,576.7,566.0,10.700000000000045,,14405.0,8287109.4,196.0,16.0,2.8268551236749118,1.8904593639576053,42281.17040816327,575.2939534883722
2026-05-25T06:15:25+00:00,2026-05-25T12:00:25+05:45,2026-05-25,12:00:25,1779689725,0,6,12,nepse_official,OPEN,2026-05-25,BHDC,Bindhyabasini Hydropower Development Company Limited,461.2,471.9,461.2,,471.9,463.6,8.299999999999955,,5307.0,2489861.3,40.0,10.699999999999989,2.320034692107543,1.7903364969801452,62246.532499999994,469.16549839834175
2026-05-25T06:15:25+00:00,2026-05-25T12:00:25+05:45,2026-05-25,12:00:25,1779689725,0,6,12,nepse_official,OPEN,2026-05-25,BHL,Balephi Hydropower Limited,237.0,237.0,225.0,,229.4,226.0,3.4000000000000057,,62419.0,14276965.4,242.0,12.0,5.063291139240507,1.5044247787610645,58995.72479338843,228.72787772953748
2026-05-25T06:15:25+00:00,2026-05-25T12:00:25+05:45,2026-05-25,12:00:25,1779689725,0,6,12,nepse_official,OPEN,2026-05-25,BHPL,Barahi Hydropower Public Limited,530.1,537.8,530.0,,537.5,529.8,7.7000000000000455,,510.0,272143.0,11.0,7.7999999999999545,1.4714204867006138,1.4533786334465923,24740.272727272728,533.6137254901961
2026-05-25T06:15:25+00:00,2026-05-25T12:00:25+05:45,2026-05-25,12:00:25,1779689725,0,6,12,nepse_official,OPEN,2026-05-25,BJHL,Bhujung Hydropower Limited,952.0,999.0,945.0,,989.0,953.0,36.0,,6391.0,6196502.5,156.0,54.0,5.6722689075630255,3.777544596012592,39721.169871794875,969.566969175403
2026-05-25T06:15:25+00:00,2026-05-25T12:00:25+05:45,2026-05-25,12:00:25,1779689725,0,6,12,nepse_official,OPEN,2026-05-25,BNHC,Buddha Bhumi Nepal Hydropower Company Limited,333.1,343.0,332.0,,336.0,333.1,2.8999999999999773,,2865.0,968010.8,27.0,11.0,3.3023116181326926,0.8706094265986122,35852.251851851855,337.87462478184995
2026-05-25T06:15:25+00:00,2026-05-25T12:00:25+05:45,2026-05-25,12:00:25,1779689725,0,6,12,nepse_official,OPEN,2026-05-25,BNL,Bottlers Nepal (Balaju) Limited,14818.7,14818.7,14818.7,,14818.7,14387.1,431.60000000000036,,10.0,148187.0,1.0,0.0,0.0,2.9999096412758677,148187.0,14818.7
2026-05-25T06:15:25+00:00,2026-05-25T12:00:25+05:45,2026-05-25,12:00:25,1779689725,0,6,12,nepse_official,OPEN,2026-05-25,BNT,Bottlers Nepal (Terai) Limited,11590.0,11900.0,11590.0,,11900.0,11590.6,309.39999999999964,,20.0,234900.0,2.0,310.0,2.6747195858498705,2.6694045174537955,117450.0,11745.0
2026-05-25T06:15:25+00:00,2026-05-25T12:00:25+05:45,2026-05-25,12:00:25,1779689725,0,6,12,nepse_official,OPEN,2026-05-25,BPCL,Butwal Power Company Limited,699.0,705.0,680.0,,702.0,699.0,3.0,,16575.0,11576606.0,61.0,25.0,3.5765379113018603,0.4291845493562232,189780.4262295082,698.4377677224736
2026-05-25T06:15:25+00:00,2026-05-25T12:00:25+05:45,2026-05-25,12:00:25,1779689725,0,6,12,nepse_official,OPEN,2026-05-25,BUNGAL,Bungal Hydro Limited,773.3,773.3,706.0,,755.0,814.0,-59.0,,30017.0,22308421.9,425.0,67.29999999999995,8.702961334540277,-7.2481572481572485,52490.40447058823,743.1929206782822
2026-05-25T06:15:25+00:00,2026-05-25T12:00:25+05:45,2026-05-25,12:00:25,1779689725,0,6,12,nepse_official,OPEN,2026-05-25,C30MF,Citizens Super 30 Mutual Fund,9.89,10.18,9.89,,10.18,9.83,0.34999999999999964,,200.0,2007.0,2.0,0.28999999999999915,2.9322548028311335,3.5605289928789383,1003.5,10.035
2026-05-25T06:15:25+00:00,2026-05-25T12:00:25+05:45,2026-05-25,12:00:25,1779689725,0,6,12,nepse_official,OPEN,2026-05-25,CBBL,Chhimek Laghubitta Bittiya Sanstha Limited,924.3,924.3,918.0,,922.9,917.0,5.899999999999977,,3405.0,3136838.7,43.0,6.2999999999999545,0.6815968841285248,0.6434023991275876,72949.73720930233,921.244845814978
2026-05-25T06:15:25+00:00,2026-05-25T12:00:25+05:45,2026-05-25,12:00:25,1779689725,0,6,12,nepse_official,OPEN,2026-05-25,CFCL,Central Finance Co. Ltd.,510.0,510.0,496.0,,510.0,503.0,7.0,,1864.0,949325.0,11.0,14.0,2.7450980392156863,1.3916500994035785,86302.27272727272,509.2945278969957
2026-05-25T06:15:25+00:00,2026-05-25T12:00:25+05:45,2026-05-25,12:00:25,1779689725,0,6,12,nepse_official,OPEN,2026-05-25,CGH,Chandragiri Hills Limited,799.0,814.7,795.0,,805.0,803.8,1.2000000000000455,,12205.0,9735763.5,65.0,19.700000000000045,2.4655819774718455,0.1492908683752234,149780.97692307693,797.6864809504301
2026-05-25T06:15:25+00:00,2026-05-25T12:00:25+05:45,2026-05-25,12:00:25,1779689725,0,6,12,nepse_official,OPEN,2026-05-25,CHCL,Chilime Hydropower Company Limited,482.5,490.0,482.5,,485.0,482.0,3.0,,3430.0,1667316.4,44.0,7.5,1.5544041450777202,0.6224066390041494,37893.55454545454,486.09807580174925
2026-05-25T06:15:25+00:00,2026-05-25T12:00:25+05:45,2026-05-25,12:00:25,1779689725,0,6,12,nepse_official,OPEN,2026-05-25,CHDC,CEDB Holdings Limited,2300.0,2325.0,2286.0,,2325.0,2300.0,25.0,,1689.0,3893503.1,36.0,39.0,1.6956521739130437,1.0869565217391304,108152.8638888889,2305.212018946122
2026-05-25T06:15:25+00:00,2026-05-25T12:00:25+05:45,2026-05-25,12:00:25,1779689725,0,6,12,nepse_official,OPEN,2026-05-25,CHL,Chhyangdi Hydropower Ltd.,288.1,302.0,288.1,,299.9,297.0,2.8999999999999773,,18844.0,5570545.7,34.0,13.899999999999977,4.824713641096833,0.9764309764309688,163839.57941176472,295.61376034812145
2026-05-25T06:15:25+00:00,2026-05-25T12:00:25+05:45,2026-05-25,12:00:25,1779689725,0,6,12,nepse_official,OPEN,2026-05-25,CIT,Citizen Investment Trust,1767.0,1789.9,1765.0,,1771.0,1767.0,4.0,,603.0,1070651.2,26.0,24.90000000000009,1.409168081494063,0.22637238256932654,41178.89230769231,1775.5409618573797
2026-05-25T06:15:25+00:00,2026-05-25T12:00:25+05:45,2026-05-25,12:00:25,1779689725,0,6,12,nepse_official,OPEN,2026-05-25,CITY,City Hotel Limited,374.0,380.0,373.0,,379.0,371.0,8.0,,18347.0,6916952.0,103.0,7.0,1.8716577540106951,2.15633423180593,67154.87378640777,377.00724914154904
2026-05-25T06:15:25+00:00,2026-05-25T12:00:25+05:45,2026-05-25,12:00:25,1779689725,0,6,12,nepse_official,OPEN,2026-05-25,CKHL,Chirkhwa Hydropower Limited ,658.0,673.0,658.0,,670.0,673.9,-3.8999999999999773,,90.0,60031.0,8.0,15.0,2.2796352583586628,-0.5787208784686122,7503.875,667.0111111111111
2026-05-25T06:15:25+00:00,2026-05-25T12:00:25+05:45,2026-05-25,12:00:25,1779689725,0,6,12,nepse_official,OPEN,2026-05-25,CLI,Citizen Life Insurance Company Limited,452.0,457.0,452.0,,454.0,452.0,2.0,,5635.0,2560307.2,55.0,5.0,1.1061946902654867,0.4424778761061947,46551.04,454.3579769299024
2026-05-25T06:15:25+00:00,2026-05-25T12:00:25+05:45,2026-05-25,12:00:25,1779689725,0,6,12,nepse_official,OPEN,2026-05-25,CORBL,Corporate Development Bank Limited,2050.0,2055.0,2000.0,,2000.0,2066.0,-66.0,,6323.0,12689124.0,77.0,55.0,2.682926829268293,-3.1945788964181996,164793.81818181818,2006.8201802941642
2026-05-25T06:15:25+00:00,2026-05-25T12:00:25+05:45,2026-05-25,12:00:25,1779689725,0,6,12,nepse_official,OPEN,2026-05-25,CREST,Crest Micro Life Insurance Limited,1252.1,1252.1,1143.0,,1239.8,1318.0,-78.20000000000005,,12422.0,15151121.1,217.0,109.09999999999991,8.713361552591639,-5.93323216995448,69820.83456221198,1219.7006198679762
2026-05-25T06:15:25+00:00,2026-05-25T12:00:25+05:45,2026-05-25,12:00:25,1779689725,0,6,12,nepse_official,OPEN,2026-05-25,CSY,Citizens Santulit Yojana,9.17,9.47,9.17,,9.47,9.45,0.02000000000000135,,2200.0,20550.0,14.0,0.3000000000000007,3.2715376226826685,0.21164021164022592,1467.857142857143,9.340909090909092
2026-05-25T06:15:25+00:00,2026-05-25T12:00:25+05:45,2026-05-25,12:00:25,1779689725,0,6,12,nepse_official,OPEN,2026-05-25,CZBIL,Citizens Bank International Limited,197.2,210.0,197.2,,210.0,207.5,2.5,,15281.0,3170264.2,69.0,12.800000000000011,6.490872210953352,1.2048192771084338,45945.8579710145,207.46444604410706
2026-05-25T06:15:25+00:00,2026-05-25T12:00:25+05:45,2026-05-25,12:00:25,1779689725,0,6,12,nepse_official,OPEN,2026-05-25,DDBL,Deprosc Laghubitta Bittiya Sanstha Limited,859.0,870.0,859.0,,860.0,853.0,7.0,,347.0,298690.0,9.0,11.0,1.2805587892898718,0.8206330597889802,33187.77777777778,860.7780979827089
2026-05-25T06:15:25+00:00,2026-05-25T12:00:25+05:45,2026-05-25,12:00:25,1779689725,0,6,12,nepse_official,OPEN,2026-05-25,DHEL,Daramkhola Hydro Energy Limited,650.0,684.9,650.0,,670.0,668.1,1.8999999999999773,,20175.0,13609140.8,256.0,34.89999999999998,5.369230769230766,0.28438856458613637,53160.70625,674.5546864931847
2026-05-25T06:15:25+00:00,2026-05-25T12:00:25+05:45,2026-05-25,12:00:25,1779689725,0,6,12,nepse_official,OPEN,2026-05-25,DHPL,Dibyashwori Hydropower Ltd.,303.0,311.0,303.0,,308.0,302.0,6.0,,2529.0,769519.0,14.0,8.0,2.6402640264026402,1.9867549668874174,54965.642857142855,304.27797548438116
2026-05-25T06:15:25+00:00,2026-05-25T12:00:25+05:45,2026-05-25,12:00:25,1779689725,0,6,12,nepse_official,OPEN,2026-05-25,DLBS,Dhaulagiri Laghubitta Bittiya Sanstha Limited,1275.0,1275.0,1271.0,,1275.0,1275.0,0.0,,47.0,59737.0,5.0,4.0,0.3137254901960784,0.0,11947.4,1271.0
2026-05-25T06:15:25+00:00,2026-05-25T12:00:25+05:45,2026-05-25,12:00:25,1779689725,0,6,12,nepse_official,OPEN,2026-05-25,DOLTI,Dolti Power Company Limited,341.0,364.9,341.0,,363.9,358.9,5.0,,10689.0,3868406.5,84.0,23.899999999999977,7.008797653958937,1.3931457230426305,46052.458333333336,361.90537000654876
2026-05-25T06:15:25+00:00,2026-05-25T12:00:25+05:45,2026-05-25,12:00:25,1779689725,0,6,12,nepse_official,OPEN,2026-05-25,DORDI,Dordi Khola Jal Bidyut Company Limited,277.1,282.7,277.1,,281.5,277.5,4.0,,22258.0,6249493.0,73.0,5.599999999999966,2.020931071815217,1.4414414414414414,85609.49315068492,280.7751370293827
2026-05-25T06:15:25+00:00,2026-05-25T12:00:25+05:45,2026-05-25,12:00:25,1779689725,0,6,12,nepse_official,OPEN,2026-05-25,EBL,Everest Bank Limited,719.9,719.9,710.3,,711.0,710.0,1.0,,9216.0,6553836.2,65.0,9.600000000000023,1.333518544242259,0.14084507042253522,100828.24923076923,711.136740451389
2026-05-25T06:15:25+00:00,2026-05-25T12:00:25+05:45,2026-05-25,12:00:25,1779689725,0,6,12,nepse_official,OPEN,2026-05-25,EDBL,Excel Development Bank Ltd.,583.0,595.0,583.0,,594.5,580.0,14.5,,715.0,419370.0,5.0,12.0,2.0583190394511153,2.5,83874.0,586.5314685314685
2026-05-25T06:15:25+00:00,2026-05-25T12:00:25+05:45,2026-05-25,12:00:25,1779689725,0,6,12,nepse_official,OPEN,2026-05-25,EHPL,Eastern Hydropower Limited,395.0,401.0,395.0,,400.0,394.5,5.5,,6967.0,2773182.5,51.0,6.0,1.5189873417721518,1.394169835234474,54376.12745098039,398.0454284483996
2026-05-25T06:15:25+00:00,2026-05-25T12:00:25+05:45,2026-05-25,12:00:25,1779689725,0,6,12,nepse_official,OPEN,2026-05-25,ENL,Emerging Nepal Limited,912.3,912.3,887.2,,888.5,898.0,-9.5,,44.0,39629.2,4.0,25.09999999999991,2.75128795352405,-1.0579064587973273,9907.3,900.6636363636363
2026-05-25T06:15:25+00:00,2026-05-25T12:00:25+05:45,2026-05-25,12:00:25,1779689725,0,6,12,nepse_official,OPEN,2026-05-25,FMDBL,First Micro Finance Laghubitta Bittiya Sanstha Limited,792.0,798.0,792.0,,797.8,787.3,10.5,,1538.0,1225244.8,19.0,6.0,0.7575757575757576,1.3336720436936365,64486.56842105263,796.6481144343303
2026-05-25T06:15:25+00:00,2026-05-25T12:00:25+05:45,2026-05-25,12:00:25,1779689725,0,6,12,nepse_official,OPEN,2026-05-25,FOWAD,Forward Microfinance Laghubitta Bittiya Sanstha Limited,1068.9,1068.9,1047.0,,1050.0,1044.0,6.0,,707.0,744112.6,13.0,21.90000000000009,2.0488352511928234,0.5747126436781609,57239.43076923077,1052.4930693069307
2026-05-25T06:15:25+00:00,2026-05-25T12:00:25+05:45,2026-05-25,12:00:25,1779689725,0,6,12,nepse_official,OPEN,2026-05-25,GBBL,Garima Bikas Bank Limited,421.0,425.0,420.0,,423.0,421.0,2.0,,5644.0,2380940.0,22.0,5.0,1.187648456057007,0.4750593824228029,108224.54545454546,421.8532955350815
2026-05-25T06:15:25+00:00,2026-05-25T12:00:25+05:45,2026-05-25,12:00:25,1779689725,0,6,12,nepse_official,OPEN,2026-05-25,GBIME,Global IME Bank Limited,236.0,238.0,235.2,,237.7,236.8,0.8999999999999773,,9646.0,2282577.1,93.0,2.8000000000000114,1.1864406779661065,0.38006756756755794,24543.839784946238,236.6345739166494
2026-05-25T06:15:25+00:00,2026-05-25T12:00:25+05:45,2026-05-25,12:00:25,1779689725,0,6,12,nepse_official,OPEN,2026-05-25,GBIMESY2,Global IME Sammunat Yojana -2,9.31,9.58,9.25,,9.25,9.31,-0.0600000000000005,,400.0,3759.0,4.0,0.33000000000000007,3.5445757250268537,-0.6444683136412512,939.75,9.3975
2026-05-25T06:15:25+00:00,2026-05-25T12:00:25+05:45,2026-05-25,12:00:25,1779689725,0,6,12,nepse_official,OPEN,2026-05-25,GBLBS,Grameen Bikas Laghubitta Bittiya Sanstha Ltd.,788.0,788.0,766.0,,780.0,775.9,4.100000000000023,,558.0,437186.4,11.0,22.0,2.7918781725888326,0.5284186106457047,39744.218181818185,783.4881720430108
2026-05-25T06:15:25+00:00,2026-05-25T12:00:25+05:45,2026-05-25,12:00:25,1779689725,0,6,12,nepse_official,OPEN,2026-05-25,GCIL,Ghorahi Cement Industry Limited,418.2,426.5,418.0,,424.1,424.0,0.10000000000002274,,9940.0,4205504.3,75.0,8.5,2.0325203252032518,0.02358490566038272,56073.390666666666,423.08896378269617
2026-05-25T06:15:25+00:00,2026-05-25T12:00:25+05:45,2026-05-25,12:00:25,1779689725,0,6,12,nepse_official,OPEN,2026-05-25,GFCL,Goodwill Finance Limited,635.0,643.0,635.0,,643.0,635.0,8.0,,67.0,42675.0,3.0,8.0,1.2598425196850394,1.2598425196850394,14225.0,636.9402985074627
2026-05-25T06:15:25+00:00,2026-05-25T12:00:25+05:45,2026-05-25,12:00:25,1779689725,0,6,12,nepse_official,OPEN,2026-05-25,GHL,Ghalemdi Hydro Limited,245.0,247.0,241.3,,246.0,242.0,4.0,,16933.0,4155081.1,63.0,5.699999999999989,2.3265306122448934,1.6528925619834711,65953.66825396825,245.38363550463592
2026-05-25T06:15:25+00:00,2026-05-25T12:00:25+05:45,2026-05-25,12:00:25,1779689725,0,6,12,nepse_official,OPEN,2026-05-25,GIBF1,Global IME Balanced Fund-1,10.9,11.01,10.9,,11.01,11.0,0.009999999999999787,,1100.0,12071.0,9.0,0.10999999999999943,1.0091743119266001,0.09090909090908897,1341.2222222222222,10.973636363636365
2026-05-25T06:15:25+00:00,2026-05-25T12:00:25+05:45,2026-05-25,12:00:25,1779689725,0,6,12,nepse_official,OPEN,2026-05-25,GILB,Global IME Laghubitta Bittiya Sanstha Ltd.,1125.0,1157.0,1125.0,,1157.0,1130.0,27.0,,570.0,653429.0,9.0,32.0,2.8444444444444446,2.3893805309734515,72603.22222222222,1146.3666666666666
2026-05-25T06:15:25+00:00,2026-05-25T12:00:25+05:45,2026-05-25,12:00:25,1779689725,0,6,12,nepse_official,OPEN,2026-05-25,GLBSL,Gurans Laghubitta Bittiya Sanstha Limited,1830.0,1850.0,1830.0,,1850.0,1809.0,41.0,,148.0,272038.8,7.0,20.0,1.092896174863388,2.2664455500276395,38862.68571428571,1838.1
2026-05-25T06:15:25+00:00,2026-05-25T12:00:25+05:45,2026-05-25,12:00:25,1779689725,0,6,12,nepse_official,OPEN,2026-05-25,GLH,GreenLife Hydropower Limited,274.0,278.8,274.0,,276.7,274.0,2.6999999999999886,,18900.0,5230852.6,59.0,4.800000000000011,1.7518248175182525,0.9854014598540104,88658.5186440678,276.7646878306878
2026-05-25T06:15:25+00:00,2026-05-25T12:00:25+05:45,2026-05-25,12:00:25,1779689725,0,6,12,nepse_official,OPEN,2026-05-25,GMFBS,Ganapati Laghubitta Bittiya Sanstha Limited,1261.0,1315.0,1261.0,,1301.4,1286.0,15.400000000000091,,167.0,217256.8,9.0,54.0,4.282315622521808,1.197511664074657,24139.644444444442,1300.9389221556885
2026-05-25T06:15:25+00:00,2026-05-25T12:00:25+05:45,2026-05-25,12:00:25,1779689725,0,6,12,nepse_official,OPEN,2026-05-25,GMFIL,Guheshowori Merchant Bank & Finance Co. Ltd.,479.9,479.9,469.8,,477.7,469.9,7.800000000000011,,75.0,35591.0,6.0,10.099999999999966,2.104605126067924,1.6599276441796151,5931.833333333333,474.5466666666667
2026-05-25T06:15:25+00:00,2026-05-25T12:00:25+05:45,2026-05-25,12:00:25,1779689725,0,6,12,nepse_official,OPEN,2026-05-25,GMLI,Guardian Micro Life Insurance Limited ,1270.0,1294.0,1261.0,,1277.0,1269.9,7.099999999999909,,879.0,1123623.9,22.0,33.0,2.5984251968503935,0.5590991416646908,51073.81363636363,1278.2979522184298
2026-05-25T06:15:25+00:00,2026-05-25T12:00:25+05:45,2026-05-25,12:00:25,1779689725,0,6,12,nepse_official,OPEN,2026-05-25,GRDBL,Green Development Bank Ltd.,1061.1,1129.9,1061.1,,1113.0,1110.0,3.0,,401.0,442633.0,25.0,68.80000000000018,6.4838375270945425,0.2702702702702703,17705.32,1103.8229426433916
2026-05-25T06:15:25+00:00,2026-05-25T12:00:25+05:45,2026-05-25,12:00:25,1779689725,0,6,12,nepse_official,OPEN,2026-05-25,GSY,Garima Samriddhi Yojana,9.99,9.99,9.91,,9.91,10.0,-0.08999999999999986,,600.0,5954.0,5.0,0.08000000000000007,0.8008008008008015,-0.8999999999999986,1190.8,9.923333333333334
2026-05-25T06:15:25+00:00,2026-05-25T12:00:25+05:45,2026-05-25,12:00:25,1779689725,0,6,12,nepse_official,OPEN,2026-05-25,GUFL,Gurkhas Finance Ltd.,520.0,544.8,520.0,,542.9,535.0,7.899999999999977,,3568.0,1914685.1,22.0,24.799999999999955,4.76923076923076,1.4766355140186873,87031.14090909091,536.6269899103139
2026-05-25T06:15:25+00:00,2026-05-25T12:00:25+05:45,2026-05-25,12:00:25,1779689725,0,6,12,nepse_official,OPEN,2026-05-25,GVL,Green Ventures Limited,492.0,499.9,492.0,,498.9,491.9,7.0,,1636.0,815744.7,21.0,7.899999999999977,1.6056910569105645,1.423053466151657,38844.985714285714,498.6214547677261
2026-05-25T06:15:25+00:00,2026-05-25T12:00:25+05:45,2026-05-25,12:00:25,1779689725,0,6,12,nepse_official,OPEN,2026-05-25,H8020,Himalayan 80-20,12.33,12.33,11.98,,12.0,11.98,0.019999999999999574,,300.0,3631.0,3.0,0.34999999999999964,2.838605028386047,0.16694490818029692,1210.3333333333333,12.103333333333333
2026-05-25T06:15:25+00:00,2026-05-25T12:00:25+05:45,2026-05-25,12:00:25,1779689725,0,6,12,nepse_official,OPEN,2026-05-25,HATHY,Hathway Investment Nepal Limited,810.9,810.9,803.0,,806.0,799.0,7.0,,333.0,268305.5,11.0,7.899999999999977,0.9742261684548006,0.8760951188986232,24391.409090909092,805.7222222222222
2026-05-25T06:15:25+00:00,2026-05-25T12:00:25+05:45,2026-05-25,12:00:25,1779689725,0,6,12,nepse_official,OPEN,2026-05-25,HBL,Himalayan Bank Limited,202.0,205.0,200.8,,204.0,203.0,1.0,,14862.0,3029469.2,234.0,4.199999999999989,2.0792079207920735,0.49261083743842365,12946.449572649573,203.83994078858836
2026-05-25T06:15:25+00:00,2026-05-25T12:00:25+05:45,2026-05-25,12:00:25,1779689725,0,6,12,nepse_official,OPEN,2026-05-25,HBLD83,10% Himalayan Bank Debenture 2083,1036.0,1036.0,1036.0,,1036.0,1036.0,0.0,,25.0,25900.0,1.0,0.0,0.0,0.0,25900.0,1036.0
2026-05-25T06:15:25+00:00,2026-05-25T12:00:25+05:45,2026-05-25,12:00:25,1779689725,0,6,12,nepse_official,OPEN,2026-05-25,HDHPC,Himal Dolakha Hydropower Company Limited,230.7,236.0,230.7,,235.0,230.7,4.300000000000011,,79199.0,18538821.4,215.0,5.300000000000011,2.2973558734287005,1.8638925010836633,86227.07627906976,234.07898332049646
2026-05-25T06:15:25+00:00,2026-05-25T12:00:25+05:45,2026-05-25,12:00:25,1779689725,0,6,12,nepse_official,OPEN,2026-05-25,HDL,Himalayan Distillery Limited,1180.0,1180.0,1169.1,,1170.2,1167.9,2.2999999999999545,,4528.0,5303002.7,91.0,10.900000000000091,0.9237288135593297,0.19693466906412826,58274.75494505495,1171.1578401060071
2026-05-25T06:15:25+00:00,2026-05-25T12:00:25+05:45,2026-05-25,12:00:25,1779689725,0,6,12,nepse_official,OPEN,2026-05-25,HEI,Himalayan Everest Insurance Limited,535.0,535.0,535.0,,535.0,535.9,-0.8999999999999773,,1022.0,546770.0,2.0,0.0,0.0,-0.1679417801828657,273385.0,535.0
2026-05-25T06:15:25+00:00,2026-05-25T12:00:25+05:45,2026-05-25,12:00:25,1779689725,0,6,12,nepse_official,OPEN,2026-05-25,HFIN,Hotel Forest Inn Limited,985.0,1020.0,985.0,,1017.0,1000.0,17.0,,18096.0,18256227.9,593.0,35.0,3.5532994923857872,1.7000000000000002,30786.21905564924,1008.8543269230769
2026-05-25T06:15:25+00:00,2026-05-25T12:00:25+05:45,2026-05-25,12:00:25,1779689725,0,6,12,nepse_official,OPEN,2026-05-25,HHL,Himalayan Hydropower Limited,396.9,396.9,378.0,,388.0,378.0,10.0,,13606.0,5206472.1,66.0,18.899999999999977,4.7619047619047565,2.6455026455026456,78885.9409090909,382.6600102895781
2026-05-25T06:15:25+00:00,2026-05-25T12:00:25+05:45,2026-05-25,12:00:25,1779689725,0,6,12,nepse_official,OPEN,2026-05-25,HIDCL,Hydorelectricity Investment and Development Company Ltd,270.0,276.0,270.0,,276.0,271.5,4.5,,21788.0,5968503.3,106.0,6.0,2.2222222222222223,1.6574585635359116,56306.63490566037,273.935345144116
2026-05-25T06:15:25+00:00,2026-05-25T12:00:25+05:45,2026-05-25,12:00:25,1779689725,0,6,12,nepse_official,OPEN,2026-05-25,HIDCLP,Hydorelectricity Investment and Development Company Limited Promoter,209.2,210.0,207.4,,210.0,207.3,2.6999999999999886,,68337.0,14274483.8,128.0,2.5999999999999943,1.2428298279158674,1.3024602026049148,111519.4046875,208.883676485652
2026-05-25T06:15:25+00:00,2026-05-25T12:00:25+05:45,2026-05-25,12:00:25,1779689725,0,6,12,nepse_official,OPEN,2026-05-25,HIMSTAR,Him Star Urja Company Limited,900.0,929.5,900.0,,922.0,918.0,4.0,,1431.0,1307281.0,34.0,29.5,3.277777777777778,0.4357298474945534,38449.44117647059,913.543675751223
2026-05-25T06:15:25+00:00,2026-05-25T12:00:25+05:45,2026-05-25,12:00:25,1779689725,0,6,12,nepse_official,OPEN,2026-05-25,HLBSL,Himalayan Laghubitta Bittiya Sanstha Limited,910.0,920.0,893.0,,893.0,898.0,-5.0,,306.0,273698.0,3.0,27.0,2.9670329670329667,-0.5567928730512249,91232.66666666667,894.437908496732
2026-05-25T06:15:25+00:00,2026-05-25T12:00:25+05:45,2026-05-25,12:00:25,1779689725,0,6,12,nepse_official,OPEN,2026-05-25,HLI,Himalayan Life Insurance Limited,344.0,344.0,340.0,,343.9,339.8,4.099999999999966,,12786.0,4381744.7,95.0,4.0,1.1627906976744187,1.2065921130076416,46123.628421052636,342.69863131550136
2026-05-25T06:15:25+00:00,2026-05-25T12:00:25+05:45,2026-05-25,12:00:25,1779689725,0,6,12,nepse_official,OPEN,2026-05-25,HLICF,HLI Large Cap Fund,9.1,9.12,8.9,,8.9,8.87,0.030000000000001137,,1200.0,10732.0,9.0,0.21999999999999886,2.417582417582405,0.33821871476889676,1192.4444444444443,8.943333333333333
2026-05-25T06:15:25+00:00,2026-05-25T12:00:25+05:45,2026-05-25,12:00:25,1779689725,0,6,12,nepse_official,OPEN,2026-05-25,HPPL,Himalayan Power Partner Ltd.,381.3,386.0,381.0,,385.0,381.0,4.0,,1590.0,609124.0,21.0,5.0,1.3113034356150013,1.0498687664041995,29005.904761904763,383.09685534591193
2026-05-25T06:15:25+00:00,2026-05-25T12:00:25+05:45,2026-05-25,12:00:25,1779689725,0,6,12,nepse_official,OPEN,2026-05-25,HRL,Himalayan Reinsurance Limited,641.0,650.0,640.5,,650.0,641.4,8.600000000000023,,19726.0,12753828.7,247.0,9.5,1.4820592823712948,1.3408169628936737,51634.93400809716,646.5491584710534
2026-05-25T06:15:25+00:00,2026-05-25T12:00:25+05:45,2026-05-25,12:00:25,1779689725,0,6,12,nepse_official,OPEN,2026-05-25,HURJA,Himalaya Urja Bikas Company Limited,262.0,267.0,262.0,,265.6,263.0,2.6000000000000227,,19889.0,5277132.0,62.0,5.0,1.9083969465648856,0.9885931558935447,85115.03225806452,265.3291769319724
2026-05-25T06:15:25+00:00,2026-05-25T12:00:25+05:45,2026-05-25,12:00:25,1779689725,0,6,12,nepse_official,OPEN,2026-05-25,ICFC,ICFC Finance Limited,631.0,634.0,629.0,,634.0,631.0,3.0,,3086.0,1952414.0,18.0,5.0,0.7923930269413629,0.4754358161648178,108467.44444444444,632.6681788723266
2026-05-25T06:15:25+00:00,2026-05-25T12:00:25+05:45,2026-05-25,12:00:25,1779689725,0,6,12,nepse_official,OPEN,2026-05-25,ICFCD89,8% ICFC Finance Limited Debenture 2089,1081.0,1085.0,1081.0,,1085.0,1099.0,-14.0,,50.0,54150.0,2.0,4.0,0.37002775208140615,-1.2738853503184715,27075.0,1083.0
2026-05-25T06:15:25+00:00,2026-05-25T12:00:25+05:45,2026-05-25,12:00:25,1779689725,0,6,12,nepse_official,OPEN,2026-05-25,IGI,IGI Prudential insurance Limited,439.9,439.9,431.8,,431.8,430.0,1.8000000000000114,,3282.0,1427431.6,8.0,8.099999999999966,1.8413275744487307,0.41860465116279333,178428.95,434.92736136502134
2026-05-25T06:15:25+00:00,2026-05-25T12:00:25+05:45,2026-05-25,12:00:25,1779689725,0,6,12,nepse_official,OPEN,2026-05-25,IHL,Ingwa Hydropower Limited,442.0,451.1,425.0,,425.1,442.0,-16.899999999999977,,63268.0,27460621.9,310.0,26.100000000000023,5.9049773755656165,-3.8235294117647007,88582.65129032258,434.03650976797115
2026-05-25T06:15:25+00:00,2026-05-25T12:00:25+05:45,2026-05-25,12:00:25,1779689725,0,6,12,nepse_official,OPEN,2026-05-25,ILBS,Infinity Laghubitta Bittiya Sanstha Limited,935.0,947.2,920.1,,947.2,939.9,7.300000000000068,,1497.0,1385131.4,18.0,27.100000000000023,2.898395721925136,0.7766783700393732,76951.74444444444,925.2714762859051
2026-05-25T06:15:25+00:00,2026-05-25T12:00:25+05:45,2026-05-25,12:00:25,1779689725,0,6,12,nepse_official,OPEN,2026-05-25,ILI,IME Life Insurance Company Limited,437.0,444.0,437.0,,440.5,439.9,0.6000000000000227,,1147.0,503668.2,54.0,7.0,1.6018306636155606,0.13639463514435618,9327.18888888889,439.1178727114211
2026-05-25T06:15:25+00:00,2026-05-25T12:00:25+05:45,2026-05-25,12:00:25,1779689725,0,6,12,nepse_official,OPEN,2026-05-25,JBBL,Jyoti Bikas Bank Limited,343.5,366.8,343.5,,366.8,361.5,5.300000000000011,,9685.0,3522164.0,60.0,23.30000000000001,6.783114992721984,1.4661134163208884,58702.73333333333,363.6720702116675
2026-05-25T06:15:25+00:00,2026-05-25T12:00:25+05:45,2026-05-25,12:00:25,1779689725,0,6,12,nepse_official,OPEN,2026-05-25,JBLB,Jeevan Bikas Laghubitta  Bittya Sanstha Ltd,1305.0,1325.0,1305.0,,1324.9,1302.0,22.90000000000009,,1017.0,1342178.5,40.0,20.0,1.532567049808429,1.7588325652841852,33554.4625,1319.742871189774
2026-05-25T06:15:25+00:00,2026-05-25T12:00:25+05:45,2026-05-25,12:00:25,1779689725,0,6,12,nepse_official,OPEN,2026-05-25,JFL,Janaki Finance Company Limited,409.0,414.9,409.0,,414.9,408.0,6.899999999999977,,1099.0,450765.1,7.0,5.899999999999977,1.4425427872860581,1.6911764705882297,64395.014285714286,410.1593266606005
2026-05-25T06:15:25+00:00,2026-05-25T12:00:25+05:45,2026-05-25,12:00:25,1779689725,0,6,12,nepse_official,OPEN,2026-05-25,JHAPA,Jhapa Energy Limited,1480.0,1519.0,1438.0,,1470.1,1499.0,-28.90000000000009,,4710.0,6993849.7,98.0,81.0,5.472972972972974,-1.9279519679786588,71365.81326530612,1484.893779193206
2026-05-25T06:15:25+00:00,2026-05-25T12:00:25+05:45,2026-05-25,12:00:25,1779689725,0,6,12,nepse_official,OPEN,2026-05-25,JOSHI,Joshi Hydropower Development Company Ltd,282.1,290.0,282.1,,289.4,284.5,4.899999999999977,,4586.0,1314773.5,26.0,7.899999999999977,2.800425381070534,1.7223198594024527,50568.21153846154,286.69286960313997
2026-05-25T06:15:25+00:00,2026-05-25T12:00:25+05:45,2026-05-25,12:00:25,1779689725,0,6,12,nepse_official,OPEN,2026-05-25,KBL,Kumari Bank Limited,220.0,222.5,219.0,,221.8,218.7,3.1000000000000227,,70834.0,15600090.1,179.0,3.5,1.5909090909090908,1.4174668495656255,87151.34134078212,220.23449332241577
2026-05-25T06:15:25+00:00,2026-05-25T12:00:25+05:45,2026-05-25,12:00:25,1779689725,0,6,12,nepse_official,OPEN,2026-05-25,KDBY,Kumari Dhanabriddhi Yojana,11.41,11.55,11.41,,11.55,11.45,0.10000000000000142,,2100.0,24142.0,11.0,0.14000000000000057,1.2269938650306798,0.8733624454148596,2194.7272727272725,11.496190476190476
2026-05-25T06:15:25+00:00,2026-05-25T12:00:25+05:45,2026-05-25,12:00:25,1779689725,0,6,12,nepse_official,OPEN,2026-05-25,KDL,Kalinchowk Darshan Limited,850.0,850.0,812.0,,823.0,826.8,-3.7999999999999545,,754.0,620118.4,20.0,38.0,4.470588235294118,-0.4596032897919635,31005.920000000002,822.4381962864721
2026-05-25T06:15:25+00:00,2026-05-25T12:00:25+05:45,2026-05-25,12:00:25,1779689725,0,6,12,nepse_official,OPEN,2026-05-25,KEF,Kumari Equity Fund,10.75,10.81,10.72,,10.8,10.75,0.05000000000000071,,650.0,6995.0,5.0,0.08999999999999986,0.8372093023255801,0.46511627906977404,1399.0,10.761538461538462
2026-05-25T06:15:25+00:00,2026-05-25T12:00:25+05:45,2026-05-25,12:00:25,1779689725,0,6,12,nepse_official,OPEN,2026-05-25,KKHC,Khanikhola Hydropower Co. Ltd.,273.5,273.5,266.0,,270.0,266.1,3.8999999999999773,,22083.0,5944340.4,81.0,7.5,2.742230347349177,1.4656144306651546,73386.91851851852,269.1817416111941
2026-05-25T06:15:25+00:00,2026-05-25T12:00:25+05:45,2026-05-25,12:00:25,1779689725,0,6,12,nepse_official,OPEN,2026-05-25,KMCDB,Kalika Laghubitta Bittiya Sanstha Ltd,860.0,865.0,855.0,,855.0,860.0,-5.0,,238.0,204581.0,7.0,10.0,1.1627906976744187,-0.5813953488372093,29225.85714285714,859.5840336134454
2026-05-25T06:15:25+00:00,2026-05-25T12:00:25+05:45,2026-05-25,12:00:25,1779689725,0,6,12,nepse_official,OPEN,2026-05-25,KPCL,Kalika power Company Ltd,490.0,500.0,490.0,,497.0,493.5,3.5,,1199.0,594071.8,13.0,10.0,2.0408163265306123,0.7092198581560284,45697.83076923077,495.4727272727273
2026-05-25T06:15:25+00:00,2026-05-25T12:00:25+05:45,2026-05-25,12:00:25,1779689725,0,6,12,nepse_official,OPEN,2026-05-25,KSBBL,Kamana Sewa Bikas Bank Limited,484.0,490.0,484.0,,490.0,482.1,7.899999999999977,,1530.0,746065.0,16.0,6.0,1.2396694214876034,1.638664177556519,46629.0625,487.62418300653593
2026-05-25T06:15:25+00:00,2026-05-25T12:00:25+05:45,2026-05-25,12:00:25,1779689725,0,6,12,nepse_official,OPEN,2026-05-25,KSY,Kumari Sabal Yojana,9.8,9.8,9.65,,9.65,9.8,-0.15000000000000036,,300.0,2910.0,2.0,0.15000000000000036,1.5306122448979627,-1.5306122448979627,1455.0,9.7
2026-05-25T06:15:25+00:00,2026-05-25T12:00:25+05:45,2026-05-25,12:00:25,1779689725,0,6,12,nepse_official,OPEN,2026-05-25,LBBL,Lumbini Bikas Bank Ltd.,498.1,498.1,491.0,,496.0,491.0,5.0,,7721.0,3819698.8,36.0,7.100000000000023,1.4254165830154633,1.0183299389002036,106102.74444444444,494.71555497992483
2026-05-25T06:15:25+00:00,2026-05-25T12:00:25+05:45,2026-05-25,12:00:25,1779689725,0,6,12,nepse_official,OPEN,2026-05-25,LEC,Liberty Energy Company Limited,222.0,237.9,222.0,,237.5,233.0,4.5,,43769.0,10310244.6,136.0,15.900000000000006,7.162162162162165,1.9313304721030045,75810.62205882353,235.56043318330325
2026-05-25T06:15:25+00:00,2026-05-25T12:00:25+05:45,2026-05-25,12:00:25,1779689725,0,6,12,nepse_official,OPEN,2026-05-25,LICN,Life Insurance Corporation (Nepal) Limited,829.0,829.0,824.9,,824.9,813.0,11.899999999999977,,133.0,109760.2,4.0,4.100000000000023,0.49457177322075063,1.4637146371463687,27440.05,825.2646616541354
2026-05-25T06:15:25+00:00,2026-05-25T12:00:25+05:45,2026-05-25,12:00:25,1779689725,0,6,12,nepse_official,OPEN,2026-05-25,LLBS,Laxmi Laghubitta Bittiya Sanstha Ltd.,958.0,958.0,958.0,,958.0,958.0,0.0,,500.0,479000.0,1.0,0.0,0.0,0.0,479000.0,958.0
2026-05-25T06:15:25+00:00,2026-05-25T12:00:25+05:45,2026-05-25,12:00:25,1779689725,0,6,12,nepse_official,OPEN,2026-05-25,LSL,Laxmi Sunrise Bank Limited,215.0,244.0,215.0,,228.0,225.9,2.0999999999999943,,26511.0,6030853.6,94.0,29.0,13.488372093023257,0.9296148738379788,64158.017021276595,227.48495341556333
2026-05-25T06:15:25+00:00,2026-05-25T12:00:25+05:45,2026-05-25,12:00:25,1779689725,0,6,12,nepse_official,OPEN,2026-05-25,LUK,Laxmi Unnati Kosh,9.95,10.2,9.95,,10.2,9.95,0.25,,5200.0,51765.0,3.0,0.25,2.512562814070352,2.512562814070352,17255.0,9.954807692307693
2026-05-25T06:15:25+00:00,2026-05-25T12:00:25+05:45,2026-05-25,12:00:25,1779689725,0,6,12,nepse_official,OPEN,2026-05-25,LVF2,Laxmi Value Fund 2,9.8,10.0,9.8,,10.0,10.0,0.0,,300.0,2980.0,3.0,0.1999999999999993,2.0408163265306047,0.0,993.3333333333334,9.933333333333334
2026-05-25T06:15:25+00:00,2026-05-25T12:00:25+05:45,2026-05-25,12:00:25,1779689725,0,6,12,nepse_official,OPEN,2026-05-25,MABEL,Mabilung Energy Limited,760.0,782.0,760.0,,776.0,760.0,16.0,,9019.0,6946175.9,148.0,22.0,2.8947368421052633,2.1052631578947367,46933.62094594595,770.1714048120634
2026-05-25T06:15:25+00:00,2026-05-25T12:00:25+05:45,2026-05-25,12:00:25,1779689725,0,6,12,nepse_official,OPEN,2026-05-25,MAKAR,Makar Jitumaya Suri Hydropower Limited,535.1,535.1,506.2,,506.2,509.7,-3.5,,810.0,412677.0,11.0,28.900000000000034,5.400859652401426,-0.6866784382970375,37516.09090909091,509.47777777777776
2026-05-25T06:15:25+00:00,2026-05-25T12:00:25+05:45,2026-05-25,12:00:25,1779689725,0,6,12,nepse_official,OPEN,2026-05-25,MANDU,Mandu Hydropower Limited,815.0,815.0,815.0,,815.0,818.9,-3.8999999999999773,,10.0,8150.0,1.0,0.0,0.0,-0.4762486262058832,8150.0,815.0
2026-05-25T06:15:25+00:00,2026-05-25T12:00:25+05:45,2026-05-25,12:00:25,1779689725,0,6,12,nepse_official,OPEN,2026-05-25,MATRI,Matribhumi Lagubitta Bittiya Sanstha Limited,881.0,885.0,880.0,,882.0,895.0,-13.0,,160.0,141010.0,7.0,5.0,0.5675368898978433,-1.452513966480447,20144.285714285714,881.3125
2026-05-25T06:15:25+00:00,2026-05-25T12:00:25+05:45,2026-05-25,12:00:25,1779689725,0,6,12,nepse_official,OPEN,2026-05-25,MBJC,Madhya Bhotekoshi Jalavidyut Company Limited,286.0,288.5,281.3,,288.0,286.0,2.0,,4867.0,1397051.8,90.0,7.199999999999989,2.5174825174825135,0.6993006993006993,15522.797777777778,287.0457776864598
2026-05-25T06:15:25+00:00,2026-05-25T12:00:25+05:45,2026-05-25,12:00:25,1779689725,0,6,12,nepse_official,OPEN,2026-05-25,MBL,Machhapuchhre Bank Limited,253.7,256.8,253.7,,256.8,252.9,3.9000000000000057,,31705.0,8075822.5,57.0,3.1000000000000227,1.2219156484036353,1.54211150652432,141681.09649122806,254.71763128844032
2026-05-25T06:15:25+00:00,2026-05-25T12:00:25+05:45,2026-05-25,12:00:25,1779689725,0,6,12,nepse_official,OPEN,2026-05-25,MBLEF,MBL Equity Fund,9.93,10.21,9.93,,10.21,10.05,0.16000000000000014,,900.0,8999.0,9.0,0.28000000000000114,2.8197381671702026,1.592039800995026,999.8888888888889,9.998888888888889
2026-05-25T06:15:25+00:00,2026-05-25T12:00:25+05:45,2026-05-25,12:00:25,1779689725,0,6,12,nepse_official,OPEN,2026-05-25,MCHL,Menchhiyam Hydropower Limited,323.0,329.8,323.0,,327.5,322.9,4.600000000000023,,3302.0,1078688.5,30.0,6.800000000000011,2.1052631578947403,1.424589656240329,35956.28333333333,326.6773167777105
2026-05-25T06:15:25+00:00,2026-05-25T12:00:25+05:45,2026-05-25,12:00:25,1779689725,0,6,12,nepse_official,OPEN,2026-05-25,MDB,Miteri Development Bank Limited,615.0,618.0,615.0,,617.9,614.6,3.2999999999999545,,2954.0,1820818.0,9.0,3.0,0.4878048780487805,0.536934591604288,202313.11111111112,616.3906567366283
2026-05-25T06:15:25+00:00,2026-05-25T12:00:25+05:45,2026-05-25,12:00:25,1779689725,0,6,12,nepse_official,OPEN,2026-05-25,MEHL,Manakamana Engineering Hydropower Limited,379.0,390.0,379.0,,385.0,380.0,5.0,,210.0,80125.0,12.0,11.0,2.9023746701846966,1.3157894736842104,6677.083333333333,381.54761904761904
2026-05-25T06:15:25+00:00,2026-05-25T12:00:25+05:45,2026-05-25,12:00:25,1779689725,0,6,12,nepse_official,OPEN,2026-05-25,MEL,Modi Energy Limited,238.0,242.0,235.1,,241.8,238.1,3.700000000000017,,4018.0,958236.1,57.0,6.900000000000006,2.899159663865549,1.5539689206215948,16811.15964912281,238.4858387257342
2026-05-25T06:15:25+00:00,2026-05-25T12:00:25+05:45,2026-05-25,12:00:25,1779689725,0,6,12,nepse_official,OPEN,2026-05-25,MEN,Mountain Energy Nepal Limited,610.0,615.0,607.0,,607.4,604.0,3.3999999999999773,,16205.0,9854618.5,66.0,8.0,1.3114754098360655,0.5629139072847644,149312.40151515152,608.1220919469299
2026-05-25T06:15:25+00:00,2026-05-25T12:00:25+05:45,2026-05-25,12:00:25,1779689725,0,6,12,nepse_official,OPEN,2026-05-25,MERO,Mero Microfinance Bittiya Sanstha Ltd.,732.9,733.0,720.0,,720.1,718.0,2.1000000000000227,,1035.0,749850.5,9.0,13.0,1.7737754127438943,0.2924791086351007,83316.72222222222,724.4932367149759
2026-05-25T06:15:25+00:00,2026-05-25T12:00:25+05:45,2026-05-25,12:00:25,1779689725,0,6,12,nepse_official,OPEN,2026-05-25,MFIL,Manjushree Finance Ltd.,785.0,804.8,785.0,,804.8,802.0,2.7999999999999545,,4900.0,3913969.8,25.0,19.799999999999955,2.5222929936305674,0.34912718204488213,156558.792,798.7693469387755
2026-05-25T06:15:25+00:00,2026-05-25T12:00:25+05:45,2026-05-25,12:00:25,1779689725,0,6,12,nepse_official,OPEN,2026-05-25,MHCL,Molung Hydropower Company Limited,370.0,372.0,369.0,,370.0,368.9,1.1000000000000227,,1838.0,679748.0,27.0,3.0,0.8108108108108109,0.2981837896448964,25175.85185185185,369.83025027203485
2026-05-25T06:15:25+00:00,2026-05-25T12:00:25+05:45,2026-05-25,12:00:25,1779689725,0,6,12,nepse_official,OPEN,2026-05-25,MHL,Mandakini Hydropower Limited,500.0,500.0,498.5,,500.0,500.0,0.0,,528.0,263956.6,9.0,1.5,0.3,0.0,29328.511111111107,499.917803030303
2026-05-25T06:15:25+00:00,2026-05-25T12:00:25+05:45,2026-05-25,12:00:25,1779689725,0,6,12,nepse_official,OPEN,2026-05-25,MHNL,Mountain Hydro Nepal Limited,268.0,276.0,268.0,,275.9,270.0,5.899999999999977,,1775.0,487565.0,15.0,8.0,2.9850746268656714,2.1851851851851767,32504.333333333332,274.68450704225353
2026-05-25T06:15:25+00:00,2026-05-25T12:00:25+05:45,2026-05-25,12:00:25,1779689725,0,6,12,nepse_official,OPEN,2026-05-25,MKCL,Muktinath Krishi Company Limited,1290.0,1301.0,1290.0,,1301.0,1288.0,13.0,,40.0,51860.0,4.0,11.0,0.8527131782945736,1.0093167701863355,12965.0,1296.5
2026-05-25T06:15:25+00:00,2026-05-25T12:00:25+05:45,2026-05-25,12:00:25,1779689725,0,6,12,nepse_official,OPEN,2026-05-25,MKHC,Maya Khola Hydropower Company Limited,320.0,342.9,320.0,,338.0,320.0,18.0,,29177.0,9783732.0,202.0,22.899999999999977,7.156249999999993,5.625,48434.316831683165,335.3234396956507
2026-05-25T06:15:25+00:00,2026-05-25T12:00:25+05:45,2026-05-25,12:00:25,1779689725,0,6,12,nepse_official,OPEN,2026-05-25,MKHL,Mai Khola Hydropower Limited,523.1,571.5,523.1,,565.0,545.0,20.0,,2407.0,1347576.1,43.0,48.39999999999998,9.252532976486327,3.669724770642202,31338.979069767443,559.8571250519319
2026-05-25T06:15:25+00:00,2026-05-25T12:00:25+05:45,2026-05-25,12:00:25,1779689725,0,6,12,nepse_official,OPEN,2026-05-25,MKJC,Mailung Khola Jal Vidhyut Company Limited,500.0,500.0,493.2,,494.0,490.0,4.0,,220.0,109872.0,8.0,6.800000000000011,1.3600000000000023,0.8163265306122449,13734.0,499.41818181818184
2026-05-25T06:15:25+00:00,2026-05-25T12:00:25+05:45,2026-05-25,12:00:25,1779689725,0,6,12,nepse_official,OPEN,2026-05-25,MLBBL,Mithila LaghuBitta Bittiya Sanstha Limited,1220.0,1220.0,1190.0,,1190.0,1198.0,-8.0,,1130.0,1345375.0,9.0,30.0,2.459016393442623,-0.667779632721202,149486.11111111112,1190.5973451327434
2026-05-25T06:15:25+00:00,2026-05-25T12:00:25+05:45,2026-05-25,12:00:25,1779689725,0,6,12,nepse_official,OPEN,2026-05-25,MLBL,Mahalaxmi Bikas Bank Ltd.,369.9,369.9,368.0,,369.0,365.9,3.1000000000000227,,1332.0,490900.7,14.0,1.8999999999999773,0.5136523384698506,0.8472260180377216,35064.33571428571,368.54406906906905
2026-05-25T06:15:25+00:00,2026-05-25T12:00:25+05:45,2026-05-25,12:00:25,1779689725,0,6,12,nepse_official,OPEN,2026-05-25,MLBS,Manushi Laghubitta Bittiya Sanstha Limited,1250.0,1250.0,1250.0,,1250.0,1279.0,-29.0,,10.0,12500.0,1.0,0.0,0.0,-2.2673964034401877,12500.0,1250.0
2026-05-25T06:15:25+00:00,2026-05-25T12:00:25+05:45,2026-05-25,12:00:25,1779689725,0,6,12,nepse_official,OPEN,2026-05-25,MLBSL,Mahila Lagubitta Bittiya Sanstha Limited ,1800.0,1800.0,1790.0,,1790.0,1800.0,-10.0,,47.0,83822.0,2.0,10.0,0.5555555555555556,-0.5555555555555556,41911.0,1783.4468085106382
2026-05-25T06:15:25+00:00,2026-05-25T12:00:25+05:45,2026-05-25,12:00:25,1779689725,0,6,12,nepse_official,OPEN,2026-05-25,MMF1,Mega Mutual Fund -1,9.7,9.7,9.41,,9.68,9.59,0.08999999999999986,,400.0,3846.0,4.0,0.28999999999999915,2.989690721649476,0.9384775808133458,961.5,9.615
2026-05-25T06:15:25+00:00,2026-05-25T12:00:25+05:45,2026-05-25,12:00:25,1779689725,0,6,12,nepse_official,OPEN,2026-05-25,MMKJL,Mathillo Mailun Khola Jalvidhyut Limited,494.0,515.0,494.0,,514.0,501.0,13.0,,1389.0,701680.0,26.0,21.0,4.251012145748987,2.5948103792415167,26987.69230769231,505.1691864650828
2026-05-25T06:15:25+00:00,2026-05-25T12:00:25+05:45,2026-05-25,12:00:25,1779689725,0,6,12,nepse_official,OPEN,2026-05-25,MNBBL,Muktinath Bikas Bank Ltd.,374.3,378.7,374.0,,377.0,372.9,4.100000000000023,,9808.0,3698646.8,54.0,4.699999999999989,1.2556772642265532,1.0994904800214595,68493.45925925925,377.1050978792822
2026-05-25T06:15:25+00:00,2026-05-25T12:00:25+05:45,2026-05-25,12:00:25,1779689725,0,6,12,nepse_official,OPEN,2026-05-25,MNMF1,Muktinath Mutual Fund 1,9.9,9.91,9.9,,9.91,10.0,-0.08999999999999986,,770.0,7629.7,6.0,0.009999999999999787,0.10101010101009886,-0.8999999999999986,1271.6166666666666,9.908701298701299
2026-05-25T06:15:25+00:00,2026-05-25T12:00:25+05:45,2026-05-25,12:00:25,1779689725,0,6,12,nepse_official,OPEN,2026-05-25,MPFL,Multipurpose Finance Company  Limited,624.9,624.9,613.0,,621.0,619.5,1.5,,730.0,454489.0,10.0,11.899999999999977,1.9043046887501964,0.24213075060532688,45448.9,622.5876712328767
2026-05-25T06:15:25+00:00,2026-05-25T12:00:25+05:45,2026-05-25,12:00:25,1779689725,0,6,12,nepse_official,OPEN,2026-05-25,MSHL,Mid Solu Hydropower Limited,695.0,695.0,695.0,,695.0,695.0,0.0,,40.0,27800.0,1.0,0.0,0.0,0.0,27800.0,695.0
2026-05-25T06:15:25+00:00,2026-05-25T12:00:25+05:45,2026-05-25,12:00:25,1779689725,0,6,12,nepse_official,OPEN,2026-05-25,MSLB,Mahuli Laghubitta Bittiya Sanstha Limited,1272.0,1272.0,1235.0,,1236.0,1240.0,-4.0,,51.0,63742.0,5.0,37.0,2.908805031446541,-0.3225806451612903,12748.4,1249.8431372549019
2026-05-25T06:15:25+00:00,2026-05-25T12:00:25+05:45,2026-05-25,12:00:25,1779689725,0,6,12,nepse_official,OPEN,2026-05-25,NABBC,Narayani Development Bank Limited,930.0,968.0,930.0,,945.0,950.0,-5.0,,1131.0,1072549.0,20.0,38.0,4.086021505376344,-0.5263157894736842,53627.45,948.3191865605659
2026-05-25T06:15:25+00:00,2026-05-25T12:00:25+05:45,2026-05-25,12:00:25,1779689725,0,6,12,nepse_official,OPEN,2026-05-25,NABIL,Nabil Bank Limited,530.0,533.0,530.0,,532.0,530.0,2.0,,17552.0,9328444.8,187.0,3.0,0.5660377358490566,0.37735849056603776,49884.73155080214,531.4747493163172
2026-05-25T06:15:25+00:00,2026-05-25T12:00:25+05:45,2026-05-25,12:00:25,1779689725,0,6,12,nepse_official,OPEN,2026-05-25,NADEP,Nadep Laghubittiya bittya Sanstha Ltd.,741.0,763.2,741.0,,750.0,745.0,5.0,,240.0,178602.0,6.0,22.200000000000045,2.9959514170040547,0.6711409395973155,29767.0,744.175
2026-05-25T06:15:25+00:00,2026-05-25T12:00:25+05:45,2026-05-25,12:00:25,1779689725,0,6,12,nepse_official,OPEN,2026-05-25,NBF2,NABIL BALANCED FUND-2,9.95,9.95,9.9,,9.9,9.95,-0.049999999999998934,,300.0,2975.0,2.0,0.049999999999998934,0.5025125628140596,-0.5025125628140596,1487.5,9.916666666666666
2026-05-25T06:15:25+00:00,2026-05-25T12:00:25+05:45,2026-05-25,12:00:25,1779689725,0,6,12,nepse_official,OPEN,2026-05-25,NBF3,Nabil Balanced Fund-3,9.95,9.96,9.95,,9.96,9.95,0.010000000000001563,,1300.0,12936.0,7.0,0.010000000000001563,0.10050251256282978,0.10050251256282978,1848.0,9.95076923076923
2026-05-25T06:15:25+00:00,2026-05-25T12:00:25+05:45,2026-05-25,12:00:25,1779689725,0,6,12,nepse_official,OPEN,2026-05-25,NBL,Nepal Bank Limited,252.1,276.0,252.1,,271.9,265.3,6.599999999999966,,48854.0,13231193.1,116.0,23.900000000000006,9.480364934549785,2.4877497173011553,114062.00948275861,270.83131575715396
2026-05-25T06:15:25+00:00,2026-05-25T12:00:25+05:45,2026-05-25,12:00:25,1779689725,0,6,12,nepse_official,OPEN,2026-05-25,NESDO,NESDO Sambridha Laghubitta Bittiya Sanstha Limited,1535.1,1535.1,1535.1,,1535.1,1524.0,11.099999999999909,,11.0,16886.1,1.0,0.0,0.0,0.7283464566929074,16886.1,1535.1
2026-05-25T06:15:25+00:00,2026-05-25T12:00:25+05:45,2026-05-25,12:00:25,1779689725,0,6,12,nepse_official,OPEN,2026-05-25,NFS,Nepal Finance Ltd.,584.0,584.0,570.0,,575.0,570.0,5.0,,2822.0,1612273.0,29.0,14.0,2.3972602739726026,0.8771929824561403,55595.620689655174,571.3228206945429
2026-05-25T06:15:25+00:00,2026-05-25T12:00:25+05:45,2026-05-25,12:00:25,1779689725,0,6,12,nepse_official,OPEN,2026-05-25,NGPL,Ngadi Group Power Ltd.,435.0,460.0,435.0,,457.2,451.5,5.699999999999989,,160619.0,73108500.9,304.0,25.0,5.747126436781609,1.2624584717607947,240488.4898026316,455.16720251028835
2026-05-25T06:15:25+00:00,2026-05-25T12:00:25+05:45,2026-05-25,12:00:25,1779689725,0,6,12,nepse_official,OPEN,2026-05-25,NHPC,National Hydro Power Company Limited,309.7,309.7,295.0,,302.0,295.0,7.0,,139277.0,41858143.1,441.0,14.699999999999989,4.746528898934449,2.3728813559322033,94916.42426303856,300.5388046841905
2026-05-25T06:15:25+00:00,2026-05-25T12:00:25+05:45,2026-05-25,12:00:25,1779689725,0,6,12,nepse_official,OPEN,2026-05-25,NIBLSTF,NIBL Stable Fund,9.13,9.35,9.13,,9.2,9.29,-0.08999999999999986,,300.0,2768.0,3.0,0.21999999999999886,2.409638554216855,-0.9687836383207736,922.6666666666666,9.226666666666667
2026-05-25T06:15:25+00:00,2026-05-25T12:00:25+05:45,2026-05-25,12:00:25,1779689725,0,6,12,nepse_official,OPEN,2026-05-25,NIBSF2,NIBL Samriddhi Fund -2,9.14,9.4,9.14,,9.19,9.35,-0.16000000000000014,,1700.0,15933.0,3.0,0.2599999999999998,2.84463894967177,-1.7112299465240657,5311.0,9.372352941176471
2026-05-25T06:15:25+00:00,2026-05-25T12:00:25+05:45,2026-05-25,12:00:25,1779689725,0,6,12,nepse_official,OPEN,2026-05-25,NICA,NIC Asia Bank Ltd.,365.0,365.0,345.0,,355.0,352.5,2.5,,6944.0,2461599.0,57.0,20.0,5.47945205479452,0.7092198581560284,43185.94736842105,354.4929435483871
2026-05-25T06:15:25+00:00,2026-05-25T12:00:25+05:45,2026-05-25,12:00:25,1779689725,0,6,12,nepse_official,OPEN,2026-05-25,NICFC,NIC Asia Flexi CAP Fund,9.17,9.44,9.17,,9.26,9.4,-0.14000000000000057,,700.0,6497.0,6.0,0.2699999999999996,2.94438386041439,-1.4893617021276655,1082.8333333333333,9.281428571428572
2026-05-25T06:15:25+00:00,2026-05-25T12:00:25+05:45,2026-05-25,12:00:25,1779689725,0,6,12,nepse_official,OPEN,2026-05-25,NICGF2,NIC ASIA Growth Fund-2,9.92,9.92,9.63,,9.63,9.64,-0.009999999999999787,,300.0,2918.0,2.0,0.28999999999999915,2.923387096774185,-0.10373443983402268,1459.0,9.726666666666667
2026-05-25T06:15:25+00:00,2026-05-25T12:00:25+05:45,2026-05-25,12:00:25,1779689725,0,6,12,nepse_official,OPEN,2026-05-25,NICL,Nepal Insurance Co. Ltd.,500.0,500.0,497.0,,500.0,497.0,3.0,,2317.0,1155395.0,17.0,3.0,0.6,0.6036217303822937,67964.41176470589,498.65990504963315
2026-05-25T06:15:25+00:00,2026-05-25T12:00:25+05:45,2026-05-25,12:00:25,1779689725,0,6,12,nepse_official,OPEN,2026-05-25,NICLBSL,NIC ASIA Laghubitta Bittiya Sanstha Limited,574.0,583.6,574.0,,580.0,574.0,6.0,,636.0,369039.0,13.0,9.600000000000023,1.6724738675958226,1.0452961672473868,28387.615384615383,580.25
2026-05-25T06:15:25+00:00,2026-05-25T12:00:25+05:45,2026-05-25,12:00:25,1779689725,0,6,12,nepse_official,OPEN,2026-05-25,NICSF,NIC Asia Select Fund 30,9.39,9.39,9.39,,9.39,9.29,0.10000000000000142,,100.0,939.0,1.0,0.0,0.0,1.0764262648008764,939.0,9.39
2026-05-25T06:15:25+00:00,2026-05-25T12:00:25+05:45,2026-05-25,12:00:25,1779689725,0,6,12,nepse_official,OPEN,2026-05-25,NIFRA,Nepal Infrastructure Bank Limited,266.1,270.0,266.0,,269.0,266.8,2.1999999999999886,,23109.0,6206884.9,161.0,4.0,1.5031942878617062,0.8245877061469222,38552.080124223605,268.59166991215545
2026-05-25T06:15:25+00:00,2026-05-25T12:00:25+05:45,2026-05-25,12:00:25,1779689725,0,6,12,nepse_official,OPEN,2026-05-25,NIFRAGED,Nifra Green Energy Debenture 6% - 2088/89,1035.5,1035.9,1035.5,,1035.9,1035.3,0.6000000000001364,,50.0,51785.0,2.0,0.40000000000009095,0.03862868179624249,0.057954216169239486,25892.5,1035.7
2026-05-25T06:15:25+00:00,2026-05-25T12:00:25+05:45,2026-05-25,12:00:25,1779689725,0,6,12,nepse_official,OPEN,2026-05-25,NIL,Neco Insurance Limited,610.0,613.0,610.0,,613.0,614.0,-1.0,,269.0,164537.0,7.0,3.0,0.49180327868852464,-0.16286644951140067,23505.285714285714,611.6617100371748
2026-05-25T06:15:25+00:00,2026-05-25T12:00:25+05:45,2026-05-25,12:00:25,1779689725,0,6,12,nepse_official,OPEN,2026-05-25,NIMB,Nepal Investment Mega Bank Limited,199.0,200.9,198.0,,200.0,198.0,2.0,,52733.0,10528548.1,164.0,2.9000000000000057,1.4572864321608068,1.0101010101010102,64198.46402439024,199.657673563044
2026-05-25T06:15:25+00:00,2026-05-25T12:00:25+05:45,2026-05-25,12:00:25,1779689725,0,6,12,nepse_official,OPEN,2026-05-25,NLG,NLG Insurance Company Ltd.,582.0,590.0,582.0,,590.0,575.0,15.0,,3000.0,1763805.4,16.0,8.0,1.3745704467353952,2.608695652173913,110237.8375,587.9351333333333
2026-05-25T06:15:25+00:00,2026-05-25T12:00:25+05:45,2026-05-25,12:00:25,1779689725,0,6,12,nepse_official,OPEN,2026-05-25,NLIC,Nepal Life Insurance Co. Ltd.,770.0,779.8,765.0,,777.9,769.8,8.100000000000023,,2115.0,1631346.9,42.0,14.799999999999955,1.9220779220779163,1.0522213561964178,38841.59285714285,771.3224113475177
2026-05-25T06:15:25+00:00,2026-05-25T12:00:25+05:45,2026-05-25,12:00:25,1779689725,0,6,12,nepse_official,OPEN,2026-05-25,NLICL,National Life Insurance Co. Ltd.,595.8,595.8,586.2,,593.0,591.0,2.0,,188.0,111000.0,6.0,9.599999999999909,1.6112789526686655,0.338409475465313,18500.0,590.4255319148937
2026-05-25T06:15:25+00:00,2026-05-25T12:00:25+05:45,2026-05-25,12:00:25,1779689725,0,6,12,nepse_official,OPEN,2026-05-25,NMB,NMB Bank Limited,248.0,249.0,247.0,,249.0,248.6,0.4000000000000057,,1898.0,470001.0,14.0,2.0,0.8064516129032258,0.16090104585680035,33571.5,247.62961011591148
2026-05-25T06:15:25+00:00,2026-05-25T12:00:25+05:45,2026-05-25,12:00:25,1779689725,0,6,12,nepse_official,OPEN,2026-05-25,NMBHF2,NMB Hybrid Fund L- II,9.6,9.6,9.6,,9.6,9.67,-0.07000000000000028,,100.0,960.0,1.0,0.0,0.0,-0.7238883143743566,960.0,9.6
2026-05-25T06:15:25+00:00,2026-05-25T12:00:25+05:45,2026-05-25,12:00:25,1779689725,0,6,12,nepse_official,OPEN,2026-05-25,NMBMF,NMB  Microfinance Bittiya Sanstha Ltd.,633.1,633.1,633.1,,633.1,632.0,1.1000000000000227,,55.0,34820.5,1.0,0.0,0.0,0.174050632911396,34820.5,633.1
2026-05-25T06:15:25+00:00,2026-05-25T12:00:25+05:45,2026-05-25,12:00:25,1779689725,0,6,12,nepse_official,OPEN,2026-05-25,NMFBS,National Laghubitta Bittiya Sanstha Limited,1117.0,1155.0,1117.0,,1152.0,1140.0,12.0,,622.0,714570.0,15.0,38.0,3.4019695613249774,1.0526315789473684,47638.0,1148.8263665594855
2026-05-25T06:15:25+00:00,2026-05-25T12:00:25+05:45,2026-05-25,12:00:25,1779689725,0,6,12,nepse_official,OPEN,2026-05-25,NMIC,Nepal Micro Insurance Company Limited,1040.0,1052.0,1025.0,,1049.9,1025.0,24.90000000000009,,2296.0,2387187.0,55.0,27.0,2.5961538461538463,2.4292682926829356,43403.4,1039.7155923344949
2026-05-25T06:15:25+00:00,2026-05-25T12:00:25+05:45,2026-05-25,12:00:25,1779689725,0,6,12,nepse_official,OPEN,2026-05-25,NMLBBL,Nerude Mirmire Laghubitta Bittiya Sanstha Limited,571.0,593.9,571.0,,593.9,588.0,5.899999999999977,,919.0,542281.5,17.0,22.899999999999977,4.010507880910679,1.0034013605442138,31898.91176470588,590.0778019586508
2026-05-25T06:15:25+00:00,2026-05-25T12:00:25+05:45,2026-05-25,12:00:25,1779689725,0,6,12,nepse_official,OPEN,2026-05-25,NRIC,Nepal Reinsurance Company Limited,914.1,921.9,911.0,,921.8,908.1,13.699999999999932,,3333.0,3061291.5,56.0,10.899999999999977,1.1924297122853054,1.5086444224204307,54665.919642857145,918.479297929793
2026-05-25T06:15:25+00:00,2026-05-25T12:00:25+05:45,2026-05-25,12:00:25,1779689725,0,6,12,nepse_official,OPEN,2026-05-25,NRM,Nepal Republic Media Limited,345.9,388.0,345.9,,374.0,364.1,9.899999999999977,,4247.0,1575821.2,56.0,42.10000000000002,12.171147730557973,2.7190332326283926,28139.664285714283,371.0433717918531
2026-05-25T06:15:25+00:00,2026-05-25T12:00:25+05:45,2026-05-25,12:00:25,1779689725,0,6,12,nepse_official,OPEN,2026-05-25,NRN,NRN Infrastructure and Development Limited,1425.0,1440.0,1387.0,,1421.0,1399.0,22.0,,11354.0,16130889.8,129.0,53.0,3.7192982456140355,1.5725518227305217,125045.6573643411,1420.7230755680819
2026-05-25T06:15:25+00:00,2026-05-25T12:00:25+05:45,2026-05-25,12:00:25,1779689725,0,6,12,nepse_official,OPEN,2026-05-25,NSIF2,NMB Sulav Investment Fund - 2,10.6,10.75,10.6,,10.75,10.75,0.0,,400.0,4272.0,4.0,0.15000000000000036,1.4150943396226447,0.0,1068.0,10.68
2026-05-25T06:15:25+00:00,2026-05-25T12:00:25+05:45,2026-05-25,12:00:25,1779689725,0,6,12,nepse_official,OPEN,2026-05-25,NSY,Nepal Life Samriddhi Lagani Yojana,9.44,9.51,9.44,,9.51,9.68,-0.16999999999999993,,760.0,7204.0,6.0,0.07000000000000028,0.7415254237288166,-1.7561983471074374,1200.6666666666667,9.478947368421053
2026-05-25T06:15:25+00:00,2026-05-25T12:00:25+05:45,2026-05-25,12:00:25,1779689725,0,6,12,nepse_official,OPEN,2026-05-25,NTC,Nepal Doorsanchar Company Limited,890.0,899.9,888.5,,899.6,890.4,9.200000000000045,,4960.0,4441969.2,80.0,11.399999999999977,1.2808988764044917,1.0332434860736799,55524.615000000005,895.5583064516129
2026-05-25T06:15:25+00:00,2026-05-25T12:00:25+05:45,2026-05-25,12:00:25,1779689725,0,6,12,nepse_official,OPEN,2026-05-25,NUBL,Nirdhan Utthan Laghubitta Bittiya Sanstha Limited,665.0,665.0,656.0,,656.0,660.0,-4.0,,835.0,550559.0,9.0,9.0,1.3533834586466165,-0.6060606060606061,61173.22222222222,659.3520958083832
2026-05-25T06:15:25+00:00,2026-05-25T12:00:25+05:45,2026-05-25,12:00:25,1779689725,0,6,12,nepse_official,OPEN,2026-05-25,NWCL,Nepal Warehousing Company Limited ,803.0,816.0,803.0,,815.0,804.0,11.0,,190.0,154545.0,10.0,13.0,1.61892901618929,1.3681592039800996,15454.5,813.3947368421053
2026-05-25T06:15:25+00:00,2026-05-25T12:00:25+05:45,2026-05-25,12:00:25,1779689725,0,6,12,nepse_official,OPEN,2026-05-25,NYADI,Nyadi Hydropower Limited,399.9,399.9,391.0,,393.1,391.1,2.0,,635.0,251451.0,17.0,8.899999999999977,2.2255563890972687,0.5113781641523907,14791.235294117647,395.98582677165354
2026-05-25T06:15:25+00:00,2026-05-25T12:00:25+05:45,2026-05-25,12:00:25,1779689725,0,6,12,nepse_official,OPEN,2026-05-25,OHL,Oriental Hotels Limited,708.0,712.0,700.0,,700.0,692.4,7.600000000000023,,219.0,154252.0,4.0,12.0,1.694915254237288,1.0976314269208582,38563.0,704.3470319634703
2026-05-25T06:15:25+00:00,2026-05-25T12:00:25+05:45,2026-05-25,12:00:25,1779689725,0,6,12,nepse_official,OPEN,2026-05-25,OMPL,Om Megashree Pharmaceuticals Limited,1190.0,1210.0,1190.0,,1200.1,1180.0,20.09999999999991,,1672.0,2011718.5,47.0,20.0,1.680672268907563,1.7033898305084667,42802.52127659575,1203.1809210526317
2026-05-25T06:15:25+00:00,2026-05-25T12:00:25+05:45,2026-05-25,12:00:25,1779689725,0,6,12,nepse_official,OPEN,2026-05-25,PBLD84,10% Prabhu Bank Debenture 2084 ,1085.1,1085.1,1085.1,,1085.1,1088.1,-3.0,,50.0,54255.0,2.0,0.0,0.0,-0.275709953129308,27127.5,1085.1
2026-05-25T06:15:25+00:00,2026-05-25T12:00:25+05:45,2026-05-25,12:00:25,1779689725,0,6,12,nepse_official,OPEN,2026-05-25,PCBL,Prime Commercial Bank Ltd.,240.5,242.5,239.0,,242.5,240.5,2.0,,17134.0,4136021.4,54.0,3.5,1.4553014553014554,0.8316008316008316,76592.98888888888,241.3926345278394
2026-05-25T06:15:25+00:00,2026-05-25T12:00:25+05:45,2026-05-25,12:00:25,1779689725,0,6,12,nepse_official,OPEN,2026-05-25,PCIL,Palpa Cement Industries Limited,827.0,856.9,815.0,,853.0,827.0,26.0,,21555.0,18179375.4,789.0,41.89999999999998,5.066505441354289,3.143893591293833,23041.033460076043,843.3948225469728
2026-05-25T06:15:25+00:00,2026-05-25T12:00:25+05:45,2026-05-25,12:00:25,1779689725,0,6,12,nepse_official,OPEN,2026-05-25,PFL,Pokhara Finance Ltd.,379.0,379.0,370.0,,379.0,375.0,4.0,,511.0,190866.0,11.0,9.0,2.3746701846965697,1.0666666666666667,17351.454545454544,373.5146771037182
2026-05-25T06:15:25+00:00,2026-05-25T12:00:25+05:45,2026-05-25,12:00:25,1779689725,0,6,12,nepse_official,OPEN,2026-05-25,PHCL,Peoples Hydropower Company Limited,308.0,314.0,308.0,,313.6,309.2,4.400000000000034,,14009.0,4365003.5,107.0,6.0,1.948051948051948,1.423027166882288,40794.42523364486,311.5856592190735
2026-05-25T06:15:25+00:00,2026-05-25T12:00:25+05:45,2026-05-25,12:00:25,1779689725,0,6,12,nepse_official,OPEN,2026-05-25,PMHPL,Panchakanya Mai Hydropower Ltd,343.9,347.9,343.0,,347.9,342.0,5.899999999999977,,3519.0,1211125.4,22.0,4.899999999999977,1.4248328002326192,1.7251461988304029,55051.15454545454,344.1674907644217
2026-05-25T06:15:25+00:00,2026-05-25T12:00:25+05:45,2026-05-25,12:00:25,1779689725,0,6,12,nepse_official,OPEN,2026-05-25,PMLI,Prabhu Mahalaxmi Life Insurance Limited,470.0,470.0,462.5,,470.0,470.0,0.0,,238.0,110560.5,21.0,7.5,1.5957446808510638,0.0,5264.785714285715,464.53991596638656
2026-05-25T06:15:25+00:00,2026-05-25T12:00:25+05:45,2026-05-25,12:00:25,1779689725,0,6,12,nepse_official,OPEN,2026-05-25,PPCL,Panchthar Power Compant Limited,380.0,387.0,378.0,,387.0,380.0,7.0,,3795.0,1452507.0,22.0,9.0,2.368421052631579,1.8421052631578945,66023.04545454546,382.7422924901186
2026-05-25T06:15:25+00:00,2026-05-25T12:00:25+05:45,2026-05-25,12:00:25,1779689725,0,6,12,nepse_official,OPEN,2026-05-25,PPL,People's Power Limited,357.0,368.0,357.0,,368.0,354.0,14.0,,31717.0,11496788.3,175.0,11.0,3.081232492997199,3.954802259887006,65695.93314285715,362.48031970236786
2026-05-25T06:15:25+00:00,2026-05-25T12:00:25+05:45,2026-05-25,12:00:25,1779689725,0,6,12,nepse_official,OPEN,2026-05-25,PRIN,Prabhu Insurance Ltd.,669.9,669.9,656.0,,665.0,662.0,3.0,,1147.0,765567.9,9.0,13.899999999999977,2.074936557695175,0.4531722054380665,85063.1,667.4523975588492
2026-05-25T06:15:25+00:00,2026-05-25T12:00:25+05:45,2026-05-25,12:00:25,1779689725,0,6,12,nepse_official,OPEN,2026-05-25,PROFL,Progressive Finance Limited,456.0,457.0,445.0,,445.0,444.0,1.0,,120.0,54615.0,4.0,12.0,2.631578947368421,0.22522522522522523,13653.75,455.125
2026-05-25T06:15:25+00:00,2026-05-25T12:00:25+05:45,2026-05-25,12:00:25,1779689725,0,6,12,nepse_official,OPEN,2026-05-25,PRSF,Prabhu Smart Fund,13.0,13.0,13.0,,13.0,12.95,0.05000000000000071,,1600.0,20800.0,1.0,0.0,0.0,0.3861003861003916,20800.0,13.0
2026-05-25T06:15:25+00:00,2026-05-25T12:00:25+05:45,2026-05-25,12:00:25,1779689725,0,6,12,nepse_official,OPEN,2026-05-25,PRVU,Prabhu  Bank Limited,188.1,202.7,188.1,,201.6,198.0,3.5999999999999943,,39109.0,7848486.3,137.0,14.599999999999994,7.76182881446039,1.8181818181818152,57288.22116788321,200.68235700222453
2026-05-25T06:15:25+00:00,2026-05-25T12:00:25+05:45,2026-05-25,12:00:25,1779689725,0,6,12,nepse_official,OPEN,2026-05-25,PSF,Prabhu Select Fund,12.01,12.01,12.01,,12.01,12.21,-0.20000000000000107,,200.0,2402.0,1.0,0.0,0.0,-1.6380016380016467,2402.0,12.01
2026-05-25T06:15:25+00:00,2026-05-25T12:00:25+05:45,2026-05-25,12:00:25,1779689725,0,6,12,nepse_official,OPEN,2026-05-25,PURE,Pure Energy Limited,1030.0,1030.0,991.2,,1008.0,985.0,23.0,,5290.0,5326335.1,82.0,38.799999999999955,3.7669902912621316,2.33502538071066,64955.30609756097,1006.8686389413988
2026-05-25T06:15:25+00:00,2026-05-25T12:00:25+05:45,2026-05-25,12:00:25,1779689725,0,6,12,nepse_official,OPEN,2026-05-25,RADHI,Radhi Bidyut Company Ltd,785.0,795.0,780.0,,787.0,783.0,4.0,,13525.0,10644753.8,54.0,15.0,1.910828025477707,0.5108556832694764,197125.07037037038,787.0427948243993
2026-05-25T06:15:25+00:00,2026-05-25T12:00:25+05:45,2026-05-25,12:00:25,1779689725,0,6,12,nepse_official,OPEN,2026-05-25,RAWA,Rawa Energy Development Limited,613.0,613.0,576.0,,577.0,584.0,-7.0,,90.0,53236.0,9.0,37.0,6.035889070146819,-1.1986301369863013,5915.111111111111,591.5111111111111
2026-05-25T06:15:25+00:00,2026-05-25T12:00:25+05:45,2026-05-25,12:00:25,1779689725,0,6,12,nepse_official,OPEN,2026-05-25,RBBD2088,7% RBBL Debenture 2088,1056.7,1056.7,1056.7,,1056.7,1085.3,-28.59999999999991,,25.0,26417.5,1.0,0.0,0.0,-2.635216069289589,26417.5,1056.7
2026-05-25T06:15:25+00:00,2026-05-25T12:00:25+05:45,2026-05-25,12:00:25,1779689725,0,6,12,nepse_official,OPEN,2026-05-25,RBBF40,RBB Focus 40,9.33,9.55,9.33,,9.41,9.45,-0.03999999999999915,,800.0,7548.0,7.0,0.22000000000000064,2.35798499464095,-0.42328042328041426,1078.2857142857142,9.435
2026-05-25T06:15:25+00:00,2026-05-25T12:00:25+05:45,2026-05-25,12:00:25,1779689725,0,6,12,nepse_official,OPEN,2026-05-25,RFPL,River Falls Power Limited,360.0,381.9,360.0,,380.0,376.2,3.8000000000000114,,7055.0,2679755.1,72.0,21.899999999999977,6.083333333333327,1.010101010101013,37218.82083333333,379.83771793054575
2026-05-25T06:15:25+00:00,2026-05-25T12:00:25+05:45,2026-05-25,12:00:25,1779689725,0,6,12,nepse_official,OPEN,2026-05-25,RHGCL,Rapti Hydro And General Construction Limited,295.1,303.0,291.0,,300.0,298.0,2.0,,9711.0,2925496.0,56.0,12.0,4.066418163334463,0.6711409395973155,52241.0,301.2558953763773
2026-05-25T06:15:25+00:00,2026-05-25T12:00:25+05:45,2026-05-25,12:00:25,1779689725,0,6,12,nepse_official,OPEN,2026-05-25,RHPL,RASUWAGADHI HYDROPOWER COMPANY LIMITED,279.0,283.0,278.0,,281.0,279.0,2.0,,4474.0,1258674.0,39.0,5.0,1.7921146953405016,0.7168458781362007,32273.69230769231,281.33080017881093
2026-05-25T06:15:25+00:00,2026-05-25T12:00:25+05:45,2026-05-25,12:00:25,1779689725,0,6,12,nepse_official,OPEN,2026-05-25,RIDI,Ridi Power Company Limited,368.0,378.1,365.1,,378.0,366.7,11.300000000000011,,286479.0,106948065.3,618.0,13.0,3.532608695652174,3.0815380419961853,173055.1218446602,373.3190401390678
2026-05-25T06:15:25+00:00,2026-05-25T12:00:25+05:45,2026-05-25,12:00:25,1779689725,0,6,12,nepse_official,OPEN,2026-05-25,RLEL,Ridge Line Energy Limited,1026.0,1090.0,1026.0,,1080.0,1026.9,53.09999999999991,,8467.0,9027235.0,230.0,64.0,6.237816764132553,5.170902716914978,39248.84782608696,1066.1668831935751
2026-05-25T06:15:25+00:00,2026-05-25T12:00:25+05:45,2026-05-25,12:00:25,1779689725,0,6,12,nepse_official,OPEN,2026-05-25,RLFL,Reliance Finance Ltd.,430.0,444.9,430.0,,444.0,438.9,5.100000000000023,,4941.0,2186106.0,19.0,14.899999999999977,3.4651162790697625,1.1619958988380092,115058.21052631579,442.4420157862781
2026-05-25T06:15:25+00:00,2026-05-25T12:00:25+05:45,2026-05-25,12:00:25,1779689725,0,6,12,nepse_official,OPEN,2026-05-25,RMF1,RBB Mutual Fund 1,9.85,9.88,9.85,,9.88,10.0,-0.11999999999999922,,500.0,4934.0,2.0,0.030000000000001137,0.3045685279187933,-1.1999999999999922,2467.0,9.868
2026-05-25T06:15:25+00:00,2026-05-25T12:00:25+05:45,2026-05-25,12:00:25,1779689725,0,6,12,nepse_official,OPEN,2026-05-25,RNLI,Reliable Nepal Life Insurance Limited,466.0,470.0,461.0,,465.9,465.0,0.8999999999999773,,21040.0,9867098.2,60.0,9.0,1.9313304721030045,0.1935483870967693,164451.63666666666,468.9685456273764
2026-05-25T06:15:25+00:00,2026-05-25T12:00:25+05:45,2026-05-25,12:00:25,1779689725,0,6,12,nepse_official,OPEN,2026-05-25,RSDC,RSDC Laghubitta Bittiya Sanstha Ltd.,674.0,674.0,670.0,,674.0,667.8,6.2000000000000455,,489.0,328278.0,5.0,4.0,0.5934718100890208,0.9284216831386711,65655.6,671.3251533742331
2026-05-25T06:15:25+00:00,2026-05-25T12:00:25+05:45,2026-05-25,12:00:25,1779689725,0,6,12,nepse_official,OPEN,2026-05-25,RSML,Reliance Spinning Mills Limited,3700.0,3795.0,3700.0,,3794.0,3730.0,64.0,,11257.0,42405788.6,283.0,95.0,2.5675675675675675,1.7158176943699734,149843.77597173146,3767.059482988363
2026-05-25T06:15:25+00:00,2026-05-25T12:00:25+05:45,2026-05-25,12:00:25,1779689725,0,6,12,nepse_official,OPEN,2026-05-25,RSY,Reliable Samriddhi Yojana,10.04,10.35,10.04,,10.35,10.35,0.0,,2800.0,28226.0,7.0,0.3100000000000005,3.0876494023904435,0.0,4032.285714285714,10.080714285714286
2026-05-25T06:15:25+00:00,2026-05-25T12:00:25+05:45,2026-05-25,12:00:25,1779689725,0,6,12,nepse_official,OPEN,2026-05-25,RURU,Ru Ru Jalbidhyut Pariyojana Limited,670.0,670.0,655.0,,655.0,660.0,-5.0,,70.0,46250.0,4.0,15.0,2.2388059701492535,-0.7575757575757576,11562.5,660.7142857142857
2026-05-25T06:15:25+00:00,2026-05-25T12:00:25+05:45,2026-05-25,12:00:25,1779689725,0,6,12,nepse_official,OPEN,2026-05-25,SABBL,Salapa Bikas Bank Limited,1250.0,1281.0,1242.1,,1280.0,1247.0,33.0,,2987.0,3789086.9,103.0,38.90000000000009,3.112000000000007,2.6463512429831595,36787.25145631068,1268.525912286575
2026-05-25T06:15:25+00:00,2026-05-25T12:00:25+05:45,2026-05-25,12:00:25,1779689725,0,6,12,nepse_official,OPEN,2026-05-25,SADBL,Shangrila Development Bank Ltd.,416.0,420.0,416.0,,420.0,416.0,4.0,,6552.0,2748034.0,23.0,4.0,0.9615384615384616,0.9615384615384616,119479.73913043478,419.41910866910865
2026-05-25T06:15:25+00:00,2026-05-25T12:00:25+05:45,2026-05-25,12:00:25,1779689725,0,6,12,nepse_official,OPEN,2026-05-25,SAGAR,Sagar Distillery Limited,1722.0,1757.0,1722.0,,1736.4,1717.0,19.40000000000009,,2376.0,4144451.8,66.0,35.0,2.0325203252032518,1.1298776936517234,62794.72424242424,1744.2978956228956
2026-05-25T06:15:25+00:00,2026-05-25T12:00:25+05:45,2026-05-25,12:00:25,1779689725,0,6,12,nepse_official,OPEN,2026-05-25,SAGF,Sanima Growth Fund,10.15,10.2,10.15,,10.2,10.2,0.0,,400.0,4065.0,3.0,0.049999999999998934,0.49261083743841316,0.0,1355.0,10.1625
2026-05-25T06:15:25+00:00,2026-05-25T12:00:25+05:45,2026-05-25,12:00:25,1779689725,0,6,12,nepse_official,OPEN,2026-05-25,SAHAS,Sahas Urja Limited,664.0,667.9,664.0,,667.0,664.0,3.0,,33125.0,22074276.6,198.0,3.8999999999999773,0.5873493975903581,0.4518072289156626,111486.24545454547,666.3932558490567
2026-05-25T06:15:25+00:00,2026-05-25T12:00:25+05:45,2026-05-25,12:00:25,1779689725,0,6,12,nepse_official,OPEN,2026-05-25,SAIL,Shreenagar Agritech Industries Limited,1148.0,1173.0,1148.0,,1157.0,1148.0,9.0,,6656.0,7733389.0,129.0,25.0,2.177700348432056,0.7839721254355401,59948.751937984496,1161.8673377403845
2026-05-25T06:15:25+00:00,2026-05-25T12:00:25+05:45,2026-05-25,12:00:25,1779689725,0,6,12,nepse_official,OPEN,2026-05-25,SALICO,Sagarmatha Lumbini Insurance Co. Limited,595.0,611.0,593.0,,593.0,590.0,3.0,,2401.0,1439482.7,25.0,18.0,3.0252100840336134,0.5084745762711864,57579.308,599.5346522282382
2026-05-25T06:15:25+00:00,2026-05-25T12:00:25+05:45,2026-05-25,12:00:25,1779689725,0,6,12,nepse_official,OPEN,2026-05-25,SANIMA,Sanima Bank Limited,370.0,387.5,365.6,,370.0,365.5,4.5,,76752.0,28693788.7,110.0,21.899999999999977,5.918918918918912,1.231190150478796,260852.62454545454,373.8506970502397
2026-05-25T06:15:25+00:00,2026-05-25T12:00:25+05:45,2026-05-25,12:00:25,1779689725,0,6,12,nepse_official,OPEN,2026-05-25,SANVI,Sanvi Energy Limited,702.1,760.0,702.1,,750.0,739.0,11.0,,10898.0,8157093.7,153.0,57.89999999999998,8.246688505910836,1.4884979702300407,53314.33790849673,748.4945586346118
2026-05-25T06:15:25+00:00,2026-05-25T12:00:25+05:45,2026-05-25,12:00:25,1779689725,0,6,12,nepse_official,OPEN,2026-05-25,SAPDBL,Saptakoshi Development Bank Ltd,795.0,814.9,795.0,,806.0,802.9,3.1000000000000227,,2746.0,2212829.0,29.0,19.899999999999977,2.5031446540880475,0.38610038610038894,76304.44827586207,805.8372177713037
2026-05-25T06:15:25+00:00,2026-05-25T12:00:25+05:45,2026-05-25,12:00:25,1779689725,0,6,12,nepse_official,OPEN,2026-05-25,SARBTM,Sarbottam Cement Limited,858.8,865.0,858.1,,862.0,855.0,7.0,,4189.0,3602677.1,44.0,6.899999999999977,0.8034466697717719,0.8187134502923977,81879.02500000001,860.0327285748389
2026-05-25T06:15:25+00:00,2026-05-25T12:00:25+05:45,2026-05-25,12:00:25,1779689725,0,6,12,nepse_official,OPEN,2026-05-25,SBI,Nepal SBI Bank Limited,396.0,404.0,396.0,,401.1,405.0,-3.8999999999999773,,338.0,135698.0,8.0,8.0,2.0202020202020203,-0.9629629629629574,16962.25,401.4733727810651
2026-05-25T06:15:25+00:00,2026-05-25T12:00:25+05:45,2026-05-25,12:00:25,1779689725,0,6,12,nepse_official,OPEN,2026-05-25,SBL,Siddhartha Bank Limited,402.0,402.0,399.1,,400.9,400.9,0.0,,13499.0,5396810.3,44.0,2.8999999999999773,0.7213930348258649,0.0,122654.77954545454,399.7933402474257
2026-05-25T06:15:25+00:00,2026-05-25T12:00:25+05:45,2026-05-25,12:00:25,1779689725,0,6,12,nepse_official,OPEN,2026-05-25,SCB,Standard Chartered Bank Limited,664.3,664.3,654.0,,655.0,653.2,1.7999999999999545,,5455.0,3574217.0,17.0,10.299999999999955,1.550504290230311,0.27556644213104015,210248.0588235294,655.2185151237397
2026-05-25T06:15:25+00:00,2026-05-25T12:00:25+05:45,2026-05-25,12:00:25,1779689725,0,6,12,nepse_official,OPEN,2026-05-25,SFCL,Samriddhi Finance Company Limited,371.0,380.0,367.3,,380.0,370.0,10.0,,5152.0,1916441.9,25.0,12.699999999999989,3.4231805929919106,2.7027027027027026,76657.67599999999,371.98018245341615
2026-05-25T06:15:25+00:00,2026-05-25T12:00:25+05:45,2026-05-25,12:00:25,1779689725,0,6,12,nepse_official,OPEN,2026-05-25,SFEF,Sunrise Focused Equity Fund,10.13,10.15,10.13,,10.13,10.13,0.0,,1400.0,14184.0,5.0,0.019999999999999574,0.19743336623889016,0.0,2836.8,10.131428571428572
2026-05-25T06:15:25+00:00,2026-05-25T12:00:25+05:45,2026-05-25,12:00:25,1779689725,0,6,12,nepse_official,OPEN,2026-05-25,SGHC,Swet-Ganga Hydropower & Construction Limited ,382.0,385.0,372.0,,385.0,380.0,5.0,,2235.0,848823.0,26.0,13.0,3.4031413612565444,1.3157894736842104,32647.03846153846,379.78657718120803
2026-05-25T06:15:25+00:00,2026-05-25T12:00:25+05:45,2026-05-25,12:00:25,1779689725,0,6,12,nepse_official,OPEN,2026-05-25,SGIC,Sanima GIC Insurance Limited,471.0,471.0,461.0,,465.0,464.0,1.0,,241.0,111993.0,11.0,10.0,2.1231422505307855,0.21551724137931033,10181.181818181818,464.701244813278
2026-05-25T06:15:25+00:00,2026-05-25T12:00:25+05:45,2026-05-25,12:00:25,1779689725,0,6,12,nepse_official,OPEN,2026-05-25,SHEL,Singati Hydro Energy Limited,315.0,323.0,315.0,,321.1,318.0,3.1000000000000227,,49627.0,15920015.3,130.0,8.0,2.5396825396825395,0.9748427672956046,122461.65615384615,320.793424950128
2026-05-25T06:15:25+00:00,2026-05-25T12:00:25+05:45,2026-05-25,12:00:25,1779689725,0,6,12,nepse_official,OPEN,2026-05-25,SHINE,Shine Resunga Development Bank Ltd.,414.9,414.9,414.0,,414.0,412.0,2.0,,1428.0,591837.0,9.0,0.8999999999999773,0.2169197396963069,0.48543689320388345,65759.66666666667,414.45168067226894
2026-05-25T06:15:25+00:00,2026-05-25T12:00:25+05:45,2026-05-25,12:00:25,1779689725,0,6,12,nepse_official,OPEN,2026-05-25,SHIVM,SHIVAM CEMENTS LTD,684.0,692.0,684.0,,691.0,686.9,4.100000000000023,,29727.0,20504577.7,151.0,8.0,1.1695906432748537,0.596884553792404,135791.90529801324,689.7627644901941
2026-05-25T06:15:25+00:00,2026-05-25T12:00:25+05:45,2026-05-25,12:00:25,1779689725,0,6,12,nepse_official,OPEN,2026-05-25,SHL,Soaltee Hotel Limited,501.5,505.6,500.0,,503.0,500.1,2.8999999999999773,,4431.0,2222064.8,16.0,5.600000000000023,1.1166500498504532,0.5798840231953564,138879.05,501.48156172421574
2026-05-25T06:15:25+00:00,2026-05-25T12:00:25+05:45,2026-05-25,12:00:25,1779689725,0,6,12,nepse_official,OPEN,2026-05-25,SHLB,Shrijanshil Laghubitta Bittiya Sanstha Limited,1480.0,1480.0,1480.0,,1480.0,1470.0,10.0,,10.0,14800.0,1.0,0.0,0.0,0.6802721088435374,14800.0,1480.0
2026-05-25T06:15:25+00:00,2026-05-25T12:00:25+05:45,2026-05-25,12:00:25,1779689725,0,6,12,nepse_official,OPEN,2026-05-25,SHPC,Sanima Mai Hydropower Ltd.,533.0,533.0,521.0,,523.2,521.7,1.5,,12807.0,6697792.0,38.0,12.0,2.25140712945591,0.2875215641173088,176257.68421052632,522.9789958616382
2026-05-25T06:15:25+00:00,2026-05-25T12:00:25+05:45,2026-05-25,12:00:25,1779689725,0,6,12,nepse_official,OPEN,2026-05-25,SICL,Shikhar Insurance Co. Ltd.,624.0,624.0,613.0,,620.0,617.8,2.2000000000000455,,110.0,68172.0,10.0,11.0,1.7628205128205128,0.35610229847847935,6817.2,619.7454545454545
2026-05-25T06:15:25+00:00,2026-05-25T12:00:25+05:45,2026-05-25,12:00:25,1779689725,0,6,12,nepse_official,OPEN,2026-05-25,SIFC,Shree Investment Finance Co. Ltd.,540.0,548.0,536.0,,545.0,541.0,4.0,,282.0,151619.2,14.0,12.0,2.2222222222222223,0.7393715341959335,10829.942857142858,537.6567375886525
2026-05-25T06:15:25+00:00,2026-05-25T12:00:25+05:45,2026-05-25,12:00:25,1779689725,0,6,12,nepse_official,OPEN,2026-05-25,SIGS3,Siddhartha Investment Growth Scheme 3,10.66,10.7,10.66,,10.7,10.86,-0.16000000000000014,,200.0,2136.0,2.0,0.03999999999999915,0.375234521575977,-1.4732965009208117,1068.0,10.68
2026-05-25T06:15:25+00:00,2026-05-25T12:00:25+05:45,2026-05-25,12:00:25,1779689725,0,6,12,nepse_official,OPEN,2026-05-25,SIKLES,Sikles Hydropower Limited,605.0,605.0,600.0,,600.1,600.0,0.10000000000002274,,4428.0,2662281.3,29.0,5.0,0.8264462809917356,0.016666666666670455,91802.80344827585,601.2378726287262
2026-05-25T06:15:25+00:00,2026-05-25T12:00:25+05:45,2026-05-25,12:00:25,1779689725,0,6,12,nepse_official,OPEN,2026-05-25,SINDU,Sindhu Bikash Bank Ltd,713.1,729.0,713.1,,729.0,720.0,9.0,,651.0,474083.0,13.0,15.899999999999977,2.2297013041649105,1.25,36467.92307692308,728.2380952380952
2026-05-25T06:15:25+00:00,2026-05-25T12:00:25+05:45,2026-05-25,12:00:25,1779689725,0,6,12,nepse_official,OPEN,2026-05-25,SIPD,Shikhar power Development Limited,815.0,844.7,810.0,,844.5,815.0,29.5,,9462.0,7860559.7,393.0,34.700000000000045,4.257668711656447,3.6196319018404908,20001.42417302799,830.7503381948849
2026-05-25T06:15:25+00:00,2026-05-25T12:00:25+05:45,2026-05-25,12:00:25,1779689725,0,6,12,nepse_official,OPEN,2026-05-25,SJCL,SANJEN JALAVIDHYUT COMPANY LIMITED,302.0,312.6,302.0,,311.6,306.9,4.7000000000000455,,17328.0,5315588.0,39.0,10.600000000000023,3.5099337748344444,1.531443466927353,136297.12820512822,306.7629270544783
2026-05-25T06:15:25+00:00,2026-05-25T12:00:25+05:45,2026-05-25,12:00:25,1779689725,0,6,12,nepse_official,OPEN,2026-05-25,SJLIC,SuryaJyoti Life Insurance Company Limited,429.0,438.0,429.0,,433.1,431.0,2.1000000000000227,,2388.0,1036892.0,37.0,9.0,2.097902097902098,0.48723897911833475,28024.108108108107,434.2093802345059
2026-05-25T06:15:25+00:00,2026-05-25T12:00:25+05:45,2026-05-25,12:00:25,1779689725,0,6,12,nepse_official,OPEN,2026-05-25,SKBBL,Sana Kisan Bikas Laghubitta Bittiya Sanstha Limited,791.0,791.0,770.0,,775.0,765.0,10.0,,10706.0,8420049.0,38.0,21.0,2.6548672566371683,1.3071895424836601,221580.23684210525,786.4794507752662
2026-05-25T06:15:25+00:00,2026-05-25T12:00:25+05:45,2026-05-25,12:00:25,1779689725,0,6,12,nepse_official,OPEN,2026-05-25,SKHEL,Suryakunda Hydro Electric Limited,1290.0,1335.0,1278.0,,1332.0,1278.0,54.0,,4813.0,6339521.6,131.0,57.0,4.4186046511627906,4.225352112676056,48393.29465648855,1317.16634115936
2026-05-25T06:15:25+00:00,2026-05-25T12:00:25+05:45,2026-05-25,12:00:25,1779689725,0,6,12,nepse_official,OPEN,2026-05-25,SKHL,Super Khudi Hydropower Limited,970.0,1016.0,955.0,,1005.1,950.0,55.10000000000002,,25801.0,25619973.1,509.0,61.0,6.288659793814433,5.8000000000000025,50333.935363457764,992.9837254369986
2026-05-25T06:15:25+00:00,2026-05-25T12:00:25+05:45,2026-05-25,12:00:25,1779689725,0,6,12,nepse_official,OPEN,2026-05-25,SLBBL,Swarojgar Laghubitta Bittiya Sanstha Ltd.,825.0,828.8,821.1,,828.8,822.7,6.099999999999909,,999.0,826022.4,13.0,7.699999999999932,0.9333333333333251,0.7414610429074886,63540.18461538462,826.8492492492493
2026-05-25T06:15:25+00:00,2026-05-25T12:00:25+05:45,2026-05-25,12:00:25,1779689725,0,6,12,nepse_official,OPEN,2026-05-25,SLBSL,Samudayik Laghubitta Bittiya Sanstha Limited,1180.0,1180.0,1180.0,,1180.0,1180.0,0.0,,54.0,63800.0,2.0,0.0,0.0,0.0,31900.0,1181.4814814814815
2026-05-25T06:15:25+00:00,2026-05-25T12:00:25+05:45,2026-05-25,12:00:25,1779689725,0,6,12,nepse_official,OPEN,2026-05-25,SLCF,Sanima Large Cap Fund,10.3,10.3,10.03,,10.03,10.0,0.02999999999999936,,300.0,3063.0,2.0,0.27000000000000135,2.621359223300984,0.2999999999999936,1531.5,10.21
2026-05-25T06:15:25+00:00,2026-05-25T12:00:25+05:45,2026-05-25,12:00:25,1779689725,0,6,12,nepse_official,OPEN,2026-05-25,SMATA,Samata Gharelu Laghubitta Bittiya Sanstha Limited,770.0,775.0,765.0,,775.0,770.0,5.0,,135.0,103680.1,9.0,10.0,1.2987012987012987,0.6493506493506493,11520.011111111111,768.0007407407408
2026-05-25T06:15:25+00:00,2026-05-25T12:00:25+05:45,2026-05-25,12:00:25,1779689725,0,6,12,nepse_official,OPEN,2026-05-25,SMB,Support Microfinance Bittiya Sanstha Ltd.,1788.0,1790.0,1751.0,,1751.0,1741.0,10.0,,221.0,394594.0,10.0,39.0,2.1812080536912752,0.5743825387708213,39459.4,1785.4932126696833
2026-05-25T06:15:25+00:00,2026-05-25T12:00:25+05:45,2026-05-25,12:00:25,1779689725,0,6,12,nepse_official,OPEN,2026-05-25,SMFBS,Swabhimaan Laghubitta Bittiya Sanstha Limited,1513.3,1513.3,1502.0,,1513.0,1535.0,-22.0,,295.0,444619.0,10.0,11.299999999999955,0.7467124826538,-1.4332247557003257,44461.9,1507.1830508474577
2026-05-25T06:15:25+00:00,2026-05-25T12:00:25+05:45,2026-05-25,12:00:25,1779689725,0,6,12,nepse_official,OPEN,2026-05-25,SMH,Super Mai Hydropower Limited,594.0,600.0,585.2,,600.0,594.0,6.0,,3627.0,2173006.8,28.0,14.799999999999955,2.491582491582484,1.0101010101010102,77607.3857142857,599.1196029776675
2026-05-25T06:15:25+00:00,2026-05-25T12:00:25+05:45,2026-05-25,12:00:25,1779689725,0,6,12,nepse_official,OPEN,2026-05-25,SMHL,Super Madi Hydropower Limited,500.1,507.4,500.1,,504.0,499.0,5.0,,10714.0,5411392.1,88.0,7.2999999999999545,1.459708058388313,1.002004008016032,61493.09204545454,505.0767313795034
2026-05-25T06:15:25+00:00,2026-05-25T12:00:25+05:45,2026-05-25,12:00:25,1779689725,0,6,12,nepse_official,OPEN,2026-05-25,SMJC,Sagarmatha Jalabidhyut Company Limited,463.6,491.3,463.6,,491.0,487.9,3.1000000000000227,,12847.0,6283063.3,86.0,27.69999999999999,5.974978429680757,0.635376101660181,73058.87558139535,489.06852183389117
2026-05-25T06:15:25+00:00,2026-05-25T12:00:25+05:45,2026-05-25,12:00:25,1779689725,0,6,12,nepse_official,OPEN,2026-05-25,SMPDA,Sampada Laghubitta Bittiya Sanstha Limited,838.0,854.0,838.0,,843.0,838.0,5.0,,621.0,523411.0,9.0,16.0,1.9093078758949882,0.5966587112171837,58156.77777777778,842.8518518518518
2026-05-25T06:15:25+00:00,2026-05-25T12:00:25+05:45,2026-05-25,12:00:25,1779689725,0,6,12,nepse_official,OPEN,2026-05-25,SNLI,Sun Nepal Life Insurance Company Limited,455.0,455.0,447.5,,450.0,447.0,3.0,,5580.0,2502606.5,68.0,7.5,1.6483516483516485,0.6711409395973155,36803.03676470588,448.495788530466
2026-05-25T06:15:25+00:00,2026-05-25T12:00:25+05:45,2026-05-25,12:00:25,1779689725,0,6,12,nepse_official,OPEN,2026-05-25,SOHL,Solu Hydropower Limited,685.0,704.8,685.0,,699.9,688.0,11.899999999999977,,31493.0,21936722.1,588.0,19.799999999999955,2.890510948905103,1.7296511627906943,37307.35051020409,696.5586670053664
2026-05-25T06:15:25+00:00,2026-05-25T12:00:25+05:45,2026-05-25,12:00:25,1779689725,0,6,12,nepse_official,OPEN,2026-05-25,SONA,Sonapur Minerals And Oil Limited,475.0,475.0,455.1,,466.1,462.0,4.100000000000023,,6706.0,3111631.8,105.0,19.899999999999977,4.189473684210522,0.8874458874458924,29634.58857142857,464.0071279451237
2026-05-25T06:15:25+00:00,2026-05-25T12:00:25+05:45,2026-05-25,12:00:25,1779689725,0,6,12,nepse_official,OPEN,2026-05-25,SPC,Samling Power Company Limited,455.2,478.5,455.2,,466.2,458.2,8.0,,876.0,413614.0,23.0,23.30000000000001,5.118629173989458,1.7459624618070713,17983.217391304348,472.162100456621
2026-05-25T06:15:25+00:00,2026-05-25T12:00:25+05:45,2026-05-25,12:00:25,1779689725,0,6,12,nepse_official,OPEN,2026-05-25,SPDL,Synergy Power Development Ltd.,427.0,427.0,408.5,,410.5,407.0,3.5,,10021.0,4112592.0,27.0,18.5,4.332552693208431,0.85995085995086,152318.22222222222,410.397365532382
2026-05-25T06:15:25+00:00,2026-05-25T12:00:25+05:45,2026-05-25,12:00:25,1779689725,0,6,12,nepse_official,OPEN,2026-05-25,SPHL,Sayapatri Hydropower Limited,500.0,543.0,500.0,,530.0,525.0,5.0,,2404.0,1269807.0,26.0,43.0,8.6,0.9523809523809524,48838.730769230766,528.2059068219634
2026-05-25T06:15:25+00:00,2026-05-25T12:00:25+05:45,2026-05-25,12:00:25,1779689725,0,6,12,nepse_official,OPEN,2026-05-25,SRLI,Sanima Reliance Life Insurance Limited,389.3,397.5,389.3,,394.3,393.9,0.4000000000000341,,4344.0,1712186.6,68.0,8.199999999999989,2.1063447212946285,0.1015486164001102,25179.214705882354,394.14976979742175
2026-05-25T06:15:25+00:00,2026-05-25T12:00:25+05:45,2026-05-25,12:00:25,1779689725,0,6,12,nepse_official,OPEN,2026-05-25,SSHL,Shiva Shree Hydropower Ltd,220.0,228.8,220.0,,226.3,221.9,4.400000000000006,,159133.0,36071357.5,469.0,8.800000000000011,4.000000000000005,1.9828751689950452,76911.21002132197,226.6742756059397
2026-05-25T06:15:25+00:00,2026-05-25T12:00:25+05:45,2026-05-25,12:00:25,1779689725,0,6,12,nepse_official,OPEN,2026-05-25,STC,Salt Trading Corporation,5863.0,5900.0,5830.0,,5900.0,5930.0,-30.0,,480.0,2817598.0,19.0,70.0,1.1939280231963159,-0.5059021922428331,148294.63157894736,5869.995833333333
2026-05-25T06:15:25+00:00,2026-05-25T12:00:25+05:45,2026-05-25,12:00:25,1779689725,0,6,12,nepse_official,OPEN,2026-05-25,SWASTIK,Swastik Laghubitta Bittiya Sanstha Limited,2415.0,2472.0,2375.0,,2422.0,2400.0,22.0,,482.0,1163843.0,15.0,97.0,4.01656314699793,0.9166666666666666,77589.53333333334,2414.6120331950206
2026-05-25T06:15:25+00:00,2026-05-25T12:00:25+05:45,2026-05-25,12:00:25,1779689725,0,6,12,nepse_official,OPEN,2026-05-25,SWBBL,Swabalamban Laghubitta Bittiya Sanstha Limited,778.1,778.1,752.0,,752.9,741.1,11.799999999999955,,961.0,727181.4,13.0,26.100000000000023,3.354324636936129,1.5922277695317708,55937.03076923077,756.6924037460979
2026-05-25T06:15:25+00:00,2026-05-25T12:00:25+05:45,2026-05-25,12:00:25,1779689725,0,6,12,nepse_official,OPEN,2026-05-25,SWMF,Suryodaya Womi Laghubitta Bittiya Sanstha Limited,670.0,675.0,670.0,,671.0,669.1,1.8999999999999773,,330.0,222265.0,4.0,5.0,0.7462686567164178,0.2839635331041664,55566.25,673.530303030303
2026-05-25T06:15:25+00:00,2026-05-25T12:00:25+05:45,2026-05-25,12:00:25,1779689725,0,6,12,nepse_official,OPEN,2026-05-25,SYPNL,SY Panel Nepal Limited,1459.0,1535.0,1459.0,,1530.5,1507.9,22.59999999999991,,20782.0,31739409.5,257.0,76.0,5.20904729266621,1.4987731281915184,123499.64785992217,1527.254811856414
2026-05-25T06:15:25+00:00,2026-05-25T12:00:25+05:45,2026-05-25,12:00:25,1779689725,0,6,12,nepse_official,OPEN,2026-05-25,TAMOR,Sanima Middle Tamor Hydropower Limited,456.0,457.0,450.1,,456.1,455.0,1.1000000000000227,,10284.0,4683081.6,73.0,6.899999999999977,1.5131578947368372,0.24175824175824676,64151.80273972602,455.37549591598594
2026-05-25T06:15:25+00:00,2026-05-25T12:00:25+05:45,2026-05-25,12:00:25,1779689725,0,6,12,nepse_official,OPEN,2026-05-25,TPC,Terhathum Power Company Limited,389.0,389.0,375.0,,386.8,380.0,6.800000000000011,,9186.0,3518508.5,56.0,14.0,3.5989717223650386,1.7894736842105292,62830.50892857143,383.0294469845417
2026-05-25T06:15:25+00:00,2026-05-25T12:00:25+05:45,2026-05-25,12:00:25,1779689725,0,6,12,nepse_official,OPEN,2026-05-25,TRH,Taragaon Regency Hotel Limited,753.0,753.0,753.0,,753.0,755.2,-2.2000000000000455,,20.0,15060.0,1.0,0.0,0.0,-0.2913135593220399,15060.0,753.0
2026-05-25T06:15:25+00:00,2026-05-25T12:00:25+05:45,2026-05-25,12:00:25,1779689725,0,6,12,nepse_official,OPEN,2026-05-25,TSHL,Three Star Hydropower Limited,550.0,565.0,550.0,,560.0,555.0,5.0,,850.0,475624.0,20.0,15.0,2.727272727272727,0.9009009009009009,23781.2,559.5576470588235
2026-05-25T06:15:25+00:00,2026-05-25T12:00:25+05:45,2026-05-25,12:00:25,1779689725,0,6,12,nepse_official,OPEN,2026-05-25,TTL,Trade Tower Limited,898.8,898.8,846.0,,873.5,856.0,17.5,,13134.0,11453649.3,212.0,52.799999999999955,5.8744993324432535,2.0443925233644857,54026.64764150944,872.0610095934217
2026-05-25T06:15:25+00:00,2026-05-25T12:00:25+05:45,2026-05-25,12:00:25,1779689725,0,6,12,nepse_official,OPEN,2026-05-25,TVCL,Trishuli Jal Vidhyut Company Limited ,509.1,524.0,509.1,,524.0,521.9,2.1000000000000227,,11555.0,5886108.0,13.0,14.899999999999977,2.926733451188367,0.40237593408699424,452777.53846153844,509.3992211163998
2026-05-25T06:15:25+00:00,2026-05-25T12:00:25+05:45,2026-05-25,12:00:25,1779689725,0,6,12,nepse_official,OPEN,2026-05-25,UAIL,United Ajod Insurance Limited,437.0,453.0,437.0,,453.0,445.0,8.0,,1170.0,518696.0,16.0,16.0,3.6613272311212817,1.7977528089887642,32418.5,443.3299145299145
2026-05-25T06:15:25+00:00,2026-05-25T12:00:25+05:45,2026-05-25,12:00:25,1779689725,0,6,12,nepse_official,OPEN,2026-05-25,UHEWA,Upper Hewakhola Hydropower Company Limited,583.5,583.5,580.0,,580.0,583.6,-3.6000000000000227,,280.0,162810.0,6.0,3.5,0.5998286203941731,-0.616860863605213,27135.0,581.4642857142857
2026-05-25T06:15:25+00:00,2026-05-25T12:00:25+05:45,2026-05-25,12:00:25,1779689725,0,6,12,nepse_official,OPEN,2026-05-25,ULBSL,Upakar Laghubitta Bittiya Sanstha Limited,2850.0,2997.9,2850.0,,2980.0,2920.0,60.0,,420.0,1237254.6,24.0,147.9000000000001,5.18947368421053,2.054794520547945,51552.275,2945.844285714286
2026-05-25T06:15:25+00:00,2026-05-25T12:00:25+05:45,2026-05-25,12:00:25,1779689725,0,6,12,nepse_official,OPEN,2026-05-25,ULHC,Upper Lohore Khola Hydropower Company Limited,478.1,485.0,478.1,,484.0,477.5,6.5,,4830.0,2321140.5,31.0,6.899999999999977,1.443212717004806,1.3612565445026177,74875.5,480.56739130434784
2026-05-25T06:15:25+00:00,2026-05-25T12:00:25+05:45,2026-05-25,12:00:25,1779689725,0,6,12,nepse_official,OPEN,2026-05-25,UMHL,United Modi Hydropower Ltd.,550.0,573.0,550.0,,568.1,564.0,4.100000000000023,,2225.0,1267671.1,13.0,23.0,4.181818181818182,0.7269503546099331,97513.16153846154,569.7398202247191
2026-05-25T06:15:25+00:00,2026-05-25T12:00:25+05:45,2026-05-25,12:00:25,1779689725,0,6,12,nepse_official,OPEN,2026-05-25,UMRH,United IDI Mardi RB Hydropower Limited.,537.2,550.0,537.2,,545.0,545.0,0.0,,7599.0,4112766.7,26.0,12.799999999999955,2.382725241995524,0.0,158183.33461538464,541.224726937755
2026-05-25T06:15:25+00:00,2026-05-25T12:00:25+05:45,2026-05-25,12:00:25,1779689725,0,6,12,nepse_official,OPEN,2026-05-25,UNHPL,Union Hydropower Limited,420.0,444.0,420.0,,439.0,434.0,5.0,,16018.0,7010418.6,56.0,24.0,5.714285714285714,1.1520737327188941,125186.04642857143,437.65879635410164
2026-05-25T06:15:25+00:00,2026-05-25T12:00:25+05:45,2026-05-25,12:00:25,1779689725,0,6,12,nepse_official,OPEN,2026-05-25,UNLB,Unique Nepal Laghubitta Bittiya Sanstha Limited,1385.0,1390.1,1385.0,,1390.1,1424.0,-33.90000000000009,,245.0,340142.0,7.0,5.099999999999909,0.36823104693140135,-2.3806179775280962,48591.71428571428,1388.334693877551
2026-05-25T06:15:25+00:00,2026-05-25T12:00:25+05:45,2026-05-25,12:00:25,1779689725,0,6,12,nepse_official,OPEN,2026-05-25,UPCL,UNIVERSAL POWER COMPANY LTD,377.0,380.0,373.0,,378.1,373.0,5.100000000000023,,10169.0,3831934.9,53.0,7.0,1.8567639257294428,1.3672922252010784,72300.65849056604,376.82514504867737
2026-05-25T06:15:25+00:00,2026-05-25T12:00:25+05:45,2026-05-25,12:00:25,1779689725,0,6,12,nepse_official,OPEN,2026-05-25,UPPER,Upper Tamakoshi Hydropower Ltd,197.5,211.9,197.5,,211.0,207.5,3.5,,60463.0,12698136.3,289.0,14.400000000000006,7.291139240506332,1.6867469879518073,43938.18788927336,210.01498933231895
2026-05-25T06:15:25+00:00,2026-05-25T12:00:25+05:45,2026-05-25,12:00:25,1779689725,0,6,12,nepse_official,OPEN,2026-05-25,USHEC,Upper Solu Hydro Electric Company Limited,508.0,517.0,508.0,,511.1,507.0,4.100000000000023,,7806.0,4023076.0,70.0,9.0,1.7716535433070866,0.8086785009861979,57472.514285714286,515.3825262618499
2026-05-25T06:15:25+00:00,2026-05-25T12:00:25+05:45,2026-05-25,12:00:25,1779689725,0,6,12,nepse_official,OPEN,2026-05-25,USHL,Upper Syange Hydropower Limited,630.0,635.5,630.0,,635.5,625.0,10.5,,30.0,18955.0,3.0,5.5,0.873015873015873,1.68,6318.333333333333,631.8333333333334
2026-05-25T06:15:25+00:00,2026-05-25T12:00:25+05:45,2026-05-25,12:00:25,1779689725,0,6,12,nepse_official,OPEN,2026-05-25,USLB,Unnati Sahakarya Laghubitta Bittiya Sanstha Limited,1260.0,1281.0,1260.0,,1265.1,1256.0,9.099999999999909,,559.0,713374.1,15.0,21.0,1.6666666666666667,0.7245222929936233,47558.27333333333,1276.1611806797853
2026-05-25T06:15:25+00:00,2026-05-25T12:00:25+05:45,2026-05-25,12:00:25,1779689725,0,6,12,nepse_official,OPEN,2026-05-25,VLBS,Vijaya laghubitta Bittiya Sanstha Ltd.,691.2,708.0,691.2,,701.0,694.9,6.100000000000023,,849.0,596919.0,50.0,16.799999999999955,2.4305555555555487,0.8778241473593357,11938.38,703.0848056537102
2026-05-25T06:15:25+00:00,2026-05-25T12:00:25+05:45,2026-05-25,12:00:25,1779689725,0,6,12,nepse_official,OPEN,2026-05-25,VLUCL,Vision Lumbini Urja Company Limited ,514.7,514.7,495.0,,496.0,500.0,-4.0,,790.0,397437.0,16.0,19.700000000000045,3.8274723139693108,-0.8,24839.8125,503.0848101265823
2026-05-25T06:15:25+00:00,2026-05-25T12:00:25+05:45,2026-05-25,12:00:25,1779689725,0,6,12,nepse_official,OPEN,2026-05-25,WNLB,Wean Nepal Laghubitta Bittiya Sanstha Limited,1499.0,1499.0,1499.0,,1499.0,1480.0,19.0,,10.0,14990.0,1.0,0.0,0.0,1.2837837837837838,14990.0,1499.0
2026-05-25T06:45:24+00:00,2026-05-25T12:30:24+05:45,2026-05-25,12:30:24,1779691524,0,6,12,nepse_official,OPEN,2026-05-25,ACLBSL,Aarambha Chautari Laghubitta Bittiya Sanstha Limited,977.4,977.4,954.0,,957.0,949.0,8.0,,76.0,72850.0,5.0,23.399999999999977,2.3941068139963146,0.8429926238145415,14570.0,958.5526315789474
2026-05-25T06:45:24+00:00,2026-05-25T12:30:24+05:45,2026-05-25,12:30:24,1779691524,0,6,12,nepse_official,OPEN,2026-05-25,ADBL,Agricultural Development Bank Limited,317.9,317.9,312.3,,316.0,313.0,3.0,,18526.0,5857537.7,77.0,5.599999999999966,1.7615602390688792,0.9584664536741214,76071.91818181818,316.17929936305734
2026-05-25T06:45:24+00:00,2026-05-25T12:30:24+05:45,2026-05-25,12:30:24,1779691524,0,6,12,nepse_official,OPEN,2026-05-25,ADBLD83,10.35% Agricultural Bank Debenture 2083,1051.9,1051.9,1051.9,,1051.9,1070.0,-18.09999999999991,,25.0,26297.5,1.0,0.0,0.0,-1.6915887850467204,26297.5,1051.9
2026-05-25T06:45:24+00:00,2026-05-25T12:30:24+05:45,2026-05-25,12:30:24,1779691524,0,6,12,nepse_official,OPEN,2026-05-25,AHL,Asian Hydropower Limited,505.0,518.5,505.0,,505.0,515.0,-10.0,,5694.0,2884580.0,53.0,13.5,2.6732673267326734,-1.9417475728155338,54426.03773584906,506.5999297506147
2026-05-25T06:45:24+00:00,2026-05-25T12:30:24+05:45,2026-05-25,12:30:24,1779691524,0,6,12,nepse_official,OPEN,2026-05-25,AHPC,Arun Valley Hydropower Development Co. Ltd.,275.0,289.0,275.0,,287.0,284.0,3.0,,27310.0,7811920.5,164.0,14.0,5.090909090909091,1.056338028169014,47633.66158536585,286.04615525448554
2026-05-25T06:45:24+00:00,2026-05-25T12:30:24+05:45,2026-05-25,12:30:24,1779691524,0,6,12,nepse_official,OPEN,2026-05-25,AKJCL,Ankhu Khola Jalvidhyut Company Ltd,402.0,419.0,402.0,,414.0,402.0,12.0,,759816.0,313569321.5,1336.0,17.0,4.228855721393035,2.9850746268656714,234707.5759730539,412.69112719395224
2026-05-25T06:45:24+00:00,2026-05-25T12:30:24+05:45,2026-05-25,12:30:24,1779691524,0,6,12,nepse_official,OPEN,2026-05-25,AKPL,Arun Kabeli Power Ltd.,275.0,278.8,271.0,,278.0,274.5,3.5,,133241.0,36620612.5,303.0,7.800000000000011,2.8363636363636404,1.2750455373406193,120860.10726072607,274.8449238597729
2026-05-25T06:45:24+00:00,2026-05-25T12:30:24+05:45,2026-05-25,12:30:24,1779691524,0,6,12,nepse_official,OPEN,2026-05-25,ALBSL,Asha Laghubitta Bittiya Sanstha Ltd,1086.0,1121.0,1086.0,,1121.0,1115.0,6.0,,4144.0,4585200.6,60.0,35.0,3.2228360957642725,0.5381165919282511,76420.01,1106.4673262548263
2026-05-25T06:45:24+00:00,2026-05-25T12:30:24+05:45,2026-05-25,12:30:24,1779691524,0,6,12,nepse_official,OPEN,2026-05-25,ALICL,Asian Life Insurance Co. Limited,459.9,459.9,452.0,,456.0,452.3,3.6999999999999886,,4842.0,2194070.8,37.0,7.899999999999977,1.7177647314633566,0.8180411231483503,59299.21081081081,453.13316811235023
2026-05-25T06:45:24+00:00,2026-05-25T12:30:24+05:45,2026-05-25,12:30:24,1779691524,0,6,12,nepse_official,OPEN,2026-05-25,ANLB,Aatmanirbhar Laghubitta Bittiya Sanstha Limited,5901.0,5901.0,5733.0,,5900.0,5901.0,-1.0,,417.0,2406294.0,19.0,168.0,2.8469750889679712,-0.01694628029147602,126647.05263157895,5770.489208633094
2026-05-25T06:45:24+00:00,2026-05-25T12:30:24+05:45,2026-05-25,12:30:24,1779691524,0,6,12,nepse_official,OPEN,2026-05-25,API,Api Power Company Ltd.,359.0,363.0,357.2,,359.3,357.2,2.1000000000000227,,307502.0,110831926.0,733.0,5.800000000000011,1.615598885793875,0.5879059350503983,151203.17326057298,360.42668340368516
2026-05-25T06:45:24+00:00,2026-05-25T12:30:24+05:45,2026-05-25,12:30:24,1779691524,0,6,12,nepse_official,OPEN,2026-05-25,AVYAN,Aviyan Laghubitta Bittiya Sanstha Limited,1082.1,1149.0,1082.1,,1139.0,1139.0,0.0,,2054.0,2345723.5,43.0,66.90000000000009,6.182423066260059,0.0,54551.70930232558,1142.0270204479066
2026-05-25T06:45:24+00:00,2026-05-25T12:30:24+05:45,2026-05-25,12:30:24,1779691524,0,6,12,nepse_official,OPEN,2026-05-25,BANDIPUR,Bandipur Cablecar and Tourism Limited,910.0,910.0,855.0,,874.0,875.9,-1.8999999999999773,,22436.0,19627108.0,352.0,55.0,6.043956043956044,-0.21691973969630976,55758.829545454544,874.8042431806026
2026-05-25T06:45:24+00:00,2026-05-25T12:30:24+05:45,2026-05-25,12:30:24,1779691524,0,6,12,nepse_official,OPEN,2026-05-25,BARUN,Barun Hydropower Co. Ltd.,352.0,357.0,351.0,,355.2,351.1,4.099999999999966,,11686.0,4154277.6,89.0,6.0,1.7045454545454544,1.1677584733694006,46677.27640449438,355.4918363854185
2026-05-25T06:45:24+00:00,2026-05-25T12:30:24+05:45,2026-05-25,12:30:24,1779691524,0,6,12,nepse_official,OPEN,2026-05-25,BBC,Bishal Bazar Company Limited,4818.9,4818.9,4800.0,,4810.0,4800.0,10.0,,32.0,153917.9,4.0,18.899999999999636,0.3922056900952424,0.20833333333333334,38479.475,4809.934375
2026-05-25T06:45:24+00:00,2026-05-25T12:30:24+05:45,2026-05-25,12:30:24,1779691524,0,6,12,nepse_official,OPEN,2026-05-25,BEDC,Bhugol Energy Development Company Limited,395.7,395.7,377.3,,383.0,376.9,6.100000000000023,,12616.0,4798549.1,99.0,18.399999999999977,4.649987364164765,1.6184664367206218,48470.19292929293,380.3542406467977
2026-05-25T06:45:24+00:00,2026-05-25T12:30:24+05:45,2026-05-25,12:30:24,1779691524,0,6,12,nepse_official,OPEN,2026-05-25,BFC,Best Finance Company Ltd.,464.0,469.0,460.1,,466.0,458.0,8.0,,6059.0,2815308.1,40.0,8.899999999999977,1.9181034482758572,1.7467248908296942,70382.7025,464.6489684766463
2026-05-25T06:45:24+00:00,2026-05-25T12:30:24+05:45,2026-05-25,12:30:24,1779691524,0,6,12,nepse_official,OPEN,2026-05-25,BGWT,Bhagawati Hydropower Development Company Limited,665.0,674.0,665.0,,665.1,661.0,4.100000000000023,,639.0,429058.6,18.0,9.0,1.3533834586466165,0.6202723146747388,23836.588888888888,671.4532081377151
2026-05-25T06:45:24+00:00,2026-05-25T12:30:24+05:45,2026-05-25,12:30:24,1779691524,0,6,12,nepse_official,OPEN,2026-05-25,BHCL,Bikash Hydropower Company Limited,566.0,582.0,566.0,,573.3,566.0,7.2999999999999545,,20512.0,11792540.5,273.0,16.0,2.8268551236749118,1.2897526501766703,43196.119047619046,574.90934574883
2026-05-25T06:45:24+00:00,2026-05-25T12:30:24+05:45,2026-05-25,12:30:24,1779691524,0,6,12,nepse_official,OPEN,2026-05-25,BHDC,Bindhyabasini Hydropower Development Company Limited,461.2,477.0,461.2,,473.0,463.6,9.399999999999977,,17956.0,8497353.7,93.0,15.800000000000011,3.4258456201214247,2.027610008628123,91369.39462365591,473.2319948763644
2026-05-25T06:45:24+00:00,2026-05-25T12:30:24+05:45,2026-05-25,12:30:24,1779691524,0,6,12,nepse_official,OPEN,2026-05-25,BHL,Balephi Hydropower Limited,237.0,237.0,225.0,,228.0,226.0,2.0,,84370.0,19297286.9,317.0,12.0,5.063291139240507,0.8849557522123894,60874.722082018925,228.72213938603767
2026-05-25T06:45:24+00:00,2026-05-25T12:30:24+05:45,2026-05-25,12:30:24,1779691524,0,6,12,nepse_official,OPEN,2026-05-25,BHPL,Barahi Hydropower Public Limited,530.1,537.8,530.0,,532.0,529.8,2.2000000000000455,,1411.0,754151.5,22.0,7.7999999999999545,1.4714204867006138,0.41525103812760394,34279.61363636364,534.4801559177888
2026-05-25T06:45:24+00:00,2026-05-25T12:30:24+05:45,2026-05-25,12:30:24,1779691524,0,6,12,nepse_official,OPEN,2026-05-25,BJHL,Bhujung Hydropower Limited,952.0,999.0,945.0,,995.0,953.0,42.0,,8928.0,8692641.9,209.0,54.0,5.6722689075630255,4.4071353620146905,41591.588038277514,973.6382056451613
2026-05-25T06:45:24+00:00,2026-05-25T12:30:24+05:45,2026-05-25,12:30:24,1779691524,0,6,12,nepse_official,OPEN,2026-05-25,BNHC,Buddha Bhumi Nepal Hydropower Company Limited,333.1,343.0,332.0,,338.0,333.1,4.899999999999977,,4297.0,1452508.8,38.0,11.0,3.3023116181326926,1.4710297208045562,38223.915789473685,338.02857807772864
2026-05-25T06:45:24+00:00,2026-05-25T12:30:24+05:45,2026-05-25,12:30:24,1779691524,0,6,12,nepse_official,OPEN,2026-05-25,BNL,Bottlers Nepal (Balaju) Limited,14818.7,14818.7,14818.7,,14818.7,14387.1,431.60000000000036,,10.0,148187.0,1.0,0.0,0.0,2.9999096412758677,148187.0,14818.7
2026-05-25T06:45:24+00:00,2026-05-25T12:30:24+05:45,2026-05-25,12:30:24,1779691524,0,6,12,nepse_official,OPEN,2026-05-25,BNT,Bottlers Nepal (Terai) Limited,11590.0,11900.0,11590.0,,11890.0,11590.6,299.39999999999964,,50.0,591190.0,5.0,310.0,2.6747195858498705,2.5831277069349268,118238.0,11823.8
2026-05-25T06:45:24+00:00,2026-05-25T12:30:24+05:45,2026-05-25,12:30:24,1779691524,0,6,12,nepse_official,OPEN,2026-05-25,BPCL,Butwal Power Company Limited,699.0,705.0,680.0,,702.0,699.0,3.0,,23675.0,16567986.4,80.0,25.0,3.5765379113018603,0.4291845493562232,207099.83000000002,699.8093516367477
2026-05-25T06:45:24+00:00,2026-05-25T12:30:24+05:45,2026-05-25,12:30:24,1779691524,0,6,12,nepse_official,OPEN,2026-05-25,BUNGAL,Bungal Hydro Limited,773.3,773.3,706.0,,741.1,814.0,-72.89999999999998,,34426.0,25592588.4,511.0,67.29999999999995,8.702961334540277,-8.955773955773953,50083.343248532285,743.4087143438098
2026-05-25T06:45:24+00:00,2026-05-25T12:30:24+05:45,2026-05-25,12:30:24,1779691524,0,6,12,nepse_official,OPEN,2026-05-25,C30MF,Citizens Super 30 Mutual Fund,9.89,10.18,9.89,,10.18,9.83,0.34999999999999964,,200.0,2007.0,2.0,0.28999999999999915,2.9322548028311335,3.5605289928789383,1003.5,10.035
2026-05-25T06:45:24+00:00,2026-05-25T12:30:24+05:45,2026-05-25,12:30:24,1779691524,0,6,12,nepse_official,OPEN,2026-05-25,CBBL,Chhimek Laghubitta Bittiya Sanstha Limited,924.3,924.3,918.0,,924.2,917.0,7.2000000000000455,,5675.0,5233470.7,77.0,6.2999999999999545,0.6815968841285248,0.7851690294438435,67967.15194805195,922.1974801762115
2026-05-25T06:45:24+00:00,2026-05-25T12:30:24+05:45,2026-05-25,12:30:24,1779691524,0,6,12,nepse_official,OPEN,2026-05-25,CFCL,Central Finance Co. Ltd.,510.0,510.0,496.0,,502.1,503.0,-0.8999999999999773,,2772.0,1406265.0,18.0,14.0,2.7450980392156863,-0.17892644135188415,78125.83333333333,507.31060606060606
2026-05-25T06:45:24+00:00,2026-05-25T12:30:24+05:45,2026-05-25,12:30:24,1779691524,0,6,12,nepse_official,OPEN,2026-05-25,CGH,Chandragiri Hills Limited,799.0,814.7,795.0,,805.2,803.8,1.400000000000091,,16239.0,12964033.5,86.0,19.700000000000045,2.4655819774718455,0.17417267977109865,150744.57558139536,798.3270829484575
2026-05-25T06:45:24+00:00,2026-05-25T12:30:24+05:45,2026-05-25,12:30:24,1779691524,0,6,12,nepse_official,OPEN,2026-05-25,CHCL,Chilime Hydropower Company Limited,482.5,490.0,482.5,,487.0,482.0,5.0,,6508.0,3165078.8,70.0,7.5,1.5544041450777202,1.0373443983402488,45215.411428571424,486.33663183773814
2026-05-25T06:45:24+00:00,2026-05-25T12:30:24+05:45,2026-05-25,12:30:24,1779691524,0,6,12,nepse_official,OPEN,2026-05-25,CHDC,CEDB Holdings Limited,2300.0,2328.0,2286.0,,2317.0,2300.0,17.0,,2680.0,6192415.1,54.0,42.0,1.8260869565217392,0.7391304347826086,114674.3537037037,2310.602649253731
2026-05-25T06:45:24+00:00,2026-05-25T12:30:24+05:45,2026-05-25,12:30:24,1779691524,0,6,12,nepse_official,OPEN,2026-05-25,CHL,Chhyangdi Hydropower Ltd.,288.1,302.0,288.1,,298.0,297.0,1.0,,23304.0,6894550.8,52.0,13.899999999999977,4.824713641096833,0.33670033670033667,132587.51538461537,295.85267765190525
2026-05-25T06:45:24+00:00,2026-05-25T12:30:24+05:45,2026-05-25,12:30:24,1779691524,0,6,12,nepse_official,OPEN,2026-05-25,CIT,Citizen Investment Trust,1767.0,1789.9,1765.0,,1775.0,1767.0,8.0,,984.0,1746809.4,38.0,24.90000000000009,1.409168081494063,0.4527447651386531,45968.66842105263,1775.2128048780487
2026-05-25T06:45:24+00:00,2026-05-25T12:30:24+05:45,2026-05-25,12:30:24,1779691524,0,6,12,nepse_official,OPEN,2026-05-25,CITY,City Hotel Limited,374.0,380.0,373.0,,378.0,371.0,7.0,,32049.0,12101440.2,165.0,7.0,1.8716577540106951,1.8867924528301887,73342.06181818181,377.59181877749694
2026-05-25T06:45:24+00:00,2026-05-25T12:30:24+05:45,2026-05-25,12:30:24,1779691524,0,6,12,nepse_official,OPEN,2026-05-25,CKHL,Chirkhwa Hydropower Limited ,658.0,688.0,658.0,,668.0,673.9,-5.899999999999977,,280.0,187911.0,14.0,30.0,4.5592705167173255,-0.8755008161448252,13422.214285714286,671.1107142857143
2026-05-25T06:45:24+00:00,2026-05-25T12:30:24+05:45,2026-05-25,12:30:24,1779691524,0,6,12,nepse_official,OPEN,2026-05-25,CLI,Citizen Life Insurance Company Limited,452.0,457.0,452.0,,456.0,452.0,4.0,,7404.0,3366912.8,94.0,5.0,1.1061946902654867,0.8849557522123894,35818.221276595745,454.74240950837384
2026-05-25T06:45:24+00:00,2026-05-25T12:30:24+05:45,2026-05-25,12:30:24,1779691524,0,6,12,nepse_official,OPEN,2026-05-25,CMF2,CITIZENS MUTUAL FUND 2,10.0,10.25,10.0,,10.25,10.14,0.10999999999999943,,1100.0,11145.0,3.0,0.25,2.5,1.084812623274156,3715.0,10.131818181818181
2026-05-25T06:45:24+00:00,2026-05-25T12:30:24+05:45,2026-05-25,12:30:24,1779691524,0,6,12,nepse_official,OPEN,2026-05-25,CORBL,Corporate Development Bank Limited,2050.0,2055.0,2000.0,,2007.0,2066.0,-59.0,,7113.0,14271163.9,88.0,55.0,2.682926829268293,-2.8557599225556634,162172.31704545455,2006.3494868550542
2026-05-25T06:45:24+00:00,2026-05-25T12:30:24+05:45,2026-05-25,12:30:24,1779691524,0,6,12,nepse_official,OPEN,2026-05-25,CREST,Crest Micro Life Insurance Limited,1252.1,1252.1,1143.0,,1230.0,1318.0,-88.0,,14164.0,17299519.1,254.0,109.09999999999991,8.713361552591639,-6.676783004552352,68108.34291338583,1221.3724301044904
2026-05-25T06:45:24+00:00,2026-05-25T12:30:24+05:45,2026-05-25,12:30:24,1779691524,0,6,12,nepse_official,OPEN,2026-05-25,CSY,Citizens Santulit Yojana,9.17,9.47,9.17,,9.3,9.45,-0.14999999999999858,,3000.0,27990.0,18.0,0.3000000000000007,3.2715376226826685,-1.5873015873015723,1555.0,9.33
2026-05-25T06:45:24+00:00,2026-05-25T12:30:24+05:45,2026-05-25,12:30:24,1779691524,0,6,12,nepse_official,OPEN,2026-05-25,CYCL,CYC Nepal Laghubitta Bittiya Sanstha Limited,1482.0,1482.0,1463.0,,1463.0,1470.1,-7.099999999999909,,223.0,328080.0,7.0,19.0,1.282051282051282,-0.4829603428338147,46868.57142857143,1471.2107623318386
2026-05-25T06:45:24+00:00,2026-05-25T12:30:24+05:45,2026-05-25,12:30:24,1779691524,0,6,12,nepse_official,OPEN,2026-05-25,CZBIL,Citizens Bank International Limited,197.2,210.0,197.2,,208.0,207.5,0.5,,18797.0,3901399.9,88.0,12.800000000000011,6.490872210953352,0.24096385542168677,44334.089772727275,207.55439165824333
2026-05-25T06:45:24+00:00,2026-05-25T12:30:24+05:45,2026-05-25,12:30:24,1779691524,0,6,12,nepse_official,OPEN,2026-05-25,DDBL,Deprosc Laghubitta Bittiya Sanstha Limited,859.0,870.0,854.0,,855.6,853.0,2.6000000000000227,,1832.0,1569560.8,19.0,16.0,1.8626309662398137,0.30480656506448095,82608.46315789474,856.7471615720524
2026-05-25T06:45:24+00:00,2026-05-25T12:30:24+05:45,2026-05-25,12:30:24,1779691524,0,6,12,nepse_official,OPEN,2026-05-25,DHEL,Daramkhola Hydro Energy Limited,650.0,684.9,650.0,,670.1,668.1,2.0,,24212.0,16318050.8,322.0,34.89999999999998,5.369230769230766,0.299356383774884,50677.17639751553,673.9654221047415
2026-05-25T06:45:24+00:00,2026-05-25T12:30:24+05:45,2026-05-25,12:30:24,1779691524,0,6,12,nepse_official,OPEN,2026-05-25,DHPL,Dibyashwori Hydropower Ltd.,303.0,311.0,303.0,,308.0,302.0,6.0,,2529.0,769519.0,14.0,8.0,2.6402640264026402,1.9867549668874174,54965.642857142855,304.27797548438116
2026-05-25T06:45:24+00:00,2026-05-25T12:30:24+05:45,2026-05-25,12:30:24,1779691524,0,6,12,nepse_official,OPEN,2026-05-25,DLBS,Dhaulagiri Laghubitta Bittiya Sanstha Limited,1275.0,1277.0,1271.0,,1277.0,1275.0,2.0,,144.0,183606.0,8.0,6.0,0.4705882352941176,0.1568627450980392,22950.75,1275.0416666666667
2026-05-25T06:45:24+00:00,2026-05-25T12:30:24+05:45,2026-05-25,12:30:24,1779691524,0,6,12,nepse_official,OPEN,2026-05-25,DOLTI,Dolti Power Company Limited,341.0,364.9,341.0,,360.0,358.9,1.1000000000000227,,19187.0,6945158.0,133.0,23.899999999999977,7.008797653958937,0.30649205906938504,52219.23308270676,361.97206441861675
2026-05-25T06:45:24+00:00,2026-05-25T12:30:24+05:45,2026-05-25,12:30:24,1779691524,0,6,12,nepse_official,OPEN,2026-05-25,DORDI,Dordi Khola Jal Bidyut Company Limited,277.1,287.9,277.1,,285.0,277.5,7.5,,34233.0,9663776.6,145.0,10.799999999999955,3.897509924215068,2.7027027027027026,66646.73517241378,282.2941781322116
2026-05-25T06:45:24+00:00,2026-05-25T12:30:24+05:45,2026-05-25,12:30:24,1779691524,0,6,12,nepse_official,OPEN,2026-05-25,EBL,Everest Bank Limited,719.9,719.9,710.3,,712.0,710.0,2.0,,12335.0,8773801.0,98.0,9.600000000000023,1.333518544242259,0.28169014084507044,89528.58163265306,711.2931495743818
2026-05-25T06:45:24+00:00,2026-05-25T12:30:24+05:45,2026-05-25,12:30:24,1779691524,0,6,12,nepse_official,OPEN,2026-05-25,EBLD85,10.50% Everest Bank Limited Debenture 2085,1197.0,1197.0,1197.0,,1197.0,1198.0,-1.0,,10.0,11970.0,1.0,0.0,0.0,-0.08347245409015025,11970.0,1197.0
2026-05-25T06:45:24+00:00,2026-05-25T12:30:24+05:45,2026-05-25,12:30:24,1779691524,0,6,12,nepse_official,OPEN,2026-05-25,EBLD91,Everest Bank Limited Debenture 2091,1081.1,1081.1,1081.0,,1081.0,1085.0,-4.0,,100.0,108106.5,3.0,0.09999999999990905,0.009249838127824352,-0.3686635944700461,36035.5,1081.065
2026-05-25T06:45:24+00:00,2026-05-25T12:30:24+05:45,2026-05-25,12:30:24,1779691524,0,6,12,nepse_official,OPEN,2026-05-25,EDBL,Excel Development Bank Ltd.,583.0,595.0,583.0,,594.7,580.0,14.700000000000045,,815.0,478840.0,6.0,12.0,2.0583190394511153,2.5344827586206975,79806.66666666667,587.5337423312883
2026-05-25T06:45:24+00:00,2026-05-25T12:30:24+05:45,2026-05-25,12:30:24,1779691524,0,6,12,nepse_official,OPEN,2026-05-25,EHPL,Eastern Hydropower Limited,395.0,401.0,395.0,,399.9,394.5,5.399999999999977,,11601.0,4623108.1,79.0,6.0,1.5189873417721518,1.3688212927756598,58520.355696202525,398.5094474614257
2026-05-25T06:45:24+00:00,2026-05-25T12:30:24+05:45,2026-05-25,12:30:24,1779691524,0,6,12,nepse_official,OPEN,2026-05-25,ENL,Emerging Nepal Limited,912.3,912.3,887.2,,891.0,898.0,-7.0,,54.0,48539.2,5.0,25.09999999999991,2.75128795352405,-0.779510022271715,9707.84,898.874074074074
2026-05-25T06:45:24+00:00,2026-05-25T12:30:24+05:45,2026-05-25,12:30:24,1779691524,0,6,12,nepse_official,OPEN,2026-05-25,FMDBL,First Micro Finance Laghubitta Bittiya Sanstha Limited,792.0,799.0,792.0,,793.4,787.3,6.100000000000023,,4428.0,3526816.1,48.0,7.0,0.8838383838383838,0.7747999491934489,73475.33541666667,796.4806007226739
2026-05-25T06:45:24+00:00,2026-05-25T12:30:24+05:45,2026-05-25,12:30:24,1779691524,0,6,12,nepse_official,OPEN,2026-05-25,FOWAD,Forward Microfinance Laghubitta Bittiya Sanstha Limited,1068.9,1068.9,1047.0,,1050.0,1044.0,6.0,,917.0,965424.6,17.0,21.90000000000009,2.0488352511928234,0.5747126436781609,56789.68235294118,1052.8076335877863
2026-05-25T06:45:24+00:00,2026-05-25T12:30:24+05:45,2026-05-25,12:30:24,1779691524,0,6,12,nepse_official,OPEN,2026-05-25,GBBL,Garima Bikas Bank Limited,421.0,425.0,420.0,,422.1,421.0,1.1000000000000227,,11695.0,4940316.2,45.0,5.0,1.187648456057007,0.261282660332547,109784.80444444445,422.4297734074391
2026-05-25T06:45:24+00:00,2026-05-25T12:30:24+05:45,2026-05-25,12:30:24,1779691524,0,6,12,nepse_official,OPEN,2026-05-25,GBIME,Global IME Bank Limited,236.0,238.7,235.2,,238.2,236.8,1.3999999999999773,,26279.0,6242232.8,152.0,3.5,1.4830508474576272,0.5912162162162066,41067.321052631574,237.5369230183797
2026-05-25T06:45:24+00:00,2026-05-25T12:30:24+05:45,2026-05-25,12:30:24,1779691524,0,6,12,nepse_official,OPEN,2026-05-25,GBIMESY2,Global IME Sammunat Yojana -2,9.31,9.58,9.25,,9.36,9.31,0.049999999999998934,,1800.0,16801.0,7.0,0.33000000000000007,3.5445757250268537,0.5370569280343602,2400.1428571428573,9.33388888888889
2026-05-25T06:45:24+00:00,2026-05-25T12:30:24+05:45,2026-05-25,12:30:24,1779691524,0,6,12,nepse_official,OPEN,2026-05-25,GBLBS,Grameen Bikas Laghubitta Bittiya Sanstha Ltd.,788.0,788.0,766.0,,778.1,775.9,2.2000000000000455,,828.0,647828.4,17.0,22.0,2.7918781725888326,0.2835416935172117,38107.55294117647,782.4014492753623
2026-05-25T06:45:24+00:00,2026-05-25T12:30:24+05:45,2026-05-25,12:30:24,1779691524,0,6,12,nepse_official,OPEN,2026-05-25,GCIL,Ghorahi Cement Industry Limited,418.2,426.5,418.0,,424.9,424.0,0.8999999999999773,,12463.0,5274057.3,103.0,8.5,2.0325203252032518,0.21226415094339085,51204.43980582524,423.17718847789456
2026-05-25T06:45:24+00:00,2026-05-25T12:30:24+05:45,2026-05-25,12:30:24,1779691524,0,6,12,nepse_official,OPEN,2026-05-25,GFCL,Goodwill Finance Limited,635.0,643.0,635.0,,638.0,635.0,3.0,,137.0,87435.0,5.0,8.0,1.2598425196850394,0.47244094488188976,17487.0,638.2116788321168
2026-05-25T06:45:24+00:00,2026-05-25T12:30:24+05:45,2026-05-25,12:30:24,1779691524,0,6,12,nepse_official,OPEN,2026-05-25,GHL,Ghalemdi Hydro Limited,245.0,247.9,241.3,,246.3,242.0,4.300000000000011,,27436.0,6745594.7,98.0,6.599999999999994,2.693877551020406,1.776859504132236,68832.59897959184,245.8665512465374
2026-05-25T06:45:24+00:00,2026-05-25T12:30:24+05:45,2026-05-25,12:30:24,1779691524,0,6,12,nepse_official,OPEN,2026-05-25,GIBF1,Global IME Balanced Fund-1,10.9,11.01,10.9,,11.01,11.0,0.009999999999999787,,1600.0,17576.0,14.0,0.10999999999999943,1.0091743119266001,0.09090909090908897,1255.4285714285713,10.985
2026-05-25T06:45:24+00:00,2026-05-25T12:30:24+05:45,2026-05-25,12:30:24,1779691524,0,6,12,nepse_official,OPEN,2026-05-25,GILB,Global IME Laghubitta Bittiya Sanstha Ltd.,1125.0,1157.0,1125.0,,1130.0,1130.0,0.0,,687.0,786697.5,15.0,32.0,2.8444444444444446,0.0,52446.5,1145.1200873362445
2026-05-25T06:45:24+00:00,2026-05-25T12:30:24+05:45,2026-05-25,12:30:24,1779691524,0,6,12,nepse_official,OPEN,2026-05-25,GLBSL,Gurans Laghubitta Bittiya Sanstha Limited,1830.0,1850.0,1810.0,,1810.0,1809.0,1.0,,158.0,290138.8,8.0,40.0,2.185792349726776,0.055279159756771695,36267.35,1836.3215189873417
2026-05-25T06:45:24+00:00,2026-05-25T12:30:24+05:45,2026-05-25,12:30:24,1779691524,0,6,12,nepse_official,OPEN,2026-05-25,GLH,GreenLife Hydropower Limited,274.0,279.0,274.0,,278.0,274.0,4.0,,27519.0,7631663.6,87.0,5.0,1.824817518248175,1.4598540145985401,87720.27126436781,277.3234347178313
2026-05-25T06:45:24+00:00,2026-05-25T12:30:24+05:45,2026-05-25,12:30:24,1779691524,0,6,12,nepse_official,OPEN,2026-05-25,GMFBS,Ganapati Laghubitta Bittiya Sanstha Limited,1261.0,1315.0,1261.0,,1314.0,1286.0,28.0,,643.0,835139.2,13.0,54.0,4.282315622521808,2.177293934681182,64241.476923076916,1298.816796267496
2026-05-25T06:45:24+00:00,2026-05-25T12:30:24+05:45,2026-05-25,12:30:24,1779691524,0,6,12,nepse_official,OPEN,2026-05-25,GMFIL,Guheshowori Merchant Bank & Finance Co. Ltd.,479.9,479.9,466.4,,475.0,469.9,5.100000000000023,,95.0,45005.0,8.0,13.5,2.8130860595957494,1.0853373058097515,5625.625,473.7368421052632
2026-05-25T06:45:24+00:00,2026-05-25T12:30:24+05:45,2026-05-25,12:30:24,1779691524,0,6,12,nepse_official,OPEN,2026-05-25,GMLI,Guardian Micro Life Insurance Limited ,1270.0,1294.0,1261.0,,1285.0,1269.9,15.099999999999909,,1019.0,1304033.9,29.0,33.0,2.5984251968503935,1.1890700055122378,44966.68620689655,1279.7192345436702
2026-05-25T06:45:24+00:00,2026-05-25T12:30:24+05:45,2026-05-25,12:30:24,1779691524,0,6,12,nepse_official,OPEN,2026-05-25,GRDBL,Green Development Bank Ltd.,1061.1,1129.9,1061.1,,1099.9,1110.0,-10.099999999999909,,1118.0,1231156.0,33.0,68.80000000000018,6.4838375270945425,-0.9099099099099016,37307.757575757576,1101.2128801431127
2026-05-25T06:45:24+00:00,2026-05-25T12:30:24+05:45,2026-05-25,12:30:24,1779691524,0,6,12,nepse_official,OPEN,2026-05-25,GSY,Garima Samriddhi Yojana,9.99,9.99,9.91,,9.91,10.0,-0.08999999999999986,,800.0,7936.0,7.0,0.08000000000000007,0.8008008008008015,-0.8999999999999986,1133.7142857142858,9.92
2026-05-25T06:45:24+00:00,2026-05-25T12:30:24+05:45,2026-05-25,12:30:24,1779691524,0,6,12,nepse_official,OPEN,2026-05-25,GUFL,Gurkhas Finance Ltd.,520.0,544.8,520.0,,540.0,535.0,5.0,,4073.0,2187206.4,30.0,24.799999999999955,4.76923076923076,0.9345794392523363,72906.87999999999,537.0013258040756
2026-05-25T06:45:24+00:00,2026-05-25T12:30:24+05:45,2026-05-25,12:30:24,1779691524,0,6,12,nepse_official,OPEN,2026-05-25,GVL,Green Ventures Limited,492.0,500.0,492.0,,495.0,491.9,3.1000000000000227,,6735.0,3349241.0,50.0,8.0,1.6260162601626018,0.6302093921528812,66984.82,497.2889383815887
2026-05-25T06:45:24+00:00,2026-05-25T12:30:24+05:45,2026-05-25,12:30:24,1779691524,0,6,12,nepse_official,OPEN,2026-05-25,H8020,Himalayan 80-20,12.33,12.33,11.81,,11.81,11.98,-0.16999999999999993,,600.0,7193.0,5.0,0.5199999999999996,4.217356042173557,-1.4190317195325537,1438.6,11.988333333333333
2026-05-25T06:45:24+00:00,2026-05-25T12:30:24+05:45,2026-05-25,12:30:24,1779691524,0,6,12,nepse_official,OPEN,2026-05-25,HATHY,Hathway Investment Nepal Limited,810.9,810.9,803.0,,807.0,799.0,8.0,,586.0,472324.5,23.0,7.899999999999977,0.9742261684548006,1.0012515644555695,20535.847826086956,806.0145051194539
2026-05-25T06:45:24+00:00,2026-05-25T12:30:24+05:45,2026-05-25,12:30:24,1779691524,0,6,12,nepse_official,OPEN,2026-05-25,HBL,Himalayan Bank Limited,202.0,206.0,200.8,,204.1,203.0,1.0999999999999943,,25739.0,5261955.0,396.0,5.199999999999989,2.5742574257425686,0.5418719211822632,13287.765151515152,204.43509848867478
2026-05-25T06:45:24+00:00,2026-05-25T12:30:24+05:45,2026-05-25,12:30:24,1779691524,0,6,12,nepse_official,OPEN,2026-05-25,HBLD83,10% Himalayan Bank Debenture 2083,1036.0,1065.0,1036.0,,1065.0,1036.0,29.0,,45.0,47200.0,2.0,29.0,2.799227799227799,2.799227799227799,23600.0,1048.888888888889
2026-05-25T06:45:24+00:00,2026-05-25T12:30:24+05:45,2026-05-25,12:30:24,1779691524,0,6,12,nepse_official,OPEN,2026-05-25,HDHPC,Himal Dolakha Hydropower Company Limited,230.7,236.0,230.7,,233.6,230.7,2.9000000000000057,,99154.0,23216401.9,295.0,5.300000000000011,2.2973558734287005,1.2570437798006093,78699.66745762712,234.14488472477154
2026-05-25T06:45:24+00:00,2026-05-25T12:30:24+05:45,2026-05-25,12:30:24,1779691524,0,6,12,nepse_official,OPEN,2026-05-25,HDL,Himalayan Distillery Limited,1180.0,1180.0,1169.1,,1174.9,1167.9,7.0,,6434.0,7535967.1,135.0,10.900000000000091,0.9237288135593297,0.5993663841082284,55821.97851851852,1171.272474354989
2026-05-25T06:45:24+00:00,2026-05-25T12:30:24+05:45,2026-05-25,12:30:24,1779691524,0,6,12,nepse_official,OPEN,2026-05-25,HEI,Himalayan Everest Insurance Limited,535.0,583.0,535.0,,555.0,535.9,19.100000000000023,,4362.0,2356180.5,23.0,48.0,8.97196261682243,3.5640977794364663,102442.63043478261,540.1605914718019
2026-05-25T06:45:24+00:00,2026-05-25T12:30:24+05:45,2026-05-25,12:30:24,1779691524,0,6,12,nepse_official,OPEN,2026-05-25,HEIP,Himalayan Everest Insurance Limited Promoter,328.9,328.9,328.9,,328.9,320.0,8.899999999999977,,548.0,180237.2,1.0,0.0,0.0,2.781249999999993,180237.2,328.90000000000003
2026-05-25T06:45:24+00:00,2026-05-25T12:30:24+05:45,2026-05-25,12:30:24,1779691524,0,6,12,nepse_official,OPEN,2026-05-25,HFIN,Hotel Forest Inn Limited,985.0,1020.0,985.0,,1008.9,1000.0,8.899999999999977,,25647.0,25898195.9,805.0,35.0,3.5532994923857872,0.8899999999999977,32171.67192546584,1009.7943580145826
2026-05-25T06:45:24+00:00,2026-05-25T12:30:24+05:45,2026-05-25,12:30:24,1779691524,0,6,12,nepse_official,OPEN,2026-05-25,HHL,Himalayan Hydropower Limited,396.9,396.9,378.0,,382.0,378.0,4.0,,21876.0,8374720.1,95.0,18.899999999999977,4.7619047619047565,1.0582010582010581,88154.94842105263,382.82684677271897
2026-05-25T06:45:24+00:00,2026-05-25T12:30:24+05:45,2026-05-25,12:30:24,1779691524,0,6,12,nepse_official,OPEN,2026-05-25,HIDCL,Hydorelectricity Investment and Development Company Ltd,270.0,276.8,270.0,,274.5,271.5,3.0,,34279.0,9407889.6,166.0,6.800000000000011,2.5185185185185226,1.1049723756906076,56674.03373493976,274.4505265614516
2026-05-25T06:45:24+00:00,2026-05-25T12:30:24+05:45,2026-05-25,12:30:24,1779691524,0,6,12,nepse_official,OPEN,2026-05-25,HIDCLP,Hydorelectricity Investment and Development Company Limited Promoter,209.2,210.0,207.4,,209.0,207.3,1.6999999999999886,,90787.0,18972195.4,174.0,2.5999999999999943,1.2428298279158674,0.820067534973463,109035.60574712642,208.97480255983785
2026-05-25T06:45:24+00:00,2026-05-25T12:30:24+05:45,2026-05-25,12:30:24,1779691524,0,6,12,nepse_official,OPEN,2026-05-25,HIMSTAR,Him Star Urja Company Limited,900.0,929.5,900.0,,916.1,918.0,-1.8999999999999773,,2219.0,2033809.5,50.0,29.5,3.277777777777778,-0.20697167755991036,40676.19,916.5432627309599
2026-05-25T06:45:24+00:00,2026-05-25T12:30:24+05:45,2026-05-25,12:30:24,1779691524,0,6,12,nepse_official,OPEN,2026-05-25,HLBSL,Himalayan Laghubitta Bittiya Sanstha Limited,910.0,920.0,893.0,,893.1,898.0,-4.899999999999977,,338.0,302279.1,5.0,27.0,2.9670329670329667,-0.5456570155901979,60455.81999999999,894.3168639053254
2026-05-25T06:45:24+00:00,2026-05-25T12:30:24+05:45,2026-05-25,12:30:24,1779691524,0,6,12,nepse_official,OPEN,2026-05-25,HLI,Himalayan Life Insurance Limited,344.0,344.0,340.0,,341.5,339.8,1.6999999999999886,,15229.0,5218080.7,136.0,4.0,1.1627906976744187,0.5002942907592668,38368.24044117647,342.6410598200801
2026-05-25T06:45:24+00:00,2026-05-25T12:30:24+05:45,2026-05-25,12:30:24,1779691524,0,6,12,nepse_official,OPEN,2026-05-25,HLICF,HLI Large Cap Fund,9.1,9.12,8.9,,9.01,8.87,0.14000000000000057,,1760.0,15777.6,11.0,0.21999999999999886,2.417582417582405,1.578354002254798,1434.3272727272727,8.964545454545455
2026-05-25T06:45:24+00:00,2026-05-25T12:30:24+05:45,2026-05-25,12:30:24,1779691524,0,6,12,nepse_official,OPEN,2026-05-25,HPPL,Himalayan Power Partner Ltd.,381.3,388.0,381.0,,386.0,381.0,5.0,,3610.0,1389957.0,41.0,7.0,1.8358248098610017,1.3123359580052494,33901.39024390244,385.0296398891967
2026-05-25T06:45:24+00:00,2026-05-25T12:30:24+05:45,2026-05-25,12:30:24,1779691524,0,6,12,nepse_official,OPEN,2026-05-25,HRL,Himalayan Reinsurance Limited,641.0,652.5,640.5,,648.0,641.4,6.600000000000023,,30540.0,19789017.4,381.0,12.0,1.87207488299532,1.0289990645463085,51939.678215223095,647.9704453176162
2026-05-25T06:45:24+00:00,2026-05-25T12:30:24+05:45,2026-05-25,12:30:24,1779691524,0,6,12,nepse_official,OPEN,2026-05-25,HURJA,Himalaya Urja Bikas Company Limited,262.0,267.0,262.0,,265.5,263.0,2.5,,40573.0,10773159.1,117.0,5.0,1.9083969465648856,0.9505703422053232,92078.28290598291,265.52532718803144
2026-05-25T06:45:24+00:00,2026-05-25T12:30:24+05:45,2026-05-25,12:30:24,1779691524,0,6,12,nepse_official,OPEN,2026-05-25,ICFC,ICFC Finance Limited,631.0,634.0,629.0,,633.0,631.0,2.0,,3457.0,2186572.6,23.0,5.0,0.7923930269413629,0.31695721077654515,95068.37391304348,632.5058142898467
2026-05-25T06:45:24+00:00,2026-05-25T12:30:24+05:45,2026-05-25,12:30:24,1779691524,0,6,12,nepse_official,OPEN,2026-05-25,ICFCD89,8% ICFC Finance Limited Debenture 2089,1081.0,1085.0,1081.0,,1085.0,1099.0,-14.0,,50.0,54150.0,2.0,4.0,0.37002775208140615,-1.2738853503184715,27075.0,1083.0
2026-05-25T06:45:24+00:00,2026-05-25T12:30:24+05:45,2026-05-25,12:30:24,1779691524,0,6,12,nepse_official,OPEN,2026-05-25,IGI,IGI Prudential insurance Limited,439.9,439.9,431.8,,434.2,430.0,4.199999999999989,,5196.0,2260239.7,21.0,8.099999999999966,1.8413275744487307,0.9767441860465089,107630.46190476192,434.9960931485759
2026-05-25T06:45:24+00:00,2026-05-25T12:30:24+05:45,2026-05-25,12:30:24,1779691524,0,6,12,nepse_official,OPEN,2026-05-25,IHL,Ingwa Hydropower Limited,442.0,451.1,425.0,,435.0,442.0,-7.0,,71900.0,31190091.4,365.0,26.100000000000023,5.9049773755656165,-1.583710407239819,85452.30520547945,433.79821140472876
2026-05-25T06:45:24+00:00,2026-05-25T12:30:24+05:45,2026-05-25,12:30:24,1779691524,0,6,12,nepse_official,OPEN,2026-05-25,ILBS,Infinity Laghubitta Bittiya Sanstha Limited,935.0,947.2,920.1,,940.0,939.9,0.10000000000002274,,2368.0,2191380.6,28.0,27.100000000000023,2.898395721925136,0.010639429726569075,78263.59285714287,925.4141047297297
2026-05-25T06:45:24+00:00,2026-05-25T12:30:24+05:45,2026-05-25,12:30:24,1779691524,0,6,12,nepse_official,OPEN,2026-05-25,ILI,IME Life Insurance Company Limited,437.0,444.0,437.0,,441.1,439.9,1.2000000000000455,,1663.0,731680.0,85.0,7.0,1.6018306636155606,0.27278927028871236,8608.0,439.9759470835839
2026-05-25T06:45:24+00:00,2026-05-25T12:30:24+05:45,2026-05-25,12:30:24,1779691524,0,6,12,nepse_official,OPEN,2026-05-25,JBBL,Jyoti Bikas Bank Limited,343.5,366.8,343.5,,362.4,361.5,0.8999999999999773,,12602.0,4586214.4,68.0,23.30000000000001,6.783114992721984,0.24896265560165345,67444.32941176472,363.9275035708618
2026-05-25T06:45:24+00:00,2026-05-25T12:30:24+05:45,2026-05-25,12:30:24,1779691524,0,6,12,nepse_official,OPEN,2026-05-25,JBLB,Jeevan Bikas Laghubitta  Bittya Sanstha Ltd,1305.0,1325.0,1305.0,,1317.0,1302.0,15.0,,1188.0,1567454.3,50.0,20.0,1.532567049808429,1.1520737327188941,31349.086,1319.4059764309766
2026-05-25T06:45:24+00:00,2026-05-25T12:30:24+05:45,2026-05-25,12:30:24,1779691524,0,6,12,nepse_official,OPEN,2026-05-25,JFL,Janaki Finance Company Limited,409.0,414.9,409.0,,412.0,408.0,4.0,,1178.0,483313.1,9.0,5.899999999999977,1.4425427872860581,0.9803921568627451,53701.455555555556,410.28276740237686
2026-05-25T06:45:24+00:00,2026-05-25T12:30:24+05:45,2026-05-25,12:30:24,1779691524,0,6,12,nepse_official,OPEN,2026-05-25,JHAPA,Jhapa Energy Limited,1480.0,1519.0,1438.0,,1471.0,1499.0,-28.0,,6246.0,9253454.9,126.0,81.0,5.472972972972974,-1.8679119412941962,73440.11825396826,1481.500944604547
2026-05-25T06:45:24+00:00,2026-05-25T12:30:24+05:45,2026-05-25,12:30:24,1779691524,0,6,12,nepse_official,OPEN,2026-05-25,JOSHI,Joshi Hydropower Development Company Ltd,282.1,290.0,282.1,,289.9,284.5,5.399999999999977,,5953.0,1709010.3,43.0,7.899999999999977,2.800425381070534,1.8980667838312748,39744.42558139535,287.0838736771376
2026-05-25T06:45:24+00:00,2026-05-25T12:30:24+05:45,2026-05-25,12:30:24,1779691524,0,6,12,nepse_official,OPEN,2026-05-25,KBL,Kumari Bank Limited,220.0,222.5,219.0,,221.5,218.7,2.8000000000000114,,125550.0,27725722.0,326.0,3.5,1.5909090909090908,1.280292638317335,85048.22699386503,220.83410593389087
2026-05-25T06:45:24+00:00,2026-05-25T12:30:24+05:45,2026-05-25,12:30:24,1779691524,0,6,12,nepse_official,OPEN,2026-05-25,KDBY,Kumari Dhanabriddhi Yojana,11.41,11.55,11.41,,11.55,11.45,0.10000000000000142,,73100.0,844141.0,21.0,0.14000000000000057,1.2269938650306798,0.8733624454148596,40197.19047619047,11.547756497948017
2026-05-25T06:45:24+00:00,2026-05-25T12:30:24+05:45,2026-05-25,12:30:24,1779691524,0,6,12,nepse_official,OPEN,2026-05-25,KDL,Kalinchowk Darshan Limited,850.0,850.0,812.0,,832.7,826.8,5.900000000000091,,1326.0,1096273.2,29.0,38.0,4.470588235294118,0.7135945815191208,37802.52413793103,826.752036199095
2026-05-25T06:45:24+00:00,2026-05-25T12:30:24+05:45,2026-05-25,12:30:24,1779691524,0,6,12,nepse_official,OPEN,2026-05-25,KEF,Kumari Equity Fund,10.75,10.81,10.72,,10.75,10.75,0.0,,7100.0,76575.0,10.0,0.08999999999999986,0.8372093023255801,0.0,7657.5,10.785211267605634
2026-05-25T06:45:24+00:00,2026-05-25T12:30:24+05:45,2026-05-25,12:30:24,1779691524,0,6,12,nepse_official,OPEN,2026-05-25,KKHC,Khanikhola Hydropower Co. Ltd.,273.5,273.5,266.0,,270.0,266.1,3.8999999999999773,,26383.0,7107717.9,105.0,7.5,2.742230347349177,1.4656144306651546,67692.55142857143,269.40521926998446
2026-05-25T06:45:24+00:00,2026-05-25T12:30:24+05:45,2026-05-25,12:30:24,1779691524,0,6,12,nepse_official,OPEN,2026-05-25,KMCDB,Kalika Laghubitta Bittiya Sanstha Ltd,860.0,865.0,855.0,,865.0,860.0,5.0,,370.0,318676.0,11.0,10.0,1.1627906976744187,0.5813953488372093,28970.545454545456,861.2864864864865
2026-05-25T06:45:24+00:00,2026-05-25T12:30:24+05:45,2026-05-25,12:30:24,1779691524,0,6,12,nepse_official,OPEN,2026-05-25,KPCL,Kalika power Company Ltd,490.0,500.0,490.0,,498.1,493.5,4.600000000000023,,3359.0,1672781.3,27.0,10.0,2.0408163265306123,0.9321175278622134,61954.862962962965,497.99979160464426
2026-05-25T06:45:24+00:00,2026-05-25T12:30:24+05:45,2026-05-25,12:30:24,1779691524,0,6,12,nepse_official,OPEN,2026-05-25,KSBBL,Kamana Sewa Bikas Bank Limited,484.0,490.0,484.0,,489.5,482.1,7.399999999999977,,4627.0,2261103.0,30.0,6.0,1.2396694214876034,1.534951254926359,75370.1,488.67581586341043
2026-05-25T06:45:24+00:00,2026-05-25T12:30:24+05:45,2026-05-25,12:30:24,1779691524,0,6,12,nepse_official,OPEN,2026-05-25,KSY,Kumari Sabal Yojana,9.8,9.8,9.61,,9.62,9.8,-0.1800000000000015,,500.0,4833.0,4.0,0.19000000000000128,1.9387755102040944,-1.8367346938775662,1208.25,9.666
2026-05-25T06:45:24+00:00,2026-05-25T12:30:24+05:45,2026-05-25,12:30:24,1779691524,0,6,12,nepse_official,OPEN,2026-05-25,LBBL,Lumbini Bikas Bank Ltd.,498.1,498.1,491.0,,495.0,491.0,4.0,,17323.0,8571328.3,67.0,7.100000000000023,1.4254165830154633,0.8146639511201629,127930.27313432837,494.79468336893154
2026-05-25T06:45:24+00:00,2026-05-25T12:30:24+05:45,2026-05-25,12:30:24,1779691524,0,6,12,nepse_official,OPEN,2026-05-25,LEC,Liberty Energy Company Limited,222.0,237.9,222.0,,236.3,233.0,3.3000000000000114,,55228.0,13023115.4,195.0,15.900000000000006,7.162162162162165,1.4163090128755413,66785.20717948719,235.80639168537698
2026-05-25T06:45:24+00:00,2026-05-25T12:30:24+05:45,2026-05-25,12:30:24,1779691524,0,6,12,nepse_official,OPEN,2026-05-25,LICN,Life Insurance Corporation (Nepal) Limited,829.0,829.0,813.0,,814.1,813.0,1.1000000000000227,,654.0,536430.2,9.0,16.0,1.9300361881785282,0.1353013530135329,59603.35555555555,820.2296636085626
2026-05-25T06:45:24+00:00,2026-05-25T12:30:24+05:45,2026-05-25,12:30:24,1779691524,0,6,12,nepse_official,OPEN,2026-05-25,LLBS,Laxmi Laghubitta Bittiya Sanstha Ltd.,958.0,958.0,958.0,,958.0,958.0,0.0,,800.0,766400.0,2.0,0.0,0.0,0.0,383200.0,958.0
2026-05-25T06:45:24+00:00,2026-05-25T12:30:24+05:45,2026-05-25,12:30:24,1779691524,0,6,12,nepse_official,OPEN,2026-05-25,LSL,Laxmi Sunrise Bank Limited,215.0,244.0,215.0,,225.7,225.9,-0.20000000000001705,,43836.0,9959395.1,142.0,29.0,13.488372093023257,-0.08853474988933911,70136.58521126761,227.19671274751346
2026-05-25T06:45:24+00:00,2026-05-25T12:30:24+05:45,2026-05-25,12:30:24,1779691524,0,6,12,nepse_official,OPEN,2026-05-25,LUK,Laxmi Unnati Kosh,9.95,10.2,9.95,,9.95,9.95,0.0,,5500.0,54755.0,6.0,0.25,2.512562814070352,0.0,9125.833333333334,9.955454545454545
2026-05-25T06:45:24+00:00,2026-05-25T12:30:24+05:45,2026-05-25,12:30:24,1779691524,0,6,12,nepse_official,OPEN,2026-05-25,LVF2,Laxmi Value Fund 2,9.8,10.0,9.8,,9.85,10.0,-0.15000000000000036,,1000.0,9963.0,9.0,0.1999999999999993,2.0408163265306047,-1.5000000000000036,1107.0,9.963
2026-05-25T06:45:24+00:00,2026-05-25T12:30:24+05:45,2026-05-25,12:30:24,1779691524,0,6,12,nepse_official,OPEN,2026-05-25,MABEL,Mabilung Energy Limited,760.0,782.0,760.0,,775.0,760.0,15.0,,14061.0,10838408.4,208.0,22.0,2.8947368421052633,1.9736842105263157,52107.73269230769,770.8134841049712
2026-05-25T06:45:24+00:00,2026-05-25T12:30:24+05:45,2026-05-25,12:30:24,1779691524,0,6,12,nepse_official,OPEN,2026-05-25,MAKAR,Makar Jitumaya Suri Hydropower Limited,535.1,535.1,504.0,,504.2,509.7,-5.5,,3579.0,1813453.6,32.0,31.100000000000023,5.8119977574285215,-1.079066117323916,56670.425,506.6928192232467
2026-05-25T06:45:24+00:00,2026-05-25T12:30:24+05:45,2026-05-25,12:30:24,1779691524,0,6,12,nepse_official,OPEN,2026-05-25,MANDU,Mandu Hydropower Limited,815.0,828.0,815.0,,828.0,818.9,9.100000000000023,,40.0,32930.0,4.0,13.0,1.5950920245398774,1.1112467944804032,8232.5,823.25
2026-05-25T06:45:24+00:00,2026-05-25T12:30:24+05:45,2026-05-25,12:30:24,1779691524,0,6,12,nepse_official,OPEN,2026-05-25,MATRI,Matribhumi Lagubitta Bittiya Sanstha Limited,881.0,913.0,880.0,,885.0,895.0,-10.0,,299.0,264352.0,15.0,33.0,3.745743473325766,-1.1173184357541899,17623.466666666667,884.1204013377926
2026-05-25T06:45:24+00:00,2026-05-25T12:30:24+05:45,2026-05-25,12:30:24,1779691524,0,6,12,nepse_official,OPEN,2026-05-25,MBJC,Madhya Bhotekoshi Jalavidyut Company Limited,286.0,289.8,281.3,,289.8,286.0,3.8000000000000114,,11107.0,3194197.7,139.0,8.5,2.972027972027972,1.3286713286713328,22979.839568345324,287.5841991536869
2026-05-25T06:45:24+00:00,2026-05-25T12:30:24+05:45,2026-05-25,12:30:24,1779691524,0,6,12,nepse_official,OPEN,2026-05-25,MBL,Machhapuchhre Bank Limited,253.7,256.8,253.7,,255.4,252.9,2.5,,47068.0,12013908.3,82.0,3.1000000000000227,1.2219156484036353,0.9885330170027679,146511.0768292683,255.24577844820263
2026-05-25T06:45:24+00:00,2026-05-25T12:30:24+05:45,2026-05-25,12:30:24,1779691524,0,6,12,nepse_official,OPEN,2026-05-25,MBLEF,MBL Equity Fund,9.93,10.21,9.93,,10.21,10.05,0.16000000000000014,,900.0,8999.0,9.0,0.28000000000000114,2.8197381671702026,1.592039800995026,999.8888888888889,9.998888888888889
2026-05-25T06:45:24+00:00,2026-05-25T12:30:24+05:45,2026-05-25,12:30:24,1779691524,0,6,12,nepse_official,OPEN,2026-05-25,MCHL,Menchhiyam Hydropower Limited,323.0,329.8,313.4,,322.0,322.9,-0.8999999999999773,,9722.0,3149323.5,67.0,16.400000000000034,5.077399380804964,-0.2787240631774473,47004.82835820896,323.9378214359185
2026-05-25T06:45:24+00:00,2026-05-25T12:30:24+05:45,2026-05-25,12:30:24,1779691524,0,6,12,nepse_official,OPEN,2026-05-25,MDB,Miteri Development Bank Limited,615.0,618.0,615.0,,615.0,614.6,0.39999999999997726,,3262.0,2010282.0,13.0,3.0,0.4878048780487805,0.06508298080051696,154637.07692307694,616.2728387492336
2026-05-25T06:45:24+00:00,2026-05-25T12:30:24+05:45,2026-05-25,12:30:24,1779691524,0,6,12,nepse_official,OPEN,2026-05-25,MEHL,Manakamana Engineering Hydropower Limited,379.0,390.0,379.0,,382.6,380.0,2.6000000000000227,,240.0,91653.0,15.0,11.0,2.9023746701846966,0.6842105263157955,6110.2,381.8875
2026-05-25T06:45:24+00:00,2026-05-25T12:30:24+05:45,2026-05-25,12:30:24,1779691524,0,6,12,nepse_official,OPEN,2026-05-25,MEL,Modi Energy Limited,238.0,244.0,235.1,,242.1,238.1,4.0,,8388.0,2020837.3,95.0,8.900000000000006,3.7394957983193304,1.6799664006719865,21271.97157894737,240.92004053409633
2026-05-25T06:45:24+00:00,2026-05-25T12:30:24+05:45,2026-05-25,12:30:24,1779691524,0,6,12,nepse_official,OPEN,2026-05-25,MEN,Mountain Energy Nepal Limited,610.0,615.0,607.0,,607.4,604.0,3.3999999999999773,,19488.0,11850959.9,101.0,8.0,1.3114754098360655,0.5629139072847644,117336.23663366337,608.1157584154352
2026-05-25T06:45:24+00:00,2026-05-25T12:30:24+05:45,2026-05-25,12:30:24,1779691524,0,6,12,nepse_official,OPEN,2026-05-25,MERO,Mero Microfinance Bittiya Sanstha Ltd.,732.9,733.0,720.0,,720.1,718.0,2.1000000000000227,,1035.0,749850.5,9.0,13.0,1.7737754127438943,0.2924791086351007,83316.72222222222,724.4932367149759
2026-05-25T06:45:24+00:00,2026-05-25T12:30:24+05:45,2026-05-25,12:30:24,1779691524,0,6,12,nepse_official,OPEN,2026-05-25,MFIL,Manjushree Finance Ltd.,785.0,804.8,785.0,,804.5,802.0,2.5,,7205.0,5758944.8,45.0,19.799999999999955,2.5222929936305674,0.3117206982543641,127976.55111111111,799.298376127689
2026-05-25T06:45:24+00:00,2026-05-25T12:30:24+05:45,2026-05-25,12:30:24,1779691524,0,6,12,nepse_official,OPEN,2026-05-25,MHCL,Molung Hydropower Company Limited,370.0,372.0,365.0,,365.0,368.9,-3.8999999999999773,,2229.0,824185.0,39.0,7.0,1.891891891891892,-1.0571970723773318,21132.94871794872,369.7554957379991
2026-05-25T06:45:24+00:00,2026-05-25T12:30:24+05:45,2026-05-25,12:30:24,1779691524,0,6,12,nepse_official,OPEN,2026-05-25,MHL,Mandakini Hydropower Limited,500.0,505.0,498.5,,504.0,500.0,4.0,,3853.0,1936566.6,22.0,6.5,1.3,0.8,88025.75454545455,502.61266545548926
2026-05-25T06:45:24+00:00,2026-05-25T12:30:24+05:45,2026-05-25,12:30:24,1779691524,0,6,12,nepse_official,OPEN,2026-05-25,MHNL,Mountain Hydro Nepal Limited,268.0,276.0,268.0,,274.0,270.0,4.0,,2073.0,569607.0,19.0,8.0,2.9850746268656714,1.4814814814814816,29979.315789473683,274.7742402315485
2026-05-25T06:45:24+00:00,2026-05-25T12:30:24+05:45,2026-05-25,12:30:24,1779691524,0,6,12,nepse_official,OPEN,2026-05-25,MKCL,Muktinath Krishi Company Limited,1290.0,1310.0,1290.0,,1300.0,1288.0,12.0,,110.0,143309.0,10.0,20.0,1.550387596899225,0.9316770186335404,14330.9,1302.8090909090909
2026-05-25T06:45:24+00:00,2026-05-25T12:30:24+05:45,2026-05-25,12:30:24,1779691524,0,6,12,nepse_official,OPEN,2026-05-25,MKHC,Maya Khola Hydropower Company Limited,320.0,342.9,320.0,,336.0,320.0,16.0,,37453.0,12566802.9,249.0,22.899999999999977,7.156249999999993,5.0,50469.08795180723,335.5352815528796
2026-05-25T06:45:24+00:00,2026-05-25T12:30:24+05:45,2026-05-25,12:30:24,1779691524,0,6,12,nepse_official,OPEN,2026-05-25,MKHL,Mai Khola Hydropower Limited,523.1,574.8,523.1,,550.5,545.0,5.5,,5204.0,2928925.5,67.0,51.69999999999993,9.883387497610387,1.0091743119266057,43715.30597014925,562.8219638739431
2026-05-25T06:45:24+00:00,2026-05-25T12:30:24+05:45,2026-05-25,12:30:24,1779691524,0,6,12,nepse_official,OPEN,2026-05-25,MKJC,Mailung Khola Jal Vidhyut Company Limited,500.0,501.6,493.2,,494.0,490.0,4.0,,2115.0,1054848.5,19.0,8.400000000000034,1.6800000000000068,0.8163265306122449,55518.34210526316,498.7463356973995
2026-05-25T06:45:24+00:00,2026-05-25T12:30:24+05:45,2026-05-25,12:30:24,1779691524,0,6,12,nepse_official,OPEN,2026-05-25,MLBBL,Mithila LaghuBitta Bittiya Sanstha Limited,1220.0,1220.0,1183.0,,1190.0,1198.0,-8.0,,1764.0,2098873.0,17.0,37.0,3.0327868852459017,-0.667779632721202,123463.11764705883,1189.8373015873017
2026-05-25T06:45:24+00:00,2026-05-25T12:30:24+05:45,2026-05-25,12:30:24,1779691524,0,6,12,nepse_official,OPEN,2026-05-25,MLBL,Mahalaxmi Bikas Bank Ltd.,369.9,369.9,368.0,,368.0,365.9,2.1000000000000227,,2762.0,1018310.7,21.0,1.8999999999999773,0.5136523384698506,0.5739273025416842,48490.985714285714,368.6859884141926
2026-05-25T06:45:24+00:00,2026-05-25T12:30:24+05:45,2026-05-25,12:30:24,1779691524,0,6,12,nepse_official,OPEN,2026-05-25,MLBS,Manushi Laghubitta Bittiya Sanstha Limited,1250.0,1280.0,1250.0,,1280.0,1279.0,1.0,,20.0,25300.0,2.0,30.0,2.4,0.07818608287724785,12650.0,1265.0
2026-05-25T06:45:24+00:00,2026-05-25T12:30:24+05:45,2026-05-25,12:30:24,1779691524,0,6,12,nepse_official,OPEN,2026-05-25,MLBSL,Mahila Lagubitta Bittiya Sanstha Limited ,1800.0,1800.0,1790.0,,1790.1,1800.0,-9.900000000000091,,68.0,121414.1,3.0,10.0,0.5555555555555556,-0.550000000000005,40471.36666666667,1785.5014705882354
2026-05-25T06:45:24+00:00,2026-05-25T12:30:24+05:45,2026-05-25,12:30:24,1779691524,0,6,12,nepse_official,OPEN,2026-05-25,MMF1,Mega Mutual Fund -1,9.7,9.7,9.39,,9.66,9.59,0.07000000000000028,,1405.0,13403.25,9.0,0.3099999999999987,3.195876288659781,0.7299270072992731,1489.25,9.53967971530249
2026-05-25T06:45:24+00:00,2026-05-25T12:30:24+05:45,2026-05-25,12:30:24,1779691524,0,6,12,nepse_official,OPEN,2026-05-25,MMKJL,Mathillo Mailun Khola Jalvidhyut Limited,494.0,515.0,494.0,,503.0,501.0,2.0,,1439.0,726955.0,31.0,21.0,4.251012145748987,0.39920159680638717,23450.16129032258,505.180681028492
2026-05-25T06:45:24+00:00,2026-05-25T12:30:24+05:45,2026-05-25,12:30:24,1779691524,0,6,12,nepse_official,OPEN,2026-05-25,MNBBL,Muktinath Bikas Bank Ltd.,374.3,378.7,374.0,,377.8,372.9,4.900000000000034,,12420.0,4684243.9,79.0,4.699999999999989,1.2556772642265532,1.3140252078305268,59294.22658227848,377.1532930756844
2026-05-25T06:45:24+00:00,2026-05-25T12:30:24+05:45,2026-05-25,12:30:24,1779691524,0,6,12,nepse_official,OPEN,2026-05-25,MNMF1,Muktinath Mutual Fund 1,9.9,9.95,9.9,,9.95,10.0,-0.05000000000000071,,2570.0,25539.7,10.0,0.049999999999998934,0.5050505050504942,-0.5000000000000071,2553.9700000000003,9.937626459143969
2026-05-25T06:45:24+00:00,2026-05-25T12:30:24+05:45,2026-05-25,12:30:24,1779691524,0,6,12,nepse_official,OPEN,2026-05-25,MPFL,Multipurpose Finance Company  Limited,624.9,624.9,613.0,,622.5,619.5,3.0,,895.0,557201.5,11.0,11.899999999999977,1.9043046887501964,0.48426150121065376,50654.681818181816,622.5715083798883
2026-05-25T06:45:24+00:00,2026-05-25T12:30:24+05:45,2026-05-25,12:30:24,1779691524,0,6,12,nepse_official,OPEN,2026-05-25,MSHL,Mid Solu Hydropower Limited,695.0,700.0,694.0,,700.0,695.0,5.0,,160.0,111140.0,3.0,6.0,0.8633093525179856,0.7194244604316548,37046.666666666664,694.625
2026-05-25T06:45:24+00:00,2026-05-25T12:30:24+05:45,2026-05-25,12:30:24,1779691524,0,6,12,nepse_official,OPEN,2026-05-25,MSLB,Mahuli Laghubitta Bittiya Sanstha Limited,1272.0,1272.0,1235.0,,1240.0,1240.0,0.0,,65.0,81078.0,7.0,37.0,2.908805031446541,0.0,11582.57142857143,1247.3538461538462
2026-05-25T06:45:24+00:00,2026-05-25T12:30:24+05:45,2026-05-25,12:30:24,1779691524,0,6,12,nepse_official,OPEN,2026-05-25,NABBC,Narayani Development Bank Limited,930.0,968.0,930.0,,964.0,950.0,14.0,,1258.0,1192871.0,24.0,38.0,4.086021505376344,1.4736842105263157,49702.958333333336,948.2281399046105
2026-05-25T06:45:24+00:00,2026-05-25T12:30:24+05:45,2026-05-25,12:30:24,1779691524,0,6,12,nepse_official,OPEN,2026-05-25,NABIL,Nabil Bank Limited,530.0,535.5,530.0,,535.0,530.0,5.0,,30590.0,16294812.4,284.0,5.5,1.0377358490566038,0.9433962264150944,57376.1,532.6842889833279
2026-05-25T06:45:24+00:00,2026-05-25T12:30:24+05:45,2026-05-25,12:30:24,1779691524,0,6,12,nepse_official,OPEN,2026-05-25,NADEP,Nadep Laghubittiya bittya Sanstha Ltd.,741.0,763.2,741.0,,742.0,745.0,-3.0,,271.0,201603.0,9.0,22.200000000000045,2.9959514170040547,-0.4026845637583893,22400.333333333332,743.9225092250922
2026-05-25T06:45:24+00:00,2026-05-25T12:30:24+05:45,2026-05-25,12:30:24,1779691524,0,6,12,nepse_official,OPEN,2026-05-25,NBF2,NABIL BALANCED FUND-2,9.95,10.1,9.9,,10.1,9.95,0.15000000000000036,,5300.0,53475.0,3.0,0.1999999999999993,2.0100502512562746,1.507537688442215,17825.0,10.089622641509434
2026-05-25T06:45:24+00:00,2026-05-25T12:30:24+05:45,2026-05-25,12:30:24,1779691524,0,6,12,nepse_official,OPEN,2026-05-25,NBF3,Nabil Balanced Fund-3,9.95,9.96,9.95,,9.95,9.95,0.0,,2500.0,24887.0,12.0,0.010000000000001563,0.10050251256282978,0.0,2073.9166666666665,9.9548
2026-05-25T06:45:24+00:00,2026-05-25T12:30:24+05:45,2026-05-25,12:30:24,1779691524,0,6,12,nepse_official,OPEN,2026-05-25,NBL,Nepal Bank Limited,252.1,276.0,252.1,,271.9,265.3,6.599999999999966,,52420.0,14200334.6,140.0,23.900000000000006,9.480364934549785,2.4877497173011553,101430.96142857142,270.89535673407096
2026-05-25T06:45:24+00:00,2026-05-25T12:30:24+05:45,2026-05-25,12:30:24,1779691524,0,6,12,nepse_official,OPEN,2026-05-25,NBLD87,8.5% Nepal Bank Debenture 2087,1091.3,1091.3,1091.3,,1091.3,1125.0,-33.700000000000045,,25.0,27282.5,1.0,0.0,0.0,-2.9955555555555597,27282.5,1091.3
2026-05-25T06:45:24+00:00,2026-05-25T12:30:24+05:45,2026-05-25,12:30:24,1779691524,0,6,12,nepse_official,OPEN,2026-05-25,NESDO,NESDO Sambridha Laghubitta Bittiya Sanstha Limited,1535.1,1548.0,1535.0,,1535.0,1524.0,11.0,,55.0,84736.1,5.0,13.0,0.8468503680541984,0.7217847769028871,16947.22,1540.6563636363637
2026-05-25T06:45:24+00:00,2026-05-25T12:30:24+05:45,2026-05-25,12:30:24,1779691524,0,6,12,nepse_official,OPEN,2026-05-25,NFS,Nepal Finance Ltd.,584.0,584.0,570.0,,579.8,570.0,9.799999999999955,,5967.0,3422099.0,46.0,14.0,2.3972602739726026,1.719298245614027,74393.45652173914,573.5041059158706
2026-05-25T06:45:24+00:00,2026-05-25T12:30:24+05:45,2026-05-25,12:30:24,1779691524,0,6,12,nepse_official,OPEN,2026-05-25,NGPL,Ngadi Group Power Ltd.,435.0,462.0,435.0,,461.0,451.5,9.5,,221399.0,101016147.8,500.0,27.0,6.206896551724138,2.104097452934662,202032.29559999998,456.26289097963405
2026-05-25T06:45:24+00:00,2026-05-25T12:30:24+05:45,2026-05-25,12:30:24,1779691524,0,6,12,nepse_official,OPEN,2026-05-25,NHDL,Nepal Hydro Developers Ltd.,636.9,636.9,636.9,,636.9,636.9,0.0,,14.0,8852.8,3.0,0.0,0.0,0.0,2950.933333333333,632.342857142857
2026-05-25T06:45:24+00:00,2026-05-25T12:30:24+05:45,2026-05-25,12:30:24,1779691524,0,6,12,nepse_official,OPEN,2026-05-25,NHPC,National Hydro Power Company Limited,309.7,309.7,295.0,,301.4,295.0,6.399999999999977,,203187.0,61082089.9,604.0,14.699999999999989,4.746528898934449,2.169491525423721,101129.28791390728,300.6200687051829
2026-05-25T06:45:24+00:00,2026-05-25T12:30:24+05:45,2026-05-25,12:30:24,1779691524,0,6,12,nepse_official,OPEN,2026-05-25,NIBLSTF,NIBL Stable Fund,9.13,9.35,9.13,,9.13,9.29,-0.15999999999999837,,1100.0,10092.0,7.0,0.21999999999999886,2.409638554216855,-1.7222820236813603,1441.7142857142858,9.174545454545454
2026-05-25T06:45:24+00:00,2026-05-25T12:30:24+05:45,2026-05-25,12:30:24,1779691524,0,6,12,nepse_official,OPEN,2026-05-25,NIBSF2,NIBL Samriddhi Fund -2,9.14,9.41,9.14,,9.41,9.35,0.0600000000000005,,3300.0,30974.0,6.0,0.2699999999999996,2.954048140043759,0.6417112299465294,5162.333333333333,9.386060606060607
2026-05-25T06:45:24+00:00,2026-05-25T12:30:24+05:45,2026-05-25,12:30:24,1779691524,0,6,12,nepse_official,OPEN,2026-05-25,NICA,NIC Asia Bank Ltd.,365.0,365.0,345.0,,355.0,352.5,2.5,,14971.0,5308460.8,100.0,20.0,5.47945205479452,0.7092198581560284,53084.608,354.58291363302385
2026-05-25T06:45:24+00:00,2026-05-25T12:30:24+05:45,2026-05-25,12:30:24,1779691524,0,6,12,nepse_official,OPEN,2026-05-25,NICAD2091,7% NIC ASIA Debenture 2091,1053.6,1053.6,1053.6,,1053.6,1052.2,1.3999999999998636,,25.0,26340.0,1.0,0.0,0.0,0.1330545523664573,26340.0,1053.6
2026-05-25T06:45:24+00:00,2026-05-25T12:30:24+05:45,2026-05-25,12:30:24,1779691524,0,6,12,nepse_official,OPEN,2026-05-25,NICD88,NIC ASIA Rinpatra 2088,1110.0,1110.0,1110.0,,1110.0,1078.0,32.0,,25.0,27750.0,1.0,0.0,0.0,2.9684601113172544,27750.0,1110.0
2026-05-25T06:45:24+00:00,2026-05-25T12:30:24+05:45,2026-05-25,12:30:24,1779691524,0,6,12,nepse_official,OPEN,2026-05-25,NICFC,NIC Asia Flexi CAP Fund,9.17,9.53,9.17,,9.26,9.4,-0.14000000000000057,,1100.0,10228.0,10.0,0.35999999999999943,3.925845147219187,-1.4893617021276655,1022.8,9.298181818181819
2026-05-25T06:45:24+00:00,2026-05-25T12:30:24+05:45,2026-05-25,12:30:24,1779691524,0,6,12,nepse_official,OPEN,2026-05-25,NICGF2,NIC ASIA Growth Fund-2,9.92,9.92,9.4,,9.4,9.64,-0.2400000000000002,,1200.0,11562.0,4.0,0.5199999999999996,5.2419354838709635,-2.4896265560165993,2890.5,9.635
2026-05-25T06:45:24+00:00,2026-05-25T12:30:24+05:45,2026-05-25,12:30:24,1779691524,0,6,12,nepse_official,OPEN,2026-05-25,NICL,Nepal Insurance Co. Ltd.,500.0,500.0,497.0,,500.0,497.0,3.0,,2385.0,1189395.0,19.0,3.0,0.6,0.6036217303822937,62599.73684210526,498.6981132075472
2026-05-25T06:45:24+00:00,2026-05-25T12:30:24+05:45,2026-05-25,12:30:24,1779691524,0,6,12,nepse_official,OPEN,2026-05-25,NICLBSL,NIC ASIA Laghubitta Bittiya Sanstha Limited,574.0,583.6,574.0,,578.3,574.0,4.2999999999999545,,1186.0,687301.0,25.0,9.600000000000023,1.6724738675958226,0.7491289198606192,27492.04,579.5118043844857
2026-05-25T06:45:24+00:00,2026-05-25T12:30:24+05:45,2026-05-25,12:30:24,1779691524,0,6,12,nepse_official,OPEN,2026-05-25,NICSF,NIC Asia Select Fund 30,9.39,9.39,9.11,,9.38,9.29,0.09000000000000163,,400.0,3699.0,3.0,0.28000000000000114,2.981895633652834,0.9687836383207927,1233.0,9.2475
2026-05-25T06:45:24+00:00,2026-05-25T12:30:24+05:45,2026-05-25,12:30:24,1779691524,0,6,12,nepse_official,OPEN,2026-05-25,NIFRA,Nepal Infrastructure Bank Limited,266.1,270.0,266.0,,269.5,266.8,2.6999999999999886,,39575.0,10637018.3,240.0,4.0,1.5031942878617062,1.0119940029984964,44320.909583333334,268.7812583701832
2026-05-25T06:45:24+00:00,2026-05-25T12:30:24+05:45,2026-05-25,12:30:24,1779691524,0,6,12,nepse_official,OPEN,2026-05-25,NIFRAGED,Nifra Green Energy Debenture 6% - 2088/89,1035.5,1035.9,1035.5,,1035.9,1035.3,0.6000000000001364,,50.0,51785.0,2.0,0.40000000000009095,0.03862868179624249,0.057954216169239486,25892.5,1035.7
2026-05-25T06:45:24+00:00,2026-05-25T12:30:24+05:45,2026-05-25,12:30:24,1779691524,0,6,12,nepse_official,OPEN,2026-05-25,NIL,Neco Insurance Limited,610.0,614.3,610.0,,614.3,614.0,0.2999999999999545,,860.0,527004.9,11.0,4.2999999999999545,0.7049180327868778,0.04885993485341279,47909.53636363637,612.7963953488372
2026-05-25T06:45:24+00:00,2026-05-25T12:30:24+05:45,2026-05-25,12:30:24,1779691524,0,6,12,nepse_official,OPEN,2026-05-25,NIMB,Nepal Investment Mega Bank Limited,199.0,200.9,198.0,,199.6,198.0,1.5999999999999943,,62972.0,12578200.3,216.0,2.9000000000000057,1.4572864321608068,0.8080808080808052,58232.4087962963,199.74274757034874
2026-05-25T06:45:24+00:00,2026-05-25T12:30:24+05:45,2026-05-25,12:30:24,1779691524,0,6,12,nepse_official,OPEN,2026-05-25,NIMBPO,Nepal Investment Mega Bank Ltd. Promoter Share,151.5,151.5,151.5,,151.5,151.5,0.0,,18.0,2727.0,1.0,0.0,0.0,0.0,2727.0,151.5
2026-05-25T06:45:24+00:00,2026-05-25T12:30:24+05:45,2026-05-25,12:30:24,1779691524,0,6,12,nepse_official,OPEN,2026-05-25,NLG,NLG Insurance Company Ltd.,582.0,590.0,582.0,,582.0,575.0,7.0,,4129.0,2420883.4,22.0,8.0,1.3745704467353952,1.2173913043478262,110040.15454545454,586.3122790021797
2026-05-25T06:45:24+00:00,2026-05-25T12:30:24+05:45,2026-05-25,12:30:24,1779691524,0,6,12,nepse_official,OPEN,2026-05-25,NLIC,Nepal Life Insurance Co. Ltd.,770.0,779.8,765.0,,775.0,769.8,5.2000000000000455,,3800.0,2939532.7,57.0,14.799999999999955,1.9220779220779163,0.6755001299038771,51570.74912280702,773.5612368421054
2026-05-25T06:45:24+00:00,2026-05-25T12:30:24+05:45,2026-05-25,12:30:24,1779691524,0,6,12,nepse_official,OPEN,2026-05-25,NLICL,National Life Insurance Co. Ltd.,595.8,595.8,586.2,,590.0,591.0,-1.0,,313.0,184697.4,11.0,9.599999999999909,1.6112789526686655,-0.1692047377326565,16790.672727272726,590.0875399361022
2026-05-25T06:45:24+00:00,2026-05-25T12:30:24+05:45,2026-05-25,12:30:24,1779691524,0,6,12,nepse_official,OPEN,2026-05-25,NMB,NMB Bank Limited,248.0,251.0,247.0,,249.9,248.6,1.3000000000000114,,8799.0,2193818.5,41.0,4.0,1.6129032258064515,0.5229283990345983,53507.76829268293,249.3258893056029
2026-05-25T06:45:24+00:00,2026-05-25T12:30:24+05:45,2026-05-25,12:30:24,1779691524,0,6,12,nepse_official,OPEN,2026-05-25,NMBD87/88,NMB Debenture 8.50% - 2087/88,1090.5,1090.5,1090.5,,1090.5,1090.5,0.0,,25.0,27262.5,1.0,0.0,0.0,0.0,27262.5,1090.5
2026-05-25T06:45:24+00:00,2026-05-25T12:30:24+05:45,2026-05-25,12:30:24,1779691524,0,6,12,nepse_official,OPEN,2026-05-25,NMBHF2,NMB Hybrid Fund L- II,9.6,9.65,9.6,,9.62,9.67,-0.05000000000000071,,1000.0,9630.0,6.0,0.05000000000000071,0.5208333333333408,-0.5170630816959743,1605.0,9.63
2026-05-25T06:45:24+00:00,2026-05-25T12:30:24+05:45,2026-05-25,12:30:24,1779691524,0,6,12,nepse_official,OPEN,2026-05-25,NMBMF,NMB  Microfinance Bittiya Sanstha Ltd.,633.1,643.0,633.1,,643.0,632.0,11.0,,116.0,74010.5,3.0,9.899999999999977,1.5637340072658312,1.740506329113924,24670.166666666668,638.0215517241379
2026-05-25T06:45:24+00:00,2026-05-25T12:30:24+05:45,2026-05-25,12:30:24,1779691524,0,6,12,nepse_official,OPEN,2026-05-25,NMFBS,National Laghubitta Bittiya Sanstha Limited,1117.0,1155.0,1117.0,,1136.1,1140.0,-3.900000000000091,,2058.0,2364312.6,30.0,38.0,3.4019695613249774,-0.34210526315790274,78810.42,1148.8399416909622
2026-05-25T06:45:24+00:00,2026-05-25T12:30:24+05:45,2026-05-25,12:30:24,1779691524,0,6,12,nepse_official,OPEN,2026-05-25,NMIC,Nepal Micro Insurance Company Limited,1040.0,1052.0,1025.0,,1042.0,1025.0,17.0,,2827.0,2940163.0,72.0,27.0,2.5961538461538463,1.6585365853658538,40835.59722222222,1040.029359745313
2026-05-25T06:45:24+00:00,2026-05-25T12:30:24+05:45,2026-05-25,12:30:24,1779691524,0,6,12,nepse_official,OPEN,2026-05-25,NMLBBL,Nerude Mirmire Laghubitta Bittiya Sanstha Limited,571.0,593.9,571.0,,584.0,588.0,-4.0,,1274.0,750891.5,21.0,22.899999999999977,4.010507880910679,-0.6802721088435374,35756.73809523809,589.3967817896389
2026-05-25T06:45:24+00:00,2026-05-25T12:30:24+05:45,2026-05-25,12:30:24,1779691524,0,6,12,nepse_official,OPEN,2026-05-25,NRIC,Nepal Reinsurance Company Limited,914.1,921.9,911.0,,917.2,908.1,9.100000000000023,,4051.0,3721571.2,74.0,10.899999999999977,1.1924297122853054,1.0020922805858412,50291.5027027027,918.6796346581092
2026-05-25T06:45:24+00:00,2026-05-25T12:30:24+05:45,2026-05-25,12:30:24,1779691524,0,6,12,nepse_official,OPEN,2026-05-25,NRM,Nepal Republic Media Limited,345.9,388.0,345.9,,371.0,364.1,6.899999999999977,,6883.0,2555109.2,74.0,42.10000000000002,12.171147730557973,1.8950837681955441,34528.5027027027,371.22028185384283
2026-05-25T06:45:24+00:00,2026-05-25T12:30:24+05:45,2026-05-25,12:30:24,1779691524,0,6,12,nepse_official,OPEN,2026-05-25,NRN,NRN Infrastructure and Development Limited,1425.0,1440.0,1387.0,,1424.0,1399.0,25.0,,16956.0,24094174.9,181.0,53.0,3.7192982456140355,1.7869907076483202,133116.98839779006,1420.982242274121
2026-05-25T06:45:24+00:00,2026-05-25T12:30:24+05:45,2026-05-25,12:30:24,1779691524,0,6,12,nepse_official,OPEN,2026-05-25,NSIF2,NMB Sulav Investment Fund - 2,10.6,10.75,10.6,,10.75,10.75,0.0,,400.0,4272.0,4.0,0.15000000000000036,1.4150943396226447,0.0,1068.0,10.68
2026-05-25T06:45:24+00:00,2026-05-25T12:30:24+05:45,2026-05-25,12:30:24,1779691524,0,6,12,nepse_official,OPEN,2026-05-25,NSY,Nepal Life Samriddhi Lagani Yojana,9.44,9.6,9.44,,9.6,9.68,-0.08000000000000007,,1160.0,11044.0,10.0,0.16000000000000014,1.6949152542372898,-0.8264462809917362,1104.4,9.520689655172413
2026-05-25T06:45:24+00:00,2026-05-25T12:30:24+05:45,2026-05-25,12:30:24,1779691524,0,6,12,nepse_official,OPEN,2026-05-25,NTC,Nepal Doorsanchar Company Limited,890.0,899.9,888.5,,899.0,890.4,8.600000000000023,,7161.0,6415763.3,121.0,11.399999999999977,1.2808988764044917,0.9658580413297421,53022.837190082646,895.931196760229
2026-05-25T06:45:24+00:00,2026-05-25T12:30:24+05:45,2026-05-25,12:30:24,1779691524,0,6,12,nepse_official,OPEN,2026-05-25,NUBL,Nirdhan Utthan Laghubitta Bittiya Sanstha Limited,665.0,665.0,656.0,,660.0,660.0,0.0,,1018.0,670888.0,14.0,9.0,1.3533834586466165,0.0,47920.57142857143,659.0255402750491
2026-05-25T06:45:24+00:00,2026-05-25T12:30:24+05:45,2026-05-25,12:30:24,1779691524,0,6,12,nepse_official,OPEN,2026-05-25,NWCL,Nepal Warehousing Company Limited ,803.0,816.0,803.0,,811.5,804.0,7.5,,290.0,235765.0,16.0,13.0,1.61892901618929,0.9328358208955223,14735.3125,812.9827586206897
2026-05-25T06:45:24+00:00,2026-05-25T12:30:24+05:45,2026-05-25,12:30:24,1779691524,0,6,12,nepse_official,OPEN,2026-05-25,NYADI,Nyadi Hydropower Limited,399.9,399.9,391.0,,395.2,391.1,4.099999999999966,,935.0,369986.0,26.0,8.899999999999977,2.2255563890972687,1.048325236512392,14230.23076923077,395.70695187165774
2026-05-25T06:45:24+00:00,2026-05-25T12:30:24+05:45,2026-05-25,12:30:24,1779691524,0,6,12,nepse_official,OPEN,2026-05-25,OHL,Oriental Hotels Limited,708.0,712.0,700.0,,700.0,692.4,7.600000000000023,,619.0,434252.0,5.0,12.0,1.694915254237288,1.0976314269208582,86850.4,701.5379644588045
2026-05-25T06:45:24+00:00,2026-05-25T12:30:24+05:45,2026-05-25,12:30:24,1779691524,0,6,12,nepse_official,OPEN,2026-05-25,OMPL,Om Megashree Pharmaceuticals Limited,1190.0,1210.0,1190.0,,1200.0,1180.0,20.0,,1929.0,2320261.5,64.0,20.0,1.680672268907563,1.694915254237288,36254.0859375,1202.8312597200622
2026-05-25T06:45:24+00:00,2026-05-25T12:30:24+05:45,2026-05-25,12:30:24,1779691524,0,6,12,nepse_official,OPEN,2026-05-25,PBD84,10.15% Prime Debenture 2084,1140.0,1140.0,1140.0,,1140.0,1140.0,0.0,,35.0,39900.0,2.0,0.0,0.0,0.0,19950.0,1140.0
2026-05-25T06:45:24+00:00,2026-05-25T12:30:24+05:45,2026-05-25,12:30:24,1779691524,0,6,12,nepse_official,OPEN,2026-05-25,PBLD84,10% Prabhu Bank Debenture 2084 ,1085.1,1085.1,1085.1,,1085.1,1088.1,-3.0,,50.0,54255.0,2.0,0.0,0.0,-0.275709953129308,27127.5,1085.1
2026-05-25T06:45:24+00:00,2026-05-25T12:30:24+05:45,2026-05-25,12:30:24,1779691524,0,6,12,nepse_official,OPEN,2026-05-25,PCBL,Prime Commercial Bank Ltd.,240.5,244.7,239.0,,243.0,240.5,2.5,,31879.0,7721635.1,97.0,5.699999999999989,2.3700623700623655,1.0395010395010396,79604.4855670103,242.2169798299821
2026-05-25T06:45:24+00:00,2026-05-25T12:30:24+05:45,2026-05-25,12:30:24,1779691524,0,6,12,nepse_official,OPEN,2026-05-25,PCIL,Palpa Cement Industries Limited,827.0,856.9,815.0,,849.0,827.0,22.0,,31736.0,26841176.4,1049.0,41.89999999999998,5.066505441354289,2.6602176541717046,25587.39408960915,845.7643181245273
2026-05-25T06:45:24+00:00,2026-05-25T12:30:24+05:45,2026-05-25,12:30:24,1779691524,0,6,12,nepse_official,OPEN,2026-05-25,PFL,Pokhara Finance Ltd.,379.0,379.0,370.0,,374.0,375.0,-1.0,,611.0,228266.0,13.0,9.0,2.3746701846965697,-0.26666666666666666,17558.923076923078,373.5941080196399
2026-05-25T06:45:24+00:00,2026-05-25T12:30:24+05:45,2026-05-25,12:30:24,1779691524,0,6,12,nepse_official,OPEN,2026-05-25,PHCL,Peoples Hydropower Company Limited,308.0,315.0,308.0,,313.0,309.2,3.8000000000000114,,29537.0,9240674.0,171.0,7.0,2.272727272727273,1.22897800776197,54039.02923976608,312.850797305075
2026-05-25T06:45:24+00:00,2026-05-25T12:30:24+05:45,2026-05-25,12:30:24,1779691524,0,6,12,nepse_official,OPEN,2026-05-25,PMHPL,Panchakanya Mai Hydropower Ltd,343.9,350.0,343.0,,350.0,342.0,8.0,,7097.0,2454307.4,49.0,7.0,2.035475428903751,2.3391812865497075,50087.90612244898,345.8232210793293
2026-05-25T06:45:24+00:00,2026-05-25T12:30:24+05:45,2026-05-25,12:30:24,1779691524,0,6,12,nepse_official,OPEN,2026-05-25,PMLI,Prabhu Mahalaxmi Life Insurance Limited,470.0,474.5,462.5,,470.0,470.0,0.0,,710.0,332838.5,39.0,12.0,2.553191489361702,0.0,8534.320512820514,468.78661971830985
2026-05-25T06:45:24+00:00,2026-05-25T12:30:24+05:45,2026-05-25,12:30:24,1779691524,0,6,12,nepse_official,OPEN,2026-05-25,PPCL,Panchthar Power Compant Limited,380.0,393.9,378.0,,386.0,380.0,6.0,,7121.0,2742826.9,45.0,15.899999999999977,4.184210526315783,1.5789473684210527,60951.70888888889,385.17439966296865
2026-05-25T06:45:24+00:00,2026-05-25T12:30:24+05:45,2026-05-25,12:30:24,1779691524,0,6,12,nepse_official,OPEN,2026-05-25,PPL,People's Power Limited,357.0,369.9,357.0,,366.1,354.0,12.100000000000023,,42191.0,15343905.4,234.0,12.899999999999977,3.613445378151254,3.418079096045204,65572.2452991453,363.67721551989763
2026-05-25T06:45:24+00:00,2026-05-25T12:30:24+05:45,2026-05-25,12:30:24,1779691524,0,6,12,nepse_official,OPEN,2026-05-25,PRIN,Prabhu Insurance Ltd.,669.9,669.9,656.0,,662.3,662.0,0.2999999999999545,,1739.0,1158729.1,14.0,13.899999999999977,2.074936557695175,0.04531722054379978,82766.3642857143,666.3192064404831
2026-05-25T06:45:24+00:00,2026-05-25T12:30:24+05:45,2026-05-25,12:30:24,1779691524,0,6,12,nepse_official,OPEN,2026-05-25,PROFL,Progressive Finance Limited,456.0,457.0,445.0,,445.0,444.0,1.0,,590.0,264200.0,9.0,12.0,2.631578947368421,0.22522522522522523,29355.555555555555,447.79661016949154
2026-05-25T06:45:24+00:00,2026-05-25T12:30:24+05:45,2026-05-25,12:30:24,1779691524,0,6,12,nepse_official,OPEN,2026-05-25,PRSF,Prabhu Smart Fund,13.0,13.14,13.0,,13.14,12.95,0.19000000000000128,,6007.0,78693.98,3.0,0.14000000000000057,1.0769230769230813,1.4671814671814771,26231.326666666664,13.100379557183285
2026-05-25T06:45:24+00:00,2026-05-25T12:30:24+05:45,2026-05-25,12:30:24,1779691524,0,6,12,nepse_official,OPEN,2026-05-25,PRVU,Prabhu  Bank Limited,188.1,202.7,188.1,,202.0,198.0,4.0,,62145.0,12500634.1,216.0,14.599999999999994,7.76182881446039,2.0202020202020203,57873.30601851852,201.15269289564728
2026-05-25T06:45:24+00:00,2026-05-25T12:30:24+05:45,2026-05-25,12:30:24,1779691524,0,6,12,nepse_official,OPEN,2026-05-25,PSF,Prabhu Select Fund,12.01,12.2,12.01,,12.05,12.21,-0.16000000000000014,,450.0,5437.0,3.0,0.1899999999999995,1.582014987510404,-1.3104013104013115,1812.3333333333333,12.082222222222223
2026-05-25T06:45:24+00:00,2026-05-25T12:30:24+05:45,2026-05-25,12:30:24,1779691524,0,6,12,nepse_official,OPEN,2026-05-25,PURE,Pure Energy Limited,1030.0,1030.0,991.2,,1000.0,985.0,15.0,,7113.0,7150970.5,119.0,38.799999999999955,3.7669902912621316,1.5228426395939088,60092.18907563025,1005.3381836074792
2026-05-25T06:45:24+00:00,2026-05-25T12:30:24+05:45,2026-05-25,12:30:24,1779691524,0,6,12,nepse_official,OPEN,2026-05-25,RADHI,Radhi Bidyut Company Ltd,785.0,800.0,780.0,,798.9,783.0,15.899999999999977,,31317.0,24793566.6,128.0,20.0,2.547770700636943,2.0306513409961657,193699.7390625,791.6967334035828
2026-05-25T06:45:24+00:00,2026-05-25T12:30:24+05:45,2026-05-25,12:30:24,1779691524,0,6,12,nepse_official,OPEN,2026-05-25,RAWA,Rawa Energy Development Limited,613.0,613.0,576.0,,577.0,584.0,-7.0,,90.0,53236.0,9.0,37.0,6.035889070146819,-1.1986301369863013,5915.111111111111,591.5111111111111
2026-05-25T06:45:24+00:00,2026-05-25T12:30:24+05:45,2026-05-25,12:30:24,1779691524,0,6,12,nepse_official,OPEN,2026-05-25,RBBD2088,7% RBBL Debenture 2088,1056.7,1056.7,1056.7,,1056.7,1085.3,-28.59999999999991,,25.0,26417.5,1.0,0.0,0.0,-2.635216069289589,26417.5,1056.7
2026-05-25T06:45:24+00:00,2026-05-25T12:30:24+05:45,2026-05-25,12:30:24,1779691524,0,6,12,nepse_official,OPEN,2026-05-25,RBBF40,RBB Focus 40,9.33,9.55,9.33,,9.41,9.45,-0.03999999999999915,,1000.0,9430.0,9.0,0.22000000000000064,2.35798499464095,-0.42328042328041426,1047.7777777777778,9.43
2026-05-25T06:45:24+00:00,2026-05-25T12:30:24+05:45,2026-05-25,12:30:24,1779691524,0,6,12,nepse_official,OPEN,2026-05-25,RBCL,Rastriya Beema Company Limited,14994.0,14995.0,14994.0,,14995.0,14931.0,64.0,,30.0,449840.0,3.0,1.0,0.0066693344004268365,0.42863840332194764,149946.66666666666,14994.666666666666
2026-05-25T06:45:24+00:00,2026-05-25T12:30:24+05:45,2026-05-25,12:30:24,1779691524,0,6,12,nepse_official,OPEN,2026-05-25,RFPL,River Falls Power Limited,360.0,382.0,360.0,,380.2,376.2,4.0,,11318.0,4303962.1,101.0,22.0,6.111111111111111,1.063264221158958,42613.48613861386,380.2758526241385
2026-05-25T06:45:24+00:00,2026-05-25T12:30:24+05:45,2026-05-25,12:30:24,1779691524,0,6,12,nepse_official,OPEN,2026-05-25,RHGCL,Rapti Hydro And General Construction Limited,295.1,303.9,291.0,,302.0,298.0,4.0,,15926.0,4807307.5,93.0,12.899999999999977,4.37139952558454,1.342281879194631,51691.478494623654,301.8527878940098
2026-05-25T06:45:24+00:00,2026-05-25T12:30:24+05:45,2026-05-25,12:30:24,1779691524,0,6,12,nepse_official,OPEN,2026-05-25,RHPL,RASUWAGADHI HYDROPOWER COMPANY LIMITED,279.0,283.9,278.0,,282.1,279.0,3.1000000000000227,,6209.0,1750053.5,59.0,5.899999999999977,2.114695340501784,1.1111111111111194,29661.92372881356,281.85754549846996
2026-05-25T06:45:24+00:00,2026-05-25T12:30:24+05:45,2026-05-25,12:30:24,1779691524,0,6,12,nepse_official,OPEN,2026-05-25,RIDI,Ridi Power Company Limited,368.0,378.1,365.1,,376.0,366.7,9.300000000000011,,336551.0,125754073.1,787.0,13.0,3.532608695652174,2.5361330788110203,159789.16531130875,373.6553244530546
2026-05-25T06:45:24+00:00,2026-05-25T12:30:24+05:45,2026-05-25,12:30:24,1779691524,0,6,12,nepse_official,OPEN,2026-05-25,RLEL,Ridge Line Energy Limited,1026.0,1097.0,1026.0,,1078.1,1026.9,51.19999999999982,,12557.0,13472705.9,349.0,71.0,6.920077972709551,4.9858798325055815,38603.74183381089,1072.9239388388946
2026-05-25T06:45:24+00:00,2026-05-25T12:30:24+05:45,2026-05-25,12:30:24,1779691524,0,6,12,nepse_official,OPEN,2026-05-25,RLFL,Reliance Finance Ltd.,430.0,445.4,430.0,,444.0,438.9,5.100000000000023,,8283.0,3670648.0,35.0,15.399999999999977,3.581395348837204,1.1619958988380092,104875.65714285715,443.1544126524206
2026-05-25T06:45:24+00:00,2026-05-25T12:30:24+05:45,2026-05-25,12:30:24,1779691524,0,6,12,nepse_official,OPEN,2026-05-25,RMF1,RBB Mutual Fund 1,9.85,10.0,9.85,,10.0,10.0,0.0,,2000.0,19898.0,6.0,0.15000000000000036,1.5228426395939123,0.0,3316.3333333333335,9.949
2026-05-25T06:45:24+00:00,2026-05-25T12:30:24+05:45,2026-05-25,12:30:24,1779691524,0,6,12,nepse_official,OPEN,2026-05-25,RNLI,Reliable Nepal Life Insurance Limited,466.0,470.0,461.0,,467.0,465.0,2.0,,22591.0,10594985.6,98.0,9.0,1.9313304721030045,0.43010752688172044,108112.09795918367,468.99143906865567
2026-05-25T06:45:24+00:00,2026-05-25T12:30:24+05:45,2026-05-25,12:30:24,1779691524,0,6,12,nepse_official,OPEN,2026-05-25,RSDC,RSDC Laghubitta Bittiya Sanstha Ltd.,674.0,675.0,665.0,,675.0,667.8,7.2000000000000455,,1137.0,764869.0,16.0,10.0,1.483679525222552,1.0781671159029718,47804.3125,672.70800351803
2026-05-25T06:45:24+00:00,2026-05-25T12:30:24+05:45,2026-05-25,12:30:24,1779691524,0,6,12,nepse_official,OPEN,2026-05-25,RSML,Reliance Spinning Mills Limited,3700.0,3795.0,3700.0,,3770.0,3730.0,40.0,,13479.0,50792239.6,352.0,95.0,2.5675675675675675,1.0723860589812333,144296.13522727272,3768.249840492618
2026-05-25T06:45:24+00:00,2026-05-25T12:30:24+05:45,2026-05-25,12:30:24,1779691524,0,6,12,nepse_official,OPEN,2026-05-25,RSY,Reliable Samriddhi Yojana,10.04,10.45,10.04,,10.45,10.35,0.09999999999999964,,2900.0,29271.0,8.0,0.41000000000000014,4.08366533864542,0.9661835748792237,3658.875,10.09344827586207
2026-05-25T06:45:24+00:00,2026-05-25T12:30:24+05:45,2026-05-25,12:30:24,1779691524,0,6,12,nepse_official,OPEN,2026-05-25,RURU,Ru Ru Jalbidhyut Pariyojana Limited,670.0,670.0,655.0,,655.0,660.0,-5.0,,70.0,46250.0,4.0,15.0,2.2388059701492535,-0.7575757575757576,11562.5,660.7142857142857
2026-05-25T06:45:24+00:00,2026-05-25T12:30:24+05:45,2026-05-25,12:30:24,1779691524,0,6,12,nepse_official,OPEN,2026-05-25,SABBL,Salapa Bikas Bank Limited,1250.0,1281.0,1242.1,,1266.4,1247.0,19.40000000000009,,4482.0,5689821.9,149.0,38.90000000000009,3.112000000000007,1.5557337610264708,38186.72416107383,1269.482797858099
2026-05-25T06:45:24+00:00,2026-05-25T12:30:24+05:45,2026-05-25,12:30:24,1779691524,0,6,12,nepse_official,OPEN,2026-05-25,SADBL,Shangrila Development Bank Ltd.,416.0,420.0,416.0,,418.5,416.0,2.5,,7026.0,2946274.0,32.0,4.0,0.9615384615384616,0.6009615384615385,92071.0625,419.33874181611156
2026-05-25T06:45:24+00:00,2026-05-25T12:30:24+05:45,2026-05-25,12:30:24,1779691524,0,6,12,nepse_official,OPEN,2026-05-25,SAGAR,Sagar Distillery Limited,1722.0,1757.0,1722.0,,1730.0,1717.0,13.0,,3126.0,5443294.8,95.0,35.0,2.0325203252032518,0.7571345369831101,57297.84,1741.2971209213051
2026-05-25T06:45:24+00:00,2026-05-25T12:30:24+05:45,2026-05-25,12:30:24,1779691524,0,6,12,nepse_official,OPEN,2026-05-25,SAGF,Sanima Growth Fund,10.15,10.2,10.15,,10.2,10.2,0.0,,400.0,4065.0,3.0,0.049999999999998934,0.49261083743841316,0.0,1355.0,10.1625
2026-05-25T06:45:24+00:00,2026-05-25T12:30:24+05:45,2026-05-25,12:30:24,1779691524,0,6,12,nepse_official,OPEN,2026-05-25,SAHAS,Sahas Urja Limited,664.0,668.0,664.0,,668.0,664.0,4.0,,50220.0,33476408.7,327.0,4.0,0.6024096385542169,0.6024096385542169,102374.3385321101,666.5951553166069
2026-05-25T06:45:24+00:00,2026-05-25T12:30:24+05:45,2026-05-25,12:30:24,1779691524,0,6,12,nepse_official,OPEN,2026-05-25,SAIL,Shreenagar Agritech Industries Limited,1148.0,1173.0,1148.0,,1159.0,1148.0,11.0,,7906.0,9181641.0,160.0,25.0,2.177700348432056,0.9581881533101044,57385.25625,1161.3509992410827
2026-05-25T06:45:24+00:00,2026-05-25T12:30:24+05:45,2026-05-25,12:30:24,1779691524,0,6,12,nepse_official,OPEN,2026-05-25,SALICO,Sagarmatha Lumbini Insurance Co. Limited,595.0,611.0,593.0,,594.0,590.0,4.0,,2486.0,1489972.7,27.0,18.0,3.0252100840336134,0.6779661016949152,55184.17407407407,599.3454143201931
2026-05-25T06:45:24+00:00,2026-05-25T12:30:24+05:45,2026-05-25,12:30:24,1779691524,0,6,12,nepse_official,OPEN,2026-05-25,SANIMA,Sanima Bank Limited,370.0,387.5,365.6,,370.0,365.5,4.5,,88561.0,33068839.7,132.0,21.899999999999977,5.918918918918912,1.231190150478796,250521.51287878788,373.40183263513285
2026-05-25T06:45:24+00:00,2026-05-25T12:30:24+05:45,2026-05-25,12:30:24,1779691524,0,6,12,nepse_official,OPEN,2026-05-25,SANVI,Sanvi Energy Limited,702.1,760.0,702.1,,746.0,739.0,7.0,,13970.0,10448169.5,213.0,57.89999999999998,8.246688505910836,0.9472259810554804,49052.43896713615,747.9004652827488
2026-05-25T06:45:24+00:00,2026-05-25T12:30:24+05:45,2026-05-25,12:30:24,1779691524,0,6,12,nepse_official,OPEN,2026-05-25,SAPDBL,Saptakoshi Development Bank Ltd,795.0,814.9,795.0,,809.9,802.9,7.0,,6841.0,5506828.8,64.0,19.899999999999977,2.5031446540880475,0.8718395815170008,86044.2,804.9742435316474
2026-05-25T06:45:24+00:00,2026-05-25T12:30:24+05:45,2026-05-25,12:30:24,1779691524,0,6,12,nepse_official,OPEN,2026-05-25,SARBTM,Sarbottam Cement Limited,858.8,865.0,858.1,,865.0,855.0,10.0,,5535.0,4763820.5,66.0,6.899999999999977,0.8034466697717719,1.1695906432748537,72179.09848484848,860.6721770551039
2026-05-25T06:45:24+00:00,2026-05-25T12:30:24+05:45,2026-05-25,12:30:24,1779691524,0,6,12,nepse_official,OPEN,2026-05-25,SBCF,Sunrise Bluechip Fund,9.65,9.66,9.65,,9.66,9.9,-0.2400000000000002,,1100.0,10616.0,2.0,0.009999999999999787,0.10362694300517913,-2.4242424242424265,5308.0,9.65090909090909
2026-05-25T06:45:24+00:00,2026-05-25T12:30:24+05:45,2026-05-25,12:30:24,1779691524,0,6,12,nepse_official,OPEN,2026-05-25,SBI,Nepal SBI Bank Limited,396.0,404.0,396.0,,398.5,405.0,-6.5,,1439.0,577865.8,22.0,8.0,2.0202020202020203,-1.6049382716049383,26266.627272727274,401.5745656706046
2026-05-25T06:45:24+00:00,2026-05-25T12:30:24+05:45,2026-05-25,12:30:24,1779691524,0,6,12,nepse_official,OPEN,2026-05-25,SBL,Siddhartha Bank Limited,402.0,402.0,399.1,,402.0,400.9,1.1000000000000227,,28904.0,11582322.4,83.0,2.8999999999999773,0.7213930348258649,0.27438263906211596,139546.05301204819,400.7169388319956
2026-05-25T06:45:24+00:00,2026-05-25T12:30:24+05:45,2026-05-25,12:30:24,1779691524,0,6,12,nepse_official,OPEN,2026-05-25,SCB,Standard Chartered Bank Limited,664.3,664.3,654.0,,659.0,653.2,5.7999999999999545,,6607.0,4330375.0,30.0,10.299999999999955,1.550504290230311,0.8879363135333671,144345.83333333334,655.4222794006357
2026-05-25T06:45:24+00:00,2026-05-25T12:30:24+05:45,2026-05-25,12:30:24,1779691524,0,6,12,nepse_official,OPEN,2026-05-25,SFCL,Samriddhi Finance Company Limited,371.0,380.0,367.3,,378.0,370.0,8.0,,7072.0,2645996.9,33.0,12.699999999999989,3.4231805929919106,2.1621621621621623,80181.72424242424,374.1511453619909
2026-05-25T06:45:24+00:00,2026-05-25T12:30:24+05:45,2026-05-25,12:30:24,1779691524,0,6,12,nepse_official,OPEN,2026-05-25,SFEF,Sunrise Focused Equity Fund,10.13,10.15,10.13,,10.13,10.13,0.0,,1400.0,14184.0,5.0,0.019999999999999574,0.19743336623889016,0.0,2836.8,10.131428571428572
2026-05-25T06:45:24+00:00,2026-05-25T12:30:24+05:45,2026-05-25,12:30:24,1779691524,0,6,12,nepse_official,OPEN,2026-05-25,SGHC,Swet-Ganga Hydropower & Construction Limited ,382.0,385.0,372.0,,383.0,380.0,3.0,,5601.0,2135673.0,57.0,13.0,3.4031413612565444,0.7894736842105263,37467.94736842105,381.30208891269416
2026-05-25T06:45:24+00:00,2026-05-25T12:30:24+05:45,2026-05-25,12:30:24,1779691524,0,6,12,nepse_official,OPEN,2026-05-25,SGIC,Sanima GIC Insurance Limited,471.0,471.0,461.0,,467.0,464.0,3.0,,722.0,335957.9,18.0,10.0,2.1231422505307855,0.646551724137931,18664.32777777778,465.31565096952914
2026-05-25T06:45:24+00:00,2026-05-25T12:30:24+05:45,2026-05-25,12:30:24,1779691524,0,6,12,nepse_official,OPEN,2026-05-25,SHEL,Singati Hydro Energy Limited,315.0,323.0,315.0,,320.6,318.0,2.6000000000000227,,86442.0,27736714.8,219.0,8.0,2.5396825396825395,0.8176100628930889,126651.66575342466,320.8708127993337
2026-05-25T06:45:24+00:00,2026-05-25T12:30:24+05:45,2026-05-25,12:30:24,1779691524,0,6,12,nepse_official,OPEN,2026-05-25,SHINE,Shine Resunga Development Bank Ltd.,414.9,414.9,412.5,,413.0,412.0,1.0,,2040.0,844857.0,19.0,2.3999999999999773,0.5784526391901609,0.24271844660194172,44466.15789473684,414.1455882352941
2026-05-25T06:45:24+00:00,2026-05-25T12:30:24+05:45,2026-05-25,12:30:24,1779691524,0,6,12,nepse_official,OPEN,2026-05-25,SHIVM,SHIVAM CEMENTS LTD,684.0,692.0,684.0,,690.0,686.9,3.1000000000000227,,52629.0,36302990.6,261.0,8.0,1.1695906432748537,0.45130295530645254,139091.91800766284,689.7906211404359
2026-05-25T06:45:24+00:00,2026-05-25T12:30:24+05:45,2026-05-25,12:30:24,1779691524,0,6,12,nepse_official,OPEN,2026-05-25,SHL,Soaltee Hotel Limited,501.5,505.6,500.0,,504.0,500.1,3.8999999999999773,,5963.0,2993637.8,23.0,5.600000000000023,1.1166500498504532,0.7798440311937567,130158.1652173913,502.03551903404326
2026-05-25T06:45:24+00:00,2026-05-25T12:30:24+05:45,2026-05-25,12:30:24,1779691524,0,6,12,nepse_official,OPEN,2026-05-25,SHLB,Shrijanshil Laghubitta Bittiya Sanstha Limited,1480.0,1480.0,1480.0,,1480.0,1470.0,10.0,,10.0,14800.0,1.0,0.0,0.0,0.6802721088435374,14800.0,1480.0
2026-05-25T06:45:24+00:00,2026-05-25T12:30:24+05:45,2026-05-25,12:30:24,1779691524,0,6,12,nepse_official,OPEN,2026-05-25,SHPC,Sanima Mai Hydropower Ltd.,533.0,533.0,521.0,,525.0,521.7,3.2999999999999545,,19829.0,10377801.0,62.0,12.0,2.25140712945591,0.6325474410580706,167383.88709677418,523.3648192041959
2026-05-25T06:45:24+00:00,2026-05-25T12:30:24+05:45,2026-05-25,12:30:24,1779691524,0,6,12,nepse_official,OPEN,2026-05-25,SICL,Shikhar Insurance Co. Ltd.,624.0,624.0,613.0,,617.1,617.8,-0.6999999999999318,,365.0,225925.9,16.0,11.0,1.7628205128205128,-0.1133052767885937,14120.36875,618.9750684931506
2026-05-25T06:45:24+00:00,2026-05-25T12:30:24+05:45,2026-05-25,12:30:24,1779691524,0,6,12,nepse_official,OPEN,2026-05-25,SIFC,Shree Investment Finance Co. Ltd.,540.0,548.0,535.3,,535.3,541.0,-5.7000000000000455,,2532.0,1368528.2,37.0,12.700000000000045,2.35185185185186,-1.0536044362292136,36987.248648648645,540.4929699842022
2026-05-25T06:45:24+00:00,2026-05-25T12:30:24+05:45,2026-05-25,12:30:24,1779691524,0,6,12,nepse_official,OPEN,2026-05-25,SIGS3,Siddhartha Investment Growth Scheme 3,10.66,10.7,10.66,,10.7,10.86,-0.16000000000000014,,300.0,3206.0,3.0,0.03999999999999915,0.375234521575977,-1.4732965009208117,1068.6666666666667,10.686666666666667
2026-05-25T06:45:24+00:00,2026-05-25T12:30:24+05:45,2026-05-25,12:30:24,1779691524,0,6,12,nepse_official,OPEN,2026-05-25,SIKLES,Sikles Hydropower Limited,605.0,605.0,600.0,,603.0,600.0,3.0,,6497.0,3908983.5,46.0,5.0,0.8264462809917356,0.5,84977.90217391304,601.6597660458673
2026-05-25T06:45:24+00:00,2026-05-25T12:30:24+05:45,2026-05-25,12:30:24,1779691524,0,6,12,nepse_official,OPEN,2026-05-25,SINDU,Sindhu Bikash Bank Ltd,713.1,729.0,713.1,,728.9,720.0,8.899999999999977,,1847.0,1340325.5,29.0,15.899999999999977,2.2297013041649105,1.236111111111108,46218.120689655174,725.6770438548998
2026-05-25T06:45:24+00:00,2026-05-25T12:30:24+05:45,2026-05-25,12:30:24,1779691524,0,6,12,nepse_official,OPEN,2026-05-25,SIPD,Shikhar power Development Limited,815.0,847.0,810.0,,843.0,815.0,28.0,,15248.0,12731773.2,571.0,37.0,4.539877300613497,3.4355828220858897,22297.326094570926,834.9798793284365
2026-05-25T06:45:24+00:00,2026-05-25T12:30:24+05:45,2026-05-25,12:30:24,1779691524,0,6,12,nepse_official,OPEN,2026-05-25,SJCL,SANJEN JALAVIDHYUT COMPANY LIMITED,302.0,312.6,302.0,,303.3,306.9,-3.599999999999966,,26893.0,8228775.0,63.0,10.600000000000023,3.5099337748344444,-1.1730205278592265,130615.47619047618,305.98203993604284
2026-05-25T06:45:24+00:00,2026-05-25T12:30:24+05:45,2026-05-25,12:30:24,1779691524,0,6,12,nepse_official,OPEN,2026-05-25,SJLIC,SuryaJyoti Life Insurance Company Limited,429.0,438.0,429.0,,433.0,431.0,2.0,,4898.0,2123756.0,63.0,9.0,2.097902097902098,0.46403712296983757,33710.4126984127,433.5965700285831
2026-05-25T06:45:24+00:00,2026-05-25T12:30:24+05:45,2026-05-25,12:30:24,1779691524,0,6,12,nepse_official,OPEN,2026-05-25,SKBBL,Sana Kisan Bikas Laghubitta Bittiya Sanstha Limited,791.0,791.0,770.0,,774.0,765.0,9.0,,10826.0,8512742.0,43.0,21.0,2.6548672566371683,1.1764705882352942,197970.7441860465,786.3238499907629
2026-05-25T06:45:24+00:00,2026-05-25T12:30:24+05:45,2026-05-25,12:30:24,1779691524,0,6,12,nepse_official,OPEN,2026-05-25,SKHEL,Suryakunda Hydro Electric Limited,1290.0,1337.0,1278.0,,1334.9,1278.0,56.90000000000009,,7037.0,9297961.2,207.0,59.0,4.573643410852713,4.4522691705790365,44917.686956521735,1321.2961773483016
2026-05-25T06:45:24+00:00,2026-05-25T12:30:24+05:45,2026-05-25,12:30:24,1779691524,0,6,12,nepse_official,OPEN,2026-05-25,SKHL,Super Khudi Hydropower Limited,970.0,1034.9,955.0,,1025.0,950.0,75.0,,37095.0,37132858.5,747.0,79.90000000000009,8.237113402061864,7.894736842105263,49709.315261044176,1001.0205822887182
2026-05-25T06:45:24+00:00,2026-05-25T12:30:24+05:45,2026-05-25,12:30:24,1779691524,0,6,12,nepse_official,OPEN,2026-05-25,SLBBL,Swarojgar Laghubitta Bittiya Sanstha Ltd.,825.0,833.8,821.1,,832.0,822.7,9.299999999999955,,1901.0,1574472.8,29.0,12.699999999999932,1.539393939393931,1.13042421295733,54292.16551724138,828.2339821146766
2026-05-25T06:45:24+00:00,2026-05-25T12:30:24+05:45,2026-05-25,12:30:24,1779691524,0,6,12,nepse_official,OPEN,2026-05-25,SLBSL,Samudayik Laghubitta Bittiya Sanstha Limited,1180.0,1185.0,1180.0,,1185.0,1180.0,5.0,,66.0,78020.0,3.0,5.0,0.423728813559322,0.423728813559322,26006.666666666668,1182.121212121212
2026-05-25T06:45:24+00:00,2026-05-25T12:30:24+05:45,2026-05-25,12:30:24,1779691524,0,6,12,nepse_official,OPEN,2026-05-25,SLCF,Sanima Large Cap Fund,10.3,10.3,10.01,,10.01,10.0,0.009999999999999787,,400.0,4064.0,3.0,0.2900000000000009,2.8155339805825332,0.09999999999999788,1354.6666666666667,10.16
2026-05-25T06:45:24+00:00,2026-05-25T12:30:24+05:45,2026-05-25,12:30:24,1779691524,0,6,12,nepse_official,OPEN,2026-05-25,SMATA,Samata Gharelu Laghubitta Bittiya Sanstha Limited,770.0,775.0,765.0,,771.0,770.0,1.0,,156.0,119874.1,11.0,10.0,1.2987012987012987,0.12987012987012986,10897.645454545454,768.423717948718
2026-05-25T06:45:24+00:00,2026-05-25T12:30:24+05:45,2026-05-25,12:30:24,1779691524,0,6,12,nepse_official,OPEN,2026-05-25,SMB,Support Microfinance Bittiya Sanstha Ltd.,1788.0,1790.0,1751.0,,1751.0,1741.0,10.0,,446.0,788589.0,14.0,39.0,2.1812080536912752,0.5743825387708213,56327.78571428572,1768.1367713004483
2026-05-25T06:45:24+00:00,2026-05-25T12:30:24+05:45,2026-05-25,12:30:24,1779691524,0,6,12,nepse_official,OPEN,2026-05-25,SMFBS,Swabhimaan Laghubitta Bittiya Sanstha Limited,1513.3,1515.0,1502.0,,1515.0,1535.0,-20.0,,365.0,550609.0,12.0,13.0,0.85904975880526,-1.3029315960912053,45884.083333333336,1508.517808219178
2026-05-25T06:45:24+00:00,2026-05-25T12:30:24+05:45,2026-05-25,12:30:24,1779691524,0,6,12,nepse_official,OPEN,2026-05-25,SMH,Super Mai Hydropower Limited,594.0,600.0,585.2,,595.0,594.0,1.0,,5132.0,3069556.8,35.0,14.799999999999955,2.491582491582484,0.16835016835016833,87701.62285714285,598.1209664848012
2026-05-25T06:45:24+00:00,2026-05-25T12:30:24+05:45,2026-05-25,12:30:24,1779691524,0,6,12,nepse_official,OPEN,2026-05-25,SMHL,Super Madi Hydropower Limited,500.1,507.4,500.1,,504.0,499.0,5.0,,13702.0,6916619.7,121.0,7.2999999999999545,1.459708058388313,1.002004008016032,57162.146280991736,504.78905999124214
2026-05-25T06:45:24+00:00,2026-05-25T12:30:24+05:45,2026-05-25,12:30:24,1779691524,0,6,12,nepse_official,OPEN,2026-05-25,SMJC,Sagarmatha Jalabidhyut Company Limited,463.6,492.0,463.6,,487.0,487.9,-0.8999999999999773,,21847.0,10673328.9,125.0,28.399999999999977,6.125970664365828,-0.18446402951424007,85386.6312,488.5489495125189
2026-05-25T06:45:24+00:00,2026-05-25T12:30:24+05:45,2026-05-25,12:30:24,1779691524,0,6,12,nepse_official,OPEN,2026-05-25,SMPDA,Sampada Laghubitta Bittiya Sanstha Limited,838.0,854.0,838.0,,844.1,838.0,6.100000000000023,,669.0,563974.9,12.0,16.0,1.9093078758949882,0.7279236276849669,46997.90833333333,843.0118086696563
2026-05-25T06:45:24+00:00,2026-05-25T12:30:24+05:45,2026-05-25,12:30:24,1779691524,0,6,12,nepse_official,OPEN,2026-05-25,SNLI,Sun Nepal Life Insurance Company Limited,455.0,455.0,447.5,,450.3,447.0,3.3000000000000114,,8976.0,4032876.6,124.0,7.5,1.6483516483516485,0.7382550335570495,32523.198387096774,449.29552139037435
2026-05-25T06:45:24+00:00,2026-05-25T12:30:24+05:45,2026-05-25,12:30:24,1779691524,0,6,12,nepse_official,OPEN,2026-05-25,SOHL,Solu Hydropower Limited,685.0,704.8,685.0,,696.1,688.0,8.100000000000023,,46095.0,32116052.0,832.0,19.799999999999955,2.890510948905103,1.177325581395352,38601.02403846154,696.7361319015077
2026-05-25T06:45:24+00:00,2026-05-25T12:30:24+05:45,2026-05-25,12:30:24,1779691524,0,6,12,nepse_official,OPEN,2026-05-25,SONA,Sonapur Minerals And Oil Limited,475.0,475.0,455.1,,465.0,462.0,3.0,,24671.0,11471849.8,163.0,19.899999999999977,4.189473684210522,0.6493506493506493,70379.44662576688,464.9933038790483
2026-05-25T06:45:24+00:00,2026-05-25T12:30:24+05:45,2026-05-25,12:30:24,1779691524,0,6,12,nepse_official,OPEN,2026-05-25,SPC,Samling Power Company Limited,455.2,478.5,455.2,,465.1,458.2,6.900000000000034,,1396.0,656018.0,32.0,23.30000000000001,5.118629173989458,1.5058926233086063,20500.5625,469.9269340974212
2026-05-25T06:45:24+00:00,2026-05-25T12:30:24+05:45,2026-05-25,12:30:24,1779691524,0,6,12,nepse_official,OPEN,2026-05-25,SPDL,Synergy Power Development Ltd.,427.0,427.0,408.5,,410.9,407.0,3.8999999999999773,,13785.0,5657206.5,38.0,18.5,4.332552693208431,0.9582309582309526,148873.8552631579,410.3885745375408
2026-05-25T06:45:24+00:00,2026-05-25T12:30:24+05:45,2026-05-25,12:30:24,1779691524,0,6,12,nepse_official,OPEN,2026-05-25,SPHL,Sayapatri Hydropower Limited,500.0,543.0,500.0,,526.0,525.0,1.0,,4115.0,2177754.7,45.0,43.0,8.6,0.19047619047619047,48394.548888888894,529.2234993924666
2026-05-25T06:45:24+00:00,2026-05-25T12:30:24+05:45,2026-05-25,12:30:24,1779691524,0,6,12,nepse_official,OPEN,2026-05-25,SPIL,Siddhartha Premier Insurance Limited,707.2,707.2,707.2,,707.2,709.8,-2.599999999999909,,25.0,17680.0,2.0,0.0,0.0,-0.3663003663003535,8840.0,707.2
2026-05-25T06:45:24+00:00,2026-05-25T12:30:24+05:45,2026-05-25,12:30:24,1779691524,0,6,12,nepse_official,OPEN,2026-05-25,SPL,Shuvam Power Limited,705.0,725.0,705.0,,725.0,708.0,17.0,,240.0,170450.0,5.0,20.0,2.8368794326241136,2.401129943502825,34090.0,710.2083333333334
2026-05-25T06:45:24+00:00,2026-05-25T12:30:24+05:45,2026-05-25,12:30:24,1779691524,0,6,12,nepse_official,OPEN,2026-05-25,SRLI,Sanima Reliance Life Insurance Limited,389.3,397.5,389.3,,394.3,393.9,0.4000000000000341,,6366.0,2510322.8,107.0,8.199999999999989,2.1063447212946285,0.1015486164001102,23460.96074766355,394.3328306628966
2026-05-25T06:45:24+00:00,2026-05-25T12:30:24+05:45,2026-05-25,12:30:24,1779691524,0,6,12,nepse_official,OPEN,2026-05-25,SSHL,Shiva Shree Hydropower Ltd,220.0,228.8,220.0,,225.1,221.9,3.1999999999999886,,204103.0,46214026.9,610.0,8.800000000000011,4.000000000000005,1.4420910319963895,75760.69983606557,226.425025109871
2026-05-25T06:45:24+00:00,2026-05-25T12:30:24+05:45,2026-05-25,12:30:24,1779691524,0,6,12,nepse_official,OPEN,2026-05-25,STC,Salt Trading Corporation,5863.0,5935.0,5830.0,,5935.0,5930.0,5.0,,646.0,3801818.0,24.0,105.0,1.7908920347944737,0.08431703204047217,158409.08333333334,5885.167182662539
2026-05-25T06:45:24+00:00,2026-05-25T12:30:24+05:45,2026-05-25,12:30:24,1779691524,0,6,12,nepse_official,OPEN,2026-05-25,SWASTIK,Swastik Laghubitta Bittiya Sanstha Limited,2415.0,2472.0,2375.0,,2426.1,2400.0,26.09999999999991,,492.0,1188104.0,16.0,97.0,4.01656314699793,1.0874999999999964,74256.5,2414.8455284552847
2026-05-25T06:45:24+00:00,2026-05-25T12:30:24+05:45,2026-05-25,12:30:24,1779691524,0,6,12,nepse_official,OPEN,2026-05-25,SWBBL,Swabalamban Laghubitta Bittiya Sanstha Limited,778.1,778.1,750.0,,753.0,741.1,11.899999999999977,,1095.0,827869.4,19.0,28.100000000000023,3.611361007582576,1.605721225205772,43572.073684210525,756.0451141552512
2026-05-25T06:45:24+00:00,2026-05-25T12:30:24+05:45,2026-05-25,12:30:24,1779691524,0,6,12,nepse_official,OPEN,2026-05-25,SWMF,Suryodaya Womi Laghubitta Bittiya Sanstha Limited,670.0,675.0,662.1,,667.1,669.1,-2.0,,5091.0,3380626.3,14.0,12.899999999999977,1.9253731343283547,-0.2989089822149156,241473.30714285714,664.0397367904144
2026-05-25T06:45:24+00:00,2026-05-25T12:30:24+05:45,2026-05-25,12:30:24,1779691524,0,6,12,nepse_official,OPEN,2026-05-25,SYPNL,SY Panel Nepal Limited,1459.0,1535.0,1459.0,,1525.0,1507.9,17.09999999999991,,25712.0,39259502.0,358.0,76.0,5.20904729266621,1.1340274554015457,109663.41340782122,1526.8941350342252
2026-05-25T06:45:24+00:00,2026-05-25T12:30:24+05:45,2026-05-25,12:30:24,1779691524,0,6,12,nepse_official,OPEN,2026-05-25,TAMOR,Sanima Middle Tamor Hydropower Limited,456.0,458.9,450.1,,457.0,455.0,2.0,,29706.0,13566534.7,131.0,8.799999999999955,1.9298245614034988,0.43956043956043955,103561.33358778626,456.69341883794516
2026-05-25T06:45:24+00:00,2026-05-25T12:30:24+05:45,2026-05-25,12:30:24,1779691524,0,6,12,nepse_official,OPEN,2026-05-25,TPC,Terhathum Power Company Limited,389.0,389.0,375.0,,383.0,380.0,3.0,,12025.0,4607879.5,71.0,14.0,3.5989717223650386,0.7894736842105263,64899.711267605635,383.1916424116424
2026-05-25T06:45:24+00:00,2026-05-25T12:30:24+05:45,2026-05-25,12:30:24,1779691524,0,6,12,nepse_official,OPEN,2026-05-25,TRH,Taragaon Regency Hotel Limited,753.0,760.0,753.0,,760.0,755.2,4.7999999999999545,,604.0,456416.0,6.0,7.0,0.9296148738379815,0.635593220338977,76069.33333333333,755.6556291390729
2026-05-25T06:45:24+00:00,2026-05-25T12:30:24+05:45,2026-05-25,12:30:24,1779691524,0,6,12,nepse_official,OPEN,2026-05-25,TSHL,Three Star Hydropower Limited,550.0,565.0,550.0,,558.0,555.0,3.0,,2160.0,1207264.0,27.0,15.0,2.727272727272727,0.5405405405405406,44713.48148148148,558.9185185185186
2026-05-25T06:45:24+00:00,2026-05-25T12:30:24+05:45,2026-05-25,12:30:24,1779691524,0,6,12,nepse_official,OPEN,2026-05-25,TTL,Trade Tower Limited,898.8,898.8,846.0,,869.2,856.0,13.200000000000045,,17106.0,14915797.0,279.0,52.799999999999955,5.8744993324432535,1.5420560747663605,53461.637992831544,871.962878522156
2026-05-25T06:45:24+00:00,2026-05-25T12:30:24+05:45,2026-05-25,12:30:24,1779691524,0,6,12,nepse_official,OPEN,2026-05-25,TVCL,Trishuli Jal Vidhyut Company Limited ,509.1,524.0,509.1,,517.2,521.9,-4.699999999999932,,11643.0,5931834.0,19.0,14.899999999999977,2.926733451188367,-0.9005556620042022,312201.7894736842,509.4764236021644
2026-05-25T06:45:24+00:00,2026-05-25T12:30:24+05:45,2026-05-25,12:30:24,1779691524,0,6,12,nepse_official,OPEN,2026-05-25,UAIL,United Ajod Insurance Limited,437.0,453.0,437.0,,443.9,445.0,-1.1000000000000227,,4533.0,2014210.4,44.0,16.0,3.6613272311212817,-0.24719101123596016,45777.50909090909,444.34378998455765
2026-05-25T06:45:24+00:00,2026-05-25T12:30:24+05:45,2026-05-25,12:30:24,1779691524,0,6,12,nepse_official,OPEN,2026-05-25,UHEWA,Upper Hewakhola Hydropower Company Limited,583.5,584.0,580.0,,584.0,583.6,0.39999999999997726,,1632.0,950762.0,18.0,4.0,0.6855184233076265,0.06854009595613043,52820.11111111111,582.5747549019608
2026-05-25T06:45:24+00:00,2026-05-25T12:30:24+05:45,2026-05-25,12:30:24,1779691524,0,6,12,nepse_official,OPEN,2026-05-25,ULBSL,Upakar Laghubitta Bittiya Sanstha Limited,2850.0,2997.9,2850.0,,2950.0,2920.0,30.0,,552.0,1627514.6,31.0,147.9000000000001,5.18947368421053,1.0273972602739725,52500.47096774194,2948.3960144927537
2026-05-25T06:45:24+00:00,2026-05-25T12:30:24+05:45,2026-05-25,12:30:24,1779691524,0,6,12,nepse_official,OPEN,2026-05-25,ULHC,Upper Lohore Khola Hydropower Company Limited,478.1,485.0,478.1,,481.0,477.5,3.5,,11040.0,5308467.5,65.0,6.899999999999977,1.443212717004806,0.7329842931937173,81668.73076923077,480.8394474637681
2026-05-25T06:45:24+00:00,2026-05-25T12:30:24+05:45,2026-05-25,12:30:24,1779691524,0,6,12,nepse_official,OPEN,2026-05-25,UMHL,United Modi Hydropower Ltd.,550.0,573.0,550.0,,569.0,564.0,5.0,,3140.0,1788471.1,16.0,23.0,4.181818181818182,0.8865248226950355,111779.44375,569.5767834394904
2026-05-25T06:45:24+00:00,2026-05-25T12:30:24+05:45,2026-05-25,12:30:24,1779691524,0,6,12,nepse_official,OPEN,2026-05-25,UMRH,United IDI Mardi RB Hydropower Limited.,537.2,550.0,537.2,,542.0,545.0,-3.0,,11999.0,6505592.7,46.0,12.799999999999955,2.382725241995524,-0.5504587155963303,141425.92826086958,542.1779064922077
2026-05-25T06:45:24+00:00,2026-05-25T12:30:24+05:45,2026-05-25,12:30:24,1779691524,0,6,12,nepse_official,OPEN,2026-05-25,UNHPL,Union Hydropower Limited,420.0,444.0,420.0,,435.8,434.0,1.8000000000000114,,23128.0,10116763.9,81.0,24.0,5.714285714285714,0.4147465437788045,124898.31975308643,437.42493514354896
2026-05-25T06:45:24+00:00,2026-05-25T12:30:24+05:45,2026-05-25,12:30:24,1779691524,0,6,12,nepse_official,OPEN,2026-05-25,UNLB,Unique Nepal Laghubitta Bittiya Sanstha Limited,1385.0,1400.0,1385.0,,1400.0,1424.0,-24.0,,595.0,828592.0,16.0,15.0,1.083032490974729,-1.6853932584269662,51787.0,1392.5915966386556
2026-05-25T06:45:24+00:00,2026-05-25T12:30:24+05:45,2026-05-25,12:30:24,1779691524,0,6,12,nepse_official,OPEN,2026-05-25,UPCL,UNIVERSAL POWER COMPANY LTD,377.0,380.0,373.0,,377.0,373.0,4.0,,13232.0,4985530.1,69.0,7.0,1.8567639257294428,1.0723860589812333,72254.05942028985,376.7782723700121
2026-05-25T06:45:24+00:00,2026-05-25T12:30:24+05:45,2026-05-25,12:30:24,1779691524,0,6,12,nepse_official,OPEN,2026-05-25,UPPER,Upper Tamakoshi Hydropower Ltd,197.5,211.9,197.5,,210.0,207.5,2.5,,78278.0,16444055.8,391.0,14.400000000000006,7.291139240506332,1.2048192771084338,42056.40869565218,210.07250823986305
2026-05-25T06:45:24+00:00,2026-05-25T12:30:24+05:45,2026-05-25,12:30:24,1779691524,0,6,12,nepse_official,OPEN,2026-05-25,USHEC,Upper Solu Hydro Electric Company Limited,508.0,517.0,508.0,,516.0,507.0,9.0,,18515.0,9551970.0,106.0,9.0,1.7716535433070866,1.7751479289940828,90112.92452830188,515.9044018363489
2026-05-25T06:45:24+00:00,2026-05-25T12:30:24+05:45,2026-05-25,12:30:24,1779691524,0,6,12,nepse_official,OPEN,2026-05-25,USHL,Upper Syange Hydropower Limited,630.0,640.0,630.0,,636.0,625.0,11.0,,238.0,151303.0,9.0,10.0,1.5873015873015872,1.76,16811.444444444445,635.7268907563025
2026-05-25T06:45:24+00:00,2026-05-25T12:30:24+05:45,2026-05-25,12:30:24,1779691524,0,6,12,nepse_official,OPEN,2026-05-25,USLB,Unnati Sahakarya Laghubitta Bittiya Sanstha Limited,1260.0,1281.0,1260.0,,1274.0,1256.0,18.0,,609.0,776875.1,19.0,21.0,1.6666666666666667,1.4331210191082804,40888.163157894734,1275.6569786535304
2026-05-25T06:45:24+00:00,2026-05-25T12:30:24+05:45,2026-05-25,12:30:24,1779691524,0,6,12,nepse_official,OPEN,2026-05-25,VLBS,Vijaya laghubitta Bittiya Sanstha Ltd.,691.2,708.0,691.2,,694.2,694.9,-0.6999999999999318,,939.0,659598.0,58.0,16.799999999999955,2.4305555555555487,-0.10073391854942175,11372.379310344828,702.4472843450479
2026-05-25T06:45:24+00:00,2026-05-25T12:30:24+05:45,2026-05-25,12:30:24,1779691524,0,6,12,nepse_official,OPEN,2026-05-25,VLUCL,Vision Lumbini Urja Company Limited ,514.7,514.7,495.0,,496.3,500.0,-3.6999999999999886,,1235.0,619823.0,21.0,19.700000000000045,3.8274723139693108,-0.7399999999999977,29515.380952380954,501.88097165991906
2026-05-25T06:45:24+00:00,2026-05-25T12:30:24+05:45,2026-05-25,12:30:24,1779691524,0,6,12,nepse_official,OPEN,2026-05-25,WNLB,Wean Nepal Laghubitta Bittiya Sanstha Limited,1499.0,1499.0,1458.0,,1458.0,1480.0,-22.0,,55.0,80959.0,5.0,41.0,2.735156771180787,-1.4864864864864866,16191.8,1471.9818181818182
2026-05-25T07:15:31+00:00,2026-05-25T13:00:31+05:45,2026-05-25,13:00:31,1779693331,0,7,13,nepse_official,OPEN,2026-05-25,ACLBSL,Aarambha Chautari Laghubitta Bittiya Sanstha Limited,977.4,977.4,954.0,,958.0,949.0,9.0,,115.0,110195.0,8.0,23.399999999999977,2.3941068139963146,0.9483667017913594,13774.375,958.2173913043479
2026-05-25T07:15:31+00:00,2026-05-25T13:00:31+05:45,2026-05-25,13:00:31,1779693331,0,7,13,nepse_official,OPEN,2026-05-25,ADBL,Agricultural Development Bank Limited,317.9,317.9,312.3,,317.0,313.0,4.0,,25893.0,8190959.3,97.0,5.599999999999966,1.7615602390688792,1.2779552715654952,84442.8793814433,316.338751786197
2026-05-25T07:15:31+00:00,2026-05-25T13:00:31+05:45,2026-05-25,13:00:31,1779693331,0,7,13,nepse_official,OPEN,2026-05-25,ADBLD83,10.35% Agricultural Bank Debenture 2083,1051.9,1051.9,1051.9,,1051.9,1070.0,-18.09999999999991,,25.0,26297.5,1.0,0.0,0.0,-1.6915887850467204,26297.5,1051.9
2026-05-25T07:15:31+00:00,2026-05-25T13:00:31+05:45,2026-05-25,13:00:31,1779693331,0,7,13,nepse_official,OPEN,2026-05-25,AHL,Asian Hydropower Limited,505.0,518.5,505.0,,506.1,515.0,-8.899999999999977,,6834.0,3461408.0,64.0,13.5,2.6732673267326734,-1.728155339805821,54084.5,506.4980977465613
2026-05-25T07:15:31+00:00,2026-05-25T13:00:31+05:45,2026-05-25,13:00:31,1779693331,0,7,13,nepse_official,OPEN,2026-05-25,AHPC,Arun Valley Hydropower Development Co. Ltd.,275.0,289.0,275.0,,287.0,284.0,3.0,,38954.0,11152664.2,192.0,14.0,5.090909090909091,1.056338028169014,58086.79270833333,286.3034399548185
2026-05-25T07:15:31+00:00,2026-05-25T13:00:31+05:45,2026-05-25,13:00:31,1779693331,0,7,13,nepse_official,OPEN,2026-05-25,AKJCL,Ankhu Khola Jalvidhyut Company Ltd,402.0,419.0,402.0,,415.0,402.0,13.0,,887953.0,366703611.6,1506.0,17.0,4.228855721393035,3.233830845771144,243495.09402390438,412.9763755514087
2026-05-25T07:15:31+00:00,2026-05-25T13:00:31+05:45,2026-05-25,13:00:31,1779693331,0,7,13,nepse_official,OPEN,2026-05-25,AKPL,Arun Kabeli Power Ltd.,275.0,278.8,271.0,,278.0,274.5,3.5,,148683.0,40909954.9,350.0,7.800000000000011,2.8363636363636404,1.2750455373406193,116885.58542857143,275.14883947727714
2026-05-25T07:15:31+00:00,2026-05-25T13:00:31+05:45,2026-05-25,13:00:31,1779693331,0,7,13,nepse_official,OPEN,2026-05-25,ALBSL,Asha Laghubitta Bittiya Sanstha Ltd,1086.0,1121.0,1086.0,,1117.0,1115.0,2.0,,4222.0,4672022.6,68.0,35.0,3.2228360957642725,0.17937219730941703,68706.21470588235,1106.5899099952628
2026-05-25T07:15:31+00:00,2026-05-25T13:00:31+05:45,2026-05-25,13:00:31,1779693331,0,7,13,nepse_official,OPEN,2026-05-25,ALICL,Asian Life Insurance Co. Limited,459.9,459.9,452.0,,455.0,452.3,2.6999999999999886,,5032.0,2280680.8,41.0,7.899999999999977,1.7177647314633566,0.5969489277028496,55626.36097560975,453.23545310015896
2026-05-25T07:15:31+00:00,2026-05-25T13:00:31+05:45,2026-05-25,13:00:31,1779693331,0,7,13,nepse_official,OPEN,2026-05-25,ANLB,Aatmanirbhar Laghubitta Bittiya Sanstha Limited,5901.0,5901.0,5733.0,,5900.0,5901.0,-1.0,,417.0,2406294.0,19.0,168.0,2.8469750889679712,-0.01694628029147602,126647.05263157895,5770.489208633094
2026-05-25T07:15:31+00:00,2026-05-25T13:00:31+05:45,2026-05-25,13:00:31,1779693331,0,7,13,nepse_official,OPEN,2026-05-25,API,Api Power Company Ltd.,359.0,363.0,357.2,,361.0,357.2,3.8000000000000114,,331541.0,119507040.2,824.0,5.800000000000011,1.615598885793875,1.0638297872340459,145032.81577669902,360.4593103115452
2026-05-25T07:15:31+00:00,2026-05-25T13:00:31+05:45,2026-05-25,13:00:31,1779693331,0,7,13,nepse_official,OPEN,2026-05-25,AVYAN,Aviyan Laghubitta Bittiya Sanstha Limited,1082.1,1150.0,1082.1,,1150.0,1139.0,11.0,,3048.0,3486981.5,60.0,67.90000000000009,6.2748359671010165,0.9657594381035997,58116.35833333333,1144.0228018372704
2026-05-25T07:15:31+00:00,2026-05-25T13:00:31+05:45,2026-05-25,13:00:31,1779693331,0,7,13,nepse_official,OPEN,2026-05-25,BANDIPUR,Bandipur Cablecar and Tourism Limited,910.0,910.0,855.0,,869.9,875.9,-6.0,,29569.0,25833657.7,459.0,55.0,6.043956043956044,-0.6850097043041443,56282.47864923747,873.6737021881024
2026-05-25T07:15:31+00:00,2026-05-25T13:00:31+05:45,2026-05-25,13:00:31,1779693331,0,7,13,nepse_official,OPEN,2026-05-25,BARUN,Barun Hydropower Co. Ltd.,352.0,358.7,351.0,,358.0,351.1,6.899999999999977,,21919.0,7806990.2,124.0,7.699999999999989,2.187499999999997,1.965252064938757,62959.598387096776,356.17456088325196
2026-05-25T07:15:31+00:00,2026-05-25T13:00:31+05:45,2026-05-25,13:00:31,1779693331,0,7,13,nepse_official,OPEN,2026-05-25,BBC,Bishal Bazar Company Limited,4818.9,4832.9,4800.0,,4832.9,4800.0,32.899999999999636,,52.0,250436.9,6.0,32.899999999999636,0.6827284234991313,0.6854166666666591,41739.48333333333,4816.09423076923
2026-05-25T07:15:31+00:00,2026-05-25T13:00:31+05:45,2026-05-25,13:00:31,1779693331,0,7,13,nepse_official,OPEN,2026-05-25,BEDC,Bhugol Energy Development Company Limited,395.7,395.7,377.3,,383.0,376.9,6.100000000000023,,20940.0,7986449.9,140.0,18.399999999999977,4.649987364164765,1.6184664367206218,57046.07071428571,381.39684336198667
2026-05-25T07:15:31+00:00,2026-05-25T13:00:31+05:45,2026-05-25,13:00:31,1779693331,0,7,13,nepse_official,OPEN,2026-05-25,BFC,Best Finance Company Ltd.,464.0,469.0,460.1,,466.0,458.0,8.0,,6635.0,3083018.1,53.0,8.899999999999977,1.9181034482758572,1.7467248908296942,58170.15283018868,464.6598492840995
2026-05-25T07:15:31+00:00,2026-05-25T13:00:31+05:45,2026-05-25,13:00:31,1779693331,0,7,13,nepse_official,OPEN,2026-05-25,BGWT,Bhagawati Hydropower Development Company Limited,665.0,674.0,665.0,,670.0,661.0,9.0,,756.0,507348.6,24.0,9.0,1.3533834586466165,1.361573373676248,21139.524999999998,671.0960317460317
2026-05-25T07:15:31+00:00,2026-05-25T13:00:31+05:45,2026-05-25,13:00:31,1779693331,0,7,13,nepse_official,OPEN,2026-05-25,BHCL,Bikash Hydropower Company Limited,566.0,582.0,566.0,,581.9,566.0,15.899999999999977,,28776.0,16573335.0,406.0,16.0,2.8268551236749118,2.8091872791519394,40821.02216748768,575.9429733110926
2026-05-25T07:15:31+00:00,2026-05-25T13:00:31+05:45,2026-05-25,13:00:31,1779693331,0,7,13,nepse_official,OPEN,2026-05-25,BHDC,Bindhyabasini Hydropower Development Company Limited,461.2,479.9,461.2,,479.6,463.6,16.0,,28381.0,13484410.7,151.0,18.69999999999999,4.054640069384212,3.4512510785159622,89300.73311258278,475.1210563405095
2026-05-25T07:15:31+00:00,2026-05-25T13:00:31+05:45,2026-05-25,13:00:31,1779693331,0,7,13,nepse_official,OPEN,2026-05-25,BHL,Balephi Hydropower Limited,237.0,237.0,225.0,,229.0,226.0,3.0,,104833.0,23976918.4,380.0,12.0,5.063291139240507,1.3274336283185841,63097.15368421052,228.71537016015947
2026-05-25T07:15:31+00:00,2026-05-25T13:00:31+05:45,2026-05-25,13:00:31,1779693331,0,7,13,nepse_official,OPEN,2026-05-25,BHPL,Barahi Hydropower Public Limited,530.1,537.8,530.0,,532.0,529.8,2.2000000000000455,,1681.0,897583.5,26.0,7.7999999999999545,1.4714204867006138,0.41525103812760394,34522.442307692305,533.9580606781677
2026-05-25T07:15:31+00:00,2026-05-25T13:00:31+05:45,2026-05-25,13:00:31,1779693331,0,7,13,nepse_official,OPEN,2026-05-25,BJHL,Bhujung Hydropower Limited,952.0,999.2,945.0,,991.0,953.0,38.0,,10324.0,10080834.9,260.0,54.200000000000045,5.693277310924374,3.987408184679958,38772.44192307693,976.4466195273151
2026-05-25T07:15:31+00:00,2026-05-25T13:00:31+05:45,2026-05-25,13:00:31,1779693331,0,7,13,nepse_official,OPEN,2026-05-25,BNHC,Buddha Bhumi Nepal Hydropower Company Limited,333.1,343.0,332.0,,339.0,333.1,5.899999999999977,,4362.0,1474528.8,40.0,11.0,3.3023116181326926,1.7712398679075283,36863.22,338.03961485557085
2026-05-25T07:15:31+00:00,2026-05-25T13:00:31+05:45,2026-05-25,13:00:31,1779693331,0,7,13,nepse_official,OPEN,2026-05-25,BNL,Bottlers Nepal (Balaju) Limited,14818.7,14818.7,14818.7,,14818.7,14387.1,431.60000000000036,,10.0,148187.0,1.0,0.0,0.0,2.9999096412758677,148187.0,14818.7
2026-05-25T07:15:31+00:00,2026-05-25T13:00:31+05:45,2026-05-25,13:00:31,1779693331,0,7,13,nepse_official,OPEN,2026-05-25,BNT,Bottlers Nepal (Terai) Limited,11590.0,11900.0,11590.0,,11890.0,11590.6,299.39999999999964,,50.0,591190.0,5.0,310.0,2.6747195858498705,2.5831277069349268,118238.0,11823.8
2026-05-25T07:15:31+00:00,2026-05-25T13:00:31+05:45,2026-05-25,13:00:31,1779693331,0,7,13,nepse_official,OPEN,2026-05-25,BPCL,Butwal Power Company Limited,699.0,706.0,680.0,,706.0,699.0,7.0,,40404.0,28326293.2,123.0,26.0,3.719599427753934,1.0014306151645207,230295.06666666665,701.0764577764578
2026-05-25T07:15:31+00:00,2026-05-25T13:00:31+05:45,2026-05-25,13:00:31,1779693331,0,7,13,nepse_official,OPEN,2026-05-25,BUNGAL,Bungal Hydro Limited,773.3,773.3,706.0,,751.0,814.0,-63.0,,39426.0,29334630.7,644.0,67.29999999999995,8.702961334540277,-7.73955773955774,45550.66878881987,744.0427814132805
2026-05-25T07:15:31+00:00,2026-05-25T13:00:31+05:45,2026-05-25,13:00:31,1779693331,0,7,13,nepse_official,OPEN,2026-05-25,C30MF,Citizens Super 30 Mutual Fund,9.89,10.18,9.89,,10.18,9.83,0.34999999999999964,,400.0,4043.0,4.0,0.28999999999999915,2.9322548028311335,3.5605289928789383,1010.75,10.1075
2026-05-25T07:15:31+00:00,2026-05-25T13:00:31+05:45,2026-05-25,13:00:31,1779693331,0,7,13,nepse_official,OPEN,2026-05-25,CBBL,Chhimek Laghubitta Bittiya Sanstha Limited,924.3,924.3,918.0,,923.9,917.0,6.899999999999977,,8654.0,7984673.7,110.0,6.2999999999999545,0.6815968841285248,0.7524536532170095,72587.94272727273,922.657002542177
2026-05-25T07:15:31+00:00,2026-05-25T13:00:31+05:45,2026-05-25,13:00:31,1779693331,0,7,13,nepse_official,OPEN,2026-05-25,CFCL,Central Finance Co. Ltd.,510.0,510.0,496.0,,509.0,503.0,6.0,,4790.0,2432843.0,23.0,14.0,2.7450980392156863,1.1928429423459244,105775.78260869565,507.90041753653446
2026-05-25T07:15:31+00:00,2026-05-25T13:00:31+05:45,2026-05-25,13:00:31,1779693331,0,7,13,nepse_official,OPEN,2026-05-25,CGH,Chandragiri Hills Limited,799.0,814.7,795.0,,805.0,803.8,1.2000000000000455,,16564.0,13225518.5,95.0,19.700000000000045,2.4655819774718455,0.1492908683752234,139215.9842105263,798.4495592851968
2026-05-25T07:15:31+00:00,2026-05-25T13:00:31+05:45,2026-05-25,13:00:31,1779693331,0,7,13,nepse_official,OPEN,2026-05-25,CHCL,Chilime Hydropower Company Limited,482.5,490.0,482.5,,487.0,482.0,5.0,,8318.0,4045488.3,100.0,7.5,1.5544041450777202,1.0373443983402488,40454.883,486.3534864150036
2026-05-25T07:15:31+00:00,2026-05-25T13:00:31+05:45,2026-05-25,13:00:31,1779693331,0,7,13,nepse_official,OPEN,2026-05-25,CHDC,CEDB Holdings Limited,2300.0,2328.0,2286.0,,2323.0,2300.0,23.0,,4420.0,10230646.3,75.0,42.0,1.8260869565217392,1.0,136408.61733333336,2314.625859728507
2026-05-25T07:15:31+00:00,2026-05-25T13:00:31+05:45,2026-05-25,13:00:31,1779693331,0,7,13,nepse_official,OPEN,2026-05-25,CHL,Chhyangdi Hydropower Ltd.,288.1,302.0,288.1,,296.0,297.0,-1.0,,38593.0,11396693.1,89.0,13.899999999999977,4.824713641096833,-0.33670033670033667,128052.73146067416,295.3046692405358
2026-05-25T07:15:31+00:00,2026-05-25T13:00:31+05:45,2026-05-25,13:00:31,1779693331,0,7,13,nepse_official,OPEN,2026-05-25,CIT,Citizen Investment Trust,1767.0,1789.9,1765.0,,1775.0,1767.0,8.0,,1651.0,2930985.4,58.0,24.90000000000009,1.409168081494063,0.4527447651386531,50534.23103448276,1775.278861296184
2026-05-25T07:15:31+00:00,2026-05-25T13:00:31+05:45,2026-05-25,13:00:31,1779693331,0,7,13,nepse_official,OPEN,2026-05-25,CITY,City Hotel Limited,374.0,380.0,373.0,,379.7,371.0,8.699999999999989,,37955.0,14339084.6,204.0,7.0,1.8716577540106951,2.345013477088946,70289.63039215686,377.79171650638915
2026-05-25T07:15:31+00:00,2026-05-25T13:00:31+05:45,2026-05-25,13:00:31,1779693331,0,7,13,nepse_official,OPEN,2026-05-25,CKHL,Chirkhwa Hydropower Limited ,658.0,688.0,658.0,,673.0,673.9,-0.8999999999999773,,390.0,263170.0,18.0,30.0,4.5592705167173255,-0.13355097195429252,14620.555555555555,674.7948717948718
2026-05-25T07:15:31+00:00,2026-05-25T13:00:31+05:45,2026-05-25,13:00:31,1779693331,0,7,13,nepse_official,OPEN,2026-05-25,CLI,Citizen Life Insurance Company Limited,452.0,459.0,452.0,,457.0,452.0,5.0,,9500.0,4325781.1,142.0,7.0,1.5486725663716814,1.1061946902654867,30463.24718309859,455.3453789473684
2026-05-25T07:15:31+00:00,2026-05-25T13:00:31+05:45,2026-05-25,13:00:31,1779693331,0,7,13,nepse_official,OPEN,2026-05-25,CMF2,CITIZENS MUTUAL FUND 2,10.0,10.25,10.0,,10.24,10.14,0.09999999999999964,,2520.0,25687.0,5.0,0.25,2.5,0.986193293885598,5137.4,10.193253968253968
2026-05-25T07:15:31+00:00,2026-05-25T13:00:31+05:45,2026-05-25,13:00:31,1779693331,0,7,13,nepse_official,OPEN,2026-05-25,CORBL,Corporate Development Bank Limited,2050.0,2058.0,2000.0,,2032.0,2066.0,-34.0,,9183.0,18505525.9,106.0,58.0,2.829268292682927,-1.6456921587608906,174580.43301886792,2015.1939344440814
2026-05-25T07:15:31+00:00,2026-05-25T13:00:31+05:45,2026-05-25,13:00:31,1779693331,0,7,13,nepse_official,OPEN,2026-05-25,CREST,Crest Micro Life Insurance Limited,1252.1,1260.0,1143.0,,1245.0,1318.0,-73.0,,17963.0,22012646.0,328.0,117.0,9.344301573356761,-5.538694992412747,67111.7256097561,1225.4437454768135
2026-05-25T07:15:31+00:00,2026-05-25T13:00:31+05:45,2026-05-25,13:00:31,1779693331,0,7,13,nepse_official,OPEN,2026-05-25,CSY,Citizens Santulit Yojana,9.17,9.47,9.17,,9.31,9.45,-0.1399999999999988,,3500.0,32643.0,23.0,0.3000000000000007,3.2715376226826685,-1.481481481481469,1419.2608695652175,9.326571428571429
2026-05-25T07:15:31+00:00,2026-05-25T13:00:31+05:45,2026-05-25,13:00:31,1779693331,0,7,13,nepse_official,OPEN,2026-05-25,CYCL,CYC Nepal Laghubitta Bittiya Sanstha Limited,1482.0,1485.0,1463.0,,1465.0,1470.1,-5.099999999999909,,292.0,429445.0,12.0,22.0,1.484480431848853,-0.34691517583837217,35787.083333333336,1470.7020547945206
2026-05-25T07:15:31+00:00,2026-05-25T13:00:31+05:45,2026-05-25,13:00:31,1779693331,0,7,13,nepse_official,OPEN,2026-05-25,CZBIL,Citizens Bank International Limited,197.2,210.0,197.2,,209.0,207.5,1.5,,22673.0,4707446.7,113.0,12.800000000000011,6.490872210953352,0.7228915662650602,41658.8203539823,207.62345962157633
2026-05-25T07:15:31+00:00,2026-05-25T13:00:31+05:45,2026-05-25,13:00:31,1779693331,0,7,13,nepse_official,OPEN,2026-05-25,DDBL,Deprosc Laghubitta Bittiya Sanstha Limited,859.0,870.0,854.0,,855.1,853.0,2.1000000000000227,,3327.0,2851337.0,32.0,16.0,1.8626309662398137,0.2461899179366967,89104.28125,857.0294559663361
2026-05-25T07:15:31+00:00,2026-05-25T13:00:31+05:45,2026-05-25,13:00:31,1779693331,0,7,13,nepse_official,OPEN,2026-05-25,DHEL,Daramkhola Hydro Energy Limited,650.0,684.9,650.0,,671.0,668.1,2.8999999999999773,,29847.0,20094220.2,401.0,34.89999999999998,5.369230769230766,0.43406675647357834,50110.27481296758,673.2408684289878
2026-05-25T07:15:31+00:00,2026-05-25T13:00:31+05:45,2026-05-25,13:00:31,1779693331,0,7,13,nepse_official,OPEN,2026-05-25,DHPL,Dibyashwori Hydropower Ltd.,303.0,311.0,303.0,,308.0,302.0,6.0,,2529.0,769519.0,14.0,8.0,2.6402640264026402,1.9867549668874174,54965.642857142855,304.27797548438116
2026-05-25T07:15:31+00:00,2026-05-25T13:00:31+05:45,2026-05-25,13:00:31,1779693331,0,7,13,nepse_official,OPEN,2026-05-25,DLBS,Dhaulagiri Laghubitta Bittiya Sanstha Limited,1275.0,1278.1,1271.0,,1278.1,1275.0,3.099999999999909,,154.0,196387.0,9.0,7.099999999999909,0.556862745098032,0.24313725490195368,21820.777777777777,1275.2402597402597
2026-05-25T07:15:31+00:00,2026-05-25T13:00:31+05:45,2026-05-25,13:00:31,1779693331,0,7,13,nepse_official,OPEN,2026-05-25,DOLTI,Dolti Power Company Limited,341.0,364.9,341.0,,362.1,358.9,3.2000000000000455,,28501.0,10317795.4,155.0,23.899999999999977,7.008797653958937,0.8916132627472961,66566.42193548387,362.01520648398304
2026-05-25T07:15:31+00:00,2026-05-25T13:00:31+05:45,2026-05-25,13:00:31,1779693331,0,7,13,nepse_official,OPEN,2026-05-25,DORDI,Dordi Khola Jal Bidyut Company Limited,277.1,287.9,277.1,,284.5,277.5,7.0,,36468.0,10298349.8,169.0,10.799999999999955,3.897509924215068,2.5225225225225225,60936.98106508876,282.3941482943951
2026-05-25T07:15:31+00:00,2026-05-25T13:00:31+05:45,2026-05-25,13:00:31,1779693331,0,7,13,nepse_official,OPEN,2026-05-25,EBL,Everest Bank Limited,719.9,719.9,710.3,,713.0,710.0,3.0,,14364.0,10218981.7,127.0,9.600000000000023,1.333518544242259,0.42253521126760557,80464.42283464567,711.430082149819
2026-05-25T07:15:31+00:00,2026-05-25T13:00:31+05:45,2026-05-25,13:00:31,1779693331,0,7,13,nepse_official,OPEN,2026-05-25,EBLD85,10.50% Everest Bank Limited Debenture 2085,1197.0,1197.0,1197.0,,1197.0,1198.0,-1.0,,10.0,11970.0,1.0,0.0,0.0,-0.08347245409015025,11970.0,1197.0
2026-05-25T07:15:31+00:00,2026-05-25T13:00:31+05:45,2026-05-25,13:00:31,1779693331,0,7,13,nepse_official,OPEN,2026-05-25,EBLD91,Everest Bank Limited Debenture 2091,1081.1,1081.1,1081.0,,1081.0,1085.0,-4.0,,100.0,108106.5,3.0,0.09999999999990905,0.009249838127824352,-0.3686635944700461,36035.5,1081.065
2026-05-25T07:15:31+00:00,2026-05-25T13:00:31+05:45,2026-05-25,13:00:31,1779693331,0,7,13,nepse_official,OPEN,2026-05-25,EDBL,Excel Development Bank Ltd.,583.0,595.0,583.0,,586.0,580.0,6.0,,2435.0,1440350.0,10.0,12.0,2.0583190394511153,1.0344827586206897,144035.0,591.5195071868583
2026-05-25T07:15:31+00:00,2026-05-25T13:00:31+05:45,2026-05-25,13:00:31,1779693331,0,7,13,nepse_official,OPEN,2026-05-25,EHPL,Eastern Hydropower Limited,395.0,402.0,395.0,,398.0,394.5,3.5,,14291.0,5699597.7,104.0,7.0,1.7721518987341773,0.8871989860583016,54803.82403846154,398.82427401861315
2026-05-25T07:15:31+00:00,2026-05-25T13:00:31+05:45,2026-05-25,13:00:31,1779693331,0,7,13,nepse_official,OPEN,2026-05-25,ENL,Emerging Nepal Limited,912.3,912.3,887.2,,899.0,898.0,1.0,,124.0,111098.2,11.0,25.09999999999991,2.75128795352405,0.11135857461024498,10099.836363636363,895.9532258064515
2026-05-25T07:15:31+00:00,2026-05-25T13:00:31+05:45,2026-05-25,13:00:31,1779693331,0,7,13,nepse_official,OPEN,2026-05-25,FMDBL,First Micro Finance Laghubitta Bittiya Sanstha Limited,792.0,799.0,792.0,,798.0,787.3,10.700000000000045,,4653.0,3706170.1,53.0,7.0,0.8838383838383838,1.3590753207163784,69927.73773584906,796.5119492800344
2026-05-25T07:15:31+00:00,2026-05-25T13:00:31+05:45,2026-05-25,13:00:31,1779693331,0,7,13,nepse_official,OPEN,2026-05-25,FOWAD,Forward Microfinance Laghubitta Bittiya Sanstha Limited,1068.9,1068.9,1047.0,,1050.0,1044.0,6.0,,1305.0,1372862.4,26.0,21.90000000000009,2.0488352511928234,0.5747126436781609,52802.399999999994,1052.0018390804596
2026-05-25T07:15:31+00:00,2026-05-25T13:00:31+05:45,2026-05-25,13:00:31,1779693331,0,7,13,nepse_official,OPEN,2026-05-25,GBBL,Garima Bikas Bank Limited,421.0,425.0,420.0,,422.5,421.0,1.5,,17490.0,7384450.6,70.0,5.0,1.187648456057007,0.35629453681710216,105492.15142857142,422.20986849628355
2026-05-25T07:15:31+00:00,2026-05-25T13:00:31+05:45,2026-05-25,13:00:31,1779693331,0,7,13,nepse_official,OPEN,2026-05-25,GBILD86/87,Global IME Bank Limited Debenture 2086/87,1086.0,1086.0,1086.0,,1086.0,1080.1,5.900000000000091,,25.0,27150.0,1.0,0.0,0.0,0.5462457179890835,27150.0,1086.0
2026-05-25T07:15:31+00:00,2026-05-25T13:00:31+05:45,2026-05-25,13:00:31,1779693331,0,7,13,nepse_official,OPEN,2026-05-25,GBIME,Global IME Bank Limited,236.0,238.8,235.2,,238.8,236.8,2.0,,30865.0,7335222.0,195.0,3.6000000000000227,1.525423728813569,0.8445945945945945,37616.52307692308,237.65501376964198
2026-05-25T07:15:31+00:00,2026-05-25T13:00:31+05:45,2026-05-25,13:00:31,1779693331,0,7,13,nepse_official,OPEN,2026-05-25,GBIMESY2,Global IME Sammunat Yojana -2,9.31,9.58,9.25,,9.5,9.31,0.1899999999999995,,2350.0,22012.0,9.0,0.33000000000000007,3.5445757250268537,2.040816326530607,2445.777777777778,9.366808510638299
2026-05-25T07:15:31+00:00,2026-05-25T13:00:31+05:45,2026-05-25,13:00:31,1779693331,0,7,13,nepse_official,OPEN,2026-05-25,GBLBS,Grameen Bikas Laghubitta Bittiya Sanstha Ltd.,788.0,788.0,766.0,,780.0,775.9,4.100000000000023,,2930.0,2295021.0,37.0,22.0,2.7918781725888326,0.5284186106457047,62027.59459459459,783.2836177474403
2026-05-25T07:15:31+00:00,2026-05-25T13:00:31+05:45,2026-05-25,13:00:31,1779693331,0,7,13,nepse_official,OPEN,2026-05-25,GCIL,Ghorahi Cement Industry Limited,418.2,426.5,418.0,,424.0,424.0,0.0,,14330.0,6066536.8,130.0,8.5,2.0325203252032518,0.0,46665.66769230769,423.34520586182833
2026-05-25T07:15:31+00:00,2026-05-25T13:00:31+05:45,2026-05-25,13:00:31,1779693331,0,7,13,nepse_official,OPEN,2026-05-25,GFCL,Goodwill Finance Limited,635.0,643.0,635.0,,638.0,635.0,3.0,,259.0,165055.0,8.0,8.0,1.2598425196850394,0.47244094488188976,20631.875,637.2779922779923
2026-05-25T07:15:31+00:00,2026-05-25T13:00:31+05:45,2026-05-25,13:00:31,1779693331,0,7,13,nepse_official,OPEN,2026-05-25,GHL,Ghalemdi Hydro Limited,245.0,247.9,241.3,,247.0,242.0,5.0,,42732.0,10510293.7,138.0,6.599999999999994,2.693877551020406,2.066115702479339,76161.54855072463,245.95838481699894
2026-05-25T07:15:31+00:00,2026-05-25T13:00:31+05:45,2026-05-25,13:00:31,1779693331,0,7,13,nepse_official,OPEN,2026-05-25,GIBF1,Global IME Balanced Fund-1,10.9,11.01,10.9,,11.0,11.0,0.0,,1900.0,20877.0,16.0,0.10999999999999943,1.0091743119266001,0.0,1304.8125,10.987894736842104
2026-05-25T07:15:31+00:00,2026-05-25T13:00:31+05:45,2026-05-25,13:00:31,1779693331,0,7,13,nepse_official,OPEN,2026-05-25,GILB,Global IME Laghubitta Bittiya Sanstha Ltd.,1125.0,1157.0,1125.0,,1131.0,1130.0,1.0,,704.0,805924.5,16.0,32.0,2.8444444444444446,0.08849557522123894,50370.28125,1144.7791193181818
2026-05-25T07:15:31+00:00,2026-05-25T13:00:31+05:45,2026-05-25,13:00:31,1779693331,0,7,13,nepse_official,OPEN,2026-05-25,GLBSL,Gurans Laghubitta Bittiya Sanstha Limited,1830.0,1850.0,1805.0,,1805.0,1809.0,-4.0,,219.0,400403.8,11.0,45.0,2.459016393442623,-0.22111663902708678,36400.34545454545,1828.3278538812785
2026-05-25T07:15:31+00:00,2026-05-25T13:00:31+05:45,2026-05-25,13:00:31,1779693331,0,7,13,nepse_official,OPEN,2026-05-25,GLH,GreenLife Hydropower Limited,274.0,279.0,274.0,,277.5,274.0,3.5,,35734.0,9912034.7,125.0,5.0,1.824817518248175,1.2773722627737227,79296.2776,277.38385571164713
2026-05-25T07:15:31+00:00,2026-05-25T13:00:31+05:45,2026-05-25,13:00:31,1779693331,0,7,13,nepse_official,OPEN,2026-05-25,GMFBS,Ganapati Laghubitta Bittiya Sanstha Limited,1261.0,1315.0,1261.0,,1300.0,1286.0,14.0,,687.0,892263.2,18.0,54.0,4.282315622521808,1.088646967340591,49570.177777777775,1298.7819505094615
2026-05-25T07:15:31+00:00,2026-05-25T13:00:31+05:45,2026-05-25,13:00:31,1779693331,0,7,13,nepse_official,OPEN,2026-05-25,GMFIL,Guheshowori Merchant Bank & Finance Co. Ltd.,479.9,479.9,466.4,,475.0,469.9,5.100000000000023,,95.0,45005.0,8.0,13.5,2.8130860595957494,1.0853373058097515,5625.625,473.7368421052632
2026-05-25T07:15:31+00:00,2026-05-25T13:00:31+05:45,2026-05-25,13:00:31,1779693331,0,7,13,nepse_official,OPEN,2026-05-25,GMLI,Guardian Micro Life Insurance Limited ,1270.0,1295.0,1261.0,,1295.0,1269.9,25.09999999999991,,1206.0,1545672.6,38.0,34.0,2.677165354330709,1.9765335853216714,40675.59473684211,1281.6522388059702
2026-05-25T07:15:31+00:00,2026-05-25T13:00:31+05:45,2026-05-25,13:00:31,1779693331,0,7,13,nepse_official,OPEN,2026-05-25,GRDBL,Green Development Bank Ltd.,1061.1,1129.9,1061.1,,1100.0,1110.0,-10.0,,7347.0,8082907.1,48.0,68.80000000000018,6.4838375270945425,-0.9009009009009009,168393.89791666667,1100.1642983530692
2026-05-25T07:15:31+00:00,2026-05-25T13:00:31+05:45,2026-05-25,13:00:31,1779693331,0,7,13,nepse_official,OPEN,2026-05-25,GSY,Garima Samriddhi Yojana,9.99,10.1,9.91,,10.0,10.0,0.0,,5950.0,59624.0,26.0,0.1899999999999995,1.9019019019018968,0.0,2293.230769230769,10.020840336134453
2026-05-25T07:15:31+00:00,2026-05-25T13:00:31+05:45,2026-05-25,13:00:31,1779693331,0,7,13,nepse_official,OPEN,2026-05-25,GUFL,Gurkhas Finance Ltd.,520.0,544.8,520.0,,542.6,535.0,7.600000000000023,,5679.0,3057798.4,38.0,24.799999999999955,4.76923076923076,1.4205607476635556,80468.37894736842,538.4395844338792
2026-05-25T07:15:31+00:00,2026-05-25T13:00:31+05:45,2026-05-25,13:00:31,1779693331,0,7,13,nepse_official,OPEN,2026-05-25,GVL,Green Ventures Limited,492.0,500.0,492.0,,496.0,491.9,4.100000000000023,,8426.0,4187993.0,65.0,8.0,1.6260162601626018,0.8335027444602608,64430.661538461536,497.0321623546167
2026-05-25T07:15:31+00:00,2026-05-25T13:00:31+05:45,2026-05-25,13:00:31,1779693331,0,7,13,nepse_official,OPEN,2026-05-25,H8020,Himalayan 80-20,12.33,12.33,11.81,,11.81,11.98,-0.16999999999999993,,600.0,7193.0,5.0,0.5199999999999996,4.217356042173557,-1.4190317195325537,1438.6,11.988333333333333
2026-05-25T07:15:31+00:00,2026-05-25T13:00:31+05:45,2026-05-25,13:00:31,1779693331,0,7,13,nepse_official,OPEN,2026-05-25,HATHY,Hathway Investment Nepal Limited,810.9,810.9,803.0,,805.0,799.0,6.0,,820.0,660774.5,33.0,7.899999999999977,0.9742261684548006,0.7509386733416771,20023.469696969696,805.8225609756098
2026-05-25T07:15:31+00:00,2026-05-25T13:00:31+05:45,2026-05-25,13:00:31,1779693331,0,7,13,nepse_official,OPEN,2026-05-25,HBL,Himalayan Bank Limited,202.0,206.0,200.8,,205.0,203.0,2.0,,32115.0,6565959.5,542.0,5.199999999999989,2.5742574257425686,0.9852216748768473,12114.316420664207,204.45148684415383
2026-05-25T07:15:31+00:00,2026-05-25T13:00:31+05:45,2026-05-25,13:00:31,1779693331,0,7,13,nepse_official,OPEN,2026-05-25,HBLD83,10% Himalayan Bank Debenture 2083,1036.0,1065.0,1036.0,,1065.0,1036.0,29.0,,45.0,47200.0,2.0,29.0,2.799227799227799,2.799227799227799,23600.0,1048.888888888889
2026-05-25T07:15:31+00:00,2026-05-25T13:00:31+05:45,2026-05-25,13:00:31,1779693331,0,7,13,nepse_official,OPEN,2026-05-25,HDHPC,Himal Dolakha Hydropower Company Limited,230.7,236.0,230.7,,234.5,230.7,3.8000000000000114,,121872.0,28533834.4,357.0,5.300000000000011,2.2973558734287005,1.6471608149111452,79926.70700280112,234.1295326243928
2026-05-25T07:15:31+00:00,2026-05-25T13:00:31+05:45,2026-05-25,13:00:31,1779693331,0,7,13,nepse_official,OPEN,2026-05-25,HDL,Himalayan Distillery Limited,1180.0,1180.0,1169.1,,1172.1,1167.9,4.199999999999818,,9217.0,10801087.0,179.0,10.900000000000091,0.9237288135593297,0.35961983046492146,60341.26815642458,1171.8657914722794
2026-05-25T07:15:31+00:00,2026-05-25T13:00:31+05:45,2026-05-25,13:00:31,1779693331,0,7,13,nepse_official,OPEN,2026-05-25,HEI,Himalayan Everest Insurance Limited,535.0,583.0,535.0,,538.5,535.9,2.6000000000000227,,5462.0,2953861.5,28.0,48.0,8.97196261682243,0.48516514275051736,105495.05357142857,540.8021786891248
2026-05-25T07:15:31+00:00,2026-05-25T13:00:31+05:45,2026-05-25,13:00:31,1779693331,0,7,13,nepse_official,OPEN,2026-05-25,HEIP,Himalayan Everest Insurance Limited Promoter,328.9,328.9,328.9,,328.9,320.0,8.899999999999977,,548.0,180237.2,1.0,0.0,0.0,2.781249999999993,180237.2,328.90000000000003
2026-05-25T07:15:31+00:00,2026-05-25T13:00:31+05:45,2026-05-25,13:00:31,1779693331,0,7,13,nepse_official,OPEN,2026-05-25,HFIN,Hotel Forest Inn Limited,985.0,1025.0,985.0,,1020.0,1000.0,20.0,,34873.0,35291235.4,1205.0,40.0,4.060913705583756,2.0,29287.332282157677,1011.9931006796088
2026-05-25T07:15:31+00:00,2026-05-25T13:00:31+05:45,2026-05-25,13:00:31,1779693331,0,7,13,nepse_official,OPEN,2026-05-25,HHL,Himalayan Hydropower Limited,396.9,396.9,378.0,,384.9,378.0,6.899999999999977,,21996.0,8420788.1,102.0,18.899999999999977,4.7619047619047565,1.8253968253968194,82556.74607843137,382.83270140025456
2026-05-25T07:15:31+00:00,2026-05-25T13:00:31+05:45,2026-05-25,13:00:31,1779693331,0,7,13,nepse_official,OPEN,2026-05-25,HIDCL,Hydorelectricity Investment and Development Company Ltd,270.0,276.8,270.0,,275.9,271.5,4.399999999999977,,43877.0,12049541.1,207.0,6.800000000000011,2.5185185185185226,1.6206261510128832,58210.34347826087,274.62089705312576
2026-05-25T07:15:31+00:00,2026-05-25T13:00:31+05:45,2026-05-25,13:00:31,1779693331,0,7,13,nepse_official,OPEN,2026-05-25,HIDCLP,Hydorelectricity Investment and Development Company Limited Promoter,209.2,210.5,207.4,,210.5,207.3,3.1999999999999886,,112241.0,23468009.6,228.0,3.0999999999999943,1.4818355640535348,1.543656536420641,102929.86666666667,209.08589196461187
2026-05-25T07:15:31+00:00,2026-05-25T13:00:31+05:45,2026-05-25,13:00:31,1779693331,0,7,13,nepse_official,OPEN,2026-05-25,HIMSTAR,Him Star Urja Company Limited,900.0,929.5,900.0,,920.0,918.0,2.0,,4680.0,4299784.1,79.0,29.5,3.277777777777778,0.2178649237472767,54427.64683544303,918.7572863247863
2026-05-25T07:15:31+00:00,2026-05-25T13:00:31+05:45,2026-05-25,13:00:31,1779693331,0,7,13,nepse_official,OPEN,2026-05-25,HLBSL,Himalayan Laghubitta Bittiya Sanstha Limited,910.0,920.0,893.0,,914.9,898.0,16.899999999999977,,432.0,386441.8,9.0,27.0,2.9670329670329667,1.8819599109131377,42937.97777777778,894.5412037037037
2026-05-25T07:15:31+00:00,2026-05-25T13:00:31+05:45,2026-05-25,13:00:31,1779693331,0,7,13,nepse_official,OPEN,2026-05-25,HLI,Himalayan Life Insurance Limited,344.0,344.0,340.0,,343.0,339.8,3.1999999999999886,,20819.0,7134622.4,162.0,4.0,1.1627906976744187,0.9417304296645052,44040.87901234568,342.6976511840146
2026-05-25T07:15:31+00:00,2026-05-25T13:00:31+05:45,2026-05-25,13:00:31,1779693331,0,7,13,nepse_official,OPEN,2026-05-25,HLICF,HLI Large Cap Fund,9.1,9.12,8.9,,9.01,8.87,0.14000000000000057,,1760.0,15777.6,11.0,0.21999999999999886,2.417582417582405,1.578354002254798,1434.3272727272727,8.964545454545455
2026-05-25T07:15:31+00:00,2026-05-25T13:00:31+05:45,2026-05-25,13:00:31,1779693331,0,7,13,nepse_official,OPEN,2026-05-25,HPPL,Himalayan Power Partner Ltd.,381.3,388.0,381.0,,387.0,381.0,6.0,,5270.0,2032083.0,55.0,7.0,1.8358248098610017,1.574803149606299,36946.96363636364,385.5944971537002
2026-05-25T07:15:31+00:00,2026-05-25T13:00:31+05:45,2026-05-25,13:00:31,1779693331,0,7,13,nepse_official,OPEN,2026-05-25,HRL,Himalayan Reinsurance Limited,641.0,652.5,640.5,,651.0,641.4,9.600000000000023,,41964.0,27216648.2,499.0,12.0,1.87207488299532,1.4967259120673564,54542.38116232465,648.5713516347345
2026-05-25T07:15:31+00:00,2026-05-25T13:00:31+05:45,2026-05-25,13:00:31,1779693331,0,7,13,nepse_official,OPEN,2026-05-25,HURJA,Himalaya Urja Bikas Company Limited,262.0,268.0,262.0,,266.9,263.0,3.8999999999999773,,46441.0,12339483.5,150.0,6.0,2.2900763358778624,1.4828897338402955,82263.22333333333,265.7023642901746
2026-05-25T07:15:31+00:00,2026-05-25T13:00:31+05:45,2026-05-25,13:00:31,1779693331,0,7,13,nepse_official,OPEN,2026-05-25,ICFC,ICFC Finance Limited,631.0,634.0,629.0,,634.0,631.0,3.0,,3972.0,2512848.6,33.0,5.0,0.7923930269413629,0.4754358161648178,76146.92727272728,632.6406344410876
2026-05-25T07:15:31+00:00,2026-05-25T13:00:31+05:45,2026-05-25,13:00:31,1779693331,0,7,13,nepse_official,OPEN,2026-05-25,ICFCD89,8% ICFC Finance Limited Debenture 2089,1081.0,1085.0,1081.0,,1085.0,1099.0,-14.0,,50.0,54150.0,2.0,4.0,0.37002775208140615,-1.2738853503184715,27075.0,1083.0
2026-05-25T07:15:31+00:00,2026-05-25T13:00:31+05:45,2026-05-25,13:00:31,1779693331,0,7,13,nepse_official,OPEN,2026-05-25,IGI,IGI Prudential insurance Limited,439.9,439.9,431.8,,435.2,430.0,5.199999999999989,,5552.0,2415228.7,25.0,8.099999999999966,1.8413275744487307,1.2093023255813926,96609.148,435.0195785302594
2026-05-25T07:15:31+00:00,2026-05-25T13:00:31+05:45,2026-05-25,13:00:31,1779693331,0,7,13,nepse_official,OPEN,2026-05-25,IHL,Ingwa Hydropower Limited,442.0,451.1,425.0,,439.9,442.0,-2.1000000000000227,,85315.0,37104397.4,419.0,26.100000000000023,5.9049773755656165,-0.47511312217195084,88554.64773269689,434.91059485436324
2026-05-25T07:15:31+00:00,2026-05-25T13:00:31+05:45,2026-05-25,13:00:31,1779693331,0,7,13,nepse_official,OPEN,2026-05-25,ILBS,Infinity Laghubitta Bittiya Sanstha Limited,935.0,947.2,920.1,,940.0,939.9,0.10000000000002274,,2368.0,2191380.6,28.0,27.100000000000023,2.898395721925136,0.010639429726569075,78263.59285714287,925.4141047297297
2026-05-25T07:15:31+00:00,2026-05-25T13:00:31+05:45,2026-05-25,13:00:31,1779693331,0,7,13,nepse_official,OPEN,2026-05-25,ILI,IME Life Insurance Company Limited,437.0,444.0,437.0,,442.0,439.9,2.1000000000000227,,2044.0,899784.7,119.0,7.0,1.6018306636155606,0.4773812230052336,7561.215966386554,440.20777886497063
2026-05-25T07:15:31+00:00,2026-05-25T13:00:31+05:45,2026-05-25,13:00:31,1779693331,0,7,13,nepse_official,OPEN,2026-05-25,JBBL,Jyoti Bikas Bank Limited,343.5,366.8,343.5,,365.0,361.5,3.5,,15947.0,5803224.4,89.0,23.30000000000001,6.783114992721984,0.9681881051175657,65204.76853932584,363.9069668276165
2026-05-25T07:15:31+00:00,2026-05-25T13:00:31+05:45,2026-05-25,13:00:31,1779693331,0,7,13,nepse_official,OPEN,2026-05-25,JBLB,Jeevan Bikas Laghubitta  Bittya Sanstha Ltd,1305.0,1325.0,1305.0,,1313.0,1302.0,11.0,,1550.0,2044883.8,64.0,20.0,1.532567049808429,0.8448540706605223,31951.309375,1319.279870967742
2026-05-25T07:15:31+00:00,2026-05-25T13:00:31+05:45,2026-05-25,13:00:31,1779693331,0,7,13,nepse_official,OPEN,2026-05-25,JFL,Janaki Finance Company Limited,409.0,414.9,409.0,,411.0,408.0,3.0,,1494.0,613960.1,17.0,5.899999999999977,1.4425427872860581,0.7352941176470588,36115.299999999996,410.95053547523423
2026-05-25T07:15:31+00:00,2026-05-25T13:00:31+05:45,2026-05-25,13:00:31,1779693331,0,7,13,nepse_official,OPEN,2026-05-25,JHAPA,Jhapa Energy Limited,1480.0,1519.0,1438.0,,1493.0,1499.0,-6.0,,8259.0,12218653.9,159.0,81.0,5.472972972972974,-0.40026684456304207,76846.87987421385,1479.435028453808
2026-05-25T07:15:31+00:00,2026-05-25T13:00:31+05:45,2026-05-25,13:00:31,1779693331,0,7,13,nepse_official,OPEN,2026-05-25,JOSHI,Joshi Hydropower Development Company Ltd,282.1,290.0,282.1,,290.0,284.5,5.5,,7710.0,2218249.1,57.0,7.899999999999977,2.800425381070534,1.9332161687170473,38916.65087719299,287.7106485084306
2026-05-25T07:15:31+00:00,2026-05-25T13:00:31+05:45,2026-05-25,13:00:31,1779693331,0,7,13,nepse_official,OPEN,2026-05-25,JSLBB,Janautthan Samudayic Laghubitta Bittya Sanstha Limited,1078.5,1078.5,1078.1,,1078.1,1089.1,-11.0,,33.0,35582.5,2.0,0.40000000000009095,0.03708854891053231,-1.010008263703976,17791.25,1078.2575757575758
2026-05-25T07:15:31+00:00,2026-05-25T13:00:31+05:45,2026-05-25,13:00:31,1779693331,0,7,13,nepse_official,OPEN,2026-05-25,KBL,Kumari Bank Limited,220.0,224.0,219.0,,223.0,218.7,4.300000000000011,,172390.0,38163622.7,453.0,5.0,2.272727272727273,1.9661636945587615,84246.40772626932,221.37956203956148
2026-05-25T07:15:31+00:00,2026-05-25T13:00:31+05:45,2026-05-25,13:00:31,1779693331,0,7,13,nepse_official,OPEN,2026-05-25,KDBY,Kumari Dhanabriddhi Yojana,11.41,11.59,11.41,,11.5,11.45,0.05000000000000071,,173700.0,2010035.0,27.0,0.17999999999999972,1.5775635407537223,0.4366812227074298,74445.74074074074,11.571876799078872
2026-05-25T07:15:31+00:00,2026-05-25T13:00:31+05:45,2026-05-25,13:00:31,1779693331,0,7,13,nepse_official,OPEN,2026-05-25,KDL,Kalinchowk Darshan Limited,850.0,850.0,812.0,,835.5,826.8,8.700000000000045,,1396.0,1154582.2,35.0,38.0,4.470588235294118,1.052249637155303,32988.06285714285,827.0646131805157
2026-05-25T07:15:31+00:00,2026-05-25T13:00:31+05:45,2026-05-25,13:00:31,1779693331,0,7,13,nepse_official,OPEN,2026-05-25,KEF,Kumari Equity Fund,10.75,10.81,10.72,,10.8,10.75,0.05000000000000071,,10200.0,110005.0,13.0,0.08999999999999986,0.8372093023255801,0.46511627906977404,8461.923076923076,10.784803921568628
2026-05-25T07:15:31+00:00,2026-05-25T13:00:31+05:45,2026-05-25,13:00:31,1779693331,0,7,13,nepse_official,OPEN,2026-05-25,KKHC,Khanikhola Hydropower Co. Ltd.,273.5,273.5,266.0,,269.1,266.1,3.0,,29000.0,7814304.1,117.0,7.5,2.742230347349177,1.1273957158962795,66788.92393162393,269.4587620689655
2026-05-25T07:15:31+00:00,2026-05-25T13:00:31+05:45,2026-05-25,13:00:31,1779693331,0,7,13,nepse_official,OPEN,2026-05-25,KMCDB,Kalika Laghubitta Bittiya Sanstha Ltd,860.0,865.0,855.0,,865.0,860.0,5.0,,373.0,321226.0,12.0,10.0,1.1627906976744187,0.5813953488372093,26768.833333333332,861.1957104557641
2026-05-25T07:15:31+00:00,2026-05-25T13:00:31+05:45,2026-05-25,13:00:31,1779693331,0,7,13,nepse_official,OPEN,2026-05-25,KPCL,Kalika power Company Ltd,490.0,500.0,490.0,,498.6,493.5,5.100000000000023,,3609.0,1797698.8,34.0,10.0,2.0408163265306123,1.0334346504559317,52873.49411764706,498.11548905513996
2026-05-25T07:15:31+00:00,2026-05-25T13:00:31+05:45,2026-05-25,13:00:31,1779693331,0,7,13,nepse_official,OPEN,2026-05-25,KSBBL,Kamana Sewa Bikas Bank Limited,484.0,490.0,484.0,,489.9,482.1,7.7999999999999545,,8237.0,4028616.8,45.0,6.0,1.2396694214876034,1.617921593030482,89524.81777777777,489.0878717979847
2026-05-25T07:15:31+00:00,2026-05-25T13:00:31+05:45,2026-05-25,13:00:31,1779693331,0,7,13,nepse_official,OPEN,2026-05-25,KSBBLD87,9% Kamana Sewa Bikas Bank Limited Debenture 2087,1132.0,1132.0,1132.0,,1132.0,1131.0,1.0,,25.0,28300.0,1.0,0.0,0.0,0.08841732979664013,28300.0,1132.0
2026-05-25T07:15:31+00:00,2026-05-25T13:00:31+05:45,2026-05-25,13:00:31,1779693331,0,7,13,nepse_official,OPEN,2026-05-25,KSBBLP,Kamana Sewa Bikas Bank Limited Promoter Share,269.0,269.0,269.0,,269.0,269.0,0.0,,14079.0,3787251.0,1.0,0.0,0.0,0.0,3787251.0,269.0
2026-05-25T07:15:31+00:00,2026-05-25T13:00:31+05:45,2026-05-25,13:00:31,1779693331,0,7,13,nepse_official,OPEN,2026-05-25,KSY,Kumari Sabal Yojana,9.8,9.8,9.61,,9.7,9.8,-0.10000000000000142,,1100.0,10653.0,6.0,0.19000000000000128,1.9387755102040944,-1.0204081632653206,1775.5,9.684545454545454
2026-05-25T07:15:31+00:00,2026-05-25T13:00:31+05:45,2026-05-25,13:00:31,1779693331,0,7,13,nepse_official,OPEN,2026-05-25,LBBL,Lumbini Bikas Bank Ltd.,498.1,498.1,491.0,,496.4,491.0,5.399999999999977,,19321.0,9561561.3,77.0,7.100000000000023,1.4254165830154633,1.0997963340122154,124176.12077922079,494.87921432638063
2026-05-25T07:15:31+00:00,2026-05-25T13:00:31+05:45,2026-05-25,13:00:31,1779693331,0,7,13,nepse_official,OPEN,2026-05-25,LEC,Liberty Energy Company Limited,222.0,237.9,222.0,,236.6,233.0,3.5999999999999943,,67372.0,15895019.7,243.0,15.900000000000006,7.162162162162165,1.545064377682401,65411.6037037037,235.92916493498782
2026-05-25T07:15:31+00:00,2026-05-25T13:00:31+05:45,2026-05-25,13:00:31,1779693331,0,7,13,nepse_official,OPEN,2026-05-25,LICN,Life Insurance Corporation (Nepal) Limited,829.0,829.0,813.0,,820.0,813.0,7.0,,704.0,577338.5,14.0,16.0,1.9300361881785282,0.8610086100861009,41238.46428571428,820.0830965909091
2026-05-25T07:15:31+00:00,2026-05-25T13:00:31+05:45,2026-05-25,13:00:31,1779693331,0,7,13,nepse_official,OPEN,2026-05-25,LLBS,Laxmi Laghubitta Bittiya Sanstha Ltd.,958.0,965.0,958.0,,965.0,958.0,7.0,,810.0,776050.0,3.0,7.0,0.7306889352818371,0.7306889352818371,258683.33333333334,958.0864197530864
2026-05-25T07:15:31+00:00,2026-05-25T13:00:31+05:45,2026-05-25,13:00:31,1779693331,0,7,13,nepse_official,OPEN,2026-05-25,LSL,Laxmi Sunrise Bank Limited,215.0,244.0,215.0,,225.9,225.9,0.0,,48807.0,11086389.9,161.0,29.0,13.488372093023257,0.0,68859.5645962733,227.1475382629541
2026-05-25T07:15:31+00:00,2026-05-25T13:00:31+05:45,2026-05-25,13:00:31,1779693331,0,7,13,nepse_official,OPEN,2026-05-25,LUK,Laxmi Unnati Kosh,9.95,10.2,9.95,,9.95,9.95,0.0,,5500.0,54755.0,6.0,0.25,2.512562814070352,0.0,9125.833333333334,9.955454545454545
2026-05-25T07:15:31+00:00,2026-05-25T13:00:31+05:45,2026-05-25,13:00:31,1779693331,0,7,13,nepse_official,OPEN,2026-05-25,LVF2,Laxmi Value Fund 2,9.8,10.0,9.8,,9.85,10.0,-0.15000000000000036,,1100.0,10948.0,10.0,0.1999999999999993,2.0408163265306047,-1.5000000000000036,1094.8,9.952727272727273
2026-05-25T07:15:31+00:00,2026-05-25T13:00:31+05:45,2026-05-25,13:00:31,1779693331,0,7,13,nepse_official,OPEN,2026-05-25,MABEL,Mabilung Energy Limited,760.0,782.0,760.0,,775.0,760.0,15.0,,16314.0,12589371.1,273.0,22.0,2.8947368421052633,1.9736842105263157,46114.912454212455,771.6912529116096
2026-05-25T07:15:31+00:00,2026-05-25T13:00:31+05:45,2026-05-25,13:00:31,1779693331,0,7,13,nepse_official,OPEN,2026-05-25,MAKAR,Makar Jitumaya Suri Hydropower Limited,535.1,535.1,504.0,,510.0,509.7,0.30000000000001137,,5977.0,3035818.9,51.0,31.100000000000023,5.8119977574285215,0.058858151854034015,59525.86078431372,507.9168311862138
2026-05-25T07:15:31+00:00,2026-05-25T13:00:31+05:45,2026-05-25,13:00:31,1779693331,0,7,13,nepse_official,OPEN,2026-05-25,MANDU,Mandu Hydropower Limited,815.0,828.0,815.0,,820.1,818.9,1.2000000000000455,,258.0,212381.8,9.0,13.0,1.5950920245398774,0.14653803883258584,23597.977777777778,823.1852713178295
2026-05-25T07:15:31+00:00,2026-05-25T13:00:31+05:45,2026-05-25,13:00:31,1779693331,0,7,13,nepse_official,OPEN,2026-05-25,MATRI,Matribhumi Lagubitta Bittiya Sanstha Limited,881.0,913.0,880.0,,885.2,895.0,-9.799999999999955,,320.0,283198.2,17.0,33.0,3.745743473325766,-1.0949720670391012,16658.717647058824,884.994375
2026-05-25T07:15:31+00:00,2026-05-25T13:00:31+05:45,2026-05-25,13:00:31,1779693331,0,7,13,nepse_official,OPEN,2026-05-25,MBJC,Madhya Bhotekoshi Jalavidyut Company Limited,286.0,289.8,281.3,,289.0,286.0,3.0,,13842.0,3982258.7,183.0,8.5,2.972027972027972,1.048951048951049,21760.976502732243,287.6938809420604
2026-05-25T07:15:31+00:00,2026-05-25T13:00:31+05:45,2026-05-25,13:00:31,1779693331,0,7,13,nepse_official,OPEN,2026-05-25,MBL,Machhapuchhre Bank Limited,253.7,256.8,253.7,,256.0,252.9,3.0999999999999943,,67434.0,17216932.4,115.0,3.1000000000000227,1.2219156484036353,1.22578094108343,149712.4556521739,255.31530681851882
2026-05-25T07:15:31+00:00,2026-05-25T13:00:31+05:45,2026-05-25,13:00:31,1779693331,0,7,13,nepse_official,OPEN,2026-05-25,MBLEF,MBL Equity Fund,9.93,10.21,9.93,,10.21,10.05,0.16000000000000014,,900.0,8999.0,9.0,0.28000000000000114,2.8197381671702026,1.592039800995026,999.8888888888889,9.998888888888889
2026-05-25T07:15:31+00:00,2026-05-25T13:00:31+05:45,2026-05-25,13:00:31,1779693331,0,7,13,nepse_official,OPEN,2026-05-25,MCHL,Menchhiyam Hydropower Limited,323.0,329.8,313.4,,323.0,322.9,0.10000000000002274,,14372.0,4651573.0,84.0,16.400000000000034,5.077399380804964,0.030969340353057526,55375.869047619046,323.6552323963262
2026-05-25T07:15:31+00:00,2026-05-25T13:00:31+05:45,2026-05-25,13:00:31,1779693331,0,7,13,nepse_official,OPEN,2026-05-25,MDB,Miteri Development Bank Limited,615.0,618.0,615.0,,615.1,614.6,0.5,,4198.0,2586418.6,21.0,3.0,0.4878048780487805,0.08135372600065083,123162.79047619048,616.1073368270605
2026-05-25T07:15:31+00:00,2026-05-25T13:00:31+05:45,2026-05-25,13:00:31,1779693331,0,7,13,nepse_official,OPEN,2026-05-25,MEHL,Manakamana Engineering Hydropower Limited,379.0,390.0,379.0,,383.1,380.0,3.1000000000000227,,310.0,118457.0,22.0,11.0,2.9023746701846966,0.8157894736842164,5384.409090909091,382.1193548387097
2026-05-25T07:15:31+00:00,2026-05-25T13:00:31+05:45,2026-05-25,13:00:31,1779693331,0,7,13,nepse_official,OPEN,2026-05-25,MEL,Modi Energy Limited,238.0,244.0,235.1,,243.8,238.1,5.700000000000017,,12511.0,3021021.5,122.0,8.900000000000006,3.7394957983193304,2.393952120957588,24762.47131147541,241.46922708016945
2026-05-25T07:15:31+00:00,2026-05-25T13:00:31+05:45,2026-05-25,13:00:31,1779693331,0,7,13,nepse_official,OPEN,2026-05-25,MEN,Mountain Energy Nepal Limited,610.0,615.0,606.5,,608.5,604.0,4.5,,28443.0,17289482.0,140.0,8.5,1.3934426229508197,0.7450331125827815,123496.3,607.864219667405
2026-05-25T07:15:31+00:00,2026-05-25T13:00:31+05:45,2026-05-25,13:00:31,1779693331,0,7,13,nepse_official,OPEN,2026-05-25,MERO,Mero Microfinance Bittiya Sanstha Ltd.,732.9,733.0,720.0,,729.0,718.0,11.0,,2050.0,1489035.1,18.0,13.0,1.7737754127438943,1.532033426183844,82724.17222222223,726.3585853658537
2026-05-25T07:15:31+00:00,2026-05-25T13:00:31+05:45,2026-05-25,13:00:31,1779693331,0,7,13,nepse_official,OPEN,2026-05-25,MFIL,Manjushree Finance Ltd.,785.0,804.8,785.0,,800.0,802.0,-2.0,,8303.0,6639766.8,53.0,19.799999999999955,2.5222929936305674,-0.24937655860349126,125278.61886792452,799.6828616162833
2026-05-25T07:15:31+00:00,2026-05-25T13:00:31+05:45,2026-05-25,13:00:31,1779693331,0,7,13,nepse_official,OPEN,2026-05-25,MHCL,Molung Hydropower Company Limited,370.0,372.0,365.0,,365.0,368.9,-3.8999999999999773,,2849.0,1051453.0,55.0,7.0,1.891891891891892,-1.0571970723773318,19117.327272727274,369.06037206037206
2026-05-25T07:15:31+00:00,2026-05-25T13:00:31+05:45,2026-05-25,13:00:31,1779693331,0,7,13,nepse_official,OPEN,2026-05-25,MHL,Mandakini Hydropower Limited,500.0,505.0,498.5,,502.3,500.0,2.3000000000000114,,5915.0,2976551.6,35.0,6.5,1.3,0.46000000000000224,85044.33142857143,503.2208960270499
2026-05-25T07:15:31+00:00,2026-05-25T13:00:31+05:45,2026-05-25,13:00:31,1779693331,0,7,13,nepse_official,OPEN,2026-05-25,MHNL,Mountain Hydro Nepal Limited,268.0,276.0,268.0,,275.0,270.0,5.0,,2342.0,643582.0,23.0,8.0,2.9850746268656714,1.8518518518518516,27981.82608695652,274.800170794193
2026-05-25T07:15:31+00:00,2026-05-25T13:00:31+05:45,2026-05-25,13:00:31,1779693331,0,7,13,nepse_official,OPEN,2026-05-25,MKCL,Muktinath Krishi Company Limited,1290.0,1310.0,1281.0,,1290.3,1288.0,2.2999999999999545,,210.0,272913.0,17.0,29.0,2.248062015503876,0.17857142857142502,16053.70588235294,1299.5857142857142
2026-05-25T07:15:31+00:00,2026-05-25T13:00:31+05:45,2026-05-25,13:00:31,1779693331,0,7,13,nepse_official,OPEN,2026-05-25,MKHC,Maya Khola Hydropower Company Limited,320.0,342.9,320.0,,337.0,320.0,17.0,,44936.0,15086403.1,301.0,22.899999999999977,7.156249999999993,5.3125,50120.940531561464,335.7308861491899
2026-05-25T07:15:31+00:00,2026-05-25T13:00:31+05:45,2026-05-25,13:00:31,1779693331,0,7,13,nepse_official,OPEN,2026-05-25,MKHL,Mai Khola Hydropower Limited,523.1,574.8,523.1,,555.0,545.0,10.0,,5353.0,3012041.5,73.0,51.69999999999993,9.883387497610387,1.834862385321101,41260.84246575343,562.6828881001308
2026-05-25T07:15:31+00:00,2026-05-25T13:00:31+05:45,2026-05-25,13:00:31,1779693331,0,7,13,nepse_official,OPEN,2026-05-25,MKJC,Mailung Khola Jal Vidhyut Company Limited,500.0,501.6,493.2,,494.2,490.0,4.199999999999989,,2135.0,1064730.5,21.0,8.400000000000034,1.6800000000000068,0.8571428571428548,50701.45238095238,498.70281030444966
2026-05-25T07:15:31+00:00,2026-05-25T13:00:31+05:45,2026-05-25,13:00:31,1779693331,0,7,13,nepse_official,OPEN,2026-05-25,MLBBL,Mithila LaghuBitta Bittiya Sanstha Limited,1220.0,1220.0,1183.0,,1190.0,1198.0,-8.0,,1764.0,2098873.0,17.0,37.0,3.0327868852459017,-0.667779632721202,123463.11764705883,1189.8373015873017
2026-05-25T07:15:31+00:00,2026-05-25T13:00:31+05:45,2026-05-25,13:00:31,1779693331,0,7,13,nepse_official,OPEN,2026-05-25,MLBL,Mahalaxmi Bikas Bank Ltd.,369.9,369.9,367.3,,369.0,365.9,3.1000000000000227,,5956.0,2194271.4,32.0,2.599999999999966,0.7028926736955843,0.8472260180377216,68570.98125,368.4135997313633
2026-05-25T07:15:31+00:00,2026-05-25T13:00:31+05:45,2026-05-25,13:00:31,1779693331,0,7,13,nepse_official,OPEN,2026-05-25,MLBS,Manushi Laghubitta Bittiya Sanstha Limited,1250.0,1300.0,1250.0,,1300.0,1279.0,21.0,,110.0,142299.0,6.0,50.0,4.0,1.6419077404222049,23716.5,1293.6272727272728
2026-05-25T07:15:31+00:00,2026-05-25T13:00:31+05:45,2026-05-25,13:00:31,1779693331,0,7,13,nepse_official,OPEN,2026-05-25,MLBSL,Mahila Lagubitta Bittiya Sanstha Limited ,1800.0,1800.0,1790.0,,1790.1,1800.0,-9.900000000000091,,68.0,121414.1,3.0,10.0,0.5555555555555556,-0.550000000000005,40471.36666666667,1785.5014705882354
2026-05-25T07:15:31+00:00,2026-05-25T13:00:31+05:45,2026-05-25,13:00:31,1779693331,0,7,13,nepse_official,OPEN,2026-05-25,MMF1,Mega Mutual Fund -1,9.7,9.7,9.39,,9.66,9.59,0.07000000000000028,,1405.0,13403.25,9.0,0.3099999999999987,3.195876288659781,0.7299270072992731,1489.25,9.53967971530249
2026-05-25T07:15:31+00:00,2026-05-25T13:00:31+05:45,2026-05-25,13:00:31,1779693331,0,7,13,nepse_official,OPEN,2026-05-25,MMKJL,Mathillo Mailun Khola Jalvidhyut Limited,494.0,515.0,494.0,,503.0,501.0,2.0,,1479.0,747190.0,35.0,21.0,4.251012145748987,0.39920159680638717,21348.285714285714,505.1994590939824
2026-05-25T07:15:31+00:00,2026-05-25T13:00:31+05:45,2026-05-25,13:00:31,1779693331,0,7,13,nepse_official,OPEN,2026-05-25,MNBBL,Muktinath Bikas Bank Ltd.,374.3,379.0,374.0,,376.0,372.9,3.1000000000000227,,22065.0,8331217.4,104.0,5.0,1.3358268768367618,0.8313220702601295,80107.85961538462,377.5761341491049
2026-05-25T07:15:31+00:00,2026-05-25T13:00:31+05:45,2026-05-25,13:00:31,1779693331,0,7,13,nepse_official,OPEN,2026-05-25,MNMF1,Muktinath Mutual Fund 1,9.9,9.95,9.9,,9.95,10.0,-0.05000000000000071,,3270.0,32504.7,16.0,0.049999999999998934,0.5050505050504942,-0.5000000000000071,2031.54375,9.940275229357798
2026-05-25T07:15:31+00:00,2026-05-25T13:00:31+05:45,2026-05-25,13:00:31,1779693331,0,7,13,nepse_official,OPEN,2026-05-25,MPFL,Multipurpose Finance Company  Limited,624.9,624.9,613.0,,622.5,619.5,3.0,,895.0,557201.5,11.0,11.899999999999977,1.9043046887501964,0.48426150121065376,50654.681818181816,622.5715083798883
2026-05-25T07:15:31+00:00,2026-05-25T13:00:31+05:45,2026-05-25,13:00:31,1779693331,0,7,13,nepse_official,OPEN,2026-05-25,MSHL,Mid Solu Hydropower Limited,695.0,700.0,686.0,,686.5,695.0,-8.5,,182.0,126237.5,5.0,14.0,2.014388489208633,-1.223021582733813,25247.5,693.6126373626373
2026-05-25T07:15:31+00:00,2026-05-25T13:00:31+05:45,2026-05-25,13:00:31,1779693331,0,7,13,nepse_official,OPEN,2026-05-25,MSLB,Mahuli Laghubitta Bittiya Sanstha Limited,1272.0,1272.0,1235.0,,1266.0,1240.0,26.0,,255.0,319019.0,17.0,37.0,2.908805031446541,2.0967741935483875,18765.823529411766,1251.0549019607843
2026-05-25T07:15:31+00:00,2026-05-25T13:00:31+05:45,2026-05-25,13:00:31,1779693331,0,7,13,nepse_official,OPEN,2026-05-25,NABBC,Narayani Development Bank Limited,930.0,968.0,930.0,,950.0,950.0,0.0,,1856.0,1764651.0,30.0,38.0,4.086021505376344,0.0,58821.7,950.7817887931035
2026-05-25T07:15:31+00:00,2026-05-25T13:00:31+05:45,2026-05-25,13:00:31,1779693331,0,7,13,nepse_official,OPEN,2026-05-25,NABIL,Nabil Bank Limited,530.0,535.5,530.0,,535.0,530.0,5.0,,34125.0,18184202.0,327.0,5.5,1.0377358490566038,0.9433962264150944,55609.180428134554,532.8703882783883
2026-05-25T07:15:31+00:00,2026-05-25T13:00:31+05:45,2026-05-25,13:00:31,1779693331,0,7,13,nepse_official,OPEN,2026-05-25,NADEP,Nadep Laghubittiya bittya Sanstha Ltd.,741.0,763.2,735.4,,740.2,745.0,-4.7999999999999545,,765.0,567213.6,14.0,27.800000000000068,3.7516869095816556,-0.6442953020134168,40515.25714285714,741.4556862745097
2026-05-25T07:15:31+00:00,2026-05-25T13:00:31+05:45,2026-05-25,13:00:31,1779693331,0,7,13,nepse_official,OPEN,2026-05-25,NBF2,NABIL BALANCED FUND-2,9.95,10.1,9.9,,10.1,9.95,0.15000000000000036,,5300.0,53475.0,3.0,0.1999999999999993,2.0100502512562746,1.507537688442215,17825.0,10.089622641509434
2026-05-25T07:15:31+00:00,2026-05-25T13:00:31+05:45,2026-05-25,13:00:31,1779693331,0,7,13,nepse_official,OPEN,2026-05-25,NBF3,Nabil Balanced Fund-3,9.95,9.96,9.95,,9.95,9.95,0.0,,3000.0,29862.0,14.0,0.010000000000001563,0.10050251256282978,0.0,2133.0,9.954
2026-05-25T07:15:31+00:00,2026-05-25T13:00:31+05:45,2026-05-25,13:00:31,1779693331,0,7,13,nepse_official,OPEN,2026-05-25,NBL,Nepal Bank Limited,252.1,276.0,252.1,,271.5,265.3,6.199999999999989,,64437.0,17454850.0,163.0,23.900000000000006,9.480364934549785,2.3369770071616993,107084.96932515338,270.8824122786598
2026-05-25T07:15:31+00:00,2026-05-25T13:00:31+05:45,2026-05-25,13:00:31,1779693331,0,7,13,nepse_official,OPEN,2026-05-25,NBLD85,Nabil Debenture 2085,1079.5,1081.0,1079.5,,1081.0,1052.1,28.90000000000009,,50.0,54012.5,2.0,1.5,0.13895321908290875,2.7468871780249113,27006.25,1080.25
2026-05-25T07:15:31+00:00,2026-05-25T13:00:31+05:45,2026-05-25,13:00:31,1779693331,0,7,13,nepse_official,OPEN,2026-05-25,NBLD87,8.5% Nepal Bank Debenture 2087,1091.3,1091.3,1091.3,,1091.3,1125.0,-33.700000000000045,,25.0,27282.5,1.0,0.0,0.0,-2.9955555555555597,27282.5,1091.3
2026-05-25T07:15:31+00:00,2026-05-25T13:00:31+05:45,2026-05-25,13:00:31,1779693331,0,7,13,nepse_official,OPEN,2026-05-25,NESDO,NESDO Sambridha Laghubitta Bittiya Sanstha Limited,1535.1,1548.0,1535.0,,1535.0,1524.0,11.0,,55.0,84736.1,5.0,13.0,0.8468503680541984,0.7217847769028871,16947.22,1540.6563636363637
2026-05-25T07:15:31+00:00,2026-05-25T13:00:31+05:45,2026-05-25,13:00:31,1779693331,0,7,13,nepse_official,OPEN,2026-05-25,NFS,Nepal Finance Ltd.,584.0,584.0,570.0,,579.0,570.0,9.0,,6017.0,3451049.0,47.0,14.0,2.3972602739726026,1.5789473684210527,73426.5744680851,573.5497756356989
2026-05-25T07:15:31+00:00,2026-05-25T13:00:31+05:45,2026-05-25,13:00:31,1779693331,0,7,13,nepse_official,OPEN,2026-05-25,NGPL,Ngadi Group Power Ltd.,435.0,462.0,435.0,,459.3,451.5,7.800000000000011,,253924.0,115987379.2,603.0,27.0,6.206896551724138,1.7275747508305672,192350.54593698177,456.77989949748746
2026-05-25T07:15:31+00:00,2026-05-25T13:00:31+05:45,2026-05-25,13:00:31,1779693331,0,7,13,nepse_official,OPEN,2026-05-25,NHDL,Nepal Hydro Developers Ltd.,636.9,646.0,636.9,,646.0,636.9,9.100000000000023,,38.0,24229.4,5.0,9.100000000000023,1.4287957293138678,1.4287957293138678,4845.88,637.6157894736842
2026-05-25T07:15:31+00:00,2026-05-25T13:00:31+05:45,2026-05-25,13:00:31,1779693331,0,7,13,nepse_official,OPEN,2026-05-25,NHPC,National Hydro Power Company Limited,309.7,309.7,295.0,,301.0,295.0,6.0,,233083.0,70098980.9,704.0,14.699999999999989,4.746528898934449,2.0338983050847457,99572.41605113637,300.74686227652813
2026-05-25T07:15:31+00:00,2026-05-25T13:00:31+05:45,2026-05-25,13:00:31,1779693331,0,7,13,nepse_official,OPEN,2026-05-25,NIBD84,8.5% Nepal Investment Bank Debenture 2084,1052.1,1052.1,1052.1,,1052.1,1050.1,2.0,,25.0,26302.5,1.0,0.0,0.0,0.190458051614132,26302.5,1052.1
2026-05-25T07:15:31+00:00,2026-05-25T13:00:31+05:45,2026-05-25,13:00:31,1779693331,0,7,13,nepse_official,OPEN,2026-05-25,NIBLSTF,NIBL Stable Fund,9.13,9.35,9.13,,9.13,9.29,-0.15999999999999837,,1600.0,14657.0,8.0,0.21999999999999886,2.409638554216855,-1.7222820236813603,1832.125,9.160625
2026-05-25T07:15:31+00:00,2026-05-25T13:00:31+05:45,2026-05-25,13:00:31,1779693331,0,7,13,nepse_official,OPEN,2026-05-25,NIBSF2,NIBL Samriddhi Fund -2,9.14,9.41,9.14,,9.25,9.35,-0.09999999999999964,,3400.0,31899.0,7.0,0.2699999999999996,2.954048140043759,-1.0695187165775364,4557.0,9.382058823529412
2026-05-25T07:15:31+00:00,2026-05-25T13:00:31+05:45,2026-05-25,13:00:31,1779693331,0,7,13,nepse_official,OPEN,2026-05-25,NICA,NIC Asia Bank Ltd.,365.0,365.0,345.0,,355.1,352.5,2.6000000000000227,,22601.0,8016831.3,127.0,20.0,5.47945205479452,0.737588652482276,63124.65590551181,354.71135347993453
2026-05-25T07:15:31+00:00,2026-05-25T13:00:31+05:45,2026-05-25,13:00:31,1779693331,0,7,13,nepse_official,OPEN,2026-05-25,NICAD2091,7% NIC ASIA Debenture 2091,1053.6,1053.6,1053.6,,1053.6,1052.2,1.3999999999998636,,25.0,26340.0,1.0,0.0,0.0,0.1330545523664573,26340.0,1053.6
2026-05-25T07:15:31+00:00,2026-05-25T13:00:31+05:45,2026-05-25,13:00:31,1779693331,0,7,13,nepse_official,OPEN,2026-05-25,NICD88,NIC ASIA Rinpatra 2088,1110.0,1110.0,1110.0,,1110.0,1078.0,32.0,,25.0,27750.0,1.0,0.0,0.0,2.9684601113172544,27750.0,1110.0
2026-05-25T07:15:31+00:00,2026-05-25T13:00:31+05:45,2026-05-25,13:00:31,1779693331,0,7,13,nepse_official,OPEN,2026-05-25,NICFC,NIC Asia Flexi CAP Fund,9.17,9.53,9.17,,9.26,9.4,-0.14000000000000057,,1400.0,13006.0,13.0,0.35999999999999943,3.925845147219187,-1.4893617021276655,1000.4615384615385,9.29
2026-05-25T07:15:31+00:00,2026-05-25T13:00:31+05:45,2026-05-25,13:00:31,1779693331,0,7,13,nepse_official,OPEN,2026-05-25,NICGF2,NIC ASIA Growth Fund-2,9.92,9.92,9.4,,9.4,9.64,-0.2400000000000002,,1200.0,11562.0,4.0,0.5199999999999996,5.2419354838709635,-2.4896265560165993,2890.5,9.635
2026-05-25T07:15:31+00:00,2026-05-25T13:00:31+05:45,2026-05-25,13:00:31,1779693331,0,7,13,nepse_official,OPEN,2026-05-25,NICL,Nepal Insurance Co. Ltd.,500.0,503.7,497.0,,503.7,497.0,6.699999999999989,,3659.0,1829345.0,36.0,6.699999999999989,1.3399999999999979,1.3480885311871205,50815.13888888889,499.95763869909814
2026-05-25T07:15:31+00:00,2026-05-25T13:00:31+05:45,2026-05-25,13:00:31,1779693331,0,7,13,nepse_official,OPEN,2026-05-25,NICLBSL,NIC ASIA Laghubitta Bittiya Sanstha Limited,574.0,583.6,574.0,,580.0,574.0,6.0,,2100.0,1217741.0,47.0,9.600000000000023,1.6724738675958226,1.0452961672473868,25909.382978723403,579.8766666666667
2026-05-25T07:15:31+00:00,2026-05-25T13:00:31+05:45,2026-05-25,13:00:31,1779693331,0,7,13,nepse_official,OPEN,2026-05-25,NICSF,NIC Asia Select Fund 30,9.39,9.39,9.11,,9.38,9.29,0.09000000000000163,,400.0,3699.0,3.0,0.28000000000000114,2.981895633652834,0.9687836383207927,1233.0,9.2475
2026-05-25T07:15:31+00:00,2026-05-25T13:00:31+05:45,2026-05-25,13:00:31,1779693331,0,7,13,nepse_official,OPEN,2026-05-25,NIFRA,Nepal Infrastructure Bank Limited,266.1,270.0,266.0,,269.3,266.8,2.5,,52900.0,14232414.2,359.0,4.0,1.5031942878617062,0.9370314842578711,39644.60779944289,269.04374669187143
2026-05-25T07:15:31+00:00,2026-05-25T13:00:31+05:45,2026-05-25,13:00:31,1779693331,0,7,13,nepse_official,OPEN,2026-05-25,NIFRAGED,Nifra Green Energy Debenture 6% - 2088/89,1035.5,1035.9,1035.5,,1035.9,1035.3,0.6000000000001364,,50.0,51785.0,2.0,0.40000000000009095,0.03862868179624249,0.057954216169239486,25892.5,1035.7
2026-05-25T07:15:31+00:00,2026-05-25T13:00:31+05:45,2026-05-25,13:00:31,1779693331,0,7,13,nepse_official,OPEN,2026-05-25,NIL,Neco Insurance Limited,610.0,620.0,610.0,,620.0,614.0,6.0,,1934.0,1191606.9,23.0,10.0,1.639344262295082,0.9771986970684038,51808.99565217391,616.1359358841778
2026-05-25T07:15:31+00:00,2026-05-25T13:00:31+05:45,2026-05-25,13:00:31,1779693331,0,7,13,nepse_official,OPEN,2026-05-25,NIMB,Nepal Investment Mega Bank Limited,199.0,201.4,198.0,,201.4,198.0,3.4000000000000057,,81056.0,16208945.4,284.0,3.4000000000000057,1.708542713567842,1.7171717171717198,57073.751408450706,199.9721846624556
2026-05-25T07:15:31+00:00,2026-05-25T13:00:31+05:45,2026-05-25,13:00:31,1779693331,0,7,13,nepse_official,OPEN,2026-05-25,NIMBPO,Nepal Investment Mega Bank Ltd. Promoter Share,151.5,151.5,151.5,,151.5,151.5,0.0,,18.0,2727.0,1.0,0.0,0.0,0.0,2727.0,151.5
2026-05-25T07:15:31+00:00,2026-05-25T13:00:31+05:45,2026-05-25,13:00:31,1779693331,0,7,13,nepse_official,OPEN,2026-05-25,NLG,NLG Insurance Company Ltd.,582.0,590.0,580.0,,583.2,575.0,8.200000000000045,,5932.0,3471028.1,32.0,10.0,1.718213058419244,1.426086956521747,108469.628125,585.1362272420769
2026-05-25T07:15:31+00:00,2026-05-25T13:00:31+05:45,2026-05-25,13:00:31,1779693331,0,7,13,nepse_official,OPEN,2026-05-25,NLIC,Nepal Life Insurance Co. Ltd.,770.0,779.8,765.0,,779.0,769.8,9.200000000000045,,6593.0,5111320.7,85.0,14.799999999999955,1.9220779220779163,1.1951156144453163,60133.184705882355,775.2647808281511
2026-05-25T07:15:31+00:00,2026-05-25T13:00:31+05:45,2026-05-25,13:00:31,1779693331,0,7,13,nepse_official,OPEN,2026-05-25,NLICL,National Life Insurance Co. Ltd.,595.8,595.8,586.2,,591.0,591.0,0.0,,886.0,523216.4,16.0,9.599999999999909,1.6112789526686655,0.0,32701.025,590.53769751693
2026-05-25T07:15:31+00:00,2026-05-25T13:00:31+05:45,2026-05-25,13:00:31,1779693331,0,7,13,nepse_official,OPEN,2026-05-25,NMB,NMB Bank Limited,248.0,251.0,247.0,,249.0,248.6,0.4000000000000057,,10559.0,2632155.9,48.0,4.0,1.6129032258064515,0.16090104585680035,54836.581249999996,249.28079363576094
2026-05-25T07:15:31+00:00,2026-05-25T13:00:31+05:45,2026-05-25,13:00:31,1779693331,0,7,13,nepse_official,OPEN,2026-05-25,NMBD87/88,NMB Debenture 8.50% - 2087/88,1090.5,1090.5,1090.5,,1090.5,1090.5,0.0,,25.0,27262.5,1.0,0.0,0.0,0.0,27262.5,1090.5
2026-05-25T07:15:31+00:00,2026-05-25T13:00:31+05:45,2026-05-25,13:00:31,1779693331,0,7,13,nepse_official,OPEN,2026-05-25,NMBHF2,NMB Hybrid Fund L- II,9.6,9.65,9.6,,9.62,9.67,-0.05000000000000071,,1000.0,9630.0,6.0,0.05000000000000071,0.5208333333333408,-0.5170630816959743,1605.0,9.63
2026-05-25T07:15:31+00:00,2026-05-25T13:00:31+05:45,2026-05-25,13:00:31,1779693331,0,7,13,nepse_official,OPEN,2026-05-25,NMBMF,NMB  Microfinance Bittiya Sanstha Ltd.,633.1,643.0,633.1,,643.0,632.0,11.0,,216.0,138310.5,5.0,9.899999999999977,1.5637340072658312,1.740506329113924,27662.1,640.3263888888889
2026-05-25T07:15:31+00:00,2026-05-25T13:00:31+05:45,2026-05-25,13:00:31,1779693331,0,7,13,nepse_official,OPEN,2026-05-25,NMFBS,National Laghubitta Bittiya Sanstha Limited,1117.0,1155.0,1117.0,,1149.0,1140.0,9.0,,2646.0,3039176.3,36.0,38.0,3.4019695613249774,0.7894736842105263,84421.56388888888,1148.5927059712774
2026-05-25T07:15:31+00:00,2026-05-25T13:00:31+05:45,2026-05-25,13:00:31,1779693331,0,7,13,nepse_official,OPEN,2026-05-25,NMIC,Nepal Micro Insurance Company Limited,1040.0,1059.8,1025.0,,1050.0,1025.0,25.0,,4714.0,4922544.6,113.0,34.799999999999955,3.346153846153842,2.4390243902439024,43562.34159292035,1044.2394145099702
2026-05-25T07:15:31+00:00,2026-05-25T13:00:31+05:45,2026-05-25,13:00:31,1779693331,0,7,13,nepse_official,OPEN,2026-05-25,NMLBBL,Nerude Mirmire Laghubitta Bittiya Sanstha Limited,571.0,593.9,571.0,,592.5,588.0,4.5,,2463.0,1452177.7,37.0,22.899999999999977,4.010507880910679,0.7653061224489796,39248.045945945945,589.5971173365814
2026-05-25T07:15:31+00:00,2026-05-25T13:00:31+05:45,2026-05-25,13:00:31,1779693331,0,7,13,nepse_official,OPEN,2026-05-25,NRIC,Nepal Reinsurance Company Limited,914.1,924.0,911.0,,924.0,908.1,15.899999999999977,,5252.0,4827073.5,108.0,13.0,1.4221638770375233,1.7509084902543746,44695.125,919.0924409748667
2026-05-25T07:15:31+00:00,2026-05-25T13:00:31+05:45,2026-05-25,13:00:31,1779693331,0,7,13,nepse_official,OPEN,2026-05-25,NRM,Nepal Republic Media Limited,345.9,388.0,345.9,,370.7,364.1,6.599999999999966,,8601.0,3193148.3,95.0,42.10000000000002,12.171147730557973,1.8126888217522563,33612.08736842105,371.25314498314145
2026-05-25T07:15:31+00:00,2026-05-25T13:00:31+05:45,2026-05-25,13:00:31,1779693331,0,7,13,nepse_official,OPEN,2026-05-25,NRN,NRN Infrastructure and Development Limited,1425.0,1440.0,1387.0,,1426.0,1399.0,27.0,,24521.0,34851168.2,244.0,53.0,3.7192982456140355,1.9299499642601858,142832.65655737705,1421.2784225765672
2026-05-25T07:15:31+00:00,2026-05-25T13:00:31+05:45,2026-05-25,13:00:31,1779693331,0,7,13,nepse_official,OPEN,2026-05-25,NSIF2,NMB Sulav Investment Fund - 2,10.6,10.75,10.6,,10.75,10.75,0.0,,600.0,6422.0,6.0,0.15000000000000036,1.4150943396226447,0.0,1070.3333333333333,10.703333333333333
2026-05-25T07:15:31+00:00,2026-05-25T13:00:31+05:45,2026-05-25,13:00:31,1779693331,0,7,13,nepse_official,OPEN,2026-05-25,NSY,Nepal Life Samriddhi Lagani Yojana,9.44,9.6,9.44,,9.51,9.68,-0.16999999999999993,,1860.0,17755.0,14.0,0.16000000000000014,1.6949152542372898,-1.7561983471074374,1268.2142857142858,9.545698924731182
2026-05-25T07:15:31+00:00,2026-05-25T13:00:31+05:45,2026-05-25,13:00:31,1779693331,0,7,13,nepse_official,OPEN,2026-05-25,NTC,Nepal Doorsanchar Company Limited,890.0,899.9,888.5,,897.0,890.4,6.600000000000023,,10177.0,9126713.0,152.0,11.399999999999977,1.2808988764044917,0.741239892183291,60044.16447368421,896.7979758278472
2026-05-25T07:15:31+00:00,2026-05-25T13:00:31+05:45,2026-05-25,13:00:31,1779693331,0,7,13,nepse_official,OPEN,2026-05-25,NUBL,Nirdhan Utthan Laghubitta Bittiya Sanstha Limited,665.0,665.0,656.0,,660.0,660.0,0.0,,1314.0,866674.8,17.0,9.0,1.3533834586466165,0.0,50980.870588235295,659.5698630136986
2026-05-25T07:15:31+00:00,2026-05-25T13:00:31+05:45,2026-05-25,13:00:31,1779693331,0,7,13,nepse_official,OPEN,2026-05-25,NWCL,Nepal Warehousing Company Limited ,803.0,816.0,803.0,,812.0,804.0,8.0,,725.0,589018.5,23.0,13.0,1.61892901618929,0.9950248756218906,25609.5,812.4393103448276
2026-05-25T07:15:31+00:00,2026-05-25T13:00:31+05:45,2026-05-25,13:00:31,1779693331,0,7,13,nepse_official,OPEN,2026-05-25,NYADI,Nyadi Hydropower Limited,399.9,401.0,391.0,,400.0,391.1,8.899999999999977,,2756.0,1097326.0,56.0,10.0,2.5006251562890722,2.275632830478133,19595.10714285714,398.1589259796807
2026-05-25T07:15:31+00:00,2026-05-25T13:00:31+05:45,2026-05-25,13:00:31,1779693331,0,7,13,nepse_official,OPEN,2026-05-25,OHL,Oriental Hotels Limited,708.0,712.0,700.0,,700.2,692.4,7.800000000000068,,629.0,441254.0,6.0,12.0,1.694915254237288,1.1265164644714138,73542.33333333333,701.5166931637519
2026-05-25T07:15:31+00:00,2026-05-25T13:00:31+05:45,2026-05-25,13:00:31,1779693331,0,7,13,nepse_official,OPEN,2026-05-25,OMPL,Om Megashree Pharmaceuticals Limited,1190.0,1210.0,1190.0,,1190.0,1180.0,10.0,,3220.0,3858330.1,98.0,20.0,1.680672268907563,0.847457627118644,39370.71530612245,1198.2391614906833
2026-05-25T07:15:31+00:00,2026-05-25T13:00:31+05:45,2026-05-25,13:00:31,1779693331,0,7,13,nepse_official,OPEN,2026-05-25,PBD84,10.15% Prime Debenture 2084,1140.0,1140.0,1140.0,,1140.0,1140.0,0.0,,35.0,39900.0,2.0,0.0,0.0,0.0,19950.0,1140.0
2026-05-25T07:15:31+00:00,2026-05-25T13:00:31+05:45,2026-05-25,13:00:31,1779693331,0,7,13,nepse_official,OPEN,2026-05-25,PBLD84,10% Prabhu Bank Debenture 2084 ,1085.1,1085.1,1085.1,,1085.1,1088.1,-3.0,,50.0,54255.0,2.0,0.0,0.0,-0.275709953129308,27127.5,1085.1
2026-05-25T07:15:31+00:00,2026-05-25T13:00:31+05:45,2026-05-25,13:00:31,1779693331,0,7,13,nepse_official,OPEN,2026-05-25,PCBL,Prime Commercial Bank Ltd.,240.5,244.7,239.0,,243.5,240.5,3.0,,38039.0,9223145.1,118.0,5.699999999999989,2.3700623700623655,1.2474012474012475,78162.24661016949,242.4654985672599
2026-05-25T07:15:31+00:00,2026-05-25T13:00:31+05:45,2026-05-25,13:00:31,1779693331,0,7,13,nepse_official,OPEN,2026-05-25,PCIL,Palpa Cement Industries Limited,827.0,860.0,815.0,,857.0,827.0,30.0,,39158.0,33170496.4,1448.0,45.0,5.441354292623942,3.6275695284159615,22907.801381215468,847.0937330813626
2026-05-25T07:15:31+00:00,2026-05-25T13:00:31+05:45,2026-05-25,13:00:31,1779693331,0,7,13,nepse_official,OPEN,2026-05-25,PFL,Pokhara Finance Ltd.,379.0,379.0,370.0,,378.5,375.0,3.5,,1664.0,626584.0,18.0,9.0,2.3746701846965697,0.9333333333333335,34810.22222222222,376.55288461538464
2026-05-25T07:15:31+00:00,2026-05-25T13:00:31+05:45,2026-05-25,13:00:31,1779693331,0,7,13,nepse_official,OPEN,2026-05-25,PHCL,Peoples Hydropower Company Limited,308.0,315.0,308.0,,312.0,309.2,2.8000000000000114,,31253.0,9776687.0,189.0,7.0,2.272727272727273,0.9055627425614526,51728.502645502645,312.82395290052153
2026-05-25T07:15:31+00:00,2026-05-25T13:00:31+05:45,2026-05-25,13:00:31,1779693331,0,7,13,nepse_official,OPEN,2026-05-25,PMHPL,Panchakanya Mai Hydropower Ltd,343.9,352.0,343.0,,351.8,342.0,9.800000000000011,,9250.0,3209458.4,74.0,9.0,2.617039837161966,2.865497076023395,43371.05945945946,346.9684756756757
2026-05-25T07:15:31+00:00,2026-05-25T13:00:31+05:45,2026-05-25,13:00:31,1779693331,0,7,13,nepse_official,OPEN,2026-05-25,PMLI,Prabhu Mahalaxmi Life Insurance Limited,470.0,475.0,462.5,,475.0,470.0,5.0,,1230.0,579075.4,59.0,12.5,2.6595744680851063,1.0638297872340425,9814.837288135594,470.7930081300813
2026-05-25T07:15:31+00:00,2026-05-25T13:00:31+05:45,2026-05-25,13:00:31,1779693331,0,7,13,nepse_official,OPEN,2026-05-25,PPCL,Panchthar Power Compant Limited,380.0,393.9,378.0,,386.1,380.0,6.100000000000023,,7631.0,2939804.9,48.0,15.899999999999977,4.184210526315783,1.605263157894743,61245.93541666667,385.24503996854935
2026-05-25T07:15:31+00:00,2026-05-25T13:00:31+05:45,2026-05-25,13:00:31,1779693331,0,7,13,nepse_official,OPEN,2026-05-25,PPL,People's Power Limited,357.0,369.9,357.0,,368.0,354.0,14.0,,47769.0,17397455.1,270.0,12.899999999999977,3.613445378151254,3.954802259887006,64435.018888888895,364.1996922690448
2026-05-25T07:15:31+00:00,2026-05-25T13:00:31+05:45,2026-05-25,13:00:31,1779693331,0,7,13,nepse_official,OPEN,2026-05-25,PRIN,Prabhu Insurance Ltd.,669.9,669.9,656.0,,662.5,662.0,0.5,,1799.0,1198509.6,17.0,13.899999999999977,2.074936557695175,0.0755287009063444,70500.56470588235,666.2087826570317
2026-05-25T07:15:31+00:00,2026-05-25T13:00:31+05:45,2026-05-25,13:00:31,1779693331,0,7,13,nepse_official,OPEN,2026-05-25,PROFL,Progressive Finance Limited,456.0,457.0,445.0,,445.0,444.0,1.0,,1283.0,572971.0,15.0,12.0,2.631578947368421,0.22522522522522523,38198.066666666666,446.58690568978955
2026-05-25T07:15:31+00:00,2026-05-25T13:00:31+05:45,2026-05-25,13:00:31,1779693331,0,7,13,nepse_official,OPEN,2026-05-25,PRSF,Prabhu Smart Fund,13.0,13.14,13.0,,13.0,12.95,0.05000000000000071,,26907.0,350743.98,7.0,0.14000000000000057,1.0769230769230813,0.3861003861003916,50106.282857142854,13.035417549336604
2026-05-25T07:15:31+00:00,2026-05-25T13:00:31+05:45,2026-05-25,13:00:31,1779693331,0,7,13,nepse_official,OPEN,2026-05-25,PRVU,Prabhu  Bank Limited,188.1,202.7,188.1,,201.9,198.0,3.9000000000000057,,69875.0,14061390.4,263.0,14.599999999999994,7.76182881446039,1.9696969696969726,53465.36273764259,201.23635635062612
2026-05-25T07:15:31+00:00,2026-05-25T13:00:31+05:45,2026-05-25,13:00:31,1779693331,0,7,13,nepse_official,OPEN,2026-05-25,PSF,Prabhu Select Fund,12.01,12.2,12.01,,12.12,12.21,-0.09000000000000163,,54850.0,664455.0,8.0,0.1899999999999995,1.582014987510404,-0.7371007371007504,83056.875,12.114038286235187
2026-05-25T07:15:31+00:00,2026-05-25T13:00:31+05:45,2026-05-25,13:00:31,1779693331,0,7,13,nepse_official,OPEN,2026-05-25,PURE,Pure Energy Limited,1030.0,1030.0,991.2,,1005.0,985.0,20.0,,11875.0,11940646.5,172.0,38.799999999999955,3.7669902912621316,2.030456852791878,69422.36337209302,1005.5281263157895
2026-05-25T07:15:31+00:00,2026-05-25T13:00:31+05:45,2026-05-25,13:00:31,1779693331,0,7,13,nepse_official,OPEN,2026-05-25,RADHI,Radhi Bidyut Company Ltd,785.0,805.0,780.0,,803.0,783.0,20.0,,43366.0,34459497.4,171.0,25.0,3.1847133757961785,2.554278416347382,201517.52865497075,794.6201494258174
2026-05-25T07:15:31+00:00,2026-05-25T13:00:31+05:45,2026-05-25,13:00:31,1779693331,0,7,13,nepse_official,OPEN,2026-05-25,RAWA,Rawa Energy Development Limited,613.0,613.0,575.0,,576.0,584.0,-8.0,,1124.0,649075.5,25.0,38.0,6.199021207177815,-1.36986301369863,25963.02,577.4693060498221
2026-05-25T07:15:31+00:00,2026-05-25T13:00:31+05:45,2026-05-25,13:00:31,1779693331,0,7,13,nepse_official,OPEN,2026-05-25,RBBD2088,7% RBBL Debenture 2088,1056.7,1056.7,1056.7,,1056.7,1085.3,-28.59999999999991,,25.0,26417.5,1.0,0.0,0.0,-2.635216069289589,26417.5,1056.7
2026-05-25T07:15:31+00:00,2026-05-25T13:00:31+05:45,2026-05-25,13:00:31,1779693331,0,7,13,nepse_official,OPEN,2026-05-25,RBBF40,RBB Focus 40,9.33,9.69,9.33,,9.41,9.45,-0.03999999999999915,,2000.0,18896.0,11.0,0.35999999999999943,3.8585209003215373,-0.42328042328041426,1717.8181818181818,9.448
2026-05-25T07:15:31+00:00,2026-05-25T13:00:31+05:45,2026-05-25,13:00:31,1779693331,0,7,13,nepse_official,OPEN,2026-05-25,RBCL,Rastriya Beema Company Limited,14994.0,15200.0,14994.0,,15200.0,14931.0,269.0,,60.0,905790.0,5.0,206.0,1.3738828864879284,1.8016207889625613,181158.0,15096.5
2026-05-25T07:15:31+00:00,2026-05-25T13:00:31+05:45,2026-05-25,13:00:31,1779693331,0,7,13,nepse_official,OPEN,2026-05-25,RFPL,River Falls Power Limited,360.0,382.5,360.0,,382.5,376.2,6.300000000000011,,17517.0,6672237.1,133.0,22.5,6.25,1.674641148325362,50167.1962406015,380.90067363132954
2026-05-25T07:15:31+00:00,2026-05-25T13:00:31+05:45,2026-05-25,13:00:31,1779693331,0,7,13,nepse_official,OPEN,2026-05-25,RHGCL,Rapti Hydro And General Construction Limited,295.1,303.9,291.0,,302.0,298.0,4.0,,17941.0,5416021.5,112.0,12.899999999999977,4.37139952558454,1.342281879194631,48357.33482142857,301.87957750404104
2026-05-25T07:15:31+00:00,2026-05-25T13:00:31+05:45,2026-05-25,13:00:31,1779693331,0,7,13,nepse_official,OPEN,2026-05-25,RHPL,RASUWAGADHI HYDROPOWER COMPANY LIMITED,279.0,283.9,278.0,,283.0,279.0,4.0,,9042.0,2551083.8,80.0,5.899999999999977,2.114695340501784,1.4336917562724014,31888.547499999997,282.13711568237113
2026-05-25T07:15:31+00:00,2026-05-25T13:00:31+05:45,2026-05-25,13:00:31,1779693331,0,7,13,nepse_official,OPEN,2026-05-25,RIDI,Ridi Power Company Limited,368.0,378.1,365.1,,375.0,366.7,8.300000000000011,,376080.0,140578459.1,882.0,13.0,3.532608695652174,2.263430597218438,159386.00804988662,373.7993488087641
2026-05-25T07:15:31+00:00,2026-05-25T13:00:31+05:45,2026-05-25,13:00:31,1779693331,0,7,13,nepse_official,OPEN,2026-05-25,RLEL,Ridge Line Energy Limited,1026.0,1097.0,1026.0,,1089.0,1026.9,62.09999999999991,,14205.0,15269167.4,446.0,71.0,6.920077972709551,6.047326906222603,34235.80134529148,1074.9149876803942
2026-05-25T07:15:31+00:00,2026-05-25T13:00:31+05:45,2026-05-25,13:00:31,1779693331,0,7,13,nepse_official,OPEN,2026-05-25,RLFL,Reliance Finance Ltd.,430.0,447.0,430.0,,447.0,438.9,8.100000000000023,,12698.0,5636613.0,59.0,17.0,3.953488372093023,1.8455228981544824,95535.81355932204,443.89770042526385
2026-05-25T07:15:31+00:00,2026-05-25T13:00:31+05:45,2026-05-25,13:00:31,1779693331,0,7,13,nepse_official,OPEN,2026-05-25,RMF1,RBB Mutual Fund 1,9.85,10.0,9.85,,9.9,10.0,-0.09999999999999964,,3000.0,29798.0,7.0,0.15000000000000036,1.5228426395939123,-0.9999999999999963,4256.857142857143,9.932666666666666
2026-05-25T07:15:31+00:00,2026-05-25T13:00:31+05:45,2026-05-25,13:00:31,1779693331,0,7,13,nepse_official,OPEN,2026-05-25,RMF2,RBB Mutual Fund 2,10.2,10.2,10.2,,10.2,10.5,-0.3000000000000007,,100.0,1020.0,1.0,0.0,0.0,-2.857142857142864,1020.0,10.2
2026-05-25T07:15:31+00:00,2026-05-25T13:00:31+05:45,2026-05-25,13:00:31,1779693331,0,7,13,nepse_official,OPEN,2026-05-25,RNLI,Reliable Nepal Life Insurance Limited,466.0,470.0,461.0,,468.5,465.0,3.5,,26317.0,12343388.7,140.0,9.0,1.9313304721030045,0.7526881720430108,88167.06214285713,469.02719534901394
2026-05-25T07:15:31+00:00,2026-05-25T13:00:31+05:45,2026-05-25,13:00:31,1779693331,0,7,13,nepse_official,OPEN,2026-05-25,RSDC,RSDC Laghubitta Bittiya Sanstha Ltd.,674.0,675.0,665.0,,675.0,667.8,7.2000000000000455,,1137.0,764869.0,16.0,10.0,1.483679525222552,1.0781671159029718,47804.3125,672.70800351803
2026-05-25T07:15:31+00:00,2026-05-25T13:00:31+05:45,2026-05-25,13:00:31,1779693331,0,7,13,nepse_official,OPEN,2026-05-25,RSML,Reliance Spinning Mills Limited,3700.0,3850.0,3700.0,,3805.0,3730.0,75.0,,19035.0,71893019.1,503.0,150.0,4.054054054054054,2.0107238605898123,142928.46739562624,3776.885689519306
2026-05-25T07:15:31+00:00,2026-05-25T13:00:31+05:45,2026-05-25,13:00:31,1779693331,0,7,13,nepse_official,OPEN,2026-05-25,RSY,Reliable Samriddhi Yojana,10.04,10.45,10.04,,10.1,10.35,-0.25,,11800.0,119165.0,16.0,0.41000000000000014,4.08366533864542,-2.4154589371980677,7447.8125,10.098728813559323
2026-05-25T07:15:31+00:00,2026-05-25T13:00:31+05:45,2026-05-25,13:00:31,1779693331,0,7,13,nepse_official,OPEN,2026-05-25,RURU,Ru Ru Jalbidhyut Pariyojana Limited,670.0,670.0,655.0,,659.1,660.0,-0.8999999999999773,,85.0,56136.5,5.0,15.0,2.2388059701492535,-0.13636363636363294,11227.3,660.4294117647058
2026-05-25T07:15:31+00:00,2026-05-25T13:00:31+05:45,2026-05-25,13:00:31,1779693331,0,7,13,nepse_official,OPEN,2026-05-25,SABBL,Salapa Bikas Bank Limited,1250.0,1281.0,1242.1,,1275.7,1247.0,28.700000000000045,,5586.0,7096239.9,197.0,38.90000000000009,3.112000000000007,2.3015236567762667,36021.52233502538,1270.3616004296457
2026-05-25T07:15:31+00:00,2026-05-25T13:00:31+05:45,2026-05-25,13:00:31,1779693331,0,7,13,nepse_official,OPEN,2026-05-25,SADBL,Shangrila Development Bank Ltd.,416.0,421.5,416.0,,421.5,416.0,5.5,,11803.0,4951008.5,51.0,5.5,1.3221153846153846,1.3221153846153846,97078.59803921569,419.47034652207066
2026-05-25T07:15:31+00:00,2026-05-25T13:00:31+05:45,2026-05-25,13:00:31,1779693331,0,7,13,nepse_official,OPEN,2026-05-25,SAGAR,Sagar Distillery Limited,1722.0,1757.0,1722.0,,1741.0,1717.0,24.0,,4132.0,7195585.3,124.0,35.0,2.0325203252032518,1.3977868375072802,58028.91370967742,1741.4291626331074
2026-05-25T07:15:31+00:00,2026-05-25T13:00:31+05:45,2026-05-25,13:00:31,1779693331,0,7,13,nepse_official,OPEN,2026-05-25,SAGF,Sanima Growth Fund,10.15,10.2,10.15,,10.2,10.2,0.0,,400.0,4065.0,3.0,0.049999999999998934,0.49261083743841316,0.0,1355.0,10.1625
2026-05-25T07:15:31+00:00,2026-05-25T13:00:31+05:45,2026-05-25,13:00:31,1779693331,0,7,13,nepse_official,OPEN,2026-05-25,SAHAS,Sahas Urja Limited,664.0,669.0,664.0,,666.0,664.0,2.0,,77438.0,51648778.7,457.0,5.0,0.7530120481927711,0.30120481927710846,113017.02122538294,666.9694297373383
2026-05-25T07:15:31+00:00,2026-05-25T13:00:31+05:45,2026-05-25,13:00:31,1779693331,0,7,13,nepse_official,OPEN,2026-05-25,SAIL,Shreenagar Agritech Industries Limited,1148.0,1173.0,1148.0,,1161.0,1148.0,13.0,,11037.0,12828533.0,244.0,25.0,2.177700348432056,1.132404181184669,52575.95491803279,1162.3206487270093
2026-05-25T07:15:31+00:00,2026-05-25T13:00:31+05:45,2026-05-25,13:00:31,1779693331,0,7,13,nepse_official,OPEN,2026-05-25,SALICO,Sagarmatha Lumbini Insurance Co. Limited,595.0,611.0,593.0,,593.0,590.0,3.0,,3774.0,2254851.2,30.0,18.0,3.0252100840336134,0.5084745762711864,75161.70666666668,597.4698463169052
2026-05-25T07:15:31+00:00,2026-05-25T13:00:31+05:45,2026-05-25,13:00:31,1779693331,0,7,13,nepse_official,OPEN,2026-05-25,SANIMA,Sanima Bank Limited,370.0,387.5,365.6,,369.9,365.5,4.399999999999977,,90344.0,33727725.3,152.0,21.899999999999977,5.918918918918912,1.203830369357039,221892.92960526314,373.3255700433897
2026-05-25T07:15:31+00:00,2026-05-25T13:00:31+05:45,2026-05-25,13:00:31,1779693331,0,7,13,nepse_official,OPEN,2026-05-25,SANVI,Sanvi Energy Limited,702.1,760.0,702.1,,747.5,739.0,8.5,,16750.0,12523021.0,264.0,57.89999999999998,8.246688505910836,1.1502029769959403,47435.68560606061,747.6430447761194
2026-05-25T07:15:31+00:00,2026-05-25T13:00:31+05:45,2026-05-25,13:00:31,1779693331,0,7,13,nepse_official,OPEN,2026-05-25,SAPDBL,Saptakoshi Development Bank Ltd,795.0,814.9,795.0,,803.1,802.9,0.20000000000004547,,8151.0,6559408.8,79.0,19.899999999999977,2.5031446540880475,0.02490970232906283,83030.4911392405,804.7366948840632
2026-05-25T07:15:31+00:00,2026-05-25T13:00:31+05:45,2026-05-25,13:00:31,1779693331,0,7,13,nepse_official,OPEN,2026-05-25,SARBTM,Sarbottam Cement Limited,858.8,867.0,858.1,,867.0,855.0,12.0,,6235.0,5369577.7,76.0,8.899999999999977,1.036329762459243,1.4035087719298245,70652.33815789474,861.1993103448276
2026-05-25T07:15:31+00:00,2026-05-25T13:00:31+05:45,2026-05-25,13:00:31,1779693331,0,7,13,nepse_official,OPEN,2026-05-25,SBCF,Sunrise Bluechip Fund,9.65,9.67,9.65,,9.67,9.9,-0.23000000000000043,,2100.0,20286.0,3.0,0.019999999999999574,0.20725388601035827,-2.3232323232323275,6762.0,9.66
2026-05-25T07:15:31+00:00,2026-05-25T13:00:31+05:45,2026-05-25,13:00:31,1779693331,0,7,13,nepse_official,OPEN,2026-05-25,SBI,Nepal SBI Bank Limited,396.0,404.0,396.0,,400.0,405.0,-5.0,,1710.0,686740.8,25.0,8.0,2.0202020202020203,-1.2345679012345678,27469.632,401.6028070175439
2026-05-25T07:15:31+00:00,2026-05-25T13:00:31+05:45,2026-05-25,13:00:31,1779693331,0,7,13,nepse_official,OPEN,2026-05-25,SBID83,10.25% Nepal SBI Bank Debenture 2083,1065.3,1065.3,1065.0,,1065.0,1065.0,0.0,,136.0,144860.0,4.0,0.2999999999999545,0.028161081385520936,0.0,36215.0,1065.1470588235295
2026-05-25T07:15:31+00:00,2026-05-25T13:00:31+05:45,2026-05-25,13:00:31,1779693331,0,7,13,nepse_official,OPEN,2026-05-25,SBL,Siddhartha Bank Limited,402.0,403.0,399.1,,402.6,400.9,1.7000000000000455,,36370.0,14581832.6,107.0,3.8999999999999773,0.9701492537313376,0.4240458967323636,136278.80934579438,400.9302337091009
2026-05-25T07:15:31+00:00,2026-05-25T13:00:31+05:45,2026-05-25,13:00:31,1779693331,0,7,13,nepse_official,OPEN,2026-05-25,SCB,Standard Chartered Bank Limited,664.3,664.3,654.0,,658.0,653.2,4.7999999999999545,,7931.0,5199269.0,46.0,10.299999999999955,1.550504290230311,0.7348438456827854,113027.58695652174,655.562854621107
2026-05-25T07:15:31+00:00,2026-05-25T13:00:31+05:45,2026-05-25,13:00:31,1779693331,0,7,13,nepse_official,OPEN,2026-05-25,SFCL,Samriddhi Finance Company Limited,371.0,380.0,367.3,,378.0,370.0,8.0,,7822.0,2929496.9,38.0,12.699999999999989,3.4231805929919106,2.1621621621621623,77092.02368421052,374.5201866530299
2026-05-25T07:15:31+00:00,2026-05-25T13:00:31+05:45,2026-05-25,13:00:31,1779693331,0,7,13,nepse_official,OPEN,2026-05-25,SFEF,Sunrise Focused Equity Fund,10.13,10.3,10.13,,10.3,10.13,0.16999999999999993,,1500.0,15214.0,6.0,0.16999999999999993,1.6781836130306014,1.6781836130306014,2535.6666666666665,10.142666666666667
2026-05-25T07:15:31+00:00,2026-05-25T13:00:31+05:45,2026-05-25,13:00:31,1779693331,0,7,13,nepse_official,OPEN,2026-05-25,SGHC,Swet-Ganga Hydropower & Construction Limited ,382.0,385.0,372.0,,384.0,380.0,4.0,,6930.0,2643791.0,70.0,13.0,3.4031413612565444,1.0526315789473684,37768.44285714286,381.4994227994228
2026-05-25T07:15:31+00:00,2026-05-25T13:00:31+05:45,2026-05-25,13:00:31,1779693331,0,7,13,nepse_official,OPEN,2026-05-25,SGIC,Sanima GIC Insurance Limited,471.0,471.0,461.0,,470.0,464.0,6.0,,3748.0,1751974.7,43.0,10.0,2.1231422505307855,1.293103448275862,40743.597674418605,467.4425560298826
2026-05-25T07:15:31+00:00,2026-05-25T13:00:31+05:45,2026-05-25,13:00:31,1779693331,0,7,13,nepse_official,OPEN,2026-05-25,SHEL,Singati Hydro Energy Limited,315.0,323.0,315.0,,321.5,318.0,3.5,,89480.0,28713493.7,250.0,8.0,2.5396825396825395,1.10062893081761,114853.9748,320.89286656236027
2026-05-25T07:15:31+00:00,2026-05-25T13:00:31+05:45,2026-05-25,13:00:31,1779693331,0,7,13,nepse_official,OPEN,2026-05-25,SHINE,Shine Resunga Development Bank Ltd.,414.9,414.9,412.5,,414.9,412.0,2.8999999999999773,,5609.0,2324060.4,32.0,2.3999999999999773,0.5784526391901609,0.7038834951456255,72626.8875,414.344874309146
2026-05-25T07:15:31+00:00,2026-05-25T13:00:31+05:45,2026-05-25,13:00:31,1779693331,0,7,13,nepse_official,OPEN,2026-05-25,SHIVM,SHIVAM CEMENTS LTD,684.0,693.7,684.0,,693.7,686.9,6.800000000000068,,81462.0,56239705.9,374.0,9.700000000000045,1.418128654970767,0.9899548697044793,150373.54518716576,690.379635903857
2026-05-25T07:15:31+00:00,2026-05-25T13:00:31+05:45,2026-05-25,13:00:31,1779693331,0,7,13,nepse_official,OPEN,2026-05-25,SHL,Soaltee Hotel Limited,501.5,505.6,500.0,,505.0,500.1,4.899999999999977,,9199.0,4626672.8,37.0,5.600000000000023,1.1166500498504532,0.9798040391921569,125045.21081081081,502.9538862919882
2026-05-25T07:15:31+00:00,2026-05-25T13:00:31+05:45,2026-05-25,13:00:31,1779693331,0,7,13,nepse_official,OPEN,2026-05-25,SHLB,Shrijanshil Laghubitta Bittiya Sanstha Limited,1480.0,1480.0,1465.0,,1465.0,1470.0,-5.0,,20.0,29450.0,2.0,15.0,1.0135135135135136,-0.3401360544217687,14725.0,1472.5
2026-05-25T07:15:31+00:00,2026-05-25T13:00:31+05:45,2026-05-25,13:00:31,1779693331,0,7,13,nepse_official,OPEN,2026-05-25,SHPC,Sanima Mai Hydropower Ltd.,533.0,533.0,521.0,,528.5,521.7,6.7999999999999545,,26177.0,13724030.2,78.0,12.0,2.25140712945591,1.3034310906651243,175949.10512820512,524.278190778164
2026-05-25T07:15:31+00:00,2026-05-25T13:00:31+05:45,2026-05-25,13:00:31,1779693331,0,7,13,nepse_official,OPEN,2026-05-25,SICL,Shikhar Insurance Co. Ltd.,624.0,624.0,613.0,,621.0,617.8,3.2000000000000455,,3384.0,2099053.9,20.0,11.0,1.7628205128205128,0.5179669796050576,104952.69499999999,620.2877955082743
2026-05-25T07:15:31+00:00,2026-05-25T13:00:31+05:45,2026-05-25,13:00:31,1779693331,0,7,13,nepse_official,OPEN,2026-05-25,SIFC,Shree Investment Finance Co. Ltd.,540.0,548.0,535.3,,537.2,541.0,-3.7999999999999545,,2599.0,1404546.6,40.0,12.700000000000045,2.35185185185186,-0.7024029574861284,35113.665,540.4180838784148
2026-05-25T07:15:31+00:00,2026-05-25T13:00:31+05:45,2026-05-25,13:00:31,1779693331,0,7,13,nepse_official,OPEN,2026-05-25,SIGS3,Siddhartha Investment Growth Scheme 3,10.66,10.7,10.66,,10.7,10.86,-0.16000000000000014,,300.0,3206.0,3.0,0.03999999999999915,0.375234521575977,-1.4732965009208117,1068.6666666666667,10.686666666666667
2026-05-25T07:15:31+00:00,2026-05-25T13:00:31+05:45,2026-05-25,13:00:31,1779693331,0,7,13,nepse_official,OPEN,2026-05-25,SIKLES,Sikles Hydropower Limited,605.0,605.0,600.0,,603.0,600.0,3.0,,7533.0,4533688.5,57.0,5.0,0.8264462809917356,0.5,79538.3947368421,601.8436877737953
2026-05-25T07:15:31+00:00,2026-05-25T13:00:31+05:45,2026-05-25,13:00:31,1779693331,0,7,13,nepse_official,OPEN,2026-05-25,SINDU,Sindhu Bikash Bank Ltd,713.1,729.0,713.1,,722.1,720.0,2.1000000000000227,,2753.0,1997437.9,43.0,15.899999999999977,2.2297013041649105,0.29166666666666985,46452.04418604651,725.5495459498728
2026-05-25T07:15:31+00:00,2026-05-25T13:00:31+05:45,2026-05-25,13:00:31,1779693331,0,7,13,nepse_official,OPEN,2026-05-25,SIPD,Shikhar power Development Limited,815.0,860.0,810.0,,859.0,815.0,44.0,,23211.0,19521160.7,848.0,50.0,6.134969325153374,5.398773006134969,23020.2366745283,841.0305760199905
2026-05-25T07:15:31+00:00,2026-05-25T13:00:31+05:45,2026-05-25,13:00:31,1779693331,0,7,13,nepse_official,OPEN,2026-05-25,SJCL,SANJEN JALAVIDHYUT COMPANY LIMITED,302.0,312.6,302.0,,305.5,306.9,-1.3999999999999773,,42653.0,13022419.4,81.0,10.600000000000023,3.5099337748344444,-0.45617464972302946,160770.60987654323,305.31074953696105
2026-05-25T07:15:31+00:00,2026-05-25T13:00:31+05:45,2026-05-25,13:00:31,1779693331,0,7,13,nepse_official,OPEN,2026-05-25,SJLIC,SuryaJyoti Life Insurance Company Limited,429.0,438.0,429.0,,432.7,431.0,1.6999999999999886,,5719.0,2479776.0,79.0,9.0,2.097902097902098,0.3944315545243593,31389.569620253165,433.6030774610946
2026-05-25T07:15:31+00:00,2026-05-25T13:00:31+05:45,2026-05-25,13:00:31,1779693331,0,7,13,nepse_official,OPEN,2026-05-25,SKBBL,Sana Kisan Bikas Laghubitta Bittiya Sanstha Limited,791.0,791.0,769.0,,771.8,765.0,6.7999999999999545,,13286.0,10407426.0,68.0,22.0,2.781289506953224,0.888888888888883,153050.38235294117,783.3377991871142
2026-05-25T07:15:31+00:00,2026-05-25T13:00:31+05:45,2026-05-25,13:00:31,1779693331,0,7,13,nepse_official,OPEN,2026-05-25,SKHEL,Suryakunda Hydro Electric Limited,1290.0,1348.7,1278.0,,1340.0,1278.0,62.0,,9388.0,12448499.7,275.0,70.70000000000005,5.480620155038763,4.851330203442879,45267.271636363635,1326.0012462718364
2026-05-25T07:15:31+00:00,2026-05-25T13:00:31+05:45,2026-05-25,13:00:31,1779693331,0,7,13,nepse_official,OPEN,2026-05-25,SKHL,Super Khudi Hydropower Limited,970.0,1040.3,955.0,,1017.1,950.0,67.10000000000002,,43521.0,43748890.4,915.0,85.29999999999995,8.793814432989686,7.063157894736845,47812.994972677596,1005.2363318857563
2026-05-25T07:15:31+00:00,2026-05-25T13:00:31+05:45,2026-05-25,13:00:31,1779693331,0,7,13,nepse_official,OPEN,2026-05-25,SLBBL,Swarojgar Laghubitta Bittiya Sanstha Ltd.,825.0,835.0,821.1,,835.0,822.7,12.299999999999955,,3581.0,2974610.8,49.0,13.899999999999977,1.6848484848484822,1.4950771848790512,60706.34285714285,830.6648422228427
2026-05-25T07:15:31+00:00,2026-05-25T13:00:31+05:45,2026-05-25,13:00:31,1779693331,0,7,13,nepse_official,OPEN,2026-05-25,SLBSL,Samudayik Laghubitta Bittiya Sanstha Limited,1180.0,1185.0,1180.0,,1185.0,1180.0,5.0,,68.0,80388.0,4.0,5.0,0.423728813559322,0.423728813559322,20097.0,1182.1764705882354
2026-05-25T07:15:31+00:00,2026-05-25T13:00:31+05:45,2026-05-25,13:00:31,1779693331,0,7,13,nepse_official,OPEN,2026-05-25,SLCF,Sanima Large Cap Fund,10.3,10.3,10.01,,10.01,10.0,0.009999999999999787,,400.0,4064.0,3.0,0.2900000000000009,2.8155339805825332,0.09999999999999788,1354.6666666666667,10.16
2026-05-25T07:15:31+00:00,2026-05-25T13:00:31+05:45,2026-05-25,13:00:31,1779693331,0,7,13,nepse_official,OPEN,2026-05-25,SMATA,Samata Gharelu Laghubitta Bittiya Sanstha Limited,770.0,775.0,765.0,,772.0,770.0,2.0,,310.0,238646.4,20.0,10.0,1.2987012987012987,0.2597402597402597,11932.32,769.8270967741935
2026-05-25T07:15:31+00:00,2026-05-25T13:00:31+05:45,2026-05-25,13:00:31,1779693331,0,7,13,nepse_official,OPEN,2026-05-25,SMB,Support Microfinance Bittiya Sanstha Ltd.,1788.0,1790.0,1751.0,,1752.0,1741.0,11.0,,468.0,827133.0,15.0,39.0,2.1812080536912752,0.6318207926479035,55142.2,1767.378205128205
2026-05-25T07:15:31+00:00,2026-05-25T13:00:31+05:45,2026-05-25,13:00:31,1779693331,0,7,13,nepse_official,OPEN,2026-05-25,SMFBS,Swabhimaan Laghubitta Bittiya Sanstha Limited,1513.3,1520.0,1502.0,,1520.0,1535.0,-15.0,,422.0,637175.0,14.0,18.0,1.1894535121918985,-0.9771986970684038,45512.5,1509.89336492891
2026-05-25T07:15:31+00:00,2026-05-25T13:00:31+05:45,2026-05-25,13:00:31,1779693331,0,7,13,nepse_official,OPEN,2026-05-25,SMH,Super Mai Hydropower Limited,594.0,600.0,585.2,,595.5,594.0,1.5,,6512.0,3890897.8,45.0,14.799999999999955,2.491582491582484,0.25252525252525254,86464.39555555556,597.4965909090909
2026-05-25T07:15:31+00:00,2026-05-25T13:00:31+05:45,2026-05-25,13:00:31,1779693331,0,7,13,nepse_official,OPEN,2026-05-25,SMHL,Super Madi Hydropower Limited,500.1,508.0,500.1,,508.0,499.0,9.0,,17456.0,8821541.5,158.0,7.899999999999977,1.579684063187358,1.8036072144288577,55832.54113924051,505.3587018790101
2026-05-25T07:15:31+00:00,2026-05-25T13:00:31+05:45,2026-05-25,13:00:31,1779693331,0,7,13,nepse_official,OPEN,2026-05-25,SMJC,Sagarmatha Jalabidhyut Company Limited,463.6,499.0,463.6,,499.0,487.9,11.100000000000023,,43107.0,21099257.0,191.0,35.39999999999998,7.63589301121656,2.2750563640090227,110467.31413612566,489.4624306957107
2026-05-25T07:15:31+00:00,2026-05-25T13:00:31+05:45,2026-05-25,13:00:31,1779693331,0,7,13,nepse_official,OPEN,2026-05-25,SMPDA,Sampada Laghubitta Bittiya Sanstha Limited,838.0,854.0,838.0,,848.0,838.0,10.0,,1229.0,1038055.9,22.0,16.0,1.9093078758949882,1.1933174224343674,47184.35909090909,844.6345809601302
2026-05-25T07:15:31+00:00,2026-05-25T13:00:31+05:45,2026-05-25,13:00:31,1779693331,0,7,13,nepse_official,OPEN,2026-05-25,SNLI,Sun Nepal Life Insurance Company Limited,455.0,455.0,447.5,,451.8,447.0,4.800000000000011,,10524.0,4730819.5,168.0,7.5,1.6483516483516485,1.0738255033557071,28159.63988095238,449.52674838464463
2026-05-25T07:15:31+00:00,2026-05-25T13:00:31+05:45,2026-05-25,13:00:31,1779693331,0,7,13,nepse_official,OPEN,2026-05-25,SOHL,Solu Hydropower Limited,685.0,710.0,685.0,,709.0,688.0,21.0,,74517.0,52116997.8,1429.0,25.0,3.64963503649635,3.0523255813953485,36470.957172848146,699.3974234067393
2026-05-25T07:15:31+00:00,2026-05-25T13:00:31+05:45,2026-05-25,13:00:31,1779693331,0,7,13,nepse_official,OPEN,2026-05-25,SONA,Sonapur Minerals And Oil Limited,475.0,475.0,455.1,,464.0,462.0,2.0,,30563.0,14209625.8,206.0,19.899999999999977,4.189473684210522,0.4329004329004329,68978.76601941748,464.9290252920198
2026-05-25T07:15:31+00:00,2026-05-25T13:00:31+05:45,2026-05-25,13:00:31,1779693331,0,7,13,nepse_official,OPEN,2026-05-25,SPC,Samling Power Company Limited,455.2,478.5,455.2,,472.9,458.2,14.699999999999989,,1515.0,712207.1,36.0,23.30000000000001,5.118629173989458,3.208206023570491,19783.530555555553,470.10369636963696
2026-05-25T07:15:31+00:00,2026-05-25T13:00:31+05:45,2026-05-25,13:00:31,1779693331,0,7,13,nepse_official,OPEN,2026-05-25,SPDL,Synergy Power Development Ltd.,427.0,427.0,408.5,,409.2,407.0,2.1999999999999886,,27936.0,11451252.6,59.0,18.5,4.332552693208431,0.5405405405405377,194089.02711864407,409.9102448453608
2026-05-25T07:15:31+00:00,2026-05-25T13:00:31+05:45,2026-05-25,13:00:31,1779693331,0,7,13,nepse_official,OPEN,2026-05-25,SPHL,Sayapatri Hydropower Limited,500.0,543.0,500.0,,535.0,525.0,10.0,,4345.0,2300794.7,48.0,43.0,8.6,1.9047619047619049,47933.22291666667,529.5269735327963
2026-05-25T07:15:31+00:00,2026-05-25T13:00:31+05:45,2026-05-25,13:00:31,1779693331,0,7,13,nepse_official,OPEN,2026-05-25,SPIL,Siddhartha Premier Insurance Limited,707.2,713.0,707.2,,712.0,709.8,2.2000000000000455,,1154.0,820923.8,7.0,5.7999999999999545,0.8201357466063283,0.3099464637926241,117274.82857142857,711.3724436741768
2026-05-25T07:15:31+00:00,2026-05-25T13:00:31+05:45,2026-05-25,13:00:31,1779693331,0,7,13,nepse_official,OPEN,2026-05-25,SPL,Shuvam Power Limited,705.0,725.0,705.0,,725.0,708.0,17.0,,240.0,170450.0,5.0,20.0,2.8368794326241136,2.401129943502825,34090.0,710.2083333333334
2026-05-25T07:15:31+00:00,2026-05-25T13:00:31+05:45,2026-05-25,13:00:31,1779693331,0,7,13,nepse_official,OPEN,2026-05-25,SRLI,Sanima Reliance Life Insurance Limited,389.3,397.5,389.3,,395.8,393.9,1.900000000000034,,11348.0,4480092.1,136.0,8.199999999999989,2.1063447212946285,0.48235592790049103,32941.853676470586,394.79133768064855
2026-05-25T07:15:31+00:00,2026-05-25T13:00:31+05:45,2026-05-25,13:00:31,1779693331,0,7,13,nepse_official,OPEN,2026-05-25,SSHL,Shiva Shree Hydropower Ltd,220.0,228.8,220.0,,226.1,221.9,4.199999999999989,,226630.0,51317493.6,668.0,8.800000000000011,4.000000000000005,1.892744479495263,76822.59520958085,226.43733662798394
2026-05-25T07:15:31+00:00,2026-05-25T13:00:31+05:45,2026-05-25,13:00:31,1779693331,0,7,13,nepse_official,OPEN,2026-05-25,STC,Salt Trading Corporation,5863.0,5935.0,5830.0,,5920.0,5930.0,-10.0,,686.0,4039068.0,26.0,105.0,1.7908920347944737,-0.16863406408094433,155348.76923076922,5887.854227405248
2026-05-25T07:15:31+00:00,2026-05-25T13:00:31+05:45,2026-05-25,13:00:31,1779693331,0,7,13,nepse_official,OPEN,2026-05-25,SWASTIK,Swastik Laghubitta Bittiya Sanstha Limited,2415.0,2472.0,2375.0,,2435.0,2400.0,35.0,,612.0,1480394.0,18.0,97.0,4.01656314699793,1.4583333333333333,82244.11111111111,2418.9444444444443
2026-05-25T07:15:31+00:00,2026-05-25T13:00:31+05:45,2026-05-25,13:00:31,1779693331,0,7,13,nepse_official,OPEN,2026-05-25,SWBBL,Swabalamban Laghubitta Bittiya Sanstha Limited,778.1,778.1,746.0,,746.0,741.1,4.899999999999977,,1501.0,1130974.2,25.0,32.10000000000002,4.125433748875468,0.6611793280259044,45238.968,753.4804796802132
2026-05-25T07:15:31+00:00,2026-05-25T13:00:31+05:45,2026-05-25,13:00:31,1779693331,0,7,13,nepse_official,OPEN,2026-05-25,SWMF,Suryodaya Womi Laghubitta Bittiya Sanstha Limited,670.0,678.9,662.1,,676.5,669.1,7.399999999999977,,6821.0,4546384.6,31.0,16.799999999999955,2.5074626865671577,1.1059632341951842,146657.56774193546,666.5275766016713
2026-05-25T07:15:31+00:00,2026-05-25T13:00:31+05:45,2026-05-25,13:00:31,1779693331,0,7,13,nepse_official,OPEN,2026-05-25,SYPNL,SY Panel Nepal Limited,1459.0,1535.0,1459.0,,1530.0,1507.9,22.09999999999991,,31571.0,48213683.9,481.0,76.0,5.20904729266621,1.4656144306651573,100236.34906444907,1527.1509898324412
2026-05-25T07:15:31+00:00,2026-05-25T13:00:31+05:45,2026-05-25,13:00:31,1779693331,0,7,13,nepse_official,OPEN,2026-05-25,TAMOR,Sanima Middle Tamor Hydropower Limited,456.0,459.7,450.1,,457.1,455.0,2.1000000000000227,,41421.0,18933934.8,192.0,9.599999999999966,2.1052631578947296,0.4615384615384665,98614.24375000001,457.10955312522634
2026-05-25T07:15:31+00:00,2026-05-25T13:00:31+05:45,2026-05-25,13:00:31,1779693331,0,7,13,nepse_official,OPEN,2026-05-25,TPC,Terhathum Power Company Limited,389.0,389.0,375.0,,384.0,380.0,4.0,,14283.0,5472533.5,91.0,14.0,3.5989717223650386,1.0526315789473684,60137.730769230766,383.1501435272702
2026-05-25T07:15:31+00:00,2026-05-25T13:00:31+05:45,2026-05-25,13:00:31,1779693331,0,7,13,nepse_official,OPEN,2026-05-25,TRH,Taragaon Regency Hotel Limited,753.0,760.0,753.0,,760.0,755.2,4.7999999999999545,,604.0,456416.0,6.0,7.0,0.9296148738379815,0.635593220338977,76069.33333333333,755.6556291390729
2026-05-25T07:15:31+00:00,2026-05-25T13:00:31+05:45,2026-05-25,13:00:31,1779693331,0,7,13,nepse_official,OPEN,2026-05-25,TSHL,Three Star Hydropower Limited,550.0,565.0,550.0,,558.0,555.0,3.0,,2210.0,1235154.0,29.0,15.0,2.727272727272727,0.5405405405405406,42591.51724137931,558.8932126696833
2026-05-25T07:15:31+00:00,2026-05-25T13:00:31+05:45,2026-05-25,13:00:31,1779693331,0,7,13,nepse_official,OPEN,2026-05-25,TTL,Trade Tower Limited,898.8,898.8,846.0,,874.0,856.0,18.0,,18299.0,15956564.0,330.0,52.799999999999955,5.8744993324432535,2.102803738317757,48353.22424242424,871.9910377616263
2026-05-25T07:15:31+00:00,2026-05-25T13:00:31+05:45,2026-05-25,13:00:31,1779693331,0,7,13,nepse_official,OPEN,2026-05-25,TVCL,Trishuli Jal Vidhyut Company Limited ,509.1,525.0,509.1,,521.0,521.9,-0.8999999999999773,,11793.0,6010224.0,27.0,15.899999999999977,3.123158515026513,-0.17244682889441987,222600.88888888888,509.64334774866444
2026-05-25T07:15:31+00:00,2026-05-25T13:00:31+05:45,2026-05-25,13:00:31,1779693331,0,7,13,nepse_official,OPEN,2026-05-25,UAIL,United Ajod Insurance Limited,437.0,453.0,437.0,,445.0,445.0,0.0,,6046.0,2686145.6,57.0,16.0,3.6613272311212817,0.0,47125.361403508774,444.2847502480979
2026-05-25T07:15:31+00:00,2026-05-25T13:00:31+05:45,2026-05-25,13:00:31,1779693331,0,7,13,nepse_official,OPEN,2026-05-25,UHEWA,Upper Hewakhola Hydropower Company Limited,583.5,587.9,580.0,,587.9,583.6,4.2999999999999545,,1773.0,1033131.0,24.0,7.899999999999977,1.3538988860325583,0.7368060315284363,43047.125,582.7021996615905
2026-05-25T07:15:31+00:00,2026-05-25T13:00:31+05:45,2026-05-25,13:00:31,1779693331,0,7,13,nepse_official,OPEN,2026-05-25,ULBSL,Upakar Laghubitta Bittiya Sanstha Limited,2850.0,2997.9,2850.0,,2950.0,2920.0,30.0,,552.0,1627514.6,31.0,147.9000000000001,5.18947368421053,1.0273972602739725,52500.47096774194,2948.3960144927537
2026-05-25T07:15:31+00:00,2026-05-25T13:00:31+05:45,2026-05-25,13:00:31,1779693331,0,7,13,nepse_official,OPEN,2026-05-25,ULHC,Upper Lohore Khola Hydropower Company Limited,478.1,485.0,478.1,,480.5,477.5,3.0,,11660.0,5606513.9,77.0,6.899999999999977,1.443212717004806,0.6282722513089005,72811.86883116883,480.83309605488853
2026-05-25T07:15:31+00:00,2026-05-25T13:00:31+05:45,2026-05-25,13:00:31,1779693331,0,7,13,nepse_official,OPEN,2026-05-25,UMHL,United Modi Hydropower Ltd.,550.0,574.0,550.0,,570.3,564.0,6.2999999999999545,,5361.0,3059424.1,27.0,24.0,4.363636363636364,1.1170212765957366,113312.00370370371,570.6816079089722
2026-05-25T07:15:31+00:00,2026-05-25T13:00:31+05:45,2026-05-25,13:00:31,1779693331,0,7,13,nepse_official,OPEN,2026-05-25,UMRH,United IDI Mardi RB Hydropower Limited.,537.2,550.0,537.2,,547.0,545.0,2.0,,14150.0,7680924.7,52.0,12.799999999999955,2.382725241995524,0.3669724770642202,147710.09038461538,542.8215335689046
2026-05-25T07:15:31+00:00,2026-05-25T13:00:31+05:45,2026-05-25,13:00:31,1779693331,0,7,13,nepse_official,OPEN,2026-05-25,UNHPL,Union Hydropower Limited,420.0,444.0,420.0,,440.0,434.0,6.0,,29965.0,13121695.4,106.0,24.0,5.714285714285714,1.3824884792626728,123789.57924528302,437.90073085266147
2026-05-25T07:15:31+00:00,2026-05-25T13:00:31+05:45,2026-05-25,13:00:31,1779693331,0,7,13,nepse_official,OPEN,2026-05-25,UNLB,Unique Nepal Laghubitta Bittiya Sanstha Limited,1385.0,1420.0,1385.0,,1420.0,1424.0,-4.0,,710.0,991787.0,19.0,35.0,2.527075812274368,-0.2808988764044944,52199.31578947369,1396.8830985915492
2026-05-25T07:15:31+00:00,2026-05-25T13:00:31+05:45,2026-05-25,13:00:31,1779693331,0,7,13,nepse_official,OPEN,2026-05-25,UPCL,UNIVERSAL POWER COMPANY LTD,377.0,380.0,373.0,,376.0,373.0,3.0,,21885.0,8240329.6,94.0,7.0,1.8567639257294428,0.8042895442359249,87663.08085106383,376.52865432944935
2026-05-25T07:15:31+00:00,2026-05-25T13:00:31+05:45,2026-05-25,13:00:31,1779693331,0,7,13,nepse_official,OPEN,2026-05-25,UPPER,Upper Tamakoshi Hydropower Ltd,197.5,211.9,197.5,,210.9,207.5,3.4000000000000057,,102497.0,21547793.2,483.0,14.400000000000006,7.291139240506332,1.6385542168674727,44612.408281573495,210.2285257129477
2026-05-25T07:15:31+00:00,2026-05-25T13:00:31+05:45,2026-05-25,13:00:31,1779693331,0,7,13,nepse_official,OPEN,2026-05-25,USHEC,Upper Solu Hydro Electric Company Limited,508.0,517.0,508.0,,515.1,507.0,8.100000000000023,,25915.0,13368850.0,133.0,9.0,1.7716535433070866,1.597633136094679,100517.66917293234,515.8730464981671
2026-05-25T07:15:31+00:00,2026-05-25T13:00:31+05:45,2026-05-25,13:00:31,1779693331,0,7,13,nepse_official,OPEN,2026-05-25,USHL,Upper Syange Hydropower Limited,630.0,640.0,630.0,,636.0,625.0,11.0,,238.0,151303.0,9.0,10.0,1.5873015873015872,1.76,16811.444444444445,635.7268907563025
2026-05-25T07:15:31+00:00,2026-05-25T13:00:31+05:45,2026-05-25,13:00:31,1779693331,0,7,13,nepse_official,OPEN,2026-05-25,USLB,Unnati Sahakarya Laghubitta Bittiya Sanstha Limited,1260.0,1281.0,1260.0,,1274.0,1256.0,18.0,,609.0,776875.1,19.0,21.0,1.6666666666666667,1.4331210191082804,40888.163157894734,1275.6569786535304
2026-05-25T07:15:31+00:00,2026-05-25T13:00:31+05:45,2026-05-25,13:00:31,1779693331,0,7,13,nepse_official,OPEN,2026-05-25,VLBS,Vijaya laghubitta Bittiya Sanstha Ltd.,691.2,708.0,691.2,,701.0,694.9,6.100000000000023,,1139.0,799136.0,77.0,16.799999999999955,2.4305555555555487,0.8778241473593357,10378.38961038961,701.6119402985074
2026-05-25T07:15:31+00:00,2026-05-25T13:00:31+05:45,2026-05-25,13:00:31,1779693331,0,7,13,nepse_official,OPEN,2026-05-25,VLUCL,Vision Lumbini Urja Company Limited ,514.7,514.7,495.0,,502.0,500.0,2.0,,1345.0,675162.0,32.0,19.700000000000045,3.8274723139693108,0.4,21098.8125,501.97918215613385
2026-05-25T07:15:31+00:00,2026-05-25T13:00:31+05:45,2026-05-25,13:00:31,1779693331,0,7,13,nepse_official,OPEN,2026-05-25,WNLB,Wean Nepal Laghubitta Bittiya Sanstha Limited,1499.0,1499.0,1458.0,,1464.0,1480.0,-16.0,,75.0,110180.0,7.0,41.0,2.735156771180787,-1.0810810810810811,15740.0,1469.0666666666666
2026-05-25T07:45:22+00:00,2026-05-25T13:30:22+05:45,2026-05-25,13:30:22,1779695122,0,7,13,nepse_official,OPEN,2026-05-25,ACLBSL,Aarambha Chautari Laghubitta Bittiya Sanstha Limited,977.4,977.4,954.0,,958.1,949.0,9.100000000000023,,178.0,170599.0,11.0,23.399999999999977,2.3941068139963146,0.9589041095890436,15509.0,958.4213483146067
2026-05-25T07:45:22+00:00,2026-05-25T13:30:22+05:45,2026-05-25,13:30:22,1779695122,0,7,13,nepse_official,OPEN,2026-05-25,ADBL,Agricultural Development Bank Limited,317.9,317.9,312.3,,316.0,313.0,3.0,,28919.0,9150103.3,113.0,5.599999999999966,1.7615602390688792,0.9584664536741214,80974.36548672567,316.4045540993811
2026-05-25T07:45:22+00:00,2026-05-25T13:30:22+05:45,2026-05-25,13:30:22,1779695122,0,7,13,nepse_official,OPEN,2026-05-25,ADBLD83,10.35% Agricultural Bank Debenture 2083,1051.9,1051.9,1051.9,,1051.9,1070.0,-18.09999999999991,,25.0,26297.5,1.0,0.0,0.0,-1.6915887850467204,26297.5,1051.9
2026-05-25T07:45:22+00:00,2026-05-25T13:30:22+05:45,2026-05-25,13:30:22,1779695122,0,7,13,nepse_official,OPEN,2026-05-25,AHL,Asian Hydropower Limited,505.0,518.5,504.0,,512.8,515.0,-2.2000000000000455,,9964.0,5041378.0,84.0,14.5,2.8712871287128716,-0.42718446601942633,60016.40476190476,505.9592533119229
2026-05-25T07:45:22+00:00,2026-05-25T13:30:22+05:45,2026-05-25,13:30:22,1779695122,0,7,13,nepse_official,OPEN,2026-05-25,AHPC,Arun Valley Hydropower Development Co. Ltd.,275.0,289.0,275.0,,287.4,284.0,3.3999999999999773,,61240.0,17549835.4,233.0,14.0,5.090909090909091,1.1971830985915413,75321.18197424892,286.57471260613977
2026-05-25T07:45:22+00:00,2026-05-25T13:30:22+05:45,2026-05-25,13:30:22,1779695122,0,7,13,nepse_official,OPEN,2026-05-25,AKJCL,Ankhu Khola Jalvidhyut Company Ltd,402.0,419.0,402.0,,415.9,402.0,13.899999999999977,,969767.0,400631975.8,1656.0,17.0,4.228855721393035,3.457711442786064,241927.52161835748,413.121889897264
2026-05-25T07:45:22+00:00,2026-05-25T13:30:22+05:45,2026-05-25,13:30:22,1779695122,0,7,13,nepse_official,OPEN,2026-05-25,AKPL,Arun Kabeli Power Ltd.,275.0,278.8,271.0,,277.0,274.5,2.5,,152085.0,41853933.9,376.0,7.800000000000011,2.8363636363636404,0.9107468123861567,111313.6539893617,275.2009330308709
2026-05-25T07:45:22+00:00,2026-05-25T13:30:22+05:45,2026-05-25,13:30:22,1779695122,0,7,13,nepse_official,OPEN,2026-05-25,ALBSL,Asha Laghubitta Bittiya Sanstha Ltd,1086.0,1121.0,1086.0,,1106.1,1115.0,-8.900000000000091,,4537.0,5021019.5,77.0,35.0,3.2228360957642725,-0.7982062780269139,65208.045454545456,1106.6827198589376
2026-05-25T07:45:22+00:00,2026-05-25T13:30:22+05:45,2026-05-25,13:30:22,1779695122,0,7,13,nepse_official,OPEN,2026-05-25,ALICL,Asian Life Insurance Co. Limited,459.9,459.9,452.0,,454.9,452.3,2.599999999999966,,6419.0,2910805.8,51.0,7.899999999999977,1.7177647314633566,0.5748397081582945,57074.62352941176,453.46717557251907
2026-05-25T07:45:22+00:00,2026-05-25T13:30:22+05:45,2026-05-25,13:30:22,1779695122,0,7,13,nepse_official,OPEN,2026-05-25,ANLB,Aatmanirbhar Laghubitta Bittiya Sanstha Limited,5901.0,5901.0,5733.0,,5890.0,5901.0,-11.0,,471.0,2724234.0,24.0,168.0,2.8469750889679712,-0.18640908320623623,113509.75,5783.9363057324845
2026-05-25T07:45:22+00:00,2026-05-25T13:30:22+05:45,2026-05-25,13:30:22,1779695122,0,7,13,nepse_official,OPEN,2026-05-25,API,Api Power Company Ltd.,359.0,363.0,357.2,,359.9,357.2,2.6999999999999886,,363588.0,131042878.8,923.0,5.800000000000011,1.615598885793875,0.7558790593505007,141974.94994582882,360.4158520083171
2026-05-25T07:45:22+00:00,2026-05-25T13:30:22+05:45,2026-05-25,13:30:22,1779695122,0,7,13,nepse_official,OPEN,2026-05-25,AVYAN,Aviyan Laghubitta Bittiya Sanstha Limited,1082.1,1155.5,1082.1,,1150.1,1139.0,11.099999999999909,,3712.0,4251033.5,75.0,73.40000000000009,6.783106921726283,0.9745390693590789,56680.44666666666,1145.213766163793
2026-05-25T07:45:22+00:00,2026-05-25T13:30:22+05:45,2026-05-25,13:30:22,1779695122,0,7,13,nepse_official,OPEN,2026-05-25,BANDIPUR,Bandipur Cablecar and Tourism Limited,910.0,910.0,855.0,,865.0,875.9,-10.899999999999977,,39710.0,34596891.6,594.0,55.0,6.043956043956044,-1.2444342961525263,58243.92525252525,871.2387710904055
2026-05-25T07:45:22+00:00,2026-05-25T13:30:22+05:45,2026-05-25,13:30:22,1779695122,0,7,13,nepse_official,OPEN,2026-05-25,BARUN,Barun Hydropower Co. Ltd.,352.0,358.7,351.0,,357.0,351.1,5.899999999999977,,27862.0,9932190.3,145.0,7.699999999999989,2.187499999999997,1.6804329250925596,68497.86413793104,356.478009475271
2026-05-25T07:45:22+00:00,2026-05-25T13:30:22+05:45,2026-05-25,13:30:22,1779695122,0,7,13,nepse_official,OPEN,2026-05-25,BBC,Bishal Bazar Company Limited,4818.9,4832.9,4766.1,,4766.1,4800.0,-33.899999999999636,,152.0,728237.9,15.0,66.79999999999927,1.3862084708128262,-0.7062499999999924,48549.193333333336,4791.038815789474
2026-05-25T07:45:22+00:00,2026-05-25T13:30:22+05:45,2026-05-25,13:30:22,1779695122,0,7,13,nepse_official,OPEN,2026-05-25,BEDC,Bhugol Energy Development Company Limited,395.7,395.7,377.3,,382.1,376.9,5.2000000000000455,,29818.0,11381132.1,179.0,18.399999999999977,4.649987364164765,1.379676306712668,63581.743575418994,381.6866355892414
2026-05-25T07:45:22+00:00,2026-05-25T13:30:22+05:45,2026-05-25,13:30:22,1779695122,0,7,13,nepse_official,OPEN,2026-05-25,BFC,Best Finance Company Ltd.,464.0,469.0,460.1,,465.0,458.0,7.0,,7201.0,3346308.1,56.0,8.899999999999977,1.9181034482758572,1.5283842794759825,59755.50178571429,464.70047215664493
2026-05-25T07:45:22+00:00,2026-05-25T13:30:22+05:45,2026-05-25,13:30:22,1779695122,0,7,13,nepse_official,OPEN,2026-05-25,BGWT,Bhagawati Hydropower Development Company Limited,665.0,674.0,665.0,,670.0,661.0,9.0,,838.0,562283.1,29.0,9.0,1.3533834586466165,1.361573373676248,19389.072413793103,670.9822195704057
2026-05-25T07:45:22+00:00,2026-05-25T13:30:22+05:45,2026-05-25,13:30:22,1779695122,0,7,13,nepse_official,OPEN,2026-05-25,BHCL,Bikash Hydropower Company Limited,566.0,594.0,566.0,,594.0,566.0,28.0,,47399.0,27486123.3,592.0,28.0,4.946996466431095,4.946996466431095,46429.26233108108,579.8882529167282
2026-05-25T07:45:22+00:00,2026-05-25T13:30:22+05:45,2026-05-25,13:30:22,1779695122,0,7,13,nepse_official,OPEN,2026-05-25,BHDC,Bindhyabasini Hydropower Development Company Limited,461.2,479.9,461.2,,475.1,463.6,11.5,,33201.0,15789958.7,186.0,18.69999999999999,4.054640069384212,2.4805867126833476,84892.25107526881,475.5868407578085
2026-05-25T07:45:22+00:00,2026-05-25T13:30:22+05:45,2026-05-25,13:30:22,1779695122,0,7,13,nepse_official,OPEN,2026-05-25,BHL,Balephi Hydropower Limited,237.0,237.0,225.0,,228.6,226.0,2.5999999999999943,,125082.0,28608704.4,454.0,12.0,5.063291139240507,1.1504424778761038,63014.76740088106,228.7195951455845
2026-05-25T07:45:22+00:00,2026-05-25T13:30:22+05:45,2026-05-25,13:30:22,1779695122,0,7,13,nepse_official,OPEN,2026-05-25,BHPL,Barahi Hydropower Public Limited,530.1,537.8,530.0,,532.9,529.8,3.1000000000000227,,2469.0,1319795.0,35.0,7.7999999999999545,1.4714204867006138,0.5851264628161614,37708.42857142857,534.5463750506278
2026-05-25T07:45:22+00:00,2026-05-25T13:30:22+05:45,2026-05-25,13:30:22,1779695122,0,7,13,nepse_official,OPEN,2026-05-25,BJHL,Bhujung Hydropower Limited,952.0,1000.0,945.0,,992.7,953.0,39.700000000000045,,11204.0,10953471.9,287.0,55.0,5.777310924369748,4.165792235047224,38165.40731707317,977.6394055694395
2026-05-25T07:45:22+00:00,2026-05-25T13:30:22+05:45,2026-05-25,13:30:22,1779695122,0,7,13,nepse_official,OPEN,2026-05-25,BNHC,Buddha Bhumi Nepal Hydropower Company Limited,333.1,343.0,332.0,,340.0,333.1,6.899999999999977,,5425.0,1835152.8,52.0,11.0,3.3023116181326926,2.0714500150105004,35291.4,338.2770138248848
2026-05-25T07:45:22+00:00,2026-05-25T13:30:22+05:45,2026-05-25,13:30:22,1779695122,0,7,13,nepse_official,OPEN,2026-05-25,BNL,Bottlers Nepal (Balaju) Limited,14818.7,14818.7,14818.7,,14818.7,14387.1,431.60000000000036,,10.0,148187.0,1.0,0.0,0.0,2.9999096412758677,148187.0,14818.7
2026-05-25T07:45:22+00:00,2026-05-25T13:30:22+05:45,2026-05-25,13:30:22,1779695122,0,7,13,nepse_official,OPEN,2026-05-25,BNT,Bottlers Nepal (Terai) Limited,11590.0,11900.0,11590.0,,11890.0,11590.6,299.39999999999964,,50.0,591190.0,5.0,310.0,2.6747195858498705,2.5831277069349268,118238.0,11823.8
2026-05-25T07:45:22+00:00,2026-05-25T13:30:22+05:45,2026-05-25,13:30:22,1779695122,0,7,13,nepse_official,OPEN,2026-05-25,BPCL,Butwal Power Company Limited,699.0,706.0,680.0,,704.5,699.0,5.5,,41971.0,29431481.7,132.0,26.0,3.719599427753934,0.7868383404864091,222965.77045454545,701.233749493698
2026-05-25T07:45:22+00:00,2026-05-25T13:30:22+05:45,2026-05-25,13:30:22,1779695122,0,7,13,nepse_official,OPEN,2026-05-25,BUNGAL,Bungal Hydro Limited,773.3,773.3,706.0,,753.0,814.0,-61.0,,45771.0,34122504.1,764.0,67.29999999999995,8.702961334540277,-7.493857493857494,44662.9634816754,745.5048851893121
2026-05-25T07:45:22+00:00,2026-05-25T13:30:22+05:45,2026-05-25,13:30:22,1779695122,0,7,13,nepse_official,OPEN,2026-05-25,C30MF,Citizens Super 30 Mutual Fund,9.89,10.2,9.89,,10.0,9.83,0.16999999999999993,,11500.0,117037.0,9.0,0.3099999999999987,3.134479271991898,1.7293997965411996,13004.111111111111,10.177130434782608
2026-05-25T07:45:22+00:00,2026-05-25T13:30:22+05:45,2026-05-25,13:30:22,1779695122,0,7,13,nepse_official,OPEN,2026-05-25,CBBL,Chhimek Laghubitta Bittiya Sanstha Limited,924.3,924.3,918.0,,923.0,917.0,6.0,,11635.0,10736454.5,136.0,6.2999999999999545,0.6815968841285248,0.6543075245365322,78944.51838235294,922.7721959604642
2026-05-25T07:45:22+00:00,2026-05-25T13:30:22+05:45,2026-05-25,13:30:22,1779695122,0,7,13,nepse_official,OPEN,2026-05-25,CFCL,Central Finance Co. Ltd.,510.0,510.0,496.0,,506.1,503.0,3.1000000000000227,,5190.0,2635283.0,26.0,14.0,2.7450980392156863,0.6163021868787322,101357.03846153847,507.7616570327553
2026-05-25T07:45:22+00:00,2026-05-25T13:30:22+05:45,2026-05-25,13:30:22,1779695122,0,7,13,nepse_official,OPEN,2026-05-25,CGH,Chandragiri Hills Limited,799.0,814.7,795.0,,800.0,803.8,-3.7999999999999545,,19437.0,15531445.0,115.0,19.700000000000045,2.4655819774718455,-0.4727544165215172,135056.04347826086,799.0659566805577
2026-05-25T07:45:22+00:00,2026-05-25T13:30:22+05:45,2026-05-25,13:30:22,1779695122,0,7,13,nepse_official,OPEN,2026-05-25,CHCL,Chilime Hydropower Company Limited,482.5,490.0,482.5,,487.0,482.0,5.0,,8822.0,4290840.3,115.0,7.5,1.5544041450777202,1.0373443983402488,37311.6547826087,486.3795397868964
2026-05-25T07:45:22+00:00,2026-05-25T13:30:22+05:45,2026-05-25,13:30:22,1779695122,0,7,13,nepse_official,OPEN,2026-05-25,CHDC,CEDB Holdings Limited,2300.0,2328.0,2286.0,,2315.0,2300.0,15.0,,5647.0,13075119.4,93.0,42.0,1.8260869565217392,0.6521739130434783,140592.68172043012,2315.409845935895
2026-05-25T07:45:22+00:00,2026-05-25T13:30:22+05:45,2026-05-25,13:30:22,1779695122,0,7,13,nepse_official,OPEN,2026-05-25,CHL,Chhyangdi Hydropower Ltd.,288.1,302.0,288.1,,296.0,297.0,-1.0,,40325.0,11908250.7,98.0,13.899999999999977,4.824713641096833,-0.33670033670033667,121512.76224489795,295.3068989460632
2026-05-25T07:45:22+00:00,2026-05-25T13:30:22+05:45,2026-05-25,13:30:22,1779695122,0,7,13,nepse_official,OPEN,2026-05-25,CIT,Citizen Investment Trust,1767.0,1789.9,1765.0,,1771.0,1767.0,4.0,,2813.0,4989811.4,77.0,24.90000000000009,1.409168081494063,0.22637238256932654,64802.74545454546,1773.8398151439746
2026-05-25T07:45:22+00:00,2026-05-25T13:30:22+05:45,2026-05-25,13:30:22,1779695122,0,7,13,nepse_official,OPEN,2026-05-25,CITY,City Hotel Limited,374.0,380.0,373.0,,378.9,371.0,7.899999999999977,,44093.0,16659813.2,245.0,7.0,1.8716577540106951,2.1293800539083496,67999.2375510204,377.8335155240061
2026-05-25T07:45:22+00:00,2026-05-25T13:30:22+05:45,2026-05-25,13:30:22,1779695122,0,7,13,nepse_official,OPEN,2026-05-25,CKHL,Chirkhwa Hydropower Limited ,658.0,688.0,658.0,,673.1,673.9,-0.7999999999999545,,460.0,310982.0,21.0,30.0,4.5592705167173255,-0.1187119750704785,14808.666666666666,676.0478260869565
2026-05-25T07:45:22+00:00,2026-05-25T13:30:22+05:45,2026-05-25,13:30:22,1779695122,0,7,13,nepse_official,OPEN,2026-05-25,CLI,Citizen Life Insurance Company Limited,452.0,459.0,452.0,,457.3,452.0,5.300000000000011,,9802.0,4463800.0,163.0,7.0,1.5486725663716814,1.1725663716814185,27385.276073619632,455.3968577841257
2026-05-25T07:45:22+00:00,2026-05-25T13:30:22+05:45,2026-05-25,13:30:22,1779695122,0,7,13,nepse_official,OPEN,2026-05-25,CMF2,CITIZENS MUTUAL FUND 2,10.0,10.25,10.0,,10.24,10.14,0.09999999999999964,,2520.0,25687.0,5.0,0.25,2.5,0.986193293885598,5137.4,10.193253968253968
2026-05-25T07:45:22+00:00,2026-05-25T13:30:22+05:45,2026-05-25,13:30:22,1779695122,0,7,13,nepse_official,OPEN,2026-05-25,CORBL,Corporate Development Bank Limited,2050.0,2058.0,2000.0,,2016.1,2066.0,-49.90000000000009,,10590.0,21345534.8,129.0,58.0,2.829268292682927,-2.4152952565343706,165469.2620155039,2015.6312370160529
2026-05-25T07:45:22+00:00,2026-05-25T13:30:22+05:45,2026-05-25,13:30:22,1779695122,0,7,13,nepse_official,OPEN,2026-05-25,CREST,Crest Micro Life Insurance Limited,1252.1,1260.0,1143.0,,1235.0,1318.0,-83.0,,18474.0,22643520.6,350.0,117.0,9.344301573356761,-6.29742033383915,64695.77314285715,1225.6966872361156
2026-05-25T07:45:22+00:00,2026-05-25T13:30:22+05:45,2026-05-25,13:30:22,1779695122,0,7,13,nepse_official,OPEN,2026-05-25,CSY,Citizens Santulit Yojana,9.17,9.47,9.17,,9.31,9.45,-0.1399999999999988,,3500.0,32643.0,23.0,0.3000000000000007,3.2715376226826685,-1.481481481481469,1419.2608695652175,9.326571428571429
2026-05-25T07:45:22+00:00,2026-05-25T13:30:22+05:45,2026-05-25,13:30:22,1779695122,0,7,13,nepse_official,OPEN,2026-05-25,CYCL,CYC Nepal Laghubitta Bittiya Sanstha Limited,1482.0,1485.0,1463.0,,1466.0,1470.1,-4.099999999999909,,321.0,471900.1,16.0,22.0,1.484480431848853,-0.27889259234065095,29493.75625,1470.0937694704048
2026-05-25T07:45:22+00:00,2026-05-25T13:30:22+05:45,2026-05-25,13:30:22,1779695122,0,7,13,nepse_official,OPEN,2026-05-25,CZBIL,Citizens Bank International Limited,197.2,210.0,197.2,,209.0,207.5,1.5,,33189.0,6890488.6,146.0,12.800000000000011,6.490872210953352,0.7228915662650602,47195.12739726027,207.61362499623368
2026-05-25T07:45:22+00:00,2026-05-25T13:30:22+05:45,2026-05-25,13:30:22,1779695122,0,7,13,nepse_official,OPEN,2026-05-25,DDBL,Deprosc Laghubitta Bittiya Sanstha Limited,859.0,870.0,853.0,,853.0,853.0,0.0,,3968.0,3399086.3,42.0,17.0,1.979045401629802,0.0,80930.62619047619,856.6245715725806
2026-05-25T07:45:22+00:00,2026-05-25T13:30:22+05:45,2026-05-25,13:30:22,1779695122,0,7,13,nepse_official,OPEN,2026-05-25,DHEL,Daramkhola Hydro Energy Limited,650.0,684.9,650.0,,670.0,668.1,1.8999999999999773,,32635.0,21962394.7,463.0,34.89999999999998,5.369230769230766,0.28438856458613637,47434.9777537797,672.9705745365405
2026-05-25T07:45:22+00:00,2026-05-25T13:30:22+05:45,2026-05-25,13:30:22,1779695122,0,7,13,nepse_official,OPEN,2026-05-25,DHPL,Dibyashwori Hydropower Ltd.,303.0,311.0,303.0,,303.0,302.0,1.0,,2779.0,845269.0,17.0,8.0,2.6402640264026402,0.33112582781456956,49721.705882352944,304.1630082763584
2026-05-25T07:45:22+00:00,2026-05-25T13:30:22+05:45,2026-05-25,13:30:22,1779695122,0,7,13,nepse_official,OPEN,2026-05-25,DLBS,Dhaulagiri Laghubitta Bittiya Sanstha Limited,1275.0,1295.0,1271.0,,1295.0,1275.0,20.0,,214.0,274077.0,12.0,24.0,1.8823529411764703,1.5686274509803921,22839.75,1280.733644859813
2026-05-25T07:45:22+00:00,2026-05-25T13:30:22+05:45,2026-05-25,13:30:22,1779695122,0,7,13,nepse_official,OPEN,2026-05-25,DOLTI,Dolti Power Company Limited,341.0,364.9,341.0,,361.0,358.9,2.1000000000000227,,36439.0,13193066.7,190.0,23.899999999999977,7.008797653958937,0.5851212036779111,69437.19315789473,362.0589670408079
2026-05-25T07:45:22+00:00,2026-05-25T13:30:22+05:45,2026-05-25,13:30:22,1779695122,0,7,13,nepse_official,OPEN,2026-05-25,DORDI,Dordi Khola Jal Bidyut Company Limited,277.1,287.9,277.1,,283.1,277.5,5.600000000000023,,37098.0,10476963.6,180.0,10.799999999999955,3.897509924215068,2.0180180180180263,58205.35333333333,282.4131651301957
2026-05-25T07:45:22+00:00,2026-05-25T13:30:22+05:45,2026-05-25,13:30:22,1779695122,0,7,13,nepse_official,OPEN,2026-05-25,EBL,Everest Bank Limited,719.9,719.9,710.3,,712.0,710.0,2.0,,20191.0,14367676.9,150.0,9.600000000000023,1.333518544242259,0.28169014084507044,95784.51266666666,711.588177901045
2026-05-25T07:45:22+00:00,2026-05-25T13:30:22+05:45,2026-05-25,13:30:22,1779695122,0,7,13,nepse_official,OPEN,2026-05-25,EBLD85,10.50% Everest Bank Limited Debenture 2085,1197.0,1197.0,1197.0,,1197.0,1198.0,-1.0,,10.0,11970.0,1.0,0.0,0.0,-0.08347245409015025,11970.0,1197.0
2026-05-25T07:45:22+00:00,2026-05-25T13:30:22+05:45,2026-05-25,13:30:22,1779695122,0,7,13,nepse_official,OPEN,2026-05-25,EBLD91,Everest Bank Limited Debenture 2091,1081.1,1081.1,1081.0,,1081.0,1085.0,-4.0,,100.0,108106.5,3.0,0.09999999999990905,0.009249838127824352,-0.3686635944700461,36035.5,1081.065
2026-05-25T07:45:22+00:00,2026-05-25T13:30:22+05:45,2026-05-25,13:30:22,1779695122,0,7,13,nepse_official,OPEN,2026-05-25,EDBL,Excel Development Bank Ltd.,583.0,595.0,583.0,,590.0,580.0,10.0,,2690.0,1590765.0,12.0,12.0,2.0583190394511153,1.7241379310344827,132563.75,591.3624535315985
2026-05-25T07:45:22+00:00,2026-05-25T13:30:22+05:45,2026-05-25,13:30:22,1779695122,0,7,13,nepse_official,OPEN,2026-05-25,EHPL,Eastern Hydropower Limited,395.0,402.0,395.0,,401.0,394.5,6.5,,15597.0,6224219.3,115.0,7.0,1.7721518987341773,1.6476552598225602,54123.64608695652,399.06515996666025
2026-05-25T07:45:22+00:00,2026-05-25T13:30:22+05:45,2026-05-25,13:30:22,1779695122,0,7,13,nepse_official,OPEN,2026-05-25,ENL,Emerging Nepal Limited,912.3,912.3,887.2,,902.2,898.0,4.2000000000000455,,303.0,272220.2,15.0,25.09999999999991,2.75128795352405,0.4677060133630341,18148.013333333332,898.4165016501651
2026-05-25T07:45:22+00:00,2026-05-25T13:30:22+05:45,2026-05-25,13:30:22,1779695122,0,7,13,nepse_official,OPEN,2026-05-25,FMDBL,First Micro Finance Laghubitta Bittiya Sanstha Limited,792.0,799.0,792.0,,795.0,787.3,7.7000000000000455,,7808.0,6210960.7,70.0,7.0,0.8838383838383838,0.9780261653753392,88728.01000000001,795.4611552254098
2026-05-25T07:45:22+00:00,2026-05-25T13:30:22+05:45,2026-05-25,13:30:22,1779695122,0,7,13,nepse_official,OPEN,2026-05-25,FOWAD,Forward Microfinance Laghubitta Bittiya Sanstha Limited,1068.9,1068.9,1047.0,,1049.6,1044.0,5.599999999999909,,1680.0,1766532.4,30.0,21.90000000000009,2.0488352511928234,0.5363984674329415,58884.41333333333,1051.5073809523808
2026-05-25T07:45:22+00:00,2026-05-25T13:30:22+05:45,2026-05-25,13:30:22,1779695122,0,7,13,nepse_official,OPEN,2026-05-25,GBBL,Garima Bikas Bank Limited,421.0,425.0,420.0,,422.0,421.0,1.0,,19702.0,8316102.1,80.0,5.0,1.187648456057007,0.23752969121140144,103951.27625,422.09431022231246
2026-05-25T07:45:22+00:00,2026-05-25T13:30:22+05:45,2026-05-25,13:30:22,1779695122,0,7,13,nepse_official,OPEN,2026-05-25,GBILD86/87,Global IME Bank Limited Debenture 2086/87,1086.0,1086.0,1086.0,,1086.0,1080.1,5.900000000000091,,25.0,27150.0,1.0,0.0,0.0,0.5462457179890835,27150.0,1086.0
2026-05-25T07:45:22+00:00,2026-05-25T13:30:22+05:45,2026-05-25,13:30:22,1779695122,0,7,13,nepse_official,OPEN,2026-05-25,GBIME,Global IME Bank Limited,236.0,239.0,235.2,,238.8,236.8,2.0,,34705.0,8252022.1,223.0,3.8000000000000114,1.6101694915254285,0.8445945945945945,37004.58340807175,237.77617346203715
2026-05-25T07:45:22+00:00,2026-05-25T13:30:22+05:45,2026-05-25,13:30:22,1779695122,0,7,13,nepse_official,OPEN,2026-05-25,GBIMESY2,Global IME Sammunat Yojana -2,9.31,9.58,9.25,,9.5,9.31,0.1899999999999995,,2650.0,24852.0,12.0,0.33000000000000007,3.5445757250268537,2.040816326530607,2071.0,9.37811320754717
2026-05-25T07:45:22+00:00,2026-05-25T13:30:22+05:45,2026-05-25,13:30:22,1779695122,0,7,13,nepse_official,OPEN,2026-05-25,GBLBS,Grameen Bikas Laghubitta Bittiya Sanstha Ltd.,788.0,788.0,766.0,,777.1,775.9,1.2000000000000455,,3093.0,2421897.5,42.0,22.0,2.7918781725888326,0.1546591055548454,57664.22619047619,783.0253798900743
2026-05-25T07:45:22+00:00,2026-05-25T13:30:22+05:45,2026-05-25,13:30:22,1779695122,0,7,13,nepse_official,OPEN,2026-05-25,GCIL,Ghorahi Cement Industry Limited,418.2,426.5,418.0,,425.0,424.0,1.0,,18596.0,7879194.9,178.0,8.5,2.0325203252032518,0.2358490566037736,44265.13988764045,423.70374811787485
2026-05-25T07:45:22+00:00,2026-05-25T13:30:22+05:45,2026-05-25,13:30:22,1779695122,0,7,13,nepse_official,OPEN,2026-05-25,GFCL,Goodwill Finance Limited,635.0,643.0,630.2,,630.2,635.0,-4.7999999999999545,,4005.0,2530053.0,24.0,12.799999999999955,2.015748031496056,-0.7559055118110164,105418.875,631.7235955056179
2026-05-25T07:45:22+00:00,2026-05-25T13:30:22+05:45,2026-05-25,13:30:22,1779695122,0,7,13,nepse_official,OPEN,2026-05-25,GHL,Ghalemdi Hydro Limited,245.0,247.9,241.3,,245.6,242.0,3.5999999999999943,,49317.0,12131674.0,170.0,6.599999999999994,2.693877551020406,1.4876033057851215,71362.78823529412,245.99375468905245
2026-05-25T07:45:22+00:00,2026-05-25T13:30:22+05:45,2026-05-25,13:30:22,1779695122,0,7,13,nepse_official,OPEN,2026-05-25,GIBF1,Global IME Balanced Fund-1,10.9,11.01,10.9,,11.0,11.0,0.0,,2700.0,29677.0,20.0,0.10999999999999943,1.0091743119266001,0.0,1483.85,10.99148148148148
2026-05-25T07:45:22+00:00,2026-05-25T13:30:22+05:45,2026-05-25,13:30:22,1779695122,0,7,13,nepse_official,OPEN,2026-05-25,GILB,Global IME Laghubitta Bittiya Sanstha Ltd.,1125.0,1157.0,1125.0,,1155.0,1130.0,25.0,,734.0,840554.5,18.0,32.0,2.8444444444444446,2.2123893805309733,46697.47222222222,1145.1696185286103
2026-05-25T07:45:22+00:00,2026-05-25T13:30:22+05:45,2026-05-25,13:30:22,1779695122,0,7,13,nepse_official,OPEN,2026-05-25,GLBSL,Gurans Laghubitta Bittiya Sanstha Limited,1830.0,1850.0,1805.0,,1805.0,1809.0,-4.0,,219.0,400403.8,11.0,45.0,2.459016393442623,-0.22111663902708678,36400.34545454545,1828.3278538812785
2026-05-25T07:45:22+00:00,2026-05-25T13:30:22+05:45,2026-05-25,13:30:22,1779695122,0,7,13,nepse_official,OPEN,2026-05-25,GLH,GreenLife Hydropower Limited,274.0,279.0,274.0,,278.0,274.0,4.0,,38609.0,10708975.2,143.0,5.0,1.824817518248175,1.4598540145985401,74887.93846153846,277.3699189308192
2026-05-25T07:45:22+00:00,2026-05-25T13:30:22+05:45,2026-05-25,13:30:22,1779695122,0,7,13,nepse_official,OPEN,2026-05-25,GMFBS,Ganapati Laghubitta Bittiya Sanstha Limited,1261.0,1315.0,1261.0,,1300.0,1286.0,14.0,,687.0,892263.2,18.0,54.0,4.282315622521808,1.088646967340591,49570.177777777775,1298.7819505094615
2026-05-25T07:45:22+00:00,2026-05-25T13:30:22+05:45,2026-05-25,13:30:22,1779695122,0,7,13,nepse_official,OPEN,2026-05-25,GMFIL,Guheshowori Merchant Bank & Finance Co. Ltd.,479.9,479.9,466.4,,473.0,469.9,3.1000000000000227,,405.0,190040.0,11.0,13.5,2.8130860595957494,0.6597148329431842,17276.363636363636,469.2345679012346
2026-05-25T07:45:22+00:00,2026-05-25T13:30:22+05:45,2026-05-25,13:30:22,1779695122,0,7,13,nepse_official,OPEN,2026-05-25,GMLI,Guardian Micro Life Insurance Limited ,1270.0,1295.0,1261.0,,1287.0,1269.9,17.09999999999991,,1516.0,1944097.6,47.0,34.0,2.677165354330709,1.3465627214741247,41363.778723404255,1282.3862796833773
2026-05-25T07:45:22+00:00,2026-05-25T13:30:22+05:45,2026-05-25,13:30:22,1779695122,0,7,13,nepse_official,OPEN,2026-05-25,GRDBL,Green Development Bank Ltd.,1061.1,1129.9,1061.1,,1100.0,1110.0,-10.0,,7543.0,8300504.5,58.0,68.80000000000018,6.4838375270945425,-0.9009009009009009,143112.14655172414,1100.4248309691104
2026-05-25T07:45:22+00:00,2026-05-25T13:30:22+05:45,2026-05-25,13:30:22,1779695122,0,7,13,nepse_official,OPEN,2026-05-25,GSY,Garima Samriddhi Yojana,9.99,10.1,9.91,,9.94,10.0,-0.0600000000000005,,8600.0,85950.5,30.0,0.1899999999999995,1.9019019019018968,-0.600000000000005,2865.016666666667,9.994244186046512
2026-05-25T07:45:22+00:00,2026-05-25T13:30:22+05:45,2026-05-25,13:30:22,1779695122,0,7,13,nepse_official,OPEN,2026-05-25,GUFL,Gurkhas Finance Ltd.,520.0,544.8,520.0,,542.7,535.0,7.7000000000000455,,6341.0,3417043.9,43.0,24.799999999999955,4.76923076923076,1.4392523364486067,79466.13720930232,538.8809178363034
2026-05-25T07:45:22+00:00,2026-05-25T13:30:22+05:45,2026-05-25,13:30:22,1779695122,0,7,13,nepse_official,OPEN,2026-05-25,GVL,Green Ventures Limited,492.0,500.0,492.0,,495.6,491.9,3.7000000000000455,,9382.0,4661986.6,76.0,8.0,1.6260162601626018,0.7521854035373137,61341.92894736842,496.9075463653805
2026-05-25T07:45:22+00:00,2026-05-25T13:30:22+05:45,2026-05-25,13:30:22,1779695122,0,7,13,nepse_official,OPEN,2026-05-25,H8020,Himalayan 80-20,12.33,12.33,11.81,,12.0,11.98,0.019999999999999574,,1100.0,13159.0,9.0,0.5199999999999996,4.217356042173557,0.16694490818029692,1462.111111111111,11.962727272727273
2026-05-25T07:45:22+00:00,2026-05-25T13:30:22+05:45,2026-05-25,13:30:22,1779695122,0,7,13,nepse_official,OPEN,2026-05-25,HATHY,Hathway Investment Nepal Limited,810.9,810.9,803.0,,805.0,799.0,6.0,,958.0,771878.9,41.0,7.899999999999977,0.9742261684548006,0.7509386733416771,18826.314634146343,805.719102296451
2026-05-25T07:45:22+00:00,2026-05-25T13:30:22+05:45,2026-05-25,13:30:22,1779695122,0,7,13,nepse_official,OPEN,2026-05-25,HBL,Himalayan Bank Limited,202.0,206.0,200.8,,205.4,203.0,2.4000000000000057,,39280.0,8040327.3,640.0,5.199999999999989,2.5742574257425686,1.1822660098522195,12563.01140625,204.69265020366598
2026-05-25T07:45:22+00:00,2026-05-25T13:30:22+05:45,2026-05-25,13:30:22,1779695122,0,7,13,nepse_official,OPEN,2026-05-25,HBLD83,10% Himalayan Bank Debenture 2083,1036.0,1065.0,1036.0,,1065.0,1036.0,29.0,,45.0,47200.0,2.0,29.0,2.799227799227799,2.799227799227799,23600.0,1048.888888888889
2026-05-25T07:45:22+00:00,2026-05-25T13:30:22+05:45,2026-05-25,13:30:22,1779695122,0,7,13,nepse_official,OPEN,2026-05-25,HDHPC,Himal Dolakha Hydropower Company Limited,230.7,236.0,230.7,,234.9,230.7,4.200000000000017,,154282.0,36100853.8,452.0,5.300000000000011,2.2973558734287005,1.8205461638491622,79869.14557522124,233.99264852672377
2026-05-25T07:45:22+00:00,2026-05-25T13:30:22+05:45,2026-05-25,13:30:22,1779695122,0,7,13,nepse_official,OPEN,2026-05-25,HDL,Himalayan Distillery Limited,1180.0,1180.0,1169.1,,1172.0,1167.9,4.099999999999909,,13921.0,16308458.0,235.0,10.900000000000091,0.9237288135593297,0.35105745354909745,69397.69361702127,1171.5004669204798
2026-05-25T07:45:22+00:00,2026-05-25T13:30:22+05:45,2026-05-25,13:30:22,1779695122,0,7,13,nepse_official,OPEN,2026-05-25,HEI,Himalayan Everest Insurance Limited,535.0,583.0,535.0,,538.0,535.9,2.1000000000000227,,5514.0,2981858.9,31.0,48.0,8.97196261682243,0.39186415376003414,96188.99677419354,540.7796336597751
2026-05-25T07:45:22+00:00,2026-05-25T13:30:22+05:45,2026-05-25,13:30:22,1779695122,0,7,13,nepse_official,OPEN,2026-05-25,HEIP,Himalayan Everest Insurance Limited Promoter,328.9,328.9,328.9,,328.9,320.0,8.899999999999977,,548.0,180237.2,1.0,0.0,0.0,2.781249999999993,180237.2,328.90000000000003
2026-05-25T07:45:22+00:00,2026-05-25T13:30:22+05:45,2026-05-25,13:30:22,1779695122,0,7,13,nepse_official,OPEN,2026-05-25,HFIN,Hotel Forest Inn Limited,985.0,1030.0,985.0,,1029.0,1000.0,29.0,,46321.0,47046249.1,1488.0,45.0,4.568527918781726,2.9000000000000004,31617.102889784946,1015.657025970942
2026-05-25T07:45:22+00:00,2026-05-25T13:30:22+05:45,2026-05-25,13:30:22,1779695122,0,7,13,nepse_official,OPEN,2026-05-25,HHL,Himalayan Hydropower Limited,396.9,396.9,378.0,,382.1,378.0,4.100000000000023,,24386.0,9333925.1,108.0,18.899999999999977,4.7619047619047565,1.0846560846560906,86425.2324074074,382.7575289100303
2026-05-25T07:45:22+00:00,2026-05-25T13:30:22+05:45,2026-05-25,13:30:22,1779695122,0,7,13,nepse_official,OPEN,2026-05-25,HIDCL,Hydorelectricity Investment and Development Company Ltd,270.0,276.8,270.0,,276.0,271.5,4.5,,51324.0,14102648.9,244.0,6.800000000000011,2.5185185185185226,1.6574585635359116,57797.74139344262,274.7768860572052
2026-05-25T07:45:22+00:00,2026-05-25T13:30:22+05:45,2026-05-25,13:30:22,1779695122,0,7,13,nepse_official,OPEN,2026-05-25,HIDCLP,Hydorelectricity Investment and Development Company Limited Promoter,209.2,210.5,207.4,,210.4,207.3,3.0999999999999943,,130370.0,27278642.8,285.0,3.0999999999999943,1.4818355640535348,1.4954172696574983,95714.53614035089,209.24018409143207
2026-05-25T07:45:22+00:00,2026-05-25T13:30:22+05:45,2026-05-25,13:30:22,1779695122,0,7,13,nepse_official,OPEN,2026-05-25,HIMSTAR,Him Star Urja Company Limited,900.0,929.5,900.0,,916.2,918.0,-1.7999999999999545,,5220.0,4795467.1,86.0,29.5,3.277777777777778,-0.19607843137254408,55761.245348837205,918.6718582375478
2026-05-25T07:45:22+00:00,2026-05-25T13:30:22+05:45,2026-05-25,13:30:22,1779695122,0,7,13,nepse_official,OPEN,2026-05-25,HLBSL,Himalayan Laghubitta Bittiya Sanstha Limited,910.0,920.0,893.0,,914.9,898.0,16.899999999999977,,432.0,386441.8,9.0,27.0,2.9670329670329667,1.8819599109131377,42937.97777777778,894.5412037037037
2026-05-25T07:45:22+00:00,2026-05-25T13:30:22+05:45,2026-05-25,13:30:22,1779695122,0,7,13,nepse_official,OPEN,2026-05-25,HLI,Himalayan Life Insurance Limited,344.0,344.0,340.0,,343.3,339.8,3.5,,24143.0,8273069.2,190.0,4.0,1.1627906976744187,1.0300176574455562,43542.469473684214,342.66947769539826
2026-05-25T07:45:22+00:00,2026-05-25T13:30:22+05:45,2026-05-25,13:30:22,1779695122,0,7,13,nepse_official,OPEN,2026-05-25,HLICF,HLI Large Cap Fund,9.1,9.12,8.9,,9.01,8.87,0.14000000000000057,,19760.0,177957.6,13.0,0.21999999999999886,2.417582417582405,1.578354002254798,13689.046153846155,9.005951417004049
2026-05-25T07:45:22+00:00,2026-05-25T13:30:22+05:45,2026-05-25,13:30:22,1779695122,0,7,13,nepse_official,OPEN,2026-05-25,HPPL,Himalayan Power Partner Ltd.,381.3,388.0,381.0,,386.0,381.0,5.0,,6548.0,2525753.7,69.0,7.0,1.8358248098610017,1.3123359580052494,36605.12608695652,385.72903176542457
2026-05-25T07:45:22+00:00,2026-05-25T13:30:22+05:45,2026-05-25,13:30:22,1779695122,0,7,13,nepse_official,OPEN,2026-05-25,HRL,Himalayan Reinsurance Limited,641.0,658.0,640.5,,656.1,641.4,14.700000000000045,,54386.0,35354456.6,654.0,17.5,2.730109204368175,2.291861552853141,54058.802140672786,650.0653955061965
2026-05-25T07:45:22+00:00,2026-05-25T13:30:22+05:45,2026-05-25,13:30:22,1779695122,0,7,13,nepse_official,OPEN,2026-05-25,HURJA,Himalaya Urja Bikas Company Limited,262.0,268.9,262.0,,268.0,263.0,5.0,,57213.0,15221338.2,182.0,6.899999999999977,2.6335877862595334,1.9011406844106464,83633.72637362637,266.0468459965392
2026-05-25T07:45:22+00:00,2026-05-25T13:30:22+05:45,2026-05-25,13:30:22,1779695122,0,7,13,nepse_official,OPEN,2026-05-25,ICFC,ICFC Finance Limited,631.0,635.0,629.0,,634.0,631.0,3.0,,4262.0,2696811.6,39.0,6.0,0.9508716323296356,0.4754358161648178,69149.01538461538,632.7572970436415
2026-05-25T07:45:22+00:00,2026-05-25T13:30:22+05:45,2026-05-25,13:30:22,1779695122,0,7,13,nepse_official,OPEN,2026-05-25,ICFCD89,8% ICFC Finance Limited Debenture 2089,1081.0,1085.0,1081.0,,1085.0,1099.0,-14.0,,50.0,54150.0,2.0,4.0,0.37002775208140615,-1.2738853503184715,27075.0,1083.0
2026-05-25T07:45:22+00:00,2026-05-25T13:30:22+05:45,2026-05-25,13:30:22,1779695122,0,7,13,nepse_official,OPEN,2026-05-25,IGI,IGI Prudential insurance Limited,439.9,439.9,431.8,,436.5,430.0,6.5,,6272.0,2730622.7,32.0,8.099999999999966,1.8413275744487307,1.5116279069767442,85331.959375,435.3671396683674
2026-05-25T07:45:22+00:00,2026-05-25T13:30:22+05:45,2026-05-25,13:30:22,1779695122,0,7,13,nepse_official,OPEN,2026-05-25,IHL,Ingwa Hydropower Limited,442.0,451.1,425.0,,435.0,442.0,-7.0,,91802.0,39937146.4,453.0,26.100000000000023,5.9049773755656165,-1.583710407239819,88161.47108167771,435.03568985425153
2026-05-25T07:45:22+00:00,2026-05-25T13:30:22+05:45,2026-05-25,13:30:22,1779695122,0,7,13,nepse_official,OPEN,2026-05-25,ILBS,Infinity Laghubitta Bittiya Sanstha Limited,935.0,947.2,920.1,,940.0,939.9,0.10000000000002274,,2368.0,2191380.6,28.0,27.100000000000023,2.898395721925136,0.010639429726569075,78263.59285714287,925.4141047297297
2026-05-25T07:45:22+00:00,2026-05-25T13:30:22+05:45,2026-05-25,13:30:22,1779695122,0,7,13,nepse_official,OPEN,2026-05-25,ILI,IME Life Insurance Company Limited,437.0,444.0,437.0,,441.0,439.9,1.1000000000000227,,4069.0,1793719.7,153.0,7.0,1.6018306636155606,0.250056831097982,11723.65816993464,440.82568198574586
2026-05-25T07:45:22+00:00,2026-05-25T13:30:22+05:45,2026-05-25,13:30:22,1779695122,0,7,13,nepse_official,OPEN,2026-05-25,JBBL,Jyoti Bikas Bank Limited,343.5,366.8,343.5,,365.8,361.5,4.300000000000011,,20012.0,7287047.8,105.0,23.30000000000001,6.783114992721984,1.1894882434301552,69400.45523809524,364.13390965420746
2026-05-25T07:45:22+00:00,2026-05-25T13:30:22+05:45,2026-05-25,13:30:22,1779695122,0,7,13,nepse_official,OPEN,2026-05-25,JBLB,Jeevan Bikas Laghubitta  Bittya Sanstha Ltd,1305.0,1325.0,1305.0,,1316.0,1302.0,14.0,,1737.0,2290638.5,72.0,20.0,1.532567049808429,1.0752688172043012,31814.42361111111,1318.7325849165227
2026-05-25T07:45:22+00:00,2026-05-25T13:30:22+05:45,2026-05-25,13:30:22,1779695122,0,7,13,nepse_official,OPEN,2026-05-25,JFL,Janaki Finance Company Limited,409.0,414.9,409.0,,411.0,408.0,3.0,,1494.0,613960.1,17.0,5.899999999999977,1.4425427872860581,0.7352941176470588,36115.299999999996,410.95053547523423
2026-05-25T07:45:22+00:00,2026-05-25T13:30:22+05:45,2026-05-25,13:30:22,1779695122,0,7,13,nepse_official,OPEN,2026-05-25,JHAPA,Jhapa Energy Limited,1480.0,1519.0,1438.0,,1508.0,1499.0,9.0,,10099.0,14975340.4,183.0,81.0,5.472972972972974,0.600400266844563,81832.46120218579,1482.8537875037132
2026-05-25T07:45:22+00:00,2026-05-25T13:30:22+05:45,2026-05-25,13:30:22,1779695122,0,7,13,nepse_official,OPEN,2026-05-25,JOSHI,Joshi Hydropower Development Company Ltd,282.1,290.0,282.1,,289.0,284.5,4.5,,8158.0,2347733.0,62.0,7.899999999999977,2.800425381070534,1.5817223198594026,37866.66129032258,287.78291247854867
2026-05-25T07:45:22+00:00,2026-05-25T13:30:22+05:45,2026-05-25,13:30:22,1779695122,0,7,13,nepse_official,OPEN,2026-05-25,JSLBB,Janautthan Samudayic Laghubitta Bittya Sanstha Limited,1078.5,1082.2,1078.1,,1082.1,1089.1,-7.0,,90.0,97265.9,4.0,4.100000000000136,0.38015762633288236,-0.6427325314479846,24316.475,1080.7322222222222
2026-05-25T07:45:22+00:00,2026-05-25T13:30:22+05:45,2026-05-25,13:30:22,1779695122,0,7,13,nepse_official,OPEN,2026-05-25,KBL,Kumari Bank Limited,220.0,224.0,219.0,,223.7,218.7,5.0,,186918.0,41403800.0,512.0,5.0,2.272727272727273,2.286236854138089,80866.796875,221.50782696155534
2026-05-25T07:45:22+00:00,2026-05-25T13:30:22+05:45,2026-05-25,13:30:22,1779695122,0,7,13,nepse_official,OPEN,2026-05-25,KBSH,Kutheli Bukhari Small Hydropower Limited,1470.2,1500.0,1470.2,,1500.0,1500.0,0.0,,60.0,89702.0,2.0,29.799999999999955,2.0269351108692666,0.0,44851.0,1495.0333333333333
2026-05-25T07:45:22+00:00,2026-05-25T13:30:22+05:45,2026-05-25,13:30:22,1779695122,0,7,13,nepse_official,OPEN,2026-05-25,KDBY,Kumari Dhanabriddhi Yojana,11.41,11.7,11.41,,11.57,11.45,0.120000000000001,,271800.0,3157281.0,33.0,0.28999999999999915,2.5416301489921045,1.0480349344978255,95675.18181818182,11.616192052980132
2026-05-25T07:45:22+00:00,2026-05-25T13:30:22+05:45,2026-05-25,13:30:22,1779695122,0,7,13,nepse_official,OPEN,2026-05-25,KDL,Kalinchowk Darshan Limited,850.0,850.0,812.0,,832.5,826.8,5.7000000000000455,,1426.0,1179582.2,38.0,38.0,4.470588235294118,0.6894049346879592,31041.63684210526,827.1964936886395
2026-05-25T07:45:22+00:00,2026-05-25T13:30:22+05:45,2026-05-25,13:30:22,1779695122,0,7,13,nepse_official,OPEN,2026-05-25,KEF,Kumari Equity Fund,10.75,10.81,10.72,,10.79,10.75,0.03999999999999915,,11900.0,128348.0,18.0,0.08999999999999986,0.8372093023255801,0.37209302325580607,7130.444444444444,10.785546218487395
2026-05-25T07:45:22+00:00,2026-05-25T13:30:22+05:45,2026-05-25,13:30:22,1779695122,0,7,13,nepse_official,OPEN,2026-05-25,KKHC,Khanikhola Hydropower Co. Ltd.,273.5,273.5,266.0,,268.1,266.1,2.0,,38650.0,10415316.1,144.0,7.5,2.742230347349177,0.7515971439308531,72328.58402777778,269.4777774902975
2026-05-25T07:45:22+00:00,2026-05-25T13:30:22+05:45,2026-05-25,13:30:22,1779695122,0,7,13,nepse_official,OPEN,2026-05-25,KMCDB,Kalika Laghubitta Bittiya Sanstha Ltd,860.0,865.0,855.0,,860.0,860.0,0.0,,390.0,335846.0,13.0,10.0,1.1627906976744187,0.0,25834.30769230769,861.1435897435897
2026-05-25T07:45:22+00:00,2026-05-25T13:30:22+05:45,2026-05-25,13:30:22,1779695122,0,7,13,nepse_official,OPEN,2026-05-25,KPCL,Kalika power Company Ltd,490.0,500.0,490.0,,499.9,493.5,6.399999999999977,,5364.0,2675170.6,48.0,10.0,2.0408163265306123,1.29685916919959,55732.72083333333,498.72680835197616
2026-05-25T07:45:22+00:00,2026-05-25T13:30:22+05:45,2026-05-25,13:30:22,1779695122,0,7,13,nepse_official,OPEN,2026-05-25,KSBBL,Kamana Sewa Bikas Bank Limited,484.0,490.0,484.0,,486.1,482.1,4.0,,21177.0,10344616.8,69.0,6.0,1.2396694214876034,0.8297033810412777,149921.98260869566,488.4835812438023
2026-05-25T07:45:22+00:00,2026-05-25T13:30:22+05:45,2026-05-25,13:30:22,1779695122,0,7,13,nepse_official,OPEN,2026-05-25,KSBBLD87,9% Kamana Sewa Bikas Bank Limited Debenture 2087,1132.0,1132.0,1132.0,,1132.0,1131.0,1.0,,25.0,28300.0,1.0,0.0,0.0,0.08841732979664013,28300.0,1132.0
2026-05-25T07:45:22+00:00,2026-05-25T13:30:22+05:45,2026-05-25,13:30:22,1779695122,0,7,13,nepse_official,OPEN,2026-05-25,KSBBLP,Kamana Sewa Bikas Bank Limited Promoter Share,269.0,269.0,269.0,,269.0,269.0,0.0,,14079.0,3787251.0,1.0,0.0,0.0,0.0,3787251.0,269.0
2026-05-25T07:45:22+00:00,2026-05-25T13:30:22+05:45,2026-05-25,13:30:22,1779695122,0,7,13,nepse_official,OPEN,2026-05-25,KSY,Kumari Sabal Yojana,9.8,9.9,9.61,,9.9,9.8,0.09999999999999964,,21300.0,210583.0,16.0,0.2900000000000009,2.959183673469397,1.0204081632653024,13161.4375,9.886525821596244
2026-05-25T07:45:22+00:00,2026-05-25T13:30:22+05:45,2026-05-25,13:30:22,1779695122,0,7,13,nepse_official,OPEN,2026-05-25,LBBL,Lumbini Bikas Bank Ltd.,498.1,498.1,491.0,,496.0,491.0,5.0,,24767.0,12266461.3,98.0,7.100000000000023,1.4254165830154633,1.0183299389002036,125167.9724489796,495.2744094965075
2026-05-25T07:45:22+00:00,2026-05-25T13:30:22+05:45,2026-05-25,13:30:22,1779695122,0,7,13,nepse_official,OPEN,2026-05-25,LEC,Liberty Energy Company Limited,222.0,237.9,222.0,,236.0,233.0,3.0,,79107.0,18666346.1,288.0,15.900000000000006,7.162162162162165,1.2875536480686696,64813.701736111114,235.96326620905865
2026-05-25T07:45:22+00:00,2026-05-25T13:30:22+05:45,2026-05-25,13:30:22,1779695122,0,7,13,nepse_official,OPEN,2026-05-25,LICN,Life Insurance Corporation (Nepal) Limited,829.0,829.0,813.0,,821.6,813.0,8.600000000000023,,1214.0,995419.5,23.0,16.0,1.9300361881785282,1.0578105781057838,43279.108695652176,819.9501647446458
2026-05-25T07:45:22+00:00,2026-05-25T13:30:22+05:45,2026-05-25,13:30:22,1779695122,0,7,13,nepse_official,OPEN,2026-05-25,LLBS,Laxmi Laghubitta Bittiya Sanstha Ltd.,958.0,965.0,958.0,,965.0,958.0,7.0,,810.0,776050.0,3.0,7.0,0.7306889352818371,0.7306889352818371,258683.33333333334,958.0864197530864
2026-05-25T07:45:22+00:00,2026-05-25T13:30:22+05:45,2026-05-25,13:30:22,1779695122,0,7,13,nepse_official,OPEN,2026-05-25,LSL,Laxmi Sunrise Bank Limited,215.0,244.0,215.0,,227.0,225.9,1.0999999999999943,,51576.0,11713886.7,184.0,29.0,13.488372093023257,0.48694112439132103,63662.4277173913,227.11894485807352
2026-05-25T07:45:22+00:00,2026-05-25T13:30:22+05:45,2026-05-25,13:30:22,1779695122,0,7,13,nepse_official,OPEN,2026-05-25,LUK,Laxmi Unnati Kosh,9.95,10.2,9.95,,9.95,9.95,0.0,,5500.0,54755.0,6.0,0.25,2.512562814070352,0.0,9125.833333333334,9.955454545454545
2026-05-25T07:45:22+00:00,2026-05-25T13:30:22+05:45,2026-05-25,13:30:22,1779695122,0,7,13,nepse_official,OPEN,2026-05-25,LVF2,Laxmi Value Fund 2,9.8,10.0,9.8,,9.9,10.0,-0.09999999999999964,,1300.0,12928.0,12.0,0.1999999999999993,2.0408163265306047,-0.9999999999999963,1077.3333333333333,9.944615384615384
2026-05-25T07:45:22+00:00,2026-05-25T13:30:22+05:45,2026-05-25,13:30:22,1779695122,0,7,13,nepse_official,OPEN,2026-05-25,MABEL,Mabilung Energy Limited,760.0,782.0,760.0,,767.1,760.0,7.100000000000023,,18339.0,14153111.5,305.0,22.0,2.8947368421052633,0.9342105263157924,46403.644262295085,771.7493592889471
2026-05-25T07:45:22+00:00,2026-05-25T13:30:22+05:45,2026-05-25,13:30:22,1779695122,0,7,13,nepse_official,OPEN,2026-05-25,MAKAR,Makar Jitumaya Suri Hydropower Limited,535.1,535.1,504.0,,506.6,509.7,-3.099999999999966,,6211.0,3154371.7,57.0,31.100000000000023,5.8119977574285215,-0.608200902491655,55339.854385964914,507.8685718885848
2026-05-25T07:45:22+00:00,2026-05-25T13:30:22+05:45,2026-05-25,13:30:22,1779695122,0,7,13,nepse_official,OPEN,2026-05-25,MANDU,Mandu Hydropower Limited,815.0,828.0,815.0,,826.0,818.9,7.100000000000023,,768.0,633859.8,17.0,13.0,1.5950920245398774,0.8670167297594362,37285.870588235295,825.33828125
2026-05-25T07:45:22+00:00,2026-05-25T13:30:22+05:45,2026-05-25,13:30:22,1779695122,0,7,13,nepse_official,OPEN,2026-05-25,MATRI,Matribhumi Lagubitta Bittiya Sanstha Limited,881.0,913.0,880.0,,909.5,895.0,14.5,,474.0,421692.7,23.0,33.0,3.745743473325766,1.6201117318435754,18334.465217391305,889.6470464135022
2026-05-25T07:45:22+00:00,2026-05-25T13:30:22+05:45,2026-05-25,13:30:22,1779695122,0,7,13,nepse_official,OPEN,2026-05-25,MBJC,Madhya Bhotekoshi Jalavidyut Company Limited,286.0,289.8,281.3,,287.7,286.0,1.6999999999999886,,16841.0,4846342.7,209.0,8.5,2.972027972027972,0.5944055944055904,23188.24258373206,287.7704827504305
2026-05-25T07:45:22+00:00,2026-05-25T13:30:22+05:45,2026-05-25,13:30:22,1779695122,0,7,13,nepse_official,OPEN,2026-05-25,MBL,Machhapuchhre Bank Limited,253.7,256.8,253.7,,255.0,252.9,2.0999999999999943,,70098.0,17895948.0,127.0,3.1000000000000227,1.2219156484036353,0.8303677342823227,140912.97637795276,255.2989814260036
2026-05-25T07:45:22+00:00,2026-05-25T13:30:22+05:45,2026-05-25,13:30:22,1779695122,0,7,13,nepse_official,OPEN,2026-05-25,MBLEF,MBL Equity Fund,9.93,10.21,9.93,,10.0,10.05,-0.05000000000000071,,1000.0,9999.0,10.0,0.28000000000000114,2.8197381671702026,-0.4975124378109523,999.9,9.999
2026-05-25T07:45:22+00:00,2026-05-25T13:30:22+05:45,2026-05-25,13:30:22,1779695122,0,7,13,nepse_official,OPEN,2026-05-25,MCHL,Menchhiyam Hydropower Limited,323.0,329.9,313.4,,329.9,322.9,7.0,,20870.0,6765317.8,121.0,16.5,5.108359133126935,2.167853824713534,55911.7173553719,324.16472448490657
2026-05-25T07:45:22+00:00,2026-05-25T13:30:22+05:45,2026-05-25,13:30:22,1779695122,0,7,13,nepse_official,OPEN,2026-05-25,MDB,Miteri Development Bank Limited,615.0,618.0,612.2,,613.0,614.6,-1.6000000000000227,,7670.0,4713583.4,36.0,5.7999999999999545,0.9430894308943015,-0.26033192320208637,130932.87222222223,614.5480312907432
2026-05-25T07:45:22+00:00,2026-05-25T13:30:22+05:45,2026-05-25,13:30:22,1779695122,0,7,13,nepse_official,OPEN,2026-05-25,MEHL,Manakamana Engineering Hydropower Limited,379.0,390.0,379.0,,383.5,380.0,3.5,,480.0,184525.0,30.0,11.0,2.9023746701846966,0.9210526315789472,6150.833333333333,384.4270833333333
2026-05-25T07:45:22+00:00,2026-05-25T13:30:22+05:45,2026-05-25,13:30:22,1779695122,0,7,13,nepse_official,OPEN,2026-05-25,MEL,Modi Energy Limited,238.0,244.1,235.1,,244.0,238.1,5.900000000000006,,15547.0,3760856.7,163.0,9.0,3.7815126050420167,2.4779504409911826,23072.740490797547,241.90240560879914
2026-05-25T07:45:22+00:00,2026-05-25T13:30:22+05:45,2026-05-25,13:30:22,1779695122,0,7,13,nepse_official,OPEN,2026-05-25,MEN,Mountain Energy Nepal Limited,610.0,615.0,606.5,,608.9,604.0,4.899999999999977,,33477.0,20351319.6,160.0,8.5,1.3934426229508197,0.8112582781456916,127195.74750000001,607.9194551483108
2026-05-25T07:45:22+00:00,2026-05-25T13:30:22+05:45,2026-05-25,13:30:22,1779695122,0,7,13,nepse_official,OPEN,2026-05-25,MERO,Mero Microfinance Bittiya Sanstha Ltd.,732.9,733.0,720.0,,725.0,718.0,7.0,,2383.0,1730366.7,25.0,13.0,1.7737754127438943,0.9749303621169917,69214.668,726.1295425933697
2026-05-25T07:45:22+00:00,2026-05-25T13:30:22+05:45,2026-05-25,13:30:22,1779695122,0,7,13,nepse_official,OPEN,2026-05-25,MFIL,Manjushree Finance Ltd.,785.0,804.8,785.0,,803.0,802.0,1.0,,8552.0,6839461.8,61.0,19.799999999999955,2.5222929936305674,0.12468827930174563,112122.32459016393,799.7499766136576
2026-05-25T07:45:22+00:00,2026-05-25T13:30:22+05:45,2026-05-25,13:30:22,1779695122,0,7,13,nepse_official,OPEN,2026-05-25,MHCL,Molung Hydropower Company Limited,370.0,372.0,365.0,,368.0,368.9,-0.8999999999999773,,3099.0,1143235.0,66.0,7.0,1.891891891891892,-0.24396855516399496,17321.742424242424,368.9044853178445
2026-05-25T07:45:22+00:00,2026-05-25T13:30:22+05:45,2026-05-25,13:30:22,1779695122,0,7,13,nepse_official,OPEN,2026-05-25,MHL,Mandakini Hydropower Limited,500.0,510.0,498.5,,510.0,500.0,10.0,,8758.0,4420207.0,57.0,11.5,2.3,2.0,77547.49122807017,504.70506965060514
2026-05-25T07:45:22+00:00,2026-05-25T13:30:22+05:45,2026-05-25,13:30:22,1779695122,0,7,13,nepse_official,OPEN,2026-05-25,MHNL,Mountain Hydro Nepal Limited,268.0,276.0,268.0,,274.9,270.0,4.899999999999977,,3615.0,993075.0,31.0,8.0,2.9850746268656714,1.8148148148148062,32034.677419354837,274.7095435684647
2026-05-25T07:45:22+00:00,2026-05-25T13:30:22+05:45,2026-05-25,13:30:22,1779695122,0,7,13,nepse_official,OPEN,2026-05-25,MKCL,Muktinath Krishi Company Limited,1290.0,1310.0,1281.0,,1290.2,1288.0,2.2000000000000455,,530.0,686483.4,26.0,29.0,2.248062015503876,0.17080745341615258,26403.207692307693,1295.2516981132076
2026-05-25T07:45:22+00:00,2026-05-25T13:30:22+05:45,2026-05-25,13:30:22,1779695122,0,7,13,nepse_official,OPEN,2026-05-25,MKHC,Maya Khola Hydropower Company Limited,320.0,342.9,320.0,,337.5,320.0,17.5,,48572.0,16313961.3,335.0,22.899999999999977,7.156249999999993,5.46875,48698.39194029851,335.8717223915013
2026-05-25T07:45:22+00:00,2026-05-25T13:30:22+05:45,2026-05-25,13:30:22,1779695122,0,7,13,nepse_official,OPEN,2026-05-25,MKHL,Mai Khola Hydropower Limited,523.1,574.8,523.1,,553.5,545.0,8.5,,5693.0,3200626.5,80.0,51.69999999999993,9.883387497610387,1.5596330275229358,40007.83125,562.2038468294396
2026-05-25T07:45:22+00:00,2026-05-25T13:30:22+05:45,2026-05-25,13:30:22,1779695122,0,7,13,nepse_official,OPEN,2026-05-25,MKJC,Mailung Khola Jal Vidhyut Company Limited,500.0,501.6,493.2,,500.5,490.0,10.5,,2635.0,1314980.5,24.0,8.400000000000034,1.6800000000000068,2.142857142857143,54790.854166666664,499.0438330170778
2026-05-25T07:45:22+00:00,2026-05-25T13:30:22+05:45,2026-05-25,13:30:22,1779695122,0,7,13,nepse_official,OPEN,2026-05-25,MLBBL,Mithila LaghuBitta Bittiya Sanstha Limited,1220.0,1220.0,1183.0,,1205.0,1198.0,7.0,,1789.0,2128996.5,19.0,37.0,3.0327868852459017,0.5843071786310517,112052.44736842105,1190.0483510340973
2026-05-25T07:45:22+00:00,2026-05-25T13:30:22+05:45,2026-05-25,13:30:22,1779695122,0,7,13,nepse_official,OPEN,2026-05-25,MLBL,Mahalaxmi Bikas Bank Ltd.,369.9,370.0,367.3,,370.0,365.9,4.100000000000023,,8927.0,3290254.3,49.0,2.6999999999999886,0.729927007299267,1.1205247335337587,67148.0469387755,368.5733505096897
2026-05-25T07:45:22+00:00,2026-05-25T13:30:22+05:45,2026-05-25,13:30:22,1779695122,0,7,13,nepse_official,OPEN,2026-05-25,MLBS,Manushi Laghubitta Bittiya Sanstha Limited,1250.0,1300.0,1250.0,,1290.0,1279.0,11.0,,120.0,155199.0,7.0,50.0,4.0,0.8600469116497262,22171.285714285714,1293.325
2026-05-25T07:45:22+00:00,2026-05-25T13:30:22+05:45,2026-05-25,13:30:22,1779695122,0,7,13,nepse_official,OPEN,2026-05-25,MLBSL,Mahila Lagubitta Bittiya Sanstha Limited ,1800.0,1800.0,1790.0,,1795.0,1800.0,-5.0,,110.0,196804.1,6.0,10.0,0.5555555555555556,-0.2777777777777778,32800.683333333334,1789.128181818182
2026-05-25T07:45:22+00:00,2026-05-25T13:30:22+05:45,2026-05-25,13:30:22,1779695122,0,7,13,nepse_official,OPEN,2026-05-25,MMF1,Mega Mutual Fund -1,9.7,9.7,9.39,,9.45,9.59,-0.14000000000000057,,2105.0,20048.25,12.0,0.3099999999999987,3.195876288659781,-1.4598540145985461,1670.6875,9.524109263657957
2026-05-25T07:45:22+00:00,2026-05-25T13:30:22+05:45,2026-05-25,13:30:22,1779695122,0,7,13,nepse_official,OPEN,2026-05-25,MMKJL,Mathillo Mailun Khola Jalvidhyut Limited,494.0,515.0,494.0,,506.0,501.0,5.0,,1519.0,767390.0,39.0,21.0,4.251012145748987,0.998003992015968,19676.666666666668,505.194206714944
2026-05-25T07:45:22+00:00,2026-05-25T13:30:22+05:45,2026-05-25,13:30:22,1779695122,0,7,13,nepse_official,OPEN,2026-05-25,MNBBL,Muktinath Bikas Bank Ltd.,374.3,379.0,374.0,,377.9,372.9,5.0,,22328.0,8430573.4,111.0,5.0,1.3358268768367618,1.3408420488066506,75951.11171171171,377.5785292010032
2026-05-25T07:45:22+00:00,2026-05-25T13:30:22+05:45,2026-05-25,13:30:22,1779695122,0,7,13,nepse_official,OPEN,2026-05-25,MNMF1,Muktinath Mutual Fund 1,9.9,9.95,9.9,,9.95,10.0,-0.05000000000000071,,3470.0,34494.7,18.0,0.049999999999998934,0.5050505050504942,-0.5000000000000071,1916.372222222222,9.940835734870316
2026-05-25T07:45:22+00:00,2026-05-25T13:30:22+05:45,2026-05-25,13:30:22,1779695122,0,7,13,nepse_official,OPEN,2026-05-25,MPFL,Multipurpose Finance Company  Limited,624.9,624.9,613.0,,619.0,619.5,-0.5,,1547.0,961427.5,22.0,11.899999999999977,1.9043046887501964,-0.08071025020177562,43701.25,621.4786683904331
2026-05-25T07:45:22+00:00,2026-05-25T13:30:22+05:45,2026-05-25,13:30:22,1779695122,0,7,13,nepse_official,OPEN,2026-05-25,MSHL,Mid Solu Hydropower Limited,695.0,700.0,686.0,,700.0,695.0,5.0,,503.0,350775.6,14.0,14.0,2.014388489208633,0.7194244604316548,25055.399999999998,697.3669980119283
2026-05-25T07:45:22+00:00,2026-05-25T13:30:22+05:45,2026-05-25,13:30:22,1779695122,0,7,13,nepse_official,OPEN,2026-05-25,MSLB,Mahuli Laghubitta Bittiya Sanstha Limited,1272.0,1272.0,1235.0,,1250.0,1240.0,10.0,,275.0,343949.0,19.0,37.0,2.908805031446541,0.8064516129032258,18102.57894736842,1250.7236363636364
2026-05-25T07:45:22+00:00,2026-05-25T13:30:22+05:45,2026-05-25,13:30:22,1779695122,0,7,13,nepse_official,OPEN,2026-05-25,NABBC,Narayani Development Bank Limited,930.0,968.0,930.0,,951.1,950.0,1.1000000000000227,,1866.0,1774162.0,31.0,38.0,4.086021505376344,0.11578947368421293,57231.032258064515,950.7834941050376
2026-05-25T07:45:22+00:00,2026-05-25T13:30:22+05:45,2026-05-25,13:30:22,1779695122,0,7,13,nepse_official,OPEN,2026-05-25,NABIL,Nabil Bank Limited,530.0,535.5,530.0,,535.0,530.0,5.0,,40596.0,21646436.8,378.0,5.5,1.0377358490566038,0.9433962264150944,57265.705820105824,533.21600157651
2026-05-25T07:45:22+00:00,2026-05-25T13:30:22+05:45,2026-05-25,13:30:22,1779695122,0,7,13,nepse_official,OPEN,2026-05-25,NADEP,Nadep Laghubittiya bittya Sanstha Ltd.,741.0,763.2,735.4,,750.0,745.0,5.0,,896.0,665129.6,21.0,27.800000000000068,3.7516869095816556,0.6711409395973155,31672.838095238094,742.3321428571428
2026-05-25T07:45:22+00:00,2026-05-25T13:30:22+05:45,2026-05-25,13:30:22,1779695122,0,7,13,nepse_official,OPEN,2026-05-25,NBF2,NABIL BALANCED FUND-2,9.95,10.1,9.9,,10.0,9.95,0.05000000000000071,,5400.0,54475.0,4.0,0.1999999999999993,2.0100502512562746,0.5025125628140775,13618.75,10.087962962962964
2026-05-25T07:45:22+00:00,2026-05-25T13:30:22+05:45,2026-05-25,13:30:22,1779695122,0,7,13,nepse_official,OPEN,2026-05-25,NBF3,Nabil Balanced Fund-3,9.95,9.96,9.95,,9.95,9.95,0.0,,3800.0,37822.0,20.0,0.010000000000001563,0.10050251256282978,0.0,1891.1,9.953157894736842
2026-05-25T07:45:22+00:00,2026-05-25T13:30:22+05:45,2026-05-25,13:30:22,1779695122,0,7,13,nepse_official,OPEN,2026-05-25,NBL,Nepal Bank Limited,252.1,276.0,252.1,,272.0,265.3,6.699999999999989,,85884.0,23283610.6,208.0,23.900000000000006,9.480364934549785,2.52544289483603,111940.43557692309,271.1053351031624
2026-05-25T07:45:22+00:00,2026-05-25T13:30:22+05:45,2026-05-25,13:30:22,1779695122,0,7,13,nepse_official,OPEN,2026-05-25,NBLD85,Nabil Debenture 2085,1079.5,1081.0,1079.5,,1081.0,1052.1,28.90000000000009,,50.0,54012.5,2.0,1.5,0.13895321908290875,2.7468871780249113,27006.25,1080.25
2026-05-25T07:45:22+00:00,2026-05-25T13:30:22+05:45,2026-05-25,13:30:22,1779695122,0,7,13,nepse_official,OPEN,2026-05-25,NBLD87,8.5% Nepal Bank Debenture 2087,1091.3,1091.3,1091.3,,1091.3,1125.0,-33.700000000000045,,25.0,27282.5,1.0,0.0,0.0,-2.9955555555555597,27282.5,1091.3
2026-05-25T07:45:22+00:00,2026-05-25T13:30:22+05:45,2026-05-25,13:30:22,1779695122,0,7,13,nepse_official,OPEN,2026-05-25,NESDO,NESDO Sambridha Laghubitta Bittiya Sanstha Limited,1535.1,1548.0,1535.0,,1536.1,1524.0,12.099999999999909,,97.0,149275.2,8.0,13.0,0.8468503680541984,0.79396325459317,18659.4,1538.919587628866
2026-05-25T07:45:22+00:00,2026-05-25T13:30:22+05:45,2026-05-25,13:30:22,1779695122,0,7,13,nepse_official,OPEN,2026-05-25,NFS,Nepal Finance Ltd.,584.0,584.0,570.0,,575.0,570.0,5.0,,7016.0,4026355.0,59.0,14.0,2.3972602739726026,0.8771929824561403,68243.30508474576,573.8818415051311
2026-05-25T07:45:22+00:00,2026-05-25T13:30:22+05:45,2026-05-25,13:30:22,1779695122,0,7,13,nepse_official,OPEN,2026-05-25,NGPL,Ngadi Group Power Ltd.,435.0,462.0,435.0,,459.9,451.5,8.399999999999977,,261757.0,119583694.7,650.0,27.0,6.206896551724138,1.8604651162790649,183974.91492307693,456.85003533811897
2026-05-25T07:45:22+00:00,2026-05-25T13:30:22+05:45,2026-05-25,13:30:22,1779695122,0,7,13,nepse_official,OPEN,2026-05-25,NHDL,Nepal Hydro Developers Ltd.,636.9,646.0,636.9,,646.0,636.9,9.100000000000023,,51.0,32471.6,8.0,9.100000000000023,1.4287957293138678,1.4287957293138678,4058.95,636.6980392156862
2026-05-25T07:45:22+00:00,2026-05-25T13:30:22+05:45,2026-05-25,13:30:22,1779695122,0,7,13,nepse_official,OPEN,2026-05-25,NHPC,National Hydro Power Company Limited,309.7,309.7,295.0,,300.5,295.0,5.5,,270926.0,81463642.3,786.0,14.699999999999989,4.746528898934449,1.864406779661017,103643.31081424936,300.6859522526446
2026-05-25T07:45:22+00:00,2026-05-25T13:30:22+05:45,2026-05-25,13:30:22,1779695122,0,7,13,nepse_official,OPEN,2026-05-25,NIBD84,8.5% Nepal Investment Bank Debenture 2084,1052.1,1052.1,1052.1,,1052.1,1050.1,2.0,,25.0,26302.5,1.0,0.0,0.0,0.190458051614132,26302.5,1052.1
2026-05-25T07:45:22+00:00,2026-05-25T13:30:22+05:45,2026-05-25,13:30:22,1779695122,0,7,13,nepse_official,OPEN,2026-05-25,NIBLSTF,NIBL Stable Fund,9.13,9.35,9.13,,9.13,9.29,-0.15999999999999837,,1600.0,14657.0,8.0,0.21999999999999886,2.409638554216855,-1.7222820236813603,1832.125,9.160625
2026-05-25T07:45:22+00:00,2026-05-25T13:30:22+05:45,2026-05-25,13:30:22,1779695122,0,7,13,nepse_official,OPEN,2026-05-25,NIBSF2,NIBL Samriddhi Fund -2,9.14,9.41,9.14,,9.26,9.35,-0.08999999999999986,,3500.0,32825.0,8.0,0.2699999999999996,2.954048140043759,-0.9625668449197846,4103.125,9.378571428571428
2026-05-25T07:45:22+00:00,2026-05-25T13:30:22+05:45,2026-05-25,13:30:22,1779695122,0,7,13,nepse_official,OPEN,2026-05-25,NICA,NIC Asia Bank Ltd.,365.0,365.0,345.0,,356.0,352.5,3.5,,24828.0,8808911.6,146.0,20.0,5.47945205479452,0.9929078014184398,60335.01095890411,354.7974705977122
2026-05-25T07:45:22+00:00,2026-05-25T13:30:22+05:45,2026-05-25,13:30:22,1779695122,0,7,13,nepse_official,OPEN,2026-05-25,NICAD2091,7% NIC ASIA Debenture 2091,1053.6,1053.6,1053.6,,1053.6,1052.2,1.3999999999998636,,25.0,26340.0,1.0,0.0,0.0,0.1330545523664573,26340.0,1053.6
2026-05-25T07:45:22+00:00,2026-05-25T13:30:22+05:45,2026-05-25,13:30:22,1779695122,0,7,13,nepse_official,OPEN,2026-05-25,NICD88,NIC ASIA Rinpatra 2088,1110.0,1110.0,1110.0,,1110.0,1078.0,32.0,,25.0,27750.0,1.0,0.0,0.0,2.9684601113172544,27750.0,1110.0
2026-05-25T07:45:22+00:00,2026-05-25T13:30:22+05:45,2026-05-25,13:30:22,1779695122,0,7,13,nepse_official,OPEN,2026-05-25,NICFC,NIC Asia Flexi CAP Fund,9.17,9.53,9.17,,9.3,9.4,-0.09999999999999964,,1500.0,13936.0,14.0,0.35999999999999943,3.925845147219187,-1.0638297872340388,995.4285714285714,9.290666666666667
2026-05-25T07:45:22+00:00,2026-05-25T13:30:22+05:45,2026-05-25,13:30:22,1779695122,0,7,13,nepse_official,OPEN,2026-05-25,NICGF2,NIC ASIA Growth Fund-2,9.92,9.92,9.4,,9.4,9.64,-0.2400000000000002,,1200.0,11562.0,4.0,0.5199999999999996,5.2419354838709635,-2.4896265560165993,2890.5,9.635
2026-05-25T07:45:22+00:00,2026-05-25T13:30:22+05:45,2026-05-25,13:30:22,1779695122,0,7,13,nepse_official,OPEN,2026-05-25,NICL,Nepal Insurance Co. Ltd.,500.0,507.0,497.0,,507.0,497.0,10.0,,6373.0,3200218.3,61.0,10.0,2.0,2.0120724346076457,52462.59508196721,502.15256551074845
2026-05-25T07:45:22+00:00,2026-05-25T13:30:22+05:45,2026-05-25,13:30:22,1779695122,0,7,13,nepse_official,OPEN,2026-05-25,NICLBSL,NIC ASIA Laghubitta Bittiya Sanstha Limited,574.0,599.4,574.0,,599.4,574.0,25.399999999999977,,6250.0,3657992.0,110.0,25.399999999999977,4.425087108013933,4.425087108013933,33254.472727272725,585.27872
2026-05-25T07:45:22+00:00,2026-05-25T13:30:22+05:45,2026-05-25,13:30:22,1779695122,0,7,13,nepse_official,OPEN,2026-05-25,NICSF,NIC Asia Select Fund 30,9.39,9.39,9.11,,9.14,9.29,-0.14999999999999858,,1200.0,11022.0,6.0,0.28000000000000114,2.981895633652834,-1.6146393972012767,1837.0,9.185
2026-05-25T07:45:22+00:00,2026-05-25T13:30:22+05:45,2026-05-25,13:30:22,1779695122,0,7,13,nepse_official,OPEN,2026-05-25,NIFRA,Nepal Infrastructure Bank Limited,266.1,270.0,266.0,,269.9,266.8,3.099999999999966,,55635.0,14969587.6,401.0,4.0,1.5031942878617062,1.1619190404797473,37330.64239401496,269.06780983194034
2026-05-25T07:45:22+00:00,2026-05-25T13:30:22+05:45,2026-05-25,13:30:22,1779695122,0,7,13,nepse_official,OPEN,2026-05-25,NIFRAGED,Nifra Green Energy Debenture 6% - 2088/89,1035.5,1040.1,1035.5,,1040.1,1035.3,4.7999999999999545,,75.0,77787.5,3.0,4.599999999999909,0.4442298406566788,0.4636337293538061,25929.166666666668,1037.1666666666667
2026-05-25T07:45:22+00:00,2026-05-25T13:30:22+05:45,2026-05-25,13:30:22,1779695122,0,7,13,nepse_official,OPEN,2026-05-25,NIL,Neco Insurance Limited,610.0,620.0,610.0,,615.1,614.0,1.1000000000000227,,1948.0,1200185.0,27.0,10.0,1.639344262295082,0.17915309446254443,44451.2962962963,616.1113963039014
2026-05-25T07:45:22+00:00,2026-05-25T13:30:22+05:45,2026-05-25,13:30:22,1779695122,0,7,13,nepse_official,OPEN,2026-05-25,NIMB,Nepal Investment Mega Bank Limited,199.0,201.4,198.0,,201.0,198.0,3.0,,86551.0,17314088.4,313.0,3.4000000000000057,1.708542713567842,1.5151515151515151,55316.57635782747,200.0449261129276
2026-05-25T07:45:22+00:00,2026-05-25T13:30:22+05:45,2026-05-25,13:30:22,1779695122,0,7,13,nepse_official,OPEN,2026-05-25,NIMBPO,Nepal Investment Mega Bank Ltd. Promoter Share,151.5,151.5,151.5,,151.5,151.5,0.0,,18.0,2727.0,1.0,0.0,0.0,0.0,2727.0,151.5
2026-05-25T07:45:22+00:00,2026-05-25T13:30:22+05:45,2026-05-25,13:30:22,1779695122,0,7,13,nepse_official,OPEN,2026-05-25,NLG,NLG Insurance Company Ltd.,582.0,590.0,580.0,,583.2,575.0,8.200000000000045,,6112.0,3576004.1,36.0,10.0,1.718213058419244,1.426086956521747,99333.44722222222,585.079204842932
2026-05-25T07:45:22+00:00,2026-05-25T13:30:22+05:45,2026-05-25,13:30:22,1779695122,0,7,13,nepse_official,OPEN,2026-05-25,NLIC,Nepal Life Insurance Co. Ltd.,770.0,779.8,765.0,,778.0,769.8,8.200000000000045,,7208.0,5589180.7,95.0,14.799999999999955,1.9220779220779163,1.0652117433099566,58833.48105263158,775.4135266370699
2026-05-25T07:45:22+00:00,2026-05-25T13:30:22+05:45,2026-05-25,13:30:22,1779695122,0,7,13,nepse_official,OPEN,2026-05-25,NLICL,National Life Insurance Co. Ltd.,595.8,595.8,586.2,,591.9,591.0,0.8999999999999773,,1096.0,647506.4,19.0,9.599999999999909,1.6112789526686655,0.15228426395938702,34079.28421052632,590.7905109489051
2026-05-25T07:45:22+00:00,2026-05-25T13:30:22+05:45,2026-05-25,13:30:22,1779695122,0,7,13,nepse_official,OPEN,2026-05-25,NMB,NMB Bank Limited,248.0,251.0,247.0,,248.9,248.6,0.30000000000001137,,13636.0,3394443.2,58.0,4.0,1.6129032258064515,0.12067578439260312,58524.88275862069,248.9324728659431
2026-05-25T07:45:22+00:00,2026-05-25T13:30:22+05:45,2026-05-25,13:30:22,1779695122,0,7,13,nepse_official,OPEN,2026-05-25,NMBD87/88,NMB Debenture 8.50% - 2087/88,1090.5,1090.5,1090.5,,1090.5,1090.5,0.0,,25.0,27262.5,1.0,0.0,0.0,0.0,27262.5,1090.5
2026-05-25T07:45:22+00:00,2026-05-25T13:30:22+05:45,2026-05-25,13:30:22,1779695122,0,7,13,nepse_official,OPEN,2026-05-25,NMBHF2,NMB Hybrid Fund L- II,9.6,9.65,9.6,,9.65,9.67,-0.019999999999999574,,1100.0,10595.0,7.0,0.05000000000000071,0.5208333333333408,-0.20682523267838235,1513.5714285714287,9.631818181818181
2026-05-25T07:45:22+00:00,2026-05-25T13:30:22+05:45,2026-05-25,13:30:22,1779695122,0,7,13,nepse_official,OPEN,2026-05-25,NMBMF,NMB  Microfinance Bittiya Sanstha Ltd.,633.1,645.0,633.1,,645.0,632.0,13.0,,633.0,406513.5,9.0,11.899999999999977,1.8796398673195354,2.0569620253164556,45168.166666666664,642.2014218009479
2026-05-25T07:45:22+00:00,2026-05-25T13:30:22+05:45,2026-05-25,13:30:22,1779695122,0,7,13,nepse_official,OPEN,2026-05-25,NMFBS,National Laghubitta Bittiya Sanstha Limited,1117.0,1155.0,1117.0,,1140.0,1140.0,0.0,,4318.0,4951736.3,47.0,38.0,3.4019695613249774,0.0,105356.0914893617,1146.7661648911533
2026-05-25T07:45:22+00:00,2026-05-25T13:30:22+05:45,2026-05-25,13:30:22,1779695122,0,7,13,nepse_official,OPEN,2026-05-25,NMIC,Nepal Micro Insurance Company Limited,1040.0,1059.8,1025.0,,1050.0,1025.0,25.0,,5334.0,5573394.6,123.0,34.799999999999955,3.346153846153842,2.4390243902439024,45312.15121951219,1044.880877390326
2026-05-25T07:45:22+00:00,2026-05-25T13:30:22+05:45,2026-05-25,13:30:22,1779695122,0,7,13,nepse_official,OPEN,2026-05-25,NMLBBL,Nerude Mirmire Laghubitta Bittiya Sanstha Limited,571.0,593.9,571.0,,592.0,588.0,4.0,,2593.0,1528928.7,40.0,22.899999999999977,4.010507880910679,0.6802721088435374,38223.2175,589.636984188199
2026-05-25T07:45:22+00:00,2026-05-25T13:30:22+05:45,2026-05-25,13:30:22,1779695122,0,7,13,nepse_official,OPEN,2026-05-25,NRIC,Nepal Reinsurance Company Limited,914.1,924.0,911.0,,921.0,908.1,12.899999999999977,,6026.0,5540309.8,127.0,13.0,1.4221638770375233,1.420548397753549,43624.48661417323,919.4008961168271
2026-05-25T07:45:22+00:00,2026-05-25T13:30:22+05:45,2026-05-25,13:30:22,1779695122,0,7,13,nepse_official,OPEN,2026-05-25,NRM,Nepal Republic Media Limited,345.9,388.0,345.9,,378.8,364.1,14.699999999999989,,15459.0,5784693.3,161.0,42.10000000000002,12.171147730557973,4.037352375720952,35929.77204968944,374.1958276732001
2026-05-25T07:45:22+00:00,2026-05-25T13:30:22+05:45,2026-05-25,13:30:22,1779695122,0,7,13,nepse_official,OPEN,2026-05-25,NRN,NRN Infrastructure and Development Limited,1425.0,1440.0,1387.0,,1415.2,1399.0,16.200000000000045,,29704.0,42208627.9,283.0,53.0,3.7192982456140355,1.1579699785561148,149147.09505300352,1420.9745455157554
2026-05-25T07:45:22+00:00,2026-05-25T13:30:22+05:45,2026-05-25,13:30:22,1779695122,0,7,13,nepse_official,OPEN,2026-05-25,NSIF2,NMB Sulav Investment Fund - 2,10.6,10.75,10.6,,10.72,10.75,-0.02999999999999936,,2700.0,28918.0,8.0,0.15000000000000036,1.4150943396226447,-0.2790697674418545,3614.75,10.71037037037037
2026-05-25T07:45:22+00:00,2026-05-25T13:30:22+05:45,2026-05-25,13:30:22,1779695122,0,7,13,nepse_official,OPEN,2026-05-25,NSY,Nepal Life Samriddhi Lagani Yojana,9.44,9.6,9.35,,9.35,9.68,-0.33000000000000007,,1870.0,17848.5,15.0,0.25,2.648305084745763,-3.40909090909091,1189.9,9.544652406417113
2026-05-25T07:45:22+00:00,2026-05-25T13:30:22+05:45,2026-05-25,13:30:22,1779695122,0,7,13,nepse_official,OPEN,2026-05-25,NTC,Nepal Doorsanchar Company Limited,890.0,899.9,888.5,,899.0,890.4,8.600000000000023,,11234.0,10075126.2,173.0,11.399999999999977,1.2808988764044917,0.9658580413297421,58237.723699421964,896.8422823571301
2026-05-25T07:45:22+00:00,2026-05-25T13:30:22+05:45,2026-05-25,13:30:22,1779695122,0,7,13,nepse_official,OPEN,2026-05-25,NUBL,Nirdhan Utthan Laghubitta Bittiya Sanstha Limited,665.0,665.0,656.0,,660.0,660.0,0.0,,2060.0,1359074.0,23.0,9.0,1.3533834586466165,0.0,59090.17391304348,659.7446601941748
2026-05-25T07:45:22+00:00,2026-05-25T13:30:22+05:45,2026-05-25,13:30:22,1779695122,0,7,13,nepse_official,OPEN,2026-05-25,NWCL,Nepal Warehousing Company Limited ,803.0,816.0,803.0,,813.0,804.0,9.0,,815.0,662288.5,28.0,13.0,1.61892901618929,1.1194029850746268,23653.160714285714,812.6239263803681
2026-05-25T07:45:22+00:00,2026-05-25T13:30:22+05:45,2026-05-25,13:30:22,1779695122,0,7,13,nepse_official,OPEN,2026-05-25,NYADI,Nyadi Hydropower Limited,399.9,401.0,391.0,,400.0,391.1,8.899999999999977,,3404.0,1356593.0,66.0,10.0,2.5006251562890722,2.275632830478133,20554.439393939392,398.52908343125733
2026-05-25T07:45:22+00:00,2026-05-25T13:30:22+05:45,2026-05-25,13:30:22,1779695122,0,7,13,nepse_official,OPEN,2026-05-25,OHL,Oriental Hotels Limited,708.0,712.0,700.0,,705.0,692.4,12.600000000000023,,783.0,549824.0,9.0,12.0,1.694915254237288,1.8197573656845787,61091.555555555555,702.2017879948914
2026-05-25T07:45:22+00:00,2026-05-25T13:30:22+05:45,2026-05-25,13:30:22,1779695122,0,7,13,nepse_official,OPEN,2026-05-25,OMPL,Om Megashree Pharmaceuticals Limited,1190.0,1210.0,1190.0,,1192.0,1180.0,12.0,,3437.0,4117525.1,115.0,20.0,1.680672268907563,1.0169491525423728,35804.566086956525,1197.99973814373
2026-05-25T07:45:22+00:00,2026-05-25T13:30:22+05:45,2026-05-25,13:30:22,1779695122,0,7,13,nepse_official,OPEN,2026-05-25,PBD84,10.15% Prime Debenture 2084,1140.0,1140.0,1140.0,,1140.0,1140.0,0.0,,35.0,39900.0,2.0,0.0,0.0,0.0,19950.0,1140.0
2026-05-25T07:45:22+00:00,2026-05-25T13:30:22+05:45,2026-05-25,13:30:22,1779695122,0,7,13,nepse_official,OPEN,2026-05-25,PBD85,8.75 % Prime Debenture 2085,1081.0,1081.0,1081.0,,1081.0,1080.0,1.0,,25.0,27025.0,1.0,0.0,0.0,0.0925925925925926,27025.0,1081.0
2026-05-25T07:45:22+00:00,2026-05-25T13:30:22+05:45,2026-05-25,13:30:22,1779695122,0,7,13,nepse_official,OPEN,2026-05-25,PBLD84,10% Prabhu Bank Debenture 2084 ,1085.1,1085.1,1085.1,,1085.1,1088.1,-3.0,,50.0,54255.0,2.0,0.0,0.0,-0.275709953129308,27127.5,1085.1
2026-05-25T07:45:22+00:00,2026-05-25T13:30:22+05:45,2026-05-25,13:30:22,1779695122,0,7,13,nepse_official,OPEN,2026-05-25,PCBL,Prime Commercial Bank Ltd.,240.5,244.7,239.0,,244.0,240.5,3.5,,43379.0,10526148.1,140.0,5.699999999999989,2.3700623700623655,1.4553014553014554,75186.77214285714,242.65538855206435
2026-05-25T07:45:22+00:00,2026-05-25T13:30:22+05:45,2026-05-25,13:30:22,1779695122,0,7,13,nepse_official,OPEN,2026-05-25,PCIL,Palpa Cement Industries Limited,827.0,860.0,815.0,,852.1,827.0,25.100000000000023,,42158.0,35736885.1,1600.0,45.0,5.441354292623942,3.035066505441357,22335.5531875,847.6892902889132
2026-05-25T07:45:22+00:00,2026-05-25T13:30:22+05:45,2026-05-25,13:30:22,1779695122,0,7,13,nepse_official,OPEN,2026-05-25,PFL,Pokhara Finance Ltd.,379.0,379.0,370.0,,378.5,375.0,3.5,,1716.0,646205.2,23.0,9.0,2.3746701846965697,0.9333333333333335,28095.878260869562,376.57645687645686
2026-05-25T07:45:22+00:00,2026-05-25T13:30:22+05:45,2026-05-25,13:30:22,1779695122,0,7,13,nepse_official,OPEN,2026-05-25,PHCL,Peoples Hydropower Company Limited,308.0,315.0,308.0,,312.1,309.2,2.900000000000034,,33467.0,10467334.2,217.0,7.0,2.272727272727273,0.9379042690815118,48236.56313364055,312.7658350016434
2026-05-25T07:45:22+00:00,2026-05-25T13:30:22+05:45,2026-05-25,13:30:22,1779695122,0,7,13,nepse_official,OPEN,2026-05-25,PMHPL,Panchakanya Mai Hydropower Ltd,343.9,352.0,343.0,,350.0,342.0,8.0,,11351.0,3944260.0,90.0,9.0,2.617039837161966,2.3391812865497075,43825.11111111111,347.48127918245086
2026-05-25T07:45:22+00:00,2026-05-25T13:30:22+05:45,2026-05-25,13:30:22,1779695122,0,7,13,nepse_official,OPEN,2026-05-25,PMLI,Prabhu Mahalaxmi Life Insurance Limited,470.0,475.0,462.5,,470.0,470.0,0.0,,1405.0,661403.8,78.0,12.5,2.6595744680851063,0.0,8479.535897435899,470.7500355871886
2026-05-25T07:45:22+00:00,2026-05-25T13:30:22+05:45,2026-05-25,13:30:22,1779695122,0,7,13,nepse_official,OPEN,2026-05-25,PPCL,Panchthar Power Compant Limited,380.0,393.9,378.0,,389.0,380.0,9.0,,7761.0,2990344.9,52.0,15.899999999999977,4.184210526315783,2.368421052631579,57506.63269230769,385.3040716402525
2026-05-25T07:45:22+00:00,2026-05-25T13:30:22+05:45,2026-05-25,13:30:22,1779695122,0,7,13,nepse_official,OPEN,2026-05-25,PPL,People's Power Limited,357.0,369.9,357.0,,365.3,354.0,11.300000000000011,,51269.0,18683463.6,298.0,12.899999999999977,3.613445378151254,3.1920903954802293,62696.186577181215,364.4202851625739
2026-05-25T07:45:22+00:00,2026-05-25T13:30:22+05:45,2026-05-25,13:30:22,1779695122,0,7,13,nepse_official,OPEN,2026-05-25,PRIN,Prabhu Insurance Ltd.,669.9,669.9,656.0,,662.5,662.0,0.5,,1799.0,1198509.6,17.0,13.899999999999977,2.074936557695175,0.0755287009063444,70500.56470588235,666.2087826570317
2026-05-25T07:45:22+00:00,2026-05-25T13:30:22+05:45,2026-05-25,13:30:22,1779695122,0,7,13,nepse_official,OPEN,2026-05-25,PROFL,Progressive Finance Limited,456.0,457.0,442.0,,442.0,444.0,-2.0,,1992.0,886598.0,20.0,15.0,3.289473684210526,-0.45045045045045046,44329.9,445.0793172690763
2026-05-25T07:45:22+00:00,2026-05-25T13:30:22+05:45,2026-05-25,13:30:22,1779695122,0,7,13,nepse_official,OPEN,2026-05-25,PRSF,Prabhu Smart Fund,13.0,13.14,12.94,,12.94,12.95,-0.009999999999999787,,76907.0,997743.98,8.0,0.20000000000000107,1.5384615384615468,-0.07722007722007558,124717.9975,12.97338317708401
2026-05-25T07:45:22+00:00,2026-05-25T13:30:22+05:45,2026-05-25,13:30:22,1779695122,0,7,13,nepse_official,OPEN,2026-05-25,PRVU,Prabhu  Bank Limited,188.1,202.7,188.1,,201.8,198.0,3.8000000000000114,,76125.0,15323985.0,306.0,14.599999999999994,7.76182881446039,1.9191919191919249,50078.382352941175,201.30029556650246
2026-05-25T07:45:22+00:00,2026-05-25T13:30:22+05:45,2026-05-25,13:30:22,1779695122,0,7,13,nepse_official,OPEN,2026-05-25,PSF,Prabhu Select Fund,12.01,12.2,12.01,,12.14,12.21,-0.07000000000000028,,56050.0,679011.0,12.0,0.1899999999999995,1.582014987510404,-0.5733005733005756,56584.25,12.114380017841214
2026-05-25T07:45:22+00:00,2026-05-25T13:30:22+05:45,2026-05-25,13:30:22,1779695122,0,7,13,nepse_official,OPEN,2026-05-25,PURE,Pure Energy Limited,1030.0,1030.0,991.2,,995.0,985.0,10.0,,14950.0,15004806.5,197.0,38.799999999999955,3.7669902912621316,1.015228426395939,76166.5304568528,1003.6659866220735
2026-05-25T07:45:22+00:00,2026-05-25T13:30:22+05:45,2026-05-25,13:30:22,1779695122,0,7,13,nepse_official,OPEN,2026-05-25,RADHI,Radhi Bidyut Company Ltd,785.0,805.0,780.0,,800.1,783.0,17.100000000000023,,47967.0,38148530.6,193.0,25.0,3.1847133757961785,2.1839080459770144,197660.78031088083,795.307828298622
2026-05-25T07:45:22+00:00,2026-05-25T13:30:22+05:45,2026-05-25,13:30:22,1779695122,0,7,13,nepse_official,OPEN,2026-05-25,RAWA,Rawa Energy Development Limited,613.0,613.0,575.0,,576.0,584.0,-8.0,,1824.0,1052275.5,32.0,38.0,6.199021207177815,-1.36986301369863,32883.609375,576.905427631579
2026-05-25T07:45:22+00:00,2026-05-25T13:30:22+05:45,2026-05-25,13:30:22,1779695122,0,7,13,nepse_official,OPEN,2026-05-25,RBBD2088,7% RBBL Debenture 2088,1056.7,1056.7,1056.7,,1056.7,1085.3,-28.59999999999991,,25.0,26417.5,1.0,0.0,0.0,-2.635216069289589,26417.5,1056.7
2026-05-25T07:45:22+00:00,2026-05-25T13:30:22+05:45,2026-05-25,13:30:22,1779695122,0,7,13,nepse_official,OPEN,2026-05-25,RBBF40,RBB Focus 40,9.33,9.69,9.33,,9.41,9.45,-0.03999999999999915,,2000.0,18896.0,11.0,0.35999999999999943,3.8585209003215373,-0.42328042328041426,1717.8181818181818,9.448
2026-05-25T07:45:22+00:00,2026-05-25T13:30:22+05:45,2026-05-25,13:30:22,1779695122,0,7,13,nepse_official,OPEN,2026-05-25,RBCL,Rastriya Beema Company Limited,14994.0,15200.0,14994.0,,15200.0,14931.0,269.0,,60.0,905790.0,5.0,206.0,1.3738828864879284,1.8016207889625613,181158.0,15096.5
2026-05-25T07:45:22+00:00,2026-05-25T13:30:22+05:45,2026-05-25,13:30:22,1779695122,0,7,13,nepse_official,OPEN,2026-05-25,RFPL,River Falls Power Limited,360.0,382.5,360.0,,380.0,376.2,3.8000000000000114,,20230.0,7704423.1,156.0,22.5,6.25,1.010101010101013,49387.32756410256,380.84147800296586
2026-05-25T07:45:22+00:00,2026-05-25T13:30:22+05:45,2026-05-25,13:30:22,1779695122,0,7,13,nepse_official,OPEN,2026-05-25,RHGCL,Rapti Hydro And General Construction Limited,295.1,303.9,291.0,,303.0,298.0,5.0,,22896.0,6916214.0,135.0,12.899999999999977,4.37139952558454,1.6778523489932886,51231.21481481481,302.07084206848356
2026-05-25T07:45:22+00:00,2026-05-25T13:30:22+05:45,2026-05-25,13:30:22,1779695122,0,7,13,nepse_official,OPEN,2026-05-25,RHPL,RASUWAGADHI HYDROPOWER COMPANY LIMITED,279.0,283.9,278.0,,282.0,279.0,3.0,,11812.0,3332485.0,100.0,5.899999999999977,2.114695340501784,1.0752688172043012,33324.85,282.1270741618693
2026-05-25T07:45:22+00:00,2026-05-25T13:30:22+05:45,2026-05-25,13:30:22,1779695122,0,7,13,nepse_official,OPEN,2026-05-25,RIDI,Ridi Power Company Limited,368.0,378.1,365.1,,374.0,366.7,7.300000000000011,,397313.0,148519760.2,950.0,13.0,3.532608695652174,1.9907281156258554,156336.5896842105,373.81047234799763
2026-05-25T07:45:22+00:00,2026-05-25T13:30:22+05:45,2026-05-25,13:30:22,1779695122,0,7,13,nepse_official,OPEN,2026-05-25,RLEL,Ridge Line Energy Limited,1026.0,1097.0,1026.0,,1093.0,1026.9,66.09999999999991,,16985.0,18289370.4,530.0,71.0,6.920077972709551,6.436848768137102,34508.246037735844,1076.795431262879
2026-05-25T07:45:22+00:00,2026-05-25T13:30:22+05:45,2026-05-25,13:30:22,1779695122,0,7,13,nepse_official,OPEN,2026-05-25,RLFL,Reliance Finance Ltd.,430.0,447.0,430.0,,446.0,438.9,7.100000000000023,,13732.0,6098317.0,64.0,17.0,3.953488372093023,1.6176805650489914,95286.203125,444.0953247888144
2026-05-25T07:45:22+00:00,2026-05-25T13:30:22+05:45,2026-05-25,13:30:22,1779695122,0,7,13,nepse_official,OPEN,2026-05-25,RMF1,RBB Mutual Fund 1,9.85,10.0,9.85,,9.9,10.0,-0.09999999999999964,,3000.0,29798.0,7.0,0.15000000000000036,1.5228426395939123,-0.9999999999999963,4256.857142857143,9.932666666666666
2026-05-25T07:45:22+00:00,2026-05-25T13:30:22+05:45,2026-05-25,13:30:22,1779695122,0,7,13,nepse_official,OPEN,2026-05-25,RMF2,RBB Mutual Fund 2,10.2,10.2,10.2,,10.2,10.5,-0.3000000000000007,,200.0,2040.0,2.0,0.0,0.0,-2.857142857142864,1020.0,10.2
2026-05-25T07:45:22+00:00,2026-05-25T13:30:22+05:45,2026-05-25,13:30:22,1779695122,0,7,13,nepse_official,OPEN,2026-05-25,RNLI,Reliable Nepal Life Insurance Limited,466.0,470.0,461.0,,468.7,465.0,3.6999999999999886,,26532.0,12444184.9,159.0,9.0,1.9313304721030045,0.7956989247311804,78265.31383647799,469.0255125885723
2026-05-25T07:45:22+00:00,2026-05-25T13:30:22+05:45,2026-05-25,13:30:22,1779695122,0,7,13,nepse_official,OPEN,2026-05-25,RSDC,RSDC Laghubitta Bittiya Sanstha Ltd.,674.0,675.0,665.0,,671.1,667.8,3.300000000000068,,2175.0,1462317.8,24.0,10.0,1.483679525222552,0.49415992812220255,60929.90833333333,672.3300229885058
2026-05-25T07:45:22+00:00,2026-05-25T13:30:22+05:45,2026-05-25,13:30:22,1779695122,0,7,13,nepse_official,OPEN,2026-05-25,RSML,Reliance Spinning Mills Limited,3700.0,3850.0,3700.0,,3810.0,3730.0,80.0,,21172.0,80018693.9,568.0,150.0,4.054054054054054,2.1447721179624666,140877.98221830986,3779.4584309465336
2026-05-25T07:45:22+00:00,2026-05-25T13:30:22+05:45,2026-05-25,13:30:22,1779695122,0,7,13,nepse_official,OPEN,2026-05-25,RSY,Reliable Samriddhi Yojana,10.04,10.45,10.04,,10.2,10.35,-0.15000000000000036,,11900.0,120185.0,17.0,0.41000000000000014,4.08366533864542,-1.4492753623188441,7069.705882352941,10.099579831932774
2026-05-25T07:45:22+00:00,2026-05-25T13:30:22+05:45,2026-05-25,13:30:22,1779695122,0,7,13,nepse_official,OPEN,2026-05-25,RURU,Ru Ru Jalbidhyut Pariyojana Limited,670.0,670.0,655.0,,667.0,660.0,7.0,,1985.0,1322854.5,11.0,15.0,2.2388059701492535,1.0606060606060608,120259.5,666.4254408060453
2026-05-25T07:45:22+00:00,2026-05-25T13:30:22+05:45,2026-05-25,13:30:22,1779695122,0,7,13,nepse_official,OPEN,2026-05-25,SABBL,Salapa Bikas Bank Limited,1250.0,1285.0,1242.1,,1285.0,1247.0,38.0,,7385.0,9400351.4,257.0,42.90000000000009,3.4320000000000075,3.0473135525260626,36577.24280155642,1272.8979553148274
2026-05-25T07:45:22+00:00,2026-05-25T13:30:22+05:45,2026-05-25,13:30:22,1779695122,0,7,13,nepse_official,OPEN,2026-05-25,SADBL,Shangrila Development Bank Ltd.,416.0,421.5,416.0,,420.0,416.0,4.0,,15412.0,6463177.5,64.0,5.5,1.3221153846153846,0.9615384615384616,100987.1484375,419.3600765637166
2026-05-25T07:45:22+00:00,2026-05-25T13:30:22+05:45,2026-05-25,13:30:22,1779695122,0,7,13,nepse_official,OPEN,2026-05-25,SAGAR,Sagar Distillery Limited,1722.0,1757.0,1722.0,,1742.0,1717.0,25.0,,4672.0,8139869.3,149.0,35.0,2.0325203252032518,1.4560279557367501,54629.99530201342,1742.2665453767122
2026-05-25T07:45:22+00:00,2026-05-25T13:30:22+05:45,2026-05-25,13:30:22,1779695122,0,7,13,nepse_official,OPEN,2026-05-25,SAGF,Sanima Growth Fund,10.15,10.2,10.15,,10.16,10.2,-0.03999999999999915,,1000.0,10161.0,5.0,0.049999999999998934,0.49261083743841316,-0.3921568627450897,2032.2,10.161
2026-05-25T07:45:22+00:00,2026-05-25T13:30:22+05:45,2026-05-25,13:30:22,1779695122,0,7,13,nepse_official,OPEN,2026-05-25,SAHAS,Sahas Urja Limited,664.0,669.9,664.0,,669.9,664.0,5.899999999999977,,91367.0,60959500.4,521.0,5.899999999999977,0.8885542168674664,0.8885542168674664,117004.79923224568,667.1938489826742
2026-05-25T07:45:22+00:00,2026-05-25T13:30:22+05:45,2026-05-25,13:30:22,1779695122,0,7,13,nepse_official,OPEN,2026-05-25,SAIL,Shreenagar Agritech Industries Limited,1148.0,1173.0,1148.0,,1159.1,1148.0,11.099999999999909,,13422.0,15596574.0,273.0,25.0,2.177700348432056,0.9668989547038249,57130.307692307695,1162.0156459544032
2026-05-25T07:45:22+00:00,2026-05-25T13:30:22+05:45,2026-05-25,13:30:22,1779695122,0,7,13,nepse_official,OPEN,2026-05-25,SALICO,Sagarmatha Lumbini Insurance Co. Limited,595.0,611.0,593.0,,594.0,590.0,4.0,,3794.0,2266731.2,31.0,18.0,3.0252100840336134,0.6779661016949152,73120.36129032259,597.4515550869795
2026-05-25T07:45:22+00:00,2026-05-25T13:30:22+05:45,2026-05-25,13:30:22,1779695122,0,7,13,nepse_official,OPEN,2026-05-25,SANIMA,Sanima Bank Limited,370.0,387.5,365.6,,368.0,365.5,2.5,,100448.0,37447628.7,186.0,21.899999999999977,5.918918918918912,0.6839945280437756,201331.33709677422,372.80611560210264
2026-05-25T07:45:22+00:00,2026-05-25T13:30:22+05:45,2026-05-25,13:30:22,1779695122,0,7,13,nepse_official,OPEN,2026-05-25,SANVI,Sanvi Energy Limited,702.1,760.0,702.1,,743.0,739.0,4.0,,21205.0,15843978.0,309.0,57.89999999999998,8.246688505910836,0.5412719891745602,51275.00970873787,747.1812308417826
2026-05-25T07:45:22+00:00,2026-05-25T13:30:22+05:45,2026-05-25,13:30:22,1779695122,0,7,13,nepse_official,OPEN,2026-05-25,SAPDBL,Saptakoshi Development Bank Ltd,795.0,814.9,795.0,,802.1,802.9,-0.7999999999999545,,10319.0,8300614.2,102.0,19.899999999999977,2.5031446540880475,-0.099638809316223,81378.57058823529,804.4010272313209
2026-05-25T07:45:22+00:00,2026-05-25T13:30:22+05:45,2026-05-25,13:30:22,1779695122,0,7,13,nepse_official,OPEN,2026-05-25,SARBTM,Sarbottam Cement Limited,858.8,867.0,858.1,,866.1,855.0,11.100000000000023,,6372.0,5487960.1,83.0,8.899999999999977,1.036329762459243,1.2982456140350904,66120.00120481927,861.2617859384808
2026-05-25T07:45:22+00:00,2026-05-25T13:30:22+05:45,2026-05-25,13:30:22,1779695122,0,7,13,nepse_official,OPEN,2026-05-25,SBCF,Sunrise Bluechip Fund,9.65,9.7,9.65,,9.7,9.9,-0.20000000000000107,,2700.0,26106.0,5.0,0.049999999999998934,0.5181347150258957,-2.020202020202031,5221.2,9.668888888888889
2026-05-25T07:45:22+00:00,2026-05-25T13:30:22+05:45,2026-05-25,13:30:22,1779695122,0,7,13,nepse_official,OPEN,2026-05-25,SBI,Nepal SBI Bank Limited,396.0,404.0,396.0,,401.0,405.0,-4.0,,2667.0,1070162.9,32.0,8.0,2.0202020202020203,-0.9876543209876543,33442.590625,401.2609298837645
2026-05-25T07:45:22+00:00,2026-05-25T13:30:22+05:45,2026-05-25,13:30:22,1779695122,0,7,13,nepse_official,OPEN,2026-05-25,SBID83,10.25% Nepal SBI Bank Debenture 2083,1065.3,1065.3,1063.0,,1065.0,1065.0,0.0,,411.0,437627.5,11.0,2.2999999999999545,0.21590162395568896,0.0,39784.318181818184,1064.787104622871
2026-05-25T07:45:22+00:00,2026-05-25T13:30:22+05:45,2026-05-25,13:30:22,1779695122,0,7,13,nepse_official,OPEN,2026-05-25,SBL,Siddhartha Bank Limited,402.0,403.0,399.1,,401.5,400.9,0.6000000000000227,,39673.0,15909344.7,120.0,3.8999999999999773,0.9701492537313376,0.14966325767024763,132577.8725,401.0118896982834
2026-05-25T07:45:22+00:00,2026-05-25T13:30:22+05:45,2026-05-25,13:30:22,1779695122,0,7,13,nepse_official,OPEN,2026-05-25,SCB,Standard Chartered Bank Limited,664.3,664.3,654.0,,655.0,653.2,1.7999999999999545,,8362.0,5481609.0,50.0,10.299999999999955,1.550504290230311,0.27556644213104015,109632.18,655.5380291796221
2026-05-25T07:45:22+00:00,2026-05-25T13:30:22+05:45,2026-05-25,13:30:22,1779695122,0,7,13,nepse_official,OPEN,2026-05-25,SEF,Siddhartha Equity Fund,10.11,10.11,10.11,,10.11,10.4,-0.2900000000000009,,1200.0,12132.0,2.0,0.0,0.0,-2.788461538461547,6066.0,10.11
2026-05-25T07:45:22+00:00,2026-05-25T13:30:22+05:45,2026-05-25,13:30:22,1779695122,0,7,13,nepse_official,OPEN,2026-05-25,SFCL,Samriddhi Finance Company Limited,371.0,380.0,367.3,,379.0,370.0,9.0,,8022.0,3005156.9,42.0,12.699999999999989,3.4231805929919106,2.4324324324324325,71551.35476190476,374.6144228371977
2026-05-25T07:45:22+00:00,2026-05-25T13:30:22+05:45,2026-05-25,13:30:22,1779695122,0,7,13,nepse_official,OPEN,2026-05-25,SFEF,Sunrise Focused Equity Fund,10.13,10.3,10.13,,10.3,10.13,0.16999999999999993,,1500.0,15214.0,6.0,0.16999999999999993,1.6781836130306014,1.6781836130306014,2535.6666666666665,10.142666666666667
2026-05-25T07:45:22+00:00,2026-05-25T13:30:22+05:45,2026-05-25,13:30:22,1779695122,0,7,13,nepse_official,OPEN,2026-05-25,SGHC,Swet-Ganga Hydropower & Construction Limited ,382.0,385.0,372.0,,382.0,380.0,2.0,,7205.0,2748841.0,74.0,13.0,3.4031413612565444,0.5263157894736842,37146.5,381.5185287994448
2026-05-25T07:45:22+00:00,2026-05-25T13:30:22+05:45,2026-05-25,13:30:22,1779695122,0,7,13,nepse_official,OPEN,2026-05-25,SGIC,Sanima GIC Insurance Limited,471.0,471.0,461.0,,468.0,464.0,4.0,,4364.0,2040262.7,51.0,10.0,2.1231422505307855,0.8620689655172413,40005.15098039216,467.521241979835
2026-05-25T07:45:22+00:00,2026-05-25T13:30:22+05:45,2026-05-25,13:30:22,1779695122,0,7,13,nepse_official,OPEN,2026-05-25,SHEL,Singati Hydro Energy Limited,315.0,323.0,315.0,,322.0,318.0,4.0,,98474.0,31603073.7,289.0,8.0,2.5396825396825395,1.257861635220126,109353.19619377163,320.9280998029937
2026-05-25T07:45:22+00:00,2026-05-25T13:30:22+05:45,2026-05-25,13:30:22,1779695122,0,7,13,nepse_official,OPEN,2026-05-25,SHINE,Shine Resunga Development Bank Ltd.,414.9,415.0,412.5,,415.0,412.0,3.0,,8535.0,3537628.7,50.0,2.5,0.6025548324897566,0.7281553398058253,70752.57400000001,414.4849091974224
2026-05-25T07:45:22+00:00,2026-05-25T13:30:22+05:45,2026-05-25,13:30:22,1779695122,0,7,13,nepse_official,OPEN,2026-05-25,SHIVM,SHIVAM CEMENTS LTD,684.0,693.7,684.0,,691.1,686.9,4.2000000000000455,,89167.0,61568219.9,422.0,9.700000000000045,1.418128654970767,0.6114427136410024,145896.25568720378,690.4821279172788
2026-05-25T07:45:22+00:00,2026-05-25T13:30:22+05:45,2026-05-25,13:30:22,1779695122,0,7,13,nepse_official,OPEN,2026-05-25,SHL,Soaltee Hotel Limited,501.5,506.0,500.0,,505.0,500.1,4.899999999999977,,23577.0,11875688.2,48.0,6.0,1.1964107676969093,0.9798040391921569,247410.1708333333,503.6980192560546
2026-05-25T07:45:22+00:00,2026-05-25T13:30:22+05:45,2026-05-25,13:30:22,1779695122,0,7,13,nepse_official,OPEN,2026-05-25,SHLB,Shrijanshil Laghubitta Bittiya Sanstha Limited,1480.0,1480.0,1465.0,,1465.0,1470.0,-5.0,,20.0,29450.0,2.0,15.0,1.0135135135135136,-0.3401360544217687,14725.0,1472.5
2026-05-25T07:45:22+00:00,2026-05-25T13:30:22+05:45,2026-05-25,13:30:22,1779695122,0,7,13,nepse_official,OPEN,2026-05-25,SHPC,Sanima Mai Hydropower Ltd.,533.0,533.0,521.0,,525.6,521.7,3.8999999999999773,,32532.0,17066031.6,100.0,12.0,2.25140712945591,0.7475560667049985,170660.31600000002,524.5921431206198
2026-05-25T07:45:22+00:00,2026-05-25T13:30:22+05:45,2026-05-25,13:30:22,1779695122,0,7,13,nepse_official,OPEN,2026-05-25,SICL,Shikhar Insurance Co. Ltd.,624.0,624.0,613.0,,620.9,617.8,3.1000000000000227,,4183.0,2595134.7,31.0,11.0,1.7628205128205128,0.5017805114923961,83714.02258064516,620.4003585943103
2026-05-25T07:45:22+00:00,2026-05-25T13:30:22+05:45,2026-05-25,13:30:22,1779695122,0,7,13,nepse_official,OPEN,2026-05-25,SIFC,Shree Investment Finance Co. Ltd.,540.0,548.0,535.3,,537.2,541.0,-3.7999999999999545,,2599.0,1404546.6,40.0,12.700000000000045,2.35185185185186,-0.7024029574861284,35113.665,540.4180838784148
2026-05-25T07:45:22+00:00,2026-05-25T13:30:22+05:45,2026-05-25,13:30:22,1779695122,0,7,13,nepse_official,OPEN,2026-05-25,SIGS3,Siddhartha Investment Growth Scheme 3,10.66,10.8,10.66,,10.8,10.86,-0.05999999999999872,,600.0,6438.0,6.0,0.14000000000000057,1.3133208255159527,-0.5524861878452921,1073.0,10.73
2026-05-25T07:45:22+00:00,2026-05-25T13:30:22+05:45,2026-05-25,13:30:22,1779695122,0,7,13,nepse_official,OPEN,2026-05-25,SIKLES,Sikles Hydropower Limited,605.0,605.0,600.0,,601.0,600.0,1.0,,7894.0,4751240.5,64.0,5.0,0.8264462809917356,0.16666666666666669,74238.1328125,601.8799721307322
2026-05-25T07:45:22+00:00,2026-05-25T13:30:22+05:45,2026-05-25,13:30:22,1779695122,0,7,13,nepse_official,OPEN,2026-05-25,SINDU,Sindhu Bikash Bank Ltd,713.1,729.0,713.1,,723.0,720.0,3.0,,2803.0,2033590.9,45.0,15.899999999999977,2.2297013041649105,0.4166666666666667,45190.90888888889,725.5051373528362
2026-05-25T07:45:22+00:00,2026-05-25T13:30:22+05:45,2026-05-25,13:30:22,1779695122,0,7,13,nepse_official,OPEN,2026-05-25,SIPD,Shikhar power Development Limited,815.0,860.0,810.0,,850.0,815.0,35.0,,27890.0,23500842.7,942.0,50.0,6.134969325153374,4.294478527607362,24947.816029723992,842.626127644317
2026-05-25T07:45:22+00:00,2026-05-25T13:30:22+05:45,2026-05-25,13:30:22,1779695122,0,7,13,nepse_official,OPEN,2026-05-25,SJCL,SANJEN JALAVIDHYUT COMPANY LIMITED,302.0,312.6,302.0,,305.6,306.9,-1.2999999999999545,,43353.0,13236325.4,88.0,10.600000000000023,3.5099337748344444,-0.4235907461713766,150412.78863636364,305.315096994441
2026-05-25T07:45:22+00:00,2026-05-25T13:30:22+05:45,2026-05-25,13:30:22,1779695122,0,7,13,nepse_official,OPEN,2026-05-25,SJLIC,SuryaJyoti Life Insurance Company Limited,429.0,438.0,429.0,,435.0,431.0,4.0,,8145.0,3532560.9,124.0,9.0,2.097902097902098,0.9280742459396751,28488.39435483871,433.7091344383057
2026-05-25T07:45:22+00:00,2026-05-25T13:30:22+05:45,2026-05-25,13:30:22,1779695122,0,7,13,nepse_official,OPEN,2026-05-25,SKBBL,Sana Kisan Bikas Laghubitta Bittiya Sanstha Limited,791.0,791.0,769.0,,770.0,765.0,5.0,,16143.0,12612926.0,86.0,22.0,2.781289506953224,0.6535947712418301,146661.93023255814,781.3247847364182
2026-05-25T07:45:22+00:00,2026-05-25T13:30:22+05:45,2026-05-25,13:30:22,1779695122,0,7,13,nepse_official,OPEN,2026-05-25,SKHEL,Suryakunda Hydro Electric Limited,1290.0,1348.7,1278.0,,1330.0,1278.0,52.0,,10433.0,13844096.7,303.0,70.70000000000005,5.480620155038763,4.068857589984351,45690.08811881188,1326.9526214895043
2026-05-25T07:45:22+00:00,2026-05-25T13:30:22+05:45,2026-05-25,13:30:22,1779695122,0,7,13,nepse_official,OPEN,2026-05-25,SKHL,Super Khudi Hydropower Limited,970.0,1040.3,955.0,,1023.1,950.0,73.10000000000002,,45906.0,46182936.5,1002.0,85.29999999999995,8.793814432989686,7.694736842105265,46090.75499001996,1006.0326863590816
2026-05-25T07:45:22+00:00,2026-05-25T13:30:22+05:45,2026-05-25,13:30:22,1779695122,0,7,13,nepse_official,OPEN,2026-05-25,SLBBL,Swarojgar Laghubitta Bittiya Sanstha Ltd.,825.0,835.0,821.1,,830.0,822.7,7.2999999999999545,,3846.0,3195825.8,58.0,13.899999999999977,1.6848484848484822,0.8873222316761825,55100.4448275862,830.9479459178367
2026-05-25T07:45:22+00:00,2026-05-25T13:30:22+05:45,2026-05-25,13:30:22,1779695122,0,7,13,nepse_official,OPEN,2026-05-25,SLBSL,Samudayik Laghubitta Bittiya Sanstha Limited,1180.0,1190.0,1180.0,,1190.0,1180.0,10.0,,79.0,93478.0,5.0,10.0,0.847457627118644,0.847457627118644,18695.6,1183.26582278481
2026-05-25T07:45:22+00:00,2026-05-25T13:30:22+05:45,2026-05-25,13:30:22,1779695122,0,7,13,nepse_official,OPEN,2026-05-25,SLCF,Sanima Large Cap Fund,10.3,10.3,10.01,,10.01,10.0,0.009999999999999787,,1700.0,17079.0,7.0,0.2900000000000009,2.8155339805825332,0.09999999999999788,2439.8571428571427,10.046470588235294
2026-05-25T07:45:22+00:00,2026-05-25T13:30:22+05:45,2026-05-25,13:30:22,1779695122,0,7,13,nepse_official,OPEN,2026-05-25,SMATA,Samata Gharelu Laghubitta Bittiya Sanstha Limited,770.0,775.0,765.0,,774.9,770.0,4.899999999999977,,361.0,278165.3,24.0,10.0,1.2987012987012987,0.6363636363636335,11590.220833333333,770.5409972299169
2026-05-25T07:45:22+00:00,2026-05-25T13:30:22+05:45,2026-05-25,13:30:22,1779695122,0,7,13,nepse_official,OPEN,2026-05-25,SMB,Support Microfinance Bittiya Sanstha Ltd.,1788.0,1790.0,1751.0,,1760.0,1741.0,19.0,,498.0,879861.0,21.0,39.0,2.1812080536912752,1.0913268236645606,41898.142857142855,1766.789156626506
2026-05-25T07:45:22+00:00,2026-05-25T13:30:22+05:45,2026-05-25,13:30:22,1779695122,0,7,13,nepse_official,OPEN,2026-05-25,SMFBS,Swabhimaan Laghubitta Bittiya Sanstha Limited,1513.3,1525.1,1502.0,,1512.4,1535.0,-22.59999999999991,,922.0,1396407.6,23.0,23.09999999999991,1.5264653406462638,-1.4723127035830559,60713.373913043484,1514.5418655097615
2026-05-25T07:45:22+00:00,2026-05-25T13:30:22+05:45,2026-05-25,13:30:22,1779695122,0,7,13,nepse_official,OPEN,2026-05-25,SMH,Super Mai Hydropower Limited,594.0,600.0,585.2,,598.5,594.0,4.5,,6727.0,4019552.8,48.0,14.799999999999955,2.491582491582484,0.7575757575757576,83740.68333333333,597.5253158911847
2026-05-25T07:45:22+00:00,2026-05-25T13:30:22+05:45,2026-05-25,13:30:22,1779695122,0,7,13,nepse_official,OPEN,2026-05-25,SMHL,Super Madi Hydropower Limited,500.1,508.0,500.1,,506.0,499.0,7.0,,21638.0,10940797.8,179.0,7.899999999999977,1.579684063187358,1.402805611222445,61121.77541899442,505.6288843700897
2026-05-25T07:45:22+00:00,2026-05-25T13:30:22+05:45,2026-05-25,13:30:22,1779695122,0,7,13,nepse_official,OPEN,2026-05-25,SMJC,Sagarmatha Jalabidhyut Company Limited,463.6,499.0,463.6,,491.0,487.9,3.1000000000000227,,46629.0,22829374.0,214.0,35.39999999999998,7.63589301121656,0.635376101660181,106679.31775700934,489.59604537948485
2026-05-25T07:45:22+00:00,2026-05-25T13:30:22+05:45,2026-05-25,13:30:22,1779695122,0,7,13,nepse_official,OPEN,2026-05-25,SMPDA,Sampada Laghubitta Bittiya Sanstha Limited,838.0,854.0,838.0,,842.0,838.0,4.0,,1247.0,1053211.9,23.0,16.0,1.9093078758949882,0.47732696897374705,45791.82173913043,844.5965517241378
2026-05-25T07:45:22+00:00,2026-05-25T13:30:22+05:45,2026-05-25,13:30:22,1779695122,0,7,13,nepse_official,OPEN,2026-05-25,SNLI,Sun Nepal Life Insurance Company Limited,455.0,455.0,447.5,,451.8,447.0,4.800000000000011,,14463.0,6506305.7,207.0,7.5,1.6483516483516485,1.0738255033557071,31431.42850241546,449.8586531148448
2026-05-25T07:45:22+00:00,2026-05-25T13:30:22+05:45,2026-05-25,13:30:22,1779695122,0,7,13,nepse_official,OPEN,2026-05-25,SOHL,Solu Hydropower Limited,685.0,710.0,685.0,,707.0,688.0,19.0,,86109.0,60278580.2,1651.0,25.0,3.64963503649635,2.761627906976744,36510.345366444584,700.0264803911322
2026-05-25T07:45:22+00:00,2026-05-25T13:30:22+05:45,2026-05-25,13:30:22,1779695122,0,7,13,nepse_official,OPEN,2026-05-25,SONA,Sonapur Minerals And Oil Limited,475.0,475.0,455.1,,462.6,462.0,0.6000000000000227,,34518.0,16043946.3,244.0,19.899999999999977,4.189473684210522,0.1298701298701348,65753.87827868853,464.7994176951156
2026-05-25T07:45:22+00:00,2026-05-25T13:30:22+05:45,2026-05-25,13:30:22,1779695122,0,7,13,nepse_official,OPEN,2026-05-25,SPC,Samling Power Company Limited,455.2,478.5,455.2,,468.8,458.2,10.600000000000023,,2115.0,996597.6,49.0,23.30000000000001,5.118629173989458,2.3134002618943743,20338.726530612243,471.2045390070922
2026-05-25T07:45:22+00:00,2026-05-25T13:30:22+05:45,2026-05-25,13:30:22,1779695122,0,7,13,nepse_official,OPEN,2026-05-25,SPDL,Synergy Power Development Ltd.,427.0,427.0,408.5,,412.0,407.0,5.0,,30073.0,12329810.6,72.0,18.5,4.332552693208431,1.2285012285012284,171247.36944444443,409.9960296611578
2026-05-25T07:45:22+00:00,2026-05-25T13:30:22+05:45,2026-05-25,13:30:22,1779695122,0,7,13,nepse_official,OPEN,2026-05-25,SPHL,Sayapatri Hydropower Limited,500.0,543.0,500.0,,535.0,525.0,10.0,,5145.0,2728784.7,52.0,43.0,8.6,1.9047619047619049,52476.62884615385,530.3760349854227
2026-05-25T07:45:22+00:00,2026-05-25T13:30:22+05:45,2026-05-25,13:30:22,1779695122,0,7,13,nepse_official,OPEN,2026-05-25,SPIL,Siddhartha Premier Insurance Limited,707.2,713.0,707.2,,712.0,709.8,2.2000000000000455,,1432.0,1018575.0,11.0,5.7999999999999545,0.8201357466063283,0.3099464637926241,92597.72727272728,711.2953910614525
2026-05-25T07:45:22+00:00,2026-05-25T13:30:22+05:45,2026-05-25,13:30:22,1779695122,0,7,13,nepse_official,OPEN,2026-05-25,SPL,Shuvam Power Limited,705.0,725.0,705.0,,707.1,708.0,-0.8999999999999773,,280.0,198734.0,8.0,20.0,2.8368794326241136,-0.12711864406779338,24841.75,709.7642857142857
2026-05-25T07:45:22+00:00,2026-05-25T13:30:22+05:45,2026-05-25,13:30:22,1779695122,0,7,13,nepse_official,OPEN,2026-05-25,SRLI,Sanima Reliance Life Insurance Limited,389.3,397.5,389.3,,395.0,393.9,1.1000000000000227,,17497.0,6912345.7,165.0,8.199999999999989,2.1063447212946285,0.27925869510028506,41893.00424242424,395.05890724124134
2026-05-25T07:45:22+00:00,2026-05-25T13:30:22+05:45,2026-05-25,13:30:22,1779695122,0,7,13,nepse_official,OPEN,2026-05-25,SSHL,Shiva Shree Hydropower Ltd,220.0,228.8,220.0,,225.3,221.9,3.4000000000000057,,243235.0,55063326.3,729.0,8.800000000000011,4.000000000000005,1.532221721496172,75532.68353909465,226.37912430365694
2026-05-25T07:45:22+00:00,2026-05-25T13:30:22+05:45,2026-05-25,13:30:22,1779695122,0,7,13,nepse_official,OPEN,2026-05-25,STC,Salt Trading Corporation,5863.0,5935.0,5830.0,,5934.0,5930.0,4.0,,716.0,4217078.0,28.0,105.0,1.7908920347944737,0.06745362563237774,150609.92857142858,5889.77374301676
2026-05-25T07:45:22+00:00,2026-05-25T13:30:22+05:45,2026-05-25,13:30:22,1779695122,0,7,13,nepse_official,OPEN,2026-05-25,SWASTIK,Swastik Laghubitta Bittiya Sanstha Limited,2415.0,2473.9,2375.0,,2473.9,2400.0,73.90000000000009,,632.0,1529533.0,20.0,98.90000000000009,4.095238095238099,3.07916666666667,76476.65,2420.147151898734
2026-05-25T07:45:22+00:00,2026-05-25T13:30:22+05:45,2026-05-25,13:30:22,1779695122,0,7,13,nepse_official,OPEN,2026-05-25,SWBBL,Swabalamban Laghubitta Bittiya Sanstha Limited,778.1,778.1,746.0,,746.4,741.1,5.2999999999999545,,1598.0,1203376.3,28.0,32.10000000000002,4.125433748875468,0.7151531507218937,42977.725,753.0515018773467
2026-05-25T07:45:22+00:00,2026-05-25T13:30:22+05:45,2026-05-25,13:30:22,1779695122,0,7,13,nepse_official,OPEN,2026-05-25,SWMF,Suryodaya Womi Laghubitta Bittiya Sanstha Limited,670.0,678.9,662.1,,670.0,669.1,0.8999999999999773,,6922.0,4614129.4,33.0,16.799999999999955,2.5074626865671577,0.1345090419967086,139822.10303030303,666.5890494076857
2026-05-25T07:45:22+00:00,2026-05-25T13:30:22+05:45,2026-05-25,13:30:22,1779695122,0,7,13,nepse_official,OPEN,2026-05-25,SYPNL,SY Panel Nepal Limited,1459.0,1535.0,1459.0,,1515.0,1507.9,7.099999999999909,,37021.0,56485592.6,567.0,76.0,5.20904729266621,0.4708535048743224,99621.85643738977,1525.7716593284892
2026-05-25T07:45:22+00:00,2026-05-25T13:30:22+05:45,2026-05-25,13:30:22,1779695122,0,7,13,nepse_official,OPEN,2026-05-25,TAMOR,Sanima Middle Tamor Hydropower Limited,456.0,459.7,450.1,,459.5,455.0,4.5,,60902.0,27825978.8,256.0,9.599999999999966,2.1052631578947296,0.9890109890109889,108695.2296875,456.89761912580866
2026-05-25T07:45:22+00:00,2026-05-25T13:30:22+05:45,2026-05-25,13:30:22,1779695122,0,7,13,nepse_official,OPEN,2026-05-25,TPC,Terhathum Power Company Limited,389.0,389.0,375.0,,383.5,380.0,3.5,,19262.0,7384282.5,114.0,14.0,3.5989717223650386,0.9210526315789472,64774.40789473684,383.3601131762018
2026-05-25T07:45:22+00:00,2026-05-25T13:30:22+05:45,2026-05-25,13:30:22,1779695122,0,7,13,nepse_official,OPEN,2026-05-25,TRH,Taragaon Regency Hotel Limited,753.0,765.0,753.0,,765.0,755.2,9.799999999999955,,716.0,542096.0,7.0,12.0,1.593625498007968,1.2976694915254177,77442.28571428571,757.1173184357542
2026-05-25T07:45:22+00:00,2026-05-25T13:30:22+05:45,2026-05-25,13:30:22,1779695122,0,7,13,nepse_official,OPEN,2026-05-25,TSHL,Three Star Hydropower Limited,550.0,565.0,550.0,,560.0,555.0,5.0,,3088.0,1725190.0,38.0,15.0,2.727272727272727,0.9009009009009009,45399.73684210526,558.675518134715
2026-05-25T07:45:22+00:00,2026-05-25T13:30:22+05:45,2026-05-25,13:30:22,1779695122,0,7,13,nepse_official,OPEN,2026-05-25,TTL,Trade Tower Limited,898.8,898.8,846.0,,866.1,856.0,10.100000000000023,,21277.0,18546078.2,367.0,52.799999999999955,5.8744993324432535,1.1799065420560775,50534.27302452316,871.6491140668327
2026-05-25T07:45:22+00:00,2026-05-25T13:30:22+05:45,2026-05-25,13:30:22,1779695122,0,7,13,nepse_official,OPEN,2026-05-25,TVCL,Trishuli Jal Vidhyut Company Limited ,509.1,531.0,509.1,,531.0,521.9,9.100000000000023,,12083.0,6163320.1,40.0,21.899999999999977,4.301708898055387,1.7436290477102938,154083.0025,510.0819415708019
2026-05-25T07:45:22+00:00,2026-05-25T13:30:22+05:45,2026-05-25,13:30:22,1779695122,0,7,13,nepse_official,OPEN,2026-05-25,UAIL,United Ajod Insurance Limited,437.0,453.0,437.0,,446.0,445.0,1.0,,7014.0,3117718.6,62.0,16.0,3.6613272311212817,0.22471910112359553,50285.783870967745,444.499372683205
2026-05-25T07:45:22+00:00,2026-05-25T13:30:22+05:45,2026-05-25,13:30:22,1779695122,0,7,13,nepse_official,OPEN,2026-05-25,UHEWA,Upper Hewakhola Hydropower Company Limited,583.5,589.0,580.0,,586.0,583.6,2.3999999999999773,,3597.0,2102579.0,46.0,9.0,1.5424164524421593,0.4112405757368021,45708.239130434784,584.5368362524326
2026-05-25T07:45:22+00:00,2026-05-25T13:30:22+05:45,2026-05-25,13:30:22,1779695122,0,7,13,nepse_official,OPEN,2026-05-25,ULBSL,Upakar Laghubitta Bittiya Sanstha Limited,2850.0,2997.9,2850.0,,2948.9,2920.0,28.90000000000009,,575.0,1695045.9,33.0,147.9000000000001,5.18947368421053,0.9897260273972635,51365.02727272727,2947.905913043478
2026-05-25T07:45:22+00:00,2026-05-25T13:30:22+05:45,2026-05-25,13:30:22,1779695122,0,7,13,nepse_official,OPEN,2026-05-25,ULHC,Upper Lohore Khola Hydropower Company Limited,478.1,485.0,478.1,,480.4,477.5,2.8999999999999773,,13117.0,6306642.6,86.0,6.899999999999977,1.443212717004806,0.6073298429319325,73333.05348837208,480.7991613936113
2026-05-25T07:45:22+00:00,2026-05-25T13:30:22+05:45,2026-05-25,13:30:22,1779695122,0,7,13,nepse_official,OPEN,2026-05-25,UMHL,United Modi Hydropower Ltd.,550.0,574.0,550.0,,572.0,564.0,8.0,,7849.0,4480522.1,46.0,24.0,4.363636363636364,1.4184397163120568,97402.65434782607,570.8398649509492
2026-05-25T07:45:22+00:00,2026-05-25T13:30:22+05:45,2026-05-25,13:30:22,1779695122,0,7,13,nepse_official,OPEN,2026-05-25,UMRH,United IDI Mardi RB Hydropower Limited.,537.2,550.0,537.2,,545.0,545.0,0.0,,17433.0,9475119.7,64.0,12.799999999999955,2.382725241995524,0.0,148048.7453125,543.5163024149601
2026-05-25T07:45:22+00:00,2026-05-25T13:30:22+05:45,2026-05-25,13:30:22,1779695122,0,7,13,nepse_official,OPEN,2026-05-25,UNHPL,Union Hydropower Limited,420.0,444.0,420.0,,440.0,434.0,6.0,,32701.0,14325366.9,121.0,24.0,5.714285714285714,1.3824884792626728,118391.46198347108,438.0712180055656
2026-05-25T07:45:22+00:00,2026-05-25T13:30:22+05:45,2026-05-25,13:30:22,1779695122,0,7,13,nepse_official,OPEN,2026-05-25,UNLB,Unique Nepal Laghubitta Bittiya Sanstha Limited,1385.0,1421.0,1385.0,,1421.0,1424.0,-3.0,,720.0,1005997.0,20.0,36.0,2.5992779783393503,-0.21067415730337077,50299.85,1397.2180555555556
2026-05-25T07:45:22+00:00,2026-05-25T13:30:22+05:45,2026-05-25,13:30:22,1779695122,0,7,13,nepse_official,OPEN,2026-05-25,UPCL,UNIVERSAL POWER COMPANY LTD,377.0,380.0,373.0,,376.0,373.0,3.0,,23779.0,8952886.3,109.0,7.0,1.8567639257294428,0.8042895442359249,82136.57155963304,376.50390260313725
2026-05-25T07:45:22+00:00,2026-05-25T13:30:22+05:45,2026-05-25,13:30:22,1779695122,0,7,13,nepse_official,OPEN,2026-05-25,UPPER,Upper Tamakoshi Hydropower Ltd,197.5,211.9,197.5,,210.5,207.5,3.0,,114802.0,24133236.9,557.0,14.400000000000006,7.291139240506332,1.4457831325301205,43327.17576301615,210.21617132105712
2026-05-25T07:45:22+00:00,2026-05-25T13:30:22+05:45,2026-05-25,13:30:22,1779695122,0,7,13,nepse_official,OPEN,2026-05-25,USHEC,Upper Solu Hydro Electric Company Limited,508.0,518.0,508.0,,518.0,507.0,11.0,,27615.0,14248902.0,148.0,10.0,1.968503937007874,2.1696252465483234,96276.36486486487,515.9841390548615
2026-05-25T07:45:22+00:00,2026-05-25T13:30:22+05:45,2026-05-25,13:30:22,1779695122,0,7,13,nepse_official,OPEN,2026-05-25,USHL,Upper Syange Hydropower Limited,630.0,640.0,630.0,,636.0,625.0,11.0,,238.0,151303.0,9.0,10.0,1.5873015873015872,1.76,16811.444444444445,635.7268907563025
2026-05-25T07:45:22+00:00,2026-05-25T13:30:22+05:45,2026-05-25,13:30:22,1779695122,0,7,13,nepse_official,OPEN,2026-05-25,USLB,Unnati Sahakarya Laghubitta Bittiya Sanstha Limited,1260.0,1281.0,1260.0,,1275.0,1256.0,19.0,,819.0,1044390.9,27.0,21.0,1.6666666666666667,1.5127388535031847,38681.14444444444,1275.202564102564
2026-05-25T07:45:22+00:00,2026-05-25T13:30:22+05:45,2026-05-25,13:30:22,1779695122,0,7,13,nepse_official,OPEN,2026-05-25,VLBS,Vijaya laghubitta Bittiya Sanstha Ltd.,691.2,708.0,691.2,,698.0,694.9,3.1000000000000227,,1249.0,876056.0,88.0,16.799999999999955,2.4305555555555487,0.4461073535760574,9955.181818181818,701.4059247397919
2026-05-25T07:45:22+00:00,2026-05-25T13:30:22+05:45,2026-05-25,13:30:22,1779695122,0,7,13,nepse_official,OPEN,2026-05-25,VLUCL,Vision Lumbini Urja Company Limited ,514.7,514.7,495.0,,506.0,500.0,6.0,,1935.0,973227.0,44.0,19.700000000000045,3.8274723139693108,1.2,22118.795454545456,502.9596899224806
2026-05-25T07:45:22+00:00,2026-05-25T13:30:22+05:45,2026-05-25,13:30:22,1779695122,0,7,13,nepse_official,OPEN,2026-05-25,WNLB,Wean Nepal Laghubitta Bittiya Sanstha Limited,1499.0,1499.0,1455.0,,1455.0,1480.0,-25.0,,277.0,404315.0,11.0,44.0,2.935290193462308,-1.6891891891891893,36755.90909090909,1459.620938628159
2026-05-25T08:15:28+00:00,2026-05-25T14:00:28+05:45,2026-05-25,14:00:28,1779696928,0,8,14,nepse_official,OPEN,2026-05-25,ACLBSL,Aarambha Chautari Laghubitta Bittiya Sanstha Limited,977.4,977.4,954.0,,961.0,949.0,12.0,,212.0,203399.0,14.0,23.399999999999977,2.3941068139963146,1.2644889357218125,14528.5,959.4292452830189
2026-05-25T08:15:28+00:00,2026-05-25T14:00:28+05:45,2026-05-25,14:00:28,1779696928,0,8,14,nepse_official,OPEN,2026-05-25,ADBL,Agricultural Development Bank Limited,317.9,318.5,312.3,,318.5,313.0,5.5,,33958.0,10750831.0,150.0,6.199999999999989,1.9502988361119813,1.7571884984025559,71672.20666666667,316.5919959950527
2026-05-25T08:15:28+00:00,2026-05-25T14:00:28+05:45,2026-05-25,14:00:28,1779696928,0,8,14,nepse_official,OPEN,2026-05-25,ADBLD83,10.35% Agricultural Bank Debenture 2083,1051.9,1051.9,1051.9,,1051.9,1070.0,-18.09999999999991,,25.0,26297.5,1.0,0.0,0.0,-1.6915887850467204,26297.5,1051.9
2026-05-25T08:15:28+00:00,2026-05-25T14:00:28+05:45,2026-05-25,14:00:28,1779696928,0,8,14,nepse_official,OPEN,2026-05-25,AHL,Asian Hydropower Limited,505.0,518.5,504.0,,504.2,515.0,-10.800000000000011,,12158.0,6149077.3,111.0,14.5,2.8712871287128716,-2.097087378640779,55397.09279279279,505.76388386247737
2026-05-25T08:15:28+00:00,2026-05-25T14:00:28+05:45,2026-05-25,14:00:28,1779696928,0,8,14,nepse_official,OPEN,2026-05-25,AHPC,Arun Valley Hydropower Development Co. Ltd.,275.0,289.0,275.0,,288.0,284.0,4.0,,73503.0,21076492.1,296.0,14.0,5.090909090909091,1.4084507042253522,71204.36520270271,286.74329075003743
2026-05-25T08:15:28+00:00,2026-05-25T14:00:28+05:45,2026-05-25,14:00:28,1779696928,0,8,14,nepse_official,OPEN,2026-05-25,AKJCL,Ankhu Khola Jalvidhyut Company Ltd,402.0,419.0,402.0,,416.4,402.0,14.399999999999977,,1046588.0,432512083.1,1823.0,17.0,4.228855721393035,3.5820895522388008,237252.92545255076,413.2591651155947
2026-05-25T08:15:28+00:00,2026-05-25T14:00:28+05:45,2026-05-25,14:00:28,1779696928,0,8,14,nepse_official,OPEN,2026-05-25,AKPL,Arun Kabeli Power Ltd.,275.0,278.8,271.0,,277.0,274.5,2.5,,161585.0,44487650.8,426.0,7.800000000000011,2.8363636363636404,0.9107468123861567,104431.10516431925,275.3204245443574
2026-05-25T08:15:28+00:00,2026-05-25T14:00:28+05:45,2026-05-25,14:00:28,1779696928,0,8,14,nepse_official,OPEN,2026-05-25,ALBSL,Asha Laghubitta Bittiya Sanstha Ltd,1086.0,1121.0,1086.0,,1116.9,1115.0,1.900000000000091,,4625.0,5118658.3,85.0,35.0,3.2228360957642725,0.17040358744395434,60219.5094117647,1106.7369297297296
2026-05-25T08:15:28+00:00,2026-05-25T14:00:28+05:45,2026-05-25,14:00:28,1779696928,0,8,14,nepse_official,OPEN,2026-05-25,ALICL,Asian Life Insurance Co. Limited,459.9,459.9,452.0,,455.5,452.3,3.1999999999999886,,7098.0,3219549.5,61.0,7.899999999999977,1.7177647314633566,0.7074950254255999,52779.5,453.5854466046774
2026-05-25T08:15:28+00:00,2026-05-25T14:00:28+05:45,2026-05-25,14:00:28,1779696928,0,8,14,nepse_official,OPEN,2026-05-25,ANLB,Aatmanirbhar Laghubitta Bittiya Sanstha Limited,5901.0,5996.0,5733.0,,5996.0,5901.0,95.0,,865.0,5049794.0,32.0,263.0,4.456871716658194,1.609896627690222,157806.0625,5837.912138728324
2026-05-25T08:15:28+00:00,2026-05-25T14:00:28+05:45,2026-05-25,14:00:28,1779696928,0,8,14,nepse_official,OPEN,2026-05-25,API,Api Power Company Ltd.,359.0,363.0,357.2,,361.5,357.2,4.300000000000011,,389855.0,140527024.1,1010.0,5.800000000000011,1.615598885793875,1.2038073908174725,139135.66742574258,360.4597198958587
2026-05-25T08:15:28+00:00,2026-05-25T14:00:28+05:45,2026-05-25,14:00:28,1779696928,0,8,14,nepse_official,OPEN,2026-05-25,AVYAN,Aviyan Laghubitta Bittiya Sanstha Limited,1082.1,1155.5,1082.1,,1150.0,1139.0,11.0,,4261.0,4882309.5,82.0,73.40000000000009,6.783106921726283,0.9657594381035997,59540.35975609756,1145.8130720488148
2026-05-25T08:15:28+00:00,2026-05-25T14:00:28+05:45,2026-05-25,14:00:28,1779696928,0,8,14,nepse_official,OPEN,2026-05-25,BANDIPUR,Bandipur Cablecar and Tourism Limited,910.0,910.0,855.0,,869.9,875.9,-6.0,,44808.0,39004922.7,695.0,55.0,6.043956043956044,-0.6850097043041443,56122.190935251805,870.4901513122658
2026-05-25T08:15:28+00:00,2026-05-25T14:00:28+05:45,2026-05-25,14:00:28,1779696928,0,8,14,nepse_official,OPEN,2026-05-25,BARUN,Barun Hydropower Co. Ltd.,352.0,359.0,351.0,,357.0,351.1,5.899999999999977,,29061.0,10361977.9,162.0,8.0,2.272727272727273,1.6804329250925596,63962.82654320988,356.55957812876363
2026-05-25T08:15:28+00:00,2026-05-25T14:00:28+05:45,2026-05-25,14:00:28,1779696928,0,8,14,nepse_official,OPEN,2026-05-25,BBC,Bishal Bazar Company Limited,4818.9,4832.9,4766.1,,4822.0,4800.0,22.0,,182.0,872327.9,18.0,66.79999999999927,1.3862084708128262,0.4583333333333333,48462.66111111111,4793.010439560439
2026-05-25T08:15:28+00:00,2026-05-25T14:00:28+05:45,2026-05-25,14:00:28,1779696928,0,8,14,nepse_official,OPEN,2026-05-25,BEDC,Bhugol Energy Development Company Limited,395.7,395.7,377.3,,382.0,376.9,5.100000000000023,,37207.0,14203719.4,209.0,18.399999999999977,4.649987364164765,1.353144070045111,67960.37990430622,381.7485795683608
2026-05-25T08:15:28+00:00,2026-05-25T14:00:28+05:45,2026-05-25,14:00:28,1779696928,0,8,14,nepse_official,OPEN,2026-05-25,BFC,Best Finance Company Ltd.,464.0,469.0,460.1,,464.0,458.0,6.0,,7633.0,3546754.7,62.0,8.899999999999977,1.9181034482758572,1.3100436681222707,57205.72096774194,464.66064456963187
2026-05-25T08:15:28+00:00,2026-05-25T14:00:28+05:45,2026-05-25,14:00:28,1779696928,0,8,14,nepse_official,OPEN,2026-05-25,BGWT,Bhagawati Hydropower Development Company Limited,665.0,674.0,665.0,,669.0,661.0,8.0,,942.0,631804.1,33.0,9.0,1.3533834586466165,1.2102874432677762,19145.57878787879,670.7049893842888
2026-05-25T08:15:28+00:00,2026-05-25T14:00:28+05:45,2026-05-25,14:00:28,1779696928,0,8,14,nepse_official,OPEN,2026-05-25,BHCL,Bikash Hydropower Company Limited,566.0,604.9,566.0,,604.9,566.0,38.89999999999998,,81780.0,48031286.6,889.0,38.89999999999998,6.8727915194346245,6.8727915194346245,54028.44386951631,587.3231425776473
2026-05-25T08:15:28+00:00,2026-05-25T14:00:28+05:45,2026-05-25,14:00:28,1779696928,0,8,14,nepse_official,OPEN,2026-05-25,BHDC,Bindhyabasini Hydropower Development Company Limited,461.2,479.9,461.2,,479.5,463.6,15.899999999999977,,37586.0,17887209.2,211.0,18.69999999999999,4.054640069384212,3.4296807592752323,84773.50331753553,475.90084605970304
2026-05-25T08:15:28+00:00,2026-05-25T14:00:28+05:45,2026-05-25,14:00:28,1779696928,0,8,14,nepse_official,OPEN,2026-05-25,BHL,Balephi Hydropower Limited,237.0,237.0,225.0,,229.1,226.0,3.0999999999999943,,142347.0,32563890.1,523.0,12.0,5.063291139240507,1.371681415929201,62263.652198852775,228.7641474706176
2026-05-25T08:15:28+00:00,2026-05-25T14:00:28+05:45,2026-05-25,14:00:28,1779696928,0,8,14,nepse_official,OPEN,2026-05-25,BHPL,Barahi Hydropower Public Limited,530.1,537.8,530.0,,536.0,529.8,6.2000000000000455,,4384.0,2341199.0,50.0,7.7999999999999545,1.4714204867006138,1.1702529256323229,46823.98,534.0326186131387
2026-05-25T08:15:28+00:00,2026-05-25T14:00:28+05:45,2026-05-25,14:00:28,1779696928,0,8,14,nepse_official,OPEN,2026-05-25,BJHL,Bhujung Hydropower Limited,952.0,1000.0,945.0,,985.1,953.0,32.10000000000002,,12006.0,11745653.3,316.0,55.0,5.777310924369748,3.36831059811123,37169.788924050634,978.3152840246544
2026-05-25T08:15:28+00:00,2026-05-25T14:00:28+05:45,2026-05-25,14:00:28,1779696928,0,8,14,nepse_official,OPEN,2026-05-25,BNHC,Buddha Bhumi Nepal Hydropower Company Limited,333.1,343.0,332.0,,338.0,333.1,4.899999999999977,,6211.0,2101653.8,57.0,11.0,3.3023116181326926,1.4710297208045562,36871.11929824561,338.37607470616643
2026-05-25T08:15:28+00:00,2026-05-25T14:00:28+05:45,2026-05-25,14:00:28,1779696928,0,8,14,nepse_official,OPEN,2026-05-25,BNL,Bottlers Nepal (Balaju) Limited,14818.7,14819.0,14818.7,,14819.0,14387.1,431.89999999999964,,20.0,296377.0,2.0,0.2999999999992724,0.0020244690829780776,3.0019948426020506,148188.5,14818.85
2026-05-25T08:15:28+00:00,2026-05-25T14:00:28+05:45,2026-05-25,14:00:28,1779696928,0,8,14,nepse_official,OPEN,2026-05-25,BNT,Bottlers Nepal (Terai) Limited,11590.0,11900.0,11590.0,,11890.0,11590.6,299.39999999999964,,50.0,591190.0,5.0,310.0,2.6747195858498705,2.5831277069349268,118238.0,11823.8
2026-05-25T08:15:28+00:00,2026-05-25T14:00:28+05:45,2026-05-25,14:00:28,1779696928,0,8,14,nepse_official,OPEN,2026-05-25,BPCL,Butwal Power Company Limited,699.0,707.0,680.0,,707.0,699.0,8.0,,46797.0,32841504.5,156.0,27.0,3.862660944206009,1.144492131616595,210522.46474358975,701.7865354616749
2026-05-25T08:15:28+00:00,2026-05-25T14:00:28+05:45,2026-05-25,14:00:28,1779696928,0,8,14,nepse_official,OPEN,2026-05-25,BUNGAL,Bungal Hydro Limited,773.3,773.3,706.0,,745.0,814.0,-69.0,,56654.0,42307248.2,899.0,67.29999999999995,8.702961334540277,-8.476658476658477,47060.34282536151,746.7654216824938
2026-05-25T08:15:28+00:00,2026-05-25T14:00:28+05:45,2026-05-25,14:00:28,1779696928,0,8,14,nepse_official,OPEN,2026-05-25,C30MF,Citizens Super 30 Mutual Fund,9.89,10.2,9.89,,10.0,9.83,0.16999999999999993,,11500.0,117037.0,9.0,0.3099999999999987,3.134479271991898,1.7293997965411996,13004.111111111111,10.177130434782608
2026-05-25T08:15:28+00:00,2026-05-25T14:00:28+05:45,2026-05-25,14:00:28,1779696928,0,8,14,nepse_official,OPEN,2026-05-25,CBBL,Chhimek Laghubitta Bittiya Sanstha Limited,924.3,924.3,918.0,,923.0,917.0,6.0,,13342.0,12311826.9,163.0,6.2999999999999545,0.6815968841285248,0.6543075245365322,75532.68036809817,922.7872058162195
2026-05-25T08:15:28+00:00,2026-05-25T14:00:28+05:45,2026-05-25,14:00:28,1779696928,0,8,14,nepse_official,OPEN,2026-05-25,CFCL,Central Finance Co. Ltd.,510.0,510.0,496.0,,507.9,503.0,4.899999999999977,,5378.0,2730614.9,31.0,14.0,2.7450980392156863,0.9741550695825005,88084.35161290322,507.7379880996653
2026-05-25T08:15:28+00:00,2026-05-25T14:00:28+05:45,2026-05-25,14:00:28,1779696928,0,8,14,nepse_official,OPEN,2026-05-25,CGH,Chandragiri Hills Limited,799.0,814.7,795.0,,800.0,803.8,-3.7999999999999545,,21661.0,17314172.0,136.0,19.700000000000045,2.4655819774718455,-0.4727544165215172,127310.08823529411,799.3246849175938
2026-05-25T08:15:28+00:00,2026-05-25T14:00:28+05:45,2026-05-25,14:00:28,1779696928,0,8,14,nepse_official,OPEN,2026-05-25,CHCL,Chilime Hydropower Company Limited,482.5,490.0,482.5,,487.9,482.0,5.899999999999977,,62432.0,30253902.5,165.0,7.5,1.5544041450777202,1.224066390041489,183356.98484848486,484.58967356483856
2026-05-25T08:15:28+00:00,2026-05-25T14:00:28+05:45,2026-05-25,14:00:28,1779696928,0,8,14,nepse_official,OPEN,2026-05-25,CHDC,CEDB Holdings Limited,2300.0,2328.0,2286.0,,2324.0,2300.0,24.0,,7630.0,17677480.8,117.0,42.0,1.8260869565217392,1.0434782608695654,151089.5794871795,2316.838899082569
2026-05-25T08:15:28+00:00,2026-05-25T14:00:28+05:45,2026-05-25,14:00:28,1779696928,0,8,14,nepse_official,OPEN,2026-05-25,CHL,Chhyangdi Hydropower Ltd.,288.1,302.0,288.1,,296.5,297.0,-0.5,,41871.0,12367307.2,109.0,13.899999999999977,4.824713641096833,-0.16835016835016833,113461.53394495412,295.3668935540111
2026-05-25T08:15:28+00:00,2026-05-25T14:00:28+05:45,2026-05-25,14:00:28,1779696928,0,8,14,nepse_official,OPEN,2026-05-25,CIT,Citizen Investment Trust,1767.0,1789.9,1765.0,,1771.5,1767.0,4.5,,3902.0,6919564.9,85.0,24.90000000000009,1.409168081494063,0.2546689303904924,81406.64588235294,1773.338006150692
2026-05-25T08:15:28+00:00,2026-05-25T14:00:28+05:45,2026-05-25,14:00:28,1779696928,0,8,14,nepse_official,OPEN,2026-05-25,CITY,City Hotel Limited,374.0,383.0,373.0,,382.9,371.0,11.899999999999977,,61348.0,23229099.7,338.0,10.0,2.6737967914438503,3.2075471698113143,68725.14704142012,378.6447757058095
2026-05-25T08:15:28+00:00,2026-05-25T14:00:28+05:45,2026-05-25,14:00:28,1779696928,0,8,14,nepse_official,OPEN,2026-05-25,CKHL,Chirkhwa Hydropower Limited ,658.0,688.0,658.0,,686.0,673.9,12.100000000000023,,520.0,352031.0,25.0,30.0,4.5592705167173255,1.7955186229410927,14081.24,676.9826923076923
2026-05-25T08:15:28+00:00,2026-05-25T14:00:28+05:45,2026-05-25,14:00:28,1779696928,0,8,14,nepse_official,OPEN,2026-05-25,CLI,Citizen Life Insurance Company Limited,452.0,459.0,452.0,,457.0,452.0,5.0,,12301.0,5606417.3,200.0,7.0,1.5486725663716814,1.1061946902654867,28032.086499999998,455.76923014389075
2026-05-25T08:15:28+00:00,2026-05-25T14:00:28+05:45,2026-05-25,14:00:28,1779696928,0,8,14,nepse_official,OPEN,2026-05-25,CMF2,CITIZENS MUTUAL FUND 2,10.0,10.25,10.0,,10.24,10.14,0.09999999999999964,,2520.0,25687.0,5.0,0.25,2.5,0.986193293885598,5137.4,10.193253968253968
2026-05-25T08:15:28+00:00,2026-05-25T14:00:28+05:45,2026-05-25,14:00:28,1779696928,0,8,14,nepse_official,OPEN,2026-05-25,CORBL,Corporate Development Bank Limited,2050.0,2058.0,2000.0,,2040.0,2066.0,-26.0,,12254.0,24722852.9,147.0,58.0,2.829268292682927,-1.2584704743465636,168182.67278911563,2017.5332870899297
2026-05-25T08:15:28+00:00,2026-05-25T14:00:28+05:45,2026-05-25,14:00:28,1779696928,0,8,14,nepse_official,OPEN,2026-05-25,CREST,Crest Micro Life Insurance Limited,1252.1,1260.0,1143.0,,1243.0,1318.0,-75.0,,18824.0,23077573.6,364.0,117.0,9.344301573356761,-5.690440060698028,63399.92747252747,1225.965448363791
2026-05-25T08:15:28+00:00,2026-05-25T14:00:28+05:45,2026-05-25,14:00:28,1779696928,0,8,14,nepse_official,OPEN,2026-05-25,CSY,Citizens Santulit Yojana,9.17,9.47,9.17,,9.36,9.45,-0.08999999999999986,,3900.0,36387.0,25.0,0.3000000000000007,3.2715376226826685,-0.9523809523809509,1455.48,9.33
2026-05-25T08:15:28+00:00,2026-05-25T14:00:28+05:45,2026-05-25,14:00:28,1779696928,0,8,14,nepse_official,OPEN,2026-05-25,CYCL,CYC Nepal Laghubitta Bittiya Sanstha Limited,1482.0,1485.0,1463.0,,1478.0,1470.1,7.900000000000091,,331.0,486680.1,17.0,22.0,1.484480431848853,0.5373784096320041,28628.241176470587,1470.3326283987915
2026-05-25T08:15:28+00:00,2026-05-25T14:00:28+05:45,2026-05-25,14:00:28,1779696928,0,8,14,nepse_official,OPEN,2026-05-25,CZBIL,Citizens Bank International Limited,197.2,210.0,197.2,,209.7,207.5,2.1999999999999886,,35766.0,7429695.5,165.0,12.800000000000011,6.490872210953352,1.0602409638554162,45028.45757575757,207.73067997539562
2026-05-25T08:15:28+00:00,2026-05-25T14:00:28+05:45,2026-05-25,14:00:28,1779696928,0,8,14,nepse_official,OPEN,2026-05-25,DDBL,Deprosc Laghubitta Bittiya Sanstha Limited,859.0,870.0,853.0,,855.0,853.0,2.0,,4557.0,3902747.3,48.0,17.0,1.979045401629802,0.23446658851113714,81307.23541666666,856.4290761465876
2026-05-25T08:15:28+00:00,2026-05-25T14:00:28+05:45,2026-05-25,14:00:28,1779696928,0,8,14,nepse_official,OPEN,2026-05-25,DHEL,Daramkhola Hydro Energy Limited,650.0,684.9,650.0,,670.3,668.1,2.199999999999932,,37839.0,25462705.7,527.0,34.89999999999998,5.369230769230766,0.3292920221523622,48316.329601518024,672.9222680303391
2026-05-25T08:15:28+00:00,2026-05-25T14:00:28+05:45,2026-05-25,14:00:28,1779696928,0,8,14,nepse_official,OPEN,2026-05-25,DHPL,Dibyashwori Hydropower Ltd.,303.0,311.0,303.0,,305.0,302.0,3.0,,2829.0,860474.0,20.0,8.0,2.6402640264026402,0.9933774834437087,43023.7,304.1618946624249
2026-05-25T08:15:28+00:00,2026-05-25T14:00:28+05:45,2026-05-25,14:00:28,1779696928,0,8,14,nepse_official,OPEN,2026-05-25,DLBS,Dhaulagiri Laghubitta Bittiya Sanstha Limited,1275.0,1295.0,1271.0,,1295.0,1275.0,20.0,,218.0,279257.0,13.0,24.0,1.8823529411764703,1.5686274509803921,21481.30769230769,1280.9954128440368
2026-05-25T08:15:28+00:00,2026-05-25T14:00:28+05:45,2026-05-25,14:00:28,1779696928,0,8,14,nepse_official,OPEN,2026-05-25,DOLTI,Dolti Power Company Limited,341.0,364.9,341.0,,362.1,358.9,3.2000000000000455,,41526.0,15033462.3,221.0,23.899999999999977,7.008797653958937,0.8916132627472961,68024.71628959276,362.02529258777633
2026-05-25T08:15:28+00:00,2026-05-25T14:00:28+05:45,2026-05-25,14:00:28,1779696928,0,8,14,nepse_official,OPEN,2026-05-25,DORDI,Dordi Khola Jal Bidyut Company Limited,277.1,287.9,277.1,,283.2,277.5,5.699999999999989,,39943.0,11283432.6,198.0,10.799999999999955,3.897509924215068,2.05405405405405,56987.03333333333,282.48836091430286
2026-05-25T08:15:28+00:00,2026-05-25T14:00:28+05:45,2026-05-25,14:00:28,1779696928,0,8,14,nepse_official,OPEN,2026-05-25,EBL,Everest Bank Limited,719.9,719.9,710.3,,712.0,710.0,2.0,,24529.0,17454383.9,188.0,9.600000000000023,1.333518544242259,0.28169014084507044,92842.46755319148,711.5815524481226
2026-05-25T08:15:28+00:00,2026-05-25T14:00:28+05:45,2026-05-25,14:00:28,1779696928,0,8,14,nepse_official,OPEN,2026-05-25,EBLD85,10.50% Everest Bank Limited Debenture 2085,1197.0,1197.0,1197.0,,1197.0,1198.0,-1.0,,10.0,11970.0,1.0,0.0,0.0,-0.08347245409015025,11970.0,1197.0
2026-05-25T08:15:28+00:00,2026-05-25T14:00:28+05:45,2026-05-25,14:00:28,1779696928,0,8,14,nepse_official,OPEN,2026-05-25,EBLD91,Everest Bank Limited Debenture 2091,1081.1,1081.1,1081.0,,1081.0,1085.0,-4.0,,100.0,108106.5,3.0,0.09999999999990905,0.009249838127824352,-0.3686635944700461,36035.5,1081.065
2026-05-25T08:15:28+00:00,2026-05-25T14:00:28+05:45,2026-05-25,14:00:28,1779696928,0,8,14,nepse_official,OPEN,2026-05-25,EDBL,Excel Development Bank Ltd.,583.0,595.0,583.0,,594.0,580.0,14.0,,3845.0,2276064.5,25.0,12.0,2.0583190394511153,2.413793103448276,91042.58,591.9543563068921
2026-05-25T08:15:28+00:00,2026-05-25T14:00:28+05:45,2026-05-25,14:00:28,1779696928,0,8,14,nepse_official,OPEN,2026-05-25,EHPL,Eastern Hydropower Limited,395.0,402.5,395.0,,402.5,394.5,8.0,,15829.0,6317249.3,121.0,7.5,1.89873417721519,2.027883396704689,52208.67190082645,399.0933918756712
2026-05-25T08:15:28+00:00,2026-05-25T14:00:28+05:45,2026-05-25,14:00:28,1779696928,0,8,14,nepse_official,OPEN,2026-05-25,ENL,Emerging Nepal Limited,912.3,912.3,887.2,,892.0,898.0,-6.0,,463.0,416061.2,20.0,25.09999999999991,2.75128795352405,-0.6681514476614699,20803.06,898.62030237581
2026-05-25T08:15:28+00:00,2026-05-25T14:00:28+05:45,2026-05-25,14:00:28,1779696928,0,8,14,nepse_official,OPEN,2026-05-25,FMDBL,First Micro Finance Laghubitta Bittiya Sanstha Limited,792.0,799.0,792.0,,796.0,787.3,8.700000000000045,,8254.0,6565832.7,78.0,7.0,0.8838383838383838,1.105042550489019,84177.3423076923,795.4728252968258
2026-05-25T08:15:28+00:00,2026-05-25T14:00:28+05:45,2026-05-25,14:00:28,1779696928,0,8,14,nepse_official,OPEN,2026-05-25,FOWAD,Forward Microfinance Laghubitta Bittiya Sanstha Limited,1068.9,1068.9,1047.0,,1049.0,1044.0,5.0,,1882.0,1978455.4,34.0,21.90000000000009,2.0488352511928234,0.4789272030651341,58189.86470588235,1051.2515409139214
2026-05-25T08:15:28+00:00,2026-05-25T14:00:28+05:45,2026-05-25,14:00:28,1779696928,0,8,14,nepse_official,OPEN,2026-05-25,GBBL,Garima Bikas Bank Limited,421.0,425.0,420.0,,424.5,421.0,3.5,,25956.0,10959565.3,106.0,5.0,1.187648456057007,0.831353919239905,103392.12547169812,422.2362960394514
2026-05-25T08:15:28+00:00,2026-05-25T14:00:28+05:45,2026-05-25,14:00:28,1779696928,0,8,14,nepse_official,OPEN,2026-05-25,GBILD86/87,Global IME Bank Limited Debenture 2086/87,1086.0,1086.0,1086.0,,1086.0,1080.1,5.900000000000091,,25.0,27150.0,1.0,0.0,0.0,0.5462457179890835,27150.0,1086.0
2026-05-25T08:15:28+00:00,2026-05-25T14:00:28+05:45,2026-05-25,14:00:28,1779696928,0,8,14,nepse_official,OPEN,2026-05-25,GBIME,Global IME Bank Limited,236.0,239.0,235.2,,238.2,236.8,1.3999999999999773,,42178.0,10033579.0,267.0,3.8000000000000114,1.6101694915254285,0.5912162162162066,37578.94756554307,237.88655223102091
2026-05-25T08:15:28+00:00,2026-05-25T14:00:28+05:45,2026-05-25,14:00:28,1779696928,0,8,14,nepse_official,OPEN,2026-05-25,GBIMESY2,Global IME Sammunat Yojana -2,9.31,9.58,9.25,,9.57,9.31,0.2599999999999998,,2750.0,25809.0,13.0,0.33000000000000007,3.5445757250268537,2.79269602577873,1985.3076923076924,9.38509090909091
2026-05-25T08:15:28+00:00,2026-05-25T14:00:28+05:45,2026-05-25,14:00:28,1779696928,0,8,14,nepse_official,OPEN,2026-05-25,GBLBS,Grameen Bikas Laghubitta Bittiya Sanstha Ltd.,788.0,788.0,766.0,,778.0,775.9,2.1000000000000227,,3209.0,2512764.5,48.0,22.0,2.7918781725888326,0.27065343472097214,52349.260416666664,783.036615768152
2026-05-25T08:15:28+00:00,2026-05-25T14:00:28+05:45,2026-05-25,14:00:28,1779696928,0,8,14,nepse_official,OPEN,2026-05-25,GCIL,Ghorahi Cement Industry Limited,418.2,430.0,418.0,,427.1,424.0,3.1000000000000227,,46567.0,19689839.4,257.0,12.0,2.8694404591104736,0.7311320754717034,76614.16108949416,422.8281701634204
2026-05-25T08:15:28+00:00,2026-05-25T14:00:28+05:45,2026-05-25,14:00:28,1779696928,0,8,14,nepse_official,OPEN,2026-05-25,GFCL,Goodwill Finance Limited,635.0,643.0,630.2,,630.2,635.0,-4.7999999999999545,,4015.0,2536355.0,25.0,12.799999999999955,2.015748031496056,-0.7559055118110164,101454.2,631.719800747198
2026-05-25T08:15:28+00:00,2026-05-25T14:00:28+05:45,2026-05-25,14:00:28,1779696928,0,8,14,nepse_official,OPEN,2026-05-25,GHL,Ghalemdi Hydro Limited,245.0,247.9,241.3,,245.0,242.0,3.0,,57409.0,14118311.8,201.0,6.599999999999994,2.693877551020406,1.2396694214876034,70240.35721393036,245.92506053057883
2026-05-25T08:15:28+00:00,2026-05-25T14:00:28+05:45,2026-05-25,14:00:28,1779696928,0,8,14,nepse_official,OPEN,2026-05-25,GIBF1,Global IME Balanced Fund-1,10.9,11.33,10.9,,11.0,11.0,0.0,,6100.0,68141.0,26.0,0.4299999999999997,3.944954128440364,0.0,2620.8076923076924,11.170655737704918
2026-05-25T08:15:28+00:00,2026-05-25T14:00:28+05:45,2026-05-25,14:00:28,1779696928,0,8,14,nepse_official,OPEN,2026-05-25,GILB,Global IME Laghubitta Bittiya Sanstha Ltd.,1125.0,1157.0,1125.0,,1130.2,1130.0,0.20000000000004547,,751.0,859707.5,20.0,32.0,2.8444444444444446,0.017699115044251812,42985.375,1144.7503328894807
2026-05-25T08:15:28+00:00,2026-05-25T14:00:28+05:45,2026-05-25,14:00:28,1779696928,0,8,14,nepse_official,OPEN,2026-05-25,GLBSL,Gurans Laghubitta Bittiya Sanstha Limited,1830.0,1850.0,1805.0,,1805.0,1809.0,-4.0,,219.0,400403.8,11.0,45.0,2.459016393442623,-0.22111663902708678,36400.34545454545,1828.3278538812785
2026-05-25T08:15:28+00:00,2026-05-25T14:00:28+05:45,2026-05-25,14:00:28,1779696928,0,8,14,nepse_official,OPEN,2026-05-25,GLH,GreenLife Hydropower Limited,274.0,279.0,274.0,,276.9,274.0,2.8999999999999773,,45703.0,12676469.2,163.0,5.0,1.824817518248175,1.0583941605839333,77769.74969325154,277.3662385401396
2026-05-25T08:15:28+00:00,2026-05-25T14:00:28+05:45,2026-05-25,14:00:28,1779696928,0,8,14,nepse_official,OPEN,2026-05-25,GMFBS,Ganapati Laghubitta Bittiya Sanstha Limited,1261.0,1315.0,1261.0,,1300.0,1286.0,14.0,,687.0,892263.2,18.0,54.0,4.282315622521808,1.088646967340591,49570.177777777775,1298.7819505094615
2026-05-25T08:15:28+00:00,2026-05-25T14:00:28+05:45,2026-05-25,14:00:28,1779696928,0,8,14,nepse_official,OPEN,2026-05-25,GMFIL,Guheshowori Merchant Bank & Finance Co. Ltd.,479.9,479.9,466.4,,476.0,469.9,6.100000000000023,,905.0,427362.0,17.0,13.5,2.8130860595957494,1.2981485422430354,25138.941176470587,472.2232044198895
2026-05-25T08:15:28+00:00,2026-05-25T14:00:28+05:45,2026-05-25,14:00:28,1779696928,0,8,14,nepse_official,OPEN,2026-05-25,GMLI,Guardian Micro Life Insurance Limited ,1270.0,1300.0,1261.0,,1300.0,1269.9,30.09999999999991,,1906.0,2450295.4,60.0,39.0,3.0708661417322833,2.3702653752263885,40838.25666666667,1285.5694648478488
2026-05-25T08:15:28+00:00,2026-05-25T14:00:28+05:45,2026-05-25,14:00:28,1779696928,0,8,14,nepse_official,OPEN,2026-05-25,GRDBL,Green Development Bank Ltd.,1061.1,1129.9,1061.1,,1097.0,1110.0,-13.0,,8180.0,9001197.5,66.0,68.80000000000018,6.4838375270945425,-1.1711711711711712,136381.7803030303,1100.390892420538
2026-05-25T08:15:28+00:00,2026-05-25T14:00:28+05:45,2026-05-25,14:00:28,1779696928,0,8,14,nepse_official,OPEN,2026-05-25,GSY,Garima Samriddhi Yojana,9.99,10.1,9.91,,9.95,10.0,-0.05000000000000071,,9100.0,90925.5,35.0,0.1899999999999995,1.9019019019018968,-0.5000000000000071,2597.8714285714286,9.991813186813188
2026-05-25T08:15:28+00:00,2026-05-25T14:00:28+05:45,2026-05-25,14:00:28,1779696928,0,8,14,nepse_official,OPEN,2026-05-25,GUFL,Gurkhas Finance Ltd.,520.0,544.8,520.0,,540.0,535.0,5.0,,7268.0,3916949.9,55.0,24.799999999999955,4.76923076923076,0.9345794392523363,71217.2709090909,538.9309163456246
2026-05-25T08:15:28+00:00,2026-05-25T14:00:28+05:45,2026-05-25,14:00:28,1779696928,0,8,14,nepse_official,OPEN,2026-05-25,GVL,Green Ventures Limited,492.0,500.0,492.0,,495.6,491.9,3.7000000000000455,,11027.0,5477403.4,90.0,8.0,1.6260162601626018,0.7521854035373137,60860.03777777778,496.72652580030837
2026-05-25T08:15:28+00:00,2026-05-25T14:00:28+05:45,2026-05-25,14:00:28,1779696928,0,8,14,nepse_official,OPEN,2026-05-25,H8020,Himalayan 80-20,12.33,12.33,11.81,,12.2,11.98,0.21999999999999886,,16635.0,202686.0,13.0,0.5199999999999996,4.217356042173557,1.8363939899832962,15591.23076923077,12.184310189359783
2026-05-25T08:15:28+00:00,2026-05-25T14:00:28+05:45,2026-05-25,14:00:28,1779696928,0,8,14,nepse_official,OPEN,2026-05-25,HATHY,Hathway Investment Nepal Limited,810.9,810.9,803.0,,807.0,799.0,8.0,,2008.0,1620450.9,55.0,7.899999999999977,0.9742261684548006,1.0012515644555695,29462.743636363633,806.9974601593625
2026-05-25T08:15:28+00:00,2026-05-25T14:00:28+05:45,2026-05-25,14:00:28,1779696928,0,8,14,nepse_official,OPEN,2026-05-25,HBL,Himalayan Bank Limited,202.0,206.1,200.8,,206.1,203.0,3.0999999999999943,,47200.0,9667959.2,807.0,5.299999999999983,2.6237623762376154,1.5270935960591103,11980.1229244114,204.8296440677966
2026-05-25T08:15:28+00:00,2026-05-25T14:00:28+05:45,2026-05-25,14:00:28,1779696928,0,8,14,nepse_official,OPEN,2026-05-25,HBLD83,10% Himalayan Bank Debenture 2083,1036.0,1065.0,1036.0,,1065.0,1036.0,29.0,,45.0,47200.0,2.0,29.0,2.799227799227799,2.799227799227799,23600.0,1048.888888888889
2026-05-25T08:15:28+00:00,2026-05-25T14:00:28+05:45,2026-05-25,14:00:28,1779696928,0,8,14,nepse_official,OPEN,2026-05-25,HDHPC,Himal Dolakha Hydropower Company Limited,230.7,236.0,230.7,,233.1,230.7,2.4000000000000057,,171616.0,40151088.3,493.0,5.300000000000011,2.2973558734287005,1.040312093628091,81442.36977687626,233.95888670054072
2026-05-25T08:15:28+00:00,2026-05-25T14:00:28+05:45,2026-05-25,14:00:28,1779696928,0,8,14,nepse_official,OPEN,2026-05-25,HDL,Himalayan Distillery Limited,1180.0,1180.0,1168.0,,1170.0,1167.9,2.099999999999909,,17108.0,20036333.8,275.0,12.0,1.0169491525423728,0.17980991523246073,72859.39563636364,1171.167512274959
2026-05-25T08:15:28+00:00,2026-05-25T14:00:28+05:45,2026-05-25,14:00:28,1779696928,0,8,14,nepse_official,OPEN,2026-05-25,HEI,Himalayan Everest Insurance Limited,535.0,583.0,533.0,,538.5,535.9,2.6000000000000227,,8136.0,4389626.1,38.0,50.0,9.345794392523365,0.48516514275051736,115516.47631578946,539.5312315634218
2026-05-25T08:15:28+00:00,2026-05-25T14:00:28+05:45,2026-05-25,14:00:28,1779696928,0,8,14,nepse_official,OPEN,2026-05-25,HEIP,Himalayan Everest Insurance Limited Promoter,328.9,328.9,328.9,,328.9,320.0,8.899999999999977,,548.0,180237.2,1.0,0.0,0.0,2.781249999999993,180237.2,328.90000000000003
2026-05-25T08:15:28+00:00,2026-05-25T14:00:28+05:45,2026-05-25,14:00:28,1779696928,0,8,14,nepse_official,OPEN,2026-05-25,HFIN,Hotel Forest Inn Limited,985.0,1037.0,985.0,,1036.0,1000.0,36.0,,53146.0,54106795.5,1746.0,52.0,5.279187817258883,3.5999999999999996,30989.00085910653,1018.0784160614157
2026-05-25T08:15:28+00:00,2026-05-25T14:00:28+05:45,2026-05-25,14:00:28,1779696928,0,8,14,nepse_official,OPEN,2026-05-25,HHL,Himalayan Hydropower Limited,396.9,396.9,378.0,,380.0,378.0,2.0,,50500.0,19300083.2,134.0,18.899999999999977,4.7619047619047565,0.5291005291005291,144030.47164179105,382.17986534653465
2026-05-25T08:15:28+00:00,2026-05-25T14:00:28+05:45,2026-05-25,14:00:28,1779696928,0,8,14,nepse_official,OPEN,2026-05-25,HIDCL,Hydorelectricity Investment and Development Company Ltd,270.0,276.8,270.0,,275.3,271.5,3.8000000000000114,,54867.0,15078298.1,263.0,6.800000000000011,2.5185185185185226,1.399631675874774,57331.9319391635,274.8154282173255
2026-05-25T08:15:28+00:00,2026-05-25T14:00:28+05:45,2026-05-25,14:00:28,1779696928,0,8,14,nepse_official,OPEN,2026-05-25,HIDCLP,Hydorelectricity Investment and Development Company Limited Promoter,209.2,210.7,207.4,,210.5,207.3,3.1999999999999886,,154536.0,32355285.1,355.0,3.299999999999983,1.5774378585085962,1.543656536420641,91141.6481690141,209.3705356680644
2026-05-25T08:15:28+00:00,2026-05-25T14:00:28+05:45,2026-05-25,14:00:28,1779696928,0,8,14,nepse_official,OPEN,2026-05-25,HIMSTAR,Him Star Urja Company Limited,900.0,929.5,900.0,,903.0,918.0,-15.0,,6945.0,6360894.1,111.0,29.5,3.277777777777778,-1.6339869281045754,57305.35225225225,915.895478761699
2026-05-25T08:15:28+00:00,2026-05-25T14:00:28+05:45,2026-05-25,14:00:28,1779696928,0,8,14,nepse_official,OPEN,2026-05-25,HLBSL,Himalayan Laghubitta Bittiya Sanstha Limited,910.0,920.0,893.0,,914.9,898.0,16.899999999999977,,432.0,386441.8,9.0,27.0,2.9670329670329667,1.8819599109131377,42937.97777777778,894.5412037037037
2026-05-25T08:15:28+00:00,2026-05-25T14:00:28+05:45,2026-05-25,14:00:28,1779696928,0,8,14,nepse_official,OPEN,2026-05-25,HLI,Himalayan Life Insurance Limited,344.0,344.0,340.0,,343.6,339.8,3.8000000000000114,,32322.0,11084815.2,238.0,4.0,1.1627906976744187,1.118304885226607,46574.853781512604,342.9495452014108
2026-05-25T08:15:28+00:00,2026-05-25T14:00:28+05:45,2026-05-25,14:00:28,1779696928,0,8,14,nepse_official,OPEN,2026-05-25,HLICF,HLI Large Cap Fund,9.1,9.12,8.9,,9.01,8.87,0.14000000000000057,,30060.0,270760.6,15.0,0.21999999999999886,2.417582417582405,1.578354002254798,18050.706666666665,9.00733865602129
2026-05-25T08:15:28+00:00,2026-05-25T14:00:28+05:45,2026-05-25,14:00:28,1779696928,0,8,14,nepse_official,OPEN,2026-05-25,HPPL,Himalayan Power Partner Ltd.,381.3,388.0,381.0,,387.2,381.0,6.199999999999989,,10215.0,3941902.2,95.0,7.0,1.8358248098610017,1.627296587926506,41493.707368421055,385.8935095447871
2026-05-25T08:15:28+00:00,2026-05-25T14:00:28+05:45,2026-05-25,14:00:28,1779696928,0,8,14,nepse_official,OPEN,2026-05-25,HRL,Himalayan Reinsurance Limited,641.0,660.2,640.5,,660.2,641.4,18.800000000000068,,68255.0,44499236.7,841.0,19.700000000000045,3.073322932917324,2.931088244465243,52912.29096313912,651.9557058090983
2026-05-25T08:15:28+00:00,2026-05-25T14:00:28+05:45,2026-05-25,14:00:28,1779696928,0,8,14,nepse_official,OPEN,2026-05-25,HURJA,Himalaya Urja Bikas Company Limited,262.0,268.9,262.0,,268.0,263.0,5.0,,65356.0,17398738.4,209.0,6.899999999999977,2.6335877862595334,1.9011406844106464,83247.55215311004,266.21486015056
2026-05-25T08:15:28+00:00,2026-05-25T14:00:28+05:45,2026-05-25,14:00:28,1779696928,0,8,14,nepse_official,OPEN,2026-05-25,ICFC,ICFC Finance Limited,631.0,639.5,629.0,,639.0,631.0,8.0,,6385.0,4050239.6,55.0,10.5,1.664025356576862,1.2678288431061806,73640.72,634.3366640563821
2026-05-25T08:15:28+00:00,2026-05-25T14:00:28+05:45,2026-05-25,14:00:28,1779696928,0,8,14,nepse_official,OPEN,2026-05-25,ICFCD88,9% ICFC Finance Limited Debenture 2088,1145.0,1145.0,1145.0,,1145.0,1150.0,-5.0,,25.0,28625.0,1.0,0.0,0.0,-0.43478260869565216,28625.0,1145.0
2026-05-25T08:15:28+00:00,2026-05-25T14:00:28+05:45,2026-05-25,14:00:28,1779696928,0,8,14,nepse_official,OPEN,2026-05-25,ICFCD89,8% ICFC Finance Limited Debenture 2089,1081.0,1088.0,1081.0,,1088.0,1099.0,-11.0,,75.0,81395.0,5.0,7.0,0.6475485661424607,-1.0009099181073704,16279.0,1085.2666666666667
2026-05-25T08:15:28+00:00,2026-05-25T14:00:28+05:45,2026-05-25,14:00:28,1779696928,0,8,14,nepse_official,OPEN,2026-05-25,IGI,IGI Prudential insurance Limited,439.9,439.9,431.8,,438.0,430.0,8.0,,6972.0,3037222.7,33.0,8.099999999999966,1.8413275744487307,1.8604651162790697,92037.05151515151,435.6314830751578
2026-05-25T08:15:28+00:00,2026-05-25T14:00:28+05:45,2026-05-25,14:00:28,1779696928,0,8,14,nepse_official,OPEN,2026-05-25,IHL,Ingwa Hydropower Limited,442.0,451.1,425.0,,443.8,442.0,1.8000000000000114,,102625.0,44739012.2,512.0,26.100000000000023,5.9049773755656165,0.40723981900452744,87380.883203125,435.94652570036544
2026-05-25T08:15:28+00:00,2026-05-25T14:00:28+05:45,2026-05-25,14:00:28,1779696928,0,8,14,nepse_official,OPEN,2026-05-25,ILBS,Infinity Laghubitta Bittiya Sanstha Limited,935.0,947.2,920.1,,931.1,939.9,-8.799999999999955,,2485.0,2300410.4,33.0,27.100000000000023,2.898395721925136,-0.9362698159378608,69709.40606060605,925.7184708249497
2026-05-25T08:15:28+00:00,2026-05-25T14:00:28+05:45,2026-05-25,14:00:28,1779696928,0,8,14,nepse_official,OPEN,2026-05-25,ILI,IME Life Insurance Company Limited,437.0,444.0,437.0,,442.0,439.9,2.1000000000000227,,4576.0,2017501.3,187.0,7.0,1.6018306636155606,0.4773812230052336,10788.777005347594,440.88752185314684
2026-05-25T08:15:28+00:00,2026-05-25T14:00:28+05:45,2026-05-25,14:00:28,1779696928,0,8,14,nepse_official,OPEN,2026-05-25,JBBL,Jyoti Bikas Bank Limited,343.5,366.8,343.5,,365.2,361.5,3.6999999999999886,,26411.0,9623825.3,129.0,23.30000000000001,6.783114992721984,1.0235131396957091,74603.2968992248,364.3870092007119
2026-05-25T08:15:28+00:00,2026-05-25T14:00:28+05:45,2026-05-25,14:00:28,1779696928,0,8,14,nepse_official,OPEN,2026-05-25,JBLB,Jeevan Bikas Laghubitta  Bittya Sanstha Ltd,1305.0,1325.0,1305.0,,1316.9,1302.0,14.900000000000091,,2035.0,2682743.1,85.0,20.0,1.532567049808429,1.1443932411674418,31561.683529411766,1318.3012776412777
2026-05-25T08:15:28+00:00,2026-05-25T14:00:28+05:45,2026-05-25,14:00:28,1779696928,0,8,14,nepse_official,OPEN,2026-05-25,JFL,Janaki Finance Company Limited,409.0,414.9,409.0,,412.1,408.0,4.100000000000023,,1594.0,655170.1,18.0,5.899999999999977,1.4425427872860581,1.0049019607843193,36398.33888888889,411.02264742785445
2026-05-25T08:15:28+00:00,2026-05-25T14:00:28+05:45,2026-05-25,14:00:28,1779696928,0,8,14,nepse_official,OPEN,2026-05-25,JHAPA,Jhapa Energy Limited,1480.0,1543.7,1438.0,,1525.0,1499.0,26.0,,22263.0,33074186.2,238.0,105.70000000000005,7.141891891891896,1.734489659773182,138967.16890756303,1485.612280465346
2026-05-25T08:15:28+00:00,2026-05-25T14:00:28+05:45,2026-05-25,14:00:28,1779696928,0,8,14,nepse_official,OPEN,2026-05-25,JOSHI,Joshi Hydropower Development Company Ltd,282.1,290.0,282.1,,289.0,284.5,4.5,,11775.0,3394081.7,75.0,7.899999999999977,2.800425381070534,1.5817223198594026,45254.42266666667,288.24473036093417
2026-05-25T08:15:28+00:00,2026-05-25T14:00:28+05:45,2026-05-25,14:00:28,1779696928,0,8,14,nepse_official,OPEN,2026-05-25,JSLBB,Janautthan Samudayic Laghubitta Bittya Sanstha Limited,1078.5,1082.2,1078.1,,1082.1,1089.1,-7.0,,90.0,97265.9,4.0,4.100000000000136,0.38015762633288236,-0.6427325314479846,24316.475,1080.7322222222222
2026-05-25T08:15:28+00:00,2026-05-25T14:00:28+05:45,2026-05-25,14:00:28,1779696928,0,8,14,nepse_official,OPEN,2026-05-25,KBL,Kumari Bank Limited,220.0,224.0,219.0,,223.4,218.7,4.700000000000017,,200114.0,44348233.4,583.0,5.0,2.272727272727273,2.1490626428898114,76069.01097770155,221.61484653747362
2026-05-25T08:15:28+00:00,2026-05-25T14:00:28+05:45,2026-05-25,14:00:28,1779696928,0,8,14,nepse_official,OPEN,2026-05-25,KBSH,Kutheli Bukhari Small Hydropower Limited,1470.2,1500.0,1470.2,,1500.0,1500.0,0.0,,70.0,104702.0,3.0,29.799999999999955,2.0269351108692666,0.0,34900.666666666664,1495.7428571428572
2026-05-25T08:15:28+00:00,2026-05-25T14:00:28+05:45,2026-05-25,14:00:28,1779696928,0,8,14,nepse_official,OPEN,2026-05-25,KDBY,Kumari Dhanabriddhi Yojana,11.41,11.7,11.41,,11.62,11.45,0.16999999999999993,,277500.0,3223659.0,37.0,0.28999999999999915,2.5416301489921045,1.4847161572052396,87125.91891891892,11.61678918918919
2026-05-25T08:15:28+00:00,2026-05-25T14:00:28+05:45,2026-05-25,14:00:28,1779696928,0,8,14,nepse_official,OPEN,2026-05-25,KDL,Kalinchowk Darshan Limited,850.0,850.0,812.0,,827.1,826.8,0.3000000000000682,,1472.0,1217630.2,44.0,38.0,4.470588235294118,0.036284470246742646,27673.413636363635,827.194429347826
2026-05-25T08:15:28+00:00,2026-05-25T14:00:28+05:45,2026-05-25,14:00:28,1779696928,0,8,14,nepse_official,OPEN,2026-05-25,KEF,Kumari Equity Fund,10.75,10.81,10.72,,10.81,10.75,0.0600000000000005,,12400.0,133751.0,21.0,0.08999999999999986,0.8372093023255801,0.5581395348837256,6369.0952380952385,10.786370967741936
2026-05-25T08:15:28+00:00,2026-05-25T14:00:28+05:45,2026-05-25,14:00:28,1779696928,0,8,14,nepse_official,OPEN,2026-05-25,KKHC,Khanikhola Hydropower Co. Ltd.,273.5,273.5,266.0,,270.0,266.1,3.8999999999999773,,39375.0,10610783.1,155.0,7.5,2.742230347349177,1.4656144306651546,68456.66516129032,269.4802057142857
2026-05-25T08:15:28+00:00,2026-05-25T14:00:28+05:45,2026-05-25,14:00:28,1779696928,0,8,14,nepse_official,OPEN,2026-05-25,KMCDB,Kalika Laghubitta Bittiya Sanstha Ltd,860.0,865.0,855.0,,865.0,860.0,5.0,,1116.0,962714.2,32.0,10.0,1.1627906976744187,0.5813953488372093,30084.81875,862.6471326164874
2026-05-25T08:15:28+00:00,2026-05-25T14:00:28+05:45,2026-05-25,14:00:28,1779696928,0,8,14,nepse_official,OPEN,2026-05-25,KPCL,Kalika power Company Ltd,490.0,502.0,490.0,,502.0,493.5,8.5,,6082.0,3034618.8,57.0,12.0,2.4489795918367347,1.7223910840932117,53238.92631578947,498.95080565603416
2026-05-25T08:15:28+00:00,2026-05-25T14:00:28+05:45,2026-05-25,14:00:28,1779696928,0,8,14,nepse_official,OPEN,2026-05-25,KSBBL,Kamana Sewa Bikas Bank Limited,484.0,490.0,484.0,,489.9,482.1,7.7999999999999545,,30011.0,14671661.4,79.0,6.0,1.2396694214876034,1.617921593030482,185717.2329113924,488.8761254206791
2026-05-25T08:15:28+00:00,2026-05-25T14:00:28+05:45,2026-05-25,14:00:28,1779696928,0,8,14,nepse_official,OPEN,2026-05-25,KSBBLD87,9% Kamana Sewa Bikas Bank Limited Debenture 2087,1132.0,1132.0,1132.0,,1132.0,1131.0,1.0,,25.0,28300.0,1.0,0.0,0.0,0.08841732979664013,28300.0,1132.0
2026-05-25T08:15:28+00:00,2026-05-25T14:00:28+05:45,2026-05-25,14:00:28,1779696928,0,8,14,nepse_official,OPEN,2026-05-25,KSBBLP,Kamana Sewa Bikas Bank Limited Promoter Share,269.0,269.0,269.0,,269.0,269.0,0.0,,14079.0,3787251.0,1.0,0.0,0.0,0.0,3787251.0,269.0
2026-05-25T08:15:28+00:00,2026-05-25T14:00:28+05:45,2026-05-25,14:00:28,1779696928,0,8,14,nepse_official,OPEN,2026-05-25,KSY,Kumari Sabal Yojana,9.8,9.9,9.61,,9.9,9.8,0.09999999999999964,,21900.0,216523.0,17.0,0.2900000000000009,2.959183673469397,1.0204081632653024,12736.64705882353,9.88689497716895
2026-05-25T08:15:28+00:00,2026-05-25T14:00:28+05:45,2026-05-25,14:00:28,1779696928,0,8,14,nepse_official,OPEN,2026-05-25,LBBL,Lumbini Bikas Bank Ltd.,498.1,498.1,491.0,,497.5,491.0,6.5,,26017.0,12886677.3,106.0,7.100000000000023,1.4254165830154633,1.3238289205702647,121572.42735849057,495.3175731252643
2026-05-25T08:15:28+00:00,2026-05-25T14:00:28+05:45,2026-05-25,14:00:28,1779696928,0,8,14,nepse_official,OPEN,2026-05-25,LEC,Liberty Energy Company Limited,222.0,237.9,222.0,,236.1,233.0,3.0999999999999943,,96251.0,22722762.3,340.0,15.900000000000006,7.162162162162165,1.3304721030042894,66831.65382352941,236.07819451226482
2026-05-25T08:15:28+00:00,2026-05-25T14:00:28+05:45,2026-05-25,14:00:28,1779696928,0,8,14,nepse_official,OPEN,2026-05-25,LICN,Life Insurance Corporation (Nepal) Limited,829.0,829.0,813.0,,819.0,813.0,6.0,,1760.0,1443645.2,35.0,16.0,1.9300361881785282,0.7380073800738007,41247.00571428571,820.2529545454545
2026-05-25T08:15:28+00:00,2026-05-25T14:00:28+05:45,2026-05-25,14:00:28,1779696928,0,8,14,nepse_official,OPEN,2026-05-25,LLBS,Laxmi Laghubitta Bittiya Sanstha Ltd.,958.0,965.0,958.0,,965.0,958.0,7.0,,810.0,776050.0,3.0,7.0,0.7306889352818371,0.7306889352818371,258683.33333333334,958.0864197530864
2026-05-25T08:15:28+00:00,2026-05-25T14:00:28+05:45,2026-05-25,14:00:28,1779696928,0,8,14,nepse_official,OPEN,2026-05-25,LSL,Laxmi Sunrise Bank Limited,215.0,244.0,215.0,,226.9,225.9,1.0,,67486.0,15302888.2,220.0,29.0,13.488372093023257,0.44267374944665777,69558.58272727272,226.75648578964524
2026-05-25T08:15:28+00:00,2026-05-25T14:00:28+05:45,2026-05-25,14:00:28,1779696928,0,8,14,nepse_official,OPEN,2026-05-25,LUK,Laxmi Unnati Kosh,9.95,10.2,9.95,,10.0,9.95,0.05000000000000071,,5625.0,56005.0,7.0,0.25,2.512562814070352,0.5025125628140775,8000.714285714285,9.956444444444445
2026-05-25T08:15:28+00:00,2026-05-25T14:00:28+05:45,2026-05-25,14:00:28,1779696928,0,8,14,nepse_official,OPEN,2026-05-25,LVF2,Laxmi Value Fund 2,9.8,10.0,9.8,,10.0,10.0,0.0,,1600.0,15928.0,14.0,0.1999999999999993,2.0408163265306047,0.0,1137.7142857142858,9.955
2026-05-25T08:15:28+00:00,2026-05-25T14:00:28+05:45,2026-05-25,14:00:28,1779696928,0,8,14,nepse_official,OPEN,2026-05-25,MABEL,Mabilung Energy Limited,760.0,782.0,760.0,,766.0,760.0,6.0,,20210.0,15587952.5,347.0,22.0,2.8947368421052633,0.7894736842105263,44922.05331412104,771.298985650668
2026-05-25T08:15:28+00:00,2026-05-25T14:00:28+05:45,2026-05-25,14:00:28,1779696928,0,8,14,nepse_official,OPEN,2026-05-25,MAKAR,Makar Jitumaya Suri Hydropower Limited,535.1,535.1,504.0,,513.0,509.7,3.3000000000000114,,6421.0,3261976.7,64.0,31.100000000000023,5.8119977574285215,0.6474396703943518,50968.3859375,508.0169288272855
2026-05-25T08:15:28+00:00,2026-05-25T14:00:28+05:45,2026-05-25,14:00:28,1779696928,0,8,14,nepse_official,OPEN,2026-05-25,MANDU,Mandu Hydropower Limited,815.0,828.0,815.0,,826.0,818.9,7.100000000000023,,828.0,683389.8,22.0,13.0,1.5950920245398774,0.8670167297594362,31063.17272727273,825.35
2026-05-25T08:15:28+00:00,2026-05-25T14:00:28+05:45,2026-05-25,14:00:28,1779696928,0,8,14,nepse_official,OPEN,2026-05-25,MATRI,Matribhumi Lagubitta Bittiya Sanstha Limited,881.0,913.0,880.0,,890.1,895.0,-4.899999999999977,,496.0,441274.9,25.0,33.0,3.745743473325766,-0.5474860335195506,17650.996,889.6671370967742
2026-05-25T08:15:28+00:00,2026-05-25T14:00:28+05:45,2026-05-25,14:00:28,1779696928,0,8,14,nepse_official,OPEN,2026-05-25,MBJC,Madhya Bhotekoshi Jalavidyut Company Limited,286.0,292.0,281.3,,288.0,286.0,2.0,,23666.0,6825148.7,273.0,10.699999999999989,3.7412587412587373,0.6993006993006993,25000.544688644688,288.394688582777
2026-05-25T08:15:28+00:00,2026-05-25T14:00:28+05:45,2026-05-25,14:00:28,1779696928,0,8,14,nepse_official,OPEN,2026-05-25,MBL,Machhapuchhre Bank Limited,253.7,256.8,253.7,,255.0,252.9,2.0999999999999943,,75756.0,19337968.2,144.0,3.1000000000000227,1.2219156484036353,0.8303677342823227,134291.44583333333,255.26648978298746
2026-05-25T08:15:28+00:00,2026-05-25T14:00:28+05:45,2026-05-25,14:00:28,1779696928,0,8,14,nepse_official,OPEN,2026-05-25,MBLEF,MBL Equity Fund,9.93,10.21,9.93,,10.0,10.05,-0.05000000000000071,,1300.0,12999.0,13.0,0.28000000000000114,2.8197381671702026,-0.4975124378109523,999.9230769230769,9.999230769230769
2026-05-25T08:15:28+00:00,2026-05-25T14:00:28+05:45,2026-05-25,14:00:28,1779696928,0,8,14,nepse_official,OPEN,2026-05-25,MCHL,Menchhiyam Hydropower Limited,323.0,329.9,313.4,,328.0,322.9,5.100000000000023,,23490.0,7616242.8,133.0,16.5,5.108359133126935,1.5794363580055815,57264.98345864662,324.2334099616858
2026-05-25T08:15:28+00:00,2026-05-25T14:00:28+05:45,2026-05-25,14:00:28,1779696928,0,8,14,nepse_official,OPEN,2026-05-25,MDB,Miteri Development Bank Limited,615.0,618.0,612.2,,615.0,614.6,0.39999999999997726,,8200.0,5038238.8,41.0,5.7999999999999545,0.9430894308943015,0.06508298080051696,122883.8731707317,614.4193658536585
2026-05-25T08:15:28+00:00,2026-05-25T14:00:28+05:45,2026-05-25,14:00:28,1779696928,0,8,14,nepse_official,OPEN,2026-05-25,MEHL,Manakamana Engineering Hydropower Limited,379.0,390.0,379.0,,386.0,380.0,6.0,,1915.0,737475.0,38.0,11.0,2.9023746701846966,1.5789473684210527,19407.236842105263,385.1044386422976
2026-05-25T08:15:28+00:00,2026-05-25T14:00:28+05:45,2026-05-25,14:00:28,1779696928,0,8,14,nepse_official,OPEN,2026-05-25,MEL,Modi Energy Limited,238.0,245.0,235.1,,244.0,238.1,5.900000000000006,,17423.0,4219961.7,190.0,9.900000000000006,4.1596638655462215,2.4779504409911826,22210.324736842107,242.2063766285944
2026-05-25T08:15:28+00:00,2026-05-25T14:00:28+05:45,2026-05-25,14:00:28,1779696928,0,8,14,nepse_official,OPEN,2026-05-25,MEN,Mountain Energy Nepal Limited,610.0,615.0,606.5,,608.5,604.0,4.5,,49087.0,29856835.9,218.0,8.5,1.3934426229508197,0.7450331125827815,136957.9628440367,608.2432395542608
2026-05-25T08:15:28+00:00,2026-05-25T14:00:28+05:45,2026-05-25,14:00:28,1779696928,0,8,14,nepse_official,OPEN,2026-05-25,MERO,Mero Microfinance Bittiya Sanstha Ltd.,732.9,733.0,720.0,,725.0,718.0,7.0,,3450.0,2503440.2,36.0,13.0,1.7737754127438943,0.9749303621169917,69540.00555555556,725.6348405797102
2026-05-25T08:15:28+00:00,2026-05-25T14:00:28+05:45,2026-05-25,14:00:28,1779696928,0,8,14,nepse_official,OPEN,2026-05-25,MFIL,Manjushree Finance Ltd.,785.0,804.8,785.0,,798.0,802.0,-4.0,,10387.0,8306986.3,80.0,19.799999999999955,2.5222929936305674,-0.4987531172069825,103837.32875,799.7483681524983
2026-05-25T08:15:28+00:00,2026-05-25T14:00:28+05:45,2026-05-25,14:00:28,1779696928,0,8,14,nepse_official,OPEN,2026-05-25,MHCL,Molung Hydropower Company Limited,370.0,372.0,365.0,,365.0,368.9,-3.8999999999999773,,3169.0,1168975.0,69.0,7.0,1.891891891891892,-1.0571970723773318,16941.666666666668,368.87819501420006
2026-05-25T08:15:28+00:00,2026-05-25T14:00:28+05:45,2026-05-25,14:00:28,1779696928,0,8,14,nepse_official,OPEN,2026-05-25,MHL,Mandakini Hydropower Limited,500.0,510.0,498.5,,508.0,500.0,8.0,,9123.0,4606037.0,64.0,11.5,2.3,1.6,71969.328125,504.8818371149841
2026-05-25T08:15:28+00:00,2026-05-25T14:00:28+05:45,2026-05-25,14:00:28,1779696928,0,8,14,nepse_official,OPEN,2026-05-25,MHNL,Mountain Hydro Nepal Limited,268.0,276.0,268.0,,274.0,270.0,4.0,,4770.0,1310475.0,40.0,8.0,2.9850746268656714,1.4814814814814816,32761.875,274.7327044025157
2026-05-25T08:15:28+00:00,2026-05-25T14:00:28+05:45,2026-05-25,14:00:28,1779696928,0,8,14,nepse_official,OPEN,2026-05-25,MKCL,Muktinath Krishi Company Limited,1290.0,1310.0,1272.1,,1272.1,1288.0,-15.900000000000091,,860.0,1109810.4,37.0,37.90000000000009,2.937984496124038,-1.2344720496894481,29994.875675675674,1290.4772093023255
2026-05-25T08:15:28+00:00,2026-05-25T14:00:28+05:45,2026-05-25,14:00:28,1779696928,0,8,14,nepse_official,OPEN,2026-05-25,MKHC,Maya Khola Hydropower Company Limited,320.0,342.9,320.0,,339.7,320.0,19.69999999999999,,50424.0,16940168.7,354.0,22.899999999999977,7.156249999999993,6.1562499999999964,47853.583898305085,335.9544800095193
2026-05-25T08:15:28+00:00,2026-05-25T14:00:28+05:45,2026-05-25,14:00:28,1779696928,0,8,14,nepse_official,OPEN,2026-05-25,MKHL,Mai Khola Hydropower Limited,523.1,574.8,523.1,,556.2,545.0,11.200000000000045,,5983.0,3361913.5,92.0,51.69999999999993,9.883387497610387,2.055045871559641,36542.538043478264,561.910997827177
2026-05-25T08:15:28+00:00,2026-05-25T14:00:28+05:45,2026-05-25,14:00:28,1779696928,0,8,14,nepse_official,OPEN,2026-05-25,MKJC,Mailung Khola Jal Vidhyut Company Limited,500.0,501.6,493.2,,500.5,490.0,10.5,,2675.0,1334925.5,28.0,8.400000000000034,1.6800000000000068,2.142857142857143,47675.91071428572,499.03757009345793
2026-05-25T08:15:28+00:00,2026-05-25T14:00:28+05:45,2026-05-25,14:00:28,1779696928,0,8,14,nepse_official,OPEN,2026-05-25,MLBBL,Mithila LaghuBitta Bittiya Sanstha Limited,1220.0,1220.0,1183.0,,1185.7,1198.0,-12.299999999999955,,2294.0,2731769.0,25.0,37.0,3.0327868852459017,-1.0267111853088442,109270.76,1190.832170880558
2026-05-25T08:15:28+00:00,2026-05-25T14:00:28+05:45,2026-05-25,14:00:28,1779696928,0,8,14,nepse_official,OPEN,2026-05-25,MLBL,Mahalaxmi Bikas Bank Ltd.,369.9,370.0,367.3,,369.0,365.9,3.1000000000000227,,11220.0,4136128.5,60.0,2.6999999999999886,0.729927007299267,0.8472260180377216,68935.475,368.6389037433155
2026-05-25T08:15:28+00:00,2026-05-25T14:00:28+05:45,2026-05-25,14:00:28,1779696928,0,8,14,nepse_official,OPEN,2026-05-25,MLBS,Manushi Laghubitta Bittiya Sanstha Limited,1250.0,1300.0,1250.0,,1290.0,1279.0,11.0,,120.0,155199.0,7.0,50.0,4.0,0.8600469116497262,22171.285714285714,1293.325
2026-05-25T08:15:28+00:00,2026-05-25T14:00:28+05:45,2026-05-25,14:00:28,1779696928,0,8,14,nepse_official,OPEN,2026-05-25,MLBSL,Mahila Lagubitta Bittiya Sanstha Limited ,1800.0,1820.0,1790.0,,1820.0,1800.0,20.0,,383.0,692969.1,10.0,30.0,1.6666666666666667,1.1111111111111112,69296.91,1809.3187989556136
2026-05-25T08:15:28+00:00,2026-05-25T14:00:28+05:45,2026-05-25,14:00:28,1779696928,0,8,14,nepse_official,OPEN,2026-05-25,MMF1,Mega Mutual Fund -1,9.7,9.7,9.39,,9.5,9.59,-0.08999999999999986,,4005.0,38032.25,16.0,0.3099999999999987,3.195876288659781,-0.9384775808133458,2377.015625,9.496192259675405
2026-05-25T08:15:28+00:00,2026-05-25T14:00:28+05:45,2026-05-25,14:00:28,1779696928,0,8,14,nepse_official,OPEN,2026-05-25,MMKJL,Mathillo Mailun Khola Jalvidhyut Limited,494.0,515.0,494.0,,507.0,501.0,6.0,,1534.0,774960.0,41.0,21.0,4.251012145748987,1.1976047904191618,18901.463414634145,505.18904823989567
2026-05-25T08:15:28+00:00,2026-05-25T14:00:28+05:45,2026-05-25,14:00:28,1779696928,0,8,14,nepse_official,OPEN,2026-05-25,MNBBL,Muktinath Bikas Bank Ltd.,374.3,379.0,374.0,,377.0,372.9,4.100000000000023,,23734.0,8961196.4,121.0,5.0,1.3358268768367618,1.0994904800214595,74059.4743801653,377.5678941602764
2026-05-25T08:15:28+00:00,2026-05-25T14:00:28+05:45,2026-05-25,14:00:28,1779696928,0,8,14,nepse_official,OPEN,2026-05-25,MNMF1,Muktinath Mutual Fund 1,9.9,9.95,9.9,,9.95,10.0,-0.05000000000000071,,20756.0,206490.4,23.0,0.049999999999998934,0.5050505050504942,-0.5000000000000071,8977.84347826087,9.948467912892657
2026-05-25T08:15:28+00:00,2026-05-25T14:00:28+05:45,2026-05-25,14:00:28,1779696928,0,8,14,nepse_official,OPEN,2026-05-25,MPFL,Multipurpose Finance Company  Limited,624.9,629.0,613.0,,629.0,619.5,9.5,,4866.0,3030174.9,41.0,16.0,2.5604096655464876,1.533494753833737,73906.70487804878,622.7239827373612
2026-05-25T08:15:28+00:00,2026-05-25T14:00:28+05:45,2026-05-25,14:00:28,1779696928,0,8,14,nepse_official,OPEN,2026-05-25,MSHL,Mid Solu Hydropower Limited,695.0,705.0,686.0,,691.0,695.0,-4.0,,688.0,480736.6,20.0,19.0,2.7338129496402876,-0.5755395683453237,24036.829999999998,698.7450581395349
2026-05-25T08:15:28+00:00,2026-05-25T14:00:28+05:45,2026-05-25,14:00:28,1779696928,0,8,14,nepse_official,OPEN,2026-05-25,MSLB,Mahuli Laghubitta Bittiya Sanstha Limited,1272.0,1272.0,1235.0,,1250.0,1240.0,10.0,,1315.0,1638929.0,27.0,37.0,2.908805031446541,0.8064516129032258,60701.07407407407,1246.3338403041826
2026-05-25T08:15:28+00:00,2026-05-25T14:00:28+05:45,2026-05-25,14:00:28,1779696928,0,8,14,nepse_official,OPEN,2026-05-25,NABBC,Narayani Development Bank Limited,930.0,968.0,930.0,,952.0,950.0,2.0,,2744.0,2610413.0,40.0,38.0,4.086021505376344,0.21052631578947367,65260.325,951.3166909620991
2026-05-25T08:15:28+00:00,2026-05-25T14:00:28+05:45,2026-05-25,14:00:28,1779696928,0,8,14,nepse_official,OPEN,2026-05-25,NABIL,Nabil Bank Limited,530.0,535.5,530.0,,535.4,530.0,5.399999999999977,,46837.0,24985356.9,449.0,5.5,1.0377358490566038,1.0188679245282974,55646.67461024498,533.4534000896726
2026-05-25T08:15:28+00:00,2026-05-25T14:00:28+05:45,2026-05-25,14:00:28,1779696928,0,8,14,nepse_official,OPEN,2026-05-25,NADEP,Nadep Laghubittiya bittya Sanstha Ltd.,741.0,763.2,735.4,,750.0,745.0,5.0,,896.0,665129.6,21.0,27.800000000000068,3.7516869095816556,0.6711409395973155,31672.838095238094,742.3321428571428
2026-05-25T08:15:28+00:00,2026-05-25T14:00:28+05:45,2026-05-25,14:00:28,1779696928,0,8,14,nepse_official,OPEN,2026-05-25,NBF2,NABIL BALANCED FUND-2,9.95,10.1,9.9,,10.0,9.95,0.05000000000000071,,5400.0,54475.0,4.0,0.1999999999999993,2.0100502512562746,0.5025125628140775,13618.75,10.087962962962964
2026-05-25T08:15:28+00:00,2026-05-25T14:00:28+05:45,2026-05-25,14:00:28,1779696928,0,8,14,nepse_official,OPEN,2026-05-25,NBF3,Nabil Balanced Fund-3,9.95,9.96,9.95,,9.95,9.95,0.0,,4200.0,41802.0,22.0,0.010000000000001563,0.10050251256282978,0.0,1900.090909090909,9.952857142857143
2026-05-25T08:15:28+00:00,2026-05-25T14:00:28+05:45,2026-05-25,14:00:28,1779696928,0,8,14,nepse_official,OPEN,2026-05-25,NBL,Nepal Bank Limited,252.1,276.0,252.1,,272.4,265.3,7.099999999999966,,102767.0,27884057.1,253.0,23.900000000000006,9.480364934549785,2.6762156049754866,110213.66442687748,271.3327926279837
2026-05-25T08:15:28+00:00,2026-05-25T14:00:28+05:45,2026-05-25,14:00:28,1779696928,0,8,14,nepse_official,OPEN,2026-05-25,NBLD85,Nabil Debenture 2085,1079.5,1081.0,1079.5,,1081.0,1052.1,28.90000000000009,,50.0,54012.5,2.0,1.5,0.13895321908290875,2.7468871780249113,27006.25,1080.25
2026-05-25T08:15:28+00:00,2026-05-25T14:00:28+05:45,2026-05-25,14:00:28,1779696928,0,8,14,nepse_official,OPEN,2026-05-25,NBLD87,8.5% Nepal Bank Debenture 2087,1091.3,1091.3,1091.3,,1091.3,1125.0,-33.700000000000045,,25.0,27282.5,1.0,0.0,0.0,-2.9955555555555597,27282.5,1091.3
2026-05-25T08:15:28+00:00,2026-05-25T14:00:28+05:45,2026-05-25,14:00:28,1779696928,0,8,14,nepse_official,OPEN,2026-05-25,NESDO,NESDO Sambridha Laghubitta Bittiya Sanstha Limited,1535.1,1550.0,1535.0,,1550.0,1524.0,26.0,,626.0,966215.2,22.0,15.0,0.9771350400625368,1.7060367454068242,43918.87272727273,1543.4747603833864
2026-05-25T08:15:28+00:00,2026-05-25T14:00:28+05:45,2026-05-25,14:00:28,1779696928,0,8,14,nepse_official,OPEN,2026-05-25,NFS,Nepal Finance Ltd.,584.0,584.0,570.0,,575.0,570.0,5.0,,7428.0,4263265.0,67.0,14.0,2.3972602739726026,0.8771929824561403,63630.82089552239,573.9452073236403
2026-05-25T08:15:28+00:00,2026-05-25T14:00:28+05:45,2026-05-25,14:00:28,1779696928,0,8,14,nepse_official,OPEN,2026-05-25,NGPL,Ngadi Group Power Ltd.,435.0,462.0,435.0,,461.5,451.5,10.0,,280113.0,128030991.3,718.0,27.0,6.206896551724138,2.2148394241417497,178316.14387186628,457.06908033543607
2026-05-25T08:15:28+00:00,2026-05-25T14:00:28+05:45,2026-05-25,14:00:28,1779696928,0,8,14,nepse_official,OPEN,2026-05-25,NHDL,Nepal Hydro Developers Ltd.,636.9,646.0,636.9,,646.0,636.9,9.100000000000023,,51.0,32471.6,8.0,9.100000000000023,1.4287957293138678,1.4287957293138678,4058.95,636.6980392156862
2026-05-25T08:15:28+00:00,2026-05-25T14:00:28+05:45,2026-05-25,14:00:28,1779696928,0,8,14,nepse_official,OPEN,2026-05-25,NHPC,National Hydro Power Company Limited,309.7,309.7,295.0,,301.0,295.0,6.0,,298777.0,89848079.8,872.0,14.699999999999989,4.746528898934449,2.0338983050847457,103036.78876146789,300.71953262801355
2026-05-25T08:15:28+00:00,2026-05-25T14:00:28+05:45,2026-05-25,14:00:28,1779696928,0,8,14,nepse_official,OPEN,2026-05-25,NIBD84,8.5% Nepal Investment Bank Debenture 2084,1052.1,1052.1,1052.1,,1052.1,1050.1,2.0,,25.0,26302.5,1.0,0.0,0.0,0.190458051614132,26302.5,1052.1
2026-05-25T08:15:28+00:00,2026-05-25T14:00:28+05:45,2026-05-25,14:00:28,1779696928,0,8,14,nepse_official,OPEN,2026-05-25,NIBLGF,NIBL Growth Fund,9.62,9.62,9.42,,9.6,9.91,-0.3100000000000005,,900.0,8634.0,4.0,0.1999999999999993,2.079002079002072,-3.128153380423819,2158.5,9.593333333333334
2026-05-25T08:15:28+00:00,2026-05-25T14:00:28+05:45,2026-05-25,14:00:28,1779696928,0,8,14,nepse_official,OPEN,2026-05-25,NIBLSTF,NIBL Stable Fund,9.13,9.35,9.13,,9.13,9.29,-0.15999999999999837,,1600.0,14657.0,8.0,0.21999999999999886,2.409638554216855,-1.7222820236813603,1832.125,9.160625
2026-05-25T08:15:28+00:00,2026-05-25T14:00:28+05:45,2026-05-25,14:00:28,1779696928,0,8,14,nepse_official,OPEN,2026-05-25,NIBSF2,NIBL Samriddhi Fund -2,9.14,9.41,9.14,,9.25,9.35,-0.09999999999999964,,4500.0,42080.0,10.0,0.2699999999999996,2.954048140043759,-1.0695187165775364,4208.0,9.351111111111111
2026-05-25T08:15:28+00:00,2026-05-25T14:00:28+05:45,2026-05-25,14:00:28,1779696928,0,8,14,nepse_official,OPEN,2026-05-25,NICA,NIC Asia Bank Ltd.,365.0,365.0,345.0,,356.0,352.5,3.5,,29057.0,10311502.7,171.0,20.0,5.47945205479452,0.9929078014184398,60301.18538011696,354.87155246584297
2026-05-25T08:15:28+00:00,2026-05-25T14:00:28+05:45,2026-05-25,14:00:28,1779696928,0,8,14,nepse_official,OPEN,2026-05-25,NICAD2091,7% NIC ASIA Debenture 2091,1053.6,1053.6,1053.6,,1053.6,1052.2,1.3999999999998636,,25.0,26340.0,1.0,0.0,0.0,0.1330545523664573,26340.0,1053.6
2026-05-25T08:15:28+00:00,2026-05-25T14:00:28+05:45,2026-05-25,14:00:28,1779696928,0,8,14,nepse_official,OPEN,2026-05-25,NICBF,NIC Asia Balanced Fund,9.68,9.68,9.68,,9.68,9.4,0.27999999999999936,,100.0,968.0,1.0,0.0,0.0,2.9787234042553123,968.0,9.68
2026-05-25T08:15:28+00:00,2026-05-25T14:00:28+05:45,2026-05-25,14:00:28,1779696928,0,8,14,nepse_official,OPEN,2026-05-25,NICD88,NIC ASIA Rinpatra 2088,1110.0,1110.0,1110.0,,1110.0,1078.0,32.0,,25.0,27750.0,1.0,0.0,0.0,2.9684601113172544,27750.0,1110.0
2026-05-25T08:15:28+00:00,2026-05-25T14:00:28+05:45,2026-05-25,14:00:28,1779696928,0,8,14,nepse_official,OPEN,2026-05-25,NICFC,NIC Asia Flexi CAP Fund,9.17,9.53,9.17,,9.3,9.4,-0.09999999999999964,,1600.0,14866.0,15.0,0.35999999999999943,3.925845147219187,-1.0638297872340388,991.0666666666667,9.29125
2026-05-25T08:15:28+00:00,2026-05-25T14:00:28+05:45,2026-05-25,14:00:28,1779696928,0,8,14,nepse_official,OPEN,2026-05-25,NICGF2,NIC ASIA Growth Fund-2,9.92,9.92,9.4,,9.41,9.64,-0.23000000000000043,,1300.0,12503.0,5.0,0.5199999999999996,5.2419354838709635,-2.385892116182577,2500.6,9.617692307692307
2026-05-25T08:15:28+00:00,2026-05-25T14:00:28+05:45,2026-05-25,14:00:28,1779696928,0,8,14,nepse_official,OPEN,2026-05-25,NICL,Nepal Insurance Co. Ltd.,500.0,507.0,497.0,,506.5,497.0,9.5,,7641.0,3842603.3,69.0,10.0,2.0,1.9114688128772637,55689.902898550725,502.89272346551496
2026-05-25T08:15:28+00:00,2026-05-25T14:00:28+05:45,2026-05-25,14:00:28,1779696928,0,8,14,nepse_official,OPEN,2026-05-25,NICLBSL,NIC ASIA Laghubitta Bittiya Sanstha Limited,574.0,599.4,574.0,,595.0,574.0,21.0,,7406.0,4345691.9,140.0,25.399999999999977,4.425087108013933,3.6585365853658534,31040.65642857143,586.7798946799893
2026-05-25T08:15:28+00:00,2026-05-25T14:00:28+05:45,2026-05-25,14:00:28,1779696928,0,8,14,nepse_official,OPEN,2026-05-25,NICSF,NIC Asia Select Fund 30,9.39,9.39,9.11,,9.14,9.29,-0.14999999999999858,,1200.0,11022.0,6.0,0.28000000000000114,2.981895633652834,-1.6146393972012767,1837.0,9.185
2026-05-25T08:15:28+00:00,2026-05-25T14:00:28+05:45,2026-05-25,14:00:28,1779696928,0,8,14,nepse_official,OPEN,2026-05-25,NIFRA,Nepal Infrastructure Bank Limited,266.1,270.0,266.0,,268.9,266.8,2.099999999999966,,64456.0,17343544.6,464.0,4.0,1.5031942878617062,0.7871064467765988,37378.32887931035,269.0757198709197
2026-05-25T08:15:28+00:00,2026-05-25T14:00:28+05:45,2026-05-25,14:00:28,1779696928,0,8,14,nepse_official,OPEN,2026-05-25,NIFRAGED,Nifra Green Energy Debenture 6% - 2088/89,1035.5,1040.1,1035.5,,1040.1,1035.3,4.7999999999999545,,75.0,77787.5,3.0,4.599999999999909,0.4442298406566788,0.4636337293538061,25929.166666666668,1037.1666666666667
2026-05-25T08:15:28+00:00,2026-05-25T14:00:28+05:45,2026-05-25,14:00:28,1779696928,0,8,14,nepse_official,OPEN,2026-05-25,NIL,Neco Insurance Limited,610.0,625.0,610.0,,625.0,614.0,11.0,,3080.0,1903254.5,40.0,15.0,2.459016393442623,1.7915309446254073,47581.3625,617.9397727272727
2026-05-25T08:15:28+00:00,2026-05-25T14:00:28+05:45,2026-05-25,14:00:28,1779696928,0,8,14,nepse_official,OPEN,2026-05-25,NIMB,Nepal Investment Mega Bank Limited,199.0,201.5,198.0,,201.5,198.0,3.5,,101447.0,20308480.6,371.0,3.5,1.7587939698492463,1.7676767676767675,54739.83989218329,200.18808441846483
2026-05-25T08:15:28+00:00,2026-05-25T14:00:28+05:45,2026-05-25,14:00:28,1779696928,0,8,14,nepse_official,OPEN,2026-05-25,NIMBPO,Nepal Investment Mega Bank Ltd. Promoter Share,151.5,151.5,151.5,,151.5,151.5,0.0,,18.0,2727.0,1.0,0.0,0.0,0.0,2727.0,151.5
2026-05-25T08:15:28+00:00,2026-05-25T14:00:28+05:45,2026-05-25,14:00:28,1779696928,0,8,14,nepse_official,OPEN,2026-05-25,NLG,NLG Insurance Company Ltd.,582.0,590.0,580.0,,583.2,575.0,8.200000000000045,,6112.0,3576004.1,36.0,10.0,1.718213058419244,1.426086956521747,99333.44722222222,585.079204842932
2026-05-25T08:15:28+00:00,2026-05-25T14:00:28+05:45,2026-05-25,14:00:28,1779696928,0,8,14,nepse_official,OPEN,2026-05-25,NLIC,Nepal Life Insurance Co. Ltd.,770.0,779.8,765.0,,779.5,769.8,9.700000000000045,,9416.0,7306192.2,124.0,14.799999999999955,1.9220779220779163,1.2600675500129963,58920.90483870968,775.9337510620221
2026-05-25T08:15:28+00:00,2026-05-25T14:00:28+05:45,2026-05-25,14:00:28,1779696928,0,8,14,nepse_official,OPEN,2026-05-25,NLICL,National Life Insurance Co. Ltd.,595.8,595.8,586.2,,592.4,591.0,1.3999999999999773,,3315.0,1960261.6,27.0,9.599999999999909,1.6112789526686655,0.23688663282571526,72602.28148148149,591.3307993966818
2026-05-25T08:15:28+00:00,2026-05-25T14:00:28+05:45,2026-05-25,14:00:28,1779696928,0,8,14,nepse_official,OPEN,2026-05-25,NMB,NMB Bank Limited,248.0,251.0,247.0,,248.9,248.6,0.30000000000001137,,13901.0,3460238.7,69.0,4.0,1.6129032258064515,0.12067578439260312,50148.38695652174,248.92012804834187
2026-05-25T08:15:28+00:00,2026-05-25T14:00:28+05:45,2026-05-25,14:00:28,1779696928,0,8,14,nepse_official,OPEN,2026-05-25,NMBD87/88,NMB Debenture 8.50% - 2087/88,1090.5,1090.5,1090.5,,1090.5,1090.5,0.0,,25.0,27262.5,1.0,0.0,0.0,0.0,27262.5,1090.5
2026-05-25T08:15:28+00:00,2026-05-25T14:00:28+05:45,2026-05-25,14:00:28,1779696928,0,8,14,nepse_official,OPEN,2026-05-25,NMBHF2,NMB Hybrid Fund L- II,9.6,9.65,9.6,,9.65,9.67,-0.019999999999999574,,1100.0,10595.0,7.0,0.05000000000000071,0.5208333333333408,-0.20682523267838235,1513.5714285714287,9.631818181818181
2026-05-25T08:15:28+00:00,2026-05-25T14:00:28+05:45,2026-05-25,14:00:28,1779696928,0,8,14,nepse_official,OPEN,2026-05-25,NMBMF,NMB  Microfinance Bittiya Sanstha Ltd.,633.1,655.0,633.1,,655.0,632.0,23.0,,1512.0,981807.5,18.0,21.899999999999977,3.4591691675880556,3.6392405063291138,54544.86111111111,649.3435846560847
2026-05-25T08:15:28+00:00,2026-05-25T14:00:28+05:45,2026-05-25,14:00:28,1779696928,0,8,14,nepse_official,OPEN,2026-05-25,NMFBS,National Laghubitta Bittiya Sanstha Limited,1117.0,1155.0,1117.0,,1140.0,1140.0,0.0,,5533.0,6336837.3,56.0,38.0,3.4019695613249774,0.0,113157.80892857142,1145.280553045364
2026-05-25T08:15:28+00:00,2026-05-25T14:00:28+05:45,2026-05-25,14:00:28,1779696928,0,8,14,nepse_official,OPEN,2026-05-25,NMIC,Nepal Micro Insurance Company Limited,1040.0,1059.8,1025.0,,1051.0,1025.0,26.0,,5459.0,5704595.6,135.0,34.799999999999955,3.346153846153842,2.5365853658536586,42256.2637037037,1044.9891188862427
2026-05-25T08:15:28+00:00,2026-05-25T14:00:28+05:45,2026-05-25,14:00:28,1779696928,0,8,14,nepse_official,OPEN,2026-05-25,NMLBBL,Nerude Mirmire Laghubitta Bittiya Sanstha Limited,571.0,593.9,571.0,,592.9,588.0,4.899999999999977,,3413.0,2013347.1,54.0,22.899999999999977,4.010507880910679,0.8333333333333295,37284.205555555556,589.9053911514796
2026-05-25T08:15:28+00:00,2026-05-25T14:00:28+05:45,2026-05-25,14:00:28,1779696928,0,8,14,nepse_official,OPEN,2026-05-25,NRIC,Nepal Reinsurance Company Limited,914.1,924.0,911.0,,922.0,908.1,13.899999999999977,,7087.0,6516704.2,150.0,13.0,1.4221638770375233,1.5306684285871575,43444.69466666667,919.5293071821645
2026-05-25T08:15:28+00:00,2026-05-25T14:00:28+05:45,2026-05-25,14:00:28,1779696928,0,8,14,nepse_official,OPEN,2026-05-25,NRM,Nepal Republic Media Limited,345.9,388.0,345.9,,378.9,364.1,14.799999999999955,,23240.0,8740880.2,218.0,42.10000000000002,12.171147730557973,4.064817357868704,40095.78073394495,376.1136058519793
2026-05-25T08:15:28+00:00,2026-05-25T14:00:28+05:45,2026-05-25,14:00:28,1779696928,0,8,14,nepse_official,OPEN,2026-05-25,NRN,NRN Infrastructure and Development Limited,1425.0,1440.0,1387.0,,1416.0,1399.0,17.0,,31420.0,44637098.2,305.0,53.0,3.7192982456140355,1.2151536812008579,146351.14163934428,1420.658758752387
2026-05-25T08:15:28+00:00,2026-05-25T14:00:28+05:45,2026-05-25,14:00:28,1779696928,0,8,14,nepse_official,OPEN,2026-05-25,NSIF2,NMB Sulav Investment Fund - 2,10.6,10.75,10.6,,10.72,10.75,-0.02999999999999936,,3000.0,32137.0,11.0,0.15000000000000036,1.4150943396226447,-0.2790697674418545,2921.5454545454545,10.712333333333333
2026-05-25T08:15:28+00:00,2026-05-25T14:00:28+05:45,2026-05-25,14:00:28,1779696928,0,8,14,nepse_official,OPEN,2026-05-25,NSY,Nepal Life Samriddhi Lagani Yojana,9.44,9.6,9.35,,9.52,9.68,-0.16000000000000014,,2070.0,19752.5,17.0,0.25,2.648305084745763,-1.6528925619834725,1161.9117647058824,9.542270531400966
2026-05-25T08:15:28+00:00,2026-05-25T14:00:28+05:45,2026-05-25,14:00:28,1779696928,0,8,14,nepse_official,OPEN,2026-05-25,NTC,Nepal Doorsanchar Company Limited,890.0,899.9,888.5,,899.0,890.4,8.600000000000023,,12240.0,10978584.7,200.0,11.399999999999977,1.2808988764044917,0.9658580413297421,54892.9235,896.9431944444444
2026-05-25T08:15:28+00:00,2026-05-25T14:00:28+05:45,2026-05-25,14:00:28,1779696928,0,8,14,nepse_official,OPEN,2026-05-25,NUBL,Nirdhan Utthan Laghubitta Bittiya Sanstha Limited,665.0,665.0,656.0,,660.0,660.0,0.0,,2170.0,1432004.0,27.0,9.0,1.3533834586466165,0.0,53037.18518518518,659.9096774193548
2026-05-25T08:15:28+00:00,2026-05-25T14:00:28+05:45,2026-05-25,14:00:28,1779696928,0,8,14,nepse_official,OPEN,2026-05-25,NWCL,Nepal Warehousing Company Limited ,803.0,816.0,803.0,,815.0,804.0,11.0,,915.0,743608.5,37.0,13.0,1.61892901618929,1.3681592039800996,20097.527027027027,812.6868852459016
2026-05-25T08:15:28+00:00,2026-05-25T14:00:28+05:45,2026-05-25,14:00:28,1779696928,0,8,14,nepse_official,OPEN,2026-05-25,NYADI,Nyadi Hydropower Limited,399.9,401.0,391.0,,400.0,391.1,8.899999999999977,,3844.0,1532593.0,75.0,10.0,2.5006251562890722,2.275632830478133,20434.573333333334,398.6974505723205
2026-05-25T08:15:28+00:00,2026-05-25T14:00:28+05:45,2026-05-25,14:00:28,1779696928,0,8,14,nepse_official,OPEN,2026-05-25,OHL,Oriental Hotels Limited,708.0,712.0,700.0,,700.0,692.4,7.600000000000023,,1224.0,860256.0,15.0,12.0,1.694915254237288,1.0976314269208582,57350.4,702.8235294117648
2026-05-25T08:15:28+00:00,2026-05-25T14:00:28+05:45,2026-05-25,14:00:28,1779696928,0,8,14,nepse_official,OPEN,2026-05-25,OMPL,Om Megashree Pharmaceuticals Limited,1190.0,1210.0,1190.0,,1193.0,1180.0,13.0,,3708.0,4440808.1,124.0,20.0,1.680672268907563,1.1016949152542372,35812.96854838709,1197.6289374325781
2026-05-25T08:15:28+00:00,2026-05-25T14:00:28+05:45,2026-05-25,14:00:28,1779696928,0,8,14,nepse_official,OPEN,2026-05-25,PBD84,10.15% Prime Debenture 2084,1140.0,1140.0,1140.0,,1140.0,1140.0,0.0,,35.0,39900.0,2.0,0.0,0.0,0.0,19950.0,1140.0
2026-05-25T08:15:28+00:00,2026-05-25T14:00:28+05:45,2026-05-25,14:00:28,1779696928,0,8,14,nepse_official,OPEN,2026-05-25,PBD85,8.75 % Prime Debenture 2085,1081.0,1081.0,1081.0,,1081.0,1080.0,1.0,,25.0,27025.0,1.0,0.0,0.0,0.0925925925925926,27025.0,1081.0
2026-05-25T08:15:28+00:00,2026-05-25T14:00:28+05:45,2026-05-25,14:00:28,1779696928,0,8,14,nepse_official,OPEN,2026-05-25,PBLD84,10% Prabhu Bank Debenture 2084 ,1085.1,1085.1,1085.1,,1085.1,1088.1,-3.0,,50.0,54255.0,2.0,0.0,0.0,-0.275709953129308,27127.5,1085.1
2026-05-25T08:15:28+00:00,2026-05-25T14:00:28+05:45,2026-05-25,14:00:28,1779696928,0,8,14,nepse_official,OPEN,2026-05-25,PCBL,Prime Commercial Bank Ltd.,240.5,244.7,239.0,,243.3,240.5,2.8000000000000114,,45130.0,10952965.4,155.0,5.699999999999989,2.3700623700623655,1.164241164241169,70664.29290322581,242.69810325725683
2026-05-25T08:15:28+00:00,2026-05-25T14:00:28+05:45,2026-05-25,14:00:28,1779696928,0,8,14,nepse_official,OPEN,2026-05-25,PCIL,Palpa Cement Industries Limited,827.0,860.0,815.0,,854.1,827.0,27.100000000000023,,48813.0,41427419.6,1875.0,45.0,5.441354292623942,3.2769044740024214,22094.623786666667,848.696445618995
2026-05-25T08:15:28+00:00,2026-05-25T14:00:28+05:45,2026-05-25,14:00:28,1779696928,0,8,14,nepse_official,OPEN,2026-05-25,PFL,Pokhara Finance Ltd.,379.0,379.0,370.0,,376.0,375.0,1.0,,2604.0,979681.2,31.0,9.0,2.3746701846965697,0.26666666666666666,31602.61935483871,376.2216589861751
2026-05-25T08:15:28+00:00,2026-05-25T14:00:28+05:45,2026-05-25,14:00:28,1779696928,0,8,14,nepse_official,OPEN,2026-05-25,PHCL,Peoples Hydropower Company Limited,308.0,315.0,308.0,,313.0,309.2,3.8000000000000114,,38099.0,11921274.9,249.0,7.0,2.272727272727273,1.22897800776197,47876.606024096385,312.9025669965091
2026-05-25T08:15:28+00:00,2026-05-25T14:00:28+05:45,2026-05-25,14:00:28,1779696928,0,8,14,nepse_official,OPEN,2026-05-25,PMHPL,Panchakanya Mai Hydropower Ltd,343.9,352.0,343.0,,350.0,342.0,8.0,,13981.0,4864652.0,98.0,9.0,2.617039837161966,2.3391812865497075,49639.30612244898,347.9473571275302
2026-05-25T08:15:28+00:00,2026-05-25T14:00:28+05:45,2026-05-25,14:00:28,1779696928,0,8,14,nepse_official,OPEN,2026-05-25,PMLI,Prabhu Mahalaxmi Life Insurance Limited,470.0,475.0,462.5,,470.1,470.0,0.10000000000002274,,2105.0,991103.1,88.0,12.5,2.6595744680851063,0.02127659574468569,11262.535227272727,470.83282660332543
2026-05-25T08:15:28+00:00,2026-05-25T14:00:28+05:45,2026-05-25,14:00:28,1779696928,0,8,14,nepse_official,OPEN,2026-05-25,PPCL,Panchthar Power Compant Limited,380.0,393.9,378.0,,390.5,380.0,10.5,,9653.0,3727043.8,64.0,15.899999999999977,4.184210526315783,2.763157894736842,58235.059375,386.10212369211644
2026-05-25T08:15:28+00:00,2026-05-25T14:00:28+05:45,2026-05-25,14:00:28,1779696928,0,8,14,nepse_official,OPEN,2026-05-25,PPL,People's Power Limited,357.0,369.9,357.0,,367.0,354.0,13.0,,63484.0,23154763.7,346.0,12.899999999999977,3.613445378151254,3.672316384180791,66921.2823699422,364.7338494738832
2026-05-25T08:15:28+00:00,2026-05-25T14:00:28+05:45,2026-05-25,14:00:28,1779696928,0,8,14,nepse_official,OPEN,2026-05-25,PRIN,Prabhu Insurance Ltd.,669.9,669.9,656.0,,665.0,662.0,3.0,,3021.0,2012019.2,29.0,13.899999999999977,2.074936557695175,0.4531722054380665,69379.9724137931,666.0109897384972
2026-05-25T08:15:28+00:00,2026-05-25T14:00:28+05:45,2026-05-25,14:00:28,1779696928,0,8,14,nepse_official,OPEN,2026-05-25,PROFL,Progressive Finance Limited,456.0,457.0,442.0,,442.3,444.0,-1.6999999999999886,,3192.0,1419703.0,24.0,15.0,3.289473684210526,-0.3828828828828803,59154.291666666664,444.76911027568923
2026-05-25T08:15:28+00:00,2026-05-25T14:00:28+05:45,2026-05-25,14:00:28,1779696928,0,8,14,nepse_official,OPEN,2026-05-25,PRSF,Prabhu Smart Fund,13.0,13.14,12.94,,12.94,12.95,-0.009999999999999787,,172600.0,2237681.4,15.0,0.20000000000000107,1.5384615384615468,-0.07722007722007558,149178.75999999998,12.964550405561992
2026-05-25T08:15:28+00:00,2026-05-25T14:00:28+05:45,2026-05-25,14:00:28,1779696928,0,8,14,nepse_official,OPEN,2026-05-25,PRVU,Prabhu  Bank Limited,188.1,202.7,188.1,,202.5,198.0,4.5,,91349.0,18403910.9,381.0,14.599999999999994,7.76182881446039,2.272727272727273,48304.228083989496,201.46811568818487
2026-05-25T08:15:28+00:00,2026-05-25T14:00:28+05:45,2026-05-25,14:00:28,1779696928,0,8,14,nepse_official,OPEN,2026-05-25,PSF,Prabhu Select Fund,12.01,12.2,12.01,,12.17,12.21,-0.040000000000000924,,56150.0,680228.0,13.0,0.1899999999999995,1.582014987510404,-0.32760032760033514,52325.230769230766,12.114479073909171
2026-05-25T08:15:28+00:00,2026-05-25T14:00:28+05:45,2026-05-25,14:00:28,1779696928,0,8,14,nepse_official,OPEN,2026-05-25,PURE,Pure Energy Limited,1030.0,1030.0,991.2,,1009.0,985.0,24.0,,16129.0,16187847.0,220.0,38.799999999999955,3.7669902912621316,2.4365482233502536,73581.12272727273,1003.6485212970426
2026-05-25T08:15:28+00:00,2026-05-25T14:00:28+05:45,2026-05-25,14:00:28,1779696928,0,8,14,nepse_official,OPEN,2026-05-25,RADHI,Radhi Bidyut Company Ltd,785.0,805.0,780.0,,801.3,783.0,18.299999999999955,,52436.0,41731026.7,219.0,25.0,3.1847133757961785,2.3371647509578484,190552.63333333336,795.8468742848426
2026-05-25T08:15:28+00:00,2026-05-25T14:00:28+05:45,2026-05-25,14:00:28,1779696928,0,8,14,nepse_official,OPEN,2026-05-25,RAWA,Rawa Energy Development Limited,613.0,613.0,575.0,,590.0,584.0,6.0,,2354.0,1358215.5,40.0,38.0,6.199021207177815,1.0273972602739725,33955.3875,576.981945624469
2026-05-25T08:15:28+00:00,2026-05-25T14:00:28+05:45,2026-05-25,14:00:28,1779696928,0,8,14,nepse_official,OPEN,2026-05-25,RBBD2088,7% RBBL Debenture 2088,1056.7,1067.0,1056.7,,1067.0,1085.3,-18.299999999999955,,50.0,53092.5,2.0,10.299999999999955,0.9747326582757598,-1.6861697226573256,26546.25,1061.85
2026-05-25T08:15:28+00:00,2026-05-25T14:00:28+05:45,2026-05-25,14:00:28,1779696928,0,8,14,nepse_official,OPEN,2026-05-25,RBBF40,RBB Focus 40,9.33,9.69,9.33,,9.41,9.45,-0.03999999999999915,,2000.0,18896.0,11.0,0.35999999999999943,3.8585209003215373,-0.42328042328041426,1717.8181818181818,9.448
2026-05-25T08:15:28+00:00,2026-05-25T14:00:28+05:45,2026-05-25,14:00:28,1779696928,0,8,14,nepse_official,OPEN,2026-05-25,RBCL,Rastriya Beema Company Limited,14994.0,15292.9,14994.0,,15292.9,14931.0,361.89999999999964,,70.0,1058719.0,6.0,298.89999999999964,1.993464052287579,2.4238162212845733,176453.16666666666,15124.557142857142
2026-05-25T08:15:28+00:00,2026-05-25T14:00:28+05:45,2026-05-25,14:00:28,1779696928,0,8,14,nepse_official,OPEN,2026-05-25,RFPL,River Falls Power Limited,360.0,382.9,360.0,,382.0,376.2,5.800000000000011,,23538.0,8967080.0,193.0,22.899999999999977,6.3611111111111045,1.541733120680492,46461.55440414508,380.9618489251423
2026-05-25T08:15:28+00:00,2026-05-25T14:00:28+05:45,2026-05-25,14:00:28,1779696928,0,8,14,nepse_official,OPEN,2026-05-25,RHGCL,Rapti Hydro And General Construction Limited,295.1,305.0,291.0,,302.0,298.0,4.0,,36576.0,11076652.8,190.0,14.0,4.744154523890207,1.342281879194631,58298.17263157895,302.83937007874016
2026-05-25T08:15:28+00:00,2026-05-25T14:00:28+05:45,2026-05-25,14:00:28,1779696928,0,8,14,nepse_official,OPEN,2026-05-25,RHPL,RASUWAGADHI HYDROPOWER COMPANY LIMITED,279.0,283.9,278.0,,282.1,279.0,3.1000000000000227,,13249.0,3738871.1,113.0,5.899999999999977,2.114695340501784,1.1111111111111194,33087.35486725664,282.2002490754019
2026-05-25T08:15:28+00:00,2026-05-25T14:00:28+05:45,2026-05-25,14:00:28,1779696928,0,8,14,nepse_official,OPEN,2026-05-25,RIDI,Ridi Power Company Limited,368.0,378.1,365.1,,372.0,366.7,5.300000000000011,,496353.0,185528531.0,1123.0,13.0,3.532608695652174,1.4453231524406904,165207.95280498665,373.7834383996873
2026-05-25T08:15:28+00:00,2026-05-25T14:00:28+05:45,2026-05-25,14:00:28,1779696928,0,8,14,nepse_official,OPEN,2026-05-25,RLEL,Ridge Line Energy Limited,1026.0,1098.0,1026.0,,1094.0,1026.9,67.09999999999991,,20354.0,21974687.9,598.0,72.0,7.017543859649122,6.5342292336157275,36746.96973244147,1079.6250319347548
2026-05-25T08:15:28+00:00,2026-05-25T14:00:28+05:45,2026-05-25,14:00:28,1779696928,0,8,14,nepse_official,OPEN,2026-05-25,RLFL,Reliance Finance Ltd.,430.0,447.0,430.0,,442.3,438.9,3.400000000000034,,15526.0,6895238.0,73.0,17.0,3.953488372093023,0.7746639325586773,94455.31506849315,444.10910730387735
2026-05-25T08:15:28+00:00,2026-05-25T14:00:28+05:45,2026-05-25,14:00:28,1779696928,0,8,14,nepse_official,OPEN,2026-05-25,RMF1,RBB Mutual Fund 1,9.85,10.0,9.85,,9.9,10.0,-0.09999999999999964,,3000.0,29798.0,7.0,0.15000000000000036,1.5228426395939123,-0.9999999999999963,4256.857142857143,9.932666666666666
2026-05-25T08:15:28+00:00,2026-05-25T14:00:28+05:45,2026-05-25,14:00:28,1779696928,0,8,14,nepse_official,OPEN,2026-05-25,RMF2,RBB Mutual Fund 2,10.2,10.2,10.2,,10.2,10.5,-0.3000000000000007,,700.0,7140.0,3.0,0.0,0.0,-2.857142857142864,2380.0,10.2
2026-05-25T08:15:28+00:00,2026-05-25T14:00:28+05:45,2026-05-25,14:00:28,1779696928,0,8,14,nepse_official,OPEN,2026-05-25,RNLI,Reliable Nepal Life Insurance Limited,466.0,470.0,461.0,,469.1,465.0,4.100000000000023,,27740.0,13010846.4,198.0,9.0,1.9313304721030045,0.8817204301075318,65711.34545454546,469.02834895457823
2026-05-25T08:15:28+00:00,2026-05-25T14:00:28+05:45,2026-05-25,14:00:28,1779696928,0,8,14,nepse_official,OPEN,2026-05-25,RSDC,RSDC Laghubitta Bittiya Sanstha Ltd.,674.0,679.0,665.0,,679.0,667.8,11.200000000000045,,3296.0,2223476.8,29.0,14.0,2.0771513353115725,1.6771488469601747,76671.61379310345,674.5985436893203
2026-05-25T08:15:28+00:00,2026-05-25T14:00:28+05:45,2026-05-25,14:00:28,1779696928,0,8,14,nepse_official,OPEN,2026-05-25,RSML,Reliance Spinning Mills Limited,3700.0,3850.0,3700.0,,3829.0,3730.0,99.0,,24229.0,91674011.4,659.0,150.0,4.054054054054054,2.6541554959785523,139110.79119878606,3783.6481654216022
2026-05-25T08:15:28+00:00,2026-05-25T14:00:28+05:45,2026-05-25,14:00:28,1779696928,0,8,14,nepse_official,OPEN,2026-05-25,RSY,Reliable Samriddhi Yojana,10.04,10.45,10.04,,10.1,10.35,-0.25,,12600.0,127293.0,21.0,0.41000000000000014,4.08366533864542,-2.4154589371980677,6061.571428571428,10.102619047619047
2026-05-25T08:15:28+00:00,2026-05-25T14:00:28+05:45,2026-05-25,14:00:28,1779696928,0,8,14,nepse_official,OPEN,2026-05-25,RURU,Ru Ru Jalbidhyut Pariyojana Limited,670.0,670.0,655.0,,660.0,660.0,0.0,,3593.0,2385265.6,26.0,15.0,2.2388059701492535,0.0,91740.98461538462,663.8646256610075
2026-05-25T08:15:28+00:00,2026-05-25T14:00:28+05:45,2026-05-25,14:00:28,1779696928,0,8,14,nepse_official,OPEN,2026-05-25,SABBL,Salapa Bikas Bank Limited,1250.0,1285.0,1242.1,,1277.1,1247.0,30.09999999999991,,7835.0,9975588.4,286.0,42.90000000000009,3.4320000000000075,2.4137931034482687,34879.679720279724,1273.2084747925974
2026-05-25T08:15:28+00:00,2026-05-25T14:00:28+05:45,2026-05-25,14:00:28,1779696928,0,8,14,nepse_official,OPEN,2026-05-25,SADBL,Shangrila Development Bank Ltd.,416.0,421.5,416.0,,421.0,416.0,5.0,,16912.0,7092531.5,73.0,5.5,1.3221153846153846,1.201923076923077,97157.96575342465,419.3786364711448
2026-05-25T08:15:28+00:00,2026-05-25T14:00:28+05:45,2026-05-25,14:00:28,1779696928,0,8,14,nepse_official,OPEN,2026-05-25,SAGAR,Sagar Distillery Limited,1722.0,1757.0,1722.0,,1745.0,1717.0,28.0,,5740.0,10003046.9,163.0,35.0,2.0325203252032518,1.6307513104251603,61368.385889570556,1742.6910975609758
2026-05-25T08:15:28+00:00,2026-05-25T14:00:28+05:45,2026-05-25,14:00:28,1779696928,0,8,14,nepse_official,OPEN,2026-05-25,SAGF,Sanima Growth Fund,10.15,10.2,10.15,,10.16,10.2,-0.03999999999999915,,1200.0,12193.0,6.0,0.049999999999998934,0.49261083743841316,-0.3921568627450897,2032.1666666666667,10.160833333333333
2026-05-25T08:15:28+00:00,2026-05-25T14:00:28+05:45,2026-05-25,14:00:28,1779696928,0,8,14,nepse_official,OPEN,2026-05-25,SAHAS,Sahas Urja Limited,664.0,679.0,664.0,,678.0,664.0,14.0,,147590.0,98767037.4,785.0,15.0,2.2590361445783134,2.108433734939759,125817.88203821657,669.1987085845925
2026-05-25T08:15:28+00:00,2026-05-25T14:00:28+05:45,2026-05-25,14:00:28,1779696928,0,8,14,nepse_official,OPEN,2026-05-25,SAIL,Shreenagar Agritech Industries Limited,1148.0,1173.0,1148.0,,1160.0,1148.0,12.0,,19167.0,22241489.0,323.0,25.0,2.177700348432056,1.0452961672473868,68859.09907120743,1160.405332081181
2026-05-25T08:15:28+00:00,2026-05-25T14:00:28+05:45,2026-05-25,14:00:28,1779696928,0,8,14,nepse_official,OPEN,2026-05-25,SALICO,Sagarmatha Lumbini Insurance Co. Limited,595.0,611.0,593.0,,594.0,590.0,4.0,,3904.0,2332071.2,33.0,18.0,3.0252100840336134,0.6779661016949152,70668.82424242425,597.3543032786886
2026-05-25T08:15:28+00:00,2026-05-25T14:00:28+05:45,2026-05-25,14:00:28,1779696928,0,8,14,nepse_official,OPEN,2026-05-25,SAND2085,10% Sanima Bank Limited Debenture,1124.0,1124.0,1124.0,,1124.0,1124.0,0.0,,3.0,3372.9,1.0,0.0,0.0,0.0,3372.9,1124.3
2026-05-25T08:15:28+00:00,2026-05-25T14:00:28+05:45,2026-05-25,14:00:28,1779696928,0,8,14,nepse_official,OPEN,2026-05-25,SANIMA,Sanima Bank Limited,370.0,387.5,365.6,,368.0,365.5,2.5,,112482.0,41884219.7,228.0,21.899999999999977,5.918918918918912,0.6839945280437756,183702.71798245615,372.363753311641
2026-05-25T08:15:28+00:00,2026-05-25T14:00:28+05:45,2026-05-25,14:00:28,1779696928,0,8,14,nepse_official,OPEN,2026-05-25,SANVI,Sanvi Energy Limited,702.1,760.0,702.1,,744.9,739.0,5.899999999999977,,23091.0,17248330.9,346.0,57.89999999999998,8.246688505910836,0.7983761840324732,49850.667341040455,746.9720194014983
2026-05-25T08:15:28+00:00,2026-05-25T14:00:28+05:45,2026-05-25,14:00:28,1779696928,0,8,14,nepse_official,OPEN,2026-05-25,SAPDBL,Saptakoshi Development Bank Ltd,795.0,814.9,795.0,,801.7,802.9,-1.1999999999999318,,13832.0,11118776.5,129.0,19.899999999999977,2.5031446540880475,-0.1494582139743345,86192.06589147287,803.844454887218
2026-05-25T08:15:28+00:00,2026-05-25T14:00:28+05:45,2026-05-25,14:00:28,1779696928,0,8,14,nepse_official,OPEN,2026-05-25,SARBTM,Sarbottam Cement Limited,858.8,869.9,858.1,,864.3,855.0,9.299999999999955,,7914.0,6824704.7,102.0,11.799999999999955,1.374010246856073,1.0877192982456088,66908.86960784314,862.3584407379328
2026-05-25T08:15:28+00:00,2026-05-25T14:00:28+05:45,2026-05-25,14:00:28,1779696928,0,8,14,nepse_official,OPEN,2026-05-25,SBCF,Sunrise Bluechip Fund,9.65,9.7,9.65,,9.7,9.9,-0.20000000000000107,,2700.0,26106.0,5.0,0.049999999999998934,0.5181347150258957,-2.020202020202031,5221.2,9.668888888888889
2026-05-25T08:15:28+00:00,2026-05-25T14:00:28+05:45,2026-05-25,14:00:28,1779696928,0,8,14,nepse_official,OPEN,2026-05-25,SBI,Nepal SBI Bank Limited,396.0,404.0,396.0,,401.7,405.0,-3.3000000000000114,,3963.0,1590465.9,42.0,8.0,2.0202020202020203,-0.8148148148148177,37868.235714285714,401.32876608629823
2026-05-25T08:15:28+00:00,2026-05-25T14:00:28+05:45,2026-05-25,14:00:28,1779696928,0,8,14,nepse_official,OPEN,2026-05-25,SBID83,10.25% Nepal SBI Bank Debenture 2083,1065.3,1065.3,1063.0,,1065.0,1065.0,0.0,,511.0,544127.5,12.0,2.2999999999999545,0.21590162395568896,0.0,45343.958333333336,1064.8287671232877
2026-05-25T08:15:28+00:00,2026-05-25T14:00:28+05:45,2026-05-25,14:00:28,1779696928,0,8,14,nepse_official,OPEN,2026-05-25,SBL,Siddhartha Bank Limited,402.0,403.0,399.1,,401.6,400.9,0.7000000000000455,,46052.0,18476287.8,141.0,3.8999999999999773,0.9701492537313376,0.17460713394862698,131037.50212765958,401.2048944671241
2026-05-25T08:15:28+00:00,2026-05-25T14:00:28+05:45,2026-05-25,14:00:28,1779696928,0,8,14,nepse_official,OPEN,2026-05-25,SCB,Standard Chartered Bank Limited,664.3,664.3,654.0,,657.7,653.2,4.5,,9038.0,5924713.0,65.0,10.299999999999955,1.550504290230311,0.6889161053276178,91149.43076923076,655.533635760124
2026-05-25T08:15:28+00:00,2026-05-25T14:00:28+05:45,2026-05-25,14:00:28,1779696928,0,8,14,nepse_official,OPEN,2026-05-25,SEF,Siddhartha Equity Fund,10.11,10.11,10.11,,10.11,10.4,-0.2900000000000009,,2200.0,22242.0,3.0,0.0,0.0,-2.788461538461547,7414.0,10.11
2026-05-25T08:15:28+00:00,2026-05-25T14:00:28+05:45,2026-05-25,14:00:28,1779696928,0,8,14,nepse_official,OPEN,2026-05-25,SFCL,Samriddhi Finance Company Limited,371.0,380.0,367.3,,378.0,370.0,8.0,,9127.0,3424776.9,52.0,12.699999999999989,3.4231805929919106,2.1621621621621623,65861.09423076923,375.23577298126435
2026-05-25T08:15:28+00:00,2026-05-25T14:00:28+05:45,2026-05-25,14:00:28,1779696928,0,8,14,nepse_official,OPEN,2026-05-25,SFEF,Sunrise Focused Equity Fund,10.13,10.3,10.13,,10.14,10.13,0.009999999999999787,,2500.0,25419.0,9.0,0.16999999999999993,1.6781836130306014,0.09871668311944508,2824.3333333333335,10.1676
2026-05-25T08:15:28+00:00,2026-05-25T14:00:28+05:45,2026-05-25,14:00:28,1779696928,0,8,14,nepse_official,OPEN,2026-05-25,SGHC,Swet-Ganga Hydropower & Construction Limited ,382.0,385.0,372.0,,382.0,380.0,2.0,,7645.0,2917021.0,82.0,13.0,3.4031413612565444,0.5263157894736842,35573.42682926829,381.55931981687377
2026-05-25T08:15:28+00:00,2026-05-25T14:00:28+05:45,2026-05-25,14:00:28,1779696928,0,8,14,nepse_official,OPEN,2026-05-25,SGIC,Sanima GIC Insurance Limited,471.0,471.0,461.0,,466.0,464.0,2.0,,4848.0,2266020.2,59.0,10.0,2.1231422505307855,0.43103448275862066,38407.12203389831,467.4134075907591
2026-05-25T08:15:28+00:00,2026-05-25T14:00:28+05:45,2026-05-25,14:00:28,1779696928,0,8,14,nepse_official,OPEN,2026-05-25,SHEL,Singati Hydro Energy Limited,315.0,324.8,315.0,,323.2,318.0,5.199999999999989,,126542.0,40672282.3,380.0,9.800000000000011,3.1111111111111147,1.63522012578616,107032.32184210526,321.41330388329567
2026-05-25T08:15:28+00:00,2026-05-25T14:00:28+05:45,2026-05-25,14:00:28,1779696928,0,8,14,nepse_official,OPEN,2026-05-25,SHINE,Shine Resunga Development Bank Ltd.,414.9,415.5,412.5,,415.0,412.0,3.0,,11141.0,4614340.7,59.0,3.0,0.723065798987708,0.7281553398058253,78209.16440677966,414.1765281393053
2026-05-25T08:15:28+00:00,2026-05-25T14:00:28+05:45,2026-05-25,14:00:28,1779696928,0,8,14,nepse_official,OPEN,2026-05-25,SHIVM,SHIVAM CEMENTS LTD,684.0,693.7,684.0,,693.2,686.9,6.300000000000068,,97033.0,67007603.7,475.0,9.700000000000045,1.418128654970767,0.9171640704615036,141068.63936842105,690.5651036245401
2026-05-25T08:15:28+00:00,2026-05-25T14:00:28+05:45,2026-05-25,14:00:28,1779696928,0,8,14,nepse_official,OPEN,2026-05-25,SHL,Soaltee Hotel Limited,501.5,509.0,500.0,,500.0,500.1,-0.10000000000002274,,26531.0,13375564.7,65.0,9.0,1.794616151545364,-0.019996000799844576,205777.91846153844,504.1485319060721
2026-05-25T08:15:28+00:00,2026-05-25T14:00:28+05:45,2026-05-25,14:00:28,1779696928,0,8,14,nepse_official,OPEN,2026-05-25,SHLB,Shrijanshil Laghubitta Bittiya Sanstha Limited,1480.0,1480.0,1465.0,,1465.0,1470.0,-5.0,,20.0,29450.0,2.0,15.0,1.0135135135135136,-0.3401360544217687,14725.0,1472.5
2026-05-25T08:15:28+00:00,2026-05-25T14:00:28+05:45,2026-05-25,14:00:28,1779696928,0,8,14,nepse_official,OPEN,2026-05-25,SHPC,Sanima Mai Hydropower Ltd.,533.0,533.0,521.0,,525.8,521.7,4.099999999999909,,36435.0,19117749.4,125.0,12.0,2.25140712945591,0.7858922752539599,152941.99519999998,524.7083683271579
2026-05-25T08:15:28+00:00,2026-05-25T14:00:28+05:45,2026-05-25,14:00:28,1779696928,0,8,14,nepse_official,OPEN,2026-05-25,SICL,Shikhar Insurance Co. Ltd.,624.0,624.0,613.0,,617.0,617.8,-0.7999999999999545,,5375.0,3331965.2,46.0,11.0,1.7628205128205128,-0.1294917449012552,72434.02608695652,619.9005023255814
2026-05-25T08:15:28+00:00,2026-05-25T14:00:28+05:45,2026-05-25,14:00:28,1779696928,0,8,14,nepse_official,OPEN,2026-05-25,SIFC,Shree Investment Finance Co. Ltd.,540.0,548.0,535.3,,547.0,541.0,6.0,,2609.0,1410016.6,41.0,12.700000000000045,2.35185185185186,1.1090573012939002,34390.648780487805,540.4433116136452
2026-05-25T08:15:28+00:00,2026-05-25T14:00:28+05:45,2026-05-25,14:00:28,1779696928,0,8,14,nepse_official,OPEN,2026-05-25,SIGS3,Siddhartha Investment Growth Scheme 3,10.66,10.8,10.66,,10.8,10.86,-0.05999999999999872,,1100.0,11838.0,7.0,0.14000000000000057,1.3133208255159527,-0.5524861878452921,1691.142857142857,10.761818181818182
2026-05-25T08:15:28+00:00,2026-05-25T14:00:28+05:45,2026-05-25,14:00:28,1779696928,0,8,14,nepse_official,OPEN,2026-05-25,SIKLES,Sikles Hydropower Limited,605.0,605.0,600.0,,601.2,600.0,1.2000000000000455,,7937.0,4777096.7,68.0,5.0,0.8264462809917356,0.2000000000000076,70251.42205882353,601.8768678341943
2026-05-25T08:15:28+00:00,2026-05-25T14:00:28+05:45,2026-05-25,14:00:28,1779696928,0,8,14,nepse_official,OPEN,2026-05-25,SINDU,Sindhu Bikash Bank Ltd,713.1,730.0,713.1,,730.0,720.0,10.0,,3203.0,2325286.9,55.0,16.899999999999977,2.3699340905903767,1.3888888888888888,42277.943636363634,725.9715579144552
2026-05-25T08:15:28+00:00,2026-05-25T14:00:28+05:45,2026-05-25,14:00:28,1779696928,0,8,14,nepse_official,OPEN,2026-05-25,SIPD,Shikhar power Development Limited,815.0,860.0,810.0,,851.1,815.0,36.10000000000002,,31298.0,26399603.9,1090.0,50.0,6.134969325153374,4.429447852760739,24219.820091743117,843.4917215157518
2026-05-25T08:15:28+00:00,2026-05-25T14:00:28+05:45,2026-05-25,14:00:28,1779696928,0,8,14,nepse_official,OPEN,2026-05-25,SJCL,SANJEN JALAVIDHYUT COMPANY LIMITED,302.0,312.6,302.0,,305.0,306.9,-1.8999999999999773,,53648.0,16384282.8,115.0,10.600000000000023,3.5099337748344444,-0.6190941674812569,142472.02434782608,305.4034223083806
2026-05-25T08:15:28+00:00,2026-05-25T14:00:28+05:45,2026-05-25,14:00:28,1779696928,0,8,14,nepse_official,OPEN,2026-05-25,SJLIC,SuryaJyoti Life Insurance Company Limited,429.0,438.0,429.0,,435.0,431.0,4.0,,8764.0,3801724.9,141.0,9.0,2.097902097902098,0.9280742459396751,26962.58794326241,433.78878366042903
2026-05-25T08:15:28+00:00,2026-05-25T14:00:28+05:45,2026-05-25,14:00:28,1779696928,0,8,14,nepse_official,OPEN,2026-05-25,SKBBL,Sana Kisan Bikas Laghubitta Bittiya Sanstha Limited,791.0,791.0,769.0,,772.0,765.0,7.0,,17400.0,13580892.7,106.0,22.0,2.781289506953224,0.9150326797385622,128121.62924528301,780.5110747126437
2026-05-25T08:15:28+00:00,2026-05-25T14:00:28+05:45,2026-05-25,14:00:28,1779696928,0,8,14,nepse_official,OPEN,2026-05-25,SKHEL,Suryakunda Hydro Electric Limited,1290.0,1348.7,1278.0,,1330.0,1278.0,52.0,,13593.0,18024019.0,342.0,70.70000000000005,5.480620155038763,4.068857589984351,52701.80994152047,1325.9780033840948
2026-05-25T08:15:28+00:00,2026-05-25T14:00:28+05:45,2026-05-25,14:00:28,1779696928,0,8,14,nepse_official,OPEN,2026-05-25,SKHL,Super Khudi Hydropower Limited,970.0,1040.3,955.0,,1030.0,950.0,80.0,,48530.0,48879389.0,1091.0,85.29999999999995,8.793814432989686,8.421052631578947,44802.373052245646,1007.1994436431073
2026-05-25T08:15:28+00:00,2026-05-25T14:00:28+05:45,2026-05-25,14:00:28,1779696928,0,8,14,nepse_official,OPEN,2026-05-25,SLBBL,Swarojgar Laghubitta Bittiya Sanstha Ltd.,825.0,835.0,821.1,,835.0,822.7,12.299999999999955,,3978.0,3306045.8,60.0,13.899999999999977,1.6848484848484822,1.4950771848790512,55100.76333333333,831.0824032176973
2026-05-25T08:15:28+00:00,2026-05-25T14:00:28+05:45,2026-05-25,14:00:28,1779696928,0,8,14,nepse_official,OPEN,2026-05-25,SLBSL,Samudayik Laghubitta Bittiya Sanstha Limited,1180.0,1199.9,1180.0,,1199.9,1180.0,19.90000000000009,,207.0,246788.0,9.0,19.90000000000009,1.6864406779661094,1.6864406779661094,27420.88888888889,1192.2125603864733
2026-05-25T08:15:28+00:00,2026-05-25T14:00:28+05:45,2026-05-25,14:00:28,1779696928,0,8,14,nepse_official,OPEN,2026-05-25,SLCF,Sanima Large Cap Fund,10.3,10.3,10.01,,10.01,10.0,0.009999999999999787,,2300.0,23085.0,9.0,0.2900000000000009,2.8155339805825332,0.09999999999999788,2565.0,10.03695652173913
2026-05-25T08:15:28+00:00,2026-05-25T14:00:28+05:45,2026-05-25,14:00:28,1779696928,0,8,14,nepse_official,OPEN,2026-05-25,SMATA,Samata Gharelu Laghubitta Bittiya Sanstha Limited,770.0,775.0,765.0,,774.0,770.0,4.0,,2789.0,2159364.4,40.0,10.0,1.2987012987012987,0.5194805194805194,53984.11,774.2432413051273
2026-05-25T08:15:28+00:00,2026-05-25T14:00:28+05:45,2026-05-25,14:00:28,1779696928,0,8,14,nepse_official,OPEN,2026-05-25,SMB,Support Microfinance Bittiya Sanstha Ltd.,1788.0,1790.0,1751.0,,1762.0,1741.0,21.0,,535.0,945048.0,24.0,39.0,2.1812080536912752,1.2062033314187248,39377.0,1766.4448598130841
2026-05-25T08:15:28+00:00,2026-05-25T14:00:28+05:45,2026-05-25,14:00:28,1779696928,0,8,14,nepse_official,OPEN,2026-05-25,SMFBS,Swabhimaan Laghubitta Bittiya Sanstha Limited,1513.3,1525.1,1502.0,,1513.3,1535.0,-21.700000000000045,,948.0,1435753.4,24.0,23.09999999999991,1.5264653406462638,-1.4136807817589607,59823.05833333333,1514.507805907173
2026-05-25T08:15:28+00:00,2026-05-25T14:00:28+05:45,2026-05-25,14:00:28,1779696928,0,8,14,nepse_official,OPEN,2026-05-25,SMH,Super Mai Hydropower Limited,594.0,600.0,585.2,,597.0,594.0,3.0,,7468.0,4462909.4,57.0,14.799999999999955,2.491582491582484,0.5050505050505051,78296.65614035088,597.6043652919122
2026-05-25T08:15:28+00:00,2026-05-25T14:00:28+05:45,2026-05-25,14:00:28,1779696928,0,8,14,nepse_official,OPEN,2026-05-25,SMHL,Super Madi Hydropower Limited,500.1,508.0,500.1,,507.7,499.0,8.699999999999989,,25272.0,12782371.2,198.0,7.899999999999977,1.579684063187358,1.7434869739478935,64557.4303030303,505.7918328584995
2026-05-25T08:15:28+00:00,2026-05-25T14:00:28+05:45,2026-05-25,14:00:28,1779696928,0,8,14,nepse_official,OPEN,2026-05-25,SMJC,Sagarmatha Jalabidhyut Company Limited,463.6,499.0,463.6,,492.0,487.9,4.100000000000023,,51505.0,25218132.6,244.0,35.39999999999998,7.63589301121656,0.8403361344537862,103353.0024590164,489.6249412678381
2026-05-25T08:15:28+00:00,2026-05-25T14:00:28+05:45,2026-05-25,14:00:28,1779696928,0,8,14,nepse_official,OPEN,2026-05-25,SMPDA,Sampada Laghubitta Bittiya Sanstha Limited,838.0,854.0,838.0,,842.1,838.0,4.100000000000023,,1385.0,1169409.6,26.0,16.0,1.9093078758949882,0.48926014319809347,44977.29230769231,844.3390613718412
2026-05-25T08:15:28+00:00,2026-05-25T14:00:28+05:45,2026-05-25,14:00:28,1779696928,0,8,14,nepse_official,OPEN,2026-05-25,SNLI,Sun Nepal Life Insurance Company Limited,455.0,455.0,447.5,,451.2,447.0,4.199999999999989,,17796.0,8011714.0,270.0,7.5,1.6483516483516485,0.9395973154362391,29673.014814814815,450.197460103394
2026-05-25T08:15:28+00:00,2026-05-25T14:00:28+05:45,2026-05-25,14:00:28,1779696928,0,8,14,nepse_official,OPEN,2026-05-25,SOHL,Solu Hydropower Limited,685.0,711.0,685.0,,708.3,688.0,20.299999999999955,,108271.0,75993938.7,2069.0,26.0,3.795620437956204,2.9505813953488302,36729.79154180764,701.8863656934914
2026-05-25T08:15:28+00:00,2026-05-25T14:00:28+05:45,2026-05-25,14:00:28,1779696928,0,8,14,nepse_official,OPEN,2026-05-25,SONA,Sonapur Minerals And Oil Limited,475.0,475.0,455.1,,466.0,462.0,4.0,,35893.0,16682255.3,280.0,19.899999999999977,4.189473684210522,0.8658008658008658,59579.48321428572,464.7774022789959
2026-05-25T08:15:28+00:00,2026-05-25T14:00:28+05:45,2026-05-25,14:00:28,1779696928,0,8,14,nepse_official,OPEN,2026-05-25,SPC,Samling Power Company Limited,455.2,478.5,455.2,,468.9,458.2,10.699999999999989,,2875.0,1353077.8,53.0,23.30000000000001,5.118629173989458,2.3352247926669554,25529.769811320755,470.63575652173915
2026-05-25T08:15:28+00:00,2026-05-25T14:00:28+05:45,2026-05-25,14:00:28,1779696928,0,8,14,nepse_official,OPEN,2026-05-25,SPDL,Synergy Power Development Ltd.,427.0,427.0,408.5,,411.3,407.0,4.300000000000011,,33993.0,13947294.6,97.0,18.5,4.332552693208431,1.0565110565110594,143786.54226804123,410.2990203865502
2026-05-25T08:15:28+00:00,2026-05-25T14:00:28+05:45,2026-05-25,14:00:28,1779696928,0,8,14,nepse_official,OPEN,2026-05-25,SPHL,Sayapatri Hydropower Limited,500.0,543.0,500.0,,527.1,525.0,2.1000000000000227,,6055.0,3213347.7,59.0,43.0,8.6,0.40000000000000435,54463.52033898306,530.6932617671347
2026-05-25T08:15:28+00:00,2026-05-25T14:00:28+05:45,2026-05-25,14:00:28,1779696928,0,8,14,nepse_official,OPEN,2026-05-25,SPIL,Siddhartha Premier Insurance Limited,707.2,713.0,707.2,,712.0,709.8,2.2000000000000455,,1883.0,1339280.0,15.0,5.7999999999999545,0.8201357466063283,0.3099464637926241,89285.33333333333,711.2480084970791
2026-05-25T08:15:28+00:00,2026-05-25T14:00:28+05:45,2026-05-25,14:00:28,1779696928,0,8,14,nepse_official,OPEN,2026-05-25,SPL,Shuvam Power Limited,705.0,725.0,705.0,,713.3,708.0,5.2999999999999545,,330.0,234412.0,12.0,20.0,2.8368794326241136,0.7485875706214625,19534.333333333332,710.339393939394
2026-05-25T08:15:28+00:00,2026-05-25T14:00:28+05:45,2026-05-25,14:00:28,1779696928,0,8,14,nepse_official,OPEN,2026-05-25,SRLI,Sanima Reliance Life Insurance Limited,389.3,397.5,389.3,,395.2,393.9,1.3000000000000114,,17747.0,7011067.7,184.0,8.199999999999989,2.1063447212946285,0.3300330033003329,38103.62880434783,395.05649969008846
2026-05-25T08:15:28+00:00,2026-05-25T14:00:28+05:45,2026-05-25,14:00:28,1779696928,0,8,14,nepse_official,OPEN,2026-05-25,SSHL,Shiva Shree Hydropower Ltd,220.0,228.8,220.0,,226.5,221.9,4.599999999999994,,261845.0,59265068.4,801.0,8.800000000000011,4.000000000000005,2.073005858494815,73988.84943820225,226.33645248142986
2026-05-25T08:15:28+00:00,2026-05-25T14:00:28+05:45,2026-05-25,14:00:28,1779696928,0,8,14,nepse_official,OPEN,2026-05-25,STC,Salt Trading Corporation,5863.0,5935.0,5830.0,,5882.0,5930.0,-48.0,,759.0,4469940.0,31.0,105.0,1.7908920347944737,-0.8094435075885328,144191.61290322582,5889.249011857708
2026-05-25T08:15:28+00:00,2026-05-25T14:00:28+05:45,2026-05-25,14:00:28,1779696928,0,8,14,nepse_official,OPEN,2026-05-25,SWASTIK,Swastik Laghubitta Bittiya Sanstha Limited,2415.0,2473.9,2375.0,,2428.0,2400.0,28.0,,642.0,1553813.0,21.0,98.90000000000009,4.095238095238099,1.1666666666666667,73991.09523809524,2420.2694704049845
2026-05-25T08:15:28+00:00,2026-05-25T14:00:28+05:45,2026-05-25,14:00:28,1779696928,0,8,14,nepse_official,OPEN,2026-05-25,SWBBL,Swabalamban Laghubitta Bittiya Sanstha Limited,778.1,778.1,746.0,,753.9,741.1,12.799999999999955,,2530.0,1904706.8,41.0,32.10000000000002,4.125433748875468,1.7271623262717521,46456.263414634144,752.8485375494072
2026-05-25T08:15:28+00:00,2026-05-25T14:00:28+05:45,2026-05-25,14:00:28,1779696928,0,8,14,nepse_official,OPEN,2026-05-25,SWMF,Suryodaya Womi Laghubitta Bittiya Sanstha Limited,670.0,678.9,662.1,,670.0,669.1,0.8999999999999773,,6922.0,4614129.4,33.0,16.799999999999955,2.5074626865671577,0.1345090419967086,139822.10303030303,666.5890494076857
2026-05-25T08:15:28+00:00,2026-05-25T14:00:28+05:45,2026-05-25,14:00:28,1779696928,0,8,14,nepse_official,OPEN,2026-05-25,SYPNL,SY Panel Nepal Limited,1459.0,1535.0,1459.0,,1520.0,1507.9,12.099999999999909,,39173.0,59759983.1,636.0,76.0,5.20904729266621,0.802440480137934,93962.23757861636,1525.5401194700432
2026-05-25T08:15:28+00:00,2026-05-25T14:00:28+05:45,2026-05-25,14:00:28,1779696928,0,8,14,nepse_official,OPEN,2026-05-25,TAMOR,Sanima Middle Tamor Hydropower Limited,456.0,462.0,450.1,,462.0,455.0,7.0,,94472.0,43271337.5,362.0,11.899999999999977,2.6096491228070127,1.5384615384615385,119534.08149171271,458.0334649419934
2026-05-25T08:15:28+00:00,2026-05-25T14:00:28+05:45,2026-05-25,14:00:28,1779696928,0,8,14,nepse_official,OPEN,2026-05-25,TPC,Terhathum Power Company Limited,389.0,389.0,375.0,,385.0,380.0,5.0,,29859.0,11450382.0,150.0,14.0,3.5989717223650386,1.3157894736842104,76335.88,383.48176429217324
2026-05-25T08:15:28+00:00,2026-05-25T14:00:28+05:45,2026-05-25,14:00:28,1779696928,0,8,14,nepse_official,OPEN,2026-05-25,TRH,Taragaon Regency Hotel Limited,753.0,765.0,753.0,,762.0,755.2,6.7999999999999545,,726.0,549716.0,8.0,12.0,1.593625498007968,0.9004237288135533,68714.5,757.1845730027549
2026-05-25T08:15:28+00:00,2026-05-25T14:00:28+05:45,2026-05-25,14:00:28,1779696928,0,8,14,nepse_official,OPEN,2026-05-25,TSHL,Three Star Hydropower Limited,550.0,570.0,550.0,,570.0,555.0,15.0,,4418.0,2479112.0,56.0,20.0,3.6363636363636362,2.7027027027027026,44269.857142857145,561.1389769126301
2026-05-25T08:15:28+00:00,2026-05-25T14:00:28+05:45,2026-05-25,14:00:28,1779696928,0,8,14,nepse_official,OPEN,2026-05-25,TTL,Trade Tower Limited,898.8,898.8,846.0,,865.0,856.0,9.0,,24065.0,20957386.2,407.0,52.799999999999955,5.8744993324432535,1.0514018691588785,51492.34938574938,870.8658300436318
2026-05-25T08:15:28+00:00,2026-05-25T14:00:28+05:45,2026-05-25,14:00:28,1779696928,0,8,14,nepse_official,OPEN,2026-05-25,TVCL,Trishuli Jal Vidhyut Company Limited ,509.1,531.0,509.1,,521.1,521.9,-0.7999999999999545,,12683.0,6476692.1,45.0,21.899999999999977,4.301708898055387,-0.15328607012836837,143926.4911111111,510.6593156193329
2026-05-25T08:15:28+00:00,2026-05-25T14:00:28+05:45,2026-05-25,14:00:28,1779696928,0,8,14,nepse_official,OPEN,2026-05-25,UAIL,United Ajod Insurance Limited,437.0,453.0,437.0,,446.0,445.0,1.0,,7302.0,3246147.6,70.0,16.0,3.6613272311212817,0.22471910112359553,46373.537142857145,444.5559572719803
2026-05-25T08:15:28+00:00,2026-05-25T14:00:28+05:45,2026-05-25,14:00:28,1779696928,0,8,14,nepse_official,OPEN,2026-05-25,UHEWA,Upper Hewakhola Hydropower Company Limited,583.5,589.8,580.0,,587.0,583.6,3.3999999999999773,,4605.0,2695291.6,55.0,9.799999999999955,1.679520137103677,0.582590815627138,49005.30181818182,585.2967643865364
2026-05-25T08:15:28+00:00,2026-05-25T14:00:28+05:45,2026-05-25,14:00:28,1779696928,0,8,14,nepse_official,OPEN,2026-05-25,ULBSL,Upakar Laghubitta Bittiya Sanstha Limited,2850.0,2997.9,2850.0,,2948.9,2920.0,28.90000000000009,,575.0,1695045.9,33.0,147.9000000000001,5.18947368421053,0.9897260273972635,51365.02727272727,2947.905913043478
2026-05-25T08:15:28+00:00,2026-05-25T14:00:28+05:45,2026-05-25,14:00:28,1779696928,0,8,14,nepse_official,OPEN,2026-05-25,ULHC,Upper Lohore Khola Hydropower Company Limited,478.1,485.7,478.1,,485.7,477.5,8.199999999999989,,14740.0,7090802.7,104.0,7.599999999999966,1.5896256013386247,1.7172774869109926,68180.79519230769,481.05852781546815
2026-05-25T08:15:28+00:00,2026-05-25T14:00:28+05:45,2026-05-25,14:00:28,1779696928,0,8,14,nepse_official,OPEN,2026-05-25,UMHL,United Modi Hydropower Ltd.,550.0,574.0,550.0,,570.5,564.0,6.5,,7879.0,4497637.1,47.0,24.0,4.363636363636364,1.152482269503546,95694.40638297872,570.83857088463
2026-05-25T08:15:28+00:00,2026-05-25T14:00:28+05:45,2026-05-25,14:00:28,1779696928,0,8,14,nepse_official,OPEN,2026-05-25,UMRH,United IDI Mardi RB Hydropower Limited.,537.2,550.0,537.2,,548.0,545.0,3.0,,19434.0,10568814.7,76.0,12.799999999999955,2.382725241995524,0.5504587155963303,139063.35131578948,543.8311567356179
2026-05-25T08:15:28+00:00,2026-05-25T14:00:28+05:45,2026-05-25,14:00:28,1779696928,0,8,14,nepse_official,OPEN,2026-05-25,UNHPL,Union Hydropower Limited,420.0,444.0,420.0,,439.0,434.0,5.0,,43109.0,18900720.6,149.0,24.0,5.714285714285714,1.1520737327188941,126850.47382550336,438.4402468162101
2026-05-25T08:15:28+00:00,2026-05-25T14:00:28+05:45,2026-05-25,14:00:28,1779696928,0,8,14,nepse_official,OPEN,2026-05-25,UNLB,Unique Nepal Laghubitta Bittiya Sanstha Limited,1385.0,1421.0,1385.0,,1397.1,1424.0,-26.90000000000009,,730.0,1019968.0,21.0,36.0,2.5992779783393503,-1.889044943820231,48569.90476190476,1397.2164383561644
2026-05-25T08:15:28+00:00,2026-05-25T14:00:28+05:45,2026-05-25,14:00:28,1779696928,0,8,14,nepse_official,OPEN,2026-05-25,UPCL,UNIVERSAL POWER COMPANY LTD,377.0,380.0,373.0,,377.8,373.0,4.800000000000011,,27656.0,10410135.4,135.0,7.0,1.8567639257294428,1.286863270777483,77112.11407407408,376.4150781024009
2026-05-25T08:15:28+00:00,2026-05-25T14:00:28+05:45,2026-05-25,14:00:28,1779696928,0,8,14,nepse_official,OPEN,2026-05-25,UPPER,Upper Tamakoshi Hydropower Ltd,197.5,211.9,197.5,,210.0,207.5,2.5,,140009.0,29436349.7,652.0,14.400000000000006,7.291139240506332,1.2048192771084338,45147.77561349693,210.24612489197122
2026-05-25T08:15:28+00:00,2026-05-25T14:00:28+05:45,2026-05-25,14:00:28,1779696928,0,8,14,nepse_official,OPEN,2026-05-25,USHEC,Upper Solu Hydro Electric Company Limited,508.0,518.0,508.0,,518.0,507.0,11.0,,28367.0,14637545.9,167.0,10.0,1.968503937007874,2.1696252465483234,87649.9754491018,516.0061303627455
2026-05-25T08:15:28+00:00,2026-05-25T14:00:28+05:45,2026-05-25,14:00:28,1779696928,0,8,14,nepse_official,OPEN,2026-05-25,USHL,Upper Syange Hydropower Limited,630.0,640.0,626.0,,626.0,625.0,1.0,,298.0,188868.0,11.0,14.0,2.2222222222222223,0.16,17169.81818181818,633.7852348993289
2026-05-25T08:15:28+00:00,2026-05-25T14:00:28+05:45,2026-05-25,14:00:28,1779696928,0,8,14,nepse_official,OPEN,2026-05-25,USLB,Unnati Sahakarya Laghubitta Bittiya Sanstha Limited,1260.0,1281.0,1260.0,,1279.9,1256.0,23.90000000000009,,1373.0,1753124.9,38.0,21.0,1.6666666666666667,1.9028662420382239,46134.86578947368,1276.8571740713764
2026-05-25T08:15:28+00:00,2026-05-25T14:00:28+05:45,2026-05-25,14:00:28,1779696928,0,8,14,nepse_official,OPEN,2026-05-25,VLBS,Vijaya laghubitta Bittiya Sanstha Ltd.,691.2,708.0,691.2,,699.5,694.9,4.600000000000023,,1369.0,960072.0,100.0,16.799999999999955,2.4305555555555487,0.6619657504676966,9600.72,701.2943754565376
2026-05-25T08:15:28+00:00,2026-05-25T14:00:28+05:45,2026-05-25,14:00:28,1779696928,0,8,14,nepse_official,OPEN,2026-05-25,VLUCL,Vision Lumbini Urja Company Limited ,514.7,514.7,495.0,,500.0,500.0,0.0,,2063.0,1037613.2,49.0,19.700000000000045,3.8274723139693108,0.0,21175.779591836734,502.96325739214734
2026-05-25T08:15:28+00:00,2026-05-25T14:00:28+05:45,2026-05-25,14:00:28,1779696928,0,8,14,nepse_official,OPEN,2026-05-25,WNLB,Wean Nepal Laghubitta Bittiya Sanstha Limited,1499.0,1499.0,1455.0,,1460.0,1480.0,-20.0,,308.0,449575.0,14.0,44.0,2.935290193462308,-1.3513513513513513,32112.5,1459.659090909091
2026-05-25T08:45:28+00:00,2026-05-25T14:30:28+05:45,2026-05-25,14:30:28,1779698728,0,8,14,nepse_official,OPEN,2026-05-25,ACLBSL,Aarambha Chautari Laghubitta Bittiya Sanstha Limited,977.4,977.4,954.0,,960.0,949.0,11.0,,394.0,378209.0,20.0,23.399999999999977,2.3941068139963146,1.1591148577449948,18910.45,959.9213197969543
2026-05-25T08:45:28+00:00,2026-05-25T14:30:28+05:45,2026-05-25,14:30:28,1779698728,0,8,14,nepse_official,OPEN,2026-05-25,ADBL,Agricultural Development Bank Limited,317.9,318.5,312.3,,318.0,313.0,5.0,,41379.0,13101530.1,161.0,6.199999999999989,1.9502988361119813,1.5974440894568689,81375.96335403726,316.62268542014067
2026-05-25T08:45:28+00:00,2026-05-25T14:30:28+05:45,2026-05-25,14:30:28,1779698728,0,8,14,nepse_official,OPEN,2026-05-25,ADBLD83,10.35% Agricultural Bank Debenture 2083,1051.9,1051.9,1051.9,,1051.9,1070.0,-18.09999999999991,,25.0,26297.5,1.0,0.0,0.0,-1.6915887850467204,26297.5,1051.9
2026-05-25T08:45:28+00:00,2026-05-25T14:30:28+05:45,2026-05-25,14:30:28,1779698728,0,8,14,nepse_official,OPEN,2026-05-25,AHL,Asian Hydropower Limited,505.0,518.5,504.0,,509.9,515.0,-5.100000000000023,,14638.0,7400162.5,129.0,14.5,2.8712871287128716,-0.9902912621359268,57365.6007751938,505.54464407705973
2026-05-25T08:45:28+00:00,2026-05-25T14:30:28+05:45,2026-05-25,14:30:28,1779698728,0,8,14,nepse_official,OPEN,2026-05-25,AHPC,Arun Valley Hydropower Development Co. Ltd.,275.0,289.0,275.0,,288.0,284.0,4.0,,81627.0,23418933.6,334.0,14.0,5.090909090909091,1.4084507042253522,70116.56766467066,286.9018045499651
2026-05-25T08:45:28+00:00,2026-05-25T14:30:28+05:45,2026-05-25,14:30:28,1779698728,0,8,14,nepse_official,OPEN,2026-05-25,AKJCL,Ankhu Khola Jalvidhyut Company Ltd,402.0,420.0,402.0,,417.6,402.0,15.600000000000023,,1258633.0,521240209.1,2227.0,18.0,4.477611940298507,3.8805970149253786,234054.8761113606,414.1320059938044
2026-05-25T08:45:28+00:00,2026-05-25T14:30:28+05:45,2026-05-25,14:30:28,1779698728,0,8,14,nepse_official,OPEN,2026-05-25,AKPL,Arun Kabeli Power Ltd.,275.0,278.8,271.0,,277.4,274.5,2.8999999999999773,,171299.0,47187428.2,469.0,7.800000000000011,2.8363636363636404,1.0564663023679335,100612.85330490406,275.46820588561525
2026-05-25T08:45:28+00:00,2026-05-25T14:30:28+05:45,2026-05-25,14:30:28,1779698728,0,8,14,nepse_official,OPEN,2026-05-25,ALBSL,Asha Laghubitta Bittiya Sanstha Ltd,1086.0,1125.0,1086.0,,1125.0,1115.0,10.0,,5812.0,6446156.5,126.0,39.0,3.591160220994475,0.8968609865470852,51159.97222222222,1109.111579490709
2026-05-25T08:45:28+00:00,2026-05-25T14:30:28+05:45,2026-05-25,14:30:28,1779698728,0,8,14,nepse_official,OPEN,2026-05-25,ALICL,Asian Life Insurance Co. Limited,459.9,459.9,452.0,,455.0,452.3,2.6999999999999886,,7389.0,3352039.5,65.0,7.899999999999977,1.7177647314633566,0.5969489277028496,51569.838461538464,453.6526593585059
2026-05-25T08:45:28+00:00,2026-05-25T14:30:28+05:45,2026-05-25,14:30:28,1779698728,0,8,14,nepse_official,OPEN,2026-05-25,ANLB,Aatmanirbhar Laghubitta Bittiya Sanstha Limited,5901.0,5996.0,5733.0,,5996.0,5901.0,95.0,,867.0,5061426.4,33.0,263.0,4.456871716658194,1.609896627690222,153376.5575757576,5837.862053056517
2026-05-25T08:45:28+00:00,2026-05-25T14:30:28+05:45,2026-05-25,14:30:28,1779698728,0,8,14,nepse_official,OPEN,2026-05-25,API,Api Power Company Ltd.,359.0,363.0,357.2,,360.5,357.2,3.3000000000000114,,423030.0,152509130.3,1123.0,5.800000000000011,1.615598885793875,0.9238521836506192,135805.10267141587,360.5161106777297
2026-05-25T08:45:28+00:00,2026-05-25T14:30:28+05:45,2026-05-25,14:30:28,1779698728,0,8,14,nepse_official,OPEN,2026-05-25,AVYAN,Aviyan Laghubitta Bittiya Sanstha Limited,1082.1,1159.0,1082.1,,1145.0,1139.0,6.0,,4714.0,5402893.5,95.0,76.90000000000009,7.106552074669632,0.5267778753292361,56872.563157894736,1146.137781077641
2026-05-25T08:45:28+00:00,2026-05-25T14:30:28+05:45,2026-05-25,14:30:28,1779698728,0,8,14,nepse_official,OPEN,2026-05-25,BANDIPUR,Bandipur Cablecar and Tourism Limited,910.0,910.0,855.0,,865.1,875.9,-10.799999999999955,,53009.0,46109155.3,816.0,55.0,6.043956043956044,-1.2330174677474546,56506.31776960784,869.836354204003
2026-05-25T08:45:28+00:00,2026-05-25T14:30:28+05:45,2026-05-25,14:30:28,1779698728,0,8,14,nepse_official,OPEN,2026-05-25,BARUN,Barun Hydropower Co. Ltd.,352.0,359.0,351.0,,357.5,351.1,6.399999999999977,,33195.0,11840933.2,187.0,8.0,2.272727272727273,1.8228424950156585,63320.49839572192,356.7083355927097
2026-05-25T08:45:28+00:00,2026-05-25T14:30:28+05:45,2026-05-25,14:30:28,1779698728,0,8,14,nepse_official,OPEN,2026-05-25,BBC,Bishal Bazar Company Limited,4818.9,4832.9,4766.1,,4822.0,4800.0,22.0,,182.0,872327.9,18.0,66.79999999999927,1.3862084708128262,0.4583333333333333,48462.66111111111,4793.010439560439
2026-05-25T08:45:28+00:00,2026-05-25T14:30:28+05:45,2026-05-25,14:30:28,1779698728,0,8,14,nepse_official,OPEN,2026-05-25,BEDC,Bhugol Energy Development Company Limited,395.7,395.7,377.3,,382.0,376.9,5.100000000000023,,39910.0,15237290.4,221.0,18.399999999999977,4.649987364164765,1.353144070045111,68947.01538461538,381.7912904034077
2026-05-25T08:45:28+00:00,2026-05-25T14:30:28+05:45,2026-05-25,14:30:28,1779698728,0,8,14,nepse_official,OPEN,2026-05-25,BFC,Best Finance Company Ltd.,464.0,469.0,460.1,,464.0,458.0,6.0,,9681.0,4497687.7,74.0,8.899999999999977,1.9181034482758572,1.3100436681222707,60779.563513513516,464.5891643425266
2026-05-25T08:45:28+00:00,2026-05-25T14:30:28+05:45,2026-05-25,14:30:28,1779698728,0,8,14,nepse_official,OPEN,2026-05-25,BGWT,Bhagawati Hydropower Development Company Limited,665.0,674.0,665.0,,666.6,661.0,5.600000000000023,,986.0,661241.1,42.0,9.0,1.3533834586466165,0.8472012102874467,15743.835714285713,670.6299188640974
2026-05-25T08:45:28+00:00,2026-05-25T14:30:28+05:45,2026-05-25,14:30:28,1779698728,0,8,14,nepse_official,OPEN,2026-05-25,BHCL,Bikash Hydropower Company Limited,566.0,604.9,566.0,,595.0,566.0,29.0,,105948.0,62499540.2,1045.0,38.89999999999998,6.8727915194346245,5.123674911660777,59808.17244019139,589.9076924529014
2026-05-25T08:45:28+00:00,2026-05-25T14:30:28+05:45,2026-05-25,14:30:28,1779698728,0,8,14,nepse_official,OPEN,2026-05-25,BHDC,Bindhyabasini Hydropower Development Company Limited,461.2,480.0,461.2,,477.4,463.6,13.799999999999955,,40773.0,19416178.8,227.0,18.80000000000001,4.076322636600176,2.976704055220007,85533.82731277533,476.20186888382017
2026-05-25T08:45:28+00:00,2026-05-25T14:30:28+05:45,2026-05-25,14:30:28,1779698728,0,8,14,nepse_official,OPEN,2026-05-25,BHL,Balephi Hydropower Limited,237.0,237.0,225.0,,229.0,226.0,3.0,,152860.0,34972758.9,584.0,12.0,5.063291139240507,1.3274336283185841,59884.86113013698,228.78947337432945
2026-05-25T08:45:28+00:00,2026-05-25T14:30:28+05:45,2026-05-25,14:30:28,1779698728,0,8,14,nepse_official,OPEN,2026-05-25,BHPL,Barahi Hydropower Public Limited,530.1,537.8,530.0,,537.0,529.8,7.2000000000000455,,4424.0,2362566.0,54.0,7.7999999999999545,1.4714204867006138,1.3590033975085025,43751.22222222222,534.0339059674503
2026-05-25T08:45:28+00:00,2026-05-25T14:30:28+05:45,2026-05-25,14:30:28,1779698728,0,8,14,nepse_official,OPEN,2026-05-25,BJHL,Bhujung Hydropower Limited,952.0,1000.0,945.0,,989.0,953.0,36.0,,14577.0,14270659.3,367.0,55.0,5.777310924369748,3.777544596012592,38884.63024523161,978.9846539068396
2026-05-25T08:45:28+00:00,2026-05-25T14:30:28+05:45,2026-05-25,14:30:28,1779698728,0,8,14,nepse_official,OPEN,2026-05-25,BNHC,Buddha Bhumi Nepal Hydropower Company Limited,333.1,343.0,332.0,,338.0,333.1,4.899999999999977,,7078.0,2393994.0,66.0,11.0,3.3023116181326926,1.4710297208045562,36272.63636363636,338.23029104266743
2026-05-25T08:45:28+00:00,2026-05-25T14:30:28+05:45,2026-05-25,14:30:28,1779698728,0,8,14,nepse_official,OPEN,2026-05-25,BNL,Bottlers Nepal (Balaju) Limited,14818.7,14819.0,14818.7,,14819.0,14387.1,431.89999999999964,,20.0,296377.0,2.0,0.2999999999992724,0.0020244690829780776,3.0019948426020506,148188.5,14818.85
2026-05-25T08:45:28+00:00,2026-05-25T14:30:28+05:45,2026-05-25,14:30:28,1779698728,0,8,14,nepse_official,OPEN,2026-05-25,BNT,Bottlers Nepal (Terai) Limited,11590.0,11900.0,11590.0,,11890.0,11590.6,299.39999999999964,,50.0,591190.0,5.0,310.0,2.6747195858498705,2.5831277069349268,118238.0,11823.8
2026-05-25T08:45:28+00:00,2026-05-25T14:30:28+05:45,2026-05-25,14:30:28,1779698728,0,8,14,nepse_official,OPEN,2026-05-25,BPCL,Butwal Power Company Limited,699.0,709.0,680.0,,705.0,699.0,6.0,,50956.0,35781619.6,181.0,29.0,4.148783977110158,0.8583690987124464,197688.50607734808,702.2062092785933
2026-05-25T08:45:28+00:00,2026-05-25T14:30:28+05:45,2026-05-25,14:30:28,1779698728,0,8,14,nepse_official,OPEN,2026-05-25,BUNGAL,Bungal Hydro Limited,773.3,773.3,706.0,,733.0,814.0,-81.0,,72657.0,54096391.5,1059.0,67.29999999999995,8.702961334540277,-9.950859950859952,51082.52266288952,744.5447995375532
2026-05-25T08:45:28+00:00,2026-05-25T14:30:28+05:45,2026-05-25,14:30:28,1779698728,0,8,14,nepse_official,OPEN,2026-05-25,C30MF,Citizens Super 30 Mutual Fund,9.89,10.2,9.89,,10.0,9.83,0.16999999999999993,,11500.0,117037.0,9.0,0.3099999999999987,3.134479271991898,1.7293997965411996,13004.111111111111,10.177130434782608
2026-05-25T08:45:28+00:00,2026-05-25T14:30:28+05:45,2026-05-25,14:30:28,1779698728,0,8,14,nepse_official,OPEN,2026-05-25,CBBL,Chhimek Laghubitta Bittiya Sanstha Limited,924.3,924.3,918.0,,923.0,917.0,6.0,,14694.0,13559160.5,184.0,6.2999999999999545,0.6815968841285248,0.6543075245365322,73691.08967391304,922.7685109568531
2026-05-25T08:45:28+00:00,2026-05-25T14:30:28+05:45,2026-05-25,14:30:28,1779698728,0,8,14,nepse_official,OPEN,2026-05-25,CFCL,Central Finance Co. Ltd.,510.0,510.0,496.0,,504.0,503.0,1.0,,5723.0,2905689.4,36.0,14.0,2.7450980392156863,0.19880715705765406,80713.59444444445,507.72136991088587
2026-05-25T08:45:28+00:00,2026-05-25T14:30:28+05:45,2026-05-25,14:30:28,1779698728,0,8,14,nepse_official,OPEN,2026-05-25,CGH,Chandragiri Hills Limited,799.0,814.7,795.0,,802.0,803.8,-1.7999999999999545,,25911.0,20737315.0,156.0,19.700000000000045,2.4655819774718455,-0.22393630256282096,132931.5064102564,800.3286249083401
2026-05-25T08:45:28+00:00,2026-05-25T14:30:28+05:45,2026-05-25,14:30:28,1779698728,0,8,14,nepse_official,OPEN,2026-05-25,CHCL,Chilime Hydropower Company Limited,482.5,490.0,482.5,,489.9,482.0,7.899999999999977,,66782.0,32380044.0,198.0,7.5,1.5544041450777202,1.6390041493775886,163535.57575757575,484.8618490012279
2026-05-25T08:45:28+00:00,2026-05-25T14:30:28+05:45,2026-05-25,14:30:28,1779698728,0,8,14,nepse_official,OPEN,2026-05-25,CHDC,CEDB Holdings Limited,2300.0,2328.0,2286.0,,2315.0,2300.0,15.0,,10815.0,25076103.4,141.0,42.0,1.8260869565217392,0.6521739130434783,177844.704964539,2318.6410910772074
2026-05-25T08:45:28+00:00,2026-05-25T14:30:28+05:45,2026-05-25,14:30:28,1779698728,0,8,14,nepse_official,OPEN,2026-05-25,CHL,Chhyangdi Hydropower Ltd.,288.1,302.0,288.1,,297.0,297.0,0.0,,43485.0,12848473.7,122.0,13.899999999999977,4.824713641096833,0.0,105315.35819672131,295.46909738990456
2026-05-25T08:45:28+00:00,2026-05-25T14:30:28+05:45,2026-05-25,14:30:28,1779698728,0,8,14,nepse_official,OPEN,2026-05-25,CIT,Citizen Investment Trust,1767.0,1789.9,1765.0,,1774.0,1767.0,7.0,,4075.0,7226153.9,96.0,24.90000000000009,1.409168081494063,0.39615166949632147,75272.43645833334,1773.289300613497
2026-05-25T08:45:28+00:00,2026-05-25T14:30:28+05:45,2026-05-25,14:30:28,1779698728,0,8,14,nepse_official,OPEN,2026-05-25,CITY,City Hotel Limited,374.0,383.9,373.0,,381.1,371.0,10.100000000000023,,101426.0,38515157.7,413.0,10.899999999999977,2.9144385026737907,2.722371967654993,93257.04043583536,379.7365340248063
2026-05-25T08:45:28+00:00,2026-05-25T14:30:28+05:45,2026-05-25,14:30:28,1779698728,0,8,14,nepse_official,OPEN,2026-05-25,CKHL,Chirkhwa Hydropower Limited ,658.0,688.0,658.0,,685.9,673.9,12.0,,548.0,371236.2,27.0,30.0,4.5592705167173255,1.7806796260572786,13749.488888888889,677.4383211678833
2026-05-25T08:45:28+00:00,2026-05-25T14:30:28+05:45,2026-05-25,14:30:28,1779698728,0,8,14,nepse_official,OPEN,2026-05-25,CLI,Citizen Life Insurance Company Limited,452.0,459.0,452.0,,458.8,452.0,6.800000000000011,,16772.0,7651254.1,236.0,7.0,1.5486725663716814,1.5044247787610645,32420.56822033898,456.1921118530885
2026-05-25T08:45:28+00:00,2026-05-25T14:30:28+05:45,2026-05-25,14:30:28,1779698728,0,8,14,nepse_official,OPEN,2026-05-25,CMF2,CITIZENS MUTUAL FUND 2,10.0,10.25,10.0,,10.24,10.14,0.09999999999999964,,2520.0,25687.0,5.0,0.25,2.5,0.986193293885598,5137.4,10.193253968253968
2026-05-25T08:45:28+00:00,2026-05-25T14:30:28+05:45,2026-05-25,14:30:28,1779698728,0,8,14,nepse_official,OPEN,2026-05-25,CORBL,Corporate Development Bank Limited,2050.0,2058.0,2000.0,,2039.0,2066.0,-27.0,,14264.0,28782965.9,181.0,58.0,2.829268292682927,-1.3068731848983544,159021.91104972374,2017.8747826696579
2026-05-25T08:45:28+00:00,2026-05-25T14:30:28+05:45,2026-05-25,14:30:28,1779698728,0,8,14,nepse_official,OPEN,2026-05-25,CREST,Crest Micro Life Insurance Limited,1252.1,1260.0,1143.0,,1238.1,1318.0,-79.90000000000009,,19231.0,23583403.6,386.0,117.0,9.344301573356761,-6.062215477996972,61096.90051813472,1226.322271332744
2026-05-25T08:45:28+00:00,2026-05-25T14:30:28+05:45,2026-05-25,14:30:28,1779698728,0,8,14,nepse_official,OPEN,2026-05-25,CSY,Citizens Santulit Yojana,9.17,9.47,9.17,,9.47,9.45,0.02000000000000135,,4400.0,41088.0,30.0,0.3000000000000007,3.2715376226826685,0.21164021164022592,1369.6,9.338181818181818
2026-05-25T08:45:28+00:00,2026-05-25T14:30:28+05:45,2026-05-25,14:30:28,1779698728,0,8,14,nepse_official,OPEN,2026-05-25,CYCL,CYC Nepal Laghubitta Bittiya Sanstha Limited,1482.0,1485.0,1463.0,,1484.7,1470.1,14.600000000000136,,373.0,548939.7,21.0,22.0,1.484480431848853,0.9931297190667395,26139.98571428571,1471.688203753351
2026-05-25T08:45:28+00:00,2026-05-25T14:30:28+05:45,2026-05-25,14:30:28,1779698728,0,8,14,nepse_official,OPEN,2026-05-25,CZBIL,Citizens Bank International Limited,197.2,210.4,197.2,,209.2,207.5,1.6999999999999886,,45464.0,9465012.3,218.0,13.200000000000017,6.6937119675456485,0.8192771084337294,43417.4876146789,208.18696771071617
2026-05-25T08:45:28+00:00,2026-05-25T14:30:28+05:45,2026-05-25,14:30:28,1779698728,0,8,14,nepse_official,OPEN,2026-05-25,DDBL,Deprosc Laghubitta Bittiya Sanstha Limited,859.0,870.0,853.0,,858.0,853.0,5.0,,5959.0,5102474.2,60.0,17.0,1.979045401629802,0.5861664712778429,85041.23666666666,856.2635005873469
2026-05-25T08:45:28+00:00,2026-05-25T14:30:28+05:45,2026-05-25,14:30:28,1779698728,0,8,14,nepse_official,OPEN,2026-05-25,DHEL,Daramkhola Hydro Energy Limited,650.0,684.9,650.0,,672.1,668.1,4.0,,44364.0,29873801.7,651.0,34.89999999999998,5.369230769230766,0.598712767549768,45889.096313364054,673.379354882337
2026-05-25T08:45:28+00:00,2026-05-25T14:30:28+05:45,2026-05-25,14:30:28,1779698728,0,8,14,nepse_official,OPEN,2026-05-25,DHPL,Dibyashwori Hydropower Ltd.,303.0,311.0,303.0,,304.0,302.0,2.0,,3249.0,987854.0,25.0,8.0,2.6402640264026402,0.6622516556291391,39514.16,304.0486303477993
2026-05-25T08:45:28+00:00,2026-05-25T14:30:28+05:45,2026-05-25,14:30:28,1779698728,0,8,14,nepse_official,OPEN,2026-05-25,DLBS,Dhaulagiri Laghubitta Bittiya Sanstha Limited,1275.0,1295.0,1271.0,,1281.0,1275.0,6.0,,248.0,317807.0,16.0,24.0,1.8823529411764703,0.4705882352941176,19862.9375,1281.4798387096773
2026-05-25T08:45:28+00:00,2026-05-25T14:30:28+05:45,2026-05-25,14:30:28,1779698728,0,8,14,nepse_official,OPEN,2026-05-25,DOLTI,Dolti Power Company Limited,341.0,364.9,341.0,,363.8,358.9,4.900000000000034,,47650.0,17256879.1,271.0,23.899999999999977,7.008797653958937,1.3652828085817872,63678.52066420665,362.1590577124869
2026-05-25T08:45:28+00:00,2026-05-25T14:30:28+05:45,2026-05-25,14:30:28,1779698728,0,8,14,nepse_official,OPEN,2026-05-25,DORDI,Dordi Khola Jal Bidyut Company Limited,277.1,287.9,277.1,,284.1,277.5,6.600000000000023,,52152.0,14749306.6,241.0,10.799999999999955,3.897509924215068,2.3783783783783865,61200.44232365145,282.81382497315536
2026-05-25T08:45:28+00:00,2026-05-25T14:30:28+05:45,2026-05-25,14:30:28,1779698728,0,8,14,nepse_official,OPEN,2026-05-25,EBL,Everest Bank Limited,719.9,719.9,710.3,,711.9,710.0,1.8999999999999773,,25791.0,18352601.7,208.0,9.600000000000023,1.333518544242259,0.2676056338028137,88233.66201923076,711.5893800162847
2026-05-25T08:45:28+00:00,2026-05-25T14:30:28+05:45,2026-05-25,14:30:28,1779698728,0,8,14,nepse_official,OPEN,2026-05-25,EBLD85,10.50% Everest Bank Limited Debenture 2085,1197.0,1197.0,1197.0,,1197.0,1198.0,-1.0,,10.0,11970.0,1.0,0.0,0.0,-0.08347245409015025,11970.0,1197.0
2026-05-25T08:45:28+00:00,2026-05-25T14:30:28+05:45,2026-05-25,14:30:28,1779698728,0,8,14,nepse_official,OPEN,2026-05-25,EBLD91,Everest Bank Limited Debenture 2091,1081.1,1081.1,1081.0,,1081.0,1085.0,-4.0,,100.0,108106.5,3.0,0.09999999999990905,0.009249838127824352,-0.3686635944700461,36035.5,1081.065
2026-05-25T08:45:28+00:00,2026-05-25T14:30:28+05:45,2026-05-25,14:30:28,1779698728,0,8,14,nepse_official,OPEN,2026-05-25,EDBL,Excel Development Bank Ltd.,583.0,595.0,583.0,,587.1,580.0,7.100000000000023,,4358.0,2577489.8,29.0,12.0,2.0583190394511153,1.2241379310344866,88878.95862068965,591.438687471317
2026-05-25T08:45:28+00:00,2026-05-25T14:30:28+05:45,2026-05-25,14:30:28,1779698728,0,8,14,nepse_official,OPEN,2026-05-25,EHPL,Eastern Hydropower Limited,395.0,402.5,395.0,,400.0,394.5,5.5,,22352.0,8938383.7,135.0,7.5,1.89873417721519,1.394169835234474,66210.24962962963,399.89189781675015
2026-05-25T08:45:28+00:00,2026-05-25T14:30:28+05:45,2026-05-25,14:30:28,1779698728,0,8,14,nepse_official,OPEN,2026-05-25,ENL,Emerging Nepal Limited,912.3,912.3,887.2,,892.5,898.0,-5.5,,473.0,424986.2,21.0,25.09999999999991,2.75128795352405,-0.6124721603563474,20237.438095238096,898.4909090909091
2026-05-25T08:45:28+00:00,2026-05-25T14:30:28+05:45,2026-05-25,14:30:28,1779698728,0,8,14,nepse_official,OPEN,2026-05-25,FMDBL,First Micro Finance Laghubitta Bittiya Sanstha Limited,792.0,799.0,792.0,,798.0,787.3,10.700000000000045,,10955.0,8720774.8,94.0,7.0,0.8838383838383838,1.3590753207163784,92774.20000000001,796.0542948425377
2026-05-25T08:45:28+00:00,2026-05-25T14:30:28+05:45,2026-05-25,14:30:28,1779698728,0,8,14,nepse_official,OPEN,2026-05-25,FOWAD,Forward Microfinance Laghubitta Bittiya Sanstha Limited,1068.9,1068.9,1047.0,,1050.1,1044.0,6.099999999999909,,2184.0,2295759.1,43.0,21.90000000000009,2.0488352511928234,0.5842911877394549,53389.74651162791,1051.171749084249
2026-05-25T08:45:28+00:00,2026-05-25T14:30:28+05:45,2026-05-25,14:30:28,1779698728,0,8,14,nepse_official,OPEN,2026-05-25,GBBL,Garima Bikas Bank Limited,421.0,425.0,420.0,,421.6,421.0,0.6000000000000227,,28096.0,11862699.0,121.0,5.0,1.187648456057007,0.14251781472684627,98038.8347107438,422.22020928246013
2026-05-25T08:45:28+00:00,2026-05-25T14:30:28+05:45,2026-05-25,14:30:28,1779698728,0,8,14,nepse_official,OPEN,2026-05-25,GBILD86/87,Global IME Bank Limited Debenture 2086/87,1086.0,1086.0,1086.0,,1086.0,1080.1,5.900000000000091,,25.0,27150.0,1.0,0.0,0.0,0.5462457179890835,27150.0,1086.0
2026-05-25T08:45:28+00:00,2026-05-25T14:30:28+05:45,2026-05-25,14:30:28,1779698728,0,8,14,nepse_official,OPEN,2026-05-25,GBIME,Global IME Bank Limited,236.0,239.0,235.2,,238.9,236.8,2.0999999999999943,,61478.0,14638935.0,350.0,3.8000000000000114,1.6101694915254285,0.8868243243243219,41825.52857142857,238.11664335209343
2026-05-25T08:45:28+00:00,2026-05-25T14:30:28+05:45,2026-05-25,14:30:28,1779698728,0,8,14,nepse_official,OPEN,2026-05-25,GBIMESY2,Global IME Sammunat Yojana -2,9.31,9.58,9.25,,9.57,9.31,0.2599999999999998,,3850.0,36346.0,16.0,0.33000000000000007,3.5445757250268537,2.79269602577873,2271.625,9.44051948051948
2026-05-25T08:45:28+00:00,2026-05-25T14:30:28+05:45,2026-05-25,14:30:28,1779698728,0,8,14,nepse_official,OPEN,2026-05-25,GBLBS,Grameen Bikas Laghubitta Bittiya Sanstha Ltd.,788.0,788.0,766.0,,782.0,775.9,6.100000000000023,,3259.0,2551864.5,49.0,22.0,2.7918781725888326,0.7861837865704373,52078.86734693877,783.0207118748082
2026-05-25T08:45:28+00:00,2026-05-25T14:30:28+05:45,2026-05-25,14:30:28,1779698728,0,8,14,nepse_official,OPEN,2026-05-25,GCIL,Ghorahi Cement Industry Limited,418.2,433.0,418.0,,433.0,424.0,9.0,,55559.0,23561453.7,336.0,15.0,3.5868005738880915,2.1226415094339623,70123.37410714285,424.07987364783384
2026-05-25T08:45:28+00:00,2026-05-25T14:30:28+05:45,2026-05-25,14:30:28,1779698728,0,8,14,nepse_official,OPEN,2026-05-25,GFCL,Goodwill Finance Limited,635.0,643.0,630.2,,633.0,635.0,-2.0,,4200.0,2653505.0,29.0,12.799999999999955,2.015748031496056,-0.31496062992125984,91500.1724137931,631.7869047619048
2026-05-25T08:45:28+00:00,2026-05-25T14:30:28+05:45,2026-05-25,14:30:28,1779698728,0,8,14,nepse_official,OPEN,2026-05-25,GHL,Ghalemdi Hydro Limited,245.0,247.9,241.3,,245.4,242.0,3.4000000000000057,,64371.0,15824482.1,223.0,6.599999999999994,2.693877551020406,1.4049586776859528,70961.80313901346,245.83247269733263
2026-05-25T08:45:28+00:00,2026-05-25T14:30:28+05:45,2026-05-25,14:30:28,1779698728,0,8,14,nepse_official,OPEN,2026-05-25,GIBF1,Global IME Balanced Fund-1,10.9,11.33,10.9,,11.0,11.0,0.0,,6100.0,68141.0,26.0,0.4299999999999997,3.944954128440364,0.0,2620.8076923076924,11.170655737704918
2026-05-25T08:45:28+00:00,2026-05-25T14:30:28+05:45,2026-05-25,14:30:28,1779698728,0,8,14,nepse_official,OPEN,2026-05-25,GILB,Global IME Laghubitta Bittiya Sanstha Ltd.,1125.0,1157.0,1125.0,,1155.0,1130.0,25.0,,990.0,1135332.0,30.0,32.0,2.8444444444444446,2.2123893805309733,37844.4,1146.8
2026-05-25T08:45:28+00:00,2026-05-25T14:30:28+05:45,2026-05-25,14:30:28,1779698728,0,8,14,nepse_official,OPEN,2026-05-25,GLBSL,Gurans Laghubitta Bittiya Sanstha Limited,1830.0,1850.0,1805.0,,1805.0,1809.0,-4.0,,221.0,403958.8,13.0,45.0,2.459016393442623,-0.22111663902708678,31073.753846153846,1827.8678733031675
2026-05-25T08:45:28+00:00,2026-05-25T14:30:28+05:45,2026-05-25,14:30:28,1779698728,0,8,14,nepse_official,OPEN,2026-05-25,GLH,GreenLife Hydropower Limited,274.0,279.0,274.0,,277.0,274.0,3.0,,47374.0,13139244.0,176.0,5.0,1.824817518248175,1.094890510948905,74654.79545454546,277.3513741714865
2026-05-25T08:45:28+00:00,2026-05-25T14:30:28+05:45,2026-05-25,14:30:28,1779698728,0,8,14,nepse_official,OPEN,2026-05-25,GMFBS,Ganapati Laghubitta Bittiya Sanstha Limited,1261.0,1315.0,1261.0,,1308.0,1286.0,22.0,,757.0,983823.2,19.0,54.0,4.282315622521808,1.7107309486780715,51780.16842105263,1299.6343461030383
2026-05-25T08:45:28+00:00,2026-05-25T14:30:28+05:45,2026-05-25,14:30:28,1779698728,0,8,14,nepse_official,OPEN,2026-05-25,GMFIL,Guheshowori Merchant Bank & Finance Co. Ltd.,479.9,479.9,466.4,,475.9,469.9,6.0,,1497.0,708218.1,24.0,13.5,2.8130860595957494,1.276867418599702,29509.087499999998,473.09158316633267
2026-05-25T08:45:28+00:00,2026-05-25T14:30:28+05:45,2026-05-25,14:30:28,1779698728,0,8,14,nepse_official,OPEN,2026-05-25,GMLI,Guardian Micro Life Insurance Limited ,1270.0,1300.0,1261.0,,1276.5,1269.9,6.599999999999909,,3182.0,4093392.4,83.0,39.0,3.0708661417322833,0.5197259626742191,49317.98072289157,1286.4212445003143
2026-05-25T08:45:28+00:00,2026-05-25T14:30:28+05:45,2026-05-25,14:30:28,1779698728,0,8,14,nepse_official,OPEN,2026-05-25,GRDBL,Green Development Bank Ltd.,1061.1,1129.9,1061.1,,1096.5,1110.0,-13.5,,9219.0,10142710.5,76.0,68.80000000000018,6.4838375270945425,-1.2162162162162162,133456.71710526315,1100.1963878945655
2026-05-25T08:45:28+00:00,2026-05-25T14:30:28+05:45,2026-05-25,14:30:28,1779698728,0,8,14,nepse_official,OPEN,2026-05-25,GSY,Garima Samriddhi Yojana,9.99,10.1,9.91,,10.0,10.0,0.0,,72200.0,728054.5,56.0,0.1899999999999995,1.9019019019018968,0.0,13000.973214285714,10.083857340720222
2026-05-25T08:45:28+00:00,2026-05-25T14:30:28+05:45,2026-05-25,14:30:28,1779698728,0,8,14,nepse_official,OPEN,2026-05-25,GUFL,Gurkhas Finance Ltd.,520.0,544.8,520.0,,541.3,535.0,6.2999999999999545,,7678.0,4138674.9,59.0,24.799999999999955,4.76923076923076,1.1775700934579354,70147.03220338983,539.0303334201615
2026-05-25T08:45:28+00:00,2026-05-25T14:30:28+05:45,2026-05-25,14:30:28,1779698728,0,8,14,nepse_official,OPEN,2026-05-25,GVL,Green Ventures Limited,492.0,500.0,492.0,,495.8,491.9,3.900000000000034,,12025.0,5972362.6,103.0,8.0,1.6260162601626018,0.7928440739987872,57984.102912621354,496.6621704781704
2026-05-25T08:45:28+00:00,2026-05-25T14:30:28+05:45,2026-05-25,14:30:28,1779698728,0,8,14,nepse_official,OPEN,2026-05-25,H8020,Himalayan 80-20,12.33,12.33,11.81,,12.1,11.98,0.11999999999999922,,21635.0,263186.0,14.0,0.5199999999999996,4.217356042173557,1.0016694490817963,18799.0,12.164825514213081
2026-05-25T08:45:28+00:00,2026-05-25T14:30:28+05:45,2026-05-25,14:30:28,1779698728,0,8,14,nepse_official,OPEN,2026-05-25,HATHY,Hathway Investment Nepal Limited,810.9,810.9,803.0,,805.0,799.0,6.0,,2755.0,2221508.3,65.0,7.899999999999977,0.9742261684548006,0.7509386733416771,34177.050769230766,806.3550998185117
2026-05-25T08:45:28+00:00,2026-05-25T14:30:28+05:45,2026-05-25,14:30:28,1779698728,0,8,14,nepse_official,OPEN,2026-05-25,HBL,Himalayan Bank Limited,202.0,207.0,200.8,,206.1,203.0,3.0999999999999943,,53599.0,10988930.3,974.0,6.199999999999989,3.0693069306930636,1.5270935960591103,11282.26930184805,205.021181365324
2026-05-25T08:45:28+00:00,2026-05-25T14:30:28+05:45,2026-05-25,14:30:28,1779698728,0,8,14,nepse_official,OPEN,2026-05-25,HBLD83,10% Himalayan Bank Debenture 2083,1036.0,1065.0,1036.0,,1065.0,1036.0,29.0,,45.0,47200.0,2.0,29.0,2.799227799227799,2.799227799227799,23600.0,1048.888888888889
2026-05-25T08:45:28+00:00,2026-05-25T14:30:28+05:45,2026-05-25,14:30:28,1779698728,0,8,14,nepse_official,OPEN,2026-05-25,HDHPC,Himal Dolakha Hydropower Company Limited,230.7,236.0,230.7,,232.5,230.7,1.8000000000000114,,195232.0,45654695.5,558.0,5.300000000000011,2.2973558734287005,0.7802340702210713,81818.45071684588,233.8484239264055
2026-05-25T08:45:28+00:00,2026-05-25T14:30:28+05:45,2026-05-25,14:30:28,1779698728,0,8,14,nepse_official,OPEN,2026-05-25,HDL,Himalayan Distillery Limited,1180.0,1180.0,1168.0,,1172.0,1167.9,4.099999999999909,,19704.0,23074837.8,311.0,12.0,1.0169491525423728,0.35105745354909745,74195.61993569133,1171.0737819732035
2026-05-25T08:45:28+00:00,2026-05-25T14:30:28+05:45,2026-05-25,14:30:28,1779698728,0,8,14,nepse_official,OPEN,2026-05-25,HEI,Himalayan Everest Insurance Limited,535.0,583.0,533.0,,537.9,535.9,2.0,,8219.0,4434283.8,41.0,50.0,9.345794392523365,0.37320395596193323,108153.26341463414,539.5162185180678
2026-05-25T08:45:28+00:00,2026-05-25T14:30:28+05:45,2026-05-25,14:30:28,1779698728,0,8,14,nepse_official,OPEN,2026-05-25,HEIP,Himalayan Everest Insurance Limited Promoter,328.9,328.9,326.0,,326.0,320.0,6.0,,599.0,196857.2,3.0,2.8999999999999773,0.8817269686834837,1.875,65619.06666666667,328.64307178631054
2026-05-25T08:45:28+00:00,2026-05-25T14:30:28+05:45,2026-05-25,14:30:28,1779698728,0,8,14,nepse_official,OPEN,2026-05-25,HFIN,Hotel Forest Inn Limited,985.0,1042.0,985.0,,1030.6,1000.0,30.59999999999991,,67262.0,68740966.9,2127.0,57.0,5.786802030456853,3.0599999999999907,32318.27310766338,1021.9881493265143
2026-05-25T08:45:28+00:00,2026-05-25T14:30:28+05:45,2026-05-25,14:30:28,1779698728,0,8,14,nepse_official,OPEN,2026-05-25,HHL,Himalayan Hydropower Limited,396.9,396.9,377.1,,377.9,378.0,-0.10000000000002274,,59346.0,22649295.5,158.0,19.799999999999955,4.988662131519264,-0.02645502645503247,143349.97151898735,381.64822397465707
2026-05-25T08:45:28+00:00,2026-05-25T14:30:28+05:45,2026-05-25,14:30:28,1779698728,0,8,14,nepse_official,OPEN,2026-05-25,HIDCL,Hydorelectricity Investment and Development Company Ltd,270.0,276.8,270.0,,274.8,271.5,3.3000000000000114,,71586.0,19678361.4,323.0,6.800000000000011,2.5185185185185226,1.2154696132596727,60923.71950464396,274.89119939653006
2026-05-25T08:45:28+00:00,2026-05-25T14:30:28+05:45,2026-05-25,14:30:28,1779698728,0,8,14,nepse_official,OPEN,2026-05-25,HIDCLP,Hydorelectricity Investment and Development Company Limited Promoter,209.2,210.7,207.4,,210.4,207.3,3.0999999999999943,,167831.0,35151619.7,394.0,3.299999999999983,1.5774378585085962,1.4954172696574983,89217.30888324874,209.4465247779016
2026-05-25T08:45:28+00:00,2026-05-25T14:30:28+05:45,2026-05-25,14:30:28,1779698728,0,8,14,nepse_official,OPEN,2026-05-25,HIMSTAR,Him Star Urja Company Limited,900.0,929.5,900.0,,908.0,918.0,-10.0,,7787.0,7127527.6,129.0,29.5,3.277777777777778,-1.0893246187363834,55252.15193798449,915.311108257352
2026-05-25T08:45:28+00:00,2026-05-25T14:30:28+05:45,2026-05-25,14:30:28,1779698728,0,8,14,nepse_official,OPEN,2026-05-25,HLBSL,Himalayan Laghubitta Bittiya Sanstha Limited,910.0,920.0,893.0,,900.0,898.0,2.0,,622.0,557441.8,11.0,27.0,2.9670329670329667,0.22271714922048996,50676.527272727275,896.2086816720258
2026-05-25T08:45:28+00:00,2026-05-25T14:30:28+05:45,2026-05-25,14:30:28,1779698728,0,8,14,nepse_official,OPEN,2026-05-25,HLI,Himalayan Life Insurance Limited,344.0,344.3,340.0,,344.0,339.8,4.199999999999989,,33944.0,11642742.1,267.0,4.300000000000011,1.2500000000000033,1.2360211889346642,43605.77565543071,342.9985299316521
2026-05-25T08:45:28+00:00,2026-05-25T14:30:28+05:45,2026-05-25,14:30:28,1779698728,0,8,14,nepse_official,OPEN,2026-05-25,HLICF,HLI Large Cap Fund,9.1,9.12,8.9,,9.0,8.87,0.13000000000000078,,40060.0,360760.6,16.0,0.21999999999999886,2.417582417582405,1.4656144306651724,22547.5375,9.005506739890164
2026-05-25T08:45:28+00:00,2026-05-25T14:30:28+05:45,2026-05-25,14:30:28,1779698728,0,8,14,nepse_official,OPEN,2026-05-25,HPPL,Himalayan Power Partner Ltd.,381.3,388.0,381.0,,386.3,381.0,5.300000000000011,,12788.0,4937062.1,114.0,7.0,1.8358248098610017,1.3910761154855673,43307.56228070175,386.0699171097904
2026-05-25T08:45:28+00:00,2026-05-25T14:30:28+05:45,2026-05-25,14:30:28,1779698728,0,8,14,nepse_official,OPEN,2026-05-25,HRL,Himalayan Reinsurance Limited,641.0,661.0,640.5,,654.0,641.4,12.600000000000023,,101612.0,66345417.4,1032.0,20.5,3.1981279251170043,1.9644527595884038,64288.19515503876,652.9289591780498
2026-05-25T08:45:28+00:00,2026-05-25T14:30:28+05:45,2026-05-25,14:30:28,1779698728,0,8,14,nepse_official,OPEN,2026-05-25,HURJA,Himalaya Urja Bikas Company Limited,262.0,269.0,262.0,,267.0,263.0,4.0,,74041.0,19724423.9,244.0,7.0,2.6717557251908395,1.520912547528517,80837.80286885245,266.3986696560014
2026-05-25T08:45:28+00:00,2026-05-25T14:30:28+05:45,2026-05-25,14:30:28,1779698728,0,8,14,nepse_official,OPEN,2026-05-25,ICFC,ICFC Finance Limited,631.0,639.5,629.0,,638.9,631.0,7.899999999999977,,6455.0,4094968.6,62.0,10.5,1.664025356576862,1.2519809825673498,66047.88064516129,634.3870797831139
2026-05-25T08:45:28+00:00,2026-05-25T14:30:28+05:45,2026-05-25,14:30:28,1779698728,0,8,14,nepse_official,OPEN,2026-05-25,ICFCD88,9% ICFC Finance Limited Debenture 2088,1145.0,1145.0,1145.0,,1145.0,1150.0,-5.0,,25.0,28625.0,1.0,0.0,0.0,-0.43478260869565216,28625.0,1145.0
2026-05-25T08:45:28+00:00,2026-05-25T14:30:28+05:45,2026-05-25,14:30:28,1779698728,0,8,14,nepse_official,OPEN,2026-05-25,ICFCD89,8% ICFC Finance Limited Debenture 2089,1081.0,1088.0,1081.0,,1088.0,1099.0,-11.0,,100.0,108595.0,6.0,7.0,0.6475485661424607,-1.0009099181073704,18099.166666666668,1085.95
2026-05-25T08:45:28+00:00,2026-05-25T14:30:28+05:45,2026-05-25,14:30:28,1779698728,0,8,14,nepse_official,OPEN,2026-05-25,IGI,IGI Prudential insurance Limited,439.9,439.9,431.8,,438.6,430.0,8.600000000000023,,8684.0,3787551.3,42.0,8.099999999999966,1.8413275744487307,2.0000000000000053,90179.79285714285,436.15284431137724
2026-05-25T08:45:28+00:00,2026-05-25T14:30:28+05:45,2026-05-25,14:30:28,1779698728,0,8,14,nepse_official,OPEN,2026-05-25,IHL,Ingwa Hydropower Limited,442.0,451.1,425.0,,444.0,442.0,2.0,,111744.0,48789878.5,552.0,26.100000000000023,5.9049773755656165,0.4524886877828055,88387.46105072464,436.6219081113975
2026-05-25T08:45:28+00:00,2026-05-25T14:30:28+05:45,2026-05-25,14:30:28,1779698728,0,8,14,nepse_official,OPEN,2026-05-25,ILBS,Infinity Laghubitta Bittiya Sanstha Limited,935.0,947.2,920.1,,940.0,939.9,0.10000000000002274,,3288.0,3048607.0,50.0,27.100000000000023,2.898395721925136,0.010639429726569075,60972.14,927.1919099756691
2026-05-25T08:45:28+00:00,2026-05-25T14:30:28+05:45,2026-05-25,14:30:28,1779698728,0,8,14,nepse_official,OPEN,2026-05-25,ILI,IME Life Insurance Company Limited,437.0,444.0,437.0,,442.6,439.9,2.7000000000000455,,5796.0,2557759.4,229.0,7.0,1.6018306636155606,0.6137758581495898,11169.25502183406,441.29734299516906
2026-05-25T08:45:28+00:00,2026-05-25T14:30:28+05:45,2026-05-25,14:30:28,1779698728,0,8,14,nepse_official,OPEN,2026-05-25,JBBL,Jyoti Bikas Bank Limited,343.5,367.9,343.5,,366.0,361.5,4.5,,30747.0,11215068.5,148.0,24.399999999999977,7.103347889374084,1.2448132780082988,75777.48986486487,364.7532604806973
2026-05-25T08:45:28+00:00,2026-05-25T14:30:28+05:45,2026-05-25,14:30:28,1779698728,0,8,14,nepse_official,OPEN,2026-05-25,JBLB,Jeevan Bikas Laghubitta  Bittya Sanstha Ltd,1305.0,1325.0,1305.0,,1315.0,1302.0,13.0,,2313.0,3047666.5,100.0,20.0,1.532567049808429,0.9984639016897081,30476.665,1317.6249459576309
2026-05-25T08:45:28+00:00,2026-05-25T14:30:28+05:45,2026-05-25,14:30:28,1779698728,0,8,14,nepse_official,OPEN,2026-05-25,JFL,Janaki Finance Company Limited,409.0,414.9,409.0,,414.5,408.0,6.5,,2123.0,874405.6,23.0,5.899999999999977,1.4425427872860581,1.5931372549019607,38017.63478260869,411.87263306641546
2026-05-25T08:45:28+00:00,2026-05-25T14:30:28+05:45,2026-05-25,14:30:28,1779698728,0,8,14,nepse_official,OPEN,2026-05-25,JHAPA,Jhapa Energy Limited,1480.0,1543.7,1438.0,,1490.0,1499.0,-9.0,,23865.0,35508659.2,283.0,105.70000000000005,7.141891891891896,-0.600400266844563,125472.29399293287,1487.896886654096
2026-05-25T08:45:28+00:00,2026-05-25T14:30:28+05:45,2026-05-25,14:30:28,1779698728,0,8,14,nepse_official,OPEN,2026-05-25,JOSHI,Joshi Hydropower Development Company Ltd,282.1,290.0,282.1,,288.0,284.5,3.5,,14330.0,4131721.0,92.0,7.899999999999977,2.800425381070534,1.2302284710017575,44910.010869565216,288.32665736217723
2026-05-25T08:45:28+00:00,2026-05-25T14:30:28+05:45,2026-05-25,14:30:28,1779698728,0,8,14,nepse_official,OPEN,2026-05-25,JSLBB,Janautthan Samudayic Laghubitta Bittya Sanstha Limited,1078.5,1084.1,1078.1,,1084.1,1089.1,-5.0,,101.0,109217.9,6.0,6.0,0.5563282336578581,-0.45909466531998905,18202.983333333334,1081.3653465346533
2026-05-25T08:45:28+00:00,2026-05-25T14:30:28+05:45,2026-05-25,14:30:28,1779698728,0,8,14,nepse_official,OPEN,2026-05-25,KBL,Kumari Bank Limited,220.0,224.0,219.0,,223.0,218.7,4.300000000000011,,236896.0,52563524.0,667.0,5.0,2.272727272727273,1.9661636945587615,78805.88305847076,221.88438808591113
2026-05-25T08:45:28+00:00,2026-05-25T14:30:28+05:45,2026-05-25,14:30:28,1779698728,0,8,14,nepse_official,OPEN,2026-05-25,KBSH,Kutheli Bukhari Small Hydropower Limited,1470.2,1500.2,1470.2,,1500.0,1500.0,0.0,,280.0,419715.0,9.0,30.0,2.0405387022173853,0.0,46635.0,1498.982142857143
2026-05-25T08:45:28+00:00,2026-05-25T14:30:28+05:45,2026-05-25,14:30:28,1779698728,0,8,14,nepse_official,OPEN,2026-05-25,KDBY,Kumari Dhanabriddhi Yojana,11.41,11.7,11.41,,11.62,11.45,0.16999999999999993,,277900.0,3228307.0,41.0,0.28999999999999915,2.5416301489921045,1.4847161572052396,78739.19512195123,11.616793810723282
2026-05-25T08:45:28+00:00,2026-05-25T14:30:28+05:45,2026-05-25,14:30:28,1779698728,0,8,14,nepse_official,OPEN,2026-05-25,KDL,Kalinchowk Darshan Limited,850.0,850.0,812.0,,835.0,826.8,8.200000000000045,,1572.0,1301042.2,54.0,38.0,4.470588235294118,0.9917755200774125,24093.374074074072,827.6349872773536
2026-05-25T08:45:28+00:00,2026-05-25T14:30:28+05:45,2026-05-25,14:30:28,1779698728,0,8,14,nepse_official,OPEN,2026-05-25,KEF,Kumari Equity Fund,10.75,10.81,10.72,,10.81,10.75,0.0600000000000005,,12900.0,139156.0,22.0,0.08999999999999986,0.8372093023255801,0.5581395348837256,6325.272727272727,10.787286821705427
2026-05-25T08:45:28+00:00,2026-05-25T14:30:28+05:45,2026-05-25,14:30:28,1779698728,0,8,14,nepse_official,OPEN,2026-05-25,KKHC,Khanikhola Hydropower Co. Ltd.,273.5,273.5,266.0,,271.1,266.1,5.0,,50284.0,13569684.8,195.0,7.5,2.742230347349177,1.8789928598271326,69588.12717948719,269.8608861665739
2026-05-25T08:45:28+00:00,2026-05-25T14:30:28+05:45,2026-05-25,14:30:28,1779698728,0,8,14,nepse_official,OPEN,2026-05-25,KMCDB,Kalika Laghubitta Bittiya Sanstha Ltd,860.0,869.0,855.0,,861.2,860.0,1.2000000000000455,,1147.0,989476.4,36.0,14.0,1.627906976744186,0.13953488372093553,27485.455555555556,862.6646904969485
2026-05-25T08:45:28+00:00,2026-05-25T14:30:28+05:45,2026-05-25,14:30:28,1779698728,0,8,14,nepse_official,OPEN,2026-05-25,KPCL,Kalika power Company Ltd,490.0,502.0,490.0,,500.0,493.5,6.5,,7528.0,3758462.3,72.0,12.0,2.4489795918367347,1.3171225937183384,52200.865277777775,499.26438629117956
2026-05-25T08:45:28+00:00,2026-05-25T14:30:28+05:45,2026-05-25,14:30:28,1779698728,0,8,14,nepse_official,OPEN,2026-05-25,KSBBL,Kamana Sewa Bikas Bank Limited,484.0,490.0,484.0,,489.9,482.1,7.7999999999999545,,35342.0,17283259.1,85.0,6.0,1.2396694214876034,1.617921593030482,203332.46000000002,489.02889196989423
2026-05-25T08:45:28+00:00,2026-05-25T14:30:28+05:45,2026-05-25,14:30:28,1779698728,0,8,14,nepse_official,OPEN,2026-05-25,KSBBLD87,9% Kamana Sewa Bikas Bank Limited Debenture 2087,1132.0,1132.0,1132.0,,1132.0,1131.0,1.0,,25.0,28300.0,1.0,0.0,0.0,0.08841732979664013,28300.0,1132.0
2026-05-25T08:45:28+00:00,2026-05-25T14:30:28+05:45,2026-05-25,14:30:28,1779698728,0,8,14,nepse_official,OPEN,2026-05-25,KSBBLP,Kamana Sewa Bikas Bank Limited Promoter Share,269.0,269.0,269.0,,269.0,269.0,0.0,,14079.0,3787251.0,1.0,0.0,0.0,0.0,3787251.0,269.0
2026-05-25T08:45:28+00:00,2026-05-25T14:30:28+05:45,2026-05-25,14:30:28,1779698728,0,8,14,nepse_official,OPEN,2026-05-25,KSY,Kumari Sabal Yojana,9.8,9.9,9.61,,9.9,9.8,0.09999999999999964,,21900.0,216523.0,17.0,0.2900000000000009,2.959183673469397,1.0204081632653024,12736.64705882353,9.88689497716895
2026-05-25T08:45:28+00:00,2026-05-25T14:30:28+05:45,2026-05-25,14:30:28,1779698728,0,8,14,nepse_official,OPEN,2026-05-25,LBBL,Lumbini Bikas Bank Ltd.,498.1,498.1,491.0,,497.0,491.0,6.0,,31982.0,15847921.8,129.0,7.100000000000023,1.4254165830154633,1.2219959266802443,122852.1069767442,495.5262897880058
2026-05-25T08:45:28+00:00,2026-05-25T14:30:28+05:45,2026-05-25,14:30:28,1779698728,0,8,14,nepse_official,OPEN,2026-05-25,LEC,Liberty Energy Company Limited,222.0,237.9,222.0,,236.4,233.0,3.4000000000000057,,103205.0,24369675.9,364.0,15.900000000000006,7.162162162162165,1.4592274678111612,66949.65906593406,236.12882999854656
2026-05-25T08:45:28+00:00,2026-05-25T14:30:28+05:45,2026-05-25,14:30:28,1779698728,0,8,14,nepse_official,OPEN,2026-05-25,LICN,Life Insurance Corporation (Nepal) Limited,829.0,829.0,813.0,,824.0,813.0,11.0,,3899.0,3199797.8,42.0,16.0,1.9300361881785282,1.3530135301353015,76185.6619047619,820.6714029238266
2026-05-25T08:45:28+00:00,2026-05-25T14:30:28+05:45,2026-05-25,14:30:28,1779698728,0,8,14,nepse_official,OPEN,2026-05-25,LLBS,Laxmi Laghubitta Bittiya Sanstha Ltd.,958.0,965.0,937.2,,937.2,958.0,-20.799999999999955,,820.0,785422.0,4.0,27.799999999999955,2.9018789144050054,-2.1711899791231684,196355.5,957.8317073170732
2026-05-25T08:45:28+00:00,2026-05-25T14:30:28+05:45,2026-05-25,14:30:28,1779698728,0,8,14,nepse_official,OPEN,2026-05-25,LSL,Laxmi Sunrise Bank Limited,215.0,244.0,215.0,,225.5,225.9,-0.4000000000000057,,79000.0,17909027.4,246.0,29.0,13.488372093023257,-0.17706949977866565,72800.92439024389,226.69654936708858
2026-05-25T08:45:28+00:00,2026-05-25T14:30:28+05:45,2026-05-25,14:30:28,1779698728,0,8,14,nepse_official,OPEN,2026-05-25,LUK,Laxmi Unnati Kosh,9.95,10.2,9.95,,10.0,9.95,0.05000000000000071,,5825.0,58005.0,8.0,0.25,2.512562814070352,0.5025125628140775,7250.625,9.95793991416309
2026-05-25T08:45:28+00:00,2026-05-25T14:30:28+05:45,2026-05-25,14:30:28,1779698728,0,8,14,nepse_official,OPEN,2026-05-25,LVF2,Laxmi Value Fund 2,9.8,10.19,9.8,,10.19,10.0,0.1899999999999995,,4600.0,46430.0,18.0,0.3899999999999988,3.979591836734681,1.899999999999995,2579.4444444444443,10.093478260869565
2026-05-25T08:45:28+00:00,2026-05-25T14:30:28+05:45,2026-05-25,14:30:28,1779698728,0,8,14,nepse_official,OPEN,2026-05-25,MABEL,Mabilung Energy Limited,760.0,782.0,747.0,,750.2,760.0,-9.799999999999955,,29121.0,22328313.1,451.0,35.0,4.605263157894736,-1.2894736842105203,49508.45476718404,766.7426633700767
2026-05-25T08:45:28+00:00,2026-05-25T14:30:28+05:45,2026-05-25,14:30:28,1779698728,0,8,14,nepse_official,OPEN,2026-05-25,MAKAR,Makar Jitumaya Suri Hydropower Limited,535.1,535.1,504.0,,507.0,509.7,-2.6999999999999886,,8693.0,4419296.8,86.0,31.100000000000023,5.8119977574285215,-0.5297233666862838,51387.172093023255,508.3741861267686
2026-05-25T08:45:28+00:00,2026-05-25T14:30:28+05:45,2026-05-25,14:30:28,1779698728,0,8,14,nepse_official,OPEN,2026-05-25,MANDU,Mandu Hydropower Limited,815.0,830.0,815.0,,830.0,818.9,11.100000000000023,,958.0,791249.8,28.0,15.0,1.8404907975460123,1.3554768592013706,28258.92142857143,825.939248434238
2026-05-25T08:45:28+00:00,2026-05-25T14:30:28+05:45,2026-05-25,14:30:28,1779698728,0,8,14,nepse_official,OPEN,2026-05-25,MATRI,Matribhumi Lagubitta Bittiya Sanstha Limited,881.0,913.0,880.0,,890.4,895.0,-4.600000000000023,,507.0,451069.3,26.0,33.0,3.745743473325766,-0.5139664804469299,17348.81923076923,889.6830374753451
2026-05-25T08:45:28+00:00,2026-05-25T14:30:28+05:45,2026-05-25,14:30:28,1779698728,0,8,14,nepse_official,OPEN,2026-05-25,MBJC,Madhya Bhotekoshi Jalavidyut Company Limited,286.0,292.0,281.3,,288.7,286.0,2.6999999999999886,,24066.0,6940618.7,299.0,10.699999999999989,3.7412587412587373,0.9440559440559401,23212.771571906356,288.3993476273581
2026-05-25T08:45:28+00:00,2026-05-25T14:30:28+05:45,2026-05-25,14:30:28,1779698728,0,8,14,nepse_official,OPEN,2026-05-25,MBL,Machhapuchhre Bank Limited,253.7,256.8,253.7,,254.7,252.9,1.799999999999983,,84824.0,21654345.5,176.0,3.1000000000000227,1.2219156484036353,0.711743772241986,123036.05397727272,255.28559723663113
2026-05-25T08:45:28+00:00,2026-05-25T14:30:28+05:45,2026-05-25,14:30:28,1779698728,0,8,14,nepse_official,OPEN,2026-05-25,MBLD2085,10.25% Machhapuchhre Bank Debenture 2085,1200.0,1200.0,1200.0,,1200.0,1235.0,-35.0,,100.0,120000.0,1.0,0.0,0.0,-2.834008097165992,120000.0,1200.0
2026-05-25T08:45:28+00:00,2026-05-25T14:30:28+05:45,2026-05-25,14:30:28,1779698728,0,8,14,nepse_official,OPEN,2026-05-25,MBLEF,MBL Equity Fund,9.93,10.21,9.93,,10.15,10.05,0.09999999999999964,,5909.0,59681.35,21.0,0.28000000000000114,2.8197381671702026,0.9950248756218869,2841.9690476190476,10.100076155017769
2026-05-25T08:45:28+00:00,2026-05-25T14:30:28+05:45,2026-05-25,14:30:28,1779698728,0,8,14,nepse_official,OPEN,2026-05-25,MCHL,Menchhiyam Hydropower Limited,323.0,329.9,313.4,,327.5,322.9,4.600000000000023,,23565.0,7640804.1,138.0,16.5,5.108359133126935,1.424589656240329,55368.14565217391,324.2437555697008
2026-05-25T08:45:28+00:00,2026-05-25T14:30:28+05:45,2026-05-25,14:30:28,1779698728,0,8,14,nepse_official,OPEN,2026-05-25,MDB,Miteri Development Bank Limited,615.0,618.0,612.2,,613.2,614.6,-1.3999999999999773,,9300.0,5714542.8,46.0,5.7999999999999545,0.9430894308943015,-0.22779043280181863,124229.19130434783,614.4669677419355
2026-05-25T08:45:28+00:00,2026-05-25T14:30:28+05:45,2026-05-25,14:30:28,1779698728,0,8,14,nepse_official,OPEN,2026-05-25,MEHL,Manakamana Engineering Hydropower Limited,379.0,390.0,379.0,,386.0,380.0,6.0,,2182.0,840492.0,45.0,11.0,2.9023746701846966,1.5789473684210527,18677.6,385.19340054995416
2026-05-25T08:45:28+00:00,2026-05-25T14:30:28+05:45,2026-05-25,14:30:28,1779698728,0,8,14,nepse_official,OPEN,2026-05-25,MEL,Modi Energy Limited,238.0,245.0,235.1,,243.6,238.1,5.5,,21963.0,5331589.7,242.0,9.900000000000006,4.1596638655462215,2.3099538009239815,22031.362396694214,242.75325319856123
2026-05-25T08:45:28+00:00,2026-05-25T14:30:28+05:45,2026-05-25,14:30:28,1779698728,0,8,14,nepse_official,OPEN,2026-05-25,MEN,Mountain Energy Nepal Limited,610.0,615.0,606.5,,607.5,604.0,3.5,,59581.0,36233851.4,288.0,8.5,1.3934426229508197,0.5794701986754967,125811.98402777777,608.1443983820345
2026-05-25T08:45:28+00:00,2026-05-25T14:30:28+05:45,2026-05-25,14:30:28,1779698728,0,8,14,nepse_official,OPEN,2026-05-25,MERO,Mero Microfinance Bittiya Sanstha Ltd.,732.9,733.0,720.0,,725.0,718.0,7.0,,3822.0,2772639.4,46.0,13.0,1.7737754127438943,0.9749303621169917,60274.769565217386,725.442019884877
2026-05-25T08:45:28+00:00,2026-05-25T14:30:28+05:45,2026-05-25,14:30:28,1779698728,0,8,14,nepse_official,OPEN,2026-05-25,MFIL,Manjushree Finance Ltd.,785.0,804.8,785.0,,796.3,802.0,-5.7000000000000455,,14408.0,11512721.0,106.0,19.799999999999955,2.5222929936305674,-0.7107231920199558,108610.57547169812,799.0505968906164
2026-05-25T08:45:28+00:00,2026-05-25T14:30:28+05:45,2026-05-25,14:30:28,1779698728,0,8,14,nepse_official,OPEN,2026-05-25,MHCL,Molung Hydropower Company Limited,370.0,372.0,365.0,,365.0,368.9,-3.8999999999999773,,3189.0,1176275.0,71.0,7.0,1.891891891891892,-1.0571970723773318,16567.25352112676,368.8538726873628
2026-05-25T08:45:28+00:00,2026-05-25T14:30:28+05:45,2026-05-25,14:30:28,1779698728,0,8,14,nepse_official,OPEN,2026-05-25,MHL,Mandakini Hydropower Limited,500.0,510.0,498.5,,508.5,500.0,8.5,,10253.0,5178493.0,74.0,11.5,2.3,1.7000000000000002,69979.63513513513,505.07100360869987
2026-05-25T08:45:28+00:00,2026-05-25T14:30:28+05:45,2026-05-25,14:30:28,1779698728,0,8,14,nepse_official,OPEN,2026-05-25,MHNL,Mountain Hydro Nepal Limited,268.0,276.0,268.0,,272.1,270.0,2.1000000000000227,,5702.0,1565234.2,46.0,8.0,2.9850746268656714,0.7777777777777861,34026.830434782605,274.50617327253593
2026-05-25T08:45:28+00:00,2026-05-25T14:30:28+05:45,2026-05-25,14:30:28,1779698728,0,8,14,nepse_official,OPEN,2026-05-25,MKCL,Muktinath Krishi Company Limited,1290.0,1310.0,1272.1,,1299.0,1288.0,11.0,,1085.0,1398370.4,43.0,37.90000000000009,2.937984496124038,0.8540372670807453,32520.241860465114,1288.8206451612903
2026-05-25T08:45:28+00:00,2026-05-25T14:30:28+05:45,2026-05-25,14:30:28,1779698728,0,8,14,nepse_official,OPEN,2026-05-25,MKHC,Maya Khola Hydropower Company Limited,320.0,342.9,320.0,,339.8,320.0,19.80000000000001,,56869.0,19129065.8,391.0,22.899999999999977,7.156249999999993,6.1875000000000036,48923.44194373402,336.3707081186587
2026-05-25T08:45:28+00:00,2026-05-25T14:30:28+05:45,2026-05-25,14:30:28,1779698728,0,8,14,nepse_official,OPEN,2026-05-25,MKHL,Mai Khola Hydropower Limited,523.1,574.8,523.1,,554.0,545.0,9.0,,7313.0,4100739.5,108.0,51.69999999999993,9.883387497610387,1.651376146788991,37969.81018518518,560.7465472446329
2026-05-25T08:45:28+00:00,2026-05-25T14:30:28+05:45,2026-05-25,14:30:28,1779698728,0,8,14,nepse_official,OPEN,2026-05-25,MKJC,Mailung Khola Jal Vidhyut Company Limited,500.0,501.6,493.2,,497.1,490.0,7.100000000000023,,4090.0,2043292.0,34.0,8.400000000000034,1.6800000000000068,1.4489795918367394,60096.82352941176,499.58239608801955
2026-05-25T08:45:28+00:00,2026-05-25T14:30:28+05:45,2026-05-25,14:30:28,1779698728,0,8,14,nepse_official,OPEN,2026-05-25,MLBBL,Mithila LaghuBitta Bittiya Sanstha Limited,1220.0,1220.0,1183.0,,1185.7,1198.0,-12.299999999999955,,2294.0,2731769.0,25.0,37.0,3.0327868852459017,-1.0267111853088442,109270.76,1190.832170880558
2026-05-25T08:45:28+00:00,2026-05-25T14:30:28+05:45,2026-05-25,14:30:28,1779698728,0,8,14,nepse_official,OPEN,2026-05-25,MLBL,Mahalaxmi Bikas Bank Ltd.,369.9,370.9,367.3,,370.0,365.9,4.100000000000023,,14685.0,5419908.1,71.0,3.599999999999966,0.9732360097323509,1.1205247335337587,76336.7338028169,369.0778413346952
2026-05-25T08:45:28+00:00,2026-05-25T14:30:28+05:45,2026-05-25,14:30:28,1779698728,0,8,14,nepse_official,OPEN,2026-05-25,MLBS,Manushi Laghubitta Bittiya Sanstha Limited,1250.0,1300.0,1250.0,,1270.0,1279.0,-9.0,,180.0,231399.0,8.0,50.0,4.0,-0.7036747458952306,28924.875,1285.55
2026-05-25T08:45:28+00:00,2026-05-25T14:30:28+05:45,2026-05-25,14:30:28,1779698728,0,8,14,nepse_official,OPEN,2026-05-25,MLBSL,Mahila Lagubitta Bittiya Sanstha Limited ,1800.0,1820.0,1790.0,,1820.0,1800.0,20.0,,393.0,711169.1,11.0,30.0,1.6666666666666667,1.1111111111111112,64651.73636363636,1809.5905852417302
2026-05-25T08:45:28+00:00,2026-05-25T14:30:28+05:45,2026-05-25,14:30:28,1779698728,0,8,14,nepse_official,OPEN,2026-05-25,MMF1,Mega Mutual Fund -1,9.7,9.7,9.39,,9.5,9.59,-0.08999999999999986,,4605.0,43746.25,20.0,0.3099999999999987,3.195876288659781,-0.9384775808133458,2187.3125,9.49972855591748
2026-05-25T08:45:28+00:00,2026-05-25T14:30:28+05:45,2026-05-25,14:30:28,1779698728,0,8,14,nepse_official,OPEN,2026-05-25,MMKJL,Mathillo Mailun Khola Jalvidhyut Limited,494.0,515.0,494.0,,512.4,501.0,11.399999999999977,,2234.0,1133072.0,54.0,21.0,4.251012145748987,2.275449101796403,20982.814814814814,507.1942703670546
2026-05-25T08:45:28+00:00,2026-05-25T14:30:28+05:45,2026-05-25,14:30:28,1779698728,0,8,14,nepse_official,OPEN,2026-05-25,MNBBL,Muktinath Bikas Bank Ltd.,374.3,379.0,374.0,,377.0,372.9,4.100000000000023,,26799.0,10117555.4,139.0,5.0,1.3358268768367618,1.0994904800214595,72788.16834532375,377.53481100041046
2026-05-25T08:45:28+00:00,2026-05-25T14:30:28+05:45,2026-05-25,14:30:28,1779698728,0,8,14,nepse_official,OPEN,2026-05-25,MNMF1,Muktinath Mutual Fund 1,9.9,9.95,9.9,,9.95,10.0,-0.05000000000000071,,21356.0,212460.4,25.0,0.049999999999998934,0.5050505050504942,-0.5000000000000071,8498.416,9.948510957108072
2026-05-25T08:45:28+00:00,2026-05-25T14:30:28+05:45,2026-05-25,14:30:28,1779698728,0,8,14,nepse_official,OPEN,2026-05-25,MPFL,Multipurpose Finance Company  Limited,624.9,629.0,613.0,,628.0,619.5,8.5,,4947.0,3080545.9,44.0,16.0,2.5604096655464876,1.3720742534301855,70012.40681818181,622.709904992925
2026-05-25T08:45:28+00:00,2026-05-25T14:30:28+05:45,2026-05-25,14:30:28,1779698728,0,8,14,nepse_official,OPEN,2026-05-25,MSHL,Mid Solu Hydropower Limited,695.0,707.0,686.0,,707.0,695.0,12.0,,702.0,490564.7,24.0,21.0,3.0215827338129495,1.7266187050359711,20440.195833333335,698.810113960114
2026-05-25T08:45:28+00:00,2026-05-25T14:30:28+05:45,2026-05-25,14:30:28,1779698728,0,8,14,nepse_official,OPEN,2026-05-25,MSLB,Mahuli Laghubitta Bittiya Sanstha Limited,1272.0,1272.0,1235.0,,1242.0,1240.0,2.0,,1440.0,1794640.0,35.0,37.0,2.908805031446541,0.16129032258064516,51275.42857142857,1246.2777777777778
2026-05-25T08:45:28+00:00,2026-05-25T14:30:28+05:45,2026-05-25,14:30:28,1779698728,0,8,14,nepse_official,OPEN,2026-05-25,NABBC,Narayani Development Bank Limited,930.0,968.0,930.0,,946.2,950.0,-3.7999999999999545,,3584.0,3413232.6,55.0,38.0,4.086021505376344,-0.39999999999999525,62058.774545454544,952.3528459821429
2026-05-25T08:45:28+00:00,2026-05-25T14:30:28+05:45,2026-05-25,14:30:28,1779698728,0,8,14,nepse_official,OPEN,2026-05-25,NABIL,Nabil Bank Limited,530.0,536.0,530.0,,535.0,530.0,5.0,,52791.0,28173368.6,528.0,6.0,1.1320754716981132,0.9433962264150944,53358.652651515156,533.6774942698567
2026-05-25T08:45:28+00:00,2026-05-25T14:30:28+05:45,2026-05-25,14:30:28,1779698728,0,8,14,nepse_official,OPEN,2026-05-25,NADEP,Nadep Laghubittiya bittya Sanstha Ltd.,741.0,763.2,735.4,,757.0,745.0,12.0,,940.0,698085.6,25.0,27.800000000000068,3.7516869095816556,1.6107382550335572,27923.424,742.6442553191489
2026-05-25T08:45:28+00:00,2026-05-25T14:30:28+05:45,2026-05-25,14:30:28,1779698728,0,8,14,nepse_official,OPEN,2026-05-25,NBF2,NABIL BALANCED FUND-2,9.95,10.1,9.9,,9.93,9.95,-0.019999999999999574,,5850.0,58943.5,5.0,0.1999999999999993,2.0100502512562746,-0.20100502512562388,11788.7,10.075811965811965
2026-05-25T08:45:28+00:00,2026-05-25T14:30:28+05:45,2026-05-25,14:30:28,1779698728,0,8,14,nepse_official,OPEN,2026-05-25,NBF3,Nabil Balanced Fund-3,9.95,9.96,9.95,,9.95,9.95,0.0,,4400.0,43792.0,24.0,0.010000000000001563,0.10050251256282978,0.0,1824.6666666666667,9.952727272727273
2026-05-25T08:45:28+00:00,2026-05-25T14:30:28+05:45,2026-05-25,14:30:28,1779698728,0,8,14,nepse_official,OPEN,2026-05-25,NBL,Nepal Bank Limited,252.1,276.0,252.1,,273.9,265.3,8.599999999999966,,121506.0,33014547.8,296.0,23.900000000000006,9.480364934549785,3.241613267998479,111535.63445945946,271.7112554112554
2026-05-25T08:45:28+00:00,2026-05-25T14:30:28+05:45,2026-05-25,14:30:28,1779698728,0,8,14,nepse_official,OPEN,2026-05-25,NBLD85,Nabil Debenture 2085,1079.5,1081.0,1079.5,,1081.0,1052.1,28.90000000000009,,50.0,54012.5,2.0,1.5,0.13895321908290875,2.7468871780249113,27006.25,1080.25
2026-05-25T08:45:28+00:00,2026-05-25T14:30:28+05:45,2026-05-25,14:30:28,1779698728,0,8,14,nepse_official,OPEN,2026-05-25,NBLD87,8.5% Nepal Bank Debenture 2087,1091.3,1091.3,1091.3,,1091.3,1125.0,-33.700000000000045,,25.0,27282.5,1.0,0.0,0.0,-2.9955555555555597,27282.5,1091.3
2026-05-25T08:45:28+00:00,2026-05-25T14:30:28+05:45,2026-05-25,14:30:28,1779698728,0,8,14,nepse_official,OPEN,2026-05-25,NESDO,NESDO Sambridha Laghubitta Bittiya Sanstha Limited,1535.1,1569.0,1535.0,,1555.0,1524.0,31.0,,1140.0,1766988.2,34.0,34.0,2.2148394241417497,2.0341207349081363,51970.24117647059,1549.989649122807
2026-05-25T08:45:28+00:00,2026-05-25T14:30:28+05:45,2026-05-25,14:30:28,1779698728,0,8,14,nepse_official,OPEN,2026-05-25,NFS,Nepal Finance Ltd.,584.0,584.0,570.0,,575.0,570.0,5.0,,8468.0,4862585.0,74.0,14.0,2.3972602739726026,0.8771929824561403,65710.6081081081,574.2306329711856
2026-05-25T08:45:28+00:00,2026-05-25T14:30:28+05:45,2026-05-25,14:30:28,1779698728,0,8,14,nepse_official,OPEN,2026-05-25,NGPL,Ngadi Group Power Ltd.,435.0,462.0,435.0,,459.2,451.5,7.699999999999989,,285930.0,130707405.9,769.0,27.0,6.206896551724138,1.7054263565891448,169970.6188556567,457.13078690588605
2026-05-25T08:45:28+00:00,2026-05-25T14:30:28+05:45,2026-05-25,14:30:28,1779698728,0,8,14,nepse_official,OPEN,2026-05-25,NHDL,Nepal Hydro Developers Ltd.,636.9,646.0,636.9,,644.0,636.9,7.100000000000023,,128.0,82036.6,13.0,9.100000000000023,1.4287957293138678,1.1147746899042272,6310.507692307693,640.9109375
2026-05-25T08:45:28+00:00,2026-05-25T14:30:28+05:45,2026-05-25,14:30:28,1779698728,0,8,14,nepse_official,OPEN,2026-05-25,NHPC,National Hydro Power Company Limited,309.7,309.7,295.0,,299.9,295.0,4.899999999999977,,380986.0,114487234.3,1016.0,14.699999999999989,4.746528898934449,1.6610169491525346,112684.28572834645,300.5024706944612
2026-05-25T08:45:28+00:00,2026-05-25T14:30:28+05:45,2026-05-25,14:30:28,1779698728,0,8,14,nepse_official,OPEN,2026-05-25,NIBD84,8.5% Nepal Investment Bank Debenture 2084,1052.1,1052.1,1052.1,,1052.1,1050.1,2.0,,25.0,26302.5,1.0,0.0,0.0,0.190458051614132,26302.5,1052.1
2026-05-25T08:45:28+00:00,2026-05-25T14:30:28+05:45,2026-05-25,14:30:28,1779698728,0,8,14,nepse_official,OPEN,2026-05-25,NIBLGF,NIBL Growth Fund,9.62,9.62,9.42,,9.5,9.91,-0.41000000000000014,,1000.0,9584.0,5.0,0.1999999999999993,2.079002079002072,-4.1372351160444,1916.8,9.584
2026-05-25T08:45:28+00:00,2026-05-25T14:30:28+05:45,2026-05-25,14:30:28,1779698728,0,8,14,nepse_official,OPEN,2026-05-25,NIBLSTF,NIBL Stable Fund,9.13,9.35,9.13,,9.32,9.29,0.030000000000001137,,2200.0,20196.0,11.0,0.21999999999999886,2.409638554216855,0.3229278794402706,1836.0,9.18
2026-05-25T08:45:28+00:00,2026-05-25T14:30:28+05:45,2026-05-25,14:30:28,1779698728,0,8,14,nepse_official,OPEN,2026-05-25,NIBSF2,NIBL Samriddhi Fund -2,9.14,9.41,9.14,,9.25,9.35,-0.09999999999999964,,4710.0,44022.5,12.0,0.2699999999999996,2.954048140043759,-1.0695187165775364,3668.5416666666665,9.34660297239915
2026-05-25T08:45:28+00:00,2026-05-25T14:30:28+05:45,2026-05-25,14:30:28,1779698728,0,8,14,nepse_official,OPEN,2026-05-25,NICA,NIC Asia Bank Ltd.,365.0,365.0,345.0,,355.0,352.5,2.5,,32494.0,11538043.7,198.0,20.0,5.47945205479452,0.7092198581560284,58272.94797979797,355.08228288299375
2026-05-25T08:45:28+00:00,2026-05-25T14:30:28+05:45,2026-05-25,14:30:28,1779698728,0,8,14,nepse_official,OPEN,2026-05-25,NICAD2091,7% NIC ASIA Debenture 2091,1053.6,1053.6,1053.6,,1053.6,1052.2,1.3999999999998636,,25.0,26340.0,1.0,0.0,0.0,0.1330545523664573,26340.0,1053.6
2026-05-25T08:45:28+00:00,2026-05-25T14:30:28+05:45,2026-05-25,14:30:28,1779698728,0,8,14,nepse_official,OPEN,2026-05-25,NICBF,NIC Asia Balanced Fund,9.68,9.68,9.68,,9.68,9.4,0.27999999999999936,,100.0,968.0,1.0,0.0,0.0,2.9787234042553123,968.0,9.68
2026-05-25T08:45:28+00:00,2026-05-25T14:30:28+05:45,2026-05-25,14:30:28,1779698728,0,8,14,nepse_official,OPEN,2026-05-25,NICD88,NIC ASIA Rinpatra 2088,1110.0,1110.0,1110.0,,1110.0,1078.0,32.0,,25.0,27750.0,1.0,0.0,0.0,2.9684601113172544,27750.0,1110.0
2026-05-25T08:45:28+00:00,2026-05-25T14:30:28+05:45,2026-05-25,14:30:28,1779698728,0,8,14,nepse_official,OPEN,2026-05-25,NICFC,NIC Asia Flexi CAP Fund,9.17,9.53,9.17,,9.35,9.4,-0.05000000000000071,,1800.0,16731.0,17.0,0.35999999999999943,3.925845147219187,-0.5319148936170288,984.1764705882352,9.295
2026-05-25T08:45:28+00:00,2026-05-25T14:30:28+05:45,2026-05-25,14:30:28,1779698728,0,8,14,nepse_official,OPEN,2026-05-25,NICGF2,NIC ASIA Growth Fund-2,9.92,9.92,9.4,,9.78,9.64,0.1399999999999988,,1500.0,14431.0,7.0,0.5199999999999996,5.2419354838709635,1.4522821576763358,2061.5714285714284,9.620666666666667
2026-05-25T08:45:28+00:00,2026-05-25T14:30:28+05:45,2026-05-25,14:30:28,1779698728,0,8,14,nepse_official,OPEN,2026-05-25,NICL,Nepal Insurance Co. Ltd.,500.0,507.0,497.0,,507.0,497.0,10.0,,8693.0,4375709.1,81.0,10.0,2.0,2.0120724346076457,54021.1,503.3600713217531
2026-05-25T08:45:28+00:00,2026-05-25T14:30:28+05:45,2026-05-25,14:30:28,1779698728,0,8,14,nepse_official,OPEN,2026-05-25,NICLBSL,NIC ASIA Laghubitta Bittiya Sanstha Limited,574.0,599.4,574.0,,590.0,574.0,16.0,,8112.0,4762813.4,156.0,25.399999999999977,4.425087108013933,2.7874564459930316,30530.85512820513,587.1318293885602
2026-05-25T08:45:28+00:00,2026-05-25T14:30:28+05:45,2026-05-25,14:30:28,1779698728,0,8,14,nepse_official,OPEN,2026-05-25,NICSF,NIC Asia Select Fund 30,9.39,9.39,9.11,,9.25,9.29,-0.03999999999999915,,1800.0,16567.0,8.0,0.28000000000000114,2.981895633652834,-0.4305705059203353,2070.875,9.203888888888889
2026-05-25T08:45:28+00:00,2026-05-25T14:30:28+05:45,2026-05-25,14:30:28,1779698728,0,8,14,nepse_official,OPEN,2026-05-25,NIFRA,Nepal Infrastructure Bank Limited,266.1,270.0,266.0,,267.2,266.8,0.39999999999997726,,86236.0,23191651.5,553.0,4.0,1.5031942878617062,0.14992503748125086,41937.8869801085,268.9323658332947
2026-05-25T08:45:28+00:00,2026-05-25T14:30:28+05:45,2026-05-25,14:30:28,1779698728,0,8,14,nepse_official,OPEN,2026-05-25,NIFRAGED,Nifra Green Energy Debenture 6% - 2088/89,1035.5,1040.1,1035.5,,1040.1,1035.3,4.7999999999999545,,75.0,77787.5,3.0,4.599999999999909,0.4442298406566788,0.4636337293538061,25929.166666666668,1037.1666666666667
2026-05-25T08:45:28+00:00,2026-05-25T14:30:28+05:45,2026-05-25,14:30:28,1779698728,0,8,14,nepse_official,OPEN,2026-05-25,NIL,Neco Insurance Limited,610.0,625.0,610.0,,625.0,614.0,11.0,,4080.0,2527732.0,48.0,15.0,2.459016393442623,1.7915309446254073,52661.083333333336,619.5421568627451
2026-05-25T08:45:28+00:00,2026-05-25T14:30:28+05:45,2026-05-25,14:30:28,1779698728,0,8,14,nepse_official,OPEN,2026-05-25,NIMB,Nepal Investment Mega Bank Limited,199.0,202.0,198.0,,201.7,198.0,3.6999999999999886,,121785.0,24406374.8,424.0,4.0,2.0100502512562812,1.868686868686863,57562.204716981134,200.40542595557747
2026-05-25T08:45:28+00:00,2026-05-25T14:30:28+05:45,2026-05-25,14:30:28,1779698728,0,8,14,nepse_official,OPEN,2026-05-25,NIMBPO,Nepal Investment Mega Bank Ltd. Promoter Share,151.5,152.0,151.5,,152.0,151.5,0.5,,218.0,33077.0,4.0,0.5,0.33003300330033003,0.33003300330033003,8269.25,151.72935779816513
2026-05-25T08:45:28+00:00,2026-05-25T14:30:28+05:45,2026-05-25,14:30:28,1779698728,0,8,14,nepse_official,OPEN,2026-05-25,NLG,NLG Insurance Company Ltd.,582.0,590.0,580.0,,583.0,575.0,8.0,,7702.0,4503957.1,48.0,10.0,1.718213058419244,1.391304347826087,93832.43958333333,584.7776032199429
2026-05-25T08:45:28+00:00,2026-05-25T14:30:28+05:45,2026-05-25,14:30:28,1779698728,0,8,14,nepse_official,OPEN,2026-05-25,NLIC,Nepal Life Insurance Co. Ltd.,770.0,779.8,765.0,,777.0,769.8,7.2000000000000455,,10212.0,7924548.2,142.0,14.799999999999955,1.9220779220779163,0.9353078721745968,55806.677464788736,776.003544849197
2026-05-25T08:45:28+00:00,2026-05-25T14:30:28+05:45,2026-05-25,14:30:28,1779698728,0,8,14,nepse_official,OPEN,2026-05-25,NLICL,National Life Insurance Co. Ltd.,595.8,595.8,586.2,,591.4,591.0,0.39999999999997726,,3336.0,1972681.0,29.0,9.599999999999909,1.6112789526686655,0.06768189509305876,68023.4827586207,591.3312350119904
2026-05-25T08:45:28+00:00,2026-05-25T14:30:28+05:45,2026-05-25,14:30:28,1779698728,0,8,14,nepse_official,OPEN,2026-05-25,NMB,NMB Bank Limited,248.0,251.0,247.0,,248.2,248.6,-0.4000000000000057,,16406.0,4083239.4,99.0,4.0,1.6129032258064515,-0.16090104585680035,41244.84242424242,248.88695599171035
2026-05-25T08:45:28+00:00,2026-05-25T14:30:28+05:45,2026-05-25,14:30:28,1779698728,0,8,14,nepse_official,OPEN,2026-05-25,NMBD87/88,NMB Debenture 8.50% - 2087/88,1090.5,1090.5,1090.5,,1090.5,1090.5,0.0,,25.0,27262.5,1.0,0.0,0.0,0.0,27262.5,1090.5
2026-05-25T08:45:28+00:00,2026-05-25T14:30:28+05:45,2026-05-25,14:30:28,1779698728,0,8,14,nepse_official,OPEN,2026-05-25,NMBHF2,NMB Hybrid Fund L- II,9.6,9.7,9.6,,9.7,9.67,0.02999999999999936,,21700.0,209816.0,15.0,0.09999999999999964,1.041666666666663,0.3102378490175735,13987.733333333334,9.668940092165899
2026-05-25T08:45:28+00:00,2026-05-25T14:30:28+05:45,2026-05-25,14:30:28,1779698728,0,8,14,nepse_official,OPEN,2026-05-25,NMBMF,NMB  Microfinance Bittiya Sanstha Ltd.,633.1,655.0,633.1,,655.0,632.0,23.0,,2292.0,1492267.5,28.0,21.899999999999977,3.4591691675880556,3.6392405063291138,53295.267857142855,651.0765706806283
2026-05-25T08:45:28+00:00,2026-05-25T14:30:28+05:45,2026-05-25,14:30:28,1779698728,0,8,14,nepse_official,OPEN,2026-05-25,NMFBS,National Laghubitta Bittiya Sanstha Limited,1117.0,1155.0,1117.0,,1145.0,1140.0,5.0,,6993.0,8001944.3,61.0,38.0,3.4019695613249774,0.43859649122807015,131179.41475409837,1144.2791791791792
2026-05-25T08:45:28+00:00,2026-05-25T14:30:28+05:45,2026-05-25,14:30:28,1779698728,0,8,14,nepse_official,OPEN,2026-05-25,NMIC,Nepal Micro Insurance Company Limited,1040.0,1059.8,1025.0,,1058.0,1025.0,33.0,,6144.0,6427477.6,155.0,34.799999999999955,3.346153846153842,3.2195121951219514,41467.59741935484,1046.1389322916666
2026-05-25T08:45:28+00:00,2026-05-25T14:30:28+05:45,2026-05-25,14:30:28,1779698728,0,8,14,nepse_official,OPEN,2026-05-25,NMLBBL,Nerude Mirmire Laghubitta Bittiya Sanstha Limited,571.0,593.9,571.0,,592.0,588.0,4.0,,3818.0,2253201.6,60.0,22.899999999999977,4.010507880910679,0.6802721088435374,37553.36,590.1523310633839
2026-05-25T08:45:28+00:00,2026-05-25T14:30:28+05:45,2026-05-25,14:30:28,1779698728,0,8,14,nepse_official,OPEN,2026-05-25,NRIC,Nepal Reinsurance Company Limited,914.1,924.7,911.0,,924.0,908.1,15.899999999999977,,8126.0,7475337.9,169.0,13.700000000000045,1.4987419319549333,1.7509084902543746,44232.768639053254,919.9283657396013
2026-05-25T08:45:28+00:00,2026-05-25T14:30:28+05:45,2026-05-25,14:30:28,1779698728,0,8,14,nepse_official,OPEN,2026-05-25,NRM,Nepal Republic Media Limited,345.9,388.0,345.9,,382.0,364.1,17.899999999999977,,34111.0,12895592.3,305.0,42.10000000000002,12.171147730557973,4.91623180444932,42280.630491803284,378.04791123098124
2026-05-25T08:45:28+00:00,2026-05-25T14:30:28+05:45,2026-05-25,14:30:28,1779698728,0,8,14,nepse_official,OPEN,2026-05-25,NRN,NRN Infrastructure and Development Limited,1425.0,1440.0,1387.0,,1411.0,1399.0,12.0,,46507.0,65927318.2,379.0,53.0,3.7192982456140355,0.8577555396711937,173950.70765171506,1417.5783903498398
2026-05-25T08:45:28+00:00,2026-05-25T14:30:28+05:45,2026-05-25,14:30:28,1779698728,0,8,14,nepse_official,OPEN,2026-05-25,NSIF2,NMB Sulav Investment Fund - 2,10.6,10.75,10.6,,10.72,10.75,-0.02999999999999936,,3100.0,33209.0,12.0,0.15000000000000036,1.4150943396226447,-0.2790697674418545,2767.4166666666665,10.71258064516129
2026-05-25T08:45:28+00:00,2026-05-25T14:30:28+05:45,2026-05-25,14:30:28,1779698728,0,8,14,nepse_official,OPEN,2026-05-25,NSY,Nepal Life Samriddhi Lagani Yojana,9.44,9.6,9.35,,9.6,9.68,-0.08000000000000007,,3070.0,29352.5,23.0,0.25,2.648305084745763,-0.8264462809917362,1276.195652173913,9.561074918566776
2026-05-25T08:45:28+00:00,2026-05-25T14:30:28+05:45,2026-05-25,14:30:28,1779698728,0,8,14,nepse_official,OPEN,2026-05-25,NTC,Nepal Doorsanchar Company Limited,890.0,899.9,888.5,,898.7,890.4,8.300000000000068,,13810.0,12389015.0,220.0,11.399999999999977,1.2808988764044917,0.9321653189577795,56313.704545454544,897.1046343229543
2026-05-25T08:45:28+00:00,2026-05-25T14:30:28+05:45,2026-05-25,14:30:28,1779698728,0,8,14,nepse_official,OPEN,2026-05-25,NUBL,Nirdhan Utthan Laghubitta Bittiya Sanstha Limited,665.0,665.0,656.0,,661.0,660.0,1.0,,2626.0,1733473.1,38.0,9.0,1.3533834586466165,0.15151515151515152,45617.71315789474,660.1192307692309
2026-05-25T08:45:28+00:00,2026-05-25T14:30:28+05:45,2026-05-25,14:30:28,1779698728,0,8,14,nepse_official,OPEN,2026-05-25,NWCL,Nepal Warehousing Company Limited ,803.0,818.9,803.0,,816.0,804.0,12.0,,1150.0,935699.5,50.0,15.899999999999977,1.9800747198007445,1.4925373134328357,18713.99,813.6517391304347
2026-05-25T08:45:28+00:00,2026-05-25T14:30:28+05:45,2026-05-25,14:30:28,1779698728,0,8,14,nepse_official,OPEN,2026-05-25,NYADI,Nyadi Hydropower Limited,399.9,401.0,391.0,,400.0,391.1,8.899999999999977,,4345.0,1732986.0,97.0,10.0,2.5006251562890722,2.275632830478133,17865.835051546394,398.84602991944763
2026-05-25T08:45:28+00:00,2026-05-25T14:30:28+05:45,2026-05-25,14:30:28,1779698728,0,8,14,nepse_official,OPEN,2026-05-25,OHL,Oriental Hotels Limited,708.0,712.0,700.0,,701.0,692.4,8.600000000000023,,2389.0,1678181.0,19.0,12.0,1.694915254237288,1.2420566146736023,88325.31578947368,702.4616994558393
2026-05-25T08:45:28+00:00,2026-05-25T14:30:28+05:45,2026-05-25,14:30:28,1779698728,0,8,14,nepse_official,OPEN,2026-05-25,OMPL,Om Megashree Pharmaceuticals Limited,1190.0,1210.0,1185.1,,1187.0,1180.0,7.0,,4565.0,5461092.1,145.0,24.90000000000009,2.0924369747899236,0.5932203389830508,37662.70413793103,1196.2961883899231
2026-05-25T08:45:28+00:00,2026-05-25T14:30:28+05:45,2026-05-25,14:30:28,1779698728,0,8,14,nepse_official,OPEN,2026-05-25,PBD84,10.15% Prime Debenture 2084,1140.0,1140.0,1140.0,,1140.0,1140.0,0.0,,35.0,39900.0,2.0,0.0,0.0,0.0,19950.0,1140.0
2026-05-25T08:45:28+00:00,2026-05-25T14:30:28+05:45,2026-05-25,14:30:28,1779698728,0,8,14,nepse_official,OPEN,2026-05-25,PBD85,8.75 % Prime Debenture 2085,1081.0,1081.0,1081.0,,1081.0,1080.0,1.0,,25.0,27025.0,1.0,0.0,0.0,0.0925925925925926,27025.0,1081.0
2026-05-25T08:45:28+00:00,2026-05-25T14:30:28+05:45,2026-05-25,14:30:28,1779698728,0,8,14,nepse_official,OPEN,2026-05-25,PBLD84,10% Prabhu Bank Debenture 2084 ,1085.1,1085.1,1085.1,,1085.1,1088.1,-3.0,,50.0,54255.0,2.0,0.0,0.0,-0.275709953129308,27127.5,1085.1
2026-05-25T08:45:28+00:00,2026-05-25T14:30:28+05:45,2026-05-25,14:30:28,1779698728,0,8,14,nepse_official,OPEN,2026-05-25,PCBL,Prime Commercial Bank Ltd.,240.5,244.7,239.0,,243.2,240.5,2.6999999999999886,,48915.0,11875241.8,169.0,5.699999999999989,2.3700623700623655,1.1226611226611178,70267.70295857989,242.7730103240315
2026-05-25T08:45:28+00:00,2026-05-25T14:30:28+05:45,2026-05-25,14:30:28,1779698728,0,8,14,nepse_official,OPEN,2026-05-25,PCIL,Palpa Cement Industries Limited,827.0,860.0,815.0,,855.9,827.0,28.899999999999977,,56874.0,48328534.6,2137.0,45.0,5.441354292623942,3.4945586457073734,22615.130837622837,849.7474170974435
2026-05-25T08:45:28+00:00,2026-05-25T14:30:28+05:45,2026-05-25,14:30:28,1779698728,0,8,14,nepse_official,OPEN,2026-05-25,PFL,Pokhara Finance Ltd.,379.0,379.0,370.0,,377.9,375.0,2.8999999999999773,,3249.0,1222433.2,41.0,9.0,2.3746701846965697,0.7733333333333272,29815.443902439023,376.24906124961524
2026-05-25T08:45:28+00:00,2026-05-25T14:30:28+05:45,2026-05-25,14:30:28,1779698728,0,8,14,nepse_official,OPEN,2026-05-25,PHCL,Peoples Hydropower Company Limited,308.0,315.0,308.0,,311.8,309.2,2.6000000000000227,,44509.0,13924640.9,283.0,7.0,2.272727272727273,0.8408796895213528,49203.678091872796,312.85000561684154
2026-05-25T08:45:28+00:00,2026-05-25T14:30:28+05:45,2026-05-25,14:30:28,1779698728,0,8,14,nepse_official,OPEN,2026-05-25,PMHPL,Panchakanya Mai Hydropower Ltd,343.9,352.0,343.0,,349.1,342.0,7.100000000000023,,15640.0,5444925.9,112.0,9.0,2.617039837161966,2.076023391812872,48615.40982142858,348.14104219948854
2026-05-25T08:45:28+00:00,2026-05-25T14:30:28+05:45,2026-05-25,14:30:28,1779698728,0,8,14,nepse_official,OPEN,2026-05-25,PMLI,Prabhu Mahalaxmi Life Insurance Limited,470.0,475.0,462.5,,471.0,470.0,1.0,,2625.0,1236178.5,101.0,12.5,2.6595744680851063,0.2127659574468085,12239.39108910891,470.9251428571429
2026-05-25T08:45:28+00:00,2026-05-25T14:30:28+05:45,2026-05-25,14:30:28,1779698728,0,8,14,nepse_official,OPEN,2026-05-25,PPCL,Panchthar Power Compant Limited,380.0,393.9,378.0,,392.0,380.0,12.0,,9922.0,3831956.8,73.0,15.899999999999977,4.184210526315783,3.1578947368421053,52492.55890410959,386.20810320499896
2026-05-25T08:45:28+00:00,2026-05-25T14:30:28+05:45,2026-05-25,14:30:28,1779698728,0,8,14,nepse_official,OPEN,2026-05-25,PPL,People's Power Limited,357.0,369.9,357.0,,366.0,354.0,12.0,,64542.0,23541749.2,358.0,12.899999999999977,3.613445378151254,3.389830508474576,65759.07597765363,364.75084751014845
2026-05-25T08:45:28+00:00,2026-05-25T14:30:28+05:45,2026-05-25,14:30:28,1779698728,0,8,14,nepse_official,OPEN,2026-05-25,PRIN,Prabhu Insurance Ltd.,669.9,669.9,656.0,,665.0,662.0,3.0,,3129.0,2083840.2,31.0,13.899999999999977,2.074936557695175,0.4531722054380665,67220.65161290322,665.976414189837
2026-05-25T08:45:28+00:00,2026-05-25T14:30:28+05:45,2026-05-25,14:30:28,1779698728,0,8,14,nepse_official,OPEN,2026-05-25,PROFL,Progressive Finance Limited,456.0,457.0,442.0,,442.3,444.0,-1.6999999999999886,,3192.0,1419703.0,24.0,15.0,3.289473684210526,-0.3828828828828803,59154.291666666664,444.76911027568923
2026-05-25T08:45:28+00:00,2026-05-25T14:30:28+05:45,2026-05-25,14:30:28,1779698728,0,8,14,nepse_official,OPEN,2026-05-25,PRSF,Prabhu Smart Fund,13.0,13.14,12.94,,12.94,12.95,-0.009999999999999787,,323100.0,4185451.4,20.0,0.20000000000000107,1.5384615384615468,-0.07722007722007558,209272.57,12.954043330238315
2026-05-25T08:45:28+00:00,2026-05-25T14:30:28+05:45,2026-05-25,14:30:28,1779698728,0,8,14,nepse_official,OPEN,2026-05-25,PRVU,Prabhu  Bank Limited,188.1,203.0,188.1,,202.9,198.0,4.900000000000006,,101831.0,20528841.2,448.0,14.900000000000006,7.92131844763424,2.4747474747474776,45823.30625,201.59716785654663
2026-05-25T08:45:28+00:00,2026-05-25T14:30:28+05:45,2026-05-25,14:30:28,1779698728,0,8,14,nepse_official,OPEN,2026-05-25,PSF,Prabhu Select Fund,12.01,12.2,12.01,,12.2,12.21,-0.010000000000001563,,56350.0,682668.0,14.0,0.1899999999999995,1.582014987510404,-0.08190008190009469,48762.0,12.114782608695652
2026-05-25T08:45:28+00:00,2026-05-25T14:30:28+05:45,2026-05-25,14:30:28,1779698728,0,8,14,nepse_official,OPEN,2026-05-25,PURE,Pure Energy Limited,1030.0,1030.0,991.2,,993.1,985.0,8.100000000000023,,17372.0,17424179.6,234.0,38.799999999999955,3.7669902912621316,0.8223350253807129,74462.305982906,1003.0036610637809
2026-05-25T08:45:28+00:00,2026-05-25T14:30:28+05:45,2026-05-25,14:30:28,1779698728,0,8,14,nepse_official,OPEN,2026-05-25,RADHI,Radhi Bidyut Company Ltd,785.0,805.0,780.0,,802.0,783.0,19.0,,57673.0,45938149.9,249.0,25.0,3.1847133757961785,2.4265644955300125,184490.56184738956,796.527836249198
2026-05-25T08:45:28+00:00,2026-05-25T14:30:28+05:45,2026-05-25,14:30:28,1779698728,0,8,14,nepse_official,OPEN,2026-05-25,RAWA,Rawa Energy Development Limited,613.0,613.0,575.0,,590.0,584.0,6.0,,2354.0,1358215.5,40.0,38.0,6.199021207177815,1.0273972602739725,33955.3875,576.981945624469
2026-05-25T08:45:28+00:00,2026-05-25T14:30:28+05:45,2026-05-25,14:30:28,1779698728,0,8,14,nepse_official,OPEN,2026-05-25,RBBD2088,7% RBBL Debenture 2088,1056.7,1067.0,1056.7,,1067.0,1085.3,-18.299999999999955,,50.0,53092.5,2.0,10.299999999999955,0.9747326582757598,-1.6861697226573256,26546.25,1061.85
2026-05-25T08:45:28+00:00,2026-05-25T14:30:28+05:45,2026-05-25,14:30:28,1779698728,0,8,14,nepse_official,OPEN,2026-05-25,RBBF40,RBB Focus 40,9.33,9.69,9.33,,9.41,9.45,-0.03999999999999915,,2100.0,19837.0,12.0,0.35999999999999943,3.8585209003215373,-0.42328042328041426,1653.0833333333333,9.446190476190477
2026-05-25T08:45:28+00:00,2026-05-25T14:30:28+05:45,2026-05-25,14:30:28,1779698728,0,8,14,nepse_official,OPEN,2026-05-25,RBCL,Rastriya Beema Company Limited,14994.0,15292.9,14994.0,,15292.9,14931.0,361.89999999999964,,70.0,1058719.0,6.0,298.89999999999964,1.993464052287579,2.4238162212845733,176453.16666666666,15124.557142857142
2026-05-25T08:45:28+00:00,2026-05-25T14:30:28+05:45,2026-05-25,14:30:28,1779698728,0,8,14,nepse_official,OPEN,2026-05-25,RFPL,River Falls Power Limited,360.0,382.9,360.0,,381.4,376.2,5.199999999999989,,24111.0,9185772.5,205.0,22.899999999999977,6.3611111111111045,1.3822434875066423,44808.64634146341,380.97849529260503
2026-05-25T08:45:28+00:00,2026-05-25T14:30:28+05:45,2026-05-25,14:30:28,1779698728,0,8,14,nepse_official,OPEN,2026-05-25,RHGCL,Rapti Hydro And General Construction Limited,295.1,306.9,291.0,,306.0,298.0,8.0,,42392.0,12849821.8,236.0,15.899999999999977,5.388004066418155,2.684563758389262,54448.39745762712,303.1190271749387
2026-05-25T08:45:28+00:00,2026-05-25T14:30:28+05:45,2026-05-25,14:30:28,1779698728,0,8,14,nepse_official,OPEN,2026-05-25,RHPL,RASUWAGADHI HYDROPOWER COMPANY LIMITED,279.0,285.0,278.0,,283.1,279.0,4.100000000000023,,18137.0,5123604.9,159.0,7.0,2.5089605734767026,1.4695340501792196,32223.93018867925,282.49461873518226
2026-05-25T08:45:28+00:00,2026-05-25T14:30:28+05:45,2026-05-25,14:30:28,1779698728,0,8,14,nepse_official,OPEN,2026-05-25,RIDI,Ridi Power Company Limited,368.0,378.1,365.1,,372.9,366.7,6.199999999999989,,565987.0,211542970.5,1246.0,13.0,3.532608695652174,1.6907553858740085,169777.66492776887,373.75941585230754
2026-05-25T08:45:28+00:00,2026-05-25T14:30:28+05:45,2026-05-25,14:30:28,1779698728,0,8,14,nepse_official,OPEN,2026-05-25,RLEL,Ridge Line Energy Limited,1026.0,1098.0,1026.0,,1086.0,1026.9,59.09999999999991,,23596.0,25489281.1,676.0,72.0,7.017543859649122,5.7551855097867275,37706.037130177516,1080.23737497881
2026-05-25T08:45:28+00:00,2026-05-25T14:30:28+05:45,2026-05-25,14:30:28,1779698728,0,8,14,nepse_official,OPEN,2026-05-25,RLFL,Reliance Finance Ltd.,430.0,447.0,430.0,,445.0,438.9,6.100000000000023,,15536.0,6899688.0,74.0,17.0,3.953488372093023,1.3898382319435003,93239.02702702703,444.1096807415036
2026-05-25T08:45:28+00:00,2026-05-25T14:30:28+05:45,2026-05-25,14:30:28,1779698728,0,8,14,nepse_official,OPEN,2026-05-25,RMF1,RBB Mutual Fund 1,9.85,10.0,9.85,,9.88,10.0,-0.11999999999999922,,3200.0,31774.0,8.0,0.15000000000000036,1.5228426395939123,-1.1999999999999922,3971.75,9.929375
2026-05-25T08:45:28+00:00,2026-05-25T14:30:28+05:45,2026-05-25,14:30:28,1779698728,0,8,14,nepse_official,OPEN,2026-05-25,RMF2,RBB Mutual Fund 2,10.2,10.2,10.2,,10.2,10.5,-0.3000000000000007,,2700.0,27540.0,4.0,0.0,0.0,-2.857142857142864,6885.0,10.2
2026-05-25T08:45:28+00:00,2026-05-25T14:30:28+05:45,2026-05-25,14:30:28,1779698728,0,8,14,nepse_official,OPEN,2026-05-25,RNLI,Reliable Nepal Life Insurance Limited,466.0,470.0,461.0,,469.3,465.0,4.300000000000011,,30381.0,14251776.4,256.0,9.0,1.9313304721030045,0.9247311827957013,55671.0015625,469.1016227247293
2026-05-25T08:45:28+00:00,2026-05-25T14:30:28+05:45,2026-05-25,14:30:28,1779698728,0,8,14,nepse_official,OPEN,2026-05-25,RSDC,RSDC Laghubitta Bittiya Sanstha Ltd.,674.0,680.0,665.0,,673.5,667.8,5.7000000000000455,,3791.0,2557848.8,35.0,15.0,2.225519287833828,0.8535489667565208,73081.39428571428,674.7161171194934
2026-05-25T08:45:28+00:00,2026-05-25T14:30:28+05:45,2026-05-25,14:30:28,1779698728,0,8,14,nepse_official,OPEN,2026-05-25,RSML,Reliance Spinning Mills Limited,3700.0,3850.0,3700.0,,3834.0,3730.0,104.0,,29211.0,110741393.4,766.0,150.0,4.054054054054054,2.788203753351206,144571.00966057443,3791.085324021773
2026-05-25T08:45:28+00:00,2026-05-25T14:30:28+05:45,2026-05-25,14:30:28,1779698728,0,8,14,nepse_official,OPEN,2026-05-25,RSY,Reliable Samriddhi Yojana,10.04,10.45,10.04,,10.15,10.35,-0.1999999999999993,,14000.0,141464.0,34.0,0.41000000000000014,4.08366533864542,-1.9323671497584474,4160.705882352941,10.104571428571429
2026-05-25T08:45:28+00:00,2026-05-25T14:30:28+05:45,2026-05-25,14:30:28,1779698728,0,8,14,nepse_official,OPEN,2026-05-25,RURU,Ru Ru Jalbidhyut Pariyojana Limited,670.0,670.0,655.0,,660.2,660.0,0.20000000000004547,,5208.0,3459694.9,36.0,15.0,2.2388059701492535,0.030303030303037194,96102.6361111111,664.30393625192
2026-05-25T08:45:28+00:00,2026-05-25T14:30:28+05:45,2026-05-25,14:30:28,1779698728,0,8,14,nepse_official,OPEN,2026-05-25,SABBL,Salapa Bikas Bank Limited,1250.0,1285.0,1242.1,,1275.0,1247.0,28.0,,8805.0,11216057.4,326.0,42.90000000000009,3.4320000000000075,2.245388933440257,34405.08404907976,1273.8282112436116
2026-05-25T08:45:28+00:00,2026-05-25T14:30:28+05:45,2026-05-25,14:30:28,1779698728,0,8,14,nepse_official,OPEN,2026-05-25,SADBL,Shangrila Development Bank Ltd.,416.0,421.5,416.0,,420.9,416.0,4.899999999999977,,17364.0,7282619.1,78.0,5.5,1.3221153846153846,1.17788461538461,93366.91153846153,419.40907049067033
2026-05-25T08:45:28+00:00,2026-05-25T14:30:28+05:45,2026-05-25,14:30:28,1779698728,0,8,14,nepse_official,OPEN,2026-05-25,SAGAR,Sagar Distillery Limited,1722.0,1757.0,1722.0,,1742.2,1717.0,25.200000000000045,,6106.0,10641231.9,176.0,35.0,2.0325203252032518,1.4676761793826467,60461.54488636364,1742.7500655093352
2026-05-25T08:45:28+00:00,2026-05-25T14:30:28+05:45,2026-05-25,14:30:28,1779698728,0,8,14,nepse_official,OPEN,2026-05-25,SAGF,Sanima Growth Fund,10.15,10.2,10.15,,10.2,10.2,0.0,,1400.0,14229.0,8.0,0.049999999999998934,0.49261083743841316,0.0,1778.625,10.163571428571428
2026-05-25T08:45:28+00:00,2026-05-25T14:30:28+05:45,2026-05-25,14:30:28,1779698728,0,8,14,nepse_official,OPEN,2026-05-25,SAHAS,Sahas Urja Limited,664.0,679.9,664.0,,675.2,664.0,11.200000000000045,,182222.0,122190507.8,944.0,15.899999999999977,2.3945783132530085,1.6867469879518142,129439.0972457627,670.5584825103446
2026-05-25T08:45:28+00:00,2026-05-25T14:30:28+05:45,2026-05-25,14:30:28,1779698728,0,8,14,nepse_official,OPEN,2026-05-25,SAIL,Shreenagar Agritech Industries Limited,1148.0,1173.0,1148.0,,1156.8,1148.0,8.799999999999955,,20689.0,24004400.6,377.0,25.0,2.177700348432056,0.7665505226480797,63672.150132626,1160.2494368988353
2026-05-25T08:45:28+00:00,2026-05-25T14:30:28+05:45,2026-05-25,14:30:28,1779698728,0,8,14,nepse_official,OPEN,2026-05-25,SALICO,Sagarmatha Lumbini Insurance Co. Limited,595.0,611.0,593.0,,595.0,590.0,5.0,,8554.0,5094191.2,43.0,18.0,3.0252100840336134,0.847457627118644,118469.56279069767,595.533224222586
2026-05-25T08:45:28+00:00,2026-05-25T14:30:28+05:45,2026-05-25,14:30:28,1779698728,0,8,14,nepse_official,OPEN,2026-05-25,SAND2085,10% Sanima Bank Limited Debenture,1124.0,1124.0,1124.0,,1124.0,1124.0,0.0,,3.0,3372.9,1.0,0.0,0.0,0.0,3372.9,1124.3
2026-05-25T08:45:28+00:00,2026-05-25T14:30:28+05:45,2026-05-25,14:30:28,1779698728,0,8,14,nepse_official,OPEN,2026-05-25,SANIMA,Sanima Bank Limited,370.0,387.5,365.6,,368.0,365.5,2.5,,120390.0,44798132.2,264.0,21.899999999999977,5.918918918918912,0.6839945280437756,169689.8946969697,372.1084159813938
2026-05-25T08:45:28+00:00,2026-05-25T14:30:28+05:45,2026-05-25,14:30:28,1779698728,0,8,14,nepse_official,OPEN,2026-05-25,SANVI,Sanvi Energy Limited,702.1,760.0,702.1,,741.5,739.0,2.5,,26436.0,19739026.4,393.0,57.89999999999998,8.246688505910836,0.3382949932341001,50226.530279898216,746.6722045695263
2026-05-25T08:45:28+00:00,2026-05-25T14:30:28+05:45,2026-05-25,14:30:28,1779698728,0,8,14,nepse_official,OPEN,2026-05-25,SAPDBL,Saptakoshi Development Bank Ltd,795.0,814.9,795.0,,802.0,802.9,-0.8999999999999773,,15642.0,12570401.3,146.0,19.899999999999977,2.5031446540880475,-0.11209366048075442,86098.6390410959,803.6313323104463
2026-05-25T08:45:28+00:00,2026-05-25T14:30:28+05:45,2026-05-25,14:30:28,1779698728,0,8,14,nepse_official,OPEN,2026-05-25,SARBTM,Sarbottam Cement Limited,858.8,869.9,858.1,,867.0,855.0,12.0,,8468.0,7304796.7,113.0,11.799999999999955,1.374010246856073,1.4035087719298245,64644.2185840708,862.6354156825697
2026-05-25T08:45:28+00:00,2026-05-25T14:30:28+05:45,2026-05-25,14:30:28,1779698728,0,8,14,nepse_official,OPEN,2026-05-25,SBCF,Sunrise Bluechip Fund,9.65,9.7,9.65,,9.7,9.9,-0.20000000000000107,,2700.0,26106.0,5.0,0.049999999999998934,0.5181347150258957,-2.020202020202031,5221.2,9.668888888888889
2026-05-25T08:45:28+00:00,2026-05-25T14:30:28+05:45,2026-05-25,14:30:28,1779698728,0,8,14,nepse_official,OPEN,2026-05-25,SBI,Nepal SBI Bank Limited,396.0,404.0,396.0,,401.6,405.0,-3.3999999999999773,,8664.0,3473675.8,58.0,8.0,2.0202020202020203,-0.8395061728395006,59890.96206896551,400.93210987996304
2026-05-25T08:45:28+00:00,2026-05-25T14:30:28+05:45,2026-05-25,14:30:28,1779698728,0,8,14,nepse_official,OPEN,2026-05-25,SBID83,10.25% Nepal SBI Bank Debenture 2083,1065.3,1065.4,1063.0,,1065.0,1065.0,0.0,,911.0,969901.0,22.0,2.400000000000091,0.22528865108421017,0.0,44086.40909090909,1064.655323819978
2026-05-25T08:45:28+00:00,2026-05-25T14:30:28+05:45,2026-05-25,14:30:28,1779698728,0,8,14,nepse_official,OPEN,2026-05-25,SBL,Siddhartha Bank Limited,402.0,403.0,399.0,,399.1,400.9,-1.7999999999999545,,81408.0,32629043.5,188.0,4.0,0.9950248756218906,-0.4489897730107145,173558.7420212766,400.80880871658803
2026-05-25T08:45:28+00:00,2026-05-25T14:30:28+05:45,2026-05-25,14:30:28,1779698728,0,8,14,nepse_official,OPEN,2026-05-25,SCB,Standard Chartered Bank Limited,664.3,664.3,653.1,,657.0,653.2,3.7999999999999545,,10330.0,6771110.1,80.0,11.199999999999932,1.685985247629073,0.5817513778322037,84638.87625,655.4801645692158
2026-05-25T08:45:28+00:00,2026-05-25T14:30:28+05:45,2026-05-25,14:30:28,1779698728,0,8,14,nepse_official,OPEN,2026-05-25,SEF,Siddhartha Equity Fund,10.11,10.11,10.11,,10.11,10.4,-0.2900000000000009,,3200.0,32352.0,5.0,0.0,0.0,-2.788461538461547,6470.4,10.11
2026-05-25T08:45:28+00:00,2026-05-25T14:30:28+05:45,2026-05-25,14:30:28,1779698728,0,8,14,nepse_official,OPEN,2026-05-25,SFCL,Samriddhi Finance Company Limited,371.0,380.5,367.3,,380.0,370.0,10.0,,12264.0,4612810.9,63.0,13.199999999999989,3.557951482479781,2.7027027027027026,73219.22063492064,376.12613339856495
2026-05-25T08:45:28+00:00,2026-05-25T14:30:28+05:45,2026-05-25,14:30:28,1779698728,0,8,14,nepse_official,OPEN,2026-05-25,SFEF,Sunrise Focused Equity Fund,10.13,10.3,10.13,,10.14,10.13,0.009999999999999787,,2500.0,25419.0,9.0,0.16999999999999993,1.6781836130306014,0.09871668311944508,2824.3333333333335,10.1676
2026-05-25T08:45:28+00:00,2026-05-25T14:30:28+05:45,2026-05-25,14:30:28,1779698728,0,8,14,nepse_official,OPEN,2026-05-25,SGHC,Swet-Ganga Hydropower & Construction Limited ,382.0,385.0,372.0,,382.6,380.0,2.6000000000000227,,7795.0,2974404.0,88.0,13.0,3.4031413612565444,0.6842105263157955,33800.045454545456,381.5784477228993
2026-05-25T08:45:28+00:00,2026-05-25T14:30:28+05:45,2026-05-25,14:30:28,1779698728,0,8,14,nepse_official,OPEN,2026-05-25,SGIC,Sanima GIC Insurance Limited,471.0,471.0,461.0,,466.5,464.0,2.5,,5064.0,2366643.2,69.0,10.0,2.1231422505307855,0.5387931034482759,34299.1768115942,467.34660347551346
2026-05-25T08:45:28+00:00,2026-05-25T14:30:28+05:45,2026-05-25,14:30:28,1779698728,0,8,14,nepse_official,OPEN,2026-05-25,SHEL,Singati Hydro Energy Limited,315.0,325.0,315.0,,324.0,318.0,6.0,,165819.0,53417037.1,465.0,10.0,3.1746031746031744,1.8867924528301887,114875.34860215054,322.14062984338346
2026-05-25T08:45:28+00:00,2026-05-25T14:30:28+05:45,2026-05-25,14:30:28,1779698728,0,8,14,nepse_official,OPEN,2026-05-25,SHINE,Shine Resunga Development Bank Ltd.,414.9,415.9,412.5,,415.6,412.0,3.6000000000000227,,12118.0,5020519.1,74.0,3.3999999999999773,0.8194745721860636,0.8737864077669959,67844.8527027027,414.3026159432249
2026-05-25T08:45:28+00:00,2026-05-25T14:30:28+05:45,2026-05-25,14:30:28,1779698728,0,8,14,nepse_official,OPEN,2026-05-25,SHIVM,SHIVAM CEMENTS LTD,684.0,695.0,684.0,,692.0,686.9,5.100000000000023,,127738.0,88300618.7,577.0,11.0,1.608187134502924,0.7424661522783553,153034.00121317158,691.2635135981462
2026-05-25T08:45:28+00:00,2026-05-25T14:30:28+05:45,2026-05-25,14:30:28,1779698728,0,8,14,nepse_official,OPEN,2026-05-25,SHL,Soaltee Hotel Limited,501.5,509.0,500.0,,500.0,500.1,-0.10000000000002274,,27302.0,13764694.7,70.0,9.0,1.794616151545364,-0.019996000799844576,196638.4957142857,504.1643359460845
2026-05-25T08:45:28+00:00,2026-05-25T14:30:28+05:45,2026-05-25,14:30:28,1779698728,0,8,14,nepse_official,OPEN,2026-05-25,SHLB,Shrijanshil Laghubitta Bittiya Sanstha Limited,1480.0,1480.0,1465.0,,1465.1,1470.0,-4.900000000000091,,30.0,44101.0,3.0,15.0,1.0135135135135136,-0.33333333333333953,14700.333333333334,1470.0333333333333
2026-05-25T08:45:28+00:00,2026-05-25T14:30:28+05:45,2026-05-25,14:30:28,1779698728,0,8,14,nepse_official,OPEN,2026-05-25,SHPC,Sanima Mai Hydropower Ltd.,533.0,533.0,521.0,,526.0,521.7,4.2999999999999545,,48595.0,25536622.3,170.0,12.0,2.25140712945591,0.8242284838029431,150215.42529411765,525.4989669719107
2026-05-25T08:45:28+00:00,2026-05-25T14:30:28+05:45,2026-05-25,14:30:28,1779698728,0,8,14,nepse_official,OPEN,2026-05-25,SICL,Shikhar Insurance Co. Ltd.,624.0,624.0,613.0,,617.0,617.8,-0.7999999999999545,,6519.0,4037674.2,61.0,11.0,1.7628205128205128,-0.1294917449012552,66191.38032786886,619.3701794753797
2026-05-25T08:45:28+00:00,2026-05-25T14:30:28+05:45,2026-05-25,14:30:28,1779698728,0,8,14,nepse_official,OPEN,2026-05-25,SIFC,Shree Investment Finance Co. Ltd.,540.0,548.0,535.3,,545.8,541.0,4.7999999999999545,,3009.0,1628369.6,45.0,12.700000000000045,2.35185185185186,0.8872458410351117,36185.991111111114,541.1663675639747
2026-05-25T08:45:28+00:00,2026-05-25T14:30:28+05:45,2026-05-25,14:30:28,1779698728,0,8,14,nepse_official,OPEN,2026-05-25,SIGS2,Siddhartha Investment Growth Scheme - 2,10.5,10.5,10.5,,10.5,10.82,-0.3200000000000003,,1000.0,10500.0,1.0,0.0,0.0,-2.957486136783736,10500.0,10.5
2026-05-25T08:45:28+00:00,2026-05-25T14:30:28+05:45,2026-05-25,14:30:28,1779698728,0,8,14,nepse_official,OPEN,2026-05-25,SIGS3,Siddhartha Investment Growth Scheme 3,10.66,10.8,10.66,,10.8,10.86,-0.05999999999999872,,1200.0,12918.0,8.0,0.14000000000000057,1.3133208255159527,-0.5524861878452921,1614.75,10.765
2026-05-25T08:45:28+00:00,2026-05-25T14:30:28+05:45,2026-05-25,14:30:28,1779698728,0,8,14,nepse_official,OPEN,2026-05-25,SIKLES,Sikles Hydropower Limited,605.0,605.0,600.0,,604.5,600.0,4.5,,10276.0,6186013.0,95.0,5.0,0.8264462809917356,0.75,65115.926315789475,601.9864733359284
2026-05-25T08:45:28+00:00,2026-05-25T14:30:28+05:45,2026-05-25,14:30:28,1779698728,0,8,14,nepse_official,OPEN,2026-05-25,SINDU,Sindhu Bikash Bank Ltd,713.1,730.0,713.1,,725.1,720.0,5.100000000000023,,4172.0,3031283.4,73.0,16.899999999999977,2.3699340905903767,0.7083333333333365,41524.4301369863,726.5779961649089
2026-05-25T08:45:28+00:00,2026-05-25T14:30:28+05:45,2026-05-25,14:30:28,1779698728,0,8,14,nepse_official,OPEN,2026-05-25,SIPD,Shikhar power Development Limited,815.0,860.0,810.0,,847.6,815.0,32.60000000000002,,37487.0,31666787.6,1288.0,50.0,6.134969325153374,4.000000000000003,24586.015217391305,844.7405127110732
2026-05-25T08:45:28+00:00,2026-05-25T14:30:28+05:45,2026-05-25,14:30:28,1779698728,0,8,14,nepse_official,OPEN,2026-05-25,SJCL,SANJEN JALAVIDHYUT COMPANY LIMITED,302.0,312.6,302.0,,305.0,306.9,-1.8999999999999773,,63295.0,19322374.0,151.0,10.600000000000023,3.5099337748344444,-0.6190941674812569,127962.7417218543,305.27488743186666
2026-05-25T08:45:28+00:00,2026-05-25T14:30:28+05:45,2026-05-25,14:30:28,1779698728,0,8,14,nepse_official,OPEN,2026-05-25,SJLIC,SuryaJyoti Life Insurance Company Limited,429.0,438.0,429.0,,435.0,431.0,4.0,,11515.0,4998842.9,162.0,9.0,2.097902097902098,0.9280742459396751,30857.05493827161,434.11575336517586
2026-05-25T08:45:28+00:00,2026-05-25T14:30:28+05:45,2026-05-25,14:30:28,1779698728,0,8,14,nepse_official,OPEN,2026-05-25,SKBBL,Sana Kisan Bikas Laghubitta Bittiya Sanstha Limited,791.0,791.0,769.0,,771.0,765.0,6.0,,19042.0,14846514.3,115.0,22.0,2.781289506953224,0.7843137254901961,129100.12434782609,779.6720039911775
2026-05-25T08:45:28+00:00,2026-05-25T14:30:28+05:45,2026-05-25,14:30:28,1779698728,0,8,14,nepse_official,OPEN,2026-05-25,SKHEL,Suryakunda Hydro Electric Limited,1290.0,1348.7,1278.0,,1318.1,1278.0,40.09999999999991,,16572.0,21956592.0,386.0,70.70000000000005,5.480620155038763,3.137715179968694,56882.362694300515,1324.9210716871833
2026-05-25T08:45:28+00:00,2026-05-25T14:30:28+05:45,2026-05-25,14:30:28,1779698728,0,8,14,nepse_official,OPEN,2026-05-25,SKHL,Super Khudi Hydropower Limited,970.0,1040.3,955.0,,1026.6,950.0,76.59999999999991,,53807.0,54321913.0,1200.0,85.29999999999995,8.793814432989686,8.063157894736833,45268.260833333334,1009.5696284869998
2026-05-25T08:45:28+00:00,2026-05-25T14:30:28+05:45,2026-05-25,14:30:28,1779698728,0,8,14,nepse_official,OPEN,2026-05-25,SLBBL,Swarojgar Laghubitta Bittiya Sanstha Ltd.,825.0,836.4,821.1,,831.0,822.7,8.299999999999955,,5072.0,4217674.8,76.0,15.299999999999955,1.854545454545449,1.0088732223167565,55495.721052631576,831.5604889589905
2026-05-25T08:45:28+00:00,2026-05-25T14:30:28+05:45,2026-05-25,14:30:28,1779698728,0,8,14,nepse_official,OPEN,2026-05-25,SLBSL,Samudayik Laghubitta Bittiya Sanstha Limited,1180.0,1205.0,1180.0,,1188.0,1180.0,8.0,,1014.0,1210545.0,18.0,25.0,2.11864406779661,0.6779661016949152,67252.5,1193.8313609467455
2026-05-25T08:45:28+00:00,2026-05-25T14:30:28+05:45,2026-05-25,14:30:28,1779698728,0,8,14,nepse_official,OPEN,2026-05-25,SLCF,Sanima Large Cap Fund,10.3,10.3,10.01,,10.02,10.0,0.019999999999999574,,3000.0,30099.0,11.0,0.2900000000000009,2.8155339805825332,0.19999999999999576,2736.2727272727275,10.033
2026-05-25T08:45:28+00:00,2026-05-25T14:30:28+05:45,2026-05-25,14:30:28,1779698728,0,8,14,nepse_official,OPEN,2026-05-25,SMATA,Samata Gharelu Laghubitta Bittiya Sanstha Limited,770.0,775.0,765.0,,772.0,770.0,2.0,,4892.0,3781425.3,53.0,10.0,1.2987012987012987,0.2597402597402597,71347.64716981132,772.9814595257563
2026-05-25T08:45:28+00:00,2026-05-25T14:30:28+05:45,2026-05-25,14:30:28,1779698728,0,8,14,nepse_official,OPEN,2026-05-25,SMB,Support Microfinance Bittiya Sanstha Ltd.,1788.0,1790.0,1751.0,,1762.1,1741.0,21.09999999999991,,574.0,1013743.2,29.0,39.0,2.1812080536912752,1.211947156806428,34956.66206896552,1766.1031358885016
2026-05-25T08:45:28+00:00,2026-05-25T14:30:28+05:45,2026-05-25,14:30:28,1779698728,0,8,14,nepse_official,OPEN,2026-05-25,SMFBS,Swabhimaan Laghubitta Bittiya Sanstha Limited,1513.3,1525.1,1502.0,,1514.0,1535.0,-21.0,,1458.0,2207926.2,28.0,23.09999999999991,1.5264653406462638,-1.3680781758957654,78854.50714285715,1514.3526748971194
2026-05-25T08:45:28+00:00,2026-05-25T14:30:28+05:45,2026-05-25,14:30:28,1779698728,0,8,14,nepse_official,OPEN,2026-05-25,SMH,Super Mai Hydropower Limited,594.0,600.0,585.2,,598.5,594.0,4.5,,7768.0,4642396.4,63.0,14.799999999999955,2.491582491582484,0.7575757575757576,73688.83174603175,597.6308444902163
2026-05-25T08:45:28+00:00,2026-05-25T14:30:28+05:45,2026-05-25,14:30:28,1779698728,0,8,14,nepse_official,OPEN,2026-05-25,SMHL,Super Madi Hydropower Limited,500.1,508.0,500.1,,505.8,499.0,6.800000000000011,,30898.0,15632110.3,238.0,7.899999999999977,1.579684063187358,1.3627254509018059,65681.13571428572,505.92628325457963
2026-05-25T08:45:28+00:00,2026-05-25T14:30:28+05:45,2026-05-25,14:30:28,1779698728,0,8,14,nepse_official,OPEN,2026-05-25,SMJC,Sagarmatha Jalabidhyut Company Limited,463.6,499.0,463.6,,489.0,487.9,1.1000000000000227,,52901.0,25903059.6,258.0,35.39999999999998,7.63589301121656,0.22545603607297043,100399.4558139535,489.6516058297575
2026-05-25T08:45:28+00:00,2026-05-25T14:30:28+05:45,2026-05-25,14:30:28,1779698728,0,8,14,nepse_official,OPEN,2026-05-25,SMPDA,Sampada Laghubitta Bittiya Sanstha Limited,838.0,854.0,838.0,,842.1,838.0,4.100000000000023,,1596.0,1347136.7,31.0,16.0,1.9093078758949882,0.48926014319809347,43456.022580645156,844.0706140350877
2026-05-25T08:45:28+00:00,2026-05-25T14:30:28+05:45,2026-05-25,14:30:28,1779698728,0,8,14,nepse_official,OPEN,2026-05-25,SNLI,Sun Nepal Life Insurance Company Limited,455.0,455.0,447.5,,452.0,447.0,5.0,,19560.0,8809160.0,305.0,7.5,1.6483516483516485,1.1185682326621924,28882.491803278688,450.36605316973413
2026-05-25T08:45:28+00:00,2026-05-25T14:30:28+05:45,2026-05-25,14:30:28,1779698728,0,8,14,nepse_official,OPEN,2026-05-25,SOHL,Solu Hydropower Limited,685.0,711.0,685.0,,700.4,688.0,12.399999999999977,,135640.0,95229864.7,2397.0,26.0,3.795620437956204,1.8023255813953456,39728.77125573634,702.0780352403422
2026-05-25T08:45:28+00:00,2026-05-25T14:30:28+05:45,2026-05-25,14:30:28,1779698728,0,8,14,nepse_official,OPEN,2026-05-25,SONA,Sonapur Minerals And Oil Limited,475.0,475.0,455.1,,466.0,462.0,4.0,,45200.0,21016019.0,340.0,19.899999999999977,4.189473684210522,0.8658008658008658,61811.82058823529,464.95617256637166
2026-05-25T08:45:28+00:00,2026-05-25T14:30:28+05:45,2026-05-25,14:30:28,1779698728,0,8,14,nepse_official,OPEN,2026-05-25,SPC,Samling Power Company Limited,455.2,478.5,455.2,,469.1,458.2,10.900000000000034,,3924.0,1846092.7,59.0,23.30000000000001,5.118629173989458,2.378873854212142,31289.706779661017,470.46195208970437
2026-05-25T08:45:28+00:00,2026-05-25T14:30:28+05:45,2026-05-25,14:30:28,1779698728,0,8,14,nepse_official,OPEN,2026-05-25,SPDL,Synergy Power Development Ltd.,427.0,427.0,408.4,,411.0,407.0,4.0,,46142.0,18933253.7,121.0,18.600000000000023,4.355971896955508,0.9828009828009828,156473.17107438017,410.32581379220665
2026-05-25T08:45:28+00:00,2026-05-25T14:30:28+05:45,2026-05-25,14:30:28,1779698728,0,8,14,nepse_official,OPEN,2026-05-25,SPHL,Sayapatri Hydropower Limited,500.0,543.0,500.0,,527.2,525.0,2.2000000000000455,,7125.0,3777563.7,67.0,43.0,8.6,0.4190476190476277,56381.54776119403,530.1843789473685
2026-05-25T08:45:28+00:00,2026-05-25T14:30:28+05:45,2026-05-25,14:30:28,1779698728,0,8,14,nepse_official,OPEN,2026-05-25,SPIL,Siddhartha Premier Insurance Limited,707.2,713.0,707.2,,711.1,709.8,1.3000000000000682,,4548.0,3234352.4,25.0,5.7999999999999545,0.8201357466063283,0.18315018315019277,129374.09599999999,711.1592788038698
2026-05-25T08:45:28+00:00,2026-05-25T14:30:28+05:45,2026-05-25,14:30:28,1779698728,0,8,14,nepse_official,OPEN,2026-05-25,SPL,Shuvam Power Limited,705.0,725.0,705.0,,718.9,708.0,10.899999999999977,,430.0,306104.0,18.0,20.0,2.8368794326241136,1.539548022598867,17005.777777777777,711.8697674418605
2026-05-25T08:45:28+00:00,2026-05-25T14:30:28+05:45,2026-05-25,14:30:28,1779698728,0,8,14,nepse_official,OPEN,2026-05-25,SRLI,Sanima Reliance Life Insurance Limited,389.3,397.5,389.3,,395.0,393.9,1.1000000000000227,,21132.0,8350941.8,236.0,8.199999999999989,2.1063447212946285,0.27925869510028506,35385.346610169494,395.17990724966876
2026-05-25T08:45:28+00:00,2026-05-25T14:30:28+05:45,2026-05-25,14:30:28,1779698728,0,8,14,nepse_official,OPEN,2026-05-25,SSHL,Shiva Shree Hydropower Ltd,220.0,228.8,220.0,,226.1,221.9,4.199999999999989,,280760.0,63548642.4,876.0,8.800000000000011,4.000000000000005,1.892744479495263,72544.11232876712,226.3450719475709
2026-05-25T08:45:28+00:00,2026-05-25T14:30:28+05:45,2026-05-25,14:30:28,1779698728,0,8,14,nepse_official,OPEN,2026-05-25,STC,Salt Trading Corporation,5863.0,5936.0,5830.0,,5936.0,5930.0,6.0,,809.0,4766520.0,36.0,106.0,1.8079481494115641,0.1011804384485666,132403.33333333334,5891.866501854141
2026-05-25T08:45:28+00:00,2026-05-25T14:30:28+05:45,2026-05-25,14:30:28,1779698728,0,8,14,nepse_official,OPEN,2026-05-25,SWASTIK,Swastik Laghubitta Bittiya Sanstha Limited,2415.0,2473.9,2375.0,,2412.0,2400.0,12.0,,824.0,1995214.0,30.0,98.90000000000009,4.095238095238099,0.5,66507.13333333333,2421.376213592233
2026-05-25T08:45:28+00:00,2026-05-25T14:30:28+05:45,2026-05-25,14:30:28,1779698728,0,8,14,nepse_official,OPEN,2026-05-25,SWBBL,Swabalamban Laghubitta Bittiya Sanstha Limited,778.1,778.1,746.0,,751.1,741.1,10.0,,4676.0,3518316.0,59.0,32.10000000000002,4.125433748875468,1.3493455673998112,59632.47457627119,752.4200171086399
2026-05-25T08:45:28+00:00,2026-05-25T14:30:28+05:45,2026-05-25,14:30:28,1779698728,0,8,14,nepse_official,OPEN,2026-05-25,SWMF,Suryodaya Womi Laghubitta Bittiya Sanstha Limited,670.0,678.9,662.1,,665.0,669.1,-4.100000000000023,,7502.0,5001999.4,41.0,16.799999999999955,2.5074626865671577,-0.6127634135405803,121999.98536585367,666.7554518794989
2026-05-25T08:45:28+00:00,2026-05-25T14:30:28+05:45,2026-05-25,14:30:28,1779698728,0,8,14,nepse_official,OPEN,2026-05-25,SYPNL,SY Panel Nepal Limited,1459.0,1535.0,1459.0,,1516.3,1507.9,8.399999999999864,,49664.0,75686010.3,761.0,76.0,5.20904729266621,0.5570661184428585,99455.99250985545,1523.9612254349227
2026-05-25T08:45:28+00:00,2026-05-25T14:30:28+05:45,2026-05-25,14:30:28,1779698728,0,8,14,nepse_official,OPEN,2026-05-25,TAMOR,Sanima Middle Tamor Hydropower Limited,456.0,465.0,450.1,,463.0,455.0,8.0,,115026.0,52803292.6,443.0,14.899999999999977,3.2675438596491175,1.7582417582417582,119194.7914221219,459.0552796758994
2026-05-25T08:45:28+00:00,2026-05-25T14:30:28+05:45,2026-05-25,14:30:28,1779698728,0,8,14,nepse_official,OPEN,2026-05-25,TPC,Terhathum Power Company Limited,389.0,389.0,375.0,,384.9,380.0,4.899999999999977,,37069.0,14211272.0,168.0,14.0,3.5989717223650386,1.2894736842105203,84590.90476190476,383.3734926758208
2026-05-25T08:45:28+00:00,2026-05-25T14:30:28+05:45,2026-05-25,14:30:28,1779698728,0,8,14,nepse_official,OPEN,2026-05-25,TRH,Taragaon Regency Hotel Limited,753.0,765.0,753.0,,762.0,755.2,6.7999999999999545,,726.0,549716.0,8.0,12.0,1.593625498007968,0.9004237288135533,68714.5,757.1845730027549
2026-05-25T08:45:28+00:00,2026-05-25T14:30:28+05:45,2026-05-25,14:30:28,1779698728,0,8,14,nepse_official,OPEN,2026-05-25,TSHL,Three Star Hydropower Limited,550.0,600.0,550.0,,599.0,555.0,44.0,,6291.0,3572974.0,97.0,50.0,9.090909090909092,7.927927927927928,36834.78350515464,567.9500874264822
2026-05-25T08:45:28+00:00,2026-05-25T14:30:28+05:45,2026-05-25,14:30:28,1779698728,0,8,14,nepse_official,OPEN,2026-05-25,TTL,Trade Tower Limited,898.8,898.8,846.0,,860.0,856.0,4.0,,26380.0,22955561.0,460.0,52.799999999999955,5.8744993324432535,0.46728971962616817,49903.39347826087,870.1880591357088
2026-05-25T08:45:28+00:00,2026-05-25T14:30:28+05:45,2026-05-25,14:30:28,1779698728,0,8,14,nepse_official,OPEN,2026-05-25,TVCL,Trishuli Jal Vidhyut Company Limited ,509.1,531.0,509.1,,522.0,521.9,0.10000000000002274,,12898.0,6588887.1,50.0,21.899999999999977,4.301708898055387,0.019160758766051493,131777.742,510.84564273530776
2026-05-25T08:45:28+00:00,2026-05-25T14:30:28+05:45,2026-05-25,14:30:28,1779698728,0,8,14,nepse_official,OPEN,2026-05-25,UAIL,United Ajod Insurance Limited,437.0,453.0,437.0,,445.0,445.0,0.0,,7849.0,3489831.6,81.0,16.0,3.6613272311212817,0.0,43084.34074074074,444.62117467193275
2026-05-25T08:45:28+00:00,2026-05-25T14:30:28+05:45,2026-05-25,14:30:28,1779698728,0,8,14,nepse_official,OPEN,2026-05-25,UHEWA,Upper Hewakhola Hydropower Company Limited,583.5,591.0,580.0,,588.0,583.6,4.399999999999977,,11678.0,6865896.0,110.0,11.0,1.8851756640959727,0.7539410555174738,62417.236363636366,587.9342353142662
2026-05-25T08:45:28+00:00,2026-05-25T14:30:28+05:45,2026-05-25,14:30:28,1779698728,0,8,14,nepse_official,OPEN,2026-05-25,ULBSL,Upakar Laghubitta Bittiya Sanstha Limited,2850.0,2997.9,2850.0,,2950.0,2920.0,30.0,,625.0,1842065.9,38.0,147.9000000000001,5.18947368421053,1.0273972602739725,48475.41842105263,2947.3054399999996
2026-05-25T08:45:28+00:00,2026-05-25T14:30:28+05:45,2026-05-25,14:30:28,1779698728,0,8,14,nepse_official,OPEN,2026-05-25,ULHC,Upper Lohore Khola Hydropower Company Limited,478.1,485.7,478.1,,483.0,477.5,5.5,,15890.0,7646289.2,115.0,7.599999999999966,1.5896256013386247,1.1518324607329842,66489.47130434783,481.2013341724355
2026-05-25T08:45:28+00:00,2026-05-25T14:30:28+05:45,2026-05-25,14:30:28,1779698728,0,8,14,nepse_official,OPEN,2026-05-25,UMHL,United Modi Hydropower Ltd.,550.0,574.0,550.0,,570.0,564.0,6.0,,15247.0,8703509.1,92.0,24.0,4.363636363636364,1.0638297872340425,94603.35978260869,570.8342034498589
2026-05-25T08:45:28+00:00,2026-05-25T14:30:28+05:45,2026-05-25,14:30:28,1779698728,0,8,14,nepse_official,OPEN,2026-05-25,UMRH,United IDI Mardi RB Hydropower Limited.,537.2,551.0,537.2,,550.0,545.0,5.0,,28816.0,15695406.7,106.0,13.799999999999955,2.5688756515264246,0.9174311926605505,148069.87452830188,544.6768010827318
2026-05-25T08:45:28+00:00,2026-05-25T14:30:28+05:45,2026-05-25,14:30:28,1779698728,0,8,14,nepse_official,OPEN,2026-05-25,UNHPL,Union Hydropower Limited,420.0,444.0,420.0,,434.0,434.0,0.0,,63700.0,27875809.5,238.0,24.0,5.714285714285714,0.0,117125.25,437.6108241758242
2026-05-25T08:45:28+00:00,2026-05-25T14:30:28+05:45,2026-05-25,14:30:28,1779698728,0,8,14,nepse_official,OPEN,2026-05-25,UNL,Unilever Nepal Limited,47102.0,47102.0,47000.0,,47000.0,47330.0,-330.0,,30.0,1412020.0,3.0,102.0,0.21655131416924972,-0.6972321994506655,470673.3333333333,47067.333333333336
2026-05-25T08:45:28+00:00,2026-05-25T14:30:28+05:45,2026-05-25,14:30:28,1779698728,0,8,14,nepse_official,OPEN,2026-05-25,UNLB,Unique Nepal Laghubitta Bittiya Sanstha Limited,1385.0,1421.0,1385.0,,1396.5,1424.0,-27.5,,765.0,1068933.0,23.0,36.0,2.5992779783393503,-1.9311797752808988,46475.34782608696,1397.2980392156862
2026-05-25T08:45:28+00:00,2026-05-25T14:30:28+05:45,2026-05-25,14:30:28,1779698728,0,8,14,nepse_official,OPEN,2026-05-25,UPCL,UNIVERSAL POWER COMPANY LTD,377.0,380.0,373.0,,378.0,373.0,5.0,,36938.0,13921114.0,181.0,7.0,1.8567639257294428,1.3404825737265416,76912.2320441989,376.87784936921327
2026-05-25T08:45:28+00:00,2026-05-25T14:30:28+05:45,2026-05-25,14:30:28,1779698728,0,8,14,nepse_official,OPEN,2026-05-25,UPPER,Upper Tamakoshi Hydropower Ltd,197.5,211.9,197.5,,210.0,207.5,2.5,,152386.0,32036500.2,709.0,14.400000000000006,7.291139240506332,1.2048192771084338,45185.47277856135,210.23256860866482
2026-05-25T08:45:28+00:00,2026-05-25T14:30:28+05:45,2026-05-25,14:30:28,1779698728,0,8,14,nepse_official,OPEN,2026-05-25,USHEC,Upper Solu Hydro Electric Company Limited,508.0,520.0,508.0,,516.1,507.0,9.100000000000023,,35117.0,18144304.7,210.0,12.0,2.3622047244094486,1.7948717948717992,86401.45095238095,516.6815132272119
2026-05-25T08:45:28+00:00,2026-05-25T14:30:28+05:45,2026-05-25,14:30:28,1779698728,0,8,14,nepse_official,OPEN,2026-05-25,USHL,Upper Syange Hydropower Limited,630.0,640.0,617.2,,620.1,625.0,-4.899999999999977,,528.0,331388.0,19.0,22.799999999999955,3.619047619047612,-0.7839999999999964,17441.473684210527,627.6287878787879
2026-05-25T08:45:28+00:00,2026-05-25T14:30:28+05:45,2026-05-25,14:30:28,1779698728,0,8,14,nepse_official,OPEN,2026-05-25,USLB,Unnati Sahakarya Laghubitta Bittiya Sanstha Limited,1260.0,1281.0,1260.0,,1279.9,1256.0,23.90000000000009,,2477.0,3164031.9,48.0,21.0,1.6666666666666667,1.9028662420382239,65917.33125,1277.3645135244246
2026-05-25T08:45:28+00:00,2026-05-25T14:30:28+05:45,2026-05-25,14:30:28,1779698728,0,8,14,nepse_official,OPEN,2026-05-25,VLBS,Vijaya laghubitta Bittiya Sanstha Ltd.,691.2,708.0,691.2,,700.1,694.9,5.2000000000000455,,1823.0,1279108.6,126.0,16.799999999999955,2.4305555555555487,0.7483091092243553,10151.655555555557,701.650356555129
2026-05-25T08:45:28+00:00,2026-05-25T14:30:28+05:45,2026-05-25,14:30:28,1779698728,0,8,14,nepse_official,OPEN,2026-05-25,VLUCL,Vision Lumbini Urja Company Limited ,514.7,514.7,495.0,,500.0,500.0,0.0,,2503.0,1258364.2,61.0,19.700000000000045,3.8274723139693108,0.0,20628.92131147541,502.7423891330403
2026-05-25T08:45:28+00:00,2026-05-25T14:30:28+05:45,2026-05-25,14:30:28,1779698728,0,8,14,nepse_official,OPEN,2026-05-25,WNLB,Wean Nepal Laghubitta Bittiya Sanstha Limited,1499.0,1499.0,1455.0,,1465.0,1480.0,-15.0,,358.0,522825.0,17.0,44.0,2.935290193462308,-1.0135135135135136,30754.41176470588,1460.4050279329608
2026-05-25T09:15:24+00:00,2026-05-25T15:00:24+05:45,2026-05-25,15:00:24,1779700524,0,9,15,nepse_official,CLOSE,2026-05-25,ACLBSL,Aarambha Chautari Laghubitta Bittiya Sanstha Limited,977.4,977.4,954.0,,960.0,949.0,11.0,,640.0,614640.0,27.0,23.399999999999977,2.3941068139963146,1.1591148577449948,22764.444444444445,960.375
2026-05-25T09:15:24+00:00,2026-05-25T15:00:24+05:45,2026-05-25,15:00:24,1779700524,0,9,15,nepse_official,CLOSE,2026-05-25,ADBL,Agricultural Development Bank Limited,317.9,318.5,312.3,,316.1,313.0,3.1000000000000227,,45263.0,14329175.5,185.0,6.199999999999989,1.9502988361119813,0.9904153354632661,77455.00270270271,316.5759118927159
2026-05-25T09:15:24+00:00,2026-05-25T15:00:24+05:45,2026-05-25,15:00:24,1779700524,0,9,15,nepse_official,CLOSE,2026-05-25,ADBLD83,10.35% Agricultural Bank Debenture 2083,1051.9,1051.9,1051.9,,1051.9,1070.0,-18.09999999999991,,25.0,26297.5,1.0,0.0,0.0,-1.6915887850467204,26297.5,1051.9
2026-05-25T09:15:24+00:00,2026-05-25T15:00:24+05:45,2026-05-25,15:00:24,1779700524,0,9,15,nepse_official,CLOSE,2026-05-25,AHL,Asian Hydropower Limited,505.0,518.5,504.0,,505.0,515.0,-10.0,,19051.0,9633243.3,146.0,14.5,2.8712871287128716,-1.9417475728155338,65981.11849315069,505.65551939530735
2026-05-25T09:15:24+00:00,2026-05-25T15:00:24+05:45,2026-05-25,15:00:24,1779700524,0,9,15,nepse_official,CLOSE,2026-05-25,AHPC,Arun Valley Hydropower Development Co. Ltd.,275.0,289.0,275.0,,287.9,284.0,3.8999999999999773,,106220.0,30492528.2,418.0,14.0,5.090909090909091,1.3732394366197103,72948.63205741627,287.0695556392393
2026-05-25T09:15:24+00:00,2026-05-25T15:00:24+05:45,2026-05-25,15:00:24,1779700524,0,9,15,nepse_official,CLOSE,2026-05-25,AKJCL,Ankhu Khola Jalvidhyut Company Ltd,402.0,420.0,402.0,,418.5,402.0,16.5,,1400002.0,580285229.0,2501.0,18.0,4.477611940298507,4.104477611940299,232021.2830867653,414.4888571587755
2026-05-25T09:15:24+00:00,2026-05-25T15:00:24+05:45,2026-05-25,15:00:24,1779700524,0,9,15,nepse_official,CLOSE,2026-05-25,AKPL,Arun Kabeli Power Ltd.,275.0,278.8,271.0,,277.0,274.5,2.5,,215274.0,59330391.9,585.0,7.800000000000011,2.8363636363636404,0.9107468123861567,101419.47333333333,275.604076200563
2026-05-25T09:15:24+00:00,2026-05-25T15:00:24+05:45,2026-05-25,15:00:24,1779700524,0,9,15,nepse_official,CLOSE,2026-05-25,ALBSL,Asha Laghubitta Bittiya Sanstha Ltd,1086.0,1125.0,1086.0,,1111.0,1115.0,-4.0,,7134.0,7924296.4,157.0,39.0,3.591160220994475,-0.35874439461883406,50473.22547770701,1110.7788617886179
2026-05-25T09:15:24+00:00,2026-05-25T15:00:24+05:45,2026-05-25,15:00:24,1779700524,0,9,15,nepse_official,CLOSE,2026-05-25,ALICL,Asian Life Insurance Co. Limited,459.9,459.9,452.0,,456.8,452.3,4.5,,8662.0,3932159.2,84.0,7.899999999999977,1.7177647314633566,0.9949148795047534,46811.41904761905,453.9551142923113
2026-05-25T09:15:24+00:00,2026-05-25T15:00:24+05:45,2026-05-25,15:00:24,1779700524,0,9,15,nepse_official,CLOSE,2026-05-25,ANLB,Aatmanirbhar Laghubitta Bittiya Sanstha Limited,5901.0,6050.0,5733.0,,5910.0,5901.0,9.0,,1113.0,6534845.4,54.0,317.0,5.371970852397898,0.1525165226232842,121015.65555555557,5871.379514824798
2026-05-25T09:15:24+00:00,2026-05-25T15:00:24+05:45,2026-05-25,15:00:24,1779700524,0,9,15,nepse_official,CLOSE,2026-05-25,API,Api Power Company Ltd.,359.0,363.0,357.2,,359.5,357.2,2.3000000000000114,,497997.0,179468114.2,1329.0,5.800000000000011,1.615598885793875,0.6438969764837658,135039.96553799848,360.3799103207449
2026-05-25T09:15:24+00:00,2026-05-25T15:00:24+05:45,2026-05-25,15:00:24,1779700524,0,9,15,nepse_official,CLOSE,2026-05-25,AVYAN,Aviyan Laghubitta Bittiya Sanstha Limited,1082.1,1159.0,1082.1,,1144.0,1139.0,5.0,,5784.0,6629296.0,112.0,76.90000000000009,7.106552074669632,0.4389815627743635,59190.142857142855,1146.1438450899032
2026-05-25T09:15:24+00:00,2026-05-25T15:00:24+05:45,2026-05-25,15:00:24,1779700524,0,9,15,nepse_official,CLOSE,2026-05-25,BANDIPUR,Bandipur Cablecar and Tourism Limited,910.0,910.0,855.0,,865.0,875.9,-10.899999999999977,,63795.0,55438592.9,965.0,55.0,6.043956043956044,-1.2444342961525263,57449.31906735751,869.011566737205
2026-05-25T09:15:24+00:00,2026-05-25T15:00:24+05:45,2026-05-25,15:00:24,1779700524,0,9,15,nepse_official,CLOSE,2026-05-25,BARUN,Barun Hydropower Co. Ltd.,352.0,359.0,351.0,,357.4,351.1,6.2999999999999545,,38472.0,13725565.6,219.0,8.0,2.272727272727273,1.7943605810310324,62673.81552511415,356.7676647951757
2026-05-25T09:15:24+00:00,2026-05-25T15:00:24+05:45,2026-05-25,15:00:24,1779700524,0,9,15,nepse_official,CLOSE,2026-05-25,BBC,Bishal Bazar Company Limited,4818.9,4832.9,4766.1,,4772.3,4800.0,-27.699999999999818,,195.0,934367.8,19.0,66.79999999999927,1.3862084708128262,-0.5770833333333295,49177.25263157895,4791.629743589744
2026-05-25T09:15:24+00:00,2026-05-25T15:00:24+05:45,2026-05-25,15:00:24,1779700524,0,9,15,nepse_official,CLOSE,2026-05-25,BEDC,Bhugol Energy Development Company Limited,395.7,395.7,377.3,,381.1,376.9,4.2000000000000455,,43912.0,16766256.6,250.0,18.399999999999977,4.649987364164765,1.1143539400371572,67065.0264,381.81491619602843
2026-05-25T09:15:24+00:00,2026-05-25T15:00:24+05:45,2026-05-25,15:00:24,1779700524,0,9,15,nepse_official,CLOSE,2026-05-25,BFC,Best Finance Company Ltd.,464.0,469.0,460.0,,460.5,458.0,2.5,,15491.0,7182326.9,108.0,9.0,1.9396551724137931,0.5458515283842794,66503.02685185186,463.64514234071396
2026-05-25T09:15:24+00:00,2026-05-25T15:00:24+05:45,2026-05-25,15:00:24,1779700524,0,9,15,nepse_official,CLOSE,2026-05-25,BGWT,Bhagawati Hydropower Development Company Limited,665.0,674.0,665.0,,671.8,661.0,10.799999999999955,,1159.0,777066.6,56.0,9.0,1.3533834586466165,1.6338880484114908,13876.189285714285,670.4629853321829
2026-05-25T09:15:24+00:00,2026-05-25T15:00:24+05:45,2026-05-25,15:00:24,1779700524,0,9,15,nepse_official,CLOSE,2026-05-25,BHCL,Bikash Hydropower Company Limited,566.0,604.9,566.0,,592.0,566.0,26.0,,120402.0,71080150.9,1203.0,38.89999999999998,6.8727915194346245,4.593639575971731,59085.74472152952,590.3568952342985
2026-05-25T09:15:24+00:00,2026-05-25T15:00:24+05:45,2026-05-25,15:00:24,1779700524,0,9,15,nepse_official,CLOSE,2026-05-25,BHDC,Bindhyabasini Hydropower Development Company Limited,461.2,480.0,461.2,,478.0,463.6,14.399999999999977,,50489.0,24044752.9,269.0,18.80000000000001,4.076322636600176,3.106125970664361,89385.69851301114,476.23745568341616
2026-05-25T09:15:24+00:00,2026-05-25T15:00:24+05:45,2026-05-25,15:00:24,1779700524,0,9,15,nepse_official,CLOSE,2026-05-25,BHL,Balephi Hydropower Limited,237.0,237.0,225.0,,228.5,226.0,2.5,,186648.0,42693523.0,708.0,12.0,5.063291139240507,1.1061946902654867,60301.58615819209,228.7381756032746
2026-05-25T09:15:24+00:00,2026-05-25T15:00:24+05:45,2026-05-25,15:00:24,1779700524,0,9,15,nepse_official,CLOSE,2026-05-25,BHPL,Barahi Hydropower Public Limited,530.1,537.8,530.0,,535.0,529.8,5.2000000000000455,,5976.0,3189638.0,73.0,7.7999999999999545,1.4714204867006138,0.981502453756143,43693.67123287671,533.7412985274431
2026-05-25T09:15:24+00:00,2026-05-25T15:00:24+05:45,2026-05-25,15:00:24,1779700524,0,9,15,nepse_official,CLOSE,2026-05-25,BJHL,Bhujung Hydropower Limited,952.0,1000.0,945.0,,978.0,953.0,25.0,,16077.0,15744032.4,408.0,55.0,5.777310924369748,2.6232948583420774,38588.31470588235,979.2891957454749
2026-05-25T09:15:24+00:00,2026-05-25T15:00:24+05:45,2026-05-25,15:00:24,1779700524,0,9,15,nepse_official,CLOSE,2026-05-25,BNHC,Buddha Bhumi Nepal Hydropower Company Limited,333.1,343.0,332.0,,333.0,333.1,-0.10000000000002274,,9983.0,3369501.8,80.0,11.0,3.3023116181326926,-0.030021014710304033,42118.7725,337.52397075027545
2026-05-25T09:15:24+00:00,2026-05-25T15:00:24+05:45,2026-05-25,15:00:24,1779700524,0,9,15,nepse_official,CLOSE,2026-05-25,BNL,Bottlers Nepal (Balaju) Limited,14818.7,14819.0,14818.7,,14819.0,14387.1,431.89999999999964,,20.0,296377.0,2.0,0.2999999999992724,0.0020244690829780776,3.0019948426020506,148188.5,14818.85
2026-05-25T09:15:24+00:00,2026-05-25T15:00:24+05:45,2026-05-25,15:00:24,1779700524,0,9,15,nepse_official,CLOSE,2026-05-25,BNT,Bottlers Nepal (Terai) Limited,11590.0,11900.0,11590.0,,11890.0,11590.6,299.39999999999964,,50.0,591190.0,5.0,310.0,2.6747195858498705,2.5831277069349268,118238.0,11823.8
2026-05-25T09:15:24+00:00,2026-05-25T15:00:24+05:45,2026-05-25,15:00:24,1779700524,0,9,15,nepse_official,CLOSE,2026-05-25,BPCL,Butwal Power Company Limited,699.0,709.0,680.0,,699.9,699.0,0.8999999999999773,,56252.0,39491499.1,211.0,29.0,4.148783977110158,0.1287553648068637,187163.5028436019,702.04613347081
2026-05-25T09:15:24+00:00,2026-05-25T15:00:24+05:45,2026-05-25,15:00:24,1779700524,0,9,15,nepse_official,CLOSE,2026-05-25,BUNGAL,Bungal Hydro Limited,773.3,773.3,706.0,,730.0,814.0,-84.0,,108991.0,80641295.3,1312.0,67.29999999999995,8.702961334540277,-10.319410319410318,61464.4019054878,739.8894890403794
2026-05-25T09:15:24+00:00,2026-05-25T15:00:24+05:45,2026-05-25,15:00:24,1779700524,0,9,15,nepse_official,CLOSE,2026-05-25,C30MF,Citizens Super 30 Mutual Fund,9.89,10.2,9.89,,10.0,9.83,0.16999999999999993,,11500.0,117037.0,9.0,0.3099999999999987,3.134479271991898,1.7293997965411996,13004.111111111111,10.177130434782608
2026-05-25T09:15:24+00:00,2026-05-25T15:00:24+05:45,2026-05-25,15:00:24,1779700524,0,9,15,nepse_official,CLOSE,2026-05-25,CBBL,Chhimek Laghubitta Bittiya Sanstha Limited,924.3,924.3,918.0,,922.0,917.0,5.0,,17924.0,16538184.7,232.0,6.2999999999999545,0.6815968841285248,0.5452562704471101,71285.27887931034,922.6838149966525
2026-05-25T09:15:24+00:00,2026-05-25T15:00:24+05:45,2026-05-25,15:00:24,1779700524,0,9,15,nepse_official,CLOSE,2026-05-25,CFCL,Central Finance Co. Ltd.,510.0,510.0,496.0,,508.0,503.0,5.0,,5913.0,3002269.4,39.0,14.0,2.7450980392156863,0.9940357852882704,76981.26666666666,507.7404701505158
2026-05-25T09:15:24+00:00,2026-05-25T15:00:24+05:45,2026-05-25,15:00:24,1779700524,0,9,15,nepse_official,CLOSE,2026-05-25,CGH,Chandragiri Hills Limited,799.0,814.7,795.0,,801.1,803.8,-2.699999999999932,,35172.0,28167887.7,215.0,19.700000000000045,2.4655819774718455,-0.3359044538442314,131013.4311627907,800.861131013306
2026-05-25T09:15:24+00:00,2026-05-25T15:00:24+05:45,2026-05-25,15:00:24,1779700524,0,9,15,nepse_official,CLOSE,2026-05-25,CHCL,Chilime Hydropower Company Limited,482.5,490.0,482.5,,489.0,482.0,7.0,,73197.0,35522341.5,248.0,7.5,1.5544041450777202,1.4522821576763485,143235.24798387097,485.2977785974835
2026-05-25T09:15:24+00:00,2026-05-25T15:00:24+05:45,2026-05-25,15:00:24,1779700524,0,9,15,nepse_official,CLOSE,2026-05-25,CHDC,CEDB Holdings Limited,2300.0,2328.0,2286.0,,2323.0,2300.0,23.0,,11467.0,26586854.9,159.0,42.0,1.8260869565217392,1.0,167212.92389937106,2318.5536670445626
2026-05-25T09:15:24+00:00,2026-05-25T15:00:24+05:45,2026-05-25,15:00:24,1779700524,0,9,15,nepse_official,CLOSE,2026-05-25,CHL,Chhyangdi Hydropower Ltd.,288.1,302.0,288.1,,299.8,297.0,2.8000000000000114,,47010.0,13895588.7,146.0,13.899999999999977,4.824713641096833,0.9427609427609465,95175.26506849314,295.5879323548181
2026-05-25T09:15:24+00:00,2026-05-25T15:00:24+05:45,2026-05-25,15:00:24,1779700524,0,9,15,nepse_official,CLOSE,2026-05-25,CIT,Citizen Investment Trust,1767.0,1789.9,1765.0,,1770.0,1767.0,3.0,,4982.0,8832266.6,138.0,24.90000000000009,1.409168081494063,0.1697792869269949,64001.931884057965,1772.8355279004415
2026-05-25T09:15:24+00:00,2026-05-25T15:00:24+05:45,2026-05-25,15:00:24,1779700524,0,9,15,nepse_official,CLOSE,2026-05-25,CITY,City Hotel Limited,374.0,383.9,373.0,,379.0,371.0,8.0,,123205.0,46763465.1,514.0,10.899999999999977,2.9144385026737907,2.15633423180593,90979.50408560311,379.5581762103811
2026-05-25T09:15:24+00:00,2026-05-25T15:00:24+05:45,2026-05-25,15:00:24,1779700524,0,9,15,nepse_official,CLOSE,2026-05-25,CKHL,Chirkhwa Hydropower Limited ,658.0,725.0,658.0,,695.5,673.9,21.600000000000023,,7766.0,5400179.4,87.0,67.0,10.182370820668693,3.2052233269031047,62071.0275862069,695.3617563739377
2026-05-25T09:15:24+00:00,2026-05-25T15:00:24+05:45,2026-05-25,15:00:24,1779700524,0,9,15,nepse_official,CLOSE,2026-05-25,CLI,Citizen Life Insurance Company Limited,452.0,459.8,452.0,,457.9,452.0,5.899999999999977,,20602.0,9401725.2,286.0,7.800000000000011,1.7256637168141618,1.3053097345132694,32873.16503496503,456.350121347442
2026-05-25T09:15:24+00:00,2026-05-25T15:00:24+05:45,2026-05-25,15:00:24,1779700524,0,9,15,nepse_official,CLOSE,2026-05-25,CMF2,CITIZENS MUTUAL FUND 2,10.0,10.25,10.0,,10.01,10.14,-0.13000000000000078,,2620.0,26688.0,6.0,0.25,2.5,-1.2820512820512897,4448.0,10.186259541984732
2026-05-25T09:15:24+00:00,2026-05-25T15:00:24+05:45,2026-05-25,15:00:24,1779700524,0,9,15,nepse_official,CLOSE,2026-05-25,CORBL,Corporate Development Bank Limited,2050.0,2079.0,2000.0,,2047.0,2066.0,-19.0,,16122.0,32557383.9,211.0,79.0,3.8536585365853657,-0.9196515004840271,154300.39763033175,2019.4382768887233
2026-05-25T09:15:24+00:00,2026-05-25T15:00:24+05:45,2026-05-25,15:00:24,1779700524,0,9,15,nepse_official,CLOSE,2026-05-25,CREST,Crest Micro Life Insurance Limited,1252.1,1260.0,1143.0,,1230.1,1318.0,-87.90000000000009,,22469.0,27587434.2,433.0,117.0,9.344301573356761,-6.669195751138095,63712.319168591224,1227.799821976946
2026-05-25T09:15:24+00:00,2026-05-25T15:00:24+05:45,2026-05-25,15:00:24,1779700524,0,9,15,nepse_official,CLOSE,2026-05-25,CSY,Citizens Santulit Yojana,9.17,9.47,9.17,,9.4,9.45,-0.049999999999998934,,6000.0,56178.0,35.0,0.3000000000000007,3.2715376226826685,-0.5291005291005179,1605.0857142857142,9.363
2026-05-25T09:15:24+00:00,2026-05-25T15:00:24+05:45,2026-05-25,15:00:24,1779700524,0,9,15,nepse_official,CLOSE,2026-05-25,CYCL,CYC Nepal Laghubitta Bittiya Sanstha Limited,1482.0,1485.0,1463.0,,1470.0,1470.1,-0.09999999999990905,,823.0,1215082.7,30.0,22.0,1.484480431848853,-0.006802258349765938,40502.75666666667,1476.4066828675577
2026-05-25T09:15:24+00:00,2026-05-25T15:00:24+05:45,2026-05-25,15:00:24,1779700524,0,9,15,nepse_official,CLOSE,2026-05-25,CZBIL,Citizens Bank International Limited,197.2,210.4,197.2,,208.2,207.5,0.6999999999999886,,50331.0,10480995.1,238.0,13.200000000000017,6.6937119675456485,0.337349397590356,44037.79453781513,208.24134430072917
2026-05-25T09:15:24+00:00,2026-05-25T15:00:24+05:45,2026-05-25,15:00:24,1779700524,0,9,15,nepse_official,CLOSE,2026-05-25,DDBL,Deprosc Laghubitta Bittiya Sanstha Limited,859.0,870.0,853.0,,855.0,853.0,2.0,,7795.0,6671813.9,80.0,17.0,1.979045401629802,0.23446658851113714,83397.67375,855.9094162924953
2026-05-25T09:15:24+00:00,2026-05-25T15:00:24+05:45,2026-05-25,15:00:24,1779700524,0,9,15,nepse_official,CLOSE,2026-05-25,DHEL,Daramkhola Hydro Energy Limited,650.0,684.9,650.0,,668.0,668.1,-0.10000000000002274,,52218.0,35135875.1,738.0,34.89999999999998,5.369230769230766,-0.014967819188747603,47609.586856368565,672.8690317515034
2026-05-25T09:15:24+00:00,2026-05-25T15:00:24+05:45,2026-05-25,15:00:24,1779700524,0,9,15,nepse_official,CLOSE,2026-05-25,DHPL,Dibyashwori Hydropower Ltd.,303.0,311.0,302.5,,307.7,302.0,5.699999999999989,,12199.0,3707919.6,52.0,8.5,2.8052805280528053,1.8874172185430427,71306.14615384616,303.9527502254283
2026-05-25T09:15:24+00:00,2026-05-25T15:00:24+05:45,2026-05-25,15:00:24,1779700524,0,9,15,nepse_official,CLOSE,2026-05-25,DLBS,Dhaulagiri Laghubitta Bittiya Sanstha Limited,1275.0,1315.0,1271.0,,1315.0,1275.0,40.0,,516.0,666883.0,27.0,44.0,3.4509803921568625,3.1372549019607843,24699.37037037037,1292.4089147286822
2026-05-25T09:15:24+00:00,2026-05-25T15:00:24+05:45,2026-05-25,15:00:24,1779700524,0,9,15,nepse_official,CLOSE,2026-05-25,DOLTI,Dolti Power Company Limited,341.0,364.9,341.0,,360.6,358.9,1.7000000000000455,,58346.0,21121974.4,320.0,23.899999999999977,7.008797653958937,0.47366954583450704,66006.17,362.01238131148665
2026-05-25T09:15:24+00:00,2026-05-25T15:00:24+05:45,2026-05-25,15:00:24,1779700524,0,9,15,nepse_official,CLOSE,2026-05-25,DORDI,Dordi Khola Jal Bidyut Company Limited,277.1,287.9,277.1,,284.0,277.5,6.5,,59508.0,16835556.3,294.0,10.799999999999955,3.897509924215068,2.3423423423423424,57263.796938775515,282.9124873966526
2026-05-25T09:15:24+00:00,2026-05-25T15:00:24+05:45,2026-05-25,15:00:24,1779700524,0,9,15,nepse_official,CLOSE,2026-05-25,EBL,Everest Bank Limited,719.9,719.9,710.0,,712.0,710.0,2.0,,34389.0,24464001.5,265.0,9.899999999999977,1.3751909987498232,0.28169014084507044,92316.98679245284,711.390313763122
2026-05-25T09:15:24+00:00,2026-05-25T15:00:24+05:45,2026-05-25,15:00:24,1779700524,0,9,15,nepse_official,CLOSE,2026-05-25,EBLD85,10.50% Everest Bank Limited Debenture 2085,1197.0,1197.0,1170.0,,1170.0,1198.0,-28.0,,40.0,47070.0,4.0,27.0,2.2556390977443606,-2.337228714524207,11767.5,1176.75
2026-05-25T09:15:24+00:00,2026-05-25T15:00:24+05:45,2026-05-25,15:00:24,1779700524,0,9,15,nepse_official,CLOSE,2026-05-25,EBLD91,Everest Bank Limited Debenture 2091,1081.1,1082.1,1081.0,,1082.1,1085.0,-2.900000000000091,,125.0,135159.0,4.0,1.099999999999909,0.10174821940615197,-0.2672811059907918,33789.75,1081.272
2026-05-25T09:15:24+00:00,2026-05-25T15:00:24+05:45,2026-05-25,15:00:24,1779700524,0,9,15,nepse_official,CLOSE,2026-05-25,EDBL,Excel Development Bank Ltd.,583.0,595.0,583.0,,586.1,580.0,6.100000000000023,,5617.0,3317362.7,37.0,12.0,2.0583190394511153,1.0517241379310382,89658.45135135135,590.5933238383479
2026-05-25T09:15:24+00:00,2026-05-25T15:00:24+05:45,2026-05-25,15:00:24,1779700524,0,9,15,nepse_official,CLOSE,2026-05-25,EHPL,Eastern Hydropower Limited,395.0,402.5,395.0,,400.0,394.5,5.5,,27967.0,11186755.7,170.0,7.5,1.89873417721519,1.394169835234474,65804.44529411764,399.9984159902742
2026-05-25T09:15:24+00:00,2026-05-25T15:00:24+05:45,2026-05-25,15:00:24,1779700524,0,9,15,nepse_official,CLOSE,2026-05-25,ENL,Emerging Nepal Limited,912.3,912.3,887.2,,895.0,898.0,-3.0,,633.0,568666.2,23.0,25.09999999999991,2.75128795352405,-0.33407572383073497,24724.617391304346,898.3668246445496
2026-05-25T09:15:24+00:00,2026-05-25T15:00:24+05:45,2026-05-25,15:00:24,1779700524,0,9,15,nepse_official,CLOSE,2026-05-25,FMDBL,First Micro Finance Laghubitta Bittiya Sanstha Limited,792.0,799.0,792.0,,794.1,787.3,6.800000000000068,,13932.0,11091930.2,128.0,7.0,0.8838383838383838,0.8637114187730305,86655.7046875,796.1477318403674
2026-05-25T09:15:24+00:00,2026-05-25T15:00:24+05:45,2026-05-25,15:00:24,1779700524,0,9,15,nepse_official,CLOSE,2026-05-25,FOWAD,Forward Microfinance Laghubitta Bittiya Sanstha Limited,1068.9,1068.9,1047.0,,1050.0,1044.0,6.0,,2526.0,2654946.9,57.0,21.90000000000009,2.0488352511928234,0.5747126436781609,46578.015789473684,1051.0478622327792
2026-05-25T09:15:24+00:00,2026-05-25T15:00:24+05:45,2026-05-25,15:00:24,1779700524,0,9,15,nepse_official,CLOSE,2026-05-25,GBBL,Garima Bikas Bank Limited,421.0,425.0,420.0,,420.0,421.0,-1.0,,36176.0,15260420.8,174.0,5.0,1.187648456057007,-0.23752969121140144,87703.56781609196,421.83825740822647
2026-05-25T09:15:24+00:00,2026-05-25T15:00:24+05:45,2026-05-25,15:00:24,1779700524,0,9,15,nepse_official,CLOSE,2026-05-25,GBILD86/87,Global IME Bank Limited Debenture 2086/87,1086.0,1086.0,1086.0,,1086.0,1080.1,5.900000000000091,,25.0,27150.0,1.0,0.0,0.0,0.5462457179890835,27150.0,1086.0
2026-05-25T09:15:24+00:00,2026-05-25T15:00:24+05:45,2026-05-25,15:00:24,1779700524,0,9,15,nepse_official,CLOSE,2026-05-25,GBIME,Global IME Bank Limited,236.0,239.0,235.2,,238.3,236.8,1.5,,67134.0,15986657.6,387.0,3.8000000000000114,1.6101694915254285,0.6334459459459459,41309.19276485788,238.13056871331963
2026-05-25T09:15:24+00:00,2026-05-25T15:00:24+05:45,2026-05-25,15:00:24,1779700524,0,9,15,nepse_official,CLOSE,2026-05-25,GBIMESY2,Global IME Sammunat Yojana -2,9.31,9.58,9.25,,9.41,9.31,0.09999999999999964,,4800.0,45329.5,23.0,0.33000000000000007,3.5445757250268537,1.0741138560687395,1970.8478260869565,9.443645833333333
2026-05-25T09:15:24+00:00,2026-05-25T15:00:24+05:45,2026-05-25,15:00:24,1779700524,0,9,15,nepse_official,CLOSE,2026-05-25,GBLBS,Grameen Bikas Laghubitta Bittiya Sanstha Ltd.,788.0,788.0,766.0,,781.0,775.9,5.100000000000023,,3526.0,2760279.5,56.0,22.0,2.7918781725888326,0.657301198608071,49290.705357142855,782.835933068633
2026-05-25T09:15:24+00:00,2026-05-25T15:00:24+05:45,2026-05-25,15:00:24,1779700524,0,9,15,nepse_official,CLOSE,2026-05-25,GCIL,Ghorahi Cement Industry Limited,418.2,435.5,418.0,,433.5,424.0,9.5,,68573.0,29211077.6,411.0,17.5,4.184600669536107,2.240566037735849,71073.18150851582,425.98511950767795
2026-05-25T09:15:24+00:00,2026-05-25T15:00:24+05:45,2026-05-25,15:00:24,1779700524,0,9,15,nepse_official,CLOSE,2026-05-25,GFCL,Goodwill Finance Limited,635.0,643.0,630.0,,630.0,635.0,-5.0,,9256.0,5843345.0,60.0,13.0,2.047244094488189,-0.7874015748031495,97389.08333333333,631.3034788245462
2026-05-25T09:15:24+00:00,2026-05-25T15:00:24+05:45,2026-05-25,15:00:24,1779700524,0,9,15,nepse_official,CLOSE,2026-05-25,GHL,Ghalemdi Hydro Limited,245.0,247.9,241.3,,245.0,242.0,3.0,,76507.0,18802160.7,270.0,6.599999999999994,2.693877551020406,1.2396694214876034,69637.63222222222,245.75739082698314
2026-05-25T09:15:24+00:00,2026-05-25T15:00:24+05:45,2026-05-25,15:00:24,1779700524,0,9,15,nepse_official,CLOSE,2026-05-25,GIBF1,Global IME Balanced Fund-1,10.9,11.33,10.9,,11.0,11.0,0.0,,6200.0,69241.0,27.0,0.4299999999999997,3.944954128440364,0.0,2564.4814814814813,11.167903225806452
2026-05-25T09:15:24+00:00,2026-05-25T15:00:24+05:45,2026-05-25,15:00:24,1779700524,0,9,15,nepse_official,CLOSE,2026-05-25,GILB,Global IME Laghubitta Bittiya Sanstha Ltd.,1125.0,1157.0,1125.0,,1155.0,1130.0,25.0,,991.0,1136480.0,31.0,32.0,2.8444444444444446,2.2123893805309733,36660.645161290326,1146.8012108980827
2026-05-25T09:15:24+00:00,2026-05-25T15:00:24+05:45,2026-05-25,15:00:24,1779700524,0,9,15,nepse_official,CLOSE,2026-05-25,GLBSL,Gurans Laghubitta Bittiya Sanstha Limited,1830.0,1850.0,1805.0,,1831.0,1809.0,22.0,,571.0,1047722.8,24.0,45.0,2.459016393442623,1.2161415146489774,43655.11666666667,1834.891068301226
2026-05-25T09:15:24+00:00,2026-05-25T15:00:24+05:45,2026-05-25,15:00:24,1779700524,0,9,15,nepse_official,CLOSE,2026-05-25,GLH,GreenLife Hydropower Limited,274.0,279.0,274.0,,276.0,274.0,2.0,,58442.0,16196696.7,228.0,5.0,1.824817518248175,0.7299270072992701,71038.14342105263,277.14138290955134
2026-05-25T09:15:24+00:00,2026-05-25T15:00:24+05:45,2026-05-25,15:00:24,1779700524,0,9,15,nepse_official,CLOSE,2026-05-25,GMFBS,Ganapati Laghubitta Bittiya Sanstha Limited,1261.0,1315.0,1261.0,,1306.0,1286.0,20.0,,1298.0,1679795.2,24.0,54.0,4.282315622521808,1.5552099533437014,69991.46666666666,1294.1411402157164
2026-05-25T09:15:24+00:00,2026-05-25T15:00:24+05:45,2026-05-25,15:00:24,1779700524,0,9,15,nepse_official,CLOSE,2026-05-25,GMFIL,Guheshowori Merchant Bank & Finance Co. Ltd.,479.9,479.9,466.4,,471.0,469.9,1.1000000000000227,,2409.0,1136687.1,36.0,13.5,2.8130860595957494,0.2340923600766169,31574.64166666667,471.8501867995019
2026-05-25T09:15:24+00:00,2026-05-25T15:00:24+05:45,2026-05-25,15:00:24,1779700524,0,9,15,nepse_official,CLOSE,2026-05-25,GMLI,Guardian Micro Life Insurance Limited ,1270.0,1300.0,1261.0,,1283.1,1269.9,13.199999999999818,,3416.0,4393809.4,92.0,39.0,3.0708661417322833,1.0394519253484382,47758.797826086964,1286.2439695550352
2026-05-25T09:15:24+00:00,2026-05-25T15:00:24+05:45,2026-05-25,15:00:24,1779700524,0,9,15,nepse_official,CLOSE,2026-05-25,GRDBL,Green Development Bank Ltd.,1061.1,1129.9,1061.1,,1076.0,1110.0,-34.0,,12392.0,13601368.9,117.0,68.80000000000018,6.4838375270945425,-3.063063063063063,116251.01623931625,1097.5927130406715
2026-05-25T09:15:24+00:00,2026-05-25T15:00:24+05:45,2026-05-25,15:00:24,1779700524,0,9,15,nepse_official,CLOSE,2026-05-25,GSY,Garima Samriddhi Yojana,9.99,10.25,9.91,,10.0,10.0,0.0,,73300.0,739123.5,63.0,0.33999999999999986,3.4034034034034018,0.0,11732.119047619048,10.083540245566166
2026-05-25T09:15:24+00:00,2026-05-25T15:00:24+05:45,2026-05-25,15:00:24,1779700524,0,9,15,nepse_official,CLOSE,2026-05-25,GUFL,Gurkhas Finance Ltd.,520.0,544.8,520.0,,541.5,535.0,6.5,,9426.0,5084256.8,76.0,24.799999999999955,4.76923076923076,1.2149532710280373,66898.11578947368,539.3864629747507
2026-05-25T09:15:24+00:00,2026-05-25T15:00:24+05:45,2026-05-25,15:00:24,1779700524,0,9,15,nepse_official,CLOSE,2026-05-25,GVL,Green Ventures Limited,492.0,500.0,492.0,,499.0,491.9,7.100000000000023,,18429.0,9156336.0,141.0,8.0,1.6260162601626018,1.4433828013823995,64938.55319148936,496.84388735145694
2026-05-25T09:15:24+00:00,2026-05-25T15:00:24+05:45,2026-05-25,15:00:24,1779700524,0,9,15,nepse_official,CLOSE,2026-05-25,H8020,Himalayan 80-20,12.33,12.33,11.81,,11.83,11.98,-0.15000000000000036,,231735.0,2750026.1,22.0,0.5199999999999996,4.217356042173557,-1.2520868113522567,125001.18636363637,11.867115886680908
2026-05-25T09:15:24+00:00,2026-05-25T15:00:24+05:45,2026-05-25,15:00:24,1779700524,0,9,15,nepse_official,CLOSE,2026-05-25,HATHY,Hathway Investment Nepal Limited,810.9,810.9,803.0,,805.7,799.0,6.7000000000000455,,4201.0,3384764.0,80.0,7.899999999999977,0.9742261684548006,0.8385481852315451,42309.55,805.7043561056892
2026-05-25T09:15:24+00:00,2026-05-25T15:00:24+05:45,2026-05-25,15:00:24,1779700524,0,9,15,nepse_official,CLOSE,2026-05-25,HBL,Himalayan Bank Limited,202.0,207.0,200.8,,206.5,203.0,3.5,,60179.0,12345069.9,1106.0,6.199999999999989,3.0693069306930636,1.7241379310344827,11161.907685352622,205.13916648664818
2026-05-25T09:15:24+00:00,2026-05-25T15:00:24+05:45,2026-05-25,15:00:24,1779700524,0,9,15,nepse_official,CLOSE,2026-05-25,HBLD83,10% Himalayan Bank Debenture 2083,1036.0,1065.0,1036.0,,1065.0,1036.0,29.0,,45.0,47200.0,2.0,29.0,2.799227799227799,2.799227799227799,23600.0,1048.888888888889
2026-05-25T09:15:24+00:00,2026-05-25T15:00:24+05:45,2026-05-25,15:00:24,1779700524,0,9,15,nepse_official,CLOSE,2026-05-25,HDHPC,Himal Dolakha Hydropower Company Limited,230.7,236.0,230.7,,231.9,230.7,1.200000000000017,,247744.0,57824216.7,675.0,5.300000000000011,2.2973558734287005,0.5201560468140516,85665.50622222223,233.40309634138467
2026-05-25T09:15:24+00:00,2026-05-25T15:00:24+05:45,2026-05-25,15:00:24,1779700524,0,9,15,nepse_official,CLOSE,2026-05-25,HDL,Himalayan Distillery Limited,1180.0,1180.0,1168.0,,1169.0,1167.9,1.099999999999909,,26121.0,30583290.0,401.0,12.0,1.0169491525423728,0.09418614607414239,76267.55610972569,1170.8315148730906
2026-05-25T09:15:24+00:00,2026-05-25T15:00:24+05:45,2026-05-25,15:00:24,1779700524,0,9,15,nepse_official,CLOSE,2026-05-25,HEI,Himalayan Everest Insurance Limited,535.0,583.0,533.0,,533.2,535.9,-2.699999999999932,,8429.0,4546255.8,43.0,50.0,9.345794392523365,-0.5038253405485971,105726.87906976744,539.3588563293391
2026-05-25T09:15:24+00:00,2026-05-25T15:00:24+05:45,2026-05-25,15:00:24,1779700524,0,9,15,nepse_official,CLOSE,2026-05-25,HEIP,Himalayan Everest Insurance Limited Promoter,328.9,328.9,326.0,,326.0,320.0,6.0,,599.0,196857.2,3.0,2.8999999999999773,0.8817269686834837,1.875,65619.06666666667,328.64307178631054
2026-05-25T09:15:24+00:00,2026-05-25T15:00:24+05:45,2026-05-25,15:00:24,1779700524,0,9,15,nepse_official,CLOSE,2026-05-25,HFIN,Hotel Forest Inn Limited,985.0,1042.0,985.0,,1021.0,1000.0,21.0,,80636.0,82412159.6,2463.0,57.0,5.786802030456853,2.1,33460.07291920422,1022.0268812937148
2026-05-25T09:15:24+00:00,2026-05-25T15:00:24+05:45,2026-05-25,15:00:24,1779700524,0,9,15,nepse_official,CLOSE,2026-05-25,HHL,Himalayan Hydropower Limited,396.9,396.9,376.0,,378.0,378.0,0.0,,71646.0,27284717.6,207.0,20.899999999999977,5.2658100277147835,0.0,131810.22995169082,380.8268095916032
2026-05-25T09:15:24+00:00,2026-05-25T15:00:24+05:45,2026-05-25,15:00:24,1779700524,0,9,15,nepse_official,CLOSE,2026-05-25,HIDCL,Hydorelectricity Investment and Development Company Ltd,270.0,276.8,270.0,,275.0,271.5,3.5,,81732.0,22464186.9,393.0,6.800000000000011,2.5185185185185226,1.289134438305709,57160.78091603053,274.8517948906181
2026-05-25T09:15:24+00:00,2026-05-25T15:00:24+05:45,2026-05-25,15:00:24,1779700524,0,9,15,nepse_official,CLOSE,2026-05-25,HIDCLP,Hydorelectricity Investment and Development Company Limited Promoter,209.2,210.7,207.4,,209.8,207.3,2.5,,189936.0,39778570.3,457.0,3.299999999999983,1.5774378585085962,1.2059816690786298,87042.82341356673,209.43144164350096
2026-05-25T09:15:24+00:00,2026-05-25T15:00:24+05:45,2026-05-25,15:00:24,1779700524,0,9,15,nepse_official,CLOSE,2026-05-25,HIMSTAR,Him Star Urja Company Limited,900.0,929.5,894.0,,902.0,918.0,-16.0,,9746.0,8899124.6,159.0,35.5,3.944444444444444,-1.7429193899782136,55969.33710691824,913.1053355222655
2026-05-25T09:15:24+00:00,2026-05-25T15:00:24+05:45,2026-05-25,15:00:24,1779700524,0,9,15,nepse_official,CLOSE,2026-05-25,HLBSL,Himalayan Laghubitta Bittiya Sanstha Limited,910.0,920.0,893.0,,900.0,898.0,2.0,,622.0,557441.8,11.0,27.0,2.9670329670329667,0.22271714922048996,50676.527272727275,896.2086816720258
2026-05-25T09:15:24+00:00,2026-05-25T15:00:24+05:45,2026-05-25,15:00:24,1779700524,0,9,15,nepse_official,CLOSE,2026-05-25,HLI,Himalayan Life Insurance Limited,344.0,344.3,340.0,,343.8,339.8,4.0,,42288.0,14505493.4,360.0,4.300000000000011,1.2500000000000033,1.1771630370806356,40293.03722222222,343.01677544457056
2026-05-25T09:15:24+00:00,2026-05-25T15:00:24+05:45,2026-05-25,15:00:24,1779700524,0,9,15,nepse_official,CLOSE,2026-05-25,HLICF,HLI Large Cap Fund,9.1,9.12,8.9,,8.96,8.87,0.09000000000000163,,50360.0,453148.6,19.0,0.21999999999999886,2.417582417582405,1.0146561443066702,23849.92631578947,8.9981850675139
2026-05-25T09:15:24+00:00,2026-05-25T15:00:24+05:45,2026-05-25,15:00:24,1779700524,0,9,15,nepse_official,CLOSE,2026-05-25,HPPL,Himalayan Power Partner Ltd.,381.3,388.0,381.0,,384.0,381.0,3.0,,15116.0,5833015.6,140.0,7.0,1.8358248098610017,0.7874015748031495,41664.39714285714,385.88354061921143
2026-05-25T09:15:24+00:00,2026-05-25T15:00:24+05:45,2026-05-25,15:00:24,1779700524,0,9,15,nepse_official,CLOSE,2026-05-25,HRL,Himalayan Reinsurance Limited,641.0,661.0,640.5,,653.8,641.4,12.399999999999977,,110988.0,72468399.6,1144.0,20.5,3.1981279251170043,1.9332709697536605,63346.503146853145,652.9390528705806
2026-05-25T09:15:24+00:00,2026-05-25T15:00:24+05:45,2026-05-25,15:00:24,1779700524,0,9,15,nepse_official,CLOSE,2026-05-25,HURJA,Himalaya Urja Bikas Company Limited,262.0,269.0,262.0,,266.0,263.0,3.0,,89571.0,23877580.9,302.0,7.0,2.6717557251908395,1.1406844106463878,79064.83741721854,266.5771388060868
2026-05-25T09:15:24+00:00,2026-05-25T15:00:24+05:45,2026-05-25,15:00:24,1779700524,0,9,15,nepse_official,CLOSE,2026-05-25,ICFC,ICFC Finance Limited,631.0,639.5,629.0,,635.0,631.0,4.0,,7574.0,4804232.1,81.0,10.5,1.664025356576862,0.6339144215530903,59311.5074074074,634.3057961447055
2026-05-25T09:15:24+00:00,2026-05-25T15:00:24+05:45,2026-05-25,15:00:24,1779700524,0,9,15,nepse_official,CLOSE,2026-05-25,ICFCD88,9% ICFC Finance Limited Debenture 2088,1145.0,1145.0,1145.0,,1145.0,1150.0,-5.0,,25.0,28625.0,1.0,0.0,0.0,-0.43478260869565216,28625.0,1145.0
2026-05-25T09:15:24+00:00,2026-05-25T15:00:24+05:45,2026-05-25,15:00:24,1779700524,0,9,15,nepse_official,CLOSE,2026-05-25,ICFCD89,8% ICFC Finance Limited Debenture 2089,1081.0,1099.0,1081.0,,1099.0,1099.0,0.0,,200.0,217855.0,11.0,18.0,1.6651248843663276,0.0,19805.0,1089.275
2026-05-25T09:15:24+00:00,2026-05-25T15:00:24+05:45,2026-05-25,15:00:24,1779700524,0,9,15,nepse_official,CLOSE,2026-05-25,IGI,IGI Prudential insurance Limited,439.9,439.9,431.8,,438.5,430.0,8.5,,11310.0,4939790.4,61.0,8.099999999999966,1.8413275744487307,1.9767441860465116,80980.17049180329,436.76307692307694
2026-05-25T09:15:24+00:00,2026-05-25T15:00:24+05:45,2026-05-25,15:00:24,1779700524,0,9,15,nepse_official,CLOSE,2026-05-25,IHL,Ingwa Hydropower Limited,442.0,451.1,425.0,,446.0,442.0,4.0,,121896.0,53302430.2,607.0,26.100000000000023,5.9049773755656165,0.904977375565611,87812.89983525536,437.2779270853843
2026-05-25T09:15:24+00:00,2026-05-25T15:00:24+05:45,2026-05-25,15:00:24,1779700524,0,9,15,nepse_official,CLOSE,2026-05-25,ILBS,Infinity Laghubitta Bittiya Sanstha Limited,935.0,947.2,920.1,,928.0,939.9,-11.899999999999977,,3308.0,3067150.8,52.0,27.100000000000023,2.898395721925136,-1.2660921374614296,58983.66923076923,927.1918984280532
2026-05-25T09:15:24+00:00,2026-05-25T15:00:24+05:45,2026-05-25,15:00:24,1779700524,0,9,15,nepse_official,CLOSE,2026-05-25,ILI,IME Life Insurance Company Limited,437.0,444.0,437.0,,441.2,439.9,1.3000000000000114,,8017.0,3539390.6,286.0,7.0,1.6018306636155606,0.29552170947942974,12375.491608391609,441.48566795559435
2026-05-25T09:15:24+00:00,2026-05-25T15:00:24+05:45,2026-05-25,15:00:24,1779700524,0,9,15,nepse_official,CLOSE,2026-05-25,JBBL,Jyoti Bikas Bank Limited,343.5,368.0,343.5,,367.6,361.5,6.100000000000023,,36362.0,13274313.8,179.0,24.5,7.132459970887918,1.6874135546334779,74158.17765363128,365.0600572025741
2026-05-25T09:15:24+00:00,2026-05-25T15:00:24+05:45,2026-05-25,15:00:24,1779700524,0,9,15,nepse_official,CLOSE,2026-05-25,JBLB,Jeevan Bikas Laghubitta  Bittya Sanstha Ltd,1305.0,1325.0,1305.0,,1310.0,1302.0,8.0,,3898.0,5128164.9,146.0,20.0,1.532567049808429,0.6144393241167435,35124.417123287676,1315.5887378142638
2026-05-25T09:15:24+00:00,2026-05-25T15:00:24+05:45,2026-05-25,15:00:24,1779700524,0,9,15,nepse_official,CLOSE,2026-05-25,JFL,Janaki Finance Company Limited,409.0,414.9,409.0,,413.1,408.0,5.100000000000023,,3350.0,1382836.7,30.0,5.899999999999977,1.4425427872860581,1.2500000000000056,46094.556666666664,412.78707462686566
2026-05-25T09:15:24+00:00,2026-05-25T15:00:24+05:45,2026-05-25,15:00:24,1779700524,0,9,15,nepse_official,CLOSE,2026-05-25,JHAPA,Jhapa Energy Limited,1480.0,1543.7,1438.0,,1510.0,1499.0,11.0,,24188.0,35994869.1,295.0,105.70000000000005,7.141891891891896,0.733822548365577,122016.50542372881,1488.1292004299653
2026-05-25T09:15:24+00:00,2026-05-25T15:00:24+05:45,2026-05-25,15:00:24,1779700524,0,9,15,nepse_official,CLOSE,2026-05-25,JOSHI,Joshi Hydropower Development Company Ltd,282.1,290.0,282.1,,288.1,284.5,3.6000000000000227,,16430.0,4736335.2,105.0,7.899999999999977,2.800425381070534,1.26537785588753,45107.95428571429,288.2735970785149
2026-05-25T09:15:24+00:00,2026-05-25T15:00:24+05:45,2026-05-25,15:00:24,1779700524,0,9,15,nepse_official,CLOSE,2026-05-25,JSLBB,Janautthan Samudayic Laghubitta Bittya Sanstha Limited,1078.5,1085.0,1078.1,,1085.0,1089.1,-4.099999999999909,,158.0,171062.9,8.0,6.900000000000091,0.6397774687065453,-0.3764576255623826,21382.8625,1082.676582278481
2026-05-25T09:15:24+00:00,2026-05-25T15:00:24+05:45,2026-05-25,15:00:24,1779700524,0,9,15,nepse_official,CLOSE,2026-05-25,KBL,Kumari Bank Limited,220.0,224.0,219.0,,222.0,218.7,3.3000000000000114,,290386.0,64460850.1,786.0,5.0,2.272727272727273,1.5089163237311438,82011.2596692112,221.98332598679
2026-05-25T09:15:24+00:00,2026-05-25T15:00:24+05:45,2026-05-25,15:00:24,1779700524,0,9,15,nepse_official,CLOSE,2026-05-25,KBSH,Kutheli Bukhari Small Hydropower Limited,1470.2,1500.2,1470.2,,1500.0,1500.0,0.0,,282.0,422625.2,10.0,30.0,2.0405387022173853,0.0,42262.520000000004,1498.6709219858155
2026-05-25T09:15:24+00:00,2026-05-25T15:00:24+05:45,2026-05-25,15:00:24,1779700524,0,9,15,nepse_official,CLOSE,2026-05-25,KDBY,Kumari Dhanabriddhi Yojana,11.41,11.7,11.41,,11.67,11.45,0.22000000000000064,,329500.0,3830425.0,50.0,0.28999999999999915,2.5416301489921045,1.9213973799126693,76608.5,11.624962063732928
2026-05-25T09:15:24+00:00,2026-05-25T15:00:24+05:45,2026-05-25,15:00:24,1779700524,0,9,15,nepse_official,CLOSE,2026-05-25,KDL,Kalinchowk Darshan Limited,850.0,850.0,812.0,,830.5,826.8,3.7000000000000455,,1655.0,1369989.2,62.0,38.0,4.470588235294118,0.44750846637639646,22096.6,827.7880362537765
2026-05-25T09:15:24+00:00,2026-05-25T15:00:24+05:45,2026-05-25,15:00:24,1779700524,0,9,15,nepse_official,CLOSE,2026-05-25,KEF,Kumari Equity Fund,10.75,11.0,10.72,,11.0,10.75,0.25,,163100.0,1789942.49,32.0,0.27999999999999936,2.604651162790692,2.3255813953488373,55935.7028125,10.974509442060086
2026-05-25T09:15:24+00:00,2026-05-25T15:00:24+05:45,2026-05-25,15:00:24,1779700524,0,9,15,nepse_official,CLOSE,2026-05-25,KKHC,Khanikhola Hydropower Co. Ltd.,273.5,273.5,266.0,,271.9,266.1,5.7999999999999545,,59924.0,16189645.3,236.0,7.5,2.742230347349177,2.1796317173994564,68600.19194915255,270.1696365396169
2026-05-25T09:15:24+00:00,2026-05-25T15:00:24+05:45,2026-05-25,15:00:24,1779700524,0,9,15,nepse_official,CLOSE,2026-05-25,KMCDB,Kalika Laghubitta Bittiya Sanstha Ltd,860.0,875.0,855.0,,875.0,860.0,15.0,,2545.0,2203872.5,52.0,20.0,2.3255813953488373,1.744186046511628,42382.16346153846,865.9616895874263
2026-05-25T09:15:24+00:00,2026-05-25T15:00:24+05:45,2026-05-25,15:00:24,1779700524,0,9,15,nepse_official,CLOSE,2026-05-25,KPCL,Kalika power Company Ltd,490.0,502.0,490.0,,499.2,493.5,5.699999999999989,,9749.0,4870386.9,87.0,12.0,2.4489795918367347,1.1550151975683867,55981.45862068966,499.57810031798135
2026-05-25T09:15:24+00:00,2026-05-25T15:00:24+05:45,2026-05-25,15:00:24,1779700524,0,9,15,nepse_official,CLOSE,2026-05-25,KSBBL,Kamana Sewa Bikas Bank Limited,484.0,490.0,484.0,,486.6,482.1,4.5,,39235.0,19181790.7,98.0,6.0,1.2396694214876034,0.9334163036714374,195732.5581632653,488.8948821205556
2026-05-25T09:15:24+00:00,2026-05-25T15:00:24+05:45,2026-05-25,15:00:24,1779700524,0,9,15,nepse_official,CLOSE,2026-05-25,KSBBLD87,9% Kamana Sewa Bikas Bank Limited Debenture 2087,1132.0,1132.0,1132.0,,1132.0,1131.0,1.0,,25.0,28300.0,1.0,0.0,0.0,0.08841732979664013,28300.0,1132.0
2026-05-25T09:15:24+00:00,2026-05-25T15:00:24+05:45,2026-05-25,15:00:24,1779700524,0,9,15,nepse_official,CLOSE,2026-05-25,KSBBLP,Kamana Sewa Bikas Bank Limited Promoter Share,269.0,269.0,269.0,,269.0,269.0,0.0,,14079.0,3787251.0,1.0,0.0,0.0,0.0,3787251.0,269.0
2026-05-25T09:15:24+00:00,2026-05-25T15:00:24+05:45,2026-05-25,15:00:24,1779700524,0,9,15,nepse_official,CLOSE,2026-05-25,KSY,Kumari Sabal Yojana,9.8,9.9,9.61,,9.9,9.8,0.09999999999999964,,21900.0,216523.0,17.0,0.2900000000000009,2.959183673469397,1.0204081632653024,12736.64705882353,9.88689497716895
2026-05-25T09:15:24+00:00,2026-05-25T15:00:24+05:45,2026-05-25,15:00:24,1779700524,0,9,15,nepse_official,CLOSE,2026-05-25,LBBL,Lumbini Bikas Bank Ltd.,498.1,498.1,491.0,,494.2,491.0,3.1999999999999886,,40292.0,19963891.3,176.0,7.100000000000023,1.4254165830154633,0.651731160896128,113431.20056818183,495.48027648168375
2026-05-25T09:15:24+00:00,2026-05-25T15:00:24+05:45,2026-05-25,15:00:24,1779700524,0,9,15,nepse_official,CLOSE,2026-05-25,LEC,Liberty Energy Company Limited,222.0,237.9,222.0,,235.0,233.0,2.0,,130445.0,30798955.0,434.0,15.900000000000006,7.162162162162165,0.8583690987124464,70965.33410138248,236.10682663191383
2026-05-25T09:15:24+00:00,2026-05-25T15:00:24+05:45,2026-05-25,15:00:24,1779700524,0,9,15,nepse_official,CLOSE,2026-05-25,LICN,Life Insurance Corporation (Nepal) Limited,829.0,829.0,813.0,,817.1,813.0,4.100000000000023,,5900.0,4836805.5,56.0,16.0,1.9300361881785282,0.5043050430504333,86371.52678571429,819.7975423728814
2026-05-25T09:15:24+00:00,2026-05-25T15:00:24+05:45,2026-05-25,15:00:24,1779700524,0,9,15,nepse_official,CLOSE,2026-05-25,LLBS,Laxmi Laghubitta Bittiya Sanstha Ltd.,958.0,965.0,930.0,,930.0,958.0,-28.0,,2059.0,1943385.3,19.0,35.0,3.653444676409186,-2.9227557411273484,102283.43684210526,943.8491015055853
2026-05-25T09:15:24+00:00,2026-05-25T15:00:24+05:45,2026-05-25,15:00:24,1779700524,0,9,15,nepse_official,CLOSE,2026-05-25,LSL,Laxmi Sunrise Bank Limited,215.0,244.0,215.0,,225.6,225.9,-0.30000000000001137,,89037.0,20173623.8,286.0,29.0,13.488372093023257,-0.13280212483400236,70537.14615384616,226.57573593000663
2026-05-25T09:15:24+00:00,2026-05-25T15:00:24+05:45,2026-05-25,15:00:24,1779700524,0,9,15,nepse_official,CLOSE,2026-05-25,LUK,Laxmi Unnati Kosh,9.95,10.2,9.95,,10.0,9.95,0.05000000000000071,,5825.0,58005.0,8.0,0.25,2.512562814070352,0.5025125628140775,7250.625,9.95793991416309
2026-05-25T09:15:24+00:00,2026-05-25T15:00:24+05:45,2026-05-25,15:00:24,1779700524,0,9,15,nepse_official,CLOSE,2026-05-25,LVF2,Laxmi Value Fund 2,9.8,10.19,9.8,,9.95,10.0,-0.05000000000000071,,4700.0,47425.0,19.0,0.3899999999999988,3.979591836734681,-0.5000000000000071,2496.0526315789475,10.090425531914894
2026-05-25T09:15:24+00:00,2026-05-25T15:00:24+05:45,2026-05-25,15:00:24,1779700524,0,9,15,nepse_official,CLOSE,2026-05-25,MABEL,Mabilung Energy Limited,760.0,782.0,742.1,,749.0,760.0,-11.0,,35781.0,27315948.5,571.0,39.89999999999998,5.249999999999997,-1.4473684210526316,47838.78896672504,763.4204885274307
2026-05-25T09:15:24+00:00,2026-05-25T15:00:24+05:45,2026-05-25,15:00:24,1779700524,0,9,15,nepse_official,CLOSE,2026-05-25,MAKAR,Makar Jitumaya Suri Hydropower Limited,535.1,535.1,504.0,,510.0,509.7,0.30000000000001137,,15413.0,7841424.1,115.0,31.100000000000023,5.8119977574285215,0.058858151854034015,68186.29652173913,508.7539155258548
2026-05-25T09:15:24+00:00,2026-05-25T15:00:24+05:45,2026-05-25,15:00:24,1779700524,0,9,15,nepse_official,CLOSE,2026-05-25,MANDU,Mandu Hydropower Limited,815.0,835.0,815.0,,835.0,818.9,16.100000000000023,,1108.0,915502.8,40.0,20.0,2.4539877300613497,1.9660520210037884,22887.57,826.2660649819495
2026-05-25T09:15:24+00:00,2026-05-25T15:00:24+05:45,2026-05-25,15:00:24,1779700524,0,9,15,nepse_official,CLOSE,2026-05-25,MATRI,Matribhumi Lagubitta Bittiya Sanstha Limited,881.0,913.0,880.0,,892.0,895.0,-3.0,,539.0,479747.3,29.0,33.0,3.745743473325766,-0.33519553072625696,16543.010344827584,890.069202226345
2026-05-25T09:15:24+00:00,2026-05-25T15:00:24+05:45,2026-05-25,15:00:24,1779700524,0,9,15,nepse_official,CLOSE,2026-05-25,MBJC,Madhya Bhotekoshi Jalavidyut Company Limited,286.0,292.0,281.3,,288.1,286.0,2.1000000000000227,,26334.0,7596168.1,341.0,10.699999999999989,3.7412587412587373,0.7342657342657423,22276.152785923754,288.45477709425074
2026-05-25T09:15:24+00:00,2026-05-25T15:00:24+05:45,2026-05-25,15:00:24,1779700524,0,9,15,nepse_official,CLOSE,2026-05-25,MBL,Machhapuchhre Bank Limited,253.7,256.8,253.7,,254.9,252.9,2.0,,90738.0,23160277.6,204.0,3.1000000000000227,1.2219156484036353,0.7908264136022143,113530.77254901962,255.24342171967643
2026-05-25T09:15:24+00:00,2026-05-25T15:00:24+05:45,2026-05-25,15:00:24,1779700524,0,9,15,nepse_official,CLOSE,2026-05-25,MBLD2085,10.25% Machhapuchhre Bank Debenture 2085,1200.0,1200.0,1200.0,,1200.0,1235.0,-35.0,,100.0,120000.0,1.0,0.0,0.0,-2.834008097165992,120000.0,1200.0
2026-05-25T09:15:24+00:00,2026-05-25T15:00:24+05:45,2026-05-25,15:00:24,1779700524,0,9,15,nepse_official,CLOSE,2026-05-25,MBLEF,MBL Equity Fund,9.93,10.21,9.93,,10.08,10.05,0.02999999999999936,,6309.0,63693.35,24.0,0.28000000000000114,2.8197381671702026,0.2985074626865608,2653.889583333333,10.095633222380727
2026-05-25T09:15:24+00:00,2026-05-25T15:00:24+05:45,2026-05-25,15:00:24,1779700524,0,9,15,nepse_official,CLOSE,2026-05-25,MCHL,Menchhiyam Hydropower Limited,323.0,329.9,313.4,,318.5,322.9,-4.399999999999977,,26375.0,8544757.6,171.0,16.5,5.108359133126935,-1.3626509755342142,49969.342690058475,323.97185213270143
2026-05-25T09:15:24+00:00,2026-05-25T15:00:24+05:45,2026-05-25,15:00:24,1779700524,0,9,15,nepse_official,CLOSE,2026-05-25,MDB,Miteri Development Bank Limited,615.0,618.0,612.2,,615.0,614.6,0.39999999999997726,,12990.0,7978273.2,56.0,5.7999999999999545,0.9430894308943015,0.06508298080051696,142469.1642857143,614.1857736720555
2026-05-25T09:15:24+00:00,2026-05-25T15:00:24+05:45,2026-05-25,15:00:24,1779700524,0,9,15,nepse_official,CLOSE,2026-05-25,MEHL,Manakamana Engineering Hydropower Limited,379.0,390.0,379.0,,384.1,380.0,4.100000000000023,,3921.0,1509242.3,65.0,11.0,2.9023746701846966,1.0789473684210587,23219.112307692307,384.9125988268299
2026-05-25T09:15:24+00:00,2026-05-25T15:00:24+05:45,2026-05-25,15:00:24,1779700524,0,9,15,nepse_official,CLOSE,2026-05-25,MEL,Modi Energy Limited,238.0,245.1,235.1,,244.0,238.1,5.900000000000006,,26840.0,6523561.1,294.0,10.0,4.201680672268908,2.4779504409911826,22188.983333333334,243.05369225037256
2026-05-25T09:15:24+00:00,2026-05-25T15:00:24+05:45,2026-05-25,15:00:24,1779700524,0,9,15,nepse_official,CLOSE,2026-05-25,MEN,Mountain Energy Nepal Limited,610.0,615.0,606.5,,607.0,604.0,3.0,,70596.0,42925872.5,353.0,8.5,1.3934426229508197,0.49668874172185434,121603.03824362606,608.0496416227548
2026-05-25T09:15:24+00:00,2026-05-25T15:00:24+05:45,2026-05-25,15:00:24,1779700524,0,9,15,nepse_official,CLOSE,2026-05-25,MERO,Mero Microfinance Bittiya Sanstha Ltd.,732.9,733.0,720.0,,720.8,718.0,2.7999999999999545,,4447.0,3223938.3,58.0,13.0,1.7737754127438943,0.3899721448467903,55585.143103448274,724.9692601753991
2026-05-25T09:15:24+00:00,2026-05-25T15:00:24+05:45,2026-05-25,15:00:24,1779700524,0,9,15,nepse_official,CLOSE,2026-05-25,MFIL,Manjushree Finance Ltd.,785.0,804.8,785.0,,799.0,802.0,-3.0,,19225.0,15345164.2,145.0,19.799999999999955,2.5222929936305674,-0.3740648379052369,105828.71862068964,798.1879947984395
2026-05-25T09:15:24+00:00,2026-05-25T15:00:24+05:45,2026-05-25,15:00:24,1779700524,0,9,15,nepse_official,CLOSE,2026-05-25,MHCL,Molung Hydropower Company Limited,370.0,372.0,362.0,,363.0,368.9,-5.899999999999977,,6204.0,2270237.4,93.0,10.0,2.7027027027027026,-1.5993494171862233,24411.154838709677,365.9312379110251
2026-05-25T09:15:24+00:00,2026-05-25T15:00:24+05:45,2026-05-25,15:00:24,1779700524,0,9,15,nepse_official,CLOSE,2026-05-25,MHL,Mandakini Hydropower Limited,500.0,510.0,498.5,,506.0,500.0,6.0,,11018.0,5565635.5,80.0,11.5,2.3,1.2,69570.44375,505.1402704665093
2026-05-25T09:15:24+00:00,2026-05-25T15:00:24+05:45,2026-05-25,15:00:24,1779700524,0,9,15,nepse_official,CLOSE,2026-05-25,MHNL,Mountain Hydro Nepal Limited,268.0,276.0,268.0,,274.0,270.0,4.0,,6517.0,1788340.2,52.0,8.0,2.9850746268656714,1.4814814814814816,34391.157692307694,274.4115697406782
2026-05-25T09:15:24+00:00,2026-05-25T15:00:24+05:45,2026-05-25,15:00:24,1779700524,0,9,15,nepse_official,CLOSE,2026-05-25,MKCL,Muktinath Krishi Company Limited,1290.0,1310.0,1272.1,,1278.0,1288.0,-10.0,,1896.0,2434826.4,52.0,37.90000000000009,2.937984496124038,-0.7763975155279503,46823.584615384614,1284.1911392405063
2026-05-25T09:15:24+00:00,2026-05-25T15:00:24+05:45,2026-05-25,15:00:24,1779700524,0,9,15,nepse_official,CLOSE,2026-05-25,MKHC,Maya Khola Hydropower Company Limited,320.0,342.9,320.0,,339.2,320.0,19.19999999999999,,64493.0,21707649.4,449.0,22.899999999999977,7.156249999999993,5.9999999999999964,48346.65790645879,336.58923294000897
2026-05-25T09:15:24+00:00,2026-05-25T15:00:24+05:45,2026-05-25,15:00:24,1779700524,0,9,15,nepse_official,CLOSE,2026-05-25,MKHL,Mai Khola Hydropower Limited,523.1,574.8,523.1,,552.4,545.0,7.399999999999977,,7533.0,4222412.5,119.0,51.69999999999993,9.883387497610387,1.3577981651376105,35482.45798319328,560.5220363732908
2026-05-25T09:15:24+00:00,2026-05-25T15:00:24+05:45,2026-05-25,15:00:24,1779700524,0,9,15,nepse_official,CLOSE,2026-05-25,MKJC,Mailung Khola Jal Vidhyut Company Limited,500.0,501.6,493.2,,501.0,490.0,11.0,,5087.0,2542789.0,41.0,8.400000000000034,1.6800000000000068,2.2448979591836733,62019.243902439026,499.8602319638294
2026-05-25T09:15:24+00:00,2026-05-25T15:00:24+05:45,2026-05-25,15:00:24,1779700524,0,9,15,nepse_official,CLOSE,2026-05-25,MLBBL,Mithila LaghuBitta Bittiya Sanstha Limited,1220.0,1220.0,1183.0,,1189.0,1198.0,-9.0,,2749.0,3273239.0,30.0,37.0,3.0327868852459017,-0.7512520868113522,109107.96666666666,1190.7017097126227
2026-05-25T09:15:24+00:00,2026-05-25T15:00:24+05:45,2026-05-25,15:00:24,1779700524,0,9,15,nepse_official,CLOSE,2026-05-25,MLBL,Mahalaxmi Bikas Bank Ltd.,369.9,370.9,367.3,,370.4,365.9,4.5,,18083.0,6677999.9,92.0,3.599999999999966,0.9732360097323509,1.2298442197321673,72586.95543478262,369.29712437095617
2026-05-25T09:15:24+00:00,2026-05-25T15:00:24+05:45,2026-05-25,15:00:24,1779700524,0,9,15,nepse_official,CLOSE,2026-05-25,MLBS,Manushi Laghubitta Bittiya Sanstha Limited,1250.0,1300.0,1250.0,,1290.0,1279.0,11.0,,200.0,257000.0,10.0,50.0,4.0,0.8600469116497262,25700.0,1285.0
2026-05-25T09:15:24+00:00,2026-05-25T15:00:24+05:45,2026-05-25,15:00:24,1779700524,0,9,15,nepse_official,CLOSE,2026-05-25,MLBSL,Mahila Lagubitta Bittiya Sanstha Limited ,1800.0,1820.0,1790.0,,1820.0,1800.0,20.0,,634.0,1149734.6,14.0,30.0,1.6666666666666667,1.1111111111111112,82123.90000000001,1813.4615141955837
2026-05-25T09:15:24+00:00,2026-05-25T15:00:24+05:45,2026-05-25,15:00:24,1779700524,0,9,15,nepse_official,CLOSE,2026-05-25,MMF1,Mega Mutual Fund -1,9.7,9.7,9.39,,9.57,9.59,-0.019999999999999574,,5205.0,49448.25,24.0,0.3099999999999987,3.195876288659781,-0.2085505735140727,2060.34375,9.50014409221902
2026-05-25T09:15:24+00:00,2026-05-25T15:00:24+05:45,2026-05-25,15:00:24,1779700524,0,9,15,nepse_official,CLOSE,2026-05-25,MMKJL,Mathillo Mailun Khola Jalvidhyut Limited,494.0,515.0,494.0,,507.0,501.0,6.0,,2714.0,1375542.0,63.0,21.0,4.251012145748987,1.1976047904191618,21834.0,506.83198231392777
2026-05-25T09:15:24+00:00,2026-05-25T15:00:24+05:45,2026-05-25,15:00:24,1779700524,0,9,15,nepse_official,CLOSE,2026-05-25,MNBBL,Muktinath Bikas Bank Ltd.,374.3,379.0,374.0,,375.5,372.9,2.6000000000000227,,32162.0,12136809.8,178.0,5.0,1.3358268768367618,0.6972378653794644,68184.32471910113,377.36489646166285
2026-05-25T09:15:24+00:00,2026-05-25T15:00:24+05:45,2026-05-25,15:00:24,1779700524,0,9,15,nepse_official,CLOSE,2026-05-25,MNMF1,Muktinath Mutual Fund 1,9.9,10.0,9.9,,9.96,10.0,-0.03999999999999915,,22506.0,223940.4,29.0,0.09999999999999964,1.0101010101010066,-0.39999999999999153,7722.08275862069,9.950253265795787
2026-05-25T09:15:24+00:00,2026-05-25T15:00:24+05:45,2026-05-25,15:00:24,1779700524,0,9,15,nepse_official,CLOSE,2026-05-25,MPFL,Multipurpose Finance Company  Limited,624.9,629.0,613.0,,618.1,619.5,-1.3999999999999773,,5492.0,3418038.9,57.0,16.0,2.5604096655464876,-0.22598870056496806,59965.594736842104,622.3668790968682
2026-05-25T09:15:24+00:00,2026-05-25T15:00:24+05:45,2026-05-25,15:00:24,1779700524,0,9,15,nepse_official,CLOSE,2026-05-25,MSHL,Mid Solu Hydropower Limited,695.0,708.0,686.0,,708.0,695.0,13.0,,811.0,566232.7,37.0,22.0,3.1654676258992804,1.870503597122302,15303.586486486485,698.1907521578298
2026-05-25T09:15:24+00:00,2026-05-25T15:00:24+05:45,2026-05-25,15:00:24,1779700524,0,9,15,nepse_official,CLOSE,2026-05-25,MSLB,Mahuli Laghubitta Bittiya Sanstha Limited,1272.0,1272.0,1235.0,,1242.1,1240.0,2.099999999999909,,1470.0,1831913.0,38.0,37.0,2.908805031446541,0.16935483870967008,48208.23684210526,1246.1993197278912
2026-05-25T09:15:24+00:00,2026-05-25T15:00:24+05:45,2026-05-25,15:00:24,1779700524,0,9,15,nepse_official,CLOSE,2026-05-25,NABBC,Narayani Development Bank Limited,930.0,968.0,930.0,,940.0,950.0,-10.0,,6672.0,6340467.7,75.0,38.0,4.086021505376344,-1.0526315789473684,84539.56933333333,950.3099070743406
2026-05-25T09:15:24+00:00,2026-05-25T15:00:24+05:45,2026-05-25,15:00:24,1779700524,0,9,15,nepse_official,CLOSE,2026-05-25,NABIL,Nabil Bank Limited,530.0,536.0,530.0,,535.0,530.0,5.0,,58752.0,31363197.3,605.0,6.0,1.1320754716981132,0.9433962264150944,51839.99553719009,533.8234834558824
2026-05-25T09:15:24+00:00,2026-05-25T15:00:24+05:45,2026-05-25,15:00:24,1779700524,0,9,15,nepse_official,CLOSE,2026-05-25,NABILD2089,7% Nabil Debenture 2089,1125.0,1133.0,1125.0,,1127.9,1100.0,27.90000000000009,,335.0,377737.3,7.0,8.0,0.7111111111111111,2.5363636363636446,53962.47142857143,1127.5740298507462
2026-05-25T09:15:24+00:00,2026-05-25T15:00:24+05:45,2026-05-25,15:00:24,1779700524,0,9,15,nepse_official,CLOSE,2026-05-25,NADEP,Nadep Laghubittiya bittya Sanstha Ltd.,741.0,763.2,735.4,,745.0,745.0,0.0,,2425.0,1805357.6,33.0,27.800000000000068,3.7516869095816556,0.0,54707.80606060606,744.4773608247423
2026-05-25T09:15:24+00:00,2026-05-25T15:00:24+05:45,2026-05-25,15:00:24,1779700524,0,9,15,nepse_official,CLOSE,2026-05-25,NBF2,NABIL BALANCED FUND-2,9.95,10.1,9.9,,9.96,9.95,0.010000000000001563,,7950.0,79855.5,8.0,0.1999999999999993,2.0100502512562746,0.10050251256282978,9981.9375,10.044716981132076
2026-05-25T09:15:24+00:00,2026-05-25T15:00:24+05:45,2026-05-25,15:00:24,1779700524,0,9,15,nepse_official,CLOSE,2026-05-25,NBF3,Nabil Balanced Fund-3,9.95,9.96,9.95,,9.96,9.95,0.010000000000001563,,4700.0,46780.0,26.0,0.010000000000001563,0.10050251256282978,0.10050251256282978,1799.2307692307693,9.953191489361702
2026-05-25T09:15:24+00:00,2026-05-25T15:00:24+05:45,2026-05-25,15:00:24,1779700524,0,9,15,nepse_official,CLOSE,2026-05-25,NBL,Nepal Bank Limited,252.1,276.0,252.1,,273.8,265.3,8.5,,139409.0,37913534.3,340.0,23.900000000000006,9.480364934549785,3.203920090463626,111510.39499999999,271.95901484122254
2026-05-25T09:15:24+00:00,2026-05-25T15:00:24+05:45,2026-05-25,15:00:24,1779700524,0,9,15,nepse_official,CLOSE,2026-05-25,NBLD85,Nabil Debenture 2085,1079.5,1081.0,1038.0,,1038.0,1052.1,-14.099999999999909,,40905.0,42473696.5,12.0,43.0,3.983325613710051,-1.3401767892785772,3539474.7083333335,1038.3497494193864
2026-05-25T09:15:24+00:00,2026-05-25T15:00:24+05:45,2026-05-25,15:00:24,1779700524,0,9,15,nepse_official,CLOSE,2026-05-25,NBLD87,8.5% Nepal Bank Debenture 2087,1091.3,1091.3,1091.3,,1091.3,1125.0,-33.700000000000045,,25.0,27282.5,1.0,0.0,0.0,-2.9955555555555597,27282.5,1091.3
2026-05-25T09:15:24+00:00,2026-05-25T15:00:24+05:45,2026-05-25,15:00:24,1779700524,0,9,15,nepse_official,CLOSE,2026-05-25,NESDO,NESDO Sambridha Laghubitta Bittiya Sanstha Limited,1535.1,1569.0,1535.0,,1555.0,1524.0,31.0,,1233.0,1911603.2,39.0,34.0,2.2148394241417497,2.0341207349081363,49015.46666666667,1550.3675587996756
2026-05-25T09:15:24+00:00,2026-05-25T15:00:24+05:45,2026-05-25,15:00:24,1779700524,0,9,15,nepse_official,CLOSE,2026-05-25,NFS,Nepal Finance Ltd.,584.0,584.0,570.0,,574.1,570.0,4.100000000000023,,9552.0,5487252.0,90.0,14.0,2.3972602739726026,0.7192982456140391,60969.46666666667,574.4610552763819
2026-05-25T09:15:24+00:00,2026-05-25T15:00:24+05:45,2026-05-25,15:00:24,1779700524,0,9,15,nepse_official,CLOSE,2026-05-25,NGPL,Ngadi Group Power Ltd.,435.0,462.0,435.0,,459.0,451.5,7.5,,317298.0,145117555.2,878.0,27.0,6.206896551724138,1.6611295681063125,165281.9535307517,457.3541440538547
2026-05-25T09:15:24+00:00,2026-05-25T15:00:24+05:45,2026-05-25,15:00:24,1779700524,0,9,15,nepse_official,CLOSE,2026-05-25,NHDL,Nepal Hydro Developers Ltd.,636.9,646.0,636.9,,641.1,636.9,4.2000000000000455,,204.0,130806.6,15.0,9.100000000000023,1.4287957293138678,0.6594441827602521,8720.44,641.2088235294118
2026-05-25T09:15:24+00:00,2026-05-25T15:00:24+05:45,2026-05-25,15:00:24,1779700524,0,9,15,nepse_official,CLOSE,2026-05-25,NHPC,National Hydro Power Company Limited,309.7,309.7,295.0,,295.5,295.0,0.5,,496450.0,148778218.3,1288.0,14.699999999999989,4.746528898934449,0.1694915254237288,115511.03905279504,299.68419438009875
2026-05-25T09:15:24+00:00,2026-05-25T15:00:24+05:45,2026-05-25,15:00:24,1779700524,0,9,15,nepse_official,CLOSE,2026-05-25,NIBD84,8.5% Nepal Investment Bank Debenture 2084,1052.1,1052.1,1052.1,,1052.1,1050.1,2.0,,25.0,26302.5,1.0,0.0,0.0,0.190458051614132,26302.5,1052.1
2026-05-25T09:15:24+00:00,2026-05-25T15:00:24+05:45,2026-05-25,15:00:24,1779700524,0,9,15,nepse_official,CLOSE,2026-05-25,NIBLGF,NIBL Growth Fund,9.62,9.62,9.42,,9.43,9.91,-0.4800000000000004,,1100.0,10527.0,6.0,0.1999999999999993,2.079002079002072,-4.843592330978814,1754.5,9.57
2026-05-25T09:15:24+00:00,2026-05-25T15:00:24+05:45,2026-05-25,15:00:24,1779700524,0,9,15,nepse_official,CLOSE,2026-05-25,NIBLSTF,NIBL Stable Fund,9.13,9.35,9.13,,9.21,9.29,-0.0799999999999983,,2680.0,24616.8,13.0,0.21999999999999886,2.409638554216855,-0.8611410118406706,1893.6,9.185373134328358
2026-05-25T09:15:24+00:00,2026-05-25T15:00:24+05:45,2026-05-25,15:00:24,1779700524,0,9,15,nepse_official,CLOSE,2026-05-25,NIBSF2,NIBL Samriddhi Fund -2,9.14,9.41,9.14,,9.25,9.35,-0.09999999999999964,,4710.0,44022.5,12.0,0.2699999999999996,2.954048140043759,-1.0695187165775364,3668.5416666666665,9.34660297239915
2026-05-25T09:15:24+00:00,2026-05-25T15:00:24+05:45,2026-05-25,15:00:24,1779700524,0,9,15,nepse_official,CLOSE,2026-05-25,NICA,NIC Asia Bank Ltd.,365.0,365.0,345.0,,355.4,352.5,2.8999999999999773,,33053.0,11737080.0,214.0,20.0,5.47945205479452,0.8226950354609864,54846.168224299065,355.0987807460745
2026-05-25T09:15:24+00:00,2026-05-25T15:00:24+05:45,2026-05-25,15:00:24,1779700524,0,9,15,nepse_official,CLOSE,2026-05-25,NICAD2091,7% NIC ASIA Debenture 2091,1053.6,1053.6,1053.6,,1053.6,1052.2,1.3999999999998636,,25.0,26340.0,1.0,0.0,0.0,0.1330545523664573,26340.0,1053.6
2026-05-25T09:15:24+00:00,2026-05-25T15:00:24+05:45,2026-05-25,15:00:24,1779700524,0,9,15,nepse_official,CLOSE,2026-05-25,NICBF,NIC Asia Balanced Fund,9.68,9.68,9.68,,9.68,9.4,0.27999999999999936,,100.0,968.0,1.0,0.0,0.0,2.9787234042553123,968.0,9.68
2026-05-25T09:15:24+00:00,2026-05-25T15:00:24+05:45,2026-05-25,15:00:24,1779700524,0,9,15,nepse_official,CLOSE,2026-05-25,NICD88,NIC ASIA Rinpatra 2088,1110.0,1110.0,1110.0,,1110.0,1078.0,32.0,,25.0,27750.0,1.0,0.0,0.0,2.9684601113172544,27750.0,1110.0
2026-05-25T09:15:24+00:00,2026-05-25T15:00:24+05:45,2026-05-25,15:00:24,1779700524,0,9,15,nepse_official,CLOSE,2026-05-25,NICFC,NIC Asia Flexi CAP Fund,9.17,9.53,9.17,,9.45,9.4,0.049999999999998934,,2150.0,20020.0,20.0,0.35999999999999943,3.925845147219187,0.5319148936170099,1001.0,9.311627906976744
2026-05-25T09:15:24+00:00,2026-05-25T15:00:24+05:45,2026-05-25,15:00:24,1779700524,0,9,15,nepse_official,CLOSE,2026-05-25,NICGF2,NIC ASIA Growth Fund-2,9.92,9.92,9.4,,9.5,9.64,-0.14000000000000057,,1700.0,16331.0,9.0,0.5199999999999996,5.2419354838709635,-1.4522821576763543,1814.5555555555557,9.606470588235295
2026-05-25T09:15:24+00:00,2026-05-25T15:00:24+05:45,2026-05-25,15:00:24,1779700524,0,9,15,nepse_official,CLOSE,2026-05-25,NICL,Nepal Insurance Co. Ltd.,500.0,508.0,497.0,,506.4,497.0,9.399999999999977,,14146.0,7140332.2,109.0,11.0,2.1999999999999997,1.8913480885311826,65507.63486238533,504.75980489184224
2026-05-25T09:15:24+00:00,2026-05-25T15:00:24+05:45,2026-05-25,15:00:24,1779700524,0,9,15,nepse_official,CLOSE,2026-05-25,NICLBSL,NIC ASIA Laghubitta Bittiya Sanstha Limited,574.0,599.4,574.0,,595.0,574.0,21.0,,8797.0,5167365.1,177.0,25.399999999999977,4.425087108013933,3.6585365853658534,29194.15310734463,587.4008298283505
2026-05-25T09:15:24+00:00,2026-05-25T15:00:24+05:45,2026-05-25,15:00:24,1779700524,0,9,15,nepse_official,CLOSE,2026-05-25,NICSF,NIC Asia Select Fund 30,9.39,9.39,9.11,,9.2,9.29,-0.08999999999999986,,2500.0,23007.0,10.0,0.28000000000000114,2.981895633652834,-0.9687836383207736,2300.7,9.2028
2026-05-25T09:15:24+00:00,2026-05-25T15:00:24+05:45,2026-05-25,15:00:24,1779700524,0,9,15,nepse_official,CLOSE,2026-05-25,NIFRA,Nepal Infrastructure Bank Limited,266.1,270.0,266.0,,268.3,266.8,1.5,,113631.0,30523540.5,684.0,4.0,1.5031942878617062,0.5622188905547226,44625.05921052631,268.6198352562241
2026-05-25T09:15:24+00:00,2026-05-25T15:00:24+05:45,2026-05-25,15:00:24,1779700524,0,9,15,nepse_official,CLOSE,2026-05-25,NIFRAGED,Nifra Green Energy Debenture 6% - 2088/89,1035.5,1040.1,1035.5,,1040.1,1035.3,4.7999999999999545,,75.0,77787.5,3.0,4.599999999999909,0.4442298406566788,0.4636337293538061,25929.166666666668,1037.1666666666667
2026-05-25T09:15:24+00:00,2026-05-25T15:00:24+05:45,2026-05-25,15:00:24,1779700524,0,9,15,nepse_official,CLOSE,2026-05-25,NIL,Neco Insurance Limited,610.0,625.0,610.0,,619.0,614.0,5.0,,6305.0,3905194.0,61.0,15.0,2.459016393442623,0.8143322475570033,64019.57377049181,619.3804916732752
2026-05-25T09:15:24+00:00,2026-05-25T15:00:24+05:45,2026-05-25,15:00:24,1779700524,0,9,15,nepse_official,CLOSE,2026-05-25,NIMB,Nepal Investment Mega Bank Limited,199.0,202.0,198.0,,201.0,198.0,3.0,,131834.0,26426397.6,468.0,4.0,2.0100502512562812,1.5151515151515151,56466.66153846154,200.45206547628078
2026-05-25T09:15:24+00:00,2026-05-25T15:00:24+05:45,2026-05-25,15:00:24,1779700524,0,9,15,nepse_official,CLOSE,2026-05-25,NIMBD90,10% NIMB Debenture 2090,1245.0,1245.0,1245.0,,1245.0,1249.0,-4.0,,25.0,31125.0,1.0,0.0,0.0,-0.32025620496397117,31125.0,1245.0
2026-05-25T09:15:24+00:00,2026-05-25T15:00:24+05:45,2026-05-25,15:00:24,1779700524,0,9,15,nepse_official,CLOSE,2026-05-25,NIMBPO,Nepal Investment Mega Bank Ltd. Promoter Share,151.5,155.0,151.5,,155.0,151.5,3.5,,4268.0,652735.7,11.0,3.5,2.31023102310231,2.31023102310231,59339.609090909085,152.9371368322399
2026-05-25T09:15:24+00:00,2026-05-25T15:00:24+05:45,2026-05-25,15:00:24,1779700524,0,9,15,nepse_official,CLOSE,2026-05-25,NLG,NLG Insurance Company Ltd.,582.0,590.0,580.0,,586.0,575.0,11.0,,8192.0,4790885.8,59.0,10.0,1.718213058419244,1.9130434782608694,81201.45423728813,584.8249267578125
2026-05-25T09:15:24+00:00,2026-05-25T15:00:24+05:45,2026-05-25,15:00:24,1779700524,0,9,15,nepse_official,CLOSE,2026-05-25,NLIC,Nepal Life Insurance Co. Ltd.,770.0,779.8,765.0,,775.5,769.8,5.7000000000000455,,11847.0,9193257.2,171.0,14.799999999999955,1.9220779220779163,0.7404520654715571,53761.7380116959,775.9987507385836
2026-05-25T09:15:24+00:00,2026-05-25T15:00:24+05:45,2026-05-25,15:00:24,1779700524,0,9,15,nepse_official,CLOSE,2026-05-25,NLICL,National Life Insurance Co. Ltd.,595.8,595.8,586.2,,591.6,591.0,0.6000000000000227,,5664.0,3349976.5,38.0,9.599999999999909,1.6112789526686655,0.10152284263959775,88157.27631578948,591.4506532485875
2026-05-25T09:15:24+00:00,2026-05-25T15:00:24+05:45,2026-05-25,15:00:24,1779700524,0,9,15,nepse_official,CLOSE,2026-05-25,NMB,NMB Bank Limited,248.0,251.0,247.0,,248.3,248.6,-0.29999999999998295,,17884.0,4450418.5,111.0,4.0,1.6129032258064515,-0.12067578439259169,40093.86036036036,248.84916685305302
2026-05-25T09:15:24+00:00,2026-05-25T15:00:24+05:45,2026-05-25,15:00:24,1779700524,0,9,15,nepse_official,CLOSE,2026-05-25,NMBD87/88,NMB Debenture 8.50% - 2087/88,1090.5,1090.5,1090.5,,1090.5,1090.5,0.0,,25.0,27262.5,1.0,0.0,0.0,0.0,27262.5,1090.5
2026-05-25T09:15:24+00:00,2026-05-25T15:00:24+05:45,2026-05-25,15:00:24,1779700524,0,9,15,nepse_official,CLOSE,2026-05-25,NMBHF2,NMB Hybrid Fund L- II,9.6,9.7,9.6,,9.7,9.67,0.02999999999999936,,22100.0,213696.0,18.0,0.09999999999999964,1.041666666666663,0.3102378490175735,11872.0,9.669502262443439
2026-05-25T09:15:24+00:00,2026-05-25T15:00:24+05:45,2026-05-25,15:00:24,1779700524,0,9,15,nepse_official,CLOSE,2026-05-25,NMBMF,NMB  Microfinance Bittiya Sanstha Ltd.,633.1,655.0,633.1,,650.0,632.0,18.0,,2547.0,1658234.5,35.0,21.899999999999977,3.4591691675880556,2.848101265822785,47378.12857142857,651.0539850804869
2026-05-25T09:15:24+00:00,2026-05-25T15:00:24+05:45,2026-05-25,15:00:24,1779700524,0,9,15,nepse_official,CLOSE,2026-05-25,NMFBS,National Laghubitta Bittiya Sanstha Limited,1117.0,1155.0,1117.0,,1140.0,1140.0,0.0,,8211.0,9391408.5,77.0,38.0,3.4019695613249774,0.0,121966.34415584416,1143.7594081110706
2026-05-25T09:15:24+00:00,2026-05-25T15:00:24+05:45,2026-05-25,15:00:24,1779700524,0,9,15,nepse_official,CLOSE,2026-05-25,NMIC,Nepal Micro Insurance Company Limited,1040.0,1059.8,1025.0,,1056.0,1025.0,31.0,,7301.0,7647286.1,194.0,34.799999999999955,3.346153846153842,3.024390243902439,39419.000515463915,1047.4299548007123
2026-05-25T09:15:24+00:00,2026-05-25T15:00:24+05:45,2026-05-25,15:00:24,1779700524,0,9,15,nepse_official,CLOSE,2026-05-25,NMLBBL,Nerude Mirmire Laghubitta Bittiya Sanstha Limited,571.0,593.9,571.0,,592.0,588.0,4.0,,4843.0,2859986.6,69.0,22.899999999999977,4.010507880910679,0.6802721088435374,41449.08115942029,590.5402849473467
2026-05-25T09:15:24+00:00,2026-05-25T15:00:24+05:45,2026-05-25,15:00:24,1779700524,0,9,15,nepse_official,CLOSE,2026-05-25,NRIC,Nepal Reinsurance Company Limited,914.1,924.7,911.0,,920.5,908.1,12.399999999999977,,10364.0,9538585.6,207.0,13.700000000000045,1.4987419319549333,1.3654883823367445,46080.12367149758,920.3575453492859
2026-05-25T09:15:24+00:00,2026-05-25T15:00:24+05:45,2026-05-25,15:00:24,1779700524,0,9,15,nepse_official,CLOSE,2026-05-25,NRM,Nepal Republic Media Limited,345.9,388.0,345.9,,380.0,364.1,15.899999999999977,,41694.0,15801291.7,377.0,42.10000000000002,12.171147730557973,4.366932161494089,41913.240583554376,378.98238835324025
2026-05-25T09:15:24+00:00,2026-05-25T15:00:24+05:45,2026-05-25,15:00:24,1779700524,0,9,15,nepse_official,CLOSE,2026-05-25,NRN,NRN Infrastructure and Development Limited,1425.0,1440.0,1387.0,,1412.0,1399.0,13.0,,51613.0,73127254.6,441.0,53.0,3.7192982456140355,0.9292351679771265,165821.43900226755,1416.837901303935
2026-05-25T09:15:24+00:00,2026-05-25T15:00:24+05:45,2026-05-25,15:00:24,1779700524,0,9,15,nepse_official,CLOSE,2026-05-25,NSIF2,NMB Sulav Investment Fund - 2,10.6,10.75,10.6,,10.72,10.75,-0.02999999999999936,,3100.0,33209.0,12.0,0.15000000000000036,1.4150943396226447,-0.2790697674418545,2767.4166666666665,10.71258064516129
2026-05-25T09:15:24+00:00,2026-05-25T15:00:24+05:45,2026-05-25,15:00:24,1779700524,0,9,15,nepse_official,CLOSE,2026-05-25,NSY,Nepal Life Samriddhi Lagani Yojana,9.44,9.63,9.35,,9.53,9.68,-0.15000000000000036,,8470.0,81209.0,31.0,0.28000000000000114,2.9661016949152663,-1.5495867768595077,2619.6451612903224,9.58783943329398
2026-05-25T09:15:24+00:00,2026-05-25T15:00:24+05:45,2026-05-25,15:00:24,1779700524,0,9,15,nepse_official,CLOSE,2026-05-25,NTC,Nepal Doorsanchar Company Limited,890.0,899.9,888.5,,898.0,890.4,7.600000000000023,,14937.0,13401081.5,247.0,11.399999999999977,1.2808988764044917,0.8535489667565165,54255.39068825911,897.1735622949723
2026-05-25T09:15:24+00:00,2026-05-25T15:00:24+05:45,2026-05-25,15:00:24,1779700524,0,9,15,nepse_official,CLOSE,2026-05-25,NUBL,Nirdhan Utthan Laghubitta Bittiya Sanstha Limited,665.0,665.0,656.0,,659.0,660.0,-1.0,,3971.0,2620420.7,53.0,9.0,1.3533834586466165,-0.15151515151515152,49441.9,659.8893729539159
2026-05-25T09:15:24+00:00,2026-05-25T15:00:24+05:45,2026-05-25,15:00:24,1779700524,0,9,15,nepse_official,CLOSE,2026-05-25,NWCL,Nepal Warehousing Company Limited ,803.0,818.9,803.0,,815.7,804.0,11.700000000000045,,1300.0,1058315.5,59.0,15.899999999999977,1.9800747198007445,1.4552238805970206,17937.550847457627,814.0888461538461
2026-05-25T09:15:24+00:00,2026-05-25T15:00:24+05:45,2026-05-25,15:00:24,1779700524,0,9,15,nepse_official,CLOSE,2026-05-25,NYADI,Nyadi Hydropower Limited,399.9,402.0,391.0,,400.0,391.1,8.899999999999977,,4920.0,1962846.0,111.0,11.0,2.7506876719179796,2.275632830478133,17683.297297297297,398.95243902439023
2026-05-25T09:15:24+00:00,2026-05-25T15:00:24+05:45,2026-05-25,15:00:24,1779700524,0,9,15,nepse_official,CLOSE,2026-05-25,OHL,Oriental Hotels Limited,708.0,712.0,700.0,,701.0,692.4,8.600000000000023,,2751.0,1931833.0,22.0,12.0,1.694915254237288,1.2420566146736023,87810.59090909091,702.2293711377681
2026-05-25T09:15:24+00:00,2026-05-25T15:00:24+05:45,2026-05-25,15:00:24,1779700524,0,9,15,nepse_official,CLOSE,2026-05-25,OMPL,Om Megashree Pharmaceuticals Limited,1190.0,1210.0,1185.0,,1186.0,1180.0,6.0,,5622.0,6715064.3,168.0,25.0,2.100840336134454,0.5084745762711864,39970.620833333334,1194.4262362148702
2026-05-25T09:15:24+00:00,2026-05-25T15:00:24+05:45,2026-05-25,15:00:24,1779700524,0,9,15,nepse_official,CLOSE,2026-05-25,PBD84,10.15% Prime Debenture 2084,1140.0,1140.0,1140.0,,1140.0,1140.0,0.0,,35.0,39900.0,2.0,0.0,0.0,0.0,19950.0,1140.0
2026-05-25T09:15:24+00:00,2026-05-25T15:00:24+05:45,2026-05-25,15:00:24,1779700524,0,9,15,nepse_official,CLOSE,2026-05-25,PBD85,8.75 % Prime Debenture 2085,1081.0,1081.0,1081.0,,1081.0,1080.0,1.0,,25.0,27025.0,1.0,0.0,0.0,0.0925925925925926,27025.0,1081.0
2026-05-25T09:15:24+00:00,2026-05-25T15:00:24+05:45,2026-05-25,15:00:24,1779700524,0,9,15,nepse_official,CLOSE,2026-05-25,PBLD84,10% Prabhu Bank Debenture 2084 ,1085.1,1085.1,1085.1,,1085.1,1088.1,-3.0,,50.0,54255.0,2.0,0.0,0.0,-0.275709953129308,27127.5,1085.1
2026-05-25T09:15:24+00:00,2026-05-25T15:00:24+05:45,2026-05-25,15:00:24,1779700524,0,9,15,nepse_official,CLOSE,2026-05-25,PCBL,Prime Commercial Bank Ltd.,240.5,244.7,239.0,,244.0,240.5,3.5,,63463.0,15422542.1,225.0,5.699999999999989,2.3700623700623655,1.4553014553014554,68544.63155555555,243.01627877661
2026-05-25T09:15:24+00:00,2026-05-25T15:00:24+05:45,2026-05-25,15:00:24,1779700524,0,9,15,nepse_official,CLOSE,2026-05-25,PCIL,Palpa Cement Industries Limited,827.0,860.0,815.0,,851.1,827.0,24.100000000000023,,65852.0,55980568.0,2455.0,45.0,5.441354292623942,2.914147521160825,22802.67535641548,850.0967016947094
2026-05-25T09:15:24+00:00,2026-05-25T15:00:24+05:45,2026-05-25,15:00:24,1779700524,0,9,15,nepse_official,CLOSE,2026-05-25,PFL,Pokhara Finance Ltd.,379.0,379.9,370.0,,379.9,375.0,4.899999999999977,,3926.0,1478672.1,57.0,9.899999999999977,2.612137203166221,1.3066666666666606,25941.615789473686,376.6357870606215
2026-05-25T09:15:24+00:00,2026-05-25T15:00:24+05:45,2026-05-25,15:00:24,1779700524,0,9,15,nepse_official,CLOSE,2026-05-25,PHCL,Peoples Hydropower Company Limited,308.0,315.0,308.0,,310.0,309.2,0.8000000000000114,,58819.0,18371929.9,350.0,7.0,2.272727272727273,0.2587322121604177,52491.22828571428,312.3468590081436
2026-05-25T09:15:24+00:00,2026-05-25T15:00:24+05:45,2026-05-25,15:00:24,1779700524,0,9,15,nepse_official,CLOSE,2026-05-25,PMHPL,Panchakanya Mai Hydropower Ltd,343.9,352.0,343.0,,350.0,342.0,8.0,,17969.0,6260581.7,128.0,9.0,2.617039837161966,2.3391812865497075,48910.79453125,348.41013411987313
2026-05-25T09:15:24+00:00,2026-05-25T15:00:24+05:45,2026-05-25,15:00:24,1779700524,0,9,15,nepse_official,CLOSE,2026-05-25,PMLI,Prabhu Mahalaxmi Life Insurance Limited,470.0,475.0,462.5,,471.0,470.0,1.0,,2994.0,1409669.6,115.0,12.5,2.6595744680851063,0.2127659574468085,12257.996521739131,470.83152972611896
2026-05-25T09:15:24+00:00,2026-05-25T15:00:24+05:45,2026-05-25,15:00:24,1779700524,0,9,15,nepse_official,CLOSE,2026-05-25,PPCL,Panchthar Power Compant Limited,380.0,393.9,378.0,,389.8,380.0,9.800000000000011,,12552.0,4854336.8,89.0,15.899999999999977,4.184210526315783,2.5789473684210558,54543.11011235955,386.7381134480561
2026-05-25T09:15:24+00:00,2026-05-25T15:00:24+05:45,2026-05-25,15:00:24,1779700524,0,9,15,nepse_official,CLOSE,2026-05-25,PPL,People's Power Limited,357.0,369.9,357.0,,365.2,354.0,11.199999999999989,,69702.0,25429280.6,411.0,12.899999999999977,3.613445378151254,3.1638418079096016,61871.72895377129,364.8285644601303
2026-05-25T09:15:24+00:00,2026-05-25T15:00:24+05:45,2026-05-25,15:00:24,1779700524,0,9,15,nepse_official,CLOSE,2026-05-25,PRIN,Prabhu Insurance Ltd.,669.9,669.9,656.0,,665.0,662.0,3.0,,4007.0,2667568.4,42.0,13.899999999999977,2.074936557695175,0.4531722054380665,63513.53333333333,665.7270776141752
2026-05-25T09:15:24+00:00,2026-05-25T15:00:24+05:45,2026-05-25,15:00:24,1779700524,0,9,15,nepse_official,CLOSE,2026-05-25,PROFL,Progressive Finance Limited,456.0,457.0,442.0,,442.3,444.0,-1.6999999999999886,,4212.0,1872306.3,34.0,15.0,3.289473684210526,-0.3828828828828803,55067.83235294118,444.5171652421653
2026-05-25T09:15:24+00:00,2026-05-25T15:00:24+05:45,2026-05-25,15:00:24,1779700524,0,9,15,nepse_official,CLOSE,2026-05-25,PRSF,Prabhu Smart Fund,13.0,13.14,12.94,,12.95,12.95,0.0,,323300.0,4188040.4,22.0,0.20000000000000107,1.5384615384615468,0.0,190365.47272727272,12.954037735849056
2026-05-25T09:15:24+00:00,2026-05-25T15:00:24+05:45,2026-05-25,15:00:24,1779700524,0,9,15,nepse_official,CLOSE,2026-05-25,PRVU,Prabhu  Bank Limited,188.1,203.0,188.1,,202.8,198.0,4.800000000000011,,124918.0,25208175.8,530.0,14.900000000000006,7.92131844763424,2.42424242424243,47562.595849056604,201.79778574745032
2026-05-25T09:15:24+00:00,2026-05-25T15:00:24+05:45,2026-05-25,15:00:24,1779700524,0,9,15,nepse_official,CLOSE,2026-05-25,PSF,Prabhu Select Fund,12.01,12.2,12.01,,12.17,12.21,-0.040000000000000924,,57350.0,694838.0,16.0,0.1899999999999995,1.582014987510404,-0.32760032760033514,43427.375,12.115745422842197
2026-05-25T09:15:24+00:00,2026-05-25T15:00:24+05:45,2026-05-25,15:00:24,1779700524,0,9,15,nepse_official,CLOSE,2026-05-25,PURE,Pure Energy Limited,1030.0,1030.0,986.0,,986.0,985.0,1.0,,19423.0,19451517.6,279.0,44.0,4.271844660194175,0.10152284263959391,69718.70107526882,1001.4682386860939
2026-05-25T09:15:24+00:00,2026-05-25T15:00:24+05:45,2026-05-25,15:00:24,1779700524,0,9,15,nepse_official,CLOSE,2026-05-25,RADHI,Radhi Bidyut Company Ltd,785.0,805.0,780.0,,804.0,783.0,21.0,,63013.0,50223991.1,292.0,25.0,3.1847133757961785,2.681992337164751,171999.96952054795,797.0417390062369
2026-05-25T09:15:24+00:00,2026-05-25T15:00:24+05:45,2026-05-25,15:00:24,1779700524,0,9,15,nepse_official,CLOSE,2026-05-25,RAWA,Rawa Energy Development Limited,613.0,613.0,575.0,,585.1,584.0,1.1000000000000227,,2564.0,1481086.5,43.0,38.0,6.199021207177815,0.18835616438356553,34443.87209302326,577.6468408736349
2026-05-25T09:15:24+00:00,2026-05-25T15:00:24+05:45,2026-05-25,15:00:24,1779700524,0,9,15,nepse_official,CLOSE,2026-05-25,RBBD2088,7% RBBL Debenture 2088,1056.7,1070.0,1056.7,,1070.0,1085.3,-15.299999999999955,,75.0,79842.5,3.0,13.299999999999955,1.2586353742784095,-1.4097484566479275,26614.166666666668,1064.5666666666666
2026-05-25T09:15:24+00:00,2026-05-25T15:00:24+05:45,2026-05-25,15:00:24,1779700524,0,9,15,nepse_official,CLOSE,2026-05-25,RBBF40,RBB Focus 40,9.33,9.69,9.33,,9.41,9.45,-0.03999999999999915,,2300.0,21719.0,14.0,0.35999999999999943,3.8585209003215373,-0.42328042328041426,1551.357142857143,9.44304347826087
2026-05-25T09:15:24+00:00,2026-05-25T15:00:24+05:45,2026-05-25,15:00:24,1779700524,0,9,15,nepse_official,CLOSE,2026-05-25,RBCL,Rastriya Beema Company Limited,14994.0,15292.9,14994.0,,15005.0,14931.0,74.0,,90.0,1360669.0,8.0,298.89999999999964,1.993464052287579,0.49561315384100196,170083.625,15118.544444444444
2026-05-25T09:15:24+00:00,2026-05-25T15:00:24+05:45,2026-05-25,15:00:24,1779700524,0,9,15,nepse_official,CLOSE,2026-05-25,RBCLPO,Rastriya Beema Company Limited Promoter Share,11705.0,11705.0,11700.0,,11700.0,11800.0,-100.0,,100.0,1170180.0,4.0,5.0,0.042716787697565144,-0.847457627118644,292545.0,11701.8
2026-05-25T09:15:24+00:00,2026-05-25T15:00:24+05:45,2026-05-25,15:00:24,1779700524,0,9,15,nepse_official,CLOSE,2026-05-25,RFPL,River Falls Power Limited,360.0,382.9,360.0,,381.5,376.2,5.300000000000011,,27634.0,10530386.7,229.0,22.899999999999977,6.3611111111111045,1.4088250930356225,45984.22139737991,381.0663204747774
2026-05-25T09:15:24+00:00,2026-05-25T15:00:24+05:45,2026-05-25,15:00:24,1779700524,0,9,15,nepse_official,CLOSE,2026-05-25,RHGCL,Rapti Hydro And General Construction Limited,295.1,306.9,291.0,,304.8,298.0,6.800000000000011,,43596.0,13216830.3,261.0,15.899999999999977,5.388004066418155,2.2818791946308763,50639.19655172414,303.1661230388109
2026-05-25T09:15:24+00:00,2026-05-25T15:00:24+05:45,2026-05-25,15:00:24,1779700524,0,9,15,nepse_official,CLOSE,2026-05-25,RHPL,RASUWAGADHI HYDROPOWER COMPANY LIMITED,279.0,285.0,278.0,,282.3,279.0,3.3000000000000114,,23396.0,6611763.5,183.0,7.0,2.5089605734767026,1.1827956989247352,36129.85519125683,282.60230381261755
2026-05-25T09:15:24+00:00,2026-05-25T15:00:24+05:45,2026-05-25,15:00:24,1779700524,0,9,15,nepse_official,CLOSE,2026-05-25,RIDI,Ridi Power Company Limited,368.0,378.1,365.1,,368.8,366.7,2.1000000000000227,,771475.0,287666129.5,1539.0,13.0,3.532608695652174,0.5726752113444294,186917.56302794022,372.87809650345116
2026-05-25T09:15:24+00:00,2026-05-25T15:00:24+05:45,2026-05-25,15:00:24,1779700524,0,9,15,nepse_official,CLOSE,2026-05-25,RLEL,Ridge Line Energy Limited,1026.0,1098.0,1026.0,,1080.2,1026.9,53.299999999999955,,28097.0,30368607.4,782.0,72.0,7.017543859649122,5.1903788100107064,38834.53631713555,1080.8487525358578
2026-05-25T09:15:24+00:00,2026-05-25T15:00:24+05:45,2026-05-25,15:00:24,1779700524,0,9,15,nepse_official,CLOSE,2026-05-25,RLFL,Reliance Finance Ltd.,430.0,447.0,430.0,,444.9,438.9,6.0,,16231.0,7208185.1,88.0,17.0,3.953488372093023,1.3670539986329462,81911.19431818182,444.0998767790031
2026-05-25T09:15:24+00:00,2026-05-25T15:00:24+05:45,2026-05-25,15:00:24,1779700524,0,9,15,nepse_official,CLOSE,2026-05-25,RMF1,RBB Mutual Fund 1,9.85,10.05,9.85,,10.05,10.0,0.05000000000000071,,9900.0,98874.0,14.0,0.20000000000000107,2.030456852791889,0.5000000000000071,7062.428571428572,9.987272727272726
2026-05-25T09:15:24+00:00,2026-05-25T15:00:24+05:45,2026-05-25,15:00:24,1779700524,0,9,15,nepse_official,CLOSE,2026-05-25,RMF2,RBB Mutual Fund 2,10.2,10.2,10.2,,10.2,10.5,-0.3000000000000007,,2700.0,27540.0,4.0,0.0,0.0,-2.857142857142864,6885.0,10.2
2026-05-25T09:15:24+00:00,2026-05-25T15:00:24+05:45,2026-05-25,15:00:24,1779700524,0,9,15,nepse_official,CLOSE,2026-05-25,RNLI,Reliable Nepal Life Insurance Limited,466.0,471.0,461.0,,469.4,465.0,4.399999999999977,,34869.0,16361709.0,327.0,10.0,2.1459227467811157,0.9462365591397801,50035.807339449544,469.2336746106857
2026-05-25T09:15:24+00:00,2026-05-25T15:00:24+05:45,2026-05-25,15:00:24,1779700524,0,9,15,nepse_official,CLOSE,2026-05-25,RSDC,RSDC Laghubitta Bittiya Sanstha Ltd.,674.0,681.0,665.0,,681.0,667.8,13.200000000000045,,4313.0,2912683.8,41.0,16.0,2.3738872403560833,1.9766397124887762,71041.06829268292,675.32664038952
2026-05-25T09:15:24+00:00,2026-05-25T15:00:24+05:45,2026-05-25,15:00:24,1779700524,0,9,15,nepse_official,CLOSE,2026-05-25,RSML,Reliance Spinning Mills Limited,3700.0,3850.0,3700.0,,3813.0,3730.0,83.0,,35782.0,135731248.6,879.0,150.0,4.054054054054054,2.2252010723860587,154415.52741751992,3793.2828964283717
2026-05-25T09:15:24+00:00,2026-05-25T15:00:24+05:45,2026-05-25,15:00:24,1779700524,0,9,15,nepse_official,CLOSE,2026-05-25,RSY,Reliable Samriddhi Yojana,10.04,10.45,10.04,,10.19,10.35,-0.16000000000000014,,14300.0,144517.0,37.0,0.41000000000000014,4.08366533864542,-1.5458937198067646,3905.864864864865,10.106083916083916
2026-05-25T09:15:24+00:00,2026-05-25T15:00:24+05:45,2026-05-25,15:00:24,1779700524,0,9,15,nepse_official,CLOSE,2026-05-25,RURU,Ru Ru Jalbidhyut Pariyojana Limited,670.0,670.0,655.0,,663.0,660.0,3.0,,5260.0,3494098.0,39.0,15.0,2.2388059701492535,0.45454545454545453,89592.2564102564,664.2771863117871
2026-05-25T09:15:24+00:00,2026-05-25T15:00:24+05:45,2026-05-25,15:00:24,1779700524,0,9,15,nepse_official,CLOSE,2026-05-25,SABBL,Salapa Bikas Bank Limited,1250.0,1285.0,1242.1,,1268.3,1247.0,21.299999999999955,,10055.0,12806238.5,374.0,42.90000000000009,3.4320000000000075,1.7080994386527633,34241.279411764706,1273.6189457981104
2026-05-25T09:15:24+00:00,2026-05-25T15:00:24+05:45,2026-05-25,15:00:24,1779700524,0,9,15,nepse_official,CLOSE,2026-05-25,SADBL,Shangrila Development Bank Ltd.,416.0,421.5,416.0,,418.1,416.0,2.1000000000000227,,19431.0,8149124.6,90.0,5.5,1.3221153846153846,0.5048076923076978,90545.82888888888,419.38781328804487
2026-05-25T09:15:24+00:00,2026-05-25T15:00:24+05:45,2026-05-25,15:00:24,1779700524,0,9,15,nepse_official,CLOSE,2026-05-25,SAGAR,Sagar Distillery Limited,1722.0,1757.0,1722.0,,1735.0,1717.0,18.0,,6921.0,12060622.9,203.0,35.0,2.0325203252032518,1.04834012813046,59411.9354679803,1742.6127582719262
2026-05-25T09:15:24+00:00,2026-05-25T15:00:24+05:45,2026-05-25,15:00:24,1779700524,0,9,15,nepse_official,CLOSE,2026-05-25,SAGF,Sanima Growth Fund,10.15,10.2,10.15,,10.2,10.2,0.0,,1400.0,14229.0,8.0,0.049999999999998934,0.49261083743841316,0.0,1778.625,10.163571428571428
2026-05-25T09:15:24+00:00,2026-05-25T15:00:24+05:45,2026-05-25,15:00:24,1779700524,0,9,15,nepse_official,CLOSE,2026-05-25,SAHAS,Sahas Urja Limited,664.0,679.9,664.0,,671.5,664.0,7.5,,213517.0,143253952.0,1102.0,15.899999999999977,2.3945783132530085,1.1295180722891567,129994.51179673322,670.9252752708215
2026-05-25T09:15:24+00:00,2026-05-25T15:00:24+05:45,2026-05-25,15:00:24,1779700524,0,9,15,nepse_official,CLOSE,2026-05-25,SAIL,Shreenagar Agritech Industries Limited,1148.0,1173.0,1148.0,,1150.0,1148.0,2.0,,33101.0,38351801.9,489.0,25.0,2.177700348432056,0.17421602787456447,78429.0427402863,1158.6297060511768
2026-05-25T09:15:24+00:00,2026-05-25T15:00:24+05:45,2026-05-25,15:00:24,1779700524,0,9,15,nepse_official,CLOSE,2026-05-25,SALICO,Sagarmatha Lumbini Insurance Co. Limited,595.0,611.0,591.0,,591.0,590.0,1.0,,9050.0,5387951.2,50.0,20.0,3.361344537815126,0.1694915254237288,107759.024,595.3537237569061
2026-05-25T09:15:24+00:00,2026-05-25T15:00:24+05:45,2026-05-25,15:00:24,1779700524,0,9,15,nepse_official,CLOSE,2026-05-25,SAND2085,10% Sanima Bank Limited Debenture,1124.0,1124.0,1124.0,,1124.0,1124.0,0.0,,3.0,3372.9,1.0,0.0,0.0,0.0,3372.9,1124.3
2026-05-25T09:15:24+00:00,2026-05-25T15:00:24+05:45,2026-05-25,15:00:24,1779700524,0,9,15,nepse_official,CLOSE,2026-05-25,SANIMA,Sanima Bank Limited,370.0,387.5,365.6,,367.1,365.5,1.6000000000000227,,151300.0,56174967.0,330.0,21.899999999999977,5.918918918918912,0.4377564979480226,170227.17272727273,371.28200264375414
2026-05-25T09:15:24+00:00,2026-05-25T15:00:24+05:45,2026-05-25,15:00:24,1779700524,0,9,15,nepse_official,CLOSE,2026-05-25,SANVI,Sanvi Energy Limited,702.1,760.0,702.1,,740.0,739.0,1.0,,31873.0,23743320.8,476.0,57.89999999999998,8.246688505910836,0.13531799729364005,49880.92605042017,744.9352367207355
2026-05-25T09:15:24+00:00,2026-05-25T15:00:24+05:45,2026-05-25,15:00:24,1779700524,0,9,15,nepse_official,CLOSE,2026-05-25,SAPDBL,Saptakoshi Development Bank Ltd,795.0,814.9,795.0,,802.2,802.9,-0.6999999999999318,,18680.0,15008881.2,182.0,19.899999999999977,2.5031446540880475,-0.0871839581516916,82466.38021978021,803.4732976445396
2026-05-25T09:15:24+00:00,2026-05-25T15:00:24+05:45,2026-05-25,15:00:24,1779700524,0,9,15,nepse_official,CLOSE,2026-05-25,SARBTM,Sarbottam Cement Limited,858.8,869.9,858.1,,867.0,855.0,12.0,,10891.0,9403643.6,139.0,11.799999999999955,1.374010246856073,1.4035087719298245,67652.11223021582,863.4325222660913
2026-05-25T09:15:24+00:00,2026-05-25T15:00:24+05:45,2026-05-25,15:00:24,1779700524,0,9,15,nepse_official,CLOSE,2026-05-25,SBCF,Sunrise Bluechip Fund,9.65,9.98,9.65,,9.98,9.9,0.08000000000000007,,2800.0,27104.0,6.0,0.33000000000000007,3.419689119170985,0.8080808080808087,4517.333333333333,9.68
2026-05-25T09:15:24+00:00,2026-05-25T15:00:24+05:45,2026-05-25,15:00:24,1779700524,0,9,15,nepse_official,CLOSE,2026-05-25,SBI,Nepal SBI Bank Limited,396.0,404.0,396.0,,400.0,405.0,-5.0,,16800.0,6723673.0,96.0,8.0,2.0202020202020203,-1.2345679012345678,70038.26041666667,400.218630952381
2026-05-25T09:15:24+00:00,2026-05-25T15:00:24+05:45,2026-05-25,15:00:24,1779700524,0,9,15,nepse_official,CLOSE,2026-05-25,SBID83,10.25% Nepal SBI Bank Debenture 2083,1065.3,1065.4,1063.0,,1063.6,1065.0,-1.400000000000091,,1056.0,1124179.5,28.0,2.400000000000091,0.22528865108421017,-0.1314553990610414,40149.267857142855,1064.5639204545455
2026-05-25T09:15:24+00:00,2026-05-25T15:00:24+05:45,2026-05-25,15:00:24,1779700524,0,9,15,nepse_official,CLOSE,2026-05-25,SBL,Siddhartha Bank Limited,402.0,403.0,396.5,,397.5,400.9,-3.3999999999999773,,100729.0,40311803.4,231.0,6.5,1.616915422885572,-0.8480917934646988,174509.9714285714,400.20057183134946
2026-05-25T09:15:24+00:00,2026-05-25T15:00:24+05:45,2026-05-25,15:00:24,1779700524,0,9,15,nepse_official,CLOSE,2026-05-25,SBLD89,10.75% SBL Debenture 2089,1296.0,1296.0,1291.0,,1291.0,1330.0,-39.0,,125.0,161500.0,2.0,5.0,0.38580246913580246,-2.9323308270676693,80750.0,1292.0
2026-05-25T09:15:24+00:00,2026-05-25T15:00:24+05:45,2026-05-25,15:00:24,1779700524,0,9,15,nepse_official,CLOSE,2026-05-25,SCB,Standard Chartered Bank Limited,664.3,664.3,653.1,,659.9,653.2,6.699999999999932,,16132.0,10595834.9,130.0,11.199999999999932,1.685985247629073,1.0257195345988872,81506.42230769231,656.8209087527895
2026-05-25T09:15:24+00:00,2026-05-25T15:00:24+05:45,2026-05-25,15:00:24,1779700524,0,9,15,nepse_official,CLOSE,2026-05-25,SEF,Siddhartha Equity Fund,10.11,10.41,10.09,,10.09,10.4,-0.3100000000000005,,51850.0,538220.0,14.0,0.3200000000000003,3.165182987141447,-2.9807692307692353,38444.28571428572,10.38032786885246
2026-05-25T09:15:24+00:00,2026-05-25T15:00:24+05:45,2026-05-25,15:00:24,1779700524,0,9,15,nepse_official,CLOSE,2026-05-25,SFCL,Samriddhi Finance Company Limited,371.0,380.5,367.3,,377.0,370.0,7.0,,12958.0,4874551.9,66.0,13.199999999999989,3.557951482479781,1.891891891891892,73856.84696969697,376.1808843957401
2026-05-25T09:15:24+00:00,2026-05-25T15:00:24+05:45,2026-05-25,15:00:24,1779700524,0,9,15,nepse_official,CLOSE,2026-05-25,SFEF,Sunrise Focused Equity Fund,10.13,10.3,10.13,,10.3,10.13,0.16999999999999993,,3400.0,34679.0,11.0,0.16999999999999993,1.6781836130306014,1.6781836130306014,3152.6363636363635,10.19970588235294
2026-05-25T09:15:24+00:00,2026-05-25T15:00:24+05:45,2026-05-25,15:00:24,1779700524,0,9,15,nepse_official,CLOSE,2026-05-25,SGHC,Swet-Ganga Hydropower & Construction Limited ,382.0,385.0,372.0,,382.0,380.0,2.0,,11285.0,4308052.0,115.0,13.0,3.4031413612565444,0.5263157894736842,37461.321739130435,381.75028799291096
2026-05-25T09:15:24+00:00,2026-05-25T15:00:24+05:45,2026-05-25,15:00:24,1779700524,0,9,15,nepse_official,CLOSE,2026-05-25,SGIC,Sanima GIC Insurance Limited,471.0,471.0,461.0,,465.6,464.0,1.6000000000000227,,5764.0,2692650.2,80.0,10.0,2.1231422505307855,0.34482758620690146,33658.1275,467.14958362248444
2026-05-25T09:15:24+00:00,2026-05-25T15:00:24+05:45,2026-05-25,15:00:24,1779700524,0,9,15,nepse_official,CLOSE,2026-05-25,SHEL,Singati Hydro Energy Limited,315.0,325.0,315.0,,323.0,318.0,5.0,,202062.0,65087259.9,536.0,10.0,3.1746031746031744,1.5723270440251573,121431.45503731343,322.11529085132287
2026-05-25T09:15:24+00:00,2026-05-25T15:00:24+05:45,2026-05-25,15:00:24,1779700524,0,9,15,nepse_official,CLOSE,2026-05-25,SHINE,Shine Resunga Development Bank Ltd.,414.9,415.9,412.5,,413.4,412.0,1.3999999999999773,,14032.0,5812638.2,87.0,3.3999999999999773,0.8194745721860636,0.3398058252427129,66811.93333333333,414.24160490307867
2026-05-25T09:15:24+00:00,2026-05-25T15:00:24+05:45,2026-05-25,15:00:24,1779700524,0,9,15,nepse_official,CLOSE,2026-05-25,SHIVM,SHIVAM CEMENTS LTD,684.0,695.0,684.0,,692.8,686.9,5.899999999999977,,157887.0,109192195.9,689.0,11.0,1.608187134502924,0.8589314310671099,158479.23933236575,691.5844616719553
2026-05-25T09:15:24+00:00,2026-05-25T15:00:24+05:45,2026-05-25,15:00:24,1779700524,0,9,15,nepse_official,CLOSE,2026-05-25,SHL,Soaltee Hotel Limited,501.5,509.0,500.0,,507.0,500.1,6.899999999999977,,36726.0,18521228.4,99.0,9.0,1.794616151545364,1.3797240551889576,187083.11515151514,504.30834830909976
2026-05-25T09:15:24+00:00,2026-05-25T15:00:24+05:45,2026-05-25,15:00:24,1779700524,0,9,15,nepse_official,CLOSE,2026-05-25,SHLB,Shrijanshil Laghubitta Bittiya Sanstha Limited,1480.0,1480.0,1465.0,,1466.1,1470.0,-3.900000000000091,,50.0,73562.0,5.0,15.0,1.0135135135135136,-0.26530612244898577,14712.4,1471.24
2026-05-25T09:15:24+00:00,2026-05-25T15:00:24+05:45,2026-05-25,15:00:24,1779700524,0,9,15,nepse_official,CLOSE,2026-05-25,SHPC,Sanima Mai Hydropower Ltd.,533.0,533.0,521.0,,524.0,521.7,2.2999999999999545,,58960.0,30977427.3,215.0,12.0,2.25140712945591,0.44086639831319807,144081.05720930232,525.397342265943
2026-05-25T09:15:24+00:00,2026-05-25T15:00:24+05:45,2026-05-25,15:00:24,1779700524,0,9,15,nepse_official,CLOSE,2026-05-25,SICL,Shikhar Insurance Co. Ltd.,624.0,624.0,613.0,,620.0,617.8,2.2000000000000455,,8904.0,5517830.8,82.0,11.0,1.7628205128205128,0.35610229847847935,67290.61951219512,619.7024707996405
2026-05-25T09:15:24+00:00,2026-05-25T15:00:24+05:45,2026-05-25,15:00:24,1779700524,0,9,15,nepse_official,CLOSE,2026-05-25,SIFC,Shree Investment Finance Co. Ltd.,540.0,548.0,535.3,,545.0,541.0,4.0,,5509.0,2987513.8,61.0,12.700000000000045,2.35185185185186,0.7393715341959335,48975.636065573766,542.296932292612
2026-05-25T09:15:24+00:00,2026-05-25T15:00:24+05:45,2026-05-25,15:00:24,1779700524,0,9,15,nepse_official,CLOSE,2026-05-25,SIGS2,Siddhartha Investment Growth Scheme - 2,10.5,10.5,10.5,,10.5,10.82,-0.3200000000000003,,1000.0,10500.0,1.0,0.0,0.0,-2.957486136783736,10500.0,10.5
2026-05-25T09:15:24+00:00,2026-05-25T15:00:24+05:45,2026-05-25,15:00:24,1779700524,0,9,15,nepse_official,CLOSE,2026-05-25,SIGS3,Siddhartha Investment Growth Scheme 3,10.66,10.8,10.66,,10.8,10.86,-0.05999999999999872,,1300.0,13998.0,9.0,0.14000000000000057,1.3133208255159527,-0.5524861878452921,1555.3333333333333,10.767692307692307
2026-05-25T09:15:24+00:00,2026-05-25T15:00:24+05:45,2026-05-25,15:00:24,1779700524,0,9,15,nepse_official,CLOSE,2026-05-25,SIKLES,Sikles Hydropower Limited,605.0,610.0,600.0,,605.0,600.0,5.0,,13632.0,8222975.0,129.0,10.0,1.6528925619834711,0.8333333333333334,63743.992248062015,603.2111942488262
2026-05-25T09:15:24+00:00,2026-05-25T15:00:24+05:45,2026-05-25,15:00:24,1779700524,0,9,15,nepse_official,CLOSE,2026-05-25,SINDU,Sindhu Bikash Bank Ltd,713.1,730.0,713.1,,722.4,720.0,2.3999999999999773,,4954.0,3597079.6,85.0,16.899999999999977,2.3699340905903767,0.3333333333333302,42318.583529411764,726.0960032297133
2026-05-25T09:15:24+00:00,2026-05-25T15:00:24+05:45,2026-05-25,15:00:24,1779700524,0,9,15,nepse_official,CLOSE,2026-05-25,SIPD,Shikhar power Development Limited,815.0,860.0,810.0,,848.5,815.0,33.5,,40735.0,34425347.6,1430.0,50.0,6.134969325153374,4.110429447852761,24073.66965034965,845.1048876887198
2026-05-25T09:15:24+00:00,2026-05-25T15:00:24+05:45,2026-05-25,15:00:24,1779700524,0,9,15,nepse_official,CLOSE,2026-05-25,SJCL,SANJEN JALAVIDHYUT COMPANY LIMITED,302.0,312.6,302.0,,305.1,306.9,-1.7999999999999545,,64530.0,19699932.0,171.0,10.600000000000023,3.5099337748344444,-0.586510263929604,115204.28070175438,305.283310088331
2026-05-25T09:15:24+00:00,2026-05-25T15:00:24+05:45,2026-05-25,15:00:24,1779700524,0,9,15,nepse_official,CLOSE,2026-05-25,SJLIC,SuryaJyoti Life Insurance Company Limited,429.0,438.0,429.0,,437.9,431.0,6.899999999999977,,15417.0,6702221.9,211.0,9.0,2.097902097902098,1.6009280742459344,31764.084834123223,434.7293182850101
2026-05-25T09:15:24+00:00,2026-05-25T15:00:24+05:45,2026-05-25,15:00:24,1779700524,0,9,15,nepse_official,CLOSE,2026-05-25,SKBBL,Sana Kisan Bikas Laghubitta Bittiya Sanstha Limited,791.0,791.0,765.0,,765.0,765.0,0.0,,23620.0,18366007.1,149.0,26.0,3.286978508217446,0.0,123261.79261744967,777.5616892464014
2026-05-25T09:15:24+00:00,2026-05-25T15:00:24+05:45,2026-05-25,15:00:24,1779700524,0,9,15,nepse_official,CLOSE,2026-05-25,SKHEL,Suryakunda Hydro Electric Limited,1290.0,1348.7,1278.0,,1315.0,1278.0,37.0,,18690.0,24728178.8,446.0,70.70000000000005,5.480620155038763,2.895148669796557,55444.34708520179,1323.070026752274
2026-05-25T09:15:24+00:00,2026-05-25T15:00:24+05:45,2026-05-25,15:00:24,1779700524,0,9,15,nepse_official,CLOSE,2026-05-25,SKHL,Super Khudi Hydropower Limited,970.0,1040.3,955.0,,1026.0,950.0,76.0,,58150.0,58786687.0,1329.0,85.29999999999995,8.793814432989686,8.0,44233.77501881114,1010.9490455717971
2026-05-25T09:15:24+00:00,2026-05-25T15:00:24+05:45,2026-05-25,15:00:24,1779700524,0,9,15,nepse_official,CLOSE,2026-05-25,SLBBL,Swarojgar Laghubitta Bittiya Sanstha Ltd.,825.0,836.4,821.1,,831.5,822.7,8.799999999999955,,6640.0,5520628.8,83.0,15.299999999999955,1.854545454545449,1.069648717637043,66513.59999999999,831.42
2026-05-25T09:15:24+00:00,2026-05-25T15:00:24+05:45,2026-05-25,15:00:24,1779700524,0,9,15,nepse_official,CLOSE,2026-05-25,SLBSL,Samudayik Laghubitta Bittiya Sanstha Limited,1180.0,1205.0,1180.0,,1199.0,1180.0,19.0,,1547.0,1843906.0,29.0,25.0,2.11864406779661,1.6101694915254237,63582.96551724138,1191.9237233354881
2026-05-25T09:15:24+00:00,2026-05-25T15:00:24+05:45,2026-05-25,15:00:24,1779700524,0,9,15,nepse_official,CLOSE,2026-05-25,SLCF,Sanima Large Cap Fund,10.3,10.3,10.01,,10.01,10.0,0.009999999999999787,,3550.0,35612.0,14.0,0.2900000000000009,2.8155339805825332,0.09999999999999788,2543.714285714286,10.031549295774647
2026-05-25T09:15:24+00:00,2026-05-25T15:00:24+05:45,2026-05-25,15:00:24,1779700524,0,9,15,nepse_official,CLOSE,2026-05-25,SMATA,Samata Gharelu Laghubitta Bittiya Sanstha Limited,770.0,775.0,765.0,,770.3,770.0,0.2999999999999545,,5621.0,4345313.9,74.0,10.0,1.2987012987012987,0.038961038961033055,58720.45810810811,773.049973314357
2026-05-25T09:15:24+00:00,2026-05-25T15:00:24+05:45,2026-05-25,15:00:24,1779700524,0,9,15,nepse_official,CLOSE,2026-05-25,SMB,Support Microfinance Bittiya Sanstha Ltd.,1788.0,1790.0,1751.0,,1762.0,1741.0,21.0,,605.0,1068365.2,32.0,39.0,2.1812080536912752,1.2062033314187248,33386.4125,1765.8928925619834
2026-05-25T09:15:24+00:00,2026-05-25T15:00:24+05:45,2026-05-25,15:00:24,1779700524,0,9,15,nepse_official,CLOSE,2026-05-25,SMFBS,Swabhimaan Laghubitta Bittiya Sanstha Limited,1513.3,1525.1,1502.0,,1520.0,1535.0,-15.0,,1713.0,2595526.2,31.0,23.09999999999991,1.5264653406462638,-0.9771986970684038,83726.65161290324,1515.1933450087568
2026-05-25T09:15:24+00:00,2026-05-25T15:00:24+05:45,2026-05-25,15:00:24,1779700524,0,9,15,nepse_official,CLOSE,2026-05-25,SMH,Super Mai Hydropower Limited,594.0,600.0,585.2,,597.2,594.0,3.2000000000000455,,8942.0,5344473.4,73.0,14.799999999999955,2.491582491582484,0.5387205387205464,73211.96438356164,597.6821069112056
2026-05-25T09:15:24+00:00,2026-05-25T15:00:24+05:45,2026-05-25,15:00:24,1779700524,0,9,15,nepse_official,CLOSE,2026-05-25,SMHL,Super Madi Hydropower Limited,500.1,508.0,500.1,,504.8,499.0,5.800000000000011,,37505.0,18970953.6,293.0,7.899999999999977,1.579684063187358,1.1623246492985995,64747.281911262806,505.82465271297167
2026-05-25T09:15:24+00:00,2026-05-25T15:00:24+05:45,2026-05-25,15:00:24,1779700524,0,9,15,nepse_official,CLOSE,2026-05-25,SMJC,Sagarmatha Jalabidhyut Company Limited,463.6,499.0,463.6,,491.0,487.9,3.1000000000000227,,55265.0,27061586.0,279.0,35.39999999999998,7.63589301121656,0.635376101660181,96994.93189964158,489.6695195874423
2026-05-25T09:15:24+00:00,2026-05-25T15:00:24+05:45,2026-05-25,15:00:24,1779700524,0,9,15,nepse_official,CLOSE,2026-05-25,SMPDA,Sampada Laghubitta Bittiya Sanstha Limited,838.0,854.0,838.0,,843.0,838.0,5.0,,1616.0,1364006.7,33.0,16.0,1.9093078758949882,0.5966587112171837,41333.53636363636,844.063551980198
2026-05-25T09:15:24+00:00,2026-05-25T15:00:24+05:45,2026-05-25,15:00:24,1779700524,0,9,15,nepse_official,CLOSE,2026-05-25,SNLI,Sun Nepal Life Insurance Company Limited,455.0,455.0,447.5,,450.6,447.0,3.6000000000000227,,21558.0,9710574.5,370.0,7.5,1.6483516483516485,0.8053691275167837,26244.795945945945,450.4394888208554
2026-05-25T09:15:24+00:00,2026-05-25T15:00:24+05:45,2026-05-25,15:00:24,1779700524,0,9,15,nepse_official,CLOSE,2026-05-25,SOHL,Solu Hydropower Limited,685.0,711.0,685.0,,701.0,688.0,13.0,,174379.0,122310682.5,2849.0,26.0,3.795620437956204,1.88953488372093,42931.09248859249,701.4071791901548
2026-05-25T09:15:24+00:00,2026-05-25T15:00:24+05:45,2026-05-25,15:00:24,1779700524,0,9,15,nepse_official,CLOSE,2026-05-25,SONA,Sonapur Minerals And Oil Limited,475.0,475.0,455.1,,470.0,462.0,8.0,,65166.0,30377444.9,476.0,19.899999999999977,4.189473684210522,1.7316017316017316,63818.161554621845,466.154818463616
2026-05-25T09:15:24+00:00,2026-05-25T15:00:24+05:45,2026-05-25,15:00:24,1779700524,0,9,15,nepse_official,CLOSE,2026-05-25,SPC,Samling Power Company Limited,455.2,478.5,455.2,,469.9,458.2,11.699999999999989,,4682.0,2201533.3,71.0,23.30000000000001,5.118629173989458,2.5534701003928393,31007.51126760563,470.2121529260999
2026-05-25T09:15:24+00:00,2026-05-25T15:00:24+05:45,2026-05-25,15:00:24,1779700524,0,9,15,nepse_official,CLOSE,2026-05-25,SPDL,Synergy Power Development Ltd.,427.0,427.0,408.1,,410.0,407.0,3.0,,54803.0,22473102.6,148.0,18.899999999999977,4.426229508196716,0.7371007371007371,151845.28783783785,410.0706640147437
2026-05-25T09:15:24+00:00,2026-05-25T15:00:24+05:45,2026-05-25,15:00:24,1779700524,0,9,15,nepse_official,CLOSE,2026-05-25,SPHL,Sayapatri Hydropower Limited,500.0,543.0,500.0,,534.8,525.0,9.799999999999955,,8565.0,4536338.3,83.0,43.0,8.6,1.8666666666666583,54654.67831325301,529.6366958552247
2026-05-25T09:15:24+00:00,2026-05-25T15:00:24+05:45,2026-05-25,15:00:24,1779700524,0,9,15,nepse_official,CLOSE,2026-05-25,SPIL,Siddhartha Premier Insurance Limited,707.2,715.9,707.2,,715.9,709.8,6.100000000000023,,6148.0,4376028.9,36.0,8.699999999999932,1.2302036199094926,0.8593970132431704,121556.35833333334,711.7808880936891
2026-05-25T09:15:24+00:00,2026-05-25T15:00:24+05:45,2026-05-25,15:00:24,1779700524,0,9,15,nepse_official,CLOSE,2026-05-25,SPL,Shuvam Power Limited,705.0,725.0,686.8,,700.0,708.0,-8.0,,5129.0,3592210.5,49.0,38.200000000000045,5.418439716312063,-1.1299435028248588,73310.41836734694,700.3724897640866
2026-05-25T09:15:24+00:00,2026-05-25T15:00:24+05:45,2026-05-25,15:00:24,1779700524,0,9,15,nepse_official,CLOSE,2026-05-25,SRLI,Sanima Reliance Life Insurance Limited,389.3,397.5,389.3,,396.0,393.9,2.1000000000000227,,21579.0,8527563.0,259.0,8.199999999999989,2.1063447212946285,0.5331302361005389,32924.95366795367,395.17878492979287
2026-05-25T09:15:24+00:00,2026-05-25T15:00:24+05:45,2026-05-25,15:00:24,1779700524,0,9,15,nepse_official,CLOSE,2026-05-25,SSHL,Shiva Shree Hydropower Ltd,220.0,228.8,220.0,,225.5,221.9,3.5999999999999943,,326412.0,73844281.6,993.0,8.800000000000011,4.000000000000005,1.6223524109959415,74364.83544813695,226.23029055304337
2026-05-25T09:15:24+00:00,2026-05-25T15:00:24+05:45,2026-05-25,15:00:24,1779700524,0,9,15,nepse_official,CLOSE,2026-05-25,STC,Salt Trading Corporation,5863.0,5958.0,5830.0,,5958.0,5930.0,28.0,,964.0,5688588.0,42.0,128.0,2.183182670987549,0.4721753794266442,135442.57142857142,5901.0248962655605
2026-05-25T09:15:24+00:00,2026-05-25T15:00:24+05:45,2026-05-25,15:00:24,1779700524,0,9,15,nepse_official,CLOSE,2026-05-25,SWASTIK,Swastik Laghubitta Bittiya Sanstha Limited,2415.0,2473.9,2375.0,,2382.0,2400.0,-18.0,,1016.0,2457068.0,40.0,98.90000000000009,4.095238095238099,-0.75,61426.7,2418.3740157480315
2026-05-25T09:15:24+00:00,2026-05-25T15:00:24+05:45,2026-05-25,15:00:24,1779700524,0,9,15,nepse_official,CLOSE,2026-05-25,SWBBL,Swabalamban Laghubitta Bittiya Sanstha Limited,778.1,778.1,746.0,,751.0,741.1,9.899999999999977,,5538.0,4166332.5,75.0,32.10000000000002,4.125433748875468,1.33585211172581,55551.1,752.3171722643553
2026-05-25T09:15:24+00:00,2026-05-25T15:00:24+05:45,2026-05-25,15:00:24,1779700524,0,9,15,nepse_official,CLOSE,2026-05-25,SWMF,Suryodaya Womi Laghubitta Bittiya Sanstha Limited,670.0,678.9,662.1,,665.0,669.1,-4.100000000000023,,9166.0,6108739.4,56.0,16.799999999999955,2.5074626865671577,-0.6127634135405803,109084.63214285715,666.4564041021166
2026-05-25T09:15:24+00:00,2026-05-25T15:00:24+05:45,2026-05-25,15:00:24,1779700524,0,9,15,nepse_official,CLOSE,2026-05-25,SYPNL,SY Panel Nepal Limited,1459.0,1535.0,1459.0,,1519.0,1507.9,11.099999999999909,,63042.0,96004288.1,903.0,76.0,5.20904729266621,0.7361230850852117,106317.04108527131,1522.8623473240061
2026-05-25T09:15:24+00:00,2026-05-25T15:00:24+05:45,2026-05-25,15:00:24,1779700524,0,9,15,nepse_official,CLOSE,2026-05-25,TAMOR,Sanima Middle Tamor Hydropower Limited,456.0,465.0,450.1,,460.0,455.0,5.0,,133429.0,61297432.6,508.0,14.899999999999977,3.2675438596491175,1.098901098901099,120664.2374015748,459.40112419339124
2026-05-25T09:15:24+00:00,2026-05-25T15:00:24+05:45,2026-05-25,15:00:24,1779700524,0,9,15,nepse_official,CLOSE,2026-05-25,TPC,Terhathum Power Company Limited,389.0,389.0,375.0,,381.0,380.0,1.0,,48618.0,18615613.5,200.0,14.0,3.5989717223650386,0.2631578947368421,93078.0675,382.8955016660496
2026-05-25T09:15:24+00:00,2026-05-25T15:00:24+05:45,2026-05-25,15:00:24,1779700524,0,9,15,nepse_official,CLOSE,2026-05-25,TRH,Taragaon Regency Hotel Limited,753.0,765.0,753.0,,762.0,755.2,6.7999999999999545,,726.0,549716.0,8.0,12.0,1.593625498007968,0.9004237288135533,68714.5,757.1845730027549
2026-05-25T09:15:24+00:00,2026-05-25T15:00:24+05:45,2026-05-25,15:00:24,1779700524,0,9,15,nepse_official,CLOSE,2026-05-25,TSHL,Three Star Hydropower Limited,550.0,633.0,550.0,,622.0,555.0,67.0,,11092.0,6502616.4,194.0,83.0,15.090909090909092,12.072072072072073,33518.64123711341,586.2438153624234
2026-05-25T09:15:24+00:00,2026-05-25T15:00:24+05:45,2026-05-25,15:00:24,1779700524,0,9,15,nepse_official,CLOSE,2026-05-25,TTL,Trade Tower Limited,898.8,898.8,846.0,,860.0,856.0,4.0,,31779.0,27581088.6,586.0,52.799999999999955,5.8744993324432535,0.46728971962616817,47066.704095563146,867.9029736618522
2026-05-25T09:15:24+00:00,2026-05-25T15:00:24+05:45,2026-05-25,15:00:24,1779700524,0,9,15,nepse_official,CLOSE,2026-05-25,TVCL,Trishuli Jal Vidhyut Company Limited ,509.1,531.0,509.1,,529.0,521.9,7.100000000000023,,19928.0,10265807.1,67.0,21.899999999999977,4.301708898055387,1.360413872389351,153221.0014925373,515.1448765556001
2026-05-25T09:15:24+00:00,2026-05-25T15:00:24+05:45,2026-05-25,15:00:24,1779700524,0,9,15,nepse_official,CLOSE,2026-05-25,UAIL,United Ajod Insurance Limited,437.0,453.0,437.0,,443.0,445.0,-2.0,,9869.0,4385306.1,94.0,16.0,3.6613272311212817,-0.44943820224719105,46652.19255319148,444.3516161718512
2026-05-25T09:15:24+00:00,2026-05-25T15:00:24+05:45,2026-05-25,15:00:24,1779700524,0,9,15,nepse_official,CLOSE,2026-05-25,UHEWA,Upper Hewakhola Hydropower Company Limited,583.5,609.8,580.0,,609.8,583.6,26.199999999999932,,57745.0,34656410.0,251.0,29.799999999999955,5.107112253641809,4.489376285126787,138073.34661354581,600.1629578318469
2026-05-25T09:15:24+00:00,2026-05-25T15:00:24+05:45,2026-05-25,15:00:24,1779700524,0,9,15,nepse_official,CLOSE,2026-05-25,ULBSL,Upakar Laghubitta Bittiya Sanstha Limited,2850.0,2997.9,2850.0,,2949.9,2920.0,29.90000000000009,,795.0,2339564.9,40.0,147.9000000000001,5.18947368421053,1.0239726027397291,58489.1225,2942.84893081761
2026-05-25T09:15:24+00:00,2026-05-25T15:00:24+05:45,2026-05-25,15:00:24,1779700524,0,9,15,nepse_official,CLOSE,2026-05-25,ULHC,Upper Lohore Khola Hydropower Company Limited,478.1,485.7,478.1,,480.7,477.5,3.1999999999999886,,17372.0,8360649.2,142.0,7.599999999999966,1.5896256013386247,0.6701570680628248,58877.81126760563,481.27154040985494
2026-05-25T09:15:24+00:00,2026-05-25T15:00:24+05:45,2026-05-25,15:00:24,1779700524,0,9,15,nepse_official,CLOSE,2026-05-25,UMHL,United Modi Hydropower Ltd.,550.0,574.0,550.0,,571.0,564.0,7.0,,18741.0,10695367.1,108.0,24.0,4.363636363636364,1.2411347517730498,99031.17685185185,570.6935115522117
2026-05-25T09:15:24+00:00,2026-05-25T15:00:24+05:45,2026-05-25,15:00:24,1779700524,0,9,15,nepse_official,CLOSE,2026-05-25,UMRH,United IDI Mardi RB Hydropower Limited.,537.2,555.0,537.2,,555.0,545.0,10.0,,37995.0,20760149.5,146.0,17.799999999999955,3.313477289650028,1.834862385321101,142192.80479452055,546.3916173180681
2026-05-25T09:15:24+00:00,2026-05-25T15:00:24+05:45,2026-05-25,15:00:24,1779700524,0,9,15,nepse_official,CLOSE,2026-05-25,UNHPL,Union Hydropower Limited,420.0,444.0,420.0,,432.0,434.0,-2.0,,74679.0,32629109.5,291.0,24.0,5.714285714285714,-0.4608294930875576,112127.52405498282,436.9248316126354
2026-05-25T09:15:24+00:00,2026-05-25T15:00:24+05:45,2026-05-25,15:00:24,1779700524,0,9,15,nepse_official,CLOSE,2026-05-25,UNL,Unilever Nepal Limited,47102.0,47102.0,47000.0,,47000.0,47330.0,-330.0,,30.0,1412020.0,3.0,102.0,0.21655131416924972,-0.6972321994506655,470673.3333333333,47067.333333333336
2026-05-25T09:15:24+00:00,2026-05-25T15:00:24+05:45,2026-05-25,15:00:24,1779700524,0,9,15,nepse_official,CLOSE,2026-05-25,UNLB,Unique Nepal Laghubitta Bittiya Sanstha Limited,1385.0,1421.0,1385.0,,1394.0,1424.0,-30.0,,1120.0,1564410.5,35.0,36.0,2.5992779783393503,-2.106741573033708,44697.44285714286,1396.7950892857143
2026-05-25T09:15:24+00:00,2026-05-25T15:00:24+05:45,2026-05-25,15:00:24,1779700524,0,9,15,nepse_official,CLOSE,2026-05-25,UPCL,UNIVERSAL POWER COMPANY LTD,377.0,380.0,373.0,,375.0,373.0,2.0,,52292.0,19689286.0,242.0,7.0,1.8567639257294428,0.5361930294906166,81360.68595041323,376.5257783217318
2026-05-25T09:15:24+00:00,2026-05-25T15:00:24+05:45,2026-05-25,15:00:24,1779700524,0,9,15,nepse_official,CLOSE,2026-05-25,UPPER,Upper Tamakoshi Hydropower Ltd,197.5,211.9,197.5,,210.2,207.5,2.6999999999999886,,183113.0,38494405.8,827.0,14.400000000000006,7.291139240506332,1.301204819277103,46547.04449818621,210.22213496584075
2026-05-25T09:15:24+00:00,2026-05-25T15:00:24+05:45,2026-05-25,15:00:24,1779700524,0,9,15,nepse_official,CLOSE,2026-05-25,USHEC,Upper Solu Hydro Electric Company Limited,508.0,521.0,508.0,,521.0,507.0,14.0,,62362.0,32273884.7,262.0,13.0,2.559055118110236,2.7613412228796843,123182.76603053435,517.5248500689522
2026-05-25T09:15:24+00:00,2026-05-25T15:00:24+05:45,2026-05-25,15:00:24,1779700524,0,9,15,nepse_official,CLOSE,2026-05-25,USHL,Upper Syange Hydropower Limited,630.0,640.0,617.2,,620.1,625.0,-4.899999999999977,,608.0,381135.0,22.0,22.799999999999955,3.619047619047612,-0.7839999999999964,17324.31818181818,626.8667763157895
2026-05-25T09:15:24+00:00,2026-05-25T15:00:24+05:45,2026-05-25,15:00:24,1779700524,0,9,15,nepse_official,CLOSE,2026-05-25,USLB,Unnati Sahakarya Laghubitta Bittiya Sanstha Limited,1260.0,1285.0,1260.0,,1285.0,1256.0,29.0,,2914.0,3724305.9,58.0,25.0,1.984126984126984,2.3089171974522293,64212.17068965517,1278.073404255319
2026-05-25T09:15:24+00:00,2026-05-25T15:00:24+05:45,2026-05-25,15:00:24,1779700524,0,9,15,nepse_official,CLOSE,2026-05-25,VLBS,Vijaya laghubitta Bittiya Sanstha Ltd.,691.2,708.0,691.2,,700.0,694.9,5.100000000000023,,2555.0,1793391.9,154.0,16.799999999999955,2.4305555555555487,0.7339185494315762,11645.401948051947,701.9146379647749
2026-05-25T09:15:24+00:00,2026-05-25T15:00:24+05:45,2026-05-25,15:00:24,1779700524,0,9,15,nepse_official,CLOSE,2026-05-25,VLUCL,Vision Lumbini Urja Company Limited ,514.7,514.7,495.0,,500.0,500.0,0.0,,2593.0,1303345.2,70.0,19.700000000000045,3.8274723139693108,0.0,18619.217142857142,502.6398765908214
2026-05-25T09:15:24+00:00,2026-05-25T15:00:24+05:45,2026-05-25,15:00:24,1779700524,0,9,15,nepse_official,CLOSE,2026-05-25,WNLB,Wean Nepal Laghubitta Bittiya Sanstha Limited,1499.0,1499.0,1455.0,,1496.5,1480.0,16.5,,403.0,589755.0,19.0,44.0,2.935290193462308,1.114864864864865,31039.736842105263,1463.4119106699752
