scraped_at_utc,scraped_at_npt,npt_date,npt_time,scraped_epoch,weekday,hour_utc,hour_npt,price_source,is_market_open,business_date,symbol,security_name,open_price,high_price,low_price,close_price,last_traded_price,previous_closing_price,point_change,percentage_change,total_traded_quantity,total_traded_value,total_trades,intraday_range,intraday_range_pct_of_open,return_from_prev_close_pct,turnover_per_trade,vwap_proxy
2026-09-09T05:15:28+00:00,2026-09-09T11:00:28+05:45,2026-09-09,11:00:28,1788930928,2,5,11,nepse_official,OPEN,2026-09-09,ADBL,Agricultural Development Bank Limited,299.0,299.0,299.0,,299.0,300.0,-1.0,,55.0,16445.0,1.0,0.0,0.0,-0.33333333333333337,16445.0,299.0
2026-09-09T05:15:28+00:00,2026-09-09T11:00:28+05:45,2026-09-09,11:00:28,1788930928,2,5,11,nepse_official,OPEN,2026-09-09,AKPL,Arun Kabeli Power Ltd.,250.0,250.0,250.0,,250.0,250.0,0.0,,191.0,47750.0,4.0,0.0,0.0,0.0,11937.5,250.0
2026-09-09T05:15:28+00:00,2026-09-09T11:00:28+05:45,2026-09-09,11:00:28,1788930928,2,5,11,nepse_official,OPEN,2026-09-09,ALBSL,Asha Laghubitta Bittiya Sanstha Ltd,1071.0,1071.0,1071.0,,1071.0,1102.1,-31.09999999999991,,21.0,22491.0,1.0,0.0,0.0,-2.821885491334717,22491.0,1071.0
2026-09-09T05:15:28+00:00,2026-09-09T11:00:28+05:45,2026-09-09,11:00:28,1788930928,2,5,11,nepse_official,OPEN,2026-09-09,ANLB,Aatmanirbhar Laghubitta Bittiya Sanstha Limited,4800.0,4800.0,4800.0,,4800.0,4908.0,-108.0,,10.0,48000.0,1.0,0.0,0.0,-2.2004889975550124,48000.0,4800.0
2026-09-09T05:15:28+00:00,2026-09-09T11:00:28+05:45,2026-09-09,11:00:28,1788930928,2,5,11,nepse_official,OPEN,2026-09-09,APHL,Appolo Hydropower Limited,670.0,670.0,670.0,,670.0,690.0,-20.0,,10.0,6700.0,1.0,0.0,0.0,-2.898550724637681,6700.0,670.0
2026-09-09T05:15:28+00:00,2026-09-09T11:00:28+05:45,2026-09-09,11:00:28,1788930928,2,5,11,nepse_official,OPEN,2026-09-09,API,Api Power Company Ltd.,329.0,329.0,329.0,,329.0,329.0,0.0,,10.0,3290.0,1.0,0.0,0.0,0.0,3290.0,329.0
2026-09-09T05:15:28+00:00,2026-09-09T11:00:28+05:45,2026-09-09,11:00:28,1788930928,2,5,11,nepse_official,OPEN,2026-09-09,BANDIPUR,Bandipur Cablecar and Tourism Limited,640.0,640.0,640.0,,640.0,645.9,-5.899999999999977,,10.0,6400.0,1.0,0.0,0.0,-0.9134540950611515,6400.0,640.0
2026-09-09T05:15:28+00:00,2026-09-09T11:00:28+05:45,2026-09-09,11:00:28,1788930928,2,5,11,nepse_official,OPEN,2026-09-09,BHCL,Bikash Hydropower Company Limited,515.8,515.8,515.8,,515.8,542.9,-27.100000000000023,,11.0,5673.8,1.0,0.0,0.0,-4.991711180696265,5673.8,515.8000000000001
2026-09-09T05:15:28+00:00,2026-09-09T11:00:28+05:45,2026-09-09,11:00:28,1788930928,2,5,11,nepse_official,OPEN,2026-09-09,BHL,Balephi Hydropower Limited,202.0,202.0,202.0,,202.0,201.0,1.0,,10.0,2020.0,1.0,0.0,0.0,0.4975124378109453,2020.0,202.0
2026-09-09T05:15:28+00:00,2026-09-09T11:00:28+05:45,2026-09-09,11:00:28,1788930928,2,5,11,nepse_official,OPEN,2026-09-09,BJHL,Bhujung Hydropower Limited,640.0,640.0,640.0,,640.0,653.0,-13.0,,10.0,6400.0,1.0,0.0,0.0,-1.9908116385911179,6400.0,640.0
2026-09-09T05:15:28+00:00,2026-09-09T11:00:28+05:45,2026-09-09,11:00:28,1788930928,2,5,11,nepse_official,OPEN,2026-09-09,BNHC,Buddha Bhumi Nepal Hydropower Company Limited,263.0,263.0,263.0,,263.0,263.8,-0.8000000000000114,,20.0,5260.0,1.0,0.0,0.0,-0.3032600454890111,5260.0,263.0
2026-09-09T05:15:28+00:00,2026-09-09T11:00:28+05:45,2026-09-09,11:00:28,1788930928,2,5,11,nepse_official,OPEN,2026-09-09,CBBL,Chhimek Laghubitta Bittiya Sanstha Limited,940.0,940.0,940.0,,940.0,943.0,-3.0,,10.0,9400.0,1.0,0.0,0.0,-0.3181336161187699,9400.0,940.0
2026-09-09T05:15:28+00:00,2026-09-09T11:00:28+05:45,2026-09-09,11:00:28,1788930928,2,5,11,nepse_official,OPEN,2026-09-09,CFCL,Central Finance Co. Ltd.,589.0,589.0,589.0,,589.0,595.0,-6.0,,70.0,41230.0,2.0,0.0,0.0,-1.0084033613445378,20615.0,589.0
2026-09-09T05:15:28+00:00,2026-09-09T11:00:28+05:45,2026-09-09,11:00:28,1788930928,2,5,11,nepse_official,OPEN,2026-09-09,CHCL,Chilime Hydropower Company Limited,363.0,363.0,363.0,,363.0,369.2,-6.199999999999989,,682.0,247566.0,6.0,0.0,0.0,-1.6793066088840707,41261.0,363.0
2026-09-09T05:15:28+00:00,2026-09-09T11:00:28+05:45,2026-09-09,11:00:28,1788930928,2,5,11,nepse_official,OPEN,2026-09-09,CREST,Crest Micro Life Insurance Limited,1050.0,1050.0,1050.0,,1050.0,1074.0,-24.0,,60.0,63000.0,3.0,0.0,0.0,-2.2346368715083798,21000.0,1050.0
2026-09-09T05:15:28+00:00,2026-09-09T11:00:28+05:45,2026-09-09,11:00:28,1788930928,2,5,11,nepse_official,OPEN,2026-09-09,CYCL,CYC Nepal Laghubitta Bittiya Sanstha Limited,1504.8,1504.8,1504.8,,1504.8,1584.0,-79.20000000000005,,10.0,15048.0,1.0,0.0,0.0,-5.000000000000003,15048.0,1504.8
2026-09-09T05:15:28+00:00,2026-09-09T11:00:28+05:45,2026-09-09,11:00:28,1788930928,2,5,11,nepse_official,OPEN,2026-09-09,CZBIL,Citizens Bank International Limited,209.4,209.4,209.4,,209.4,199.5,9.900000000000006,,20.0,4188.0,2.0,0.0,0.0,4.962406015037597,2094.0,209.4
2026-09-09T05:15:28+00:00,2026-09-09T11:00:28+05:45,2026-09-09,11:00:28,1788930928,2,5,11,nepse_official,OPEN,2026-09-09,EBL,Everest Bank Limited,714.0,714.0,714.0,,714.0,716.0,-2.0,,289.0,206346.0,4.0,0.0,0.0,-0.27932960893854747,51586.5,714.0
2026-09-09T05:15:28+00:00,2026-09-09T11:00:28+05:45,2026-09-09,11:00:28,1788930928,2,5,11,nepse_official,OPEN,2026-09-09,EBLD85,10.50% Everest Bank Limited Debenture 2085,1151.4,1151.4,1151.4,,1151.4,1151.4,0.0,,2.0,2188.0,1.0,0.0,0.0,0.0,2188.0,1094.0
2026-09-09T05:15:28+00:00,2026-09-09T11:00:28+05:45,2026-09-09,11:00:28,1788930928,2,5,11,nepse_official,OPEN,2026-09-09,ECL,Everest Colour Limited,1300.0,1300.0,1300.0,,1300.0,1297.0,3.0,,40.0,52000.0,4.0,0.0,0.0,0.2313030069390902,13000.0,1300.0
2026-09-09T05:15:28+00:00,2026-09-09T11:00:28+05:45,2026-09-09,11:00:28,1788930928,2,5,11,nepse_official,OPEN,2026-09-09,EHPL,Eastern Hydropower Limited,330.7,330.7,330.7,,330.7,315.0,15.699999999999989,,10.0,3307.0,1.0,0.0,0.0,4.984126984126981,3307.0,330.7
2026-09-09T05:15:28+00:00,2026-09-09T11:00:28+05:45,2026-09-09,11:00:28,1788930928,2,5,11,nepse_official,OPEN,2026-09-09,ENL,Emerging Nepal Limited,657.1,657.1,657.1,,657.1,691.6,-34.5,,865.0,568391.5,6.0,0.0,0.0,-4.988432620011567,94731.91666666667,657.1
2026-09-09T05:15:28+00:00,2026-09-09T11:00:28+05:45,2026-09-09,11:00:28,1788930928,2,5,11,nepse_official,OPEN,2026-09-09,GBBL,Garima Bikas Bank Limited,450.0,450.0,450.0,,450.0,447.0,3.0,,630.0,283500.0,5.0,0.0,0.0,0.6711409395973155,56700.0,450.0
2026-09-09T05:15:28+00:00,2026-09-09T11:00:28+05:45,2026-09-09,11:00:28,1788930928,2,5,11,nepse_official,OPEN,2026-09-09,GBIME,Global IME Bank Limited,254.0,254.0,254.0,,254.0,251.9,2.0999999999999943,,1035.0,262890.0,4.0,0.0,0.0,0.8336641524414428,65722.5,254.0
2026-09-09T05:15:28+00:00,2026-09-09T11:00:28+05:45,2026-09-09,11:00:28,1788930928,2,5,11,nepse_official,OPEN,2026-09-09,GCIL,Ghorahi Cement Industry Limited,378.5,378.5,378.5,,378.5,378.5,0.0,,46.0,17411.0,4.0,0.0,0.0,0.0,4352.75,378.5
2026-09-09T05:15:28+00:00,2026-09-09T11:00:28+05:45,2026-09-09,11:00:28,1788930928,2,5,11,nepse_official,OPEN,2026-09-09,GLH,GreenLife Hydropower Limited,246.2,246.2,246.2,,246.2,246.2,0.0,,10.0,2462.0,1.0,0.0,0.0,0.0,2462.0,246.2
2026-09-09T05:15:28+00:00,2026-09-09T11:00:28+05:45,2026-09-09,11:00:28,1788930928,2,5,11,nepse_official,OPEN,2026-09-09,GMFBS,Ganapati Laghubitta Bittiya Sanstha Limited,1170.0,1170.0,1170.0,,1170.0,1145.0,25.0,,10.0,11700.0,1.0,0.0,0.0,2.1834061135371177,11700.0,1170.0
2026-09-09T05:15:28+00:00,2026-09-09T11:00:28+05:45,2026-09-09,11:00:28,1788930928,2,5,11,nepse_official,OPEN,2026-09-09,GMLI,Guardian Micro Life Insurance Limited ,951.0,951.0,951.0,,951.0,951.0,0.0,,10.0,9510.0,1.0,0.0,0.0,0.0,9510.0,951.0
2026-09-09T05:15:28+00:00,2026-09-09T11:00:28+05:45,2026-09-09,11:00:28,1788930928,2,5,11,nepse_official,OPEN,2026-09-09,HBL,Himalayan Bank Limited,188.0,188.0,188.0,,188.0,189.0,-1.0,,40.0,7520.0,4.0,0.0,0.0,-0.5291005291005291,1880.0,188.0
2026-09-09T05:15:28+00:00,2026-09-09T11:00:28+05:45,2026-09-09,11:00:28,1788930928,2,5,11,nepse_official,OPEN,2026-09-09,HIDCL,Hydorelectricity Investment and Development Company Ltd,255.1,255.1,255.1,,255.1,243.0,12.099999999999994,,10.0,2551.0,1.0,0.0,0.0,4.979423868312755,2551.0,255.1
2026-09-09T05:15:28+00:00,2026-09-09T11:00:28+05:45,2026-09-09,11:00:28,1788930928,2,5,11,nepse_official,OPEN,2026-09-09,HLI,Himalayan Life Insurance Limited,296.6,296.6,296.6,,296.6,296.6,0.0,,24.0,7118.4,2.0,0.0,0.0,0.0,3559.2,296.59999999999997
2026-09-09T05:15:28+00:00,2026-09-09T11:00:28+05:45,2026-09-09,11:00:28,1788930928,2,5,11,nepse_official,OPEN,2026-09-09,HRL,Himalayan Reinsurance Limited,516.0,516.0,516.0,,516.0,516.0,0.0,,51.0,26316.0,5.0,0.0,0.0,0.0,5263.2,516.0
2026-09-09T05:15:28+00:00,2026-09-09T11:00:28+05:45,2026-09-09,11:00:28,1788930928,2,5,11,nepse_official,OPEN,2026-09-09,ILI,IME Life Insurance Company Limited,405.0,405.0,405.0,,405.0,405.0,0.0,,80.0,32400.0,3.0,0.0,0.0,0.0,10800.0,405.0
2026-09-09T05:15:28+00:00,2026-09-09T11:00:28+05:45,2026-09-09,11:00:28,1788930928,2,5,11,nepse_official,OPEN,2026-09-09,JBLB,Jeevan Bikas Laghubitta  Bittya Sanstha Ltd,1252.0,1252.0,1252.0,,1252.0,1252.0,0.0,,28.0,35056.0,1.0,0.0,0.0,0.0,35056.0,1252.0
2026-09-09T05:15:28+00:00,2026-09-09T11:00:28+05:45,2026-09-09,11:00:28,1788930928,2,5,11,nepse_official,OPEN,2026-09-09,JFL,Janaki Finance Company Limited,300.0,300.0,300.0,,300.0,313.6,-13.600000000000023,,860.0,258000.0,7.0,0.0,0.0,-4.336734693877558,36857.142857142855,300.0
2026-09-09T05:15:28+00:00,2026-09-09T11:00:28+05:45,2026-09-09,11:00:28,1788930928,2,5,11,nepse_official,OPEN,2026-09-09,KAHL,Kalanga Hydro Limited,490.0,490.0,490.0,,490.0,493.0,-3.0,,40.0,19600.0,4.0,0.0,0.0,-0.6085192697768762,4900.0,490.0
2026-09-09T05:15:28+00:00,2026-09-09T11:00:28+05:45,2026-09-09,11:00:28,1788930928,2,5,11,nepse_official,OPEN,2026-09-09,KBL,Kumari Bank Limited,215.0,215.0,215.0,,215.0,215.0,0.0,,24.0,5160.0,3.0,0.0,0.0,0.0,1720.0,215.0
2026-09-09T05:15:28+00:00,2026-09-09T11:00:28+05:45,2026-09-09,11:00:28,1788930928,2,5,11,nepse_official,OPEN,2026-09-09,KDL,Kalinchowk Darshan Limited,690.7,690.7,690.7,,690.7,727.0,-36.299999999999955,,400.0,276280.0,4.0,0.0,0.0,-4.993122420907834,69070.0,690.7
2026-09-09T05:15:28+00:00,2026-09-09T11:00:28+05:45,2026-09-09,11:00:28,1788930928,2,5,11,nepse_official,OPEN,2026-09-09,KMCDB,Kalika Laghubitta Bittiya Sanstha Ltd,779.0,779.0,779.0,,779.0,820.0,-41.0,,10.0,7790.0,1.0,0.0,0.0,-5.0,7790.0,779.0
2026-09-09T05:15:28+00:00,2026-09-09T11:00:28+05:45,2026-09-09,11:00:28,1788930928,2,5,11,nepse_official,OPEN,2026-09-09,LSL,Laxmi Sunrise Bank Limited,236.2,236.2,236.2,,236.2,225.0,11.199999999999989,,10.0,2362.0,1.0,0.0,0.0,4.9777777777777725,2362.0,236.2
2026-09-09T05:15:28+00:00,2026-09-09T11:00:28+05:45,2026-09-09,11:00:28,1788930928,2,5,11,nepse_official,OPEN,2026-09-09,MABEL,Mabilung Energy Limited,587.7,587.7,587.7,,587.7,587.7,0.0,,10.0,5877.0,1.0,0.0,0.0,0.0,5877.0,587.7
2026-09-09T05:15:28+00:00,2026-09-09T11:00:28+05:45,2026-09-09,11:00:28,1788930928,2,5,11,nepse_official,OPEN,2026-09-09,MANDU,Mandu Hydropower Limited,643.2,643.2,643.2,,643.2,677.0,-33.799999999999955,,500.0,321600.0,2.0,0.0,0.0,-4.992614475627763,160800.0,643.2
2026-09-09T05:15:28+00:00,2026-09-09T11:00:28+05:45,2026-09-09,11:00:28,1788930928,2,5,11,nepse_official,OPEN,2026-09-09,MBL,Machhapuchhre Bank Limited,262.5,262.5,262.5,,262.5,250.0,12.5,,10.0,2625.0,1.0,0.0,0.0,5.0,2625.0,262.5
2026-09-09T05:15:28+00:00,2026-09-09T11:00:28+05:45,2026-09-09,11:00:28,1788930928,2,5,11,nepse_official,OPEN,2026-09-09,MEN,Mountain Energy Nepal Limited,629.9,629.9,629.9,,629.9,630.0,-0.10000000000002274,,50.0,31495.0,1.0,0.0,0.0,-0.015873015873019484,31495.0,629.9
2026-09-09T05:15:28+00:00,2026-09-09T11:00:28+05:45,2026-09-09,11:00:28,1788930928,2,5,11,nepse_official,OPEN,2026-09-09,MEPDL,Mount Everest Power Development Limited,644.0,644.0,644.0,,644.0,644.0,0.0,,150.0,96600.0,15.0,0.0,0.0,0.0,6440.0,644.0
2026-09-09T05:15:28+00:00,2026-09-09T11:00:28+05:45,2026-09-09,11:00:28,1788930928,2,5,11,nepse_official,OPEN,2026-09-09,MFIL,Manjushree Finance Ltd.,720.0,720.0,720.0,,720.0,733.0,-13.0,,10.0,7200.0,1.0,0.0,0.0,-1.7735334242837655,7200.0,720.0
2026-09-09T05:15:28+00:00,2026-09-09T11:00:28+05:45,2026-09-09,11:00:28,1788930928,2,5,11,nepse_official,OPEN,2026-09-09,MHNL,Mountain Hydro Nepal Limited,229.9,229.9,229.9,,229.9,242.0,-12.099999999999994,,13.0,2988.7,1.0,0.0,0.0,-4.999999999999997,2988.7,229.89999999999998
2026-09-09T05:15:28+00:00,2026-09-09T11:00:28+05:45,2026-09-09,11:00:28,1788930928,2,5,11,nepse_official,OPEN,2026-09-09,MNBBL,Muktinath Bikas Bank Ltd.,340.0,340.0,340.0,,340.0,346.0,-6.0,,1151.0,391340.0,13.0,0.0,0.0,-1.7341040462427744,30103.076923076922,340.0
2026-09-09T05:15:28+00:00,2026-09-09T11:00:28+05:45,2026-09-09,11:00:28,1788930928,2,5,11,nepse_official,OPEN,2026-09-09,NABIL,Nabil Bank Limited,553.0,555.0,553.0,,555.0,552.5,2.5,,50.0,27690.0,4.0,2.0,0.3616636528028933,0.4524886877828055,6922.5,553.8
2026-09-09T05:15:28+00:00,2026-09-09T11:00:28+05:45,2026-09-09,11:00:28,1788930928,2,5,11,nepse_official,OPEN,2026-09-09,NIBSF2,NIBL Samriddhi Fund -2,8.2,8.2,8.2,,8.2,8.3,-0.10000000000000142,,2000.0,16400.0,1.0,0.0,0.0,-1.2048192771084507,16400.0,8.2
2026-09-09T05:15:28+00:00,2026-09-09T11:00:28+05:45,2026-09-09,11:00:28,1788930928,2,5,11,nepse_official,OPEN,2026-09-09,NICA,NIC Asia Bank Ltd.,324.4,324.4,324.4,,324.4,309.0,15.399999999999977,,10.0,3244.0,1.0,0.0,0.0,4.98381877022653,3244.0,324.4
2026-09-09T05:15:28+00:00,2026-09-09T11:00:28+05:45,2026-09-09,11:00:28,1788930928,2,5,11,nepse_official,OPEN,2026-09-09,NIFRA,Nepal Infrastructure Bank Limited,240.0,240.0,240.0,,240.0,240.9,-0.9000000000000057,,104.0,24960.0,3.0,0.0,0.0,-0.3735990037359924,8320.0,240.0
2026-09-09T05:15:28+00:00,2026-09-09T11:00:28+05:45,2026-09-09,11:00:28,1788930928,2,5,11,nepse_official,OPEN,2026-09-09,NIMB,Nepal Investment Mega Bank Limited,192.9,192.9,192.9,,192.9,183.8,9.099999999999994,,10.0,1929.0,1.0,0.0,0.0,4.951033732317733,1929.0,192.9
2026-09-09T05:15:28+00:00,2026-09-09T11:00:28+05:45,2026-09-09,11:00:28,1788930928,2,5,11,nepse_official,OPEN,2026-09-09,NLIC,Nepal Life Insurance Co. Ltd.,701.0,701.0,701.0,,701.0,701.0,0.0,,39.0,27339.0,2.0,0.0,0.0,0.0,13669.5,701.0
2026-09-09T05:15:28+00:00,2026-09-09T11:00:28+05:45,2026-09-09,11:00:28,1788930928,2,5,11,nepse_official,OPEN,2026-09-09,NMB,NMB Bank Limited,251.8,251.8,251.8,,251.8,239.9,11.900000000000006,,10.0,2518.0,1.0,0.0,0.0,4.960400166736142,2518.0,251.8
2026-09-09T05:15:28+00:00,2026-09-09T11:00:28+05:45,2026-09-09,11:00:28,1788930928,2,5,11,nepse_official,OPEN,2026-09-09,NRM,Nepal Republic Media Limited,287.0,287.0,287.0,,287.0,287.0,0.0,,20.0,5740.0,2.0,0.0,0.0,0.0,2870.0,287.0
2026-09-09T05:15:28+00:00,2026-09-09T11:00:28+05:45,2026-09-09,11:00:28,1788930928,2,5,11,nepse_official,OPEN,2026-09-09,NTC,Nepal Doorsanchar Company Limited,928.2,928.2,928.2,,928.2,884.0,44.200000000000045,,10.0,9282.0,1.0,0.0,0.0,5.000000000000005,9282.0,928.2
2026-09-09T05:15:28+00:00,2026-09-09T11:00:28+05:45,2026-09-09,11:00:28,1788930928,2,5,11,nepse_official,OPEN,2026-09-09,OMPL,Om Megashree Pharmaceuticals Limited,885.0,885.0,885.0,,885.0,895.0,-10.0,,10.0,8850.0,1.0,0.0,0.0,-1.1173184357541899,8850.0,885.0
2026-09-09T05:15:28+00:00,2026-09-09T11:00:28+05:45,2026-09-09,11:00:28,1788930928,2,5,11,nepse_official,OPEN,2026-09-09,PCBL,Prime Commercial Bank Ltd.,256.0,256.0,256.0,,256.0,243.9,12.099999999999994,,10.0,2560.0,1.0,0.0,0.0,4.961049610496103,2560.0,256.0
2026-09-09T05:15:28+00:00,2026-09-09T11:00:28+05:45,2026-09-09,11:00:28,1788930928,2,5,11,nepse_official,OPEN,2026-09-09,PCIL,Palpa Cement Industries Limited,618.2,618.2,618.2,,618.2,618.2,0.0,,150.0,92730.0,15.0,0.0,0.0,0.0,6182.0,618.2
2026-09-09T05:15:28+00:00,2026-09-09T11:00:28+05:45,2026-09-09,11:00:28,1788930928,2,5,11,nepse_official,OPEN,2026-09-09,PPL,People's Power Limited,306.0,306.0,306.0,,306.0,306.0,0.0,,20.0,6120.0,2.0,0.0,0.0,0.0,3060.0,306.0
2026-09-09T05:15:28+00:00,2026-09-09T11:00:28+05:45,2026-09-09,11:00:28,1788930928,2,5,11,nepse_official,OPEN,2026-09-09,PRIN,Prabhu Insurance Ltd.,570.0,570.0,570.0,,570.0,600.0,-30.0,,100.0,57000.0,3.0,0.0,0.0,-5.0,19000.0,570.0
2026-09-09T05:15:28+00:00,2026-09-09T11:00:28+05:45,2026-09-09,11:00:28,1788930928,2,5,11,nepse_official,OPEN,2026-09-09,PRVU,Prabhu  Bank Limited,182.0,182.0,182.0,,182.0,180.0,2.0,,60.0,10920.0,2.0,0.0,0.0,1.1111111111111112,5460.0,182.0
2026-09-09T05:15:28+00:00,2026-09-09T11:00:28+05:45,2026-09-09,11:00:28,1788930928,2,5,11,nepse_official,OPEN,2026-09-09,PURE,Pure Energy Limited,760.0,760.0,760.0,,760.0,761.3,-1.2999999999999545,,20.0,15200.0,2.0,0.0,0.0,-0.17076054117955533,7600.0,760.0
2026-09-09T05:15:28+00:00,2026-09-09T11:00:28+05:45,2026-09-09,11:00:28,1788930928,2,5,11,nepse_official,OPEN,2026-09-09,RHPL,RASUWAGADHI HYDROPOWER COMPANY LIMITED,170.0,170.0,170.0,,170.0,170.2,-0.19999999999998863,,60.0,10200.0,1.0,0.0,0.0,-0.11750881316098039,10200.0,170.0
2026-09-09T05:15:28+00:00,2026-09-09T11:00:28+05:45,2026-09-09,11:00:28,1788930928,2,5,11,nepse_official,OPEN,2026-09-09,RIDI,Ridi Power Company Limited,348.0,348.0,348.0,,348.0,347.7,0.30000000000001137,,10.0,3480.0,1.0,0.0,0.0,0.08628127696290232,3480.0,348.0
2026-09-09T05:15:28+00:00,2026-09-09T11:00:28+05:45,2026-09-09,11:00:28,1788930928,2,5,11,nepse_official,OPEN,2026-09-09,RSML,Reliance Spinning Mills Limited,2941.1,2941.1,2941.1,,2941.1,2940.0,1.099999999999909,,45000.0,132349500.0,17.0,0.0,0.0,0.03741496598639146,7785264.705882353,2941.1
2026-09-09T05:15:28+00:00,2026-09-09T11:00:28+05:45,2026-09-09,11:00:28,1788930928,2,5,11,nepse_official,OPEN,2026-09-09,SABBL,Salapa Bikas Bank Limited,916.7,916.7,916.7,,916.7,916.7,0.0,,20.0,18334.0,2.0,0.0,0.0,0.0,9167.0,916.7
2026-09-09T05:15:28+00:00,2026-09-09T11:00:28+05:45,2026-09-09,11:00:28,1788930928,2,5,11,nepse_official,OPEN,2026-09-09,SADBL,Shangrila Development Bank Ltd.,395.0,395.0,395.0,,395.0,410.4,-15.399999999999977,,10.0,3950.0,1.0,0.0,0.0,-3.752436647173484,3950.0,395.0
2026-09-09T05:15:28+00:00,2026-09-09T11:00:28+05:45,2026-09-09,11:00:28,1788930928,2,5,11,nepse_official,OPEN,2026-09-09,SAGF,Sanima Growth Fund,9.3,9.3,9.3,,9.3,9.33,-0.02999999999999936,,100.0,930.0,1.0,0.0,0.0,-0.32154340836012174,930.0,9.3
2026-09-09T05:15:28+00:00,2026-09-09T11:00:28+05:45,2026-09-09,11:00:28,1788930928,2,5,11,nepse_official,OPEN,2026-09-09,SAHAS,Sahas Urja Limited,694.0,694.0,694.0,,694.0,694.0,0.0,,39.0,27066.0,3.0,0.0,0.0,0.0,9022.0,694.0
2026-09-09T05:15:28+00:00,2026-09-09T11:00:28+05:45,2026-09-09,11:00:28,1788930928,2,5,11,nepse_official,OPEN,2026-09-09,SAIL,Shreenagar Agritech Industries Limited,1050.0,1050.0,1050.0,,1050.0,1056.2,-6.2000000000000455,,10.0,10500.0,1.0,0.0,0.0,-0.5870100359780387,10500.0,1050.0
2026-09-09T05:15:28+00:00,2026-09-09T11:00:28+05:45,2026-09-09,11:00:28,1788930928,2,5,11,nepse_official,OPEN,2026-09-09,SAPIL,Sarvottam Paints Industries Limited,1245.0,1245.0,1245.0,,1245.0,1245.0,0.0,,100.0,124500.0,10.0,0.0,0.0,0.0,12450.0,1245.0
2026-09-09T05:15:28+00:00,2026-09-09T11:00:28+05:45,2026-09-09,11:00:28,1788930928,2,5,11,nepse_official,OPEN,2026-09-09,SBL,Siddhartha Bank Limited,442.5,442.5,442.5,,442.5,421.5,21.0,,10.0,4425.0,1.0,0.0,0.0,4.98220640569395,4425.0,442.5
2026-09-09T05:15:28+00:00,2026-09-09T11:00:28+05:45,2026-09-09,11:00:28,1788930928,2,5,11,nepse_official,OPEN,2026-09-09,SCB,Standard Chartered Bank Limited,649.0,649.0,649.0,,649.0,649.1,-0.10000000000002274,,50.0,32450.0,1.0,0.0,0.0,-0.015405946695427938,32450.0,649.0
2026-09-09T05:15:28+00:00,2026-09-09T11:00:28+05:45,2026-09-09,11:00:28,1788930928,2,5,11,nepse_official,OPEN,2026-09-09,SGHL,Sanigad Hydro Limited,490.0,490.0,490.0,,490.0,499.3,-9.300000000000011,,20.0,9800.0,2.0,0.0,0.0,-1.8626076507109977,4900.0,490.0
2026-09-09T05:15:28+00:00,2026-09-09T11:00:28+05:45,2026-09-09,11:00:28,1788930928,2,5,11,nepse_official,OPEN,2026-09-09,SGIC,Sanima GIC Insurance Limited,380.0,380.0,380.0,,380.0,379.0,1.0,,42.0,15960.0,3.0,0.0,0.0,0.2638522427440633,5320.0,380.0
2026-09-09T05:15:28+00:00,2026-09-09T11:00:28+05:45,2026-09-09,11:00:28,1788930928,2,5,11,nepse_official,OPEN,2026-09-09,SHEL,Singati Hydro Energy Limited,294.0,294.0,294.0,,294.0,293.9,0.10000000000002274,,263.0,77322.0,2.0,0.0,0.0,0.034025178632195556,38661.0,294.0
2026-09-09T05:15:28+00:00,2026-09-09T11:00:28+05:45,2026-09-09,11:00:28,1788930928,2,5,11,nepse_official,OPEN,2026-09-09,SHIVM,SHIVAM CEMENTS LTD,664.2,664.2,664.2,,664.2,664.2,0.0,,74.0,49150.8,2.0,0.0,0.0,0.0,24575.4,664.2
2026-09-09T05:15:28+00:00,2026-09-09T11:00:28+05:45,2026-09-09,11:00:28,1788930928,2,5,11,nepse_official,OPEN,2026-09-09,SIGS3,Siddhartha Investment Growth Scheme 3,10.0,10.0,10.0,,10.0,10.2,-0.1999999999999993,,100.0,1000.0,1.0,0.0,0.0,-1.9607843137254832,1000.0,10.0
2026-09-09T05:15:28+00:00,2026-09-09T11:00:28+05:45,2026-09-09,11:00:28,1788930928,2,5,11,nepse_official,OPEN,2026-09-09,SINDU,Sindhu Bikash Bank Ltd,493.5,493.5,493.5,,493.5,497.7,-4.199999999999989,,148.0,73038.0,4.0,0.0,0.0,-0.8438818565400821,18259.5,493.5
2026-09-09T05:15:28+00:00,2026-09-09T11:00:28+05:45,2026-09-09,11:00:28,1788930928,2,5,11,nepse_official,OPEN,2026-09-09,SJCL,SANJEN JALAVIDHYUT COMPANY LIMITED,232.0,232.0,232.0,,232.0,232.5,-0.5,,20.0,4640.0,2.0,0.0,0.0,-0.21505376344086022,2320.0,232.0
2026-09-09T05:15:28+00:00,2026-09-09T11:00:28+05:45,2026-09-09,11:00:28,1788930928,2,5,11,nepse_official,OPEN,2026-09-09,SKHL,Super Khudi Hydropower Limited,725.0,725.0,725.0,,725.0,725.0,0.0,,10.0,7250.0,1.0,0.0,0.0,0.0,7250.0,725.0
2026-09-09T05:15:28+00:00,2026-09-09T11:00:28+05:45,2026-09-09,11:00:28,1788930928,2,5,11,nepse_official,OPEN,2026-09-09,SMHL,Super Madi Hydropower Limited,460.0,460.0,460.0,,460.0,458.26,1.740000000000009,,850.0,391000.0,7.0,0.0,0.0,0.3796971151747936,55857.142857142855,460.0
2026-09-09T05:15:28+00:00,2026-09-09T11:00:28+05:45,2026-09-09,11:00:28,1788930928,2,5,11,nepse_official,OPEN,2026-09-09,SNLI,Sun Nepal Life Insurance Company Limited,389.0,389.0,389.0,,389.0,389.0,0.0,,34.0,13226.0,2.0,0.0,0.0,0.0,6613.0,389.0
2026-09-09T05:15:28+00:00,2026-09-09T11:00:28+05:45,2026-09-09,11:00:28,1788930928,2,5,11,nepse_official,OPEN,2026-09-09,SNORL,Snow Rivers Limited,878.0,878.0,878.0,,878.0,878.0,0.0,,10.0,8780.0,1.0,0.0,0.0,0.0,8780.0,878.0
2026-09-09T05:15:28+00:00,2026-09-09T11:00:28+05:45,2026-09-09,11:00:28,1788930928,2,5,11,nepse_official,OPEN,2026-09-09,SOHL,Solu Hydropower Limited,660.0,660.0,660.0,,660.0,654.0,6.0,,240.0,158400.0,23.0,0.0,0.0,0.9174311926605505,6886.95652173913,660.0
2026-09-09T05:15:28+00:00,2026-09-09T11:00:28+05:45,2026-09-09,11:00:28,1788930928,2,5,11,nepse_official,OPEN,2026-09-09,SONA,Sonapur Minerals And Oil Limited,380.0,380.0,380.0,,380.0,398.0,-18.0,,10.0,3800.0,1.0,0.0,0.0,-4.522613065326634,3800.0,380.0
2026-09-09T05:15:28+00:00,2026-09-09T11:00:28+05:45,2026-09-09,11:00:28,1788930928,2,5,11,nepse_official,OPEN,2026-09-09,SOPL,Sopan Pharmaceuticals Limited,738.0,738.0,738.0,,738.0,738.0,0.0,,50.0,36900.0,5.0,0.0,0.0,0.0,7380.0,738.0
2026-09-09T05:15:28+00:00,2026-09-09T11:00:28+05:45,2026-09-09,11:00:28,1788930928,2,5,11,nepse_official,OPEN,2026-09-09,SPC,Samling Power Company Limited,417.9,417.9,417.9,,417.9,398.0,19.899999999999977,,10.0,4179.0,1.0,0.0,0.0,4.999999999999994,4179.0,417.9
2026-09-09T05:15:28+00:00,2026-09-09T11:00:28+05:45,2026-09-09,11:00:28,1788930928,2,5,11,nepse_official,OPEN,2026-09-09,SPHL,Sayapatri Hydropower Limited,525.0,525.0,525.0,,525.0,514.0,11.0,,10.0,5250.0,1.0,0.0,0.0,2.140077821011673,5250.0,525.0
2026-09-09T05:15:28+00:00,2026-09-09T11:00:28+05:45,2026-09-09,11:00:28,1788930928,2,5,11,nepse_official,OPEN,2026-09-09,SYPNL,SY Panel Nepal Limited,1335.0,1335.0,1335.0,,1335.0,1344.0,-9.0,,30.0,40050.0,3.0,0.0,0.0,-0.6696428571428571,13350.0,1335.0
2026-09-09T05:15:28+00:00,2026-09-09T11:00:28+05:45,2026-09-09,11:00:28,1788930928,2,5,11,nepse_official,OPEN,2026-09-09,TPKHL,Taksar Pikhuwa Khola Hydropower Limited,504.0,504.0,504.0,,504.0,510.0,-6.0,,20.0,10080.0,2.0,0.0,0.0,-1.1764705882352942,5040.0,504.0
2026-09-09T05:15:28+00:00,2026-09-09T11:00:28+05:45,2026-09-09,11:00:28,1788930928,2,5,11,nepse_official,OPEN,2026-09-09,UHEWA,Upper Hewakhola Hydropower Company Limited,580.0,580.0,580.0,,580.0,586.2,-6.2000000000000455,,10.0,5800.0,1.0,0.0,0.0,-1.0576595018765003,5800.0,580.0
2026-09-09T05:15:28+00:00,2026-09-09T11:00:28+05:45,2026-09-09,11:00:28,1788930928,2,5,11,nepse_official,OPEN,2026-09-09,ULBSL,Upakar Laghubitta Bittiya Sanstha Limited,2980.0,2980.0,2980.0,,2980.0,2840.0,140.0,,10.0,29800.0,1.0,0.0,0.0,4.929577464788732,29800.0,2980.0
2026-09-09T05:15:28+00:00,2026-09-09T11:00:28+05:45,2026-09-09,11:00:28,1788930928,2,5,11,nepse_official,OPEN,2026-09-09,UMHL,United Modi Hydropower Ltd.,550.0,550.0,550.0,,550.0,553.9,-3.8999999999999773,,10.0,5500.0,1.0,0.0,0.0,-0.7040982126737637,5500.0,550.0
2026-09-09T05:15:28+00:00,2026-09-09T11:00:28+05:45,2026-09-09,11:00:28,1788930928,2,5,11,nepse_official,OPEN,2026-09-09,UPCL,UNIVERSAL POWER COMPANY LTD,340.0,340.0,340.0,,340.0,345.0,-5.0,,10.0,3400.0,1.0,0.0,0.0,-1.4492753623188406,3400.0,340.0
2026-09-09T05:15:28+00:00,2026-09-09T11:00:28+05:45,2026-09-09,11:00:28,1788930928,2,5,11,nepse_official,OPEN,2026-09-09,UPPER,Upper Tamakoshi Hydropower Ltd,190.1,190.1,190.1,,190.1,183.0,7.099999999999994,,510.0,96951.0,5.0,0.0,0.0,3.8797814207650245,19390.2,190.1
2026-09-09T05:45:32+00:00,2026-09-09T11:30:32+05:45,2026-09-09,11:30:32,1788932732,2,5,11,nepse_official,OPEN,2026-09-09,ACLBSL,Aarambha Chautari Laghubitta Bittiya Sanstha Limited,886.0,886.0,886.0,,886.0,886.0,0.0,,100.0,88600.0,2.0,0.0,0.0,0.0,44300.0,886.0
2026-09-09T05:45:32+00:00,2026-09-09T11:30:32+05:45,2026-09-09,11:30:32,1788932732,2,5,11,nepse_official,OPEN,2026-09-09,ADBL,Agricultural Development Bank Limited,299.0,301.0,298.0,,298.0,300.0,-2.0,,777.0,232526.0,16.0,3.0,1.0033444816053512,-0.6666666666666667,14532.875,299.26126126126127
2026-09-09T05:45:32+00:00,2026-09-09T11:30:32+05:45,2026-09-09,11:30:32,1788932732,2,5,11,nepse_official,OPEN,2026-09-09,AHL,Asian Hydropower Limited,355.0,360.0,355.0,,360.0,360.0,0.0,,40.0,14250.0,2.0,5.0,1.4084507042253522,0.0,7125.0,356.25
2026-09-09T05:45:32+00:00,2026-09-09T11:30:32+05:45,2026-09-09,11:30:32,1788932732,2,5,11,nepse_official,OPEN,2026-09-09,AHPC,Arun Valley Hydropower Development Co. Ltd.,253.3,254.0,252.5,,253.3,253.3,0.0,,10565.0,2676164.6,42.0,1.5,0.5921831819976312,0.0,63718.204761904766,253.30474207288216
2026-09-09T05:45:32+00:00,2026-09-09T11:30:32+05:45,2026-09-09,11:30:32,1788932732,2,5,11,nepse_official,OPEN,2026-09-09,AKJCL,Ankhu Khola Jalvidhyut Company Ltd,344.0,344.6,340.7,,341.0,340.6,0.39999999999997726,,16695.0,5709424.0,30.0,3.900000000000034,1.1337209302325681,0.11743981209629396,190314.13333333333,341.9840670859539
2026-09-09T05:45:32+00:00,2026-09-09T11:30:32+05:45,2026-09-09,11:30:32,1788932732,2,5,11,nepse_official,OPEN,2026-09-09,AKPL,Arun Kabeli Power Ltd.,250.0,254.0,248.0,,248.0,250.0,-2.0,,31909.0,8044732.5,36.0,6.0,2.4,-0.8,223464.79166666666,252.11484220752766
2026-09-09T05:45:32+00:00,2026-09-09T11:30:32+05:45,2026-09-09,11:30:32,1788932732,2,5,11,nepse_official,OPEN,2026-09-09,ALBSL,Asha Laghubitta Bittiya Sanstha Ltd,1071.0,1135.0,1071.0,,1101.0,1102.1,-1.099999999999909,,1615.0,1779914.4,22.0,64.0,5.975723622782446,-0.09980945467742575,80905.2,1102.1141795665635
2026-09-09T05:45:32+00:00,2026-09-09T11:30:32+05:45,2026-09-09,11:30:32,1788932732,2,5,11,nepse_official,OPEN,2026-09-09,ALICL,Asian Life Insurance Co. Limited,407.9,407.9,397.0,,397.0,402.0,-5.0,,1128.0,449085.0,9.0,10.899999999999977,2.672223584211811,-1.2437810945273633,49898.333333333336,398.125
2026-09-09T05:45:32+00:00,2026-09-09T11:30:32+05:45,2026-09-09,11:30:32,1788932732,2,5,11,nepse_official,OPEN,2026-09-09,ANLB,Aatmanirbhar Laghubitta Bittiya Sanstha Limited,4800.0,4944.0,4800.0,,4855.0,4908.0,-53.0,,70.0,339943.0,6.0,144.0,3.0,-1.0798696006519968,56657.166666666664,4856.328571428571
2026-09-09T05:45:32+00:00,2026-09-09T11:30:32+05:45,2026-09-09,11:30:32,1788932732,2,5,11,nepse_official,OPEN,2026-09-09,APHL,Appolo Hydropower Limited,670.0,700.0,670.0,,685.1,690.0,-4.899999999999977,,529.0,364438.0,21.0,30.0,4.477611940298507,-0.7101449275362286,17354.190476190477,688.9187145557656
2026-09-09T05:45:32+00:00,2026-09-09T11:30:32+05:45,2026-09-09,11:30:32,1788932732,2,5,11,nepse_official,OPEN,2026-09-09,API,Api Power Company Ltd.,329.0,330.5,325.0,,325.0,329.0,-4.0,,48892.0,15945659.0,134.0,5.5,1.6717325227963524,-1.21580547112462,118997.45522388059,326.14045242575475
2026-09-09T05:45:32+00:00,2026-09-09T11:30:32+05:45,2026-09-09,11:30:32,1788932732,2,5,11,nepse_official,OPEN,2026-09-09,AVYAN,Aviyan Laghubitta Bittiya Sanstha Limited,988.2,988.2,986.1,,986.1,1002.0,-15.899999999999977,,380.0,375237.0,6.0,2.1000000000000227,0.21250758955677218,-1.5868263473053872,62539.5,987.4657894736843
2026-09-09T05:45:32+00:00,2026-09-09T11:30:32+05:45,2026-09-09,11:30:32,1788932732,2,5,11,nepse_official,OPEN,2026-09-09,BANDIPUR,Bandipur Cablecar and Tourism Limited,640.0,650.0,640.0,,649.0,645.9,3.1000000000000227,,770.0,496922.0,33.0,10.0,1.5625,0.47995045672705106,15058.242424242424,645.3532467532467
2026-09-09T05:45:32+00:00,2026-09-09T11:30:32+05:45,2026-09-09,11:30:32,1788932732,2,5,11,nepse_official,OPEN,2026-09-09,BARUN,Barun Hydropower Co. Ltd.,309.3,310.0,309.3,,310.0,312.0,-2.0,,530.0,163950.0,2.0,0.6999999999999886,0.22631749110895205,-0.641025641025641,81975.0,309.33962264150944
2026-09-09T05:45:32+00:00,2026-09-09T11:30:32+05:45,2026-09-09,11:30:32,1788932732,2,5,11,nepse_official,OPEN,2026-09-09,BBC,Bishal Bazar Company Limited,4003.0,4118.0,4001.0,,4001.0,4076.0,-75.0,,30.0,121220.0,3.0,117.0,2.9228078940794404,-1.8400392541707555,40406.666666666664,4040.6666666666665
2026-09-09T05:45:32+00:00,2026-09-09T11:30:32+05:45,2026-09-09,11:30:32,1788932732,2,5,11,nepse_official,OPEN,2026-09-09,BEDC,Bhugol Energy Development Company Limited,287.0,287.0,284.0,,284.1,287.0,-2.8999999999999773,,935.0,266918.5,7.0,3.0,1.0452961672473868,-1.010452961672466,38131.21428571428,285.47433155080216
2026-09-09T05:45:32+00:00,2026-09-09T11:30:32+05:45,2026-09-09,11:30:32,1788932732,2,5,11,nepse_official,OPEN,2026-09-09,BFC,Best Finance Company Ltd.,450.0,457.9,447.3,,447.3,450.0,-2.6999999999999886,,1516.0,681749.0,8.0,10.599999999999966,2.355555555555548,-0.5999999999999975,85218.625,449.7025065963061
2026-09-09T05:45:32+00:00,2026-09-09T11:30:32+05:45,2026-09-09,11:30:32,1788932732,2,5,11,nepse_official,OPEN,2026-09-09,BGWT,Bhagawati Hydropower Development Company Limited,466.5,466.5,466.3,,466.3,474.0,-7.699999999999989,,126.0,58755.8,3.0,0.19999999999998863,0.04287245444801471,-1.62447257383966,19585.266666666666,466.315873015873
2026-09-09T05:45:32+00:00,2026-09-09T11:30:32+05:45,2026-09-09,11:30:32,1788932732,2,5,11,nepse_official,OPEN,2026-09-09,BHCL,Bikash Hydropower Company Limited,515.8,554.0,515.8,,540.0,542.9,-2.8999999999999773,,2020.0,1095584.3,34.0,38.200000000000045,7.405971306708035,-0.534168355129854,32223.067647058826,542.3684653465347
2026-09-09T05:45:32+00:00,2026-09-09T11:30:32+05:45,2026-09-09,11:30:32,1788932732,2,5,11,nepse_official,OPEN,2026-09-09,BHDC,Bindhyabasini Hydropower Development Company Limited,416.4,424.0,415.5,,424.0,422.0,2.0,,1910.0,804019.0,12.0,8.5,2.041306436119116,0.47393364928909953,67001.58333333333,420.95235602094243
2026-09-09T05:45:32+00:00,2026-09-09T11:30:32+05:45,2026-09-09,11:30:32,1788932732,2,5,11,nepse_official,OPEN,2026-09-09,BHL,Balephi Hydropower Limited,202.0,204.9,202.0,,202.9,201.0,1.9000000000000057,,2687.0,545650.6,27.0,2.9000000000000057,1.4356435643564385,0.9452736318407989,20209.28148148148,203.07056196501674
2026-09-09T05:45:32+00:00,2026-09-09T11:30:32+05:45,2026-09-09,11:30:32,1788932732,2,5,11,nepse_official,OPEN,2026-09-09,BHPL,Barahi Hydropower Public Limited,430.0,430.0,425.0,,427.0,432.0,-5.0,,328.0,139970.0,4.0,5.0,1.1627906976744187,-1.1574074074074074,34992.5,426.7378048780488
2026-09-09T05:45:32+00:00,2026-09-09T11:30:32+05:45,2026-09-09,11:30:32,1788932732,2,5,11,nepse_official,OPEN,2026-09-09,BJHL,Bhujung Hydropower Limited,640.0,640.0,637.3,,640.0,653.0,-13.0,,175.0,111734.0,8.0,2.7000000000000455,0.42187500000000716,-1.9908116385911179,13966.75,638.48
2026-09-09T05:45:32+00:00,2026-09-09T11:30:32+05:45,2026-09-09,11:30:32,1788932732,2,5,11,nepse_official,OPEN,2026-09-09,BNHC,Buddha Bhumi Nepal Hydropower Company Limited,263.0,263.0,258.0,,258.0,263.8,-5.800000000000011,,3260.0,847135.0,16.0,5.0,1.9011406844106464,-2.198635329795304,52945.9375,259.85736196319016
2026-09-09T05:45:32+00:00,2026-09-09T11:30:32+05:45,2026-09-09,11:30:32,1788932732,2,5,11,nepse_official,OPEN,2026-09-09,BPCL,Butwal Power Company Limited,646.0,646.0,638.2,,639.0,645.0,-6.0,,40.0,25614.0,3.0,7.7999999999999545,1.2074303405572684,-0.9302325581395349,8538.0,640.35
2026-09-09T05:45:32+00:00,2026-09-09T11:30:32+05:45,2026-09-09,11:30:32,1788932732,2,5,11,nepse_official,OPEN,2026-09-09,BUNGAL,Bungal Hydro Limited,520.0,523.0,520.0,,521.0,526.0,-5.0,,1140.0,593063.0,18.0,3.0,0.576923076923077,-0.9505703422053232,32947.944444444445,520.230701754386
2026-09-09T05:45:32+00:00,2026-09-09T11:30:32+05:45,2026-09-09,11:30:32,1788932732,2,5,11,nepse_official,OPEN,2026-09-09,CBBL,Chhimek Laghubitta Bittiya Sanstha Limited,940.0,944.0,940.0,,940.0,943.0,-3.0,,1386.0,1304781.0,16.0,4.0,0.425531914893617,-0.3181336161187699,81548.8125,941.4004329004329
2026-09-09T05:45:32+00:00,2026-09-09T11:30:32+05:45,2026-09-09,11:30:32,1788932732,2,5,11,nepse_official,OPEN,2026-09-09,CFCL,Central Finance Co. Ltd.,589.0,620.0,580.0,,580.0,595.0,-15.0,,46795.0,27745216.7,158.0,40.0,6.791171477079796,-2.5210084033613445,175602.63734177215,592.9098557538198
2026-09-09T05:45:32+00:00,2026-09-09T11:30:32+05:45,2026-09-09,11:30:32,1788932732,2,5,11,nepse_official,OPEN,2026-09-09,CGH,Chandragiri Hills Limited,768.0,768.0,768.0,,768.0,769.3,-1.2999999999999545,,10.0,7680.0,1.0,0.0,0.0,-0.1689847913687709,7680.0,768.0
2026-09-09T05:45:32+00:00,2026-09-09T11:30:32+05:45,2026-09-09,11:30:32,1788932732,2,5,11,nepse_official,OPEN,2026-09-09,CHCL,Chilime Hydropower Company Limited,363.0,370.0,363.0,,366.4,369.2,-2.8000000000000114,,5712.0,2096149.5,40.0,7.0,1.9283746556473829,-0.7583965330444234,52403.7375,366.9729516806723
2026-09-09T05:45:32+00:00,2026-09-09T11:30:32+05:45,2026-09-09,11:30:32,1788932732,2,5,11,nepse_official,OPEN,2026-09-09,CHDC,CEDB Holdings Limited,2215.0,2235.0,2215.0,,2215.0,2215.0,0.0,,1824.0,4052513.1,24.0,20.0,0.9029345372460496,0.0,168854.7125,2221.7725328947367
2026-09-09T05:45:32+00:00,2026-09-09T11:30:32+05:45,2026-09-09,11:30:32,1788932732,2,5,11,nepse_official,OPEN,2026-09-09,CIT,Citizen Investment Trust,1714.0,1714.0,1710.0,,1710.0,1713.9,-3.900000000000091,,223.0,382140.0,8.0,4.0,0.2333722287047841,-0.22755119901978474,47767.5,1713.6322869955156
2026-09-09T05:45:32+00:00,2026-09-09T11:30:32+05:45,2026-09-09,11:30:32,1788932732,2,5,11,nepse_official,OPEN,2026-09-09,CITY,City Hotel Limited,342.0,343.1,342.0,,342.0,342.0,0.0,,2218.0,760666.0,12.0,1.1000000000000227,0.32163742690059144,0.0,63388.833333333336,342.95130748422
2026-09-09T05:45:32+00:00,2026-09-09T11:30:32+05:45,2026-09-09,11:30:32,1788932732,2,5,11,nepse_official,OPEN,2026-09-09,CIZBD90,10% Citizens Bank Debenture 2090,1225.0,1225.0,1225.0,,1225.0,1225.0,0.0,,25.0,30625.0,1.0,0.0,0.0,0.0,30625.0,1225.0
2026-09-09T05:45:32+00:00,2026-09-09T11:30:32+05:45,2026-09-09,11:30:32,1788932732,2,5,11,nepse_official,OPEN,2026-09-09,CKHL,Chirkhwa Hydropower Limited ,575.0,575.0,575.0,,575.0,591.0,-16.0,,10.0,5750.0,1.0,0.0,0.0,-2.707275803722504,5750.0,575.0
2026-09-09T05:45:32+00:00,2026-09-09T11:30:32+05:45,2026-09-09,11:30:32,1788932732,2,5,11,nepse_official,OPEN,2026-09-09,CLI,Citizen Life Insurance Company Limited,414.0,415.0,413.3,,413.7,413.1,0.5999999999999659,,991.0,410246.3,22.0,1.6999999999999886,0.41062801932366877,0.1452432824981762,18647.55909090909,413.9720484359233
2026-09-09T05:45:32+00:00,2026-09-09T11:30:32+05:45,2026-09-09,11:30:32,1788932732,2,5,11,nepse_official,OPEN,2026-09-09,CORBL,Corporate Development Bank Limited,893.0,893.1,881.0,,881.0,892.9,-11.899999999999977,,2065.0,1826080.8,27.0,12.100000000000023,1.3549832026875726,-1.3327360286706214,67632.62222222223,884.3006295399516
2026-09-09T05:45:32+00:00,2026-09-09T11:30:32+05:45,2026-09-09,11:30:32,1788932732,2,5,11,nepse_official,OPEN,2026-09-09,CREST,Crest Micro Life Insurance Limited,1050.0,1108.0,1050.0,,1052.4,1074.0,-21.59999999999991,,360.0,382868.0,18.0,58.0,5.523809523809524,-2.0111731843575336,21270.444444444445,1063.5222222222221
2026-09-09T05:45:32+00:00,2026-09-09T11:30:32+05:45,2026-09-09,11:30:32,1788932732,2,5,11,nepse_official,OPEN,2026-09-09,CSY,Citizens Santulit Yojana,8.3,8.3,8.2,,8.2,8.3,-0.10000000000000142,,800.0,6571.0,5.0,0.10000000000000142,1.2048192771084507,-1.2048192771084507,1314.2,8.21375
2026-09-09T05:45:32+00:00,2026-09-09T11:30:32+05:45,2026-09-09,11:30:32,1788932732,2,5,11,nepse_official,OPEN,2026-09-09,CYCL,CYC Nepal Laghubitta Bittiya Sanstha Limited,1504.8,1619.0,1504.8,,1533.5,1584.0,-50.5,,1080.0,1669628.0,26.0,114.20000000000005,7.589048378522066,-3.1881313131313127,64216.46153846154,1545.9518518518519
2026-09-09T05:45:32+00:00,2026-09-09T11:30:32+05:45,2026-09-09,11:30:32,1788932732,2,5,11,nepse_official,OPEN,2026-09-09,CZBIL,Citizens Bank International Limited,209.4,209.4,195.4,,196.7,199.5,-2.8000000000000114,,110.0,21948.0,6.0,14.0,6.685768863419293,-1.4035087719298303,3658.0,199.52727272727273
2026-09-09T05:45:32+00:00,2026-09-09T11:30:32+05:45,2026-09-09,11:30:32,1788932732,2,5,11,nepse_official,OPEN,2026-09-09,DDBL,Deprosc Laghubitta Bittiya Sanstha Limited,840.0,841.0,838.0,,838.0,841.1,-3.1000000000000227,,415.0,348511.0,8.0,3.0,0.35714285714285715,-0.3685649744382383,43563.875,839.7855421686747
2026-09-09T05:45:32+00:00,2026-09-09T11:30:32+05:45,2026-09-09,11:30:32,1788932732,2,5,11,nepse_official,OPEN,2026-09-09,DHEL,Daramkhola Hydro Energy Limited,559.7,576.8,559.7,,561.6,577.0,-15.399999999999977,,240.0,136045.0,20.0,17.09999999999991,3.0552081472217094,-2.6689774696707067,6802.25,566.8541666666666
2026-09-09T05:45:32+00:00,2026-09-09T11:30:32+05:45,2026-09-09,11:30:32,1788932732,2,5,11,nepse_official,OPEN,2026-09-09,DHPL,Dibyashwori Hydropower Ltd.,273.0,273.0,265.0,,265.0,272.0,-7.0,,55.0,14935.0,2.0,8.0,2.93040293040293,-2.5735294117647056,7467.5,271.54545454545456
2026-09-09T05:45:32+00:00,2026-09-09T11:30:32+05:45,2026-09-09,11:30:32,1788932732,2,5,11,nepse_official,OPEN,2026-09-09,DOLTI,Dolti Power Company Limited,282.9,282.9,280.0,,280.1,280.0,0.10000000000002274,,750.0,210318.2,8.0,2.8999999999999773,1.025097207493806,0.03571428571429384,26289.775,280.4242666666667
2026-09-09T05:45:32+00:00,2026-09-09T11:30:32+05:45,2026-09-09,11:30:32,1788932732,2,5,11,nepse_official,OPEN,2026-09-09,DORDI,Dordi Khola Jal Bidyut Company Limited,240.0,245.0,235.1,,237.7,240.0,-2.3000000000000114,,6480.0,1533482.5,19.0,9.900000000000006,4.125000000000003,-0.9583333333333381,80709.6052631579,236.6485339506173
2026-09-09T05:45:32+00:00,2026-09-09T11:30:32+05:45,2026-09-09,11:30:32,1788932732,2,5,11,nepse_official,OPEN,2026-09-09,EBL,Everest Bank Limited,714.0,716.0,714.0,,715.0,716.0,-1.0,,1116.0,797592.0,31.0,2.0,0.2801120448179272,-0.13966480446927373,25728.774193548386,714.6881720430108
2026-09-09T05:45:32+00:00,2026-09-09T11:30:32+05:45,2026-09-09,11:30:32,1788932732,2,5,11,nepse_official,OPEN,2026-09-09,EBLD85,10.50% Everest Bank Limited Debenture 2085,1151.4,1151.4,1120.0,,1120.0,1151.4,-31.40000000000009,,17.0,18988.0,2.0,31.40000000000009,2.72711481674484,-2.72711481674484,9494.0,1116.9411764705883
2026-09-09T05:45:32+00:00,2026-09-09T11:30:32+05:45,2026-09-09,11:30:32,1788932732,2,5,11,nepse_official,OPEN,2026-09-09,EBLD91,Everest Bank Limited Debenture 2091,1066.2,1066.2,1066.2,,1066.2,1099.1,-32.899999999999864,,25.0,26655.0,1.0,0.0,0.0,-2.993358202165396,26655.0,1066.2
2026-09-09T05:45:32+00:00,2026-09-09T11:30:32+05:45,2026-09-09,11:30:32,1788932732,2,5,11,nepse_official,OPEN,2026-09-09,ECL,Everest Colour Limited,1300.0,1313.0,1282.0,,1300.0,1297.0,3.0,,1683.0,2187212.0,44.0,31.0,2.3846153846153846,0.2313030069390902,49709.36363636364,1299.5912061794415
2026-09-09T05:45:32+00:00,2026-09-09T11:30:32+05:45,2026-09-09,11:30:32,1788932732,2,5,11,nepse_official,OPEN,2026-09-09,EHPL,Eastern Hydropower Limited,330.7,330.7,320.0,,320.8,315.0,5.800000000000011,,175.0,56231.0,4.0,10.699999999999989,3.235560931357723,1.841269841269845,14057.75,321.32
2026-09-09T05:45:32+00:00,2026-09-09T11:30:32+05:45,2026-09-09,11:30:32,1788932732,2,5,11,nepse_official,OPEN,2026-09-09,ENL,Emerging Nepal Limited,657.1,661.9,591.0,,625.0,691.6,-66.60000000000002,,58452.0,36203214.9,203.0,70.89999999999998,10.789834119616494,-9.629843840370159,178340.96009852216,619.3665725723671
2026-09-09T05:45:32+00:00,2026-09-09T11:30:32+05:45,2026-09-09,11:30:32,1788932732,2,5,11,nepse_official,OPEN,2026-09-09,FMDBL,First Micro Finance Laghubitta Bittiya Sanstha Limited,734.0,734.0,734.0,,734.0,739.8,-5.7999999999999545,,14.0,10276.0,1.0,0.0,0.0,-0.7839956745066172,10276.0,734.0
2026-09-09T05:45:32+00:00,2026-09-09T11:30:32+05:45,2026-09-09,11:30:32,1788932732,2,5,11,nepse_official,OPEN,2026-09-09,FOWAD,Forward Microfinance Laghubitta Bittiya Sanstha Limited,880.0,906.0,880.0,,882.0,880.0,2.0,,110.0,98380.0,4.0,26.0,2.9545454545454546,0.22727272727272727,24595.0,894.3636363636364
2026-09-09T05:45:32+00:00,2026-09-09T11:30:32+05:45,2026-09-09,11:30:32,1788932732,2,5,11,nepse_official,OPEN,2026-09-09,GBBL,Garima Bikas Bank Limited,450.0,450.0,445.1,,447.0,447.0,0.0,,37483.0,16786397.8,136.0,4.899999999999977,1.088888888888884,0.0,123429.3955882353,447.84029560067233
2026-09-09T05:45:32+00:00,2026-09-09T11:30:32+05:45,2026-09-09,11:30:32,1788932732,2,5,11,nepse_official,OPEN,2026-09-09,GBIME,Global IME Bank Limited,254.0,255.1,251.6,,251.6,251.9,-0.30000000000001137,,14123.0,3578860.9,86.0,3.5,1.3779527559055118,-0.11909487892021094,41614.66162790698,253.40656376124053
2026-09-09T05:45:32+00:00,2026-09-09T11:30:32+05:45,2026-09-09,11:30:32,1788932732,2,5,11,nepse_official,OPEN,2026-09-09,GBIMESY2,Global IME Sammunat Yojana -2,8.9,8.9,8.7,,8.7,8.9,-0.20000000000000107,,2200.0,19444.0,5.0,0.20000000000000107,2.2471910112359668,-2.2471910112359668,3888.8,8.838181818181818
2026-09-09T05:45:32+00:00,2026-09-09T11:30:32+05:45,2026-09-09,11:30:32,1788932732,2,5,11,nepse_official,OPEN,2026-09-09,GBLBS,Grameen Bikas Laghubitta Bittiya Sanstha Ltd.,657.0,657.0,654.0,,655.0,657.0,-2.0,,880.0,577140.0,4.0,3.0,0.45662100456621,-0.30441400304414,144285.0,655.8409090909091
2026-09-09T05:45:32+00:00,2026-09-09T11:30:32+05:45,2026-09-09,11:30:32,1788932732,2,5,11,nepse_official,OPEN,2026-09-09,GCIL,Ghorahi Cement Industry Limited,378.5,380.0,376.3,,376.3,378.5,-2.1999999999999886,,1760.0,666247.6,25.0,3.6999999999999886,0.9775429326287949,-0.5812417437252282,26649.904,378.54977272727274
2026-09-09T05:45:32+00:00,2026-09-09T11:30:32+05:45,2026-09-09,11:30:32,1788932732,2,5,11,nepse_official,OPEN,2026-09-09,GHL,Ghalemdi Hydro Limited,227.9,227.9,225.0,,227.0,228.0,-1.0,,1483.0,334495.0,10.0,2.9000000000000057,1.2724879333040833,-0.43859649122807015,33449.5,225.55293324342549
2026-09-09T05:45:32+00:00,2026-09-09T11:30:32+05:45,2026-09-09,11:30:32,1788932732,2,5,11,nepse_official,OPEN,2026-09-09,GIBF1,Global IME Balanced Fund-1,11.09,11.11,10.97,,11.1,11.08,0.019999999999999574,,59200.0,657096.0,6.0,0.1399999999999988,1.2623985572587808,0.18050541516245103,109516.0,11.099594594594594
2026-09-09T05:45:32+00:00,2026-09-09T11:30:32+05:45,2026-09-09,11:30:32,1788932732,2,5,11,nepse_official,OPEN,2026-09-09,GILB,Global IME Laghubitta Bittiya Sanstha Ltd.,1116.0,1116.0,1110.0,,1110.0,1116.0,-6.0,,70.0,77777.0,3.0,6.0,0.5376344086021506,-0.5376344086021506,25925.666666666668,1111.1
2026-09-09T05:45:32+00:00,2026-09-09T11:30:32+05:45,2026-09-09,11:30:32,1788932732,2,5,11,nepse_official,OPEN,2026-09-09,GLH,GreenLife Hydropower Limited,246.2,250.0,246.0,,246.0,246.2,-0.19999999999998863,,1780.0,443284.0,13.0,4.0,1.6246953696181967,-0.08123476848090522,34098.769230769234,249.03595505617977
2026-09-09T05:45:32+00:00,2026-09-09T11:30:32+05:45,2026-09-09,11:30:32,1788932732,2,5,11,nepse_official,OPEN,2026-09-09,GMFBS,Ganapati Laghubitta Bittiya Sanstha Limited,1170.0,1170.0,1060.0,,1060.0,1145.0,-85.0,,50.0,56072.0,5.0,110.0,9.401709401709402,-7.423580786026202,11214.4,1121.44
2026-09-09T05:45:32+00:00,2026-09-09T11:30:32+05:45,2026-09-09,11:30:32,1788932732,2,5,11,nepse_official,OPEN,2026-09-09,GMFIL,Guheshowori Merchant Bank & Finance Co. Ltd.,412.0,423.0,412.0,,418.0,418.0,0.0,,410.0,171030.0,5.0,11.0,2.669902912621359,0.0,34206.0,417.1463414634146
2026-09-09T05:45:32+00:00,2026-09-09T11:30:32+05:45,2026-09-09,11:30:32,1788932732,2,5,11,nepse_official,OPEN,2026-09-09,GMLI,Guardian Micro Life Insurance Limited ,951.0,951.0,951.0,,951.0,951.0,0.0,,20.0,19020.0,2.0,0.0,0.0,0.0,9510.0,951.0
2026-09-09T05:45:32+00:00,2026-09-09T11:30:32+05:45,2026-09-09,11:30:32,1788932732,2,5,11,nepse_official,OPEN,2026-09-09,GRDBL,Green Development Bank Ltd.,943.0,943.6,943.0,,943.6,962.0,-18.399999999999977,,68.0,64158.8,2.0,0.6000000000000227,0.06362672322375638,-1.9126819126819103,32079.4,943.5117647058823
2026-09-09T05:45:32+00:00,2026-09-09T11:30:32+05:45,2026-09-09,11:30:32,1788932732,2,5,11,nepse_official,OPEN,2026-09-09,GSY,Garima Samriddhi Yojana,8.9,8.96,8.9,,8.96,9.0,-0.03999999999999915,,1200.0,10686.0,3.0,0.0600000000000005,0.674157303370792,-0.444444444444435,3562.0,8.905
2026-09-09T05:45:32+00:00,2026-09-09T11:30:32+05:45,2026-09-09,11:30:32,1788932732,2,5,11,nepse_official,OPEN,2026-09-09,GUFL,Gurkhas Finance Ltd.,501.0,501.0,500.0,,500.0,502.7,-2.6999999999999886,,298.0,149100.0,5.0,1.0,0.19960079840319359,-0.5370996618261366,29820.0,500.33557046979865
2026-09-09T05:45:32+00:00,2026-09-09T11:30:32+05:45,2026-09-09,11:30:32,1788932732,2,5,11,nepse_official,OPEN,2026-09-09,GVL,Green Ventures Limited,487.0,487.0,482.5,,482.5,485.9,-3.3999999999999773,,2532.0,1225832.0,10.0,4.5,0.9240246406570842,-0.6997324552376987,122583.2,484.13586097946285
2026-09-09T05:45:32+00:00,2026-09-09T11:30:32+05:45,2026-09-09,11:30:32,1788932732,2,5,11,nepse_official,OPEN,2026-09-09,H8020,Himalayan 80-20,12.12,12.12,12.11,,12.11,12.48,-0.370000000000001,,500.0,6059.0,2.0,0.009999999999999787,0.08250825082508076,-2.9647435897435974,3029.5,12.118
2026-09-09T05:45:32+00:00,2026-09-09T11:30:32+05:45,2026-09-09,11:30:32,1788932732,2,5,11,nepse_official,OPEN,2026-09-09,HATHY,Hathway Investment Nepal Limited,591.2,591.2,587.0,,587.0,594.5,-7.5,,899.0,530079.6,20.0,4.2000000000000455,0.710419485791618,-1.2615643397813288,26503.98,589.6324805339266
2026-09-09T05:45:32+00:00,2026-09-09T11:30:32+05:45,2026-09-09,11:30:32,1788932732,2,5,11,nepse_official,OPEN,2026-09-09,HBL,Himalayan Bank Limited,188.0,188.0,187.1,,187.1,189.0,-1.9000000000000057,,2427.0,455219.7,63.0,0.9000000000000057,0.47872340425532217,-1.0052910052910082,7225.709523809524,187.56477132262052
2026-09-09T05:45:32+00:00,2026-09-09T11:30:32+05:45,2026-09-09,11:30:32,1788932732,2,5,11,nepse_official,OPEN,2026-09-09,HDHPC,Himal Dolakha Hydropower Company Limited,200.8,203.7,200.0,,200.2,200.8,-0.6000000000000227,,3260.0,653046.1,22.0,3.6999999999999886,1.8426294820717073,-0.29880478087650536,29683.913636363635,200.32088957055214
2026-09-09T05:45:32+00:00,2026-09-09T11:30:32+05:45,2026-09-09,11:30:32,1788932732,2,5,11,nepse_official,OPEN,2026-09-09,HDL,Himalayan Distillery Limited,1188.0,1191.0,1183.0,,1183.0,1187.0,-4.0,,2162.0,2565517.7,44.0,8.0,0.6734006734006733,-0.33698399326032014,58307.22045454546,1186.6409343200742
2026-09-09T05:45:32+00:00,2026-09-09T11:30:32+05:45,2026-09-09,11:30:32,1788932732,2,5,11,nepse_official,OPEN,2026-09-09,HFIN,Hotel Forest Inn Limited,625.0,638.0,625.0,,629.0,629.0,0.0,,1760.0,1107293.0,41.0,13.0,2.08,0.0,27007.146341463416,629.14375
2026-09-09T05:45:32+00:00,2026-09-09T11:30:32+05:45,2026-09-09,11:30:32,1788932732,2,5,11,nepse_official,OPEN,2026-09-09,HHL,Himalayan Hydropower Limited,315.0,319.0,315.0,,318.0,315.0,3.0,,1350.0,429324.0,12.0,4.0,1.2698412698412698,0.9523809523809524,35777.0,318.0177777777778
2026-09-09T05:45:32+00:00,2026-09-09T11:30:32+05:45,2026-09-09,11:30:32,1788932732,2,5,11,nepse_official,OPEN,2026-09-09,HIDCL,Hydorelectricity Investment and Development Company Ltd,255.1,255.1,242.0,,243.0,243.0,0.0,,914.0,222688.0,6.0,13.099999999999994,5.135241081928654,0.0,37114.666666666664,243.64113785557987
2026-09-09T05:45:32+00:00,2026-09-09T11:30:32+05:45,2026-09-09,11:30:32,1788932732,2,5,11,nepse_official,OPEN,2026-09-09,HIDCLP,Hydorelectricity Investment and Development Company Limited Promoter,181.0,183.6,181.0,,181.6,181.9,-0.30000000000001137,,3730.0,680755.0,8.0,2.5999999999999943,1.436464088397787,-0.16492578339747738,85094.375,182.50804289544237
2026-09-09T05:45:32+00:00,2026-09-09T11:30:32+05:45,2026-09-09,11:30:32,1788932732,2,5,11,nepse_official,OPEN,2026-09-09,HIMSTAR,Him Star Urja Company Limited,645.9,645.9,645.9,,645.9,649.0,-3.1000000000000227,,10.0,6459.0,1.0,0.0,0.0,-0.47765793528505746,6459.0,645.9
2026-09-09T05:45:32+00:00,2026-09-09T11:30:32+05:45,2026-09-09,11:30:32,1788932732,2,5,11,nepse_official,OPEN,2026-09-09,HLI,Himalayan Life Insurance Limited,296.6,296.8,296.0,,296.0,296.6,-0.6000000000000227,,130.0,38515.2,9.0,0.8000000000000114,0.2697235333782911,-0.20229265003372307,4279.466666666666,296.2707692307692
2026-09-09T05:45:32+00:00,2026-09-09T11:30:32+05:45,2026-09-09,11:30:32,1788932732,2,5,11,nepse_official,OPEN,2026-09-09,HLICF,HLI Large Cap Fund,8.26,8.26,8.26,,8.26,8.51,-0.25,,250.0,2065.0,2.0,0.0,0.0,-2.937720329024677,1032.5,8.26
2026-09-09T05:45:32+00:00,2026-09-09T11:30:32+05:45,2026-09-09,11:30:32,1788932732,2,5,11,nepse_official,OPEN,2026-09-09,HPPL,Himalayan Power Partner Ltd.,367.3,369.8,367.0,,368.1,370.5,-2.3999999999999773,,9025.0,3316073.5,11.0,2.8000000000000114,0.7623196297304686,-0.6477732793522206,301461.2272727273,367.43196675900276
2026-09-09T05:45:32+00:00,2026-09-09T11:30:32+05:45,2026-09-09,11:30:32,1788932732,2,5,11,nepse_official,OPEN,2026-09-09,HRL,Himalayan Reinsurance Limited,516.0,517.0,512.5,,512.6,516.0,-3.3999999999999773,,1287.0,662601.9,34.0,4.5,0.872093023255814,-0.6589147286821662,19488.29117647059,514.8421911421912
2026-09-09T05:45:32+00:00,2026-09-09T11:30:32+05:45,2026-09-09,11:30:32,1788932732,2,5,11,nepse_official,OPEN,2026-09-09,HURJA,Himalaya Urja Bikas Company Limited,231.1,233.0,231.1,,233.0,233.5,-0.5,,700.0,161789.0,4.0,1.9000000000000057,0.8221549112938147,-0.21413276231263384,40447.25,231.12714285714284
2026-09-09T05:45:32+00:00,2026-09-09T11:30:32+05:45,2026-09-09,11:30:32,1788932732,2,5,11,nepse_official,OPEN,2026-09-09,ICFC,ICFC Finance Limited,585.0,585.0,585.0,,585.0,582.1,2.8999999999999773,,200.0,117000.0,1.0,0.0,0.0,0.49819618622229467,117000.0,585.0
2026-09-09T05:45:32+00:00,2026-09-09T11:30:32+05:45,2026-09-09,11:30:32,1788932732,2,5,11,nepse_official,OPEN,2026-09-09,ICFCD88,9% ICFC Finance Limited Debenture 2088,1120.0,1120.0,1091.3,,1091.3,1118.0,-26.700000000000045,,50.0,55282.5,2.0,28.700000000000045,2.562500000000004,-2.3881932021466943,27641.25,1105.65
2026-09-09T05:45:32+00:00,2026-09-09T11:30:32+05:45,2026-09-09,11:30:32,1788932732,2,5,11,nepse_official,OPEN,2026-09-09,ICFCD89,8% ICFC Finance Limited Debenture 2089,1065.8,1119.68,1065.8,,1086.1,1095.0,-8.900000000000091,,240.0,263831.8,7.0,53.88000000000011,5.055357477950846,-0.8127853881278622,37690.25714285714,1099.2991666666667
2026-09-09T05:45:32+00:00,2026-09-09T11:30:32+05:45,2026-09-09,11:30:32,1788932732,2,5,11,nepse_official,OPEN,2026-09-09,IGI,IGI Prudential insurance Limited,376.0,380.0,376.0,,380.0,378.8,1.1999999999999886,,222.0,84140.0,2.0,4.0,1.0638297872340425,0.3167898627243898,42070.0,379.009009009009
2026-09-09T05:45:32+00:00,2026-09-09T11:30:32+05:45,2026-09-09,11:30:32,1788932732,2,5,11,nepse_official,OPEN,2026-09-09,IHL,Ingwa Hydropower Limited,295.0,300.0,293.0,,293.0,292.2,0.8000000000000114,,30.0,8880.0,3.0,7.0,2.3728813559322033,0.273785078713214,2960.0,296.0
2026-09-09T05:45:32+00:00,2026-09-09T11:30:32+05:45,2026-09-09,11:30:32,1788932732,2,5,11,nepse_official,OPEN,2026-09-09,ILBS,Infinity Laghubitta Bittiya Sanstha Limited,835.0,836.0,820.0,,820.0,836.9,-16.899999999999977,,119.0,99164.0,3.0,16.0,1.9161676646706587,-2.019357151392039,33054.666666666664,833.3109243697479
2026-09-09T05:45:32+00:00,2026-09-09T11:30:32+05:45,2026-09-09,11:30:32,1788932732,2,5,11,nepse_official,OPEN,2026-09-09,ILI,IME Life Insurance Company Limited,405.0,405.0,403.0,,404.0,405.0,-1.0,,2276.0,919652.2,23.0,2.0,0.49382716049382713,-0.24691358024691357,39984.87826086956,404.06511423550086
2026-09-09T05:45:32+00:00,2026-09-09T11:30:32+05:45,2026-09-09,11:30:32,1788932732,2,5,11,nepse_official,OPEN,2026-09-09,JBBL,Jyoti Bikas Bank Limited,334.9,335.0,330.2,,335.0,334.9,0.10000000000002274,,916.0,303593.2,6.0,4.800000000000011,1.4332636607942704,0.029859659599887352,50598.86666666667,331.43362445414846
2026-09-09T05:45:32+00:00,2026-09-09T11:30:32+05:45,2026-09-09,11:30:32,1788932732,2,5,11,nepse_official,OPEN,2026-09-09,JBLB,Jeevan Bikas Laghubitta  Bittya Sanstha Ltd,1252.0,1258.0,1252.0,,1255.1,1252.0,3.099999999999909,,189.0,237056.8,8.0,6.0,0.4792332268370607,0.24760383386580745,29632.1,1254.268783068783
2026-09-09T05:45:32+00:00,2026-09-09T11:30:32+05:45,2026-09-09,11:30:32,1788932732,2,5,11,nepse_official,OPEN,2026-09-09,JFL,Janaki Finance Company Limited,300.0,300.0,266.6,,283.9,313.6,-29.700000000000045,,54769.0,14783932.3,297.0,33.39999999999998,11.133333333333326,-9.470663265306136,49777.549831649834,269.9324855301357
2026-09-09T05:45:32+00:00,2026-09-09T11:30:32+05:45,2026-09-09,11:30:32,1788932732,2,5,11,nepse_official,OPEN,2026-09-09,JHAPA,Jhapa Energy Limited,1016.1,1046.0,1016.1,,1046.0,1021.0,25.0,,640.0,667219.0,10.0,29.899999999999977,2.9426237575041805,2.4485798237022527,66721.9,1042.5296875
2026-09-09T05:45:32+00:00,2026-09-09T11:30:32+05:45,2026-09-09,11:30:32,1788932732,2,5,11,nepse_official,OPEN,2026-09-09,JOSHI,Joshi Hydropower Development Company Ltd,257.0,257.0,257.0,,257.0,261.5,-4.5,,48.0,12336.0,2.0,0.0,0.0,-1.7208413001912046,6168.0,257.0
2026-09-09T05:45:32+00:00,2026-09-09T11:30:32+05:45,2026-09-09,11:30:32,1788932732,2,5,11,nepse_official,OPEN,2026-09-09,KAHL,Kalanga Hydro Limited,490.0,495.0,490.0,,492.2,493.0,-0.8000000000000114,,1450.0,713945.0,87.0,5.0,1.0204081632653061,-0.16227180527383597,8206.264367816091,492.3758620689655
2026-09-09T05:45:32+00:00,2026-09-09T11:30:32+05:45,2026-09-09,11:30:32,1788932732,2,5,11,nepse_official,OPEN,2026-09-09,KBL,Kumari Bank Limited,215.0,217.5,214.0,,214.1,215.0,-0.9000000000000057,,7960.0,1712981.8,40.0,3.5,1.627906976744186,-0.41860465116279333,42824.545,215.19871859296484
2026-09-09T05:45:32+00:00,2026-09-09T11:30:32+05:45,2026-09-09,11:30:32,1788932732,2,5,11,nepse_official,OPEN,2026-09-09,KBSH,Kutheli Bukhari Small Hydropower Limited,828.0,828.0,828.0,,828.0,809.0,19.0,,25.0,20700.0,1.0,0.0,0.0,2.3485784919653896,20700.0,828.0
2026-09-09T05:45:32+00:00,2026-09-09T11:30:32+05:45,2026-09-09,11:30:32,1788932732,2,5,11,nepse_official,OPEN,2026-09-09,KDL,Kalinchowk Darshan Limited,690.7,690.7,618.0,,618.0,727.0,-109.0,,23975.0,14886431.0,106.0,72.70000000000005,10.525553786014195,-14.99312242090784,140438.0283018868,620.9147445255475
2026-09-09T05:45:32+00:00,2026-09-09T11:30:32+05:45,2026-09-09,11:30:32,1788932732,2,5,11,nepse_official,OPEN,2026-09-09,KEF,Kumari Equity Fund,9.71,9.71,9.71,,9.71,9.75,-0.03999999999999915,,150.0,1456.5,1.0,0.0,0.0,-0.41025641025640147,1456.5,9.71
2026-09-09T05:45:32+00:00,2026-09-09T11:30:32+05:45,2026-09-09,11:30:32,1788932732,2,5,11,nepse_official,OPEN,2026-09-09,KHPL,Kalinchock Hydropower Limited,740.0,745.0,737.0,,745.0,740.0,5.0,,200.0,148617.0,8.0,8.0,1.0810810810810811,0.6756756756756757,18577.125,743.085
2026-09-09T05:45:32+00:00,2026-09-09T11:30:32+05:45,2026-09-09,11:30:32,1788932732,2,5,11,nepse_official,OPEN,2026-09-09,KKHC,Khanikhola Hydropower Co. Ltd.,266.1,269.9,266.1,,269.9,267.9,2.0,,1597.0,426797.3,12.0,3.7999999999999545,1.4280345734686035,0.7465472191116089,35566.441666666666,267.2494051346274
2026-09-09T05:45:32+00:00,2026-09-09T11:30:32+05:45,2026-09-09,11:30:32,1788932732,2,5,11,nepse_official,OPEN,2026-09-09,KMCDB,Kalika Laghubitta Bittiya Sanstha Ltd,779.0,826.3,779.0,,820.6,820.0,0.6000000000000227,,104.0,84588.1,7.0,47.299999999999955,6.071887034659815,0.07317073170731984,12084.014285714287,813.3471153846154
2026-09-09T05:45:32+00:00,2026-09-09T11:30:32+05:45,2026-09-09,11:30:32,1788932732,2,5,11,nepse_official,OPEN,2026-09-09,KPCL,Kalika power Company Ltd,455.0,458.9,450.0,,450.0,449.1,0.8999999999999773,,529.0,242460.8,5.0,8.899999999999977,1.9560439560439509,0.2004008016032013,48492.159999999996,458.33799621928165
2026-09-09T05:45:32+00:00,2026-09-09T11:30:32+05:45,2026-09-09,11:30:32,1788932732,2,5,11,nepse_official,OPEN,2026-09-09,KSBBL,Kamana Sewa Bikas Bank Limited,447.0,447.1,442.0,,444.0,449.1,-5.100000000000023,,4931.0,2187438.1,25.0,5.100000000000023,1.1409395973154415,-1.1356045424181747,87497.524,443.6094301358751
2026-09-09T05:45:32+00:00,2026-09-09T11:30:32+05:45,2026-09-09,11:30:32,1788932732,2,5,11,nepse_official,OPEN,2026-09-09,KSY,Kumari Sabal Yojana,8.75,8.75,8.75,,8.75,8.75,0.0,,100.0,875.0,1.0,0.0,0.0,0.0,875.0,8.75
2026-09-09T05:45:32+00:00,2026-09-09T11:30:32+05:45,2026-09-09,11:30:32,1788932732,2,5,11,nepse_official,OPEN,2026-09-09,LEC,Liberty Energy Company Limited,215.0,215.0,213.0,,213.0,215.0,-2.0,,2069.0,441565.0,12.0,2.0,0.9302325581395349,-0.9302325581395349,36797.083333333336,213.41952634122765
2026-09-09T05:45:32+00:00,2026-09-09T11:30:32+05:45,2026-09-09,11:30:32,1788932732,2,5,11,nepse_official,OPEN,2026-09-09,LSH12,LS Horizon 12,8.92,8.92,8.92,,8.92,8.95,-0.02999999999999936,,550.0,4906.0,4.0,0.0,0.0,-0.33519553072624986,1226.5,8.92
2026-09-09T05:45:32+00:00,2026-09-09T11:30:32+05:45,2026-09-09,11:30:32,1788932732,2,5,11,nepse_official,OPEN,2026-09-09,LSL,Laxmi Sunrise Bank Limited,236.2,236.2,223.3,,223.3,225.0,-1.6999999999999886,,1720.0,385417.8,8.0,12.899999999999977,5.46147332768839,-0.7555555555555504,48177.225,224.08011627906976
2026-09-09T05:45:32+00:00,2026-09-09T11:30:32+05:45,2026-09-09,11:30:32,1788932732,2,5,11,nepse_official,OPEN,2026-09-09,LUK,Laxmi Unnati Kosh,9.3,9.3,9.3,,9.3,9.5,-0.1999999999999993,,500.0,4650.0,1.0,0.0,0.0,-2.1052631578947296,4650.0,9.3
2026-09-09T05:45:32+00:00,2026-09-09T11:30:32+05:45,2026-09-09,11:30:32,1788932732,2,5,11,nepse_official,OPEN,2026-09-09,LVF2,Laxmi Value Fund 2,9.03,9.03,9.03,,9.03,9.3,-0.27000000000000135,,200.0,1806.0,1.0,0.0,0.0,-2.903225806451627,1806.0,9.03
2026-09-09T05:45:32+00:00,2026-09-09T11:30:32+05:45,2026-09-09,11:30:32,1788932732,2,5,11,nepse_official,OPEN,2026-09-09,MABEL,Mabilung Energy Limited,587.7,610.0,587.7,,605.0,587.7,17.299999999999955,,6132.0,3702200.7,51.0,22.299999999999955,3.794452952186482,2.943678747660363,72592.1705882353,603.7509295499021
2026-09-09T05:45:32+00:00,2026-09-09T11:30:32+05:45,2026-09-09,11:30:32,1788932732,2,5,11,nepse_official,OPEN,2026-09-09,MAKAR,Makar Jitumaya Suri Hydropower Limited,402.0,405.0,402.0,,402.1,402.0,0.10000000000002274,,374.0,150943.4,7.0,3.0,0.7462686567164178,0.02487562189055292,21563.342857142856,403.59197860962564
2026-09-09T05:45:32+00:00,2026-09-09T11:30:32+05:45,2026-09-09,11:30:32,1788932732,2,5,11,nepse_official,OPEN,2026-09-09,MANDU,Mandu Hydropower Limited,643.2,710.0,643.2,,700.9,677.0,23.899999999999977,,16298.0,11112955.5,97.0,66.79999999999995,10.385572139303473,3.5302806499261417,114566.55154639175,681.8600748558106
2026-09-09T05:45:32+00:00,2026-09-09T11:30:32+05:45,2026-09-09,11:30:32,1788932732,2,5,11,nepse_official,OPEN,2026-09-09,MBJC,Madhya Bhotekoshi Jalavidyut Company Limited,276.0,283.0,274.0,,277.6,278.5,-0.8999999999999773,,7824.0,2162134.6,48.0,9.0,3.260869565217391,-0.32315978456013544,45044.47083333333,276.34644683026585
2026-09-09T05:45:32+00:00,2026-09-09T11:30:32+05:45,2026-09-09,11:30:32,1788932732,2,5,11,nepse_official,OPEN,2026-09-09,MBL,Machhapuchhre Bank Limited,262.5,262.5,247.0,,247.1,250.0,-2.9000000000000057,,15790.0,3953036.0,19.0,15.5,5.904761904761905,-1.1600000000000024,208054.52631578947,250.35060164661178
2026-09-09T05:45:32+00:00,2026-09-09T11:30:32+05:45,2026-09-09,11:30:32,1788932732,2,5,11,nepse_official,OPEN,2026-09-09,MBLEF,MBL Equity Fund,9.03,9.03,9.03,,9.03,9.15,-0.120000000000001,,100.0,903.0,1.0,0.0,0.0,-1.3114754098360764,903.0,9.03
2026-09-09T05:45:32+00:00,2026-09-09T11:30:32+05:45,2026-09-09,11:30:32,1788932732,2,5,11,nepse_official,OPEN,2026-09-09,MCHL,Menchhiyam Hydropower Limited,259.9,259.9,259.9,,259.9,255.0,4.899999999999977,,10.0,2599.0,1.0,0.0,0.0,1.9215686274509716,2599.0,259.9
2026-09-09T05:45:32+00:00,2026-09-09T11:30:32+05:45,2026-09-09,11:30:32,1788932732,2,5,11,nepse_official,OPEN,2026-09-09,MDB,Miteri Development Bank Limited,556.0,556.0,556.0,,556.0,559.7,-3.7000000000000455,,10.0,5560.0,1.0,0.0,0.0,-0.6610684295158201,5560.0,556.0
2026-09-09T05:45:32+00:00,2026-09-09T11:30:32+05:45,2026-09-09,11:30:32,1788932732,2,5,11,nepse_official,OPEN,2026-09-09,MEHL,Manakamana Engineering Hydropower Limited,229.9,230.0,226.1,,227.0,228.0,-1.0,,3780.0,860666.6,25.0,3.9000000000000057,1.6963897346672492,-0.43859649122807015,34426.664,227.6895767195767
2026-09-09T05:45:32+00:00,2026-09-09T11:30:32+05:45,2026-09-09,11:30:32,1788932732,2,5,11,nepse_official,OPEN,2026-09-09,MEL,Modi Energy Limited,199.6,200.0,199.2,,199.3,199.6,-0.29999999999998295,,764.0,152495.0,15.0,0.8000000000000114,0.4008016032064185,-0.15030060120239627,10166.333333333334,199.60078534031413
2026-09-09T05:45:32+00:00,2026-09-09T11:30:32+05:45,2026-09-09,11:30:32,1788932732,2,5,11,nepse_official,OPEN,2026-09-09,MEN,Mountain Energy Nepal Limited,629.9,635.0,629.9,,630.0,630.0,0.0,,3337.0,2106590.0,26.0,5.100000000000023,0.8096523257659983,0.0,81022.69230769231,631.2825891519328
2026-09-09T05:45:32+00:00,2026-09-09T11:30:32+05:45,2026-09-09,11:30:32,1788932732,2,5,11,nepse_official,OPEN,2026-09-09,MEPDL,Mount Everest Power Development Limited,644.0,644.0,630.4,,636.5,644.0,-7.5,,945.0,602054.0,90.0,13.600000000000023,2.1118012422360284,-1.1645962732919255,6689.488888888889,637.0941798941799
2026-09-09T05:45:32+00:00,2026-09-09T11:30:32+05:45,2026-09-09,11:30:32,1788932732,2,5,11,nepse_official,OPEN,2026-09-09,MERO,Mero Microfinance Bittiya Sanstha Ltd.,612.0,618.0,602.0,,602.0,600.0,2.0,,726.0,446209.0,6.0,16.0,2.6143790849673203,0.33333333333333337,74368.16666666667,614.6129476584022
2026-09-09T05:45:32+00:00,2026-09-09T11:30:32+05:45,2026-09-09,11:30:32,1788932732,2,5,11,nepse_official,OPEN,2026-09-09,MFIL,Manjushree Finance Ltd.,720.0,741.0,718.0,,720.0,733.0,-13.0,,50.0,36385.0,5.0,23.0,3.194444444444444,-1.7735334242837655,7277.0,727.7
2026-09-09T05:45:32+00:00,2026-09-09T11:30:32+05:45,2026-09-09,11:30:32,1788932732,2,5,11,nepse_official,OPEN,2026-09-09,MHCL,Molung Hydropower Company Limited,280.0,280.0,280.0,,280.0,280.0,0.0,,20.0,5600.0,2.0,0.0,0.0,0.0,2800.0,280.0
2026-09-09T05:45:32+00:00,2026-09-09T11:30:32+05:45,2026-09-09,11:30:32,1788932732,2,5,11,nepse_official,OPEN,2026-09-09,MHL,Mandakini Hydropower Limited,452.9,455.0,442.4,,445.0,452.9,-7.899999999999977,,40.0,17953.0,4.0,12.600000000000023,2.782071097372494,-1.744314418193857,4488.25,448.825
2026-09-09T05:45:32+00:00,2026-09-09T11:30:32+05:45,2026-09-09,11:30:32,1788932732,2,5,11,nepse_official,OPEN,2026-09-09,MHNL,Mountain Hydro Nepal Limited,229.9,243.6,229.9,,237.0,242.0,-5.0,,1183.0,283410.7,10.0,13.699999999999989,5.959112657677245,-2.066115702479339,28341.07,239.56948436179206
2026-09-09T05:45:32+00:00,2026-09-09T11:30:32+05:45,2026-09-09,11:30:32,1788932732,2,5,11,nepse_official,OPEN,2026-09-09,MKCL,Muktinath Krishi Company Limited,890.0,890.0,885.1,,885.1,911.0,-25.899999999999977,,20.0,17751.0,2.0,4.899999999999977,0.5505617977528064,-2.8430296377607003,8875.5,887.55
2026-09-09T05:45:32+00:00,2026-09-09T11:30:32+05:45,2026-09-09,11:30:32,1788932732,2,5,11,nepse_official,OPEN,2026-09-09,MKHC,Maya Khola Hydropower Company Limited,264.9,264.9,257.0,,257.0,260.0,-3.0,,629.0,163194.0,10.0,7.899999999999977,2.982257455643631,-1.153846153846154,16319.4,259.449920508744
2026-09-09T05:45:32+00:00,2026-09-09T11:30:32+05:45,2026-09-09,11:30:32,1788932732,2,5,11,nepse_official,OPEN,2026-09-09,MKHL,Mai Khola Hydropower Limited,483.0,510.0,483.0,,510.0,496.1,13.899999999999977,,30.0,14891.0,3.0,27.0,5.590062111801243,2.8018544648256354,4963.666666666667,496.3666666666667
2026-09-09T05:45:32+00:00,2026-09-09T11:30:32+05:45,2026-09-09,11:30:32,1788932732,2,5,11,nepse_official,OPEN,2026-09-09,MKJC,Mailung Khola Jal Vidhyut Company Limited,290.0,290.0,281.7,,281.7,289.4,-7.699999999999989,,20.0,5717.0,2.0,8.300000000000011,2.862068965517245,-2.660677263303383,2858.5,285.85
2026-09-09T05:45:32+00:00,2026-09-09T11:30:32+05:45,2026-09-09,11:30:32,1788932732,2,5,11,nepse_official,OPEN,2026-09-09,MLBL,Mahalaxmi Bikas Bank Ltd.,354.6,354.6,351.0,,351.5,349.6,1.8999999999999773,,80.0,28174.5,3.0,3.6000000000000227,1.0152284263959455,0.5434782608695587,9391.5,352.18125
2026-09-09T05:45:32+00:00,2026-09-09T11:30:32+05:45,2026-09-09,11:30:32,1788932732,2,5,11,nepse_official,OPEN,2026-09-09,MLBLD89,11% Mahalaxmi Debenture 2089,1325.0,1325.0,1325.0,,1325.0,1287.5,37.5,,3304.0,4377800.0,1.0,0.0,0.0,2.912621359223301,4377800.0,1325.0
2026-09-09T05:45:32+00:00,2026-09-09T11:30:32+05:45,2026-09-09,11:30:32,1788932732,2,5,11,nepse_official,OPEN,2026-09-09,MLBSL,Mahila Lagubitta Bittiya Sanstha Limited ,1070.0,1070.0,1065.0,,1065.0,1072.0,-7.0,,49.0,52235.0,2.0,5.0,0.46728971962616817,-0.6529850746268656,26117.5,1066.0204081632653
2026-09-09T05:45:32+00:00,2026-09-09T11:30:32+05:45,2026-09-09,11:30:32,1788932732,2,5,11,nepse_official,OPEN,2026-09-09,MMF1,Mega Mutual Fund -1,9.0,9.0,9.0,,9.0,9.0,0.0,,100.0,900.0,1.0,0.0,0.0,0.0,900.0,9.0
2026-09-09T05:45:32+00:00,2026-09-09T11:30:32+05:45,2026-09-09,11:30:32,1788932732,2,5,11,nepse_official,OPEN,2026-09-09,MMKJL,Mathillo Mailun Khola Jalvidhyut Limited,355.0,365.0,354.7,,354.7,355.2,-0.5,,331.0,117625.0,8.0,10.300000000000011,2.9014084507042286,-0.14076576576576577,14703.125,355.36253776435046
2026-09-09T05:45:32+00:00,2026-09-09T11:30:32+05:45,2026-09-09,11:30:32,1788932732,2,5,11,nepse_official,OPEN,2026-09-09,MNBBL,Muktinath Bikas Bank Ltd.,340.0,344.0,321.1,,328.0,346.0,-18.0,,42473.0,13928608.5,281.0,22.899999999999977,6.735294117647052,-5.202312138728324,49568.00177935943,327.9403032514774
2026-09-09T05:45:32+00:00,2026-09-09T11:30:32+05:45,2026-09-09,11:30:32,1788932732,2,5,11,nepse_official,OPEN,2026-09-09,MNMF1,Muktinath Mutual Fund 1,9.01,9.01,9.01,,9.01,9.13,-0.120000000000001,,100.0,901.0,1.0,0.0,0.0,-1.3143483023001203,901.0,9.01
2026-09-09T05:45:32+00:00,2026-09-09T11:30:32+05:45,2026-09-09,11:30:32,1788932732,2,5,11,nepse_official,OPEN,2026-09-09,MSHL,Mid Solu Hydropower Limited,503.0,503.0,481.0,,495.5,518.0,-22.5,,770.0,378528.5,12.0,22.0,4.3737574552683895,-4.343629343629344,31544.041666666668,491.5954545454546
2026-09-09T05:45:32+00:00,2026-09-09T11:30:32+05:45,2026-09-09,11:30:32,1788932732,2,5,11,nepse_official,OPEN,2026-09-09,MSLB,Mahuli Laghubitta Bittiya Sanstha Limited,1190.1,1192.4,1190.1,,1190.1,1225.0,-34.90000000000009,,577.0,686883.6,6.0,2.300000000000182,0.19326107049829275,-2.848979591836742,114480.59999999999,1190.4395147313692
2026-09-09T05:45:32+00:00,2026-09-09T11:30:32+05:45,2026-09-09,11:30:32,1788932732,2,5,11,nepse_official,OPEN,2026-09-09,NABBC,Narayani Development Bank Limited,712.0,712.0,701.1,,701.1,711.1,-10.0,,100.0,70805.0,6.0,10.899999999999977,1.530898876404491,-1.406271972999578,11800.833333333334,708.05
2026-09-09T05:45:32+00:00,2026-09-09T11:30:32+05:45,2026-09-09,11:30:32,1788932732,2,5,11,nepse_official,OPEN,2026-09-09,NABIL,Nabil Bank Limited,553.0,560.0,553.0,,555.0,552.5,2.5,,6896.0,3838800.9,90.0,7.0,1.2658227848101267,0.4524886877828055,42653.34333333333,556.6706641531323
2026-09-09T05:45:32+00:00,2026-09-09T11:30:32+05:45,2026-09-09,11:30:32,1788932732,2,5,11,nepse_official,OPEN,2026-09-09,NABILD2089,7% Nabil Debenture 2089,1100.0,1100.0,1100.0,,1100.0,1100.0,0.0,,100.0,110000.0,1.0,0.0,0.0,0.0,110000.0,1100.0
2026-09-09T05:45:32+00:00,2026-09-09T11:30:32+05:45,2026-09-09,11:30:32,1788932732,2,5,11,nepse_official,OPEN,2026-09-09,NBF3,Nabil Balanced Fund-3,9.5,9.5,9.5,,9.5,9.64,-0.14000000000000057,,10000.0,95000.0,4.0,0.0,0.0,-1.4522821576763543,23750.0,9.5
2026-09-09T05:45:32+00:00,2026-09-09T11:30:32+05:45,2026-09-09,11:30:32,1788932732,2,5,11,nepse_official,OPEN,2026-09-09,NBL,Nepal Bank Limited,279.9,280.9,278.0,,279.0,279.0,0.0,,6639.0,1857628.1,31.0,2.8999999999999773,1.0360843158270732,0.0,59923.487096774195,279.80540744087966
2026-09-09T05:45:32+00:00,2026-09-09T11:30:32+05:45,2026-09-09,11:30:32,1788932732,2,5,11,nepse_official,OPEN,2026-09-09,NCCD86,9.5% NCC Debenture 2086,1118.0,1180.0,1118.0,,1179.0,1118.0,61.0,,12142.0,14327429.5,5.0,62.0,5.545617173524151,5.456171735241503,2865485.9,1179.989252182507
2026-09-09T05:45:32+00:00,2026-09-09T11:30:32+05:45,2026-09-09,11:30:32,1788932732,2,5,11,nepse_official,OPEN,2026-09-09,NESDO,NESDO Sambridha Laghubitta Bittiya Sanstha Limited,1300.0,1300.0,1300.0,,1300.0,1320.0,-20.0,,11.0,14300.0,1.0,0.0,0.0,-1.5151515151515151,14300.0,1300.0
2026-09-09T05:45:32+00:00,2026-09-09T11:30:32+05:45,2026-09-09,11:30:32,1788932732,2,5,11,nepse_official,OPEN,2026-09-09,NFS,Nepal Finance Ltd.,521.0,521.0,510.0,,513.5,524.9,-11.399999999999977,,1845.0,949389.0,14.0,11.0,2.111324376199616,-2.171842255667742,67813.5,514.5739837398374
2026-09-09T05:45:32+00:00,2026-09-09T11:30:32+05:45,2026-09-09,11:30:32,1788932732,2,5,11,nepse_official,OPEN,2026-09-09,NGPL,Ngadi Group Power Ltd.,399.0,399.0,391.3,,391.3,393.8,-2.5,,5934.0,2325155.9,24.0,7.699999999999989,1.9298245614035057,-0.6348400203148806,96881.49583333333,391.83618132794066
2026-09-09T05:45:32+00:00,2026-09-09T11:30:32+05:45,2026-09-09,11:30:32,1788932732,2,5,11,nepse_official,OPEN,2026-09-09,NHDL,Nepal Hydro Developers Ltd.,637.9,637.9,637.9,,637.9,635.0,2.8999999999999773,,60.0,38274.0,1.0,0.0,0.0,0.4566929133858232,38274.0,637.9
2026-09-09T05:45:32+00:00,2026-09-09T11:30:32+05:45,2026-09-09,11:30:32,1788932732,2,5,11,nepse_official,OPEN,2026-09-09,NHPC,National Hydro Power Company Limited,261.0,261.0,256.0,,256.9,257.0,-0.10000000000002274,,4535.0,1165364.5,31.0,5.0,1.9157088122605364,-0.03891050583658472,37592.403225806454,256.97122381477396
2026-09-09T05:45:32+00:00,2026-09-09T11:30:32+05:45,2026-09-09,11:30:32,1788932732,2,5,11,nepse_official,OPEN,2026-09-09,NIBLGF,NIBL Growth Fund,8.5,8.5,8.5,,8.5,8.5,0.0,,10000.0,85000.0,2.0,0.0,0.0,0.0,42500.0,8.5
2026-09-09T05:45:32+00:00,2026-09-09T11:30:32+05:45,2026-09-09,11:30:32,1788932732,2,5,11,nepse_official,OPEN,2026-09-09,NIBLSTF,NIBL Stable Fund,8.34,8.34,8.34,,8.34,8.34,0.0,,100.0,834.0,1.0,0.0,0.0,0.0,834.0,8.34
2026-09-09T05:45:32+00:00,2026-09-09T11:30:32+05:45,2026-09-09,11:30:32,1788932732,2,5,11,nepse_official,OPEN,2026-09-09,NIBSF2,NIBL Samriddhi Fund -2,8.2,8.3,8.2,,8.3,8.3,0.0,,12100.0,99810.0,4.0,0.10000000000000142,1.2195121951219685,0.0,24952.5,8.248760330578513
2026-09-09T05:45:32+00:00,2026-09-09T11:30:32+05:45,2026-09-09,11:30:32,1788932732,2,5,11,nepse_official,OPEN,2026-09-09,NICA,NIC Asia Bank Ltd.,324.4,324.4,309.0,,311.0,309.0,2.0,,1977.0,615101.7,13.0,15.399999999999977,4.747225647348945,0.6472491909385114,47315.515384615384,311.1288315629742
2026-09-09T05:45:32+00:00,2026-09-09T11:30:32+05:45,2026-09-09,11:30:32,1788932732,2,5,11,nepse_official,OPEN,2026-09-09,NICBF,NIC Asia Balanced Fund,8.65,8.72,8.62,,8.72,8.72,0.0,,1100.0,9496.86,3.0,0.10000000000000142,1.1560693641618662,0.0,3165.6200000000003,8.633509090909092
2026-09-09T05:45:32+00:00,2026-09-09T11:30:32+05:45,2026-09-09,11:30:32,1788932732,2,5,11,nepse_official,OPEN,2026-09-09,NICFC,NIC Asia Flexi CAP Fund,8.77,8.77,8.77,,8.77,8.77,0.0,,100.0,877.0,1.0,0.0,0.0,0.0,877.0,8.77
2026-09-09T05:45:32+00:00,2026-09-09T11:30:32+05:45,2026-09-09,11:30:32,1788932732,2,5,11,nepse_official,OPEN,2026-09-09,NICGF2,NIC ASIA Growth Fund-2,8.72,8.89,8.72,,8.89,8.89,0.0,,200.0,1761.0,2.0,0.16999999999999993,1.9495412844036688,0.0,880.5,8.805
2026-09-09T05:45:32+00:00,2026-09-09T11:30:32+05:45,2026-09-09,11:30:32,1788932732,2,5,11,nepse_official,OPEN,2026-09-09,NICL,Nepal Insurance Co. Ltd.,432.5,432.5,432.5,,432.5,436.9,-4.399999999999977,,75.0,32437.5,1.0,0.0,0.0,-1.0070954451819587,32437.5,432.5
2026-09-09T05:45:32+00:00,2026-09-09T11:30:32+05:45,2026-09-09,11:30:32,1788932732,2,5,11,nepse_official,OPEN,2026-09-09,NICLBSL,NIC ASIA Laghubitta Bittiya Sanstha Limited,512.0,522.0,500.2,,514.0,512.8,1.2000000000000455,,980.0,500644.0,17.0,21.80000000000001,4.257812500000002,0.23400936037442388,29449.647058823528,510.8612244897959
2026-09-09T05:45:32+00:00,2026-09-09T11:30:32+05:45,2026-09-09,11:30:32,1788932732,2,5,11,nepse_official,OPEN,2026-09-09,NIFRA,Nepal Infrastructure Bank Limited,240.0,242.0,240.0,,240.1,240.9,-0.8000000000000114,,4594.0,1105340.3,49.0,2.0,0.8333333333333334,-0.3320880033208848,22557.96530612245,240.60520243796256
2026-09-09T05:45:32+00:00,2026-09-09T11:30:32+05:45,2026-09-09,11:30:32,1788932732,2,5,11,nepse_official,OPEN,2026-09-09,NIMB,Nepal Investment Mega Bank Limited,192.9,192.9,182.0,,182.1,183.8,-1.700000000000017,,3145.0,575485.9,33.0,10.900000000000006,5.650596163815451,-0.9249183895538721,17438.966666666667,182.9843879173291
2026-09-09T05:45:32+00:00,2026-09-09T11:30:32+05:45,2026-09-09,11:30:32,1788932732,2,5,11,nepse_official,OPEN,2026-09-09,NIMBPO,Nepal Investment Mega Bank Ltd. Promoter Share,138.0,138.0,138.0,,138.0,139.0,-1.0,,10.0,1380.0,1.0,0.0,0.0,-0.7194244604316548,1380.0,138.0
2026-09-09T05:45:32+00:00,2026-09-09T11:30:32+05:45,2026-09-09,11:30:32,1788932732,2,5,11,nepse_official,OPEN,2026-09-09,NLG,NLG Insurance Company Ltd.,514.0,514.0,514.0,,514.0,514.5,-0.5,,100.0,51400.0,1.0,0.0,0.0,-0.09718172983479105,51400.0,514.0
2026-09-09T05:45:32+00:00,2026-09-09T11:30:32+05:45,2026-09-09,11:30:32,1788932732,2,5,11,nepse_official,OPEN,2026-09-09,NLIC,Nepal Life Insurance Co. Ltd.,701.0,701.0,695.1,,695.1,701.0,-5.899999999999977,,1932.0,1346469.1,20.0,5.899999999999977,0.8416547788873007,-0.8416547788873007,67323.455,696.9301759834369
2026-09-09T05:45:32+00:00,2026-09-09T11:30:32+05:45,2026-09-09,11:30:32,1788932732,2,5,11,nepse_official,OPEN,2026-09-09,NLICL,National Life Insurance Co. Ltd.,546.3,548.0,546.0,,548.0,550.3,-2.2999999999999545,,83.0,45382.6,3.0,2.0,0.36609921288669234,-0.41795384335816005,15127.533333333333,546.778313253012
2026-09-09T05:45:32+00:00,2026-09-09T11:30:32+05:45,2026-09-09,11:30:32,1788932732,2,5,11,nepse_official,OPEN,2026-09-09,NMB,NMB Bank Limited,251.8,251.8,239.0,,241.0,239.9,1.0999999999999943,,3364.0,806027.0,19.0,12.800000000000011,5.083399523431299,0.4585243851604812,42422.47368421053,239.6037455410226
2026-09-09T05:45:32+00:00,2026-09-09T11:30:32+05:45,2026-09-09,11:30:32,1788932732,2,5,11,nepse_official,OPEN,2026-09-09,NMBHF2,NMB Hybrid Fund L- II,9.16,9.16,9.16,,9.16,9.24,-0.08000000000000007,,200.0,1832.0,2.0,0.0,0.0,-0.8658008658008665,916.0,9.16
2026-09-09T05:45:32+00:00,2026-09-09T11:30:32+05:45,2026-09-09,11:30:32,1788932732,2,5,11,nepse_official,OPEN,2026-09-09,NMFBS,National Laghubitta Bittiya Sanstha Limited,1137.0,1137.0,1121.0,,1121.0,1135.0,-14.0,,174.0,195488.0,3.0,16.0,1.4072119613016711,-1.2334801762114538,65162.666666666664,1123.4942528735633
2026-09-09T05:45:32+00:00,2026-09-09T11:30:32+05:45,2026-09-09,11:30:32,1788932732,2,5,11,nepse_official,OPEN,2026-09-09,NMIC,Nepal Micro Insurance Company Limited,793.0,793.0,787.0,,787.0,793.0,-6.0,,170.0,134210.0,6.0,6.0,0.7566204287515763,-0.7566204287515763,22368.333333333332,789.4705882352941
2026-09-09T05:45:32+00:00,2026-09-09T11:30:32+05:45,2026-09-09,11:30:32,1788932732,2,5,11,nepse_official,OPEN,2026-09-09,NMLBBL,Nerude Mirmire Laghubitta Bittiya Sanstha Limited,497.9,497.9,477.5,,485.1,488.0,-2.8999999999999773,,30.0,14605.0,3.0,20.399999999999977,4.097208274753962,-0.5942622950819625,4868.333333333333,486.8333333333333
2026-09-09T05:45:32+00:00,2026-09-09T11:30:32+05:45,2026-09-09,11:30:32,1788932732,2,5,11,nepse_official,OPEN,2026-09-09,NRIC,Nepal Reinsurance Company Limited,810.0,810.0,800.0,,800.1,805.0,-4.899999999999977,,3878.0,3104592.0,31.0,10.0,1.2345679012345678,-0.6086956521739103,100148.12903225806,800.5652398143372
2026-09-09T05:45:32+00:00,2026-09-09T11:30:32+05:45,2026-09-09,11:30:32,1788932732,2,5,11,nepse_official,OPEN,2026-09-09,NRM,Nepal Republic Media Limited,287.0,287.0,279.0,,279.1,287.0,-7.899999999999977,,1300.0,365131.0,15.0,8.0,2.7874564459930316,-2.7526132404181105,24342.066666666666,280.87
2026-09-09T05:45:32+00:00,2026-09-09T11:30:32+05:45,2026-09-09,11:30:32,1788932732,2,5,11,nepse_official,OPEN,2026-09-09,NRN,NRN Infrastructure and Development Limited,1400.0,1400.0,1394.0,,1400.0,1400.0,0.0,,2301.0,3217077.1,18.0,6.0,0.4285714285714286,0.0,178726.50555555557,1398.1212950890917
2026-09-09T05:45:32+00:00,2026-09-09T11:30:32+05:45,2026-09-09,11:30:32,1788932732,2,5,11,nepse_official,OPEN,2026-09-09,NSIF2,NMB Sulav Investment Fund - 2,9.87,9.87,9.87,,9.87,9.87,0.0,,100.0,987.0,1.0,0.0,0.0,0.0,987.0,9.87
2026-09-09T05:45:32+00:00,2026-09-09T11:30:32+05:45,2026-09-09,11:30:32,1788932732,2,5,11,nepse_official,OPEN,2026-09-09,NSY,Nepal Life Samriddhi Lagani Yojana,9.03,9.03,9.03,,9.03,9.3,-0.27000000000000135,,200.0,1806.0,2.0,0.0,0.0,-2.903225806451627,903.0,9.03
2026-09-09T05:45:32+00:00,2026-09-09T11:30:32+05:45,2026-09-09,11:30:32,1788932732,2,5,11,nepse_official,OPEN,2026-09-09,NTC,Nepal Doorsanchar Company Limited,928.2,928.2,884.0,,885.0,884.0,1.0,,482.0,427253.0,13.0,44.200000000000045,4.761904761904766,0.11312217194570137,32865.61538461538,886.4170124481328
2026-09-09T05:45:32+00:00,2026-09-09T11:30:32+05:45,2026-09-09,11:30:32,1788932732,2,5,11,nepse_official,OPEN,2026-09-09,NWCL,Nepal Warehousing Company Limited ,596.1,596.1,581.1,,581.1,598.0,-16.899999999999977,,200.0,117125.5,6.0,15.0,2.5163563160543534,-2.8260869565217352,19520.916666666668,585.6275
2026-09-09T05:45:32+00:00,2026-09-09T11:30:32+05:45,2026-09-09,11:30:32,1788932732,2,5,11,nepse_official,OPEN,2026-09-09,NYADI,Nyadi Hydropower Limited,351.0,355.0,348.0,,355.0,351.1,3.8999999999999773,,30.0,10540.0,3.0,7.0,1.9943019943019942,1.1107946454001645,3513.3333333333335,351.3333333333333
2026-09-09T05:45:32+00:00,2026-09-09T11:30:32+05:45,2026-09-09,11:30:32,1788932732,2,5,11,nepse_official,OPEN,2026-09-09,OMPL,Om Megashree Pharmaceuticals Limited,885.0,900.0,885.0,,900.0,895.0,5.0,,483.0,431900.0,20.0,15.0,1.694915254237288,0.5586592178770949,21595.0,894.2028985507246
2026-09-09T05:45:32+00:00,2026-09-09T11:30:32+05:45,2026-09-09,11:30:32,1788932732,2,5,11,nepse_official,OPEN,2026-09-09,PCBL,Prime Commercial Bank Ltd.,256.0,256.0,239.6,,239.6,243.9,-4.300000000000011,,30.0,7426.0,3.0,16.400000000000006,6.406250000000002,-1.7630176301763063,2475.3333333333335,247.53333333333333
2026-09-09T05:45:32+00:00,2026-09-09T11:30:32+05:45,2026-09-09,11:30:32,1788932732,2,5,11,nepse_official,OPEN,2026-09-09,PCIL,Palpa Cement Industries Limited,618.2,632.0,618.2,,618.8,618.2,0.599999999999909,,1320.0,817692.5,83.0,13.799999999999955,2.232287285668061,0.09705596894207522,9851.716867469879,619.4640151515151
2026-09-09T05:45:32+00:00,2026-09-09T11:30:32+05:45,2026-09-09,11:30:32,1788932732,2,5,11,nepse_official,OPEN,2026-09-09,PHCL,Peoples Hydropower Company Limited,296.2,302.0,296.0,,297.1,298.8,-1.6999999999999886,,5190.0,1539471.3,27.0,6.0,2.025658338960162,-0.5689424364123121,57017.455555555556,296.6226011560694
2026-09-09T05:45:32+00:00,2026-09-09T11:30:32+05:45,2026-09-09,11:30:32,1788932732,2,5,11,nepse_official,OPEN,2026-09-09,PMHPL,Panchakanya Mai Hydropower Ltd,301.5,301.5,301.5,,301.5,294.9,6.600000000000023,,20.0,6030.0,1.0,0.0,0.0,2.238046795523914,6030.0,301.5
2026-09-09T05:45:32+00:00,2026-09-09T11:30:32+05:45,2026-09-09,11:30:32,1788932732,2,5,11,nepse_official,OPEN,2026-09-09,PMLI,Prabhu Mahalaxmi Life Insurance Limited,400.0,412.6,400.0,,401.0,401.9,-0.8999999999999773,,958.0,384774.0,11.0,12.600000000000023,3.1500000000000057,-0.22393630256282096,34979.454545454544,401.643006263048
2026-09-09T05:45:32+00:00,2026-09-09T11:30:32+05:45,2026-09-09,11:30:32,1788932732,2,5,11,nepse_official,OPEN,2026-09-09,PPCL,Panchthar Power Compant Limited,344.5,344.5,330.0,,330.0,338.5,-8.5,,340.0,113689.0,4.0,14.5,4.2089985486211905,-2.511078286558346,28422.25,334.3794117647059
2026-09-09T05:45:32+00:00,2026-09-09T11:30:32+05:45,2026-09-09,11:30:32,1788932732,2,5,11,nepse_official,OPEN,2026-09-09,PPL,People's Power Limited,306.0,306.0,297.3,,302.0,306.0,-4.0,,360.0,108718.0,9.0,8.699999999999989,2.843137254901957,-1.3071895424836601,12079.777777777777,301.99444444444447
2026-09-09T05:45:32+00:00,2026-09-09T11:30:32+05:45,2026-09-09,11:30:32,1788932732,2,5,11,nepse_official,OPEN,2026-09-09,PRIN,Prabhu Insurance Ltd.,570.0,612.0,570.0,,590.0,600.0,-10.0,,1300.0,776943.0,16.0,42.0,7.368421052631578,-1.6666666666666667,48558.9375,597.6484615384616
2026-09-09T05:45:32+00:00,2026-09-09T11:30:32+05:45,2026-09-09,11:30:32,1788932732,2,5,11,nepse_official,OPEN,2026-09-09,PROFL,Progressive Finance Limited,377.0,379.0,377.0,,379.0,380.0,-1.0,,240.0,90560.0,4.0,2.0,0.5305039787798408,-0.2631578947368421,22640.0,377.3333333333333
2026-09-09T05:45:32+00:00,2026-09-09T11:30:32+05:45,2026-09-09,11:30:32,1788932732,2,5,11,nepse_official,OPEN,2026-09-09,PRSF,Prabhu Smart Fund,12.8,12.92,12.8,,12.92,12.7,0.22000000000000064,,81200.0,1044392.0,7.0,0.11999999999999922,0.9374999999999939,1.7322834645669343,149198.85714285713,12.861970443349753
2026-09-09T05:45:32+00:00,2026-09-09T11:30:32+05:45,2026-09-09,11:30:32,1788932732,2,5,11,nepse_official,OPEN,2026-09-09,PRVU,Prabhu  Bank Limited,182.0,182.0,179.3,,180.0,180.0,0.0,,2550.0,459745.5,24.0,2.6999999999999886,1.4835164835164771,0.0,19156.0625,180.29235294117646
2026-09-09T05:45:32+00:00,2026-09-09T11:30:32+05:45,2026-09-09,11:30:32,1788932732,2,5,11,nepse_official,OPEN,2026-09-09,PSF,Prabhu Select Fund,12.28,12.29,12.28,,12.29,12.28,0.009999999999999787,,20000.0,245700.0,2.0,0.009999999999999787,0.0814332247556986,0.0814332247556986,122850.0,12.285
2026-09-09T05:45:32+00:00,2026-09-09T11:30:32+05:45,2026-09-09,11:30:32,1788932732,2,5,11,nepse_official,OPEN,2026-09-09,PURE,Pure Energy Limited,760.0,770.0,760.0,,761.3,761.3,0.0,,331.0,253852.0,13.0,10.0,1.3157894736842104,0.0,19527.076923076922,766.9244712990936
2026-09-09T05:45:32+00:00,2026-09-09T11:30:32+05:45,2026-09-09,11:30:32,1788932732,2,5,11,nepse_official,OPEN,2026-09-09,RADHI,Radhi Bidyut Company Ltd,690.0,697.0,683.0,,683.0,690.0,-7.0,,407.0,278970.8,6.0,14.0,2.0289855072463765,-1.0144927536231882,46495.13333333333,685.431941031941
2026-09-09T05:45:32+00:00,2026-09-09T11:30:32+05:45,2026-09-09,11:30:32,1788932732,2,5,11,nepse_official,OPEN,2026-09-09,RAWA,Rawa Energy Development Limited,413.0,413.0,405.5,,405.5,413.9,-8.399999999999977,,4370.0,1780735.4,30.0,7.5,1.8159806295399514,-2.029475718772645,59357.846666666665,407.490938215103
2026-09-09T05:45:32+00:00,2026-09-09T11:30:32+05:45,2026-09-09,11:30:32,1788932732,2,5,11,nepse_official,OPEN,2026-09-09,RBCL,Rastriya Beema Company Limited,14168.0,14168.0,14000.0,,14000.0,13755.6,244.39999999999964,,20.0,281680.0,2.0,168.0,1.185770750988142,1.7767309314024808,140840.0,14084.0
2026-09-09T05:45:32+00:00,2026-09-09T11:30:32+05:45,2026-09-09,11:30:32,1788932732,2,5,11,nepse_official,OPEN,2026-09-09,RFPL,River Falls Power Limited,328.0,330.0,326.0,,326.0,328.1,-2.1000000000000227,,2960.0,965460.0,13.0,4.0,1.2195121951219512,-0.6400487656202446,74266.15384615384,326.1689189189189
2026-09-09T05:45:32+00:00,2026-09-09T11:30:32+05:45,2026-09-09,11:30:32,1788932732,2,5,11,nepse_official,OPEN,2026-09-09,RHGCL,Rapti Hydro And General Construction Limited,250.0,257.5,250.0,,252.6,250.0,2.5999999999999943,,50.0,12676.0,3.0,7.5,3.0,1.0399999999999976,4225.333333333333,253.52
2026-09-09T05:45:32+00:00,2026-09-09T11:30:32+05:45,2026-09-09,11:30:32,1788932732,2,5,11,nepse_official,OPEN,2026-09-09,RHPL,RASUWAGADHI HYDROPOWER COMPANY LIMITED,170.0,170.2,165.3,,165.3,170.2,-4.899999999999977,,14011.0,2329924.9,69.0,4.899999999999977,2.8823529411764572,-2.87896592244417,33767.027536231886,166.29254871172648
2026-09-09T05:45:32+00:00,2026-09-09T11:30:32+05:45,2026-09-09,11:30:32,1788932732,2,5,11,nepse_official,OPEN,2026-09-09,RIDI,Ridi Power Company Limited,348.0,350.0,346.1,,347.7,347.7,0.0,,4875.0,1691887.5,15.0,3.8999999999999773,1.1206896551724073,0.0,112792.5,347.05384615384617
2026-09-09T05:45:32+00:00,2026-09-09T11:30:32+05:45,2026-09-09,11:30:32,1788932732,2,5,11,nepse_official,OPEN,2026-09-09,RLEL,Ridge Line Energy Limited,741.0,760.0,741.0,,745.9,760.0,-14.100000000000023,,240.0,181373.0,12.0,19.0,2.564102564102564,-1.8552631578947396,15114.416666666666,755.7208333333333
2026-09-09T05:45:32+00:00,2026-09-09T11:30:32+05:45,2026-09-09,11:30:32,1788932732,2,5,11,nepse_official,OPEN,2026-09-09,RLFL,Reliance Finance Ltd.,416.0,426.8,415.0,,426.8,424.0,2.8000000000000114,,4120.0,1711990.0,17.0,11.800000000000011,2.8365384615384643,0.6603773584905688,100705.29411764706,415.53155339805824
2026-09-09T05:45:32+00:00,2026-09-09T11:30:32+05:45,2026-09-09,11:30:32,1788932732,2,5,11,nepse_official,OPEN,2026-09-09,RMF1,RBB Mutual Fund 1,9.65,9.65,9.6,,9.6,9.7,-0.09999999999999964,,4000.0,38450.0,6.0,0.05000000000000071,0.518134715025914,-1.0309278350515427,6408.333333333333,9.6125
2026-09-09T05:45:32+00:00,2026-09-09T11:30:32+05:45,2026-09-09,11:30:32,1788932732,2,5,11,nepse_official,OPEN,2026-09-09,RMF2,RBB Mutual Fund 2,9.7,9.8,9.7,,9.8,9.7,0.10000000000000142,,5100.0,49970.0,2.0,0.10000000000000142,1.0309278350515612,1.0309278350515612,24985.0,9.798039215686275
2026-09-09T05:45:32+00:00,2026-09-09T11:30:32+05:45,2026-09-09,11:30:32,1788932732,2,5,11,nepse_official,OPEN,2026-09-09,RNLI,Reliable Nepal Life Insurance Limited,414.0,414.0,411.5,,414.0,414.0,0.0,,281.0,116097.4,16.0,2.5,0.6038647342995169,0.0,7256.0875,413.1580071174377
2026-09-09T05:45:32+00:00,2026-09-09T11:30:32+05:45,2026-09-09,11:30:32,1788932732,2,5,11,nepse_official,OPEN,2026-09-09,RSDC,RSDC Laghubitta Bittiya Sanstha Ltd.,628.0,628.0,628.0,,628.0,628.0,0.0,,2.0,1220.0,1.0,0.0,0.0,0.0,1220.0,610.0
2026-09-09T05:45:32+00:00,2026-09-09T11:30:32+05:45,2026-09-09,11:30:32,1788932732,2,5,11,nepse_official,OPEN,2026-09-09,RSML,Reliance Spinning Mills Limited,2941.1,3045.0,2941.1,,3012.0,2940.0,72.0,,76774.0,227963783.7,290.0,103.90000000000009,3.5326918499881033,2.4489795918367347,786082.0127586207,2969.283659832756
2026-09-09T05:45:32+00:00,2026-09-09T11:30:32+05:45,2026-09-09,11:30:32,1788932732,2,5,11,nepse_official,OPEN,2026-09-09,RSY,Reliable Samriddhi Yojana,9.47,9.47,9.47,,9.47,9.47,0.0,,100.0,947.0,1.0,0.0,0.0,0.0,947.0,9.47
2026-09-09T05:45:32+00:00,2026-09-09T11:30:32+05:45,2026-09-09,11:30:32,1788932732,2,5,11,nepse_official,OPEN,2026-09-09,RSY2,Reliable Samriddhi Yojana -2,8.74,9.2,8.74,,9.0,9.01,-0.009999999999999787,,1400.0,12458.0,13.0,0.4599999999999991,5.263157894736832,-0.11098779134294992,958.3076923076923,8.898571428571428
2026-09-09T05:45:32+00:00,2026-09-09T11:30:32+05:45,2026-09-09,11:30:32,1788932732,2,5,11,nepse_official,OPEN,2026-09-09,RURU,Ru Ru Jalbidhyut Pariyojana Limited,573.1,573.1,573.1,,573.1,585.0,-11.899999999999977,,11.0,6287.0,2.0,0.0,0.0,-2.03418803418803,3143.5,571.5454545454545
2026-09-09T05:45:32+00:00,2026-09-09T11:30:32+05:45,2026-09-09,11:30:32,1788932732,2,5,11,nepse_official,OPEN,2026-09-09,SABBL,Salapa Bikas Bank Limited,916.7,940.0,916.7,,930.0,916.7,13.299999999999955,,2065.0,1926718.5,47.0,23.299999999999955,2.5417257554270702,1.450856332496995,40994.01063829787,933.035593220339
2026-09-09T05:45:32+00:00,2026-09-09T11:30:32+05:45,2026-09-09,11:30:32,1788932732,2,5,11,nepse_official,OPEN,2026-09-09,SADBL,Shangrila Development Bank Ltd.,395.0,416.0,395.0,,410.0,410.4,-0.39999999999997726,,240.0,98246.0,5.0,21.0,5.3164556962025316,-0.09746588693956562,19649.2,409.35833333333335
2026-09-09T05:45:32+00:00,2026-09-09T11:30:32+05:45,2026-09-09,11:30:32,1788932732,2,5,11,nepse_official,OPEN,2026-09-09,SAEF2,Sanima Equity Fund-2,9.0,9.0,8.97,,9.0,9.0,0.0,,800.0,7193.0,8.0,0.02999999999999936,0.33333333333332626,0.0,899.125,8.99125
2026-09-09T05:45:32+00:00,2026-09-09T11:30:32+05:45,2026-09-09,11:30:32,1788932732,2,5,11,nepse_official,OPEN,2026-09-09,SAGAR,Sagar Distillery Limited,1593.0,1593.0,1553.0,,1555.2,1593.0,-37.799999999999955,,490.0,764418.0,9.0,40.0,2.5109855618330195,-2.3728813559322006,84935.33333333333,1560.0367346938776
2026-09-09T05:45:32+00:00,2026-09-09T11:30:32+05:45,2026-09-09,11:30:32,1788932732,2,5,11,nepse_official,OPEN,2026-09-09,SAGF,Sanima Growth Fund,9.3,9.3,9.3,,9.3,9.33,-0.02999999999999936,,100.0,930.0,1.0,0.0,0.0,-0.32154340836012174,930.0,9.3
2026-09-09T05:45:32+00:00,2026-09-09T11:30:32+05:45,2026-09-09,11:30:32,1788932732,2,5,11,nepse_official,OPEN,2026-09-09,SAHAS,Sahas Urja Limited,694.0,698.0,693.9,,698.0,694.0,4.0,,11041.0,7678892.1,58.0,4.100000000000023,0.5907780979827122,0.5763688760806917,132394.69137931033,695.4888234761344
2026-09-09T05:45:32+00:00,2026-09-09T11:30:32+05:45,2026-09-09,11:30:32,1788932732,2,5,11,nepse_official,OPEN,2026-09-09,SAIL,Shreenagar Agritech Industries Limited,1050.0,1075.0,1050.0,,1052.0,1056.2,-4.2000000000000455,,4101.0,4354351.2,60.0,25.0,2.380952380952381,-0.3976519598560922,72572.52,1061.7779078273593
2026-09-09T05:45:32+00:00,2026-09-09T11:30:32+05:45,2026-09-09,11:30:32,1788932732,2,5,11,nepse_official,OPEN,2026-09-09,SALICO,Sagarmatha Lumbini Insurance Co. Limited,535.0,535.0,535.0,,535.0,527.5,7.5,,80.0,42800.0,1.0,0.0,0.0,1.4218009478672986,42800.0,535.0
2026-09-09T05:45:32+00:00,2026-09-09T11:30:32+05:45,2026-09-09,11:30:32,1788932732,2,5,11,nepse_official,OPEN,2026-09-09,SAND2085,10% Sanima Bank Limited Debenture,1115.5,1115.5,1115.5,,1115.5,1149.9,-34.40000000000009,,205.0,228677.5,1.0,0.0,0.0,-2.9915644838681703,228677.5,1115.5
2026-09-09T05:45:32+00:00,2026-09-09T11:30:32+05:45,2026-09-09,11:30:32,1788932732,2,5,11,nepse_official,OPEN,2026-09-09,SANIMA,Sanima Bank Limited,365.1,365.1,362.1,,363.0,365.0,-2.0,,2994.0,1085393.6,12.0,3.0,0.8216926869350861,-0.547945205479452,90449.46666666667,362.52291249165
2026-09-09T05:45:32+00:00,2026-09-09T11:30:32+05:45,2026-09-09,11:30:32,1788932732,2,5,11,nepse_official,OPEN,2026-09-09,SANVI,Sanvi Energy Limited,559.0,560.0,555.1,,560.0,559.0,1.0,,70.0,39121.0,7.0,4.899999999999977,0.8765652951699423,0.17889087656529518,5588.714285714285,558.8714285714286
2026-09-09T05:45:32+00:00,2026-09-09T11:30:32+05:45,2026-09-09,11:30:32,1788932732,2,5,11,nepse_official,OPEN,2026-09-09,SAPDBL,Saptakoshi Development Bank Ltd,683.0,683.0,665.0,,665.5,682.0,-16.5,,2322.0,1555189.2,34.0,18.0,2.635431918008785,-2.4193548387096775,45740.85882352941,669.7627906976744
2026-09-09T05:45:32+00:00,2026-09-09T11:30:32+05:45,2026-09-09,11:30:32,1788932732,2,5,11,nepse_official,OPEN,2026-09-09,SAPIL,Sarvottam Paints Industries Limited,1245.0,1267.0,1228.0,,1251.1,1245.0,6.099999999999909,,5520.0,6901201.0,213.0,39.0,3.132530120481928,0.48995983935742243,32400.00469483568,1250.2175724637682
2026-09-09T05:45:32+00:00,2026-09-09T11:30:32+05:45,2026-09-09,11:30:32,1788932732,2,5,11,nepse_official,OPEN,2026-09-09,SARBTM,Sarbottam Cement Limited,798.0,798.0,795.5,,795.5,797.0,-1.5,,1300.0,1035190.0,7.0,2.5,0.3132832080200501,-0.18820577164366373,147884.2857142857,796.3
2026-09-09T05:45:32+00:00,2026-09-09T11:30:32+05:45,2026-09-09,11:30:32,1788932732,2,5,11,nepse_official,OPEN,2026-09-09,SBI,Nepal SBI Bank Limited,395.0,395.2,395.0,,395.2,402.0,-6.800000000000011,,492.0,194434.4,3.0,0.19999999999998863,0.05063291139240218,-1.6915422885572167,64811.46666666667,395.1918699186992
2026-09-09T05:45:32+00:00,2026-09-09T11:30:32+05:45,2026-09-09,11:30:32,1788932732,2,5,11,nepse_official,OPEN,2026-09-09,SBL,Siddhartha Bank Limited,442.5,442.5,417.2,,422.0,421.5,0.5,,2170.0,915795.0,12.0,25.30000000000001,5.717514124293787,0.11862396204033215,76316.25,422.0253456221198
2026-09-09T05:45:32+00:00,2026-09-09T11:30:32+05:45,2026-09-09,11:30:32,1788932732,2,5,11,nepse_official,OPEN,2026-09-09,SCB,Standard Chartered Bank Limited,649.0,654.9,649.0,,650.2,649.1,1.1000000000000227,,298.0,194323.4,7.0,5.899999999999977,0.9090909090909056,0.16946541364967227,27760.485714285714,652.0919463087248
2026-09-09T05:45:32+00:00,2026-09-09T11:30:32+05:45,2026-09-09,11:30:32,1788932732,2,5,11,nepse_official,OPEN,2026-09-09,SEF,Siddhartha Equity Fund,9.4,9.5,9.4,,9.5,9.41,0.08999999999999986,,20000.0,189000.0,4.0,0.09999999999999964,1.0638297872340388,0.9564293304994672,47250.0,9.45
2026-09-09T05:45:32+00:00,2026-09-09T11:30:32+05:45,2026-09-09,11:30:32,1788932732,2,5,11,nepse_official,OPEN,2026-09-09,SEF2,Siddhartha Equity Fund 2,8.74,8.74,8.74,,8.74,9.0,-0.2599999999999998,,100.0,874.0,1.0,0.0,0.0,-2.8888888888888866,874.0,8.74
2026-09-09T05:45:32+00:00,2026-09-09T11:30:32+05:45,2026-09-09,11:30:32,1788932732,2,5,11,nepse_official,OPEN,2026-09-09,SGHC,Swet-Ganga Hydropower & Construction Limited ,296.0,296.0,291.0,,291.0,295.0,-4.0,,1007.0,293794.0,14.0,5.0,1.6891891891891893,-1.3559322033898304,20985.285714285714,291.7517378351539
2026-09-09T05:45:32+00:00,2026-09-09T11:30:32+05:45,2026-09-09,11:30:32,1788932732,2,5,11,nepse_official,OPEN,2026-09-09,SGHL,Sanigad Hydro Limited,490.0,505.0,490.0,,500.1,499.3,0.8000000000000114,,6492.0,3246287.1,225.0,15.0,3.061224489795918,0.1602243140396578,14427.942666666668,500.0442236598891
2026-09-09T05:45:32+00:00,2026-09-09T11:30:32+05:45,2026-09-09,11:30:32,1788932732,2,5,11,nepse_official,OPEN,2026-09-09,SGIC,Sanima GIC Insurance Limited,380.0,380.0,376.2,,377.1,379.0,-1.8999999999999773,,619.0,233518.0,9.0,3.8000000000000114,1.0000000000000029,-0.5013192612137144,25946.444444444445,377.25040387722134
2026-09-09T05:45:32+00:00,2026-09-09T11:30:32+05:45,2026-09-09,11:30:32,1788932732,2,5,11,nepse_official,OPEN,2026-09-09,SHEL,Singati Hydro Energy Limited,294.0,294.1,289.0,,289.0,293.9,-4.899999999999977,,7477.0,2177198.5,30.0,5.100000000000023,1.734693877551028,-1.6672337529771954,72573.28333333334,291.1861040524274
2026-09-09T05:45:32+00:00,2026-09-09T11:30:32+05:45,2026-09-09,11:30:32,1788932732,2,5,11,nepse_official,OPEN,2026-09-09,SHINE,Shine Resunga Development Bank Ltd.,417.1,417.1,416.1,,416.1,419.9,-3.7999999999999545,,800.0,333560.0,4.0,1.0,0.2397506593143131,-0.9049773755656,83390.0,416.95
2026-09-09T05:45:32+00:00,2026-09-09T11:30:32+05:45,2026-09-09,11:30:32,1788932732,2,5,11,nepse_official,OPEN,2026-09-09,SHIVM,SHIVAM CEMENTS LTD,664.2,670.0,660.0,,666.0,664.2,1.7999999999999545,,6810.0,4543671.8,44.0,10.0,1.505570611261668,0.2710027100270934,103265.26818181817,667.2058443465492
2026-09-09T05:45:32+00:00,2026-09-09T11:30:32+05:45,2026-09-09,11:30:32,1788932732,2,5,11,nepse_official,OPEN,2026-09-09,SHL,Soaltee Hotel Limited,501.0,501.0,501.0,,501.0,502.5,-1.5,,150.0,75150.0,1.0,0.0,0.0,-0.2985074626865672,75150.0,501.0
2026-09-09T05:45:32+00:00,2026-09-09T11:30:32+05:45,2026-09-09,11:30:32,1788932732,2,5,11,nepse_official,OPEN,2026-09-09,SHLB,Shrijanshil Laghubitta Bittiya Sanstha Limited,1250.0,1250.0,1250.0,,1250.0,1265.0,-15.0,,10.0,12500.0,1.0,0.0,0.0,-1.185770750988142,12500.0,1250.0
2026-09-09T05:45:32+00:00,2026-09-09T11:30:32+05:45,2026-09-09,11:30:32,1788932732,2,5,11,nepse_official,OPEN,2026-09-09,SHPC,Sanima Mai Hydropower Ltd.,506.0,512.9,506.0,,510.0,509.8,0.19999999999998863,,7475.0,3807255.5,15.0,6.899999999999977,1.363636363636359,0.03923107100823629,253817.03333333333,509.33183946488293
2026-09-09T05:45:32+00:00,2026-09-09T11:30:32+05:45,2026-09-09,11:30:32,1788932732,2,5,11,nepse_official,OPEN,2026-09-09,SICL,Shikhar Insurance Co. Ltd.,534.0,540.0,525.0,,525.0,550.0,-25.0,,756.0,400055.0,12.0,15.0,2.8089887640449436,-4.545454545454546,33337.916666666664,529.1732804232804
2026-09-09T05:45:32+00:00,2026-09-09T11:30:32+05:45,2026-09-09,11:30:32,1788932732,2,5,11,nepse_official,OPEN,2026-09-09,SIGS3,Siddhartha Investment Growth Scheme 3,10.0,10.06,10.0,,10.03,10.2,-0.16999999999999993,,3651.0,36720.06,3.0,0.0600000000000005,0.600000000000005,-1.6666666666666659,12240.019999999999,10.057534921939194
2026-09-09T05:45:32+00:00,2026-09-09T11:30:32+05:45,2026-09-09,11:30:32,1788932732,2,5,11,nepse_official,OPEN,2026-09-09,SIKLES,Sikles Hydropower Limited,573.0,573.0,570.0,,570.0,578.0,-8.0,,569.0,324493.5,6.0,3.0,0.5235602094240838,-1.384083044982699,54082.25,570.2873462214411
2026-09-09T05:45:32+00:00,2026-09-09T11:30:32+05:45,2026-09-09,11:30:32,1788932732,2,5,11,nepse_official,OPEN,2026-09-09,SINDU,Sindhu Bikash Bank Ltd,493.5,493.5,423.1,,423.1,497.7,-74.59999999999997,,2778.0,1198450.5,35.0,70.39999999999998,14.265450861195536,-14.98894916616435,34241.44285714286,431.4076673866091
2026-09-09T05:45:32+00:00,2026-09-09T11:30:32+05:45,2026-09-09,11:30:32,1788932732,2,5,11,nepse_official,OPEN,2026-09-09,SIPD,Shikhar power Development Limited,582.0,625.0,582.0,,609.5,591.1,18.399999999999977,,1925.0,1164954.0,44.0,43.0,7.3883161512027495,3.112840466926066,26476.227272727272,605.170909090909
2026-09-09T05:45:32+00:00,2026-09-09T11:30:32+05:45,2026-09-09,11:30:32,1788932732,2,5,11,nepse_official,OPEN,2026-09-09,SJCL,SANJEN JALAVIDHYUT COMPANY LIMITED,232.0,238.0,231.3,,231.4,232.5,-1.0999999999999943,,2320.0,540279.0,23.0,6.699999999999989,2.8879310344827536,-0.47311827956989005,23490.391304347828,232.87887931034481
2026-09-09T05:45:32+00:00,2026-09-09T11:30:32+05:45,2026-09-09,11:30:32,1788932732,2,5,11,nepse_official,OPEN,2026-09-09,SJLIC,SuryaJyoti Life Insurance Company Limited,395.1,395.3,395.0,,395.0,398.0,-3.0,,882.0,348475.0,14.0,0.30000000000001137,0.07593014426727698,-0.7537688442211055,24891.071428571428,395.09637188208615
2026-09-09T05:45:32+00:00,2026-09-09T11:30:32+05:45,2026-09-09,11:30:32,1788932732,2,5,11,nepse_official,OPEN,2026-09-09,SKBBL,Sana Kisan Bikas Laghubitta Bittiya Sanstha Limited,745.2,745.2,745.1,,745.1,746.1,-1.0,,110.0,81971.0,2.0,0.10000000000002274,0.013419216317770091,-0.13403029084573115,40985.5,745.1909090909091
2026-09-09T05:45:32+00:00,2026-09-09T11:30:32+05:45,2026-09-09,11:30:32,1788932732,2,5,11,nepse_official,OPEN,2026-09-09,SKHEL,Suryakunda Hydro Electric Limited,805.1,810.0,805.1,,810.0,830.0,-20.0,,30.0,24202.0,3.0,4.899999999999977,0.6086200471991029,-2.4096385542168677,8067.333333333333,806.7333333333333
2026-09-09T05:45:32+00:00,2026-09-09T11:30:32+05:45,2026-09-09,11:30:32,1788932732,2,5,11,nepse_official,OPEN,2026-09-09,SKHL,Super Khudi Hydropower Limited,725.0,735.0,725.0,,725.0,725.0,0.0,,972.0,705315.6,21.0,10.0,1.3793103448275863,0.0,33586.45714285714,725.6333333333333
2026-09-09T05:45:32+00:00,2026-09-09T11:30:32+05:45,2026-09-09,11:30:32,1788932732,2,5,11,nepse_official,OPEN,2026-09-09,SLBBL,Swarojgar Laghubitta Bittiya Sanstha Ltd.,805.0,805.0,790.0,,790.0,799.0,-9.0,,32.0,25580.0,2.0,15.0,1.8633540372670807,-1.1264080100125156,12790.0,799.375
2026-09-09T05:45:32+00:00,2026-09-09T11:30:32+05:45,2026-09-09,11:30:32,1788932732,2,5,11,nepse_official,OPEN,2026-09-09,SLBSL,Samudayik Laghubitta Bittiya Sanstha Limited,900.0,900.0,900.0,,900.0,899.0,1.0,,210.0,189000.0,2.0,0.0,0.0,0.11123470522803114,94500.0,900.0
2026-09-09T05:45:32+00:00,2026-09-09T11:30:32+05:45,2026-09-09,11:30:32,1788932732,2,5,11,nepse_official,OPEN,2026-09-09,SMATA,Samata Gharelu Laghubitta Bittiya Sanstha Limited,700.0,700.0,695.0,,695.0,695.0,0.0,,32.0,22290.0,3.0,5.0,0.7142857142857143,0.0,7430.0,696.5625
2026-09-09T05:45:32+00:00,2026-09-09T11:30:32+05:45,2026-09-09,11:30:32,1788932732,2,5,11,nepse_official,OPEN,2026-09-09,SMB,Support Microfinance Bittiya Sanstha Ltd.,1813.0,1813.0,1760.0,,1760.0,1785.0,-25.0,,98.0,176985.0,2.0,53.0,2.923331494760066,-1.400560224089636,88492.5,1805.969387755102
2026-09-09T05:45:32+00:00,2026-09-09T11:30:32+05:45,2026-09-09,11:30:32,1788932732,2,5,11,nepse_official,OPEN,2026-09-09,SMFBS,Swabhimaan Laghubitta Bittiya Sanstha Limited,1307.0,1307.0,1306.1,,1306.1,1345.0,-38.90000000000009,,37.0,48350.0,2.0,0.900000000000091,0.06885998469778815,-2.8921933085501927,24175.0,1306.7567567567567
2026-09-09T05:45:32+00:00,2026-09-09T11:30:32+05:45,2026-09-09,11:30:32,1788932732,2,5,11,nepse_official,OPEN,2026-09-09,SMH,Super Mai Hydropower Limited,507.0,507.0,501.1,,501.1,509.3,-8.199999999999989,,32.0,16153.2,2.0,5.899999999999977,1.1637080867850054,-1.6100530139407006,8076.6,504.7875
2026-09-09T05:45:32+00:00,2026-09-09T11:30:32+05:45,2026-09-09,11:30:32,1788932732,2,5,11,nepse_official,OPEN,2026-09-09,SMHL,Super Madi Hydropower Limited,460.0,472.9,460.0,,469.0,458.26,10.740000000000009,,20760.0,9688216.3,174.0,12.899999999999977,2.8043478260869517,2.3436477109064744,55679.40402298851,466.6770857418112
2026-09-09T05:45:32+00:00,2026-09-09T11:30:32+05:45,2026-09-09,11:30:32,1788932732,2,5,11,nepse_official,OPEN,2026-09-09,SMJC,Sagarmatha Jalabidhyut Company Limited,401.1,402.0,400.0,,400.0,403.0,-3.0,,343.0,137287.0,6.0,2.0,0.49862877088007973,-0.7444168734491315,22881.166666666668,400.2536443148688
2026-09-09T05:45:32+00:00,2026-09-09T11:30:32+05:45,2026-09-09,11:30:32,1788932732,2,5,11,nepse_official,OPEN,2026-09-09,SNLI,Sun Nepal Life Insurance Company Limited,389.0,389.0,385.8,,385.8,389.0,-3.1999999999999886,,858.0,331717.3,24.0,3.1999999999999886,0.8226221079691487,-0.8226221079691487,13821.554166666667,386.61689976689973
2026-09-09T05:45:32+00:00,2026-09-09T11:30:32+05:45,2026-09-09,11:30:32,1788932732,2,5,11,nepse_official,OPEN,2026-09-09,SNORL,Snow Rivers Limited,878.0,878.0,860.0,,875.0,878.0,-3.0,,150.0,130501.0,15.0,18.0,2.050113895216401,-0.3416856492027335,8700.066666666668,870.0066666666667
2026-09-09T05:45:32+00:00,2026-09-09T11:30:32+05:45,2026-09-09,11:30:32,1788932732,2,5,11,nepse_official,OPEN,2026-09-09,SOHL,Solu Hydropower Limited,660.0,662.8,651.2,,660.0,654.0,6.0,,9148.0,6035105.7,135.0,11.599999999999909,1.757575757575744,0.9174311926605505,44704.48666666667,659.7185942282466
2026-09-09T05:45:32+00:00,2026-09-09T11:30:32+05:45,2026-09-09,11:30:32,1788932732,2,5,11,nepse_official,OPEN,2026-09-09,SONA,Sonapur Minerals And Oil Limited,380.0,406.9,380.0,,398.1,398.0,0.10000000000002274,,5542.0,2207673.1,43.0,26.899999999999977,7.078947368421047,0.02512562814070923,51341.234883720936,398.3531396607723
2026-09-09T05:45:32+00:00,2026-09-09T11:30:32+05:45,2026-09-09,11:30:32,1788932732,2,5,11,nepse_official,OPEN,2026-09-09,SOPL,Sopan Pharmaceuticals Limited,738.0,738.0,731.2,,731.3,738.0,-6.7000000000000455,,1927.0,1415550.0,62.0,6.7999999999999545,0.9214092140921347,-0.9078590785907922,22831.451612903227,734.587441619097
2026-09-09T05:45:32+00:00,2026-09-09T11:30:32+05:45,2026-09-09,11:30:32,1788932732,2,5,11,nepse_official,OPEN,2026-09-09,SPC,Samling Power Company Limited,417.9,417.9,390.0,,390.0,398.0,-8.0,,643.0,259020.0,6.0,27.899999999999977,6.676238334529787,-2.0100502512562812,43170.0,402.83048211508554
2026-09-09T05:45:32+00:00,2026-09-09T11:30:32+05:45,2026-09-09,11:30:32,1788932732,2,5,11,nepse_official,OPEN,2026-09-09,SPDL,Synergy Power Development Ltd.,354.9,354.9,349.5,,349.5,346.0,3.5,,20.0,7044.0,2.0,5.399999999999977,1.5215553677092075,1.0115606936416186,3522.0,352.2
2026-09-09T05:45:32+00:00,2026-09-09T11:30:32+05:45,2026-09-09,11:30:32,1788932732,2,5,11,nepse_official,OPEN,2026-09-09,SPHL,Sayapatri Hydropower Limited,525.0,525.0,487.8,,505.1,514.0,-8.899999999999977,,673.0,337835.3,18.0,37.19999999999999,7.085714285714284,-1.731517509727622,18768.627777777776,501.98410104011884
2026-09-09T05:45:32+00:00,2026-09-09T11:30:32+05:45,2026-09-09,11:30:32,1788932732,2,5,11,nepse_official,OPEN,2026-09-09,SPL,Shuvam Power Limited,597.2,600.0,594.0,,594.0,615.6,-21.600000000000023,,30.0,17912.0,3.0,6.0,1.0046885465505693,-3.5087719298245648,5970.666666666667,597.0666666666667
2026-09-09T05:45:32+00:00,2026-09-09T11:30:32+05:45,2026-09-09,11:30:32,1788932732,2,5,11,nepse_official,OPEN,2026-09-09,SRLI,Sanima Reliance Life Insurance Limited,351.4,355.0,351.4,,352.0,355.0,-3.0,,83.0,29241.0,8.0,3.6000000000000227,1.0244735344337004,-0.8450704225352111,3655.125,352.30120481927713
2026-09-09T05:45:32+00:00,2026-09-09T11:30:32+05:45,2026-09-09,11:30:32,1788932732,2,5,11,nepse_official,OPEN,2026-09-09,SSHL,Shiva Shree Hydropower Ltd,193.0,195.0,192.5,,192.5,193.0,-0.5,,3107.0,599276.5,19.0,2.5,1.2953367875647668,-0.2590673575129534,31540.86842105263,192.87946572256195
2026-09-09T05:45:32+00:00,2026-09-09T11:30:32+05:45,2026-09-09,11:30:32,1788932732,2,5,11,nepse_official,OPEN,2026-09-09,STC,Salt Trading Corporation,5225.0,5288.0,5225.0,,5288.0,5226.1,61.899999999999636,,21.0,110418.0,2.0,63.0,1.2057416267942584,1.1844396395017247,55209.0,5258.0
2026-09-09T05:45:32+00:00,2026-09-09T11:30:32+05:45,2026-09-09,11:30:32,1788932732,2,5,11,nepse_official,OPEN,2026-09-09,SWASTIK,Swastik Laghubitta Bittiya Sanstha Limited,1821.0,1821.0,1820.0,,1820.0,1859.0,-39.0,,50.0,91020.0,2.0,1.0,0.054914881933003847,-2.097902097902098,45510.0,1820.4
2026-09-09T05:45:32+00:00,2026-09-09T11:30:32+05:45,2026-09-09,11:30:32,1788932732,2,5,11,nepse_official,OPEN,2026-09-09,SWBBL,Swabalamban Laghubitta Bittiya Sanstha Limited,679.0,679.0,679.0,,679.0,677.0,2.0,,20.0,13580.0,1.0,0.0,0.0,0.29542097488921715,13580.0,679.0
2026-09-09T05:45:32+00:00,2026-09-09T11:30:32+05:45,2026-09-09,11:30:32,1788932732,2,5,11,nepse_official,OPEN,2026-09-09,SYPNL,SY Panel Nepal Limited,1335.0,1359.9,1335.0,,1347.0,1344.0,3.0,,10887.0,14731026.4,131.0,24.90000000000009,1.8651685393258497,0.2232142857142857,112450.58320610688,1353.0840819325801
2026-09-09T05:45:32+00:00,2026-09-09T11:30:32+05:45,2026-09-09,11:30:32,1788932732,2,5,11,nepse_official,OPEN,2026-09-09,TAMOR,Sanima Middle Tamor Hydropower Limited,496.0,497.0,490.1,,495.0,497.1,-2.1000000000000227,,59558.0,29383945.6,51.0,6.899999999999977,1.3911290322580598,-0.4224502112251101,576155.7960784314,493.36689613486016
2026-09-09T05:45:32+00:00,2026-09-09T11:30:32+05:45,2026-09-09,11:30:32,1788932732,2,5,11,nepse_official,OPEN,2026-09-09,TPC,Terhathum Power Company Limited,346.0,346.0,346.0,,346.0,346.0,0.0,,295.0,102070.0,5.0,0.0,0.0,0.0,20414.0,346.0
2026-09-09T05:45:32+00:00,2026-09-09T11:30:32+05:45,2026-09-09,11:30:32,1788932732,2,5,11,nepse_official,OPEN,2026-09-09,TPKHL,Taksar Pikhuwa Khola Hydropower Limited,504.0,509.0,500.0,,504.2,510.0,-5.800000000000011,,1659.0,835973.9,92.0,9.0,1.7857142857142856,-1.1372549019607865,9086.672826086957,503.9022905364678
2026-09-09T05:45:32+00:00,2026-09-09T11:30:32+05:45,2026-09-09,11:30:32,1788932732,2,5,11,nepse_official,OPEN,2026-09-09,TRH,Taragaon Regency Hotel Limited,795.0,795.0,795.0,,795.0,798.0,-3.0,,15.0,11925.0,1.0,0.0,0.0,-0.37593984962406013,11925.0,795.0
2026-09-09T05:45:32+00:00,2026-09-09T11:30:32+05:45,2026-09-09,11:30:32,1788932732,2,5,11,nepse_official,OPEN,2026-09-09,TSHL,Three Star Hydropower Limited,333.0,333.1,333.0,,333.1,333.0,0.10000000000002274,,110.0,36640.0,2.0,0.10000000000002274,0.030030030030036858,0.030030030030036858,18320.0,333.09090909090907
2026-09-09T05:45:32+00:00,2026-09-09T11:30:32+05:45,2026-09-09,11:30:32,1788932732,2,5,11,nepse_official,OPEN,2026-09-09,TTL,Trade Tower Limited,687.0,689.0,682.2,,682.2,685.0,-2.7999999999999545,,290.0,199284.0,14.0,6.7999999999999545,0.9898107714701535,-0.4087591240875846,14234.57142857143,687.1862068965518
2026-09-09T05:45:32+00:00,2026-09-09T11:30:32+05:45,2026-09-09,11:30:32,1788932732,2,5,11,nepse_official,OPEN,2026-09-09,TVCL,Trishuli Jal Vidhyut Company Limited ,311.0,311.0,310.1,,310.1,317.2,-7.099999999999966,,1920.0,595636.0,12.0,0.8999999999999773,0.2893890675241084,-2.2383354350567357,49636.333333333336,310.2270833333333
2026-09-09T05:45:32+00:00,2026-09-09T11:30:32+05:45,2026-09-09,11:30:32,1788932732,2,5,11,nepse_official,OPEN,2026-09-09,UAIL,United Ajod Insurance Limited,368.0,368.0,365.0,,367.0,368.5,-1.5,,790.0,289059.1,13.0,3.0,0.8152173913043478,-0.40705563093622793,22235.315384615384,365.89759493670886
2026-09-09T05:45:32+00:00,2026-09-09T11:30:32+05:45,2026-09-09,11:30:32,1788932732,2,5,11,nepse_official,OPEN,2026-09-09,UHEWA,Upper Hewakhola Hydropower Company Limited,580.0,615.0,580.0,,584.3,586.2,-1.900000000000091,,2540.0,1504181.5,16.0,35.0,6.0344827586206895,-0.324121460252489,94011.34375,592.1974409448819
2026-09-09T05:45:32+00:00,2026-09-09T11:30:32+05:45,2026-09-09,11:30:32,1788932732,2,5,11,nepse_official,OPEN,2026-09-09,ULBSL,Upakar Laghubitta Bittiya Sanstha Limited,2980.0,2980.0,2840.0,,2840.0,2840.0,0.0,,20.0,58200.0,2.0,140.0,4.697986577181208,0.0,29100.0,2910.0
2026-09-09T05:45:32+00:00,2026-09-09T11:30:32+05:45,2026-09-09,11:30:32,1788932732,2,5,11,nepse_official,OPEN,2026-09-09,ULHC,Upper Lohore Khola Hydropower Company Limited,267.8,299.0,267.8,,298.8,260.0,38.80000000000001,,13042.0,3873190.3,74.0,31.19999999999999,11.650485436893199,14.923076923076927,52340.40945945946,296.97824720134946
2026-09-09T05:45:32+00:00,2026-09-09T11:30:32+05:45,2026-09-09,11:30:32,1788932732,2,5,11,nepse_official,OPEN,2026-09-09,UMHL,United Modi Hydropower Ltd.,550.0,559.0,550.0,,551.3,553.9,-2.6000000000000227,,244.0,134602.6,5.0,9.0,1.6363636363636365,-0.46939880844918264,26920.52,551.65
2026-09-09T05:45:32+00:00,2026-09-09T11:30:32+05:45,2026-09-09,11:30:32,1788932732,2,5,11,nepse_official,OPEN,2026-09-09,UNHPL,Union Hydropower Limited,355.0,355.0,355.0,,355.0,355.0,0.0,,10.0,3550.0,1.0,0.0,0.0,0.0,3550.0,355.0
2026-09-09T05:45:32+00:00,2026-09-09T11:30:32+05:45,2026-09-09,11:30:32,1788932732,2,5,11,nepse_official,OPEN,2026-09-09,UPCL,UNIVERSAL POWER COMPANY LTD,340.0,365.0,340.0,,340.3,345.0,-4.699999999999989,,4740.0,1668327.0,16.0,25.0,7.352941176470589,-1.3623188405797069,104270.4375,351.96772151898733
2026-09-09T05:45:32+00:00,2026-09-09T11:30:32+05:45,2026-09-09,11:30:32,1788932732,2,5,11,nepse_official,OPEN,2026-09-09,UPPER,Upper Tamakoshi Hydropower Ltd,190.1,190.1,183.0,,185.0,183.0,2.0,,7695.0,1426994.2,43.0,7.099999999999994,3.7348763808521803,1.092896174863388,33185.91162790698,185.4443404808317
2026-09-09T05:45:32+00:00,2026-09-09T11:30:32+05:45,2026-09-09,11:30:32,1788932732,2,5,11,nepse_official,OPEN,2026-09-09,USHEC,Upper Solu Hydro Electric Company Limited,490.0,490.0,490.0,,490.0,499.0,-9.0,,10.0,4900.0,1.0,0.0,0.0,-1.8036072144288577,4900.0,490.0
2026-09-09T05:45:32+00:00,2026-09-09T11:30:32+05:45,2026-09-09,11:30:32,1788932732,2,5,11,nepse_official,OPEN,2026-09-09,USHL,Upper Syange Hydropower Limited,501.8,501.8,501.8,,501.8,501.0,0.8000000000000114,,10.0,5018.0,1.0,0.0,0.0,0.15968063872255717,5018.0,501.8
2026-09-09T05:45:32+00:00,2026-09-09T11:30:32+05:45,2026-09-09,11:30:32,1788932732,2,5,11,nepse_official,OPEN,2026-09-09,USLB,Unnati Sahakarya Laghubitta Bittiya Sanstha Limited,1000.0,1000.0,1000.0,,1000.0,1020.0,-20.0,,50.0,50000.0,1.0,0.0,0.0,-1.9607843137254901,50000.0,1000.0
2026-09-09T05:45:32+00:00,2026-09-09T11:30:32+05:45,2026-09-09,11:30:32,1788932732,2,5,11,nepse_official,OPEN,2026-09-09,VLBS,Vijaya laghubitta Bittiya Sanstha Ltd.,610.4,610.7,610.4,,610.7,620.0,-9.299999999999955,,30.0,18317.0,3.0,0.3000000000000682,0.049148099606826375,-1.4999999999999927,6105.666666666667,610.5666666666667
2026-09-09T05:45:32+00:00,2026-09-09T11:30:32+05:45,2026-09-09,11:30:32,1788932732,2,5,11,nepse_official,OPEN,2026-09-09,VLUCL,Vision Lumbini Urja Company Limited ,381.0,391.0,381.0,,385.0,381.0,4.0,,70.0,26970.0,3.0,10.0,2.6246719160104988,1.0498687664041995,8990.0,385.2857142857143
2026-09-09T05:45:32+00:00,2026-09-09T11:30:32+05:45,2026-09-09,11:30:32,1788932732,2,5,11,nepse_official,OPEN,2026-09-09,YMHL,Yambaling Hydropower Limited,557.0,558.0,551.0,,553.0,560.0,-7.0,,420.0,232248.0,42.0,7.0,1.2567324955116697,-1.25,5529.714285714285,552.9714285714285
2026-09-09T06:15:32+00:00,2026-09-09T12:00:32+05:45,2026-09-09,12:00:32,1788934532,2,6,12,nepse_official,OPEN,2026-09-09,ACLBSL,Aarambha Chautari Laghubitta Bittiya Sanstha Limited,886.0,886.0,872.2,,872.2,886.0,-13.799999999999955,,138.0,121743.6,5.0,13.799999999999955,1.5575620767494307,-1.5575620767494307,24348.72,882.2
2026-09-09T06:15:32+00:00,2026-09-09T12:00:32+05:45,2026-09-09,12:00:32,1788934532,2,6,12,nepse_official,OPEN,2026-09-09,ADBL,Agricultural Development Bank Limited,299.0,301.0,298.0,,300.0,300.0,0.0,,2406.0,720688.7,33.0,3.0,1.0033444816053512,0.0,21839.051515151514,299.53811305070656
2026-09-09T06:15:32+00:00,2026-09-09T12:00:32+05:45,2026-09-09,12:00:32,1788934532,2,6,12,nepse_official,OPEN,2026-09-09,AHL,Asian Hydropower Limited,355.0,360.1,355.0,,360.0,360.0,0.0,,680.0,244680.0,6.0,5.100000000000023,1.4366197183098655,0.0,40780.0,359.8235294117647
2026-09-09T06:15:32+00:00,2026-09-09T12:00:32+05:45,2026-09-09,12:00:32,1788934532,2,6,12,nepse_official,OPEN,2026-09-09,AHPC,Arun Valley Hydropower Development Co. Ltd.,253.3,254.8,252.5,,254.8,253.3,1.5,,15474.0,3923832.8,63.0,2.3000000000000114,0.9080142123963724,0.5921831819976312,62283.06031746032,253.57585627504199
2026-09-09T06:15:32+00:00,2026-09-09T12:00:32+05:45,2026-09-09,12:00:32,1788934532,2,6,12,nepse_official,OPEN,2026-09-09,AKJCL,Ankhu Khola Jalvidhyut Company Ltd,344.0,344.6,340.7,,343.4,340.6,2.7999999999999545,,25215.0,8624497.0,60.0,3.900000000000034,1.1337209302325681,0.8220786846740911,143741.61666666667,342.0383501883799
2026-09-09T06:15:32+00:00,2026-09-09T12:00:32+05:45,2026-09-09,12:00:32,1788934532,2,6,12,nepse_official,OPEN,2026-09-09,AKPL,Arun Kabeli Power Ltd.,250.0,254.0,247.3,,248.1,250.0,-1.9000000000000057,,37513.0,9434180.2,48.0,6.699999999999989,2.6799999999999957,-0.7600000000000022,196545.4208333333,251.49095513555298
2026-09-09T06:15:32+00:00,2026-09-09T12:00:32+05:45,2026-09-09,12:00:32,1788934532,2,6,12,nepse_official,OPEN,2026-09-09,ALBSL,Asha Laghubitta Bittiya Sanstha Ltd,1071.0,1135.0,1071.0,,1101.0,1102.1,-1.099999999999909,,2295.0,2528594.4,27.0,64.0,5.975723622782446,-0.09980945467742575,93651.64444444444,1101.7840522875817
2026-09-09T06:15:32+00:00,2026-09-09T12:00:32+05:45,2026-09-09,12:00:32,1788934532,2,6,12,nepse_official,OPEN,2026-09-09,ALICL,Asian Life Insurance Co. Limited,407.9,407.9,397.0,,397.0,402.0,-5.0,,1223.0,486800.0,11.0,10.899999999999977,2.672223584211811,-1.2437810945273633,44254.545454545456,398.0376124284546
2026-09-09T06:15:32+00:00,2026-09-09T12:00:32+05:45,2026-09-09,12:00:32,1788934532,2,6,12,nepse_official,OPEN,2026-09-09,ANLB,Aatmanirbhar Laghubitta Bittiya Sanstha Limited,4800.0,4944.0,4800.0,,4855.0,4908.0,-53.0,,70.0,339943.0,6.0,144.0,3.0,-1.0798696006519968,56657.166666666664,4856.328571428571
2026-09-09T06:15:32+00:00,2026-09-09T12:00:32+05:45,2026-09-09,12:00:32,1788934532,2,6,12,nepse_official,OPEN,2026-09-09,APHL,Appolo Hydropower Limited,670.0,701.0,670.0,,691.0,690.0,1.0,,1569.0,1090584.0,48.0,31.0,4.626865671641791,0.14492753623188406,22720.5,695.0822179732313
2026-09-09T06:15:32+00:00,2026-09-09T12:00:32+05:45,2026-09-09,12:00:32,1788934532,2,6,12,nepse_official,OPEN,2026-09-09,API,Api Power Company Ltd.,329.0,330.5,325.0,,329.0,329.0,0.0,,58603.0,19133440.5,181.0,5.5,1.6717325227963524,0.0,105709.61602209945,326.4925089159258
2026-09-09T06:15:32+00:00,2026-09-09T12:00:32+05:45,2026-09-09,12:00:32,1788934532,2,6,12,nepse_official,OPEN,2026-09-09,AVYAN,Aviyan Laghubitta Bittiya Sanstha Limited,988.2,988.2,980.0,,981.2,1002.0,-20.799999999999955,,1878.0,1844057.0,20.0,8.200000000000045,0.8297915401740584,-2.075848303393209,92202.85,981.9259850905219
2026-09-09T06:15:32+00:00,2026-09-09T12:00:32+05:45,2026-09-09,12:00:32,1788934532,2,6,12,nepse_official,OPEN,2026-09-09,BANDIPUR,Bandipur Cablecar and Tourism Limited,640.0,657.9,640.0,,657.9,645.9,12.0,,3312.0,2153297.0,98.0,17.899999999999977,2.7968749999999964,1.8578727357176035,21972.418367346938,650.1500603864735
2026-09-09T06:15:32+00:00,2026-09-09T12:00:32+05:45,2026-09-09,12:00:32,1788934532,2,6,12,nepse_official,OPEN,2026-09-09,BARUN,Barun Hydropower Co. Ltd.,309.3,313.5,309.3,,313.5,312.0,1.5,,3005.0,934862.5,11.0,4.199999999999989,1.3579049466537305,0.4807692307692308,84987.5,311.10232945091514
2026-09-09T06:15:32+00:00,2026-09-09T12:00:32+05:45,2026-09-09,12:00:32,1788934532,2,6,12,nepse_official,OPEN,2026-09-09,BBC,Bishal Bazar Company Limited,4003.0,4118.0,4001.0,,4096.0,4076.0,20.0,,40.0,162180.0,4.0,117.0,2.9228078940794404,0.49067713444553485,40545.0,4054.5
2026-09-09T06:15:32+00:00,2026-09-09T12:00:32+05:45,2026-09-09,12:00:32,1788934532,2,6,12,nepse_official,OPEN,2026-09-09,BEDC,Bhugol Energy Development Company Limited,287.0,287.0,280.0,,280.0,287.0,-7.0,,2455.0,693189.5,20.0,7.0,2.4390243902439024,-2.4390243902439024,34659.475,282.35824847250507
2026-09-09T06:15:32+00:00,2026-09-09T12:00:32+05:45,2026-09-09,12:00:32,1788934532,2,6,12,nepse_official,OPEN,2026-09-09,BFC,Best Finance Company Ltd.,450.0,457.9,447.3,,451.0,450.0,1.0,,4816.0,2167656.1,19.0,10.599999999999966,2.355555555555548,0.2222222222222222,114087.16315789474,450.0947051495017
2026-09-09T06:15:32+00:00,2026-09-09T12:00:32+05:45,2026-09-09,12:00:32,1788934532,2,6,12,nepse_official,OPEN,2026-09-09,BGWT,Bhagawati Hydropower Development Company Limited,466.5,470.0,466.3,,467.0,474.0,-7.0,,424.0,197935.5,10.0,3.6999999999999886,0.7931404072883149,-1.4767932489451476,19793.55,466.82900943396226
2026-09-09T06:15:32+00:00,2026-09-09T12:00:32+05:45,2026-09-09,12:00:32,1788934532,2,6,12,nepse_official,OPEN,2026-09-09,BHCL,Bikash Hydropower Company Limited,515.8,554.0,515.8,,540.1,542.9,-2.7999999999999545,,5240.0,2833088.3,60.0,38.200000000000045,7.405971306708035,-0.5157487566770961,47218.13833333333,540.6657061068702
2026-09-09T06:15:32+00:00,2026-09-09T12:00:32+05:45,2026-09-09,12:00:32,1788934532,2,6,12,nepse_official,OPEN,2026-09-09,BHDC,Bindhyabasini Hydropower Development Company Limited,416.4,424.0,415.5,,420.0,422.0,-2.0,,2336.0,982688.2,15.0,8.5,2.041306436119116,-0.47393364928909953,65512.54666666666,420.6713184931507
2026-09-09T06:15:32+00:00,2026-09-09T12:00:32+05:45,2026-09-09,12:00:32,1788934532,2,6,12,nepse_official,OPEN,2026-09-09,BHL,Balephi Hydropower Limited,202.0,204.9,202.0,,203.3,201.0,2.3000000000000114,,10202.0,2070033.2,66.0,2.9000000000000057,1.4356435643564385,1.1442786069651798,31364.139393939393,202.90464614781416
2026-09-09T06:15:32+00:00,2026-09-09T12:00:32+05:45,2026-09-09,12:00:32,1788934532,2,6,12,nepse_official,OPEN,2026-09-09,BHPL,Barahi Hydropower Public Limited,430.0,431.0,425.0,,427.0,432.0,-5.0,,2255.0,961463.2,18.0,6.0,1.3953488372093024,-1.1574074074074074,53414.62222222222,426.36949002217295
2026-09-09T06:15:32+00:00,2026-09-09T12:00:32+05:45,2026-09-09,12:00:32,1788934532,2,6,12,nepse_official,OPEN,2026-09-09,BJHL,Bhujung Hydropower Limited,640.0,655.0,637.3,,655.0,653.0,2.0,,2995.0,1943084.0,40.0,17.700000000000045,2.765625000000007,0.3062787136294028,48577.1,648.775959933222
2026-09-09T06:15:32+00:00,2026-09-09T12:00:32+05:45,2026-09-09,12:00:32,1788934532,2,6,12,nepse_official,OPEN,2026-09-09,BNHC,Buddha Bhumi Nepal Hydropower Company Limited,263.0,263.9,257.6,,260.1,263.8,-3.6999999999999886,,6030.0,1574653.0,32.0,6.2999999999999545,2.3954372623573974,-1.4025777103866524,49207.90625,261.1364842454395
2026-09-09T06:15:32+00:00,2026-09-09T12:00:32+05:45,2026-09-09,12:00:32,1788934532,2,6,12,nepse_official,OPEN,2026-09-09,BNT,Bottlers Nepal (Terai) Limited,11630.0,11630.0,11630.0,,11630.0,11630.0,0.0,,10.0,116300.0,1.0,0.0,0.0,0.0,116300.0,11630.0
2026-09-09T06:15:32+00:00,2026-09-09T12:00:32+05:45,2026-09-09,12:00:32,1788934532,2,6,12,nepse_official,OPEN,2026-09-09,BPCL,Butwal Power Company Limited,646.0,648.0,638.2,,648.0,645.0,3.0,,240.0,155214.0,7.0,9.799999999999955,1.5170278637770829,0.46511627906976744,22173.428571428572,646.725
2026-09-09T06:15:32+00:00,2026-09-09T12:00:32+05:45,2026-09-09,12:00:32,1788934532,2,6,12,nepse_official,OPEN,2026-09-09,BUNGAL,Bungal Hydro Limited,520.0,535.0,520.0,,530.5,526.0,4.5,,3872.0,2045270.9,48.0,15.0,2.8846153846153846,0.8555133079847909,42609.81041666667,528.2207902892562
2026-09-09T06:15:32+00:00,2026-09-09T12:00:32+05:45,2026-09-09,12:00:32,1788934532,2,6,12,nepse_official,OPEN,2026-09-09,C30MF,Citizens Super 30 Mutual Fund,9.71,9.71,9.71,,9.71,9.95,-0.23999999999999844,,100.0,971.0,1.0,0.0,0.0,-2.4120603015075224,971.0,9.71
2026-09-09T06:15:32+00:00,2026-09-09T12:00:32+05:45,2026-09-09,12:00:32,1788934532,2,6,12,nepse_official,OPEN,2026-09-09,CBBL,Chhimek Laghubitta Bittiya Sanstha Limited,940.0,944.4,940.0,,944.4,943.0,1.3999999999999773,,2946.0,2772599.4,31.0,4.399999999999977,0.46808510638297635,0.14846235418875686,89438.69032258065,941.1403258655804
2026-09-09T06:15:32+00:00,2026-09-09T12:00:32+05:45,2026-09-09,12:00:32,1788934532,2,6,12,nepse_official,OPEN,2026-09-09,CBLD88,Civil Bank Debenture 2088,1165.7,1165.7,1165.7,,1165.7,1165.7,0.0,,8.0,9600.0,1.0,0.0,0.0,0.0,9600.0,1200.0
2026-09-09T06:15:32+00:00,2026-09-09T12:00:32+05:45,2026-09-09,12:00:32,1788934532,2,6,12,nepse_official,OPEN,2026-09-09,CFCL,Central Finance Co. Ltd.,589.0,620.0,580.0,,581.0,595.0,-14.0,,60331.0,35609124.7,218.0,40.0,6.791171477079796,-2.3529411764705883,163344.60871559635,590.2293132883593
2026-09-09T06:15:32+00:00,2026-09-09T12:00:32+05:45,2026-09-09,12:00:32,1788934532,2,6,12,nepse_official,OPEN,2026-09-09,CGH,Chandragiri Hills Limited,768.0,768.0,768.0,,768.0,769.3,-1.2999999999999545,,10.0,7680.0,1.0,0.0,0.0,-0.1689847913687709,7680.0,768.0
2026-09-09T06:15:32+00:00,2026-09-09T12:00:32+05:45,2026-09-09,12:00:32,1788934532,2,6,12,nepse_official,OPEN,2026-09-09,CHCL,Chilime Hydropower Company Limited,363.0,370.0,363.0,,366.7,369.2,-2.5,,10814.0,3967444.4,90.0,7.0,1.9283746556473829,-0.6771397616468039,44082.71555555555,366.88037728869983
2026-09-09T06:15:32+00:00,2026-09-09T12:00:32+05:45,2026-09-09,12:00:32,1788934532,2,6,12,nepse_official,OPEN,2026-09-09,CHDC,CEDB Holdings Limited,2215.0,2235.0,2202.0,,2212.1,2215.0,-2.900000000000091,,6234.0,13801631.3,45.0,33.0,1.489841986455982,-0.1309255079006813,306702.91777777777,2213.9286653833815
2026-09-09T06:15:32+00:00,2026-09-09T12:00:32+05:45,2026-09-09,12:00:32,1788934532,2,6,12,nepse_official,OPEN,2026-09-09,CHL,Chhyangdi Hydropower Ltd.,254.6,254.6,251.0,,251.0,250.5,0.5,,560.0,140596.0,3.0,3.5999999999999943,1.413982717989,0.19960079840319359,46865.333333333336,251.06428571428572
2026-09-09T06:15:32+00:00,2026-09-09T12:00:32+05:45,2026-09-09,12:00:32,1788934532,2,6,12,nepse_official,OPEN,2026-09-09,CIT,Citizen Investment Trust,1714.0,1714.0,1705.0,,1714.0,1713.9,0.09999999999990905,,882.0,1507665.0,21.0,9.0,0.5250875145857643,0.005834646128706987,71793.57142857143,1709.3707482993198
2026-09-09T06:15:32+00:00,2026-09-09T12:00:32+05:45,2026-09-09,12:00:32,1788934532,2,6,12,nepse_official,OPEN,2026-09-09,CITY,City Hotel Limited,342.0,345.0,341.2,,342.1,342.0,0.10000000000002274,,2741.0,939967.0,24.0,3.8000000000000114,1.1111111111111145,0.02923976608187799,39165.291666666664,342.92849325063844
2026-09-09T06:15:32+00:00,2026-09-09T12:00:32+05:45,2026-09-09,12:00:32,1788934532,2,6,12,nepse_official,OPEN,2026-09-09,CIZBD90,10% Citizens Bank Debenture 2090,1225.0,1225.0,1225.0,,1225.0,1225.0,0.0,,25.0,30625.0,1.0,0.0,0.0,0.0,30625.0,1225.0
2026-09-09T06:15:32+00:00,2026-09-09T12:00:32+05:45,2026-09-09,12:00:32,1788934532,2,6,12,nepse_official,OPEN,2026-09-09,CKHL,Chirkhwa Hydropower Limited ,575.0,575.0,575.0,,575.0,591.0,-16.0,,10.0,5750.0,1.0,0.0,0.0,-2.707275803722504,5750.0,575.0
2026-09-09T06:15:32+00:00,2026-09-09T12:00:32+05:45,2026-09-09,12:00:32,1788934532,2,6,12,nepse_official,OPEN,2026-09-09,CLI,Citizen Life Insurance Company Limited,414.0,415.0,413.3,,414.0,413.1,0.8999999999999773,,1313.0,543355.7,38.0,1.6999999999999886,0.41062801932366877,0.21786492374727115,14298.834210526315,413.8276466108149
2026-09-09T06:15:32+00:00,2026-09-09T12:00:32+05:45,2026-09-09,12:00:32,1788934532,2,6,12,nepse_official,OPEN,2026-09-09,CORBL,Corporate Development Bank Limited,893.0,893.1,880.3,,888.0,892.9,-4.899999999999977,,2491.0,2201753.3,39.0,12.800000000000068,1.4333706606942966,-0.548773658864372,56455.21282051282,883.8832998795664
2026-09-09T06:15:32+00:00,2026-09-09T12:00:32+05:45,2026-09-09,12:00:32,1788934532,2,6,12,nepse_official,OPEN,2026-09-09,CREST,Crest Micro Life Insurance Limited,1050.0,1108.0,1050.0,,1054.0,1074.0,-20.0,,1370.0,1449922.0,29.0,58.0,5.523809523809524,-1.86219739292365,49997.31034482759,1058.3372262773723
2026-09-09T06:15:32+00:00,2026-09-09T12:00:32+05:45,2026-09-09,12:00:32,1788934532,2,6,12,nepse_official,OPEN,2026-09-09,CSY,Citizens Santulit Yojana,8.3,8.44,8.2,,8.44,8.3,0.1399999999999988,,1300.0,10719.0,8.0,0.2400000000000002,2.891566265060243,1.6867469879517927,1339.875,8.245384615384616
2026-09-09T06:15:32+00:00,2026-09-09T12:00:32+05:45,2026-09-09,12:00:32,1788934532,2,6,12,nepse_official,OPEN,2026-09-09,CYCL,CYC Nepal Laghubitta Bittiya Sanstha Limited,1504.8,1619.0,1504.8,,1540.0,1584.0,-44.0,,1114.0,1721611.5,32.0,114.20000000000005,7.589048378522066,-2.7777777777777777,53800.359375,1545.4322262118492
2026-09-09T06:15:32+00:00,2026-09-09T12:00:32+05:45,2026-09-09,12:00:32,1788934532,2,6,12,nepse_official,OPEN,2026-09-09,CZBIL,Citizens Bank International Limited,209.4,209.4,195.4,,197.0,199.5,-2.5,,2242.0,442052.8,15.0,14.0,6.685768863419293,-1.2531328320802004,29470.186666666665,197.16895628902765
2026-09-09T06:15:32+00:00,2026-09-09T12:00:32+05:45,2026-09-09,12:00:32,1788934532,2,6,12,nepse_official,OPEN,2026-09-09,DDBL,Deprosc Laghubitta Bittiya Sanstha Limited,840.0,845.0,835.0,,840.0,841.1,-1.1000000000000227,,559.0,469323.0,15.0,10.0,1.1904761904761905,-0.1307811199619573,31288.2,839.5760286225402
2026-09-09T06:15:32+00:00,2026-09-09T12:00:32+05:45,2026-09-09,12:00:32,1788934532,2,6,12,nepse_official,OPEN,2026-09-09,DHEL,Daramkhola Hydro Energy Limited,559.7,576.8,559.7,,566.1,577.0,-10.899999999999977,,560.0,318155.0,33.0,17.09999999999991,3.0552081472217094,-1.8890814558058886,9641.060606060606,568.1339285714286
2026-09-09T06:15:32+00:00,2026-09-09T12:00:32+05:45,2026-09-09,12:00:32,1788934532,2,6,12,nepse_official,OPEN,2026-09-09,DHPL,Dibyashwori Hydropower Ltd.,273.0,273.0,265.0,,265.0,272.0,-7.0,,55.0,14935.0,2.0,8.0,2.93040293040293,-2.5735294117647056,7467.5,271.54545454545456
2026-09-09T06:15:32+00:00,2026-09-09T12:00:32+05:45,2026-09-09,12:00:32,1788934532,2,6,12,nepse_official,OPEN,2026-09-09,DOLTI,Dolti Power Company Limited,282.9,282.9,280.0,,280.0,280.0,0.0,,1885.0,528157.2,15.0,2.8999999999999773,1.025097207493806,0.0,35210.479999999996,280.1894960212201
2026-09-09T06:15:32+00:00,2026-09-09T12:00:32+05:45,2026-09-09,12:00:32,1788934532,2,6,12,nepse_official,OPEN,2026-09-09,DORDI,Dordi Khola Jal Bidyut Company Limited,240.0,245.0,235.1,,238.0,240.0,-2.0,,7030.0,1665412.5,24.0,9.900000000000006,4.125000000000003,-0.8333333333333334,69392.1875,236.90078236130867
2026-09-09T06:15:32+00:00,2026-09-09T12:00:32+05:45,2026-09-09,12:00:32,1788934532,2,6,12,nepse_official,OPEN,2026-09-09,EBL,Everest Bank Limited,714.0,718.0,714.0,,718.0,716.0,2.0,,5170.0,3700733.3,59.0,4.0,0.5602240896358543,0.27932960893854747,62724.29322033898,715.8091489361702
2026-09-09T06:15:32+00:00,2026-09-09T12:00:32+05:45,2026-09-09,12:00:32,1788934532,2,6,12,nepse_official,OPEN,2026-09-09,EBLD85,10.50% Everest Bank Limited Debenture 2085,1151.4,1151.4,1120.0,,1120.0,1151.4,-31.40000000000009,,17.0,18988.0,2.0,31.40000000000009,2.72711481674484,-2.72711481674484,9494.0,1116.9411764705883
2026-09-09T06:15:32+00:00,2026-09-09T12:00:32+05:45,2026-09-09,12:00:32,1788934532,2,6,12,nepse_official,OPEN,2026-09-09,EBLD91,Everest Bank Limited Debenture 2091,1066.2,1066.2,1066.2,,1066.2,1099.1,-32.899999999999864,,25.0,26655.0,1.0,0.0,0.0,-2.993358202165396,26655.0,1066.2
2026-09-09T06:15:32+00:00,2026-09-09T12:00:32+05:45,2026-09-09,12:00:32,1788934532,2,6,12,nepse_official,OPEN,2026-09-09,ECL,Everest Colour Limited,1300.0,1313.0,1282.0,,1301.2,1297.0,4.2000000000000455,,2609.0,3391378.0,73.0,31.0,2.3846153846153846,0.3238242097147298,46457.232876712325,1299.8765810655423
2026-09-09T06:15:32+00:00,2026-09-09T12:00:32+05:45,2026-09-09,12:00:32,1788934532,2,6,12,nepse_official,OPEN,2026-09-09,EHPL,Eastern Hydropower Limited,330.7,330.7,312.5,,317.9,315.0,2.8999999999999773,,695.0,218787.0,9.0,18.19999999999999,5.503477472029026,0.9206349206349135,24309.666666666668,314.80143884892084
2026-09-09T06:15:32+00:00,2026-09-09T12:00:32+05:45,2026-09-09,12:00:32,1788934532,2,6,12,nepse_official,OPEN,2026-09-09,ENL,Emerging Nepal Limited,657.1,661.9,591.0,,621.0,691.6,-70.60000000000002,,76608.0,47407378.7,291.0,70.89999999999998,10.789834119616494,-10.20821283979179,162911.95429553266,618.8306534565581
2026-09-09T06:15:32+00:00,2026-09-09T12:00:32+05:45,2026-09-09,12:00:32,1788934532,2,6,12,nepse_official,OPEN,2026-09-09,FMDBL,First Micro Finance Laghubitta Bittiya Sanstha Limited,734.0,734.0,724.0,,724.0,739.8,-15.799999999999955,,224.0,162316.0,2.0,10.0,1.3623978201634876,-2.135712354690451,81158.0,724.625
2026-09-09T06:15:32+00:00,2026-09-09T12:00:32+05:45,2026-09-09,12:00:32,1788934532,2,6,12,nepse_official,OPEN,2026-09-09,FOWAD,Forward Microfinance Laghubitta Bittiya Sanstha Limited,880.0,906.0,880.0,,882.0,880.0,2.0,,110.0,98380.0,4.0,26.0,2.9545454545454546,0.22727272727272727,24595.0,894.3636363636364
2026-09-09T06:15:32+00:00,2026-09-09T12:00:32+05:45,2026-09-09,12:00:32,1788934532,2,6,12,nepse_official,OPEN,2026-09-09,GBBD85,"Garima Debenture, 2085",1070.0,1070.0,1070.0,,1070.0,1085.0,-15.0,,30.0,32100.0,1.0,0.0,0.0,-1.3824884792626728,32100.0,1070.0
2026-09-09T06:15:32+00:00,2026-09-09T12:00:32+05:45,2026-09-09,12:00:32,1788934532,2,6,12,nepse_official,OPEN,2026-09-09,GBBL,Garima Bikas Bank Limited,450.0,450.0,445.1,,449.0,447.0,2.0,,59463.0,26634899.8,202.0,4.899999999999977,1.088888888888884,0.44742729306487694,131855.9396039604,447.9239157122917
2026-09-09T06:15:32+00:00,2026-09-09T12:00:32+05:45,2026-09-09,12:00:32,1788934532,2,6,12,nepse_official,OPEN,2026-09-09,GBIME,Global IME Bank Limited,254.0,255.1,251.5,,253.0,251.9,1.0999999999999943,,20738.0,5248929.4,139.0,3.5999999999999943,1.417322834645667,0.4366812227074213,37762.08201438849,253.10682804513456
2026-09-09T06:15:32+00:00,2026-09-09T12:00:32+05:45,2026-09-09,12:00:32,1788934532,2,6,12,nepse_official,OPEN,2026-09-09,GBIMESY2,Global IME Sammunat Yojana -2,8.9,8.9,8.7,,8.71,8.9,-0.1899999999999995,,2300.0,20315.0,6.0,0.20000000000000107,2.2471910112359668,-2.1348314606741514,3385.8333333333335,8.832608695652175
2026-09-09T06:15:32+00:00,2026-09-09T12:00:32+05:45,2026-09-09,12:00:32,1788934532,2,6,12,nepse_official,OPEN,2026-09-09,GBLBS,Grameen Bikas Laghubitta Bittiya Sanstha Ltd.,657.0,657.0,651.0,,651.0,657.0,-6.0,,895.0,586905.0,5.0,6.0,0.91324200913242,-0.91324200913242,117381.0,655.7597765363129
2026-09-09T06:15:32+00:00,2026-09-09T12:00:32+05:45,2026-09-09,12:00:32,1788934532,2,6,12,nepse_official,OPEN,2026-09-09,GCIL,Ghorahi Cement Industry Limited,378.5,382.0,376.3,,382.0,378.5,3.5,,10990.0,4168615.5,77.0,5.699999999999989,1.5059445178335507,0.9247027741083224,54137.86363636364,379.309872611465
2026-09-09T06:15:32+00:00,2026-09-09T12:00:32+05:45,2026-09-09,12:00:32,1788934532,2,6,12,nepse_official,OPEN,2026-09-09,GFCL,Goodwill Finance Limited,575.0,576.0,575.0,,576.0,575.0,1.0,,2000.0,1150430.0,7.0,1.0,0.17391304347826086,0.17391304347826086,164347.14285714287,575.215
2026-09-09T06:15:32+00:00,2026-09-09T12:00:32+05:45,2026-09-09,12:00:32,1788934532,2,6,12,nepse_official,OPEN,2026-09-09,GHL,Ghalemdi Hydro Limited,227.9,228.0,225.0,,227.0,228.0,-1.0,,4883.0,1107782.5,27.0,3.0,1.3163668275559455,-0.43859649122807015,41028.98148148148,226.86514437845588
2026-09-09T06:15:32+00:00,2026-09-09T12:00:32+05:45,2026-09-09,12:00:32,1788934532,2,6,12,nepse_official,OPEN,2026-09-09,GIBF1,Global IME Balanced Fund-1,11.09,11.11,10.97,,11.0,11.08,-0.08000000000000007,,468750.0,5191264.5,40.0,0.1399999999999988,1.2623985572587808,-0.7220216606498201,129781.6125,11.0746976
2026-09-09T06:15:32+00:00,2026-09-09T12:00:32+05:45,2026-09-09,12:00:32,1788934532,2,6,12,nepse_official,OPEN,2026-09-09,GILB,Global IME Laghubitta Bittiya Sanstha Ltd.,1116.0,1116.0,1110.0,,1110.0,1116.0,-6.0,,70.0,77777.0,3.0,6.0,0.5376344086021506,-0.5376344086021506,25925.666666666668,1111.1
2026-09-09T06:15:32+00:00,2026-09-09T12:00:32+05:45,2026-09-09,12:00:32,1788934532,2,6,12,nepse_official,OPEN,2026-09-09,GLBSL,Gurans Laghubitta Bittiya Sanstha Limited,1605.0,1605.0,1601.0,,1601.0,1601.1,-0.09999999999990905,,26.0,41690.0,2.0,4.0,0.24922118380062305,-0.006245706077066333,20845.0,1603.4615384615386
2026-09-09T06:15:32+00:00,2026-09-09T12:00:32+05:45,2026-09-09,12:00:32,1788934532,2,6,12,nepse_official,OPEN,2026-09-09,GLH,GreenLife Hydropower Limited,246.2,250.0,246.0,,249.5,246.2,3.3000000000000114,,3905.0,969059.5,23.0,4.0,1.6246953696181967,1.3403736799350168,42133.02173913043,248.15864276568502
2026-09-09T06:15:32+00:00,2026-09-09T12:00:32+05:45,2026-09-09,12:00:32,1788934532,2,6,12,nepse_official,OPEN,2026-09-09,GMFBS,Ganapati Laghubitta Bittiya Sanstha Limited,1170.0,1170.0,1045.0,,1045.0,1145.0,-100.0,,280.0,298357.0,12.0,125.0,10.683760683760683,-8.73362445414847,24863.083333333332,1065.5607142857143
2026-09-09T06:15:32+00:00,2026-09-09T12:00:32+05:45,2026-09-09,12:00:32,1788934532,2,6,12,nepse_official,OPEN,2026-09-09,GMFIL,Guheshowori Merchant Bank & Finance Co. Ltd.,412.0,423.0,412.0,,419.5,418.0,1.5,,455.0,189907.5,6.0,11.0,2.669902912621359,0.3588516746411483,31651.25,417.3791208791209
2026-09-09T06:15:32+00:00,2026-09-09T12:00:32+05:45,2026-09-09,12:00:32,1788934532,2,6,12,nepse_official,OPEN,2026-09-09,GMLI,Guardian Micro Life Insurance Limited ,951.0,960.0,940.0,,947.0,951.0,-4.0,,70.0,66441.0,7.0,20.0,2.1030494216614093,-0.4206098843322818,9491.57142857143,949.1571428571428
2026-09-09T06:15:32+00:00,2026-09-09T12:00:32+05:45,2026-09-09,12:00:32,1788934532,2,6,12,nepse_official,OPEN,2026-09-09,GRDBL,Green Development Bank Ltd.,943.0,944.5,943.0,,944.5,962.0,-17.5,,98.0,92493.8,4.0,1.5,0.15906680805938495,-1.8191268191268193,23123.45,943.8142857142857
2026-09-09T06:15:32+00:00,2026-09-09T12:00:32+05:45,2026-09-09,12:00:32,1788934532,2,6,12,nepse_official,OPEN,2026-09-09,GSY,Garima Samriddhi Yojana,8.9,8.96,8.9,,8.96,9.0,-0.03999999999999915,,1400.0,12478.0,5.0,0.0600000000000005,0.674157303370792,-0.444444444444435,2495.6,8.912857142857144
2026-09-09T06:15:32+00:00,2026-09-09T12:00:32+05:45,2026-09-09,12:00:32,1788934532,2,6,12,nepse_official,OPEN,2026-09-09,GUFL,Gurkhas Finance Ltd.,501.0,508.0,500.0,,504.9,502.7,2.1999999999999886,,590.0,296642.8,10.0,8.0,1.5968063872255487,0.4376367614879627,29664.28,502.78440677966097
2026-09-09T06:15:32+00:00,2026-09-09T12:00:32+05:45,2026-09-09,12:00:32,1788934532,2,6,12,nepse_official,OPEN,2026-09-09,GVL,Green Ventures Limited,487.0,487.0,482.5,,483.0,485.9,-2.8999999999999773,,3735.0,1806937.8,19.0,4.5,0.9240246406570842,-0.5968306235850951,95101.98947368421,483.7852208835341
2026-09-09T06:15:32+00:00,2026-09-09T12:00:32+05:45,2026-09-09,12:00:32,1788934532,2,6,12,nepse_official,OPEN,2026-09-09,H8020,Himalayan 80-20,12.12,12.12,12.1,,12.1,12.48,-0.3800000000000008,,16340.0,197791.4,8.0,0.019999999999999574,0.16501650165016152,-3.044871794871801,24723.925,12.104736842105263
2026-09-09T06:15:32+00:00,2026-09-09T12:00:32+05:45,2026-09-09,12:00:32,1788934532,2,6,12,nepse_official,OPEN,2026-09-09,HATHY,Hathway Investment Nepal Limited,591.2,591.2,587.0,,589.0,594.5,-5.5,,1581.0,931795.6,37.0,4.2000000000000455,0.710419485791618,-0.9251471825063078,25183.664864864862,589.3710309930424
2026-09-09T06:15:32+00:00,2026-09-09T12:00:32+05:45,2026-09-09,12:00:32,1788934532,2,6,12,nepse_official,OPEN,2026-09-09,HBL,Himalayan Bank Limited,188.0,188.0,187.1,,187.3,189.0,-1.6999999999999886,,3657.0,686012.8,115.0,0.9000000000000057,0.47872340425532217,-0.8994708994708934,5965.328695652174,187.5889526934646
2026-09-09T06:15:32+00:00,2026-09-09T12:00:32+05:45,2026-09-09,12:00:32,1788934532,2,6,12,nepse_official,OPEN,2026-09-09,HDHPC,Himal Dolakha Hydropower Company Limited,200.8,203.7,200.0,,202.0,200.8,1.1999999999999886,,11250.0,2254937.0,37.0,3.6999999999999886,1.8426294820717073,0.5976095617529823,60944.24324324324,200.43884444444444
2026-09-09T06:15:32+00:00,2026-09-09T12:00:32+05:45,2026-09-09,12:00:32,1788934532,2,6,12,nepse_official,OPEN,2026-09-09,HDL,Himalayan Distillery Limited,1188.0,1191.0,1183.0,,1189.8,1187.0,2.7999999999999545,,4368.0,5183182.6,80.0,8.0,0.6734006734006733,0.23588879528222026,64789.782499999994,1186.626053113553
2026-09-09T06:15:32+00:00,2026-09-09T12:00:32+05:45,2026-09-09,12:00:32,1788934532,2,6,12,nepse_official,OPEN,2026-09-09,HEI,Himalayan Everest Insurance Limited,462.0,480.0,462.0,,480.0,469.9,10.100000000000023,,33.0,15426.0,2.0,18.0,3.896103896103896,2.14939348797617,7713.0,467.45454545454544
2026-09-09T06:15:32+00:00,2026-09-09T12:00:32+05:45,2026-09-09,12:00:32,1788934532,2,6,12,nepse_official,OPEN,2026-09-09,HEIP,Himalayan Everest Insurance Limited Promoter,300.0,300.0,300.0,,300.0,304.0,-4.0,,90.0,27000.0,1.0,0.0,0.0,-1.3157894736842104,27000.0,300.0
2026-09-09T06:15:32+00:00,2026-09-09T12:00:32+05:45,2026-09-09,12:00:32,1788934532,2,6,12,nepse_official,OPEN,2026-09-09,HFIN,Hotel Forest Inn Limited,625.0,638.0,625.0,,633.1,629.0,4.100000000000023,,3219.0,2026833.2,86.0,13.0,2.08,0.651828298887126,23567.827906976745,629.6468468468469
2026-09-09T06:15:32+00:00,2026-09-09T12:00:32+05:45,2026-09-09,12:00:32,1788934532,2,6,12,nepse_official,OPEN,2026-09-09,HHL,Himalayan Hydropower Limited,315.0,319.0,315.0,,318.0,315.0,3.0,,1400.0,445224.0,13.0,4.0,1.2698412698412698,0.9523809523809524,34248.0,318.01714285714286
2026-09-09T06:15:32+00:00,2026-09-09T12:00:32+05:45,2026-09-09,12:00:32,1788934532,2,6,12,nepse_official,OPEN,2026-09-09,HIDCL,Hydorelectricity Investment and Development Company Ltd,255.1,255.1,241.0,,243.0,243.0,0.0,,2812.0,682037.0,22.0,14.099999999999994,5.527244217953742,0.0,31001.68181818182,242.54516358463727
2026-09-09T06:15:32+00:00,2026-09-09T12:00:32+05:45,2026-09-09,12:00:32,1788934532,2,6,12,nepse_official,OPEN,2026-09-09,HIDCLP,Hydorelectricity Investment and Development Company Limited Promoter,181.0,183.6,181.0,,182.6,181.9,0.6999999999999886,,6675.0,1216129.0,23.0,2.5999999999999943,1.436464088397787,0.3848268279274264,52875.17391304348,182.1916104868914
2026-09-09T06:15:32+00:00,2026-09-09T12:00:32+05:45,2026-09-09,12:00:32,1788934532,2,6,12,nepse_official,OPEN,2026-09-09,HIMSTAR,Him Star Urja Company Limited,645.9,665.0,640.0,,665.0,649.0,16.0,,110.0,71008.0,11.0,25.0,3.870568199411674,2.465331278890601,6455.272727272727,645.5272727272727
2026-09-09T06:15:32+00:00,2026-09-09T12:00:32+05:45,2026-09-09,12:00:32,1788934532,2,6,12,nepse_official,OPEN,2026-09-09,HLBSL,Himalayan Laghubitta Bittiya Sanstha Limited,854.0,854.0,854.0,,854.0,855.0,-1.0,,20.0,17080.0,1.0,0.0,0.0,-0.11695906432748539,17080.0,854.0
2026-09-09T06:15:32+00:00,2026-09-09T12:00:32+05:45,2026-09-09,12:00:32,1788934532,2,6,12,nepse_official,OPEN,2026-09-09,HLI,Himalayan Life Insurance Limited,296.6,297.1,296.0,,296.1,296.6,-0.5,,862.0,255410.8,22.0,1.1000000000000227,0.37086985839515263,-0.16857720836142953,11609.581818181818,296.3002320185615
2026-09-09T06:15:32+00:00,2026-09-09T12:00:32+05:45,2026-09-09,12:00:32,1788934532,2,6,12,nepse_official,OPEN,2026-09-09,HLICF,HLI Large Cap Fund,8.26,8.26,8.2,,8.2,8.51,-0.3100000000000005,,350.0,2885.0,3.0,0.0600000000000005,0.7263922518159867,-3.6427732079906052,961.6666666666666,8.242857142857142
2026-09-09T06:15:32+00:00,2026-09-09T12:00:32+05:45,2026-09-09,12:00:32,1788934532,2,6,12,nepse_official,OPEN,2026-09-09,HPPL,Himalayan Power Partner Ltd.,367.3,372.8,367.0,,368.6,370.5,-1.8999999999999773,,15001.0,5523293.6,29.0,5.800000000000011,1.5790906615845388,-0.5128205128205067,190458.4,368.1950269982001
2026-09-09T06:15:32+00:00,2026-09-09T12:00:32+05:45,2026-09-09,12:00:32,1788934532,2,6,12,nepse_official,OPEN,2026-09-09,HRL,Himalayan Reinsurance Limited,516.0,517.0,512.5,,516.0,516.0,0.0,,4457.0,2296381.1,84.0,4.5,0.872093023255814,0.0,27337.870238095238,515.230222122504
2026-09-09T06:15:32+00:00,2026-09-09T12:00:32+05:45,2026-09-09,12:00:32,1788934532,2,6,12,nepse_official,OPEN,2026-09-09,HURJA,Himalaya Urja Bikas Company Limited,231.1,234.9,231.1,,234.9,233.5,1.4000000000000057,,3785.0,884117.5,16.0,3.8000000000000114,1.6443098225876294,0.5995717344753771,55257.34375,233.58454425363277
2026-09-09T06:15:32+00:00,2026-09-09T12:00:32+05:45,2026-09-09,12:00:32,1788934532,2,6,12,nepse_official,OPEN,2026-09-09,ICFC,ICFC Finance Limited,585.0,589.0,583.9,,589.0,582.1,6.899999999999977,,370.0,216675.0,4.0,5.100000000000023,0.8717948717948757,1.1853633396323617,54168.75,585.6081081081081
2026-09-09T06:15:32+00:00,2026-09-09T12:00:32+05:45,2026-09-09,12:00:32,1788934532,2,6,12,nepse_official,OPEN,2026-09-09,ICFCD88,9% ICFC Finance Limited Debenture 2088,1120.0,1120.0,1091.3,,1091.3,1118.0,-26.700000000000045,,50.0,55282.5,2.0,28.700000000000045,2.562500000000004,-2.3881932021466943,27641.25,1105.65
2026-09-09T06:15:32+00:00,2026-09-09T12:00:32+05:45,2026-09-09,12:00:32,1788934532,2,6,12,nepse_official,OPEN,2026-09-09,ICFCD89,8% ICFC Finance Limited Debenture 2089,1065.8,1119.68,1065.8,,1086.1,1095.0,-8.900000000000091,,240.0,263831.8,7.0,53.88000000000011,5.055357477950846,-0.8127853881278622,37690.25714285714,1099.2991666666667
2026-09-09T06:15:32+00:00,2026-09-09T12:00:32+05:45,2026-09-09,12:00:32,1788934532,2,6,12,nepse_official,OPEN,2026-09-09,IGI,IGI Prudential insurance Limited,376.0,380.0,376.0,,380.0,378.8,1.1999999999999886,,222.0,84140.0,2.0,4.0,1.0638297872340425,0.3167898627243898,42070.0,379.009009009009
2026-09-09T06:15:32+00:00,2026-09-09T12:00:32+05:45,2026-09-09,12:00:32,1788934532,2,6,12,nepse_official,OPEN,2026-09-09,IHL,Ingwa Hydropower Limited,295.0,302.0,293.0,,301.0,292.2,8.800000000000011,,570.0,171325.0,15.0,9.0,3.050847457627119,3.0116358658453155,11421.666666666666,300.5701754385965
2026-09-09T06:15:32+00:00,2026-09-09T12:00:32+05:45,2026-09-09,12:00:32,1788934532,2,6,12,nepse_official,OPEN,2026-09-09,ILBS,Infinity Laghubitta Bittiya Sanstha Limited,835.0,841.0,820.0,,841.0,836.9,4.100000000000023,,169.0,140836.0,7.0,21.0,2.5149700598802394,0.4899032142430425,20119.428571428572,833.3491124260355
2026-09-09T06:15:32+00:00,2026-09-09T12:00:32+05:45,2026-09-09,12:00:32,1788934532,2,6,12,nepse_official,OPEN,2026-09-09,ILI,IME Life Insurance Company Limited,405.0,405.0,403.0,,403.3,405.0,-1.6999999999999886,,2470.0,997948.2,40.0,2.0,0.49382716049382713,-0.4197530864197503,24948.704999999998,404.02761133603235
2026-09-09T06:15:32+00:00,2026-09-09T12:00:32+05:45,2026-09-09,12:00:32,1788934532,2,6,12,nepse_official,OPEN,2026-09-09,JBBL,Jyoti Bikas Bank Limited,334.9,335.0,330.2,,333.9,334.9,-1.0,,3557.0,1181734.3,19.0,4.800000000000011,1.4332636607942704,-0.2985965959988056,62196.54210526316,332.22780432949116
2026-09-09T06:15:32+00:00,2026-09-09T12:00:32+05:45,2026-09-09,12:00:32,1788934532,2,6,12,nepse_official,OPEN,2026-09-09,JBLB,Jeevan Bikas Laghubitta  Bittya Sanstha Ltd,1252.0,1260.0,1252.0,,1255.6,1252.0,3.599999999999909,,861.0,1081972.7,21.0,8.0,0.6389776357827476,0.28753993610222917,51522.509523809524,1256.6465737514518
2026-09-09T06:15:32+00:00,2026-09-09T12:00:32+05:45,2026-09-09,12:00:32,1788934532,2,6,12,nepse_official,OPEN,2026-09-09,JFL,Janaki Finance Company Limited,300.0,300.0,266.6,,279.9,313.6,-33.700000000000045,,66329.0,17992573.6,384.0,33.39999999999998,11.133333333333326,-10.74617346938777,46855.66041666667,271.26254880972124
2026-09-09T06:15:32+00:00,2026-09-09T12:00:32+05:45,2026-09-09,12:00:32,1788934532,2,6,12,nepse_official,OPEN,2026-09-09,JHAPA,Jhapa Energy Limited,1016.1,1071.0,1016.1,,1071.0,1021.0,50.0,,1600.0,1678914.0,26.0,54.89999999999998,5.4030115146147,4.897159647404505,64573.61538461538,1049.32125
2026-09-09T06:15:32+00:00,2026-09-09T12:00:32+05:45,2026-09-09,12:00:32,1788934532,2,6,12,nepse_official,OPEN,2026-09-09,JOSHI,Joshi Hydropower Development Company Ltd,257.0,262.0,257.0,,262.0,261.5,0.5,,558.0,145956.0,7.0,5.0,1.9455252918287937,0.19120458891013384,20850.85714285714,261.5698924731183
2026-09-09T06:15:32+00:00,2026-09-09T12:00:32+05:45,2026-09-09,12:00:32,1788934532,2,6,12,nepse_official,OPEN,2026-09-09,KAHL,Kalanga Hydro Limited,490.0,500.0,490.0,,496.0,493.0,3.0,,4871.0,2415161.1,240.0,10.0,2.0408163265306123,0.6085192697768762,10063.171250000001,495.8244918907822
2026-09-09T06:15:32+00:00,2026-09-09T12:00:32+05:45,2026-09-09,12:00:32,1788934532,2,6,12,nepse_official,OPEN,2026-09-09,KBL,Kumari Bank Limited,215.0,217.5,214.0,,214.6,215.0,-0.4000000000000057,,17757.0,3815457.6,67.0,3.5,1.627906976744186,-0.1860465116279096,56947.12835820896,214.87062003716844
2026-09-09T06:15:32+00:00,2026-09-09T12:00:32+05:45,2026-09-09,12:00:32,1788934532,2,6,12,nepse_official,OPEN,2026-09-09,KBSH,Kutheli Bukhari Small Hydropower Limited,828.0,828.0,793.0,,795.0,809.0,-14.0,,2895.0,2304921.0,19.0,35.0,4.2270531400966185,-1.73053152039555,121311.63157894737,796.1730569948187
2026-09-09T06:15:32+00:00,2026-09-09T12:00:32+05:45,2026-09-09,12:00:32,1788934532,2,6,12,nepse_official,OPEN,2026-09-09,KDBY,Kumari Dhanabriddhi Yojana,9.97,9.97,9.97,,9.97,9.94,0.030000000000001137,,1000.0,9970.0,1.0,0.0,0.0,0.3018108651911583,9970.0,9.97
2026-09-09T06:15:32+00:00,2026-09-09T12:00:32+05:45,2026-09-09,12:00:32,1788934532,2,6,12,nepse_official,OPEN,2026-09-09,KDL,Kalinchowk Darshan Limited,690.7,690.7,618.0,,638.2,727.0,-88.79999999999995,,66439.0,41357636.5,237.0,72.70000000000005,10.525553786014195,-12.214580467675372,174504.79535864978,622.4903520522585
2026-09-09T06:15:32+00:00,2026-09-09T12:00:32+05:45,2026-09-09,12:00:32,1788934532,2,6,12,nepse_official,OPEN,2026-09-09,KEF,Kumari Equity Fund,9.71,9.71,9.71,,9.71,9.75,-0.03999999999999915,,150.0,1456.5,1.0,0.0,0.0,-0.41025641025640147,1456.5,9.71
2026-09-09T06:15:32+00:00,2026-09-09T12:00:32+05:45,2026-09-09,12:00:32,1788934532,2,6,12,nepse_official,OPEN,2026-09-09,KHPL,Kalinchock Hydropower Limited,740.0,750.0,737.0,,750.0,740.0,10.0,,350.0,260669.0,19.0,13.0,1.7567567567567568,1.3513513513513513,13719.421052631578,744.7685714285715
2026-09-09T06:15:32+00:00,2026-09-09T12:00:32+05:45,2026-09-09,12:00:32,1788934532,2,6,12,nepse_official,OPEN,2026-09-09,KKHC,Khanikhola Hydropower Co. Ltd.,266.1,270.0,266.1,,269.0,267.9,1.1000000000000227,,10631.0,2859882.5,33.0,3.8999999999999773,1.4656144306651546,0.4106009705113933,86663.10606060606,269.0134982598062
2026-09-09T06:15:32+00:00,2026-09-09T12:00:32+05:45,2026-09-09,12:00:32,1788934532,2,6,12,nepse_official,OPEN,2026-09-09,KMCDB,Kalika Laghubitta Bittiya Sanstha Ltd,779.0,826.3,779.0,,820.9,820.0,0.8999999999999773,,275.0,224833.6,11.0,47.299999999999955,6.071887034659815,0.10975609756097285,20439.418181818182,817.5767272727273
2026-09-09T06:15:32+00:00,2026-09-09T12:00:32+05:45,2026-09-09,12:00:32,1788934532,2,6,12,nepse_official,OPEN,2026-09-09,KPCL,Kalika power Company Ltd,455.0,458.9,450.0,,458.0,449.1,8.899999999999977,,1139.0,521855.8,10.0,8.899999999999977,1.9560439560439509,1.9817412602983693,52185.58,458.1701492537313
2026-09-09T06:15:32+00:00,2026-09-09T12:00:32+05:45,2026-09-09,12:00:32,1788934532,2,6,12,nepse_official,OPEN,2026-09-09,KSBBL,Kamana Sewa Bikas Bank Limited,447.0,448.0,442.0,,448.0,449.1,-1.1000000000000227,,8862.0,3939298.3,48.0,6.0,1.342281879194631,-0.24493431307059066,82068.71458333333,444.5157187993681
2026-09-09T06:15:32+00:00,2026-09-09T12:00:32+05:45,2026-09-09,12:00:32,1788934532,2,6,12,nepse_official,OPEN,2026-09-09,KSY,Kumari Sabal Yojana,8.75,8.75,8.75,,8.75,8.75,0.0,,100.0,875.0,1.0,0.0,0.0,0.0,875.0,8.75
2026-09-09T06:15:32+00:00,2026-09-09T12:00:32+05:45,2026-09-09,12:00:32,1788934532,2,6,12,nepse_official,OPEN,2026-09-09,LBBL,Lumbini Bikas Bank Ltd.,480.2,483.0,480.2,,483.0,485.0,-2.0,,918.0,442003.6,6.0,2.8000000000000114,0.5830903790087488,-0.4123711340206186,73667.26666666666,481.4854030501089
2026-09-09T06:15:32+00:00,2026-09-09T12:00:32+05:45,2026-09-09,12:00:32,1788934532,2,6,12,nepse_official,OPEN,2026-09-09,LEC,Liberty Energy Company Limited,215.0,216.0,213.0,,216.0,215.0,1.0,,5495.0,1174676.0,26.0,3.0,1.3953488372093024,0.46511627906976744,45179.846153846156,213.77179253867152
2026-09-09T06:15:32+00:00,2026-09-09T12:00:32+05:45,2026-09-09,12:00:32,1788934532,2,6,12,nepse_official,OPEN,2026-09-09,LICN,Life Insurance Corporation (Nepal) Limited,755.0,755.0,753.0,,755.0,756.0,-1.0,,222.0,167493.0,8.0,2.0,0.26490066225165565,-0.13227513227513227,20936.625,754.472972972973
2026-09-09T06:15:32+00:00,2026-09-09T12:00:32+05:45,2026-09-09,12:00:32,1788934532,2,6,12,nepse_official,OPEN,2026-09-09,LSH12,LS Horizon 12,8.92,8.94,8.91,,8.91,8.95,-0.03999999999999915,,950.0,8475.0,8.0,0.02999999999999936,0.33632286995514976,-0.4469273743016665,1059.375,8.921052631578947
2026-09-09T06:15:32+00:00,2026-09-09T12:00:32+05:45,2026-09-09,12:00:32,1788934532,2,6,12,nepse_official,OPEN,2026-09-09,LSL,Laxmi Sunrise Bank Limited,236.2,236.2,223.3,,224.0,225.0,-1.0,,3060.0,686857.2,17.0,12.899999999999977,5.46147332768839,-0.4444444444444444,40403.36470588235,224.46313725490194
2026-09-09T06:15:32+00:00,2026-09-09T12:00:32+05:45,2026-09-09,12:00:32,1788934532,2,6,12,nepse_official,OPEN,2026-09-09,LUK,Laxmi Unnati Kosh,9.3,9.3,9.3,,9.3,9.5,-0.1999999999999993,,500.0,4650.0,1.0,0.0,0.0,-2.1052631578947296,4650.0,9.3
2026-09-09T06:15:32+00:00,2026-09-09T12:00:32+05:45,2026-09-09,12:00:32,1788934532,2,6,12,nepse_official,OPEN,2026-09-09,LVF2,Laxmi Value Fund 2,9.03,9.04,9.03,,9.04,9.3,-0.26000000000000156,,600.0,5422.0,5.0,0.009999999999999787,0.11074197120708514,-2.7956989247311994,1084.4,9.036666666666667
2026-09-09T06:15:32+00:00,2026-09-09T12:00:32+05:45,2026-09-09,12:00:32,1788934532,2,6,12,nepse_official,OPEN,2026-09-09,MABEL,Mabilung Energy Limited,587.7,610.0,587.7,,604.7,587.7,17.0,,6785.0,4094385.7,77.0,22.299999999999955,3.794452952186482,2.8926322953888035,53173.84025974026,603.4466764922623
2026-09-09T06:15:32+00:00,2026-09-09T12:00:32+05:45,2026-09-09,12:00:32,1788934532,2,6,12,nepse_official,OPEN,2026-09-09,MAKAR,Makar Jitumaya Suri Hydropower Limited,402.0,405.0,402.0,,404.0,402.0,2.0,,463.0,186859.4,13.0,3.0,0.7462686567164178,0.4975124378109453,14373.8,403.5840172786177
2026-09-09T06:15:32+00:00,2026-09-09T12:00:32+05:45,2026-09-09,12:00:32,1788934532,2,6,12,nepse_official,OPEN,2026-09-09,MANDU,Mandu Hydropower Limited,643.2,710.0,643.2,,704.0,677.0,27.0,,19643.0,13459595.3,130.0,66.79999999999995,10.385572139303473,3.9881831610044314,103535.34846153847,685.2107773761646
2026-09-09T06:15:32+00:00,2026-09-09T12:00:32+05:45,2026-09-09,12:00:32,1788934532,2,6,12,nepse_official,OPEN,2026-09-09,MATRI,Matribhumi Lagubitta Bittiya Sanstha Limited,725.0,725.0,709.4,,709.4,723.0,-13.600000000000023,,70.0,50438.0,3.0,15.600000000000023,2.151724137931038,-1.8810511756569879,16812.666666666668,720.5428571428571
2026-09-09T06:15:32+00:00,2026-09-09T12:00:32+05:45,2026-09-09,12:00:32,1788934532,2,6,12,nepse_official,OPEN,2026-09-09,MBJC,Madhya Bhotekoshi Jalavidyut Company Limited,276.0,283.0,273.3,,276.6,278.5,-1.8999999999999773,,15769.0,4364822.1,78.0,9.699999999999989,3.5144927536231845,-0.682226211849184,55959.257692307685,276.79764728264314
2026-09-09T06:15:32+00:00,2026-09-09T12:00:32+05:45,2026-09-09,12:00:32,1788934532,2,6,12,nepse_official,OPEN,2026-09-09,MBL,Machhapuchhre Bank Limited,262.5,262.5,247.0,,252.7,250.0,2.6999999999999886,,17948.0,4497353.0,31.0,15.5,5.904761904761905,1.0799999999999954,145075.90322580645,250.57683307332294
2026-09-09T06:15:32+00:00,2026-09-09T12:00:32+05:45,2026-09-09,12:00:32,1788934532,2,6,12,nepse_official,OPEN,2026-09-09,MBLEF,MBL Equity Fund,9.03,9.15,9.03,,9.15,9.15,0.0,,400.0,3637.0,4.0,0.120000000000001,1.328903654485061,0.0,909.25,9.0925
2026-09-09T06:15:32+00:00,2026-09-09T12:00:32+05:45,2026-09-09,12:00:32,1788934532,2,6,12,nepse_official,OPEN,2026-09-09,MCHL,Menchhiyam Hydropower Limited,259.9,259.9,247.6,,247.6,255.0,-7.400000000000006,,1619.0,403276.0,7.0,12.299999999999983,4.732589457483641,-2.9019607843137276,57610.857142857145,249.08956145768994
2026-09-09T06:15:32+00:00,2026-09-09T12:00:32+05:45,2026-09-09,12:00:32,1788934532,2,6,12,nepse_official,OPEN,2026-09-09,MDB,Miteri Development Bank Limited,556.0,559.0,556.0,,559.0,559.7,-0.7000000000000455,,54.0,30125.0,4.0,3.0,0.539568345323741,-0.12506700017867525,7531.25,557.8703703703703
2026-09-09T06:15:32+00:00,2026-09-09T12:00:32+05:45,2026-09-09,12:00:32,1788934532,2,6,12,nepse_official,OPEN,2026-09-09,MEHL,Manakamana Engineering Hydropower Limited,229.9,230.0,226.1,,229.1,228.0,1.0999999999999943,,14060.0,3201056.1,65.0,3.9000000000000057,1.6963897346672492,0.4824561403508747,49247.016923076924,227.67113086770982
2026-09-09T06:15:32+00:00,2026-09-09T12:00:32+05:45,2026-09-09,12:00:32,1788934532,2,6,12,nepse_official,OPEN,2026-09-09,MEL,Modi Energy Limited,199.6,200.0,199.1,,199.5,199.6,-0.09999999999999432,,1084.0,216360.0,32.0,0.9000000000000057,0.4509018036072173,-0.05010020040079876,6761.25,199.59409594095942
2026-09-09T06:15:32+00:00,2026-09-09T12:00:32+05:45,2026-09-09,12:00:32,1788934532,2,6,12,nepse_official,OPEN,2026-09-09,MEN,Mountain Energy Nepal Limited,629.9,635.0,629.9,,630.8,630.0,0.7999999999999545,,11166.0,7041786.0,47.0,5.100000000000023,0.8096523257659983,0.12698412698411976,149825.2340425532,630.6453519613111
2026-09-09T06:15:32+00:00,2026-09-09T12:00:32+05:45,2026-09-09,12:00:32,1788934532,2,6,12,nepse_official,OPEN,2026-09-09,MEPDL,Mount Everest Power Development Limited,644.0,650.0,630.4,,641.1,644.0,-2.8999999999999773,,2605.0,1669823.0,219.0,19.600000000000023,3.043478260869569,-0.4503105590062077,7624.762557077625,641.0069097888676
2026-09-09T06:15:32+00:00,2026-09-09T12:00:32+05:45,2026-09-09,12:00:32,1788934532,2,6,12,nepse_official,OPEN,2026-09-09,MERO,Mero Microfinance Bittiya Sanstha Ltd.,612.0,618.0,602.0,,602.5,600.0,2.5,,760.0,466704.0,8.0,16.0,2.6143790849673203,0.4166666666666667,58338.0,614.0842105263158
2026-09-09T06:15:32+00:00,2026-09-09T12:00:32+05:45,2026-09-09,12:00:32,1788934532,2,6,12,nepse_official,OPEN,2026-09-09,MFIL,Manjushree Finance Ltd.,720.0,741.0,718.0,,729.9,733.0,-3.1000000000000227,,549.0,399870.1,10.0,23.0,3.194444444444444,-0.4229195088676702,39987.009999999995,728.3608378870673
2026-09-09T06:15:32+00:00,2026-09-09T12:00:32+05:45,2026-09-09,12:00:32,1788934532,2,6,12,nepse_official,OPEN,2026-09-09,MHCL,Molung Hydropower Company Limited,280.0,280.0,274.1,,277.5,280.0,-2.5,,79.0,21905.5,6.0,5.899999999999977,2.107142857142849,-0.8928571428571428,3650.9166666666665,277.2848101265823
2026-09-09T06:15:32+00:00,2026-09-09T12:00:32+05:45,2026-09-09,12:00:32,1788934532,2,6,12,nepse_official,OPEN,2026-09-09,MHL,Mandakini Hydropower Limited,452.9,455.0,442.4,,450.0,452.9,-2.8999999999999773,,110.0,49433.0,7.0,12.600000000000023,2.782071097372494,-0.6403179509825518,7061.857142857143,449.3909090909091
2026-09-09T06:15:32+00:00,2026-09-09T12:00:32+05:45,2026-09-09,12:00:32,1788934532,2,6,12,nepse_official,OPEN,2026-09-09,MHNL,Mountain Hydro Nepal Limited,229.9,247.0,229.9,,245.0,242.0,3.0,,1370.0,328798.7,16.0,17.099999999999994,7.438016528925617,1.2396694214876034,20549.91875,239.99905109489052
2026-09-09T06:15:32+00:00,2026-09-09T12:00:32+05:45,2026-09-09,12:00:32,1788934532,2,6,12,nepse_official,OPEN,2026-09-09,MKCL,Muktinath Krishi Company Limited,890.0,911.0,885.1,,900.0,911.0,-11.0,,40.0,35861.0,4.0,25.899999999999977,2.9101123595505594,-1.2074643249176729,8965.25,896.525
2026-09-09T06:15:32+00:00,2026-09-09T12:00:32+05:45,2026-09-09,12:00:32,1788934532,2,6,12,nepse_official,OPEN,2026-09-09,MKHC,Maya Khola Hydropower Company Limited,264.9,264.9,257.0,,260.0,260.0,0.0,,1979.0,514063.0,22.0,7.899999999999977,2.982257455643631,0.0,23366.5,259.7589691763517
2026-09-09T06:15:32+00:00,2026-09-09T12:00:32+05:45,2026-09-09,12:00:32,1788934532,2,6,12,nepse_official,OPEN,2026-09-09,MKHL,Mai Khola Hydropower Limited,483.0,510.0,483.0,,494.7,496.1,-1.400000000000034,,40.0,19838.0,4.0,27.0,5.590062111801243,-0.28220116911913606,4959.5,495.95
2026-09-09T06:15:32+00:00,2026-09-09T12:00:32+05:45,2026-09-09,12:00:32,1788934532,2,6,12,nepse_official,OPEN,2026-09-09,MKJC,Mailung Khola Jal Vidhyut Company Limited,290.0,290.0,281.6,,282.3,289.4,-7.099999999999966,,1247.0,351843.4,8.0,8.399999999999977,2.896551724137923,-2.453351762266747,43980.425,282.15188452285486
2026-09-09T06:15:32+00:00,2026-09-09T12:00:32+05:45,2026-09-09,12:00:32,1788934532,2,6,12,nepse_official,OPEN,2026-09-09,MLBL,Mahalaxmi Bikas Bank Ltd.,354.6,354.6,345.1,,350.0,349.6,0.39999999999997726,,4428.0,1537719.2,22.0,9.5,2.6790750141003947,0.11441647597253354,69896.32727272727,347.2717253839205
2026-09-09T06:15:32+00:00,2026-09-09T12:00:32+05:45,2026-09-09,12:00:32,1788934532,2,6,12,nepse_official,OPEN,2026-09-09,MLBLD89,11% Mahalaxmi Debenture 2089,1325.0,1325.0,1325.0,,1325.0,1287.5,37.5,,3304.0,4377800.0,1.0,0.0,0.0,2.912621359223301,4377800.0,1325.0
2026-09-09T06:15:32+00:00,2026-09-09T12:00:32+05:45,2026-09-09,12:00:32,1788934532,2,6,12,nepse_official,OPEN,2026-09-09,MLBSL,Mahila Lagubitta Bittiya Sanstha Limited ,1070.0,1085.0,1065.0,,1085.0,1072.0,13.0,,138.0,147960.0,5.0,20.0,1.8691588785046727,1.212686567164179,29592.0,1072.1739130434783
2026-09-09T06:15:32+00:00,2026-09-09T12:00:32+05:45,2026-09-09,12:00:32,1788934532,2,6,12,nepse_official,OPEN,2026-09-09,MMF1,Mega Mutual Fund -1,9.0,9.08,8.81,,8.81,9.0,-0.1899999999999995,,500.0,4470.0,5.0,0.2699999999999996,2.9999999999999956,-2.111111111111106,894.0,8.94
2026-09-09T06:15:32+00:00,2026-09-09T12:00:32+05:45,2026-09-09,12:00:32,1788934532,2,6,12,nepse_official,OPEN,2026-09-09,MMKJL,Mathillo Mailun Khola Jalvidhyut Limited,355.0,365.0,345.1,,345.1,355.2,-10.099999999999966,,481.0,169390.0,11.0,19.899999999999977,5.605633802816895,-2.843468468468459,15399.09090909091,352.1621621621622
2026-09-09T06:15:32+00:00,2026-09-09T12:00:32+05:45,2026-09-09,12:00:32,1788934532,2,6,12,nepse_official,OPEN,2026-09-09,MNBBL,Muktinath Bikas Bank Ltd.,340.0,344.0,321.1,,333.3,346.0,-12.699999999999989,,60215.0,19828451.6,406.0,22.899999999999977,6.735294117647052,-3.6705202312138696,48838.55073891626,329.2942223698414
2026-09-09T06:15:32+00:00,2026-09-09T12:00:32+05:45,2026-09-09,12:00:32,1788934532,2,6,12,nepse_official,OPEN,2026-09-09,MNMF1,Muktinath Mutual Fund 1,9.01,9.01,9.01,,9.01,9.13,-0.120000000000001,,200.0,1802.0,2.0,0.0,0.0,-1.3143483023001203,901.0,9.01
2026-09-09T06:15:32+00:00,2026-09-09T12:00:32+05:45,2026-09-09,12:00:32,1788934532,2,6,12,nepse_official,OPEN,2026-09-09,MSHL,Mid Solu Hydropower Limited,503.0,515.0,481.0,,515.0,518.0,-3.0,,813.0,400370.5,16.0,34.0,6.759443339960239,-0.5791505791505791,25023.15625,492.46063960639606
2026-09-09T06:15:32+00:00,2026-09-09T12:00:32+05:45,2026-09-09,12:00:32,1788934532,2,6,12,nepse_official,OPEN,2026-09-09,MSLB,Mahuli Laghubitta Bittiya Sanstha Limited,1190.1,1193.0,1190.1,,1193.0,1225.0,-32.0,,597.0,710743.6,7.0,2.900000000000091,0.24367700193261835,-2.612244897959184,101534.8,1190.5252931323282
2026-09-09T06:15:32+00:00,2026-09-09T12:00:32+05:45,2026-09-09,12:00:32,1788934532,2,6,12,nepse_official,OPEN,2026-09-09,NABBC,Narayani Development Bank Limited,712.0,712.0,701.1,,705.0,711.1,-6.100000000000023,,180.0,127205.0,7.0,10.899999999999977,1.530898876404491,-0.8578259035297459,18172.14285714286,706.6944444444445
2026-09-09T06:15:32+00:00,2026-09-09T12:00:32+05:45,2026-09-09,12:00:32,1788934532,2,6,12,nepse_official,OPEN,2026-09-09,NABIL,Nabil Bank Limited,553.0,560.0,553.0,,555.8,552.5,3.2999999999999545,,12393.0,6888269.7,151.0,7.0,1.2658227848101267,0.5972850678732949,45617.68013245033,555.8193899782135
2026-09-09T06:15:32+00:00,2026-09-09T12:00:32+05:45,2026-09-09,12:00:32,1788934532,2,6,12,nepse_official,OPEN,2026-09-09,NABILD2089,7% Nabil Debenture 2089,1100.0,1100.0,1068.0,,1068.0,1100.0,-32.0,,150.0,163407.5,3.0,32.0,2.909090909090909,-2.909090909090909,54469.166666666664,1089.3833333333334
2026-09-09T06:15:32+00:00,2026-09-09T12:00:32+05:45,2026-09-09,12:00:32,1788934532,2,6,12,nepse_official,OPEN,2026-09-09,NADEP,Nadep Laghubittiya bittya Sanstha Ltd.,671.0,671.0,671.0,,671.0,689.0,-18.0,,11.0,7381.0,1.0,0.0,0.0,-2.6124818577648767,7381.0,671.0
2026-09-09T06:15:32+00:00,2026-09-09T12:00:32+05:45,2026-09-09,12:00:32,1788934532,2,6,12,nepse_official,OPEN,2026-09-09,NBF2,NABIL BALANCED FUND-2,10.0,10.0,10.0,,10.0,9.82,0.17999999999999972,,200.0,2000.0,1.0,0.0,0.0,1.8329938900203637,2000.0,10.0
2026-09-09T06:15:32+00:00,2026-09-09T12:00:32+05:45,2026-09-09,12:00:32,1788934532,2,6,12,nepse_official,OPEN,2026-09-09,NBF3,Nabil Balanced Fund-3,9.5,9.5,9.32,,9.32,9.64,-0.3200000000000003,,10200.0,96864.0,5.0,0.17999999999999972,1.8947368421052602,-3.3195020746887995,19372.8,9.496470588235294
2026-09-09T06:15:32+00:00,2026-09-09T12:00:32+05:45,2026-09-09,12:00:32,1788934532,2,6,12,nepse_official,OPEN,2026-09-09,NBL,Nepal Bank Limited,279.9,280.9,277.0,,277.0,279.0,-2.0,,45088.0,12542894.3,112.0,3.8999999999999773,1.3933547695605493,-0.7168458781362007,111990.12767857143,278.18697436124916
2026-09-09T06:15:32+00:00,2026-09-09T12:00:32+05:45,2026-09-09,12:00:32,1788934532,2,6,12,nepse_official,OPEN,2026-09-09,NCCD86,9.5% NCC Debenture 2086,1118.0,1180.0,1118.0,,1179.0,1118.0,61.0,,12142.0,14327429.5,5.0,62.0,5.545617173524151,5.456171735241503,2865485.9,1179.989252182507
2026-09-09T06:15:32+00:00,2026-09-09T12:00:32+05:45,2026-09-09,12:00:32,1788934532,2,6,12,nepse_official,OPEN,2026-09-09,NESDO,NESDO Sambridha Laghubitta Bittiya Sanstha Limited,1300.0,1301.0,1300.0,,1301.0,1320.0,-19.0,,22.0,28611.0,2.0,1.0,0.07692307692307693,-1.4393939393939394,14305.5,1300.5
2026-09-09T06:15:32+00:00,2026-09-09T12:00:32+05:45,2026-09-09,12:00:32,1788934532,2,6,12,nepse_official,OPEN,2026-09-09,NFS,Nepal Finance Ltd.,521.0,521.0,510.0,,517.0,524.9,-7.899999999999977,,2405.0,1239634.0,21.0,11.0,2.111324376199616,-1.5050485806820304,59030.19047619047,515.4403326403326
2026-09-09T06:15:32+00:00,2026-09-09T12:00:32+05:45,2026-09-09,12:00:32,1788934532,2,6,12,nepse_official,OPEN,2026-09-09,NGPL,Ngadi Group Power Ltd.,399.0,399.0,391.3,,396.8,393.8,3.0,,8449.0,3322422.5,39.0,7.699999999999989,1.9298245614035057,0.7618080243778568,85190.32051282052,393.23263108060127
2026-09-09T06:15:32+00:00,2026-09-09T12:00:32+05:45,2026-09-09,12:00:32,1788934532,2,6,12,nepse_official,OPEN,2026-09-09,NHDL,Nepal Hydro Developers Ltd.,637.9,637.9,636.0,,636.0,635.0,1.0,,104.0,66258.0,3.0,1.8999999999999773,0.29785232795108596,0.15748031496062992,22086.0,637.0961538461538
2026-09-09T06:15:32+00:00,2026-09-09T12:00:32+05:45,2026-09-09,12:00:32,1788934532,2,6,12,nepse_official,OPEN,2026-09-09,NHPC,National Hydro Power Company Limited,261.0,261.0,256.0,,257.5,257.0,0.5,,18827.0,4839717.6,72.0,5.0,1.9157088122605364,0.19455252918287938,67218.29999999999,257.06260158283317
2026-09-09T06:15:32+00:00,2026-09-09T12:00:32+05:45,2026-09-09,12:00:32,1788934532,2,6,12,nepse_official,OPEN,2026-09-09,NIBLGF,NIBL Growth Fund,8.5,8.5,8.41,,8.41,8.5,-0.08999999999999986,,10100.0,85841.0,3.0,0.08999999999999986,1.0588235294117632,-1.0588235294117632,28613.666666666668,8.499108910891088
2026-09-09T06:15:32+00:00,2026-09-09T12:00:32+05:45,2026-09-09,12:00:32,1788934532,2,6,12,nepse_official,OPEN,2026-09-09,NIBLSTF,NIBL Stable Fund,8.34,8.34,8.34,,8.34,8.34,0.0,,100.0,834.0,1.0,0.0,0.0,0.0,834.0,8.34
2026-09-09T06:15:32+00:00,2026-09-09T12:00:32+05:45,2026-09-09,12:00:32,1788934532,2,6,12,nepse_official,OPEN,2026-09-09,NIBSF2,NIBL Samriddhi Fund -2,8.2,8.3,8.2,,8.3,8.3,0.0,,12100.0,99810.0,4.0,0.10000000000000142,1.2195121951219685,0.0,24952.5,8.248760330578513
2026-09-09T06:15:32+00:00,2026-09-09T12:00:32+05:45,2026-09-09,12:00:32,1788934532,2,6,12,nepse_official,OPEN,2026-09-09,NICA,NIC Asia Bank Ltd.,324.4,324.4,309.0,,310.0,309.0,1.0,,4692.0,1455948.4,34.0,15.399999999999977,4.747225647348945,0.3236245954692557,42822.01176470588,310.30443307757884
2026-09-09T06:15:32+00:00,2026-09-09T12:00:32+05:45,2026-09-09,12:00:32,1788934532,2,6,12,nepse_official,OPEN,2026-09-09,NICBF,NIC Asia Balanced Fund,8.65,8.72,8.62,,8.66,8.72,-0.0600000000000005,,11200.0,97556.86,5.0,0.10000000000000142,1.1560693641618662,-0.6880733944954185,19511.372,8.710433928571428
2026-09-09T06:15:32+00:00,2026-09-09T12:00:32+05:45,2026-09-09,12:00:32,1788934532,2,6,12,nepse_official,OPEN,2026-09-09,NICFC,NIC Asia Flexi CAP Fund,8.77,8.77,8.54,,8.54,8.77,-0.23000000000000043,,200.0,1731.0,2.0,0.23000000000000043,2.6225769669327303,-2.6225769669327303,865.5,8.655
2026-09-09T06:15:32+00:00,2026-09-09T12:00:32+05:45,2026-09-09,12:00:32,1788934532,2,6,12,nepse_official,OPEN,2026-09-09,NICGF2,NIC ASIA Growth Fund-2,8.72,8.89,8.72,,8.89,8.89,0.0,,200.0,1761.0,2.0,0.16999999999999993,1.9495412844036688,0.0,880.5,8.805
2026-09-09T06:15:32+00:00,2026-09-09T12:00:32+05:45,2026-09-09,12:00:32,1788934532,2,6,12,nepse_official,OPEN,2026-09-09,NICL,Nepal Insurance Co. Ltd.,432.5,433.0,432.5,,432.6,436.9,-4.2999999999999545,,1814.0,784930.8,13.0,0.5,0.11560693641618498,-0.9842069123369088,60379.29230769231,432.70716648291074
2026-09-09T06:15:32+00:00,2026-09-09T12:00:32+05:45,2026-09-09,12:00:32,1788934532,2,6,12,nepse_official,OPEN,2026-09-09,NICLBSL,NIC ASIA Laghubitta Bittiya Sanstha Limited,512.0,522.0,500.2,,504.0,512.8,-8.799999999999955,,1090.0,556144.0,20.0,21.80000000000001,4.257812500000002,-1.7160686427457013,27807.2,510.22385321100916
2026-09-09T06:15:32+00:00,2026-09-09T12:00:32+05:45,2026-09-09,12:00:32,1788934532,2,6,12,nepse_official,OPEN,2026-09-09,NIFRA,Nepal Infrastructure Bank Limited,240.0,242.0,240.0,,241.0,240.9,0.09999999999999432,,7740.0,1862844.7,90.0,2.0,0.8333333333333334,0.04151100041510765,20698.274444444443,240.67760981912144
2026-09-09T06:15:32+00:00,2026-09-09T12:00:32+05:45,2026-09-09,12:00:32,1788934532,2,6,12,nepse_official,OPEN,2026-09-09,NIL,Neco Insurance Limited,524.0,525.0,511.1,,524.9,525.0,-0.10000000000002274,,1009.0,523832.8,19.0,13.899999999999977,2.6526717557251867,-0.01904761904762338,27570.14736842105,519.1603567888999
2026-09-09T06:15:32+00:00,2026-09-09T12:00:32+05:45,2026-09-09,12:00:32,1788934532,2,6,12,nepse_official,OPEN,2026-09-09,NIMB,Nepal Investment Mega Bank Limited,192.9,192.9,182.0,,184.0,183.8,0.19999999999998863,,12742.0,2332704.4,63.0,10.900000000000006,5.650596163815451,0.1088139281828012,37027.05396825397,183.07207659708052
2026-09-09T06:15:32+00:00,2026-09-09T12:00:32+05:45,2026-09-09,12:00:32,1788934532,2,6,12,nepse_official,OPEN,2026-09-09,NIMBPO,Nepal Investment Mega Bank Ltd. Promoter Share,138.0,138.0,138.0,,138.0,139.0,-1.0,,310.0,42780.0,5.0,0.0,0.0,-0.7194244604316548,8556.0,138.0
2026-09-09T06:15:32+00:00,2026-09-09T12:00:32+05:45,2026-09-09,12:00:32,1788934532,2,6,12,nepse_official,OPEN,2026-09-09,NLG,NLG Insurance Company Ltd.,514.0,514.0,514.0,,514.0,514.5,-0.5,,100.0,51400.0,1.0,0.0,0.0,-0.09718172983479105,51400.0,514.0
2026-09-09T06:15:32+00:00,2026-09-09T12:00:32+05:45,2026-09-09,12:00:32,1788934532,2,6,12,nepse_official,OPEN,2026-09-09,NLIC,Nepal Life Insurance Co. Ltd.,701.0,701.0,695.1,,698.0,701.0,-3.0,,2575.0,1794270.8,29.0,5.899999999999977,0.8416547788873007,-0.42796005706134094,61871.40689655173,696.8041941747573
2026-09-09T06:15:32+00:00,2026-09-09T12:00:32+05:45,2026-09-09,12:00:32,1788934532,2,6,12,nepse_official,OPEN,2026-09-09,NLICL,National Life Insurance Co. Ltd.,546.3,548.0,546.0,,548.0,550.3,-2.2999999999999545,,96.0,52506.6,4.0,2.0,0.36609921288669234,-0.41795384335816005,13126.65,546.94375
2026-09-09T06:15:32+00:00,2026-09-09T12:00:32+05:45,2026-09-09,12:00:32,1788934532,2,6,12,nepse_official,OPEN,2026-09-09,NMB,NMB Bank Limited,251.8,251.8,239.0,,241.0,239.9,1.0999999999999943,,4269.0,1024277.0,27.0,12.800000000000011,5.083399523431299,0.4585243851604812,37936.18518518518,239.9337081283673
2026-09-09T06:15:32+00:00,2026-09-09T12:00:32+05:45,2026-09-09,12:00:32,1788934532,2,6,12,nepse_official,OPEN,2026-09-09,NMBHF2,NMB Hybrid Fund L- II,9.16,9.16,9.16,,9.16,9.24,-0.08000000000000007,,200.0,1832.0,2.0,0.0,0.0,-0.8658008658008665,916.0,9.16
2026-09-09T06:15:32+00:00,2026-09-09T12:00:32+05:45,2026-09-09,12:00:32,1788934532,2,6,12,nepse_official,OPEN,2026-09-09,NMFBS,National Laghubitta Bittiya Sanstha Limited,1137.0,1137.0,1121.0,,1134.0,1135.0,-1.0,,317.0,356657.0,7.0,16.0,1.4072119613016711,-0.0881057268722467,50951.0,1125.1009463722398
2026-09-09T06:15:32+00:00,2026-09-09T12:00:32+05:45,2026-09-09,12:00:32,1788934532,2,6,12,nepse_official,OPEN,2026-09-09,NMIC,Nepal Micro Insurance Company Limited,793.0,793.0,787.0,,788.0,793.0,-5.0,,260.0,205140.0,15.0,6.0,0.7566204287515763,-0.6305170239596469,13676.0,789.0
2026-09-09T06:15:32+00:00,2026-09-09T12:00:32+05:45,2026-09-09,12:00:32,1788934532,2,6,12,nepse_official,OPEN,2026-09-09,NMLBBL,Nerude Mirmire Laghubitta Bittiya Sanstha Limited,497.9,497.9,477.5,,488.0,488.0,0.0,,224.0,109117.8,8.0,20.399999999999977,4.097208274753962,0.0,13639.725,487.1330357142857
2026-09-09T06:15:32+00:00,2026-09-09T12:00:32+05:45,2026-09-09,12:00:32,1788934532,2,6,12,nepse_official,OPEN,2026-09-09,NRIC,Nepal Reinsurance Company Limited,810.0,810.0,800.0,,800.1,805.0,-4.899999999999977,,4923.0,3941007.5,43.0,10.0,1.2345679012345678,-0.6086956521739103,91651.33720930232,800.5296567133862
2026-09-09T06:15:32+00:00,2026-09-09T12:00:32+05:45,2026-09-09,12:00:32,1788934532,2,6,12,nepse_official,OPEN,2026-09-09,NRM,Nepal Republic Media Limited,287.0,287.0,279.0,,287.0,287.0,0.0,,1940.0,545082.0,21.0,8.0,2.7874564459930316,0.0,25956.285714285714,280.9701030927835
2026-09-09T06:15:32+00:00,2026-09-09T12:00:32+05:45,2026-09-09,12:00:32,1788934532,2,6,12,nepse_official,OPEN,2026-09-09,NRN,NRN Infrastructure and Development Limited,1400.0,1414.9,1393.5,,1410.0,1400.0,10.0,,8067.0,11328451.1,79.0,21.40000000000009,1.5285714285714351,0.7142857142857143,143398.1151898734,1404.295413412669
2026-09-09T06:15:32+00:00,2026-09-09T12:00:32+05:45,2026-09-09,12:00:32,1788934532,2,6,12,nepse_official,OPEN,2026-09-09,NSIF2,NMB Sulav Investment Fund - 2,9.87,9.87,9.87,,9.87,9.87,0.0,,200.0,1974.0,2.0,0.0,0.0,0.0,987.0,9.87
2026-09-09T06:15:32+00:00,2026-09-09T12:00:32+05:45,2026-09-09,12:00:32,1788934532,2,6,12,nepse_official,OPEN,2026-09-09,NSY,Nepal Life Samriddhi Lagani Yojana,9.03,9.03,8.94,,8.94,9.3,-0.3600000000000012,,700.0,6303.0,4.0,0.08999999999999986,0.9966777408637859,-3.8709677419354964,1575.75,9.004285714285714
2026-09-09T06:15:32+00:00,2026-09-09T12:00:32+05:45,2026-09-09,12:00:32,1788934532,2,6,12,nepse_official,OPEN,2026-09-09,NTC,Nepal Doorsanchar Company Limited,928.2,928.2,884.0,,885.1,884.0,1.1000000000000227,,2110.0,1873110.6,34.0,44.200000000000045,4.761904761904766,0.12443438914027406,55091.48823529412,887.7301421800948
2026-09-09T06:15:32+00:00,2026-09-09T12:00:32+05:45,2026-09-09,12:00:32,1788934532,2,6,12,nepse_official,OPEN,2026-09-09,NUBL,Nirdhan Utthan Laghubitta Bittiya Sanstha Limited,568.0,568.0,568.0,,568.0,568.0,0.0,,1.0,560.0,1.0,0.0,0.0,0.0,560.0,560.0
2026-09-09T06:15:32+00:00,2026-09-09T12:00:32+05:45,2026-09-09,12:00:32,1788934532,2,6,12,nepse_official,OPEN,2026-09-09,NWCL,Nepal Warehousing Company Limited ,596.1,596.1,581.1,,581.1,598.0,-16.899999999999977,,200.0,117125.5,6.0,15.0,2.5163563160543534,-2.8260869565217352,19520.916666666668,585.6275
2026-09-09T06:15:32+00:00,2026-09-09T12:00:32+05:45,2026-09-09,12:00:32,1788934532,2,6,12,nepse_official,OPEN,2026-09-09,NYADI,Nyadi Hydropower Limited,351.0,360.0,348.0,,351.0,351.1,-0.10000000000002274,,545.0,191449.5,10.0,12.0,3.418803418803419,-0.02848191398462624,19144.95,351.28348623853213
2026-09-09T06:15:32+00:00,2026-09-09T12:00:32+05:45,2026-09-09,12:00:32,1788934532,2,6,12,nepse_official,OPEN,2026-09-09,OHL,Oriental Hotels Limited,605.0,605.0,605.0,,605.0,623.0,-18.0,,25.0,15125.0,1.0,0.0,0.0,-2.889245585874799,15125.0,605.0
2026-09-09T06:15:32+00:00,2026-09-09T12:00:32+05:45,2026-09-09,12:00:32,1788934532,2,6,12,nepse_official,OPEN,2026-09-09,OMPL,Om Megashree Pharmaceuticals Limited,885.0,916.0,882.0,,916.0,895.0,21.0,,1225.0,1105402.7,43.0,34.0,3.84180790960452,2.346368715083799,25707.03953488372,902.3695510204082
2026-09-09T06:15:32+00:00,2026-09-09T12:00:32+05:45,2026-09-09,12:00:32,1788934532,2,6,12,nepse_official,OPEN,2026-09-09,PCBL,Prime Commercial Bank Ltd.,256.0,256.0,239.6,,240.0,243.9,-3.9000000000000057,,2030.0,487532.8,10.0,16.400000000000006,6.406250000000002,-1.599015990159904,48753.28,240.1639408866995
2026-09-09T06:15:32+00:00,2026-09-09T12:00:32+05:45,2026-09-09,12:00:32,1788934532,2,6,12,nepse_official,OPEN,2026-09-09,PCIL,Palpa Cement Industries Limited,618.2,632.0,614.1,,617.2,618.2,-1.0,,3935.0,2430104.3,191.0,17.899999999999977,2.8955030734390124,-0.16175994823681655,12723.059162303663,617.5614485387547
2026-09-09T06:15:32+00:00,2026-09-09T12:00:32+05:45,2026-09-09,12:00:32,1788934532,2,6,12,nepse_official,OPEN,2026-09-09,PHCL,Peoples Hydropower Company Limited,296.2,302.0,296.0,,298.1,298.8,-0.6999999999999886,,5550.0,1647125.3,32.0,6.0,2.025658338960162,-0.23427041499330276,51472.665625,296.77933333333334
2026-09-09T06:15:32+00:00,2026-09-09T12:00:32+05:45,2026-09-09,12:00:32,1788934532,2,6,12,nepse_official,OPEN,2026-09-09,PMHPL,Panchakanya Mai Hydropower Ltd,301.5,301.5,292.5,,293.0,294.9,-1.8999999999999773,,80.0,23605.0,5.0,9.0,2.9850746268656714,-0.64428619871142,4721.0,295.0625
2026-09-09T06:15:32+00:00,2026-09-09T12:00:32+05:45,2026-09-09,12:00:32,1788934532,2,6,12,nepse_official,OPEN,2026-09-09,PMLI,Prabhu Mahalaxmi Life Insurance Limited,400.0,412.6,400.0,,401.0,401.9,-0.8999999999999773,,971.0,389987.0,12.0,12.600000000000023,3.1500000000000057,-0.22393630256282096,32498.916666666668,401.6343975283213
2026-09-09T06:15:32+00:00,2026-09-09T12:00:32+05:45,2026-09-09,12:00:32,1788934532,2,6,12,nepse_official,OPEN,2026-09-09,PPCL,Panchthar Power Compant Limited,344.5,344.5,330.0,,331.1,338.5,-7.399999999999977,,3440.0,1147991.0,12.0,14.5,4.2089985486211905,-2.1861152141802003,95665.91666666667,333.71831395348835
2026-09-09T06:15:32+00:00,2026-09-09T12:00:32+05:45,2026-09-09,12:00:32,1788934532,2,6,12,nepse_official,OPEN,2026-09-09,PPL,People's Power Limited,306.0,308.0,297.3,,307.0,306.0,1.0,,1875.0,572645.3,21.0,10.699999999999989,3.4967320261437873,0.32679738562091504,27268.823809523812,305.4108266666667
2026-09-09T06:15:32+00:00,2026-09-09T12:00:32+05:45,2026-09-09,12:00:32,1788934532,2,6,12,nepse_official,OPEN,2026-09-09,PRIN,Prabhu Insurance Ltd.,570.0,612.0,570.0,,594.2,600.0,-5.7999999999999545,,1551.0,926174.8,23.0,42.0,7.368421052631578,-0.9666666666666591,40268.46956521739,597.146872985171
2026-09-09T06:15:32+00:00,2026-09-09T12:00:32+05:45,2026-09-09,12:00:32,1788934532,2,6,12,nepse_official,OPEN,2026-09-09,PROFL,Progressive Finance Limited,377.0,379.0,370.0,,370.0,380.0,-10.0,,2667.0,992370.0,17.0,9.0,2.3872679045092835,-2.631578947368421,58374.705882352944,372.0922384701912
2026-09-09T06:15:32+00:00,2026-09-09T12:00:32+05:45,2026-09-09,12:00:32,1788934532,2,6,12,nepse_official,OPEN,2026-09-09,PRSF,Prabhu Smart Fund,12.8,12.92,12.79,,12.79,12.7,0.08999999999999986,,181200.0,2323392.0,8.0,0.13000000000000078,1.0156250000000062,0.7086614173228336,290424.0,12.82225165562914
2026-09-09T06:15:32+00:00,2026-09-09T12:00:32+05:45,2026-09-09,12:00:32,1788934532,2,6,12,nepse_official,OPEN,2026-09-09,PRVU,Prabhu  Bank Limited,182.0,182.0,179.3,,180.2,180.0,0.19999999999998863,,7438.0,1340230.2,49.0,2.6999999999999886,1.4835164835164771,0.1111111111111048,27351.636734693875,180.1869050820113
2026-09-09T06:15:32+00:00,2026-09-09T12:00:32+05:45,2026-09-09,12:00:32,1788934532,2,6,12,nepse_official,OPEN,2026-09-09,PSF,Prabhu Select Fund,12.28,12.29,12.28,,12.29,12.28,0.009999999999999787,,20000.0,245700.0,2.0,0.009999999999999787,0.0814332247556986,0.0814332247556986,122850.0,12.285
2026-09-09T06:15:32+00:00,2026-09-09T12:00:32+05:45,2026-09-09,12:00:32,1788934532,2,6,12,nepse_official,OPEN,2026-09-09,PURE,Pure Energy Limited,760.0,770.0,753.0,,770.0,761.3,8.700000000000045,,811.0,622242.0,25.0,17.0,2.236842105263158,1.1427820832786084,24889.68,767.252774352651
2026-09-09T06:15:32+00:00,2026-09-09T12:00:32+05:45,2026-09-09,12:00:32,1788934532,2,6,12,nepse_official,OPEN,2026-09-09,RADHI,Radhi Bidyut Company Ltd,690.0,697.0,683.0,,694.0,690.0,4.0,,5160.0,3562355.8,15.0,14.0,2.0289855072463765,0.5797101449275363,237490.38666666666,690.3790310077519
2026-09-09T06:15:32+00:00,2026-09-09T12:00:32+05:45,2026-09-09,12:00:32,1788934532,2,6,12,nepse_official,OPEN,2026-09-09,RAWA,Rawa Energy Development Limited,413.0,413.0,405.0,,412.0,413.9,-1.8999999999999773,,5864.0,2391928.3,41.0,8.0,1.937046004842615,-0.4590480792461893,58339.71463414634,407.900460436562
2026-09-09T06:15:32+00:00,2026-09-09T12:00:32+05:45,2026-09-09,12:00:32,1788934532,2,6,12,nepse_official,OPEN,2026-09-09,RBBD83,8.5% RBBL Debenture 2083,1035.0,1035.0,1035.0,,1035.0,1010.3,24.700000000000045,,20.0,20700.0,1.0,0.0,0.0,2.4448183707809608,20700.0,1035.0
2026-09-09T06:15:32+00:00,2026-09-09T12:00:32+05:45,2026-09-09,12:00:32,1788934532,2,6,12,nepse_official,OPEN,2026-09-09,RBBF40,RBB Focus 40,9.0,9.0,8.8,,8.8,9.0,-0.1999999999999993,,200.0,1780.0,2.0,0.1999999999999993,2.2222222222222143,-2.2222222222222143,890.0,8.9
2026-09-09T06:15:32+00:00,2026-09-09T12:00:32+05:45,2026-09-09,12:00:32,1788934532,2,6,12,nepse_official,OPEN,2026-09-09,RBCL,Rastriya Beema Company Limited,14168.0,14168.0,13580.0,,13580.0,13755.6,-175.60000000000036,,30.0,417480.0,3.0,588.0,4.150197628458498,-1.2765709965395937,139160.0,13916.0
2026-09-09T06:15:32+00:00,2026-09-09T12:00:32+05:45,2026-09-09,12:00:32,1788934532,2,6,12,nepse_official,OPEN,2026-09-09,RFPL,River Falls Power Limited,328.0,330.0,321.0,,328.0,328.1,-0.10000000000002274,,5720.0,1854577.8,29.0,9.0,2.7439024390243905,-0.030478512648589674,63950.95862068966,324.2268881118881
2026-09-09T06:15:32+00:00,2026-09-09T12:00:32+05:45,2026-09-09,12:00:32,1788934532,2,6,12,nepse_official,OPEN,2026-09-09,RHGCL,Rapti Hydro And General Construction Limited,250.0,257.5,246.0,,250.0,250.0,0.0,,90.0,22596.0,6.0,11.5,4.6,0.0,3766.0,251.06666666666666
2026-09-09T06:15:32+00:00,2026-09-09T12:00:32+05:45,2026-09-09,12:00:32,1788934532,2,6,12,nepse_official,OPEN,2026-09-09,RHPL,RASUWAGADHI HYDROPOWER COMPANY LIMITED,170.0,170.2,165.3,,168.4,170.2,-1.799999999999983,,21567.0,3594302.6,110.0,4.899999999999977,2.8823529411764572,-1.0575793184488738,32675.478181818184,166.65751379422267
2026-09-09T06:15:32+00:00,2026-09-09T12:00:32+05:45,2026-09-09,12:00:32,1788934532,2,6,12,nepse_official,OPEN,2026-09-09,RIDI,Ridi Power Company Limited,348.0,351.9,345.1,,351.9,347.7,4.199999999999989,,41409.0,14439842.6,93.0,6.7999999999999545,1.9540229885057339,1.2079378774805833,155267.1247311828,348.712661498708
2026-09-09T06:15:32+00:00,2026-09-09T12:00:32+05:45,2026-09-09,12:00:32,1788934532,2,6,12,nepse_official,OPEN,2026-09-09,RLEL,Ridge Line Energy Limited,741.0,775.0,741.0,,775.0,760.0,15.0,,925.0,704267.0,28.0,34.0,4.588394062078273,1.9736842105263157,25152.39285714286,761.3697297297298
2026-09-09T06:15:32+00:00,2026-09-09T12:00:32+05:45,2026-09-09,12:00:32,1788934532,2,6,12,nepse_official,OPEN,2026-09-09,RLFL,Reliance Finance Ltd.,416.0,426.8,415.0,,423.9,424.0,-0.10000000000002274,,4465.0,1858169.8,22.0,11.800000000000011,2.8365384615384643,-0.02358490566038272,84462.26363636364,416.1634490481523
2026-09-09T06:15:32+00:00,2026-09-09T12:00:32+05:45,2026-09-09,12:00:32,1788934532,2,6,12,nepse_official,OPEN,2026-09-09,RMF1,RBB Mutual Fund 1,9.65,9.65,9.6,,9.6,9.7,-0.09999999999999964,,4000.0,38450.0,6.0,0.05000000000000071,0.518134715025914,-1.0309278350515427,6408.333333333333,9.6125
2026-09-09T06:15:32+00:00,2026-09-09T12:00:32+05:45,2026-09-09,12:00:32,1788934532,2,6,12,nepse_official,OPEN,2026-09-09,RMF2,RBB Mutual Fund 2,9.7,9.8,9.61,,9.8,9.7,0.10000000000000142,,10200.0,99931.0,4.0,0.19000000000000128,1.9587628865979514,1.0309278350515612,24982.75,9.797156862745098
2026-09-09T06:15:32+00:00,2026-09-09T12:00:32+05:45,2026-09-09,12:00:32,1788934532,2,6,12,nepse_official,OPEN,2026-09-09,RNLI,Reliable Nepal Life Insurance Limited,414.0,415.0,411.5,,412.0,414.0,-2.0,,1373.0,566377.4,40.0,3.5,0.8454106280193237,-0.4830917874396135,14159.435000000001,412.5108521485798
2026-09-09T06:15:32+00:00,2026-09-09T12:00:32+05:45,2026-09-09,12:00:32,1788934532,2,6,12,nepse_official,OPEN,2026-09-09,RSDC,RSDC Laghubitta Bittiya Sanstha Ltd.,628.0,628.0,615.0,,616.0,628.0,-12.0,,79.0,48601.0,5.0,13.0,2.0700636942675157,-1.910828025477707,9720.2,615.2025316455696
2026-09-09T06:15:32+00:00,2026-09-09T12:00:32+05:45,2026-09-09,12:00:32,1788934532,2,6,12,nepse_official,OPEN,2026-09-09,RSML,Reliance Spinning Mills Limited,2941.1,3045.0,2941.1,,3028.0,2940.0,88.0,,90912.0,270687407.9,407.0,103.90000000000009,3.5326918499881033,2.9931972789115644,665079.6262899262,2977.4662079813443
2026-09-09T06:15:32+00:00,2026-09-09T12:00:32+05:45,2026-09-09,12:00:32,1788934532,2,6,12,nepse_official,OPEN,2026-09-09,RSY,Reliable Samriddhi Yojana,9.47,9.48,9.47,,9.48,9.47,0.009999999999999787,,300.0,2843.0,3.0,0.009999999999999787,0.10559662090812867,0.10559662090812867,947.6666666666666,9.476666666666667
2026-09-09T06:15:32+00:00,2026-09-09T12:00:32+05:45,2026-09-09,12:00:32,1788934532,2,6,12,nepse_official,OPEN,2026-09-09,RSY2,Reliable Samriddhi Yojana -2,8.74,9.2,8.74,,9.0,9.01,-0.009999999999999787,,2100.0,18708.0,19.0,0.4599999999999991,5.263157894736832,-0.11098779134294992,984.6315789473684,8.90857142857143
2026-09-09T06:15:32+00:00,2026-09-09T12:00:32+05:45,2026-09-09,12:00:32,1788934532,2,6,12,nepse_official,OPEN,2026-09-09,RURU,Ru Ru Jalbidhyut Pariyojana Limited,573.1,590.0,573.1,,576.0,585.0,-9.0,,37.0,21487.0,4.0,16.899999999999977,2.948874541964749,-1.5384615384615385,5371.75,580.7297297297297
2026-09-09T06:15:32+00:00,2026-09-09T12:00:32+05:45,2026-09-09,12:00:32,1788934532,2,6,12,nepse_official,OPEN,2026-09-09,SABBL,Salapa Bikas Bank Limited,916.7,948.9,916.7,,943.0,916.7,26.299999999999955,,4566.0,4259823.6,86.0,32.19999999999993,3.512599541834835,2.8689865823060927,49532.83255813953,932.9442838370564
2026-09-09T06:15:32+00:00,2026-09-09T12:00:32+05:45,2026-09-09,12:00:32,1788934532,2,6,12,nepse_official,OPEN,2026-09-09,SADBL,Shangrila Development Bank Ltd.,395.0,416.0,395.0,,409.0,410.4,-1.3999999999999773,,610.0,249715.0,8.0,21.0,5.3164556962025316,-0.3411306042884935,31214.375,409.3688524590164
2026-09-09T06:15:32+00:00,2026-09-09T12:00:32+05:45,2026-09-09,12:00:32,1788934532,2,6,12,nepse_official,OPEN,2026-09-09,SAEF2,Sanima Equity Fund-2,9.0,9.2,8.97,,9.2,9.0,0.1999999999999993,,1750.0,15813.0,17.0,0.22999999999999865,2.5555555555555403,2.2222222222222143,930.1764705882352,9.036
2026-09-09T06:15:32+00:00,2026-09-09T12:00:32+05:45,2026-09-09,12:00:32,1788934532,2,6,12,nepse_official,OPEN,2026-09-09,SAGAR,Sagar Distillery Limited,1593.0,1593.0,1553.0,,1592.0,1593.0,-1.0,,739.0,1160423.0,21.0,40.0,2.5109855618330195,-0.06277463904582549,55258.23809523809,1570.2611637347768
2026-09-09T06:15:32+00:00,2026-09-09T12:00:32+05:45,2026-09-09,12:00:32,1788934532,2,6,12,nepse_official,OPEN,2026-09-09,SAGF,Sanima Growth Fund,9.3,9.33,9.3,,9.33,9.33,0.0,,300.0,2796.0,2.0,0.02999999999999936,0.32258064516128343,0.0,1398.0,9.32
2026-09-09T06:15:32+00:00,2026-09-09T12:00:32+05:45,2026-09-09,12:00:32,1788934532,2,6,12,nepse_official,OPEN,2026-09-09,SAHAS,Sahas Urja Limited,694.0,698.0,693.9,,695.5,694.0,1.5,,12509.0,8701030.1,94.0,4.100000000000023,0.5907780979827122,0.21613832853025938,92564.15,695.5815892557358
2026-09-09T06:15:32+00:00,2026-09-09T12:00:32+05:45,2026-09-09,12:00:32,1788934532,2,6,12,nepse_official,OPEN,2026-09-09,SAIL,Shreenagar Agritech Industries Limited,1050.0,1075.0,1050.0,,1072.0,1056.2,15.799999999999955,,8238.0,8757049.2,144.0,25.0,2.380952380952381,1.4959288013633738,60812.84166666666,1063.006700655499
2026-09-09T06:15:32+00:00,2026-09-09T12:00:32+05:45,2026-09-09,12:00:32,1788934532,2,6,12,nepse_official,OPEN,2026-09-09,SALICO,Sagarmatha Lumbini Insurance Co. Limited,535.0,535.0,519.0,,519.0,527.5,-8.5,,564.0,295145.0,10.0,16.0,2.990654205607477,-1.6113744075829384,29514.5,523.3067375886525
2026-09-09T06:15:32+00:00,2026-09-09T12:00:32+05:45,2026-09-09,12:00:32,1788934532,2,6,12,nepse_official,OPEN,2026-09-09,SAND2085,10% Sanima Bank Limited Debenture,1115.5,1115.5,1115.5,,1115.5,1149.9,-34.40000000000009,,205.0,228677.5,1.0,0.0,0.0,-2.9915644838681703,228677.5,1115.5
2026-09-09T06:15:32+00:00,2026-09-09T12:00:32+05:45,2026-09-09,12:00:32,1788934532,2,6,12,nepse_official,OPEN,2026-09-09,SANIMA,Sanima Bank Limited,365.1,367.1,362.1,,367.1,365.0,2.1000000000000227,,11762.0,4289230.6,36.0,5.0,1.369487811558477,0.575342465753431,119145.29444444443,364.6684747491923
2026-09-09T06:15:32+00:00,2026-09-09T12:00:32+05:45,2026-09-09,12:00:32,1788934532,2,6,12,nepse_official,OPEN,2026-09-09,SANVI,Sanvi Energy Limited,559.0,567.0,555.1,,567.0,559.0,8.0,,450.0,254071.0,13.0,11.899999999999977,2.1288014311270085,1.4311270125223614,19543.923076923078,564.6022222222222
2026-09-09T06:15:32+00:00,2026-09-09T12:00:32+05:45,2026-09-09,12:00:32,1788934532,2,6,12,nepse_official,OPEN,2026-09-09,SAPDBL,Saptakoshi Development Bank Ltd,683.0,683.0,665.0,,675.0,682.0,-7.0,,3479.0,2328350.6,50.0,18.0,2.635431918008785,-1.0263929618768328,46567.012,669.258580051739
2026-09-09T06:15:32+00:00,2026-09-09T12:00:32+05:45,2026-09-09,12:00:32,1788934532,2,6,12,nepse_official,OPEN,2026-09-09,SAPIL,Sarvottam Paints Industries Limited,1245.0,1275.0,1228.0,,1261.0,1245.0,16.0,,9611.0,12066893.8,406.0,47.0,3.775100401606426,1.285140562248996,29721.41330049261,1255.5294766413485
2026-09-09T06:15:32+00:00,2026-09-09T12:00:32+05:45,2026-09-09,12:00:32,1788934532,2,6,12,nepse_official,OPEN,2026-09-09,SARBTM,Sarbottam Cement Limited,798.0,800.0,795.5,,800.0,797.0,3.0,,1980.0,1576720.0,12.0,4.5,0.5639097744360901,0.37641154328732745,131393.33333333334,796.3232323232323
2026-09-09T06:15:32+00:00,2026-09-09T12:00:32+05:45,2026-09-09,12:00:32,1788934532,2,6,12,nepse_official,OPEN,2026-09-09,SBI,Nepal SBI Bank Limited,395.0,395.2,395.0,,395.2,402.0,-6.800000000000011,,492.0,194434.4,3.0,0.19999999999998863,0.05063291139240218,-1.6915422885572167,64811.46666666667,395.1918699186992
2026-09-09T06:15:32+00:00,2026-09-09T12:00:32+05:45,2026-09-09,12:00:32,1788934532,2,6,12,nepse_official,OPEN,2026-09-09,SBL,Siddhartha Bank Limited,442.5,442.5,417.2,,422.3,421.5,0.8000000000000114,,16608.0,7009412.0,49.0,25.30000000000001,5.717514124293787,0.18979833926453413,143049.22448979592,422.0503371868979
2026-09-09T06:15:32+00:00,2026-09-09T12:00:32+05:45,2026-09-09,12:00:32,1788934532,2,6,12,nepse_official,OPEN,2026-09-09,SBLD2091,7.25% SBL Debenture 2091,1100.0,1115.0,1100.0,,1115.0,1090.0,25.0,,500.0,554440.0,3.0,15.0,1.3636363636363635,2.293577981651376,184813.33333333334,1108.88
2026-09-09T06:15:32+00:00,2026-09-09T12:00:32+05:45,2026-09-09,12:00:32,1788934532,2,6,12,nepse_official,OPEN,2026-09-09,SCB,Standard Chartered Bank Limited,649.0,654.9,649.0,,652.0,649.1,2.8999999999999773,,755.0,493247.4,14.0,5.899999999999977,0.9090909090909056,0.44677245416730504,35231.95714285714,653.3078145695365
2026-09-09T06:15:32+00:00,2026-09-09T12:00:32+05:45,2026-09-09,12:00:32,1788934532,2,6,12,nepse_official,OPEN,2026-09-09,SEF,Siddhartha Equity Fund,9.4,9.5,9.4,,9.5,9.41,0.08999999999999986,,20200.0,190900.0,5.0,0.09999999999999964,1.0638297872340388,0.9564293304994672,38180.0,9.450495049504951
2026-09-09T06:15:32+00:00,2026-09-09T12:00:32+05:45,2026-09-09,12:00:32,1788934532,2,6,12,nepse_official,OPEN,2026-09-09,SEF2,Siddhartha Equity Fund 2,8.74,9.0,8.74,,9.0,9.0,0.0,,1700.0,15045.0,15.0,0.2599999999999998,2.9748283752860387,0.0,1003.0,8.85
2026-09-09T06:15:32+00:00,2026-09-09T12:00:32+05:45,2026-09-09,12:00:32,1788934532,2,6,12,nepse_official,OPEN,2026-09-09,SFMF,Sunrise First Mutual Fund,9.25,9.25,9.06,,9.06,9.02,0.040000000000000924,,5100.0,46430.0,4.0,0.1899999999999995,2.0540540540540486,0.44345898004435613,11607.5,9.10392156862745
2026-09-09T06:15:32+00:00,2026-09-09T12:00:32+05:45,2026-09-09,12:00:32,1788934532,2,6,12,nepse_official,OPEN,2026-09-09,SGHC,Swet-Ganga Hydropower & Construction Limited ,296.0,297.0,291.0,,297.0,295.0,2.0,,4170.0,1221247.0,29.0,6.0,2.027027027027027,0.6779661016949152,42111.96551724138,292.8649880095923
2026-09-09T06:15:32+00:00,2026-09-09T12:00:32+05:45,2026-09-09,12:00:32,1788934532,2,6,12,nepse_official,OPEN,2026-09-09,SGHL,Sanigad Hydro Limited,490.0,513.7,490.0,,508.4,499.3,9.099999999999966,,17439.0,8797468.1,547.0,23.700000000000045,4.836734693877561,1.8225515722010748,16083.122669104205,504.47090429497104
2026-09-09T06:15:32+00:00,2026-09-09T12:00:32+05:45,2026-09-09,12:00:32,1788934532,2,6,12,nepse_official,OPEN,2026-09-09,SGIC,Sanima GIC Insurance Limited,380.0,381.0,376.2,,378.1,379.0,-0.8999999999999773,,2771.0,1050172.9,31.0,4.800000000000011,1.263157894736845,-0.237467018469651,33876.54516129032,378.9869722121977
2026-09-09T06:15:32+00:00,2026-09-09T12:00:32+05:45,2026-09-09,12:00:32,1788934532,2,6,12,nepse_official,OPEN,2026-09-09,SHEL,Singati Hydro Energy Limited,294.0,294.1,284.3,,293.9,293.9,0.0,,16292.0,4722732.0,60.0,9.800000000000011,3.3333333333333375,0.0,78712.2,289.88043211392096
2026-09-09T06:15:32+00:00,2026-09-09T12:00:32+05:45,2026-09-09,12:00:32,1788934532,2,6,12,nepse_official,OPEN,2026-09-09,SHINE,Shine Resunga Development Bank Ltd.,417.1,420.0,416.1,,420.0,419.9,0.10000000000002274,,1692.0,707382.4,12.0,3.8999999999999773,0.9350275713258157,0.023815194093837283,58948.53333333333,418.07470449172575
2026-09-09T06:15:32+00:00,2026-09-09T12:00:32+05:45,2026-09-09,12:00:32,1788934532,2,6,12,nepse_official,OPEN,2026-09-09,SHIVM,SHIVAM CEMENTS LTD,664.2,678.8,660.0,,678.8,664.2,14.599999999999909,,97360.0,65582056.7,304.0,18.799999999999955,2.8304727491719293,2.198133092442022,215730.44967105263,673.6037048069022
2026-09-09T06:15:32+00:00,2026-09-09T12:00:32+05:45,2026-09-09,12:00:32,1788934532,2,6,12,nepse_official,OPEN,2026-09-09,SHL,Soaltee Hotel Limited,501.0,506.6,501.0,,506.6,502.5,4.100000000000023,,650.0,327990.0,3.0,5.600000000000023,1.117764471057889,0.8159203980099548,109330.0,504.6
2026-09-09T06:15:32+00:00,2026-09-09T12:00:32+05:45,2026-09-09,12:00:32,1788934532,2,6,12,nepse_official,OPEN,2026-09-09,SHLB,Shrijanshil Laghubitta Bittiya Sanstha Limited,1250.0,1250.0,1250.0,,1250.0,1265.0,-15.0,,100.0,125000.0,3.0,0.0,0.0,-1.185770750988142,41666.666666666664,1250.0
2026-09-09T06:15:32+00:00,2026-09-09T12:00:32+05:45,2026-09-09,12:00:32,1788934532,2,6,12,nepse_official,OPEN,2026-09-09,SHPC,Sanima Mai Hydropower Ltd.,506.0,514.0,506.0,,514.0,509.8,4.199999999999989,,22316.0,11402042.6,50.0,8.0,1.5810276679841897,0.8238524911730067,228040.85199999998,510.9357680587919
2026-09-09T06:15:32+00:00,2026-09-09T12:00:32+05:45,2026-09-09,12:00:32,1788934532,2,6,12,nepse_official,OPEN,2026-09-09,SICL,Shikhar Insurance Co. Ltd.,534.0,540.0,525.0,,535.0,550.0,-15.0,,857.0,454002.0,14.0,15.0,2.8089887640449436,-2.727272727272727,32428.714285714286,529.757292882147
2026-09-09T06:15:32+00:00,2026-09-09T12:00:32+05:45,2026-09-09,12:00:32,1788934532,2,6,12,nepse_official,OPEN,2026-09-09,SIFC,Shree Investment Finance Co. Ltd.,479.7,479.7,475.0,,475.0,480.1,-5.100000000000023,,2985.0,1420710.0,10.0,4.699999999999989,0.979779028559514,-1.062278691939184,142071.0,475.9497487437186
2026-09-09T06:15:32+00:00,2026-09-09T12:00:32+05:45,2026-09-09,12:00:32,1788934532,2,6,12,nepse_official,OPEN,2026-09-09,SIGS3,Siddhartha Investment Growth Scheme 3,10.0,10.06,10.0,,10.03,10.2,-0.16999999999999993,,3651.0,36720.06,3.0,0.0600000000000005,0.600000000000005,-1.6666666666666659,12240.019999999999,10.057534921939194
2026-09-09T06:15:32+00:00,2026-09-09T12:00:32+05:45,2026-09-09,12:00:32,1788934532,2,6,12,nepse_official,OPEN,2026-09-09,SIKLES,Sikles Hydropower Limited,573.0,575.0,570.0,,572.0,578.0,-6.0,,680.0,388285.5,8.0,5.0,0.8726003490401396,-1.0380622837370241,48535.6875,571.0080882352942
2026-09-09T06:15:32+00:00,2026-09-09T12:00:32+05:45,2026-09-09,12:00:32,1788934532,2,6,12,nepse_official,OPEN,2026-09-09,SINDU,Sindhu Bikash Bank Ltd,493.5,493.5,423.1,,423.1,497.7,-74.59999999999997,,3618.0,1553854.5,45.0,70.39999999999998,14.265450861195536,-14.98894916616435,34530.1,429.478855721393
2026-09-09T06:15:32+00:00,2026-09-09T12:00:32+05:45,2026-09-09,12:00:32,1788934532,2,6,12,nepse_official,OPEN,2026-09-09,SIPD,Shikhar power Development Limited,582.0,625.0,582.0,,617.0,591.1,25.899999999999977,,4130.0,2513863.5,103.0,43.0,7.3883161512027495,4.381661309423106,24406.441747572815,608.6836561743341
2026-09-09T06:15:32+00:00,2026-09-09T12:00:32+05:45,2026-09-09,12:00:32,1788934532,2,6,12,nepse_official,OPEN,2026-09-09,SJCL,SANJEN JALAVIDHYUT COMPANY LIMITED,232.0,238.0,231.3,,232.0,232.5,-0.5,,4563.0,1059522.0,36.0,6.699999999999989,2.8879310344827536,-0.21505376344086022,29431.166666666668,232.19855358316897
2026-09-09T06:15:32+00:00,2026-09-09T12:00:32+05:45,2026-09-09,12:00:32,1788934532,2,6,12,nepse_official,OPEN,2026-09-09,SJLIC,SuryaJyoti Life Insurance Company Limited,395.1,400.0,395.0,,396.1,398.0,-1.8999999999999773,,2100.0,834648.8,25.0,5.0,1.2655024044545684,-0.47738693467336113,33385.952000000005,397.4518095238096
2026-09-09T06:15:32+00:00,2026-09-09T12:00:32+05:45,2026-09-09,12:00:32,1788934532,2,6,12,nepse_official,OPEN,2026-09-09,SKBBL,Sana Kisan Bikas Laghubitta Bittiya Sanstha Limited,745.2,759.0,745.0,,759.0,746.1,12.899999999999977,,283.0,211712.5,9.0,14.0,1.8786902844873858,1.7289907519099286,23523.61111111111,748.1007067137809
2026-09-09T06:15:32+00:00,2026-09-09T12:00:32+05:45,2026-09-09,12:00:32,1788934532,2,6,12,nepse_official,OPEN,2026-09-09,SKHEL,Suryakunda Hydro Electric Limited,805.1,829.2,805.1,,829.2,830.0,-0.7999999999999545,,1229.0,1005587.0,16.0,24.100000000000023,2.9934169668364206,-0.09638554216866922,62849.1875,818.2156224572824
2026-09-09T06:15:32+00:00,2026-09-09T12:00:32+05:45,2026-09-09,12:00:32,1788934532,2,6,12,nepse_official,OPEN,2026-09-09,SKHL,Super Khudi Hydropower Limited,725.0,738.0,725.0,,738.0,725.0,13.0,,2742.0,2005858.4,58.0,13.0,1.7931034482758619,1.7931034482758619,34583.76551724138,731.5311451495259
2026-09-09T06:15:32+00:00,2026-09-09T12:00:32+05:45,2026-09-09,12:00:32,1788934532,2,6,12,nepse_official,OPEN,2026-09-09,SLBBL,Swarojgar Laghubitta Bittiya Sanstha Ltd.,805.0,805.0,790.0,,790.0,799.0,-9.0,,32.0,25580.0,2.0,15.0,1.8633540372670807,-1.1264080100125156,12790.0,799.375
2026-09-09T06:15:32+00:00,2026-09-09T12:00:32+05:45,2026-09-09,12:00:32,1788934532,2,6,12,nepse_official,OPEN,2026-09-09,SLBSL,Samudayik Laghubitta Bittiya Sanstha Limited,900.0,900.0,874.1,,874.1,899.0,-24.899999999999977,,230.0,206716.0,4.0,25.899999999999977,2.877777777777775,-2.769744160177973,51679.0,898.7652173913043
2026-09-09T06:15:32+00:00,2026-09-09T12:00:32+05:45,2026-09-09,12:00:32,1788934532,2,6,12,nepse_official,OPEN,2026-09-09,SMATA,Samata Gharelu Laghubitta Bittiya Sanstha Limited,700.0,700.0,695.0,,695.0,695.0,0.0,,32.0,22290.0,3.0,5.0,0.7142857142857143,0.0,7430.0,696.5625
2026-09-09T06:15:32+00:00,2026-09-09T12:00:32+05:45,2026-09-09,12:00:32,1788934532,2,6,12,nepse_official,OPEN,2026-09-09,SMB,Support Microfinance Bittiya Sanstha Ltd.,1813.0,1813.0,1750.1,,1750.1,1785.0,-34.90000000000009,,157.0,280339.9,4.0,62.90000000000009,3.4693877551020456,-1.955182072829137,70084.975,1785.6044585987263
2026-09-09T06:15:32+00:00,2026-09-09T12:00:32+05:45,2026-09-09,12:00:32,1788934532,2,6,12,nepse_official,OPEN,2026-09-09,SMFBS,Swabhimaan Laghubitta Bittiya Sanstha Limited,1307.0,1307.0,1306.1,,1306.1,1345.0,-38.90000000000009,,37.0,48350.0,2.0,0.900000000000091,0.06885998469778815,-2.8921933085501927,24175.0,1306.7567567567567
2026-09-09T06:15:32+00:00,2026-09-09T12:00:32+05:45,2026-09-09,12:00:32,1788934532,2,6,12,nepse_official,OPEN,2026-09-09,SMH,Super Mai Hydropower Limited,507.0,510.0,501.1,,509.0,509.3,-0.30000000000001137,,476.0,242061.2,9.0,8.899999999999977,1.7554240631163662,-0.05890437855880843,26895.68888888889,508.53193277310925
2026-09-09T06:15:32+00:00,2026-09-09T12:00:32+05:45,2026-09-09,12:00:32,1788934532,2,6,12,nepse_official,OPEN,2026-09-09,SMHL,Super Madi Hydropower Limited,460.0,474.9,460.0,,470.0,458.26,11.740000000000009,,36995.0,17347041.3,288.0,14.899999999999977,3.2391304347826035,2.56186444376555,60232.78229166667,468.9023192323287
2026-09-09T06:15:32+00:00,2026-09-09T12:00:32+05:45,2026-09-09,12:00:32,1788934532,2,6,12,nepse_official,OPEN,2026-09-09,SMJC,Sagarmatha Jalabidhyut Company Limited,401.1,402.0,400.0,,401.0,403.0,-2.0,,443.0,177338.0,16.0,2.0,0.49862877088007973,-0.49627791563275436,11083.625,400.3115124153499
2026-09-09T06:15:32+00:00,2026-09-09T12:00:32+05:45,2026-09-09,12:00:32,1788934532,2,6,12,nepse_official,OPEN,2026-09-09,SMPDA,Sampada Laghubitta Bittiya Sanstha Limited,710.7,713.0,710.7,,712.0,721.0,-9.0,,573.0,408232.6,5.0,2.2999999999999545,0.32362459546924927,-1.248266296809986,81646.51999999999,712.4478184991274
2026-09-09T06:15:32+00:00,2026-09-09T12:00:32+05:45,2026-09-09,12:00:32,1788934532,2,6,12,nepse_official,OPEN,2026-09-09,SNLI,Sun Nepal Life Insurance Company Limited,389.0,389.0,385.8,,387.0,389.0,-2.0,,1421.0,548905.9,52.0,3.1999999999999886,0.8226221079691487,-0.5141388174807198,10555.882692307692,386.2814215341309
2026-09-09T06:15:32+00:00,2026-09-09T12:00:32+05:45,2026-09-09,12:00:32,1788934532,2,6,12,nepse_official,OPEN,2026-09-09,SNORL,Snow Rivers Limited,878.0,878.0,860.0,,871.2,878.0,-6.7999999999999545,,850.0,741065.0,56.0,18.0,2.050113895216401,-0.7744874715261908,13233.30357142857,871.8411764705883
2026-09-09T06:15:32+00:00,2026-09-09T12:00:32+05:45,2026-09-09,12:00:32,1788934532,2,6,12,nepse_official,OPEN,2026-09-09,SOHL,Solu Hydropower Limited,660.0,662.8,651.2,,660.0,654.0,6.0,,40075.0,26465631.1,327.0,11.599999999999909,1.757575757575744,0.9174311926605505,80934.65168195718,660.4025227698066
2026-09-09T06:15:32+00:00,2026-09-09T12:00:32+05:45,2026-09-09,12:00:32,1788934532,2,6,12,nepse_official,OPEN,2026-09-09,SONA,Sonapur Minerals And Oil Limited,380.0,406.9,380.0,,403.3,398.0,5.300000000000011,,10389.0,4145275.9,100.0,26.899999999999977,7.078947368421047,1.3316582914572894,41452.759,399.00624699201074
2026-09-09T06:15:32+00:00,2026-09-09T12:00:32+05:45,2026-09-09,12:00:32,1788934532,2,6,12,nepse_official,OPEN,2026-09-09,SOPL,Sopan Pharmaceuticals Limited,738.0,749.0,730.3,,748.0,738.0,10.0,,4608.0,3392276.0,187.0,18.700000000000045,2.533875338753394,1.3550135501355014,18140.513368983957,736.1710069444445
2026-09-09T06:15:32+00:00,2026-09-09T12:00:32+05:45,2026-09-09,12:00:32,1788934532,2,6,12,nepse_official,OPEN,2026-09-09,SPC,Samling Power Company Limited,417.9,417.9,390.0,,390.0,398.0,-8.0,,1798.0,710435.0,16.0,27.899999999999977,6.676238334529787,-2.0100502512562812,44402.1875,395.1251390433815
2026-09-09T06:15:32+00:00,2026-09-09T12:00:32+05:45,2026-09-09,12:00:32,1788934532,2,6,12,nepse_official,OPEN,2026-09-09,SPDL,Synergy Power Development Ltd.,354.9,354.9,347.9,,347.9,346.0,1.8999999999999773,,160.0,55750.0,4.0,7.0,1.9723865877712032,0.549132947976872,13937.5,348.4375
2026-09-09T06:15:32+00:00,2026-09-09T12:00:32+05:45,2026-09-09,12:00:32,1788934532,2,6,12,nepse_official,OPEN,2026-09-09,SPHL,Sayapatri Hydropower Limited,525.0,525.0,487.8,,516.0,514.0,2.0,,1173.0,595830.3,20.0,37.19999999999999,7.085714285714284,0.38910505836575876,29791.515000000003,507.95421994884913
2026-09-09T06:15:32+00:00,2026-09-09T12:00:32+05:45,2026-09-09,12:00:32,1788934532,2,6,12,nepse_official,OPEN,2026-09-09,SPIL,Siddhartha Premier Insurance Limited,600.0,600.0,590.2,,590.2,599.9,-9.699999999999932,,250.0,148540.0,3.0,9.799999999999955,1.633333333333326,-1.616936156025993,49513.333333333336,594.16
2026-09-09T06:15:32+00:00,2026-09-09T12:00:32+05:45,2026-09-09,12:00:32,1788934532,2,6,12,nepse_official,OPEN,2026-09-09,SPL,Shuvam Power Limited,597.2,600.0,594.0,,594.0,615.6,-21.600000000000023,,30.0,17912.0,3.0,6.0,1.0046885465505693,-3.5087719298245648,5970.666666666667,597.0666666666667
2026-09-09T06:15:32+00:00,2026-09-09T12:00:32+05:45,2026-09-09,12:00:32,1788934532,2,6,12,nepse_official,OPEN,2026-09-09,SRLI,Sanima Reliance Life Insurance Limited,351.4,355.0,351.4,,353.1,355.0,-1.8999999999999773,,319.0,112555.3,14.0,3.6000000000000227,1.0244735344337004,-0.5352112676056274,8039.664285714286,352.8379310344828
2026-09-09T06:15:32+00:00,2026-09-09T12:00:32+05:45,2026-09-09,12:00:32,1788934532,2,6,12,nepse_official,OPEN,2026-09-09,SSHL,Shiva Shree Hydropower Ltd,193.0,195.0,192.0,,194.9,193.0,1.9000000000000057,,7253.0,1400266.5,33.0,3.0,1.5544041450777202,0.9844559585492259,42432.318181818184,193.06031986764097
2026-09-09T06:15:32+00:00,2026-09-09T12:00:32+05:45,2026-09-09,12:00:32,1788934532,2,6,12,nepse_official,OPEN,2026-09-09,STC,Salt Trading Corporation,5225.0,5288.0,5225.0,,5250.0,5226.1,23.899999999999636,,31.0,162918.0,3.0,63.0,1.2057416267942584,0.4573199900499346,54306.0,5255.419354838709
2026-09-09T06:15:32+00:00,2026-09-09T12:00:32+05:45,2026-09-09,12:00:32,1788934532,2,6,12,nepse_official,OPEN,2026-09-09,SWASTIK,Swastik Laghubitta Bittiya Sanstha Limited,1821.0,1821.0,1820.0,,1820.0,1859.0,-39.0,,60.0,109220.0,3.0,1.0,0.054914881933003847,-2.097902097902098,36406.666666666664,1820.3333333333333
2026-09-09T06:15:32+00:00,2026-09-09T12:00:32+05:45,2026-09-09,12:00:32,1788934532,2,6,12,nepse_official,OPEN,2026-09-09,SWBBL,Swabalamban Laghubitta Bittiya Sanstha Limited,679.0,679.1,677.0,,677.0,677.0,0.0,,876.0,593872.6,8.0,2.1000000000000227,0.30927835051546726,0.0,74234.075,677.9367579908676
2026-09-09T06:15:32+00:00,2026-09-09T12:00:32+05:45,2026-09-09,12:00:32,1788934532,2,6,12,nepse_official,OPEN,2026-09-09,SYPNL,SY Panel Nepal Limited,1335.0,1378.0,1335.0,,1369.0,1344.0,25.0,,23313.0,31698814.1,300.0,43.0,3.2209737827715355,1.8601190476190477,105662.71366666668,1359.7054904988634
2026-09-09T06:15:32+00:00,2026-09-09T12:00:32+05:45,2026-09-09,12:00:32,1788934532,2,6,12,nepse_official,OPEN,2026-09-09,TAMOR,Sanima Middle Tamor Hydropower Limited,496.0,497.6,490.1,,496.0,497.1,-1.1000000000000227,,83441.0,41235401.5,116.0,7.5,1.5120967741935485,-0.22128344397505986,355477.599137931,494.1863292625927
2026-09-09T06:15:32+00:00,2026-09-09T12:00:32+05:45,2026-09-09,12:00:32,1788934532,2,6,12,nepse_official,OPEN,2026-09-09,TPC,Terhathum Power Company Limited,346.0,346.0,346.0,,346.0,346.0,0.0,,295.0,102070.0,5.0,0.0,0.0,0.0,20414.0,346.0
2026-09-09T06:15:32+00:00,2026-09-09T12:00:32+05:45,2026-09-09,12:00:32,1788934532,2,6,12,nepse_official,OPEN,2026-09-09,TPKHL,Taksar Pikhuwa Khola Hydropower Limited,504.0,510.0,500.0,,507.3,510.0,-2.6999999999999886,,6729.0,3416849.9,222.0,10.0,1.984126984126984,-0.5294117647058801,15391.215765765764,507.7797443899539
2026-09-09T06:15:32+00:00,2026-09-09T12:00:32+05:45,2026-09-09,12:00:32,1788934532,2,6,12,nepse_official,OPEN,2026-09-09,TRH,Taragaon Regency Hotel Limited,795.0,805.0,795.0,,795.0,798.0,-3.0,,160.0,128450.0,3.0,10.0,1.257861635220126,-0.37593984962406013,42816.666666666664,802.8125
2026-09-09T06:15:32+00:00,2026-09-09T12:00:32+05:45,2026-09-09,12:00:32,1788934532,2,6,12,nepse_official,OPEN,2026-09-09,TSHL,Three Star Hydropower Limited,333.0,340.0,333.0,,340.0,333.0,7.0,,822.0,277758.0,10.0,7.0,2.1021021021021022,2.1021021021021022,27775.8,337.9051094890511
2026-09-09T06:15:32+00:00,2026-09-09T12:00:32+05:45,2026-09-09,12:00:32,1788934532,2,6,12,nepse_official,OPEN,2026-09-09,TTL,Trade Tower Limited,687.0,690.0,682.2,,687.0,685.0,2.0,,845.0,581006.0,28.0,7.7999999999999545,1.1353711790392946,0.291970802919708,20750.214285714286,687.5810650887574
2026-09-09T06:15:32+00:00,2026-09-09T12:00:32+05:45,2026-09-09,12:00:32,1788934532,2,6,12,nepse_official,OPEN,2026-09-09,TVCL,Trishuli Jal Vidhyut Company Limited ,311.0,311.0,309.0,,310.0,317.2,-7.199999999999989,,2090.0,648316.0,22.0,2.0,0.6430868167202572,-2.2698612862547254,29468.909090909092,310.199043062201
2026-09-09T06:15:32+00:00,2026-09-09T12:00:32+05:45,2026-09-09,12:00:32,1788934532,2,6,12,nepse_official,OPEN,2026-09-09,UAIL,United Ajod Insurance Limited,368.0,368.0,365.0,,368.0,368.5,-0.5,,1948.0,714142.7,33.0,3.0,0.8152173913043478,-0.13568521031207598,21640.687878787878,366.60302874743326
2026-09-09T06:15:32+00:00,2026-09-09T12:00:32+05:45,2026-09-09,12:00:32,1788934532,2,6,12,nepse_official,OPEN,2026-09-09,UHEWA,Upper Hewakhola Hydropower Company Limited,580.0,615.0,580.0,,589.8,586.2,3.599999999999909,,3513.0,2072966.4,25.0,35.0,6.0344827586206895,0.6141248720573028,82918.656,590.0843723313407
2026-09-09T06:15:32+00:00,2026-09-09T12:00:32+05:45,2026-09-09,12:00:32,1788934532,2,6,12,nepse_official,OPEN,2026-09-09,ULBSL,Upakar Laghubitta Bittiya Sanstha Limited,2980.0,2980.0,2672.2,,2672.2,2840.0,-167.80000000000018,,40.0,112470.0,4.0,307.8000000000002,10.32885906040269,-5.908450704225358,28117.5,2811.75
2026-09-09T06:15:32+00:00,2026-09-09T12:00:32+05:45,2026-09-09,12:00:32,1788934532,2,6,12,nepse_official,OPEN,2026-09-09,ULHC,Upper Lohore Khola Hydropower Company Limited,267.8,299.0,267.8,,298.9,260.0,38.89999999999998,,16722.0,4973410.1,115.0,31.19999999999999,11.650485436893199,14.961538461538455,43247.044347826086,297.4171809592154
2026-09-09T06:15:32+00:00,2026-09-09T12:00:32+05:45,2026-09-09,12:00:32,1788934532,2,6,12,nepse_official,OPEN,2026-09-09,UMHL,United Modi Hydropower Ltd.,550.0,559.0,550.0,,551.2,553.9,-2.699999999999932,,1344.0,744731.6,8.0,9.0,1.6363636363636365,-0.4874526087741347,93091.45,554.1157738095238
2026-09-09T06:15:32+00:00,2026-09-09T12:00:32+05:45,2026-09-09,12:00:32,1788934532,2,6,12,nepse_official,OPEN,2026-09-09,UMRH,United IDI Mardi RB Hydropower Limited.,518.8,518.8,518.0,,518.0,519.7,-1.7000000000000455,,100.0,51840.0,2.0,0.7999999999999545,0.15420200462605138,-0.32711179526650863,25920.0,518.4
2026-09-09T06:15:32+00:00,2026-09-09T12:00:32+05:45,2026-09-09,12:00:32,1788934532,2,6,12,nepse_official,OPEN,2026-09-09,UNHPL,Union Hydropower Limited,355.0,359.0,353.0,,353.0,355.0,-2.0,,180.0,63620.0,5.0,6.0,1.6901408450704223,-0.5633802816901409,12724.0,353.44444444444446
2026-09-09T06:15:32+00:00,2026-09-09T12:00:32+05:45,2026-09-09,12:00:32,1788934532,2,6,12,nepse_official,OPEN,2026-09-09,UPCL,UNIVERSAL POWER COMPANY LTD,340.0,365.0,340.0,,343.7,345.0,-1.3000000000000114,,5963.0,2090297.9,22.0,25.0,7.352941176470589,-0.37681159420290183,95013.54090909091,350.54467549890995
2026-09-09T06:15:32+00:00,2026-09-09T12:00:32+05:45,2026-09-09,12:00:32,1788934532,2,6,12,nepse_official,OPEN,2026-09-09,UPPER,Upper Tamakoshi Hydropower Ltd,190.1,190.1,183.0,,184.2,183.0,1.1999999999999886,,10777.0,1996297.5,78.0,7.099999999999994,3.7348763808521803,0.6557377049180265,25593.55769230769,185.23684698895798
2026-09-09T06:15:32+00:00,2026-09-09T12:00:32+05:45,2026-09-09,12:00:32,1788934532,2,6,12,nepse_official,OPEN,2026-09-09,USHEC,Upper Solu Hydro Electric Company Limited,490.0,491.0,490.0,,491.0,499.0,-8.0,,120.0,58870.0,4.0,1.0,0.20408163265306123,-1.6032064128256511,14717.5,490.5833333333333
2026-09-09T06:15:32+00:00,2026-09-09T12:00:32+05:45,2026-09-09,12:00:32,1788934532,2,6,12,nepse_official,OPEN,2026-09-09,USHL,Upper Syange Hydropower Limited,501.8,513.9,501.8,,504.5,501.0,3.5,,31.0,15715.9,3.0,12.099999999999966,2.411319250697482,0.6986027944111777,5238.633333333333,506.96451612903223
2026-09-09T06:15:32+00:00,2026-09-09T12:00:32+05:45,2026-09-09,12:00:32,1788934532,2,6,12,nepse_official,OPEN,2026-09-09,USLB,Unnati Sahakarya Laghubitta Bittiya Sanstha Limited,1000.0,1000.0,1000.0,,1000.0,1020.0,-20.0,,50.0,50000.0,1.0,0.0,0.0,-1.9607843137254901,50000.0,1000.0
2026-09-09T06:15:32+00:00,2026-09-09T12:00:32+05:45,2026-09-09,12:00:32,1788934532,2,6,12,nepse_official,OPEN,2026-09-09,VLBS,Vijaya laghubitta Bittiya Sanstha Ltd.,610.4,611.3,610.4,,611.3,620.0,-8.700000000000045,,150.0,91647.0,11.0,0.8999999999999773,0.1474442988204419,-1.40322580645162,8331.545454545454,610.98
2026-09-09T06:15:32+00:00,2026-09-09T12:00:32+05:45,2026-09-09,12:00:32,1788934532,2,6,12,nepse_official,OPEN,2026-09-09,VLUCL,Vision Lumbini Urja Company Limited ,381.0,391.0,381.0,,385.0,381.0,4.0,,180.0,69279.0,6.0,10.0,2.6246719160104988,1.0498687664041995,11546.5,384.8833333333333
2026-09-09T06:15:32+00:00,2026-09-09T12:00:32+05:45,2026-09-09,12:00:32,1788934532,2,6,12,nepse_official,OPEN,2026-09-09,YMHL,Yambaling Hydropower Limited,557.0,565.0,551.0,,561.0,560.0,1.0,,2017.0,1128643.0,111.0,14.0,2.5134649910233393,0.17857142857142858,10167.954954954956,559.5651958353991
2026-09-09T06:45:33+00:00,2026-09-09T12:30:33+05:45,2026-09-09,12:30:33,1788936333,2,6,12,nepse_official,OPEN,2026-09-09,ACLBSL,Aarambha Chautari Laghubitta Bittiya Sanstha Limited,886.0,886.0,872.2,,880.0,886.0,-6.0,,210.0,185346.6,9.0,13.799999999999955,1.5575620767494307,-0.6772009029345373,20594.066666666666,882.6028571428571
2026-09-09T06:45:33+00:00,2026-09-09T12:30:33+05:45,2026-09-09,12:30:33,1788936333,2,6,12,nepse_official,OPEN,2026-09-09,ADBL,Agricultural Development Bank Limited,299.0,301.0,298.0,,299.9,300.0,-0.10000000000002274,,12150.0,3641950.1,47.0,3.0,1.0033444816053512,-0.03333333333334091,77488.3,299.7489794238683
2026-09-09T06:45:33+00:00,2026-09-09T12:30:33+05:45,2026-09-09,12:30:33,1788936333,2,6,12,nepse_official,OPEN,2026-09-09,AHL,Asian Hydropower Limited,355.0,360.1,355.0,,357.0,360.0,-3.0,,690.0,248250.0,7.0,5.100000000000023,1.4366197183098655,-0.8333333333333334,35464.28571428572,359.7826086956522
2026-09-09T06:45:33+00:00,2026-09-09T12:30:33+05:45,2026-09-09,12:30:33,1788936333,2,6,12,nepse_official,OPEN,2026-09-09,AHPC,Arun Valley Hydropower Development Co. Ltd.,253.3,255.0,252.5,,254.5,253.3,1.1999999999999886,,19955.0,5066159.7,81.0,2.5,0.9869719699960521,0.47374654559810053,62545.181481481486,253.87921322976698
2026-09-09T06:45:33+00:00,2026-09-09T12:30:33+05:45,2026-09-09,12:30:33,1788936333,2,6,12,nepse_official,OPEN,2026-09-09,AKJCL,Ankhu Khola Jalvidhyut Company Ltd,344.0,345.0,340.7,,342.9,340.6,2.2999999999999545,,66348.0,22778257.5,116.0,4.300000000000011,1.2500000000000033,0.6752789195537153,196364.28879310345,343.31490775908844
2026-09-09T06:45:33+00:00,2026-09-09T12:30:33+05:45,2026-09-09,12:30:33,1788936333,2,6,12,nepse_official,OPEN,2026-09-09,AKPL,Arun Kabeli Power Ltd.,250.0,254.0,247.3,,250.1,250.0,0.09999999999999432,,67002.0,16792366.6,78.0,6.699999999999989,2.6799999999999957,0.039999999999997725,215286.7512820513,250.62485597444854
2026-09-09T06:45:33+00:00,2026-09-09T12:30:33+05:45,2026-09-09,12:30:33,1788936333,2,6,12,nepse_official,OPEN,2026-09-09,ALBSL,Asha Laghubitta Bittiya Sanstha Ltd,1071.0,1135.0,1071.0,,1099.1,1102.1,-3.0,,3535.0,3893941.6,42.0,64.0,5.975723622782446,-0.2722076036657291,92712.89523809524,1101.5393493635079
2026-09-09T06:45:33+00:00,2026-09-09T12:30:33+05:45,2026-09-09,12:30:33,1788936333,2,6,12,nepse_official,OPEN,2026-09-09,ALICL,Asian Life Insurance Co. Limited,407.9,407.9,397.0,,397.0,402.0,-5.0,,1223.0,486800.0,11.0,10.899999999999977,2.672223584211811,-1.2437810945273633,44254.545454545456,398.0376124284546
2026-09-09T06:45:33+00:00,2026-09-09T12:30:33+05:45,2026-09-09,12:30:33,1788936333,2,6,12,nepse_official,OPEN,2026-09-09,ANLB,Aatmanirbhar Laghubitta Bittiya Sanstha Limited,4800.0,4944.0,4800.0,,4855.0,4908.0,-53.0,,70.0,339943.0,6.0,144.0,3.0,-1.0798696006519968,56657.166666666664,4856.328571428571
2026-09-09T06:45:33+00:00,2026-09-09T12:30:33+05:45,2026-09-09,12:30:33,1788936333,2,6,12,nepse_official,OPEN,2026-09-09,APHL,Appolo Hydropower Limited,670.0,701.0,670.0,,696.0,690.0,6.0,,1629.0,1132208.0,54.0,31.0,4.626865671641791,0.8695652173913043,20966.814814814814,695.0325352977287
2026-09-09T06:45:33+00:00,2026-09-09T12:30:33+05:45,2026-09-09,12:30:33,1788936333,2,6,12,nepse_official,OPEN,2026-09-09,API,Api Power Company Ltd.,329.0,330.5,325.0,,328.0,329.0,-1.0,,75171.0,24559927.6,238.0,5.5,1.6717325227963524,-0.303951367781155,103192.9731092437,326.7207779595855
2026-09-09T06:45:33+00:00,2026-09-09T12:30:33+05:45,2026-09-09,12:30:33,1788936333,2,6,12,nepse_official,OPEN,2026-09-09,AVYAN,Aviyan Laghubitta Bittiya Sanstha Limited,988.2,999.0,980.0,,999.0,1002.0,-3.0,,1888.0,1854047.0,21.0,19.0,1.9226877150374417,-0.29940119760479045,88287.95238095238,982.0164194915254
2026-09-09T06:45:33+00:00,2026-09-09T12:30:33+05:45,2026-09-09,12:30:33,1788936333,2,6,12,nepse_official,OPEN,2026-09-09,BANDIPUR,Bandipur Cablecar and Tourism Limited,640.0,658.9,640.0,,654.0,645.9,8.100000000000023,,6746.0,4404561.9,145.0,18.899999999999977,2.9531249999999964,1.254064096609386,30376.288965517244,652.9146012451824
2026-09-09T06:45:33+00:00,2026-09-09T12:30:33+05:45,2026-09-09,12:30:33,1788936333,2,6,12,nepse_official,OPEN,2026-09-09,BARUN,Barun Hydropower Co. Ltd.,309.3,314.0,309.3,,314.0,312.0,2.0,,4870.0,1519195.6,25.0,4.699999999999989,1.5195602974458418,0.641025641025641,60767.824,311.9498151950719
2026-09-09T06:45:33+00:00,2026-09-09T12:30:33+05:45,2026-09-09,12:30:33,1788936333,2,6,12,nepse_official,OPEN,2026-09-09,BBC,Bishal Bazar Company Limited,4003.0,4118.0,4001.0,,4096.0,4076.0,20.0,,40.0,162180.0,4.0,117.0,2.9228078940794404,0.49067713444553485,40545.0,4054.5
2026-09-09T06:45:33+00:00,2026-09-09T12:30:33+05:45,2026-09-09,12:30:33,1788936333,2,6,12,nepse_official,OPEN,2026-09-09,BEDC,Bhugol Energy Development Company Limited,287.0,288.0,280.0,,285.0,287.0,-2.0,,2865.0,811100.0,25.0,8.0,2.7874564459930316,-0.6968641114982579,32444.0,283.1064572425829
2026-09-09T06:45:33+00:00,2026-09-09T12:30:33+05:45,2026-09-09,12:30:33,1788936333,2,6,12,nepse_official,OPEN,2026-09-09,BFC,Best Finance Company Ltd.,450.0,457.9,447.3,,449.0,450.0,-1.0,,5685.0,2558137.1,31.0,10.599999999999966,2.355555555555548,-0.2222222222222222,82520.55161290323,449.98014072119616
2026-09-09T06:45:33+00:00,2026-09-09T12:30:33+05:45,2026-09-09,12:30:33,1788936333,2,6,12,nepse_official,OPEN,2026-09-09,BGWT,Bhagawati Hydropower Development Company Limited,466.5,470.0,466.3,,468.1,474.0,-5.899999999999977,,2519.0,1182424.4,19.0,3.6999999999999886,0.7931404072883149,-1.2447257383966197,62232.86315789473,469.40230250099245
2026-09-09T06:45:33+00:00,2026-09-09T12:30:33+05:45,2026-09-09,12:30:33,1788936333,2,6,12,nepse_official,OPEN,2026-09-09,BHCL,Bikash Hydropower Company Limited,515.8,554.0,515.8,,540.0,542.9,-2.8999999999999773,,11396.0,6151573.1,97.0,38.200000000000045,7.405971306708035,-0.534168355129854,63418.279381443295,539.8010793260793
2026-09-09T06:45:33+00:00,2026-09-09T12:30:33+05:45,2026-09-09,12:30:33,1788936333,2,6,12,nepse_official,OPEN,2026-09-09,BHDC,Bindhyabasini Hydropower Development Company Limited,416.4,424.0,415.5,,421.5,422.0,-0.5,,2367.0,995692.7,18.0,8.5,2.041306436119116,-0.11848341232227488,55316.26111111111,420.6559780312632
2026-09-09T06:45:33+00:00,2026-09-09T12:30:33+05:45,2026-09-09,12:30:33,1788936333,2,6,12,nepse_official,OPEN,2026-09-09,BHL,Balephi Hydropower Limited,202.0,204.9,202.0,,203.0,201.0,2.0,,14106.0,2862472.8,96.0,2.9000000000000057,1.4356435643564385,0.9950248756218906,29817.425,202.9259038706933
2026-09-09T06:45:33+00:00,2026-09-09T12:30:33+05:45,2026-09-09,12:30:33,1788936333,2,6,12,nepse_official,OPEN,2026-09-09,BHPL,Barahi Hydropower Public Limited,430.0,431.0,425.0,,428.0,432.0,-4.0,,3297.0,1406460.2,26.0,6.0,1.3953488372093024,-0.9259259259259258,54094.623076923075,426.5878677585684
2026-09-09T06:45:33+00:00,2026-09-09T12:30:33+05:45,2026-09-09,12:30:33,1788936333,2,6,12,nepse_official,OPEN,2026-09-09,BJHL,Bhujung Hydropower Limited,640.0,655.0,637.3,,650.0,653.0,-3.0,,3885.0,2519374.0,57.0,17.700000000000045,2.765625000000007,-0.45941807044410415,44199.54385964912,648.487516087516
2026-09-09T06:45:33+00:00,2026-09-09T12:30:33+05:45,2026-09-09,12:30:33,1788936333,2,6,12,nepse_official,OPEN,2026-09-09,BNHC,Buddha Bhumi Nepal Hydropower Company Limited,263.0,265.0,257.6,,264.0,263.8,0.19999999999998863,,9185.0,2409618.0,41.0,7.399999999999977,2.813688212927748,0.07581501137224739,58771.170731707316,262.3427327163854
2026-09-09T06:45:33+00:00,2026-09-09T12:30:33+05:45,2026-09-09,12:30:33,1788936333,2,6,12,nepse_official,OPEN,2026-09-09,BNT,Bottlers Nepal (Terai) Limited,11630.0,11630.0,11630.0,,11630.0,11630.0,0.0,,10.0,116300.0,1.0,0.0,0.0,0.0,116300.0,11630.0
2026-09-09T06:45:33+00:00,2026-09-09T12:30:33+05:45,2026-09-09,12:30:33,1788936333,2,6,12,nepse_official,OPEN,2026-09-09,BPCL,Butwal Power Company Limited,646.0,648.0,638.2,,647.0,645.0,2.0,,498.0,321850.0,14.0,9.799999999999955,1.5170278637770829,0.31007751937984496,22989.285714285714,646.285140562249
2026-09-09T06:45:33+00:00,2026-09-09T12:30:33+05:45,2026-09-09,12:30:33,1788936333,2,6,12,nepse_official,OPEN,2026-09-09,BUNGAL,Bungal Hydro Limited,520.0,535.0,520.0,,532.0,526.0,6.0,,6464.0,3424169.0,84.0,15.0,2.8846153846153846,1.1406844106463878,40763.916666666664,529.7291150990098
2026-09-09T06:45:33+00:00,2026-09-09T12:30:33+05:45,2026-09-09,12:30:33,1788936333,2,6,12,nepse_official,OPEN,2026-09-09,C30MF,Citizens Super 30 Mutual Fund,9.71,9.71,9.71,,9.71,9.95,-0.23999999999999844,,100.0,971.0,1.0,0.0,0.0,-2.4120603015075224,971.0,9.71
2026-09-09T06:45:33+00:00,2026-09-09T12:30:33+05:45,2026-09-09,12:30:33,1788936333,2,6,12,nepse_official,OPEN,2026-09-09,CBBL,Chhimek Laghubitta Bittiya Sanstha Limited,940.0,948.8,940.0,,948.8,943.0,5.7999999999999545,,4372.0,4121790.9,52.0,8.799999999999955,0.9361702127659527,0.6150583244962836,79265.2096153846,942.7701052150046
2026-09-09T06:45:33+00:00,2026-09-09T12:30:33+05:45,2026-09-09,12:30:33,1788936333,2,6,12,nepse_official,OPEN,2026-09-09,CBLD88,Civil Bank Debenture 2088,1165.7,1165.7,1165.7,,1165.7,1165.7,0.0,,8.0,9600.0,1.0,0.0,0.0,0.0,9600.0,1200.0
2026-09-09T06:45:33+00:00,2026-09-09T12:30:33+05:45,2026-09-09,12:30:33,1788936333,2,6,12,nepse_official,OPEN,2026-09-09,CFCL,Central Finance Co. Ltd.,589.0,637.0,580.0,,581.0,595.0,-14.0,,117348.0,69636464.7,363.0,57.0,9.67741935483871,-2.3529411764705883,191835.9909090909,593.4184195725535
2026-09-09T06:45:33+00:00,2026-09-09T12:30:33+05:45,2026-09-09,12:30:33,1788936333,2,6,12,nepse_official,OPEN,2026-09-09,CGH,Chandragiri Hills Limited,768.0,770.0,768.0,,770.0,769.3,0.7000000000000455,,30.0,23075.0,3.0,2.0,0.26041666666666663,0.09099181073703957,7691.666666666667,769.1666666666666
2026-09-09T06:45:33+00:00,2026-09-09T12:30:33+05:45,2026-09-09,12:30:33,1788936333,2,6,12,nepse_official,OPEN,2026-09-09,CHCL,Chilime Hydropower Company Limited,363.0,370.0,363.0,,366.0,369.2,-3.1999999999999886,,19204.0,7039153.0,137.0,7.0,1.9283746556473829,-0.866738894907906,51380.67883211679,366.5461882941054
2026-09-09T06:45:33+00:00,2026-09-09T12:30:33+05:45,2026-09-09,12:30:33,1788936333,2,6,12,nepse_official,OPEN,2026-09-09,CHDC,CEDB Holdings Limited,2215.0,2235.0,2202.0,,2215.0,2215.0,0.0,,7746.0,17171752.3,60.0,33.0,1.489841986455982,0.0,286195.8716666667,2216.85415698425
2026-09-09T06:45:33+00:00,2026-09-09T12:30:33+05:45,2026-09-09,12:30:33,1788936333,2,6,12,nepse_official,OPEN,2026-09-09,CHL,Chhyangdi Hydropower Ltd.,254.6,254.6,249.0,,250.0,250.5,-0.5,,2728.0,681586.0,10.0,5.599999999999994,2.199528672427335,-0.19960079840319359,68158.6,249.8482404692082
2026-09-09T06:45:33+00:00,2026-09-09T12:30:33+05:45,2026-09-09,12:30:33,1788936333,2,6,12,nepse_official,OPEN,2026-09-09,CIT,Citizen Investment Trust,1714.0,1714.0,1705.0,,1709.0,1713.9,-4.900000000000091,,1097.0,1875111.0,30.0,9.0,0.5250875145857643,-0.2858976603069077,62503.7,1709.3081130355515
2026-09-09T06:45:33+00:00,2026-09-09T12:30:33+05:45,2026-09-09,12:30:33,1788936333,2,6,12,nepse_official,OPEN,2026-09-09,CITY,City Hotel Limited,342.0,345.0,341.2,,343.5,342.0,1.5,,3904.0,1338487.0,40.0,3.8000000000000114,1.1111111111111145,0.43859649122807015,33462.175,342.8501536885246
2026-09-09T06:45:33+00:00,2026-09-09T12:30:33+05:45,2026-09-09,12:30:33,1788936333,2,6,12,nepse_official,OPEN,2026-09-09,CIZBD90,10% Citizens Bank Debenture 2090,1225.0,1225.0,1225.0,,1225.0,1225.0,0.0,,25.0,30625.0,1.0,0.0,0.0,0.0,30625.0,1225.0
2026-09-09T06:45:33+00:00,2026-09-09T12:30:33+05:45,2026-09-09,12:30:33,1788936333,2,6,12,nepse_official,OPEN,2026-09-09,CKHL,Chirkhwa Hydropower Limited ,575.0,576.0,575.0,,576.0,591.0,-15.0,,20.0,11510.0,2.0,1.0,0.17391304347826086,-2.5380710659898478,5755.0,575.5
2026-09-09T06:45:33+00:00,2026-09-09T12:30:33+05:45,2026-09-09,12:30:33,1788936333,2,6,12,nepse_official,OPEN,2026-09-09,CLI,Citizen Life Insurance Company Limited,414.0,415.0,413.3,,414.1,413.1,1.0,,2125.0,879636.2,69.0,1.6999999999999886,0.41062801932366877,0.2420721374969741,12748.350724637681,413.9464470588235
2026-09-09T06:45:33+00:00,2026-09-09T12:30:33+05:45,2026-09-09,12:30:33,1788936333,2,6,12,nepse_official,OPEN,2026-09-09,CORBL,Corporate Development Bank Limited,893.0,893.1,880.3,,882.1,892.9,-10.799999999999955,,3088.0,2730430.5,59.0,12.800000000000068,1.4333706606942966,-1.2095419419867797,46278.483050847455,884.206768134715
2026-09-09T06:45:33+00:00,2026-09-09T12:30:33+05:45,2026-09-09,12:30:33,1788936333,2,6,12,nepse_official,OPEN,2026-09-09,CREST,Crest Micro Life Insurance Limited,1050.0,1108.0,1050.0,,1057.0,1074.0,-17.0,,1641.0,1736407.0,37.0,58.0,5.523809523809524,-1.5828677839851024,46929.91891891892,1058.139549055454
2026-09-09T06:45:33+00:00,2026-09-09T12:30:33+05:45,2026-09-09,12:30:33,1788936333,2,6,12,nepse_official,OPEN,2026-09-09,CSY,Citizens Santulit Yojana,8.3,8.44,8.2,,8.3,8.3,0.0,,1600.0,13211.0,11.0,0.2400000000000002,2.891566265060243,0.0,1201.0,8.256875
2026-09-09T06:45:33+00:00,2026-09-09T12:30:33+05:45,2026-09-09,12:30:33,1788936333,2,6,12,nepse_official,OPEN,2026-09-09,CYCL,CYC Nepal Laghubitta Bittiya Sanstha Limited,1504.8,1619.0,1504.8,,1539.9,1584.0,-44.09999999999991,,1570.0,2423673.2,37.0,114.20000000000005,7.589048378522066,-2.7840909090909034,65504.681081081086,1543.7408917197454
2026-09-09T06:45:33+00:00,2026-09-09T12:30:33+05:45,2026-09-09,12:30:33,1788936333,2,6,12,nepse_official,OPEN,2026-09-09,CZBIL,Citizens Bank International Limited,209.4,209.4,195.4,,197.1,199.5,-2.4000000000000057,,4395.0,866355.1,22.0,14.0,6.685768863419293,-1.2030075187969953,39379.777272727275,197.1228896473265
2026-09-09T06:45:33+00:00,2026-09-09T12:30:33+05:45,2026-09-09,12:30:33,1788936333,2,6,12,nepse_official,OPEN,2026-09-09,DDBL,Deprosc Laghubitta Bittiya Sanstha Limited,840.0,845.0,835.0,,840.2,841.1,-0.8999999999999773,,666.0,559279.0,18.0,10.0,1.1904761904761905,-0.10700273451432377,31071.055555555555,839.7582582582583
2026-09-09T06:45:33+00:00,2026-09-09T12:30:33+05:45,2026-09-09,12:30:33,1788936333,2,6,12,nepse_official,OPEN,2026-09-09,DHEL,Daramkhola Hydro Energy Limited,559.7,576.8,559.7,,566.2,577.0,-10.799999999999955,,790.0,448548.0,48.0,17.09999999999991,3.0552081472217094,-1.8717504332755555,9344.75,567.7822784810127
2026-09-09T06:45:33+00:00,2026-09-09T12:30:33+05:45,2026-09-09,12:30:33,1788936333,2,6,12,nepse_official,OPEN,2026-09-09,DHPL,Dibyashwori Hydropower Ltd.,273.0,273.0,265.0,,265.2,272.0,-6.800000000000011,,2225.0,590575.0,7.0,8.0,2.93040293040293,-2.5000000000000044,84367.85714285714,265.4269662921348
2026-09-09T06:45:33+00:00,2026-09-09T12:30:33+05:45,2026-09-09,12:30:33,1788936333,2,6,12,nepse_official,OPEN,2026-09-09,DOLTI,Dolti Power Company Limited,282.9,282.9,280.0,,280.1,280.0,0.10000000000002274,,3104.0,870877.2,20.0,2.8999999999999773,1.025097207493806,0.03571428571429384,43543.86,280.5661082474227
2026-09-09T06:45:33+00:00,2026-09-09T12:30:33+05:45,2026-09-09,12:30:33,1788936333,2,6,12,nepse_official,OPEN,2026-09-09,DORDI,Dordi Khola Jal Bidyut Company Limited,240.0,245.0,235.1,,239.0,240.0,-1.0,,7570.0,1794540.5,32.0,9.900000000000006,4.125000000000003,-0.4166666666666667,56079.390625,237.0595112285337
2026-09-09T06:45:33+00:00,2026-09-09T12:30:33+05:45,2026-09-09,12:30:33,1788936333,2,6,12,nepse_official,OPEN,2026-09-09,EBL,Everest Bank Limited,714.0,718.0,714.0,,716.0,716.0,0.0,,8867.0,6352411.3,85.0,4.0,0.5602240896358543,0.0,74734.25058823529,716.4104319386489
2026-09-09T06:45:33+00:00,2026-09-09T12:30:33+05:45,2026-09-09,12:30:33,1788936333,2,6,12,nepse_official,OPEN,2026-09-09,EBLD85,10.50% Everest Bank Limited Debenture 2085,1151.4,1151.4,1120.0,,1120.0,1151.4,-31.40000000000009,,17.0,18988.0,2.0,31.40000000000009,2.72711481674484,-2.72711481674484,9494.0,1116.9411764705883
2026-09-09T06:45:33+00:00,2026-09-09T12:30:33+05:45,2026-09-09,12:30:33,1788936333,2,6,12,nepse_official,OPEN,2026-09-09,EBLD91,Everest Bank Limited Debenture 2091,1066.2,1066.2,1066.2,,1066.2,1099.1,-32.899999999999864,,25.0,26655.0,1.0,0.0,0.0,-2.993358202165396,26655.0,1066.2
2026-09-09T06:45:33+00:00,2026-09-09T12:30:33+05:45,2026-09-09,12:30:33,1788936333,2,6,12,nepse_official,OPEN,2026-09-09,ECL,Everest Colour Limited,1300.0,1313.0,1282.0,,1296.2,1297.0,-0.7999999999999545,,4303.0,5591378.0,112.0,31.0,2.3846153846153846,-0.06168080185042055,49923.017857142855,1299.4138972809667
2026-09-09T06:45:33+00:00,2026-09-09T12:30:33+05:45,2026-09-09,12:30:33,1788936333,2,6,12,nepse_official,OPEN,2026-09-09,EHPL,Eastern Hydropower Limited,330.7,330.7,312.5,,317.8,315.0,2.8000000000000114,,820.0,258017.5,12.0,18.19999999999999,5.503477472029026,0.8888888888888925,21501.458333333332,314.655487804878
2026-09-09T06:45:33+00:00,2026-09-09T12:30:33+05:45,2026-09-09,12:30:33,1788936333,2,6,12,nepse_official,OPEN,2026-09-09,ENL,Emerging Nepal Limited,657.1,661.9,591.0,,596.0,691.6,-95.60000000000002,,110077.0,67709979.6,426.0,70.89999999999998,10.789834119616494,-13.823019086176982,158943.61408450702,615.1146888087429
2026-09-09T06:45:33+00:00,2026-09-09T12:30:33+05:45,2026-09-09,12:30:33,1788936333,2,6,12,nepse_official,OPEN,2026-09-09,FMDBL,First Micro Finance Laghubitta Bittiya Sanstha Limited,734.0,734.0,724.0,,731.0,739.8,-8.799999999999955,,414.0,301153.0,6.0,10.0,1.3623978201634876,-1.1895106785617675,50192.166666666664,727.4227053140097
2026-09-09T06:45:33+00:00,2026-09-09T12:30:33+05:45,2026-09-09,12:30:33,1788936333,2,6,12,nepse_official,OPEN,2026-09-09,FOWAD,Forward Microfinance Laghubitta Bittiya Sanstha Limited,880.0,906.0,880.0,,880.0,880.0,0.0,,695.0,615631.0,18.0,26.0,2.9545454545454546,0.0,34201.72222222222,885.8
2026-09-09T06:45:33+00:00,2026-09-09T12:30:33+05:45,2026-09-09,12:30:33,1788936333,2,6,12,nepse_official,OPEN,2026-09-09,GBBD85,"Garima Debenture, 2085",1070.0,1070.0,1070.0,,1070.0,1085.0,-15.0,,30.0,32100.0,1.0,0.0,0.0,-1.3824884792626728,32100.0,1070.0
2026-09-09T06:45:33+00:00,2026-09-09T12:30:33+05:45,2026-09-09,12:30:33,1788936333,2,6,12,nepse_official,OPEN,2026-09-09,GBBL,Garima Bikas Bank Limited,450.0,450.0,445.1,,448.4,447.0,1.3999999999999773,,75333.0,33751746.6,277.0,4.899999999999977,1.088888888888884,0.3131991051454088,121847.4606498195,448.0340169646769
2026-09-09T06:45:33+00:00,2026-09-09T12:30:33+05:45,2026-09-09,12:30:33,1788936333,2,6,12,nepse_official,OPEN,2026-09-09,GBIME,Global IME Bank Limited,254.0,255.1,251.5,,252.3,251.9,0.4000000000000057,,28887.0,7308745.4,189.0,3.5999999999999943,1.417322834645667,0.15879317189361083,38670.61058201058,253.01157614151697
2026-09-09T06:45:33+00:00,2026-09-09T12:30:33+05:45,2026-09-09,12:30:33,1788936333,2,6,12,nepse_official,OPEN,2026-09-09,GBIMESY2,Global IME Sammunat Yojana -2,8.9,8.9,8.7,,8.71,8.9,-0.1899999999999995,,2300.0,20315.0,6.0,0.20000000000000107,2.2471910112359668,-2.1348314606741514,3385.8333333333335,8.832608695652175
2026-09-09T06:45:33+00:00,2026-09-09T12:30:33+05:45,2026-09-09,12:30:33,1788936333,2,6,12,nepse_official,OPEN,2026-09-09,GBLBS,Grameen Bikas Laghubitta Bittiya Sanstha Ltd.,657.0,657.0,640.0,,640.0,657.0,-17.0,,2490.0,1615319.0,24.0,17.0,2.5875190258751903,-2.5875190258751903,67304.95833333333,648.7224899598393
2026-09-09T06:45:33+00:00,2026-09-09T12:30:33+05:45,2026-09-09,12:30:33,1788936333,2,6,12,nepse_official,OPEN,2026-09-09,GCIL,Ghorahi Cement Industry Limited,378.5,382.0,376.3,,378.1,378.5,-0.39999999999997726,,18437.0,6991072.0,113.0,5.699999999999989,1.5059445178335507,-0.10568031704094512,61867.89380530974,379.1870694798503
2026-09-09T06:45:33+00:00,2026-09-09T12:30:33+05:45,2026-09-09,12:30:33,1788936333,2,6,12,nepse_official,OPEN,2026-09-09,GFCL,Goodwill Finance Limited,575.0,576.0,574.0,,574.0,575.0,-1.0,,2317.0,1332388.0,10.0,2.0,0.34782608695652173,-0.17391304347826086,133238.8,575.0487699611567
2026-09-09T06:45:33+00:00,2026-09-09T12:30:33+05:45,2026-09-09,12:30:33,1788936333,2,6,12,nepse_official,OPEN,2026-09-09,GHL,Ghalemdi Hydro Limited,227.9,228.7,225.0,,227.0,228.0,-1.0,,7173.0,1626569.5,36.0,3.6999999999999886,1.6235190873189944,-0.43859649122807015,45182.48611111111,226.76279102188764
2026-09-09T06:45:33+00:00,2026-09-09T12:30:33+05:45,2026-09-09,12:30:33,1788936333,2,6,12,nepse_official,OPEN,2026-09-09,GIBF1,Global IME Balanced Fund-1,11.09,11.11,10.97,,11.1,11.08,0.019999999999999574,,587694.0,6508745.4,43.0,0.1399999999999988,1.2623985572587808,0.18050541516245103,151366.17209302326,11.075058448784572
2026-09-09T06:45:33+00:00,2026-09-09T12:30:33+05:45,2026-09-09,12:30:33,1788936333,2,6,12,nepse_official,OPEN,2026-09-09,GILB,Global IME Laghubitta Bittiya Sanstha Ltd.,1116.0,1116.0,1080.0,,1080.0,1116.0,-36.0,,2353.0,2595446.0,25.0,36.0,3.225806451612903,-3.225806451612903,103817.84,1103.036974075648
2026-09-09T06:45:33+00:00,2026-09-09T12:30:33+05:45,2026-09-09,12:30:33,1788936333,2,6,12,nepse_official,OPEN,2026-09-09,GLBSL,Gurans Laghubitta Bittiya Sanstha Limited,1605.0,1605.0,1601.0,,1605.0,1601.1,3.900000000000091,,45.0,72185.0,3.0,4.0,0.24922118380062305,0.2435825370058142,24061.666666666668,1604.111111111111
2026-09-09T06:45:33+00:00,2026-09-09T12:30:33+05:45,2026-09-09,12:30:33,1788936333,2,6,12,nepse_official,OPEN,2026-09-09,GLH,GreenLife Hydropower Limited,246.2,250.0,246.0,,247.6,246.2,1.4000000000000057,,4395.0,1090385.5,30.0,4.0,1.6246953696181967,0.5686433793663711,36346.183333333334,248.09681456200227
2026-09-09T06:45:33+00:00,2026-09-09T12:30:33+05:45,2026-09-09,12:30:33,1788936333,2,6,12,nepse_official,OPEN,2026-09-09,GMFBS,Ganapati Laghubitta Bittiya Sanstha Limited,1170.0,1170.0,1045.0,,1045.0,1145.0,-100.0,,280.0,298357.0,12.0,125.0,10.683760683760683,-8.73362445414847,24863.083333333332,1065.5607142857143
2026-09-09T06:45:33+00:00,2026-09-09T12:30:33+05:45,2026-09-09,12:30:33,1788936333,2,6,12,nepse_official,OPEN,2026-09-09,GMFIL,Guheshowori Merchant Bank & Finance Co. Ltd.,412.0,423.0,412.0,,420.0,418.0,2.0,,543.0,226791.0,10.0,11.0,2.669902912621359,0.4784688995215311,22679.1,417.6629834254144
2026-09-09T06:45:33+00:00,2026-09-09T12:30:33+05:45,2026-09-09,12:30:33,1788936333,2,6,12,nepse_official,OPEN,2026-09-09,GMLI,Guardian Micro Life Insurance Limited ,951.0,960.0,940.0,,947.0,951.0,-4.0,,80.0,75911.0,8.0,20.0,2.1030494216614093,-0.4206098843322818,9488.875,948.8875
2026-09-09T06:45:33+00:00,2026-09-09T12:30:33+05:45,2026-09-09,12:30:33,1788936333,2,6,12,nepse_official,OPEN,2026-09-09,GRDBL,Green Development Bank Ltd.,943.0,964.9,943.0,,944.2,962.0,-17.799999999999955,,1362.0,1291704.1,15.0,21.899999999999977,2.322375397667018,-1.8503118503118456,86113.60666666667,948.3877386196771
2026-09-09T06:45:33+00:00,2026-09-09T12:30:33+05:45,2026-09-09,12:30:33,1788936333,2,6,12,nepse_official,OPEN,2026-09-09,GSY,Garima Samriddhi Yojana,8.9,8.96,8.9,,8.96,9.0,-0.03999999999999915,,1500.0,13374.0,6.0,0.0600000000000005,0.674157303370792,-0.444444444444435,2229.0,8.916
2026-09-09T06:45:33+00:00,2026-09-09T12:30:33+05:45,2026-09-09,12:30:33,1788936333,2,6,12,nepse_official,OPEN,2026-09-09,GUFL,Gurkhas Finance Ltd.,501.0,510.0,498.3,,510.0,502.7,7.300000000000011,,2865.0,1441933.7,32.0,11.699999999999989,2.335329341317363,1.4521583449373405,45060.428125,503.29273996509596
2026-09-09T06:45:33+00:00,2026-09-09T12:30:33+05:45,2026-09-09,12:30:33,1788936333,2,6,12,nepse_official,OPEN,2026-09-09,GVL,Green Ventures Limited,487.0,487.0,482.5,,486.0,485.9,0.10000000000002274,,4888.0,2365653.2,31.0,4.5,0.9240246406570842,0.020580366330525363,76311.3935483871,483.97160392798696
2026-09-09T06:45:33+00:00,2026-09-09T12:30:33+05:45,2026-09-09,12:30:33,1788936333,2,6,12,nepse_official,OPEN,2026-09-09,H8020,Himalayan 80-20,12.12,12.4,12.1,,12.4,12.48,-0.08000000000000007,,16540.0,200271.4,9.0,0.3000000000000007,2.4752475247524814,-0.6410256410256416,22252.377777777776,12.108307134220071
2026-09-09T06:45:33+00:00,2026-09-09T12:30:33+05:45,2026-09-09,12:30:33,1788936333,2,6,12,nepse_official,OPEN,2026-09-09,HATHY,Hathway Investment Nepal Limited,591.2,591.2,585.0,,585.0,594.5,-9.5,,3001.0,1767524.2,57.0,6.2000000000000455,1.048714479025718,-1.59798149705635,31009.19649122807,588.9784071976007
2026-09-09T06:45:33+00:00,2026-09-09T12:30:33+05:45,2026-09-09,12:30:33,1788936333,2,6,12,nepse_official,OPEN,2026-09-09,HBL,Himalayan Bank Limited,188.0,188.0,186.1,,187.0,189.0,-2.0,,10719.0,2006800.7,202.0,1.9000000000000057,1.0106382978723434,-1.0582010582010581,9934.656930693069,187.21902229685605
2026-09-09T06:45:33+00:00,2026-09-09T12:30:33+05:45,2026-09-09,12:30:33,1788936333,2,6,12,nepse_official,OPEN,2026-09-09,HDHPC,Himal Dolakha Hydropower Company Limited,200.8,203.7,200.0,,201.9,200.8,1.0999999999999943,,12610.0,2528382.6,48.0,3.6999999999999886,1.8426294820717073,0.5478087649402362,52674.637500000004,200.50615384615386
2026-09-09T06:45:33+00:00,2026-09-09T12:30:33+05:45,2026-09-09,12:30:33,1788936333,2,6,12,nepse_official,OPEN,2026-09-09,HDL,Himalayan Distillery Limited,1188.0,1191.0,1183.0,,1190.0,1187.0,3.0,,9540.0,11335549.0,127.0,8.0,0.6734006734006733,0.2527379949452401,89256.29133858268,1188.2126834381552
2026-09-09T06:45:33+00:00,2026-09-09T12:30:33+05:45,2026-09-09,12:30:33,1788936333,2,6,12,nepse_official,OPEN,2026-09-09,HEI,Himalayan Everest Insurance Limited,462.0,480.0,462.0,,465.6,469.9,-4.2999999999999545,,323.0,150490.0,5.0,18.0,3.896103896103896,-0.9150883166631102,30098.0,465.9133126934984
2026-09-09T06:45:33+00:00,2026-09-09T12:30:33+05:45,2026-09-09,12:30:33,1788936333,2,6,12,nepse_official,OPEN,2026-09-09,HEIP,Himalayan Everest Insurance Limited Promoter,300.0,300.0,300.0,,300.0,304.0,-4.0,,90.0,27000.0,1.0,0.0,0.0,-1.3157894736842104,27000.0,300.0
2026-09-09T06:45:33+00:00,2026-09-09T12:30:33+05:45,2026-09-09,12:30:33,1788936333,2,6,12,nepse_official,OPEN,2026-09-09,HFIN,Hotel Forest Inn Limited,625.0,638.0,625.0,,637.0,629.0,8.0,,7987.0,5060765.3,153.0,13.0,2.08,1.2718600953895072,33076.89738562091,633.6253036183798
2026-09-09T06:45:33+00:00,2026-09-09T12:30:33+05:45,2026-09-09,12:30:33,1788936333,2,6,12,nepse_official,OPEN,2026-09-09,HHL,Himalayan Hydropower Limited,315.0,319.0,315.0,,319.0,315.0,4.0,,1610.0,512129.0,16.0,4.0,1.2698412698412698,1.2698412698412698,32008.0625,318.09254658385095
2026-09-09T06:45:33+00:00,2026-09-09T12:30:33+05:45,2026-09-09,12:30:33,1788936333,2,6,12,nepse_official,OPEN,2026-09-09,HIDCL,Hydorelectricity Investment and Development Company Ltd,255.1,255.1,241.0,,243.0,243.0,0.0,,4578.0,1110620.2,37.0,14.099999999999994,5.527244217953742,0.0,30016.762162162162,242.59943206640455
2026-09-09T06:45:33+00:00,2026-09-09T12:30:33+05:45,2026-09-09,12:30:33,1788936333,2,6,12,nepse_official,OPEN,2026-09-09,HIDCLP,Hydorelectricity Investment and Development Company Limited Promoter,181.0,183.6,181.0,,181.1,181.9,-0.8000000000000114,,11759.0,2139111.0,37.0,2.5999999999999943,1.436464088397787,-0.4398020890599293,57813.81081081081,181.91266264138108
2026-09-09T06:45:33+00:00,2026-09-09T12:30:33+05:45,2026-09-09,12:30:33,1788936333,2,6,12,nepse_official,OPEN,2026-09-09,HIMSTAR,Him Star Urja Company Limited,645.9,665.0,640.0,,647.1,649.0,-1.8999999999999773,,280.0,183666.1,18.0,25.0,3.870568199411674,-0.29275808936825537,10203.672222222223,655.9503571428571
2026-09-09T06:45:33+00:00,2026-09-09T12:30:33+05:45,2026-09-09,12:30:33,1788936333,2,6,12,nepse_official,OPEN,2026-09-09,HLBSL,Himalayan Laghubitta Bittiya Sanstha Limited,854.0,854.0,837.7,,837.7,855.0,-17.299999999999955,,47.0,39697.9,2.0,16.299999999999955,1.9086651053864114,-2.0233918128654915,19848.95,844.6361702127659
2026-09-09T06:45:33+00:00,2026-09-09T12:30:33+05:45,2026-09-09,12:30:33,1788936333,2,6,12,nepse_official,OPEN,2026-09-09,HLI,Himalayan Life Insurance Limited,296.6,297.1,296.0,,296.0,296.6,-0.6000000000000227,,1952.0,578702.2,54.0,1.1000000000000227,0.37086985839515263,-0.20229265003372307,10716.707407407406,296.46629098360654
2026-09-09T06:45:33+00:00,2026-09-09T12:30:33+05:45,2026-09-09,12:30:33,1788936333,2,6,12,nepse_official,OPEN,2026-09-09,HLICF,HLI Large Cap Fund,8.26,8.26,8.2,,8.2,8.51,-0.3100000000000005,,350.0,2885.0,3.0,0.0600000000000005,0.7263922518159867,-3.6427732079906052,961.6666666666666,8.242857142857142
2026-09-09T06:45:33+00:00,2026-09-09T12:30:33+05:45,2026-09-09,12:30:33,1788936333,2,6,12,nepse_official,OPEN,2026-09-09,HPPL,Himalayan Power Partner Ltd.,367.3,372.8,367.0,,370.0,370.5,-0.5,,20454.0,7536322.0,47.0,5.800000000000011,1.5790906615845388,-0.1349527665317139,160347.27659574468,368.45223428180304
2026-09-09T06:45:33+00:00,2026-09-09T12:30:33+05:45,2026-09-09,12:30:33,1788936333,2,6,12,nepse_official,OPEN,2026-09-09,HRL,Himalayan Reinsurance Limited,516.0,517.0,512.5,,513.4,516.0,-2.6000000000000227,,7332.0,3776412.1,135.0,4.5,0.872093023255814,-0.5038759689922525,27973.422962962963,515.0589334424441
2026-09-09T06:45:33+00:00,2026-09-09T12:30:33+05:45,2026-09-09,12:30:33,1788936333,2,6,12,nepse_official,OPEN,2026-09-09,HURJA,Himalaya Urja Bikas Company Limited,231.1,234.9,231.1,,233.0,233.5,-0.5,,5642.0,1316098.5,22.0,3.8000000000000114,1.6443098225876294,-0.21413276231263384,59822.65909090909,233.26807869549805
2026-09-09T06:45:33+00:00,2026-09-09T12:30:33+05:45,2026-09-09,12:30:33,1788936333,2,6,12,nepse_official,OPEN,2026-09-09,ICFC,ICFC Finance Limited,585.0,589.0,583.9,,585.1,582.1,3.0,,480.0,281040.0,7.0,5.100000000000023,0.8717948717948757,0.5153753650575502,40148.57142857143,585.5
2026-09-09T06:45:33+00:00,2026-09-09T12:30:33+05:45,2026-09-09,12:30:33,1788936333,2,6,12,nepse_official,OPEN,2026-09-09,ICFCD88,9% ICFC Finance Limited Debenture 2088,1120.0,1120.0,1091.3,,1112.0,1118.0,-6.0,,75.0,83082.5,3.0,28.700000000000045,2.562500000000004,-0.5366726296958855,27694.166666666668,1107.7666666666667
2026-09-09T06:45:33+00:00,2026-09-09T12:30:33+05:45,2026-09-09,12:30:33,1788936333,2,6,12,nepse_official,OPEN,2026-09-09,ICFCD89,8% ICFC Finance Limited Debenture 2089,1065.8,1119.68,1065.8,,1086.1,1095.0,-8.900000000000091,,240.0,263831.8,7.0,53.88000000000011,5.055357477950846,-0.8127853881278622,37690.25714285714,1099.2991666666667
2026-09-09T06:45:33+00:00,2026-09-09T12:30:33+05:45,2026-09-09,12:30:33,1788936333,2,6,12,nepse_official,OPEN,2026-09-09,IGI,IGI Prudential insurance Limited,376.0,382.0,376.0,,382.0,378.8,3.1999999999999886,,722.0,275140.0,3.0,6.0,1.5957446808510638,0.8447729672650445,91713.33333333333,381.0803324099723
2026-09-09T06:45:33+00:00,2026-09-09T12:30:33+05:45,2026-09-09,12:30:33,1788936333,2,6,12,nepse_official,OPEN,2026-09-09,IHL,Ingwa Hydropower Limited,295.0,303.4,293.0,,303.3,292.2,11.100000000000023,,2790.0,844622.7,23.0,10.399999999999977,3.5254237288135517,3.7987679671457983,36722.72608695652,302.73215053763437
2026-09-09T06:45:33+00:00,2026-09-09T12:30:33+05:45,2026-09-09,12:30:33,1788936333,2,6,12,nepse_official,OPEN,2026-09-09,ILBS,Infinity Laghubitta Bittiya Sanstha Limited,835.0,841.0,820.0,,839.0,836.9,2.1000000000000227,,481.0,402817.0,13.0,21.0,2.5149700598802394,0.2509260365635109,30985.923076923078,837.4573804573805
2026-09-09T06:45:33+00:00,2026-09-09T12:30:33+05:45,2026-09-09,12:30:33,1788936333,2,6,12,nepse_official,OPEN,2026-09-09,ILI,IME Life Insurance Company Limited,405.0,405.0,403.0,,404.7,405.0,-0.30000000000001137,,2738.0,1106337.4,55.0,2.0,0.49382716049382713,-0.07407407407407687,20115.225454545453,404.06771365960554
2026-09-09T06:45:33+00:00,2026-09-09T12:30:33+05:45,2026-09-09,12:30:33,1788936333,2,6,12,nepse_official,OPEN,2026-09-09,JBBL,Jyoti Bikas Bank Limited,334.9,335.0,330.2,,331.0,334.9,-3.8999999999999773,,3956.0,1314103.3,30.0,4.800000000000011,1.4332636607942704,-1.1645267243953352,43803.443333333336,332.1798028311426
2026-09-09T06:45:33+00:00,2026-09-09T12:30:33+05:45,2026-09-09,12:30:33,1788936333,2,6,12,nepse_official,OPEN,2026-09-09,JBLB,Jeevan Bikas Laghubitta  Bittya Sanstha Ltd,1252.0,1260.0,1252.0,,1255.9,1252.0,3.900000000000091,,1408.0,1769776.8,35.0,8.0,0.6389776357827476,0.3115015974440967,50565.05142857143,1256.9437500000001
2026-09-09T06:45:33+00:00,2026-09-09T12:30:33+05:45,2026-09-09,12:30:33,1788936333,2,6,12,nepse_official,OPEN,2026-09-09,JFL,Janaki Finance Company Limited,300.0,300.0,266.6,,275.0,313.6,-38.60000000000002,,73621.0,20005813.1,449.0,33.39999999999998,11.133333333333326,-12.308673469387761,44556.37661469934,271.74057809592375
2026-09-09T06:45:33+00:00,2026-09-09T12:30:33+05:45,2026-09-09,12:30:33,1788936333,2,6,12,nepse_official,OPEN,2026-09-09,JHAPA,Jhapa Energy Limited,1016.1,1072.0,1016.1,,1069.0,1021.0,48.0,,2456.0,2594657.0,49.0,55.89999999999998,5.501427024899122,4.701273261508325,52952.183673469386,1056.4564332247558
2026-09-09T06:45:33+00:00,2026-09-09T12:30:33+05:45,2026-09-09,12:30:33,1788936333,2,6,12,nepse_official,OPEN,2026-09-09,JOSHI,Joshi Hydropower Development Company Ltd,257.0,262.0,257.0,,262.0,261.5,0.5,,558.0,145956.0,7.0,5.0,1.9455252918287937,0.19120458891013384,20850.85714285714,261.5698924731183
2026-09-09T06:45:33+00:00,2026-09-09T12:30:33+05:45,2026-09-09,12:30:33,1788936333,2,6,12,nepse_official,OPEN,2026-09-09,KAHL,Kalanga Hydro Limited,490.0,500.0,490.0,,499.0,493.0,6.0,,6576.0,3263178.1,316.0,10.0,2.0408163265306123,1.2170385395537524,10326.512974683545,496.2253801703163
2026-09-09T06:45:33+00:00,2026-09-09T12:30:33+05:45,2026-09-09,12:30:33,1788936333,2,6,12,nepse_official,OPEN,2026-09-09,KBL,Kumari Bank Limited,215.0,217.5,214.0,,214.5,215.0,-0.5,,28223.0,6060753.8,92.0,3.5,1.627906976744186,-0.23255813953488372,65877.75869565217,214.74520072281473
2026-09-09T06:45:33+00:00,2026-09-09T12:30:33+05:45,2026-09-09,12:30:33,1788936333,2,6,12,nepse_official,OPEN,2026-09-09,KBLD86,10.25% KBL Debenture 2086,1177.0,1177.0,1177.0,,1177.0,1143.0,34.0,,19.0,22363.0,2.0,0.0,0.0,2.974628171478565,11181.5,1177.0
2026-09-09T06:45:33+00:00,2026-09-09T12:30:33+05:45,2026-09-09,12:30:33,1788936333,2,6,12,nepse_official,OPEN,2026-09-09,KBSH,Kutheli Bukhari Small Hydropower Limited,828.0,828.0,793.0,,814.9,809.0,5.899999999999977,,2944.0,2344842.1,21.0,35.0,4.2270531400966185,0.7292954264524075,111659.14761904762,796.481691576087
2026-09-09T06:45:33+00:00,2026-09-09T12:30:33+05:45,2026-09-09,12:30:33,1788936333,2,6,12,nepse_official,OPEN,2026-09-09,KDBY,Kumari Dhanabriddhi Yojana,9.97,9.97,9.94,,9.94,9.94,0.0,,4600.0,45788.0,7.0,0.030000000000001137,0.3009027081243845,0.0,6541.142857142857,9.953913043478261
2026-09-09T06:45:33+00:00,2026-09-09T12:30:33+05:45,2026-09-09,12:30:33,1788936333,2,6,12,nepse_official,OPEN,2026-09-09,KDL,Kalinchowk Darshan Limited,690.7,690.7,618.0,,649.9,727.0,-77.10000000000002,,77609.0,48558611.0,289.0,72.70000000000005,10.525553786014195,-10.605226960110043,168022.87543252597,625.6827300957364
2026-09-09T06:45:33+00:00,2026-09-09T12:30:33+05:45,2026-09-09,12:30:33,1788936333,2,6,12,nepse_official,OPEN,2026-09-09,KEF,Kumari Equity Fund,9.71,9.71,9.7,,9.7,9.75,-0.05000000000000071,,10450.0,101383.0,4.0,0.010000000000001563,0.10298661174048983,-0.5128205128205201,25345.75,9.701722488038277
2026-09-09T06:45:33+00:00,2026-09-09T12:30:33+05:45,2026-09-09,12:30:33,1788936333,2,6,12,nepse_official,OPEN,2026-09-09,KHPL,Kalinchock Hydropower Limited,740.0,755.0,737.0,,755.0,740.0,15.0,,910.0,683130.0,26.0,18.0,2.4324324324324325,2.027027027027027,26274.23076923077,750.6923076923077
2026-09-09T06:45:33+00:00,2026-09-09T12:30:33+05:45,2026-09-09,12:30:33,1788936333,2,6,12,nepse_official,OPEN,2026-09-09,KKHC,Khanikhola Hydropower Co. Ltd.,266.1,270.0,266.1,,268.0,267.9,0.10000000000002274,,10855.0,2919952.5,37.0,3.8999999999999773,1.4656144306651546,0.03732736095558893,78917.63513513513,268.9960847535698
2026-09-09T06:45:33+00:00,2026-09-09T12:30:33+05:45,2026-09-09,12:30:33,1788936333,2,6,12,nepse_official,OPEN,2026-09-09,KMCDB,Kalika Laghubitta Bittiya Sanstha Ltd,779.0,826.3,779.0,,820.9,820.0,0.8999999999999773,,275.0,224833.6,11.0,47.299999999999955,6.071887034659815,0.10975609756097285,20439.418181818182,817.5767272727273
2026-09-09T06:45:33+00:00,2026-09-09T12:30:33+05:45,2026-09-09,12:30:33,1788936333,2,6,12,nepse_official,OPEN,2026-09-09,KPCL,Kalika power Company Ltd,455.0,458.9,450.0,,457.9,449.1,8.799999999999955,,1639.0,750778.5,15.0,8.899999999999977,1.9560439560439509,1.9594745045646746,50051.9,458.07107992678465
2026-09-09T06:45:33+00:00,2026-09-09T12:30:33+05:45,2026-09-09,12:30:33,1788936333,2,6,12,nepse_official,OPEN,2026-09-09,KSBBL,Kamana Sewa Bikas Bank Limited,447.0,449.1,442.0,,448.0,449.1,-1.1000000000000227,,10551.0,4696601.2,66.0,7.100000000000023,1.588366890380318,-0.24493431307059066,71160.62424242425,445.13327646668563
2026-09-09T06:45:33+00:00,2026-09-09T12:30:33+05:45,2026-09-09,12:30:33,1788936333,2,6,12,nepse_official,OPEN,2026-09-09,KSY,Kumari Sabal Yojana,8.75,8.76,8.75,,8.76,8.75,0.009999999999999787,,900.0,7883.0,2.0,0.009999999999999787,0.11428571428571184,0.11428571428571184,3941.5,8.758888888888889
2026-09-09T06:45:33+00:00,2026-09-09T12:30:33+05:45,2026-09-09,12:30:33,1788936333,2,6,12,nepse_official,OPEN,2026-09-09,LBBL,Lumbini Bikas Bank Ltd.,480.2,485.0,480.0,,481.0,485.0,-4.0,,5181.0,2491902.1,22.0,5.0,1.0412328196584757,-0.8247422680412372,113268.27727272728,480.96933024512646
2026-09-09T06:45:33+00:00,2026-09-09T12:30:33+05:45,2026-09-09,12:30:33,1788936333,2,6,12,nepse_official,OPEN,2026-09-09,LEC,Liberty Energy Company Limited,215.0,217.0,213.0,,216.0,215.0,1.0,,19219.0,4143063.8,56.0,4.0,1.8604651162790697,0.46511627906976744,73983.28214285713,215.5712472032884
2026-09-09T06:45:33+00:00,2026-09-09T12:30:33+05:45,2026-09-09,12:30:33,1788936333,2,6,12,nepse_official,OPEN,2026-09-09,LICN,Life Insurance Corporation (Nepal) Limited,755.0,755.0,750.8,,751.0,756.0,-5.0,,752.0,566458.0,17.0,4.2000000000000455,0.5562913907284828,-0.6613756613756614,33321.05882352941,753.2686170212766
2026-09-09T06:45:33+00:00,2026-09-09T12:30:33+05:45,2026-09-09,12:30:33,1788936333,2,6,12,nepse_official,OPEN,2026-09-09,LSH12,LS Horizon 12,8.92,8.94,8.91,,8.92,8.95,-0.02999999999999936,,1550.0,13825.0,14.0,0.02999999999999936,0.33632286995514976,-0.33519553072624986,987.5,8.919354838709678
2026-09-09T06:45:33+00:00,2026-09-09T12:30:33+05:45,2026-09-09,12:30:33,1788936333,2,6,12,nepse_official,OPEN,2026-09-09,LSL,Laxmi Sunrise Bank Limited,236.2,236.2,223.3,,224.3,225.0,-0.6999999999999886,,12685.0,2858436.3,35.0,12.899999999999977,5.46147332768839,-0.31111111111110606,81669.60857142857,225.33987386677177
2026-09-09T06:45:33+00:00,2026-09-09T12:30:33+05:45,2026-09-09,12:30:33,1788936333,2,6,12,nepse_official,OPEN,2026-09-09,LUK,Laxmi Unnati Kosh,9.3,9.3,9.3,,9.3,9.5,-0.1999999999999993,,500.0,4650.0,1.0,0.0,0.0,-2.1052631578947296,4650.0,9.3
2026-09-09T06:45:33+00:00,2026-09-09T12:30:33+05:45,2026-09-09,12:30:33,1788936333,2,6,12,nepse_official,OPEN,2026-09-09,LVF2,Laxmi Value Fund 2,9.03,9.04,9.03,,9.04,9.3,-0.26000000000000156,,700.0,6326.0,6.0,0.009999999999999787,0.11074197120708514,-2.7956989247311994,1054.3333333333333,9.037142857142857
2026-09-09T06:45:33+00:00,2026-09-09T12:30:33+05:45,2026-09-09,12:30:33,1788936333,2,6,12,nepse_official,OPEN,2026-09-09,MABEL,Mabilung Energy Limited,587.7,610.0,587.7,,606.9,587.7,19.199999999999932,,8925.0,5388462.7,96.0,22.299999999999955,3.794452952186482,3.2669729453802843,56129.81979166667,603.7493221288515
2026-09-09T06:45:33+00:00,2026-09-09T12:30:33+05:45,2026-09-09,12:30:33,1788936333,2,6,12,nepse_official,OPEN,2026-09-09,MAKAR,Makar Jitumaya Suri Hydropower Limited,402.0,405.0,402.0,,403.0,402.0,1.0,,9324.0,3759254.4,31.0,3.0,0.7462686567164178,0.24875621890547264,121266.27096774193,403.18043758043757
2026-09-09T06:45:33+00:00,2026-09-09T12:30:33+05:45,2026-09-09,12:30:33,1788936333,2,6,12,nepse_official,OPEN,2026-09-09,MANDU,Mandu Hydropower Limited,643.2,710.0,643.2,,693.0,677.0,16.0,,28323.0,19514708.3,163.0,66.79999999999995,10.385572139303473,2.363367799113737,119722.13680981596,689.0056950181831
2026-09-09T06:45:33+00:00,2026-09-09T12:30:33+05:45,2026-09-09,12:30:33,1788936333,2,6,12,nepse_official,OPEN,2026-09-09,MATRI,Matribhumi Lagubitta Bittiya Sanstha Limited,725.0,725.0,709.4,,709.4,723.0,-13.600000000000023,,70.0,50438.0,3.0,15.600000000000023,2.151724137931038,-1.8810511756569879,16812.666666666668,720.5428571428571
2026-09-09T06:45:33+00:00,2026-09-09T12:30:33+05:45,2026-09-09,12:30:33,1788936333,2,6,12,nepse_official,OPEN,2026-09-09,MBJC,Madhya Bhotekoshi Jalavidyut Company Limited,276.0,283.0,273.3,,274.1,278.5,-4.399999999999977,,23871.0,6597138.3,115.0,9.699999999999989,3.5144927536231845,-1.5798922800718052,57366.42,276.36623099157976
2026-09-09T06:45:33+00:00,2026-09-09T12:30:33+05:45,2026-09-09,12:30:33,1788936333,2,6,12,nepse_official,OPEN,2026-09-09,MBL,Machhapuchhre Bank Limited,262.5,262.5,247.0,,249.0,250.0,-1.0,,22420.0,5611681.0,44.0,15.5,5.904761904761905,-0.4,127538.20454545454,250.2979928635147
2026-09-09T06:45:33+00:00,2026-09-09T12:30:33+05:45,2026-09-09,12:30:33,1788936333,2,6,12,nepse_official,OPEN,2026-09-09,MBLEF,MBL Equity Fund,9.03,9.15,9.03,,9.03,9.15,-0.120000000000001,,600.0,5444.0,6.0,0.120000000000001,1.328903654485061,-1.3114754098360764,907.3333333333334,9.073333333333334
2026-09-09T06:45:33+00:00,2026-09-09T12:30:33+05:45,2026-09-09,12:30:33,1788936333,2,6,12,nepse_official,OPEN,2026-09-09,MCHL,Menchhiyam Hydropower Limited,259.9,259.9,247.6,,250.9,255.0,-4.099999999999994,,1939.0,483350.0,15.0,12.299999999999983,4.732589457483641,-1.6078431372548996,32223.333333333332,249.27797833935017
2026-09-09T06:45:33+00:00,2026-09-09T12:30:33+05:45,2026-09-09,12:30:33,1788936333,2,6,12,nepse_official,OPEN,2026-09-09,MDB,Miteri Development Bank Limited,556.0,560.0,556.0,,560.0,559.7,0.2999999999999545,,154.0,86125.0,5.0,4.0,0.7194244604316548,0.053600142933706366,17225.0,559.2532467532468
2026-09-09T06:45:33+00:00,2026-09-09T12:30:33+05:45,2026-09-09,12:30:33,1788936333,2,6,12,nepse_official,OPEN,2026-09-09,MEHL,Manakamana Engineering Hydropower Limited,229.9,230.0,226.1,,229.2,228.0,1.1999999999999886,,22983.0,5252294.8,94.0,3.9000000000000057,1.6963897346672492,0.5263157894736793,55875.47659574468,228.5295566288126
2026-09-09T06:45:33+00:00,2026-09-09T12:30:33+05:45,2026-09-09,12:30:33,1788936333,2,6,12,nepse_official,OPEN,2026-09-09,MEL,Modi Energy Limited,199.6,200.0,199.1,,199.5,199.6,-0.09999999999999432,,1534.0,306255.0,41.0,0.9000000000000057,0.4509018036072173,-0.05010020040079876,7469.634146341464,199.64471968709256
2026-09-09T06:45:33+00:00,2026-09-09T12:30:33+05:45,2026-09-09,12:30:33,1788936333,2,6,12,nepse_official,OPEN,2026-09-09,MEN,Mountain Energy Nepal Limited,629.9,635.0,629.9,,634.8,630.0,4.7999999999999545,,20258.0,12788859.3,85.0,5.100000000000023,0.8096523257659983,0.7619047619047548,150457.1682352941,631.2992052522461
2026-09-09T06:45:33+00:00,2026-09-09T12:30:33+05:45,2026-09-09,12:30:33,1788936333,2,6,12,nepse_official,OPEN,2026-09-09,MEPDL,Mount Everest Power Development Limited,644.0,650.0,630.4,,638.1,644.0,-5.899999999999977,,3575.0,2289231.0,316.0,19.600000000000023,3.043478260869569,-0.9161490683229778,7244.401898734177,640.3443356643356
2026-09-09T06:45:33+00:00,2026-09-09T12:30:33+05:45,2026-09-09,12:30:33,1788936333,2,6,12,nepse_official,OPEN,2026-09-09,MERO,Mero Microfinance Bittiya Sanstha Ltd.,612.0,618.0,602.0,,602.2,600.0,2.2000000000000455,,860.0,526990.8,12.0,16.0,2.6143790849673203,0.36666666666667425,43915.9,612.7800000000001
2026-09-09T06:45:33+00:00,2026-09-09T12:30:33+05:45,2026-09-09,12:30:33,1788936333,2,6,12,nepse_official,OPEN,2026-09-09,MFIL,Manjushree Finance Ltd.,720.0,741.0,718.0,,734.0,733.0,1.0,,4870.0,3556829.9,23.0,23.0,3.194444444444444,0.1364256480218281,154644.77826086956,730.3552156057494
2026-09-09T06:45:33+00:00,2026-09-09T12:30:33+05:45,2026-09-09,12:30:33,1788936333,2,6,12,nepse_official,OPEN,2026-09-09,MHCL,Molung Hydropower Company Limited,280.0,280.0,274.1,,278.0,280.0,-2.0,,89.0,24685.5,7.0,5.899999999999977,2.107142857142849,-0.7142857142857143,3526.5,277.36516853932585
2026-09-09T06:45:33+00:00,2026-09-09T12:30:33+05:45,2026-09-09,12:30:33,1788936333,2,6,12,nepse_official,OPEN,2026-09-09,MHL,Mandakini Hydropower Limited,452.9,455.0,442.4,,450.0,452.9,-2.8999999999999773,,110.0,49433.0,7.0,12.600000000000023,2.782071097372494,-0.6403179509825518,7061.857142857143,449.3909090909091
2026-09-09T06:45:33+00:00,2026-09-09T12:30:33+05:45,2026-09-09,12:30:33,1788936333,2,6,12,nepse_official,OPEN,2026-09-09,MHNL,Mountain Hydro Nepal Limited,229.9,247.0,229.9,,240.5,242.0,-1.5,,1970.0,474848.7,18.0,17.099999999999994,7.438016528925617,-0.6198347107438017,26380.483333333334,241.03994923857869
2026-09-09T06:45:33+00:00,2026-09-09T12:30:33+05:45,2026-09-09,12:30:33,1788936333,2,6,12,nepse_official,OPEN,2026-09-09,MKCL,Muktinath Krishi Company Limited,890.0,911.0,885.1,,896.0,911.0,-15.0,,50.0,44821.0,5.0,25.899999999999977,2.9101123595505594,-1.646542261251372,8964.2,896.42
2026-09-09T06:45:33+00:00,2026-09-09T12:30:33+05:45,2026-09-09,12:30:33,1788936333,2,6,12,nepse_official,OPEN,2026-09-09,MKHC,Maya Khola Hydropower Company Limited,264.9,264.9,257.0,,259.0,260.0,-1.0,,2019.0,524423.0,25.0,7.899999999999977,2.982257455643631,-0.38461538461538464,20976.92,259.74393263992073
2026-09-09T06:45:33+00:00,2026-09-09T12:30:33+05:45,2026-09-09,12:30:33,1788936333,2,6,12,nepse_official,OPEN,2026-09-09,MKHL,Mai Khola Hydropower Limited,483.0,510.0,483.0,,500.0,496.1,3.8999999999999773,,296.0,146568.0,11.0,27.0,5.590062111801243,0.7861318282604267,13324.363636363636,495.1621621621622
2026-09-09T06:45:33+00:00,2026-09-09T12:30:33+05:45,2026-09-09,12:30:33,1788936333,2,6,12,nepse_official,OPEN,2026-09-09,MKJC,Mailung Khola Jal Vidhyut Company Limited,290.0,290.0,280.0,,283.0,289.4,-6.399999999999977,,4095.0,1154680.3,19.0,10.0,3.4482758620689653,-2.2114720110573525,60772.64736842106,281.97321123321126
2026-09-09T06:45:33+00:00,2026-09-09T12:30:33+05:45,2026-09-09,12:30:33,1788936333,2,6,12,nepse_official,OPEN,2026-09-09,MLBBL,Mithila LaghuBitta Bittiya Sanstha Limited,934.0,934.0,934.0,,934.0,945.0,-11.0,,200.0,186800.0,1.0,0.0,0.0,-1.164021164021164,186800.0,934.0
2026-09-09T06:45:33+00:00,2026-09-09T12:30:33+05:45,2026-09-09,12:30:33,1788936333,2,6,12,nepse_official,OPEN,2026-09-09,MLBL,Mahalaxmi Bikas Bank Ltd.,354.6,354.6,345.1,,350.0,349.6,0.39999999999997726,,6053.0,2105801.2,33.0,9.5,2.6790750141003947,0.11441647597253354,63812.157575757585,347.8938047249298
2026-09-09T06:45:33+00:00,2026-09-09T12:30:33+05:45,2026-09-09,12:30:33,1788936333,2,6,12,nepse_official,OPEN,2026-09-09,MLBLD89,11% Mahalaxmi Debenture 2089,1325.0,1325.0,1325.0,,1325.0,1287.5,37.5,,3304.0,4377800.0,1.0,0.0,0.0,2.912621359223301,4377800.0,1325.0
2026-09-09T06:45:33+00:00,2026-09-09T12:30:33+05:45,2026-09-09,12:30:33,1788936333,2,6,12,nepse_official,OPEN,2026-09-09,MLBS,Manushi Laghubitta Bittiya Sanstha Limited,967.0,967.0,967.0,,967.0,981.0,-14.0,,10.0,9670.0,1.0,0.0,0.0,-1.4271151885830784,9670.0,967.0
2026-09-09T06:45:33+00:00,2026-09-09T12:30:33+05:45,2026-09-09,12:30:33,1788936333,2,6,12,nepse_official,OPEN,2026-09-09,MLBSL,Mahila Lagubitta Bittiya Sanstha Limited ,1070.0,1085.7,1065.0,,1085.0,1072.0,13.0,,463.0,500592.0,11.0,20.700000000000045,1.9345794392523405,1.212686567164179,45508.36363636364,1081.1922246220302
2026-09-09T06:45:33+00:00,2026-09-09T12:30:33+05:45,2026-09-09,12:30:33,1788936333,2,6,12,nepse_official,OPEN,2026-09-09,MMF1,Mega Mutual Fund -1,9.0,9.08,8.73,,8.99,9.0,-0.009999999999999787,,2700.0,23724.0,10.0,0.34999999999999964,3.888888888888885,-0.11111111111110875,2372.4,8.786666666666667
2026-09-09T06:45:33+00:00,2026-09-09T12:30:33+05:45,2026-09-09,12:30:33,1788936333,2,6,12,nepse_official,OPEN,2026-09-09,MMKJL,Mathillo Mailun Khola Jalvidhyut Limited,355.0,374.0,345.1,,374.0,355.2,18.80000000000001,,1792.0,646446.2,33.0,28.899999999999977,8.140845070422529,5.292792792792796,19589.278787878786,360.7400669642857
2026-09-09T06:45:33+00:00,2026-09-09T12:30:33+05:45,2026-09-09,12:30:33,1788936333,2,6,12,nepse_official,OPEN,2026-09-09,MNBBL,Muktinath Bikas Bank Ltd.,340.0,344.0,321.1,,326.6,346.0,-19.399999999999977,,86334.0,28400503.7,565.0,22.899999999999977,6.735294117647052,-5.606936416184965,50266.37823008849,328.96082308244723
2026-09-09T06:45:33+00:00,2026-09-09T12:30:33+05:45,2026-09-09,12:30:33,1788936333,2,6,12,nepse_official,OPEN,2026-09-09,MNMF1,Muktinath Mutual Fund 1,9.01,9.01,9.01,,9.01,9.13,-0.120000000000001,,200.0,1802.0,2.0,0.0,0.0,-1.3143483023001203,901.0,9.01
2026-09-09T06:45:33+00:00,2026-09-09T12:30:33+05:45,2026-09-09,12:30:33,1788936333,2,6,12,nepse_official,OPEN,2026-09-09,MSHL,Mid Solu Hydropower Limited,503.0,515.0,481.0,,503.0,518.0,-15.0,,869.0,428448.5,18.0,34.0,6.759443339960239,-2.8957528957528957,23802.694444444445,493.036248561565
2026-09-09T06:45:33+00:00,2026-09-09T12:30:33+05:45,2026-09-09,12:30:33,1788936333,2,6,12,nepse_official,OPEN,2026-09-09,MSLB,Mahuli Laghubitta Bittiya Sanstha Limited,1190.1,1193.0,1190.1,,1193.0,1225.0,-32.0,,597.0,710743.6,7.0,2.900000000000091,0.24367700193261835,-2.612244897959184,101534.8,1190.5252931323282
2026-09-09T06:45:33+00:00,2026-09-09T12:30:33+05:45,2026-09-09,12:30:33,1788936333,2,6,12,nepse_official,OPEN,2026-09-09,NABBC,Narayani Development Bank Limited,712.0,712.0,701.1,,702.0,711.1,-9.100000000000023,,630.0,444647.0,15.0,10.899999999999977,1.530898876404491,-1.2797074954296193,29643.133333333335,705.7888888888889
2026-09-09T06:45:33+00:00,2026-09-09T12:30:33+05:45,2026-09-09,12:30:33,1788936333,2,6,12,nepse_official,OPEN,2026-09-09,NABIL,Nabil Bank Limited,553.0,560.0,553.0,,554.4,552.5,1.8999999999999773,,16868.0,9371739.2,200.0,7.0,1.2658227848101267,0.343891402714928,46858.695999999996,555.5927910837088
2026-09-09T06:45:33+00:00,2026-09-09T12:30:33+05:45,2026-09-09,12:30:33,1788936333,2,6,12,nepse_official,OPEN,2026-09-09,NABILD2089,7% Nabil Debenture 2089,1100.0,1100.0,1068.0,,1068.0,1100.0,-32.0,,150.0,163407.5,3.0,32.0,2.909090909090909,-2.909090909090909,54469.166666666664,1089.3833333333334
2026-09-09T06:45:33+00:00,2026-09-09T12:30:33+05:45,2026-09-09,12:30:33,1788936333,2,6,12,nepse_official,OPEN,2026-09-09,NADEP,Nadep Laghubittiya bittya Sanstha Ltd.,671.0,690.0,671.0,,682.0,689.0,-7.0,,1041.0,717841.0,3.0,19.0,2.8315946348733236,-1.0159651669085632,239280.33333333334,689.5686839577329
2026-09-09T06:45:33+00:00,2026-09-09T12:30:33+05:45,2026-09-09,12:30:33,1788936333,2,6,12,nepse_official,OPEN,2026-09-09,NBF2,NABIL BALANCED FUND-2,10.0,10.0,10.0,,10.0,9.82,0.17999999999999972,,200.0,2000.0,1.0,0.0,0.0,1.8329938900203637,2000.0,10.0
2026-09-09T06:45:33+00:00,2026-09-09T12:30:33+05:45,2026-09-09,12:30:33,1788936333,2,6,12,nepse_official,OPEN,2026-09-09,NBF3,Nabil Balanced Fund-3,9.5,9.5,9.32,,9.32,9.64,-0.3200000000000003,,10200.0,96864.0,5.0,0.17999999999999972,1.8947368421052602,-3.3195020746887995,19372.8,9.496470588235294
2026-09-09T06:45:33+00:00,2026-09-09T12:30:33+05:45,2026-09-09,12:30:33,1788936333,2,6,12,nepse_official,OPEN,2026-09-09,NBL,Nepal Bank Limited,279.9,280.9,277.0,,277.3,279.0,-1.6999999999999886,,59173.0,16448551.9,141.0,3.8999999999999773,1.3933547695605493,-0.6093189964157666,116656.39645390071,277.97393912764267
2026-09-09T06:45:33+00:00,2026-09-09T12:30:33+05:45,2026-09-09,12:30:33,1788936333,2,6,12,nepse_official,OPEN,2026-09-09,NCCD86,9.5% NCC Debenture 2086,1118.0,1180.0,1118.0,,1179.0,1118.0,61.0,,12142.0,14327429.5,5.0,62.0,5.545617173524151,5.456171735241503,2865485.9,1179.989252182507
2026-09-09T06:45:33+00:00,2026-09-09T12:30:33+05:45,2026-09-09,12:30:33,1788936333,2,6,12,nepse_official,OPEN,2026-09-09,NESDO,NESDO Sambridha Laghubitta Bittiya Sanstha Limited,1300.0,1310.0,1300.0,,1310.0,1320.0,-10.0,,44.0,57431.0,4.0,10.0,0.7692307692307693,-0.7575757575757576,14357.75,1305.25
2026-09-09T06:45:33+00:00,2026-09-09T12:30:33+05:45,2026-09-09,12:30:33,1788936333,2,6,12,nepse_official,OPEN,2026-09-09,NFS,Nepal Finance Ltd.,521.0,521.0,510.0,,515.0,524.9,-9.899999999999977,,3738.0,1927321.0,31.0,11.0,2.111324376199616,-1.8860735378167226,62171.645161290326,515.6021936864634
2026-09-09T06:45:33+00:00,2026-09-09T12:30:33+05:45,2026-09-09,12:30:33,1788936333,2,6,12,nepse_official,OPEN,2026-09-09,NGPL,Ngadi Group Power Ltd.,399.0,399.0,391.3,,394.0,393.8,0.19999999999998863,,13379.0,5270041.9,53.0,7.699999999999989,1.9298245614035057,0.050787201625187565,99434.75283018869,393.90402122729654
2026-09-09T06:45:33+00:00,2026-09-09T12:30:33+05:45,2026-09-09,12:30:33,1788936333,2,6,12,nepse_official,OPEN,2026-09-09,NHDL,Nepal Hydro Developers Ltd.,637.9,637.9,636.0,,636.0,635.0,1.0,,104.0,66258.0,3.0,1.8999999999999773,0.29785232795108596,0.15748031496062992,22086.0,637.0961538461538
2026-09-09T06:45:33+00:00,2026-09-09T12:30:33+05:45,2026-09-09,12:30:33,1788936333,2,6,12,nepse_official,OPEN,2026-09-09,NHPC,National Hydro Power Company Limited,261.0,261.0,256.0,,257.0,257.0,0.0,,26950.0,6930389.3,104.0,5.0,1.9157088122605364,0.0,66638.35865384615,257.15730241187384
2026-09-09T06:45:33+00:00,2026-09-09T12:30:33+05:45,2026-09-09,12:30:33,1788936333,2,6,12,nepse_official,OPEN,2026-09-09,NIBLGF,NIBL Growth Fund,8.5,8.5,8.41,,8.41,8.5,-0.08999999999999986,,15400.0,130414.0,5.0,0.08999999999999986,1.0588235294117632,-1.0588235294117632,26082.8,8.468441558441558
2026-09-09T06:45:33+00:00,2026-09-09T12:30:33+05:45,2026-09-09,12:30:33,1788936333,2,6,12,nepse_official,OPEN,2026-09-09,NIBLSTF,NIBL Stable Fund,8.34,8.34,8.34,,8.34,8.34,0.0,,100.0,834.0,1.0,0.0,0.0,0.0,834.0,8.34
2026-09-09T06:45:33+00:00,2026-09-09T12:30:33+05:45,2026-09-09,12:30:33,1788936333,2,6,12,nepse_official,OPEN,2026-09-09,NIBSF2,NIBL Samriddhi Fund -2,8.2,8.4,8.2,,8.4,8.3,0.09999999999999964,,12200.0,100650.0,5.0,0.20000000000000107,2.4390243902439157,1.2048192771084292,20130.0,8.25
2026-09-09T06:45:33+00:00,2026-09-09T12:30:33+05:45,2026-09-09,12:30:33,1788936333,2,6,12,nepse_official,OPEN,2026-09-09,NICA,NIC Asia Bank Ltd.,324.4,324.4,307.0,,307.0,309.0,-2.0,,9117.0,2819524.7,62.0,17.399999999999977,5.363748458692965,-0.6472491909385114,45476.20483870968,309.26014039706047
2026-09-09T06:45:33+00:00,2026-09-09T12:30:33+05:45,2026-09-09,12:30:33,1788936333,2,6,12,nepse_official,OPEN,2026-09-09,NICBF,NIC Asia Balanced Fund,8.65,8.72,8.62,,8.66,8.72,-0.0600000000000005,,13700.0,119206.86,7.0,0.10000000000000142,1.1560693641618662,-0.6880733944954185,17029.551428571427,8.701230656934307
2026-09-09T06:45:33+00:00,2026-09-09T12:30:33+05:45,2026-09-09,12:30:33,1788936333,2,6,12,nepse_official,OPEN,2026-09-09,NICFC,NIC Asia Flexi CAP Fund,8.77,8.77,8.54,,8.56,8.77,-0.20999999999999908,,3898.0,33385.88,4.0,0.23000000000000043,2.6225769669327303,-2.3945267958950867,8346.47,8.564874294510004
2026-09-09T06:45:33+00:00,2026-09-09T12:30:33+05:45,2026-09-09,12:30:33,1788936333,2,6,12,nepse_official,OPEN,2026-09-09,NICGF2,NIC ASIA Growth Fund-2,8.72,8.89,8.65,,8.65,8.89,-0.2400000000000002,,400.0,3491.0,4.0,0.2400000000000002,2.7522935779816535,-2.69966254218223,872.75,8.7275
2026-09-09T06:45:33+00:00,2026-09-09T12:30:33+05:45,2026-09-09,12:30:33,1788936333,2,6,12,nepse_official,OPEN,2026-09-09,NICL,Nepal Insurance Co. Ltd.,432.5,440.9,432.0,,440.9,436.9,4.0,,2374.0,1027218.7,20.0,8.899999999999977,2.0578034682080872,0.9155413138017854,51360.935,432.6953243470935
2026-09-09T06:45:33+00:00,2026-09-09T12:30:33+05:45,2026-09-09,12:30:33,1788936333,2,6,12,nepse_official,OPEN,2026-09-09,NICLBSL,NIC ASIA Laghubitta Bittiya Sanstha Limited,512.0,522.0,500.2,,503.1,512.8,-9.699999999999932,,1972.0,1000946.8,38.0,21.80000000000001,4.257812500000002,-1.891575663026508,26340.705263157895,507.5795131845842
2026-09-09T06:45:33+00:00,2026-09-09T12:30:33+05:45,2026-09-09,12:30:33,1788936333,2,6,12,nepse_official,OPEN,2026-09-09,NICSF,NIC Asia Select Fund 30,8.35,8.35,8.35,,8.35,8.35,0.0,,200.0,1670.0,1.0,0.0,0.0,0.0,1670.0,8.35
2026-09-09T06:45:33+00:00,2026-09-09T12:30:33+05:45,2026-09-09,12:30:33,1788936333,2,6,12,nepse_official,OPEN,2026-09-09,NIFRA,Nepal Infrastructure Bank Limited,240.0,242.5,240.0,,242.0,240.9,1.0999999999999943,,9572.0,2305295.9,122.0,2.5,1.0416666666666665,0.4566210045662077,18895.868032786886,240.83743209360634
2026-09-09T06:45:33+00:00,2026-09-09T12:30:33+05:45,2026-09-09,12:30:33,1788936333,2,6,12,nepse_official,OPEN,2026-09-09,NIL,Neco Insurance Limited,524.0,525.0,511.1,,522.0,525.0,-3.0,,1339.0,696067.8,24.0,13.899999999999977,2.6526717557251867,-0.5714285714285714,29002.825,519.8415235250187
2026-09-09T06:45:33+00:00,2026-09-09T12:30:33+05:45,2026-09-09,12:30:33,1788936333,2,6,12,nepse_official,OPEN,2026-09-09,NIMB,Nepal Investment Mega Bank Limited,192.9,192.9,182.0,,183.9,183.8,0.09999999999999432,,26916.0,4928038.9,93.0,10.900000000000006,5.650596163815451,0.0544069640914006,52989.665591397854,183.08957125873087
2026-09-09T06:45:33+00:00,2026-09-09T12:30:33+05:45,2026-09-09,12:30:33,1788936333,2,6,12,nepse_official,OPEN,2026-09-09,NIMBPO,Nepal Investment Mega Bank Ltd. Promoter Share,138.0,138.0,138.0,,138.0,139.0,-1.0,,310.0,42780.0,5.0,0.0,0.0,-0.7194244604316548,8556.0,138.0
2026-09-09T06:45:33+00:00,2026-09-09T12:30:33+05:45,2026-09-09,12:30:33,1788936333,2,6,12,nepse_official,OPEN,2026-09-09,NLG,NLG Insurance Company Ltd.,514.0,514.9,510.0,,514.9,514.5,0.39999999999997726,,209.0,107046.0,5.0,4.899999999999977,0.9533073929961046,0.07774538386782842,21409.2,512.1818181818181
2026-09-09T06:45:33+00:00,2026-09-09T12:30:33+05:45,2026-09-09,12:30:33,1788936333,2,6,12,nepse_official,OPEN,2026-09-09,NLIC,Nepal Life Insurance Co. Ltd.,701.0,701.0,695.0,,696.0,701.0,-5.0,,6189.0,4308252.7,60.0,6.0,0.8559201141226819,-0.7132667617689016,71804.21166666667,696.114509613831
2026-09-09T06:45:33+00:00,2026-09-09T12:30:33+05:45,2026-09-09,12:30:33,1788936333,2,6,12,nepse_official,OPEN,2026-09-09,NLICL,National Life Insurance Co. Ltd.,546.3,557.0,546.0,,557.0,550.3,6.7000000000000455,,682.0,375628.7,11.0,11.0,2.013545670876808,1.2175177176085854,34148.06363636364,550.775219941349
2026-09-09T06:45:33+00:00,2026-09-09T12:30:33+05:45,2026-09-09,12:30:33,1788936333,2,6,12,nepse_official,OPEN,2026-09-09,NMB,NMB Bank Limited,251.8,251.8,239.0,,241.1,239.9,1.1999999999999886,,6381.0,1533799.0,42.0,12.800000000000011,5.083399523431299,0.5002084201750682,36519.02380952381,240.36969127096066
2026-09-09T06:45:33+00:00,2026-09-09T12:30:33+05:45,2026-09-09,12:30:33,1788936333,2,6,12,nepse_official,OPEN,2026-09-09,NMBHF2,NMB Hybrid Fund L- II,9.16,9.16,9.16,,9.16,9.24,-0.08000000000000007,,300.0,2748.0,3.0,0.0,0.0,-0.8658008658008665,916.0,9.16
2026-09-09T06:45:33+00:00,2026-09-09T12:30:33+05:45,2026-09-09,12:30:33,1788936333,2,6,12,nepse_official,OPEN,2026-09-09,NMFBS,National Laghubitta Bittiya Sanstha Limited,1137.0,1137.0,1121.0,,1122.1,1135.0,-12.900000000000091,,1276.0,1438416.0,28.0,16.0,1.4072119613016711,-1.1365638766519903,51372.0,1127.2852664576803
2026-09-09T06:45:33+00:00,2026-09-09T12:30:33+05:45,2026-09-09,12:30:33,1788936333,2,6,12,nepse_official,OPEN,2026-09-09,NMIC,Nepal Micro Insurance Company Limited,793.0,793.0,787.0,,793.0,793.0,0.0,,607.0,479963.0,27.0,6.0,0.7566204287515763,0.0,17776.40740740741,790.7133443163098
2026-09-09T06:45:33+00:00,2026-09-09T12:30:33+05:45,2026-09-09,12:30:33,1788936333,2,6,12,nepse_official,OPEN,2026-09-09,NMLBBL,Nerude Mirmire Laghubitta Bittiya Sanstha Limited,497.9,497.9,475.0,,475.0,488.0,-13.0,,1956.0,934492.0,21.0,22.899999999999977,4.599317131954203,-2.663934426229508,44499.619047619046,477.7566462167689
2026-09-09T06:45:33+00:00,2026-09-09T12:30:33+05:45,2026-09-09,12:30:33,1788936333,2,6,12,nepse_official,OPEN,2026-09-09,NRIC,Nepal Reinsurance Company Limited,810.0,810.0,800.0,,800.2,805.0,-4.7999999999999545,,5603.0,4485658.5,55.0,10.0,1.2345679012345678,-0.5962732919254602,81557.42727272728,800.5815634481528
2026-09-09T06:45:33+00:00,2026-09-09T12:30:33+05:45,2026-09-09,12:30:33,1788936333,2,6,12,nepse_official,OPEN,2026-09-09,NRM,Nepal Republic Media Limited,287.0,287.0,279.0,,287.0,287.0,0.0,,1981.0,556847.9,24.0,8.0,2.7874564459930316,0.0,23201.995833333334,281.09434628975265
2026-09-09T06:45:33+00:00,2026-09-09T12:30:33+05:45,2026-09-09,12:30:33,1788936333,2,6,12,nepse_official,OPEN,2026-09-09,NRN,NRN Infrastructure and Development Limited,1400.0,1416.0,1393.5,,1412.0,1400.0,12.0,,29719.0,41905370.6,138.0,22.5,1.607142857142857,0.8571428571428572,303662.10579710145,1410.0531848312528
2026-09-09T06:45:33+00:00,2026-09-09T12:30:33+05:45,2026-09-09,12:30:33,1788936333,2,6,12,nepse_official,OPEN,2026-09-09,NSIF2,NMB Sulav Investment Fund - 2,9.87,9.87,9.81,,9.81,9.87,-0.05999999999999872,,10200.0,100507.0,6.0,0.05999999999999872,0.6079027355622971,-0.6079027355622971,16751.166666666668,9.853627450980392
2026-09-09T06:45:33+00:00,2026-09-09T12:30:33+05:45,2026-09-09,12:30:33,1788936333,2,6,12,nepse_official,OPEN,2026-09-09,NSY,Nepal Life Samriddhi Lagani Yojana,9.03,9.03,8.94,,8.99,9.3,-0.3100000000000005,,900.0,8102.0,6.0,0.08999999999999986,0.9966777408637859,-3.3333333333333384,1350.3333333333333,9.002222222222223
2026-09-09T06:45:33+00:00,2026-09-09T12:30:33+05:45,2026-09-09,12:30:33,1788936333,2,6,12,nepse_official,OPEN,2026-09-09,NTC,Nepal Doorsanchar Company Limited,928.2,928.2,884.0,,890.0,884.0,6.0,,3200.0,2840565.6,46.0,44.200000000000045,4.761904761904766,0.6787330316742082,61751.426086956526,887.6767500000001
2026-09-09T06:45:33+00:00,2026-09-09T12:30:33+05:45,2026-09-09,12:30:33,1788936333,2,6,12,nepse_official,OPEN,2026-09-09,NUBL,Nirdhan Utthan Laghubitta Bittiya Sanstha Limited,568.0,571.0,568.0,,571.0,568.0,3.0,,704.0,401598.5,8.0,3.0,0.528169014084507,0.528169014084507,50199.8125,570.4524147727273
2026-09-09T06:45:33+00:00,2026-09-09T12:30:33+05:45,2026-09-09,12:30:33,1788936333,2,6,12,nepse_official,OPEN,2026-09-09,NWCL,Nepal Warehousing Company Limited ,596.1,598.0,581.1,,598.0,598.0,0.0,,234.0,137091.5,10.0,16.899999999999977,2.8350947827545676,0.0,13709.15,585.8611111111111
2026-09-09T06:45:33+00:00,2026-09-09T12:30:33+05:45,2026-09-09,12:30:33,1788936333,2,6,12,nepse_official,OPEN,2026-09-09,NYADI,Nyadi Hydropower Limited,351.0,360.0,348.0,,351.2,351.1,0.0999999999999659,,615.0,216033.5,14.0,12.0,3.418803418803419,0.028481913984610054,15430.964285714286,351.2739837398374
2026-09-09T06:45:33+00:00,2026-09-09T12:30:33+05:45,2026-09-09,12:30:33,1788936333,2,6,12,nepse_official,OPEN,2026-09-09,OHL,Oriental Hotels Limited,605.0,620.0,605.0,,620.0,623.0,-3.0,,235.0,145325.0,2.0,15.0,2.479338842975207,-0.4815409309791332,72662.5,618.4042553191489
2026-09-09T06:45:33+00:00,2026-09-09T12:30:33+05:45,2026-09-09,12:30:33,1788936333,2,6,12,nepse_official,OPEN,2026-09-09,OMPL,Om Megashree Pharmaceuticals Limited,885.0,916.0,882.0,,905.0,895.0,10.0,,1355.0,1223512.7,47.0,34.0,3.84180790960452,1.1173184357541899,26032.185106382978,902.9614022140221
2026-09-09T06:45:33+00:00,2026-09-09T12:30:33+05:45,2026-09-09,12:30:33,1788936333,2,6,12,nepse_official,OPEN,2026-09-09,PCBL,Prime Commercial Bank Ltd.,256.0,256.0,239.6,,243.0,243.9,-0.9000000000000057,,2769.0,666390.5,18.0,16.400000000000006,6.406250000000002,-0.3690036900369027,37021.694444444445,240.6610689779704
2026-09-09T06:45:33+00:00,2026-09-09T12:30:33+05:45,2026-09-09,12:30:33,1788936333,2,6,12,nepse_official,OPEN,2026-09-09,PCIL,Palpa Cement Industries Limited,618.2,632.0,614.1,,618.3,618.2,0.09999999999990905,,6819.0,4216808.1,293.0,17.899999999999977,2.8955030734390124,0.016175994823666943,14391.83651877133,618.3909810822701
2026-09-09T06:45:33+00:00,2026-09-09T12:30:33+05:45,2026-09-09,12:30:33,1788936333,2,6,12,nepse_official,OPEN,2026-09-09,PHCL,Peoples Hydropower Company Limited,296.2,302.0,296.0,,298.5,298.8,-0.30000000000001137,,6800.0,2021129.3,46.0,6.0,2.025658338960162,-0.10040160642570661,43937.59347826087,297.22489705882356
2026-09-09T06:45:33+00:00,2026-09-09T12:30:33+05:45,2026-09-09,12:30:33,1788936333,2,6,12,nepse_official,OPEN,2026-09-09,PMHPL,Panchakanya Mai Hydropower Ltd,301.5,301.5,292.5,,293.5,294.9,-1.3999999999999773,,100.0,29472.0,7.0,9.0,2.9850746268656714,-0.4747371990505179,4210.285714285715,294.72
2026-09-09T06:45:33+00:00,2026-09-09T12:30:33+05:45,2026-09-09,12:30:33,1788936333,2,6,12,nepse_official,OPEN,2026-09-09,PMLI,Prabhu Mahalaxmi Life Insurance Limited,400.0,412.6,400.0,,407.5,401.9,5.600000000000023,,1142.0,459018.7,20.0,12.600000000000023,3.1500000000000057,1.3933814381687044,22950.935,401.942819614711
2026-09-09T06:45:33+00:00,2026-09-09T12:30:33+05:45,2026-09-09,12:30:33,1788936333,2,6,12,nepse_official,OPEN,2026-09-09,PPCL,Panchthar Power Compant Limited,344.5,344.5,330.0,,336.5,338.5,-2.0,,3450.0,1151356.0,13.0,14.5,4.2089985486211905,-0.5908419497784343,88565.84615384616,333.7263768115942
2026-09-09T06:45:33+00:00,2026-09-09T12:30:33+05:45,2026-09-09,12:30:33,1788936333,2,6,12,nepse_official,OPEN,2026-09-09,PPL,People's Power Limited,306.0,308.0,297.3,,304.0,306.0,-2.0,,2920.0,891385.3,27.0,10.699999999999989,3.4967320261437873,-0.6535947712418301,33014.270370370374,305.2689383561644
2026-09-09T06:45:33+00:00,2026-09-09T12:30:33+05:45,2026-09-09,12:30:33,1788936333,2,6,12,nepse_official,OPEN,2026-09-09,PRIN,Prabhu Insurance Ltd.,570.0,612.0,570.0,,596.0,600.0,-4.0,,1777.0,1060859.7,26.0,42.0,7.368421052631578,-0.6666666666666667,40802.29615384615,596.9947664603263
2026-09-09T06:45:33+00:00,2026-09-09T12:30:33+05:45,2026-09-09,12:30:33,1788936333,2,6,12,nepse_official,OPEN,2026-09-09,PROFL,Progressive Finance Limited,377.0,379.0,368.0,,370.7,380.0,-9.300000000000011,,3017.0,1121584.0,22.0,11.0,2.9177718832891246,-2.4473684210526345,50981.09090909091,371.7547232350017
2026-09-09T06:45:33+00:00,2026-09-09T12:30:33+05:45,2026-09-09,12:30:33,1788936333,2,6,12,nepse_official,OPEN,2026-09-09,PRSF,Prabhu Smart Fund,12.8,12.92,12.66,,12.66,12.7,-0.03999999999999915,,196200.0,2513292.0,10.0,0.2599999999999998,2.0312499999999982,-0.3149606299212532,251329.2,12.809847094801222
2026-09-09T06:45:33+00:00,2026-09-09T12:30:33+05:45,2026-09-09,12:30:33,1788936333,2,6,12,nepse_official,OPEN,2026-09-09,PRVU,Prabhu  Bank Limited,182.0,182.0,179.3,,181.6,180.0,1.5999999999999943,,18776.0,3393328.6,80.0,2.6999999999999886,1.4835164835164771,0.8888888888888857,42416.6075,180.72691734128676
2026-09-09T06:45:33+00:00,2026-09-09T12:30:33+05:45,2026-09-09,12:30:33,1788936333,2,6,12,nepse_official,OPEN,2026-09-09,PSF,Prabhu Select Fund,12.28,12.29,12.1,,12.1,12.28,-0.17999999999999972,,29100.0,355810.0,8.0,0.1899999999999995,1.5472312703583022,-1.4657980456026036,44476.25,12.227147766323023
2026-09-09T06:45:33+00:00,2026-09-09T12:30:33+05:45,2026-09-09,12:30:33,1788936333,2,6,12,nepse_official,OPEN,2026-09-09,PURE,Pure Energy Limited,760.0,778.8,753.0,,778.8,761.3,17.5,,884.0,678149.6,33.0,25.799999999999955,3.3947368421052575,2.298699592801787,20549.987878787877,767.137556561086
2026-09-09T06:45:33+00:00,2026-09-09T12:30:33+05:45,2026-09-09,12:30:33,1788936333,2,6,12,nepse_official,OPEN,2026-09-09,RADHI,Radhi Bidyut Company Ltd,690.0,697.0,683.0,,693.9,690.0,3.8999999999999773,,5340.0,3687257.8,16.0,14.0,2.0289855072463765,0.5652173913043446,230453.6125,690.4977153558052
2026-09-09T06:45:33+00:00,2026-09-09T12:30:33+05:45,2026-09-09,12:30:33,1788936333,2,6,12,nepse_official,OPEN,2026-09-09,RAWA,Rawa Energy Development Limited,413.0,413.8,405.0,,413.8,413.9,-0.0999999999999659,,6844.0,2795603.3,59.0,8.800000000000011,2.130750605326879,-0.024160425223475696,47383.106779661015,408.47505844535357
2026-09-09T06:45:33+00:00,2026-09-09T12:30:33+05:45,2026-09-09,12:30:33,1788936333,2,6,12,nepse_official,OPEN,2026-09-09,RBBD83,8.5% RBBL Debenture 2083,1035.0,1035.0,1035.0,,1035.0,1010.3,24.700000000000045,,20.0,20700.0,1.0,0.0,0.0,2.4448183707809608,20700.0,1035.0
2026-09-09T06:45:33+00:00,2026-09-09T12:30:33+05:45,2026-09-09,12:30:33,1788936333,2,6,12,nepse_official,OPEN,2026-09-09,RBBF40,RBB Focus 40,9.0,9.0,8.8,,9.0,9.0,0.0,,300.0,2680.0,3.0,0.1999999999999993,2.2222222222222143,0.0,893.3333333333334,8.933333333333334
2026-09-09T06:45:33+00:00,2026-09-09T12:30:33+05:45,2026-09-09,12:30:33,1788936333,2,6,12,nepse_official,OPEN,2026-09-09,RBCL,Rastriya Beema Company Limited,14168.0,14168.0,13580.0,,13580.0,13755.6,-175.60000000000036,,30.0,417480.0,3.0,588.0,4.150197628458498,-1.2765709965395937,139160.0,13916.0
2026-09-09T06:45:33+00:00,2026-09-09T12:30:33+05:45,2026-09-09,12:30:33,1788936333,2,6,12,nepse_official,OPEN,2026-09-09,RFPL,River Falls Power Limited,328.0,331.0,321.0,,331.0,328.1,2.8999999999999773,,9195.0,2999191.8,53.0,10.0,3.048780487804878,0.8838768668088927,56588.52452830188,326.1763784665579
2026-09-09T06:45:33+00:00,2026-09-09T12:30:33+05:45,2026-09-09,12:30:33,1788936333,2,6,12,nepse_official,OPEN,2026-09-09,RHGCL,Rapti Hydro And General Construction Limited,250.0,257.5,246.0,,250.0,250.0,0.0,,330.0,82606.0,8.0,11.5,4.6,0.0,10325.75,250.3212121212121
2026-09-09T06:45:33+00:00,2026-09-09T12:30:33+05:45,2026-09-09,12:30:33,1788936333,2,6,12,nepse_official,OPEN,2026-09-09,RHPL,RASUWAGADHI HYDROPOWER COMPANY LIMITED,170.0,170.2,165.3,,165.4,170.2,-4.799999999999983,,32612.0,5427585.2,180.0,4.899999999999977,2.8823529411764572,-2.82021151586368,30153.251111111113,166.4290813197596
2026-09-09T06:45:33+00:00,2026-09-09T12:30:33+05:45,2026-09-09,12:30:33,1788936333,2,6,12,nepse_official,OPEN,2026-09-09,RIDI,Ridi Power Company Limited,348.0,353.9,345.1,,351.5,347.7,3.8000000000000114,,133903.0,46929313.0,185.0,8.799999999999955,2.5287356321838947,1.0928961748633912,253671.96216216215,350.472453940539
2026-09-09T06:45:33+00:00,2026-09-09T12:30:33+05:45,2026-09-09,12:30:33,1788936333,2,6,12,nepse_official,OPEN,2026-09-09,RLEL,Ridge Line Energy Limited,741.0,775.0,741.0,,770.0,760.0,10.0,,1096.0,835330.0,45.0,34.0,4.588394062078273,1.3157894736842104,18562.88888888889,762.1624087591241
2026-09-09T06:45:33+00:00,2026-09-09T12:30:33+05:45,2026-09-09,12:30:33,1788936333,2,6,12,nepse_official,OPEN,2026-09-09,RLFL,Reliance Finance Ltd.,416.0,426.8,415.0,,417.6,424.0,-6.399999999999977,,8905.0,3713366.8,31.0,11.800000000000011,2.8365384615384643,-1.5094339622641455,119786.02580645161,416.99795620437953
2026-09-09T06:45:33+00:00,2026-09-09T12:30:33+05:45,2026-09-09,12:30:33,1788936333,2,6,12,nepse_official,OPEN,2026-09-09,RMF1,RBB Mutual Fund 1,9.65,9.79,9.33,,9.79,9.7,0.08999999999999986,,4600.0,44193.0,10.0,0.4599999999999991,4.766839378238332,0.9278350515463903,4419.3,9.607173913043479
2026-09-09T06:45:33+00:00,2026-09-09T12:30:33+05:45,2026-09-09,12:30:33,1788936333,2,6,12,nepse_official,OPEN,2026-09-09,RMF2,RBB Mutual Fund 2,9.7,9.8,9.61,,9.8,9.7,0.10000000000000142,,10200.0,99931.0,4.0,0.19000000000000128,1.9587628865979514,1.0309278350515612,24982.75,9.797156862745098
2026-09-09T06:45:33+00:00,2026-09-09T12:30:33+05:45,2026-09-09,12:30:33,1788936333,2,6,12,nepse_official,OPEN,2026-09-09,RNLI,Reliable Nepal Life Insurance Limited,414.0,415.0,411.5,,412.0,414.0,-2.0,,1555.0,641325.1,59.0,3.5,0.8454106280193237,-0.4830917874396135,10869.916949152543,412.42771704180063
2026-09-09T06:45:33+00:00,2026-09-09T12:30:33+05:45,2026-09-09,12:30:33,1788936333,2,6,12,nepse_official,OPEN,2026-09-09,RSDC,RSDC Laghubitta Bittiya Sanstha Ltd.,628.0,628.0,615.0,,616.0,628.0,-12.0,,79.0,48601.0,5.0,13.0,2.0700636942675157,-1.910828025477707,9720.2,615.2025316455696
2026-09-09T06:45:33+00:00,2026-09-09T12:30:33+05:45,2026-09-09,12:30:33,1788936333,2,6,12,nepse_official,OPEN,2026-09-09,RSML,Reliance Spinning Mills Limited,2941.1,3045.0,2941.1,,3029.0,2940.0,89.0,,94350.0,281090149.9,466.0,103.90000000000009,3.5326918499881033,3.0272108843537415,603197.7465665236,2979.2278738738737
2026-09-09T06:45:33+00:00,2026-09-09T12:30:33+05:45,2026-09-09,12:30:33,1788936333,2,6,12,nepse_official,OPEN,2026-09-09,RSY,Reliable Samriddhi Yojana,9.47,9.48,9.47,,9.47,9.47,0.0,,600.0,5684.0,4.0,0.009999999999999787,0.10559662090812867,0.0,1421.0,9.473333333333333
2026-09-09T06:45:33+00:00,2026-09-09T12:30:33+05:45,2026-09-09,12:30:33,1788936333,2,6,12,nepse_official,OPEN,2026-09-09,RSY2,Reliable Samriddhi Yojana -2,8.74,9.2,8.74,,8.8,9.01,-0.20999999999999908,,2500.0,22268.0,23.0,0.4599999999999991,5.263157894736832,-2.3307436182019874,968.1739130434783,8.9072
2026-09-09T06:45:33+00:00,2026-09-09T12:30:33+05:45,2026-09-09,12:30:33,1788936333,2,6,12,nepse_official,OPEN,2026-09-09,RURU,Ru Ru Jalbidhyut Pariyojana Limited,573.1,590.0,573.1,,576.1,585.0,-8.899999999999977,,52.0,30128.5,5.0,16.899999999999977,2.948874541964749,-1.5213675213675175,6025.7,579.3942307692307
2026-09-09T06:45:33+00:00,2026-09-09T12:30:33+05:45,2026-09-09,12:30:33,1788936333,2,6,12,nepse_official,OPEN,2026-09-09,SABBL,Salapa Bikas Bank Limited,916.7,948.9,916.7,,935.0,916.7,18.299999999999955,,5270.0,4917929.6,102.0,32.19999999999993,3.512599541834835,1.9962910439620327,48214.996078431366,933.1934724857684
2026-09-09T06:45:33+00:00,2026-09-09T12:30:33+05:45,2026-09-09,12:30:33,1788936333,2,6,12,nepse_official,OPEN,2026-09-09,SADBL,Shangrila Development Bank Ltd.,395.0,416.0,395.0,,411.9,410.4,1.5,,664.0,271957.6,9.0,21.0,5.3164556962025316,0.3654970760233918,30217.511111111107,409.57469879518067
2026-09-09T06:45:33+00:00,2026-09-09T12:30:33+05:45,2026-09-09,12:30:33,1788936333,2,6,12,nepse_official,OPEN,2026-09-09,SAEF2,Sanima Equity Fund-2,9.0,9.2,8.97,,8.99,9.0,-0.009999999999999787,,2350.0,21212.0,23.0,0.22999999999999865,2.5555555555555403,-0.11111111111110875,922.2608695652174,9.026382978723404
2026-09-09T06:45:33+00:00,2026-09-09T12:30:33+05:45,2026-09-09,12:30:33,1788936333,2,6,12,nepse_official,OPEN,2026-09-09,SAGAR,Sagar Distillery Limited,1593.0,1593.0,1553.0,,1570.1,1593.0,-22.90000000000009,,929.0,1460904.0,30.0,40.0,2.5109855618330195,-1.4375392341494093,48696.8,1572.5554359526373
2026-09-09T06:45:33+00:00,2026-09-09T12:30:33+05:45,2026-09-09,12:30:33,1788936333,2,6,12,nepse_official,OPEN,2026-09-09,SAGF,Sanima Growth Fund,9.3,9.33,9.3,,9.33,9.33,0.0,,300.0,2796.0,2.0,0.02999999999999936,0.32258064516128343,0.0,1398.0,9.32
2026-09-09T06:45:33+00:00,2026-09-09T12:30:33+05:45,2026-09-09,12:30:33,1788936333,2,6,12,nepse_official,OPEN,2026-09-09,SAHAS,Sahas Urja Limited,694.0,698.0,693.9,,697.0,694.0,3.0,,17330.0,12055823.6,137.0,4.100000000000023,0.5907780979827122,0.43227665706051877,87998.71240875912,695.6620657818811
2026-09-09T06:45:33+00:00,2026-09-09T12:30:33+05:45,2026-09-09,12:30:33,1788936333,2,6,12,nepse_official,OPEN,2026-09-09,SAIL,Shreenagar Agritech Industries Limited,1050.0,1075.0,1050.0,,1060.0,1056.2,3.7999999999999545,,20003.0,21288281.2,215.0,25.0,2.380952380952381,0.3597803446316942,99015.26139534883,1064.2544218367245
2026-09-09T06:45:33+00:00,2026-09-09T12:30:33+05:45,2026-09-09,12:30:33,1788936333,2,6,12,nepse_official,OPEN,2026-09-09,SALICO,Sagarmatha Lumbini Insurance Co. Limited,535.0,535.0,519.0,,520.0,527.5,-7.5,,583.0,305025.0,11.0,16.0,2.990654205607477,-1.4218009478672986,27729.545454545456,523.1989708404802
2026-09-09T06:45:33+00:00,2026-09-09T12:30:33+05:45,2026-09-09,12:30:33,1788936333,2,6,12,nepse_official,OPEN,2026-09-09,SAND2085,10% Sanima Bank Limited Debenture,1115.5,1115.5,1115.5,,1115.5,1149.9,-34.40000000000009,,205.0,228677.5,1.0,0.0,0.0,-2.9915644838681703,228677.5,1115.5
2026-09-09T06:45:33+00:00,2026-09-09T12:30:33+05:45,2026-09-09,12:30:33,1788936333,2,6,12,nepse_official,OPEN,2026-09-09,SANIMA,Sanima Bank Limited,365.1,367.1,362.1,,365.2,365.0,0.19999999999998863,,20903.0,7640499.6,61.0,5.0,1.369487811558477,0.05479452054794209,125254.09180327869,365.5216763144046
2026-09-09T06:45:33+00:00,2026-09-09T12:30:33+05:45,2026-09-09,12:30:33,1788936333,2,6,12,nepse_official,OPEN,2026-09-09,SANVI,Sanvi Energy Limited,559.0,567.0,555.1,,566.9,559.0,7.899999999999977,,1225.0,691870.0,33.0,11.899999999999977,2.1288014311270085,1.4132379248658278,20965.757575757576,564.7918367346939
2026-09-09T06:45:33+00:00,2026-09-09T12:30:33+05:45,2026-09-09,12:30:33,1788936333,2,6,12,nepse_official,OPEN,2026-09-09,SAPDBL,Saptakoshi Development Bank Ltd,683.0,683.0,650.0,,650.0,682.0,-32.0,,12370.0,8205137.8,117.0,33.0,4.831625183016105,-4.69208211143695,70129.3829059829,663.3094421988682
2026-09-09T06:45:33+00:00,2026-09-09T12:30:33+05:45,2026-09-09,12:30:33,1788936333,2,6,12,nepse_official,OPEN,2026-09-09,SAPIL,Sarvottam Paints Industries Limited,1245.0,1275.0,1228.0,,1256.1,1245.0,11.099999999999909,,11272.0,14161792.3,531.0,47.0,3.775100401606426,0.8915662650602337,26670.04199623352,1256.3690826827537
2026-09-09T06:45:33+00:00,2026-09-09T12:30:33+05:45,2026-09-09,12:30:33,1788936333,2,6,12,nepse_official,OPEN,2026-09-09,SARBTM,Sarbottam Cement Limited,798.0,801.9,795.5,,797.0,797.0,0.0,,2420.0,1927473.0,19.0,6.399999999999977,0.8020050125313255,0.0,101445.94736842105,796.4764462809917
2026-09-09T06:45:33+00:00,2026-09-09T12:30:33+05:45,2026-09-09,12:30:33,1788936333,2,6,12,nepse_official,OPEN,2026-09-09,SBCF,Sunrise Bluechip Fund,9.04,9.04,9.04,,9.04,9.04,0.0,,200.0,1808.0,1.0,0.0,0.0,0.0,1808.0,9.04
2026-09-09T06:45:33+00:00,2026-09-09T12:30:33+05:45,2026-09-09,12:30:33,1788936333,2,6,12,nepse_official,OPEN,2026-09-09,SBI,Nepal SBI Bank Limited,395.0,396.8,395.0,,396.8,402.0,-5.199999999999989,,517.0,204354.4,4.0,1.8000000000000114,0.45569620253164844,-1.293532338308455,51088.6,395.2696324951644
2026-09-09T06:45:33+00:00,2026-09-09T12:30:33+05:45,2026-09-09,12:30:33,1788936333,2,6,12,nepse_official,OPEN,2026-09-09,SBL,Siddhartha Bank Limited,442.5,442.5,417.2,,421.1,421.5,-0.39999999999997726,,34017.0,14358833.8,89.0,25.30000000000001,5.717514124293787,-0.09489916963226032,161335.21123595507,422.10758738277923
2026-09-09T06:45:33+00:00,2026-09-09T12:30:33+05:45,2026-09-09,12:30:33,1788936333,2,6,12,nepse_official,OPEN,2026-09-09,SBLD2091,7.25% SBL Debenture 2091,1100.0,1115.0,1100.0,,1115.0,1090.0,25.0,,500.0,554440.0,3.0,15.0,1.3636363636363635,2.293577981651376,184813.33333333334,1108.88
2026-09-09T06:45:33+00:00,2026-09-09T12:30:33+05:45,2026-09-09,12:30:33,1788936333,2,6,12,nepse_official,OPEN,2026-09-09,SCB,Standard Chartered Bank Limited,649.0,654.9,649.0,,650.1,649.1,1.0,,1735.0,1131751.5,36.0,5.899999999999977,0.9090909090909056,0.15405946695424433,31437.541666666668,652.3063400576369
2026-09-09T06:45:33+00:00,2026-09-09T12:30:33+05:45,2026-09-09,12:30:33,1788936333,2,6,12,nepse_official,OPEN,2026-09-09,SEF,Siddhartha Equity Fund,9.4,9.5,9.36,,9.36,9.41,-0.05000000000000071,,71770.0,673755.2,10.0,0.14000000000000057,1.4893617021276655,-0.5313496280552679,67375.51999999999,9.387699595931448
2026-09-09T06:45:33+00:00,2026-09-09T12:30:33+05:45,2026-09-09,12:30:33,1788936333,2,6,12,nepse_official,OPEN,2026-09-09,SEF2,Siddhartha Equity Fund 2,8.74,9.0,8.74,,9.0,9.0,0.0,,4080.0,36203.0,28.0,0.2599999999999998,2.9748283752860387,0.0,1292.9642857142858,8.87328431372549
2026-09-09T06:45:33+00:00,2026-09-09T12:30:33+05:45,2026-09-09,12:30:33,1788936333,2,6,12,nepse_official,OPEN,2026-09-09,SFMF,Sunrise First Mutual Fund,9.25,9.25,9.06,,9.06,9.02,0.040000000000000924,,5100.0,46430.0,4.0,0.1899999999999995,2.0540540540540486,0.44345898004435613,11607.5,9.10392156862745
2026-09-09T06:45:33+00:00,2026-09-09T12:30:33+05:45,2026-09-09,12:30:33,1788936333,2,6,12,nepse_official,OPEN,2026-09-09,SGHC,Swet-Ganga Hydropower & Construction Limited ,296.0,298.9,291.0,,298.0,295.0,3.0,,4825.0,1415763.0,42.0,7.899999999999977,2.6689189189189113,1.0169491525423728,33708.642857142855,293.42238341968914
2026-09-09T06:45:33+00:00,2026-09-09T12:30:33+05:45,2026-09-09,12:30:33,1788936333,2,6,12,nepse_official,OPEN,2026-09-09,SGHL,Sanigad Hydro Limited,490.0,513.7,490.0,,506.2,499.3,6.899999999999977,,23058.0,11646216.5,734.0,23.700000000000045,4.836734693877561,1.3819347085920242,15866.779972752043,505.08355017781247
2026-09-09T06:45:33+00:00,2026-09-09T12:30:33+05:45,2026-09-09,12:30:33,1788936333,2,6,12,nepse_official,OPEN,2026-09-09,SGIC,Sanima GIC Insurance Limited,380.0,381.0,376.2,,377.1,379.0,-1.8999999999999773,,3684.0,1395051.3,49.0,4.800000000000011,1.263157894736845,-0.5013192612137144,28470.434693877552,378.67842019543974
2026-09-09T06:45:33+00:00,2026-09-09T12:30:33+05:45,2026-09-09,12:30:33,1788936333,2,6,12,nepse_official,OPEN,2026-09-09,SHEL,Singati Hydro Energy Limited,294.0,294.1,284.3,,290.5,293.9,-3.3999999999999773,,18637.0,5404494.5,68.0,9.800000000000011,3.3333333333333375,-1.1568560734943782,79477.86029411765,289.98736384611254
2026-09-09T06:45:33+00:00,2026-09-09T12:30:33+05:45,2026-09-09,12:30:33,1788936333,2,6,12,nepse_official,OPEN,2026-09-09,SHINE,Shine Resunga Development Bank Ltd.,417.1,422.6,416.1,,420.0,419.9,0.10000000000002274,,4708.0,1974519.4,28.0,6.5,1.5583792855430352,0.023815194093837283,70518.55,419.3966440101954
2026-09-09T06:45:33+00:00,2026-09-09T12:30:33+05:45,2026-09-09,12:30:33,1788936333,2,6,12,nepse_official,OPEN,2026-09-09,SHIVM,SHIVAM CEMENTS LTD,664.2,678.8,660.0,,672.0,664.2,7.7999999999999545,,122308.0,82341523.4,419.0,18.799999999999955,2.8304727491719293,1.1743450767840942,196519.14892601434,673.2308875952514
2026-09-09T06:45:33+00:00,2026-09-09T12:30:33+05:45,2026-09-09,12:30:33,1788936333,2,6,12,nepse_official,OPEN,2026-09-09,SHL,Soaltee Hotel Limited,501.0,506.6,501.0,,506.6,502.5,4.100000000000023,,653.0,329490.0,4.0,5.600000000000023,1.117764471057889,0.8159203980099548,82372.5,504.57886676875955
2026-09-09T06:45:33+00:00,2026-09-09T12:30:33+05:45,2026-09-09,12:30:33,1788936333,2,6,12,nepse_official,OPEN,2026-09-09,SHLB,Shrijanshil Laghubitta Bittiya Sanstha Limited,1250.0,1250.0,1250.0,,1250.0,1265.0,-15.0,,100.0,125000.0,3.0,0.0,0.0,-1.185770750988142,41666.666666666664,1250.0
2026-09-09T06:45:33+00:00,2026-09-09T12:30:33+05:45,2026-09-09,12:30:33,1788936333,2,6,12,nepse_official,OPEN,2026-09-09,SHPC,Sanima Mai Hydropower Ltd.,506.0,515.0,506.0,,515.0,509.8,5.199999999999989,,27633.0,14138582.3,75.0,9.0,1.7786561264822136,1.0200078462141995,188514.43066666668,511.65571237288754
2026-09-09T06:45:33+00:00,2026-09-09T12:30:33+05:45,2026-09-09,12:30:33,1788936333,2,6,12,nepse_official,OPEN,2026-09-09,SICL,Shikhar Insurance Co. Ltd.,534.0,542.0,525.0,,542.0,550.0,-8.0,,3267.0,1753390.2,38.0,17.0,3.1835205992509366,-1.4545454545454546,46141.847368421055,536.6973370064279
2026-09-09T06:45:33+00:00,2026-09-09T12:30:33+05:45,2026-09-09,12:30:33,1788936333,2,6,12,nepse_official,OPEN,2026-09-09,SIFC,Shree Investment Finance Co. Ltd.,479.7,480.0,475.0,,475.0,480.1,-5.100000000000023,,5718.0,2719072.1,27.0,5.0,1.0423181154888472,-1.062278691939184,100706.37407407408,475.52852395942637
2026-09-09T06:45:33+00:00,2026-09-09T12:30:33+05:45,2026-09-09,12:30:33,1788936333,2,6,12,nepse_official,OPEN,2026-09-09,SIGS3,Siddhartha Investment Growth Scheme 3,10.0,10.06,10.0,,10.03,10.2,-0.16999999999999993,,3651.0,36720.06,3.0,0.0600000000000005,0.600000000000005,-1.6666666666666659,12240.019999999999,10.057534921939194
2026-09-09T06:45:33+00:00,2026-09-09T12:30:33+05:45,2026-09-09,12:30:33,1788936333,2,6,12,nepse_official,OPEN,2026-09-09,SIKLES,Sikles Hydropower Limited,573.0,575.0,570.0,,571.0,578.0,-7.0,,1190.0,679584.5,12.0,5.0,0.8726003490401396,-1.2110726643598615,56632.041666666664,571.0794117647059
2026-09-09T06:45:33+00:00,2026-09-09T12:30:33+05:45,2026-09-09,12:30:33,1788936333,2,6,12,nepse_official,OPEN,2026-09-09,SINDU,Sindhu Bikash Bank Ltd,493.5,493.5,423.1,,423.1,497.7,-74.59999999999997,,3860.0,1656244.7,53.0,70.39999999999998,14.265450861195536,-14.98894916616435,31249.899999999998,429.07893782383417
2026-09-09T06:45:33+00:00,2026-09-09T12:30:33+05:45,2026-09-09,12:30:33,1788936333,2,6,12,nepse_official,OPEN,2026-09-09,SIPD,Shikhar power Development Limited,582.0,625.0,582.0,,606.0,591.1,14.899999999999977,,17810.0,10900836.5,196.0,43.0,7.3883161512027495,2.520724073760781,55616.51275510204,612.0626895002807
2026-09-09T06:45:33+00:00,2026-09-09T12:30:33+05:45,2026-09-09,12:30:33,1788936333,2,6,12,nepse_official,OPEN,2026-09-09,SJCL,SANJEN JALAVIDHYUT COMPANY LIMITED,232.0,238.0,231.3,,231.5,232.5,-1.0,,6553.0,1520885.2,50.0,6.699999999999989,2.8879310344827536,-0.43010752688172044,30417.703999999998,232.0899130169388
2026-09-09T06:45:33+00:00,2026-09-09T12:30:33+05:45,2026-09-09,12:30:33,1788936333,2,6,12,nepse_official,OPEN,2026-09-09,SJLIC,SuryaJyoti Life Insurance Company Limited,395.1,400.0,395.0,,400.0,398.0,2.0,,4306.0,1716629.2,43.0,5.0,1.2655024044545684,0.5025125628140703,39921.60930232558,398.6598235020901
2026-09-09T06:45:33+00:00,2026-09-09T12:30:33+05:45,2026-09-09,12:30:33,1788936333,2,6,12,nepse_official,OPEN,2026-09-09,SKBBL,Sana Kisan Bikas Laghubitta Bittiya Sanstha Limited,745.2,759.0,745.0,,751.0,746.1,4.899999999999977,,433.0,324362.5,11.0,14.0,1.8786902844873858,0.6567484251440795,29487.5,749.1050808314088
2026-09-09T06:45:33+00:00,2026-09-09T12:30:33+05:45,2026-09-09,12:30:33,1788936333,2,6,12,nepse_official,OPEN,2026-09-09,SKHEL,Suryakunda Hydro Electric Limited,805.1,839.4,805.1,,816.0,830.0,-14.0,,1399.0,1147201.0,28.0,34.299999999999955,4.260340330393734,-1.6867469879518073,40971.46428571428,820.0150107219442
2026-09-09T06:45:33+00:00,2026-09-09T12:30:33+05:45,2026-09-09,12:30:33,1788936333,2,6,12,nepse_official,OPEN,2026-09-09,SKHL,Super Khudi Hydropower Limited,725.0,759.1,725.0,,755.0,725.0,30.0,,7577.0,5621833.9,131.0,34.10000000000002,4.703448275862073,4.137931034482759,42914.76259541985,741.9603932954996
2026-09-09T06:45:33+00:00,2026-09-09T12:30:33+05:45,2026-09-09,12:30:33,1788936333,2,6,12,nepse_official,OPEN,2026-09-09,SLBBL,Swarojgar Laghubitta Bittiya Sanstha Ltd.,805.0,805.0,790.0,,790.0,799.0,-9.0,,53.0,42146.3,4.0,15.0,1.8633540372670807,-1.1264080100125156,10536.575,795.2132075471699
2026-09-09T06:45:33+00:00,2026-09-09T12:30:33+05:45,2026-09-09,12:30:33,1788936333,2,6,12,nepse_official,OPEN,2026-09-09,SLBSL,Samudayik Laghubitta Bittiya Sanstha Limited,900.0,900.0,874.1,,889.9,899.0,-9.100000000000023,,550.0,487014.0,8.0,25.899999999999977,2.877777777777775,-1.012235817575086,60876.75,885.48
2026-09-09T06:45:33+00:00,2026-09-09T12:30:33+05:45,2026-09-09,12:30:33,1788936333,2,6,12,nepse_official,OPEN,2026-09-09,SMATA,Samata Gharelu Laghubitta Bittiya Sanstha Limited,700.0,700.0,690.0,,690.0,695.0,-5.0,,584.0,404785.0,11.0,10.0,1.4285714285714286,-0.7194244604316548,36798.63636363636,693.125
2026-09-09T06:45:33+00:00,2026-09-09T12:30:33+05:45,2026-09-09,12:30:33,1788936333,2,6,12,nepse_official,OPEN,2026-09-09,SMB,Support Microfinance Bittiya Sanstha Ltd.,1813.0,1813.0,1750.1,,1750.1,1785.0,-34.90000000000009,,157.0,280339.9,4.0,62.90000000000009,3.4693877551020456,-1.955182072829137,70084.975,1785.6044585987263
2026-09-09T06:45:33+00:00,2026-09-09T12:30:33+05:45,2026-09-09,12:30:33,1788936333,2,6,12,nepse_official,OPEN,2026-09-09,SMFBS,Swabhimaan Laghubitta Bittiya Sanstha Limited,1307.0,1315.0,1306.1,,1315.0,1345.0,-30.0,,87.0,114100.0,4.0,8.900000000000091,0.6809487375669542,-2.2304832713754648,28525.0,1311.4942528735633
2026-09-09T06:45:33+00:00,2026-09-09T12:30:33+05:45,2026-09-09,12:30:33,1788936333,2,6,12,nepse_official,OPEN,2026-09-09,SMH,Super Mai Hydropower Limited,507.0,510.0,501.1,,508.1,509.3,-1.1999999999999886,,529.0,268976.2,14.0,8.899999999999977,1.7554240631163662,-0.2356175142352226,19212.585714285717,508.4616257088847
2026-09-09T06:45:33+00:00,2026-09-09T12:30:33+05:45,2026-09-09,12:30:33,1788936333,2,6,12,nepse_official,OPEN,2026-09-09,SMHL,Super Madi Hydropower Limited,460.0,474.9,460.0,,470.1,458.26,11.840000000000032,,43020.0,20182834.5,347.0,14.899999999999977,3.2391304347826035,2.5836861170514624,58163.78818443804,469.1500348675035
2026-09-09T06:45:33+00:00,2026-09-09T12:30:33+05:45,2026-09-09,12:30:33,1788936333,2,6,12,nepse_official,OPEN,2026-09-09,SMJC,Sagarmatha Jalabidhyut Company Limited,401.1,402.0,400.0,,400.3,403.0,-2.6999999999999886,,593.0,237466.0,26.0,2.0,0.49862877088007973,-0.6699751861042156,9133.307692307691,400.4485666104553
2026-09-09T06:45:33+00:00,2026-09-09T12:30:33+05:45,2026-09-09,12:30:33,1788936333,2,6,12,nepse_official,OPEN,2026-09-09,SMPDA,Sampada Laghubitta Bittiya Sanstha Limited,710.7,713.0,710.7,,712.0,721.0,-9.0,,575.0,409614.6,6.0,2.2999999999999545,0.32362459546924927,-1.248266296809986,68269.09999999999,712.3732173913043
2026-09-09T06:45:33+00:00,2026-09-09T12:30:33+05:45,2026-09-09,12:30:33,1788936333,2,6,12,nepse_official,OPEN,2026-09-09,SNLI,Sun Nepal Life Insurance Company Limited,389.0,389.0,385.8,,386.1,389.0,-2.8999999999999773,,3446.0,1330972.2,72.0,3.1999999999999886,0.8226221079691487,-0.7455012853470379,18485.725,386.2368543238537
2026-09-09T06:45:33+00:00,2026-09-09T12:30:33+05:45,2026-09-09,12:30:33,1788936333,2,6,12,nepse_official,OPEN,2026-09-09,SNORL,Snow Rivers Limited,878.0,879.9,860.0,,870.1,878.0,-7.899999999999977,,1350.0,1177402.0,94.0,19.899999999999977,2.2665148063781295,-0.8997722095671956,12525.553191489362,872.1496296296297
2026-09-09T06:45:33+00:00,2026-09-09T12:30:33+05:45,2026-09-09,12:30:33,1788936333,2,6,12,nepse_official,OPEN,2026-09-09,SOHL,Solu Hydropower Limited,660.0,662.9,651.2,,659.0,654.0,5.0,,71793.0,47407820.5,465.0,11.699999999999932,1.7727272727272623,0.764525993883792,101952.30215053764,660.3404301254997
2026-09-09T06:45:33+00:00,2026-09-09T12:30:33+05:45,2026-09-09,12:30:33,1788936333,2,6,12,nepse_official,OPEN,2026-09-09,SONA,Sonapur Minerals And Oil Limited,380.0,406.9,380.0,,402.1,398.0,4.100000000000023,,12879.0,5148512.9,144.0,26.899999999999977,7.078947368421047,1.03015075376885,35753.56180555556,399.76029971271066
2026-09-09T06:45:33+00:00,2026-09-09T12:30:33+05:45,2026-09-09,12:30:33,1788936333,2,6,12,nepse_official,OPEN,2026-09-09,SOPL,Sopan Pharmaceuticals Limited,738.0,752.0,730.3,,750.0,738.0,12.0,,8406.0,6227370.0,309.0,21.700000000000045,2.940379403794044,1.6260162601626018,20153.300970873788,740.8244111349036
2026-09-09T06:45:33+00:00,2026-09-09T12:30:33+05:45,2026-09-09,12:30:33,1788936333,2,6,12,nepse_official,OPEN,2026-09-09,SPC,Samling Power Company Limited,417.9,417.9,390.0,,390.5,398.0,-7.5,,1883.0,743627.5,18.0,27.899999999999977,6.676238334529787,-1.8844221105527637,41312.63888888889,394.91635687732344
2026-09-09T06:45:33+00:00,2026-09-09T12:30:33+05:45,2026-09-09,12:30:33,1788936333,2,6,12,nepse_official,OPEN,2026-09-09,SPDL,Synergy Power Development Ltd.,354.9,354.9,345.4,,345.4,346.0,-0.6000000000000227,,2510.0,867650.8,11.0,9.5,2.6768103691180616,-0.17341040462428403,78877.34545454546,345.677609561753
2026-09-09T06:45:33+00:00,2026-09-09T12:30:33+05:45,2026-09-09,12:30:33,1788936333,2,6,12,nepse_official,OPEN,2026-09-09,SPHL,Sayapatri Hydropower Limited,525.0,525.0,487.8,,510.0,514.0,-4.0,,1683.0,858745.3,29.0,37.19999999999999,7.085714285714284,-0.7782101167315175,29611.906896551725,510.24676173499705
2026-09-09T06:45:33+00:00,2026-09-09T12:30:33+05:45,2026-09-09,12:30:33,1788936333,2,6,12,nepse_official,OPEN,2026-09-09,SPIL,Siddhartha Premier Insurance Limited,600.0,600.0,590.1,,590.1,599.9,-9.799999999999955,,1464.0,865395.5,13.0,9.899999999999977,1.6499999999999964,-1.6336056009334812,66568.88461538461,591.1171448087432
2026-09-09T06:45:33+00:00,2026-09-09T12:30:33+05:45,2026-09-09,12:30:33,1788936333,2,6,12,nepse_official,OPEN,2026-09-09,SPL,Shuvam Power Limited,597.2,633.0,594.0,,604.0,615.6,-11.600000000000023,,400.0,246638.0,14.0,39.0,6.5304755525787,-1.8843404808317126,17617.0,616.595
2026-09-09T06:45:33+00:00,2026-09-09T12:30:33+05:45,2026-09-09,12:30:33,1788936333,2,6,12,nepse_official,OPEN,2026-09-09,SRLI,Sanima Reliance Life Insurance Limited,351.4,355.0,351.4,,353.1,355.0,-1.8999999999999773,,1430.0,504852.9,27.0,3.6000000000000227,1.0244735344337004,-0.5352112676056274,18698.255555555555,353.04398601398606
2026-09-09T06:45:33+00:00,2026-09-09T12:30:33+05:45,2026-09-09,12:30:33,1788936333,2,6,12,nepse_official,OPEN,2026-09-09,SSHL,Shiva Shree Hydropower Ltd,193.0,195.0,192.0,,193.0,193.0,0.0,,14567.0,2813085.3,57.0,3.0,1.5544041450777202,0.0,49352.37368421052,193.1135649069815
2026-09-09T06:45:33+00:00,2026-09-09T12:30:33+05:45,2026-09-09,12:30:33,1788936333,2,6,12,nepse_official,OPEN,2026-09-09,STC,Salt Trading Corporation,5225.0,5288.0,5225.0,,5240.0,5226.1,13.899999999999636,,125.0,655146.2,7.0,63.0,1.2057416267942584,0.265972713878411,93592.31428571428,5241.169599999999
2026-09-09T06:45:33+00:00,2026-09-09T12:30:33+05:45,2026-09-09,12:30:33,1788936333,2,6,12,nepse_official,OPEN,2026-09-09,SWASTIK,Swastik Laghubitta Bittiya Sanstha Limited,1821.0,1821.0,1820.0,,1820.0,1859.0,-39.0,,60.0,109220.0,3.0,1.0,0.054914881933003847,-2.097902097902098,36406.666666666664,1820.3333333333333
2026-09-09T06:45:33+00:00,2026-09-09T12:30:33+05:45,2026-09-09,12:30:33,1788936333,2,6,12,nepse_official,OPEN,2026-09-09,SWBBL,Swabalamban Laghubitta Bittiya Sanstha Limited,679.0,681.0,677.0,,681.0,677.0,4.0,,1041.0,705877.6,12.0,4.0,0.5891016200294551,0.5908419497784343,58823.13333333333,678.07646493756
2026-09-09T06:45:33+00:00,2026-09-09T12:30:33+05:45,2026-09-09,12:30:33,1788936333,2,6,12,nepse_official,OPEN,2026-09-09,SWMF,Suryodaya Womi Laghubitta Bittiya Sanstha Limited,584.0,584.0,575.0,,575.0,584.0,-9.0,,125.0,72775.0,4.0,9.0,1.5410958904109588,-1.5410958904109588,18193.75,582.2
2026-09-09T06:45:33+00:00,2026-09-09T12:30:33+05:45,2026-09-09,12:30:33,1788936333,2,6,12,nepse_official,OPEN,2026-09-09,SYPNL,SY Panel Nepal Limited,1335.0,1378.0,1335.0,,1375.0,1344.0,31.0,,31458.0,42848929.7,424.0,43.0,3.2209737827715355,2.306547619047619,101058.79646226416,1362.099615360163
2026-09-09T06:45:33+00:00,2026-09-09T12:30:33+05:45,2026-09-09,12:30:33,1788936333,2,6,12,nepse_official,OPEN,2026-09-09,TAMOR,Sanima Middle Tamor Hydropower Limited,496.0,497.6,490.1,,496.0,497.1,-1.1000000000000227,,92868.0,45912415.0,144.0,7.5,1.5120967741935485,-0.22128344397505986,318836.21527777775,494.3835874574665
2026-09-09T06:45:33+00:00,2026-09-09T12:30:33+05:45,2026-09-09,12:30:33,1788936333,2,6,12,nepse_official,OPEN,2026-09-09,TPC,Terhathum Power Company Limited,346.0,350.0,343.1,,343.2,346.0,-2.8000000000000114,,5325.0,1833723.5,19.0,6.899999999999977,1.9942196531791843,-0.8092485549132981,96511.76315789473,344.361220657277
2026-09-09T06:45:33+00:00,2026-09-09T12:30:33+05:45,2026-09-09,12:30:33,1788936333,2,6,12,nepse_official,OPEN,2026-09-09,TPKHL,Taksar Pikhuwa Khola Hydropower Limited,504.0,512.5,500.0,,508.1,510.0,-1.8999999999999773,,7759.0,3941206.9,292.0,12.5,2.4801587301587302,-0.37254901960783865,13497.283904109589,507.95294496713495
2026-09-09T06:45:33+00:00,2026-09-09T12:30:33+05:45,2026-09-09,12:30:33,1788936333,2,6,12,nepse_official,OPEN,2026-09-09,TRH,Taragaon Regency Hotel Limited,795.0,805.0,795.0,,795.0,798.0,-3.0,,180.0,144350.0,4.0,10.0,1.257861635220126,-0.37593984962406013,36087.5,801.9444444444445
2026-09-09T06:45:33+00:00,2026-09-09T12:30:33+05:45,2026-09-09,12:30:33,1788936333,2,6,12,nepse_official,OPEN,2026-09-09,TSHL,Three Star Hydropower Limited,333.0,352.0,333.0,,350.0,333.0,17.0,,3112.0,1073670.0,34.0,19.0,5.7057057057057055,5.105105105105105,31578.529411764706,345.00964010282775
2026-09-09T06:45:33+00:00,2026-09-09T12:30:33+05:45,2026-09-09,12:30:33,1788936333,2,6,12,nepse_official,OPEN,2026-09-09,TTL,Trade Tower Limited,687.0,690.0,682.2,,685.0,685.0,0.0,,1085.0,745835.0,42.0,7.7999999999999545,1.1353711790392946,0.0,17757.97619047619,687.405529953917
2026-09-09T06:45:33+00:00,2026-09-09T12:30:33+05:45,2026-09-09,12:30:33,1788936333,2,6,12,nepse_official,OPEN,2026-09-09,TVCL,Trishuli Jal Vidhyut Company Limited ,311.0,311.0,303.6,,310.0,317.2,-7.199999999999989,,2230.0,690983.0,29.0,7.399999999999977,2.3794212218649444,-2.2698612862547254,23827.0,309.8578475336323
2026-09-09T06:45:33+00:00,2026-09-09T12:30:33+05:45,2026-09-09,12:30:33,1788936333,2,6,12,nepse_official,OPEN,2026-09-09,UAIL,United Ajod Insurance Limited,368.0,370.0,365.0,,368.0,368.5,-0.5,,6557.0,2413138.1,51.0,5.0,1.358695652173913,-0.13568521031207598,47316.433333333334,368.02472167149614
2026-09-09T06:45:33+00:00,2026-09-09T12:30:33+05:45,2026-09-09,12:30:33,1788936333,2,6,12,nepse_official,OPEN,2026-09-09,UHEWA,Upper Hewakhola Hydropower Company Limited,580.0,615.0,580.0,,588.1,586.2,1.8999999999999773,,4130.0,2436445.8,40.0,35.0,6.0344827586206895,0.32412146025246963,60911.145,589.9384503631961
2026-09-09T06:45:33+00:00,2026-09-09T12:30:33+05:45,2026-09-09,12:30:33,1788936333,2,6,12,nepse_official,OPEN,2026-09-09,ULBSL,Upakar Laghubitta Bittiya Sanstha Limited,2980.0,2980.0,2462.0,,2500.0,2840.0,-340.0,,546.0,1372778.0,14.0,518.0,17.38255033557047,-11.971830985915492,98055.57142857143,2514.2454212454213
2026-09-09T06:45:33+00:00,2026-09-09T12:30:33+05:45,2026-09-09,12:30:33,1788936333,2,6,12,nepse_official,OPEN,2026-09-09,ULHC,Upper Lohore Khola Hydropower Company Limited,267.8,299.0,267.8,,299.0,260.0,39.0,,17400.0,5176132.1,132.0,31.19999999999999,11.650485436893199,15.0,39213.121969696964,297.47885632183903
2026-09-09T06:45:33+00:00,2026-09-09T12:30:33+05:45,2026-09-09,12:30:33,1788936333,2,6,12,nepse_official,OPEN,2026-09-09,UMHL,United Modi Hydropower Ltd.,550.0,559.0,550.0,,551.4,553.9,-2.5,,1898.0,1050404.8,18.0,9.0,1.6363636363636365,-0.4513450081242102,58355.822222222225,553.427186512118
2026-09-09T06:45:33+00:00,2026-09-09T12:30:33+05:45,2026-09-09,12:30:33,1788936333,2,6,12,nepse_official,OPEN,2026-09-09,UMRH,United IDI Mardi RB Hydropower Limited.,518.8,518.8,516.0,,516.0,519.7,-3.7000000000000455,,238.0,123070.0,6.0,2.7999999999999545,0.5397070161912018,-0.7119492014623908,20511.666666666668,517.1008403361344
2026-09-09T06:45:33+00:00,2026-09-09T12:30:33+05:45,2026-09-09,12:30:33,1788936333,2,6,12,nepse_official,OPEN,2026-09-09,UNHPL,Union Hydropower Limited,355.0,359.0,353.0,,353.1,355.0,-1.8999999999999773,,230.0,81275.0,6.0,6.0,1.6901408450704223,-0.5352112676056274,13545.833333333334,353.3695652173913
2026-09-09T06:45:33+00:00,2026-09-09T12:30:33+05:45,2026-09-09,12:30:33,1788936333,2,6,12,nepse_official,OPEN,2026-09-09,UNLB,Unique Nepal Laghubitta Bittiya Sanstha Limited,1222.0,1222.0,1222.0,,1222.0,1258.0,-36.0,,10.0,12220.0,1.0,0.0,0.0,-2.8616852146263914,12220.0,1222.0
2026-09-09T06:45:33+00:00,2026-09-09T12:30:33+05:45,2026-09-09,12:30:33,1788936333,2,6,12,nepse_official,OPEN,2026-09-09,UPCL,UNIVERSAL POWER COMPANY LTD,340.0,365.0,340.0,,342.1,345.0,-2.8999999999999773,,6633.0,2320041.9,26.0,25.0,7.352941176470589,-0.8405797101449209,89232.38076923076,349.7726368159204
2026-09-09T06:45:33+00:00,2026-09-09T12:30:33+05:45,2026-09-09,12:30:33,1788936333,2,6,12,nepse_official,OPEN,2026-09-09,UPPER,Upper Tamakoshi Hydropower Ltd,190.1,190.1,182.1,,183.0,183.0,0.0,,21715.0,4002018.2,129.0,8.0,4.208311415044713,0.0,31023.39689922481,184.29740732212758
2026-09-09T06:45:33+00:00,2026-09-09T12:30:33+05:45,2026-09-09,12:30:33,1788936333,2,6,12,nepse_official,OPEN,2026-09-09,USHEC,Upper Solu Hydro Electric Company Limited,490.0,500.0,490.0,,500.0,499.0,1.0,,980.0,483680.0,14.0,10.0,2.0408163265306123,0.2004008016032064,34548.57142857143,493.55102040816325
2026-09-09T06:45:33+00:00,2026-09-09T12:30:33+05:45,2026-09-09,12:30:33,1788936333,2,6,12,nepse_official,OPEN,2026-09-09,USHL,Upper Syange Hydropower Limited,501.8,513.9,501.8,,510.0,501.0,9.0,,41.0,20815.9,4.0,12.099999999999966,2.411319250697482,1.7964071856287425,5203.975,507.70487804878053
2026-09-09T06:45:33+00:00,2026-09-09T12:30:33+05:45,2026-09-09,12:30:33,1788936333,2,6,12,nepse_official,OPEN,2026-09-09,USLB,Unnati Sahakarya Laghubitta Bittiya Sanstha Limited,1000.0,1019.0,1000.0,,1019.0,1020.0,-1.0,,80.0,80520.0,4.0,19.0,1.9,-0.09803921568627451,20130.0,1006.5
2026-09-09T06:45:33+00:00,2026-09-09T12:30:33+05:45,2026-09-09,12:30:33,1788936333,2,6,12,nepse_official,OPEN,2026-09-09,VLBS,Vijaya laghubitta Bittiya Sanstha Ltd.,610.4,614.0,610.0,,610.1,620.0,-9.899999999999977,,380.0,232259.0,20.0,4.0,0.6553079947575361,-1.5967741935483832,11612.95,611.2078947368421
2026-09-09T06:45:33+00:00,2026-09-09T12:30:33+05:45,2026-09-09,12:30:33,1788936333,2,6,12,nepse_official,OPEN,2026-09-09,VLUCL,Vision Lumbini Urja Company Limited ,381.0,391.0,370.3,,377.0,381.0,-4.0,,1335.0,499836.0,18.0,20.69999999999999,5.43307086614173,-1.0498687664041995,27768.666666666668,374.4089887640449
2026-09-09T06:45:33+00:00,2026-09-09T12:30:33+05:45,2026-09-09,12:30:33,1788936333,2,6,12,nepse_official,OPEN,2026-09-09,YMHL,Yambaling Hydropower Limited,557.0,566.0,551.0,,561.7,560.0,1.7000000000000455,,3167.0,1777095.0,181.0,15.0,2.6929982046678633,0.30357142857143665,9818.204419889502,561.1288285443637
2026-09-09T07:15:30+00:00,2026-09-09T13:00:30+05:45,2026-09-09,13:00:30,1788938130,2,7,13,nepse_official,OPEN,2026-09-09,ACLBSL,Aarambha Chautari Laghubitta Bittiya Sanstha Limited,886.0,886.0,872.2,,885.0,886.0,-1.0,,220.0,194196.6,10.0,13.799999999999955,1.5575620767494307,-0.1128668171557562,19419.66,882.7118181818182
2026-09-09T07:15:30+00:00,2026-09-09T13:00:30+05:45,2026-09-09,13:00:30,1788938130,2,7,13,nepse_official,OPEN,2026-09-09,ADBL,Agricultural Development Bank Limited,299.0,301.0,298.0,,298.4,300.0,-1.6000000000000227,,13518.0,4050414.9,59.0,3.0,1.0033444816053512,-0.533333333333341,68651.09999999999,299.63122503328896
2026-09-09T07:15:30+00:00,2026-09-09T13:00:30+05:45,2026-09-09,13:00:30,1788938130,2,7,13,nepse_official,OPEN,2026-09-09,AHL,Asian Hydropower Limited,355.0,360.1,355.0,,357.0,360.0,-3.0,,1022.0,366775.2,13.0,5.100000000000023,1.4366197183098655,-0.8333333333333334,28213.476923076923,358.879843444227
2026-09-09T07:15:30+00:00,2026-09-09T13:00:30+05:45,2026-09-09,13:00:30,1788938130,2,7,13,nepse_official,OPEN,2026-09-09,AHPC,Arun Valley Hydropower Development Co. Ltd.,253.3,255.3,252.5,,255.3,253.3,2.0,,25382.0,6450199.2,103.0,2.8000000000000114,1.1054086063955828,0.7895775759968418,62623.2932038835,254.12493893310221
2026-09-09T07:15:30+00:00,2026-09-09T13:00:30+05:45,2026-09-09,13:00:30,1788938130,2,7,13,nepse_official,OPEN,2026-09-09,AKJCL,Ankhu Khola Jalvidhyut Company Ltd,344.0,345.0,340.7,,342.0,340.6,1.3999999999999773,,84778.0,29089729.0,150.0,4.300000000000011,1.2500000000000033,0.41103934233704553,193931.52666666667,343.1282762037321
2026-09-09T07:15:30+00:00,2026-09-09T13:00:30+05:45,2026-09-09,13:00:30,1788938130,2,7,13,nepse_official,OPEN,2026-09-09,AKPL,Arun Kabeli Power Ltd.,250.0,254.0,247.3,,250.0,250.0,0.0,,68830.0,17250182.8,91.0,6.699999999999989,2.6799999999999957,0.0,189562.44835164837,250.6201191340985
2026-09-09T07:15:30+00:00,2026-09-09T13:00:30+05:45,2026-09-09,13:00:30,1788938130,2,7,13,nepse_official,OPEN,2026-09-09,ALBSL,Asha Laghubitta Bittiya Sanstha Ltd,1071.0,1135.0,1071.0,,1098.0,1102.1,-4.099999999999909,,7208.0,7930326.4,60.0,64.0,5.975723622782446,-0.37201705834315485,132172.10666666666,1100.2117647058824
2026-09-09T07:15:30+00:00,2026-09-09T13:00:30+05:45,2026-09-09,13:00:30,1788938130,2,7,13,nepse_official,OPEN,2026-09-09,ALICL,Asian Life Insurance Co. Limited,407.9,407.9,397.0,,400.0,402.0,-2.0,,1543.0,615006.0,19.0,10.899999999999977,2.672223584211811,-0.4975124378109453,32368.736842105263,398.57809462086846
2026-09-09T07:15:30+00:00,2026-09-09T13:00:30+05:45,2026-09-09,13:00:30,1788938130,2,7,13,nepse_official,OPEN,2026-09-09,ANLB,Aatmanirbhar Laghubitta Bittiya Sanstha Limited,4800.0,4944.0,4800.0,,4844.3,4908.0,-63.69999999999982,,81.0,393086.0,8.0,144.0,3.0,-1.2978810105949434,49135.75,4852.913580246914
2026-09-09T07:15:30+00:00,2026-09-09T13:00:30+05:45,2026-09-09,13:00:30,1788938130,2,7,13,nepse_official,OPEN,2026-09-09,APHL,Appolo Hydropower Limited,670.0,701.0,670.0,,690.1,690.0,0.10000000000002274,,2029.0,1410752.0,76.0,31.0,4.626865671641791,0.014492753623191702,18562.526315789473,695.2942336126171
2026-09-09T07:15:30+00:00,2026-09-09T13:00:30+05:45,2026-09-09,13:00:30,1788938130,2,7,13,nepse_official,OPEN,2026-09-09,API,Api Power Company Ltd.,329.0,330.5,325.0,,328.0,329.0,-1.0,,81838.0,26746813.6,253.0,5.5,1.6717325227963524,-0.303951367781155,105718.63083003953,326.8263349544222
2026-09-09T07:15:30+00:00,2026-09-09T13:00:30+05:45,2026-09-09,13:00:30,1788938130,2,7,13,nepse_official,OPEN,2026-09-09,AVYAN,Aviyan Laghubitta Bittiya Sanstha Limited,988.2,999.0,980.0,,990.0,1002.0,-12.0,,1898.0,1863947.0,22.0,19.0,1.9226877150374417,-1.1976047904191618,84724.86363636363,982.0584826132771
2026-09-09T07:15:30+00:00,2026-09-09T13:00:30+05:45,2026-09-09,13:00:30,1788938130,2,7,13,nepse_official,OPEN,2026-09-09,BANDIPUR,Bandipur Cablecar and Tourism Limited,640.0,658.9,640.0,,651.2,645.9,5.300000000000068,,7362.0,4807254.3,165.0,18.899999999999977,2.9531249999999964,0.8205604582752855,29134.874545454546,652.9821108394458
2026-09-09T07:15:30+00:00,2026-09-09T13:00:30+05:45,2026-09-09,13:00:30,1788938130,2,7,13,nepse_official,OPEN,2026-09-09,BARUN,Barun Hydropower Co. Ltd.,309.3,314.0,309.3,,314.0,312.0,2.0,,5632.0,1757542.1,34.0,4.699999999999989,1.5195602974458418,0.641025641025641,51692.41470588236,312.06358309659095
2026-09-09T07:15:30+00:00,2026-09-09T13:00:30+05:45,2026-09-09,13:00:30,1788938130,2,7,13,nepse_official,OPEN,2026-09-09,BBC,Bishal Bazar Company Limited,4003.0,4118.0,4001.0,,4020.0,4076.0,-56.0,,53.0,214440.0,5.0,117.0,2.9228078940794404,-1.3738959764474974,42888.0,4046.0377358490564
2026-09-09T07:15:30+00:00,2026-09-09T13:00:30+05:45,2026-09-09,13:00:30,1788938130,2,7,13,nepse_official,OPEN,2026-09-09,BEDC,Bhugol Energy Development Company Limited,287.0,288.0,280.0,,284.5,287.0,-2.5,,3473.0,984007.8,36.0,8.0,2.7874564459930316,-0.8710801393728222,27333.550000000003,283.33078030521165
2026-09-09T07:15:30+00:00,2026-09-09T13:00:30+05:45,2026-09-09,13:00:30,1788938130,2,7,13,nepse_official,OPEN,2026-09-09,BFC,Best Finance Company Ltd.,450.0,457.9,447.3,,449.1,450.0,-0.8999999999999773,,5785.0,2603047.1,32.0,10.599999999999966,2.355555555555548,-0.19999999999999493,81345.221875,449.96492653414003
2026-09-09T07:15:30+00:00,2026-09-09T13:00:30+05:45,2026-09-09,13:00:30,1788938130,2,7,13,nepse_official,OPEN,2026-09-09,BGWT,Bhagawati Hydropower Development Company Limited,466.5,470.0,466.3,,468.0,474.0,-6.0,,2696.0,1265266.3,22.0,3.6999999999999886,0.7931404072883149,-1.2658227848101267,57512.104545454546,469.31242581602373
2026-09-09T07:15:30+00:00,2026-09-09T13:00:30+05:45,2026-09-09,13:00:30,1788938130,2,7,13,nepse_official,OPEN,2026-09-09,BHCL,Bikash Hydropower Company Limited,515.8,554.0,515.8,,538.1,542.9,-4.7999999999999545,,11646.0,6286186.1,114.0,38.200000000000045,7.405971306708035,-0.8841407257321706,55141.98333333333,539.7721191825519
2026-09-09T07:15:30+00:00,2026-09-09T13:00:30+05:45,2026-09-09,13:00:30,1788938130,2,7,13,nepse_official,OPEN,2026-09-09,BHDC,Bindhyabasini Hydropower Development Company Limited,416.4,424.0,415.5,,418.5,422.0,-3.5,,2400.0,1009503.2,21.0,8.5,2.041306436119116,-0.8293838862559242,48071.58095238095,420.6263333333333
2026-09-09T07:15:30+00:00,2026-09-09T13:00:30+05:45,2026-09-09,13:00:30,1788938130,2,7,13,nepse_official,OPEN,2026-09-09,BHL,Balephi Hydropower Limited,202.0,204.9,201.2,,201.5,201.0,0.5,,16765.0,3399398.0,114.0,3.700000000000017,1.8316831683168402,0.24875621890547264,29819.280701754386,202.76755144646586
2026-09-09T07:15:30+00:00,2026-09-09T13:00:30+05:45,2026-09-09,13:00:30,1788938130,2,7,13,nepse_official,OPEN,2026-09-09,BHPL,Barahi Hydropower Public Limited,430.0,431.0,425.0,,425.0,432.0,-7.0,,4697.0,2001709.5,44.0,6.0,1.3953488372093024,-1.6203703703703702,45493.39772727273,426.16766020864384
2026-09-09T07:15:30+00:00,2026-09-09T13:00:30+05:45,2026-09-09,13:00:30,1788938130,2,7,13,nepse_official,OPEN,2026-09-09,BJHL,Bhujung Hydropower Limited,640.0,655.0,637.3,,646.5,653.0,-6.5,,6225.0,4038269.0,78.0,17.700000000000045,2.765625000000007,-0.9954058192955589,51772.679487179485,648.7179116465863
2026-09-09T07:15:30+00:00,2026-09-09T13:00:30+05:45,2026-09-09,13:00:30,1788938130,2,7,13,nepse_official,OPEN,2026-09-09,BNHC,Buddha Bhumi Nepal Hydropower Company Limited,263.0,265.0,257.6,,261.6,263.8,-2.1999999999999886,,9270.0,2431855.0,46.0,7.399999999999977,2.813688212927748,-0.8339651250947645,52866.413043478264,262.33603020496224
2026-09-09T07:15:30+00:00,2026-09-09T13:00:30+05:45,2026-09-09,13:00:30,1788938130,2,7,13,nepse_official,OPEN,2026-09-09,BNT,Bottlers Nepal (Terai) Limited,11630.0,11630.0,11630.0,,11630.0,11630.0,0.0,,10.0,116300.0,1.0,0.0,0.0,0.0,116300.0,11630.0
2026-09-09T07:15:30+00:00,2026-09-09T13:00:30+05:45,2026-09-09,13:00:30,1788938130,2,7,13,nepse_official,OPEN,2026-09-09,BPCL,Butwal Power Company Limited,646.0,648.0,638.2,,643.0,645.0,-2.0,,1098.0,708270.0,18.0,9.799999999999955,1.5170278637770829,-0.31007751937984496,39348.333333333336,645.0546448087432
2026-09-09T07:15:30+00:00,2026-09-09T13:00:30+05:45,2026-09-09,13:00:30,1788938130,2,7,13,nepse_official,OPEN,2026-09-09,BUNGAL,Bungal Hydro Limited,520.0,535.7,520.0,,525.1,526.0,-0.8999999999999773,,10189.0,5398554.0,117.0,15.700000000000045,3.019230769230778,-0.17110266159695384,46141.48717948718,529.8413975856315
2026-09-09T07:15:30+00:00,2026-09-09T13:00:30+05:45,2026-09-09,13:00:30,1788938130,2,7,13,nepse_official,OPEN,2026-09-09,C30MF,Citizens Super 30 Mutual Fund,9.71,9.75,9.71,,9.75,9.95,-0.1999999999999993,,200.0,1946.0,2.0,0.03999999999999915,0.4119464469618862,-2.0100502512562746,973.0,9.73
2026-09-09T07:15:30+00:00,2026-09-09T13:00:30+05:45,2026-09-09,13:00:30,1788938130,2,7,13,nepse_official,OPEN,2026-09-09,CBBL,Chhimek Laghubitta Bittiya Sanstha Limited,940.0,949.0,940.0,,947.0,943.0,4.0,,7729.0,7301849.1,77.0,9.0,0.9574468085106382,0.4241781548250266,94829.20909090909,944.7340018113598
2026-09-09T07:15:30+00:00,2026-09-09T13:00:30+05:45,2026-09-09,13:00:30,1788938130,2,7,13,nepse_official,OPEN,2026-09-09,CBLD88,Civil Bank Debenture 2088,1165.7,1165.7,1165.7,,1165.7,1165.7,0.0,,8.0,9600.0,1.0,0.0,0.0,0.0,9600.0,1200.0
2026-09-09T07:15:30+00:00,2026-09-09T13:00:30+05:45,2026-09-09,13:00:30,1788938130,2,7,13,nepse_official,OPEN,2026-09-09,CFCL,Central Finance Co. Ltd.,589.0,637.0,580.0,,581.0,595.0,-14.0,,140637.0,83410577.2,440.0,57.0,9.67741935483871,-2.3529411764705883,189569.49363636365,593.0912718559127
2026-09-09T07:15:30+00:00,2026-09-09T13:00:30+05:45,2026-09-09,13:00:30,1788938130,2,7,13,nepse_official,OPEN,2026-09-09,CGH,Chandragiri Hills Limited,768.0,774.8,768.0,,774.8,769.3,5.5,,608.0,468615.0,11.0,6.7999999999999545,0.8854166666666607,0.7149356557909788,42601.36363636364,770.7483552631579
2026-09-09T07:15:30+00:00,2026-09-09T13:00:30+05:45,2026-09-09,13:00:30,1788938130,2,7,13,nepse_official,OPEN,2026-09-09,CHCL,Chilime Hydropower Company Limited,363.0,370.0,363.0,,363.2,369.2,-6.0,,22537.0,8254798.0,179.0,7.0,1.9283746556473829,-1.6251354279523293,46116.18994413408,366.27758796645514
2026-09-09T07:15:30+00:00,2026-09-09T13:00:30+05:45,2026-09-09,13:00:30,1788938130,2,7,13,nepse_official,OPEN,2026-09-09,CHDC,CEDB Holdings Limited,2215.0,2235.0,2202.0,,2232.3,2215.0,17.300000000000182,,8026.0,17796552.3,69.0,33.0,1.489841986455982,0.7810383747178412,257921.04782608696,2217.362609020683
2026-09-09T07:15:30+00:00,2026-09-09T13:00:30+05:45,2026-09-09,13:00:30,1788938130,2,7,13,nepse_official,OPEN,2026-09-09,CHL,Chhyangdi Hydropower Ltd.,254.6,254.6,248.5,,248.6,250.5,-1.9000000000000057,,3544.0,884509.3,16.0,6.099999999999994,2.3959151610369185,-0.758483033932138,55281.83125,249.5793735891648
2026-09-09T07:15:30+00:00,2026-09-09T13:00:30+05:45,2026-09-09,13:00:30,1788938130,2,7,13,nepse_official,OPEN,2026-09-09,CIT,Citizen Investment Trust,1714.0,1714.0,1705.0,,1709.0,1713.9,-4.900000000000091,,1679.0,2867911.0,40.0,9.0,0.5250875145857643,-0.2858976603069077,71697.775,1708.1066110780225
2026-09-09T07:15:30+00:00,2026-09-09T13:00:30+05:45,2026-09-09,13:00:30,1788938130,2,7,13,nepse_official,OPEN,2026-09-09,CITY,City Hotel Limited,342.0,345.0,341.2,,343.0,342.0,1.0,,4081.0,1399299.0,48.0,3.8000000000000114,1.1111111111111145,0.29239766081871343,29152.0625,342.8814016172507
2026-09-09T07:15:30+00:00,2026-09-09T13:00:30+05:45,2026-09-09,13:00:30,1788938130,2,7,13,nepse_official,OPEN,2026-09-09,CIZBD90,10% Citizens Bank Debenture 2090,1225.0,1225.0,1225.0,,1225.0,1225.0,0.0,,25.0,30625.0,1.0,0.0,0.0,0.0,30625.0,1225.0
2026-09-09T07:15:30+00:00,2026-09-09T13:00:30+05:45,2026-09-09,13:00:30,1788938130,2,7,13,nepse_official,OPEN,2026-09-09,CKHL,Chirkhwa Hydropower Limited ,575.0,576.0,575.0,,576.0,591.0,-15.0,,40.0,23030.0,4.0,1.0,0.17391304347826086,-2.5380710659898478,5757.5,575.75
2026-09-09T07:15:30+00:00,2026-09-09T13:00:30+05:45,2026-09-09,13:00:30,1788938130,2,7,13,nepse_official,OPEN,2026-09-09,CLI,Citizen Life Insurance Company Limited,414.0,415.0,413.3,,414.2,413.1,1.099999999999966,,2438.0,1009450.5,82.0,1.6999999999999886,0.41062801932366877,0.26627935124666324,12310.371951219513,414.048605414274
2026-09-09T07:15:30+00:00,2026-09-09T13:00:30+05:45,2026-09-09,13:00:30,1788938130,2,7,13,nepse_official,OPEN,2026-09-09,CORBL,Corporate Development Bank Limited,893.0,893.1,875.0,,875.0,892.9,-17.899999999999977,,5549.0,4897868.1,104.0,18.100000000000023,2.0268756998880204,-2.004703774218835,47094.88557692307,882.6577941971526
2026-09-09T07:15:30+00:00,2026-09-09T13:00:30+05:45,2026-09-09,13:00:30,1788938130,2,7,13,nepse_official,OPEN,2026-09-09,CREST,Crest Micro Life Insurance Limited,1050.0,1108.0,1050.0,,1060.0,1074.0,-14.0,,1721.0,1821087.0,45.0,58.0,5.523809523809524,-1.303538175046555,40468.6,1058.1563044741429
2026-09-09T07:15:30+00:00,2026-09-09T13:00:30+05:45,2026-09-09,13:00:30,1788938130,2,7,13,nepse_official,OPEN,2026-09-09,CSY,Citizens Santulit Yojana,8.3,8.44,8.2,,8.3,8.3,0.0,,1700.0,14041.0,12.0,0.2400000000000002,2.891566265060243,0.0,1170.0833333333333,8.259411764705883
2026-09-09T07:15:30+00:00,2026-09-09T13:00:30+05:45,2026-09-09,13:00:30,1788938130,2,7,13,nepse_official,OPEN,2026-09-09,CYCL,CYC Nepal Laghubitta Bittiya Sanstha Limited,1504.8,1619.0,1504.8,,1535.0,1584.0,-49.0,,1929.0,2974323.2,46.0,114.20000000000005,7.589048378522066,-3.0934343434343434,64659.200000000004,1541.8990150336963
2026-09-09T07:15:30+00:00,2026-09-09T13:00:30+05:45,2026-09-09,13:00:30,1788938130,2,7,13,nepse_official,OPEN,2026-09-09,CZBIL,Citizens Bank International Limited,209.4,209.4,195.4,,200.0,199.5,0.5,,9920.0,1965855.1,28.0,14.0,6.685768863419293,0.2506265664160401,70209.11071428572,198.17087701612905
2026-09-09T07:15:30+00:00,2026-09-09T13:00:30+05:45,2026-09-09,13:00:30,1788938130,2,7,13,nepse_official,OPEN,2026-09-09,DDBL,Deprosc Laghubitta Bittiya Sanstha Limited,840.0,845.0,835.0,,840.2,841.1,-0.8999999999999773,,980.0,823541.0,25.0,10.0,1.1904761904761905,-0.10700273451432377,32941.64,840.3479591836734
2026-09-09T07:15:30+00:00,2026-09-09T13:00:30+05:45,2026-09-09,13:00:30,1788938130,2,7,13,nepse_official,OPEN,2026-09-09,DHEL,Daramkhola Hydro Energy Limited,559.7,576.8,559.7,,570.0,577.0,-7.0,,1510.0,859245.0,70.0,17.09999999999991,3.0552081472217094,-1.2131715771230502,12274.92857142857,569.0364238410596
2026-09-09T07:15:30+00:00,2026-09-09T13:00:30+05:45,2026-09-09,13:00:30,1788938130,2,7,13,nepse_official,OPEN,2026-09-09,DHPL,Dibyashwori Hydropower Ltd.,273.0,273.0,265.0,,265.0,272.0,-7.0,,2255.0,598529.0,10.0,8.0,2.93040293040293,-2.5735294117647056,59852.9,265.4230598669623
2026-09-09T07:15:30+00:00,2026-09-09T13:00:30+05:45,2026-09-09,13:00:30,1788938130,2,7,13,nepse_official,OPEN,2026-09-09,DLBS,Dhaulagiri Laghubitta Bittiya Sanstha Limited,990.0,990.0,990.0,,990.0,1000.0,-10.0,,10.0,9900.0,1.0,0.0,0.0,-1.0,9900.0,990.0
2026-09-09T07:15:30+00:00,2026-09-09T13:00:30+05:45,2026-09-09,13:00:30,1788938130,2,7,13,nepse_official,OPEN,2026-09-09,DOLTI,Dolti Power Company Limited,282.9,282.9,280.0,,280.0,280.0,0.0,,6632.0,1858736.2,32.0,2.8999999999999773,1.025097207493806,0.0,58085.50625,280.2678226779252
2026-09-09T07:15:30+00:00,2026-09-09T13:00:30+05:45,2026-09-09,13:00:30,1788938130,2,7,13,nepse_official,OPEN,2026-09-09,DORDI,Dordi Khola Jal Bidyut Company Limited,240.0,245.0,235.1,,240.0,240.0,0.0,,8199.0,1945291.4,39.0,9.900000000000006,4.125000000000003,0.0,49879.26666666666,237.25959263324793
2026-09-09T07:15:30+00:00,2026-09-09T13:00:30+05:45,2026-09-09,13:00:30,1788938130,2,7,13,nepse_official,OPEN,2026-09-09,EBL,Everest Bank Limited,714.0,718.0,714.0,,715.6,716.0,-0.39999999999997726,,9952.0,7129262.3,103.0,4.0,0.5602240896358543,-0.05586592178770633,69216.13883495146,716.3647809485531
2026-09-09T07:15:30+00:00,2026-09-09T13:00:30+05:45,2026-09-09,13:00:30,1788938130,2,7,13,nepse_official,OPEN,2026-09-09,EBLD85,10.50% Everest Bank Limited Debenture 2085,1151.4,1151.4,1120.0,,1120.0,1151.4,-31.40000000000009,,17.0,18988.0,2.0,31.40000000000009,2.72711481674484,-2.72711481674484,9494.0,1116.9411764705883
2026-09-09T07:15:30+00:00,2026-09-09T13:00:30+05:45,2026-09-09,13:00:30,1788938130,2,7,13,nepse_official,OPEN,2026-09-09,EBLD91,Everest Bank Limited Debenture 2091,1066.2,1066.2,1066.2,,1066.2,1099.1,-32.899999999999864,,25.0,26655.0,1.0,0.0,0.0,-2.993358202165396,26655.0,1066.2
2026-09-09T07:15:30+00:00,2026-09-09T13:00:30+05:45,2026-09-09,13:00:30,1788938130,2,7,13,nepse_official,OPEN,2026-09-09,ECL,Everest Colour Limited,1300.0,1313.0,1282.0,,1293.6,1297.0,-3.400000000000091,,5314.0,6901945.0,142.0,31.0,2.3846153846153846,-0.2621434078643093,48605.24647887324,1298.8229205871282
2026-09-09T07:15:30+00:00,2026-09-09T13:00:30+05:45,2026-09-09,13:00:30,1788938130,2,7,13,nepse_official,OPEN,2026-09-09,EHPL,Eastern Hydropower Limited,330.7,330.7,312.5,,318.0,315.0,3.0,,1645.0,520066.7,22.0,18.19999999999999,5.503477472029026,0.9523809523809524,23639.395454545454,316.1499696048632
2026-09-09T07:15:30+00:00,2026-09-09T13:00:30+05:45,2026-09-09,13:00:30,1788938130,2,7,13,nepse_official,OPEN,2026-09-09,ENL,Emerging Nepal Limited,657.1,661.9,591.0,,605.1,691.6,-86.5,,112033.0,68900208.6,441.0,70.89999999999998,10.789834119616494,-12.50722961249277,156236.3006802721,614.9992287986574
2026-09-09T07:15:30+00:00,2026-09-09T13:00:30+05:45,2026-09-09,13:00:30,1788938130,2,7,13,nepse_official,OPEN,2026-09-09,FMDBL,First Micro Finance Laghubitta Bittiya Sanstha Limited,734.0,734.0,724.0,,731.0,739.8,-8.799999999999955,,461.0,335510.0,8.0,10.0,1.3623978201634876,-1.1895106785617675,41938.75,727.7874186550977
2026-09-09T07:15:30+00:00,2026-09-09T13:00:30+05:45,2026-09-09,13:00:30,1788938130,2,7,13,nepse_official,OPEN,2026-09-09,FOWAD,Forward Microfinance Laghubitta Bittiya Sanstha Limited,880.0,906.0,880.0,,880.0,880.0,0.0,,695.0,615631.0,18.0,26.0,2.9545454545454546,0.0,34201.72222222222,885.8
2026-09-09T07:15:30+00:00,2026-09-09T13:00:30+05:45,2026-09-09,13:00:30,1788938130,2,7,13,nepse_official,OPEN,2026-09-09,GBBD85,"Garima Debenture, 2085",1070.0,1070.0,1070.0,,1070.0,1085.0,-15.0,,30.0,32100.0,1.0,0.0,0.0,-1.3824884792626728,32100.0,1070.0
2026-09-09T07:15:30+00:00,2026-09-09T13:00:30+05:45,2026-09-09,13:00:30,1788938130,2,7,13,nepse_official,OPEN,2026-09-09,GBBL,Garima Bikas Bank Limited,450.0,450.0,445.1,,447.5,447.0,0.5,,90512.0,40545946.3,348.0,4.899999999999977,1.088888888888884,0.11185682326621924,116511.33994252872,447.96210778681274
2026-09-09T07:15:30+00:00,2026-09-09T13:00:30+05:45,2026-09-09,13:00:30,1788938130,2,7,13,nepse_official,OPEN,2026-09-09,GBIME,Global IME Bank Limited,254.0,255.1,251.5,,252.0,251.9,0.09999999999999432,,40028.0,10117657.8,232.0,3.5999999999999943,1.417322834645667,0.039698292973399885,43610.59396551725,252.76450984310983
2026-09-09T07:15:30+00:00,2026-09-09T13:00:30+05:45,2026-09-09,13:00:30,1788938130,2,7,13,nepse_official,OPEN,2026-09-09,GBIMESY2,Global IME Sammunat Yojana -2,8.9,8.9,8.7,,8.9,8.9,0.0,,2400.0,21205.0,7.0,0.20000000000000107,2.2471910112359668,0.0,3029.285714285714,8.835416666666667
2026-09-09T07:15:30+00:00,2026-09-09T13:00:30+05:45,2026-09-09,13:00:30,1788938130,2,7,13,nepse_official,OPEN,2026-09-09,GBLBS,Grameen Bikas Laghubitta Bittiya Sanstha Ltd.,657.0,657.0,625.0,,654.0,657.0,-3.0,,4101.0,2633458.5,42.0,32.0,4.87062404870624,-0.45662100456621,62701.392857142855,642.150329188003
2026-09-09T07:15:30+00:00,2026-09-09T13:00:30+05:45,2026-09-09,13:00:30,1788938130,2,7,13,nepse_official,OPEN,2026-09-09,GCIL,Ghorahi Cement Industry Limited,378.5,382.0,376.3,,378.0,378.5,-0.5,,20152.0,7639516.3,134.0,5.699999999999989,1.5059445178335507,-0.13210039630118892,57011.31567164179,379.0946953156014
2026-09-09T07:15:30+00:00,2026-09-09T13:00:30+05:45,2026-09-09,13:00:30,1788938130,2,7,13,nepse_official,OPEN,2026-09-09,GFCL,Goodwill Finance Limited,575.0,576.0,572.1,,572.1,575.0,-2.8999999999999773,,3027.0,1739356.0,15.0,3.8999999999999773,0.6782608695652135,-0.5043478260869525,115957.06666666667,574.6138090518665
2026-09-09T07:15:30+00:00,2026-09-09T13:00:30+05:45,2026-09-09,13:00:30,1788938130,2,7,13,nepse_official,OPEN,2026-09-09,GHL,Ghalemdi Hydro Limited,227.9,228.7,225.0,,227.8,228.0,-0.19999999999998863,,8199.0,1858529.7,43.0,3.6999999999999886,1.6235190873189944,-0.08771929824560905,43221.62093023256,226.67760702524697
2026-09-09T07:15:30+00:00,2026-09-09T13:00:30+05:45,2026-09-09,13:00:30,1788938130,2,7,13,nepse_official,OPEN,2026-09-09,GIBF1,Global IME Balanced Fund-1,11.09,11.11,10.85,,11.0,11.08,-0.08000000000000007,,607694.0,6728730.4,48.0,0.2599999999999998,2.344454463480611,-0.7220216606498201,140181.88333333333,11.072563494126978
2026-09-09T07:15:30+00:00,2026-09-09T13:00:30+05:45,2026-09-09,13:00:30,1788938130,2,7,13,nepse_official,OPEN,2026-09-09,GILB,Global IME Laghubitta Bittiya Sanstha Ltd.,1116.0,1116.0,1080.0,,1095.0,1116.0,-21.0,,2371.0,2615156.0,26.0,36.0,3.225806451612903,-1.881720430107527,100582.92307692308,1102.975959510755
2026-09-09T07:15:30+00:00,2026-09-09T13:00:30+05:45,2026-09-09,13:00:30,1788938130,2,7,13,nepse_official,OPEN,2026-09-09,GLBSL,Gurans Laghubitta Bittiya Sanstha Limited,1605.0,1620.0,1601.0,,1620.0,1601.1,18.90000000000009,,91.0,146429.0,6.0,19.0,1.1838006230529596,1.1804384485666162,24404.833333333332,1609.10989010989
2026-09-09T07:15:30+00:00,2026-09-09T13:00:30+05:45,2026-09-09,13:00:30,1788938130,2,7,13,nepse_official,OPEN,2026-09-09,GLH,GreenLife Hydropower Limited,246.2,250.0,246.0,,247.5,246.2,1.3000000000000114,,5052.0,1253030.8,37.0,4.0,1.6246953696181967,0.5280259951259185,33865.6972972973,248.02668250197942
2026-09-09T07:15:30+00:00,2026-09-09T13:00:30+05:45,2026-09-09,13:00:30,1788938130,2,7,13,nepse_official,OPEN,2026-09-09,GMFBS,Ganapati Laghubitta Bittiya Sanstha Limited,1170.0,1170.0,1045.0,,1050.5,1145.0,-94.5,,293.0,312013.5,13.0,125.0,10.683760683760683,-8.253275109170307,24001.03846153846,1064.8924914675767
2026-09-09T07:15:30+00:00,2026-09-09T13:00:30+05:45,2026-09-09,13:00:30,1788938130,2,7,13,nepse_official,OPEN,2026-09-09,GMFIL,Guheshowori Merchant Bank & Finance Co. Ltd.,412.0,423.0,412.0,,416.2,418.0,-1.8000000000000114,,3249.0,1353652.9,15.0,11.0,2.669902912621359,-0.43062200956938074,90243.52666666666,416.63678054786084
2026-09-09T07:15:30+00:00,2026-09-09T13:00:30+05:45,2026-09-09,13:00:30,1788938130,2,7,13,nepse_official,OPEN,2026-09-09,GMLI,Guardian Micro Life Insurance Limited ,951.0,960.0,940.0,,947.0,951.0,-4.0,,80.0,75911.0,8.0,20.0,2.1030494216614093,-0.4206098843322818,9488.875,948.8875
2026-09-09T07:15:30+00:00,2026-09-09T13:00:30+05:45,2026-09-09,13:00:30,1788938130,2,7,13,nepse_official,OPEN,2026-09-09,GRDBL,Green Development Bank Ltd.,943.0,964.9,943.0,,945.0,962.0,-17.0,,2162.0,2047704.1,17.0,21.899999999999977,2.322375397667018,-1.7671517671517671,120453.18235294118,947.1341813135986
2026-09-09T07:15:30+00:00,2026-09-09T13:00:30+05:45,2026-09-09,13:00:30,1788938130,2,7,13,nepse_official,OPEN,2026-09-09,GSY,Garima Samriddhi Yojana,8.9,8.96,8.9,,8.92,9.0,-0.08000000000000007,,1800.0,16058.0,9.0,0.0600000000000005,0.674157303370792,-0.8888888888888897,1784.2222222222222,8.921111111111111
2026-09-09T07:15:30+00:00,2026-09-09T13:00:30+05:45,2026-09-09,13:00:30,1788938130,2,7,13,nepse_official,OPEN,2026-09-09,GUFL,Gurkhas Finance Ltd.,501.0,510.0,498.3,,510.0,502.7,7.300000000000011,,2865.0,1441933.7,32.0,11.699999999999989,2.335329341317363,1.4521583449373405,45060.428125,503.29273996509596
2026-09-09T07:15:30+00:00,2026-09-09T13:00:30+05:45,2026-09-09,13:00:30,1788938130,2,7,13,nepse_official,OPEN,2026-09-09,GVL,Green Ventures Limited,487.0,487.0,482.5,,483.4,485.9,-2.5,,6132.0,2966999.5,37.0,4.5,0.9240246406570842,-0.514509158263017,80189.17567567568,483.85510437051533
2026-09-09T07:15:30+00:00,2026-09-09T13:00:30+05:45,2026-09-09,13:00:30,1788938130,2,7,13,nepse_official,OPEN,2026-09-09,H8020,Himalayan 80-20,12.12,12.4,12.05,,12.05,12.48,-0.4299999999999997,,51890.0,627886.4,16.0,0.34999999999999964,2.887788778877885,-3.445512820512818,39242.9,12.10033532472538
2026-09-09T07:15:30+00:00,2026-09-09T13:00:30+05:45,2026-09-09,13:00:30,1788938130,2,7,13,nepse_official,OPEN,2026-09-09,HATHY,Hathway Investment Nepal Limited,591.2,591.2,575.2,,578.3,594.5,-16.200000000000045,,8867.0,5171954.2,116.0,16.0,2.706359945872801,-2.7249789739276777,44585.81206896552,583.2811773993459
2026-09-09T07:15:30+00:00,2026-09-09T13:00:30+05:45,2026-09-09,13:00:30,1788938130,2,7,13,nepse_official,OPEN,2026-09-09,HBL,Himalayan Bank Limited,188.0,188.0,185.6,,188.0,189.0,-1.0,,16212.0,3028903.8,250.0,2.4000000000000057,1.276595744680854,-0.5291005291005291,12115.615199999998,186.83097705403404
2026-09-09T07:15:30+00:00,2026-09-09T13:00:30+05:45,2026-09-09,13:00:30,1788938130,2,7,13,nepse_official,OPEN,2026-09-09,HDHPC,Himal Dolakha Hydropower Company Limited,200.8,203.7,200.0,,200.4,200.8,-0.4000000000000057,,15050.0,3017808.6,58.0,3.6999999999999886,1.8426294820717073,-0.19920318725099884,52031.18275862069,200.5188438538206
2026-09-09T07:15:30+00:00,2026-09-09T13:00:30+05:45,2026-09-09,13:00:30,1788938130,2,7,13,nepse_official,OPEN,2026-09-09,HDL,Himalayan Distillery Limited,1188.0,1191.0,1183.0,,1187.0,1187.0,0.0,,16126.0,19160906.5,161.0,8.0,0.6734006734006733,0.0,119011.84161490684,1188.19958452189
2026-09-09T07:15:30+00:00,2026-09-09T13:00:30+05:45,2026-09-09,13:00:30,1788938130,2,7,13,nepse_official,OPEN,2026-09-09,HEI,Himalayan Everest Insurance Limited,462.0,480.0,462.0,,462.0,469.9,-7.899999999999977,,823.0,381541.0,9.0,18.0,3.896103896103896,-1.6812087678229362,42393.444444444445,463.5978128797084
2026-09-09T07:15:30+00:00,2026-09-09T13:00:30+05:45,2026-09-09,13:00:30,1788938130,2,7,13,nepse_official,OPEN,2026-09-09,HEIP,Himalayan Everest Insurance Limited Promoter,300.0,300.0,300.0,,300.0,304.0,-4.0,,90.0,27000.0,1.0,0.0,0.0,-1.3157894736842104,27000.0,300.0
2026-09-09T07:15:30+00:00,2026-09-09T13:00:30+05:45,2026-09-09,13:00:30,1788938130,2,7,13,nepse_official,OPEN,2026-09-09,HFIN,Hotel Forest Inn Limited,625.0,638.0,625.0,,634.0,629.0,5.0,,10667.0,6762585.3,187.0,13.0,2.08,0.7949125596184419,36163.5577540107,633.9725602324927
2026-09-09T07:15:30+00:00,2026-09-09T13:00:30+05:45,2026-09-09,13:00:30,1788938130,2,7,13,nepse_official,OPEN,2026-09-09,HHL,Himalayan Hydropower Limited,315.0,319.1,315.0,,319.0,315.0,4.0,,1698.0,540205.0,20.0,4.100000000000023,1.3015873015873087,1.2698412698412698,27010.25,318.1419316843345
2026-09-09T07:15:30+00:00,2026-09-09T13:00:30+05:45,2026-09-09,13:00:30,1788938130,2,7,13,nepse_official,OPEN,2026-09-09,HIDCL,Hydorelectricity Investment and Development Company Ltd,255.1,255.1,241.0,,242.0,243.0,-1.0,,6094.0,1477507.0,45.0,14.099999999999994,5.527244217953742,-0.411522633744856,32833.48888888889,242.45274040039382
2026-09-09T07:15:30+00:00,2026-09-09T13:00:30+05:45,2026-09-09,13:00:30,1788938130,2,7,13,nepse_official,OPEN,2026-09-09,HIDCLP,Hydorelectricity Investment and Development Company Limited Promoter,181.0,183.6,181.0,,181.5,181.9,-0.4000000000000057,,15096.0,2744812.1,43.0,2.5999999999999943,1.436464088397787,-0.21990104452996465,63832.83953488372,181.82380100688925
2026-09-09T07:15:30+00:00,2026-09-09T13:00:30+05:45,2026-09-09,13:00:30,1788938130,2,7,13,nepse_official,OPEN,2026-09-09,HIMSTAR,Him Star Urja Company Limited,645.9,675.0,640.0,,665.1,649.0,16.100000000000023,,1576.0,1044777.6,43.0,35.0,5.418795479176343,2.4807395993836705,24297.153488372092,662.9299492385786
2026-09-09T07:15:30+00:00,2026-09-09T13:00:30+05:45,2026-09-09,13:00:30,1788938130,2,7,13,nepse_official,OPEN,2026-09-09,HLBSL,Himalayan Laghubitta Bittiya Sanstha Limited,854.0,854.0,837.7,,837.7,855.0,-17.299999999999955,,47.0,39697.9,2.0,16.299999999999955,1.9086651053864114,-2.0233918128654915,19848.95,844.6361702127659
2026-09-09T07:15:30+00:00,2026-09-09T13:00:30+05:45,2026-09-09,13:00:30,1788938130,2,7,13,nepse_official,OPEN,2026-09-09,HLI,Himalayan Life Insurance Limited,296.6,297.1,296.0,,296.0,296.6,-0.6000000000000227,,2407.0,713654.4,74.0,1.1000000000000227,0.37086985839515263,-0.20229265003372307,9643.978378378379,296.49123390112175
2026-09-09T07:15:30+00:00,2026-09-09T13:00:30+05:45,2026-09-09,13:00:30,1788938130,2,7,13,nepse_official,OPEN,2026-09-09,HLICF,HLI Large Cap Fund,8.26,8.4,8.2,,8.4,8.51,-0.10999999999999943,,550.0,4545.0,5.0,0.20000000000000107,2.421307506053282,-1.2925969447708512,909.0,8.263636363636364
2026-09-09T07:15:30+00:00,2026-09-09T13:00:30+05:45,2026-09-09,13:00:30,1788938130,2,7,13,nepse_official,OPEN,2026-09-09,HPPL,Himalayan Power Partner Ltd.,367.3,372.8,367.0,,369.1,370.5,-1.3999999999999773,,20989.0,7733725.6,55.0,5.800000000000011,1.5790906615845388,-0.37786774628879277,140613.19272727272,368.46565343751485
2026-09-09T07:15:30+00:00,2026-09-09T13:00:30+05:45,2026-09-09,13:00:30,1788938130,2,7,13,nepse_official,OPEN,2026-09-09,HRL,Himalayan Reinsurance Limited,516.0,517.0,512.5,,512.8,516.0,-3.2000000000000455,,10134.0,5214349.1,179.0,4.5,0.872093023255814,-0.6201550387596988,29130.44189944134,514.5400730215117
2026-09-09T07:15:30+00:00,2026-09-09T13:00:30+05:45,2026-09-09,13:00:30,1788938130,2,7,13,nepse_official,OPEN,2026-09-09,HURJA,Himalaya Urja Bikas Company Limited,231.1,234.9,231.1,,232.5,233.5,-1.0,,8705.0,2028986.0,32.0,3.8000000000000114,1.6443098225876294,-0.4282655246252677,63405.8125,233.08282596209077
2026-09-09T07:15:30+00:00,2026-09-09T13:00:30+05:45,2026-09-09,13:00:30,1788938130,2,7,13,nepse_official,OPEN,2026-09-09,ICFC,ICFC Finance Limited,585.0,589.0,583.9,,585.0,582.1,2.8999999999999773,,635.0,371806.0,12.0,5.100000000000023,0.8717948717948757,0.49819618622229467,30983.833333333332,585.5212598425197
2026-09-09T07:15:30+00:00,2026-09-09T13:00:30+05:45,2026-09-09,13:00:30,1788938130,2,7,13,nepse_official,OPEN,2026-09-09,ICFCD88,9% ICFC Finance Limited Debenture 2088,1120.0,1120.0,1091.3,,1112.0,1118.0,-6.0,,75.0,83082.5,3.0,28.700000000000045,2.562500000000004,-0.5366726296958855,27694.166666666668,1107.7666666666667
2026-09-09T07:15:30+00:00,2026-09-09T13:00:30+05:45,2026-09-09,13:00:30,1788938130,2,7,13,nepse_official,OPEN,2026-09-09,ICFCD89,8% ICFC Finance Limited Debenture 2089,1065.8,1119.68,1065.8,,1086.1,1095.0,-8.900000000000091,,240.0,263831.8,7.0,53.88000000000011,5.055357477950846,-0.8127853881278622,37690.25714285714,1099.2991666666667
2026-09-09T07:15:30+00:00,2026-09-09T13:00:30+05:45,2026-09-09,13:00:30,1788938130,2,7,13,nepse_official,OPEN,2026-09-09,IGI,IGI Prudential insurance Limited,376.0,384.0,376.0,,380.0,378.8,1.1999999999999886,,1672.0,638972.5,11.0,8.0,2.127659574468085,0.3167898627243898,58088.40909090909,382.1605861244019
2026-09-09T07:15:30+00:00,2026-09-09T13:00:30+05:45,2026-09-09,13:00:30,1788938130,2,7,13,nepse_official,OPEN,2026-09-09,IHL,Ingwa Hydropower Limited,295.0,303.9,293.0,,295.5,292.2,3.3000000000000114,,6232.0,1881006.5,42.0,10.899999999999977,3.6949152542372805,1.1293634496919958,44785.869047619046,301.83031129653403
2026-09-09T07:15:30+00:00,2026-09-09T13:00:30+05:45,2026-09-09,13:00:30,1788938130,2,7,13,nepse_official,OPEN,2026-09-09,ILBS,Infinity Laghubitta Bittiya Sanstha Limited,835.0,841.0,820.0,,839.0,836.9,2.1000000000000227,,707.0,590872.9,19.0,21.0,2.5149700598802394,0.2509260365635109,31098.57368421053,835.7466760961811
2026-09-09T07:15:30+00:00,2026-09-09T13:00:30+05:45,2026-09-09,13:00:30,1788938130,2,7,13,nepse_official,OPEN,2026-09-09,ILI,IME Life Insurance Company Limited,405.0,405.5,403.0,,405.1,405.0,0.10000000000002274,,3607.0,1458144.1,78.0,2.5,0.6172839506172839,0.024691358024696974,18694.15512820513,404.2539783753812
2026-09-09T07:15:30+00:00,2026-09-09T13:00:30+05:45,2026-09-09,13:00:30,1788938130,2,7,13,nepse_official,OPEN,2026-09-09,JBBL,Jyoti Bikas Bank Limited,334.9,335.0,330.2,,331.5,334.9,-3.3999999999999773,,4671.0,1551593.3,35.0,4.800000000000011,1.4332636607942704,-1.0152284263959324,44331.23714285714,332.17582958681226
2026-09-09T07:15:30+00:00,2026-09-09T13:00:30+05:45,2026-09-09,13:00:30,1788938130,2,7,13,nepse_official,OPEN,2026-09-09,JBLB,Jeevan Bikas Laghubitta  Bittya Sanstha Ltd,1252.0,1260.0,1252.0,,1255.1,1252.0,3.099999999999909,,2131.0,2677542.7,53.0,8.0,0.6389776357827476,0.24760383386580745,50519.673584905664,1256.4724073205068
2026-09-09T07:15:30+00:00,2026-09-09T13:00:30+05:45,2026-09-09,13:00:30,1788938130,2,7,13,nepse_official,OPEN,2026-09-09,JFL,Janaki Finance Company Limited,300.0,300.0,266.6,,270.0,313.6,-43.60000000000002,,81944.0,22280117.5,511.0,33.39999999999998,11.133333333333326,-13.903061224489802,43601.012720156556,271.8944340037099
2026-09-09T07:15:30+00:00,2026-09-09T13:00:30+05:45,2026-09-09,13:00:30,1788938130,2,7,13,nepse_official,OPEN,2026-09-09,JHAPA,Jhapa Energy Limited,1016.1,1088.9,1016.1,,1071.0,1021.0,50.0,,3902.0,4150735.0,77.0,72.80000000000007,7.164649148705843,4.897159647404505,53905.64935064935,1063.745515120451
2026-09-09T07:15:30+00:00,2026-09-09T13:00:30+05:45,2026-09-09,13:00:30,1788938130,2,7,13,nepse_official,OPEN,2026-09-09,JOSHI,Joshi Hydropower Development Company Ltd,257.0,262.0,257.0,,261.0,261.5,-0.5,,723.0,189021.0,9.0,5.0,1.9455252918287937,-0.19120458891013384,21002.333333333332,261.43983402489624
2026-09-09T07:15:30+00:00,2026-09-09T13:00:30+05:45,2026-09-09,13:00:30,1788938130,2,7,13,nepse_official,OPEN,2026-09-09,JSLBB,Janautthan Samudayic Laghubitta Bittya Sanstha Limited,949.0,949.0,949.0,,949.0,944.0,5.0,,10.0,9490.0,1.0,0.0,0.0,0.5296610169491525,9490.0,949.0
2026-09-09T07:15:30+00:00,2026-09-09T13:00:30+05:45,2026-09-09,13:00:30,1788938130,2,7,13,nepse_official,OPEN,2026-09-09,KAHL,Kalanga Hydro Limited,490.0,500.0,490.0,,492.6,493.0,-0.39999999999997726,,10472.0,5193733.7,406.0,10.0,2.0408163265306123,-0.08113590263691223,12792.447536945814,495.96387509549277
2026-09-09T07:15:30+00:00,2026-09-09T13:00:30+05:45,2026-09-09,13:00:30,1788938130,2,7,13,nepse_official,OPEN,2026-09-09,KBL,Kumari Bank Limited,215.0,217.5,214.0,,214.1,215.0,-0.9000000000000057,,34062.0,7312535.9,106.0,3.5,1.627906976744186,-0.41860465116279333,68986.18773584906,214.68310433914627
2026-09-09T07:15:30+00:00,2026-09-09T13:00:30+05:45,2026-09-09,13:00:30,1788938130,2,7,13,nepse_official,OPEN,2026-09-09,KBLD86,10.25% KBL Debenture 2086,1177.0,1177.0,1177.0,,1177.0,1143.0,34.0,,19.0,22363.0,2.0,0.0,0.0,2.974628171478565,11181.5,1177.0
2026-09-09T07:15:30+00:00,2026-09-09T13:00:30+05:45,2026-09-09,13:00:30,1788938130,2,7,13,nepse_official,OPEN,2026-09-09,KBSH,Kutheli Bukhari Small Hydropower Limited,828.0,828.0,793.0,,815.8,809.0,6.7999999999999545,,3245.0,2590354.1,25.0,35.0,4.2270531400966185,0.8405438813349758,103614.164,798.2601232665639
2026-09-09T07:15:30+00:00,2026-09-09T13:00:30+05:45,2026-09-09,13:00:30,1788938130,2,7,13,nepse_official,OPEN,2026-09-09,KDBY,Kumari Dhanabriddhi Yojana,9.97,9.97,9.94,,9.94,9.94,0.0,,5000.0,49764.0,10.0,0.030000000000001137,0.3009027081243845,0.0,4976.4,9.9528
2026-09-09T07:15:30+00:00,2026-09-09T13:00:30+05:45,2026-09-09,13:00:30,1788938130,2,7,13,nepse_official,OPEN,2026-09-09,KDL,Kalinchowk Darshan Limited,690.7,690.7,618.0,,630.0,727.0,-97.0,,88734.0,55562499.5,366.0,72.70000000000005,10.525553786014195,-13.342503438789546,151810.10792349727,626.1692192395249
2026-09-09T07:15:30+00:00,2026-09-09T13:00:30+05:45,2026-09-09,13:00:30,1788938130,2,7,13,nepse_official,OPEN,2026-09-09,KEF,Kumari Equity Fund,9.71,9.71,9.7,,9.7,9.75,-0.05000000000000071,,11550.0,112053.0,6.0,0.010000000000001563,0.10298661174048983,-0.5128205128205201,18675.5,9.701558441558442
2026-09-09T07:15:30+00:00,2026-09-09T13:00:30+05:45,2026-09-09,13:00:30,1788938130,2,7,13,nepse_official,OPEN,2026-09-09,KHPL,Kalinchock Hydropower Limited,740.0,755.0,737.0,,752.2,740.0,12.200000000000045,,1140.0,856214.0,36.0,18.0,2.4324324324324325,1.6486486486486547,23783.722222222223,751.0649122807017
2026-09-09T07:15:30+00:00,2026-09-09T13:00:30+05:45,2026-09-09,13:00:30,1788938130,2,7,13,nepse_official,OPEN,2026-09-09,KKHC,Khanikhola Hydropower Co. Ltd.,266.1,270.0,266.0,,266.5,267.9,-1.3999999999999773,,14224.0,3817428.9,54.0,4.0,1.5031942878617062,-0.5225830533781177,70693.12777777777,268.37942210348706
2026-09-09T07:15:30+00:00,2026-09-09T13:00:30+05:45,2026-09-09,13:00:30,1788938130,2,7,13,nepse_official,OPEN,2026-09-09,KMCDB,Kalika Laghubitta Bittiya Sanstha Ltd,779.0,826.3,779.0,,818.9,820.0,-1.1000000000000227,,408.0,332383.6,14.0,47.299999999999955,6.071887034659815,-0.1341463414634174,23741.68571428571,814.6656862745098
2026-09-09T07:15:30+00:00,2026-09-09T13:00:30+05:45,2026-09-09,13:00:30,1788938130,2,7,13,nepse_official,OPEN,2026-09-09,KPCL,Kalika power Company Ltd,455.0,458.9,450.0,,452.1,449.1,3.0,,2639.0,1202878.5,16.0,8.899999999999977,1.9560439560439509,0.668002672010688,75179.90625,455.8084501705191
2026-09-09T07:15:30+00:00,2026-09-09T13:00:30+05:45,2026-09-09,13:00:30,1788938130,2,7,13,nepse_official,OPEN,2026-09-09,KSBBL,Kamana Sewa Bikas Bank Limited,447.0,451.0,442.0,,449.9,449.1,0.7999999999999545,,16465.0,7357623.0,95.0,9.0,2.013422818791946,0.17813404586950668,77448.66315789474,446.8644397206195
2026-09-09T07:15:30+00:00,2026-09-09T13:00:30+05:45,2026-09-09,13:00:30,1788938130,2,7,13,nepse_official,OPEN,2026-09-09,KSY,Kumari Sabal Yojana,8.75,8.76,8.75,,8.76,8.75,0.009999999999999787,,900.0,7883.0,2.0,0.009999999999999787,0.11428571428571184,0.11428571428571184,3941.5,8.758888888888889
2026-09-09T07:15:30+00:00,2026-09-09T13:00:30+05:45,2026-09-09,13:00:30,1788938130,2,7,13,nepse_official,OPEN,2026-09-09,LBBL,Lumbini Bikas Bank Ltd.,480.2,485.0,480.0,,480.0,485.0,-5.0,,6181.0,2971932.1,24.0,5.0,1.0412328196584757,-1.0309278350515463,123830.50416666667,480.817359650542
2026-09-09T07:15:30+00:00,2026-09-09T13:00:30+05:45,2026-09-09,13:00:30,1788938130,2,7,13,nepse_official,OPEN,2026-09-09,LEC,Liberty Energy Company Limited,215.0,218.0,213.0,,216.1,215.0,1.0999999999999943,,38815.0,8390704.1,91.0,5.0,2.3255813953488373,0.5116279069767415,92205.53956043956,216.17168878011077
2026-09-09T07:15:30+00:00,2026-09-09T13:00:30+05:45,2026-09-09,13:00:30,1788938130,2,7,13,nepse_official,OPEN,2026-09-09,LICN,Life Insurance Corporation (Nepal) Limited,755.0,755.0,750.2,,750.2,756.0,-5.7999999999999545,,2263.0,1700356.2,26.0,4.7999999999999545,0.6357615894039675,-0.7671957671957612,65398.31538461538,751.3726027397261
2026-09-09T07:15:30+00:00,2026-09-09T13:00:30+05:45,2026-09-09,13:00:30,1788938130,2,7,13,nepse_official,OPEN,2026-09-09,LLBS,Laxmi Laghubitta Bittiya Sanstha Ltd.,846.0,846.0,846.0,,846.0,870.5,-24.5,,11.0,9306.0,1.0,0.0,0.0,-2.8144744399770247,9306.0,846.0
2026-09-09T07:15:30+00:00,2026-09-09T13:00:30+05:45,2026-09-09,13:00:30,1788938130,2,7,13,nepse_official,OPEN,2026-09-09,LSH12,LS Horizon 12,8.92,8.94,8.91,,8.91,8.95,-0.03999999999999915,,3950.0,35248.0,22.0,0.02999999999999936,0.33632286995514976,-0.4469273743016665,1602.1818181818182,8.923544303797469
2026-09-09T07:15:30+00:00,2026-09-09T13:00:30+05:45,2026-09-09,13:00:30,1788938130,2,7,13,nepse_official,OPEN,2026-09-09,LSL,Laxmi Sunrise Bank Limited,236.2,236.2,223.3,,225.0,225.0,0.0,,14626.0,3294957.8,45.0,12.899999999999977,5.46147332768839,0.0,73221.28444444443,225.28085600984548
2026-09-09T07:15:30+00:00,2026-09-09T13:00:30+05:45,2026-09-09,13:00:30,1788938130,2,7,13,nepse_official,OPEN,2026-09-09,LUK,Laxmi Unnati Kosh,9.3,9.3,9.3,,9.3,9.5,-0.1999999999999993,,500.0,4650.0,1.0,0.0,0.0,-2.1052631578947296,4650.0,9.3
2026-09-09T07:15:30+00:00,2026-09-09T13:00:30+05:45,2026-09-09,13:00:30,1788938130,2,7,13,nepse_official,OPEN,2026-09-09,LVF2,Laxmi Value Fund 2,9.03,9.05,9.03,,9.05,9.3,-0.25,,900.0,8136.0,8.0,0.02000000000000135,0.22148394241418992,-2.6881720430107525,1017.0,9.04
2026-09-09T07:15:30+00:00,2026-09-09T13:00:30+05:45,2026-09-09,13:00:30,1788938130,2,7,13,nepse_official,OPEN,2026-09-09,MABEL,Mabilung Energy Limited,587.7,615.0,587.7,,611.0,587.7,23.299999999999955,,14322.0,8685894.6,150.0,27.299999999999955,4.6452271567126004,3.964607793091705,57905.964,606.4721826560536
2026-09-09T07:15:30+00:00,2026-09-09T13:00:30+05:45,2026-09-09,13:00:30,1788938130,2,7,13,nepse_official,OPEN,2026-09-09,MAKAR,Makar Jitumaya Suri Hydropower Limited,402.0,405.0,402.0,,402.0,402.0,0.0,,11374.0,4583898.4,43.0,3.0,0.7462686567164178,0.0,106602.28837209303,403.0155090557412
2026-09-09T07:15:30+00:00,2026-09-09T13:00:30+05:45,2026-09-09,13:00:30,1788938130,2,7,13,nepse_official,OPEN,2026-09-09,MANDU,Mandu Hydropower Limited,643.2,710.0,643.2,,700.0,677.0,23.0,,30172.0,20812141.4,188.0,66.79999999999995,10.385572139303473,3.3973412112259975,110702.87978723404,689.7832891422511
2026-09-09T07:15:30+00:00,2026-09-09T13:00:30+05:45,2026-09-09,13:00:30,1788938130,2,7,13,nepse_official,OPEN,2026-09-09,MATRI,Matribhumi Lagubitta Bittiya Sanstha Limited,725.0,729.0,709.4,,729.0,723.0,6.0,,105.0,75869.0,6.0,19.600000000000023,2.703448275862072,0.8298755186721992,12644.833333333334,722.5619047619048
2026-09-09T07:15:30+00:00,2026-09-09T13:00:30+05:45,2026-09-09,13:00:30,1788938130,2,7,13,nepse_official,OPEN,2026-09-09,MBJC,Madhya Bhotekoshi Jalavidyut Company Limited,276.0,283.0,273.3,,275.1,278.5,-3.3999999999999773,,32631.0,9017551.3,142.0,9.699999999999989,3.5144927536231845,-1.2208258527827567,63503.8823943662,276.34921700223714
2026-09-09T07:15:30+00:00,2026-09-09T13:00:30+05:45,2026-09-09,13:00:30,1788938130,2,7,13,nepse_official,OPEN,2026-09-09,MBL,Machhapuchhre Bank Limited,262.5,262.5,247.0,,248.7,250.0,-1.3000000000000114,,27479.0,6871117.2,60.0,15.5,5.904761904761905,-0.5200000000000046,114518.62000000001,250.0497543578733
2026-09-09T07:15:30+00:00,2026-09-09T13:00:30+05:45,2026-09-09,13:00:30,1788938130,2,7,13,nepse_official,OPEN,2026-09-09,MBLEF,MBL Equity Fund,9.03,9.15,9.03,,9.05,9.15,-0.09999999999999964,,700.0,6349.0,7.0,0.120000000000001,1.328903654485061,-1.092896174863384,907.0,9.07
2026-09-09T07:15:30+00:00,2026-09-09T13:00:30+05:45,2026-09-09,13:00:30,1788938130,2,7,13,nepse_official,OPEN,2026-09-09,MCHL,Menchhiyam Hydropower Limited,259.9,259.9,247.6,,249.0,255.0,-6.0,,2039.0,508250.0,16.0,12.299999999999983,4.732589457483641,-2.3529411764705883,31765.625,249.2643452672879
2026-09-09T07:15:30+00:00,2026-09-09T13:00:30+05:45,2026-09-09,13:00:30,1788938130,2,7,13,nepse_official,OPEN,2026-09-09,MDB,Miteri Development Bank Limited,556.0,567.5,556.0,,556.2,559.7,-3.5,,1685.0,940608.9,18.0,11.5,2.068345323741007,-0.6253350008933357,52256.05,558.2248664688427
2026-09-09T07:15:30+00:00,2026-09-09T13:00:30+05:45,2026-09-09,13:00:30,1788938130,2,7,13,nepse_official,OPEN,2026-09-09,MEHL,Manakamana Engineering Hydropower Limited,229.9,230.0,226.1,,229.0,228.0,1.0,,30448.0,6962304.8,135.0,3.9000000000000057,1.6963897346672492,0.43859649122807015,51572.62814814815,228.6621387283237
2026-09-09T07:15:30+00:00,2026-09-09T13:00:30+05:45,2026-09-09,13:00:30,1788938130,2,7,13,nepse_official,OPEN,2026-09-09,MEL,Modi Energy Limited,199.6,200.0,199.0,,199.2,199.6,-0.4000000000000057,,2289.0,456628.0,49.0,1.0,0.501002004008016,-0.20040080160320925,9318.938775510203,199.48798602009612
2026-09-09T07:15:30+00:00,2026-09-09T13:00:30+05:45,2026-09-09,13:00:30,1788938130,2,7,13,nepse_official,OPEN,2026-09-09,MEN,Mountain Energy Nepal Limited,629.9,635.0,629.9,,634.0,630.0,4.0,,26057.0,16459301.3,104.0,5.100000000000023,0.8096523257659983,0.6349206349206349,158262.5125,631.6652454234946
2026-09-09T07:15:30+00:00,2026-09-09T13:00:30+05:45,2026-09-09,13:00:30,1788938130,2,7,13,nepse_official,OPEN,2026-09-09,MEPDL,Mount Everest Power Development Limited,644.0,650.0,630.4,,637.1,644.0,-6.899999999999977,,5403.0,3456213.0,423.0,19.600000000000023,3.043478260869569,-1.071428571428568,8170.7163120567375,639.6840644086618
2026-09-09T07:15:30+00:00,2026-09-09T13:00:30+05:45,2026-09-09,13:00:30,1788938130,2,7,13,nepse_official,OPEN,2026-09-09,MERO,Mero Microfinance Bittiya Sanstha Ltd.,612.0,618.0,600.0,,600.0,600.0,0.0,,2643.0,1598096.0,21.0,18.0,2.941176470588235,0.0,76099.80952380953,604.6522890654559
2026-09-09T07:15:30+00:00,2026-09-09T13:00:30+05:45,2026-09-09,13:00:30,1788938130,2,7,13,nepse_official,OPEN,2026-09-09,MFIL,Manjushree Finance Ltd.,720.0,741.0,718.0,,731.0,733.0,-2.0,,5144.0,3757476.8,29.0,23.0,3.194444444444444,-0.2728512960436562,129568.16551724137,730.458164852255
2026-09-09T07:15:30+00:00,2026-09-09T13:00:30+05:45,2026-09-09,13:00:30,1788938130,2,7,13,nepse_official,OPEN,2026-09-09,MFLD85,9.5% Manjushree Finance Limited Debenture 2085,1090.0,1090.0,1090.0,,1090.0,1105.0,-15.0,,200.0,218000.0,2.0,0.0,0.0,-1.3574660633484164,109000.0,1090.0
2026-09-09T07:15:30+00:00,2026-09-09T13:00:30+05:45,2026-09-09,13:00:30,1788938130,2,7,13,nepse_official,OPEN,2026-09-09,MHCL,Molung Hydropower Company Limited,280.0,280.0,274.1,,276.4,280.0,-3.6000000000000227,,109.0,30229.5,9.0,5.899999999999977,2.107142857142849,-1.2857142857142938,3358.8333333333335,277.3348623853211
2026-09-09T07:15:30+00:00,2026-09-09T13:00:30+05:45,2026-09-09,13:00:30,1788938130,2,7,13,nepse_official,OPEN,2026-09-09,MHL,Mandakini Hydropower Limited,452.9,455.0,442.4,,445.6,452.9,-7.2999999999999545,,150.0,67293.0,11.0,12.600000000000023,2.782071097372494,-1.6118348421284951,6117.545454545455,448.62
2026-09-09T07:15:30+00:00,2026-09-09T13:00:30+05:45,2026-09-09,13:00:30,1788938130,2,7,13,nepse_official,OPEN,2026-09-09,MHNL,Mountain Hydro Nepal Limited,229.9,247.0,229.9,,239.0,242.0,-3.0,,4355.0,1048403.7,29.0,17.099999999999994,7.438016528925617,-1.2396694214876034,36151.85172413793,240.73563719862227
2026-09-09T07:15:30+00:00,2026-09-09T13:00:30+05:45,2026-09-09,13:00:30,1788938130,2,7,13,nepse_official,OPEN,2026-09-09,MKCL,Muktinath Krishi Company Limited,890.0,911.0,885.1,,911.0,911.0,0.0,,120.0,108431.0,12.0,25.899999999999977,2.9101123595505594,0.0,9035.916666666666,903.5916666666667
2026-09-09T07:15:30+00:00,2026-09-09T13:00:30+05:45,2026-09-09,13:00:30,1788938130,2,7,13,nepse_official,OPEN,2026-09-09,MKHC,Maya Khola Hydropower Company Limited,264.9,264.9,257.0,,259.0,260.0,-1.0,,2289.0,594613.0,31.0,7.899999999999977,2.982257455643631,-0.38461538461538464,19181.064516129034,259.76976845784185
2026-09-09T07:15:30+00:00,2026-09-09T13:00:30+05:45,2026-09-09,13:00:30,1788938130,2,7,13,nepse_official,OPEN,2026-09-09,MKHL,Mai Khola Hydropower Limited,483.0,510.0,483.0,,492.0,496.1,-4.100000000000023,,306.0,151488.0,12.0,27.0,5.590062111801243,-0.8264462809917401,12624.0,495.05882352941177
2026-09-09T07:15:30+00:00,2026-09-09T13:00:30+05:45,2026-09-09,13:00:30,1788938130,2,7,13,nepse_official,OPEN,2026-09-09,MKJC,Mailung Khola Jal Vidhyut Company Limited,290.0,290.0,280.0,,283.5,289.4,-5.899999999999977,,7681.0,2177257.0,36.0,10.0,3.4482758620689653,-2.038700760193496,60479.36111111111,283.4600963416222
2026-09-09T07:15:30+00:00,2026-09-09T13:00:30+05:45,2026-09-09,13:00:30,1788938130,2,7,13,nepse_official,OPEN,2026-09-09,MLBBL,Mithila LaghuBitta Bittiya Sanstha Limited,934.0,934.0,934.0,,934.0,945.0,-11.0,,200.0,186800.0,1.0,0.0,0.0,-1.164021164021164,186800.0,934.0
2026-09-09T07:15:30+00:00,2026-09-09T13:00:30+05:45,2026-09-09,13:00:30,1788938130,2,7,13,nepse_official,OPEN,2026-09-09,MLBL,Mahalaxmi Bikas Bank Ltd.,354.6,354.6,345.1,,351.3,349.6,1.6999999999999886,,6063.0,2109314.2,34.0,9.5,2.6790750141003947,0.4862700228832919,62038.65294117648,347.89942272802244
2026-09-09T07:15:30+00:00,2026-09-09T13:00:30+05:45,2026-09-09,13:00:30,1788938130,2,7,13,nepse_official,OPEN,2026-09-09,MLBLD89,11% Mahalaxmi Debenture 2089,1325.0,1325.0,1325.0,,1325.0,1287.5,37.5,,3304.0,4377800.0,1.0,0.0,0.0,2.912621359223301,4377800.0,1325.0
2026-09-09T07:15:30+00:00,2026-09-09T13:00:30+05:45,2026-09-09,13:00:30,1788938130,2,7,13,nepse_official,OPEN,2026-09-09,MLBS,Manushi Laghubitta Bittiya Sanstha Limited,967.0,970.0,967.0,,970.0,981.0,-11.0,,20.0,19370.0,2.0,3.0,0.3102378490175801,-1.1213047910295617,9685.0,968.5
2026-09-09T07:15:30+00:00,2026-09-09T13:00:30+05:45,2026-09-09,13:00:30,1788938130,2,7,13,nepse_official,OPEN,2026-09-09,MLBSL,Mahila Lagubitta Bittiya Sanstha Limited ,1070.0,1085.7,1065.0,,1080.0,1072.0,8.0,,529.0,572027.0,16.0,20.700000000000045,1.9345794392523405,0.7462686567164178,35751.6875,1081.336483931947
2026-09-09T07:15:30+00:00,2026-09-09T13:00:30+05:45,2026-09-09,13:00:30,1788938130,2,7,13,nepse_official,OPEN,2026-09-09,MMF1,Mega Mutual Fund -1,9.0,9.08,8.73,,8.99,9.0,-0.009999999999999787,,2700.0,23724.0,10.0,0.34999999999999964,3.888888888888885,-0.11111111111110875,2372.4,8.786666666666667
2026-09-09T07:15:30+00:00,2026-09-09T13:00:30+05:45,2026-09-09,13:00:30,1788938130,2,7,13,nepse_official,OPEN,2026-09-09,MMKJL,Mathillo Mailun Khola Jalvidhyut Limited,355.0,374.0,345.1,,362.8,355.2,7.600000000000023,,1842.0,664586.2,34.0,28.899999999999977,8.140845070422529,2.1396396396396464,19546.652941176468,360.79598262757867
2026-09-09T07:15:30+00:00,2026-09-09T13:00:30+05:45,2026-09-09,13:00:30,1788938130,2,7,13,nepse_official,OPEN,2026-09-09,MNBBL,Muktinath Bikas Bank Ltd.,340.0,344.0,321.1,,328.0,346.0,-18.0,,91327.0,30039543.3,611.0,22.899999999999977,6.735294117647052,-5.202312138728324,49164.55531914894,328.92291764757414
2026-09-09T07:15:30+00:00,2026-09-09T13:00:30+05:45,2026-09-09,13:00:30,1788938130,2,7,13,nepse_official,OPEN,2026-09-09,MNMF1,Muktinath Mutual Fund 1,9.01,9.01,9.01,,9.01,9.13,-0.120000000000001,,200.0,1802.0,2.0,0.0,0.0,-1.3143483023001203,901.0,9.01
2026-09-09T07:15:30+00:00,2026-09-09T13:00:30+05:45,2026-09-09,13:00:30,1788938130,2,7,13,nepse_official,OPEN,2026-09-09,MSHL,Mid Solu Hydropower Limited,503.0,515.0,481.0,,505.0,518.0,-13.0,,880.0,434003.5,19.0,34.0,6.759443339960239,-2.5096525096525095,22842.28947368421,493.1857954545454
2026-09-09T07:15:30+00:00,2026-09-09T13:00:30+05:45,2026-09-09,13:00:30,1788938130,2,7,13,nepse_official,OPEN,2026-09-09,MSLB,Mahuli Laghubitta Bittiya Sanstha Limited,1190.1,1200.0,1190.1,,1196.0,1225.0,-29.0,,667.0,794623.6,13.0,9.900000000000091,0.8318628686665063,-2.36734693877551,61124.89230769231,1191.3397301349326
2026-09-09T07:15:30+00:00,2026-09-09T13:00:30+05:45,2026-09-09,13:00:30,1788938130,2,7,13,nepse_official,OPEN,2026-09-09,NABBC,Narayani Development Bank Limited,712.0,712.0,692.1,,693.0,711.1,-18.100000000000023,,4851.0,3377461.1,37.0,19.899999999999977,2.794943820224716,-2.54535227112924,91282.73243243243,696.2401772830344
2026-09-09T07:15:30+00:00,2026-09-09T13:00:30+05:45,2026-09-09,13:00:30,1788938130,2,7,13,nepse_official,OPEN,2026-09-09,NABIL,Nabil Bank Limited,553.0,560.0,553.0,,554.0,552.5,1.5,,22994.0,12767699.6,277.0,7.0,1.2658227848101267,0.27149321266968324,46092.77833935018,555.2622249282422
2026-09-09T07:15:30+00:00,2026-09-09T13:00:30+05:45,2026-09-09,13:00:30,1788938130,2,7,13,nepse_official,OPEN,2026-09-09,NABILD2089,7% Nabil Debenture 2089,1100.0,1100.0,1068.0,,1068.0,1100.0,-32.0,,150.0,163407.5,3.0,32.0,2.909090909090909,-2.909090909090909,54469.166666666664,1089.3833333333334
2026-09-09T07:15:30+00:00,2026-09-09T13:00:30+05:45,2026-09-09,13:00:30,1788938130,2,7,13,nepse_official,OPEN,2026-09-09,NADEP,Nadep Laghubittiya bittya Sanstha Ltd.,671.0,690.0,671.0,,676.1,689.0,-12.899999999999977,,1341.0,921264.4,8.0,19.0,2.8315946348733236,-1.8722786647314915,115158.05,686.9980611483967
2026-09-09T07:15:30+00:00,2026-09-09T13:00:30+05:45,2026-09-09,13:00:30,1788938130,2,7,13,nepse_official,OPEN,2026-09-09,NBF2,NABIL BALANCED FUND-2,10.0,10.0,10.0,,10.0,9.82,0.17999999999999972,,200.0,2000.0,1.0,0.0,0.0,1.8329938900203637,2000.0,10.0
2026-09-09T07:15:30+00:00,2026-09-09T13:00:30+05:45,2026-09-09,13:00:30,1788938130,2,7,13,nepse_official,OPEN,2026-09-09,NBF3,Nabil Balanced Fund-3,9.5,9.5,9.32,,9.32,9.64,-0.3200000000000003,,10200.0,96864.0,5.0,0.17999999999999972,1.8947368421052602,-3.3195020746887995,19372.8,9.496470588235294
2026-09-09T07:15:30+00:00,2026-09-09T13:00:30+05:45,2026-09-09,13:00:30,1788938130,2,7,13,nepse_official,OPEN,2026-09-09,NBL,Nepal Bank Limited,279.9,280.9,277.0,,277.4,279.0,-1.6000000000000227,,67188.0,18677097.0,170.0,3.8999999999999773,1.3933547695605493,-0.5734767025089688,109865.27647058823,277.98263082693336
2026-09-09T07:15:30+00:00,2026-09-09T13:00:30+05:45,2026-09-09,13:00:30,1788938130,2,7,13,nepse_official,OPEN,2026-09-09,NCCD86,9.5% NCC Debenture 2086,1118.0,1180.0,1118.0,,1179.0,1118.0,61.0,,12142.0,14327429.5,5.0,62.0,5.545617173524151,5.456171735241503,2865485.9,1179.989252182507
2026-09-09T07:15:30+00:00,2026-09-09T13:00:30+05:45,2026-09-09,13:00:30,1788938130,2,7,13,nepse_official,OPEN,2026-09-09,NESDO,NESDO Sambridha Laghubitta Bittiya Sanstha Limited,1300.0,1310.0,1300.0,,1310.0,1320.0,-10.0,,55.0,71841.0,5.0,10.0,0.7692307692307693,-0.7575757575757576,14368.2,1306.2
2026-09-09T07:15:30+00:00,2026-09-09T13:00:30+05:45,2026-09-09,13:00:30,1788938130,2,7,13,nepse_official,OPEN,2026-09-09,NFS,Nepal Finance Ltd.,521.0,521.0,510.0,,511.1,524.9,-13.799999999999955,,4738.0,2440517.0,51.0,11.0,2.111324376199616,-2.6290722042293684,47853.27450980392,515.0943436048966
2026-09-09T07:15:30+00:00,2026-09-09T13:00:30+05:45,2026-09-09,13:00:30,1788938130,2,7,13,nepse_official,OPEN,2026-09-09,NGPL,Ngadi Group Power Ltd.,399.0,399.0,391.3,,393.0,393.8,-0.8000000000000114,,19656.0,7738534.1,78.0,7.699999999999989,1.9298245614035057,-0.2031488065007647,99211.97564102564,393.698316035816
2026-09-09T07:15:30+00:00,2026-09-09T13:00:30+05:45,2026-09-09,13:00:30,1788938130,2,7,13,nepse_official,OPEN,2026-09-09,NHDL,Nepal Hydro Developers Ltd.,637.9,637.9,636.0,,636.0,635.0,1.0,,104.0,66258.0,3.0,1.8999999999999773,0.29785232795108596,0.15748031496062992,22086.0,637.0961538461538
2026-09-09T07:15:30+00:00,2026-09-09T13:00:30+05:45,2026-09-09,13:00:30,1788938130,2,7,13,nepse_official,OPEN,2026-09-09,NHPC,National Hydro Power Company Limited,261.0,261.0,256.0,,256.0,257.0,-1.0,,36912.0,9487200.2,135.0,5.0,1.9157088122605364,-0.38910505836575876,70275.55703703703,257.02211205028175
2026-09-09T07:15:30+00:00,2026-09-09T13:00:30+05:45,2026-09-09,13:00:30,1788938130,2,7,13,nepse_official,OPEN,2026-09-09,NIBLGF,NIBL Growth Fund,8.5,8.5,8.41,,8.42,8.5,-0.08000000000000007,,15900.0,134624.0,6.0,0.08999999999999986,1.0588235294117632,-0.9411764705882361,22437.333333333332,8.46691823899371
2026-09-09T07:15:30+00:00,2026-09-09T13:00:30+05:45,2026-09-09,13:00:30,1788938130,2,7,13,nepse_official,OPEN,2026-09-09,NIBLSTF,NIBL Stable Fund,8.34,8.34,8.34,,8.34,8.34,0.0,,100.0,834.0,1.0,0.0,0.0,0.0,834.0,8.34
2026-09-09T07:15:30+00:00,2026-09-09T13:00:30+05:45,2026-09-09,13:00:30,1788938130,2,7,13,nepse_official,OPEN,2026-09-09,NIBSF2,NIBL Samriddhi Fund -2,8.2,8.4,8.2,,8.4,8.3,0.09999999999999964,,12200.0,100650.0,5.0,0.20000000000000107,2.4390243902439157,1.2048192771084292,20130.0,8.25
2026-09-09T07:15:30+00:00,2026-09-09T13:00:30+05:45,2026-09-09,13:00:30,1788938130,2,7,13,nepse_official,OPEN,2026-09-09,NICA,NIC Asia Bank Ltd.,324.4,324.4,307.0,,309.0,309.0,0.0,,9961.0,3080747.7,76.0,17.399999999999977,5.363748458692965,0.0,40536.153947368424,309.2809657664893
2026-09-09T07:15:30+00:00,2026-09-09T13:00:30+05:45,2026-09-09,13:00:30,1788938130,2,7,13,nepse_official,OPEN,2026-09-09,NICBF,NIC Asia Balanced Fund,8.65,8.72,8.62,,8.66,8.72,-0.0600000000000005,,13700.0,119206.86,7.0,0.10000000000000142,1.1560693641618662,-0.6880733944954185,17029.551428571427,8.701230656934307
2026-09-09T07:15:30+00:00,2026-09-09T13:00:30+05:45,2026-09-09,13:00:30,1788938130,2,7,13,nepse_official,OPEN,2026-09-09,NICFC,NIC Asia Flexi CAP Fund,8.77,8.77,8.54,,8.61,8.77,-0.16000000000000014,,4098.0,35102.88,6.0,0.23000000000000043,2.6225769669327303,-1.824401368301028,5850.48,8.565856515373353
2026-09-09T07:15:30+00:00,2026-09-09T13:00:30+05:45,2026-09-09,13:00:30,1788938130,2,7,13,nepse_official,OPEN,2026-09-09,NICGF2,NIC ASIA Growth Fund-2,8.72,8.89,8.65,,8.65,8.89,-0.2400000000000002,,400.0,3491.0,4.0,0.2400000000000002,2.7522935779816535,-2.69966254218223,872.75,8.7275
2026-09-09T07:15:30+00:00,2026-09-09T13:00:30+05:45,2026-09-09,13:00:30,1788938130,2,7,13,nepse_official,OPEN,2026-09-09,NICL,Nepal Insurance Co. Ltd.,432.5,440.9,430.0,,430.0,436.9,-6.899999999999977,,2976.0,1287171.7,27.0,10.899999999999977,2.520231213872827,-1.5793087663080745,47673.025925925926,432.51737231182796
2026-09-09T07:15:30+00:00,2026-09-09T13:00:30+05:45,2026-09-09,13:00:30,1788938130,2,7,13,nepse_official,OPEN,2026-09-09,NICLBSL,NIC ASIA Laghubitta Bittiya Sanstha Limited,512.0,522.0,500.2,,502.2,512.8,-10.599999999999966,,2542.0,1287219.8,49.0,21.80000000000001,4.257812500000002,-2.067082683307326,26269.791836734694,506.38072383949645
2026-09-09T07:15:30+00:00,2026-09-09T13:00:30+05:45,2026-09-09,13:00:30,1788938130,2,7,13,nepse_official,OPEN,2026-09-09,NICSF,NIC Asia Select Fund 30,8.35,8.35,8.35,,8.35,8.35,0.0,,200.0,1670.0,1.0,0.0,0.0,0.0,1670.0,8.35
2026-09-09T07:15:30+00:00,2026-09-09T13:00:30+05:45,2026-09-09,13:00:30,1788938130,2,7,13,nepse_official,OPEN,2026-09-09,NIFRA,Nepal Infrastructure Bank Limited,240.0,243.5,240.0,,243.5,240.9,2.5999999999999943,,16187.0,3907025.6,165.0,3.5,1.4583333333333333,1.0792860107928577,23678.94303030303,241.36811021189845
2026-09-09T07:15:30+00:00,2026-09-09T13:00:30+05:45,2026-09-09,13:00:30,1788938130,2,7,13,nepse_official,OPEN,2026-09-09,NIL,Neco Insurance Limited,524.0,525.0,511.1,,518.0,525.0,-7.0,,4385.0,2286036.8,37.0,13.899999999999977,2.6526717557251867,-1.3333333333333335,61784.778378378374,521.3310832383124
2026-09-09T07:15:30+00:00,2026-09-09T13:00:30+05:45,2026-09-09,13:00:30,1788938130,2,7,13,nepse_official,OPEN,2026-09-09,NIMB,Nepal Investment Mega Bank Limited,192.9,192.9,182.0,,183.9,183.8,0.09999999999999432,,29606.0,5421161.0,114.0,10.900000000000006,5.650596163815451,0.0544069640914006,47554.04385964912,183.11021414578127
2026-09-09T07:15:30+00:00,2026-09-09T13:00:30+05:45,2026-09-09,13:00:30,1788938130,2,7,13,nepse_official,OPEN,2026-09-09,NIMBPO,Nepal Investment Mega Bank Ltd. Promoter Share,138.0,138.0,138.0,,138.0,139.0,-1.0,,310.0,42780.0,5.0,0.0,0.0,-0.7194244604316548,8556.0,138.0
2026-09-09T07:15:30+00:00,2026-09-09T13:00:30+05:45,2026-09-09,13:00:30,1788938130,2,7,13,nepse_official,OPEN,2026-09-09,NLG,NLG Insurance Company Ltd.,514.0,514.9,510.0,,510.0,514.5,-4.5,,219.0,112146.0,6.0,4.899999999999977,0.9533073929961046,-0.8746355685131195,18691.0,512.082191780822
2026-09-09T07:15:30+00:00,2026-09-09T13:00:30+05:45,2026-09-09,13:00:30,1788938130,2,7,13,nepse_official,OPEN,2026-09-09,NLIC,Nepal Life Insurance Co. Ltd.,701.0,701.0,695.0,,697.0,701.0,-4.0,,6990.0,4866078.7,74.0,6.0,0.8559201141226819,-0.5706134094151213,65757.82027027027,696.1485979971388
2026-09-09T07:15:30+00:00,2026-09-09T13:00:30+05:45,2026-09-09,13:00:30,1788938130,2,7,13,nepse_official,OPEN,2026-09-09,NLICL,National Life Insurance Co. Ltd.,546.3,557.4,546.0,,557.4,550.3,7.100000000000023,,2932.0,1618609.6,18.0,11.399999999999977,2.086765513454142,1.2902053425404367,89922.75555555556,552.04965893588
2026-09-09T07:15:30+00:00,2026-09-09T13:00:30+05:45,2026-09-09,13:00:30,1788938130,2,7,13,nepse_official,OPEN,2026-09-09,NMB,NMB Bank Limited,251.8,251.8,239.0,,241.5,239.9,1.5999999999999943,,9659.0,2325950.9,56.0,12.800000000000011,5.083399523431299,0.6669445602334282,41534.8375,240.8065948855989
2026-09-09T07:15:30+00:00,2026-09-09T13:00:30+05:45,2026-09-09,13:00:30,1788938130,2,7,13,nepse_official,OPEN,2026-09-09,NMBHF2,NMB Hybrid Fund L- II,9.16,9.24,9.16,,9.24,9.24,0.0,,1000.0,9192.0,10.0,0.08000000000000007,0.873362445414848,0.0,919.2,9.192
2026-09-09T07:15:30+00:00,2026-09-09T13:00:30+05:45,2026-09-09,13:00:30,1788938130,2,7,13,nepse_official,OPEN,2026-09-09,NMBMF,NMB  Microfinance Bittiya Sanstha Ltd.,594.0,594.0,594.0,,594.0,589.0,5.0,,10.0,5940.0,1.0,0.0,0.0,0.8488964346349746,5940.0,594.0
2026-09-09T07:15:30+00:00,2026-09-09T13:00:30+05:45,2026-09-09,13:00:30,1788938130,2,7,13,nepse_official,OPEN,2026-09-09,NMFBS,National Laghubitta Bittiya Sanstha Limited,1137.0,1137.0,1121.0,,1130.0,1135.0,-5.0,,2375.0,2681128.0,32.0,16.0,1.4072119613016711,-0.4405286343612335,83785.25,1128.896
2026-09-09T07:15:30+00:00,2026-09-09T13:00:30+05:45,2026-09-09,13:00:30,1788938130,2,7,13,nepse_official,OPEN,2026-09-09,NMIC,Nepal Micro Insurance Company Limited,793.0,793.0,787.0,,790.0,793.0,-3.0,,887.0,701126.0,37.0,6.0,0.7566204287515763,-0.37831021437578816,18949.35135135135,790.446448703495
2026-09-09T07:15:30+00:00,2026-09-09T13:00:30+05:45,2026-09-09,13:00:30,1788938130,2,7,13,nepse_official,OPEN,2026-09-09,NMLBBL,Nerude Mirmire Laghubitta Bittiya Sanstha Limited,497.9,497.9,475.0,,475.0,488.0,-13.0,,1956.0,934492.0,21.0,22.899999999999977,4.599317131954203,-2.663934426229508,44499.619047619046,477.7566462167689
2026-09-09T07:15:30+00:00,2026-09-09T13:00:30+05:45,2026-09-09,13:00:30,1788938130,2,7,13,nepse_official,OPEN,2026-09-09,NRIC,Nepal Reinsurance Company Limited,810.0,810.0,800.0,,804.0,805.0,-1.0,,5823.0,4662329.6,61.0,10.0,1.2345679012345678,-0.12422360248447205,76431.63278688524,800.6748411471749
2026-09-09T07:15:30+00:00,2026-09-09T13:00:30+05:45,2026-09-09,13:00:30,1788938130,2,7,13,nepse_official,OPEN,2026-09-09,NRM,Nepal Republic Media Limited,287.0,287.0,279.0,,282.5,287.0,-4.5,,2011.0,565322.9,27.0,8.0,2.7874564459930316,-1.5679442508710801,20937.885185185187,281.11531576330185
2026-09-09T07:15:30+00:00,2026-09-09T13:00:30+05:45,2026-09-09,13:00:30,1788938130,2,7,13,nepse_official,OPEN,2026-09-09,NRN,NRN Infrastructure and Development Limited,1400.0,1416.0,1393.5,,1400.2,1400.0,0.20000000000004547,,32249.0,45454331.7,160.0,22.5,1.607142857142857,0.014285714285717534,284089.573125,1409.4803466774165
2026-09-09T07:15:30+00:00,2026-09-09T13:00:30+05:45,2026-09-09,13:00:30,1788938130,2,7,13,nepse_official,OPEN,2026-09-09,NSIF2,NMB Sulav Investment Fund - 2,9.87,9.87,9.81,,9.85,9.87,-0.019999999999999574,,10300.0,101492.0,7.0,0.05999999999999872,0.6079027355622971,-0.20263424518743237,14498.857142857143,9.853592233009708
2026-09-09T07:15:30+00:00,2026-09-09T13:00:30+05:45,2026-09-09,13:00:30,1788938130,2,7,13,nepse_official,OPEN,2026-09-09,NSY,Nepal Life Samriddhi Lagani Yojana,9.03,9.03,8.94,,9.0,9.3,-0.3000000000000007,,1000.0,9002.0,7.0,0.08999999999999986,0.9966777408637859,-3.2258064516129106,1286.0,9.002
2026-09-09T07:15:30+00:00,2026-09-09T13:00:30+05:45,2026-09-09,13:00:30,1788938130,2,7,13,nepse_official,OPEN,2026-09-09,NTC,Nepal Doorsanchar Company Limited,928.2,928.2,884.0,,887.0,884.0,3.0,,4026.0,3574978.1,63.0,44.200000000000045,4.761904761904766,0.3393665158371041,56745.68412698413,887.9727024341779
2026-09-09T07:15:30+00:00,2026-09-09T13:00:30+05:45,2026-09-09,13:00:30,1788938130,2,7,13,nepse_official,OPEN,2026-09-09,NUBL,Nirdhan Utthan Laghubitta Bittiya Sanstha Limited,568.0,571.0,568.0,,570.0,568.0,2.0,,1284.0,732118.5,11.0,3.0,0.528169014084507,0.35211267605633806,66556.22727272728,570.1857476635514
2026-09-09T07:15:30+00:00,2026-09-09T13:00:30+05:45,2026-09-09,13:00:30,1788938130,2,7,13,nepse_official,OPEN,2026-09-09,NWCL,Nepal Warehousing Company Limited ,596.1,598.0,581.1,,585.6,598.0,-12.399999999999977,,804.0,477827.5,14.0,16.899999999999977,2.8350947827545676,-2.073578595317722,34130.53571428572,594.3128109452737
2026-09-09T07:15:30+00:00,2026-09-09T13:00:30+05:45,2026-09-09,13:00:30,1788938130,2,7,13,nepse_official,OPEN,2026-09-09,NYADI,Nyadi Hydropower Limited,351.0,360.0,348.0,,351.3,351.1,0.19999999999998863,,645.0,226570.5,17.0,12.0,3.418803418803419,0.0569638279692363,13327.676470588236,351.2720930232558
2026-09-09T07:15:30+00:00,2026-09-09T13:00:30+05:45,2026-09-09,13:00:30,1788938130,2,7,13,nepse_official,OPEN,2026-09-09,OHL,Oriental Hotels Limited,605.0,620.0,605.0,,620.0,623.0,-3.0,,235.0,145325.0,2.0,15.0,2.479338842975207,-0.4815409309791332,72662.5,618.4042553191489
2026-09-09T07:15:30+00:00,2026-09-09T13:00:30+05:45,2026-09-09,13:00:30,1788938130,2,7,13,nepse_official,OPEN,2026-09-09,OMPL,Om Megashree Pharmaceuticals Limited,885.0,916.0,882.0,,899.0,895.0,4.0,,1515.0,1367627.7,56.0,34.0,3.84180790960452,0.44692737430167595,24421.923214285714,902.7245544554455
2026-09-09T07:15:30+00:00,2026-09-09T13:00:30+05:45,2026-09-09,13:00:30,1788938130,2,7,13,nepse_official,OPEN,2026-09-09,PCBL,Prime Commercial Bank Ltd.,256.0,256.0,239.6,,241.0,243.9,-2.9000000000000057,,8456.0,2038226.6,30.0,16.400000000000006,6.406250000000002,-1.1890118901189035,67940.88666666667,241.03909649952698
2026-09-09T07:15:30+00:00,2026-09-09T13:00:30+05:45,2026-09-09,13:00:30,1788938130,2,7,13,nepse_official,OPEN,2026-09-09,PCIL,Palpa Cement Industries Limited,618.2,632.0,614.1,,624.7,618.2,6.5,,9653.0,5969534.5,369.0,17.899999999999977,2.8955030734390124,1.0514396635393075,16177.60027100271,618.4123588521703
2026-09-09T07:15:30+00:00,2026-09-09T13:00:30+05:45,2026-09-09,13:00:30,1788938130,2,7,13,nepse_official,OPEN,2026-09-09,PHCL,Peoples Hydropower Company Limited,296.2,302.0,296.0,,298.3,298.8,-0.5,,9478.0,2821006.5,71.0,6.0,2.025658338960162,-0.16733601070950468,39732.48591549296,297.637317999578
2026-09-09T07:15:30+00:00,2026-09-09T13:00:30+05:45,2026-09-09,13:00:30,1788938130,2,7,13,nepse_official,OPEN,2026-09-09,PMHPL,Panchakanya Mai Hydropower Ltd,301.5,301.5,292.5,,294.0,294.9,-0.8999999999999773,,245.0,72192.0,12.0,9.0,2.9850746268656714,-0.30518819938961594,6016.0,294.6612244897959
2026-09-09T07:15:30+00:00,2026-09-09T13:00:30+05:45,2026-09-09,13:00:30,1788938130,2,7,13,nepse_official,OPEN,2026-09-09,PMLI,Prabhu Mahalaxmi Life Insurance Limited,400.0,412.6,400.0,,403.0,401.9,1.1000000000000227,,1358.0,545953.8,28.0,12.600000000000023,3.1500000000000057,0.2736999253545715,19498.350000000002,402.02783505154645
2026-09-09T07:15:30+00:00,2026-09-09T13:00:30+05:45,2026-09-09,13:00:30,1788938130,2,7,13,nepse_official,OPEN,2026-09-09,PPCL,Panchthar Power Compant Limited,344.5,344.5,327.7,,335.9,338.5,-2.6000000000000227,,3970.0,1322551.2,19.0,16.80000000000001,4.876632801161106,-0.7680945347119713,69607.95789473684,333.136322418136
2026-09-09T07:15:30+00:00,2026-09-09T13:00:30+05:45,2026-09-09,13:00:30,1788938130,2,7,13,nepse_official,OPEN,2026-09-09,PPL,People's Power Limited,306.0,308.0,297.3,,304.2,306.0,-1.8000000000000114,,3457.0,1054918.2,35.0,10.699999999999989,3.4967320261437873,-0.5882352941176507,30140.52,305.15423777842057
2026-09-09T07:15:30+00:00,2026-09-09T13:00:30+05:45,2026-09-09,13:00:30,1788938130,2,7,13,nepse_official,OPEN,2026-09-09,PRIN,Prabhu Insurance Ltd.,570.0,612.0,570.0,,604.0,600.0,4.0,,1787.0,1066899.7,27.0,42.0,7.368421052631578,0.6666666666666667,39514.8037037037,597.0339675433687
2026-09-09T07:15:30+00:00,2026-09-09T13:00:30+05:45,2026-09-09,13:00:30,1788938130,2,7,13,nepse_official,OPEN,2026-09-09,PROFL,Progressive Finance Limited,377.0,379.0,368.0,,375.0,380.0,-5.0,,5158.0,1915921.0,29.0,11.0,2.9177718832891246,-1.3157894736842104,66066.24137931035,371.4464908879411
2026-09-09T07:15:30+00:00,2026-09-09T13:00:30+05:45,2026-09-09,13:00:30,1788938130,2,7,13,nepse_official,OPEN,2026-09-09,PRSF,Prabhu Smart Fund,12.8,12.92,12.65,,12.65,12.7,-0.049999999999998934,,228200.0,2918092.0,15.0,0.2699999999999996,2.1093749999999964,-0.39370078740156644,194539.46666666667,12.78743207712533
2026-09-09T07:15:30+00:00,2026-09-09T13:00:30+05:45,2026-09-09,13:00:30,1788938130,2,7,13,nepse_official,OPEN,2026-09-09,PRVU,Prabhu  Bank Limited,182.0,182.0,179.3,,180.5,180.0,0.5,,47375.0,8586241.1,146.0,2.6999999999999886,1.4835164835164771,0.2777777777777778,58809.870547945204,181.23991767810026
2026-09-09T07:15:30+00:00,2026-09-09T13:00:30+05:45,2026-09-09,13:00:30,1788938130,2,7,13,nepse_official,OPEN,2026-09-09,PSF,Prabhu Select Fund,12.28,12.29,12.1,,12.26,12.28,-0.019999999999999574,,40017.0,489692.03,12.0,0.1899999999999995,1.5472312703583022,-0.1628664495113972,40807.66916666667,12.237099982507434
2026-09-09T07:15:30+00:00,2026-09-09T13:00:30+05:45,2026-09-09,13:00:30,1788938130,2,7,13,nepse_official,OPEN,2026-09-09,PURE,Pure Energy Limited,760.0,779.0,753.0,,775.0,761.3,13.700000000000045,,1515.0,1167489.6,40.0,26.0,3.421052631578948,1.7995533955076903,29187.24,770.620198019802
2026-09-09T07:15:30+00:00,2026-09-09T13:00:30+05:45,2026-09-09,13:00:30,1788938130,2,7,13,nepse_official,OPEN,2026-09-09,RADHI,Radhi Bidyut Company Ltd,690.0,697.0,683.0,,692.0,690.0,2.0,,7348.0,5075593.8,24.0,14.0,2.0289855072463765,0.2898550724637681,211483.07499999998,690.7449373979314
2026-09-09T07:15:30+00:00,2026-09-09T13:00:30+05:45,2026-09-09,13:00:30,1788938130,2,7,13,nepse_official,OPEN,2026-09-09,RAWA,Rawa Energy Development Limited,413.0,413.8,405.0,,408.0,413.9,-5.899999999999977,,7331.0,2995710.3,65.0,8.800000000000011,2.130750605326879,-1.4254650881855466,46087.85076923077,408.63597053607964
2026-09-09T07:15:30+00:00,2026-09-09T13:00:30+05:45,2026-09-09,13:00:30,1788938130,2,7,13,nepse_official,OPEN,2026-09-09,RBBD83,8.5% RBBL Debenture 2083,1035.0,1035.0,1035.0,,1035.0,1010.3,24.700000000000045,,20.0,20700.0,1.0,0.0,0.0,2.4448183707809608,20700.0,1035.0
2026-09-09T07:15:30+00:00,2026-09-09T13:00:30+05:45,2026-09-09,13:00:30,1788938130,2,7,13,nepse_official,OPEN,2026-09-09,RBBF40,RBB Focus 40,9.0,9.0,8.8,,8.9,9.0,-0.09999999999999964,,400.0,3570.0,4.0,0.1999999999999993,2.2222222222222143,-1.1111111111111072,892.5,8.925
2026-09-09T07:15:30+00:00,2026-09-09T13:00:30+05:45,2026-09-09,13:00:30,1788938130,2,7,13,nepse_official,OPEN,2026-09-09,RBCL,Rastriya Beema Company Limited,14168.0,14168.0,13580.0,,13580.0,13755.6,-175.60000000000036,,30.0,417480.0,3.0,588.0,4.150197628458498,-1.2765709965395937,139160.0,13916.0
2026-09-09T07:15:30+00:00,2026-09-09T13:00:30+05:45,2026-09-09,13:00:30,1788938130,2,7,13,nepse_official,OPEN,2026-09-09,RFPL,River Falls Power Limited,328.0,331.0,321.0,,330.0,328.1,1.8999999999999773,,12220.0,3993797.6,72.0,10.0,3.048780487804878,0.5790917403230652,55469.41111111111,326.8246808510638
2026-09-09T07:15:30+00:00,2026-09-09T13:00:30+05:45,2026-09-09,13:00:30,1788938130,2,7,13,nepse_official,OPEN,2026-09-09,RHGCL,Rapti Hydro And General Construction Limited,250.0,257.5,246.0,,247.0,250.0,-3.0,,350.0,87576.0,10.0,11.5,4.6,-1.2,8757.6,250.21714285714285
2026-09-09T07:15:30+00:00,2026-09-09T13:00:30+05:45,2026-09-09,13:00:30,1788938130,2,7,13,nepse_official,OPEN,2026-09-09,RHPL,RASUWAGADHI HYDROPOWER COMPANY LIMITED,170.0,170.2,165.3,,165.7,170.2,-4.5,,38640.0,6431267.0,210.0,4.899999999999977,2.8823529411764572,-2.6439482961222094,30625.08095238095,166.44065734989647
2026-09-09T07:15:30+00:00,2026-09-09T13:00:30+05:45,2026-09-09,13:00:30,1788938130,2,7,13,nepse_official,OPEN,2026-09-09,RIDI,Ridi Power Company Limited,348.0,353.9,345.1,,351.3,347.7,3.6000000000000227,,163524.0,57353800.2,243.0,8.799999999999955,2.5287356321838947,1.0353753235547951,236023.8691358025,350.7362845820797
2026-09-09T07:15:30+00:00,2026-09-09T13:00:30+05:45,2026-09-09,13:00:30,1788938130,2,7,13,nepse_official,OPEN,2026-09-09,RLEL,Ridge Line Energy Limited,741.0,775.0,741.0,,762.1,760.0,2.1000000000000227,,2396.0,1826526.0,65.0,34.0,4.588394062078273,0.2763157894736872,28100.4,762.3230383973289
2026-09-09T07:15:30+00:00,2026-09-09T13:00:30+05:45,2026-09-09,13:00:30,1788938130,2,7,13,nepse_official,OPEN,2026-09-09,RLFL,Reliance Finance Ltd.,416.0,426.8,415.0,,422.0,424.0,-2.0,,8915.0,3717586.8,32.0,11.800000000000011,2.8365384615384643,-0.4716981132075472,116174.5875,417.0035670218732
2026-09-09T07:15:30+00:00,2026-09-09T13:00:30+05:45,2026-09-09,13:00:30,1788938130,2,7,13,nepse_official,OPEN,2026-09-09,RMF1,RBB Mutual Fund 1,9.65,9.79,9.33,,9.79,9.7,0.08999999999999986,,4600.0,44193.0,10.0,0.4599999999999991,4.766839378238332,0.9278350515463903,4419.3,9.607173913043479
2026-09-09T07:15:30+00:00,2026-09-09T13:00:30+05:45,2026-09-09,13:00:30,1788938130,2,7,13,nepse_official,OPEN,2026-09-09,RMF2,RBB Mutual Fund 2,9.7,9.8,9.61,,9.72,9.7,0.02000000000000135,,10300.0,100903.0,5.0,0.19000000000000128,1.9587628865979514,0.2061855670103232,20180.6,9.796407766990292
2026-09-09T07:15:30+00:00,2026-09-09T13:00:30+05:45,2026-09-09,13:00:30,1788938130,2,7,13,nepse_official,OPEN,2026-09-09,RNLI,Reliable Nepal Life Insurance Limited,414.0,415.0,411.5,,412.0,414.0,-2.0,,2883.0,1189093.8,85.0,3.5,0.8454106280193237,-0.4830917874396135,13989.338823529411,412.45015608740897
2026-09-09T07:15:30+00:00,2026-09-09T13:00:30+05:45,2026-09-09,13:00:30,1788938130,2,7,13,nepse_official,OPEN,2026-09-09,RSDC,RSDC Laghubitta Bittiya Sanstha Ltd.,628.0,628.0,615.0,,616.0,628.0,-12.0,,79.0,48601.0,5.0,13.0,2.0700636942675157,-1.910828025477707,9720.2,615.2025316455696
2026-09-09T07:15:30+00:00,2026-09-09T13:00:30+05:45,2026-09-09,13:00:30,1788938130,2,7,13,nepse_official,OPEN,2026-09-09,RSML,Reliance Spinning Mills Limited,2941.1,3045.0,2941.1,,3019.9,2940.0,79.90000000000009,,99326.0,296107511.7,522.0,103.90000000000009,3.5326918499881033,2.7176870748299353,567255.7695402298,2981.1681906046756
2026-09-09T07:15:30+00:00,2026-09-09T13:00:30+05:45,2026-09-09,13:00:30,1788938130,2,7,13,nepse_official,OPEN,2026-09-09,RSY,Reliable Samriddhi Yojana,9.47,9.48,9.47,,9.47,9.47,0.0,,1200.0,11366.0,6.0,0.009999999999999787,0.10559662090812867,0.0,1894.3333333333333,9.471666666666666
2026-09-09T07:15:30+00:00,2026-09-09T13:00:30+05:45,2026-09-09,13:00:30,1788938130,2,7,13,nepse_official,OPEN,2026-09-09,RSY2,Reliable Samriddhi Yojana -2,8.74,9.2,8.74,,8.76,9.01,-0.25,,5200.0,45924.0,27.0,0.4599999999999991,5.263157894736832,-2.774694783573807,1700.888888888889,8.831538461538461
2026-09-09T07:15:30+00:00,2026-09-09T13:00:30+05:45,2026-09-09,13:00:30,1788938130,2,7,13,nepse_official,OPEN,2026-09-09,RURU,Ru Ru Jalbidhyut Pariyojana Limited,573.1,590.0,573.1,,577.5,585.0,-7.5,,157.0,90916.0,8.0,16.899999999999977,2.948874541964749,-1.282051282051282,11364.5,579.0828025477707
2026-09-09T07:15:30+00:00,2026-09-09T13:00:30+05:45,2026-09-09,13:00:30,1788938130,2,7,13,nepse_official,OPEN,2026-09-09,SABBL,Salapa Bikas Bank Limited,916.7,948.9,916.7,,924.0,916.7,7.2999999999999545,,8555.0,7974322.4,147.0,32.19999999999993,3.512599541834835,0.7963346787389499,54247.091156462586,932.1241846873174
2026-09-09T07:15:30+00:00,2026-09-09T13:00:30+05:45,2026-09-09,13:00:30,1788938130,2,7,13,nepse_official,OPEN,2026-09-09,SADBL,Shangrila Development Bank Ltd.,395.0,416.0,395.0,,409.0,410.4,-1.3999999999999773,,2622.0,1073274.1,16.0,21.0,5.3164556962025316,-0.3411306042884935,67079.63125,409.3341342486652
2026-09-09T07:15:30+00:00,2026-09-09T13:00:30+05:45,2026-09-09,13:00:30,1788938130,2,7,13,nepse_official,OPEN,2026-09-09,SAEF2,Sanima Equity Fund-2,9.0,9.2,8.97,,9.0,9.0,0.0,,2950.0,26607.0,29.0,0.22999999999999865,2.5555555555555403,0.0,917.4827586206897,9.019322033898305
2026-09-09T07:15:30+00:00,2026-09-09T13:00:30+05:45,2026-09-09,13:00:30,1788938130,2,7,13,nepse_official,OPEN,2026-09-09,SAGAR,Sagar Distillery Limited,1593.0,1593.0,1553.0,,1572.2,1593.0,-20.799999999999955,,979.0,1539496.0,33.0,40.0,2.5109855618330195,-1.305712492153167,46651.393939393936,1572.5188968335035
2026-09-09T07:15:30+00:00,2026-09-09T13:00:30+05:45,2026-09-09,13:00:30,1788938130,2,7,13,nepse_official,OPEN,2026-09-09,SAGF,Sanima Growth Fund,9.3,9.4,9.3,,9.4,9.33,0.07000000000000028,,400.0,3736.0,3.0,0.09999999999999964,1.0752688172042972,0.7502679528403031,1245.3333333333333,9.34
2026-09-09T07:15:30+00:00,2026-09-09T13:00:30+05:45,2026-09-09,13:00:30,1788938130,2,7,13,nepse_official,OPEN,2026-09-09,SAHAS,Sahas Urja Limited,694.0,698.0,693.9,,695.0,694.0,1.0,,36748.0,25550437.7,193.0,4.100000000000023,0.5907780979827122,0.1440922190201729,132385.68756476685,695.287844236421
2026-09-09T07:15:30+00:00,2026-09-09T13:00:30+05:45,2026-09-09,13:00:30,1788938130,2,7,13,nepse_official,OPEN,2026-09-09,SAIL,Shreenagar Agritech Industries Limited,1050.0,1075.0,1050.0,,1055.9,1056.2,-0.2999999999999545,,22044.0,23444081.3,249.0,25.0,2.380952380952381,-0.02840371141828768,94152.93694779117,1063.5130330248594
2026-09-09T07:15:30+00:00,2026-09-09T13:00:30+05:45,2026-09-09,13:00:30,1788938130,2,7,13,nepse_official,OPEN,2026-09-09,SALICO,Sagarmatha Lumbini Insurance Co. Limited,535.0,535.0,519.0,,520.0,527.5,-7.5,,583.0,305025.0,11.0,16.0,2.990654205607477,-1.4218009478672986,27729.545454545456,523.1989708404802
2026-09-09T07:15:30+00:00,2026-09-09T13:00:30+05:45,2026-09-09,13:00:30,1788938130,2,7,13,nepse_official,OPEN,2026-09-09,SAND2085,10% Sanima Bank Limited Debenture,1115.5,1115.5,1115.5,,1115.5,1149.9,-34.40000000000009,,205.0,228677.5,1.0,0.0,0.0,-2.9915644838681703,228677.5,1115.5
2026-09-09T07:15:30+00:00,2026-09-09T13:00:30+05:45,2026-09-09,13:00:30,1788938130,2,7,13,nepse_official,OPEN,2026-09-09,SANIMA,Sanima Bank Limited,365.1,367.1,362.1,,366.1,365.0,1.1000000000000227,,34539.0,12633509.1,89.0,5.0,1.369487811558477,0.30136986301370483,141949.5404494382,365.77518457395985
2026-09-09T07:15:30+00:00,2026-09-09T13:00:30+05:45,2026-09-09,13:00:30,1788938130,2,7,13,nepse_official,OPEN,2026-09-09,SANVI,Sanvi Energy Limited,559.0,567.0,555.1,,560.0,559.0,1.0,,1645.0,929375.6,44.0,11.899999999999977,2.1288014311270085,0.17889087656529518,21122.172727272726,564.9699696048632
2026-09-09T07:15:30+00:00,2026-09-09T13:00:30+05:45,2026-09-09,13:00:30,1788938130,2,7,13,nepse_official,OPEN,2026-09-09,SAPDBL,Saptakoshi Development Bank Ltd,683.0,683.0,612.0,,635.0,682.0,-47.0,,26096.0,16927791.7,281.0,71.0,10.395314787701318,-6.89149560117302,60241.251601423486,648.6738082464746
2026-09-09T07:15:30+00:00,2026-09-09T13:00:30+05:45,2026-09-09,13:00:30,1788938130,2,7,13,nepse_official,OPEN,2026-09-09,SAPIL,Sarvottam Paints Industries Limited,1245.0,1275.0,1228.0,,1245.2,1245.0,0.20000000000004547,,13026.0,16372198.4,647.0,47.0,3.775100401606426,0.016064257028116105,25304.78887171561,1256.8861047136497
2026-09-09T07:15:30+00:00,2026-09-09T13:00:30+05:45,2026-09-09,13:00:30,1788938130,2,7,13,nepse_official,OPEN,2026-09-09,SARBTM,Sarbottam Cement Limited,798.0,801.9,795.5,,799.0,797.0,2.0,,2698.0,2149559.0,22.0,6.399999999999977,0.8020050125313255,0.2509410288582183,97707.22727272728,796.723128243143
2026-09-09T07:15:30+00:00,2026-09-09T13:00:30+05:45,2026-09-09,13:00:30,1788938130,2,7,13,nepse_official,OPEN,2026-09-09,SBCF,Sunrise Bluechip Fund,9.04,9.04,9.04,,9.04,9.04,0.0,,200.0,1808.0,1.0,0.0,0.0,0.0,1808.0,9.04
2026-09-09T07:15:30+00:00,2026-09-09T13:00:30+05:45,2026-09-09,13:00:30,1788938130,2,7,13,nepse_official,OPEN,2026-09-09,SBI,Nepal SBI Bank Limited,395.0,397.1,395.0,,397.1,402.0,-4.899999999999977,,1664.0,659813.4,6.0,2.1000000000000227,0.5316455696202589,-1.2189054726368103,109968.90000000001,396.5224759615385
2026-09-09T07:15:30+00:00,2026-09-09T13:00:30+05:45,2026-09-09,13:00:30,1788938130,2,7,13,nepse_official,OPEN,2026-09-09,SBL,Siddhartha Bank Limited,442.5,442.5,417.2,,422.0,421.5,0.5,,44787.0,18900502.0,105.0,25.30000000000001,5.717514124293787,0.11862396204033215,180004.78095238094,422.00866322816887
2026-09-09T07:15:30+00:00,2026-09-09T13:00:30+05:45,2026-09-09,13:00:30,1788938130,2,7,13,nepse_official,OPEN,2026-09-09,SBLD2091,7.25% SBL Debenture 2091,1100.0,1115.0,1082.0,,1082.0,1090.0,-8.0,,525.0,581490.0,4.0,33.0,3.0,-0.7339449541284404,145372.5,1107.6
2026-09-09T07:15:30+00:00,2026-09-09T13:00:30+05:45,2026-09-09,13:00:30,1788938130,2,7,13,nepse_official,OPEN,2026-09-09,SCB,Standard Chartered Bank Limited,649.0,654.9,649.0,,651.7,649.1,2.6000000000000227,,1879.0,1225538.2,41.0,5.899999999999977,0.9090909090909056,0.4005546140810388,29891.175609756097,652.228951569984
2026-09-09T07:15:30+00:00,2026-09-09T13:00:30+05:45,2026-09-09,13:00:30,1788938130,2,7,13,nepse_official,OPEN,2026-09-09,SEF,Siddhartha Equity Fund,9.4,9.5,9.36,,9.5,9.41,0.08999999999999986,,74270.0,697505.2,11.0,0.14000000000000057,1.4893617021276655,0.9564293304994672,63409.56363636363,9.39147973609802
2026-09-09T07:15:30+00:00,2026-09-09T13:00:30+05:45,2026-09-09,13:00:30,1788938130,2,7,13,nepse_official,OPEN,2026-09-09,SEF2,Siddhartha Equity Fund 2,8.74,9.0,8.74,,8.8,9.0,-0.1999999999999993,,4680.0,41563.0,34.0,0.2599999999999998,2.9748283752860387,-2.2222222222222143,1222.4411764705883,8.880982905982906
2026-09-09T07:15:30+00:00,2026-09-09T13:00:30+05:45,2026-09-09,13:00:30,1788938130,2,7,13,nepse_official,OPEN,2026-09-09,SFMF,Sunrise First Mutual Fund,9.25,9.25,9.06,,9.06,9.02,0.040000000000000924,,5100.0,46430.0,4.0,0.1899999999999995,2.0540540540540486,0.44345898004435613,11607.5,9.10392156862745
2026-09-09T07:15:30+00:00,2026-09-09T13:00:30+05:45,2026-09-09,13:00:30,1788938130,2,7,13,nepse_official,OPEN,2026-09-09,SGHC,Swet-Ganga Hydropower & Construction Limited ,296.0,298.9,291.0,,292.0,295.0,-3.0,,7686.0,2258007.2,56.0,7.899999999999977,2.6689189189189113,-1.0169491525423728,40321.55714285715,293.7818371064273
2026-09-09T07:15:30+00:00,2026-09-09T13:00:30+05:45,2026-09-09,13:00:30,1788938130,2,7,13,nepse_official,OPEN,2026-09-09,SGHL,Sanigad Hydro Limited,490.0,513.7,490.0,,502.2,499.3,2.8999999999999773,,31499.0,15898296.2,914.0,23.700000000000045,4.836734693877561,0.5808131383937467,17394.19715536105,504.72383885202703
2026-09-09T07:15:30+00:00,2026-09-09T13:00:30+05:45,2026-09-09,13:00:30,1788938130,2,7,13,nepse_official,OPEN,2026-09-09,SGIC,Sanima GIC Insurance Limited,380.0,381.0,376.2,,377.0,379.0,-2.0,,4704.0,1779812.2,63.0,4.800000000000011,1.263157894736845,-0.5277044854881267,28250.9873015873,378.3614370748299
2026-09-09T07:15:30+00:00,2026-09-09T13:00:30+05:45,2026-09-09,13:00:30,1788938130,2,7,13,nepse_official,OPEN,2026-09-09,SHEL,Singati Hydro Energy Limited,294.0,294.1,284.3,,291.0,293.9,-2.8999999999999773,,41435.0,12077812.7,84.0,9.800000000000011,3.3333333333333375,-0.9867301803334391,143783.48452380951,291.48817907566064
2026-09-09T07:15:30+00:00,2026-09-09T13:00:30+05:45,2026-09-09,13:00:30,1788938130,2,7,13,nepse_official,OPEN,2026-09-09,SHINE,Shine Resunga Development Bank Ltd.,417.1,422.6,416.1,,419.1,419.9,-0.7999999999999545,,6613.0,2773406.5,43.0,6.5,1.5583792855430352,-0.19052155275064409,64497.82558139535,419.3870406774535
2026-09-09T07:15:30+00:00,2026-09-09T13:00:30+05:45,2026-09-09,13:00:30,1788938130,2,7,13,nepse_official,OPEN,2026-09-09,SHIVM,SHIVAM CEMENTS LTD,664.2,678.8,660.0,,671.0,664.2,6.7999999999999545,,134575.0,90580006.0,464.0,18.799999999999955,2.8304727491719293,1.0237880156579275,195215.5301724138,673.0819691621772
2026-09-09T07:15:30+00:00,2026-09-09T13:00:30+05:45,2026-09-09,13:00:30,1788938130,2,7,13,nepse_official,OPEN,2026-09-09,SHL,Soaltee Hotel Limited,501.0,508.0,501.0,,502.1,502.5,-0.39999999999997726,,1076.0,542328.0,10.0,7.0,1.3972055888223553,-0.07960199004974672,54232.8,504.02230483271376
2026-09-09T07:15:30+00:00,2026-09-09T13:00:30+05:45,2026-09-09,13:00:30,1788938130,2,7,13,nepse_official,OPEN,2026-09-09,SHLB,Shrijanshil Laghubitta Bittiya Sanstha Limited,1250.0,1251.1,1250.0,,1251.1,1265.0,-13.900000000000091,,110.0,137511.0,4.0,1.099999999999909,0.08799999999999272,-1.098814229249019,34377.75,1250.1
2026-09-09T07:15:30+00:00,2026-09-09T13:00:30+05:45,2026-09-09,13:00:30,1788938130,2,7,13,nepse_official,OPEN,2026-09-09,SHPC,Sanima Mai Hydropower Ltd.,506.0,515.5,506.0,,510.8,509.8,1.0,,35561.0,18209296.8,100.0,9.5,1.8774703557312251,0.1961553550411926,182092.968,512.0580636090099
2026-09-09T07:15:30+00:00,2026-09-09T13:00:30+05:45,2026-09-09,13:00:30,1788938130,2,7,13,nepse_official,OPEN,2026-09-09,SICL,Shikhar Insurance Co. Ltd.,534.0,551.0,525.0,,550.0,550.0,0.0,,6382.0,3466595.2,51.0,26.0,4.868913857677903,0.0,67972.4549019608,543.1832027577562
2026-09-09T07:15:30+00:00,2026-09-09T13:00:30+05:45,2026-09-09,13:00:30,1788938130,2,7,13,nepse_official,OPEN,2026-09-09,SIFC,Shree Investment Finance Co. Ltd.,479.7,480.0,475.0,,475.0,480.1,-5.100000000000023,,5718.0,2719072.1,27.0,5.0,1.0423181154888472,-1.062278691939184,100706.37407407408,475.52852395942637
2026-09-09T07:15:30+00:00,2026-09-09T13:00:30+05:45,2026-09-09,13:00:30,1788938130,2,7,13,nepse_official,OPEN,2026-09-09,SIGS3,Siddhartha Investment Growth Scheme 3,10.0,10.06,10.0,,10.03,10.2,-0.16999999999999993,,3751.0,37723.06,4.0,0.0600000000000005,0.600000000000005,-1.6666666666666659,9430.765,10.056800853105837
2026-09-09T07:15:30+00:00,2026-09-09T13:00:30+05:45,2026-09-09,13:00:30,1788938130,2,7,13,nepse_official,OPEN,2026-09-09,SIKLES,Sikles Hydropower Limited,573.0,575.0,570.0,,571.0,578.0,-7.0,,1211.0,691575.5,14.0,5.0,0.8726003490401396,-1.2110726643598615,49398.25,571.0780346820809
2026-09-09T07:15:30+00:00,2026-09-09T13:00:30+05:45,2026-09-09,13:00:30,1788938130,2,7,13,nepse_official,OPEN,2026-09-09,SINDU,Sindhu Bikash Bank Ltd,493.5,493.5,423.1,,423.1,497.7,-74.59999999999997,,4040.0,1732402.7,56.0,70.39999999999998,14.265450861195536,-14.98894916616435,30935.7625,428.8125495049505
2026-09-09T07:15:30+00:00,2026-09-09T13:00:30+05:45,2026-09-09,13:00:30,1788938130,2,7,13,nepse_official,OPEN,2026-09-09,SIPD,Shikhar power Development Limited,582.0,625.0,582.0,,606.2,591.1,15.100000000000023,,18090.0,11070373.5,216.0,43.0,7.3883161512027495,2.554559296227376,51251.729166666664,611.9609452736319
2026-09-09T07:15:30+00:00,2026-09-09T13:00:30+05:45,2026-09-09,13:00:30,1788938130,2,7,13,nepse_official,OPEN,2026-09-09,SJCL,SANJEN JALAVIDHYUT COMPANY LIMITED,232.0,238.0,231.3,,231.5,232.5,-1.0,,6597.0,1531071.2,52.0,6.699999999999989,2.8879310344827536,-0.43010752688172044,29443.67692307692,232.08597847506442
2026-09-09T07:15:30+00:00,2026-09-09T13:00:30+05:45,2026-09-09,13:00:30,1788938130,2,7,13,nepse_official,OPEN,2026-09-09,SJLIC,SuryaJyoti Life Insurance Company Limited,395.1,400.0,395.0,,400.0,398.0,2.0,,7194.0,2864588.0,61.0,5.0,1.2655024044545684,0.5025125628140703,46960.45901639344,398.19127050319713
2026-09-09T07:15:30+00:00,2026-09-09T13:00:30+05:45,2026-09-09,13:00:30,1788938130,2,7,13,nepse_official,OPEN,2026-09-09,SKBBL,Sana Kisan Bikas Laghubitta Bittiya Sanstha Limited,745.2,759.0,745.0,,753.0,746.1,6.899999999999977,,471.0,352958.0,15.0,14.0,1.8786902844873858,0.9248090068355417,23530.533333333333,749.380042462845
2026-09-09T07:15:30+00:00,2026-09-09T13:00:30+05:45,2026-09-09,13:00:30,1788938130,2,7,13,nepse_official,OPEN,2026-09-09,SKHEL,Suryakunda Hydro Electric Limited,805.1,839.4,805.1,,817.0,830.0,-13.0,,1766.0,1446889.0,35.0,34.299999999999955,4.260340330393734,-1.566265060240964,41339.68571428571,819.3029445073613
2026-09-09T07:15:30+00:00,2026-09-09T13:00:30+05:45,2026-09-09,13:00:30,1788938130,2,7,13,nepse_official,OPEN,2026-09-09,SKHL,Super Khudi Hydropower Limited,725.0,760.0,725.0,,745.0,725.0,20.0,,13958.0,10429727.8,181.0,35.0,4.827586206896552,2.7586206896551726,57622.805524861884,747.2222238143002
2026-09-09T07:15:30+00:00,2026-09-09T13:00:30+05:45,2026-09-09,13:00:30,1788938130,2,7,13,nepse_official,OPEN,2026-09-09,SLBBL,Swarojgar Laghubitta Bittiya Sanstha Ltd.,805.0,805.0,790.0,,791.0,799.0,-8.0,,653.0,516756.3,6.0,15.0,1.8633540372670807,-1.0012515644555695,86126.05,791.3572741194487
2026-09-09T07:15:30+00:00,2026-09-09T13:00:30+05:45,2026-09-09,13:00:30,1788938130,2,7,13,nepse_official,OPEN,2026-09-09,SLBSL,Samudayik Laghubitta Bittiya Sanstha Limited,900.0,900.0,873.0,,873.0,899.0,-26.0,,563.0,498363.0,9.0,27.0,3.0,-2.8921023359288096,55373.666666666664,885.1918294849023
2026-09-09T07:15:30+00:00,2026-09-09T13:00:30+05:45,2026-09-09,13:00:30,1788938130,2,7,13,nepse_official,OPEN,2026-09-09,SLCF,Sanima Large Cap Fund,9.03,9.03,8.8,,8.8,9.03,-0.22999999999999865,,7000.0,62060.0,2.0,0.22999999999999865,2.5470653377629975,-2.5470653377629975,31030.0,8.865714285714287
2026-09-09T07:15:30+00:00,2026-09-09T13:00:30+05:45,2026-09-09,13:00:30,1788938130,2,7,13,nepse_official,OPEN,2026-09-09,SMATA,Samata Gharelu Laghubitta Bittiya Sanstha Limited,700.0,700.0,690.0,,691.0,695.0,-4.0,,594.0,411695.0,12.0,10.0,1.4285714285714286,-0.5755395683453237,34307.916666666664,693.0892255892256
2026-09-09T07:15:30+00:00,2026-09-09T13:00:30+05:45,2026-09-09,13:00:30,1788938130,2,7,13,nepse_official,OPEN,2026-09-09,SMB,Support Microfinance Bittiya Sanstha Ltd.,1813.0,1813.0,1750.1,,1750.1,1785.0,-34.90000000000009,,157.0,280339.9,4.0,62.90000000000009,3.4693877551020456,-1.955182072829137,70084.975,1785.6044585987263
2026-09-09T07:15:30+00:00,2026-09-09T13:00:30+05:45,2026-09-09,13:00:30,1788938130,2,7,13,nepse_official,OPEN,2026-09-09,SMFBS,Swabhimaan Laghubitta Bittiya Sanstha Limited,1307.0,1315.0,1306.1,,1315.0,1345.0,-30.0,,87.0,114100.0,4.0,8.900000000000091,0.6809487375669542,-2.2304832713754648,28525.0,1311.4942528735633
2026-09-09T07:15:30+00:00,2026-09-09T13:00:30+05:45,2026-09-09,13:00:30,1788938130,2,7,13,nepse_official,OPEN,2026-09-09,SMH,Super Mai Hydropower Limited,507.0,510.0,501.1,,505.0,509.3,-4.300000000000011,,641.0,325803.2,21.0,8.899999999999977,1.7554240631163662,-0.8442960926762244,15514.438095238096,508.2733229329173
2026-09-09T07:15:30+00:00,2026-09-09T13:00:30+05:45,2026-09-09,13:00:30,1788938130,2,7,13,nepse_official,OPEN,2026-09-09,SMHL,Super Madi Hydropower Limited,460.0,474.9,460.0,,469.0,458.26,10.740000000000009,,51633.0,24226137.7,420.0,14.899999999999977,3.2391304347826035,2.3436477109064744,57681.280238095234,469.19872368446534
2026-09-09T07:15:30+00:00,2026-09-09T13:00:30+05:45,2026-09-09,13:00:30,1788938130,2,7,13,nepse_official,OPEN,2026-09-09,SMJC,Sagarmatha Jalabidhyut Company Limited,401.1,402.0,400.0,,401.0,403.0,-2.0,,963.0,385856.0,33.0,2.0,0.49862877088007973,-0.49627791563275436,11692.60606060606,400.681204569055
2026-09-09T07:15:30+00:00,2026-09-09T13:00:30+05:45,2026-09-09,13:00:30,1788938130,2,7,13,nepse_official,OPEN,2026-09-09,SMPDA,Sampada Laghubitta Bittiya Sanstha Limited,710.7,725.0,710.7,,725.0,721.0,4.0,,1148.0,823781.5,11.0,14.299999999999955,2.0121007457436266,0.5547850208044383,74889.22727272728,717.5797038327526
2026-09-09T07:15:30+00:00,2026-09-09T13:00:30+05:45,2026-09-09,13:00:30,1788938130,2,7,13,nepse_official,OPEN,2026-09-09,SNLI,Sun Nepal Life Insurance Company Limited,389.0,389.0,385.8,,386.0,389.0,-3.0,,8177.0,3157910.4,95.0,3.1999999999999886,0.8226221079691487,-0.7712082262210797,33241.16210526316,386.19425217072273
2026-09-09T07:15:30+00:00,2026-09-09T13:00:30+05:45,2026-09-09,13:00:30,1788938130,2,7,13,nepse_official,OPEN,2026-09-09,SNORL,Snow Rivers Limited,878.0,885.0,860.0,,871.0,878.0,-7.0,,3815.0,3340166.0,140.0,25.0,2.847380410022779,-0.7972665148063782,23858.32857142857,875.53499344692
2026-09-09T07:15:30+00:00,2026-09-09T13:00:30+05:45,2026-09-09,13:00:30,1788938130,2,7,13,nepse_official,OPEN,2026-09-09,SOHL,Solu Hydropower Limited,660.0,662.9,651.2,,655.0,654.0,1.0,,104152.0,68644980.8,586.0,11.699999999999932,1.7727272727272623,0.1529051987767584,117141.60546075084,659.084614793763
2026-09-09T07:15:30+00:00,2026-09-09T13:00:30+05:45,2026-09-09,13:00:30,1788938130,2,7,13,nepse_official,OPEN,2026-09-09,SONA,Sonapur Minerals And Oil Limited,380.0,406.9,380.0,,401.5,398.0,3.5,,13679.0,5470353.9,160.0,26.899999999999977,7.078947368421047,0.8793969849246231,34189.711875,399.90890415966084
2026-09-09T07:15:30+00:00,2026-09-09T13:00:30+05:45,2026-09-09,13:00:30,1788938130,2,7,13,nepse_official,OPEN,2026-09-09,SOPL,Sopan Pharmaceuticals Limited,738.0,752.0,730.3,,745.1,738.0,7.100000000000023,,9986.0,7406646.0,369.0,21.700000000000045,2.940379403794044,0.962059620596209,20072.211382113823,741.702984177849
2026-09-09T07:15:30+00:00,2026-09-09T13:00:30+05:45,2026-09-09,13:00:30,1788938130,2,7,13,nepse_official,OPEN,2026-09-09,SPC,Samling Power Company Limited,417.9,417.9,390.0,,390.5,398.0,-7.5,,2183.0,860777.5,25.0,27.899999999999977,6.676238334529787,-1.8844221105527637,34431.1,394.3094365551993
2026-09-09T07:15:30+00:00,2026-09-09T13:00:30+05:45,2026-09-09,13:00:30,1788938130,2,7,13,nepse_official,OPEN,2026-09-09,SPDL,Synergy Power Development Ltd.,354.9,354.9,345.4,,347.0,346.0,1.0,,2870.0,992486.8,13.0,9.5,2.6768103691180616,0.2890173410404624,76345.13846153846,345.8142160278746
2026-09-09T07:15:30+00:00,2026-09-09T13:00:30+05:45,2026-09-09,13:00:30,1788938130,2,7,13,nepse_official,OPEN,2026-09-09,SPHL,Sayapatri Hydropower Limited,525.0,525.0,487.8,,510.0,514.0,-4.0,,1794.0,915349.8,31.0,37.19999999999999,7.085714285714284,-0.7782101167315175,29527.41290322581,510.2284280936455
2026-09-09T07:15:30+00:00,2026-09-09T13:00:30+05:45,2026-09-09,13:00:30,1788938130,2,7,13,nepse_official,OPEN,2026-09-09,SPIL,Siddhartha Premier Insurance Limited,600.0,600.0,588.0,,588.0,599.9,-11.899999999999977,,1666.0,984281.8,18.0,12.0,2.0,-1.9836639439906614,54682.322222222225,590.8054021608643
2026-09-09T07:15:30+00:00,2026-09-09T13:00:30+05:45,2026-09-09,13:00:30,1788938130,2,7,13,nepse_official,OPEN,2026-09-09,SPL,Shuvam Power Limited,597.2,633.0,594.0,,604.0,615.6,-11.600000000000023,,410.0,252678.0,15.0,39.0,6.5304755525787,-1.8843404808317126,16845.2,616.2878048780487
2026-09-09T07:15:30+00:00,2026-09-09T13:00:30+05:45,2026-09-09,13:00:30,1788938130,2,7,13,nepse_official,OPEN,2026-09-09,SRLI,Sanima Reliance Life Insurance Limited,351.4,355.0,351.4,,353.1,355.0,-1.8999999999999773,,2120.0,748777.7,47.0,3.6000000000000227,1.0244735344337004,-0.5352112676056274,15931.440425531913,353.19702830188675
2026-09-09T07:15:30+00:00,2026-09-09T13:00:30+05:45,2026-09-09,13:00:30,1788938130,2,7,13,nepse_official,OPEN,2026-09-09,SSHL,Shiva Shree Hydropower Ltd,193.0,195.0,192.0,,192.6,193.0,-0.4000000000000057,,16605.0,3206016.1,62.0,3.0,1.5544041450777202,-0.20725388601036562,51709.93709677419,193.07534477566998
2026-09-09T07:15:30+00:00,2026-09-09T13:00:30+05:45,2026-09-09,13:00:30,1788938130,2,7,13,nepse_official,OPEN,2026-09-09,STC,Salt Trading Corporation,5225.0,5288.0,5225.0,,5240.0,5226.1,13.899999999999636,,125.0,655146.2,7.0,63.0,1.2057416267942584,0.265972713878411,93592.31428571428,5241.169599999999
2026-09-09T07:15:30+00:00,2026-09-09T13:00:30+05:45,2026-09-09,13:00:30,1788938130,2,7,13,nepse_official,OPEN,2026-09-09,SWASTIK,Swastik Laghubitta Bittiya Sanstha Limited,1821.0,1821.0,1820.0,,1820.0,1859.0,-39.0,,60.0,109220.0,3.0,1.0,0.054914881933003847,-2.097902097902098,36406.666666666664,1820.3333333333333
2026-09-09T07:15:30+00:00,2026-09-09T13:00:30+05:45,2026-09-09,13:00:30,1788938130,2,7,13,nepse_official,OPEN,2026-09-09,SWBBL,Swabalamban Laghubitta Bittiya Sanstha Limited,679.0,681.0,677.0,,679.0,677.0,2.0,,1741.0,1180361.7,19.0,4.0,0.5891016200294551,0.29542097488921715,62124.299999999996,677.9791499138425
2026-09-09T07:15:30+00:00,2026-09-09T13:00:30+05:45,2026-09-09,13:00:30,1788938130,2,7,13,nepse_official,OPEN,2026-09-09,SWMF,Suryodaya Womi Laghubitta Bittiya Sanstha Limited,584.0,584.0,575.0,,575.0,584.0,-9.0,,125.0,72775.0,4.0,9.0,1.5410958904109588,-1.5410958904109588,18193.75,582.2
2026-09-09T07:15:30+00:00,2026-09-09T13:00:30+05:45,2026-09-09,13:00:30,1788938130,2,7,13,nepse_official,OPEN,2026-09-09,SYPNL,SY Panel Nepal Limited,1335.0,1378.0,1335.0,,1358.0,1344.0,14.0,,37793.0,51519571.6,497.0,43.0,3.2209737827715355,1.0416666666666665,103661.10985915494,1363.204074828672
2026-09-09T07:15:30+00:00,2026-09-09T13:00:30+05:45,2026-09-09,13:00:30,1788938130,2,7,13,nepse_official,OPEN,2026-09-09,TAMOR,Sanima Middle Tamor Hydropower Limited,496.0,499.5,490.1,,499.5,497.1,2.3999999999999773,,140885.0,69690258.0,238.0,9.399999999999977,1.895161290322576,0.4828002414001161,292816.2100840336,494.66059552116974
2026-09-09T07:15:30+00:00,2026-09-09T13:00:30+05:45,2026-09-09,13:00:30,1788938130,2,7,13,nepse_official,OPEN,2026-09-09,TPC,Terhathum Power Company Limited,346.0,350.0,343.1,,344.0,346.0,-2.0,,8355.0,2876565.5,28.0,6.899999999999977,1.9942196531791843,-0.5780346820809248,102734.48214285714,344.2926989826451
2026-09-09T07:15:30+00:00,2026-09-09T13:00:30+05:45,2026-09-09,13:00:30,1788938130,2,7,13,nepse_official,OPEN,2026-09-09,TPKHL,Taksar Pikhuwa Khola Hydropower Limited,504.0,512.5,500.0,,505.0,510.0,-5.0,,10419.0,5292277.6,373.0,12.5,2.4801587301587302,-0.9803921568627451,14188.411796246648,507.9448699491314
2026-09-09T07:15:30+00:00,2026-09-09T13:00:30+05:45,2026-09-09,13:00:30,1788938130,2,7,13,nepse_official,OPEN,2026-09-09,TRH,Taragaon Regency Hotel Limited,795.0,805.0,790.0,,790.0,798.0,-8.0,,341.0,271690.0,9.0,15.0,1.8867924528301887,-1.0025062656641603,30187.777777777777,796.7448680351906
2026-09-09T07:15:30+00:00,2026-09-09T13:00:30+05:45,2026-09-09,13:00:30,1788938130,2,7,13,nepse_official,OPEN,2026-09-09,TSHL,Three Star Hydropower Limited,333.0,352.0,333.0,,347.4,333.0,14.399999999999977,,3267.0,1127589.5,38.0,19.0,5.7057057057057055,4.3243243243243175,29673.407894736843,345.1452402816039
2026-09-09T07:15:30+00:00,2026-09-09T13:00:30+05:45,2026-09-09,13:00:30,1788938130,2,7,13,nepse_official,OPEN,2026-09-09,TTL,Trade Tower Limited,687.0,690.0,682.2,,684.0,685.0,-1.0,,1425.0,978649.0,57.0,7.7999999999999545,1.1353711790392946,-0.145985401459854,17169.280701754386,686.7712280701754
2026-09-09T07:15:30+00:00,2026-09-09T13:00:30+05:45,2026-09-09,13:00:30,1788938130,2,7,13,nepse_official,OPEN,2026-09-09,TVCL,Trishuli Jal Vidhyut Company Limited ,311.0,311.0,303.6,,304.1,317.2,-13.099999999999966,,3890.0,1195725.0,42.0,7.399999999999977,2.3794212218649444,-4.1298865069356765,28469.64285714286,307.3843187660668
2026-09-09T07:15:30+00:00,2026-09-09T13:00:30+05:45,2026-09-09,13:00:30,1788938130,2,7,13,nepse_official,OPEN,2026-09-09,UAIL,United Ajod Insurance Limited,368.0,370.7,365.0,,366.1,368.5,-2.3999999999999773,,7841.0,2886745.9,72.0,5.699999999999989,1.5489130434782579,-0.6512890094979585,40093.69305555555,368.16042596607576
2026-09-09T07:15:30+00:00,2026-09-09T13:00:30+05:45,2026-09-09,13:00:30,1788938130,2,7,13,nepse_official,OPEN,2026-09-09,UHEWA,Upper Hewakhola Hydropower Company Limited,580.0,615.0,580.0,,597.9,586.2,11.699999999999932,,7341.0,4352739.7,62.0,35.0,6.0344827586206895,1.9959058341862728,70205.47903225807,592.935526495028
2026-09-09T07:15:30+00:00,2026-09-09T13:00:30+05:45,2026-09-09,13:00:30,1788938130,2,7,13,nepse_official,OPEN,2026-09-09,ULBSL,Upakar Laghubitta Bittiya Sanstha Limited,2980.0,2980.0,2462.0,,2500.0,2840.0,-340.0,,701.0,1759568.0,23.0,518.0,17.38255033557047,-11.971830985915492,76502.95652173914,2510.0827389443652
2026-09-09T07:15:30+00:00,2026-09-09T13:00:30+05:45,2026-09-09,13:00:30,1788938130,2,7,13,nepse_official,OPEN,2026-09-09,ULHC,Upper Lohore Khola Hydropower Company Limited,267.8,299.0,267.8,,299.0,260.0,39.0,,18585.0,5530246.1,150.0,31.19999999999999,11.650485436893199,15.0,36868.30733333333,297.5650309389292
2026-09-09T07:15:30+00:00,2026-09-09T13:00:30+05:45,2026-09-09,13:00:30,1788938130,2,7,13,nepse_official,OPEN,2026-09-09,UMHL,United Modi Hydropower Ltd.,550.0,559.0,550.0,,552.0,553.9,-1.8999999999999773,,12898.0,7122404.8,19.0,9.0,1.6363636363636365,-0.3430222061743956,374863.4105263158,552.210017056908
2026-09-09T07:15:30+00:00,2026-09-09T13:00:30+05:45,2026-09-09,13:00:30,1788938130,2,7,13,nepse_official,OPEN,2026-09-09,UMRH,United IDI Mardi RB Hydropower Limited.,518.8,518.8,516.0,,516.0,519.7,-3.7000000000000455,,458.0,236590.0,8.0,2.7999999999999545,0.5397070161912018,-0.7119492014623908,29573.75,516.5720524017468
2026-09-09T07:15:30+00:00,2026-09-09T13:00:30+05:45,2026-09-09,13:00:30,1788938130,2,7,13,nepse_official,OPEN,2026-09-09,UNHPL,Union Hydropower Limited,355.0,359.0,352.5,,352.5,355.0,-2.5,,1962.0,693471.0,15.0,6.5,1.8309859154929577,-0.7042253521126761,46231.4,353.4510703363914
2026-09-09T07:15:30+00:00,2026-09-09T13:00:30+05:45,2026-09-09,13:00:30,1788938130,2,7,13,nepse_official,OPEN,2026-09-09,UNLB,Unique Nepal Laghubitta Bittiya Sanstha Limited,1222.0,1254.8,1222.0,,1254.8,1258.0,-3.2000000000000455,,70.0,86188.0,5.0,32.799999999999955,2.684124386252042,-0.254372019077905,17237.6,1231.2571428571428
2026-09-09T07:15:30+00:00,2026-09-09T13:00:30+05:45,2026-09-09,13:00:30,1788938130,2,7,13,nepse_official,OPEN,2026-09-09,UPCL,UNIVERSAL POWER COMPANY LTD,340.0,365.0,340.0,,340.0,345.0,-5.0,,12660.0,4375897.9,45.0,25.0,7.352941176470589,-1.4492753623188406,97242.17555555556,345.64754344391787
2026-09-09T07:15:30+00:00,2026-09-09T13:00:30+05:45,2026-09-09,13:00:30,1788938130,2,7,13,nepse_official,OPEN,2026-09-09,UPPER,Upper Tamakoshi Hydropower Ltd,190.1,190.1,182.1,,183.2,183.0,0.19999999999998863,,25154.0,4633768.8,150.0,8.0,4.208311415044713,0.10928961748633259,30891.791999999998,184.21598155362963
2026-09-09T07:15:30+00:00,2026-09-09T13:00:30+05:45,2026-09-09,13:00:30,1788938130,2,7,13,nepse_official,OPEN,2026-09-09,USHEC,Upper Solu Hydro Electric Company Limited,490.0,500.0,490.0,,493.0,499.0,-6.0,,1010.0,498460.0,17.0,10.0,2.0408163265306123,-1.2024048096192386,29321.176470588234,493.5247524752475
2026-09-09T07:15:30+00:00,2026-09-09T13:00:30+05:45,2026-09-09,13:00:30,1788938130,2,7,13,nepse_official,OPEN,2026-09-09,USHL,Upper Syange Hydropower Limited,501.8,513.9,501.8,,508.0,501.0,7.0,,562.0,286062.0,16.0,12.099999999999966,2.411319250697482,1.3972055888223553,17878.875,509.0071174377224
2026-09-09T07:15:30+00:00,2026-09-09T13:00:30+05:45,2026-09-09,13:00:30,1788938130,2,7,13,nepse_official,OPEN,2026-09-09,USLB,Unnati Sahakarya Laghubitta Bittiya Sanstha Limited,1000.0,1019.0,990.0,,990.0,1020.0,-30.0,,230.0,229020.0,7.0,29.0,2.9000000000000004,-2.941176470588235,32717.14285714286,995.7391304347826
2026-09-09T07:15:30+00:00,2026-09-09T13:00:30+05:45,2026-09-09,13:00:30,1788938130,2,7,13,nepse_official,OPEN,2026-09-09,VLBS,Vijaya laghubitta Bittiya Sanstha Ltd.,610.4,614.0,610.0,,610.1,620.0,-9.899999999999977,,410.0,250562.0,23.0,4.0,0.6553079947575361,-1.5967741935483832,10894.0,611.1268292682927
2026-09-09T07:15:30+00:00,2026-09-09T13:00:30+05:45,2026-09-09,13:00:30,1788938130,2,7,13,nepse_official,OPEN,2026-09-09,VLUCL,Vision Lumbini Urja Company Limited ,381.0,391.0,370.3,,377.0,381.0,-4.0,,1399.0,523964.0,22.0,20.69999999999999,5.43307086614173,-1.0498687664041995,23816.545454545456,374.52751965689777
2026-09-09T07:15:30+00:00,2026-09-09T13:00:30+05:45,2026-09-09,13:00:30,1788938130,2,7,13,nepse_official,OPEN,2026-09-09,YMHL,Yambaling Hydropower Limited,557.0,566.5,551.0,,561.2,560.0,1.2000000000000455,,5867.0,3294630.2,233.0,15.5,2.7827648114901256,0.2142857142857224,14140.043776824035,561.5527867734788
