scraped_at_utc,scraped_at_npt,npt_date,npt_time,scraped_epoch,weekday,hour_utc,hour_npt,price_source,is_market_open,business_date,symbol,security_name,open_price,high_price,low_price,close_price,last_traded_price,previous_closing_price,point_change,percentage_change,total_traded_quantity,total_traded_value,total_trades,intraday_range,intraday_range_pct_of_open,return_from_prev_close_pct,turnover_per_trade,vwap_proxy
2026-09-24T05:15:29+00:00,2026-09-24T11:00:29+05:45,2026-09-24,11:00:29,1790226929,3,5,11,nepse_official,OPEN,2026-09-24,AKJCL,Ankhu Khola Jalvidhyut Company Ltd,354.0,354.0,354.0,,354.0,358.0,-4.0,,10.0,3540.0,1.0,0.0,0.0,-1.1173184357541899,3540.0,354.0
2026-09-24T05:15:29+00:00,2026-09-24T11:00:29+05:45,2026-09-24,11:00:29,1790226929,3,5,11,nepse_official,OPEN,2026-09-24,AKPL,Arun Kabeli Power Ltd.,251.0,251.0,251.0,,251.0,251.6,-0.5999999999999943,,25.0,6275.0,2.0,0.0,0.0,-0.23847376788553032,3137.5,251.0
2026-09-24T05:15:29+00:00,2026-09-24T11:00:29+05:45,2026-09-24,11:00:29,1790226929,3,5,11,nepse_official,OPEN,2026-09-24,ALBSL,Asha Laghubitta Bittiya Sanstha Ltd,1165.3,1165.3,1165.3,,1165.3,1194.0,-28.700000000000045,,20.0,23306.0,2.0,0.0,0.0,-2.403685092127307,11653.0,1165.3
2026-09-24T05:15:29+00:00,2026-09-24T11:00:29+05:45,2026-09-24,11:00:29,1790226929,3,5,11,nepse_official,OPEN,2026-09-24,BANDIPUR,Bandipur Cablecar and Tourism Limited,608.0,608.0,608.0,,608.0,639.0,-31.0,,30.0,18240.0,3.0,0.0,0.0,-4.851330203442879,6080.0,608.0
2026-09-24T05:15:29+00:00,2026-09-24T11:00:29+05:45,2026-09-24,11:00:29,1790226929,3,5,11,nepse_official,OPEN,2026-09-24,BARUN,Barun Hydropower Co. Ltd.,316.0,316.0,316.0,,316.0,329.0,-13.0,,10.0,3160.0,1.0,0.0,0.0,-3.951367781155015,3160.0,316.0
2026-09-24T05:15:29+00:00,2026-09-24T11:00:29+05:45,2026-09-24,11:00:29,1790226929,3,5,11,nepse_official,OPEN,2026-09-24,BFC,Best Finance Company Ltd.,445.0,445.0,445.0,,445.0,444.0,1.0,,20.0,8900.0,2.0,0.0,0.0,0.22522522522522523,4450.0,445.0
2026-09-24T05:15:29+00:00,2026-09-24T11:00:29+05:45,2026-09-24,11:00:29,1790226929,3,5,11,nepse_official,OPEN,2026-09-24,BHCL,Bikash Hydropower Company Limited,559.0,559.0,559.0,,559.0,559.0,0.0,,21.0,11739.0,2.0,0.0,0.0,0.0,5869.5,559.0
2026-09-24T05:15:29+00:00,2026-09-24T11:00:29+05:45,2026-09-24,11:00:29,1790226929,3,5,11,nepse_official,OPEN,2026-09-24,BHDC,Bindhyabasini Hydropower Development Company Limited,409.5,409.5,409.5,,409.5,431.0,-21.5,,10.0,4095.0,1.0,0.0,0.0,-4.988399071925754,4095.0,409.5
2026-09-24T05:15:29+00:00,2026-09-24T11:00:29+05:45,2026-09-24,11:00:29,1790226929,3,5,11,nepse_official,OPEN,2026-09-24,BJHL,Bhujung Hydropower Limited,602.4,602.4,602.4,,602.4,634.1,-31.700000000000045,,10.0,6024.0,1.0,0.0,0.0,-4.999211480838992,6024.0,602.4
2026-09-24T05:15:29+00:00,2026-09-24T11:00:29+05:45,2026-09-24,11:00:29,1790226929,3,5,11,nepse_official,OPEN,2026-09-24,BUNGAL,Bungal Hydro Limited,536.5,536.5,536.5,,536.5,511.0,25.5,,10.0,5365.0,1.0,0.0,0.0,4.990215264187866,5365.0,536.5
2026-09-24T05:15:29+00:00,2026-09-24T11:00:29+05:45,2026-09-24,11:00:29,1790226929,3,5,11,nepse_official,OPEN,2026-09-24,CHCL,Chilime Hydropower Company Limited,336.8,336.8,336.8,,336.8,354.5,-17.69999999999999,,30.0,10104.0,3.0,0.0,0.0,-4.992947813822282,3368.0,336.8
2026-09-24T05:15:29+00:00,2026-09-24T11:00:29+05:45,2026-09-24,11:00:29,1790226929,3,5,11,nepse_official,OPEN,2026-09-24,CREST,Crest Micro Life Insurance Limited,1085.0,1085.0,1085.0,,1085.0,1094.9,-9.900000000000091,,10.0,10850.0,1.0,0.0,0.0,-0.9041921636679231,10850.0,1085.0
2026-09-24T05:15:29+00:00,2026-09-24T11:00:29+05:45,2026-09-24,11:00:29,1790226929,3,5,11,nepse_official,OPEN,2026-09-24,CYCL,CYC Nepal Laghubitta Bittiya Sanstha Limited,1494.6,1494.6,1494.6,,1494.6,1531.0,-36.40000000000009,,10.0,14946.0,1.0,0.0,0.0,-2.3775310254735524,14946.0,1494.6
2026-09-24T05:15:29+00:00,2026-09-24T11:00:29+05:45,2026-09-24,11:00:29,1790226929,3,5,11,nepse_official,OPEN,2026-09-24,DDBL,Deprosc Laghubitta Bittiya Sanstha Limited,813.2,813.2,813.2,,813.2,856.0,-42.799999999999955,,10.0,8132.0,1.0,0.0,0.0,-4.999999999999995,8132.0,813.2
2026-09-24T05:15:29+00:00,2026-09-24T11:00:29+05:45,2026-09-24,11:00:29,1790226929,3,5,11,nepse_official,OPEN,2026-09-24,DHEL,Daramkhola Hydro Energy Limited,570.0,570.0,570.0,,570.0,555.0,15.0,,10.0,5700.0,1.0,0.0,0.0,2.7027027027027026,5700.0,570.0
2026-09-24T05:15:29+00:00,2026-09-24T11:00:29+05:45,2026-09-24,11:00:29,1790226929,3,5,11,nepse_official,OPEN,2026-09-24,DLBS,Dhaulagiri Laghubitta Bittiya Sanstha Limited,1408.0,1408.0,1408.0,,1408.0,1341.9,66.09999999999991,,10.0,14080.0,1.0,0.0,0.0,4.925851404724637,14080.0,1408.0
2026-09-24T05:15:29+00:00,2026-09-24T11:00:29+05:45,2026-09-24,11:00:29,1790226929,3,5,11,nepse_official,OPEN,2026-09-24,DORDI,Dordi Khola Jal Bidyut Company Limited,248.9,248.9,248.9,,248.9,262.0,-13.099999999999994,,20.0,4978.0,2.0,0.0,0.0,-4.999999999999997,2489.0,248.9
2026-09-24T05:15:29+00:00,2026-09-24T11:00:29+05:45,2026-09-24,11:00:29,1790226929,3,5,11,nepse_official,OPEN,2026-09-24,EHPL,Eastern Hydropower Limited,342.3,342.3,342.3,,342.3,326.0,16.30000000000001,,10.0,3423.0,1.0,0.0,0.0,5.0000000000000036,3423.0,342.3
2026-09-24T05:15:29+00:00,2026-09-24T11:00:29+05:45,2026-09-24,11:00:29,1790226929,3,5,11,nepse_official,OPEN,2026-09-24,FMDBL,First Micro Finance Laghubitta Bittiya Sanstha Limited,712.5,712.5,712.5,,712.5,750.0,-37.5,,10.0,7125.0,1.0,0.0,0.0,-5.0,7125.0,712.5
2026-09-24T05:15:29+00:00,2026-09-24T11:00:29+05:45,2026-09-24,11:00:29,1790226929,3,5,11,nepse_official,OPEN,2026-09-24,GBIME,Global IME Bank Limited,247.5,247.5,247.5,,247.5,243.0,4.5,,30.0,7425.0,1.0,0.0,0.0,1.8518518518518516,7425.0,247.5
2026-09-24T05:15:29+00:00,2026-09-24T11:00:29+05:45,2026-09-24,11:00:29,1790226929,3,5,11,nepse_official,OPEN,2026-09-24,GHL,Ghalemdi Hydro Limited,269.8,269.8,269.8,,269.8,257.0,12.800000000000011,,10.0,2698.0,1.0,0.0,0.0,4.980544747081717,2698.0,269.8
2026-09-24T05:15:29+00:00,2026-09-24T11:00:29+05:45,2026-09-24,11:00:29,1790226929,3,5,11,nepse_official,OPEN,2026-09-24,HDL,Himalayan Distillery Limited,1280.0,1280.0,1280.0,,1280.0,1278.3,1.7000000000000455,,140.0,179200.0,2.0,0.0,0.0,0.13298912618321562,89600.0,1280.0
2026-09-24T05:15:29+00:00,2026-09-24T11:00:29+05:45,2026-09-24,11:00:29,1790226929,3,5,11,nepse_official,OPEN,2026-09-24,HFIN,Hotel Forest Inn Limited,613.0,613.0,613.0,,613.0,613.0,0.0,,30.0,18390.0,3.0,0.0,0.0,0.0,6130.0,613.0
2026-09-24T05:15:29+00:00,2026-09-24T11:00:29+05:45,2026-09-24,11:00:29,1790226929,3,5,11,nepse_official,OPEN,2026-09-24,HIDCL,Hydorelectricity Investment and Development Company Ltd,269.0,269.0,269.0,,269.0,256.3,12.699999999999989,,300.0,80700.0,2.0,0.0,0.0,4.955130706203663,40350.0,269.0
2026-09-24T05:15:29+00:00,2026-09-24T11:00:29+05:45,2026-09-24,11:00:29,1790226929,3,5,11,nepse_official,OPEN,2026-09-24,HIDCLP,Hydorelectricity Investment and Development Company Limited Promoter,193.5,193.5,193.5,,193.5,191.9,1.5999999999999943,,500.0,96750.0,1.0,0.0,0.0,0.8337675872850413,96750.0,193.5
2026-09-24T05:15:29+00:00,2026-09-24T11:00:29+05:45,2026-09-24,11:00:29,1790226929,3,5,11,nepse_official,OPEN,2026-09-24,HRL,Himalayan Reinsurance Limited,490.9,490.9,490.9,,490.9,506.0,-15.100000000000023,,20.0,9818.0,2.0,0.0,0.0,-2.9841897233201626,4909.0,490.9
2026-09-24T05:15:29+00:00,2026-09-24T11:00:29+05:45,2026-09-24,11:00:29,1790226929,3,5,11,nepse_official,OPEN,2026-09-24,ICFCD83,12% ICFC Finance Limited Debenture 2083,921.2,921.2,921.2,,921.2,921.2,0.0,,1.0,967.2,1.0,0.0,0.0,0.0,967.2,967.2
2026-09-24T05:15:29+00:00,2026-09-24T11:00:29+05:45,2026-09-24,11:00:29,1790226929,3,5,11,nepse_official,OPEN,2026-09-24,IHL,Ingwa Hydropower Limited,341.0,341.0,341.0,,341.0,325.1,15.899999999999977,,20.0,6820.0,1.0,0.0,0.0,4.890802829898486,6820.0,341.0
2026-09-24T05:15:29+00:00,2026-09-24T11:00:29+05:45,2026-09-24,11:00:29,1790226929,3,5,11,nepse_official,OPEN,2026-09-24,ILBS,Infinity Laghubitta Bittiya Sanstha Limited,940.0,940.0,940.0,,940.0,968.0,-28.0,,21.0,19740.0,3.0,0.0,0.0,-2.8925619834710745,6580.0,940.0
2026-09-24T05:15:29+00:00,2026-09-24T11:00:29+05:45,2026-09-24,11:00:29,1790226929,3,5,11,nepse_official,OPEN,2026-09-24,JBBL,Jyoti Bikas Bank Limited,347.5,347.5,347.5,,347.5,348.3,-0.8000000000000114,,200.0,69500.0,1.0,0.0,0.0,-0.22968705139248102,69500.0,347.5
2026-09-24T05:15:29+00:00,2026-09-24T11:00:29+05:45,2026-09-24,11:00:29,1790226929,3,5,11,nepse_official,OPEN,2026-09-24,JFL,Janaki Finance Company Limited,270.0,270.0,270.0,,270.0,279.1,-9.100000000000023,,10.0,2700.0,1.0,0.0,0.0,-3.260480114654254,2700.0,270.0
2026-09-24T05:15:29+00:00,2026-09-24T11:00:29+05:45,2026-09-24,11:00:29,1790226929,3,5,11,nepse_official,OPEN,2026-09-24,KAHL,Kalanga Hydro Limited,485.0,485.0,485.0,,485.0,490.0,-5.0,,10.0,4850.0,1.0,0.0,0.0,-1.0204081632653061,4850.0,485.0
2026-09-24T05:15:29+00:00,2026-09-24T11:00:29+05:45,2026-09-24,11:00:29,1790226929,3,5,11,nepse_official,OPEN,2026-09-24,KMCDB,Kalika Laghubitta Bittiya Sanstha Ltd,769.5,769.5,769.5,,769.5,810.0,-40.5,,10.0,7695.0,1.0,0.0,0.0,-5.0,7695.0,769.5
2026-09-24T05:15:29+00:00,2026-09-24T11:00:29+05:45,2026-09-24,11:00:29,1790226929,3,5,11,nepse_official,OPEN,2026-09-24,LEC,Liberty Energy Company Limited,266.7,266.7,266.7,,266.7,254.0,12.699999999999989,,600.0,160020.0,3.0,0.0,0.0,4.999999999999996,53340.0,266.7
2026-09-24T05:15:29+00:00,2026-09-24T11:00:29+05:45,2026-09-24,11:00:29,1790226929,3,5,11,nepse_official,OPEN,2026-09-24,LSL,Laxmi Sunrise Bank Limited,250.0,250.0,250.0,,250.0,245.9,4.099999999999994,,10.0,2500.0,1.0,0.0,0.0,1.667344448962991,2500.0,250.0
2026-09-24T05:15:29+00:00,2026-09-24T11:00:29+05:45,2026-09-24,11:00:29,1790226929,3,5,11,nepse_official,OPEN,2026-09-24,MAKAR,Makar Jitumaya Suri Hydropower Limited,404.5,404.5,404.5,,404.5,410.8,-6.300000000000011,,20.0,8090.0,2.0,0.0,0.0,-1.5335929892891946,4045.0,404.5
2026-09-24T05:15:29+00:00,2026-09-24T11:00:29+05:45,2026-09-24,11:00:29,1790226929,3,5,11,nepse_official,OPEN,2026-09-24,MBJC,Madhya Bhotekoshi Jalavidyut Company Limited,295.0,295.0,295.0,,295.0,295.0,0.0,,10.0,2950.0,1.0,0.0,0.0,0.0,2950.0,295.0
2026-09-24T05:15:29+00:00,2026-09-24T11:00:29+05:45,2026-09-24,11:00:29,1790226929,3,5,11,nepse_official,OPEN,2026-09-24,MEHL,Manakamana Engineering Hydropower Limited,247.0,247.0,247.0,,247.0,250.0,-3.0,,10.0,2470.0,1.0,0.0,0.0,-1.2,2470.0,247.0
2026-09-24T05:15:29+00:00,2026-09-24T11:00:29+05:45,2026-09-24,11:00:29,1790226929,3,5,11,nepse_official,OPEN,2026-09-24,MEPDL,Mount Everest Power Development Limited,620.1,620.1,620.1,,620.1,646.2,-26.100000000000023,,20.0,12402.0,2.0,0.0,0.0,-4.0389972144846835,6201.0,620.1
2026-09-24T05:15:29+00:00,2026-09-24T11:00:29+05:45,2026-09-24,11:00:29,1790226929,3,5,11,nepse_official,OPEN,2026-09-24,MFIL,Manjushree Finance Ltd.,745.0,745.0,745.0,,745.0,769.0,-24.0,,20.0,14900.0,1.0,0.0,0.0,-3.1209362808842656,14900.0,745.0
2026-09-24T05:15:29+00:00,2026-09-24T11:00:29+05:45,2026-09-24,11:00:29,1790226929,3,5,11,nepse_official,OPEN,2026-09-24,MKJC,Mailung Khola Jal Vidhyut Company Limited,322.1,322.1,322.1,,322.1,339.0,-16.899999999999977,,20.0,6442.0,2.0,0.0,0.0,-4.98525073746312,3221.0,322.1
2026-09-24T05:15:29+00:00,2026-09-24T11:00:29+05:45,2026-09-24,11:00:29,1790226929,3,5,11,nepse_official,OPEN,2026-09-24,MLBBL,Mithila LaghuBitta Bittiya Sanstha Limited,920.6,920.6,920.6,,920.6,969.0,-48.39999999999998,,10.0,9206.0,1.0,0.0,0.0,-4.994840041279668,9206.0,920.6
2026-09-24T05:15:29+00:00,2026-09-24T11:00:29+05:45,2026-09-24,11:00:29,1790226929,3,5,11,nepse_official,OPEN,2026-09-24,NABBC,Narayani Development Bank Limited,707.8,707.8,707.8,,707.8,745.0,-37.200000000000045,,10.0,7078.0,1.0,0.0,0.0,-4.993288590604033,7078.0,707.8
2026-09-24T05:15:29+00:00,2026-09-24T11:00:29+05:45,2026-09-24,11:00:29,1790226929,3,5,11,nepse_official,OPEN,2026-09-24,NGPL,Ngadi Group Power Ltd.,384.8,384.8,384.8,,384.8,405.0,-20.19999999999999,,10.0,3848.0,1.0,0.0,0.0,-4.987654320987652,3848.0,384.8
2026-09-24T05:15:29+00:00,2026-09-24T11:00:29+05:45,2026-09-24,11:00:29,1790226929,3,5,11,nepse_official,OPEN,2026-09-24,NIMBPO,Nepal Investment Mega Bank Ltd. Promoter Share,134.1,134.1,134.1,,134.1,141.1,-7.0,,10.0,1341.0,1.0,0.0,0.0,-4.961020552799433,1341.0,134.1
2026-09-24T05:15:29+00:00,2026-09-24T11:00:29+05:45,2026-09-24,11:00:29,1790226929,3,5,11,nepse_official,OPEN,2026-09-24,NLG,NLG Insurance Company Ltd.,492.1,492.1,492.1,,492.1,518.0,-25.899999999999977,,10.0,4921.0,1.0,0.0,0.0,-4.999999999999996,4921.0,492.1
2026-09-24T05:15:29+00:00,2026-09-24T11:00:29+05:45,2026-09-24,11:00:29,1790226929,3,5,11,nepse_official,OPEN,2026-09-24,NLIC,Nepal Life Insurance Co. Ltd.,706.3,706.3,706.3,,706.3,743.4,-37.10000000000002,,10.0,7063.0,1.0,0.0,0.0,-4.99058380414313,7063.0,706.3
2026-09-24T05:15:29+00:00,2026-09-24T11:00:29+05:45,2026-09-24,11:00:29,1790226929,3,5,11,nepse_official,OPEN,2026-09-24,NMB,NMB Bank Limited,266.3,266.3,266.3,,266.3,253.7,12.600000000000023,,30.0,7989.0,1.0,0.0,0.0,4.966495861253458,7989.0,266.3
2026-09-24T05:15:29+00:00,2026-09-24T11:00:29+05:45,2026-09-24,11:00:29,1790226929,3,5,11,nepse_official,OPEN,2026-09-24,NMLBBL,Nerude Mirmire Laghubitta Bittiya Sanstha Limited,477.9,477.9,477.9,,477.9,503.0,-25.100000000000023,,10.0,4779.0,1.0,0.0,0.0,-4.990059642147122,4779.0,477.9
2026-09-24T05:15:29+00:00,2026-09-24T11:00:29+05:45,2026-09-24,11:00:29,1790226929,3,5,11,nepse_official,OPEN,2026-09-24,NRIC,Nepal Reinsurance Company Limited,800.0,800.0,800.0,,800.0,820.0,-20.0,,10.0,8000.0,1.0,0.0,0.0,-2.4390243902439024,8000.0,800.0
2026-09-24T05:15:29+00:00,2026-09-24T11:00:29+05:45,2026-09-24,11:00:29,1790226929,3,5,11,nepse_official,OPEN,2026-09-24,NRN,NRN Infrastructure and Development Limited,1345.4,1345.4,1345.4,,1345.4,1416.2,-70.79999999999995,,10.0,13454.0,1.0,0.0,0.0,-4.999293885044482,13454.0,1345.4
2026-09-24T05:15:29+00:00,2026-09-24T11:00:29+05:45,2026-09-24,11:00:29,1790226929,3,5,11,nepse_official,OPEN,2026-09-24,PHCL,Peoples Hydropower Company Limited,312.0,312.0,312.0,,312.0,312.0,0.0,,85.0,26520.0,1.0,0.0,0.0,0.0,26520.0,312.0
2026-09-24T05:15:29+00:00,2026-09-24T11:00:29+05:45,2026-09-24,11:00:29,1790226929,3,5,11,nepse_official,OPEN,2026-09-24,PPL,People's Power Limited,321.0,321.0,321.0,,321.0,325.0,-4.0,,10.0,3210.0,1.0,0.0,0.0,-1.2307692307692308,3210.0,321.0
2026-09-24T05:15:29+00:00,2026-09-24T11:00:29+05:45,2026-09-24,11:00:29,1790226929,3,5,11,nepse_official,OPEN,2026-09-24,RAWA,Rawa Energy Development Limited,407.0,407.0,407.0,,407.0,414.0,-7.0,,10.0,4070.0,1.0,0.0,0.0,-1.6908212560386473,4070.0,407.0
2026-09-24T05:15:29+00:00,2026-09-24T11:00:29+05:45,2026-09-24,11:00:29,1790226929,3,5,11,nepse_official,OPEN,2026-09-24,RHGCL,Rapti Hydro And General Construction Limited,268.0,268.0,268.0,,268.0,267.9,0.10000000000002274,,10.0,2680.0,1.0,0.0,0.0,0.03732736095558893,2680.0,268.0
2026-09-24T05:15:29+00:00,2026-09-24T11:00:29+05:45,2026-09-24,11:00:29,1790226929,3,5,11,nepse_official,OPEN,2026-09-24,RHPL,RASUWAGADHI HYDROPOWER COMPANY LIMITED,170.0,170.0,170.0,,170.0,170.0,0.0,,10.0,1700.0,1.0,0.0,0.0,0.0,1700.0,170.0
2026-09-24T05:15:29+00:00,2026-09-24T11:00:29+05:45,2026-09-24,11:00:29,1790226929,3,5,11,nepse_official,OPEN,2026-09-24,RLFL,Reliance Finance Ltd.,401.8,401.8,401.8,,401.8,422.9,-21.099999999999966,,10.0,4018.0,1.0,0.0,0.0,-4.989359186568921,4018.0,401.8
2026-09-24T05:15:29+00:00,2026-09-24T11:00:29+05:45,2026-09-24,11:00:29,1790226929,3,5,11,nepse_official,OPEN,2026-09-24,SAHAS,Sahas Urja Limited,662.1,662.1,662.1,,662.1,696.9,-34.799999999999955,,10.0,6621.0,1.0,0.0,0.0,-4.993542832544118,6621.0,662.1
2026-09-24T05:15:29+00:00,2026-09-24T11:00:29+05:45,2026-09-24,11:00:29,1790226929,3,5,11,nepse_official,OPEN,2026-09-24,SAIL,Shreenagar Agritech Industries Limited,925.0,925.0,925.0,,925.0,973.0,-48.0,,20.0,18500.0,2.0,0.0,0.0,-4.933196300102774,9250.0,925.0
2026-09-24T05:15:29+00:00,2026-09-24T11:00:29+05:45,2026-09-24,11:00:29,1790226929,3,5,11,nepse_official,OPEN,2026-09-24,SAPIL,Sarvottam Paints Industries Limited,1333.0,1333.0,1333.0,,1333.0,1333.0,0.0,,10.0,13330.0,1.0,0.0,0.0,0.0,13330.0,1333.0
2026-09-24T05:15:29+00:00,2026-09-24T11:00:29+05:45,2026-09-24,11:00:29,1790226929,3,5,11,nepse_official,OPEN,2026-09-24,SGHL,Sanigad Hydro Limited,460.9,460.9,460.9,,460.9,485.1,-24.200000000000045,,20.0,9218.0,2.0,0.0,0.0,-4.988662131519284,4609.0,460.9
2026-09-24T05:15:29+00:00,2026-09-24T11:00:29+05:45,2026-09-24,11:00:29,1790226929,3,5,11,nepse_official,OPEN,2026-09-24,SHEL,Singati Hydro Energy Limited,288.0,288.0,288.0,,288.0,302.0,-14.0,,31.0,8928.0,2.0,0.0,0.0,-4.635761589403973,4464.0,288.0
2026-09-24T05:15:29+00:00,2026-09-24T11:00:29+05:45,2026-09-24,11:00:29,1790226929,3,5,11,nepse_official,OPEN,2026-09-24,SHINE,Shine Resunga Development Bank Ltd.,428.1,428.1,428.1,,428.1,429.1,-1.0,,300.0,128430.0,2.0,0.0,0.0,-0.2330459100442787,64215.0,428.1
2026-09-24T05:15:29+00:00,2026-09-24T11:00:29+05:45,2026-09-24,11:00:29,1790226929,3,5,11,nepse_official,OPEN,2026-09-24,SIKLES,Sikles Hydropower Limited,570.0,570.0,570.0,,570.0,571.0,-1.0,,10.0,5700.0,1.0,0.0,0.0,-0.17513134851138354,5700.0,570.0
2026-09-24T05:15:29+00:00,2026-09-24T11:00:29+05:45,2026-09-24,11:00:29,1790226929,3,5,11,nepse_official,OPEN,2026-09-24,SMFBS,Swabhimaan Laghubitta Bittiya Sanstha Limited,1480.0,1480.0,1480.0,,1480.0,1417.0,63.0,,10.0,14800.0,1.0,0.0,0.0,4.446012702893437,14800.0,1480.0
2026-09-24T05:15:29+00:00,2026-09-24T11:00:29+05:45,2026-09-24,11:00:29,1790226929,3,5,11,nepse_official,OPEN,2026-09-24,SNLI,Sun Nepal Life Insurance Company Limited,420.0,420.0,420.0,,420.0,417.0,3.0,,12.0,5040.0,1.0,0.0,0.0,0.7194244604316548,5040.0,420.0
2026-09-24T05:15:29+00:00,2026-09-24T11:00:29+05:45,2026-09-24,11:00:29,1790226929,3,5,11,nepse_official,OPEN,2026-09-24,SNORL,Snow Rivers Limited,888.0,888.0,888.0,,888.0,859.09,28.909999999999968,,150.0,133200.0,2.0,0.0,0.0,3.3651887462314733,66600.0,888.0
2026-09-24T05:15:29+00:00,2026-09-24T11:00:29+05:45,2026-09-24,11:00:29,1790226929,3,5,11,nepse_official,OPEN,2026-09-24,SOHL,Solu Hydropower Limited,645.0,645.0,645.0,,645.0,643.1,1.8999999999999773,,20.0,12900.0,2.0,0.0,0.0,0.29544394339915675,6450.0,645.0
2026-09-24T05:15:29+00:00,2026-09-24T11:00:29+05:45,2026-09-24,11:00:29,1790226929,3,5,11,nepse_official,OPEN,2026-09-24,SONA,Sonapur Minerals And Oil Limited,383.8,383.8,383.8,,383.8,404.0,-20.19999999999999,,10.0,3838.0,1.0,0.0,0.0,-4.999999999999997,3838.0,383.8
2026-09-24T05:15:29+00:00,2026-09-24T11:00:29+05:45,2026-09-24,11:00:29,1790226929,3,5,11,nepse_official,OPEN,2026-09-24,TAMOR,Sanima Middle Tamor Hydropower Limited,530.0,530.0,527.0,,527.0,534.0,-7.0,,189.0,99960.0,7.0,3.0,0.5660377358490566,-1.3108614232209739,14280.0,528.8888888888889
2026-09-24T05:15:29+00:00,2026-09-24T11:00:29+05:45,2026-09-24,11:00:29,1790226929,3,5,11,nepse_official,OPEN,2026-09-24,TPKHL,Taksar Pikhuwa Khola Hydropower Limited,481.7,481.7,481.7,,481.7,507.0,-25.30000000000001,,20.0,9634.0,2.0,0.0,0.0,-4.990138067061147,4817.0,481.7
2026-09-24T05:15:29+00:00,2026-09-24T11:00:29+05:45,2026-09-24,11:00:29,1790226929,3,5,11,nepse_official,OPEN,2026-09-24,TTL,Trade Tower Limited,688.0,688.0,688.0,,688.0,688.4,-0.39999999999997726,,10.0,6880.0,1.0,0.0,0.0,-0.05810575246949118,6880.0,688.0
2026-09-24T05:15:29+00:00,2026-09-24T11:00:29+05:45,2026-09-24,11:00:29,1790226929,3,5,11,nepse_official,OPEN,2026-09-24,UPPER,Upper Tamakoshi Hydropower Ltd,192.0,192.0,192.0,,192.0,193.5,-1.5,,10.0,1920.0,1.0,0.0,0.0,-0.7751937984496124,1920.0,192.0
2026-09-24T05:15:29+00:00,2026-09-24T11:00:29+05:45,2026-09-24,11:00:29,1790226929,3,5,11,nepse_official,OPEN,2026-09-24,USLB,Unnati Sahakarya Laghubitta Bittiya Sanstha Limited,1038.4,1038.4,1038.4,,1038.4,1093.0,-54.59999999999991,,10.0,10384.0,1.0,0.0,0.0,-4.995425434583707,10384.0,1038.4
2026-09-24T05:15:29+00:00,2026-09-24T11:00:29+05:45,2026-09-24,11:00:29,1790226929,3,5,11,nepse_official,OPEN,2026-09-24,YMHL,Yambaling Hydropower Limited,550.0,550.0,550.0,,550.0,562.0,-12.0,,30.0,16500.0,3.0,0.0,0.0,-2.135231316725979,5500.0,550.0
2026-09-24T05:45:27+00:00,2026-09-24T11:30:27+05:45,2026-09-24,11:30:27,1790228727,3,5,11,nepse_official,OPEN,2026-09-24,ADBL,Agricultural Development Bank Limited,312.0,312.0,311.0,,311.0,311.0,0.0,,2810.0,874305.0,19.0,1.0,0.3205128205128205,0.0,46016.05263157895,311.1405693950178
2026-09-24T05:45:27+00:00,2026-09-24T11:30:27+05:45,2026-09-24,11:30:27,1790228727,3,5,11,nepse_official,OPEN,2026-09-24,AHL,Asian Hydropower Limited,380.3,403.0,359.0,,391.4,392.0,-0.6000000000000227,,393.0,148599.0,15.0,44.0,11.569813305285301,-0.15306122448980172,9906.6,378.1145038167939
2026-09-24T05:45:27+00:00,2026-09-24T11:30:27+05:45,2026-09-24,11:30:27,1790228727,3,5,11,nepse_official,OPEN,2026-09-24,AHPC,Arun Valley Hydropower Development Co. Ltd.,267.0,267.0,265.3,,265.4,266.2,-0.8000000000000114,,12756.0,3393660.7,18.0,1.6999999999999886,0.636704119850183,-0.30052592036063536,188536.70555555556,266.04426936343685
2026-09-24T05:45:27+00:00,2026-09-24T11:30:27+05:45,2026-09-24,11:30:27,1790228727,3,5,11,nepse_official,OPEN,2026-09-24,AKJCL,Ankhu Khola Jalvidhyut Company Ltd,354.0,358.0,352.2,,353.0,358.0,-5.0,,12084.0,4281041.8,43.0,5.800000000000011,1.6384180790960483,-1.3966480446927374,99559.11162790697,354.2735683548494
2026-09-24T05:45:27+00:00,2026-09-24T11:30:27+05:45,2026-09-24,11:30:27,1790228727,3,5,11,nepse_official,OPEN,2026-09-24,AKPL,Arun Kabeli Power Ltd.,251.0,252.0,250.0,,251.0,251.6,-0.5999999999999943,,1770.0,443513.9,15.0,2.0,0.796812749003984,-0.23847376788553032,29567.593333333334,250.5728248587571
2026-09-24T05:45:27+00:00,2026-09-24T11:30:27+05:45,2026-09-24,11:30:27,1790228727,3,5,11,nepse_official,OPEN,2026-09-24,ALBSL,Asha Laghubitta Bittiya Sanstha Ltd,1165.3,1198.0,1161.0,,1161.0,1194.0,-33.0,,120.0,141896.0,7.0,37.0,3.1751480305500728,-2.763819095477387,20270.85714285714,1182.4666666666667
2026-09-24T05:45:27+00:00,2026-09-24T11:30:27+05:45,2026-09-24,11:30:27,1790228727,3,5,11,nepse_official,OPEN,2026-09-24,ALICL,Asian Life Insurance Co. Limited,425.0,425.0,425.0,,425.0,427.0,-2.0,,200.0,85000.0,1.0,0.0,0.0,-0.468384074941452,85000.0,425.0
2026-09-24T05:45:27+00:00,2026-09-24T11:30:27+05:45,2026-09-24,11:30:27,1790228727,3,5,11,nepse_official,OPEN,2026-09-24,ANLB,Aatmanirbhar Laghubitta Bittiya Sanstha Limited,4892.0,4892.0,4892.0,,4892.0,4937.9,-45.899999999999636,,10.0,48920.0,1.0,0.0,0.0,-0.929544948257349,48920.0,4892.0
2026-09-24T05:45:27+00:00,2026-09-24T11:30:27+05:45,2026-09-24,11:30:27,1790228727,3,5,11,nepse_official,OPEN,2026-09-24,APHL,Appolo Hydropower Limited,650.0,655.0,650.0,,653.4,661.3,-7.899999999999977,,587.0,383736.4,13.0,5.0,0.7692307692307693,-1.194616664146375,29518.184615384616,653.7247018739353
2026-09-24T05:45:27+00:00,2026-09-24T11:30:27+05:45,2026-09-24,11:30:27,1790228727,3,5,11,nepse_official,OPEN,2026-09-24,API,Api Power Company Ltd.,334.0,335.0,332.0,,333.5,334.0,-0.5,,23541.0,7835915.0,70.0,3.0,0.8982035928143712,-0.14970059880239522,111941.64285714286,332.8624527420246
2026-09-24T05:45:27+00:00,2026-09-24T11:30:27+05:45,2026-09-24,11:30:27,1790228727,3,5,11,nepse_official,OPEN,2026-09-24,AVYAN,Aviyan Laghubitta Bittiya Sanstha Limited,1067.8,1067.8,1067.8,,1067.8,1059.0,8.799999999999955,,10.0,10678.0,1.0,0.0,0.0,0.830972615675161,10678.0,1067.8
2026-09-24T05:45:27+00:00,2026-09-24T11:30:27+05:45,2026-09-24,11:30:27,1790228727,3,5,11,nepse_official,OPEN,2026-09-24,BANDIPUR,Bandipur Cablecar and Tourism Limited,608.0,643.0,608.0,,635.0,639.0,-4.0,,927.0,590801.2,22.0,35.0,5.756578947368421,-0.6259780907668232,26854.6,637.3259978425026
2026-09-24T05:45:27+00:00,2026-09-24T11:30:27+05:45,2026-09-24,11:30:27,1790228727,3,5,11,nepse_official,OPEN,2026-09-24,BARUN,Barun Hydropower Co. Ltd.,316.0,332.1,316.0,,323.8,329.0,-5.199999999999989,,2500.0,815010.5,14.0,16.100000000000023,5.094936708860766,-1.5805471124620027,58215.03571428572,326.0042
2026-09-24T05:45:27+00:00,2026-09-24T11:30:27+05:45,2026-09-24,11:30:27,1790228727,3,5,11,nepse_official,OPEN,2026-09-24,BEDC,Bhugol Energy Development Company Limited,309.8,309.8,304.0,,304.0,307.0,-3.0,,22.0,6757.6,2.0,5.800000000000011,1.8721755971594614,-0.9771986970684038,3378.8,307.1636363636364
2026-09-24T05:45:27+00:00,2026-09-24T11:30:27+05:45,2026-09-24,11:30:27,1790228727,3,5,11,nepse_official,OPEN,2026-09-24,BFC,Best Finance Company Ltd.,445.0,445.0,440.5,,440.5,444.0,-3.5,,120.0,52950.0,3.0,4.5,1.0112359550561798,-0.7882882882882882,17650.0,441.25
2026-09-24T05:45:27+00:00,2026-09-24T11:30:27+05:45,2026-09-24,11:30:27,1790228727,3,5,11,nepse_official,OPEN,2026-09-24,BGWT,Bhagawati Hydropower Development Company Limited,486.0,486.0,486.0,,486.0,487.1,-1.1000000000000227,,60.0,29160.0,2.0,0.0,0.0,-0.22582631903100445,14580.0,486.0
2026-09-24T05:45:27+00:00,2026-09-24T11:30:27+05:45,2026-09-24,11:30:27,1790228727,3,5,11,nepse_official,OPEN,2026-09-24,BHCL,Bikash Hydropower Company Limited,559.0,563.0,551.0,,561.0,559.0,2.0,,5470.0,3050756.3,63.0,12.0,2.146690518783542,0.35778175313059035,48424.70317460317,557.725100548446
2026-09-24T05:45:27+00:00,2026-09-24T11:30:27+05:45,2026-09-24,11:30:27,1790228727,3,5,11,nepse_official,OPEN,2026-09-24,BHDC,Bindhyabasini Hydropower Development Company Limited,409.5,426.0,409.5,,426.0,431.0,-5.0,,43.0,18110.0,3.0,16.5,4.029304029304029,-1.160092807424594,6036.666666666667,421.16279069767444
2026-09-24T05:45:27+00:00,2026-09-24T11:30:27+05:45,2026-09-24,11:30:27,1790228727,3,5,11,nepse_official,OPEN,2026-09-24,BHL,Balephi Hydropower Limited,212.0,213.9,210.1,,211.8,212.0,-0.19999999999998863,,6895.0,1458837.0,32.0,3.8000000000000114,1.7924528301886848,-0.09433962264150407,45588.65625,211.57897026831037
2026-09-24T05:45:27+00:00,2026-09-24T11:30:27+05:45,2026-09-24,11:30:27,1790228727,3,5,11,nepse_official,OPEN,2026-09-24,BHPL,Barahi Hydropower Public Limited,441.0,441.0,441.0,,441.0,448.0,-7.0,,10.0,4410.0,1.0,0.0,0.0,-1.5625,4410.0,441.0
2026-09-24T05:45:27+00:00,2026-09-24T11:30:27+05:45,2026-09-24,11:30:27,1790228727,3,5,11,nepse_official,OPEN,2026-09-24,BJHL,Bhujung Hydropower Limited,602.4,639.0,602.4,,631.3,634.1,-2.800000000000068,,240.0,150761.0,10.0,36.60000000000002,6.075697211155383,-0.4415707301687538,15076.1,628.1708333333333
2026-09-24T05:45:27+00:00,2026-09-24T11:30:27+05:45,2026-09-24,11:30:27,1790228727,3,5,11,nepse_official,OPEN,2026-09-24,BNHC,Buddha Bhumi Nepal Hydropower Company Limited,278.0,278.0,278.0,,278.0,276.6,1.3999999999999773,,200.0,55600.0,1.0,0.0,0.0,0.5061460592913872,55600.0,278.0
2026-09-24T05:45:27+00:00,2026-09-24T11:30:27+05:45,2026-09-24,11:30:27,1790228727,3,5,11,nepse_official,OPEN,2026-09-24,BPCL,Butwal Power Company Limited,672.0,672.0,668.1,,668.1,674.9,-6.7999999999999545,,1321.0,885630.1,4.0,3.8999999999999773,0.5803571428571395,-1.0075566750629656,221407.525,670.4239969719908
2026-09-24T05:45:27+00:00,2026-09-24T11:30:27+05:45,2026-09-24,11:30:27,1790228727,3,5,11,nepse_official,OPEN,2026-09-24,BUNGAL,Bungal Hydro Limited,536.5,536.5,510.0,,512.0,511.0,1.0,,750.0,384454.0,14.0,26.5,4.9394221808014915,0.19569471624266144,27461.0,512.6053333333333
2026-09-24T05:45:27+00:00,2026-09-24T11:30:27+05:45,2026-09-24,11:30:27,1790228727,3,5,11,nepse_official,OPEN,2026-09-24,C30MF,Citizens Super 30 Mutual Fund,9.8,9.8,9.6,,9.6,10.1,-0.5,,1401.0,13649.6,2.0,0.20000000000000107,2.040816326530623,-4.9504950495049505,6824.8,9.74275517487509
2026-09-24T05:45:27+00:00,2026-09-24T11:30:27+05:45,2026-09-24,11:30:27,1790228727,3,5,11,nepse_official,OPEN,2026-09-24,CBBL,Chhimek Laghubitta Bittiya Sanstha Limited,955.0,960.0,950.0,,950.0,949.0,1.0,,193.0,183855.0,7.0,10.0,1.0471204188481675,0.10537407797681769,26265.0,952.6165803108809
2026-09-24T05:45:27+00:00,2026-09-24T11:30:27+05:45,2026-09-24,11:30:27,1790228727,3,5,11,nepse_official,OPEN,2026-09-24,CFCL,Central Finance Co. Ltd.,565.0,567.9,558.0,,567.9,567.0,0.8999999999999773,,25535.0,14357851.0,13.0,9.899999999999977,1.752212389380527,0.15873015873015472,1104450.076923077,562.2812218523595
2026-09-24T05:45:27+00:00,2026-09-24T11:30:27+05:45,2026-09-24,11:30:27,1790228727,3,5,11,nepse_official,OPEN,2026-09-24,CGH,Chandragiri Hills Limited,799.8,799.8,780.0,,780.0,782.9,-2.8999999999999773,,123.0,96435.0,4.0,19.799999999999955,2.4756189047261756,-0.3704176778643476,24108.75,784.0243902439024
2026-09-24T05:45:27+00:00,2026-09-24T11:30:27+05:45,2026-09-24,11:30:27,1790228727,3,5,11,nepse_official,OPEN,2026-09-24,CHCL,Chilime Hydropower Company Limited,336.8,359.0,336.8,,354.0,354.5,-0.5,,5010.0,1769341.4,31.0,22.19999999999999,6.591448931116386,-0.14104372355430184,57075.52903225806,353.1619560878243
2026-09-24T05:45:27+00:00,2026-09-24T11:30:27+05:45,2026-09-24,11:30:27,1790228727,3,5,11,nepse_official,OPEN,2026-09-24,CHDC,CEDB Holdings Limited,2410.0,2410.0,2383.1,,2383.1,2388.0,-4.900000000000091,,629.0,1508558.0,9.0,26.90000000000009,1.1161825726141117,-0.2051926298157492,167617.55555555556,2398.343402225755
2026-09-24T05:45:27+00:00,2026-09-24T11:30:27+05:45,2026-09-24,11:30:27,1790228727,3,5,11,nepse_official,OPEN,2026-09-24,CHL,Chhyangdi Hydropower Ltd.,262.9,263.0,260.0,,260.0,265.0,-5.0,,1026.0,269634.0,4.0,3.0,1.1411182959300115,-1.8867924528301887,67408.5,262.80116959064327
2026-09-24T05:45:27+00:00,2026-09-24T11:30:27+05:45,2026-09-24,11:30:27,1790228727,3,5,11,nepse_official,OPEN,2026-09-24,CIT,Citizen Investment Trust,1740.0,1740.0,1730.5,,1734.0,1736.0,-2.0,,494.0,856304.9,9.0,9.5,0.5459770114942528,-0.1152073732718894,95144.9888888889,1733.4107287449392
2026-09-24T05:45:27+00:00,2026-09-24T11:30:27+05:45,2026-09-24,11:30:27,1790228727,3,5,11,nepse_official,OPEN,2026-09-24,CITY,City Hotel Limited,349.0,349.0,346.0,,347.2,351.1,-3.900000000000034,,1010.0,350579.0,8.0,3.0,0.8595988538681949,-1.1107946454001805,43822.375,347.1079207920792
2026-09-24T05:45:27+00:00,2026-09-24T11:30:27+05:45,2026-09-24,11:30:27,1790228727,3,5,11,nepse_official,OPEN,2026-09-24,CKHL,Chirkhwa Hydropower Limited ,600.9,600.9,583.0,,583.0,587.0,-4.0,,20.0,11839.0,2.0,17.899999999999977,2.97886503577966,-0.6814310051107325,5919.5,591.95
2026-09-24T05:45:27+00:00,2026-09-24T11:30:27+05:45,2026-09-24,11:30:27,1790228727,3,5,11,nepse_official,OPEN,2026-09-24,CLI,Citizen Life Insurance Company Limited,435.0,435.0,432.4,,432.4,436.0,-3.6000000000000227,,26.0,11276.2,2.0,2.6000000000000227,0.5977011494252926,-0.8256880733945007,5638.1,433.70000000000005
2026-09-24T05:45:27+00:00,2026-09-24T11:30:27+05:45,2026-09-24,11:30:27,1790228727,3,5,11,nepse_official,OPEN,2026-09-24,CORBL,Corporate Development Bank Limited,803.0,810.0,800.0,,810.0,802.0,8.0,,1771.0,1422094.9,39.0,10.0,1.2453300124533,0.997506234413965,36463.971794871795,802.9897797854319
2026-09-24T05:45:27+00:00,2026-09-24T11:30:27+05:45,2026-09-24,11:30:27,1790228727,3,5,11,nepse_official,OPEN,2026-09-24,CREST,Crest Micro Life Insurance Limited,1085.0,1085.0,1075.0,,1076.0,1094.9,-18.90000000000009,,70.0,75451.0,7.0,10.0,0.9216589861751152,-1.7261850397296639,10778.714285714286,1077.8714285714286
2026-09-24T05:45:27+00:00,2026-09-24T11:30:27+05:45,2026-09-24,11:30:27,1790228727,3,5,11,nepse_official,OPEN,2026-09-24,CSY,Citizens Santulit Yojana,8.5,8.5,8.5,,8.5,8.56,-0.0600000000000005,,300.0,2550.0,3.0,0.0,0.0,-0.7009345794392582,850.0,8.5
2026-09-24T05:45:27+00:00,2026-09-24T11:30:27+05:45,2026-09-24,11:30:27,1790228727,3,5,11,nepse_official,OPEN,2026-09-24,CYCL,CYC Nepal Laghubitta Bittiya Sanstha Limited,1494.6,1628.0,1470.0,,1488.0,1531.0,-43.0,,4181.0,6463459.0,54.0,158.0,10.57139033855212,-2.8086218158066623,119693.68518518518,1545.9122219564697
2026-09-24T05:45:27+00:00,2026-09-24T11:30:27+05:45,2026-09-24,11:30:27,1790228727,3,5,11,nepse_official,OPEN,2026-09-24,CZBIL,Citizens Bank International Limited,212.0,212.8,207.1,,209.5,212.0,-2.5,,3965.0,832157.0,30.0,5.700000000000017,2.688679245283027,-1.179245283018868,27738.566666666666,209.87566204287515
2026-09-24T05:45:27+00:00,2026-09-24T11:30:27+05:45,2026-09-24,11:30:27,1790228727,3,5,11,nepse_official,OPEN,2026-09-24,DDBL,Deprosc Laghubitta Bittiya Sanstha Limited,813.2,862.6,813.2,,862.6,856.0,6.600000000000023,,30.0,25133.0,3.0,49.39999999999998,6.074766355140184,0.7710280373831803,8377.666666666666,837.7666666666667
2026-09-24T05:45:27+00:00,2026-09-24T11:30:27+05:45,2026-09-24,11:30:27,1790228727,3,5,11,nepse_official,OPEN,2026-09-24,DHEL,Daramkhola Hydro Energy Limited,570.0,570.0,551.0,,551.0,555.0,-4.0,,60.0,33380.0,6.0,19.0,3.3333333333333335,-0.7207207207207207,5563.333333333333,556.3333333333334
2026-09-24T05:45:27+00:00,2026-09-24T11:30:27+05:45,2026-09-24,11:30:27,1790228727,3,5,11,nepse_official,OPEN,2026-09-24,DLBS,Dhaulagiri Laghubitta Bittiya Sanstha Limited,1408.0,1408.0,1408.0,,1408.0,1341.9,66.09999999999991,,10.0,14080.0,1.0,0.0,0.0,4.925851404724637,14080.0,1408.0
2026-09-24T05:45:27+00:00,2026-09-24T11:30:27+05:45,2026-09-24,11:30:27,1790228727,3,5,11,nepse_official,OPEN,2026-09-24,DOLTI,Dolti Power Company Limited,301.1,309.0,300.0,,302.0,304.0,-2.0,,665.0,200737.2,7.0,9.0,2.9890401859847224,-0.6578947368421052,28676.742857142857,301.86045112781954
2026-09-24T05:45:27+00:00,2026-09-24T11:30:27+05:45,2026-09-24,11:30:27,1790228727,3,5,11,nepse_official,OPEN,2026-09-24,DORDI,Dordi Khola Jal Bidyut Company Limited,248.9,269.0,248.9,,257.4,262.0,-4.600000000000023,,659.0,171695.6,13.0,20.099999999999994,8.075532342306145,-1.7557251908397034,13207.353846153846,260.53960546282246
2026-09-24T05:45:27+00:00,2026-09-24T11:30:27+05:45,2026-09-24,11:30:27,1790228727,3,5,11,nepse_official,OPEN,2026-09-24,EBL,Everest Bank Limited,699.0,699.0,695.0,,695.1,696.8,-1.6999999999999318,,1691.0,1180189.9,13.0,4.0,0.5722460658082975,-0.24397244546497301,90783.83846153846,697.924246008279
2026-09-24T05:45:27+00:00,2026-09-24T11:30:27+05:45,2026-09-24,11:30:27,1790228727,3,5,11,nepse_official,OPEN,2026-09-24,ECL,Everest Colour Limited,1298.8,1300.0,1280.1,,1297.0,1298.8,-1.7999999999999545,,653.0,839694.0,21.0,19.90000000000009,1.5321835540498994,-0.13858946720048926,39985.42857142857,1285.9019908116386
2026-09-24T05:45:27+00:00,2026-09-24T11:30:27+05:45,2026-09-24,11:30:27,1790228727,3,5,11,nepse_official,OPEN,2026-09-24,EHPL,Eastern Hydropower Limited,342.3,342.3,312.0,,318.0,326.0,-8.0,,120.0,38754.0,6.0,30.30000000000001,8.851884312007014,-2.4539877300613497,6459.0,322.95
2026-09-24T05:45:27+00:00,2026-09-24T11:30:27+05:45,2026-09-24,11:30:27,1790228727,3,5,11,nepse_official,OPEN,2026-09-24,FMDBL,First Micro Finance Laghubitta Bittiya Sanstha Limited,712.5,760.0,712.5,,745.5,750.0,-4.5,,280.0,208324.0,6.0,47.5,6.666666666666667,-0.6,34720.666666666664,744.0142857142857
2026-09-24T05:45:27+00:00,2026-09-24T11:30:27+05:45,2026-09-24,11:30:27,1790228727,3,5,11,nepse_official,OPEN,2026-09-24,GBBL,Garima Bikas Bank Limited,453.0,455.1,449.0,,449.5,451.0,-1.5,,16880.0,7631353.6,49.0,6.100000000000023,1.3465783664459212,-0.3325942350332594,155741.91020408162,452.09440758293835
2026-09-24T05:45:27+00:00,2026-09-24T11:30:27+05:45,2026-09-24,11:30:27,1790228727,3,5,11,nepse_official,OPEN,2026-09-24,GBIME,Global IME Bank Limited,247.5,247.5,240.6,,241.0,243.0,-2.0,,13674.0,3296147.0,81.0,6.900000000000006,2.7878787878787903,-0.823045267489712,40693.17283950617,241.0521427526693
2026-09-24T05:45:27+00:00,2026-09-24T11:30:27+05:45,2026-09-24,11:30:27,1790228727,3,5,11,nepse_official,OPEN,2026-09-24,GBLBS,Grameen Bikas Laghubitta Bittiya Sanstha Ltd.,672.0,672.0,672.0,,672.0,692.5,-20.5,,15.0,10080.0,1.0,0.0,0.0,-2.96028880866426,10080.0,672.0
2026-09-24T05:45:27+00:00,2026-09-24T11:30:27+05:45,2026-09-24,11:30:27,1790228727,3,5,11,nepse_official,OPEN,2026-09-24,GCIL,Ghorahi Cement Industry Limited,370.1,374.8,370.0,,372.0,374.8,-2.8000000000000114,,197.0,73027.9,9.0,4.800000000000011,1.2969467711429374,-0.7470651013874097,8114.211111111111,370.7
2026-09-24T05:45:27+00:00,2026-09-24T11:30:27+05:45,2026-09-24,11:30:27,1790228727,3,5,11,nepse_official,OPEN,2026-09-24,GFCL,Goodwill Finance Limited,582.0,582.0,579.9,,579.9,575.0,4.899999999999977,,30.0,17418.0,2.0,2.1000000000000227,0.3608247422680452,0.8521739130434743,8709.0,580.6
2026-09-24T05:45:27+00:00,2026-09-24T11:30:27+05:45,2026-09-24,11:30:27,1790228727,3,5,11,nepse_official,OPEN,2026-09-24,GHL,Ghalemdi Hydro Limited,269.8,269.8,255.0,,256.0,257.0,-1.0,,10763.0,2755501.0,56.0,14.800000000000011,5.485544848035586,-0.38910505836575876,49205.375,256.01607358543157
2026-09-24T05:45:27+00:00,2026-09-24T11:30:27+05:45,2026-09-24,11:30:27,1790228727,3,5,11,nepse_official,OPEN,2026-09-24,GIBF1,Global IME Balanced Fund-1,11.82,11.84,11.82,,11.84,11.5,0.33999999999999986,,4500.0,53248.0,4.0,0.019999999999999574,0.1692047377326529,2.9565217391304333,13312.0,11.832888888888888
2026-09-24T05:45:27+00:00,2026-09-24T11:30:27+05:45,2026-09-24,11:30:27,1790228727,3,5,11,nepse_official,OPEN,2026-09-24,GLH,GreenLife Hydropower Limited,276.1,276.1,274.0,,275.8,279.2,-3.3999999999999773,,4343.0,1192912.9,26.0,2.1000000000000227,0.7605939876856294,-1.2177650429799345,45881.265384615384,274.67485609026016
2026-09-24T05:45:27+00:00,2026-09-24T11:30:27+05:45,2026-09-24,11:30:27,1790228727,3,5,11,nepse_official,OPEN,2026-09-24,GMFBS,Ganapati Laghubitta Bittiya Sanstha Limited,1067.0,1067.0,1067.0,,1067.0,1100.0,-33.0,,10.0,10670.0,1.0,0.0,0.0,-3.0,10670.0,1067.0
2026-09-24T05:45:27+00:00,2026-09-24T11:30:27+05:45,2026-09-24,11:30:27,1790228727,3,5,11,nepse_official,OPEN,2026-09-24,GMLI,Guardian Micro Life Insurance Limited ,970.0,999.1,970.0,,999.1,1000.0,-0.8999999999999773,,20.0,19691.0,2.0,29.100000000000023,3.000000000000002,-0.08999999999999773,9845.5,984.55
2026-09-24T05:45:27+00:00,2026-09-24T11:30:27+05:45,2026-09-24,11:30:27,1790228727,3,5,11,nepse_official,OPEN,2026-09-24,GRDBL,Green Development Bank Ltd.,965.0,979.0,940.0,,956.1,965.0,-8.899999999999977,,160.0,153855.0,8.0,39.0,4.041450777202073,-0.9222797927461116,19231.875,961.59375
2026-09-24T05:45:27+00:00,2026-09-24T11:30:27+05:45,2026-09-24,11:30:27,1790228727,3,5,11,nepse_official,OPEN,2026-09-24,GSY,Garima Samriddhi Yojana,8.98,8.99,8.98,,8.99,9.21,-0.22000000000000064,,200.0,1797.0,2.0,0.009999999999999787,0.11135857461024262,-2.388707926167216,898.5,8.985
2026-09-24T05:45:27+00:00,2026-09-24T11:30:27+05:45,2026-09-24,11:30:27,1790228727,3,5,11,nepse_official,OPEN,2026-09-24,GVL,Green Ventures Limited,488.0,489.0,485.0,,485.0,490.0,-5.0,,1244.0,605398.8,9.0,4.0,0.819672131147541,-1.0204081632653061,67266.53333333334,486.6549839228296
2026-09-24T05:45:27+00:00,2026-09-24T11:30:27+05:45,2026-09-24,11:30:27,1790228727,3,5,11,nepse_official,OPEN,2026-09-24,H8020,Himalayan 80-20,10.91,10.99,10.91,,10.99,10.9,0.08999999999999986,,400.0,4380.0,4.0,0.08000000000000007,0.7332722273143911,0.825688073394494,1095.0,10.95
2026-09-24T05:45:27+00:00,2026-09-24T11:30:27+05:45,2026-09-24,11:30:27,1790228727,3,5,11,nepse_official,OPEN,2026-09-24,HATHY,Hathway Investment Nepal Limited,470.0,470.0,460.0,,461.0,469.0,-8.0,,5987.0,2760540.0,61.0,10.0,2.127659574468085,-1.7057569296375266,45254.75409836065,461.0890262234842
2026-09-24T05:45:27+00:00,2026-09-24T11:30:27+05:45,2026-09-24,11:30:27,1790228727,3,5,11,nepse_official,OPEN,2026-09-24,HBL,Himalayan Bank Limited,195.0,196.9,193.7,,194.2,197.0,-2.8000000000000114,,965.0,187587.0,32.0,3.200000000000017,1.6410256410256496,-1.4213197969543205,5862.09375,194.39067357512954
2026-09-24T05:45:27+00:00,2026-09-24T11:30:27+05:45,2026-09-24,11:30:27,1790228727,3,5,11,nepse_official,OPEN,2026-09-24,HDHPC,Himal Dolakha Hydropower Company Limited,219.5,220.1,218.0,,219.0,220.0,-1.0,,21014.0,4608356.3,53.0,2.0999999999999943,0.9567198177676511,-0.45454545454545453,86950.11886792452,219.29933853621395
2026-09-24T05:45:27+00:00,2026-09-24T11:30:27+05:45,2026-09-24,11:30:27,1790228727,3,5,11,nepse_official,OPEN,2026-09-24,HDL,Himalayan Distillery Limited,1280.0,1280.0,1270.2,,1273.0,1278.3,-5.2999999999999545,,12607.0,16046553.4,129.0,9.799999999999955,0.7656249999999964,-0.4146131581005988,124391.88682170543,1272.8288569842152
2026-09-24T05:45:27+00:00,2026-09-24T11:30:27+05:45,2026-09-24,11:30:27,1790228727,3,5,11,nepse_official,OPEN,2026-09-24,HFIN,Hotel Forest Inn Limited,613.0,619.0,610.0,,611.5,613.0,-1.5,,2668.0,1632374.1,44.0,9.0,1.468189233278956,-0.24469820554649263,37099.41136363637,611.8343703148427
2026-09-24T05:45:27+00:00,2026-09-24T11:30:27+05:45,2026-09-24,11:30:27,1790228727,3,5,11,nepse_official,OPEN,2026-09-24,HHL,Himalayan Hydropower Limited,338.0,338.0,335.0,,335.0,340.0,-5.0,,1142.0,384600.0,4.0,3.0,0.8875739644970414,-1.4705882352941175,96150.0,336.7775831873905
2026-09-24T05:45:27+00:00,2026-09-24T11:30:27+05:45,2026-09-24,11:30:27,1790228727,3,5,11,nepse_official,OPEN,2026-09-24,HIDCL,Hydorelectricity Investment and Development Company Ltd,269.0,269.0,253.7,,253.7,256.3,-2.6000000000000227,,877.0,228692.0,7.0,15.300000000000011,5.687732342007439,-1.0144362075692637,32670.285714285714,260.7662485746864
2026-09-24T05:45:27+00:00,2026-09-24T11:30:27+05:45,2026-09-24,11:30:27,1790228727,3,5,11,nepse_official,OPEN,2026-09-24,HIDCLP,Hydorelectricity Investment and Development Company Limited Promoter,193.5,193.5,191.0,,191.0,191.9,-0.9000000000000057,,10512.0,2009217.0,38.0,2.5,1.2919896640826873,-0.4689942678478404,52874.13157894737,191.13555936073058
2026-09-24T05:45:27+00:00,2026-09-24T11:30:27+05:45,2026-09-24,11:30:27,1790228727,3,5,11,nepse_official,OPEN,2026-09-24,HIMSTAR,Him Star Urja Company Limited,640.0,640.0,640.0,,640.0,645.5,-5.5,,191.0,122240.0,2.0,0.0,0.0,-0.8520526723470179,61120.0,640.0
2026-09-24T05:45:27+00:00,2026-09-24T11:30:27+05:45,2026-09-24,11:30:27,1790228727,3,5,11,nepse_official,OPEN,2026-09-24,HLI,Himalayan Life Insurance Limited,306.0,306.0,304.5,,304.5,306.9,-2.3999999999999773,,1313.0,399996.9,11.0,1.5,0.49019607843137253,-0.7820136852394844,36363.354545454546,304.6434881949734
2026-09-24T05:45:27+00:00,2026-09-24T11:30:27+05:45,2026-09-24,11:30:27,1790228727,3,5,11,nepse_official,OPEN,2026-09-24,HLICF,HLI Large Cap Fund,8.41,8.41,8.41,,8.41,8.41,0.0,,100.0,841.0,1.0,0.0,0.0,0.0,841.0,8.41
2026-09-24T05:45:27+00:00,2026-09-24T11:30:27+05:45,2026-09-24,11:30:27,1790228727,3,5,11,nepse_official,OPEN,2026-09-24,HPPL,Himalayan Power Partner Ltd.,377.0,377.0,372.0,,374.0,372.2,1.8000000000000114,,1996.0,744745.2,10.0,5.0,1.3262599469496021,0.48361096184847163,74474.51999999999,373.1188376753507
2026-09-24T05:45:27+00:00,2026-09-24T11:30:27+05:45,2026-09-24,11:30:27,1790228727,3,5,11,nepse_official,OPEN,2026-09-24,HRL,Himalayan Reinsurance Limited,490.9,510.9,490.9,,508.0,506.0,2.0,,2428.0,1228255.1,44.0,20.0,4.074149521287431,0.3952569169960474,27914.888636363637,505.8711285008238
2026-09-24T05:45:27+00:00,2026-09-24T11:30:27+05:45,2026-09-24,11:30:27,1790228727,3,5,11,nepse_official,OPEN,2026-09-24,HURJA,Himalaya Urja Bikas Company Limited,252.1,255.0,250.6,,250.7,252.0,-1.3000000000000114,,12626.0,3181489.3,44.0,4.400000000000006,1.7453391511305059,-0.5158730158730204,72306.575,251.9791937272295
2026-09-24T05:45:27+00:00,2026-09-24T11:30:27+05:45,2026-09-24,11:30:27,1790228727,3,5,11,nepse_official,OPEN,2026-09-24,ICFC,ICFC Finance Limited,590.0,591.9,590.0,,590.0,591.9,-1.8999999999999773,,1080.0,637642.0,5.0,1.8999999999999773,0.3220338983050809,-0.32100016894745353,127528.4,590.4092592592592
2026-09-24T05:45:27+00:00,2026-09-24T11:30:27+05:45,2026-09-24,11:30:27,1790228727,3,5,11,nepse_official,OPEN,2026-09-24,ICFCD83,12% ICFC Finance Limited Debenture 2083,921.2,921.2,921.2,,921.2,921.2,0.0,,1.0,967.2,1.0,0.0,0.0,0.0,967.2,967.2
2026-09-24T05:45:27+00:00,2026-09-24T11:30:27+05:45,2026-09-24,11:30:27,1790228727,3,5,11,nepse_official,OPEN,2026-09-24,IHL,Ingwa Hydropower Limited,341.0,341.0,320.2,,320.2,325.1,-4.900000000000034,,1560.0,522733.0,16.0,20.80000000000001,6.099706744868039,-1.507228545063068,32670.8125,335.0852564102564
2026-09-24T05:45:27+00:00,2026-09-24T11:30:27+05:45,2026-09-24,11:30:27,1790228727,3,5,11,nepse_official,OPEN,2026-09-24,ILBS,Infinity Laghubitta Bittiya Sanstha Limited,940.0,1005.0,925.1,,927.0,968.0,-41.0,,348.0,327941.0,21.0,79.89999999999998,8.499999999999998,-4.235537190082645,15616.238095238095,942.3591954022988
2026-09-24T05:45:27+00:00,2026-09-24T11:30:27+05:45,2026-09-24,11:30:27,1790228727,3,5,11,nepse_official,OPEN,2026-09-24,ILI,IME Life Insurance Company Limited,425.0,425.0,420.2,,420.2,427.0,-6.800000000000011,,92.0,38797.6,7.0,4.800000000000011,1.129411764705885,-1.5925058548009394,5542.5142857142855,421.71304347826083
2026-09-24T05:45:27+00:00,2026-09-24T11:30:27+05:45,2026-09-24,11:30:27,1790228727,3,5,11,nepse_official,OPEN,2026-09-24,JBBL,Jyoti Bikas Bank Limited,347.5,348.1,346.7,,348.1,348.3,-0.19999999999998863,,2668.0,926860.0,7.0,1.400000000000034,0.4028776978417364,-0.05742176284811617,132408.57142857142,347.39880059970017
2026-09-24T05:45:27+00:00,2026-09-24T11:30:27+05:45,2026-09-24,11:30:27,1790228727,3,5,11,nepse_official,OPEN,2026-09-24,JBLB,Jeevan Bikas Laghubitta  Bittya Sanstha Ltd,1275.0,1275.0,1271.0,,1271.0,1275.1,-4.099999999999909,,56.0,71288.0,2.0,4.0,0.3137254901960784,-0.3215434083601215,35644.0,1273.0
2026-09-24T05:45:27+00:00,2026-09-24T11:30:27+05:45,2026-09-24,11:30:27,1790228727,3,5,11,nepse_official,OPEN,2026-09-24,JFL,Janaki Finance Company Limited,270.0,294.9,270.0,,280.0,279.1,0.8999999999999773,,954.0,266720.9,12.0,24.899999999999977,9.222222222222214,0.3224650662844777,22226.74166666667,279.5816561844864
2026-09-24T05:45:27+00:00,2026-09-24T11:30:27+05:45,2026-09-24,11:30:27,1790228727,3,5,11,nepse_official,OPEN,2026-09-24,JHAPA,Jhapa Energy Limited,1035.0,1035.0,1035.0,,1035.0,1033.2,1.7999999999999545,,230.0,238050.0,4.0,0.0,0.0,0.17421602787456006,59512.5,1035.0
2026-09-24T05:45:27+00:00,2026-09-24T11:30:27+05:45,2026-09-24,11:30:27,1790228727,3,5,11,nepse_official,OPEN,2026-09-24,JOSHI,Joshi Hydropower Development Company Ltd,265.1,265.1,259.9,,259.9,263.2,-3.3000000000000114,,810.0,212168.0,9.0,5.2000000000000455,1.9615239532252151,-1.2537993920972688,23574.222222222223,261.9358024691358
2026-09-24T05:45:27+00:00,2026-09-24T11:30:27+05:45,2026-09-24,11:30:27,1790228727,3,5,11,nepse_official,OPEN,2026-09-24,JSLBB,Janautthan Samudayic Laghubitta Bittya Sanstha Limited,980.0,980.0,980.0,,980.0,970.0,10.0,,86.0,84280.0,2.0,0.0,0.0,1.0309278350515463,42140.0,980.0
2026-09-24T05:45:27+00:00,2026-09-24T11:30:27+05:45,2026-09-24,11:30:27,1790228727,3,5,11,nepse_official,OPEN,2026-09-24,KAHL,Kalanga Hydro Limited,485.0,486.0,480.0,,485.0,490.0,-5.0,,1913.0,925779.0,63.0,6.0,1.2371134020618557,-1.0204081632653061,14694.904761904761,483.94093047569265
2026-09-24T05:45:27+00:00,2026-09-24T11:30:27+05:45,2026-09-24,11:30:27,1790228727,3,5,11,nepse_official,OPEN,2026-09-24,KBL,Kumari Bank Limited,225.0,225.0,222.2,,224.0,225.0,-1.0,,35928.0,8036088.4,70.0,2.8000000000000114,1.2444444444444496,-0.4444444444444444,114801.26285714286,223.67202182142063
2026-09-24T05:45:27+00:00,2026-09-24T11:30:27+05:45,2026-09-24,11:30:27,1790228727,3,5,11,nepse_official,OPEN,2026-09-24,KBSH,Kutheli Bukhari Small Hydropower Limited,819.0,829.0,818.0,,826.9,818.6,8.299999999999955,,315.0,259267.5,6.0,11.0,1.3431013431013432,1.0139262154898552,43211.25,823.0714285714286
2026-09-24T05:45:27+00:00,2026-09-24T11:30:27+05:45,2026-09-24,11:30:27,1790228727,3,5,11,nepse_official,OPEN,2026-09-24,KDBY,Kumari Dhanabriddhi Yojana,10.1,10.1,10.1,,10.1,10.18,-0.08000000000000007,,200.0,2020.0,1.0,0.0,0.0,-0.7858546168958749,2020.0,10.1
2026-09-24T05:45:27+00:00,2026-09-24T11:30:27+05:45,2026-09-24,11:30:27,1790228727,3,5,11,nepse_official,OPEN,2026-09-24,KDL,Kalinchowk Darshan Limited,615.0,619.4,614.5,,618.9,614.5,4.399999999999977,,4133.0,2545371.0,21.0,4.899999999999977,0.7967479674796711,0.7160292921074006,121208.14285714286,615.8652310670216
2026-09-24T05:45:27+00:00,2026-09-24T11:30:27+05:45,2026-09-24,11:30:27,1790228727,3,5,11,nepse_official,OPEN,2026-09-24,KHPL,Kalinchock Hydropower Limited,715.0,717.0,709.0,,717.0,715.0,2.0,,467.0,333666.0,21.0,8.0,1.118881118881119,0.27972027972027974,15888.857142857143,714.4882226980728
2026-09-24T05:45:27+00:00,2026-09-24T11:30:27+05:45,2026-09-24,11:30:27,1790228727,3,5,11,nepse_official,OPEN,2026-09-24,KKHC,Khanikhola Hydropower Co. Ltd.,275.0,276.0,274.1,,275.0,275.0,0.0,,11004.0,3023632.5,31.0,1.8999999999999773,0.6909090909090827,0.0,97536.53225806452,274.77576335877865
2026-09-24T05:45:27+00:00,2026-09-24T11:30:27+05:45,2026-09-24,11:30:27,1790228727,3,5,11,nepse_official,OPEN,2026-09-24,KMCDB,Kalika Laghubitta Bittiya Sanstha Ltd,769.5,816.3,769.5,,816.2,810.0,6.2000000000000455,,133.0,107762.0,7.0,46.799999999999955,6.081871345029234,0.7654320987654377,15394.57142857143,810.2406015037594
2026-09-24T05:45:27+00:00,2026-09-24T11:30:27+05:45,2026-09-24,11:30:27,1790228727,3,5,11,nepse_official,OPEN,2026-09-24,KPCL,Kalika power Company Ltd,461.1,461.1,461.1,,461.1,464.1,-3.0,,15.0,6916.5,1.0,0.0,0.0,-0.6464124111182934,6916.5,461.1
2026-09-24T05:45:27+00:00,2026-09-24T11:30:27+05:45,2026-09-24,11:30:27,1790228727,3,5,11,nepse_official,OPEN,2026-09-24,KSBBL,Kamana Sewa Bikas Bank Limited,451.1,452.0,450.1,,450.1,450.2,-0.0999999999999659,,746.0,336626.0,6.0,1.8999999999999773,0.42119264021280806,-0.022212350066629475,56104.333333333336,451.2412868632708
2026-09-24T05:45:27+00:00,2026-09-24T11:30:27+05:45,2026-09-24,11:30:27,1790228727,3,5,11,nepse_official,OPEN,2026-09-24,KSY,Kumari Sabal Yojana,8.89,8.89,8.89,,8.89,8.86,0.030000000000001137,,200.0,1778.0,2.0,0.0,0.0,0.3386004514672815,889.0,8.89
2026-09-24T05:45:27+00:00,2026-09-24T11:30:27+05:45,2026-09-24,11:30:27,1790228727,3,5,11,nepse_official,OPEN,2026-09-24,LBBL,Lumbini Bikas Bank Ltd.,482.2,482.2,480.0,,481.1,485.9,-4.7999999999999545,,124.0,59656.4,3.0,2.1999999999999886,0.4562422231439213,-0.9878575838649835,19885.466666666667,481.1
2026-09-24T05:45:27+00:00,2026-09-24T11:30:27+05:45,2026-09-24,11:30:27,1790228727,3,5,11,nepse_official,OPEN,2026-09-24,LEC,Liberty Energy Company Limited,266.7,266.7,252.2,,253.2,254.0,-0.8000000000000114,,26936.0,6838553.5,69.0,14.5,5.436820397450319,-0.3149606299212643,99109.47101449275,253.88155256905256
2026-09-24T05:45:27+00:00,2026-09-24T11:30:27+05:45,2026-09-24,11:30:27,1790228727,3,5,11,nepse_official,OPEN,2026-09-24,LICN,Life Insurance Corporation (Nepal) Limited,782.0,795.9,782.0,,788.1,791.9,-3.7999999999999545,,2630.0,2078125.0,9.0,13.899999999999977,1.7774936061381044,-0.4798585680010045,230902.77777777778,790.1615969581749
2026-09-24T05:45:27+00:00,2026-09-24T11:30:27+05:45,2026-09-24,11:30:27,1790228727,3,5,11,nepse_official,OPEN,2026-09-24,LSL,Laxmi Sunrise Bank Limited,250.0,250.0,243.0,,246.0,245.9,0.09999999999999432,,8200.0,2013421.8,35.0,7.0,2.8000000000000003,0.040666937779582885,57526.33714285714,245.53924390243904
2026-09-24T05:45:27+00:00,2026-09-24T11:30:27+05:45,2026-09-24,11:30:27,1790228727,3,5,11,nepse_official,OPEN,2026-09-24,LVF2,Laxmi Value Fund 2,8.88,8.88,8.88,,8.88,9.15,-0.2699999999999996,,200.0,1776.0,1.0,0.0,0.0,-2.950819672131143,1776.0,8.88
2026-09-24T05:45:27+00:00,2026-09-24T11:30:27+05:45,2026-09-24,11:30:27,1790228727,3,5,11,nepse_official,OPEN,2026-09-24,MABEL,Mabilung Energy Limited,576.0,589.0,570.0,,571.0,576.0,-5.0,,70.0,40161.0,7.0,19.0,3.298611111111111,-0.8680555555555556,5737.285714285715,573.7285714285714
2026-09-24T05:45:27+00:00,2026-09-24T11:30:27+05:45,2026-09-24,11:30:27,1790228727,3,5,11,nepse_official,OPEN,2026-09-24,MAKAR,Makar Jitumaya Suri Hydropower Limited,404.5,413.0,404.5,,407.1,410.8,-3.6999999999999886,,3812.0,1554418.7,29.0,8.5,2.1013597033374536,-0.9006815968841256,53600.644827586206,407.7698583420776
2026-09-24T05:45:27+00:00,2026-09-24T11:30:27+05:45,2026-09-24,11:30:27,1790228727,3,5,11,nepse_official,OPEN,2026-09-24,MANDU,Mandu Hydropower Limited,751.5,751.5,751.0,,751.0,751.0,0.0,,56.0,42079.0,2.0,0.5,0.0665335994677312,0.0,21039.5,751.4107142857143
2026-09-24T05:45:27+00:00,2026-09-24T11:30:27+05:45,2026-09-24,11:30:27,1790228727,3,5,11,nepse_official,OPEN,2026-09-24,MBJC,Madhya Bhotekoshi Jalavidyut Company Limited,295.0,295.0,290.0,,292.0,295.0,-3.0,,7070.0,2063845.0,30.0,5.0,1.694915254237288,-1.0169491525423728,68794.83333333333,291.91584158415844
2026-09-24T05:45:27+00:00,2026-09-24T11:30:27+05:45,2026-09-24,11:30:27,1790228727,3,5,11,nepse_official,OPEN,2026-09-24,MBL,Machhapuchhre Bank Limited,257.0,257.9,256.3,,257.8,258.0,-0.19999999999998863,,3820.0,980873.1,22.0,1.599999999999966,0.6225680933852007,-0.07751937984495684,44585.14090909091,256.77306282722515
2026-09-24T05:45:27+00:00,2026-09-24T11:30:27+05:45,2026-09-24,11:30:27,1790228727,3,5,11,nepse_official,OPEN,2026-09-24,MCHL,Menchhiyam Hydropower Limited,263.0,263.0,258.0,,258.0,263.0,-5.0,,211.0,54689.0,3.0,5.0,1.9011406844106464,-1.9011406844106464,18229.666666666668,259.18957345971563
2026-09-24T05:45:27+00:00,2026-09-24T11:30:27+05:45,2026-09-24,11:30:27,1790228727,3,5,11,nepse_official,OPEN,2026-09-24,MDB,Miteri Development Bank Limited,560.0,560.0,560.0,,560.0,555.1,4.899999999999977,,50.0,28000.0,1.0,0.0,0.0,0.8827238335435016,28000.0,560.0
2026-09-24T05:45:27+00:00,2026-09-24T11:30:27+05:45,2026-09-24,11:30:27,1790228727,3,5,11,nepse_official,OPEN,2026-09-24,MEHL,Manakamana Engineering Hydropower Limited,247.0,253.0,245.4,,248.0,250.0,-2.0,,9436.0,2347668.9,47.0,7.599999999999994,3.076923076923075,-0.8,49950.402127659574,248.79916278083934
2026-09-24T05:45:27+00:00,2026-09-24T11:30:27+05:45,2026-09-24,11:30:27,1790228727,3,5,11,nepse_official,OPEN,2026-09-24,MEL,Modi Energy Limited,215.0,215.0,212.0,,212.0,214.5,-2.5,,290.0,61511.0,9.0,3.0,1.3953488372093024,-1.1655011655011656,6834.555555555556,212.10689655172413
2026-09-24T05:45:27+00:00,2026-09-24T11:30:27+05:45,2026-09-24,11:30:27,1790228727,3,5,11,nepse_official,OPEN,2026-09-24,MEN,Mountain Energy Nepal Limited,646.5,650.0,644.6,,646.0,651.2,-5.2000000000000455,,26180.0,16922665.7,37.0,5.399999999999977,0.8352668213457041,-0.7985257985258055,457369.34324324323,646.3967035905271
2026-09-24T05:45:27+00:00,2026-09-24T11:30:27+05:45,2026-09-24,11:30:27,1790228727,3,5,11,nepse_official,OPEN,2026-09-24,MEPDL,Mount Everest Power Development Limited,620.1,655.0,620.1,,648.9,646.2,2.699999999999932,,4172.0,2707173.0,56.0,34.89999999999998,5.62812449604902,0.4178272980501287,48342.375,648.8909395973154
2026-09-24T05:45:27+00:00,2026-09-24T11:30:27+05:45,2026-09-24,11:30:27,1790228727,3,5,11,nepse_official,OPEN,2026-09-24,MERO,Mero Microfinance Bittiya Sanstha Ltd.,600.0,600.0,600.0,,600.0,604.0,-4.0,,376.0,225600.0,2.0,0.0,0.0,-0.6622516556291391,112800.0,600.0
2026-09-24T05:45:27+00:00,2026-09-24T11:30:27+05:45,2026-09-24,11:30:27,1790228727,3,5,11,nepse_official,OPEN,2026-09-24,MFIL,Manjushree Finance Ltd.,745.0,791.0,745.0,,758.3,769.0,-10.700000000000045,,41151.0,32499713.0,18.0,46.0,6.174496644295302,-1.3914174252275742,1805539.611111111,789.7672717552429
2026-09-24T05:45:27+00:00,2026-09-24T11:30:27+05:45,2026-09-24,11:30:27,1790228727,3,5,11,nepse_official,OPEN,2026-09-24,MHCL,Molung Hydropower Company Limited,293.1,300.0,293.1,,300.0,293.1,6.899999999999977,,20.0,5931.0,2.0,6.899999999999977,2.3541453428863788,2.3541453428863788,2965.5,296.55
2026-09-24T05:45:27+00:00,2026-09-24T11:30:27+05:45,2026-09-24,11:30:27,1790228727,3,5,11,nepse_official,OPEN,2026-09-24,MHL,Mandakini Hydropower Limited,467.0,467.0,455.0,,455.0,456.0,-1.0,,70.0,32450.0,3.0,12.0,2.569593147751606,-0.21929824561403508,10816.666666666666,463.57142857142856
2026-09-24T05:45:27+00:00,2026-09-24T11:30:27+05:45,2026-09-24,11:30:27,1790228727,3,5,11,nepse_official,OPEN,2026-09-24,MHNL,Mountain Hydro Nepal Limited,253.4,253.4,250.1,,250.1,256.9,-6.799999999999983,,1710.0,427867.0,5.0,3.3000000000000114,1.3022888713496492,-2.646944336317627,85573.4,250.21461988304094
2026-09-24T05:45:27+00:00,2026-09-24T11:30:27+05:45,2026-09-24,11:30:27,1790228727,3,5,11,nepse_official,OPEN,2026-09-24,MKCL,Muktinath Krishi Company Limited,860.0,860.0,860.0,,860.0,870.0,-10.0,,60.0,51600.0,2.0,0.0,0.0,-1.1494252873563218,25800.0,860.0
2026-09-24T05:45:27+00:00,2026-09-24T11:30:27+05:45,2026-09-24,11:30:27,1790228727,3,5,11,nepse_official,OPEN,2026-09-24,MKHC,Maya Khola Hydropower Company Limited,255.8,260.0,255.8,,260.0,258.0,2.0,,20.0,5158.0,2.0,4.199999999999989,1.6419077404222004,0.7751937984496124,2579.0,257.9
2026-09-24T05:45:27+00:00,2026-09-24T11:30:27+05:45,2026-09-24,11:30:27,1790228727,3,5,11,nepse_official,OPEN,2026-09-24,MKHL,Mai Khola Hydropower Limited,509.0,509.0,486.0,,486.0,495.1,-9.100000000000023,,30.0,14810.0,3.0,23.0,4.518664047151278,-1.8380125227226867,4936.666666666667,493.6666666666667
2026-09-24T05:45:27+00:00,2026-09-24T11:30:27+05:45,2026-09-24,11:30:27,1790228727,3,5,11,nepse_official,OPEN,2026-09-24,MKJC,Mailung Khola Jal Vidhyut Company Limited,322.1,335.6,322.1,,334.0,339.0,-5.0,,1457.0,485997.3,18.0,13.5,4.191244954982924,-1.4749262536873156,26999.85,333.5602608098833
2026-09-24T05:45:27+00:00,2026-09-24T11:30:27+05:45,2026-09-24,11:30:27,1790228727,3,5,11,nepse_official,OPEN,2026-09-24,MLBBL,Mithila LaghuBitta Bittiya Sanstha Limited,920.6,920.6,920.6,,920.6,969.0,-48.39999999999998,,15.0,13947.0,2.0,0.0,0.0,-4.994840041279668,6973.5,929.8
2026-09-24T05:45:27+00:00,2026-09-24T11:30:27+05:45,2026-09-24,11:30:27,1790228727,3,5,11,nepse_official,OPEN,2026-09-24,MLBL,Mahalaxmi Bikas Bank Ltd.,357.0,363.4,356.2,,363.4,360.0,3.3999999999999773,,320.0,114216.0,3.0,7.199999999999989,2.0168067226890725,0.9444444444444382,38072.0,356.925
2026-09-24T05:45:27+00:00,2026-09-24T11:30:27+05:45,2026-09-24,11:30:27,1790228727,3,5,11,nepse_official,OPEN,2026-09-24,MNBBL,Muktinath Bikas Bank Ltd.,336.0,336.0,336.0,,336.0,338.0,-2.0,,125.0,42000.0,2.0,0.0,0.0,-0.591715976331361,21000.0,336.0
2026-09-24T05:45:27+00:00,2026-09-24T11:30:27+05:45,2026-09-24,11:30:27,1790228727,3,5,11,nepse_official,OPEN,2026-09-24,MNMF1,Muktinath Mutual Fund 1,8.91,9.3,8.91,,9.3,9.15,0.15000000000000036,,801.0,7328.3,5.0,0.39000000000000057,4.377104377104383,1.6393442622950858,1465.66,9.148938826466917
2026-09-24T05:45:27+00:00,2026-09-24T11:30:27+05:45,2026-09-24,11:30:27,1790228727,3,5,11,nepse_official,OPEN,2026-09-24,MPFL,Multipurpose Finance Company  Limited,582.0,582.0,582.0,,582.0,590.0,-8.0,,10.0,5820.0,1.0,0.0,0.0,-1.3559322033898304,5820.0,582.0
2026-09-24T05:45:27+00:00,2026-09-24T11:30:27+05:45,2026-09-24,11:30:27,1790228727,3,5,11,nepse_official,OPEN,2026-09-24,MSHL,Mid Solu Hydropower Limited,622.0,622.0,622.0,,622.0,622.0,0.0,,61.0,37942.0,2.0,0.0,0.0,0.0,18971.0,622.0
2026-09-24T05:45:27+00:00,2026-09-24T11:30:27+05:45,2026-09-24,11:30:27,1790228727,3,5,11,nepse_official,OPEN,2026-09-24,MSLB,Mahuli Laghubitta Bittiya Sanstha Limited,1200.0,1200.0,1200.0,,1200.0,1200.0,0.0,,10.0,12000.0,1.0,0.0,0.0,0.0,12000.0,1200.0
2026-09-24T05:45:27+00:00,2026-09-24T11:30:27+05:45,2026-09-24,11:30:27,1790228727,3,5,11,nepse_official,OPEN,2026-09-24,NABBC,Narayani Development Bank Limited,707.8,729.0,707.8,,724.1,745.0,-20.899999999999977,,153.0,110731.8,4.0,21.200000000000045,2.995196383159091,-2.8053691275167756,27682.95,723.7372549019608
2026-09-24T05:45:27+00:00,2026-09-24T11:30:27+05:45,2026-09-24,11:30:27,1790228727,3,5,11,nepse_official,OPEN,2026-09-24,NABIL,Nabil Bank Limited,566.0,568.0,566.0,,567.0,565.0,2.0,,9409.0,5337105.9,59.0,2.0,0.35335689045936397,0.35398230088495575,90459.42203389831,567.2341268997768
2026-09-24T05:45:27+00:00,2026-09-24T11:30:27+05:45,2026-09-24,11:30:27,1790228727,3,5,11,nepse_official,OPEN,2026-09-24,NBL,Nepal Bank Limited,291.0,292.0,287.5,,292.0,291.5,0.5,,45766.0,13256507.2,79.0,4.5,1.5463917525773196,0.17152658662092624,167803.88860759494,289.65841891360395
2026-09-24T05:45:27+00:00,2026-09-24T11:30:27+05:45,2026-09-24,11:30:27,1790228727,3,5,11,nepse_official,OPEN,2026-09-24,NESDO,NESDO Sambridha Laghubitta Bittiya Sanstha Limited,1331.0,1331.0,1331.0,,1331.0,1331.0,0.0,,40.0,53240.0,1.0,0.0,0.0,0.0,53240.0,1331.0
2026-09-24T05:45:27+00:00,2026-09-24T11:30:27+05:45,2026-09-24,11:30:27,1790228727,3,5,11,nepse_official,OPEN,2026-09-24,NFS,Nepal Finance Ltd.,490.0,490.0,490.0,,490.0,486.0,4.0,,14.0,6860.0,1.0,0.0,0.0,0.823045267489712,6860.0,490.0
2026-09-24T05:45:27+00:00,2026-09-24T11:30:27+05:45,2026-09-24,11:30:27,1790228727,3,5,11,nepse_official,OPEN,2026-09-24,NGPL,Ngadi Group Power Ltd.,384.8,408.0,384.8,,402.7,405.0,-2.3000000000000114,,6299.0,2530234.2,36.0,23.19999999999999,6.029106029106026,-0.5679012345679041,70284.28333333334,401.6882362279727
2026-09-24T05:45:27+00:00,2026-09-24T11:30:27+05:45,2026-09-24,11:30:27,1790228727,3,5,11,nepse_official,OPEN,2026-09-24,NHDL,Nepal Hydro Developers Ltd.,642.9,642.9,642.9,,642.9,637.0,5.899999999999977,,25.0,16072.5,1.0,0.0,0.0,0.9262166405023512,16072.5,642.9
2026-09-24T05:45:27+00:00,2026-09-24T11:30:27+05:45,2026-09-24,11:30:27,1790228727,3,5,11,nepse_official,OPEN,2026-09-24,NHPC,National Hydro Power Company Limited,265.0,265.0,263.0,,264.0,267.0,-3.0,,16436.0,4331607.7,52.0,2.0,0.7547169811320755,-1.1235955056179776,83300.14807692308,263.54390971039186
2026-09-24T05:45:27+00:00,2026-09-24T11:30:27+05:45,2026-09-24,11:30:27,1790228727,3,5,11,nepse_official,OPEN,2026-09-24,NIBLSTF,NIBL Stable Fund,8.31,8.31,8.31,,8.31,8.3,0.009999999999999787,,200.0,1662.0,2.0,0.0,0.0,0.1204819277108408,831.0,8.31
2026-09-24T05:45:27+00:00,2026-09-24T11:30:27+05:45,2026-09-24,11:30:27,1790228727,3,5,11,nepse_official,OPEN,2026-09-24,NICA,NIC Asia Bank Ltd.,317.0,317.3,315.2,,316.5,317.0,-0.5,,1067.0,337586.0,13.0,2.1000000000000227,0.662460567823351,-0.15772870662460567,25968.153846153848,316.3880037488285
2026-09-24T05:45:27+00:00,2026-09-24T11:30:27+05:45,2026-09-24,11:30:27,1790228727,3,5,11,nepse_official,OPEN,2026-09-24,NICFC,NIC Asia Flexi CAP Fund,8.91,8.91,8.91,,8.91,8.91,0.0,,200.0,1782.0,2.0,0.0,0.0,0.0,891.0,8.91
2026-09-24T05:45:27+00:00,2026-09-24T11:30:27+05:45,2026-09-24,11:30:27,1790228727,3,5,11,nepse_official,OPEN,2026-09-24,NICGF2,NIC ASIA Growth Fund-2,8.7,8.71,8.7,,8.71,8.7,0.010000000000001563,,200.0,1741.0,2.0,0.010000000000001563,0.11494252873565015,0.11494252873565015,870.5,8.705
2026-09-24T05:45:27+00:00,2026-09-24T11:30:27+05:45,2026-09-24,11:30:27,1790228727,3,5,11,nepse_official,OPEN,2026-09-24,NICL,Nepal Insurance Co. Ltd.,447.3,447.5,447.3,,447.4,459.0,-11.600000000000023,,371.0,165989.3,3.0,0.19999999999998863,0.044712720769056254,-2.5272331154684147,55329.76666666666,447.41051212938004
2026-09-24T05:45:27+00:00,2026-09-24T11:30:27+05:45,2026-09-24,11:30:27,1790228727,3,5,11,nepse_official,OPEN,2026-09-24,NICLBSL,NIC ASIA Laghubitta Bittiya Sanstha Limited,519.0,519.0,510.0,,510.0,513.0,-3.0,,110.0,56190.0,3.0,9.0,1.7341040462427744,-0.5847953216374269,18730.0,510.8181818181818
2026-09-24T05:45:27+00:00,2026-09-24T11:30:27+05:45,2026-09-24,11:30:27,1790228727,3,5,11,nepse_official,OPEN,2026-09-24,NICSF,NIC Asia Select Fund 30,8.8,8.85,8.8,,8.85,8.6,0.25,,300.0,2645.0,2.0,0.049999999999998934,0.568181818181806,2.9069767441860463,1322.5,8.816666666666666
2026-09-24T05:45:27+00:00,2026-09-24T11:30:27+05:45,2026-09-24,11:30:27,1790228727,3,5,11,nepse_official,OPEN,2026-09-24,NIFRA,Nepal Infrastructure Bank Limited,252.7,252.9,250.2,,250.5,252.7,-2.1999999999999886,,760.0,190910.3,20.0,2.700000000000017,1.0684606252473356,-0.8705975464978191,9545.515,251.1977631578947
2026-09-24T05:45:27+00:00,2026-09-24T11:30:27+05:45,2026-09-24,11:30:27,1790228727,3,5,11,nepse_official,OPEN,2026-09-24,NIFRAGED,Nifra Green Energy Debenture 6% - 2088/89,1112.4,1114.4,1112.4,,1114.4,1082.0,32.40000000000009,,2685.0,2986844.0,8.0,2.0,0.17979144192736424,2.9944547134935386,373355.5,1112.4186219739292
2026-09-24T05:45:27+00:00,2026-09-24T11:30:27+05:45,2026-09-24,11:30:27,1790228727,3,5,11,nepse_official,OPEN,2026-09-24,NIL,Neco Insurance Limited,530.0,530.0,530.0,,530.0,533.0,-3.0,,70.0,37100.0,1.0,0.0,0.0,-0.5628517823639775,37100.0,530.0
2026-09-24T05:45:27+00:00,2026-09-24T11:30:27+05:45,2026-09-24,11:30:27,1790228727,3,5,11,nepse_official,OPEN,2026-09-24,NIMB,Nepal Investment Mega Bank Limited,192.5,192.5,190.0,,190.1,192.5,-2.4000000000000057,,31982.0,6105913.3,63.0,2.5,1.2987012987012987,-1.2467532467532496,96919.25873015873,190.91718153961602
2026-09-24T05:45:27+00:00,2026-09-24T11:30:27+05:45,2026-09-24,11:30:27,1790228727,3,5,11,nepse_official,OPEN,2026-09-24,NIMBPO,Nepal Investment Mega Bank Ltd. Promoter Share,134.1,134.1,134.1,,134.1,141.1,-7.0,,10.0,1341.0,1.0,0.0,0.0,-4.961020552799433,1341.0,134.1
2026-09-24T05:45:27+00:00,2026-09-24T11:30:27+05:45,2026-09-24,11:30:27,1790228727,3,5,11,nepse_official,OPEN,2026-09-24,NLG,NLG Insurance Company Ltd.,492.1,506.0,492.1,,506.0,518.0,-12.0,,510.0,257921.0,2.0,13.899999999999977,2.8246291404186095,-2.3166023166023164,128960.5,505.7274509803922
2026-09-24T05:45:27+00:00,2026-09-24T11:30:27+05:45,2026-09-24,11:30:27,1790228727,3,5,11,nepse_official,OPEN,2026-09-24,NLIC,Nepal Life Insurance Co. Ltd.,706.3,733.0,706.3,,732.1,743.4,-11.299999999999955,,571.0,416807.6,10.0,26.700000000000045,3.7802633441880285,-1.5200430454667684,41680.759999999995,729.9607705779334
2026-09-24T05:45:27+00:00,2026-09-24T11:30:27+05:45,2026-09-24,11:30:27,1790228727,3,5,11,nepse_official,OPEN,2026-09-24,NLICL,National Life Insurance Co. Ltd.,570.0,584.8,565.1,,565.1,572.0,-6.899999999999977,,5207.0,3042134.0,6.0,19.699999999999932,3.4561403508771806,-1.2062937062937023,507022.3333333333,584.2392932590743
2026-09-24T05:45:27+00:00,2026-09-24T11:30:27+05:45,2026-09-24,11:30:27,1790228727,3,5,11,nepse_official,OPEN,2026-09-24,NMB,NMB Bank Limited,266.3,266.3,251.4,,251.4,253.7,-2.299999999999983,,1259.0,317604.1,10.0,14.900000000000006,5.595193390912507,-0.9065825778478451,31760.409999999996,252.26695790309768
2026-09-24T05:45:27+00:00,2026-09-24T11:30:27+05:45,2026-09-24,11:30:27,1790228727,3,5,11,nepse_official,OPEN,2026-09-24,NMBHF2,NMB Hybrid Fund L- II,8.9,8.9,8.9,,8.9,9.1,-0.1999999999999993,,200.0,1780.0,2.0,0.0,0.0,-2.19780219780219,890.0,8.9
2026-09-24T05:45:27+00:00,2026-09-24T11:30:27+05:45,2026-09-24,11:30:27,1790228727,3,5,11,nepse_official,OPEN,2026-09-24,NMBMF,NMB  Microfinance Bittiya Sanstha Ltd.,597.0,597.0,597.0,,597.0,603.0,-6.0,,10.0,5970.0,1.0,0.0,0.0,-0.9950248756218906,5970.0,597.0
2026-09-24T05:45:27+00:00,2026-09-24T11:30:27+05:45,2026-09-24,11:30:27,1790228727,3,5,11,nepse_official,OPEN,2026-09-24,NMFBS,National Laghubitta Bittiya Sanstha Limited,1172.1,1172.1,1172.1,,1172.1,1181.0,-8.900000000000091,,11.0,12893.1,1.0,0.0,0.0,-0.7535986452159263,12893.1,1172.1000000000001
2026-09-24T05:45:27+00:00,2026-09-24T11:30:27+05:45,2026-09-24,11:30:27,1790228727,3,5,11,nepse_official,OPEN,2026-09-24,NMIC,Nepal Micro Insurance Company Limited,820.0,820.0,820.0,,820.0,830.0,-10.0,,10.0,8200.0,1.0,0.0,0.0,-1.2048192771084338,8200.0,820.0
2026-09-24T05:45:27+00:00,2026-09-24T11:30:27+05:45,2026-09-24,11:30:27,1790228727,3,5,11,nepse_official,OPEN,2026-09-24,NMLBBL,Nerude Mirmire Laghubitta Bittiya Sanstha Limited,477.9,492.2,477.9,,492.2,503.0,-10.800000000000011,,121.0,59413.2,2.0,14.300000000000011,2.992257794517684,-2.147117296222666,29706.6,491.0181818181818
2026-09-24T05:45:27+00:00,2026-09-24T11:30:27+05:45,2026-09-24,11:30:27,1790228727,3,5,11,nepse_official,OPEN,2026-09-24,NRIC,Nepal Reinsurance Company Limited,800.0,847.0,800.0,,825.0,820.0,5.0,,1382.0,1116409.0,17.0,47.0,5.875,0.6097560975609756,65671.11764705883,807.8212735166426
2026-09-24T05:45:27+00:00,2026-09-24T11:30:27+05:45,2026-09-24,11:30:27,1790228727,3,5,11,nepse_official,OPEN,2026-09-24,NRM,Nepal Republic Media Limited,286.1,286.1,286.1,,286.1,288.4,-2.2999999999999545,,70.0,20027.0,4.0,0.0,0.0,-0.7975034674063644,5006.75,286.1
2026-09-24T05:45:27+00:00,2026-09-24T11:30:27+05:45,2026-09-24,11:30:27,1790228727,3,5,11,nepse_official,OPEN,2026-09-24,NRN,NRN Infrastructure and Development Limited,1345.4,1447.5,1345.4,,1430.0,1416.2,13.799999999999955,,4578.0,6555812.0,26.0,102.09999999999991,7.588821168425739,0.9744386386103625,252146.61538461538,1432.0253385757974
2026-09-24T05:45:27+00:00,2026-09-24T11:30:27+05:45,2026-09-24,11:30:27,1790228727,3,5,11,nepse_official,OPEN,2026-09-24,NSIF2,NMB Sulav Investment Fund - 2,9.99,10.0,9.99,,10.0,10.08,-0.08000000000000007,,20500.0,204999.0,3.0,0.009999999999999787,0.10010010010009797,-0.7936507936507943,68333.0,9.999951219512194
2026-09-24T05:45:27+00:00,2026-09-24T11:30:27+05:45,2026-09-24,11:30:27,1790228727,3,5,11,nepse_official,OPEN,2026-09-24,NSY,Nepal Life Samriddhi Lagani Yojana,9.0,9.0,8.8,,8.8,9.1,-0.29999999999999893,,400.0,3580.0,3.0,0.1999999999999993,2.2222222222222143,-3.296703296703285,1193.3333333333333,8.95
2026-09-24T05:45:27+00:00,2026-09-24T11:30:27+05:45,2026-09-24,11:30:27,1790228727,3,5,11,nepse_official,OPEN,2026-09-24,NTC,Nepal Doorsanchar Company Limited,905.0,906.0,905.0,,905.8,906.0,-0.20000000000004547,,966.0,874515.7,10.0,1.0,0.11049723756906078,-0.022075055187642988,87451.56999999999,905.2957556935818
2026-09-24T05:45:27+00:00,2026-09-24T11:30:27+05:45,2026-09-24,11:30:27,1790228727,3,5,11,nepse_official,OPEN,2026-09-24,NWCL,Nepal Warehousing Company Limited ,593.1,593.1,593.1,,593.1,611.0,-17.899999999999977,,10.0,5931.0,1.0,0.0,0.0,-2.9296235679214364,5931.0,593.1
2026-09-24T05:45:27+00:00,2026-09-24T11:30:27+05:45,2026-09-24,11:30:27,1790228727,3,5,11,nepse_official,OPEN,2026-09-24,OMPL,Om Megashree Pharmaceuticals Limited,877.0,877.0,858.1,,858.1,875.0,-16.899999999999977,,104.0,91019.0,2.0,18.899999999999977,2.1550741163055847,-1.9314285714285686,45509.5,875.1826923076923
2026-09-24T05:45:27+00:00,2026-09-24T11:30:27+05:45,2026-09-24,11:30:27,1790228727,3,5,11,nepse_official,OPEN,2026-09-24,PBD93,"6.25% Prime Bank Debenture, 2093",1068.0,1068.0,1057.0,,1057.0,1068.0,-11.0,,475.0,502177.5,4.0,11.0,1.0299625468164793,-1.0299625468164793,125544.375,1057.2157894736843
2026-09-24T05:45:27+00:00,2026-09-24T11:30:27+05:45,2026-09-24,11:30:27,1790228727,3,5,11,nepse_official,OPEN,2026-09-24,PCBL,Prime Commercial Bank Ltd.,250.6,252.0,250.5,,251.5,253.0,-1.5,,6272.0,1573454.2,21.0,1.5,0.5985634477254589,-0.592885375494071,74926.39047619047,250.86961096938774
2026-09-24T05:45:27+00:00,2026-09-24T11:30:27+05:45,2026-09-24,11:30:27,1790228727,3,5,11,nepse_official,OPEN,2026-09-24,PCIL,Palpa Cement Industries Limited,605.0,611.0,605.0,,606.0,611.0,-5.0,,3166.0,1917446.3,48.0,6.0,0.9917355371900827,-0.8183306055646482,39946.79791666667,605.6368603916615
2026-09-24T05:45:27+00:00,2026-09-24T11:30:27+05:45,2026-09-24,11:30:27,1790228727,3,5,11,nepse_official,OPEN,2026-09-24,PFL,Pokhara Finance Ltd.,360.0,365.0,360.0,,362.0,355.4,6.600000000000023,,490.0,177765.0,15.0,5.0,1.3888888888888888,1.857062464828369,11851.0,362.7857142857143
2026-09-24T05:45:27+00:00,2026-09-24T11:30:27+05:45,2026-09-24,11:30:27,1790228727,3,5,11,nepse_official,OPEN,2026-09-24,PHCL,Peoples Hydropower Company Limited,312.0,315.0,311.0,,313.0,312.0,1.0,,16224.0,5082628.2,48.0,4.0,1.282051282051282,0.3205128205128205,105888.08750000001,313.27836538461537
2026-09-24T05:45:27+00:00,2026-09-24T11:30:27+05:45,2026-09-24,11:30:27,1790228727,3,5,11,nepse_official,OPEN,2026-09-24,PMLI,Prabhu Mahalaxmi Life Insurance Limited,413.0,413.0,413.0,,413.0,420.0,-7.0,,13.0,5369.0,1.0,0.0,0.0,-1.6666666666666667,5369.0,413.0
2026-09-24T05:45:27+00:00,2026-09-24T11:30:27+05:45,2026-09-24,11:30:27,1790228727,3,5,11,nepse_official,OPEN,2026-09-24,PPCL,Panchthar Power Compant Limited,341.0,341.0,332.0,,332.2,337.9,-5.699999999999989,,2936.0,975064.8,4.0,9.0,2.6392961876832843,-1.6868896123113315,243766.2,332.1065395095368
2026-09-24T05:45:27+00:00,2026-09-24T11:30:27+05:45,2026-09-24,11:30:27,1790228727,3,5,11,nepse_official,OPEN,2026-09-24,PPL,People's Power Limited,321.0,325.0,311.4,,325.0,325.0,0.0,,1080.0,350414.0,7.0,13.600000000000023,4.236760124610599,0.0,50059.142857142855,324.4574074074074
2026-09-24T05:45:27+00:00,2026-09-24T11:30:27+05:45,2026-09-24,11:30:27,1790228727,3,5,11,nepse_official,OPEN,2026-09-24,PRIN,Prabhu Insurance Ltd.,601.9,601.9,601.9,,601.9,601.9,0.0,,4.0,2344.0,2.0,0.0,0.0,0.0,1172.0,586.0
2026-09-24T05:45:27+00:00,2026-09-24T11:30:27+05:45,2026-09-24,11:30:27,1790228727,3,5,11,nepse_official,OPEN,2026-09-24,PROFL,Progressive Finance Limited,387.0,387.0,387.0,,387.0,383.3,3.6999999999999886,,10.0,3870.0,1.0,0.0,0.0,0.9653013305504797,3870.0,387.0
2026-09-24T05:45:27+00:00,2026-09-24T11:30:27+05:45,2026-09-24,11:30:27,1790228727,3,5,11,nepse_official,OPEN,2026-09-24,PRVU,Prabhu  Bank Limited,188.0,188.0,186.0,,186.1,186.3,-0.20000000000001705,,6605.0,1229665.6,16.0,2.0,1.0638297872340425,-0.10735373054214549,76854.1,186.1719303557911
2026-09-24T05:45:27+00:00,2026-09-24T11:30:27+05:45,2026-09-24,11:30:27,1790228727,3,5,11,nepse_official,OPEN,2026-09-24,PSF,Prabhu Select Fund,11.1,11.1,11.1,,11.1,10.93,0.16999999999999993,,200000.0,2220000.0,1.0,0.0,0.0,1.5553522415370533,2220000.0,11.1
2026-09-24T05:45:27+00:00,2026-09-24T11:30:27+05:45,2026-09-24,11:30:27,1790228727,3,5,11,nepse_official,OPEN,2026-09-24,PURE,Pure Energy Limited,800.0,800.0,800.0,,800.0,795.0,5.0,,510.0,408000.0,2.0,0.0,0.0,0.628930817610063,204000.0,800.0
2026-09-24T05:45:27+00:00,2026-09-24T11:30:27+05:45,2026-09-24,11:30:27,1790228727,3,5,11,nepse_official,OPEN,2026-09-24,RADHI,Radhi Bidyut Company Ltd,717.0,720.0,713.0,,715.0,717.0,-2.0,,16492.0,11815192.3,29.0,7.0,0.9762900976290098,-0.2789400278940028,407420.4241379311,716.4196155711861
2026-09-24T05:45:27+00:00,2026-09-24T11:30:27+05:45,2026-09-24,11:30:27,1790228727,3,5,11,nepse_official,OPEN,2026-09-24,RAWA,Rawa Energy Development Limited,407.0,415.0,407.0,,413.0,414.0,-1.0,,1777.0,734530.1,15.0,8.0,1.9656019656019657,-0.24154589371980675,48968.67333333333,413.35402363534047
2026-09-24T05:45:27+00:00,2026-09-24T11:30:27+05:45,2026-09-24,11:30:27,1790228727,3,5,11,nepse_official,OPEN,2026-09-24,RFPL,River Falls Power Limited,331.1,334.8,331.1,,334.8,334.2,0.6000000000000227,,280.0,93400.0,4.0,3.6999999999999886,1.1174871639987882,0.17953321364453106,23350.0,333.57142857142856
2026-09-24T05:45:27+00:00,2026-09-24T11:30:27+05:45,2026-09-24,11:30:27,1790228727,3,5,11,nepse_official,OPEN,2026-09-24,RHGCL,Rapti Hydro And General Construction Limited,268.0,268.0,260.1,,260.5,267.9,-7.399999999999977,,5855.0,1537593.0,17.0,7.899999999999977,2.9477611940298423,-2.7622247107129443,90446.64705882352,262.61195559350983
2026-09-24T05:45:27+00:00,2026-09-24T11:30:27+05:45,2026-09-24,11:30:27,1790228727,3,5,11,nepse_official,OPEN,2026-09-24,RHPL,RASUWAGADHI HYDROPOWER COMPANY LIMITED,170.0,171.0,168.0,,168.0,170.0,-2.0,,3455.0,584709.0,18.0,3.0,1.7647058823529411,-1.1764705882352942,32483.833333333332,169.2356005788712
2026-09-24T05:45:27+00:00,2026-09-24T11:30:27+05:45,2026-09-24,11:30:27,1790228727,3,5,11,nepse_official,OPEN,2026-09-24,RIDI,Ridi Power Company Limited,347.0,347.0,342.1,,342.1,344.6,-2.5,,8105.0,2777668.0,31.0,4.899999999999977,1.412103746397688,-0.7254788160185722,89602.19354838709,342.7104256631709
2026-09-24T05:45:27+00:00,2026-09-24T11:30:27+05:45,2026-09-24,11:30:27,1790228727,3,5,11,nepse_official,OPEN,2026-09-24,RLEL,Ridge Line Energy Limited,735.0,758.1,735.0,,741.0,745.0,-4.0,,610.0,451742.0,11.0,23.100000000000023,3.142857142857146,-0.5369127516778524,41067.454545454544,740.5606557377049
2026-09-24T05:45:27+00:00,2026-09-24T11:30:27+05:45,2026-09-24,11:30:27,1790228727,3,5,11,nepse_official,OPEN,2026-09-24,RLFL,Reliance Finance Ltd.,401.8,426.4,401.8,,426.4,422.9,3.5,,30.0,12457.0,3.0,24.599999999999966,6.122448979591828,0.8276188224166471,4152.333333333333,415.23333333333335
2026-09-24T05:45:27+00:00,2026-09-24T11:30:27+05:45,2026-09-24,11:30:27,1790228727,3,5,11,nepse_official,OPEN,2026-09-24,RMF1,RBB Mutual Fund 1,9.27,9.27,9.27,,9.27,9.29,-0.019999999999999574,,200.0,1854.0,1.0,0.0,0.0,-0.21528525296016765,1854.0,9.27
2026-09-24T05:45:27+00:00,2026-09-24T11:30:27+05:45,2026-09-24,11:30:27,1790228727,3,5,11,nepse_official,OPEN,2026-09-24,RMF2,RBB Mutual Fund 2,10.25,10.25,10.11,,10.11,10.03,0.08000000000000007,,40500.0,415055.0,3.0,0.14000000000000057,1.365853658536591,0.7976071784646069,138351.66666666666,10.248271604938271
2026-09-24T05:45:27+00:00,2026-09-24T11:30:27+05:45,2026-09-24,11:30:27,1790228727,3,5,11,nepse_official,OPEN,2026-09-24,RNLI,Reliable Nepal Life Insurance Limited,436.0,436.0,434.0,,435.2,438.0,-2.8000000000000114,,1364.0,592835.2,18.0,2.0,0.45871559633027525,-0.6392694063926967,32935.288888888885,434.62991202346035
2026-09-24T05:45:27+00:00,2026-09-24T11:30:27+05:45,2026-09-24,11:30:27,1790228727,3,5,11,nepse_official,OPEN,2026-09-24,RSDC,RSDC Laghubitta Bittiya Sanstha Ltd.,632.0,632.5,632.0,,632.5,631.0,1.5,,21.0,13277.5,2.0,0.5,0.07911392405063292,0.2377179080824089,6638.75,632.2619047619048
2026-09-24T05:45:27+00:00,2026-09-24T11:30:27+05:45,2026-09-24,11:30:27,1790228727,3,5,11,nepse_official,OPEN,2026-09-24,RSML,Reliance Spinning Mills Limited,2730.0,2749.0,2710.0,,2747.9,2722.9,25.0,,16353.0,44711475.0,63.0,39.0,1.4285714285714286,0.918138749127768,709705.9523809524,2734.1451109888094
2026-09-24T05:45:27+00:00,2026-09-24T11:30:27+05:45,2026-09-24,11:30:27,1790228727,3,5,11,nepse_official,OPEN,2026-09-24,RSY2,Reliable Samriddhi Yojana -2,8.61,8.62,8.61,,8.62,8.85,-0.23000000000000043,,200.0,1723.0,2.0,0.009999999999999787,0.1161440185830405,-2.59887005649718,861.5,8.615
2026-09-24T05:45:27+00:00,2026-09-24T11:30:27+05:45,2026-09-24,11:30:27,1790228727,3,5,11,nepse_official,OPEN,2026-09-24,SABBL,Salapa Bikas Bank Limited,866.0,887.0,866.0,,872.1,872.9,-0.7999999999999545,,380.0,333854.0,16.0,21.0,2.424942263279446,-0.09164852789551547,20865.875,878.5631578947368
2026-09-24T05:45:27+00:00,2026-09-24T11:30:27+05:45,2026-09-24,11:30:27,1790228727,3,5,11,nepse_official,OPEN,2026-09-24,SADBL,Shangrila Development Bank Ltd.,411.5,413.0,407.5,,410.0,411.54,-1.5400000000000205,,9110.0,3736936.3,33.0,5.5,1.336573511543135,-0.3742042085824028,113240.49393939393,410.2015697036224
2026-09-24T05:45:27+00:00,2026-09-24T11:30:27+05:45,2026-09-24,11:30:27,1790228727,3,5,11,nepse_official,OPEN,2026-09-24,SAEF2,Sanima Equity Fund-2,8.97,9.0,8.97,,9.0,9.06,-0.0600000000000005,,200.0,1797.0,2.0,0.02999999999999936,0.3344481605351099,-0.6622516556291446,898.5,8.985
2026-09-24T05:45:27+00:00,2026-09-24T11:30:27+05:45,2026-09-24,11:30:27,1790228727,3,5,11,nepse_official,OPEN,2026-09-24,SAGAR,Sagar Distillery Limited,1565.1,1570.0,1565.1,,1570.0,1590.0,-20.0,,80.0,125497.0,6.0,4.900000000000091,0.31307903648329766,-1.257861635220126,20916.166666666668,1568.7125
2026-09-24T05:45:27+00:00,2026-09-24T11:30:27+05:45,2026-09-24,11:30:27,1790228727,3,5,11,nepse_official,OPEN,2026-09-24,SAHAS,Sahas Urja Limited,662.1,697.7,662.1,,694.3,696.9,-2.6000000000000227,,8450.0,5836377.9,35.0,35.60000000000002,5.376831294366413,-0.37308078633950675,166753.6542857143,690.6956094674557
2026-09-24T05:45:27+00:00,2026-09-24T11:30:27+05:45,2026-09-24,11:30:27,1790228727,3,5,11,nepse_official,OPEN,2026-09-24,SAIL,Shreenagar Agritech Industries Limited,925.0,1007.8,925.0,,973.0,973.0,0.0,,437.0,425714.9,26.0,82.79999999999995,8.951351351351347,0.0,16373.650000000001,974.1759725400458
2026-09-24T05:45:27+00:00,2026-09-24T11:30:27+05:45,2026-09-24,11:30:27,1790228727,3,5,11,nepse_official,OPEN,2026-09-24,SALICO,Sagarmatha Lumbini Insurance Co. Limited,540.0,540.0,540.0,,540.0,540.0,0.0,,4.0,2120.0,1.0,0.0,0.0,0.0,2120.0,530.0
2026-09-24T05:45:27+00:00,2026-09-24T11:30:27+05:45,2026-09-24,11:30:27,1790228727,3,5,11,nepse_official,OPEN,2026-09-24,SANIMA,Sanima Bank Limited,366.0,367.0,364.2,,364.2,368.0,-3.8000000000000114,,640.0,234326.0,5.0,2.8000000000000114,0.7650273224043747,-1.032608695652177,46865.2,366.134375
2026-09-24T05:45:27+00:00,2026-09-24T11:30:27+05:45,2026-09-24,11:30:27,1790228727,3,5,11,nepse_official,OPEN,2026-09-24,SANVI,Sanvi Energy Limited,552.0,558.0,552.0,,558.0,564.0,-6.0,,30.0,16670.0,3.0,6.0,1.0869565217391304,-1.0638297872340425,5556.666666666667,555.6666666666666
2026-09-24T05:45:27+00:00,2026-09-24T11:30:27+05:45,2026-09-24,11:30:27,1790228727,3,5,11,nepse_official,OPEN,2026-09-24,SAPDBL,Saptakoshi Development Bank Ltd,612.0,617.0,602.0,,602.0,606.0,-4.0,,3619.0,2220382.5,15.0,15.0,2.450980392156863,-0.6600660066006601,148025.5,613.5348162475822
2026-09-24T05:45:27+00:00,2026-09-24T11:30:27+05:45,2026-09-24,11:30:27,1790228727,3,5,11,nepse_official,OPEN,2026-09-24,SAPIL,Sarvottam Paints Industries Limited,1333.0,1333.0,1313.2,,1317.0,1333.0,-16.0,,390.0,513684.0,26.0,19.799999999999955,1.4853713428357056,-1.2003000750187547,19757.076923076922,1317.1384615384616
2026-09-24T05:45:27+00:00,2026-09-24T11:30:27+05:45,2026-09-24,11:30:27,1790228727,3,5,11,nepse_official,OPEN,2026-09-24,SBI,Nepal SBI Bank Limited,403.0,403.0,402.2,,402.2,407.0,-4.800000000000011,,485.0,195175.0,8.0,0.8000000000000114,0.19851116625310455,-1.179361179361182,24396.875,402.4226804123711
2026-09-24T05:45:27+00:00,2026-09-24T11:30:27+05:45,2026-09-24,11:30:27,1790228727,3,5,11,nepse_official,OPEN,2026-09-24,SBID89,9% Nepal SBI Bank Rinpatra 2089,1140.18,1140.18,1140.18,,1140.18,1145.0,-4.819999999999936,,25.0,28503.6,2.0,0.0,0.0,-0.4209606986899508,14251.8,1140.144
2026-09-24T05:45:27+00:00,2026-09-24T11:30:27+05:45,2026-09-24,11:30:27,1790228727,3,5,11,nepse_official,OPEN,2026-09-24,SBL,Siddhartha Bank Limited,457.0,458.0,456.0,,457.0,457.0,0.0,,21752.0,9944019.2,61.0,2.0,0.437636761487965,0.0,163016.7081967213,457.1542478852519
2026-09-24T05:45:27+00:00,2026-09-24T11:30:27+05:45,2026-09-24,11:30:27,1790228727,3,5,11,nepse_official,OPEN,2026-09-24,SEF2,Siddhartha Equity Fund 2,8.92,8.92,8.92,,8.92,9.1,-0.17999999999999972,,100.0,892.0,1.0,0.0,0.0,-1.9780219780219748,892.0,8.92
2026-09-24T05:45:27+00:00,2026-09-24T11:30:27+05:45,2026-09-24,11:30:27,1790228727,3,5,11,nepse_official,OPEN,2026-09-24,SGHC,Swet-Ganga Hydropower & Construction Limited ,298.0,298.0,295.0,,297.0,297.0,0.0,,405.0,120170.0,9.0,3.0,1.006711409395973,0.0,13352.222222222223,296.71604938271605
2026-09-24T05:45:27+00:00,2026-09-24T11:30:27+05:45,2026-09-24,11:30:27,1790228727,3,5,11,nepse_official,OPEN,2026-09-24,SGHL,Sanigad Hydro Limited,460.9,489.0,460.9,,482.6,485.1,-2.5,,2870.0,1390071.5,85.0,28.100000000000023,6.096767194619228,-0.5153576582148011,16353.782352941176,484.34547038327526
2026-09-24T05:45:27+00:00,2026-09-24T11:30:27+05:45,2026-09-24,11:30:27,1790228727,3,5,11,nepse_official,OPEN,2026-09-24,SGIC,Sanima GIC Insurance Limited,377.0,388.0,377.0,,385.0,387.0,-2.0,,112.0,43210.0,4.0,11.0,2.9177718832891246,-0.516795865633075,10802.5,385.80357142857144
2026-09-24T05:45:27+00:00,2026-09-24T11:30:27+05:45,2026-09-24,11:30:27,1790228727,3,5,11,nepse_official,OPEN,2026-09-24,SHEL,Singati Hydro Energy Limited,288.0,304.0,288.0,,304.0,302.0,2.0,,1711.0,515610.6,15.0,16.0,5.555555555555555,0.6622516556291391,34374.04,301.3504383401519
2026-09-24T05:45:27+00:00,2026-09-24T11:30:27+05:45,2026-09-24,11:30:27,1790228727,3,5,11,nepse_official,OPEN,2026-09-24,SHINE,Shine Resunga Development Bank Ltd.,428.1,429.0,428.0,,429.0,429.1,-0.10000000000002274,,1844.0,789844.2,14.0,1.0,0.233590282644242,-0.02330459100443317,56417.44285714285,428.33199566160516
2026-09-24T05:45:27+00:00,2026-09-24T11:30:27+05:45,2026-09-24,11:30:27,1790228727,3,5,11,nepse_official,OPEN,2026-09-24,SHIVM,SHIVAM CEMENTS LTD,689.0,689.5,686.1,,689.0,687.0,2.0,,19511.0,13415808.2,70.0,3.3999999999999773,0.4934687953555845,0.2911208151382824,191654.40285714285,687.6022858900108
2026-09-24T05:45:27+00:00,2026-09-24T11:30:27+05:45,2026-09-24,11:30:27,1790228727,3,5,11,nepse_official,OPEN,2026-09-24,SHL,Soaltee Hotel Limited,515.1,515.1,515.0,,515.0,517.6,-2.6000000000000227,,1517.0,781355.5,6.0,0.10000000000002274,0.019413706076494414,-0.5023183925811481,130225.91666666667,515.0662491760053
2026-09-24T05:45:27+00:00,2026-09-24T11:30:27+05:45,2026-09-24,11:30:27,1790228727,3,5,11,nepse_official,OPEN,2026-09-24,SHLB,Shrijanshil Laghubitta Bittiya Sanstha Limited,1305.0,1305.0,1305.0,,1305.0,1305.0,0.0,,10.0,13050.0,1.0,0.0,0.0,0.0,13050.0,1305.0
2026-09-24T05:45:27+00:00,2026-09-24T11:30:27+05:45,2026-09-24,11:30:27,1790228727,3,5,11,nepse_official,OPEN,2026-09-24,SHPC,Sanima Mai Hydropower Ltd.,528.0,528.9,527.0,,528.9,529.9,-1.0,,1750.0,923702.0,8.0,1.8999999999999773,0.35984848484848053,-0.1887148518588413,115462.75,527.8297142857143
2026-09-24T05:45:27+00:00,2026-09-24T11:30:27+05:45,2026-09-24,11:30:27,1790228727,3,5,11,nepse_official,OPEN,2026-09-24,SICL,Shikhar Insurance Co. Ltd.,564.9,564.9,564.9,,564.9,558.0,6.899999999999977,,10.0,5649.0,1.0,0.0,0.0,1.2365591397849423,5649.0,564.9
2026-09-24T05:45:27+00:00,2026-09-24T11:30:27+05:45,2026-09-24,11:30:27,1790228727,3,5,11,nepse_official,OPEN,2026-09-24,SIGS3,Siddhartha Investment Growth Scheme 3,10.27,10.27,10.27,,10.27,10.27,0.0,,1960.0,20129.2,2.0,0.0,0.0,0.0,10064.6,10.27
2026-09-24T05:45:27+00:00,2026-09-24T11:30:27+05:45,2026-09-24,11:30:27,1790228727,3,5,11,nepse_official,OPEN,2026-09-24,SIKLES,Sikles Hydropower Limited,570.0,581.0,570.0,,570.0,571.0,-1.0,,1050.0,599840.0,7.0,11.0,1.9298245614035088,-0.17513134851138354,85691.42857142857,571.2761904761904
2026-09-24T05:45:27+00:00,2026-09-24T11:30:27+05:45,2026-09-24,11:30:27,1790228727,3,5,11,nepse_official,OPEN,2026-09-24,SINDU,Sindhu Bikash Bank Ltd,410.3,422.6,410.3,,415.1,418.5,-3.3999999999999773,,461.0,193438.1,10.0,12.300000000000011,2.9978064830611775,-0.8124253285543553,19343.81,419.6054229934924
2026-09-24T05:45:27+00:00,2026-09-24T11:30:27+05:45,2026-09-24,11:30:27,1790228727,3,5,11,nepse_official,OPEN,2026-09-24,SIPD,Shikhar power Development Limited,566.0,579.0,560.0,,562.0,563.9,-1.8999999999999773,,187.0,105823.0,16.0,19.0,3.356890459363958,-0.3369391736123386,6613.9375,565.8983957219251
2026-09-24T05:45:27+00:00,2026-09-24T11:30:27+05:45,2026-09-24,11:30:27,1790228727,3,5,11,nepse_official,OPEN,2026-09-24,SJCL,SANJEN JALAVIDHYUT COMPANY LIMITED,240.5,247.4,240.5,,247.3,246.0,1.3000000000000114,,140.0,34489.0,4.0,6.900000000000006,2.869022869022871,0.5284552845528502,8622.25,246.35
2026-09-24T05:45:27+00:00,2026-09-24T11:30:27+05:45,2026-09-24,11:30:27,1790228727,3,5,11,nepse_official,OPEN,2026-09-24,SJLIC,SuryaJyoti Life Insurance Company Limited,413.0,413.0,413.0,,413.0,415.0,-2.0,,20.0,8260.0,2.0,0.0,0.0,-0.48192771084337355,4130.0,413.0
2026-09-24T05:45:27+00:00,2026-09-24T11:30:27+05:45,2026-09-24,11:30:27,1790228727,3,5,11,nepse_official,OPEN,2026-09-24,SKBBL,Sana Kisan Bikas Laghubitta Bittiya Sanstha Limited,769.8,769.8,769.8,,769.8,762.0,7.7999999999999545,,100.0,76980.0,1.0,0.0,0.0,1.0236220472440887,76980.0,769.8
2026-09-24T05:45:27+00:00,2026-09-24T11:30:27+05:45,2026-09-24,11:30:27,1790228727,3,5,11,nepse_official,OPEN,2026-09-24,SKHEL,Suryakunda Hydro Electric Limited,822.1,823.0,820.0,,820.0,845.0,-25.0,,290.0,238340.0,7.0,3.0,0.3649191095973726,-2.9585798816568047,34048.57142857143,821.8620689655172
2026-09-24T05:45:27+00:00,2026-09-24T11:30:27+05:45,2026-09-24,11:30:27,1790228727,3,5,11,nepse_official,OPEN,2026-09-24,SKHL,Super Khudi Hydropower Limited,736.0,737.0,736.0,,737.0,743.9,-6.899999999999977,,500.0,368025.0,10.0,1.0,0.1358695652173913,-0.9275440247345044,36802.5,736.05
2026-09-24T05:45:27+00:00,2026-09-24T11:30:27+05:45,2026-09-24,11:30:27,1790228727,3,5,11,nepse_official,OPEN,2026-09-24,SLBSL,Samudayik Laghubitta Bittiya Sanstha Limited,885.0,908.0,885.0,,908.0,904.0,4.0,,323.0,292045.0,4.0,23.0,2.598870056497175,0.4424778761061947,73011.25,904.1640866873065
2026-09-24T05:45:27+00:00,2026-09-24T11:30:27+05:45,2026-09-24,11:30:27,1790228727,3,5,11,nepse_official,OPEN,2026-09-24,SMATA,Samata Gharelu Laghubitta Bittiya Sanstha Limited,695.0,695.0,695.0,,695.0,695.0,0.0,,1.0,680.0,1.0,0.0,0.0,0.0,680.0,680.0
2026-09-24T05:45:27+00:00,2026-09-24T11:30:27+05:45,2026-09-24,11:30:27,1790228727,3,5,11,nepse_official,OPEN,2026-09-24,SMB,Support Microfinance Bittiya Sanstha Ltd.,1820.1,1820.1,1820.0,,1820.0,1859.0,-39.0,,44.0,80081.0,3.0,0.09999999999990905,0.005494203615180982,-2.097902097902098,26693.666666666668,1820.0227272727273
2026-09-24T05:45:27+00:00,2026-09-24T11:30:27+05:45,2026-09-24,11:30:27,1790228727,3,5,11,nepse_official,OPEN,2026-09-24,SMFBS,Swabhimaan Laghubitta Bittiya Sanstha Limited,1480.0,1480.0,1480.0,,1480.0,1417.0,63.0,,10.0,14800.0,1.0,0.0,0.0,4.446012702893437,14800.0,1480.0
2026-09-24T05:45:27+00:00,2026-09-24T11:30:27+05:45,2026-09-24,11:30:27,1790228727,3,5,11,nepse_official,OPEN,2026-09-24,SMH,Super Mai Hydropower Limited,511.5,511.5,511.0,,511.0,511.0,0.0,,64.0,32709.0,2.0,0.5,0.09775171065493646,0.0,16354.5,511.078125
2026-09-24T05:45:27+00:00,2026-09-24T11:30:27+05:45,2026-09-24,11:30:27,1790228727,3,5,11,nepse_official,OPEN,2026-09-24,SMHL,Super Madi Hydropower Limited,465.0,467.0,465.0,,467.0,468.0,-1.0,,110.0,51170.0,4.0,2.0,0.43010752688172044,-0.2136752136752137,12792.5,465.1818181818182
2026-09-24T05:45:27+00:00,2026-09-24T11:30:27+05:45,2026-09-24,11:30:27,1790228727,3,5,11,nepse_official,OPEN,2026-09-24,SMJC,Sagarmatha Jalabidhyut Company Limited,418.0,418.0,410.0,,410.0,411.9,-1.8999999999999773,,139.0,57790.0,3.0,8.0,1.9138755980861244,-0.4612770089827573,19263.333333333332,415.75539568345323
2026-09-24T05:45:27+00:00,2026-09-24T11:30:27+05:45,2026-09-24,11:30:27,1790228727,3,5,11,nepse_official,OPEN,2026-09-24,SNLI,Sun Nepal Life Insurance Company Limited,420.0,420.0,411.0,,412.1,417.0,-4.899999999999977,,346.0,143318.4,10.0,9.0,2.142857142857143,-1.1750599520383638,14331.84,414.2150289017341
2026-09-24T05:45:27+00:00,2026-09-24T11:30:27+05:45,2026-09-24,11:30:27,1790228727,3,5,11,nepse_official,OPEN,2026-09-24,SNORL,Snow Rivers Limited,888.0,902.0,862.0,,883.0,859.09,23.909999999999968,,8675.0,7597929.0,104.0,40.0,4.504504504504505,2.783177548336026,73057.00961538461,875.8419596541787
2026-09-24T05:45:27+00:00,2026-09-24T11:30:27+05:45,2026-09-24,11:30:27,1790228727,3,5,11,nepse_official,OPEN,2026-09-24,SOHL,Solu Hydropower Limited,645.0,649.0,636.8,,638.5,643.1,-4.600000000000023,,7184.0,4613093.8,70.0,12.200000000000045,1.8914728682170614,-0.7152853366506021,65901.34,642.1344376391982
2026-09-24T05:45:27+00:00,2026-09-24T11:30:27+05:45,2026-09-24,11:30:27,1790228727,3,5,11,nepse_official,OPEN,2026-09-24,SONA,Sonapur Minerals And Oil Limited,383.8,409.0,383.8,,403.2,404.0,-0.8000000000000114,,6093.0,2466040.5,39.0,25.19999999999999,6.565919749869721,-0.19801980198020083,63231.807692307695,404.73338257016246
2026-09-24T05:45:27+00:00,2026-09-24T11:30:27+05:45,2026-09-24,11:30:27,1790228727,3,5,11,nepse_official,OPEN,2026-09-24,SOPL,Sopan Pharmaceuticals Limited,727.0,731.9,727.0,,730.0,734.9,-4.899999999999977,,6480.0,4732452.5,51.0,4.899999999999977,0.6740027510316338,-0.6667573819567257,92793.1862745098,730.3167438271605
2026-09-24T05:45:27+00:00,2026-09-24T11:30:27+05:45,2026-09-24,11:30:27,1790228727,3,5,11,nepse_official,OPEN,2026-09-24,SPC,Samling Power Company Limited,403.0,403.0,403.0,,403.0,405.0,-2.0,,10.0,4030.0,1.0,0.0,0.0,-0.49382716049382713,4030.0,403.0
2026-09-24T05:45:27+00:00,2026-09-24T11:30:27+05:45,2026-09-24,11:30:27,1790228727,3,5,11,nepse_official,OPEN,2026-09-24,SPDL,Synergy Power Development Ltd.,356.0,356.0,352.0,,356.0,356.0,0.0,,2200.0,777854.5,10.0,4.0,1.1235955056179776,0.0,77785.45,353.57022727272727
2026-09-24T05:45:27+00:00,2026-09-24T11:30:27+05:45,2026-09-24,11:30:27,1790228727,3,5,11,nepse_official,OPEN,2026-09-24,SPHL,Sayapatri Hydropower Limited,507.2,508.2,507.2,,508.2,513.9,-5.699999999999989,,20.0,10154.0,2.0,1.0,0.1971608832807571,-1.10916520723876,5077.0,507.7
2026-09-24T05:45:27+00:00,2026-09-24T11:30:27+05:45,2026-09-24,11:30:27,1790228727,3,5,11,nepse_official,OPEN,2026-09-24,SPIL,Siddhartha Premier Insurance Limited,635.7,635.7,617.0,,617.0,630.0,-13.0,,48.0,29803.0,2.0,18.700000000000045,2.9416391379581635,-2.0634920634920633,14901.5,620.8958333333334
2026-09-24T05:45:27+00:00,2026-09-24T11:30:27+05:45,2026-09-24,11:30:27,1790228727,3,5,11,nepse_official,OPEN,2026-09-24,SPL,Shuvam Power Limited,609.0,609.0,590.8,,590.8,602.9,-12.100000000000023,,710.0,419770.0,4.0,18.200000000000045,2.9885057471264442,-2.0069663294078657,104942.5,591.2253521126761
2026-09-24T05:45:27+00:00,2026-09-24T11:30:27+05:45,2026-09-24,11:30:27,1790228727,3,5,11,nepse_official,OPEN,2026-09-24,SRLI,Sanima Reliance Life Insurance Limited,367.0,367.0,363.2,,366.0,368.0,-2.0,,2704.0,986697.7,17.0,3.8000000000000114,1.0354223433242538,-0.5434782608695652,58041.041176470586,364.9029955621302
2026-09-24T05:45:27+00:00,2026-09-24T11:30:27+05:45,2026-09-24,11:30:27,1790228727,3,5,11,nepse_official,OPEN,2026-09-24,SSHL,Shiva Shree Hydropower Ltd,207.2,209.0,205.2,,207.5,210.0,-2.5,,24525.0,5077230.8,48.0,3.8000000000000114,1.8339768339768396,-1.1904761904761905,105775.64166666666,207.02266258919468
2026-09-24T05:45:27+00:00,2026-09-24T11:30:27+05:45,2026-09-24,11:30:27,1790228727,3,5,11,nepse_official,OPEN,2026-09-24,STC,Salt Trading Corporation,5412.0,5412.0,5412.0,,5412.0,5499.0,-87.0,,10.0,54120.0,1.0,0.0,0.0,-1.5821058374249863,54120.0,5412.0
2026-09-24T05:45:27+00:00,2026-09-24T11:30:27+05:45,2026-09-24,11:30:27,1790228727,3,5,11,nepse_official,OPEN,2026-09-24,SYPNL,SY Panel Nepal Limited,1305.0,1318.8,1300.0,,1318.8,1309.8,9.0,,1391.0,1819652.0,33.0,18.799999999999955,1.4406130268199198,0.6871278057718736,55140.969696969696,1308.1610352264559
2026-09-24T05:45:27+00:00,2026-09-24T11:30:27+05:45,2026-09-24,11:30:27,1790228727,3,5,11,nepse_official,OPEN,2026-09-24,TAMOR,Sanima Middle Tamor Hydropower Limited,530.0,530.0,511.0,,523.0,534.0,-11.0,,145135.0,75445860.0,353.0,19.0,3.5849056603773586,-2.0599250936329585,213727.64872521246,519.8322940710373
2026-09-24T05:45:27+00:00,2026-09-24T11:30:27+05:45,2026-09-24,11:30:27,1790228727,3,5,11,nepse_official,OPEN,2026-09-24,TPC,Terhathum Power Company Limited,361.0,361.0,361.0,,361.0,363.4,-2.3999999999999773,,100.0,36100.0,1.0,0.0,0.0,-0.6604292790313642,36100.0,361.0
2026-09-24T05:45:27+00:00,2026-09-24T11:30:27+05:45,2026-09-24,11:30:27,1790228727,3,5,11,nepse_official,OPEN,2026-09-24,TPKHL,Taksar Pikhuwa Khola Hydropower Limited,481.7,513.0,481.7,,504.0,507.0,-3.0,,2003.0,998096.8,49.0,31.30000000000001,6.497820220053978,-0.591715976331361,20369.322448979594,498.3009485771343
2026-09-24T05:45:27+00:00,2026-09-24T11:30:27+05:45,2026-09-24,11:30:27,1790228727,3,5,11,nepse_official,OPEN,2026-09-24,TSHL,Three Star Hydropower Limited,353.0,353.0,325.0,,334.7,353.0,-18.30000000000001,,50.0,16902.0,5.0,28.0,7.932011331444759,-5.184135977337114,3380.4,338.04
2026-09-24T05:45:27+00:00,2026-09-24T11:30:27+05:45,2026-09-24,11:30:27,1790228727,3,5,11,nepse_official,OPEN,2026-09-24,TTL,Trade Tower Limited,688.0,689.0,688.0,,688.0,688.4,-0.39999999999997726,,315.0,216740.0,11.0,1.0,0.14534883720930233,-0.05810575246949118,19703.636363636364,688.063492063492
2026-09-24T05:45:27+00:00,2026-09-24T11:30:27+05:45,2026-09-24,11:30:27,1790228727,3,5,11,nepse_official,OPEN,2026-09-24,TVCL,Trishuli Jal Vidhyut Company Limited ,297.0,299.9,282.3,,288.0,296.0,-8.0,,4339.0,1234245.5,16.0,17.599999999999966,5.925925925925914,-2.7027027027027026,77140.34375,284.453906430053
2026-09-24T05:45:27+00:00,2026-09-24T11:30:27+05:45,2026-09-24,11:30:27,1790228727,3,5,11,nepse_official,OPEN,2026-09-24,UAIL,United Ajod Insurance Limited,370.0,370.0,365.0,,365.0,370.0,-5.0,,38.0,13845.6,5.0,5.0,1.3513513513513513,-1.3513513513513513,2769.12,364.3578947368421
2026-09-24T05:45:27+00:00,2026-09-24T11:30:27+05:45,2026-09-24,11:30:27,1790228727,3,5,11,nepse_official,OPEN,2026-09-24,UHEWA,Upper Hewakhola Hydropower Company Limited,595.0,595.0,585.0,,585.0,592.0,-7.0,,200.0,118000.0,2.0,10.0,1.680672268907563,-1.1824324324324325,59000.0,590.0
2026-09-24T05:45:27+00:00,2026-09-24T11:30:27+05:45,2026-09-24,11:30:27,1790228727,3,5,11,nepse_official,OPEN,2026-09-24,ULHC,Upper Lohore Khola Hydropower Company Limited,330.0,330.0,330.0,,330.0,330.0,0.0,,210.0,69300.0,2.0,0.0,0.0,0.0,34650.0,330.0
2026-09-24T05:45:27+00:00,2026-09-24T11:30:27+05:45,2026-09-24,11:30:27,1790228727,3,5,11,nepse_official,OPEN,2026-09-24,UMRH,United IDI Mardi RB Hydropower Limited.,505.0,505.0,503.1,,503.1,505.0,-1.8999999999999773,,2302.0,1162487.2,7.0,1.8999999999999773,0.3762376237623717,-0.3762376237623717,166069.6,504.9900955690704
2026-09-24T05:45:27+00:00,2026-09-24T11:30:27+05:45,2026-09-24,11:30:27,1790228727,3,5,11,nepse_official,OPEN,2026-09-24,UNLB,Unique Nepal Laghubitta Bittiya Sanstha Limited,1220.0,1220.0,1220.0,,1220.0,1249.0,-29.0,,10.0,12200.0,1.0,0.0,0.0,-2.321857485988791,12200.0,1220.0
2026-09-24T05:45:27+00:00,2026-09-24T11:30:27+05:45,2026-09-24,11:30:27,1790228727,3,5,11,nepse_official,OPEN,2026-09-24,UPCL,UNIVERSAL POWER COMPANY LTD,338.0,338.0,336.0,,336.0,336.0,0.0,,680.0,228850.0,5.0,2.0,0.591715976331361,0.0,45770.0,336.54411764705884
2026-09-24T05:45:27+00:00,2026-09-24T11:30:27+05:45,2026-09-24,11:30:27,1790228727,3,5,11,nepse_official,OPEN,2026-09-24,UPPER,Upper Tamakoshi Hydropower Ltd,192.0,193.0,190.0,,192.0,193.5,-1.5,,17319.0,3306621.5,39.0,3.0,1.5625,-0.7751937984496124,84785.16666666667,190.9245048790346
2026-09-24T05:45:27+00:00,2026-09-24T11:30:27+05:45,2026-09-24,11:30:27,1790228727,3,5,11,nepse_official,OPEN,2026-09-24,USHEC,Upper Solu Hydro Electric Company Limited,500.6,501.1,500.6,,501.0,508.9,-7.899999999999977,,536.0,268480.0,5.0,0.5,0.0998801438274071,-1.5523678522302962,53696.0,500.8955223880597
2026-09-24T05:45:27+00:00,2026-09-24T11:30:27+05:45,2026-09-24,11:30:27,1790228727,3,5,11,nepse_official,OPEN,2026-09-24,USHL,Upper Syange Hydropower Limited,517.3,517.3,517.3,,517.3,521.5,-4.2000000000000455,,10.0,5173.0,1.0,0.0,0.0,-0.8053691275167872,5173.0,517.3
2026-09-24T05:45:27+00:00,2026-09-24T11:30:27+05:45,2026-09-24,11:30:27,1790228727,3,5,11,nepse_official,OPEN,2026-09-24,USLB,Unnati Sahakarya Laghubitta Bittiya Sanstha Limited,1038.4,1113.0,1038.4,,1113.0,1093.0,20.0,,501.0,551569.7,8.0,74.59999999999991,7.184129429892132,1.8298261665141813,68946.2125,1100.9375249500997
2026-09-24T05:45:27+00:00,2026-09-24T11:30:27+05:45,2026-09-24,11:30:27,1790228727,3,5,11,nepse_official,OPEN,2026-09-24,VLBS,Vijaya laghubitta Bittiya Sanstha Ltd.,618.0,618.0,618.0,,618.0,632.0,-14.0,,10.0,6180.0,1.0,0.0,0.0,-2.2151898734177213,6180.0,618.0
2026-09-24T05:45:27+00:00,2026-09-24T11:30:27+05:45,2026-09-24,11:30:27,1790228727,3,5,11,nepse_official,OPEN,2026-09-24,VLUCL,Vision Lumbini Urja Company Limited ,387.0,391.0,387.0,,389.0,387.0,2.0,,90.0,35040.0,5.0,4.0,1.03359173126615,0.516795865633075,7008.0,389.3333333333333
2026-09-24T05:45:27+00:00,2026-09-24T11:30:27+05:45,2026-09-24,11:30:27,1790228727,3,5,11,nepse_official,OPEN,2026-09-24,YMHL,Yambaling Hydropower Limited,550.0,564.0,550.0,,556.0,562.0,-6.0,,1096.0,611508.5,33.0,14.0,2.5454545454545454,-1.0676156583629894,18530.560606060608,557.9457116788321
2026-09-24T06:15:36+00:00,2026-09-24T12:00:36+05:45,2026-09-24,12:00:36,1790230536,3,6,12,nepse_official,OPEN,2026-09-24,ACLBSL,Aarambha Chautari Laghubitta Bittiya Sanstha Limited,871.1,872.0,871.1,,872.0,878.0,-6.0,,23.0,20044.3,2.0,0.8999999999999773,0.10331764435770603,-0.683371298405467,10022.15,871.491304347826
2026-09-24T06:15:36+00:00,2026-09-24T12:00:36+05:45,2026-09-24,12:00:36,1790230536,3,6,12,nepse_official,OPEN,2026-09-24,ADBL,Agricultural Development Bank Limited,312.0,312.0,309.1,,311.5,311.0,0.5,,3519.0,1094449.1,33.0,2.8999999999999773,0.9294871794871722,0.1607717041800643,33165.124242424245,311.0113952827508
2026-09-24T06:15:36+00:00,2026-09-24T12:00:36+05:45,2026-09-24,12:00:36,1790230536,3,6,12,nepse_official,OPEN,2026-09-24,AHL,Asian Hydropower Limited,380.3,403.0,359.0,,391.4,392.0,-0.6000000000000227,,393.0,148599.0,15.0,44.0,11.569813305285301,-0.15306122448980172,9906.6,378.1145038167939
2026-09-24T06:15:36+00:00,2026-09-24T12:00:36+05:45,2026-09-24,12:00:36,1790230536,3,6,12,nepse_official,OPEN,2026-09-24,AHPC,Arun Valley Hydropower Development Co. Ltd.,267.0,267.0,265.0,,266.2,266.2,0.0,,20633.0,5492362.9,60.0,2.0,0.7490636704119851,0.0,91539.38166666667,266.1931323607813
2026-09-24T06:15:36+00:00,2026-09-24T12:00:36+05:45,2026-09-24,12:00:36,1790230536,3,6,12,nepse_official,OPEN,2026-09-24,AKJCL,Ankhu Khola Jalvidhyut Company Ltd,354.0,358.0,352.2,,357.0,358.0,-1.0,,37810.0,13424128.3,105.0,5.800000000000011,1.6384180790960483,-0.27932960893854747,127848.84095238095,355.0417429251521
2026-09-24T06:15:36+00:00,2026-09-24T12:00:36+05:45,2026-09-24,12:00:36,1790230536,3,6,12,nepse_official,OPEN,2026-09-24,AKPL,Arun Kabeli Power Ltd.,251.0,254.4,250.0,,254.4,251.6,2.8000000000000114,,4492.0,1133798.8,34.0,4.400000000000006,1.7529880478087672,1.1128775834658233,33347.02352941177,252.4040071237756
2026-09-24T06:15:36+00:00,2026-09-24T12:00:36+05:45,2026-09-24,12:00:36,1790230536,3,6,12,nepse_official,OPEN,2026-09-24,ALBSL,Asha Laghubitta Bittiya Sanstha Ltd,1165.3,1198.0,1161.0,,1194.6,1194.0,0.599999999999909,,154.0,181901.6,10.0,37.0,3.1751480305500728,0.05025125628139942,18190.16,1181.1792207792207
2026-09-24T06:15:36+00:00,2026-09-24T12:00:36+05:45,2026-09-24,12:00:36,1790230536,3,6,12,nepse_official,OPEN,2026-09-24,ALICL,Asian Life Insurance Co. Limited,425.0,425.0,421.2,,425.0,427.0,-2.0,,592.0,251161.2,8.0,3.8000000000000114,0.8941176470588261,-0.468384074941452,31395.15,424.2587837837838
2026-09-24T06:15:36+00:00,2026-09-24T12:00:36+05:45,2026-09-24,12:00:36,1790230536,3,6,12,nepse_official,OPEN,2026-09-24,ANLB,Aatmanirbhar Laghubitta Bittiya Sanstha Limited,4892.0,4988.0,4892.0,,4987.9,4937.9,50.0,,30.0,148679.0,3.0,96.0,1.9623875715453802,1.012576196358776,49559.666666666664,4955.966666666666
2026-09-24T06:15:36+00:00,2026-09-24T12:00:36+05:45,2026-09-24,12:00:36,1790230536,3,6,12,nepse_official,OPEN,2026-09-24,APHL,Appolo Hydropower Limited,650.0,684.9,650.0,,665.2,661.3,3.900000000000091,,1855.0,1238402.4,40.0,34.89999999999998,5.369230769230766,0.5897474671102512,30960.059999999998,667.6023719676549
2026-09-24T06:15:36+00:00,2026-09-24T12:00:36+05:45,2026-09-24,12:00:36,1790230536,3,6,12,nepse_official,OPEN,2026-09-24,API,Api Power Company Ltd.,334.0,335.0,330.1,,334.8,334.0,0.8000000000000114,,81484.0,27015309.0,141.0,4.899999999999977,1.4670658682634663,0.23952095808383575,191597.93617021278,331.5412719061411
2026-09-24T06:15:36+00:00,2026-09-24T12:00:36+05:45,2026-09-24,12:00:36,1790230536,3,6,12,nepse_official,OPEN,2026-09-24,AVYAN,Aviyan Laghubitta Bittiya Sanstha Limited,1067.8,1067.8,1037.0,,1064.0,1059.0,5.0,,30.0,31688.0,3.0,30.799999999999955,2.88443528750702,0.4721435316336166,10562.666666666666,1056.2666666666667
2026-09-24T06:15:36+00:00,2026-09-24T12:00:36+05:45,2026-09-24,12:00:36,1790230536,3,6,12,nepse_official,OPEN,2026-09-24,BANDIPUR,Bandipur Cablecar and Tourism Limited,608.0,644.0,608.0,,642.0,639.0,3.0,,5138.0,3273042.5,85.0,36.0,5.921052631578947,0.4694835680751174,38506.382352941175,637.0265667574932
2026-09-24T06:15:36+00:00,2026-09-24T12:00:36+05:45,2026-09-24,12:00:36,1790230536,3,6,12,nepse_official,OPEN,2026-09-24,BARUN,Barun Hydropower Co. Ltd.,316.0,332.1,316.0,,327.0,329.0,-2.0,,3326.0,1082649.5,21.0,16.100000000000023,5.094936708860766,-0.60790273556231,51554.73809523809,325.5109741431149
2026-09-24T06:15:36+00:00,2026-09-24T12:00:36+05:45,2026-09-24,12:00:36,1790230536,3,6,12,nepse_official,OPEN,2026-09-24,BBC,Bishal Bazar Company Limited,4100.0,4100.0,4056.0,,4100.0,4052.0,48.0,,70.0,286560.0,3.0,44.0,1.0731707317073171,1.1846001974333662,95520.0,4093.714285714286
2026-09-24T06:15:36+00:00,2026-09-24T12:00:36+05:45,2026-09-24,12:00:36,1790230536,3,6,12,nepse_official,OPEN,2026-09-24,BEDC,Bhugol Energy Development Company Limited,309.8,309.8,304.0,,305.1,307.0,-1.8999999999999773,,917.0,279862.6,11.0,5.800000000000011,1.8721755971594614,-0.6188925081433151,25442.054545454543,305.19367502726277
2026-09-24T06:15:36+00:00,2026-09-24T12:00:36+05:45,2026-09-24,12:00:36,1790230536,3,6,12,nepse_official,OPEN,2026-09-24,BFC,Best Finance Company Ltd.,445.0,449.0,440.5,,449.0,444.0,5.0,,437.0,194464.0,16.0,8.5,1.9101123595505618,1.1261261261261262,12154.0,444.99771167048056
2026-09-24T06:15:36+00:00,2026-09-24T12:00:36+05:45,2026-09-24,12:00:36,1790230536,3,6,12,nepse_official,OPEN,2026-09-24,BGWT,Bhagawati Hydropower Development Company Limited,486.0,494.7,486.0,,490.0,487.1,2.8999999999999773,,146.0,71478.5,5.0,8.699999999999989,1.790123456790121,0.5953602956271765,14295.7,489.57876712328766
2026-09-24T06:15:36+00:00,2026-09-24T12:00:36+05:45,2026-09-24,12:00:36,1790230536,3,6,12,nepse_official,OPEN,2026-09-24,BHCL,Bikash Hydropower Company Limited,559.0,573.0,551.0,,573.0,559.0,14.0,,20477.0,11564440.8,195.0,22.0,3.9355992844364938,2.5044722719141324,59304.82461538462,564.7526883820873
2026-09-24T06:15:36+00:00,2026-09-24T12:00:36+05:45,2026-09-24,12:00:36,1790230536,3,6,12,nepse_official,OPEN,2026-09-24,BHDC,Bindhyabasini Hydropower Development Company Limited,409.5,432.9,409.5,,432.9,431.0,1.8999999999999773,,473.0,203408.2,9.0,23.399999999999977,5.714285714285708,0.44083526682134044,22600.911111111112,430.0384778012685
2026-09-24T06:15:36+00:00,2026-09-24T12:00:36+05:45,2026-09-24,12:00:36,1790230536,3,6,12,nepse_official,OPEN,2026-09-24,BHL,Balephi Hydropower Limited,212.0,213.9,210.1,,213.0,212.0,1.0,,16467.0,3483036.0,72.0,3.8000000000000114,1.7924528301886848,0.4716981132075472,48375.5,211.51612315540171
2026-09-24T06:15:36+00:00,2026-09-24T12:00:36+05:45,2026-09-24,12:00:36,1790230536,3,6,12,nepse_official,OPEN,2026-09-24,BHPL,Barahi Hydropower Public Limited,441.0,450.0,441.0,,450.0,448.0,2.0,,1098.0,486612.0,7.0,9.0,2.0408163265306123,0.4464285714285714,69516.0,443.1803278688525
2026-09-24T06:15:36+00:00,2026-09-24T12:00:36+05:45,2026-09-24,12:00:36,1790230536,3,6,12,nepse_official,OPEN,2026-09-24,BJHL,Bhujung Hydropower Limited,602.4,639.9,602.4,,639.9,634.1,5.7999999999999545,,698.0,442588.0,22.0,37.5,6.225099601593626,0.9146822267781036,20117.636363636364,634.080229226361
2026-09-24T06:15:36+00:00,2026-09-24T12:00:36+05:45,2026-09-24,12:00:36,1790230536,3,6,12,nepse_official,OPEN,2026-09-24,BNHC,Buddha Bhumi Nepal Hydropower Company Limited,278.0,278.0,273.5,,274.0,276.6,-2.6000000000000227,,770.0,213015.0,9.0,4.5,1.618705035971223,-0.9399855386840285,23668.333333333332,276.64285714285717
2026-09-24T06:15:36+00:00,2026-09-24T12:00:36+05:45,2026-09-24,12:00:36,1790230536,3,6,12,nepse_official,OPEN,2026-09-24,BPCL,Butwal Power Company Limited,672.0,679.0,668.1,,679.0,674.9,4.100000000000023,,1356.0,909240.1,7.0,10.899999999999977,1.6220238095238062,0.6074974070232662,129891.44285714286,670.5310471976401
2026-09-24T06:15:36+00:00,2026-09-24T12:00:36+05:45,2026-09-24,12:00:36,1790230536,3,6,12,nepse_official,OPEN,2026-09-24,BUNGAL,Bungal Hydro Limited,536.5,536.5,510.0,,513.0,511.0,2.0,,1301.0,666634.0,28.0,26.5,4.9394221808014915,0.3913894324853229,23808.35714285714,512.4012298232129
2026-09-24T06:15:36+00:00,2026-09-24T12:00:36+05:45,2026-09-24,12:00:36,1790230536,3,6,12,nepse_official,OPEN,2026-09-24,C30MF,Citizens Super 30 Mutual Fund,9.8,9.8,9.6,,9.6,10.1,-0.5,,1401.0,13649.6,2.0,0.20000000000000107,2.040816326530623,-4.9504950495049505,6824.8,9.74275517487509
2026-09-24T06:15:36+00:00,2026-09-24T12:00:36+05:45,2026-09-24,12:00:36,1790230536,3,6,12,nepse_official,OPEN,2026-09-24,CBBL,Chhimek Laghubitta Bittiya Sanstha Limited,955.0,960.0,950.0,,955.0,949.0,6.0,,1065.0,1016262.5,21.0,10.0,1.0471204188481675,0.6322444678609063,48393.45238095238,954.2370892018779
2026-09-24T06:15:36+00:00,2026-09-24T12:00:36+05:45,2026-09-24,12:00:36,1790230536,3,6,12,nepse_official,OPEN,2026-09-24,CFCL,Central Finance Co. Ltd.,565.0,567.9,558.0,,566.0,567.0,-1.0,,26578.0,14948363.5,27.0,9.899999999999977,1.752212389380527,-0.1763668430335097,553643.0925925926,562.4337233802393
2026-09-24T06:15:36+00:00,2026-09-24T12:00:36+05:45,2026-09-24,12:00:36,1790230536,3,6,12,nepse_official,OPEN,2026-09-24,CGH,Chandragiri Hills Limited,799.8,799.8,780.0,,780.0,782.9,-2.8999999999999773,,823.0,642435.0,11.0,19.799999999999955,2.4756189047261756,-0.3704176778643476,58403.181818181816,780.6014580801944
2026-09-24T06:15:36+00:00,2026-09-24T12:00:36+05:45,2026-09-24,12:00:36,1790230536,3,6,12,nepse_official,OPEN,2026-09-24,CHCL,Chilime Hydropower Company Limited,336.8,359.0,336.8,,353.0,354.5,-1.5,,10091.0,3562176.3,64.0,22.19999999999999,6.591448931116386,-0.4231311706629055,55659.0046875,353.005281934397
2026-09-24T06:15:36+00:00,2026-09-24T12:00:36+05:45,2026-09-24,12:00:36,1790230536,3,6,12,nepse_official,OPEN,2026-09-24,CHDC,CEDB Holdings Limited,2410.0,2410.0,2383.1,,2399.0,2388.0,11.0,,2420.0,5793149.7,40.0,26.90000000000009,1.1161825726141117,0.46063651591289784,144828.7425,2393.863512396694
2026-09-24T06:15:36+00:00,2026-09-24T12:00:36+05:45,2026-09-24,12:00:36,1790230536,3,6,12,nepse_official,OPEN,2026-09-24,CHL,Chhyangdi Hydropower Ltd.,262.9,263.0,260.0,,262.0,265.0,-3.0,,1736.0,455164.0,11.0,3.0,1.1411182959300115,-1.1320754716981132,41378.545454545456,262.1912442396313
2026-09-24T06:15:36+00:00,2026-09-24T12:00:36+05:45,2026-09-24,12:00:36,1790230536,3,6,12,nepse_official,OPEN,2026-09-24,CIT,Citizen Investment Trust,1740.0,1740.0,1730.5,,1740.0,1736.0,4.0,,701.0,1215742.3,16.0,9.5,0.5459770114942528,0.2304147465437788,75983.89375,1734.297146932953
2026-09-24T06:15:36+00:00,2026-09-24T12:00:36+05:45,2026-09-24,12:00:36,1790230536,3,6,12,nepse_official,OPEN,2026-09-24,CITY,City Hotel Limited,349.0,349.9,346.0,,349.9,351.1,-1.2000000000000455,,8266.0,2881857.8,49.0,3.8999999999999773,1.1174785100286468,-0.3417829678154501,58813.424489795914,348.6399467699008
2026-09-24T06:15:36+00:00,2026-09-24T12:00:36+05:45,2026-09-24,12:00:36,1790230536,3,6,12,nepse_official,OPEN,2026-09-24,CKHL,Chirkhwa Hydropower Limited ,600.9,600.9,568.1,,568.1,587.0,-18.899999999999977,,50.0,29032.0,5.0,32.799999999999955,5.458478948244292,-3.2197614991482078,5806.4,580.64
2026-09-24T06:15:36+00:00,2026-09-24T12:00:36+05:45,2026-09-24,12:00:36,1790230536,3,6,12,nepse_official,OPEN,2026-09-24,CLI,Citizen Life Insurance Company Limited,435.0,435.0,432.4,,434.0,436.0,-2.0,,221.0,95743.7,16.0,2.6000000000000227,0.5977011494252926,-0.45871559633027525,5983.98125,433.22941176470584
2026-09-24T06:15:36+00:00,2026-09-24T12:00:36+05:45,2026-09-24,12:00:36,1790230536,3,6,12,nepse_official,OPEN,2026-09-24,CORBL,Corporate Development Bank Limited,803.0,810.0,800.0,,802.8,802.0,0.7999999999999545,,2384.0,1915883.9,46.0,10.0,1.2453300124533,0.09975062344139084,41649.65,803.6425755033557
2026-09-24T06:15:36+00:00,2026-09-24T12:00:36+05:45,2026-09-24,12:00:36,1790230536,3,6,12,nepse_official,OPEN,2026-09-24,CREST,Crest Micro Life Insurance Limited,1085.0,1085.0,1075.0,,1075.3,1094.9,-19.600000000000136,,110.0,118541.0,11.0,10.0,0.9216589861751152,-1.7901178189789146,10776.454545454546,1077.6454545454546
2026-09-24T06:15:36+00:00,2026-09-24T12:00:36+05:45,2026-09-24,12:00:36,1790230536,3,6,12,nepse_official,OPEN,2026-09-24,CSY,Citizens Santulit Yojana,8.5,8.5,8.5,,8.5,8.56,-0.0600000000000005,,700.0,5950.0,6.0,0.0,0.0,-0.7009345794392582,991.6666666666666,8.5
2026-09-24T06:15:36+00:00,2026-09-24T12:00:36+05:45,2026-09-24,12:00:36,1790230536,3,6,12,nepse_official,OPEN,2026-09-24,CYCL,CYC Nepal Laghubitta Bittiya Sanstha Limited,1494.6,1628.0,1470.0,,1496.1,1531.0,-34.90000000000009,,4486.0,6924086.0,65.0,158.0,10.57139033855212,-2.27955584585239,106524.4,1543.4877396344182
2026-09-24T06:15:36+00:00,2026-09-24T12:00:36+05:45,2026-09-24,12:00:36,1790230536,3,6,12,nepse_official,OPEN,2026-09-24,CZBIL,Citizens Bank International Limited,212.0,212.8,207.1,,211.0,212.0,-1.0,,12219.0,2565531.8,58.0,5.700000000000017,2.688679245283027,-0.4716981132075472,44233.30689655172,209.96250102299695
2026-09-24T06:15:36+00:00,2026-09-24T12:00:36+05:45,2026-09-24,12:00:36,1790230536,3,6,12,nepse_official,OPEN,2026-09-24,DDBL,Deprosc Laghubitta Bittiya Sanstha Limited,813.2,862.6,813.2,,861.0,856.0,5.0,,250.0,214437.0,7.0,49.39999999999998,6.074766355140184,0.5841121495327103,30633.85714285714,857.748
2026-09-24T06:15:36+00:00,2026-09-24T12:00:36+05:45,2026-09-24,12:00:36,1790230536,3,6,12,nepse_official,OPEN,2026-09-24,DHEL,Daramkhola Hydro Energy Limited,570.0,570.0,551.0,,560.0,555.0,5.0,,280.0,154931.0,20.0,19.0,3.3333333333333335,0.9009009009009009,7746.55,553.325
2026-09-24T06:15:36+00:00,2026-09-24T12:00:36+05:45,2026-09-24,12:00:36,1790230536,3,6,12,nepse_official,OPEN,2026-09-24,DHPL,Dibyashwori Hydropower Ltd.,270.0,270.0,270.0,,270.0,273.0,-3.0,,350.0,94500.0,1.0,0.0,0.0,-1.098901098901099,94500.0,270.0
2026-09-24T06:15:36+00:00,2026-09-24T12:00:36+05:45,2026-09-24,12:00:36,1790230536,3,6,12,nepse_official,OPEN,2026-09-24,DLBS,Dhaulagiri Laghubitta Bittiya Sanstha Limited,1408.0,1408.0,1408.0,,1408.0,1341.9,66.09999999999991,,10.0,14080.0,1.0,0.0,0.0,4.925851404724637,14080.0,1408.0
2026-09-24T06:15:36+00:00,2026-09-24T12:00:36+05:45,2026-09-24,12:00:36,1790230536,3,6,12,nepse_official,OPEN,2026-09-24,DOLTI,Dolti Power Company Limited,301.1,309.0,300.0,,303.0,304.0,-1.0,,2915.0,882247.2,16.0,9.0,2.9890401859847224,-0.3289473684210526,55140.45,302.6577015437393
2026-09-24T06:15:36+00:00,2026-09-24T12:00:36+05:45,2026-09-24,12:00:36,1790230536,3,6,12,nepse_official,OPEN,2026-09-24,DORDI,Dordi Khola Jal Bidyut Company Limited,248.9,269.0,248.9,,262.9,262.0,0.8999999999999773,,3788.0,988702.5,26.0,20.099999999999994,8.075532342306145,0.3435114503816707,38027.019230769234,261.0091077085533
2026-09-24T06:15:36+00:00,2026-09-24T12:00:36+05:45,2026-09-24,12:00:36,1790230536,3,6,12,nepse_official,OPEN,2026-09-24,EBL,Everest Bank Limited,699.0,699.0,695.0,,696.0,696.8,-0.7999999999999545,,1731.0,1208049.9,17.0,4.0,0.5722460658082975,-0.11481056257175008,71061.75882352941,697.8913344887347
2026-09-24T06:15:36+00:00,2026-09-24T12:00:36+05:45,2026-09-24,12:00:36,1790230536,3,6,12,nepse_official,OPEN,2026-09-24,ECL,Everest Colour Limited,1298.8,1310.0,1280.1,,1310.0,1298.8,11.200000000000045,,1488.0,1922154.0,51.0,29.90000000000009,2.3021250384970813,0.8623344625808474,37689.294117647056,1291.7701612903227
2026-09-24T06:15:36+00:00,2026-09-24T12:00:36+05:45,2026-09-24,12:00:36,1790230536,3,6,12,nepse_official,OPEN,2026-09-24,EHPL,Eastern Hydropower Limited,342.3,342.3,312.0,,326.0,326.0,0.0,,420.0,136204.0,13.0,30.30000000000001,8.851884312007014,0.0,10477.23076923077,324.2952380952381
2026-09-24T06:15:36+00:00,2026-09-24T12:00:36+05:45,2026-09-24,12:00:36,1790230536,3,6,12,nepse_official,OPEN,2026-09-24,ENL,Emerging Nepal Limited,555.0,560.0,555.0,,560.0,555.0,5.0,,640.0,357750.0,5.0,5.0,0.9009009009009009,0.9009009009009009,71550.0,558.984375
2026-09-24T06:15:36+00:00,2026-09-24T12:00:36+05:45,2026-09-24,12:00:36,1790230536,3,6,12,nepse_official,OPEN,2026-09-24,FMDBL,First Micro Finance Laghubitta Bittiya Sanstha Limited,712.5,760.0,712.5,,755.0,750.0,5.0,,745.0,558340.0,11.0,47.5,6.666666666666667,0.6666666666666667,50758.181818181816,749.4496644295302
2026-09-24T06:15:36+00:00,2026-09-24T12:00:36+05:45,2026-09-24,12:00:36,1790230536,3,6,12,nepse_official,OPEN,2026-09-24,FOWAD,Forward Microfinance Laghubitta Bittiya Sanstha Limited,893.0,908.9,876.0,,908.9,893.0,15.899999999999977,,165.0,145209.0,3.0,32.89999999999998,3.684210526315787,1.7805151175811846,48403.0,880.0545454545454
2026-09-24T06:15:36+00:00,2026-09-24T12:00:36+05:45,2026-09-24,12:00:36,1790230536,3,6,12,nepse_official,OPEN,2026-09-24,GBBD85,"Garima Debenture, 2085",1050.0,1050.0,1050.0,,1050.0,1057.0,-7.0,,25.0,26250.0,1.0,0.0,0.0,-0.6622516556291391,26250.0,1050.0
2026-09-24T06:15:36+00:00,2026-09-24T12:00:36+05:45,2026-09-24,12:00:36,1790230536,3,6,12,nepse_official,OPEN,2026-09-24,GBBL,Garima Bikas Bank Limited,453.0,455.1,449.0,,453.1,451.0,2.1000000000000227,,25652.0,11590649.6,91.0,6.100000000000023,1.3465783664459212,0.46563192904656825,127369.77582417581,451.8419460470918
2026-09-24T06:15:36+00:00,2026-09-24T12:00:36+05:45,2026-09-24,12:00:36,1790230536,3,6,12,nepse_official,OPEN,2026-09-24,GBIME,Global IME Bank Limited,247.5,247.5,240.4,,243.0,243.0,0.0,,43756.0,10558862.7,181.0,7.099999999999994,2.8686868686868663,0.0,58336.25801104972,241.3123388792394
2026-09-24T06:15:36+00:00,2026-09-24T12:00:36+05:45,2026-09-24,12:00:36,1790230536,3,6,12,nepse_official,OPEN,2026-09-24,GBLBS,Grameen Bikas Laghubitta Bittiya Sanstha Ltd.,672.0,684.8,672.0,,684.8,692.5,-7.7000000000000455,,710.0,477598.0,5.0,12.799999999999955,1.904761904761898,-1.1119133574007285,95519.6,672.6732394366197
2026-09-24T06:15:36+00:00,2026-09-24T12:00:36+05:45,2026-09-24,12:00:36,1790230536,3,6,12,nepse_official,OPEN,2026-09-24,GCIL,Ghorahi Cement Industry Limited,370.1,377.0,370.0,,377.0,374.8,2.1999999999999886,,1140.0,426604.4,35.0,7.0,1.8913807079167793,0.5869797225186736,12188.697142857143,374.2143859649123
2026-09-24T06:15:36+00:00,2026-09-24T12:00:36+05:45,2026-09-24,12:00:36,1790230536,3,6,12,nepse_official,OPEN,2026-09-24,GFCL,Goodwill Finance Limited,582.0,582.0,579.9,,579.9,575.0,4.899999999999977,,30.0,17418.0,2.0,2.1000000000000227,0.3608247422680452,0.8521739130434743,8709.0,580.6
2026-09-24T06:15:36+00:00,2026-09-24T12:00:36+05:45,2026-09-24,12:00:36,1790230536,3,6,12,nepse_official,OPEN,2026-09-24,GHL,Ghalemdi Hydro Limited,269.8,269.8,255.0,,259.4,257.0,2.3999999999999773,,35813.0,9209383.3,145.0,14.800000000000011,5.485544848035586,0.9338521400778121,63512.98827586207,257.15196437048
2026-09-24T06:15:36+00:00,2026-09-24T12:00:36+05:45,2026-09-24,12:00:36,1790230536,3,6,12,nepse_official,OPEN,2026-09-24,GIBF1,Global IME Balanced Fund-1,11.82,11.84,11.47,,11.47,11.5,-0.02999999999999936,,11050.0,130181.5,9.0,0.3699999999999992,3.1302876480541393,-0.26086956521738575,14464.611111111111,11.781131221719457
2026-09-24T06:15:36+00:00,2026-09-24T12:00:36+05:45,2026-09-24,12:00:36,1790230536,3,6,12,nepse_official,OPEN,2026-09-24,GILB,Global IME Laghubitta Bittiya Sanstha Ltd.,1128.0,1130.0,1128.0,,1130.0,1128.1,1.900000000000091,,500.0,564742.7,4.0,2.0,0.1773049645390071,0.1684247850367956,141185.675,1129.4853999999998
2026-09-24T06:15:36+00:00,2026-09-24T12:00:36+05:45,2026-09-24,12:00:36,1790230536,3,6,12,nepse_official,OPEN,2026-09-24,GLBSL,Gurans Laghubitta Bittiya Sanstha Limited,1700.0,1700.0,1700.0,,1700.0,1710.0,-10.0,,10.0,17000.0,1.0,0.0,0.0,-0.5847953216374269,17000.0,1700.0
2026-09-24T06:15:36+00:00,2026-09-24T12:00:36+05:45,2026-09-24,12:00:36,1790230536,3,6,12,nepse_official,OPEN,2026-09-24,GLH,GreenLife Hydropower Limited,276.1,276.9,274.0,,276.9,279.2,-2.3000000000000114,,11144.0,3060691.6,61.0,2.8999999999999773,1.050344078232516,-0.8237822349570242,50175.27213114754,274.64928212491026
2026-09-24T06:15:36+00:00,2026-09-24T12:00:36+05:45,2026-09-24,12:00:36,1790230536,3,6,12,nepse_official,OPEN,2026-09-24,GMFBS,Ganapati Laghubitta Bittiya Sanstha Limited,1067.0,1067.0,1067.0,,1067.0,1100.0,-33.0,,10.0,10670.0,1.0,0.0,0.0,-3.0,10670.0,1067.0
2026-09-24T06:15:36+00:00,2026-09-24T12:00:36+05:45,2026-09-24,12:00:36,1790230536,3,6,12,nepse_official,OPEN,2026-09-24,GMFIL,Guheshowori Merchant Bank & Finance Co. Ltd.,429.8,429.8,429.8,,429.8,426.0,3.8000000000000114,,100.0,42980.0,2.0,0.0,0.0,0.8920187793427258,21490.0,429.8
2026-09-24T06:15:36+00:00,2026-09-24T12:00:36+05:45,2026-09-24,12:00:36,1790230536,3,6,12,nepse_official,OPEN,2026-09-24,GMLI,Guardian Micro Life Insurance Limited ,970.0,1000.0,970.0,,1000.0,1000.0,0.0,,80.0,79591.0,5.0,30.0,3.0927835051546393,0.0,15918.2,994.8875
2026-09-24T06:15:36+00:00,2026-09-24T12:00:36+05:45,2026-09-24,12:00:36,1790230536,3,6,12,nepse_official,OPEN,2026-09-24,GRDBL,Green Development Bank Ltd.,965.0,979.0,940.0,,952.0,965.0,-13.0,,250.0,239545.0,11.0,39.0,4.041450777202073,-1.3471502590673576,21776.81818181818,958.18
2026-09-24T06:15:36+00:00,2026-09-24T12:00:36+05:45,2026-09-24,12:00:36,1790230536,3,6,12,nepse_official,OPEN,2026-09-24,GSY,Garima Samriddhi Yojana,8.98,8.99,8.98,,8.99,9.21,-0.22000000000000064,,200.0,1797.0,2.0,0.009999999999999787,0.11135857461024262,-2.388707926167216,898.5,8.985
2026-09-24T06:15:36+00:00,2026-09-24T12:00:36+05:45,2026-09-24,12:00:36,1790230536,3,6,12,nepse_official,OPEN,2026-09-24,GUFL,Gurkhas Finance Ltd.,496.0,496.0,496.0,,496.0,496.0,0.0,,340.0,168640.0,4.0,0.0,0.0,0.0,42160.0,496.0
2026-09-24T06:15:36+00:00,2026-09-24T12:00:36+05:45,2026-09-24,12:00:36,1790230536,3,6,12,nepse_official,OPEN,2026-09-24,GVL,Green Ventures Limited,488.0,491.3,485.0,,490.0,490.0,0.0,,1921.0,937026.8,16.0,6.300000000000011,1.2909836065573794,0.0,58564.175,487.78073919833423
2026-09-24T06:15:36+00:00,2026-09-24T12:00:36+05:45,2026-09-24,12:00:36,1790230536,3,6,12,nepse_official,OPEN,2026-09-24,H8020,Himalayan 80-20,10.91,10.99,10.91,,10.99,10.9,0.08999999999999986,,2830.0,31085.7,8.0,0.08000000000000007,0.7332722273143911,0.825688073394494,3885.7125,10.98434628975265
2026-09-24T06:15:36+00:00,2026-09-24T12:00:36+05:45,2026-09-24,12:00:36,1790230536,3,6,12,nepse_official,OPEN,2026-09-24,HATHY,Hathway Investment Nepal Limited,470.0,470.0,460.0,,465.9,469.0,-3.1000000000000227,,15799.0,7302361.3,140.0,10.0,2.127659574468085,-0.6609808102345465,52159.72357142857,462.20401924172415
2026-09-24T06:15:36+00:00,2026-09-24T12:00:36+05:45,2026-09-24,12:00:36,1790230536,3,6,12,nepse_official,OPEN,2026-09-24,HBL,Himalayan Bank Limited,195.0,196.9,192.0,,194.9,197.0,-2.0999999999999943,,18413.0,3562724.5,120.0,4.900000000000006,2.512820512820516,-1.0659898477157332,29689.370833333334,193.48962689404226
2026-09-24T06:15:36+00:00,2026-09-24T12:00:36+05:45,2026-09-24,12:00:36,1790230536,3,6,12,nepse_official,OPEN,2026-09-24,HDHPC,Himal Dolakha Hydropower Company Limited,219.5,223.0,218.0,,221.0,220.0,1.0,,50200.0,11057241.7,125.0,5.0,2.277904328018223,0.45454545454545453,88457.93359999999,220.26377888446214
2026-09-24T06:15:36+00:00,2026-09-24T12:00:36+05:45,2026-09-24,12:00:36,1790230536,3,6,12,nepse_official,OPEN,2026-09-24,HDL,Himalayan Distillery Limited,1280.0,1282.0,1270.2,,1281.9,1278.3,3.6000000000001364,,29908.0,38189926.5,244.0,11.799999999999955,0.9218749999999964,0.28162403191740093,156516.09221311475,1276.9134178146314
2026-09-24T06:15:36+00:00,2026-09-24T12:00:36+05:45,2026-09-24,12:00:36,1790230536,3,6,12,nepse_official,OPEN,2026-09-24,HFIN,Hotel Forest Inn Limited,613.0,619.0,609.0,,618.0,613.0,5.0,,6855.0,4191572.1,111.0,10.0,1.631321370309951,0.8156606851549755,37761.91081081081,611.4620131291028
2026-09-24T06:15:36+00:00,2026-09-24T12:00:36+05:45,2026-09-24,12:00:36,1790230536,3,6,12,nepse_official,OPEN,2026-09-24,HHL,Himalayan Hydropower Limited,338.0,340.0,335.0,,340.0,340.0,0.0,,6067.0,2058842.2,16.0,5.0,1.4792899408284024,0.0,128677.6375,339.3509477501236
2026-09-24T06:15:36+00:00,2026-09-24T12:00:36+05:45,2026-09-24,12:00:36,1790230536,3,6,12,nepse_official,OPEN,2026-09-24,HIDCL,Hydorelectricity Investment and Development Company Ltd,269.0,269.0,253.7,,254.5,256.3,-1.8000000000000114,,2800.0,717428.9,25.0,15.300000000000011,5.687732342007439,-0.7023019898556423,28697.156000000003,256.22460714285717
2026-09-24T06:15:36+00:00,2026-09-24T12:00:36+05:45,2026-09-24,12:00:36,1790230536,3,6,12,nepse_official,OPEN,2026-09-24,HIDCLP,Hydorelectricity Investment and Development Company Limited Promoter,193.5,193.5,191.0,,191.9,191.9,0.0,,13587.0,2598773.3,50.0,2.5,1.2919896640826873,0.0,51975.46599999999,191.26910281887098
2026-09-24T06:15:36+00:00,2026-09-24T12:00:36+05:45,2026-09-24,12:00:36,1790230536,3,6,12,nepse_official,OPEN,2026-09-24,HIMSTAR,Him Star Urja Company Limited,640.0,650.0,628.1,,650.0,645.5,4.5,,601.0,384415.0,11.0,21.899999999999977,3.4218749999999964,0.69713400464756,34946.818181818184,639.6256239600666
2026-09-24T06:15:36+00:00,2026-09-24T12:00:36+05:45,2026-09-24,12:00:36,1790230536,3,6,12,nepse_official,OPEN,2026-09-24,HLBSL,Himalayan Laghubitta Bittiya Sanstha Limited,865.2,865.2,865.2,,865.2,865.2,0.0,,1.0,840.0,1.0,0.0,0.0,0.0,840.0,840.0
2026-09-24T06:15:36+00:00,2026-09-24T12:00:36+05:45,2026-09-24,12:00:36,1790230536,3,6,12,nepse_official,OPEN,2026-09-24,HLI,Himalayan Life Insurance Limited,306.0,307.8,304.4,,307.8,306.9,0.9000000000000341,,2751.0,838614.4,36.0,3.400000000000034,1.1111111111111223,0.2932551319648205,23294.844444444447,304.8398400581607
2026-09-24T06:15:36+00:00,2026-09-24T12:00:36+05:45,2026-09-24,12:00:36,1790230536,3,6,12,nepse_official,OPEN,2026-09-24,HLICF,HLI Large Cap Fund,8.41,8.41,8.41,,8.41,8.41,0.0,,100.0,841.0,1.0,0.0,0.0,0.0,841.0,8.41
2026-09-24T06:15:36+00:00,2026-09-24T12:00:36+05:45,2026-09-24,12:00:36,1790230536,3,6,12,nepse_official,OPEN,2026-09-24,HPPL,Himalayan Power Partner Ltd.,377.0,377.9,372.0,,377.8,372.2,5.600000000000023,,8941.0,3357043.8,39.0,5.899999999999977,1.5649867374005244,1.5045674368619084,86078.04615384615,375.4662565708534
2026-09-24T06:15:36+00:00,2026-09-24T12:00:36+05:45,2026-09-24,12:00:36,1790230536,3,6,12,nepse_official,OPEN,2026-09-24,HRL,Himalayan Reinsurance Limited,490.9,510.9,490.9,,508.0,506.0,2.0,,5751.0,2909015.5,105.0,20.0,4.074149521287431,0.3952569169960474,27704.909523809525,505.82776908363763
2026-09-24T06:15:36+00:00,2026-09-24T12:00:36+05:45,2026-09-24,12:00:36,1790230536,3,6,12,nepse_official,OPEN,2026-09-24,HURJA,Himalaya Urja Bikas Company Limited,252.1,257.0,250.6,,257.0,252.0,5.0,,22336.0,5655502.5,81.0,6.400000000000006,2.538675128917099,1.984126984126984,69821.01851851853,253.20122224212034
2026-09-24T06:15:36+00:00,2026-09-24T12:00:36+05:45,2026-09-24,12:00:36,1790230536,3,6,12,nepse_official,OPEN,2026-09-24,ICFC,ICFC Finance Limited,590.0,591.9,590.0,,590.0,591.9,-1.8999999999999773,,1080.0,637642.0,5.0,1.8999999999999773,0.3220338983050809,-0.32100016894745353,127528.4,590.4092592592592
2026-09-24T06:15:36+00:00,2026-09-24T12:00:36+05:45,2026-09-24,12:00:36,1790230536,3,6,12,nepse_official,OPEN,2026-09-24,ICFCD83,12% ICFC Finance Limited Debenture 2083,921.2,921.2,921.2,,921.2,921.2,0.0,,1.0,967.2,1.0,0.0,0.0,0.0,967.2,967.2
2026-09-24T06:15:36+00:00,2026-09-24T12:00:36+05:45,2026-09-24,12:00:36,1790230536,3,6,12,nepse_official,OPEN,2026-09-24,ICFCD88,9% ICFC Finance Limited Debenture 2088,1130.0,1154.0,1130.0,,1154.0,1130.0,24.0,,50.0,57600.0,3.0,24.0,2.1238938053097343,2.1238938053097343,19200.0,1152.0
2026-09-24T06:15:36+00:00,2026-09-24T12:00:36+05:45,2026-09-24,12:00:36,1790230536,3,6,12,nepse_official,OPEN,2026-09-24,ICFCD89,8% ICFC Finance Limited Debenture 2089,1080.6,1081.7,1080.6,,1081.6,1093.0,-11.400000000000091,,75.0,81097.5,3.0,1.1000000000001364,0.1017952989080267,-1.0430009149130917,27032.5,1081.3
2026-09-24T06:15:36+00:00,2026-09-24T12:00:36+05:45,2026-09-24,12:00:36,1790230536,3,6,12,nepse_official,OPEN,2026-09-24,IHL,Ingwa Hydropower Limited,341.0,341.0,320.2,,324.1,325.1,-1.0,,1940.0,645379.0,20.0,20.80000000000001,6.099706744868039,-0.3075976622577668,32268.95,332.669587628866
2026-09-24T06:15:36+00:00,2026-09-24T12:00:36+05:45,2026-09-24,12:00:36,1790230536,3,6,12,nepse_official,OPEN,2026-09-24,ILBS,Infinity Laghubitta Bittiya Sanstha Limited,940.0,1005.0,925.1,,940.0,968.0,-28.0,,4840.0,4505071.1,41.0,79.89999999999998,8.499999999999998,-2.8925619834710745,109879.78292682926,930.7998140495866
2026-09-24T06:15:36+00:00,2026-09-24T12:00:36+05:45,2026-09-24,12:00:36,1790230536,3,6,12,nepse_official,OPEN,2026-09-24,ILI,IME Life Insurance Company Limited,425.0,425.0,420.2,,422.0,427.0,-5.0,,651.0,274215.4,31.0,4.800000000000011,1.129411764705885,-1.1709601873536302,8845.65806451613,421.2218125960062
2026-09-24T06:15:36+00:00,2026-09-24T12:00:36+05:45,2026-09-24,12:00:36,1790230536,3,6,12,nepse_official,OPEN,2026-09-24,JBBL,Jyoti Bikas Bank Limited,347.5,348.5,346.0,,348.0,348.3,-0.30000000000001137,,10846.0,3763316.8,29.0,2.5,0.7194244604316548,-0.08613264427218242,129769.5448275862,346.97739258712886
2026-09-24T06:15:36+00:00,2026-09-24T12:00:36+05:45,2026-09-24,12:00:36,1790230536,3,6,12,nepse_official,OPEN,2026-09-24,JBLB,Jeevan Bikas Laghubitta  Bittya Sanstha Ltd,1275.0,1280.0,1271.0,,1280.0,1275.1,4.900000000000091,,247.0,315256.0,6.0,9.0,0.7058823529411765,0.38428358560113646,52542.666666666664,1276.34008097166
2026-09-24T06:15:36+00:00,2026-09-24T12:00:36+05:45,2026-09-24,12:00:36,1790230536,3,6,12,nepse_official,OPEN,2026-09-24,JFL,Janaki Finance Company Limited,270.0,294.9,270.0,,280.0,279.1,0.8999999999999773,,2661.0,750544.7,32.0,24.899999999999977,9.222222222222214,0.3224650662844777,23454.521875,282.05362645621943
2026-09-24T06:15:36+00:00,2026-09-24T12:00:36+05:45,2026-09-24,12:00:36,1790230536,3,6,12,nepse_official,OPEN,2026-09-24,JHAPA,Jhapa Energy Limited,1035.0,1049.0,1032.1,,1049.0,1033.2,15.799999999999955,,420.0,435350.0,10.0,16.90000000000009,1.6328502415459027,1.5292295780100613,43535.0,1036.547619047619
2026-09-24T06:15:36+00:00,2026-09-24T12:00:36+05:45,2026-09-24,12:00:36,1790230536,3,6,12,nepse_official,OPEN,2026-09-24,JOSHI,Joshi Hydropower Development Company Ltd,265.1,265.1,258.2,,259.9,263.2,-3.3000000000000114,,2443.0,635989.7,16.0,6.900000000000034,2.60279139947191,-1.2537993920972688,39749.35625,260.3314367580843
2026-09-24T06:15:36+00:00,2026-09-24T12:00:36+05:45,2026-09-24,12:00:36,1790230536,3,6,12,nepse_official,OPEN,2026-09-24,JSLBB,Janautthan Samudayic Laghubitta Bittya Sanstha Limited,980.0,980.0,980.0,,980.0,970.0,10.0,,86.0,84280.0,2.0,0.0,0.0,1.0309278350515463,42140.0,980.0
2026-09-24T06:15:36+00:00,2026-09-24T12:00:36+05:45,2026-09-24,12:00:36,1790230536,3,6,12,nepse_official,OPEN,2026-09-24,KAHL,Kalanga Hydro Limited,485.0,488.0,480.0,,488.0,490.0,-2.0,,2513.0,1216838.0,114.0,8.0,1.6494845360824744,-0.40816326530612246,10674.017543859649,484.2172701949861
2026-09-24T06:15:36+00:00,2026-09-24T12:00:36+05:45,2026-09-24,12:00:36,1790230536,3,6,12,nepse_official,OPEN,2026-09-24,KBL,Kumari Bank Limited,225.0,225.5,222.2,,225.5,225.0,0.5,,86600.0,19422197.0,157.0,3.3000000000000114,1.4666666666666717,0.2222222222222222,123708.26114649682,224.274792147806
2026-09-24T06:15:36+00:00,2026-09-24T12:00:36+05:45,2026-09-24,12:00:36,1790230536,3,6,12,nepse_official,OPEN,2026-09-24,KBSH,Kutheli Bukhari Small Hydropower Limited,819.0,829.0,815.0,,815.0,818.6,-3.6000000000000227,,365.0,300017.5,7.0,14.0,1.7094017094017095,-0.43977522599560503,42859.642857142855,821.9657534246576
2026-09-24T06:15:36+00:00,2026-09-24T12:00:36+05:45,2026-09-24,12:00:36,1790230536,3,6,12,nepse_official,OPEN,2026-09-24,KDBY,Kumari Dhanabriddhi Yojana,10.1,10.1,10.1,,10.1,10.18,-0.08000000000000007,,400.0,4040.0,2.0,0.0,0.0,-0.7858546168958749,2020.0,10.1
2026-09-24T06:15:36+00:00,2026-09-24T12:00:36+05:45,2026-09-24,12:00:36,1790230536,3,6,12,nepse_official,OPEN,2026-09-24,KDL,Kalinchowk Darshan Limited,615.0,619.8,614.5,,619.8,614.5,5.2999999999999545,,10904.0,6735338.4,58.0,5.2999999999999545,0.8617886178861716,0.862489829129366,116126.52413793105,617.6942773294204
2026-09-24T06:15:36+00:00,2026-09-24T12:00:36+05:45,2026-09-24,12:00:36,1790230536,3,6,12,nepse_official,OPEN,2026-09-24,KEF,Kumari Equity Fund,9.43,9.43,9.43,,9.43,9.43,0.0,,100.0,943.0,1.0,0.0,0.0,0.0,943.0,9.43
2026-09-24T06:15:36+00:00,2026-09-24T12:00:36+05:45,2026-09-24,12:00:36,1790230536,3,6,12,nepse_official,OPEN,2026-09-24,KHPL,Kalinchock Hydropower Limited,715.0,728.9,709.0,,722.0,715.0,7.0,,1186.0,852878.1,39.0,19.899999999999977,2.7832167832167802,0.9790209790209791,21868.669230769232,719.1215008431703
2026-09-24T06:15:36+00:00,2026-09-24T12:00:36+05:45,2026-09-24,12:00:36,1790230536,3,6,12,nepse_official,OPEN,2026-09-24,KKHC,Khanikhola Hydropower Co. Ltd.,275.0,281.8,274.1,,278.5,275.0,3.5,,30688.0,8528564.6,111.0,7.699999999999989,2.799999999999996,1.2727272727272727,76833.91531531532,277.912037278415
2026-09-24T06:15:36+00:00,2026-09-24T12:00:36+05:45,2026-09-24,12:00:36,1790230536,3,6,12,nepse_official,OPEN,2026-09-24,KMCDB,Kalika Laghubitta Bittiya Sanstha Ltd,769.5,823.0,769.5,,811.1,810.0,1.1000000000000227,,594.0,486210.2,14.0,53.5,6.9525666016894085,0.1358024691358053,34729.3,818.5356902356903
2026-09-24T06:15:36+00:00,2026-09-24T12:00:36+05:45,2026-09-24,12:00:36,1790230536,3,6,12,nepse_official,OPEN,2026-09-24,KPCL,Kalika power Company Ltd,461.1,464.0,461.1,,464.0,464.1,-0.10000000000002274,,1640.0,760916.5,5.0,2.8999999999999773,0.6289308176100579,-0.02154708037061468,152183.3,463.9734756097561
2026-09-24T06:15:36+00:00,2026-09-24T12:00:36+05:45,2026-09-24,12:00:36,1790230536,3,6,12,nepse_official,OPEN,2026-09-24,KSBBL,Kamana Sewa Bikas Bank Limited,451.1,454.0,450.1,,454.0,450.2,3.8000000000000114,,1634.0,738221.4,17.0,3.8999999999999773,0.8645533141210323,0.8440693025322105,43424.788235294116,451.78788249694003
2026-09-24T06:15:36+00:00,2026-09-24T12:00:36+05:45,2026-09-24,12:00:36,1790230536,3,6,12,nepse_official,OPEN,2026-09-24,KSY,Kumari Sabal Yojana,8.89,8.89,8.89,,8.89,8.86,0.030000000000001137,,200.0,1778.0,2.0,0.0,0.0,0.3386004514672815,889.0,8.89
2026-09-24T06:15:36+00:00,2026-09-24T12:00:36+05:45,2026-09-24,12:00:36,1790230536,3,6,12,nepse_official,OPEN,2026-09-24,LBBL,Lumbini Bikas Bank Ltd.,482.2,484.0,480.0,,483.0,485.9,-2.8999999999999773,,875.0,422870.4,8.0,4.0,0.829531314807134,-0.5968306235850951,52858.8,483.2804571428572
2026-09-24T06:15:36+00:00,2026-09-24T12:00:36+05:45,2026-09-24,12:00:36,1790230536,3,6,12,nepse_official,OPEN,2026-09-24,LEC,Liberty Energy Company Limited,266.7,266.7,252.2,,257.0,254.0,3.0,,71200.0,18109154.1,152.0,14.5,5.436820397450319,1.1811023622047243,119139.17171052632,254.34205196629216
2026-09-24T06:15:36+00:00,2026-09-24T12:00:36+05:45,2026-09-24,12:00:36,1790230536,3,6,12,nepse_official,OPEN,2026-09-24,LICN,Life Insurance Corporation (Nepal) Limited,782.0,795.9,782.0,,795.0,791.9,3.1000000000000227,,5453.0,4307525.3,27.0,13.899999999999977,1.7774936061381044,0.39146356863240594,159537.97407407407,789.9367870896754
2026-09-24T06:15:36+00:00,2026-09-24T12:00:36+05:45,2026-09-24,12:00:36,1790230536,3,6,12,nepse_official,OPEN,2026-09-24,LSH12,LS Horizon 12,9.0,9.0,9.0,,9.0,9.2,-0.1999999999999993,,100.0,900.0,1.0,0.0,0.0,-2.173913043478253,900.0,9.0
2026-09-24T06:15:36+00:00,2026-09-24T12:00:36+05:45,2026-09-24,12:00:36,1790230536,3,6,12,nepse_official,OPEN,2026-09-24,LSL,Laxmi Sunrise Bank Limited,250.0,250.0,243.0,,248.0,245.9,2.0999999999999943,,75910.0,18759343.1,135.0,7.0,2.8000000000000003,0.8540056933712868,138958.09703703705,247.1261111842972
2026-09-24T06:15:36+00:00,2026-09-24T12:00:36+05:45,2026-09-24,12:00:36,1790230536,3,6,12,nepse_official,OPEN,2026-09-24,LUK,Laxmi Unnati Kosh,9.48,9.48,9.48,,9.48,9.77,-0.28999999999999915,,100.0,948.0,1.0,0.0,0.0,-2.9682702149436966,948.0,9.48
2026-09-24T06:15:36+00:00,2026-09-24T12:00:36+05:45,2026-09-24,12:00:36,1790230536,3,6,12,nepse_official,OPEN,2026-09-24,LVF2,Laxmi Value Fund 2,8.88,8.95,8.88,,8.95,9.15,-0.20000000000000107,,300.0,2671.0,2.0,0.06999999999999851,0.7882882882882714,-2.1857923497267873,1335.5,8.903333333333334
2026-09-24T06:15:36+00:00,2026-09-24T12:00:36+05:45,2026-09-24,12:00:36,1790230536,3,6,12,nepse_official,OPEN,2026-09-24,MABEL,Mabilung Energy Limited,576.0,589.0,566.0,,578.8,576.0,2.7999999999999545,,1170.0,666246.0,24.0,23.0,3.9930555555555554,0.4861111111111032,27760.25,569.4410256410256
2026-09-24T06:15:36+00:00,2026-09-24T12:00:36+05:45,2026-09-24,12:00:36,1790230536,3,6,12,nepse_official,OPEN,2026-09-24,MAKAR,Makar Jitumaya Suri Hydropower Limited,404.5,413.0,404.5,,410.0,410.8,-0.8000000000000114,,16391.0,6664032.0,62.0,8.5,2.1013597033374536,-0.19474196689386838,107484.3870967742,406.56653041303156
2026-09-24T06:15:36+00:00,2026-09-24T12:00:36+05:45,2026-09-24,12:00:36,1790230536,3,6,12,nepse_official,OPEN,2026-09-24,MANDU,Mandu Hydropower Limited,751.5,755.0,737.0,,755.0,751.0,4.0,,538.0,403859.0,10.0,18.0,2.3952095808383236,0.5326231691078562,40385.9,750.6672862453531
2026-09-24T06:15:36+00:00,2026-09-24T12:00:36+05:45,2026-09-24,12:00:36,1790230536,3,6,12,nepse_official,OPEN,2026-09-24,MATRI,Matribhumi Lagubitta Bittiya Sanstha Limited,748.9,748.9,726.8,,726.8,748.9,-22.100000000000023,,71.0,51827.8,3.0,22.100000000000023,2.9509947923621342,-2.9509947923621342,17275.933333333334,729.9690140845071
2026-09-24T06:15:36+00:00,2026-09-24T12:00:36+05:45,2026-09-24,12:00:36,1790230536,3,6,12,nepse_official,OPEN,2026-09-24,MBJC,Madhya Bhotekoshi Jalavidyut Company Limited,295.0,295.0,288.8,,294.0,295.0,-1.0,,13642.0,3977653.0,75.0,6.199999999999989,2.1016949152542335,-0.3389830508474576,53035.37333333334,291.5740360650931
2026-09-24T06:15:36+00:00,2026-09-24T12:00:36+05:45,2026-09-24,12:00:36,1790230536,3,6,12,nepse_official,OPEN,2026-09-24,MBL,Machhapuchhre Bank Limited,257.0,258.7,256.3,,258.7,258.0,0.6999999999999886,,11476.0,2956548.9,35.0,2.3999999999999773,0.9338521400778121,0.27131782945735994,84472.82571428572,257.6288689438829
2026-09-24T06:15:36+00:00,2026-09-24T12:00:36+05:45,2026-09-24,12:00:36,1790230536,3,6,12,nepse_official,OPEN,2026-09-24,MCHL,Menchhiyam Hydropower Limited,263.0,263.0,258.0,,258.0,263.0,-5.0,,547.0,141377.0,9.0,5.0,1.9011406844106464,-1.9011406844106464,15708.555555555555,258.45886654478977
2026-09-24T06:15:36+00:00,2026-09-24T12:00:36+05:45,2026-09-24,12:00:36,1790230536,3,6,12,nepse_official,OPEN,2026-09-24,MDB,Miteri Development Bank Limited,560.0,560.0,556.0,,556.0,555.1,0.8999999999999773,,1278.0,710848.0,7.0,4.0,0.7142857142857143,0.1621329490181908,101549.71428571429,556.2190923317684
2026-09-24T06:15:36+00:00,2026-09-24T12:00:36+05:45,2026-09-24,12:00:36,1790230536,3,6,12,nepse_official,OPEN,2026-09-24,MEHL,Manakamana Engineering Hydropower Limited,247.0,254.8,245.4,,252.0,250.0,2.0,,26993.0,6767105.1,109.0,9.400000000000006,3.805668016194334,0.8,62083.533027522935,250.6985181343311
2026-09-24T06:15:36+00:00,2026-09-24T12:00:36+05:45,2026-09-24,12:00:36,1790230536,3,6,12,nepse_official,OPEN,2026-09-24,MEL,Modi Energy Limited,215.0,215.0,210.5,,211.1,214.5,-3.4000000000000057,,2450.0,518208.0,26.0,4.5,2.0930232558139537,-1.5850815850815876,19931.076923076922,211.5134693877551
2026-09-24T06:15:36+00:00,2026-09-24T12:00:36+05:45,2026-09-24,12:00:36,1790230536,3,6,12,nepse_official,OPEN,2026-09-24,MEN,Mountain Energy Nepal Limited,646.5,650.0,644.6,,649.0,651.2,-2.2000000000000455,,35605.0,23017933.1,80.0,5.399999999999977,0.8352668213457041,-0.3378378378378448,287724.16375,646.480356691476
2026-09-24T06:15:36+00:00,2026-09-24T12:00:36+05:45,2026-09-24,12:00:36,1790230536,3,6,12,nepse_official,OPEN,2026-09-24,MEPDL,Mount Everest Power Development Limited,620.1,657.0,620.1,,656.0,646.2,9.799999999999955,,6054.0,3929686.0,126.0,36.89999999999998,5.9506531204644375,1.5165583410708687,31187.984126984127,649.1057152296003
2026-09-24T06:15:36+00:00,2026-09-24T12:00:36+05:45,2026-09-24,12:00:36,1790230536,3,6,12,nepse_official,OPEN,2026-09-24,MERO,Mero Microfinance Bittiya Sanstha Ltd.,600.0,600.1,600.0,,600.0,604.0,-4.0,,450.0,270005.0,4.0,0.10000000000002274,0.016666666666670455,-0.6622516556291391,67501.25,600.0111111111111
2026-09-24T06:15:36+00:00,2026-09-24T12:00:36+05:45,2026-09-24,12:00:36,1790230536,3,6,12,nepse_official,OPEN,2026-09-24,MFIL,Manjushree Finance Ltd.,745.0,791.0,745.0,,758.0,769.0,-11.0,,47746.0,37491920.0,46.0,46.0,6.174496644295302,-1.4304291287386215,815041.7391304348,785.2368784819671
2026-09-24T06:15:36+00:00,2026-09-24T12:00:36+05:45,2026-09-24,12:00:36,1790230536,3,6,12,nepse_official,OPEN,2026-09-24,MHCL,Molung Hydropower Company Limited,293.1,300.0,292.2,,292.2,293.1,-0.9000000000000341,,1373.0,401287.6,8.0,7.800000000000011,2.6612077789150494,-0.3070624360286708,50160.95,292.2706482155863
2026-09-24T06:15:36+00:00,2026-09-24T12:00:36+05:45,2026-09-24,12:00:36,1790230536,3,6,12,nepse_official,OPEN,2026-09-24,MHL,Mandakini Hydropower Limited,467.0,467.0,455.0,,455.0,456.0,-1.0,,70.0,32450.0,3.0,12.0,2.569593147751606,-0.21929824561403508,10816.666666666666,463.57142857142856
2026-09-24T06:15:36+00:00,2026-09-24T12:00:36+05:45,2026-09-24,12:00:36,1790230536,3,6,12,nepse_official,OPEN,2026-09-24,MHNL,Mountain Hydro Nepal Limited,253.4,263.0,250.1,,259.9,256.9,3.0,,6959.0,1767707.0,22.0,12.900000000000006,5.090765588003159,1.1677695601401326,80350.31818181818,254.01738755568329
2026-09-24T06:15:36+00:00,2026-09-24T12:00:36+05:45,2026-09-24,12:00:36,1790230536,3,6,12,nepse_official,OPEN,2026-09-24,MKCL,Muktinath Krishi Company Limited,860.0,860.0,860.0,,860.0,870.0,-10.0,,120.0,103200.0,6.0,0.0,0.0,-1.1494252873563218,17200.0,860.0
2026-09-24T06:15:36+00:00,2026-09-24T12:00:36+05:45,2026-09-24,12:00:36,1790230536,3,6,12,nepse_official,OPEN,2026-09-24,MKHC,Maya Khola Hydropower Company Limited,255.8,260.0,255.0,,258.0,258.0,0.0,,1850.0,471960.0,8.0,5.0,1.9546520719311962,0.0,58995.0,255.1135135135135
2026-09-24T06:15:36+00:00,2026-09-24T12:00:36+05:45,2026-09-24,12:00:36,1790230536,3,6,12,nepse_official,OPEN,2026-09-24,MKHL,Mai Khola Hydropower Limited,509.0,509.0,486.0,,486.0,495.1,-9.100000000000023,,30.0,14810.0,3.0,23.0,4.518664047151278,-1.8380125227226867,4936.666666666667,493.6666666666667
2026-09-24T06:15:36+00:00,2026-09-24T12:00:36+05:45,2026-09-24,12:00:36,1790230536,3,6,12,nepse_official,OPEN,2026-09-24,MKJC,Mailung Khola Jal Vidhyut Company Limited,322.1,338.0,322.1,,337.7,339.0,-1.3000000000000114,,2916.0,977386.9,35.0,15.899999999999977,4.936355169202104,-0.3834808259587054,27925.34,335.1806927297668
2026-09-24T06:15:36+00:00,2026-09-24T12:00:36+05:45,2026-09-24,12:00:36,1790230536,3,6,12,nepse_official,OPEN,2026-09-24,MLBBL,Mithila LaghuBitta Bittiya Sanstha Limited,920.6,920.6,920.6,,920.6,969.0,-48.39999999999998,,15.0,13947.0,2.0,0.0,0.0,-4.994840041279668,6973.5,929.8
2026-09-24T06:15:36+00:00,2026-09-24T12:00:36+05:45,2026-09-24,12:00:36,1790230536,3,6,12,nepse_official,OPEN,2026-09-24,MLBL,Mahalaxmi Bikas Bank Ltd.,357.0,363.4,356.2,,357.6,360.0,-2.3999999999999773,,2721.0,977576.8,12.0,7.199999999999989,2.0168067226890725,-0.6666666666666604,81464.73333333334,359.27115031238515
2026-09-24T06:15:36+00:00,2026-09-24T12:00:36+05:45,2026-09-24,12:00:36,1790230536,3,6,12,nepse_official,OPEN,2026-09-24,MLBS,Manushi Laghubitta Bittiya Sanstha Limited,985.0,985.0,985.0,,985.0,1000.0,-15.0,,10.0,9850.0,1.0,0.0,0.0,-1.5,9850.0,985.0
2026-09-24T06:15:36+00:00,2026-09-24T12:00:36+05:45,2026-09-24,12:00:36,1790230536,3,6,12,nepse_official,OPEN,2026-09-24,MLBSL,Mahila Lagubitta Bittiya Sanstha Limited ,1107.0,1107.0,1107.0,,1107.0,1111.0,-4.0,,10.0,11070.0,1.0,0.0,0.0,-0.36003600360036003,11070.0,1107.0
2026-09-24T06:15:36+00:00,2026-09-24T12:00:36+05:45,2026-09-24,12:00:36,1790230536,3,6,12,nepse_official,OPEN,2026-09-24,MMF1,Mega Mutual Fund -1,8.61,8.72,8.61,,8.72,8.8,-0.08000000000000007,,200.0,1733.0,2.0,0.11000000000000121,1.2775842044134869,-0.9090909090909097,866.5,8.665
2026-09-24T06:15:36+00:00,2026-09-24T12:00:36+05:45,2026-09-24,12:00:36,1790230536,3,6,12,nepse_official,OPEN,2026-09-24,MNBBL,Muktinath Bikas Bank Ltd.,336.0,337.1,335.0,,337.0,338.0,-1.0,,5030.0,1692675.3,16.0,2.1000000000000227,0.6250000000000068,-0.2958579881656805,105792.20625,336.51596421471174
2026-09-24T06:15:36+00:00,2026-09-24T12:00:36+05:45,2026-09-24,12:00:36,1790230536,3,6,12,nepse_official,OPEN,2026-09-24,MNMF1,Muktinath Mutual Fund 1,8.91,9.42,8.91,,9.42,9.15,0.2699999999999996,,901.0,8270.3,6.0,0.5099999999999998,5.723905723905721,2.950819672131143,1378.3833333333332,9.17902330743618
2026-09-24T06:15:36+00:00,2026-09-24T12:00:36+05:45,2026-09-24,12:00:36,1790230536,3,6,12,nepse_official,OPEN,2026-09-24,MPFL,Multipurpose Finance Company  Limited,582.0,589.6,580.0,,589.6,590.0,-0.39999999999997726,,1300.0,758960.0,14.0,9.600000000000023,1.6494845360824781,-0.06779661016948767,54211.42857142857,583.8153846153846
2026-09-24T06:15:36+00:00,2026-09-24T12:00:36+05:45,2026-09-24,12:00:36,1790230536,3,6,12,nepse_official,OPEN,2026-09-24,MSHL,Mid Solu Hydropower Limited,622.0,625.0,622.0,,625.0,622.0,3.0,,153.0,95202.0,8.0,3.0,0.482315112540193,0.482315112540193,11900.25,622.2352941176471
2026-09-24T06:15:36+00:00,2026-09-24T12:00:36+05:45,2026-09-24,12:00:36,1790230536,3,6,12,nepse_official,OPEN,2026-09-24,MSLB,Mahuli Laghubitta Bittiya Sanstha Limited,1200.0,1200.0,1200.0,,1200.0,1200.0,0.0,,10.0,12000.0,1.0,0.0,0.0,0.0,12000.0,1200.0
2026-09-24T06:15:36+00:00,2026-09-24T12:00:36+05:45,2026-09-24,12:00:36,1790230536,3,6,12,nepse_official,OPEN,2026-09-24,NABBC,Narayani Development Bank Limited,707.8,731.0,707.8,,731.0,745.0,-14.0,,193.0,139971.8,6.0,23.200000000000045,3.2777620796835327,-1.8791946308724832,23328.63333333333,725.242487046632
2026-09-24T06:15:36+00:00,2026-09-24T12:00:36+05:45,2026-09-24,12:00:36,1790230536,3,6,12,nepse_official,OPEN,2026-09-24,NABIL,Nabil Bank Limited,566.0,568.4,566.0,,568.2,565.0,3.2000000000000455,,19871.0,11275796.8,137.0,2.3999999999999773,0.4240282685512327,0.5663716814159373,82305.08613138687,567.4498918021237
2026-09-24T06:15:36+00:00,2026-09-24T12:00:36+05:45,2026-09-24,12:00:36,1790230536,3,6,12,nepse_official,OPEN,2026-09-24,NADEP,Nadep Laghubittiya bittya Sanstha Ltd.,684.9,684.9,684.9,,684.9,690.0,-5.100000000000023,,200.0,136980.0,1.0,0.0,0.0,-0.739130434782612,136980.0,684.9
2026-09-24T06:15:36+00:00,2026-09-24T12:00:36+05:45,2026-09-24,12:00:36,1790230536,3,6,12,nepse_official,OPEN,2026-09-24,NBL,Nepal Bank Limited,291.0,293.0,287.5,,291.0,291.5,-0.5,,80166.0,23284549.6,128.0,5.5,1.8900343642611683,-0.17152658662092624,181910.54375,290.45417758151837
2026-09-24T06:15:36+00:00,2026-09-24T12:00:36+05:45,2026-09-24,12:00:36,1790230536,3,6,12,nepse_official,OPEN,2026-09-24,NESDO,NESDO Sambridha Laghubitta Bittiya Sanstha Limited,1331.0,1331.0,1331.0,,1331.0,1331.0,0.0,,40.0,53240.0,1.0,0.0,0.0,0.0,53240.0,1331.0
2026-09-24T06:15:36+00:00,2026-09-24T12:00:36+05:45,2026-09-24,12:00:36,1790230536,3,6,12,nepse_official,OPEN,2026-09-24,NFS,Nepal Finance Ltd.,490.0,490.0,489.9,,490.0,486.0,4.0,,37.0,18129.0,3.0,0.10000000000002274,0.020408163265310763,0.823045267489712,6043.0,489.97297297297297
2026-09-24T06:15:36+00:00,2026-09-24T12:00:36+05:45,2026-09-24,12:00:36,1790230536,3,6,12,nepse_official,OPEN,2026-09-24,NGPL,Ngadi Group Power Ltd.,384.8,408.0,384.8,,408.0,405.0,3.0,,15767.0,6376254.0,75.0,23.19999999999999,6.029106029106026,0.7407407407407408,85016.72,404.4050231496163
2026-09-24T06:15:36+00:00,2026-09-24T12:00:36+05:45,2026-09-24,12:00:36,1790230536,3,6,12,nepse_official,OPEN,2026-09-24,NHDL,Nepal Hydro Developers Ltd.,642.9,642.9,633.0,,633.0,637.0,-4.0,,88.0,55951.5,3.0,9.899999999999977,1.5398973401773182,-0.6279434850863422,18650.5,635.8125
2026-09-24T06:15:36+00:00,2026-09-24T12:00:36+05:45,2026-09-24,12:00:36,1790230536,3,6,12,nepse_official,OPEN,2026-09-24,NHPC,National Hydro Power Company Limited,265.0,267.0,263.0,,266.2,267.0,-0.8000000000000114,,37467.0,9898229.0,115.0,4.0,1.509433962264151,-0.2996254681647983,86071.55652173913,264.18525635892917
2026-09-24T06:15:36+00:00,2026-09-24T12:00:36+05:45,2026-09-24,12:00:36,1790230536,3,6,12,nepse_official,OPEN,2026-09-24,NIBLSTF,NIBL Stable Fund,8.31,8.45,8.31,,8.45,8.3,0.14999999999999858,,500.0,4197.0,4.0,0.1399999999999988,1.6847172081828974,1.807228915662633,1049.25,8.394
2026-09-24T06:15:36+00:00,2026-09-24T12:00:36+05:45,2026-09-24,12:00:36,1790230536,3,6,12,nepse_official,OPEN,2026-09-24,NIBSF2,NIBL Samriddhi Fund -2,8.75,8.75,8.75,,8.75,8.52,0.23000000000000043,,100.0,875.0,1.0,0.0,0.0,2.6995305164319303,875.0,8.75
2026-09-24T06:15:36+00:00,2026-09-24T12:00:36+05:45,2026-09-24,12:00:36,1790230536,3,6,12,nepse_official,OPEN,2026-09-24,NICA,NIC Asia Bank Ltd.,317.0,318.0,315.2,,317.2,317.0,0.19999999999998863,,3239.0,1026507.0,25.0,2.8000000000000114,0.8832807570977954,0.06309148264983869,41060.28,316.9209632602655
2026-09-24T06:15:36+00:00,2026-09-24T12:00:36+05:45,2026-09-24,12:00:36,1790230536,3,6,12,nepse_official,OPEN,2026-09-24,NICFC,NIC Asia Flexi CAP Fund,8.91,8.91,8.91,,8.91,8.91,0.0,,600.0,5346.0,4.0,0.0,0.0,0.0,1336.5,8.91
2026-09-24T06:15:36+00:00,2026-09-24T12:00:36+05:45,2026-09-24,12:00:36,1790230536,3,6,12,nepse_official,OPEN,2026-09-24,NICGF2,NIC ASIA Growth Fund-2,8.7,8.71,8.7,,8.71,8.7,0.010000000000001563,,400.0,3483.0,4.0,0.010000000000001563,0.11494252873565015,0.11494252873565015,870.75,8.7075
2026-09-24T06:15:36+00:00,2026-09-24T12:00:36+05:45,2026-09-24,12:00:36,1790230536,3,6,12,nepse_official,OPEN,2026-09-24,NICL,Nepal Insurance Co. Ltd.,447.3,458.0,447.3,,458.0,459.0,-1.0,,789.0,357001.3,7.0,10.699999999999989,2.392130561144643,-0.2178649237472767,51000.18571428571,452.47313054499364
2026-09-24T06:15:36+00:00,2026-09-24T12:00:36+05:45,2026-09-24,12:00:36,1790230536,3,6,12,nepse_official,OPEN,2026-09-24,NICLBSL,NIC ASIA Laghubitta Bittiya Sanstha Limited,519.0,519.0,506.3,,514.9,513.0,1.8999999999999773,,750.0,382574.0,11.0,12.699999999999989,2.447013487475913,0.3703703703703659,34779.454545454544,510.09866666666665
2026-09-24T06:15:36+00:00,2026-09-24T12:00:36+05:45,2026-09-24,12:00:36,1790230536,3,6,12,nepse_official,OPEN,2026-09-24,NICSF,NIC Asia Select Fund 30,8.8,8.85,8.6,,8.6,8.6,0.0,,400.0,3505.0,3.0,0.25,2.840909090909091,0.0,1168.3333333333333,8.7625
2026-09-24T06:15:36+00:00,2026-09-24T12:00:36+05:45,2026-09-24,12:00:36,1790230536,3,6,12,nepse_official,OPEN,2026-09-24,NIFRA,Nepal Infrastructure Bank Limited,252.7,252.9,250.2,,252.4,252.7,-0.29999999999998295,,4612.0,1159896.2,57.0,2.700000000000017,1.0684606252473356,-0.11871784724969646,20349.056140350876,251.4952732003469
2026-09-24T06:15:36+00:00,2026-09-24T12:00:36+05:45,2026-09-24,12:00:36,1790230536,3,6,12,nepse_official,OPEN,2026-09-24,NIFRAGED,Nifra Green Energy Debenture 6% - 2088/89,1112.4,1114.4,1112.4,,1114.4,1082.0,32.40000000000009,,2685.0,2986844.0,8.0,2.0,0.17979144192736424,2.9944547134935386,373355.5,1112.4186219739292
2026-09-24T06:15:36+00:00,2026-09-24T12:00:36+05:45,2026-09-24,12:00:36,1790230536,3,6,12,nepse_official,OPEN,2026-09-24,NIL,Neco Insurance Limited,530.0,530.0,528.0,,530.0,533.0,-3.0,,273.0,144404.0,7.0,2.0,0.37735849056603776,-0.5628517823639775,20629.14285714286,528.952380952381
2026-09-24T06:15:36+00:00,2026-09-24T12:00:36+05:45,2026-09-24,12:00:36,1790230536,3,6,12,nepse_official,OPEN,2026-09-24,NIMB,Nepal Investment Mega Bank Limited,192.5,193.9,190.0,,193.9,192.5,1.4000000000000057,,48177.0,9222275.5,98.0,3.9000000000000057,2.025974025974029,0.7272727272727302,94104.85204081633,191.42486041056935
2026-09-24T06:15:36+00:00,2026-09-24T12:00:36+05:45,2026-09-24,12:00:36,1790230536,3,6,12,nepse_official,OPEN,2026-09-24,NIMBPO,Nepal Investment Mega Bank Ltd. Promoter Share,134.1,141.2,134.1,,141.2,141.1,0.09999999999999432,,207.0,29157.4,2.0,7.099999999999994,5.294556301267707,0.07087172218284502,14578.7,140.85700483091787
2026-09-24T06:15:36+00:00,2026-09-24T12:00:36+05:45,2026-09-24,12:00:36,1790230536,3,6,12,nepse_official,OPEN,2026-09-24,NLG,NLG Insurance Company Ltd.,492.1,510.0,492.1,,510.0,518.0,-8.0,,592.0,299726.0,6.0,17.899999999999977,3.637472058524685,-1.5444015444015444,49954.333333333336,506.2939189189189
2026-09-24T06:15:36+00:00,2026-09-24T12:00:36+05:45,2026-09-24,12:00:36,1790230536,3,6,12,nepse_official,OPEN,2026-09-24,NLIC,Nepal Life Insurance Co. Ltd.,706.3,740.0,706.3,,740.0,743.4,-3.3999999999999773,,2385.0,1758310.8,19.0,33.700000000000045,4.771343621690507,-0.4573580844767255,92542.67368421053,737.2372327044026
2026-09-24T06:15:36+00:00,2026-09-24T12:00:36+05:45,2026-09-24,12:00:36,1790230536,3,6,12,nepse_official,OPEN,2026-09-24,NLICL,National Life Insurance Co. Ltd.,570.0,584.8,565.1,,578.8,572.0,6.7999999999999545,,5217.0,3047922.0,7.0,19.699999999999932,3.4561403508771806,1.1888111888111808,435417.4285714286,584.2288671650374
2026-09-24T06:15:36+00:00,2026-09-24T12:00:36+05:45,2026-09-24,12:00:36,1790230536,3,6,12,nepse_official,OPEN,2026-09-24,NMB,NMB Bank Limited,266.3,266.3,251.3,,253.9,253.7,0.20000000000001705,,6096.0,1537186.1,35.0,15.0,5.632745024408561,0.07883326763895036,43919.60285714286,252.16307414698164
2026-09-24T06:15:36+00:00,2026-09-24T12:00:36+05:45,2026-09-24,12:00:36,1790230536,3,6,12,nepse_official,OPEN,2026-09-24,NMBHF2,NMB Hybrid Fund L- II,8.9,8.95,8.9,,8.95,9.1,-0.15000000000000036,,500.0,4465.0,3.0,0.049999999999998934,0.5617977528089768,-1.6483516483516523,1488.3333333333333,8.93
2026-09-24T06:15:36+00:00,2026-09-24T12:00:36+05:45,2026-09-24,12:00:36,1790230536,3,6,12,nepse_official,OPEN,2026-09-24,NMBMF,NMB  Microfinance Bittiya Sanstha Ltd.,597.0,597.0,597.0,,597.0,603.0,-6.0,,10.0,5970.0,1.0,0.0,0.0,-0.9950248756218906,5970.0,597.0
2026-09-24T06:15:36+00:00,2026-09-24T12:00:36+05:45,2026-09-24,12:00:36,1790230536,3,6,12,nepse_official,OPEN,2026-09-24,NMFBS,National Laghubitta Bittiya Sanstha Limited,1172.1,1200.0,1172.1,,1200.0,1181.0,19.0,,2804.0,3353612.6,24.0,27.90000000000009,2.3803429741489714,1.6088060965283657,139733.85833333334,1196.0101997146933
2026-09-24T06:15:36+00:00,2026-09-24T12:00:36+05:45,2026-09-24,12:00:36,1790230536,3,6,12,nepse_official,OPEN,2026-09-24,NMFBSP,National Laghubitta Bittiya Sanstha Limited Promoter,635.4,635.4,635.4,,635.4,655.0,-19.600000000000023,,3166.0,2011676.4,1.0,0.0,0.0,-2.9923664122137437,2011676.4,635.4
2026-09-24T06:15:36+00:00,2026-09-24T12:00:36+05:45,2026-09-24,12:00:36,1790230536,3,6,12,nepse_official,OPEN,2026-09-24,NMIC,Nepal Micro Insurance Company Limited,820.0,820.0,812.1,,815.0,830.0,-15.0,,957.0,778258.7,13.0,7.899999999999977,0.9634146341463387,-1.8072289156626504,59866.053846153845,813.2274817136886
2026-09-24T06:15:36+00:00,2026-09-24T12:00:36+05:45,2026-09-24,12:00:36,1790230536,3,6,12,nepse_official,OPEN,2026-09-24,NMLBBL,Nerude Mirmire Laghubitta Bittiya Sanstha Limited,477.9,507.0,477.9,,507.0,503.0,4.0,,211.0,104988.2,6.0,29.100000000000023,6.089139987445077,0.7952286282306162,17498.033333333333,497.57440758293836
2026-09-24T06:15:36+00:00,2026-09-24T12:00:36+05:45,2026-09-24,12:00:36,1790230536,3,6,12,nepse_official,OPEN,2026-09-24,NRIC,Nepal Reinsurance Company Limited,800.0,847.0,800.0,,830.0,820.0,10.0,,4138.0,3358319.4,37.0,47.0,5.875,1.2195121951219512,90765.38918918918,811.580328661189
2026-09-24T06:15:36+00:00,2026-09-24T12:00:36+05:45,2026-09-24,12:00:36,1790230536,3,6,12,nepse_official,OPEN,2026-09-24,NRM,Nepal Republic Media Limited,286.1,288.0,286.1,,286.7,288.4,-1.6999999999999886,,650.0,186122.0,13.0,1.8999999999999773,0.6641034603285485,-0.5894590846047117,14317.076923076924,286.34153846153845
2026-09-24T06:15:36+00:00,2026-09-24T12:00:36+05:45,2026-09-24,12:00:36,1790230536,3,6,12,nepse_official,OPEN,2026-09-24,NRN,NRN Infrastructure and Development Limited,1345.4,1447.5,1345.4,,1431.7,1416.2,15.5,,6991.0,10002925.3,51.0,102.09999999999991,7.588821168425739,1.0944781810478745,196135.79019607845,1430.8289658131885
2026-09-24T06:15:36+00:00,2026-09-24T12:00:36+05:45,2026-09-24,12:00:36,1790230536,3,6,12,nepse_official,OPEN,2026-09-24,NSIF2,NMB Sulav Investment Fund - 2,9.99,10.0,9.99,,10.0,10.08,-0.08000000000000007,,20500.0,204999.0,3.0,0.009999999999999787,0.10010010010009797,-0.7936507936507943,68333.0,9.999951219512194
2026-09-24T06:15:36+00:00,2026-09-24T12:00:36+05:45,2026-09-24,12:00:36,1790230536,3,6,12,nepse_official,OPEN,2026-09-24,NSY,Nepal Life Samriddhi Lagani Yojana,9.0,9.0,8.8,,8.8,9.1,-0.29999999999999893,,400.0,3580.0,3.0,0.1999999999999993,2.2222222222222143,-3.296703296703285,1193.3333333333333,8.95
2026-09-24T06:15:36+00:00,2026-09-24T12:00:36+05:45,2026-09-24,12:00:36,1790230536,3,6,12,nepse_official,OPEN,2026-09-24,NTC,Nepal Doorsanchar Company Limited,905.0,908.0,905.0,,907.9,906.0,1.8999999999999773,,1938.0,1755353.3,27.0,3.0,0.3314917127071823,0.20971302428255822,65013.085185185184,905.7550567595459
2026-09-24T06:15:36+00:00,2026-09-24T12:00:36+05:45,2026-09-24,12:00:36,1790230536,3,6,12,nepse_official,OPEN,2026-09-24,NWCL,Nepal Warehousing Company Limited ,593.1,594.0,593.0,,593.0,611.0,-18.0,,70.0,41523.0,4.0,1.0,0.16860563142808968,-2.9459901800327333,10380.75,593.1857142857143
2026-09-24T06:15:36+00:00,2026-09-24T12:00:36+05:45,2026-09-24,12:00:36,1790230536,3,6,12,nepse_official,OPEN,2026-09-24,NYADI,Nyadi Hydropower Limited,355.0,355.0,349.0,,350.0,358.0,-8.0,,30.0,10540.0,3.0,6.0,1.6901408450704223,-2.2346368715083798,3513.3333333333335,351.3333333333333
2026-09-24T06:15:36+00:00,2026-09-24T12:00:36+05:45,2026-09-24,12:00:36,1790230536,3,6,12,nepse_official,OPEN,2026-09-24,OMPL,Om Megashree Pharmaceuticals Limited,877.0,877.0,858.1,,860.1,875.0,-14.899999999999977,,124.0,108221.0,4.0,18.899999999999977,2.1550741163055847,-1.7028571428571404,27055.25,872.75
2026-09-24T06:15:36+00:00,2026-09-24T12:00:36+05:45,2026-09-24,12:00:36,1790230536,3,6,12,nepse_official,OPEN,2026-09-24,PBD93,"6.25% Prime Bank Debenture, 2093",1068.0,1068.0,1052.0,,1054.0,1068.0,-14.0,,1145.0,1209592.5,16.0,16.0,1.4981273408239701,-1.3108614232209739,75599.53125,1056.4126637554584
2026-09-24T06:15:36+00:00,2026-09-24T12:00:36+05:45,2026-09-24,12:00:36,1790230536,3,6,12,nepse_official,OPEN,2026-09-24,PCBL,Prime Commercial Bank Ltd.,250.6,252.9,250.5,,252.9,253.0,-0.09999999999999432,,11102.0,2791242.1,46.0,2.4000000000000057,0.9577015163607365,-0.039525691699602496,60679.176086956526,251.41795172041074
2026-09-24T06:15:36+00:00,2026-09-24T12:00:36+05:45,2026-09-24,12:00:36,1790230536,3,6,12,nepse_official,OPEN,2026-09-24,PCIL,Palpa Cement Industries Limited,605.0,611.0,605.0,,610.0,611.0,-1.0,,5355.0,3246765.3,97.0,6.0,0.9917355371900827,-0.16366612111292964,33471.807216494846,606.3053781512605
2026-09-24T06:15:36+00:00,2026-09-24T12:00:36+05:45,2026-09-24,12:00:36,1790230536,3,6,12,nepse_official,OPEN,2026-09-24,PFL,Pokhara Finance Ltd.,360.0,365.0,354.0,,355.0,355.4,-0.39999999999997726,,973.0,350268.0,33.0,11.0,3.0555555555555554,-0.11254924029262163,10614.181818181818,359.9876670092497
2026-09-24T06:15:36+00:00,2026-09-24T12:00:36+05:45,2026-09-24,12:00:36,1790230536,3,6,12,nepse_official,OPEN,2026-09-24,PHCL,Peoples Hydropower Company Limited,312.0,323.0,311.0,,320.0,312.0,8.0,,91969.0,29028727.8,160.0,12.0,3.8461538461538463,2.564102564102564,181429.54875000002,315.6360056105862
2026-09-24T06:15:36+00:00,2026-09-24T12:00:36+05:45,2026-09-24,12:00:36,1790230536,3,6,12,nepse_official,OPEN,2026-09-24,PMHPL,Panchakanya Mai Hydropower Ltd,305.0,305.0,305.0,,305.0,307.6,-2.6000000000000227,,100.0,30500.0,1.0,0.0,0.0,-0.8452535760728291,30500.0,305.0
2026-09-24T06:15:36+00:00,2026-09-24T12:00:36+05:45,2026-09-24,12:00:36,1790230536,3,6,12,nepse_official,OPEN,2026-09-24,PMLI,Prabhu Mahalaxmi Life Insurance Limited,413.0,420.0,413.0,,420.0,420.0,0.0,,725.0,303158.9,16.0,7.0,1.694915254237288,0.0,18947.43125,418.15020689655177
2026-09-24T06:15:36+00:00,2026-09-24T12:00:36+05:45,2026-09-24,12:00:36,1790230536,3,6,12,nepse_official,OPEN,2026-09-24,PPCL,Panchthar Power Compant Limited,341.0,341.0,332.0,,332.2,337.9,-5.699999999999989,,3032.0,1006956.0,5.0,9.0,2.6392961876832843,-1.6868896123113315,201391.2,332.1094986807388
2026-09-24T06:15:36+00:00,2026-09-24T12:00:36+05:45,2026-09-24,12:00:36,1790230536,3,6,12,nepse_official,OPEN,2026-09-24,PPL,People's Power Limited,321.0,325.0,311.4,,323.0,325.0,-2.0,,2790.0,901144.0,14.0,13.600000000000023,4.236760124610599,-0.6153846153846154,64367.42857142857,322.99068100358426
2026-09-24T06:15:36+00:00,2026-09-24T12:00:36+05:45,2026-09-24,12:00:36,1790230536,3,6,12,nepse_official,OPEN,2026-09-24,PRIN,Prabhu Insurance Ltd.,601.9,601.9,600.0,,600.0,601.9,-1.8999999999999773,,23.0,13744.0,3.0,1.8999999999999773,0.3156670543279577,-0.3156670543279577,4581.333333333333,597.5652173913044
2026-09-24T06:15:36+00:00,2026-09-24T12:00:36+05:45,2026-09-24,12:00:36,1790230536,3,6,12,nepse_official,OPEN,2026-09-24,PROFL,Progressive Finance Limited,387.0,387.0,387.0,,387.0,383.3,3.6999999999999886,,10.0,3870.0,1.0,0.0,0.0,0.9653013305504797,3870.0,387.0
2026-09-24T06:15:36+00:00,2026-09-24T12:00:36+05:45,2026-09-24,12:00:36,1790230536,3,6,12,nepse_official,OPEN,2026-09-24,PRSF,Prabhu Smart Fund,11.85,11.85,11.85,,11.85,11.77,0.08000000000000007,,20000.0,237000.0,1.0,0.0,0.0,0.6796941376380635,237000.0,11.85
2026-09-24T06:15:36+00:00,2026-09-24T12:00:36+05:45,2026-09-24,12:00:36,1790230536,3,6,12,nepse_official,OPEN,2026-09-24,PRVU,Prabhu  Bank Limited,188.0,188.0,186.0,,187.9,186.3,1.5999999999999943,,13508.0,2520447.9,45.0,2.0,1.0638297872340425,0.8588298443370876,56009.95333333333,186.58927302339353
2026-09-24T06:15:36+00:00,2026-09-24T12:00:36+05:45,2026-09-24,12:00:36,1790230536,3,6,12,nepse_official,OPEN,2026-09-24,PSF,Prabhu Select Fund,11.1,11.1,11.0,,11.0,10.93,0.07000000000000028,,201000.0,2231000.0,2.0,0.09999999999999964,0.9009009009008978,0.640439158279966,1115500.0,11.099502487562189
2026-09-24T06:15:36+00:00,2026-09-24T12:00:36+05:45,2026-09-24,12:00:36,1790230536,3,6,12,nepse_official,OPEN,2026-09-24,PURE,Pure Energy Limited,800.0,810.0,800.0,,810.0,795.0,15.0,,660.0,528900.0,9.0,10.0,1.25,1.8867924528301887,58766.666666666664,801.3636363636364
2026-09-24T06:15:36+00:00,2026-09-24T12:00:36+05:45,2026-09-24,12:00:36,1790230536,3,6,12,nepse_official,OPEN,2026-09-24,RADHI,Radhi Bidyut Company Ltd,717.0,730.0,713.0,,725.2,717.0,8.200000000000045,,53025.0,38267741.1,126.0,17.0,2.3709902370990235,1.1436541143654178,303712.230952381,721.6924299858557
2026-09-24T06:15:36+00:00,2026-09-24T12:00:36+05:45,2026-09-24,12:00:36,1790230536,3,6,12,nepse_official,OPEN,2026-09-24,RAWA,Rawa Energy Development Limited,407.0,422.0,407.0,,422.0,414.0,8.0,,5047.0,2093864.1,38.0,15.0,3.6855036855036856,1.932367149758454,55101.686842105264,414.873013671488
2026-09-24T06:15:36+00:00,2026-09-24T12:00:36+05:45,2026-09-24,12:00:36,1790230536,3,6,12,nepse_official,OPEN,2026-09-24,RFPL,River Falls Power Limited,331.1,337.0,331.1,,337.0,334.2,2.8000000000000114,,430.0,143707.0,11.0,5.899999999999977,1.7819389912413097,0.8378216636744498,13064.272727272728,334.20232558139537
2026-09-24T06:15:36+00:00,2026-09-24T12:00:36+05:45,2026-09-24,12:00:36,1790230536,3,6,12,nepse_official,OPEN,2026-09-24,RHGCL,Rapti Hydro And General Construction Limited,268.0,268.0,260.1,,262.0,267.9,-5.899999999999977,,9149.0,2401247.0,28.0,7.899999999999977,2.9477611940298423,-2.202314296379238,85758.82142857143,262.460050278719
2026-09-24T06:15:36+00:00,2026-09-24T12:00:36+05:45,2026-09-24,12:00:36,1790230536,3,6,12,nepse_official,OPEN,2026-09-24,RHPL,RASUWAGADHI HYDROPOWER COMPANY LIMITED,170.0,172.0,166.5,,172.0,170.0,2.0,,16980.0,2883418.0,69.0,5.5,3.2352941176470593,1.1764705882352942,41788.666666666664,169.81260306242638
2026-09-24T06:15:36+00:00,2026-09-24T12:00:36+05:45,2026-09-24,12:00:36,1790230536,3,6,12,nepse_official,OPEN,2026-09-24,RIDI,Ridi Power Company Limited,347.0,347.0,342.0,,346.0,344.6,1.3999999999999773,,20985.0,7213404.5,76.0,5.0,1.440922190201729,0.4062681369703939,94913.21710526316,343.7409816535621
2026-09-24T06:15:36+00:00,2026-09-24T12:00:36+05:45,2026-09-24,12:00:36,1790230536,3,6,12,nepse_official,OPEN,2026-09-24,RLEL,Ridge Line Energy Limited,735.0,758.1,735.0,,750.0,745.0,5.0,,1330.0,990302.0,32.0,23.100000000000023,3.142857142857146,0.6711409395973155,30946.9375,744.587969924812
2026-09-24T06:15:36+00:00,2026-09-24T12:00:36+05:45,2026-09-24,12:00:36,1790230536,3,6,12,nepse_official,OPEN,2026-09-24,RLFL,Reliance Finance Ltd.,401.8,426.4,401.8,,423.0,422.9,0.10000000000002274,,630.0,266257.0,4.0,24.599999999999966,6.122448979591828,0.023646252069052433,66564.25,422.6301587301587
2026-09-24T06:15:36+00:00,2026-09-24T12:00:36+05:45,2026-09-24,12:00:36,1790230536,3,6,12,nepse_official,OPEN,2026-09-24,RMF1,RBB Mutual Fund 1,9.27,9.27,9.27,,9.27,9.29,-0.019999999999999574,,200.0,1854.0,1.0,0.0,0.0,-0.21528525296016765,1854.0,9.27
2026-09-24T06:15:36+00:00,2026-09-24T12:00:36+05:45,2026-09-24,12:00:36,1790230536,3,6,12,nepse_official,OPEN,2026-09-24,RMF2,RBB Mutual Fund 2,10.25,10.25,10.11,,10.25,10.03,0.22000000000000064,,40800.0,418130.0,4.0,0.14000000000000057,1.365853658536591,2.1934197407776734,104532.5,10.24828431372549
2026-09-24T06:15:36+00:00,2026-09-24T12:00:36+05:45,2026-09-24,12:00:36,1790230536,3,6,12,nepse_official,OPEN,2026-09-24,RNLI,Reliable Nepal Life Insurance Limited,436.0,437.0,433.0,,437.0,438.0,-1.0,,4117.0,1787566.1,54.0,4.0,0.9174311926605505,-0.228310502283105,33103.07592592593,434.1914257954822
2026-09-24T06:15:36+00:00,2026-09-24T12:00:36+05:45,2026-09-24,12:00:36,1790230536,3,6,12,nepse_official,OPEN,2026-09-24,RSDC,RSDC Laghubitta Bittiya Sanstha Ltd.,632.0,632.5,632.0,,632.0,631.0,1.0,,86.0,54357.5,3.0,0.5,0.07911392405063292,0.15847860538827258,18119.166666666668,632.0639534883721
2026-09-24T06:15:36+00:00,2026-09-24T12:00:36+05:45,2026-09-24,12:00:36,1790230536,3,6,12,nepse_official,OPEN,2026-09-24,RSML,Reliance Spinning Mills Limited,2730.0,2759.0,2710.0,,2759.0,2722.9,36.09999999999991,,23817.0,65170713.1,142.0,49.0,1.7948717948717947,1.3257923537404939,458948.6838028169,2736.310748624932
2026-09-24T06:15:36+00:00,2026-09-24T12:00:36+05:45,2026-09-24,12:00:36,1790230536,3,6,12,nepse_official,OPEN,2026-09-24,RSY,Reliable Samriddhi Yojana,9.31,9.31,9.31,,9.31,9.57,-0.2599999999999998,,100.0,931.0,1.0,0.0,0.0,-2.716823406478577,931.0,9.31
2026-09-24T06:15:36+00:00,2026-09-24T12:00:36+05:45,2026-09-24,12:00:36,1790230536,3,6,12,nepse_official,OPEN,2026-09-24,RSY2,Reliable Samriddhi Yojana -2,8.61,8.64,8.61,,8.64,8.85,-0.20999999999999908,,400.0,3449.0,4.0,0.030000000000001137,0.34843205574914216,-2.372881355932193,862.25,8.6225
2026-09-24T06:15:36+00:00,2026-09-24T12:00:36+05:45,2026-09-24,12:00:36,1790230536,3,6,12,nepse_official,OPEN,2026-09-24,RURU,Ru Ru Jalbidhyut Pariyojana Limited,592.0,592.0,592.0,,592.0,592.0,0.0,,10.0,5920.0,1.0,0.0,0.0,0.0,5920.0,592.0
2026-09-24T06:15:36+00:00,2026-09-24T12:00:36+05:45,2026-09-24,12:00:36,1790230536,3,6,12,nepse_official,OPEN,2026-09-24,SABBL,Salapa Bikas Bank Limited,866.0,887.0,866.0,,880.0,872.9,7.100000000000023,,1169.0,1024438.0,29.0,21.0,2.424942263279446,0.8133806850727487,35325.44827586207,876.3370402053037
2026-09-24T06:15:36+00:00,2026-09-24T12:00:36+05:45,2026-09-24,12:00:36,1790230536,3,6,12,nepse_official,OPEN,2026-09-24,SADBL,Shangrila Development Bank Ltd.,411.5,413.0,407.1,,407.1,411.54,-4.439999999999998,,15466.0,6331645.3,56.0,5.899999999999977,1.4337788578371755,-1.0788744714973022,113065.09464285713,409.39126470968574
2026-09-24T06:15:36+00:00,2026-09-24T12:00:36+05:45,2026-09-24,12:00:36,1790230536,3,6,12,nepse_official,OPEN,2026-09-24,SAEF2,Sanima Equity Fund-2,8.97,9.1,8.97,,9.01,9.06,-0.05000000000000071,,600.0,5419.0,6.0,0.129999999999999,1.4492753623188293,-0.551876379690957,903.1666666666666,9.031666666666666
2026-09-24T06:15:36+00:00,2026-09-24T12:00:36+05:45,2026-09-24,12:00:36,1790230536,3,6,12,nepse_official,OPEN,2026-09-24,SAGAR,Sagar Distillery Limited,1565.1,1585.0,1565.1,,1585.0,1590.0,-5.0,,223.0,351631.0,14.0,19.90000000000009,1.2714842502076602,-0.3144654088050315,25116.5,1576.8206278026905
2026-09-24T06:15:36+00:00,2026-09-24T12:00:36+05:45,2026-09-24,12:00:36,1790230536,3,6,12,nepse_official,OPEN,2026-09-24,SAHAS,Sahas Urja Limited,662.1,697.7,662.1,,693.1,696.9,-3.7999999999999545,,15272.0,10561621.1,78.0,35.60000000000002,5.376831294366413,-0.5452719184961909,135405.3987179487,691.5676466736511
2026-09-24T06:15:36+00:00,2026-09-24T12:00:36+05:45,2026-09-24,12:00:36,1790230536,3,6,12,nepse_official,OPEN,2026-09-24,SAIL,Shreenagar Agritech Industries Limited,925.0,1007.8,925.0,,980.0,973.0,7.0,,2497.0,2432233.0,46.0,82.79999999999995,8.951351351351347,0.7194244604316548,52874.63043478261,974.0620744893872
2026-09-24T06:15:36+00:00,2026-09-24T12:00:36+05:45,2026-09-24,12:00:36,1790230536,3,6,12,nepse_official,OPEN,2026-09-24,SALICO,Sagarmatha Lumbini Insurance Co. Limited,540.0,550.0,540.0,,550.0,540.0,10.0,,14.0,7620.0,2.0,10.0,1.8518518518518516,1.8518518518518516,3810.0,544.2857142857143
2026-09-24T06:15:36+00:00,2026-09-24T12:00:36+05:45,2026-09-24,12:00:36,1790230536,3,6,12,nepse_official,OPEN,2026-09-24,SANIMA,Sanima Bank Limited,366.0,367.0,363.2,,366.0,368.0,-2.0,,1498.0,546834.5,17.0,3.8000000000000114,1.0382513661202217,-0.5434782608695652,32166.735294117647,365.04305740987985
2026-09-24T06:15:36+00:00,2026-09-24T12:00:36+05:45,2026-09-24,12:00:36,1790230536,3,6,12,nepse_official,OPEN,2026-09-24,SANVI,Sanvi Energy Limited,552.0,564.0,552.0,,560.0,564.0,-4.0,,5340.0,2995311.0,16.0,12.0,2.1739130434782608,-0.7092198581560284,187206.9375,560.9196629213483
2026-09-24T06:15:36+00:00,2026-09-24T12:00:36+05:45,2026-09-24,12:00:36,1790230536,3,6,12,nepse_official,OPEN,2026-09-24,SAPDBL,Saptakoshi Development Bank Ltd,612.0,617.0,602.0,,609.1,606.0,3.1000000000000227,,4595.0,2814782.9,27.0,15.0,2.450980392156863,0.5115511551155153,104251.21851851851,612.5751686615887
2026-09-24T06:15:36+00:00,2026-09-24T12:00:36+05:45,2026-09-24,12:00:36,1790230536,3,6,12,nepse_official,OPEN,2026-09-24,SAPIL,Sarvottam Paints Industries Limited,1333.0,1349.9,1313.2,,1349.9,1333.0,16.90000000000009,,2017.0,2681458.3,109.0,36.700000000000045,2.753188297074272,1.2678169542385664,24600.53486238532,1329.4290034705007
2026-09-24T06:15:36+00:00,2026-09-24T12:00:36+05:45,2026-09-24,12:00:36,1790230536,3,6,12,nepse_official,OPEN,2026-09-24,SARBTM,Sarbottam Cement Limited,813.0,813.0,808.0,,810.0,812.1,-2.1000000000000227,,2393.0,1938807.4,16.0,5.0,0.6150061500615006,-0.25858884373845864,121175.4625,810.1994985374007
2026-09-24T06:15:36+00:00,2026-09-24T12:00:36+05:45,2026-09-24,12:00:36,1790230536,3,6,12,nepse_official,OPEN,2026-09-24,SBCF,Sunrise Bluechip Fund,9.27,9.27,8.9,,8.9,9.0,-0.09999999999999964,,300.0,2707.0,2.0,0.3699999999999992,3.9913700107874783,-1.1111111111111072,1353.5,9.023333333333333
2026-09-24T06:15:36+00:00,2026-09-24T12:00:36+05:45,2026-09-24,12:00:36,1790230536,3,6,12,nepse_official,OPEN,2026-09-24,SBI,Nepal SBI Bank Limited,403.0,406.8,402.0,,406.8,407.0,-0.19999999999998863,,1304.0,524801.1,15.0,4.800000000000011,1.1910669975186132,-0.04914004914004634,34986.74,402.45483128834354
2026-09-24T06:15:36+00:00,2026-09-24T12:00:36+05:45,2026-09-24,12:00:36,1790230536,3,6,12,nepse_official,OPEN,2026-09-24,SBID89,9% Nepal SBI Bank Rinpatra 2089,1140.18,1140.18,1140.18,,1140.18,1145.0,-4.819999999999936,,25.0,28503.6,2.0,0.0,0.0,-0.4209606986899508,14251.8,1140.144
2026-09-24T06:15:36+00:00,2026-09-24T12:00:36+05:45,2026-09-24,12:00:36,1790230536,3,6,12,nepse_official,OPEN,2026-09-24,SBL,Siddhartha Bank Limited,457.0,458.0,456.0,,458.0,457.0,1.0,,33546.0,15337617.5,119.0,2.0,0.437636761487965,0.2188183807439825,128887.54201680672,457.2115155309128
2026-09-24T06:15:36+00:00,2026-09-24T12:00:36+05:45,2026-09-24,12:00:36,1790230536,3,6,12,nepse_official,OPEN,2026-09-24,SCB,Standard Chartered Bank Limited,655.0,659.9,655.0,,659.9,655.2,4.699999999999932,,447.0,293916.0,10.0,4.899999999999977,0.7480916030534316,0.7173382173382069,29391.6,657.5302013422819
2026-09-24T06:15:36+00:00,2026-09-24T12:00:36+05:45,2026-09-24,12:00:36,1790230536,3,6,12,nepse_official,OPEN,2026-09-24,SEF,Siddhartha Equity Fund,9.7,9.7,9.7,,9.7,9.7,0.0,,10000.0,97000.0,2.0,0.0,0.0,0.0,48500.0,9.7
2026-09-24T06:15:36+00:00,2026-09-24T12:00:36+05:45,2026-09-24,12:00:36,1790230536,3,6,12,nepse_official,OPEN,2026-09-24,SEF2,Siddhartha Equity Fund 2,8.92,9.0,8.92,,8.92,9.1,-0.17999999999999972,,400.0,3576.0,4.0,0.08000000000000007,0.896860986547086,-1.9780219780219748,894.0,8.94
2026-09-24T06:15:36+00:00,2026-09-24T12:00:36+05:45,2026-09-24,12:00:36,1790230536,3,6,12,nepse_official,OPEN,2026-09-24,SGHC,Swet-Ganga Hydropower & Construction Limited ,298.0,298.0,295.0,,295.7,297.0,-1.3000000000000114,,485.0,143916.0,13.0,3.0,1.006711409395973,-0.4377104377104415,11070.461538461539,296.7340206185567
2026-09-24T06:15:36+00:00,2026-09-24T12:00:36+05:45,2026-09-24,12:00:36,1790230536,3,6,12,nepse_official,OPEN,2026-09-24,SGHL,Sanigad Hydro Limited,460.9,489.0,460.9,,485.1,485.1,0.0,,6060.0,2938800.5,169.0,28.100000000000023,6.096767194619228,0.0,17389.352071005917,484.95057755775576
2026-09-24T06:15:36+00:00,2026-09-24T12:00:36+05:45,2026-09-24,12:00:36,1790230536,3,6,12,nepse_official,OPEN,2026-09-24,SGIC,Sanima GIC Insurance Limited,377.0,388.0,377.0,,388.0,387.0,1.0,,213.0,81858.5,14.0,11.0,2.9177718832891246,0.2583979328165375,5847.035714285715,384.31220657277
2026-09-24T06:15:36+00:00,2026-09-24T12:00:36+05:45,2026-09-24,12:00:36,1790230536,3,6,12,nepse_official,OPEN,2026-09-24,SHEL,Singati Hydro Energy Limited,288.0,304.0,288.0,,303.9,302.0,1.8999999999999773,,6434.0,1950083.6,29.0,16.0,5.555555555555555,0.6291390728476746,67244.26206896552,303.09039477774326
2026-09-24T06:15:36+00:00,2026-09-24T12:00:36+05:45,2026-09-24,12:00:36,1790230536,3,6,12,nepse_official,OPEN,2026-09-24,SHINE,Shine Resunga Development Bank Ltd.,428.1,434.0,428.0,,433.9,429.1,4.7999999999999545,,6360.0,2744167.7,42.0,6.0,1.4015416958654519,1.118620368212527,65337.3261904762,431.47290880503147
2026-09-24T06:15:36+00:00,2026-09-24T12:00:36+05:45,2026-09-24,12:00:36,1790230536,3,6,12,nepse_official,OPEN,2026-09-24,SHIVM,SHIVAM CEMENTS LTD,689.0,692.8,686.1,,692.0,687.0,5.0,,70741.0,48795222.1,174.0,6.699999999999932,0.972423802612472,0.727802037845706,280432.31091954024,689.7728629790362
2026-09-24T06:15:36+00:00,2026-09-24T12:00:36+05:45,2026-09-24,12:00:36,1790230536,3,6,12,nepse_official,OPEN,2026-09-24,SHL,Soaltee Hotel Limited,515.1,520.8,512.0,,520.8,517.6,3.199999999999932,,5412.0,2795111.5,19.0,8.799999999999955,1.7084061347311112,0.6182380216383175,147111.13157894736,516.4655395417591
2026-09-24T06:15:36+00:00,2026-09-24T12:00:36+05:45,2026-09-24,12:00:36,1790230536,3,6,12,nepse_official,OPEN,2026-09-24,SHLB,Shrijanshil Laghubitta Bittiya Sanstha Limited,1305.0,1305.0,1305.0,,1305.0,1305.0,0.0,,10.0,13050.0,1.0,0.0,0.0,0.0,13050.0,1305.0
2026-09-24T06:15:36+00:00,2026-09-24T12:00:36+05:45,2026-09-24,12:00:36,1790230536,3,6,12,nepse_official,OPEN,2026-09-24,SHPC,Sanima Mai Hydropower Ltd.,528.0,528.9,527.0,,528.9,529.9,-1.0,,9805.0,5177393.0,22.0,1.8999999999999773,0.35984848484848053,-0.1887148518588413,235336.04545454544,528.0360020397757
2026-09-24T06:15:36+00:00,2026-09-24T12:00:36+05:45,2026-09-24,12:00:36,1790230536,3,6,12,nepse_official,OPEN,2026-09-24,SICL,Shikhar Insurance Co. Ltd.,564.9,564.9,552.0,,560.8,558.0,2.7999999999999545,,51.0,28432.0,4.0,12.899999999999977,2.2835900159320195,0.5017921146953324,7108.0,557.4901960784314
2026-09-24T06:15:36+00:00,2026-09-24T12:00:36+05:45,2026-09-24,12:00:36,1790230536,3,6,12,nepse_official,OPEN,2026-09-24,SIFC,Shree Investment Finance Co. Ltd.,475.5,475.5,475.5,,475.5,481.0,-5.5,,149.0,70849.5,1.0,0.0,0.0,-1.1434511434511436,70849.5,475.5
2026-09-24T06:15:36+00:00,2026-09-24T12:00:36+05:45,2026-09-24,12:00:36,1790230536,3,6,12,nepse_official,OPEN,2026-09-24,SIGS3,Siddhartha Investment Growth Scheme 3,10.27,10.27,10.27,,10.27,10.27,0.0,,1960.0,20129.2,2.0,0.0,0.0,0.0,10064.6,10.27
2026-09-24T06:15:36+00:00,2026-09-24T12:00:36+05:45,2026-09-24,12:00:36,1790230536,3,6,12,nepse_official,OPEN,2026-09-24,SIKLES,Sikles Hydropower Limited,570.0,581.0,570.0,,579.0,571.0,8.0,,1125.0,643220.0,9.0,11.0,1.9298245614035088,1.4010507880910683,71468.88888888889,571.7511111111111
2026-09-24T06:15:36+00:00,2026-09-24T12:00:36+05:45,2026-09-24,12:00:36,1790230536,3,6,12,nepse_official,OPEN,2026-09-24,SINDU,Sindhu Bikash Bank Ltd,410.3,422.6,410.3,,421.0,418.5,2.5,,1295.0,542683.1,20.0,12.300000000000011,2.9978064830611775,0.5973715651135006,27134.155,419.06030888030887
2026-09-24T06:15:36+00:00,2026-09-24T12:00:36+05:45,2026-09-24,12:00:36,1790230536,3,6,12,nepse_official,OPEN,2026-09-24,SIPD,Shikhar power Development Limited,566.0,579.0,560.0,,570.0,563.9,6.100000000000023,,1192.0,672291.0,47.0,19.0,3.356890459363958,1.0817520837027883,14304.063829787234,564.0025167785235
2026-09-24T06:15:36+00:00,2026-09-24T12:00:36+05:45,2026-09-24,12:00:36,1790230536,3,6,12,nepse_official,OPEN,2026-09-24,SJCL,SANJEN JALAVIDHYUT COMPANY LIMITED,240.5,247.5,240.5,,246.0,246.0,0.0,,2395.0,587815.5,23.0,7.0,2.9106029106029108,0.0,25557.195652173912,245.43444676409186
2026-09-24T06:15:36+00:00,2026-09-24T12:00:36+05:45,2026-09-24,12:00:36,1790230536,3,6,12,nepse_official,OPEN,2026-09-24,SJLIC,SuryaJyoti Life Insurance Company Limited,413.0,418.0,411.0,,418.0,415.0,3.0,,175.0,72303.0,14.0,7.0,1.694915254237288,0.7228915662650602,5164.5,413.16
2026-09-24T06:15:36+00:00,2026-09-24T12:00:36+05:45,2026-09-24,12:00:36,1790230536,3,6,12,nepse_official,OPEN,2026-09-24,SKBBL,Sana Kisan Bikas Laghubitta Bittiya Sanstha Limited,769.8,769.8,768.0,,768.0,762.0,6.0,,240.0,184521.0,4.0,1.7999999999999545,0.2338269680436418,0.7874015748031495,46130.25,768.8375
2026-09-24T06:15:36+00:00,2026-09-24T12:00:36+05:45,2026-09-24,12:00:36,1790230536,3,6,12,nepse_official,OPEN,2026-09-24,SKHEL,Suryakunda Hydro Electric Limited,822.1,835.0,820.0,,835.0,845.0,-10.0,,340.0,280000.0,12.0,15.0,1.824595547986863,-1.183431952662722,23333.333333333332,823.5294117647059
2026-09-24T06:15:36+00:00,2026-09-24T12:00:36+05:45,2026-09-24,12:00:36,1790230536,3,6,12,nepse_official,OPEN,2026-09-24,SKHL,Super Khudi Hydropower Limited,736.0,740.0,734.2,,740.0,743.9,-3.8999999999999773,,735.0,541213.5,25.0,5.7999999999999545,0.7880434782608634,-0.5242640139803707,21648.54,736.3448979591836
2026-09-24T06:15:36+00:00,2026-09-24T12:00:36+05:45,2026-09-24,12:00:36,1790230536,3,6,12,nepse_official,OPEN,2026-09-24,SLBBL,Swarojgar Laghubitta Bittiya Sanstha Ltd.,808.0,820.0,808.0,,820.0,807.1,12.899999999999977,,249.0,201753.2,6.0,12.0,1.4851485148514851,1.5983149547763569,33625.53333333333,810.2538152610442
2026-09-24T06:15:36+00:00,2026-09-24T12:00:36+05:45,2026-09-24,12:00:36,1790230536,3,6,12,nepse_official,OPEN,2026-09-24,SLBSL,Samudayik Laghubitta Bittiya Sanstha Limited,885.0,920.0,885.0,,920.0,904.0,16.0,,1733.0,1580266.0,22.0,35.0,3.954802259887006,1.7699115044247788,71830.27272727272,911.867282169648
2026-09-24T06:15:36+00:00,2026-09-24T12:00:36+05:45,2026-09-24,12:00:36,1790230536,3,6,12,nepse_official,OPEN,2026-09-24,SLCF,Sanima Large Cap Fund,9.1,9.1,9.1,,9.1,9.0,0.09999999999999964,,100.0,910.0,1.0,0.0,0.0,1.1111111111111072,910.0,9.1
2026-09-24T06:15:36+00:00,2026-09-24T12:00:36+05:45,2026-09-24,12:00:36,1790230536,3,6,12,nepse_official,OPEN,2026-09-24,SMATA,Samata Gharelu Laghubitta Bittiya Sanstha Limited,695.0,695.0,690.1,,690.1,695.0,-4.899999999999977,,401.0,276766.0,4.0,4.899999999999977,0.7050359712230183,-0.7050359712230183,69191.5,690.1895261845386
2026-09-24T06:15:36+00:00,2026-09-24T12:00:36+05:45,2026-09-24,12:00:36,1790230536,3,6,12,nepse_official,OPEN,2026-09-24,SMB,Support Microfinance Bittiya Sanstha Ltd.,1820.1,1820.1,1820.0,,1820.0,1859.0,-39.0,,44.0,80081.0,3.0,0.09999999999990905,0.005494203615180982,-2.097902097902098,26693.666666666668,1820.0227272727273
2026-09-24T06:15:36+00:00,2026-09-24T12:00:36+05:45,2026-09-24,12:00:36,1790230536,3,6,12,nepse_official,OPEN,2026-09-24,SMFBS,Swabhimaan Laghubitta Bittiya Sanstha Limited,1480.0,1480.0,1480.0,,1480.0,1417.0,63.0,,10.0,14800.0,1.0,0.0,0.0,4.446012702893437,14800.0,1480.0
2026-09-24T06:15:36+00:00,2026-09-24T12:00:36+05:45,2026-09-24,12:00:36,1790230536,3,6,12,nepse_official,OPEN,2026-09-24,SMH,Super Mai Hydropower Limited,511.5,512.1,511.0,,512.1,511.0,1.1000000000000227,,86.0,43962.0,4.0,1.1000000000000227,0.2150537634408647,0.21526418786693202,10990.5,511.1860465116279
2026-09-24T06:15:36+00:00,2026-09-24T12:00:36+05:45,2026-09-24,12:00:36,1790230536,3,6,12,nepse_official,OPEN,2026-09-24,SMHL,Super Madi Hydropower Limited,465.0,468.0,465.0,,468.0,468.0,0.0,,1865.0,872082.7,17.0,3.0,0.6451612903225806,0.0,51298.98235294117,467.60466487935656
2026-09-24T06:15:36+00:00,2026-09-24T12:00:36+05:45,2026-09-24,12:00:36,1790230536,3,6,12,nepse_official,OPEN,2026-09-24,SMJC,Sagarmatha Jalabidhyut Company Limited,418.0,418.0,407.7,,407.9,411.9,-4.0,,190.0,78614.0,7.0,10.300000000000011,2.464114832535888,-0.9711094925952901,11230.57142857143,413.7578947368421
2026-09-24T06:15:36+00:00,2026-09-24T12:00:36+05:45,2026-09-24,12:00:36,1790230536,3,6,12,nepse_official,OPEN,2026-09-24,SMPDA,Sampada Laghubitta Bittiya Sanstha Limited,740.0,740.0,727.0,,727.0,748.0,-21.0,,344.0,251420.2,5.0,13.0,1.7567567567567568,-2.807486631016043,50284.04,730.8726744186047
2026-09-24T06:15:36+00:00,2026-09-24T12:00:36+05:45,2026-09-24,12:00:36,1790230536,3,6,12,nepse_official,OPEN,2026-09-24,SNLI,Sun Nepal Life Insurance Company Limited,420.0,420.0,411.0,,413.0,417.0,-4.0,,2031.0,840044.9,41.0,9.0,2.142857142857143,-0.9592326139088728,20488.9,413.6114721811915
2026-09-24T06:15:36+00:00,2026-09-24T12:00:36+05:45,2026-09-24,12:00:36,1790230536,3,6,12,nepse_official,OPEN,2026-09-24,SNORL,Snow Rivers Limited,888.0,930.0,862.0,,876.2,859.09,17.110000000000014,,25366.0,22394741.8,264.0,68.0,7.657657657657657,1.9916423191982229,84828.56742424243,882.8645352046046
2026-09-24T06:15:36+00:00,2026-09-24T12:00:36+05:45,2026-09-24,12:00:36,1790230536,3,6,12,nepse_official,OPEN,2026-09-24,SOHL,Solu Hydropower Limited,645.0,649.0,636.8,,643.6,643.1,0.5,,29994.0,19304392.5,177.0,12.200000000000045,1.8914728682170614,0.07774840615767377,109064.36440677966,643.6084716943388
2026-09-24T06:15:36+00:00,2026-09-24T12:00:36+05:45,2026-09-24,12:00:36,1790230536,3,6,12,nepse_official,OPEN,2026-09-24,SONA,Sonapur Minerals And Oil Limited,383.8,409.0,383.8,,407.3,404.0,3.3000000000000114,,18338.0,7428487.0,99.0,25.19999999999999,6.565919749869721,0.8168316831683197,75035.22222222222,405.0870869233286
2026-09-24T06:15:36+00:00,2026-09-24T12:00:36+05:45,2026-09-24,12:00:36,1790230536,3,6,12,nepse_official,OPEN,2026-09-24,SOPL,Sopan Pharmaceuticals Limited,727.0,736.0,727.0,,736.0,734.9,1.1000000000000227,,7441.0,5435587.5,116.0,9.0,1.2379642365887207,0.14968022860253405,46858.512931034486,730.4915333960489
2026-09-24T06:15:36+00:00,2026-09-24T12:00:36+05:45,2026-09-24,12:00:36,1790230536,3,6,12,nepse_official,OPEN,2026-09-24,SPC,Samling Power Company Limited,403.0,403.0,395.0,,395.0,405.0,-10.0,,494.0,195380.0,6.0,8.0,1.9851116625310175,-2.4691358024691357,32563.333333333332,395.50607287449395
2026-09-24T06:15:36+00:00,2026-09-24T12:00:36+05:45,2026-09-24,12:00:36,1790230536,3,6,12,nepse_official,OPEN,2026-09-24,SPDL,Synergy Power Development Ltd.,356.0,359.0,352.0,,359.0,356.0,3.0,,3956.0,1407888.5,15.0,7.0,1.9662921348314606,0.8426966292134831,93859.23333333334,355.8868806875632
2026-09-24T06:15:36+00:00,2026-09-24T12:00:36+05:45,2026-09-24,12:00:36,1790230536,3,6,12,nepse_official,OPEN,2026-09-24,SPHL,Sayapatri Hydropower Limited,507.2,515.0,507.2,,509.1,513.9,-4.7999999999999545,,85.0,43491.5,7.0,7.800000000000011,1.5378548895899076,-0.93403385872737,6213.071428571428,511.66470588235296
2026-09-24T06:15:36+00:00,2026-09-24T12:00:36+05:45,2026-09-24,12:00:36,1790230536,3,6,12,nepse_official,OPEN,2026-09-24,SPIL,Siddhartha Premier Insurance Limited,635.7,635.7,614.0,,629.9,630.0,-0.10000000000002274,,578.0,356882.0,5.0,21.700000000000045,3.4135598552776534,-0.015873015873019484,71376.4,617.4429065743944
2026-09-24T06:15:36+00:00,2026-09-24T12:00:36+05:45,2026-09-24,12:00:36,1790230536,3,6,12,nepse_official,OPEN,2026-09-24,SPL,Shuvam Power Limited,609.0,609.0,590.8,,590.8,602.9,-12.100000000000023,,710.0,419770.0,4.0,18.200000000000045,2.9885057471264442,-2.0069663294078657,104942.5,591.2253521126761
2026-09-24T06:15:36+00:00,2026-09-24T12:00:36+05:45,2026-09-24,12:00:36,1790230536,3,6,12,nepse_official,OPEN,2026-09-24,SRLI,Sanima Reliance Life Insurance Limited,367.0,368.0,363.2,,367.0,368.0,-1.0,,9078.0,3318636.9,42.0,4.800000000000011,1.3079019073569513,-0.2717391304347826,79015.16428571429,365.56916721744875
2026-09-24T06:15:36+00:00,2026-09-24T12:00:36+05:45,2026-09-24,12:00:36,1790230536,3,6,12,nepse_official,OPEN,2026-09-24,SSHL,Shiva Shree Hydropower Ltd,207.2,209.9,205.2,,209.1,210.0,-0.9000000000000057,,39413.0,8177227.1,89.0,4.700000000000017,2.268339768339777,-0.42857142857143127,91878.95617977528,207.4753786821607
2026-09-24T06:15:36+00:00,2026-09-24T12:00:36+05:45,2026-09-24,12:00:36,1790230536,3,6,12,nepse_official,OPEN,2026-09-24,STC,Salt Trading Corporation,5412.0,5412.0,5412.0,,5412.0,5499.0,-87.0,,10.0,54120.0,1.0,0.0,0.0,-1.5821058374249863,54120.0,5412.0
2026-09-24T06:15:36+00:00,2026-09-24T12:00:36+05:45,2026-09-24,12:00:36,1790230536,3,6,12,nepse_official,OPEN,2026-09-24,SWASTIK,Swastik Laghubitta Bittiya Sanstha Limited,1800.0,1800.0,1780.0,,1780.0,1820.0,-40.0,,20.0,35800.0,2.0,20.0,1.1111111111111112,-2.197802197802198,17900.0,1790.0
2026-09-24T06:15:36+00:00,2026-09-24T12:00:36+05:45,2026-09-24,12:00:36,1790230536,3,6,12,nepse_official,OPEN,2026-09-24,SWBBL,Swabalamban Laghubitta Bittiya Sanstha Limited,710.0,710.0,705.0,,709.9,701.0,8.899999999999977,,479.0,339805.0,6.0,5.0,0.7042253521126761,1.2696148359486414,56634.166666666664,709.4050104384133
2026-09-24T06:15:36+00:00,2026-09-24T12:00:36+05:45,2026-09-24,12:00:36,1790230536,3,6,12,nepse_official,OPEN,2026-09-24,SYPNL,SY Panel Nepal Limited,1305.0,1318.8,1300.0,,1313.0,1309.8,3.2000000000000455,,2435.0,3183076.0,64.0,18.799999999999955,1.4406130268199198,0.24431210871889186,49735.5625,1307.2180698151951
2026-09-24T06:15:36+00:00,2026-09-24T12:00:36+05:45,2026-09-24,12:00:36,1790230536,3,6,12,nepse_official,OPEN,2026-09-24,TAMOR,Sanima Middle Tamor Hydropower Limited,530.0,531.9,511.0,,526.3,534.0,-7.7000000000000455,,190986.0,99575364.2,538.0,20.899999999999977,3.9433962264150897,-1.4419475655430798,185084.32007434944,521.3752013236573
2026-09-24T06:15:36+00:00,2026-09-24T12:00:36+05:45,2026-09-24,12:00:36,1790230536,3,6,12,nepse_official,OPEN,2026-09-24,TPC,Terhathum Power Company Limited,361.0,363.4,361.0,,363.4,363.4,0.0,,150.0,54225.0,5.0,2.3999999999999773,0.6648199445983317,0.0,10845.0,361.5
2026-09-24T06:15:36+00:00,2026-09-24T12:00:36+05:45,2026-09-24,12:00:36,1790230536,3,6,12,nepse_official,OPEN,2026-09-24,TPKHL,Taksar Pikhuwa Khola Hydropower Limited,481.7,513.0,481.7,,503.1,507.0,-3.8999999999999773,,4352.0,2179605.8,90.0,31.30000000000001,6.497820220053978,-0.7692307692307647,24217.84222222222,500.82853860294114
2026-09-24T06:15:36+00:00,2026-09-24T12:00:36+05:45,2026-09-24,12:00:36,1790230536,3,6,12,nepse_official,OPEN,2026-09-24,TRH,Taragaon Regency Hotel Limited,802.1,815.0,802.1,,815.0,813.9,1.1000000000000227,,510.0,415521.0,3.0,12.899999999999977,1.6082782695424482,0.1351517385428213,138507.0,814.7470588235294
2026-09-24T06:15:36+00:00,2026-09-24T12:00:36+05:45,2026-09-24,12:00:36,1790230536,3,6,12,nepse_official,OPEN,2026-09-24,TSHL,Three Star Hydropower Limited,353.0,360.0,325.0,,356.0,353.0,3.0,,462.0,162644.4,12.0,35.0,9.91501416430595,0.84985835694051,13553.699999999999,352.04415584415585
2026-09-24T06:15:36+00:00,2026-09-24T12:00:36+05:45,2026-09-24,12:00:36,1790230536,3,6,12,nepse_official,OPEN,2026-09-24,TTL,Trade Tower Limited,688.0,691.0,688.0,,691.0,688.4,2.6000000000000227,,1160.0,798710.0,32.0,3.0,0.436046511627907,0.37768739105171745,24959.6875,688.5431034482758
2026-09-24T06:15:36+00:00,2026-09-24T12:00:36+05:45,2026-09-24,12:00:36,1790230536,3,6,12,nepse_official,OPEN,2026-09-24,TVCL,Trishuli Jal Vidhyut Company Limited ,297.0,299.9,282.3,,298.6,296.0,2.6000000000000227,,5510.0,1573180.5,31.0,17.599999999999966,5.925925925925914,0.8783783783783861,50747.75806451613,285.51370235934667
2026-09-24T06:15:36+00:00,2026-09-24T12:00:36+05:45,2026-09-24,12:00:36,1790230536,3,6,12,nepse_official,OPEN,2026-09-24,UAIL,United Ajod Insurance Limited,370.0,370.0,364.0,,365.1,370.0,-4.899999999999977,,204.0,74428.8,21.0,6.0,1.6216216216216217,-1.3243243243243183,3544.2285714285717,364.84705882352944
2026-09-24T06:15:36+00:00,2026-09-24T12:00:36+05:45,2026-09-24,12:00:36,1790230536,3,6,12,nepse_official,OPEN,2026-09-24,UHEWA,Upper Hewakhola Hydropower Company Limited,595.0,595.0,585.0,,591.9,592.0,-0.10000000000002274,,717.0,423755.0,10.0,10.0,1.680672268907563,-0.016891891891895734,42375.5,591.0111576011158
2026-09-24T06:15:36+00:00,2026-09-24T12:00:36+05:45,2026-09-24,12:00:36,1790230536,3,6,12,nepse_official,OPEN,2026-09-24,ULBSL,Upakar Laghubitta Bittiya Sanstha Limited,2483.1,2583.0,2483.1,,2583.0,2554.0,29.0,,20.0,50661.0,2.0,99.90000000000009,4.023196810438569,1.1354737666405637,25330.5,2533.05
2026-09-24T06:15:36+00:00,2026-09-24T12:00:36+05:45,2026-09-24,12:00:36,1790230536,3,6,12,nepse_official,OPEN,2026-09-24,ULHC,Upper Lohore Khola Hydropower Company Limited,330.0,342.0,330.0,,333.2,330.0,3.1999999999999886,,2851.0,960678.9,27.0,12.0,3.6363636363636362,0.9696969696969662,35580.700000000004,336.9620834794809
2026-09-24T06:15:36+00:00,2026-09-24T12:00:36+05:45,2026-09-24,12:00:36,1790230536,3,6,12,nepse_official,OPEN,2026-09-24,UMHL,United Modi Hydropower Ltd.,557.0,560.0,555.7,,560.0,564.7,-4.7000000000000455,,920.0,511850.0,6.0,4.2999999999999545,0.7719928186714461,-0.8323003364618461,85308.33333333333,556.3586956521739
2026-09-24T06:15:36+00:00,2026-09-24T12:00:36+05:45,2026-09-24,12:00:36,1790230536,3,6,12,nepse_official,OPEN,2026-09-24,UMRH,United IDI Mardi RB Hydropower Limited.,505.0,509.0,503.1,,509.0,505.0,4.0,,2843.0,1437444.2,13.0,5.899999999999977,1.1683168316831638,0.7920792079207921,110572.63076923076,505.60823074217376
2026-09-24T06:15:36+00:00,2026-09-24T12:00:36+05:45,2026-09-24,12:00:36,1790230536,3,6,12,nepse_official,OPEN,2026-09-24,UNHPL,Union Hydropower Limited,358.5,360.0,358.3,,358.3,361.0,-2.6999999999999886,,1350.0,484565.0,5.0,1.6999999999999886,0.4741980474198016,-0.747922437673127,96913.0,358.93703703703704
2026-09-24T06:15:36+00:00,2026-09-24T12:00:36+05:45,2026-09-24,12:00:36,1790230536,3,6,12,nepse_official,OPEN,2026-09-24,UNLB,Unique Nepal Laghubitta Bittiya Sanstha Limited,1220.0,1222.0,1220.0,,1222.0,1249.0,-27.0,,40.0,48790.0,5.0,2.0,0.16393442622950818,-2.1617293835068057,9758.0,1219.75
2026-09-24T06:15:36+00:00,2026-09-24T12:00:36+05:45,2026-09-24,12:00:36,1790230536,3,6,12,nepse_official,OPEN,2026-09-24,UPCL,UNIVERSAL POWER COMPANY LTD,338.0,338.0,336.0,,337.8,336.0,1.8000000000000114,,1259.0,423969.9,12.0,2.0,0.591715976331361,0.5357142857142891,35330.825000000004,336.7513105639396
2026-09-24T06:15:36+00:00,2026-09-24T12:00:36+05:45,2026-09-24,12:00:36,1790230536,3,6,12,nepse_official,OPEN,2026-09-24,UPPER,Upper Tamakoshi Hydropower Ltd,192.0,193.0,190.0,,193.0,193.5,-0.5,,23863.0,4565487.7,91.0,3.0,1.5625,-0.2583979328165375,50170.19450549451,191.32077693500398
2026-09-24T06:15:36+00:00,2026-09-24T12:00:36+05:45,2026-09-24,12:00:36,1790230536,3,6,12,nepse_official,OPEN,2026-09-24,USHEC,Upper Solu Hydro Electric Company Limited,500.6,505.0,500.6,,505.0,508.9,-3.8999999999999773,,1015.0,509804.0,12.0,4.399999999999977,0.878945265681178,-0.7663588131263466,42483.666666666664,502.26995073891624
2026-09-24T06:15:36+00:00,2026-09-24T12:00:36+05:45,2026-09-24,12:00:36,1790230536,3,6,12,nepse_official,OPEN,2026-09-24,USHL,Upper Syange Hydropower Limited,517.3,520.0,517.3,,520.0,521.5,-1.5,,21.0,10893.0,2.0,2.7000000000000455,0.521940846704049,-0.28763183125599234,5446.5,518.7142857142857
2026-09-24T06:15:36+00:00,2026-09-24T12:00:36+05:45,2026-09-24,12:00:36,1790230536,3,6,12,nepse_official,OPEN,2026-09-24,USLB,Unnati Sahakarya Laghubitta Bittiya Sanstha Limited,1038.4,1120.0,1038.4,,1095.1,1093.0,2.099999999999909,,795.0,879079.7,19.0,81.59999999999991,7.858243451463781,0.1921317474839807,46267.35263157894,1105.7606289308176
2026-09-24T06:15:36+00:00,2026-09-24T12:00:36+05:45,2026-09-24,12:00:36,1790230536,3,6,12,nepse_official,OPEN,2026-09-24,VLBS,Vijaya laghubitta Bittiya Sanstha Ltd.,618.0,622.1,618.0,,622.1,632.0,-9.899999999999977,,20.0,12401.0,2.0,4.100000000000023,0.6634304207119778,-1.5664556962025282,6200.5,620.05
2026-09-24T06:15:36+00:00,2026-09-24T12:00:36+05:45,2026-09-24,12:00:36,1790230536,3,6,12,nepse_official,OPEN,2026-09-24,VLUCL,Vision Lumbini Urja Company Limited ,387.0,391.0,386.2,,386.2,387.0,-0.8000000000000114,,100.0,38902.0,6.0,4.800000000000011,1.2403100775193827,-0.2067183462532329,6483.666666666667,389.02
2026-09-24T06:15:36+00:00,2026-09-24T12:00:36+05:45,2026-09-24,12:00:36,1790230536,3,6,12,nepse_official,OPEN,2026-09-24,YMHL,Yambaling Hydropower Limited,550.0,564.0,550.0,,561.0,562.0,-1.0,,2646.0,1479144.5,70.0,14.0,2.5454545454545454,-0.1779359430604982,21130.635714285716,559.0115268329554
