scraped_at_utc,scraped_at_npt,npt_date,npt_time,scraped_epoch,weekday,hour_utc,hour_npt,price_source,is_market_open,business_date,symbol,security_name,open_price,high_price,low_price,close_price,last_traded_price,previous_closing_price,point_change,percentage_change,total_traded_quantity,total_traded_value,total_trades,intraday_range,intraday_range_pct_of_open,return_from_prev_close_pct,turnover_per_trade,vwap_proxy
2026-09-15T05:15:27+00:00,2026-09-15T11:00:27+05:45,2026-09-15,11:00:27,1789449327,1,5,11,nepse_official,OPEN,2026-09-15,ACLBSL,Aarambha Chautari Laghubitta Bittiya Sanstha Limited,921.0,921.0,921.0,,921.0,878.0,43.0,,50.0,46050.0,1.0,0.0,0.0,4.89749430523918,46050.0,921.0
2026-09-15T05:15:27+00:00,2026-09-15T11:00:27+05:45,2026-09-15,11:00:27,1789449327,1,5,11,nepse_official,OPEN,2026-09-15,ADBL,Agricultural Development Bank Limited,317.0,317.0,317.0,,317.0,302.0,15.0,,2200.0,697400.0,9.0,0.0,0.0,4.966887417218543,77488.88888888889,317.0
2026-09-15T05:15:27+00:00,2026-09-15T11:00:27+05:45,2026-09-15,11:00:27,1789449327,1,5,11,nepse_official,OPEN,2026-09-15,AHPC,Arun Valley Hydropower Development Co. Ltd.,279.0,279.0,272.0,,272.0,266.0,6.0,,6250.0,1742350.0,20.0,7.0,2.5089605734767026,2.2556390977443606,87117.5,278.776
2026-09-15T05:15:27+00:00,2026-09-15T11:00:27+05:45,2026-09-15,11:00:27,1789449327,1,5,11,nepse_official,OPEN,2026-09-15,AKJCL,Ankhu Khola Jalvidhyut Company Ltd,361.0,361.0,361.0,,361.0,343.9,17.100000000000023,,10080.0,3638880.0,19.0,0.0,0.0,4.972375690607741,191520.0,361.0
2026-09-15T05:15:27+00:00,2026-09-15T11:00:27+05:45,2026-09-15,11:00:27,1789449327,1,5,11,nepse_official,OPEN,2026-09-15,AKPL,Arun Kabeli Power Ltd.,269.0,269.0,262.0,,262.0,256.7,5.300000000000011,,1174.0,313508.0,11.0,7.0,2.6022304832713754,2.064666926373203,28500.727272727272,267.0425894378194
2026-09-15T05:15:27+00:00,2026-09-15T11:00:27+05:45,2026-09-15,11:00:27,1789449327,1,5,11,nepse_official,OPEN,2026-09-15,ALBSL,Asha Laghubitta Bittiya Sanstha Ltd,1220.0,1220.0,1220.0,,1220.0,1192.1,27.90000000000009,,60.0,73200.0,2.0,0.0,0.0,2.340407683919142,36600.0,1220.0
2026-09-15T05:15:27+00:00,2026-09-15T11:00:27+05:45,2026-09-15,11:00:27,1789449327,1,5,11,nepse_official,OPEN,2026-09-15,ALICL,Asian Life Insurance Co. Limited,424.0,424.0,415.0,,415.0,404.0,11.0,,4150.0,1754900.0,6.0,9.0,2.1226415094339623,2.722772277227723,292483.3333333333,422.86746987951807
2026-09-15T05:15:27+00:00,2026-09-15T11:00:27+05:45,2026-09-15,11:00:27,1789449327,1,5,11,nepse_official,OPEN,2026-09-15,ANLB,Aatmanirbhar Laghubitta Bittiya Sanstha Limited,5121.0,5121.0,5121.0,,5121.0,4975.0,146.0,,50.0,256050.0,3.0,0.0,0.0,2.9346733668341707,85350.0,5121.0
2026-09-15T05:15:27+00:00,2026-09-15T11:00:27+05:45,2026-09-15,11:00:27,1789449327,1,5,11,nepse_official,OPEN,2026-09-15,APHL,Appolo Hydropower Limited,731.0,731.0,720.0,,720.0,697.0,23.0,,250.0,180550.0,3.0,11.0,1.5047879616963065,3.2998565279770444,60183.333333333336,722.2
2026-09-15T05:15:27+00:00,2026-09-15T11:00:27+05:45,2026-09-15,11:00:27,1789449327,1,5,11,nepse_official,OPEN,2026-09-15,API,Api Power Company Ltd.,350.0,350.0,346.8,,350.0,340.0,10.0,,12860.0,4497790.0,32.0,3.1999999999999886,0.914285714285711,2.941176470588235,140555.9375,349.7503888024883
2026-09-15T05:15:27+00:00,2026-09-15T11:00:27+05:45,2026-09-15,11:00:27,1789449327,1,5,11,nepse_official,OPEN,2026-09-15,AVYAN,Aviyan Laghubitta Bittiya Sanstha Limited,1085.0,1085.0,1085.0,,1085.0,1034.0,51.0,,50.0,54250.0,2.0,0.0,0.0,4.932301740812379,27125.0,1085.0
2026-09-15T05:15:27+00:00,2026-09-15T11:00:27+05:45,2026-09-15,11:00:27,1789449327,1,5,11,nepse_official,OPEN,2026-09-15,BANDIPUR,Bandipur Cablecar and Tourism Limited,677.0,677.0,677.0,,677.0,644.8,32.200000000000045,,858.0,580866.0,17.0,0.0,0.0,4.993796526054598,34168.58823529412,677.0
2026-09-15T05:15:27+00:00,2026-09-15T11:00:27+05:45,2026-09-15,11:00:27,1789449327,1,5,11,nepse_official,OPEN,2026-09-15,BARUN,Barun Hydropower Co. Ltd.,335.1,335.1,335.1,,335.1,319.2,15.900000000000034,,1110.0,371961.0,8.0,0.0,0.0,4.981203007518808,46495.125,335.1
2026-09-15T05:15:27+00:00,2026-09-15T11:00:27+05:45,2026-09-15,11:00:27,1789449327,1,5,11,nepse_official,OPEN,2026-09-15,BBC,Bishal Bazar Company Limited,4299.0,4299.0,4299.0,,4299.0,4098.0,201.0,,50.0,214950.0,2.0,0.0,0.0,4.904831625183016,107475.0,4299.0
2026-09-15T05:15:27+00:00,2026-09-15T11:00:27+05:45,2026-09-15,11:00:27,1789449327,1,5,11,nepse_official,OPEN,2026-09-15,BEDC,Bhugol Energy Development Company Limited,319.0,319.0,319.0,,319.0,304.0,15.0,,750.0,239250.0,6.0,0.0,0.0,4.934210526315789,39875.0,319.0
2026-09-15T05:15:27+00:00,2026-09-15T11:00:27+05:45,2026-09-15,11:00:27,1789449327,1,5,11,nepse_official,OPEN,2026-09-15,BFC,Best Finance Company Ltd.,468.3,468.3,468.3,,468.3,446.0,22.30000000000001,,1585.0,742255.5,5.0,0.0,0.0,5.000000000000003,148451.1,468.3
2026-09-15T05:15:27+00:00,2026-09-15T11:00:27+05:45,2026-09-15,11:00:27,1789449327,1,5,11,nepse_official,OPEN,2026-09-15,BGWT,Bhagawati Hydropower Development Company Limited,521.0,521.0,521.0,,521.0,497.0,24.0,,350.0,182350.0,3.0,0.0,0.0,4.82897384305835,60783.333333333336,521.0
2026-09-15T05:15:27+00:00,2026-09-15T11:00:27+05:45,2026-09-15,11:00:27,1789449327,1,5,11,nepse_official,OPEN,2026-09-15,BHCL,Bikash Hydropower Company Limited,549.0,549.0,549.0,,549.0,523.5,25.5,,60.0,32940.0,2.0,0.0,0.0,4.871060171919771,16470.0,549.0
2026-09-15T05:15:27+00:00,2026-09-15T11:00:27+05:45,2026-09-15,11:00:27,1789449327,1,5,11,nepse_official,OPEN,2026-09-15,BHDC,Bindhyabasini Hydropower Development Company Limited,430.0,430.0,430.0,,430.0,424.9,5.100000000000023,,300.0,129000.0,3.0,0.0,0.0,1.2002824193928037,43000.0,430.0
2026-09-15T05:15:27+00:00,2026-09-15T11:00:27+05:45,2026-09-15,11:00:27,1789449327,1,5,11,nepse_official,OPEN,2026-09-15,BHL,Balephi Hydropower Limited,221.5,221.5,221.5,,221.5,211.0,10.5,,7010.0,1552715.0,23.0,0.0,0.0,4.976303317535545,67509.34782608696,221.5
2026-09-15T05:15:27+00:00,2026-09-15T11:00:27+05:45,2026-09-15,11:00:27,1789449327,1,5,11,nepse_official,OPEN,2026-09-15,BHPL,Barahi Hydropower Public Limited,482.8,482.8,482.8,,482.8,459.9,22.900000000000034,,1010.0,487628.0,11.0,0.0,0.0,4.979343335507727,44329.818181818184,482.8
2026-09-15T05:15:27+00:00,2026-09-15T11:00:27+05:45,2026-09-15,11:00:27,1789449327,1,5,11,nepse_official,OPEN,2026-09-15,BJHL,Bhujung Hydropower Limited,682.0,682.0,682.0,,682.0,650.0,32.0,,60.0,40920.0,5.0,0.0,0.0,4.923076923076923,8184.0,682.0
2026-09-15T05:15:27+00:00,2026-09-15T11:00:27+05:45,2026-09-15,11:00:27,1789449327,1,5,11,nepse_official,OPEN,2026-09-15,BNHC,Buddha Bhumi Nepal Hydropower Company Limited,289.0,289.0,289.0,,289.0,276.0,13.0,,50.0,14450.0,1.0,0.0,0.0,4.710144927536232,14450.0,289.0
2026-09-15T05:15:27+00:00,2026-09-15T11:00:27+05:45,2026-09-15,11:00:27,1789449327,1,5,11,nepse_official,OPEN,2026-09-15,BPCL,Butwal Power Company Limited,686.0,686.0,686.0,,686.0,653.9,32.10000000000002,,50.0,34300.0,1.0,0.0,0.0,4.909007493500539,34300.0,686.0
2026-09-15T05:15:27+00:00,2026-09-15T11:00:27+05:45,2026-09-15,11:00:27,1789449327,1,5,11,nepse_official,OPEN,2026-09-15,BUNGAL,Bungal Hydro Limited,549.0,549.0,549.0,,549.0,523.0,26.0,,320.0,175680.0,3.0,0.0,0.0,4.97131931166348,58560.0,549.0
2026-09-15T05:15:27+00:00,2026-09-15T11:00:27+05:45,2026-09-15,11:00:27,1789449327,1,5,11,nepse_official,OPEN,2026-09-15,CBBL,Chhimek Laghubitta Bittiya Sanstha Limited,998.0,998.0,998.0,,998.0,951.0,47.0,,1550.0,1546900.0,13.0,0.0,0.0,4.942166140904311,118992.30769230769,998.0
2026-09-15T05:15:27+00:00,2026-09-15T11:00:27+05:45,2026-09-15,11:00:27,1789449327,1,5,11,nepse_official,OPEN,2026-09-15,CFCL,Central Finance Co. Ltd.,602.0,602.0,602.0,,602.0,573.9,28.100000000000023,,150.0,90300.0,4.0,0.0,0.0,4.896323401289428,22575.0,602.0
2026-09-15T05:15:27+00:00,2026-09-15T11:00:27+05:45,2026-09-15,11:00:27,1789449327,1,5,11,nepse_official,OPEN,2026-09-15,CGH,Chandragiri Hills Limited,825.0,825.0,825.0,,825.0,786.0,39.0,,50.0,41250.0,1.0,0.0,0.0,4.961832061068702,41250.0,825.0
2026-09-15T05:15:27+00:00,2026-09-15T11:00:27+05:45,2026-09-15,11:00:27,1789449327,1,5,11,nepse_official,OPEN,2026-09-15,CHCL,Chilime Hydropower Company Limited,375.0,375.0,375.0,,375.0,358.7,16.30000000000001,,90.0,33750.0,5.0,0.0,0.0,4.544187343183722,6750.0,375.0
2026-09-15T05:15:27+00:00,2026-09-15T11:00:27+05:45,2026-09-15,11:00:27,1789449327,1,5,11,nepse_official,OPEN,2026-09-15,CHDC,CEDB Holdings Limited,2367.7,2367.7,2300.0,,2300.0,2255.0,45.0,,1100.0,2602642.5,13.0,67.69999999999982,2.8593149469949664,1.9955654101995564,200203.26923076922,2366.038636363636
2026-09-15T05:15:27+00:00,2026-09-15T11:00:27+05:45,2026-09-15,11:00:27,1789449327,1,5,11,nepse_official,OPEN,2026-09-15,CHL,Chhyangdi Hydropower Ltd.,273.0,273.0,273.0,,273.0,260.5,12.5,,50.0,13650.0,2.0,0.0,0.0,4.798464491362764,6825.0,273.0
2026-09-15T05:15:27+00:00,2026-09-15T11:00:27+05:45,2026-09-15,11:00:27,1789449327,1,5,11,nepse_official,OPEN,2026-09-15,CIT,Citizen Investment Trust,1750.0,1760.0,1750.0,,1760.0,1717.1,42.90000000000009,,219.0,384920.0,6.0,10.0,0.5714285714285714,2.4983984625240283,64153.333333333336,1757.6255707762557
2026-09-15T05:15:27+00:00,2026-09-15T11:00:27+05:45,2026-09-15,11:00:27,1789449327,1,5,11,nepse_official,OPEN,2026-09-15,CITY,City Hotel Limited,362.0,362.0,362.0,,362.0,344.9,17.100000000000023,,188.0,68056.0,3.0,0.0,0.0,4.9579588286459915,22685.333333333332,362.0
2026-09-15T05:15:27+00:00,2026-09-15T11:00:27+05:45,2026-09-15,11:00:27,1789449327,1,5,11,nepse_official,OPEN,2026-09-15,CKHL,Chirkhwa Hydropower Limited ,619.0,619.0,619.0,,619.0,590.0,29.0,,50.0,30950.0,1.0,0.0,0.0,4.915254237288136,30950.0,619.0
2026-09-15T05:15:27+00:00,2026-09-15T11:00:27+05:45,2026-09-15,11:00:27,1789449327,1,5,11,nepse_official,OPEN,2026-09-15,CLI,Citizen Life Insurance Company Limited,446.0,446.0,435.0,,435.0,425.0,10.0,,79.0,34915.0,3.0,11.0,2.4663677130044843,2.3529411764705883,11638.333333333334,441.9620253164557
2026-09-15T05:15:27+00:00,2026-09-15T11:00:27+05:45,2026-09-15,11:00:27,1789449327,1,5,11,nepse_official,OPEN,2026-09-15,CORBL,Corporate Development Bank Limited,858.0,858.0,858.0,,858.0,817.9,40.10000000000002,,150.0,128700.0,3.0,0.0,0.0,4.9027998532828,42900.0,858.0
2026-09-15T05:15:27+00:00,2026-09-15T11:00:27+05:45,2026-09-15,11:00:27,1789449327,1,5,11,nepse_official,OPEN,2026-09-15,CREST,Crest Micro Life Insurance Limited,1112.0,1112.0,1112.0,,1112.0,1060.2,51.799999999999955,,50.0,55600.0,2.0,0.0,0.0,4.885870590454626,27800.0,1112.0
2026-09-15T05:15:27+00:00,2026-09-15T11:00:27+05:45,2026-09-15,11:00:27,1789449327,1,5,11,nepse_official,OPEN,2026-09-15,CYCL,CYC Nepal Laghubitta Bittiya Sanstha Limited,1574.0,1574.0,1574.0,,1574.0,1500.0,74.0,,60.0,94440.0,2.0,0.0,0.0,4.933333333333334,47220.0,1574.0
2026-09-15T05:15:27+00:00,2026-09-15T11:00:27+05:45,2026-09-15,11:00:27,1789449327,1,5,11,nepse_official,OPEN,2026-09-15,CZBIL,Citizens Bank International Limited,212.1,212.1,212.1,,212.1,202.0,10.099999999999994,,1090.0,231189.0,7.0,0.0,0.0,4.999999999999997,33027.0,212.1
2026-09-15T05:15:27+00:00,2026-09-15T11:00:27+05:45,2026-09-15,11:00:27,1789449327,1,5,11,nepse_official,OPEN,2026-09-15,DDBL,Deprosc Laghubitta Bittiya Sanstha Limited,885.0,885.0,885.0,,885.0,844.1,40.89999999999998,,550.0,486750.0,4.0,0.0,0.0,4.845397464755358,121687.5,885.0
2026-09-15T05:15:27+00:00,2026-09-15T11:00:27+05:45,2026-09-15,11:00:27,1789449327,1,5,11,nepse_official,OPEN,2026-09-15,DHEL,Daramkhola Hydro Energy Limited,598.0,598.0,598.0,,598.0,570.0,28.0,,150.0,89700.0,6.0,0.0,0.0,4.912280701754386,14950.0,598.0
2026-09-15T05:15:27+00:00,2026-09-15T11:00:27+05:45,2026-09-15,11:00:27,1789449327,1,5,11,nepse_official,OPEN,2026-09-15,DHPL,Dibyashwori Hydropower Ltd.,288.0,288.0,282.0,,282.0,275.0,7.0,,550.0,155400.0,2.0,6.0,2.083333333333333,2.5454545454545454,77700.0,282.54545454545456
2026-09-15T05:15:27+00:00,2026-09-15T11:00:27+05:45,2026-09-15,11:00:27,1789449327,1,5,11,nepse_official,OPEN,2026-09-15,DOLTI,Dolti Power Company Limited,322.0,322.0,322.0,,322.0,307.0,15.0,,60.0,19320.0,2.0,0.0,0.0,4.88599348534202,9660.0,322.0
2026-09-15T05:15:27+00:00,2026-09-15T11:00:27+05:45,2026-09-15,11:00:27,1789449327,1,5,11,nepse_official,OPEN,2026-09-15,DORDI,Dordi Khola Jal Bidyut Company Limited,263.0,263.0,263.0,,263.0,251.0,12.0,,200.0,52600.0,3.0,0.0,0.0,4.780876494023905,17533.333333333332,263.0
2026-09-15T05:15:27+00:00,2026-09-15T11:00:27+05:45,2026-09-15,11:00:27,1789449327,1,5,11,nepse_official,OPEN,2026-09-15,EBL,Everest Bank Limited,760.2,760.2,740.0,,759.0,724.0,35.0,,3748.0,2835272.0,11.0,20.200000000000045,2.6571954748750386,4.834254143646409,257752.0,756.4759871931697
2026-09-15T05:15:27+00:00,2026-09-15T11:00:27+05:45,2026-09-15,11:00:27,1789449327,1,5,11,nepse_official,OPEN,2026-09-15,ECL,Everest Colour Limited,1400.0,1400.0,1400.0,,1400.0,1373.0,27.0,,200.0,280000.0,5.0,0.0,0.0,1.9664967225054626,56000.0,1400.0
2026-09-15T05:15:27+00:00,2026-09-15T11:00:27+05:45,2026-09-15,11:00:27,1789449327,1,5,11,nepse_official,OPEN,2026-09-15,EDBL,Excel Development Bank Ltd.,600.0,600.0,600.0,,600.0,572.5,27.5,,73.0,43800.0,3.0,0.0,0.0,4.8034934497816595,14600.0,600.0
2026-09-15T05:15:27+00:00,2026-09-15T11:00:27+05:45,2026-09-15,11:00:27,1789449327,1,5,11,nepse_official,OPEN,2026-09-15,EHPL,Eastern Hydropower Limited,340.0,340.0,340.0,,340.0,326.0,14.0,,80.0,27200.0,4.0,0.0,0.0,4.294478527607362,6800.0,340.0
2026-09-15T05:15:27+00:00,2026-09-15T11:00:27+05:45,2026-09-15,11:00:27,1789449327,1,5,11,nepse_official,OPEN,2026-09-15,ENL,Emerging Nepal Limited,580.0,580.0,580.0,,580.0,571.0,9.0,,1691.0,980780.0,4.0,0.0,0.0,1.5761821366024518,245195.0,580.0
2026-09-15T05:15:27+00:00,2026-09-15T11:00:27+05:45,2026-09-15,11:00:27,1789449327,1,5,11,nepse_official,OPEN,2026-09-15,FMDBL,First Micro Finance Laghubitta Bittiya Sanstha Limited,780.0,780.0,780.0,,780.0,744.0,36.0,,60.0,46800.0,3.0,0.0,0.0,4.838709677419355,15600.0,780.0
2026-09-15T05:15:27+00:00,2026-09-15T11:00:27+05:45,2026-09-15,11:00:27,1789449327,1,5,11,nepse_official,OPEN,2026-09-15,FOWAD,Forward Microfinance Laghubitta Bittiya Sanstha Limited,933.0,933.0,933.0,,933.0,889.0,44.0,,60.0,55980.0,3.0,0.0,0.0,4.949381327334083,18660.0,933.0
2026-09-15T05:15:27+00:00,2026-09-15T11:00:27+05:45,2026-09-15,11:00:27,1789449327,1,5,11,nepse_official,OPEN,2026-09-15,GBBL,Garima Bikas Bank Limited,460.0,460.0,458.0,,458.0,446.0,12.0,,1020.0,469000.0,11.0,2.0,0.43478260869565216,2.690582959641256,42636.36363636364,459.80392156862746
2026-09-15T05:15:27+00:00,2026-09-15T11:00:27+05:45,2026-09-15,11:00:27,1789449327,1,5,11,nepse_official,OPEN,2026-09-15,GBIME,Global IME Bank Limited,260.0,260.0,258.1,,258.1,253.0,5.100000000000023,,3150.0,818335.0,9.0,1.8999999999999773,0.730769230769222,2.0158102766798507,90926.11111111111,259.7888888888889
2026-09-15T05:15:27+00:00,2026-09-15T11:00:27+05:45,2026-09-15,11:00:27,1789449327,1,5,11,nepse_official,OPEN,2026-09-15,GBIMESY2,Global IME Sammunat Yojana -2,8.75,8.75,8.75,,8.75,8.75,0.0,,100.0,875.0,1.0,0.0,0.0,0.0,875.0,8.75
2026-09-15T05:15:27+00:00,2026-09-15T11:00:27+05:45,2026-09-15,11:00:27,1789449327,1,5,11,nepse_official,OPEN,2026-09-15,GBLBS,Grameen Bikas Laghubitta Bittiya Sanstha Ltd.,673.0,673.0,673.0,,673.0,641.9,31.100000000000023,,60.0,40380.0,3.0,0.0,0.0,4.844991431687182,13460.0,673.0
2026-09-15T05:15:27+00:00,2026-09-15T11:00:27+05:45,2026-09-15,11:00:27,1789449327,1,5,11,nepse_official,OPEN,2026-09-15,GCIL,Ghorahi Cement Industry Limited,376.0,376.0,376.0,,376.0,374.9,1.1000000000000227,,126.0,47376.0,4.0,0.0,0.0,0.29341157642038485,11844.0,376.0
2026-09-15T05:15:27+00:00,2026-09-15T11:00:27+05:45,2026-09-15,11:00:27,1789449327,1,5,11,nepse_official,OPEN,2026-09-15,GFCL,Goodwill Finance Limited,598.0,598.0,598.0,,598.0,569.6,28.399999999999977,,50.0,29900.0,1.0,0.0,0.0,4.985955056179771,29900.0,598.0
2026-09-15T05:15:27+00:00,2026-09-15T11:00:27+05:45,2026-09-15,11:00:27,1789449327,1,5,11,nepse_official,OPEN,2026-09-15,GHL,Ghalemdi Hydro Limited,257.0,257.0,252.2,,252.2,244.9,7.299999999999983,,7070.0,1802590.0,19.0,4.800000000000011,1.8677042801556465,2.980808493262549,94873.15789473684,254.96322489391795
2026-09-15T05:15:27+00:00,2026-09-15T11:00:27+05:45,2026-09-15,11:00:27,1789449327,1,5,11,nepse_official,OPEN,2026-09-15,GILB,Global IME Laghubitta Bittiya Sanstha Ltd.,1173.0,1173.0,1173.0,,1173.0,1118.0,55.0,,60.0,70380.0,4.0,0.0,0.0,4.919499105545618,17595.0,1173.0
2026-09-15T05:15:27+00:00,2026-09-15T11:00:27+05:45,2026-09-15,11:00:27,1789449327,1,5,11,nepse_official,OPEN,2026-09-15,GLH,GreenLife Hydropower Limited,270.0,270.0,270.0,,270.0,257.2,12.800000000000011,,2350.0,634500.0,7.0,0.0,0.0,4.97667185069985,90642.85714285714,270.0
2026-09-15T05:15:27+00:00,2026-09-15T11:00:27+05:45,2026-09-15,11:00:27,1789449327,1,5,11,nepse_official,OPEN,2026-09-15,GMFBS,Ganapati Laghubitta Bittiya Sanstha Limited,1170.0,1170.0,1170.0,,1170.0,1119.0,51.0,,50.0,58500.0,5.0,0.0,0.0,4.557640750670242,11700.0,1170.0
2026-09-15T05:15:27+00:00,2026-09-15T11:00:27+05:45,2026-09-15,11:00:27,1789449327,1,5,11,nepse_official,OPEN,2026-09-15,GMFIL,Guheshowori Merchant Bank & Finance Co. Ltd.,442.0,442.0,442.0,,442.0,421.0,21.0,,50.0,22100.0,1.0,0.0,0.0,4.98812351543943,22100.0,442.0
2026-09-15T05:15:27+00:00,2026-09-15T11:00:27+05:45,2026-09-15,11:00:27,1789449327,1,5,11,nepse_official,OPEN,2026-09-15,GMLI,Guardian Micro Life Insurance Limited ,1033.8,1033.8,1033.8,,1033.8,1003.7,30.09999999999991,,60.0,62028.0,2.0,0.0,0.0,2.998904054996504,31014.0,1033.8
2026-09-15T05:15:27+00:00,2026-09-15T11:00:27+05:45,2026-09-15,11:00:27,1789449327,1,5,11,nepse_official,OPEN,2026-09-15,GRDBL,Green Development Bank Ltd.,986.0,986.0,986.0,,986.0,940.0,46.0,,60.0,59160.0,3.0,0.0,0.0,4.8936170212765955,19720.0,986.0
2026-09-15T05:15:27+00:00,2026-09-15T11:00:27+05:45,2026-09-15,11:00:27,1789449327,1,5,11,nepse_official,OPEN,2026-09-15,GVL,Green Ventures Limited,494.0,494.0,494.0,,494.0,494.0,0.0,,66.0,32604.0,3.0,0.0,0.0,0.0,10868.0,494.0
2026-09-15T05:15:27+00:00,2026-09-15T11:00:27+05:45,2026-09-15,11:00:27,1789449327,1,5,11,nepse_official,OPEN,2026-09-15,HATHY,Hathway Investment Nepal Limited,624.0,624.0,624.0,,624.0,595.0,29.0,,662.0,413088.0,11.0,0.0,0.0,4.873949579831933,37553.454545454544,624.0
2026-09-15T05:15:27+00:00,2026-09-15T11:00:27+05:45,2026-09-15,11:00:27,1789449327,1,5,11,nepse_official,OPEN,2026-09-15,HBL,Himalayan Bank Limited,195.0,195.0,195.0,,195.0,190.0,5.0,,1520.0,296400.0,8.0,0.0,0.0,2.631578947368421,37050.0,195.0
2026-09-15T05:15:27+00:00,2026-09-15T11:00:27+05:45,2026-09-15,11:00:27,1789449327,1,5,11,nepse_official,OPEN,2026-09-15,HDHPC,Himal Dolakha Hydropower Company Limited,222.0,222.0,220.0,,220.0,211.5,8.5,,8500.0,1886700.0,29.0,2.0,0.9009009009009009,4.0189125295508275,65058.620689655174,221.96470588235294
2026-09-15T05:15:27+00:00,2026-09-15T11:00:27+05:45,2026-09-15,11:00:27,1789449327,1,5,11,nepse_official,OPEN,2026-09-15,HDL,Himalayan Distillery Limited,1251.0,1251.0,1220.0,,1220.0,1201.0,19.0,,4490.0,5553130.0,30.0,31.0,2.478017585931255,1.5820149875104081,185104.33333333334,1236.7772828507796
2026-09-15T05:15:27+00:00,2026-09-15T11:00:27+05:45,2026-09-15,11:00:27,1789449327,1,5,11,nepse_official,OPEN,2026-09-15,HEI,Himalayan Everest Insurance Limited,495.0,495.0,495.0,,495.0,471.9,23.100000000000023,,50.0,24750.0,1.0,0.0,0.0,4.8951048951049,24750.0,495.0
2026-09-15T05:15:27+00:00,2026-09-15T11:00:27+05:45,2026-09-15,11:00:27,1789449327,1,5,11,nepse_official,OPEN,2026-09-15,HFIN,Hotel Forest Inn Limited,640.0,640.0,640.0,,640.0,631.0,9.0,,405.0,259200.0,5.0,0.0,0.0,1.4263074484944533,51840.0,640.0
2026-09-15T05:15:27+00:00,2026-09-15T11:00:27+05:45,2026-09-15,11:00:27,1789449327,1,5,11,nepse_official,OPEN,2026-09-15,HHL,Himalayan Hydropower Limited,352.0,352.0,352.0,,352.0,336.0,16.0,,50.0,17600.0,1.0,0.0,0.0,4.761904761904762,17600.0,352.0
2026-09-15T05:15:27+00:00,2026-09-15T11:00:27+05:45,2026-09-15,11:00:27,1789449327,1,5,11,nepse_official,OPEN,2026-09-15,HIDCL,Hydorelectricity Investment and Development Company Ltd,258.8,258.8,258.8,,258.8,246.5,12.300000000000011,,1160.0,300208.0,7.0,0.0,0.0,4.98985801217039,42886.857142857145,258.8
2026-09-15T05:15:27+00:00,2026-09-15T11:00:27+05:45,2026-09-15,11:00:27,1789449327,1,5,11,nepse_official,OPEN,2026-09-15,HIDCLP,Hydorelectricity Investment and Development Company Limited Promoter,195.0,195.0,195.0,,195.0,188.3,6.699999999999989,,6191.0,1207245.0,12.0,0.0,0.0,3.5581518852894254,100603.75,195.0
2026-09-15T05:15:27+00:00,2026-09-15T11:00:27+05:45,2026-09-15,11:00:27,1789449327,1,5,11,nepse_official,OPEN,2026-09-15,HIMSTAR,Him Star Urja Company Limited,687.0,687.0,687.0,,687.0,655.1,31.899999999999977,,50.0,34350.0,1.0,0.0,0.0,4.869485574721413,34350.0,687.0
2026-09-15T05:15:27+00:00,2026-09-15T11:00:27+05:45,2026-09-15,11:00:27,1789449327,1,5,11,nepse_official,OPEN,2026-09-15,HLBSL,Himalayan Laghubitta Bittiya Sanstha Limited,914.0,914.0,914.0,,914.0,871.0,43.0,,50.0,45700.0,1.0,0.0,0.0,4.936854190585533,45700.0,914.0
2026-09-15T05:15:27+00:00,2026-09-15T11:00:27+05:45,2026-09-15,11:00:27,1789449327,1,5,11,nepse_official,OPEN,2026-09-15,HLI,Himalayan Life Insurance Limited,319.0,319.0,319.0,,319.0,304.0,15.0,,60.0,19140.0,3.0,0.0,0.0,4.934210526315789,6380.0,319.0
2026-09-15T05:15:27+00:00,2026-09-15T11:00:27+05:45,2026-09-15,11:00:27,1789449327,1,5,11,nepse_official,OPEN,2026-09-15,HPPL,Himalayan Power Partner Ltd.,398.0,398.0,398.0,,398.0,379.5,18.5,,4290.0,1707420.0,21.0,0.0,0.0,4.874835309617918,81305.71428571429,398.0
2026-09-15T05:15:27+00:00,2026-09-15T11:00:27+05:45,2026-09-15,11:00:27,1789449327,1,5,11,nepse_official,OPEN,2026-09-15,HRL,Himalayan Reinsurance Limited,542.0,542.0,533.0,,533.0,516.9,16.100000000000023,,420.0,227550.0,12.0,9.0,1.6605166051660518,3.1147223834397413,18962.5,541.7857142857143
2026-09-15T05:15:27+00:00,2026-09-15T11:00:27+05:45,2026-09-15,11:00:27,1789449327,1,5,11,nepse_official,OPEN,2026-09-15,HURJA,Himalaya Urja Bikas Company Limited,264.0,264.0,259.9,,259.9,252.0,7.899999999999977,,2290.0,602919.0,18.0,4.100000000000023,1.5530303030303116,3.134920634920626,33495.5,263.2834061135371
2026-09-15T05:15:27+00:00,2026-09-15T11:00:27+05:45,2026-09-15,11:00:27,1789449327,1,5,11,nepse_official,OPEN,2026-09-15,ICFC,ICFC Finance Limited,598.0,598.0,598.0,,598.0,586.6,11.399999999999977,,50.0,29900.0,1.0,0.0,0.0,1.9434026593931089,29900.0,598.0
2026-09-15T05:15:27+00:00,2026-09-15T11:00:27+05:45,2026-09-15,11:00:27,1789449327,1,5,11,nepse_official,OPEN,2026-09-15,IHL,Ingwa Hydropower Limited,318.0,318.0,318.0,,318.0,310.0,8.0,,119.0,37842.0,1.0,0.0,0.0,2.5806451612903225,37842.0,318.0
2026-09-15T05:15:27+00:00,2026-09-15T11:00:27+05:45,2026-09-15,11:00:27,1789449327,1,5,11,nepse_official,OPEN,2026-09-15,ILBS,Infinity Laghubitta Bittiya Sanstha Limited,880.1,880.1,880.1,,880.1,925.9,-45.799999999999955,,111.0,97691.1,5.0,0.0,0.0,-4.946538503078082,19538.22,880.1
2026-09-15T05:15:27+00:00,2026-09-15T11:00:27+05:45,2026-09-15,11:00:27,1789449327,1,5,11,nepse_official,OPEN,2026-09-15,ILI,IME Life Insurance Company Limited,438.9,438.9,438.9,,438.9,418.0,20.899999999999977,,197.0,86463.3,5.0,0.0,0.0,4.999999999999995,17292.66,438.90000000000003
2026-09-15T05:15:27+00:00,2026-09-15T11:00:27+05:45,2026-09-15,11:00:27,1789449327,1,5,11,nepse_official,OPEN,2026-09-15,JBBL,Jyoti Bikas Bank Limited,357.0,357.0,350.0,,350.0,340.0,10.0,,3340.0,1169350.0,4.0,7.0,1.9607843137254901,2.941176470588235,292337.5,350.1047904191617
2026-09-15T05:15:27+00:00,2026-09-15T11:00:27+05:45,2026-09-15,11:00:27,1789449327,1,5,11,nepse_official,OPEN,2026-09-15,JBLB,Jeevan Bikas Laghubitta  Bittya Sanstha Ltd,1329.0,1329.0,1290.0,,1290.0,1267.0,23.0,,260.0,337740.0,6.0,39.0,2.9345372460496613,1.8153117600631412,56290.0,1299.0
2026-09-15T05:15:27+00:00,2026-09-15T11:00:27+05:45,2026-09-15,11:00:27,1789449327,1,5,11,nepse_official,OPEN,2026-09-15,JFL,Janaki Finance Company Limited,286.0,286.0,280.1,,280.1,273.0,7.100000000000023,,160.0,45170.0,4.0,5.899999999999977,2.062937062937055,2.6007326007326093,11292.5,282.3125
2026-09-15T05:15:27+00:00,2026-09-15T11:00:27+05:45,2026-09-15,11:00:27,1789449327,1,5,11,nepse_official,OPEN,2026-09-15,JHAPA,Jhapa Energy Limited,1110.0,1110.0,1110.0,,1110.0,1058.0,52.0,,60.0,66600.0,2.0,0.0,0.0,4.914933837429111,33300.0,1110.0
2026-09-15T05:15:27+00:00,2026-09-15T11:00:27+05:45,2026-09-15,11:00:27,1789449327,1,5,11,nepse_official,OPEN,2026-09-15,JSLBB,Janautthan Samudayic Laghubitta Bittya Sanstha Limited,1020.0,1020.0,1020.0,,1020.0,972.0,48.0,,60.0,61200.0,3.0,0.0,0.0,4.938271604938271,20400.0,1020.0
2026-09-15T05:15:27+00:00,2026-09-15T11:00:27+05:45,2026-09-15,11:00:27,1789449327,1,5,11,nepse_official,OPEN,2026-09-15,KAHL,Kalanga Hydro Limited,510.0,510.0,510.0,,510.0,499.7,10.300000000000011,,120.0,61200.0,9.0,0.0,0.0,2.0612367420452293,6800.0,510.0
2026-09-15T05:15:27+00:00,2026-09-15T11:00:27+05:45,2026-09-15,11:00:27,1789449327,1,5,11,nepse_official,OPEN,2026-09-15,KBL,Kumari Bank Limited,222.0,222.0,221.0,,221.0,216.9,4.099999999999994,,9370.0,2079840.0,39.0,1.0,0.45045045045045046,1.89027201475334,53329.230769230766,221.96798292422625
2026-09-15T05:15:27+00:00,2026-09-15T11:00:27+05:45,2026-09-15,11:00:27,1789449327,1,5,11,nepse_official,OPEN,2026-09-15,KBSH,Kutheli Bukhari Small Hydropower Limited,877.0,877.0,877.0,,877.0,836.0,41.0,,50.0,43850.0,2.0,0.0,0.0,4.904306220095694,21925.0,877.0
2026-09-15T05:15:27+00:00,2026-09-15T11:00:27+05:45,2026-09-15,11:00:27,1789449327,1,5,11,nepse_official,OPEN,2026-09-15,KDBY,Kumari Dhanabriddhi Yojana,10.55,10.55,10.55,,10.55,10.05,0.5,,100.0,1055.0,1.0,0.0,0.0,4.975124378109452,1055.0,10.55
2026-09-15T05:15:27+00:00,2026-09-15T11:00:27+05:45,2026-09-15,11:00:27,1789449327,1,5,11,nepse_official,OPEN,2026-09-15,KDL,Kalinchowk Darshan Limited,645.0,645.0,645.0,,645.0,616.0,29.0,,210.0,135450.0,4.0,0.0,0.0,4.707792207792208,33862.5,645.0
2026-09-15T05:15:27+00:00,2026-09-15T11:00:27+05:45,2026-09-15,11:00:27,1789449327,1,5,11,nepse_official,OPEN,2026-09-15,KHPL,Kalinchock Hydropower Limited,792.0,792.0,792.0,,792.0,755.0,37.0,,150.0,118800.0,2.0,0.0,0.0,4.900662251655629,59400.0,792.0
2026-09-15T05:15:27+00:00,2026-09-15T11:00:27+05:45,2026-09-15,11:00:27,1789449327,1,5,11,nepse_official,OPEN,2026-09-15,KKHC,Khanikhola Hydropower Co. Ltd.,275.0,275.0,275.0,,275.0,272.0,3.0,,70.0,19250.0,3.0,0.0,0.0,1.1029411764705883,6416.666666666667,275.0
2026-09-15T05:15:27+00:00,2026-09-15T11:00:27+05:45,2026-09-15,11:00:27,1789449327,1,5,11,nepse_official,OPEN,2026-09-15,KMCDB,Kalika Laghubitta Bittiya Sanstha Ltd,850.0,850.0,850.0,,850.0,810.0,40.0,,60.0,51000.0,2.0,0.0,0.0,4.938271604938271,25500.0,850.0
2026-09-15T05:15:27+00:00,2026-09-15T11:00:27+05:45,2026-09-15,11:00:27,1789449327,1,5,11,nepse_official,OPEN,2026-09-15,KPCL,Kalika power Company Ltd,488.0,488.0,488.0,,488.0,465.0,23.0,,50.0,24400.0,1.0,0.0,0.0,4.946236559139785,24400.0,488.0
2026-09-15T05:15:27+00:00,2026-09-15T11:00:27+05:45,2026-09-15,11:00:27,1789449327,1,5,11,nepse_official,OPEN,2026-09-15,KSBBL,Kamana Sewa Bikas Bank Limited,455.0,455.0,455.0,,455.0,449.0,6.0,,200.0,91000.0,3.0,0.0,0.0,1.3363028953229399,30333.333333333332,455.0
2026-09-15T05:15:27+00:00,2026-09-15T11:00:27+05:45,2026-09-15,11:00:27,1789449327,1,5,11,nepse_official,OPEN,2026-09-15,LBBL,Lumbini Bikas Bank Ltd.,508.0,508.0,497.0,,497.0,484.0,13.0,,570.0,284660.0,5.0,11.0,2.1653543307086616,2.6859504132231407,56932.0,499.4035087719298
2026-09-15T05:15:27+00:00,2026-09-15T11:00:27+05:45,2026-09-15,11:00:27,1789449327,1,5,11,nepse_official,OPEN,2026-09-15,LEC,Liberty Energy Company Limited,262.5,262.5,262.5,,262.5,250.0,12.5,,11152.0,2927400.0,21.0,0.0,0.0,5.0,139400.0,262.5
2026-09-15T05:15:27+00:00,2026-09-15T11:00:27+05:45,2026-09-15,11:00:27,1789449327,1,5,11,nepse_official,OPEN,2026-09-15,LICN,Life Insurance Corporation (Nepal) Limited,801.0,801.0,801.0,,801.0,764.0,37.0,,60.0,48060.0,2.0,0.0,0.0,4.842931937172775,24030.0,801.0
2026-09-15T05:15:27+00:00,2026-09-15T11:00:27+05:45,2026-09-15,11:00:27,1789449327,1,5,11,nepse_official,OPEN,2026-09-15,LLBS,Laxmi Laghubitta Bittiya Sanstha Ltd.,906.1,906.1,906.1,,906.1,863.0,43.10000000000002,,10.0,9061.0,1.0,0.0,0.0,4.9942062572421815,9061.0,906.1
2026-09-15T05:15:27+00:00,2026-09-15T11:00:27+05:45,2026-09-15,11:00:27,1789449327,1,5,11,nepse_official,OPEN,2026-09-15,LSH12,LS Horizon 12,8.7,8.83,8.7,,8.83,8.83,0.0,,200.0,1753.0,2.0,0.13000000000000078,1.4942528735632277,0.0,876.5,8.765
2026-09-15T05:15:27+00:00,2026-09-15T11:00:27+05:45,2026-09-15,11:00:27,1789449327,1,5,11,nepse_official,OPEN,2026-09-15,LSL,Laxmi Sunrise Bank Limited,240.8,240.8,240.8,,240.8,229.4,11.400000000000006,,2050.0,493640.0,8.0,0.0,0.0,4.969485614646907,61705.0,240.8
2026-09-15T05:15:27+00:00,2026-09-15T11:00:27+05:45,2026-09-15,11:00:27,1789449327,1,5,11,nepse_official,OPEN,2026-09-15,MABEL,Mabilung Energy Limited,640.0,640.0,640.0,,640.0,610.0,30.0,,50.0,32000.0,1.0,0.0,0.0,4.918032786885246,32000.0,640.0
2026-09-15T05:15:27+00:00,2026-09-15T11:00:27+05:45,2026-09-15,11:00:27,1789449327,1,5,11,nepse_official,OPEN,2026-09-15,MAKAR,Makar Jitumaya Suri Hydropower Limited,430.0,430.0,430.0,,430.0,410.0,20.0,,50.0,21500.0,3.0,0.0,0.0,4.878048780487805,7166.666666666667,430.0
2026-09-15T05:15:27+00:00,2026-09-15T11:00:27+05:45,2026-09-15,11:00:27,1789449327,1,5,11,nepse_official,OPEN,2026-09-15,MANDU,Mandu Hydropower Limited,734.0,734.0,712.0,,712.0,699.8,12.200000000000045,,550.0,392700.0,3.0,22.0,2.997275204359673,1.7433552443555367,130900.0,714.0
2026-09-15T05:15:27+00:00,2026-09-15T11:00:27+05:45,2026-09-15,11:00:27,1789449327,1,5,11,nepse_official,OPEN,2026-09-15,MBJC,Madhya Bhotekoshi Jalavidyut Company Limited,300.0,300.0,300.0,,300.0,285.9,14.100000000000023,,2050.0,615000.0,7.0,0.0,0.0,4.931794333683114,87857.14285714286,300.0
2026-09-15T05:15:27+00:00,2026-09-15T11:00:27+05:45,2026-09-15,11:00:27,1789449327,1,5,11,nepse_official,OPEN,2026-09-15,MBL,Machhapuchhre Bank Limited,263.0,263.0,263.0,,263.0,250.7,12.300000000000011,,3060.0,804780.0,9.0,0.0,0.0,4.906262465097731,89420.0,263.0
2026-09-15T05:15:27+00:00,2026-09-15T11:00:27+05:45,2026-09-15,11:00:27,1789449327,1,5,11,nepse_official,OPEN,2026-09-15,MDB,Miteri Development Bank Limited,575.0,575.0,575.0,,575.0,565.0,10.0,,145.0,83375.0,3.0,0.0,0.0,1.7699115044247788,27791.666666666668,575.0
2026-09-15T05:15:27+00:00,2026-09-15T11:00:27+05:45,2026-09-15,11:00:27,1789449327,1,5,11,nepse_official,OPEN,2026-09-15,MEHL,Manakamana Engineering Hydropower Limited,255.0,255.0,255.0,,255.0,243.0,12.0,,2070.0,527850.0,9.0,0.0,0.0,4.938271604938271,58650.0,255.0
2026-09-15T05:15:27+00:00,2026-09-15T11:00:27+05:45,2026-09-15,11:00:27,1789449327,1,5,11,nepse_official,OPEN,2026-09-15,MEL,Modi Energy Limited,226.0,226.0,226.0,,226.0,216.0,10.0,,40.0,9040.0,3.0,0.0,0.0,4.62962962962963,3013.3333333333335,226.0
2026-09-15T05:15:27+00:00,2026-09-15T11:00:27+05:45,2026-09-15,11:00:27,1789449327,1,5,11,nepse_official,OPEN,2026-09-15,MEN,Mountain Energy Nepal Limited,665.0,665.0,665.0,,665.0,646.9,18.100000000000023,,460.0,305900.0,9.0,0.0,0.0,2.797959499149795,33988.88888888889,665.0
2026-09-15T05:15:27+00:00,2026-09-15T11:00:27+05:45,2026-09-15,11:00:27,1789449327,1,5,11,nepse_official,OPEN,2026-09-15,MEPDL,Mount Everest Power Development Limited,675.0,675.0,657.0,,657.0,643.5,13.5,,111.0,74007.0,8.0,18.0,2.666666666666667,2.097902097902098,9250.875,666.7297297297297
2026-09-15T05:15:27+00:00,2026-09-15T11:00:27+05:45,2026-09-15,11:00:27,1789449327,1,5,11,nepse_official,OPEN,2026-09-15,MERO,Mero Microfinance Bittiya Sanstha Ltd.,643.0,643.0,643.0,,643.0,613.0,30.0,,60.0,38580.0,2.0,0.0,0.0,4.893964110929853,19290.0,643.0
2026-09-15T05:15:27+00:00,2026-09-15T11:00:27+05:45,2026-09-15,11:00:27,1789449327,1,5,11,nepse_official,OPEN,2026-09-15,MFIL,Manjushree Finance Ltd.,792.0,792.0,792.0,,792.0,755.0,37.0,,350.0,277200.0,4.0,0.0,0.0,4.900662251655629,69300.0,792.0
2026-09-15T05:15:27+00:00,2026-09-15T11:00:27+05:45,2026-09-15,11:00:27,1789449327,1,5,11,nepse_official,OPEN,2026-09-15,MHCL,Molung Hydropower Company Limited,299.0,299.0,299.0,,299.0,285.0,14.0,,50.0,14950.0,1.0,0.0,0.0,4.912280701754386,14950.0,299.0
2026-09-15T05:15:27+00:00,2026-09-15T11:00:27+05:45,2026-09-15,11:00:27,1789449327,1,5,11,nepse_official,OPEN,2026-09-15,MHL,Mandakini Hydropower Limited,484.0,484.0,484.0,,484.0,461.0,23.0,,60.0,29040.0,3.0,0.0,0.0,4.989154013015185,9680.0,484.0
2026-09-15T05:15:27+00:00,2026-09-15T11:00:27+05:45,2026-09-15,11:00:27,1789449327,1,5,11,nepse_official,OPEN,2026-09-15,MKHC,Maya Khola Hydropower Company Limited,272.0,272.0,272.0,,272.0,259.5,12.5,,50.0,13600.0,2.0,0.0,0.0,4.8169556840077075,6800.0,272.0
2026-09-15T05:15:27+00:00,2026-09-15T11:00:27+05:45,2026-09-15,11:00:27,1789449327,1,5,11,nepse_official,OPEN,2026-09-15,MKHL,Mai Khola Hydropower Limited,530.0,530.0,520.0,,520.0,505.0,15.0,,120.0,62900.0,3.0,10.0,1.8867924528301887,2.9702970297029703,20966.666666666668,524.1666666666666
2026-09-15T05:15:27+00:00,2026-09-15T11:00:27+05:45,2026-09-15,11:00:27,1789449327,1,5,11,nepse_official,OPEN,2026-09-15,MKJC,Mailung Khola Jal Vidhyut Company Limited,301.0,301.0,301.0,,301.0,286.7,14.300000000000011,,50.0,15050.0,1.0,0.0,0.0,4.987792117195679,15050.0,301.0
2026-09-15T05:15:27+00:00,2026-09-15T11:00:27+05:45,2026-09-15,11:00:27,1789449327,1,5,11,nepse_official,OPEN,2026-09-15,MLBBL,Mithila LaghuBitta Bittiya Sanstha Limited,999.0,999.0,999.0,,999.0,955.0,44.0,,60.0,59940.0,2.0,0.0,0.0,4.607329842931937,29970.0,999.0
2026-09-15T05:15:27+00:00,2026-09-15T11:00:27+05:45,2026-09-15,11:00:27,1789449327,1,5,11,nepse_official,OPEN,2026-09-15,MLBL,Mahalaxmi Bikas Bank Ltd.,374.0,374.0,374.0,,374.0,357.0,17.0,,1080.0,403920.0,8.0,0.0,0.0,4.761904761904762,50490.0,374.0
2026-09-15T05:15:27+00:00,2026-09-15T11:00:27+05:45,2026-09-15,11:00:27,1789449327,1,5,11,nepse_official,OPEN,2026-09-15,MLBS,Manushi Laghubitta Bittiya Sanstha Limited,1069.0,1069.0,1069.0,,1069.0,1019.0,50.0,,350.0,374150.0,4.0,0.0,0.0,4.906771344455349,93537.5,1069.0
2026-09-15T05:15:27+00:00,2026-09-15T11:00:27+05:45,2026-09-15,11:00:27,1789449327,1,5,11,nepse_official,OPEN,2026-09-15,MLBSL,Mahila Lagubitta Bittiya Sanstha Limited ,1108.0,1108.0,1108.0,,1108.0,1088.1,19.90000000000009,,31.0,34348.0,1.0,0.0,0.0,1.828876022424418,34348.0,1108.0
2026-09-15T05:15:27+00:00,2026-09-15T11:00:27+05:45,2026-09-15,11:00:27,1789449327,1,5,11,nepse_official,OPEN,2026-09-15,MMKJL,Mathillo Mailun Khola Jalvidhyut Limited,372.0,372.0,372.0,,372.0,355.0,17.0,,50.0,18600.0,1.0,0.0,0.0,4.788732394366197,18600.0,372.0
2026-09-15T05:15:27+00:00,2026-09-15T11:00:27+05:45,2026-09-15,11:00:27,1789449327,1,5,11,nepse_official,OPEN,2026-09-15,MNBBL,Muktinath Bikas Bank Ltd.,351.0,351.0,344.0,,344.0,335.1,8.899999999999977,,360.0,124260.0,6.0,7.0,1.9943019943019942,2.6559236048940544,20710.0,345.1666666666667
2026-09-15T05:15:27+00:00,2026-09-15T11:00:27+05:45,2026-09-15,11:00:27,1789449327,1,5,11,nepse_official,OPEN,2026-09-15,MPFL,Multipurpose Finance Company  Limited,592.0,592.0,580.0,,580.0,565.0,15.0,,100.0,58960.0,5.0,12.0,2.027027027027027,2.6548672566371683,11792.0,589.6
2026-09-15T05:15:27+00:00,2026-09-15T11:00:27+05:45,2026-09-15,11:00:27,1789449327,1,5,11,nepse_official,OPEN,2026-09-15,MSHL,Mid Solu Hydropower Limited,549.9,549.9,549.9,,549.9,525.0,24.899999999999977,,50.0,27495.0,1.0,0.0,0.0,4.742857142857138,27495.0,549.9
2026-09-15T05:15:27+00:00,2026-09-15T11:00:27+05:45,2026-09-15,11:00:27,1789449327,1,5,11,nepse_official,OPEN,2026-09-15,NABBC,Narayani Development Bank Limited,735.0,735.0,730.0,,730.0,700.0,30.0,,164.0,120420.0,5.0,5.0,0.6802721088435374,4.285714285714286,24084.0,734.2682926829268
2026-09-15T05:15:27+00:00,2026-09-15T11:00:27+05:45,2026-09-15,11:00:27,1789449327,1,5,11,nepse_official,OPEN,2026-09-15,NABIL,Nabil Bank Limited,581.0,581.0,581.0,,581.0,554.0,27.0,,2050.0,1191050.0,11.0,0.0,0.0,4.873646209386282,108277.27272727272,581.0
2026-09-15T05:15:27+00:00,2026-09-15T11:00:27+05:45,2026-09-15,11:00:27,1789449327,1,5,11,nepse_official,OPEN,2026-09-15,NADEP,Nadep Laghubittiya bittya Sanstha Ltd.,719.0,719.0,719.0,,719.0,685.0,34.0,,60.0,43140.0,2.0,0.0,0.0,4.963503649635037,21570.0,719.0
2026-09-15T05:15:27+00:00,2026-09-15T11:00:27+05:45,2026-09-15,11:00:27,1789449327,1,5,11,nepse_official,OPEN,2026-09-15,NBL,Nepal Bank Limited,296.0,296.0,290.0,,290.0,282.5,7.5,,3710.0,1094260.0,11.0,6.0,2.027027027027027,2.6548672566371683,99478.18181818182,294.9487870619946
2026-09-15T05:15:27+00:00,2026-09-15T11:00:27+05:45,2026-09-15,11:00:27,1789449327,1,5,11,nepse_official,OPEN,2026-09-15,NFS,Nepal Finance Ltd.,520.0,520.0,520.0,,520.0,500.9,19.100000000000023,,50.0,26000.0,1.0,0.0,0.0,3.8131363545617933,26000.0,520.0
2026-09-15T05:15:27+00:00,2026-09-15T11:00:27+05:45,2026-09-15,11:00:27,1789449327,1,5,11,nepse_official,OPEN,2026-09-15,NGPL,Ngadi Group Power Ltd.,420.0,420.0,420.0,,420.0,401.0,19.0,,5350.0,2247000.0,6.0,0.0,0.0,4.738154613466334,374500.0,420.0
2026-09-15T05:15:27+00:00,2026-09-15T11:00:27+05:45,2026-09-15,11:00:27,1789449327,1,5,11,nepse_official,OPEN,2026-09-15,NHDL,Nepal Hydro Developers Ltd.,661.0,661.0,661.0,,661.0,630.0,31.0,,70.0,46270.0,3.0,0.0,0.0,4.920634920634921,15423.333333333334,661.0
2026-09-15T05:15:27+00:00,2026-09-15T11:00:27+05:45,2026-09-15,11:00:27,1789449327,1,5,11,nepse_official,OPEN,2026-09-15,NHPC,National Hydro Power Company Limited,276.0,276.0,276.0,,276.0,263.0,13.0,,5520.0,1523520.0,21.0,0.0,0.0,4.942965779467681,72548.57142857143,276.0
2026-09-15T05:15:27+00:00,2026-09-15T11:00:27+05:45,2026-09-15,11:00:27,1789449327,1,5,11,nepse_official,OPEN,2026-09-15,NICA,NIC Asia Bank Ltd.,329.0,329.0,321.1,,321.1,314.0,7.100000000000023,,2884.0,945486.4,11.0,7.899999999999977,2.401215805471118,2.261146496815294,85953.3090909091,327.8385575589459
2026-09-15T05:15:27+00:00,2026-09-15T11:00:27+05:45,2026-09-15,11:00:27,1789449327,1,5,11,nepse_official,OPEN,2026-09-15,NICL,Nepal Insurance Co. Ltd.,469.0,469.0,469.0,,469.0,446.9,22.100000000000023,,1060.0,497140.0,5.0,0.0,0.0,4.9451778921458995,99428.0,469.0
2026-09-15T05:15:27+00:00,2026-09-15T11:00:27+05:45,2026-09-15,11:00:27,1789449327,1,5,11,nepse_official,OPEN,2026-09-15,NICLBSL,NIC ASIA Laghubitta Bittiya Sanstha Limited,540.0,540.0,540.0,,540.0,517.0,23.0,,360.0,194400.0,5.0,0.0,0.0,4.448742746615087,38880.0,540.0
2026-09-15T05:15:27+00:00,2026-09-15T11:00:27+05:45,2026-09-15,11:00:27,1789449327,1,5,11,nepse_official,OPEN,2026-09-15,NIFRA,Nepal Infrastructure Bank Limited,259.0,259.0,256.0,,256.0,246.9,9.099999999999994,,3160.0,818110.0,7.0,3.0,1.1583011583011582,3.6857027136492486,116872.85714285714,258.8955696202532
2026-09-15T05:15:27+00:00,2026-09-15T11:00:27+05:45,2026-09-15,11:00:27,1789449327,1,5,11,nepse_official,OPEN,2026-09-15,NIL,Neco Insurance Limited,550.0,550.0,550.0,,550.0,524.0,26.0,,60.0,33000.0,3.0,0.0,0.0,4.961832061068702,11000.0,550.0
2026-09-15T05:15:27+00:00,2026-09-15T11:00:27+05:45,2026-09-15,11:00:27,1789449327,1,5,11,nepse_official,OPEN,2026-09-15,NIMB,Nepal Investment Mega Bank Limited,197.5,197.5,193.6,,193.6,188.1,5.5,,16950.0,3347015.0,21.0,3.9000000000000057,1.9746835443038002,2.9239766081871346,159381.66666666666,197.46401179941003
2026-09-15T05:15:27+00:00,2026-09-15T11:00:27+05:45,2026-09-15,11:00:27,1789449327,1,5,11,nepse_official,OPEN,2026-09-15,NLG,NLG Insurance Company Ltd.,561.6,561.6,561.6,,561.6,534.9,26.700000000000045,,370.0,207792.0,4.0,0.0,0.0,4.991587212563105,51948.0,561.6
2026-09-15T05:15:27+00:00,2026-09-15T11:00:27+05:45,2026-09-15,11:00:27,1789449327,1,5,11,nepse_official,OPEN,2026-09-15,NLIC,Nepal Life Insurance Co. Ltd.,744.0,744.0,744.0,,744.0,709.0,35.0,,90.0,66960.0,4.0,0.0,0.0,4.9365303244005645,16740.0,744.0
2026-09-15T05:15:27+00:00,2026-09-15T11:00:27+05:45,2026-09-15,11:00:27,1789449327,1,5,11,nepse_official,OPEN,2026-09-15,NLICL,National Life Insurance Co. Ltd.,590.0,590.0,590.0,,590.0,565.0,25.0,,1260.0,743400.0,4.0,0.0,0.0,4.424778761061947,185850.0,590.0
2026-09-15T05:15:27+00:00,2026-09-15T11:00:27+05:45,2026-09-15,11:00:27,1789449327,1,5,11,nepse_official,OPEN,2026-09-15,NMB,NMB Bank Limited,255.0,255.0,250.0,,250.0,243.0,7.0,,2570.0,652850.0,12.0,5.0,1.9607843137254901,2.880658436213992,54404.166666666664,254.0272373540856
2026-09-15T05:15:27+00:00,2026-09-15T11:00:27+05:45,2026-09-15,11:00:27,1789449327,1,5,11,nepse_official,OPEN,2026-09-15,NMBMF,NMB  Microfinance Bittiya Sanstha Ltd.,617.0,617.0,617.0,,617.0,588.0,29.0,,50.0,30850.0,1.0,0.0,0.0,4.931972789115646,30850.0,617.0
2026-09-15T05:15:27+00:00,2026-09-15T11:00:27+05:45,2026-09-15,11:00:27,1789449327,1,5,11,nepse_official,OPEN,2026-09-15,NMFBS,National Laghubitta Bittiya Sanstha Limited,1175.0,1175.0,1175.0,,1175.0,1120.0,55.0,,50.0,58750.0,1.0,0.0,0.0,4.910714285714286,58750.0,1175.0
2026-09-15T05:15:27+00:00,2026-09-15T11:00:27+05:45,2026-09-15,11:00:27,1789449327,1,5,11,nepse_official,OPEN,2026-09-15,NMIC,Nepal Micro Insurance Company Limited,860.0,860.0,860.0,,860.0,825.0,35.0,,250.0,215000.0,9.0,0.0,0.0,4.242424242424243,23888.88888888889,860.0
2026-09-15T05:15:27+00:00,2026-09-15T11:00:27+05:45,2026-09-15,11:00:27,1789449327,1,5,11,nepse_official,OPEN,2026-09-15,NMLBBL,Nerude Mirmire Laghubitta Bittiya Sanstha Limited,527.0,527.0,527.0,,527.0,502.4,24.600000000000023,,60.0,31620.0,3.0,0.0,0.0,4.896496815286628,10540.0,527.0
2026-09-15T05:15:27+00:00,2026-09-15T11:00:27+05:45,2026-09-15,11:00:27,1789449327,1,5,11,nepse_official,OPEN,2026-09-15,NRIC,Nepal Reinsurance Company Limited,858.0,858.0,858.0,,858.0,818.0,40.0,,60.0,51480.0,3.0,0.0,0.0,4.88997555012225,17160.0,858.0
2026-09-15T05:15:27+00:00,2026-09-15T11:00:27+05:45,2026-09-15,11:00:27,1789449327,1,5,11,nepse_official,OPEN,2026-09-15,NRM,Nepal Republic Media Limited,304.0,304.0,304.0,,304.0,290.0,14.0,,50.0,15200.0,1.0,0.0,0.0,4.827586206896552,15200.0,304.0
2026-09-15T05:15:27+00:00,2026-09-15T11:00:27+05:45,2026-09-15,11:00:27,1789449327,1,5,11,nepse_official,OPEN,2026-09-15,NRN,NRN Infrastructure and Development Limited,1519.0,1519.0,1476.9,,1476.9,1448.0,28.90000000000009,,910.0,1374712.0,13.0,42.09999999999991,2.771560236998019,1.9958563535911664,105747.07692307692,1510.6725274725275
2026-09-15T05:15:27+00:00,2026-09-15T11:00:27+05:45,2026-09-15,11:00:27,1789449327,1,5,11,nepse_official,OPEN,2026-09-15,NTC,Nepal Doorsanchar Company Limited,912.0,912.0,900.0,,900.0,886.0,14.0,,100.0,90600.0,7.0,12.0,1.3157894736842104,1.580135440180587,12942.857142857143,906.0
2026-09-15T05:15:27+00:00,2026-09-15T11:00:27+05:45,2026-09-15,11:00:27,1789449327,1,5,11,nepse_official,OPEN,2026-09-15,NUBL,Nirdhan Utthan Laghubitta Bittiya Sanstha Limited,605.0,605.0,605.0,,605.0,577.0,28.0,,50.0,30250.0,1.0,0.0,0.0,4.852686308492201,30250.0,605.0
2026-09-15T05:15:27+00:00,2026-09-15T11:00:27+05:45,2026-09-15,11:00:27,1789449327,1,5,11,nepse_official,OPEN,2026-09-15,NWCL,Nepal Warehousing Company Limited ,612.5,612.5,612.5,,612.5,595.0,17.5,,20.0,12250.0,1.0,0.0,0.0,2.941176470588235,12250.0,612.5
2026-09-15T05:15:27+00:00,2026-09-15T11:00:27+05:45,2026-09-15,11:00:27,1789449327,1,5,11,nepse_official,OPEN,2026-09-15,NYADI,Nyadi Hydropower Limited,375.0,375.0,375.0,,375.0,367.8,7.199999999999989,,60.0,22500.0,2.0,0.0,0.0,1.957585644371938,11250.0,375.0
2026-09-15T05:15:27+00:00,2026-09-15T11:00:27+05:45,2026-09-15,11:00:27,1789449327,1,5,11,nepse_official,OPEN,2026-09-15,OHL,Oriental Hotels Limited,640.0,640.0,635.0,,635.0,625.0,10.0,,160.0,101900.0,4.0,5.0,0.78125,1.6,25475.0,636.875
2026-09-15T05:15:27+00:00,2026-09-15T11:00:27+05:45,2026-09-15,11:00:27,1789449327,1,5,11,nepse_official,OPEN,2026-09-15,OMPL,Om Megashree Pharmaceuticals Limited,926.0,926.0,926.0,,926.0,882.0,44.0,,297.0,275022.0,3.0,0.0,0.0,4.988662131519274,91674.0,926.0
2026-09-15T05:15:27+00:00,2026-09-15T11:00:27+05:45,2026-09-15,11:00:27,1789449327,1,5,11,nepse_official,OPEN,2026-09-15,PCBL,Prime Commercial Bank Ltd.,250.0,250.0,245.1,,245.1,242.0,3.0999999999999943,,3672.0,916030.2,12.0,4.900000000000006,1.9600000000000024,1.2809917355371876,76335.84999999999,249.46356209150326
2026-09-15T05:15:27+00:00,2026-09-15T11:00:27+05:45,2026-09-15,11:00:27,1789449327,1,5,11,nepse_official,OPEN,2026-09-15,PCIL,Palpa Cement Industries Limited,620.0,620.0,620.0,,620.0,615.0,5.0,,90.0,55800.0,7.0,0.0,0.0,0.8130081300813009,7971.428571428572,620.0
2026-09-15T05:15:27+00:00,2026-09-15T11:00:27+05:45,2026-09-15,11:00:27,1789449327,1,5,11,nepse_official,OPEN,2026-09-15,PHCL,Peoples Hydropower Company Limited,305.0,305.0,305.0,,305.0,304.8,0.19999999999998863,,250.0,76250.0,4.0,0.0,0.0,0.06561679790025873,19062.5,305.0
2026-09-15T05:15:27+00:00,2026-09-15T11:00:27+05:45,2026-09-15,11:00:27,1789449327,1,5,11,nepse_official,OPEN,2026-09-15,PMHPL,Panchakanya Mai Hydropower Ltd,312.0,315.0,312.0,,314.0,310.0,4.0,,350.0,109900.0,3.0,3.0,0.9615384615384616,1.2903225806451613,36633.333333333336,314.0
2026-09-15T05:15:27+00:00,2026-09-15T11:00:27+05:45,2026-09-15,11:00:27,1789449327,1,5,11,nepse_official,OPEN,2026-09-15,PMLI,Prabhu Mahalaxmi Life Insurance Limited,434.7,434.7,434.7,,434.7,414.0,20.69999999999999,,1689.0,734208.3,8.0,0.0,0.0,4.999999999999997,91776.0375,434.70000000000005
2026-09-15T05:15:27+00:00,2026-09-15T11:00:27+05:45,2026-09-15,11:00:27,1789449327,1,5,11,nepse_official,OPEN,2026-09-15,PPCL,Panchthar Power Compant Limited,355.0,355.0,355.0,,355.0,338.9,16.100000000000023,,60.0,21300.0,3.0,0.0,0.0,4.7506639126586085,7100.0,355.0
2026-09-15T05:15:27+00:00,2026-09-15T11:00:27+05:45,2026-09-15,11:00:27,1789449327,1,5,11,nepse_official,OPEN,2026-09-15,PPL,People's Power Limited,338.0,338.0,338.0,,338.0,322.0,16.0,,60.0,20280.0,3.0,0.0,0.0,4.968944099378882,6760.0,338.0
2026-09-15T05:15:27+00:00,2026-09-15T11:00:27+05:45,2026-09-15,11:00:27,1789449327,1,5,11,nepse_official,OPEN,2026-09-15,PRIN,Prabhu Insurance Ltd.,630.0,630.0,630.0,,630.0,602.0,28.0,,20.0,12600.0,2.0,0.0,0.0,4.651162790697675,6300.0,630.0
2026-09-15T05:15:27+00:00,2026-09-15T11:00:27+05:45,2026-09-15,11:00:27,1789449327,1,5,11,nepse_official,OPEN,2026-09-15,PROFL,Progressive Finance Limited,400.0,400.0,400.0,,400.0,381.0,19.0,,50.0,20000.0,1.0,0.0,0.0,4.986876640419948,20000.0,400.0
2026-09-15T05:15:27+00:00,2026-09-15T11:00:27+05:45,2026-09-15,11:00:27,1789449327,1,5,11,nepse_official,OPEN,2026-09-15,PRVU,Prabhu  Bank Limited,194.0,194.0,194.0,,194.0,185.3,8.699999999999989,,2630.0,510220.0,12.0,0.0,0.0,4.695089044792223,42518.333333333336,194.0
2026-09-15T05:15:27+00:00,2026-09-15T11:00:27+05:45,2026-09-15,11:00:27,1789449327,1,5,11,nepse_official,OPEN,2026-09-15,PURE,Pure Energy Limited,811.6,811.6,811.6,,811.6,773.0,38.60000000000002,,75.0,60870.0,4.0,0.0,0.0,4.993531694695993,15217.5,811.6
2026-09-15T05:15:27+00:00,2026-09-15T11:00:27+05:45,2026-09-15,11:00:27,1789449327,1,5,11,nepse_official,OPEN,2026-09-15,RADHI,Radhi Bidyut Company Ltd,734.0,734.0,720.0,,720.0,700.0,20.0,,2650.0,1925400.0,13.0,14.0,1.9073569482288828,2.857142857142857,148107.6923076923,726.566037735849
2026-09-15T05:15:27+00:00,2026-09-15T11:00:27+05:45,2026-09-15,11:00:27,1789449327,1,5,11,nepse_official,OPEN,2026-09-15,RAWA,Rawa Energy Development Limited,434.0,434.0,434.0,,434.0,414.0,20.0,,70.0,30380.0,3.0,0.0,0.0,4.830917874396135,10126.666666666666,434.0
2026-09-15T05:15:27+00:00,2026-09-15T11:00:27+05:45,2026-09-15,11:00:27,1789449327,1,5,11,nepse_official,OPEN,2026-09-15,RFPL,River Falls Power Limited,347.8,347.8,347.8,,347.8,337.7,10.100000000000023,,1050.0,365190.0,5.0,0.0,0.0,2.9908202546639098,73038.0,347.8
2026-09-15T05:15:27+00:00,2026-09-15T11:00:27+05:45,2026-09-15,11:00:27,1789449327,1,5,11,nepse_official,OPEN,2026-09-15,RHGCL,Rapti Hydro And General Construction Limited,271.5,271.5,271.5,,271.5,271.5,0.0,,90.0,24435.0,4.0,0.0,0.0,0.0,6108.75,271.5
2026-09-15T05:15:27+00:00,2026-09-15T11:00:27+05:45,2026-09-15,11:00:27,1789449327,1,5,11,nepse_official,OPEN,2026-09-15,RHPL,RASUWAGADHI HYDROPOWER COMPANY LIMITED,175.1,175.1,175.1,,175.1,166.8,8.299999999999983,,3350.0,586585.0,13.0,0.0,0.0,4.976019184652268,45121.92307692308,175.1
2026-09-15T05:15:27+00:00,2026-09-15T11:00:27+05:45,2026-09-15,11:00:27,1789449327,1,5,11,nepse_official,OPEN,2026-09-15,RIDI,Ridi Power Company Limited,367.0,367.0,365.0,,365.0,350.0,15.0,,2390.0,875130.0,19.0,2.0,0.544959128065395,4.285714285714286,46059.47368421053,366.163179916318
2026-09-15T05:15:27+00:00,2026-09-15T11:00:27+05:45,2026-09-15,11:00:27,1789449327,1,5,11,nepse_official,OPEN,2026-09-15,RLEL,Ridge Line Energy Limited,829.0,829.0,829.0,,829.0,789.9,39.10000000000002,,70.0,58030.0,4.0,0.0,0.0,4.949993670084824,14507.5,829.0
2026-09-15T05:15:27+00:00,2026-09-15T11:00:27+05:45,2026-09-15,11:00:27,1789449327,1,5,11,nepse_official,OPEN,2026-09-15,RLFL,Reliance Finance Ltd.,445.0,445.0,445.0,,445.0,432.0,13.0,,220.0,97900.0,3.0,0.0,0.0,3.009259259259259,32633.333333333332,445.0
2026-09-15T05:15:27+00:00,2026-09-15T11:00:27+05:45,2026-09-15,11:00:27,1789449327,1,5,11,nepse_official,OPEN,2026-09-15,RNLI,Reliable Nepal Life Insurance Limited,451.0,451.0,440.0,,440.0,429.8,10.199999999999989,,2050.0,902550.0,3.0,11.0,2.4390243902439024,2.3731968357375495,300850.0,440.2682926829268
2026-09-15T05:15:27+00:00,2026-09-15T11:00:27+05:45,2026-09-15,11:00:27,1789449327,1,5,11,nepse_official,OPEN,2026-09-15,RSDC,RSDC Laghubitta Bittiya Sanstha Ltd.,640.0,640.0,640.0,,640.0,622.0,18.0,,10.0,6400.0,1.0,0.0,0.0,2.8938906752411575,6400.0,640.0
2026-09-15T05:15:27+00:00,2026-09-15T11:00:27+05:45,2026-09-15,11:00:27,1789449327,1,5,11,nepse_official,OPEN,2026-09-15,RSML,Reliance Spinning Mills Limited,3082.0,3082.0,3000.0,,3000.0,2936.0,64.0,,1379.0,4247050.0,27.0,82.0,2.6606099935107075,2.17983651226158,157298.14814814815,3079.804205946338
2026-09-15T05:15:27+00:00,2026-09-15T11:00:27+05:45,2026-09-15,11:00:27,1789449327,1,5,11,nepse_official,OPEN,2026-09-15,RURU,Ru Ru Jalbidhyut Pariyojana Limited,626.6,626.6,626.6,,626.6,596.8,29.800000000000068,,220.0,137852.0,4.0,0.0,0.0,4.993297587131379,34463.0,626.6
2026-09-15T05:15:27+00:00,2026-09-15T11:00:27+05:45,2026-09-15,11:00:27,1789449327,1,5,11,nepse_official,OPEN,2026-09-15,SABBL,Salapa Bikas Bank Limited,939.0,939.0,939.0,,939.0,895.0,44.0,,90.0,84510.0,5.0,0.0,0.0,4.916201117318435,16902.0,939.0
2026-09-15T05:15:27+00:00,2026-09-15T11:00:27+05:45,2026-09-15,11:00:27,1789449327,1,5,11,nepse_official,OPEN,2026-09-15,SADBL,Shangrila Development Bank Ltd.,432.0,432.0,432.0,,432.0,412.0,20.0,,60.0,25920.0,2.0,0.0,0.0,4.854368932038835,12960.0,432.0
2026-09-15T05:15:27+00:00,2026-09-15T11:00:27+05:45,2026-09-15,11:00:27,1789449327,1,5,11,nepse_official,OPEN,2026-09-15,SAGAR,Sagar Distillery Limited,1625.0,1625.0,1625.0,,1625.0,1550.0,75.0,,20.0,32500.0,2.0,0.0,0.0,4.838709677419355,16250.0,1625.0
2026-09-15T05:15:27+00:00,2026-09-15T11:00:27+05:45,2026-09-15,11:00:27,1789449327,1,5,11,nepse_official,OPEN,2026-09-15,SAHAS,Sahas Urja Limited,725.0,725.0,705.0,,705.0,696.0,9.0,,2100.0,1513000.0,24.0,20.0,2.7586206896551726,1.293103448275862,63041.666666666664,720.4761904761905
2026-09-15T05:15:27+00:00,2026-09-15T11:00:27+05:45,2026-09-15,11:00:27,1789449327,1,5,11,nepse_official,OPEN,2026-09-15,SAIL,Shreenagar Agritech Industries Limited,1039.5,1039.5,1039.5,,1039.5,990.0,49.5,,185.0,192307.5,11.0,0.0,0.0,5.0,17482.5,1039.5
2026-09-15T05:15:27+00:00,2026-09-15T11:00:27+05:45,2026-09-15,11:00:27,1789449327,1,5,11,nepse_official,OPEN,2026-09-15,SALICO,Sagarmatha Lumbini Insurance Co. Limited,561.0,561.0,561.0,,561.0,535.1,25.899999999999977,,50.0,28050.0,1.0,0.0,0.0,4.840216781909919,28050.0,561.0
2026-09-15T05:15:27+00:00,2026-09-15T11:00:27+05:45,2026-09-15,11:00:27,1789449327,1,5,11,nepse_official,OPEN,2026-09-15,SANIMA,Sanima Bank Limited,390.0,390.0,390.0,,390.0,373.0,17.0,,3101.0,1209390.0,11.0,0.0,0.0,4.557640750670242,109944.54545454546,390.0
2026-09-15T05:15:27+00:00,2026-09-15T11:00:27+05:45,2026-09-15,11:00:27,1789449327,1,5,11,nepse_official,OPEN,2026-09-15,SANVI,Sanvi Energy Limited,613.0,613.0,613.0,,613.0,584.8,28.200000000000045,,78.0,47814.0,3.0,0.0,0.0,4.822161422708627,15938.0,613.0
2026-09-15T05:15:27+00:00,2026-09-15T11:00:27+05:45,2026-09-15,11:00:27,1789449327,1,5,11,nepse_official,OPEN,2026-09-15,SAPDBL,Saptakoshi Development Bank Ltd,650.0,650.0,635.0,,635.0,630.0,5.0,,350.0,226150.0,7.0,15.0,2.307692307692308,0.7936507936507936,32307.14285714286,646.1428571428571
2026-09-15T05:15:27+00:00,2026-09-15T11:00:27+05:45,2026-09-15,11:00:27,1789449327,1,5,11,nepse_official,OPEN,2026-09-15,SAPIL,Sarvottam Paints Industries Limited,1487.3,1487.3,1487.3,,1487.3,1444.0,43.299999999999955,,121.0,179963.3,6.0,0.0,0.0,2.9986149584487505,29993.88333333333,1487.3
2026-09-15T05:15:27+00:00,2026-09-15T11:00:27+05:45,2026-09-15,11:00:27,1789449327,1,5,11,nepse_official,OPEN,2026-09-15,SARBTM,Sarbottam Cement Limited,834.0,834.0,834.0,,834.0,795.0,39.0,,50.0,41700.0,2.0,0.0,0.0,4.905660377358491,20850.0,834.0
2026-09-15T05:15:27+00:00,2026-09-15T11:00:27+05:45,2026-09-15,11:00:27,1789449327,1,5,11,nepse_official,OPEN,2026-09-15,SBI,Nepal SBI Bank Limited,425.0,425.0,425.0,,425.0,404.9,20.100000000000023,,2050.0,871250.0,12.0,0.0,0.0,4.964188688565083,72604.16666666667,425.0
2026-09-15T05:15:27+00:00,2026-09-15T11:00:27+05:45,2026-09-15,11:00:27,1789449327,1,5,11,nepse_official,OPEN,2026-09-15,SBL,Siddhartha Bank Limited,443.0,443.0,430.0,,430.0,422.0,8.0,,3550.0,1566150.0,9.0,13.0,2.9345372460496613,1.8957345971563981,174016.66666666666,441.16901408450707
2026-09-15T05:15:27+00:00,2026-09-15T11:00:27+05:45,2026-09-15,11:00:27,1789449327,1,5,11,nepse_official,OPEN,2026-09-15,SCB,Standard Chartered Bank Limited,682.0,682.0,682.0,,682.0,650.0,32.0,,50.0,34100.0,2.0,0.0,0.0,4.923076923076923,17050.0,682.0
2026-09-15T05:15:27+00:00,2026-09-15T11:00:27+05:45,2026-09-15,11:00:27,1789449327,1,5,11,nepse_official,OPEN,2026-09-15,SGHC,Swet-Ganga Hydropower & Construction Limited ,315.0,315.0,315.0,,315.0,300.0,15.0,,50.0,15750.0,2.0,0.0,0.0,5.0,7875.0,315.0
2026-09-15T05:15:27+00:00,2026-09-15T11:00:27+05:45,2026-09-15,11:00:27,1789449327,1,5,11,nepse_official,OPEN,2026-09-15,SGHL,Sanigad Hydro Limited,513.0,515.0,513.0,,515.0,501.0,14.0,,180.0,92400.0,18.0,2.0,0.3898635477582846,2.7944111776447107,5133.333333333333,513.3333333333334
2026-09-15T05:15:27+00:00,2026-09-15T11:00:27+05:45,2026-09-15,11:00:27,1789449327,1,5,11,nepse_official,OPEN,2026-09-15,SGIC,Sanima GIC Insurance Limited,400.0,400.0,400.0,,400.0,389.0,11.0,,173.0,69200.0,8.0,0.0,0.0,2.827763496143959,8650.0,400.0
2026-09-15T05:15:27+00:00,2026-09-15T11:00:27+05:45,2026-09-15,11:00:27,1789449327,1,5,11,nepse_official,OPEN,2026-09-15,SHEL,Singati Hydro Energy Limited,310.0,310.0,310.0,,310.0,300.3,9.699999999999989,,1750.0,542500.0,7.0,0.0,0.0,3.230103230103226,77500.0,310.0
2026-09-15T05:15:27+00:00,2026-09-15T11:00:27+05:45,2026-09-15,11:00:27,1789449327,1,5,11,nepse_official,OPEN,2026-09-15,SHINE,Shine Resunga Development Bank Ltd.,434.0,438.2,429.8,,429.8,426.1,3.6999999999999886,,7886.0,3400010.0,15.0,8.399999999999977,1.9354838709677369,0.8683407650786173,226667.33333333334,431.1450672077099
2026-09-15T05:15:27+00:00,2026-09-15T11:00:27+05:45,2026-09-15,11:00:27,1789449327,1,5,11,nepse_official,OPEN,2026-09-15,SHIVM,SHIVAM CEMENTS LTD,685.0,685.0,676.5,,676.5,670.0,6.5,,13900.0,9464675.0,31.0,8.5,1.2408759124087592,0.9701492537313432,305312.0967741936,680.9118705035971
2026-09-15T05:15:27+00:00,2026-09-15T11:00:27+05:45,2026-09-15,11:00:27,1789449327,1,5,11,nepse_official,OPEN,2026-09-15,SHL,Soaltee Hotel Limited,530.2,530.2,530.2,,530.2,505.0,25.200000000000045,,200.0,106040.0,2.0,0.0,0.0,4.990099009900999,53020.0,530.2
2026-09-15T05:15:27+00:00,2026-09-15T11:00:27+05:45,2026-09-15,11:00:27,1789449327,1,5,11,nepse_official,OPEN,2026-09-15,SHLB,Shrijanshil Laghubitta Bittiya Sanstha Limited,1406.0,1406.0,1406.0,,1406.0,1340.0,66.0,,60.0,84360.0,4.0,0.0,0.0,4.925373134328359,21090.0,1406.0
2026-09-15T05:15:27+00:00,2026-09-15T11:00:27+05:45,2026-09-15,11:00:27,1789449327,1,5,11,nepse_official,OPEN,2026-09-15,SHPC,Sanima Mai Hydropower Ltd.,548.0,548.0,532.0,,532.0,522.0,10.0,,3160.0,1683680.0,6.0,16.0,2.9197080291970803,1.9157088122605364,280613.3333333333,532.8101265822785
2026-09-15T05:15:27+00:00,2026-09-15T11:00:27+05:45,2026-09-15,11:00:27,1789449327,1,5,11,nepse_official,OPEN,2026-09-15,SICL,Shikhar Insurance Co. Ltd.,580.0,580.0,570.0,,570.0,560.0,10.0,,180.0,103400.0,5.0,10.0,1.7241379310344827,1.7857142857142856,20680.0,574.4444444444445
2026-09-15T05:15:27+00:00,2026-09-15T11:00:27+05:45,2026-09-15,11:00:27,1789449327,1,5,11,nepse_official,OPEN,2026-09-15,SIKLES,Sikles Hydropower Limited,599.0,599.0,599.0,,599.0,571.4,27.600000000000023,,50.0,29950.0,1.0,0.0,0.0,4.830241512075608,29950.0,599.0
2026-09-15T05:15:27+00:00,2026-09-15T11:00:27+05:45,2026-09-15,11:00:27,1789449327,1,5,11,nepse_official,OPEN,2026-09-15,SINDU,Sindhu Bikash Bank Ltd,421.0,421.0,421.0,,421.0,405.3,15.699999999999989,,185.0,77885.0,6.0,0.0,0.0,3.8736738218603475,12980.833333333334,421.0
2026-09-15T05:15:27+00:00,2026-09-15T11:00:27+05:45,2026-09-15,11:00:27,1789449327,1,5,11,nepse_official,OPEN,2026-09-15,SIPD,Shikhar power Development Limited,639.0,639.0,639.0,,639.0,609.0,30.0,,60.0,38340.0,4.0,0.0,0.0,4.926108374384237,9585.0,639.0
2026-09-15T05:15:27+00:00,2026-09-15T11:00:27+05:45,2026-09-15,11:00:27,1789449327,1,5,11,nepse_official,OPEN,2026-09-15,SJCL,SANJEN JALAVIDHYUT COMPANY LIMITED,252.0,252.0,248.0,,248.0,240.0,8.0,,150.0,37400.0,2.0,4.0,1.5873015873015872,3.3333333333333335,18700.0,249.33333333333334
2026-09-15T05:15:27+00:00,2026-09-15T11:00:27+05:45,2026-09-15,11:00:27,1789449327,1,5,11,nepse_official,OPEN,2026-09-15,SJLIC,SuryaJyoti Life Insurance Company Limited,429.0,429.0,420.0,,420.0,409.5,10.5,,600.0,252900.0,3.0,9.0,2.097902097902098,2.564102564102564,84300.0,421.5
2026-09-15T05:15:27+00:00,2026-09-15T11:00:27+05:45,2026-09-15,11:00:27,1789449327,1,5,11,nepse_official,OPEN,2026-09-15,SKBBL,Sana Kisan Bikas Laghubitta Bittiya Sanstha Limited,795.0,795.0,795.0,,795.0,758.3,36.700000000000045,,560.0,445200.0,10.0,0.0,0.0,4.839773176842945,44520.0,795.0
2026-09-15T05:15:27+00:00,2026-09-15T11:00:27+05:45,2026-09-15,11:00:27,1789449327,1,5,11,nepse_official,OPEN,2026-09-15,SKHEL,Suryakunda Hydro Electric Limited,871.0,871.0,871.0,,871.0,830.5,40.5,,60.0,52260.0,2.0,0.0,0.0,4.876580373269115,26130.0,871.0
2026-09-15T05:15:27+00:00,2026-09-15T11:00:27+05:45,2026-09-15,11:00:27,1789449327,1,5,11,nepse_official,OPEN,2026-09-15,SKHL,Super Khudi Hydropower Limited,783.4,783.4,783.4,,783.4,746.1,37.299999999999955,,390.0,305526.0,6.0,0.0,0.0,4.999329848545766,50921.0,783.4
2026-09-15T05:15:27+00:00,2026-09-15T11:00:27+05:45,2026-09-15,11:00:27,1789449327,1,5,11,nepse_official,OPEN,2026-09-15,SLBBL,Swarojgar Laghubitta Bittiya Sanstha Ltd.,840.0,840.0,840.0,,840.0,801.0,39.0,,60.0,50400.0,2.0,0.0,0.0,4.868913857677903,25200.0,840.0
2026-09-15T05:15:27+00:00,2026-09-15T11:00:27+05:45,2026-09-15,11:00:27,1789449327,1,5,11,nepse_official,OPEN,2026-09-15,SLBSL,Samudayik Laghubitta Bittiya Sanstha Limited,920.0,924.0,920.0,,924.0,880.0,44.0,,210.0,193600.0,5.0,4.0,0.43478260869565216,5.0,38720.0,921.9047619047619
2026-09-15T05:15:27+00:00,2026-09-15T11:00:27+05:45,2026-09-15,11:00:27,1789449327,1,5,11,nepse_official,OPEN,2026-09-15,SMATA,Samata Gharelu Laghubitta Bittiya Sanstha Limited,735.0,735.0,735.0,,735.0,701.0,34.0,,50.0,36750.0,1.0,0.0,0.0,4.850213980028531,36750.0,735.0
2026-09-15T05:15:27+00:00,2026-09-15T11:00:27+05:45,2026-09-15,11:00:27,1789449327,1,5,11,nepse_official,OPEN,2026-09-15,SMB,Support Microfinance Bittiya Sanstha Ltd.,1888.0,1888.0,1888.0,,1888.0,1800.0,88.0,,50.0,94400.0,1.0,0.0,0.0,4.888888888888889,94400.0,1888.0
2026-09-15T05:15:27+00:00,2026-09-15T11:00:27+05:45,2026-09-15,11:00:27,1789449327,1,5,11,nepse_official,OPEN,2026-09-15,SMH,Super Mai Hydropower Limited,534.0,535.0,534.0,,535.0,523.1,11.899999999999977,,250.0,133550.0,4.0,1.0,0.18726591760299627,2.274899636780726,33387.5,534.2
2026-09-15T05:15:27+00:00,2026-09-15T11:00:27+05:45,2026-09-15,11:00:27,1789449327,1,5,11,nepse_official,OPEN,2026-09-15,SMHL,Super Madi Hydropower Limited,470.0,470.0,470.0,,470.0,460.0,10.0,,107.0,50290.0,5.0,0.0,0.0,2.1739130434782608,10058.0,470.0
2026-09-15T05:15:27+00:00,2026-09-15T11:00:27+05:45,2026-09-15,11:00:27,1789449327,1,5,11,nepse_official,OPEN,2026-09-15,SMJC,Sagarmatha Jalabidhyut Company Limited,432.0,432.0,420.0,,420.0,412.3,7.699999999999989,,220.0,92640.0,4.0,12.0,2.7777777777777777,1.8675721561969412,23160.0,421.09090909090907
2026-09-15T05:15:27+00:00,2026-09-15T11:00:27+05:45,2026-09-15,11:00:27,1789449327,1,5,11,nepse_official,OPEN,2026-09-15,SMPDA,Sampada Laghubitta Bittiya Sanstha Limited,778.0,778.0,778.0,,778.0,742.0,36.0,,50.0,38900.0,1.0,0.0,0.0,4.8517520215633425,38900.0,778.0
2026-09-15T05:15:27+00:00,2026-09-15T11:00:27+05:45,2026-09-15,11:00:27,1789449327,1,5,11,nepse_official,OPEN,2026-09-15,SNLI,Sun Nepal Life Insurance Company Limited,410.0,410.0,410.0,,410.0,396.8,13.199999999999989,,1494.0,612540.0,10.0,0.0,0.0,3.3266129032258034,61254.0,410.0
2026-09-15T05:15:27+00:00,2026-09-15T11:00:27+05:45,2026-09-15,11:00:27,1789449327,1,5,11,nepse_official,OPEN,2026-09-15,SNORL,Snow Rivers Limited,913.0,913.0,913.0,,913.0,870.0,43.0,,60.0,54780.0,4.0,0.0,0.0,4.942528735632184,13695.0,913.0
2026-09-15T05:15:27+00:00,2026-09-15T11:00:27+05:45,2026-09-15,11:00:27,1789449327,1,5,11,nepse_official,OPEN,2026-09-15,SOHL,Solu Hydropower Limited,660.0,660.0,660.0,,660.0,655.0,5.0,,2040.0,1346400.0,19.0,0.0,0.0,0.7633587786259541,70863.15789473684,660.0
2026-09-15T05:15:27+00:00,2026-09-15T11:00:27+05:45,2026-09-15,11:00:27,1789449327,1,5,11,nepse_official,OPEN,2026-09-15,SONA,Sonapur Minerals And Oil Limited,409.0,410.0,409.0,,410.0,397.0,13.0,,110.0,45000.0,5.0,1.0,0.24449877750611246,3.27455919395466,9000.0,409.09090909090907
2026-09-15T05:15:27+00:00,2026-09-15T11:00:27+05:45,2026-09-15,11:00:27,1789449327,1,5,11,nepse_official,OPEN,2026-09-15,SOPL,Sopan Pharmaceuticals Limited,792.0,792.0,770.0,,770.0,754.9,15.100000000000023,,270.0,212120.0,10.0,22.0,2.7777777777777777,2.000264935753083,21212.0,785.6296296296297
2026-09-15T05:15:27+00:00,2026-09-15T11:00:27+05:45,2026-09-15,11:00:27,1789449327,1,5,11,nepse_official,OPEN,2026-09-15,SPC,Samling Power Company Limited,417.5,417.5,417.5,,417.5,397.7,19.80000000000001,,20.0,8350.0,2.0,0.0,0.0,4.97862710585869,4175.0,417.5
2026-09-15T05:15:27+00:00,2026-09-15T11:00:27+05:45,2026-09-15,11:00:27,1789449327,1,5,11,nepse_official,OPEN,2026-09-15,SPDL,Synergy Power Development Ltd.,370.0,370.0,365.2,,365.2,352.5,12.699999999999989,,1390.0,513820.0,10.0,4.800000000000011,1.2972972972973003,3.602836879432621,51382.0,369.6546762589928
2026-09-15T05:15:27+00:00,2026-09-15T11:00:27+05:45,2026-09-15,11:00:27,1789449327,1,5,11,nepse_official,OPEN,2026-09-15,SPHL,Sayapatri Hydropower Limited,551.0,551.0,551.0,,551.0,524.9,26.100000000000023,,60.0,33060.0,2.0,0.0,0.0,4.972375690607739,16530.0,551.0
2026-09-15T05:15:27+00:00,2026-09-15T11:00:27+05:45,2026-09-15,11:00:27,1789449327,1,5,11,nepse_official,OPEN,2026-09-15,SPL,Shuvam Power Limited,662.0,662.0,662.0,,662.0,631.3,30.700000000000045,,50.0,33100.0,2.0,0.0,0.0,4.862981150007927,16550.0,662.0
2026-09-15T05:15:27+00:00,2026-09-15T11:00:27+05:45,2026-09-15,11:00:27,1789449327,1,5,11,nepse_official,OPEN,2026-09-15,SRLI,Sanima Reliance Life Insurance Limited,379.0,379.0,370.0,,370.0,361.1,8.899999999999977,,298.0,110890.0,5.0,9.0,2.3746701846965697,2.4646912212683403,22178.0,372.1140939597315
2026-09-15T05:15:27+00:00,2026-09-15T11:00:27+05:45,2026-09-15,11:00:27,1789449327,1,5,11,nepse_official,OPEN,2026-09-15,SSHL,Shiva Shree Hydropower Ltd,215.0,215.0,215.0,,215.0,207.0,8.0,,3010.0,647150.0,12.0,0.0,0.0,3.864734299516908,53929.166666666664,215.0
2026-09-15T05:15:27+00:00,2026-09-15T11:00:27+05:45,2026-09-15,11:00:27,1789449327,1,5,11,nepse_official,OPEN,2026-09-15,STC,Salt Trading Corporation,5722.0,5722.0,5722.0,,5722.0,5450.0,272.0,,89.0,509258.0,5.0,0.0,0.0,4.990825688073394,101851.6,5722.0
2026-09-15T05:15:27+00:00,2026-09-15T11:00:27+05:45,2026-09-15,11:00:27,1789449327,1,5,11,nepse_official,OPEN,2026-09-15,SWASTIK,Swastik Laghubitta Bittiya Sanstha Limited,1904.0,1904.0,1900.0,,1900.0,1815.0,85.0,,25.0,47540.0,2.0,4.0,0.21008403361344538,4.683195592286501,23770.0,1901.6
2026-09-15T05:15:27+00:00,2026-09-15T11:00:27+05:45,2026-09-15,11:00:27,1789449327,1,5,11,nepse_official,OPEN,2026-09-15,SWBBL,Swabalamban Laghubitta Bittiya Sanstha Limited,709.5,709.5,709.5,,709.5,688.9,20.600000000000023,,360.0,255420.0,10.0,0.0,0.0,2.9902743504137064,25542.0,709.5
2026-09-15T05:15:27+00:00,2026-09-15T11:00:27+05:45,2026-09-15,11:00:27,1789449327,1,5,11,nepse_official,OPEN,2026-09-15,SWMF,Suryodaya Womi Laghubitta Bittiya Sanstha Limited,610.0,610.0,610.0,,610.0,592.9,17.100000000000023,,300.0,183000.0,5.0,0.0,0.0,2.884128858154836,36600.0,610.0
2026-09-15T05:15:27+00:00,2026-09-15T11:00:27+05:45,2026-09-15,11:00:27,1789449327,1,5,11,nepse_official,OPEN,2026-09-15,SYPNL,SY Panel Nepal Limited,1380.0,1380.0,1355.0,,1355.0,1315.0,40.0,,3165.0,4362280.0,24.0,25.0,1.8115942028985508,3.041825095057034,181761.66666666666,1378.2875197472354
2026-09-15T05:15:27+00:00,2026-09-15T11:00:27+05:45,2026-09-15,11:00:27,1789449327,1,5,11,nepse_official,OPEN,2026-09-15,TAMOR,Sanima Middle Tamor Hydropower Limited,525.0,525.0,520.0,,520.0,516.9,3.1000000000000227,,3419.0,1784860.0,17.0,5.0,0.9523809523809524,0.5997291545753575,104991.76470588235,522.0415326118748
2026-09-15T05:15:27+00:00,2026-09-15T11:00:27+05:45,2026-09-15,11:00:27,1789449327,1,5,11,nepse_official,OPEN,2026-09-15,TPC,Terhathum Power Company Limited,379.0,379.0,370.0,,370.0,361.0,9.0,,750.0,279750.0,3.0,9.0,2.3746701846965697,2.4930747922437675,93250.0,373.0
2026-09-15T05:15:27+00:00,2026-09-15T11:00:27+05:45,2026-09-15,11:00:27,1789449327,1,5,11,nepse_official,OPEN,2026-09-15,TPKHL,Taksar Pikhuwa Khola Hydropower Limited,520.0,520.0,520.0,,520.0,508.0,12.0,,660.0,343200.0,4.0,0.0,0.0,2.3622047244094486,85800.0,520.0
2026-09-15T05:15:27+00:00,2026-09-15T11:00:27+05:45,2026-09-15,11:00:27,1789449327,1,5,11,nepse_official,OPEN,2026-09-15,TRH,Taragaon Regency Hotel Limited,838.0,838.0,838.0,,838.0,799.0,39.0,,50.0,41900.0,3.0,0.0,0.0,4.881101376720901,13966.666666666666,838.0
2026-09-15T05:15:27+00:00,2026-09-15T11:00:27+05:45,2026-09-15,11:00:27,1789449327,1,5,11,nepse_official,OPEN,2026-09-15,TTL,Trade Tower Limited,728.0,728.0,710.0,,710.0,694.0,16.0,,270.0,196380.0,9.0,18.0,2.4725274725274726,2.3054755043227666,21820.0,727.3333333333334
2026-09-15T05:15:27+00:00,2026-09-15T11:00:27+05:45,2026-09-15,11:00:27,1789449327,1,5,11,nepse_official,OPEN,2026-09-15,TVCL,Trishuli Jal Vidhyut Company Limited ,315.0,315.0,315.0,,315.0,300.0,15.0,,15.0,4725.0,1.0,0.0,0.0,5.0,4725.0,315.0
2026-09-15T05:15:27+00:00,2026-09-15T11:00:27+05:45,2026-09-15,11:00:27,1789449327,1,5,11,nepse_official,OPEN,2026-09-15,UAIL,United Ajod Insurance Limited,396.0,396.0,396.0,,396.0,377.5,18.5,,150.0,59400.0,2.0,0.0,0.0,4.900662251655629,29700.0,396.0
2026-09-15T05:15:27+00:00,2026-09-15T11:00:27+05:45,2026-09-15,11:00:27,1789449327,1,5,11,nepse_official,OPEN,2026-09-15,UHEWA,Upper Hewakhola Hydropower Company Limited,622.0,622.0,622.0,,622.0,593.0,29.0,,70.0,43540.0,4.0,0.0,0.0,4.8903878583473865,10885.0,622.0
2026-09-15T05:15:27+00:00,2026-09-15T11:00:27+05:45,2026-09-15,11:00:27,1789449327,1,5,11,nepse_official,OPEN,2026-09-15,ULBSL,Upakar Laghubitta Bittiya Sanstha Limited,2660.0,2660.0,2660.0,,2660.0,2536.0,124.0,,50.0,133000.0,3.0,0.0,0.0,4.889589905362776,44333.333333333336,2660.0
2026-09-15T05:15:27+00:00,2026-09-15T11:00:27+05:45,2026-09-15,11:00:27,1789449327,1,5,11,nepse_official,OPEN,2026-09-15,ULHC,Upper Lohore Khola Hydropower Company Limited,347.0,347.0,347.0,,347.0,330.9,16.100000000000023,,150.0,52050.0,3.0,0.0,0.0,4.865518283469333,17350.0,347.0
2026-09-15T05:15:27+00:00,2026-09-15T11:00:27+05:45,2026-09-15,11:00:27,1789449327,1,5,11,nepse_official,OPEN,2026-09-15,UMHL,United Modi Hydropower Ltd.,539.0,539.0,539.0,,539.0,550.0,-11.0,,300.0,161700.0,4.0,0.0,0.0,-2.0,40425.0,539.0
2026-09-15T05:15:27+00:00,2026-09-15T11:00:27+05:45,2026-09-15,11:00:27,1789449327,1,5,11,nepse_official,OPEN,2026-09-15,UMRH,United IDI Mardi RB Hydropower Limited.,536.0,536.0,520.0,,520.0,511.2,8.800000000000011,,305.0,159720.0,4.0,16.0,2.9850746268656714,1.721439749608766,39930.0,523.672131147541
2026-09-15T05:15:27+00:00,2026-09-15T11:00:27+05:45,2026-09-15,11:00:27,1789449327,1,5,11,nepse_official,OPEN,2026-09-15,UNHPL,Union Hydropower Limited,370.0,370.0,370.0,,370.0,356.6,13.399999999999977,,150.0,55500.0,2.0,0.0,0.0,3.757711721817156,27750.0,370.0
2026-09-15T05:15:27+00:00,2026-09-15T11:00:27+05:45,2026-09-15,11:00:27,1789449327,1,5,11,nepse_official,OPEN,2026-09-15,UNLB,Unique Nepal Laghubitta Bittiya Sanstha Limited,1256.4,1256.4,1256.4,,1256.4,1222.0,34.40000000000009,,10.0,12564.0,1.0,0.0,0.0,2.815057283142397,12564.0,1256.4
2026-09-15T05:15:27+00:00,2026-09-15T11:00:27+05:45,2026-09-15,11:00:27,1789449327,1,5,11,nepse_official,OPEN,2026-09-15,UPCL,UNIVERSAL POWER COMPANY LTD,350.0,350.0,346.0,,346.0,338.0,8.0,,1050.0,365500.0,4.0,4.0,1.1428571428571428,2.366863905325444,91375.0,348.0952380952381
2026-09-15T05:15:27+00:00,2026-09-15T11:00:27+05:45,2026-09-15,11:00:27,1789449327,1,5,11,nepse_official,OPEN,2026-09-15,UPPER,Upper Tamakoshi Hydropower Ltd,202.6,202.6,200.0,,200.0,193.0,7.0,,4125.0,835500.0,21.0,2.5999999999999943,1.2833168805528106,3.6269430051813467,39785.71428571428,202.54545454545453
2026-09-15T05:15:27+00:00,2026-09-15T11:00:27+05:45,2026-09-15,11:00:27,1789449327,1,5,11,nepse_official,OPEN,2026-09-15,USHEC,Upper Solu Hydro Electric Company Limited,522.9,522.9,522.9,,522.9,498.0,24.899999999999977,,500.0,261450.0,6.0,0.0,0.0,4.999999999999996,43575.0,522.9
2026-09-15T05:15:27+00:00,2026-09-15T11:00:27+05:45,2026-09-15,11:00:27,1789449327,1,5,11,nepse_official,OPEN,2026-09-15,USLB,Unnati Sahakarya Laghubitta Bittiya Sanstha Limited,1059.0,1059.0,1035.0,,1035.0,1010.0,25.0,,100.0,104700.0,2.0,24.0,2.26628895184136,2.4752475247524752,52350.0,1047.0
2026-09-15T05:15:27+00:00,2026-09-15T11:00:27+05:45,2026-09-15,11:00:27,1789449327,1,5,11,nepse_official,OPEN,2026-09-15,VLBS,Vijaya laghubitta Bittiya Sanstha Ltd.,650.0,650.0,650.0,,650.0,620.0,30.0,,50.0,32500.0,1.0,0.0,0.0,4.838709677419355,32500.0,650.0
2026-09-15T05:15:27+00:00,2026-09-15T11:00:27+05:45,2026-09-15,11:00:27,1789449327,1,5,11,nepse_official,OPEN,2026-09-15,VLUCL,Vision Lumbini Urja Company Limited ,404.0,404.0,404.0,,404.0,385.0,19.0,,318.0,128472.0,5.0,0.0,0.0,4.935064935064935,25694.4,404.0
2026-09-15T05:15:27+00:00,2026-09-15T11:00:27+05:45,2026-09-15,11:00:27,1789449327,1,5,11,nepse_official,OPEN,2026-09-15,YMHL,Yambaling Hydropower Limited,580.0,580.0,580.0,,580.0,562.0,18.0,,100.0,58000.0,5.0,0.0,0.0,3.202846975088968,11600.0,580.0
2026-09-15T05:45:30+00:00,2026-09-15T11:30:30+05:45,2026-09-15,11:30:30,1789451130,1,5,11,nepse_official,OPEN,2026-09-15,ACLBSL,Aarambha Chautari Laghubitta Bittiya Sanstha Limited,921.0,921.0,890.0,,890.0,878.0,12.0,,375.0,341224.0,13.0,31.0,3.3659066232356136,1.366742596810934,26248.0,909.9306666666666
2026-09-15T05:45:30+00:00,2026-09-15T11:30:30+05:45,2026-09-15,11:30:30,1789451130,1,5,11,nepse_official,OPEN,2026-09-15,ADBL,Agricultural Development Bank Limited,317.0,317.0,303.0,,305.0,302.0,3.0,,22929.0,7078825.9,79.0,14.0,4.416403785488959,0.9933774834437087,89605.39113924051,308.72806925727247
2026-09-15T05:45:30+00:00,2026-09-15T11:30:30+05:45,2026-09-15,11:30:30,1789451130,1,5,11,nepse_official,OPEN,2026-09-15,ADBLD83,10.35% Agricultural Bank Debenture 2083,1040.0,1040.0,1040.0,,1040.0,1050.9,-10.900000000000091,,400.0,416000.0,1.0,0.0,0.0,-1.0372062042059271,416000.0,1040.0
2026-09-15T05:45:30+00:00,2026-09-15T11:30:30+05:45,2026-09-15,11:30:30,1789451130,1,5,11,nepse_official,OPEN,2026-09-15,AHL,Asian Hydropower Limited,368.7,376.0,365.1,,369.0,358.0,11.0,,960.0,354986.0,20.0,10.899999999999977,2.9563330621101107,3.072625698324022,17749.3,369.77708333333334
2026-09-15T05:45:30+00:00,2026-09-15T11:30:30+05:45,2026-09-15,11:30:30,1789451130,1,5,11,nepse_official,OPEN,2026-09-15,AHPC,Arun Valley Hydropower Development Co. Ltd.,279.0,279.0,268.1,,272.0,266.0,6.0,,76570.0,20963548.8,205.0,10.899999999999977,3.9068100358422857,2.2556390977443606,102261.2136585366,273.78279744025076
2026-09-15T05:45:30+00:00,2026-09-15T11:30:30+05:45,2026-09-15,11:30:30,1789451130,1,5,11,nepse_official,OPEN,2026-09-15,AKJCL,Ankhu Khola Jalvidhyut Company Ltd,361.0,365.0,347.1,,352.9,343.9,9.0,,131254.0,46739145.0,296.0,17.899999999999977,4.958448753462598,2.617039837161966,157902.5168918919,356.0969189510415
2026-09-15T05:45:30+00:00,2026-09-15T11:30:30+05:45,2026-09-15,11:30:30,1789451130,1,5,11,nepse_official,OPEN,2026-09-15,AKPL,Arun Kabeli Power Ltd.,269.0,269.0,257.3,,260.2,256.7,3.5,,56419.0,14808717.5,146.0,11.699999999999989,4.349442379182152,1.3634592910011687,101429.57191780822,262.4774898527092
2026-09-15T05:45:30+00:00,2026-09-15T11:30:30+05:45,2026-09-15,11:30:30,1789451130,1,5,11,nepse_official,OPEN,2026-09-15,ALBSL,Asha Laghubitta Bittiya Sanstha Ltd,1220.0,1220.0,1190.0,,1198.0,1192.1,5.900000000000091,,12839.0,15315385.7,30.0,30.0,2.459016393442623,0.4949249224058461,510512.85666666663,1192.8799517096347
2026-09-15T05:45:30+00:00,2026-09-15T11:30:30+05:45,2026-09-15,11:30:30,1789451130,1,5,11,nepse_official,OPEN,2026-09-15,ALICL,Asian Life Insurance Co. Limited,424.0,424.0,414.0,,417.0,404.0,13.0,,19121.0,8022800.1,61.0,10.0,2.358490566037736,3.217821782178218,131521.3131147541,419.58057109983787
2026-09-15T05:45:30+00:00,2026-09-15T11:30:30+05:45,2026-09-15,11:30:30,1789451130,1,5,11,nepse_official,OPEN,2026-09-15,ANLB,Aatmanirbhar Laghubitta Bittiya Sanstha Limited,5121.0,5121.0,5000.0,,5100.0,4975.0,125.0,,421.0,2120824.0,16.0,121.0,2.36281976176528,2.512562814070352,132551.5,5037.586698337293
2026-09-15T05:45:30+00:00,2026-09-15T11:30:30+05:45,2026-09-15,11:30:30,1789451130,1,5,11,nepse_official,OPEN,2026-09-15,APHL,Appolo Hydropower Limited,731.0,731.0,697.0,,709.9,697.0,12.899999999999977,,4301.0,3060424.3,57.0,34.0,4.651162790697675,1.850789096126252,53691.65438596491,711.5611020692862
2026-09-15T05:45:30+00:00,2026-09-15T11:30:30+05:45,2026-09-15,11:30:30,1789451130,1,5,11,nepse_official,OPEN,2026-09-15,API,Api Power Company Ltd.,350.0,355.0,343.0,,345.0,340.0,5.0,,277552.0,96316397.2,598.0,12.0,3.428571428571429,1.4705882352941175,161064.2093645485,347.02108866086354
2026-09-15T05:45:30+00:00,2026-09-15T11:30:30+05:45,2026-09-15,11:30:30,1789451130,1,5,11,nepse_official,OPEN,2026-09-15,AVYAN,Aviyan Laghubitta Bittiya Sanstha Limited,1085.0,1117.0,1050.0,,1060.0,1034.0,26.0,,1256.0,1348716.6,21.0,67.0,6.175115207373272,2.5145067698259185,64224.600000000006,1073.8189490445861
2026-09-15T05:45:30+00:00,2026-09-15T11:30:30+05:45,2026-09-15,11:30:30,1789451130,1,5,11,nepse_official,OPEN,2026-09-15,BANDIPUR,Bandipur Cablecar and Tourism Limited,677.0,695.0,648.0,,659.0,644.8,14.200000000000045,,10616.0,7041271.2,144.0,47.0,6.942392909896602,2.202233250620355,48897.71666666667,663.2697061039939
2026-09-15T05:45:30+00:00,2026-09-15T11:30:30+05:45,2026-09-15,11:30:30,1789451130,1,5,11,nepse_official,OPEN,2026-09-15,BARUN,Barun Hydropower Co. Ltd.,335.1,340.0,325.0,,326.0,319.2,6.800000000000011,,23938.0,7908100.7,105.0,15.0,4.476275738585497,2.1303258145363446,75315.24476190476,330.35761968418416
2026-09-15T05:45:30+00:00,2026-09-15T11:30:30+05:45,2026-09-15,11:30:30,1789451130,1,5,11,nepse_official,OPEN,2026-09-15,BBC,Bishal Bazar Company Limited,4299.0,4635.0,4048.0,,4152.0,4098.0,54.0,,741.0,3157817.0,38.0,587.0,13.654338218190276,1.3177159590043925,83100.44736842105,4261.561403508772
2026-09-15T05:45:30+00:00,2026-09-15T11:30:30+05:45,2026-09-15,11:30:30,1789451130,1,5,11,nepse_official,OPEN,2026-09-15,BEDC,Bhugol Energy Development Company Limited,319.0,319.0,305.0,,306.0,304.0,2.0,,14570.0,4555587.9,74.0,14.0,4.38871473354232,0.6578947368421052,61561.99864864865,312.6690391214825
2026-09-15T05:45:30+00:00,2026-09-15T11:30:30+05:45,2026-09-15,11:30:30,1789451130,1,5,11,nepse_official,OPEN,2026-09-15,BFC,Best Finance Company Ltd.,468.3,480.0,453.0,,460.0,446.0,14.0,,9764.0,4542423.5,46.0,27.0,5.765534913516976,3.1390134529147984,98748.33695652174,465.22157927079064
2026-09-15T05:45:30+00:00,2026-09-15T11:30:30+05:45,2026-09-15,11:30:30,1789451130,1,5,11,nepse_official,OPEN,2026-09-15,BGWT,Bhagawati Hydropower Development Company Limited,521.0,521.0,497.0,,503.0,497.0,6.0,,5563.0,2838229.0,45.0,24.0,4.606525911708253,1.2072434607645874,63071.75555555556,510.19755527593026
2026-09-15T05:45:30+00:00,2026-09-15T11:30:30+05:45,2026-09-15,11:30:30,1789451130,1,5,11,nepse_official,OPEN,2026-09-15,BHCL,Bikash Hydropower Company Limited,549.0,549.0,522.6,,530.0,523.5,6.5,,14315.0,7601392.0,78.0,26.399999999999977,4.808743169398904,1.241642788920726,97453.7435897436,531.0088718127838
2026-09-15T05:45:30+00:00,2026-09-15T11:30:30+05:45,2026-09-15,11:30:30,1789451130,1,5,11,nepse_official,OPEN,2026-09-15,BHDC,Bindhyabasini Hydropower Development Company Limited,430.0,450.0,428.5,,428.5,424.9,3.6000000000000227,,13370.0,5807691.8,44.0,21.5,5.0,0.8472581783949218,131992.99545454545,434.38233358264773
2026-09-15T05:45:30+00:00,2026-09-15T11:30:30+05:45,2026-09-15,11:30:30,1789451130,1,5,11,nepse_official,OPEN,2026-09-15,BHL,Balephi Hydropower Limited,221.5,221.5,215.0,,215.1,211.0,4.099999999999994,,89822.0,19537682.4,262.0,6.5,2.9345372460496613,1.9431279620853052,74571.306870229,217.5155574358175
2026-09-15T05:45:30+00:00,2026-09-15T11:30:30+05:45,2026-09-15,11:30:30,1789451130,1,5,11,nepse_official,OPEN,2026-09-15,BHPL,Barahi Hydropower Public Limited,482.8,497.0,456.0,,464.0,459.9,4.100000000000023,,3507.0,1658153.0,36.0,41.0,8.492129246064623,0.8914981517721293,46059.805555555555,472.812375249501
2026-09-15T05:45:30+00:00,2026-09-15T11:30:30+05:45,2026-09-15,11:30:30,1789451130,1,5,11,nepse_official,OPEN,2026-09-15,BJHL,Bhujung Hydropower Limited,682.0,685.0,660.2,,660.2,650.0,10.200000000000045,,6835.0,4558686.0,50.0,24.799999999999955,3.63636363636363,1.5692307692307763,91173.72,666.9621068032187
2026-09-15T05:45:30+00:00,2026-09-15T11:30:30+05:45,2026-09-15,11:30:30,1789451130,1,5,11,nepse_official,OPEN,2026-09-15,BNHC,Buddha Bhumi Nepal Hydropower Company Limited,289.0,291.0,277.3,,277.6,276.0,1.6000000000000227,,9088.0,2593658.5,42.0,13.699999999999989,4.740484429065741,0.5797101449275445,61753.77380952381,285.39376100352115
2026-09-15T05:45:30+00:00,2026-09-15T11:30:30+05:45,2026-09-15,11:30:30,1789451130,1,5,11,nepse_official,OPEN,2026-09-15,BNT,Bottlers Nepal (Terai) Limited,11850.0,11850.0,11850.0,,11850.0,11510.1,339.89999999999964,,17.0,201450.0,1.0,0.0,0.0,2.9530586180832454,201450.0,11850.0
2026-09-15T05:45:30+00:00,2026-09-15T11:30:30+05:45,2026-09-15,11:30:30,1789451130,1,5,11,nepse_official,OPEN,2026-09-15,BPCL,Butwal Power Company Limited,686.0,686.0,658.5,,666.0,653.9,12.100000000000023,,18453.0,12271613.6,66.0,27.5,4.0087463556851315,1.8504358464597068,185933.5393939394,665.019975071804
2026-09-15T05:45:30+00:00,2026-09-15T11:30:30+05:45,2026-09-15,11:30:30,1789451130,1,5,11,nepse_official,OPEN,2026-09-15,BUNGAL,Bungal Hydro Limited,549.0,551.0,525.0,,530.0,523.0,7.0,,9061.0,4876015.9,56.0,26.0,4.735883424408015,1.338432122370937,87071.71250000001,538.1322039509988
2026-09-15T05:45:30+00:00,2026-09-15T11:30:30+05:45,2026-09-15,11:30:30,1789451130,1,5,11,nepse_official,OPEN,2026-09-15,CBBL,Chhimek Laghubitta Bittiya Sanstha Limited,998.0,998.0,950.0,,960.3,951.0,9.299999999999955,,8888.0,8633680.3,94.0,48.0,4.809619238476954,0.9779179810725505,91847.66276595746,971.3861723672368
2026-09-15T05:45:30+00:00,2026-09-15T11:30:30+05:45,2026-09-15,11:30:30,1789451130,1,5,11,nepse_official,OPEN,2026-09-15,CFCL,Central Finance Co. Ltd.,602.0,602.0,570.0,,570.0,573.9,-3.8999999999999773,,88136.0,50388682.3,130.0,32.0,5.3156146179401995,-0.6795608991113395,387605.24846153846,571.7151027956794
2026-09-15T05:45:30+00:00,2026-09-15T11:30:30+05:45,2026-09-15,11:30:30,1789451130,1,5,11,nepse_official,OPEN,2026-09-15,CGH,Chandragiri Hills Limited,825.0,825.0,785.0,,785.0,786.0,-1.0,,10127.0,8098659.7,59.0,40.0,4.848484848484849,-0.1272264631043257,137265.4186440678,799.7096573516343
2026-09-15T05:45:30+00:00,2026-09-15T11:30:30+05:45,2026-09-15,11:30:30,1789451130,1,5,11,nepse_official,OPEN,2026-09-15,CHCL,Chilime Hydropower Company Limited,375.0,375.0,358.0,,358.0,358.7,-0.6999999999999886,,25915.0,9481698.1,111.0,17.0,4.533333333333333,-0.19514914970727312,85420.7036036036,365.87683195060777
2026-09-15T05:45:30+00:00,2026-09-15T11:30:30+05:45,2026-09-15,11:30:30,1789451130,1,5,11,nepse_official,OPEN,2026-09-15,CHDC,CEDB Holdings Limited,2367.7,2367.7,2270.0,,2277.3,2255.0,22.300000000000182,,13065.0,30059889.7,105.0,97.69999999999982,4.126367360729815,0.9889135254988993,286284.6638095238,2300.7952315346342
2026-09-15T05:45:30+00:00,2026-09-15T11:30:30+05:45,2026-09-15,11:30:30,1789451130,1,5,11,nepse_official,OPEN,2026-09-15,CHL,Chhyangdi Hydropower Ltd.,273.0,277.0,265.0,,265.0,260.5,4.5,,10541.0,2823988.9,31.0,12.0,4.395604395604396,1.727447216890595,91096.41612903225,267.9052177212788
2026-09-15T05:45:30+00:00,2026-09-15T11:30:30+05:45,2026-09-15,11:30:30,1789451130,1,5,11,nepse_official,OPEN,2026-09-15,CIT,Citizen Investment Trust,1750.0,1800.0,1743.0,,1745.0,1717.1,27.90000000000009,,3391.0,5982268.9,75.0,57.0,3.257142857142857,1.624832566536608,79763.58533333334,1764.1606900619288
2026-09-15T05:45:30+00:00,2026-09-15T11:30:30+05:45,2026-09-15,11:30:30,1789451130,1,5,11,nepse_official,OPEN,2026-09-15,CITY,City Hotel Limited,362.0,362.0,346.0,,349.0,344.9,4.100000000000023,,40807.0,14329332.8,177.0,16.0,4.41988950276243,1.1887503624238978,80956.68248587572,351.1488911216213
2026-09-15T05:45:30+00:00,2026-09-15T11:30:30+05:45,2026-09-15,11:30:30,1789451130,1,5,11,nepse_official,OPEN,2026-09-15,CKHL,Chirkhwa Hydropower Limited ,619.0,619.0,590.0,,590.0,590.0,0.0,,310.0,184807.0,6.0,29.0,4.68497576736672,0.0,30801.166666666668,596.1516129032258
2026-09-15T05:45:30+00:00,2026-09-15T11:30:30+05:45,2026-09-15,11:30:30,1789451130,1,5,11,nepse_official,OPEN,2026-09-15,CLI,Citizen Life Insurance Company Limited,446.0,446.0,431.0,,431.1,425.0,6.100000000000023,,6185.0,2702551.4,62.0,15.0,3.3632286995515694,1.4352941176470642,43589.53870967742,436.95253031527886
2026-09-15T05:45:30+00:00,2026-09-15T11:30:30+05:45,2026-09-15,11:30:30,1789451130,1,5,11,nepse_official,OPEN,2026-09-15,CORBL,Corporate Development Bank Limited,858.0,858.0,825.1,,837.0,817.9,19.100000000000023,,5951.0,4993977.3,92.0,32.89999999999998,3.8344988344988318,2.335248807922732,54282.36195652174,839.1828768274239
2026-09-15T05:45:30+00:00,2026-09-15T11:30:30+05:45,2026-09-15,11:30:30,1789451130,1,5,11,nepse_official,OPEN,2026-09-15,CREST,Crest Micro Life Insurance Limited,1112.0,1112.0,1060.0,,1082.0,1060.2,21.799999999999955,,1598.0,1729222.0,31.0,52.0,4.676258992805756,2.056215808338045,55781.354838709674,1082.116395494368
2026-09-15T05:45:30+00:00,2026-09-15T11:30:30+05:45,2026-09-15,11:30:30,1789451130,1,5,11,nepse_official,OPEN,2026-09-15,CSY,Citizens Santulit Yojana,8.2,8.44,8.2,,8.44,8.45,-0.009999999999999787,,700.0,5786.0,7.0,0.2400000000000002,2.926829268292686,-0.11834319526626967,826.5714285714286,8.265714285714285
2026-09-15T05:45:30+00:00,2026-09-15T11:30:30+05:45,2026-09-15,11:30:30,1789451130,1,5,11,nepse_official,OPEN,2026-09-15,CYCL,CYC Nepal Laghubitta Bittiya Sanstha Limited,1574.0,1574.0,1456.0,,1529.0,1500.0,29.0,,1498.0,2266592.4,46.0,118.0,7.496823379923762,1.9333333333333333,49273.747826086954,1513.079038718291
2026-09-15T05:45:30+00:00,2026-09-15T11:30:30+05:45,2026-09-15,11:30:30,1789451130,1,5,11,nepse_official,OPEN,2026-09-15,CZBIL,Citizens Bank International Limited,212.1,222.0,203.0,,206.0,202.0,4.0,,55703.0,11605478.1,128.0,19.0,8.958038661008958,1.9801980198019802,90667.79765625,208.3456564278405
2026-09-15T05:45:30+00:00,2026-09-15T11:30:30+05:45,2026-09-15,11:30:30,1789451130,1,5,11,nepse_official,OPEN,2026-09-15,DDBL,Deprosc Laghubitta Bittiya Sanstha Limited,885.0,885.0,855.0,,860.0,844.1,15.899999999999977,,5449.0,4709411.5,35.0,30.0,3.389830508474576,1.883663073095602,134554.61428571428,864.2707836300239
2026-09-15T05:45:30+00:00,2026-09-15T11:30:30+05:45,2026-09-15,11:30:30,1789451130,1,5,11,nepse_official,OPEN,2026-09-15,DHEL,Daramkhola Hydro Energy Limited,598.0,598.5,570.0,,573.2,570.0,3.2000000000000455,,6309.0,3664347.0,54.0,28.5,4.765886287625419,0.5614035087719378,67858.27777777778,580.8126485972421
2026-09-15T05:45:30+00:00,2026-09-15T11:30:30+05:45,2026-09-15,11:30:30,1789451130,1,5,11,nepse_official,OPEN,2026-09-15,DHPL,Dibyashwori Hydropower Ltd.,288.0,288.0,278.0,,278.0,275.0,3.0,,2605.0,732585.0,17.0,10.0,3.4722222222222223,1.090909090909091,43093.23529411765,281.2226487523992
2026-09-15T05:45:30+00:00,2026-09-15T11:30:30+05:45,2026-09-15,11:30:30,1789451130,1,5,11,nepse_official,OPEN,2026-09-15,DLBS,Dhaulagiri Laghubitta Bittiya Sanstha Limited,1001.0,1030.0,1001.0,,1023.0,973.4,49.60000000000002,,417.0,418737.0,11.0,29.0,2.897102897102897,5.095541401273888,38067.0,1004.1654676258993
2026-09-15T05:45:30+00:00,2026-09-15T11:30:30+05:45,2026-09-15,11:30:30,1789451130,1,5,11,nepse_official,OPEN,2026-09-15,DOLTI,Dolti Power Company Limited,322.0,328.0,308.0,,308.0,307.0,1.0,,10988.0,3458704.5,70.0,20.0,6.211180124223603,0.32573289902280134,49410.06428571429,314.7710684382963
2026-09-15T05:45:30+00:00,2026-09-15T11:30:30+05:45,2026-09-15,11:30:30,1789451130,1,5,11,nepse_official,OPEN,2026-09-15,DORDI,Dordi Khola Jal Bidyut Company Limited,263.0,270.0,257.0,,257.0,251.0,6.0,,42627.0,11359061.1,71.0,13.0,4.942965779467681,2.3904382470119523,159986.776056338,266.4757336899148
2026-09-15T05:45:30+00:00,2026-09-15T11:30:30+05:45,2026-09-15,11:30:30,1789451130,1,5,11,nepse_official,OPEN,2026-09-15,EBL,Everest Bank Limited,760.2,760.2,730.0,,733.0,724.0,9.0,,19815.0,14766605.4,96.0,30.200000000000045,3.972638779268619,1.2430939226519337,153818.80625,745.2235881907646
2026-09-15T05:45:30+00:00,2026-09-15T11:30:30+05:45,2026-09-15,11:30:30,1789451130,1,5,11,nepse_official,OPEN,2026-09-15,ECL,Everest Colour Limited,1400.0,1450.0,1390.0,,1390.0,1373.0,17.0,,6400.0,9028599.4,95.0,60.0,4.285714285714286,1.2381646030589948,95037.88842105263,1410.71865625
2026-09-15T05:45:30+00:00,2026-09-15T11:30:30+05:45,2026-09-15,11:30:30,1789451130,1,5,11,nepse_official,OPEN,2026-09-15,EDBL,Excel Development Bank Ltd.,600.0,600.0,582.0,,582.0,572.5,9.5,,1173.0,702400.0,9.0,18.0,3.0,1.6593886462882095,78044.44444444444,598.8064791133845
2026-09-15T05:45:30+00:00,2026-09-15T11:30:30+05:45,2026-09-15,11:30:30,1789451130,1,5,11,nepse_official,OPEN,2026-09-15,EHPL,Eastern Hydropower Limited,340.0,355.0,330.0,,334.0,326.0,8.0,,6826.0,2298049.0,64.0,25.0,7.352941176470589,2.4539877300613497,35907.015625,336.66114854966304
2026-09-15T05:45:30+00:00,2026-09-15T11:30:30+05:45,2026-09-15,11:30:30,1789451130,1,5,11,nepse_official,OPEN,2026-09-15,ENL,Emerging Nepal Limited,580.0,606.0,573.6,,575.0,571.0,4.0,,11876.0,6894374.0,74.0,32.39999999999998,5.58620689655172,0.7005253940455342,93167.21621621621,580.5299764230381
2026-09-15T05:45:30+00:00,2026-09-15T11:30:30+05:45,2026-09-15,11:30:30,1789451130,1,5,11,nepse_official,OPEN,2026-09-15,FMDBL,First Micro Finance Laghubitta Bittiya Sanstha Limited,780.0,780.0,741.0,,767.0,744.0,23.0,,2708.0,2047232.0,28.0,39.0,5.0,3.0913978494623655,73115.42857142857,755.9940915805022
2026-09-15T05:45:30+00:00,2026-09-15T11:30:30+05:45,2026-09-15,11:30:30,1789451130,1,5,11,nepse_official,OPEN,2026-09-15,FOWAD,Forward Microfinance Laghubitta Bittiya Sanstha Limited,933.0,933.0,895.0,,900.0,889.0,11.0,,1521.0,1383752.0,24.0,38.0,4.072883172561629,1.2373453318335208,57656.333333333336,909.7646285338593
2026-09-15T05:45:30+00:00,2026-09-15T11:30:30+05:45,2026-09-15,11:30:30,1789451130,1,5,11,nepse_official,OPEN,2026-09-15,GBBL,Garima Bikas Bank Limited,460.0,460.0,449.0,,451.0,446.0,5.0,,94500.0,42797773.4,195.0,11.0,2.391304347826087,1.1210762331838564,219475.76102564103,452.88649100529096
2026-09-15T05:45:30+00:00,2026-09-15T11:30:30+05:45,2026-09-15,11:30:30,1789451130,1,5,11,nepse_official,OPEN,2026-09-15,GBIME,Global IME Bank Limited,260.0,263.7,255.0,,258.0,253.0,5.0,,104775.0,27005582.8,259.0,8.699999999999989,3.346153846153842,1.9762845849802373,104268.65945945946,257.74834454784065
2026-09-15T05:45:30+00:00,2026-09-15T11:30:30+05:45,2026-09-15,11:30:30,1789451130,1,5,11,nepse_official,OPEN,2026-09-15,GBIMESY2,Global IME Sammunat Yojana -2,8.75,8.75,8.7,,8.75,8.75,0.0,,400.0,3495.0,4.0,0.05000000000000071,0.5714285714285796,0.0,873.75,8.7375
2026-09-15T05:45:30+00:00,2026-09-15T11:30:30+05:45,2026-09-15,11:30:30,1789451130,1,5,11,nepse_official,OPEN,2026-09-15,GBLBS,Grameen Bikas Laghubitta Bittiya Sanstha Ltd.,673.0,673.0,651.0,,651.0,641.9,9.100000000000023,,252.0,166626.0,12.0,22.0,3.268945022288262,1.4176663031624899,13885.5,661.2142857142857
2026-09-15T05:45:30+00:00,2026-09-15T11:30:30+05:45,2026-09-15,11:30:30,1789451130,1,5,11,nepse_official,OPEN,2026-09-15,GCIL,Ghorahi Cement Industry Limited,376.0,387.0,376.0,,381.0,374.9,6.100000000000023,,23408.0,8942282.5,99.0,11.0,2.925531914893617,1.6271005601493793,90326.08585858585,382.01822026657555
2026-09-15T05:45:30+00:00,2026-09-15T11:30:30+05:45,2026-09-15,11:30:30,1789451130,1,5,11,nepse_official,OPEN,2026-09-15,GFCL,Goodwill Finance Limited,598.0,598.0,581.0,,581.0,569.6,11.399999999999977,,3285.0,1920534.0,13.0,17.0,2.842809364548495,2.0014044943820184,147733.38461538462,584.6374429223745
2026-09-15T05:45:30+00:00,2026-09-15T11:30:30+05:45,2026-09-15,11:30:30,1789451130,1,5,11,nepse_official,OPEN,2026-09-15,GHL,Ghalemdi Hydro Limited,257.0,257.0,245.0,,246.7,244.9,1.799999999999983,,71844.0,18012342.7,179.0,12.0,4.669260700389105,0.7349938750510343,100627.612849162,250.7146414453538
2026-09-15T05:45:30+00:00,2026-09-15T11:30:30+05:45,2026-09-15,11:30:30,1789451130,1,5,11,nepse_official,OPEN,2026-09-15,GIBF1,Global IME Balanced Fund-1,11.25,11.25,11.25,,11.25,11.59,-0.33999999999999986,,5180.0,58275.0,1.0,0.0,0.0,-2.9335634167385662,58275.0,11.25
2026-09-15T05:45:30+00:00,2026-09-15T11:30:30+05:45,2026-09-15,11:30:30,1789451130,1,5,11,nepse_official,OPEN,2026-09-15,GILB,Global IME Laghubitta Bittiya Sanstha Ltd.,1173.0,1173.0,1159.0,,1159.0,1118.0,41.0,,96.0,112120.2,6.0,14.0,1.1935208866155158,3.667262969588551,18686.7,1167.91875
2026-09-15T05:45:30+00:00,2026-09-15T11:30:30+05:45,2026-09-15,11:30:30,1789451130,1,5,11,nepse_official,OPEN,2026-09-15,GLBSL,Gurans Laghubitta Bittiya Sanstha Limited,1689.0,1739.0,1689.0,,1734.0,1640.0,94.0,,200.0,346300.0,6.0,50.0,2.960331557134399,5.731707317073171,57716.666666666664,1731.5
2026-09-15T05:45:30+00:00,2026-09-15T11:30:30+05:45,2026-09-15,11:30:30,1789451130,1,5,11,nepse_official,OPEN,2026-09-15,GLH,GreenLife Hydropower Limited,270.0,270.0,260.0,,261.1,257.2,3.900000000000034,,42712.0,11311869.9,121.0,10.0,3.7037037037037033,1.5163297045101223,93486.52809917356,264.84055768870576
2026-09-15T05:45:30+00:00,2026-09-15T11:30:30+05:45,2026-09-15,11:30:30,1789451130,1,5,11,nepse_official,OPEN,2026-09-15,GMFBS,Ganapati Laghubitta Bittiya Sanstha Limited,1170.0,1170.0,1150.0,,1150.0,1119.0,31.0,,70.0,81600.0,7.0,20.0,1.7094017094017095,2.7703306523681857,11657.142857142857,1165.7142857142858
2026-09-15T05:45:30+00:00,2026-09-15T11:30:30+05:45,2026-09-15,11:30:30,1789451130,1,5,11,nepse_official,OPEN,2026-09-15,GMFIL,Guheshowori Merchant Bank & Finance Co. Ltd.,442.0,442.0,423.1,,427.1,421.0,6.100000000000023,,3476.0,1494627.0,21.0,18.899999999999977,4.276018099547506,1.448931116389554,71172.71428571429,429.98475258918296
2026-09-15T05:45:30+00:00,2026-09-15T11:30:30+05:45,2026-09-15,11:30:30,1789451130,1,5,11,nepse_official,OPEN,2026-09-15,GMLI,Guardian Micro Life Insurance Limited ,1033.8,1040.0,1015.0,,1020.0,1003.7,16.299999999999955,,643.0,658678.0,17.0,25.0,2.4182627200619073,1.6239912324399677,38745.76470588235,1024.3825816485225
2026-09-15T05:45:30+00:00,2026-09-15T11:30:30+05:45,2026-09-15,11:30:30,1789451130,1,5,11,nepse_official,OPEN,2026-09-15,GRDBL,Green Development Bank Ltd.,986.0,986.0,911.0,,943.2,940.0,3.2000000000000455,,832.0,793278.2,17.0,75.0,7.606490872210954,0.3404255319148985,46663.42352941176,953.4593749999999
2026-09-15T05:45:30+00:00,2026-09-15T11:30:30+05:45,2026-09-15,11:30:30,1789451130,1,5,11,nepse_official,OPEN,2026-09-15,GSY,Garima Samriddhi Yojana,9.27,9.28,9.27,,9.28,9.01,0.2699999999999996,,2000.0,18558.0,4.0,0.009999999999999787,0.10787486515641627,2.996670366259707,4639.5,9.279
2026-09-15T05:45:30+00:00,2026-09-15T11:30:30+05:45,2026-09-15,11:30:30,1789451130,1,5,11,nepse_official,OPEN,2026-09-15,GUFL,Gurkhas Finance Ltd.,518.6,549.9,515.0,,517.0,503.5,13.5,,2591.0,1361979.5,26.0,34.89999999999998,6.729656768222132,2.6812313803376364,52383.82692307692,525.6578541103821
2026-09-15T05:45:30+00:00,2026-09-15T11:30:30+05:45,2026-09-15,11:30:30,1789451130,1,5,11,nepse_official,OPEN,2026-09-15,GVL,Green Ventures Limited,494.0,504.0,494.0,,498.0,494.0,4.0,,12185.0,6090767.9,69.0,10.0,2.0242914979757085,0.8097165991902834,88271.99855072465,499.85784981534675
2026-09-15T05:45:30+00:00,2026-09-15T11:30:30+05:45,2026-09-15,11:30:30,1789451130,1,5,11,nepse_official,OPEN,2026-09-15,H8020,Himalayan 80-20,12.35,12.35,12.32,,12.32,12.48,-0.16000000000000014,,18500.0,228430.0,4.0,0.02999999999999936,0.24291497975707987,-1.2820512820512833,57107.5,12.347567567567568
2026-09-15T05:45:30+00:00,2026-09-15T11:30:30+05:45,2026-09-15,11:30:30,1789451130,1,5,11,nepse_official,OPEN,2026-09-15,HATHY,Hathway Investment Nepal Limited,624.0,624.0,596.0,,605.0,595.0,10.0,,9520.0,5845363.0,97.0,28.0,4.487179487179487,1.680672268907563,60261.47422680412,614.008718487395
2026-09-15T05:45:30+00:00,2026-09-15T11:30:30+05:45,2026-09-15,11:30:30,1789451130,1,5,11,nepse_official,OPEN,2026-09-15,HBL,Himalayan Bank Limited,195.0,205.0,193.1,,193.3,190.0,3.3000000000000114,,57552.0,11336113.2,190.0,11.900000000000006,6.102564102564106,1.7368421052631637,59663.753684210526,196.97166388657212
2026-09-15T05:45:30+00:00,2026-09-15T11:30:30+05:45,2026-09-15,11:30:30,1789451130,1,5,11,nepse_official,OPEN,2026-09-15,HDHPC,Himal Dolakha Hydropower Company Limited,222.0,225.0,214.0,,216.0,211.5,4.5,,114901.0,25121638.8,261.0,11.0,4.954954954954955,2.127659574468085,96251.48965517242,218.63725119885817
2026-09-15T05:45:30+00:00,2026-09-15T11:30:30+05:45,2026-09-15,11:30:30,1789451130,1,5,11,nepse_official,OPEN,2026-09-15,HDL,Himalayan Distillery Limited,1251.0,1251.0,1205.9,,1219.0,1201.0,18.0,,26745.0,32775952.3,248.0,45.09999999999991,3.6051159072741736,1.4987510407993339,132161.09798387098,1225.4983099644794
2026-09-15T05:45:30+00:00,2026-09-15T11:30:30+05:45,2026-09-15,11:30:30,1789451130,1,5,11,nepse_official,OPEN,2026-09-15,HEI,Himalayan Everest Insurance Limited,495.0,495.0,481.0,,485.0,471.9,13.100000000000023,,4870.0,2381506.6,24.0,14.0,2.8282828282828283,2.776011866920963,99229.44166666667,489.01572895277206
2026-09-15T05:45:30+00:00,2026-09-15T11:30:30+05:45,2026-09-15,11:30:30,1789451130,1,5,11,nepse_official,OPEN,2026-09-15,HFIN,Hotel Forest Inn Limited,640.0,670.0,640.0,,641.0,631.0,10.0,,14311.0,9309738.7,134.0,30.0,4.6875,1.5847860538827259,69475.66194029851,650.5302704213542
2026-09-15T05:45:30+00:00,2026-09-15T11:30:30+05:45,2026-09-15,11:30:30,1789451130,1,5,11,nepse_official,OPEN,2026-09-15,HHL,Himalayan Hydropower Limited,352.0,352.0,338.0,,339.5,336.0,3.5,,16385.0,5591198.0,50.0,14.0,3.977272727272727,1.0416666666666665,111823.96,341.23881599023497
2026-09-15T05:45:30+00:00,2026-09-15T11:30:30+05:45,2026-09-15,11:30:30,1789451130,1,5,11,nepse_official,OPEN,2026-09-15,HIDCL,Hydorelectricity Investment and Development Company Ltd,258.8,263.0,248.1,,252.1,246.5,5.599999999999994,,91258.0,23298775.1,192.0,14.900000000000006,5.757341576506957,2.271805273833669,121347.78697916667,255.3066591422122
2026-09-15T05:45:30+00:00,2026-09-15T11:30:30+05:45,2026-09-15,11:30:30,1789451130,1,5,11,nepse_official,OPEN,2026-09-15,HIDCLP,Hydorelectricity Investment and Development Company Limited Promoter,195.0,197.0,190.2,,193.1,188.3,4.799999999999983,,137381.0,26681012.7,196.0,6.800000000000011,3.4871794871794934,2.549123738714808,136127.61581632652,194.21181022120962
2026-09-15T05:45:30+00:00,2026-09-15T11:30:30+05:45,2026-09-15,11:30:30,1789451130,1,5,11,nepse_official,OPEN,2026-09-15,HIMSTAR,Him Star Urja Company Limited,687.0,700.0,665.0,,665.0,655.1,9.899999999999977,,1310.0,906450.0,15.0,35.0,5.094614264919942,1.511219661120436,60430.0,691.9465648854962
2026-09-15T05:45:30+00:00,2026-09-15T11:30:30+05:45,2026-09-15,11:30:30,1789451130,1,5,11,nepse_official,OPEN,2026-09-15,HLBSL,Himalayan Laghubitta Bittiya Sanstha Limited,914.0,914.0,865.0,,865.0,871.0,-6.0,,320.0,280610.0,5.0,49.0,5.361050328227571,-0.6888633754305395,56122.0,876.90625
2026-09-15T05:45:30+00:00,2026-09-15T11:30:30+05:45,2026-09-15,11:30:30,1789451130,1,5,11,nepse_official,OPEN,2026-09-15,HLI,Himalayan Life Insurance Limited,319.0,323.0,307.0,,313.0,304.0,9.0,,24758.0,7780848.1,147.0,16.0,5.015673981191222,2.9605263157894735,52930.93945578231,314.27611681072784
2026-09-15T05:45:30+00:00,2026-09-15T11:30:30+05:45,2026-09-15,11:30:30,1789451130,1,5,11,nepse_official,OPEN,2026-09-15,HLICF,HLI Large Cap Fund,8.23,8.23,8.23,,8.23,8.24,-0.009999999999999787,,5510.0,45347.3,1.0,0.0,0.0,-0.12135922330096828,45347.3,8.23
2026-09-15T05:45:30+00:00,2026-09-15T11:30:30+05:45,2026-09-15,11:30:30,1789451130,1,5,11,nepse_official,OPEN,2026-09-15,HPPL,Himalayan Power Partner Ltd.,398.0,398.4,383.1,,387.0,379.5,7.5,,29283.0,11410563.0,117.0,15.299999999999955,3.8442211055276267,1.9762845849802373,97526.17948717948,389.66509578936586
2026-09-15T05:45:30+00:00,2026-09-15T11:30:30+05:45,2026-09-15,11:30:30,1789451130,1,5,11,nepse_official,OPEN,2026-09-15,HRL,Himalayan Reinsurance Limited,542.0,542.0,525.0,,528.0,516.9,11.100000000000023,,45171.0,24025141.0,287.0,17.0,3.136531365313653,2.147417295414978,83711.29268292683,531.8709127537579
2026-09-15T05:45:30+00:00,2026-09-15T11:30:30+05:45,2026-09-15,11:30:30,1789451130,1,5,11,nepse_official,OPEN,2026-09-15,HURJA,Himalaya Urja Bikas Company Limited,264.0,265.0,255.0,,255.1,252.0,3.0999999999999943,,93333.0,24306123.9,197.0,10.0,3.787878787878788,1.2301587301587278,123381.33959390862,260.423686156022
2026-09-15T05:45:30+00:00,2026-09-15T11:30:30+05:45,2026-09-15,11:30:30,1789451130,1,5,11,nepse_official,OPEN,2026-09-15,ICFC,ICFC Finance Limited,598.0,616.0,598.0,,602.5,586.6,15.899999999999977,,5585.0,3371112.5,39.0,18.0,3.0100334448160537,2.7105352881009166,86438.78205128205,603.601163831692
2026-09-15T05:45:30+00:00,2026-09-15T11:30:30+05:45,2026-09-15,11:30:30,1789451130,1,5,11,nepse_official,OPEN,2026-09-15,IGI,IGI Prudential insurance Limited,406.8,419.0,400.3,,408.0,395.0,13.0,,6470.0,2629860.0,21.0,18.69999999999999,4.5968534906587974,3.2911392405063293,125231.42857142857,406.46986089644514
2026-09-15T05:45:30+00:00,2026-09-15T11:30:30+05:45,2026-09-15,11:30:30,1789451130,1,5,11,nepse_official,OPEN,2026-09-15,IHL,Ingwa Hydropower Limited,318.0,325.0,315.0,,316.0,310.0,6.0,,6970.0,2205622.0,29.0,10.0,3.1446540880503147,1.935483870967742,76055.93103448275,316.445050215208
2026-09-15T05:45:30+00:00,2026-09-15T11:30:30+05:45,2026-09-15,11:30:30,1789451130,1,5,11,nepse_official,OPEN,2026-09-15,ILBS,Infinity Laghubitta Bittiya Sanstha Limited,880.1,960.0,880.1,,923.1,925.9,-2.7999999999999545,,2870.0,2703723.7,42.0,79.89999999999998,9.0785138052494,-0.30240846743708333,64374.373809523815,942.0640069686411
2026-09-15T05:45:30+00:00,2026-09-15T11:30:30+05:45,2026-09-15,11:30:30,1789451130,1,5,11,nepse_official,OPEN,2026-09-15,ILI,IME Life Insurance Company Limited,438.9,439.0,421.1,,421.1,418.0,3.1000000000000227,,9227.0,3957578.0,55.0,17.899999999999977,4.078377762588284,0.7416267942583786,71955.96363636364,428.9127560420505
2026-09-15T05:45:30+00:00,2026-09-15T11:30:30+05:45,2026-09-15,11:30:30,1789451130,1,5,11,nepse_official,OPEN,2026-09-15,JBBL,Jyoti Bikas Bank Limited,357.0,357.0,345.1,,345.1,340.0,5.100000000000023,,46000.0,16085029.7,86.0,11.899999999999977,3.333333333333327,1.5000000000000067,187035.22906976743,349.67455869565214
2026-09-15T05:45:30+00:00,2026-09-15T11:30:30+05:45,2026-09-15,11:30:30,1789451130,1,5,11,nepse_official,OPEN,2026-09-15,JBLB,Jeevan Bikas Laghubitta  Bittya Sanstha Ltd,1329.0,1329.0,1270.0,,1272.0,1267.0,5.0,,2167.0,2785190.6,40.0,59.0,4.439428141459744,0.3946329913180742,69629.765,1285.2748500230734
2026-09-15T05:45:30+00:00,2026-09-15T11:30:30+05:45,2026-09-15,11:30:30,1789451130,1,5,11,nepse_official,OPEN,2026-09-15,JFL,Janaki Finance Company Limited,286.0,286.0,273.0,,273.2,273.0,0.19999999999998863,,10794.0,3001430.0,64.0,13.0,4.545454545454546,0.0732600732600691,46897.34375,278.0646655549379
2026-09-15T05:45:30+00:00,2026-09-15T11:30:30+05:45,2026-09-15,11:30:30,1789451130,1,5,11,nepse_official,OPEN,2026-09-15,JHAPA,Jhapa Energy Limited,1110.0,1110.0,1074.0,,1098.0,1058.0,40.0,,4446.0,4856182.0,43.0,36.0,3.2432432432432434,3.780718336483932,112934.46511627907,1092.258659469186
2026-09-15T05:45:30+00:00,2026-09-15T11:30:30+05:45,2026-09-15,11:30:30,1789451130,1,5,11,nepse_official,OPEN,2026-09-15,JOSHI,Joshi Hydropower Development Company Ltd,263.7,272.0,263.0,,266.0,256.1,9.899999999999977,,6180.0,1652114.8,56.0,9.0,3.4129692832764507,3.865677469738374,29502.05,267.3324919093851
2026-09-15T05:45:30+00:00,2026-09-15T11:30:30+05:45,2026-09-15,11:30:30,1789451130,1,5,11,nepse_official,OPEN,2026-09-15,JSLBB,Janautthan Samudayic Laghubitta Bittya Sanstha Limited,1020.0,1020.0,985.0,,985.0,972.0,13.0,,180.0,179488.0,6.0,35.0,3.431372549019608,1.337448559670782,29914.666666666668,997.1555555555556
2026-09-15T05:45:30+00:00,2026-09-15T11:30:30+05:45,2026-09-15,11:30:30,1789451130,1,5,11,nepse_official,OPEN,2026-09-15,KAHL,Kalanga Hydro Limited,510.0,520.0,502.0,,503.0,499.7,3.3000000000000114,,15698.0,7987158.0,180.0,18.0,3.5294117647058822,0.6603962377426479,44373.1,508.8009937571665
2026-09-15T05:45:30+00:00,2026-09-15T11:30:30+05:45,2026-09-15,11:30:30,1789451130,1,5,11,nepse_official,OPEN,2026-09-15,KBL,Kumari Bank Limited,222.0,227.1,218.6,,220.0,216.9,3.0999999999999943,,172654.0,38393331.4,400.0,8.5,3.8288288288288284,1.4292300599354515,95983.3285,222.37151412651892
2026-09-15T05:45:30+00:00,2026-09-15T11:30:30+05:45,2026-09-15,11:30:30,1789451130,1,5,11,nepse_official,OPEN,2026-09-15,KBSH,Kutheli Bukhari Small Hydropower Limited,877.0,911.0,850.7,,850.7,836.0,14.700000000000045,,4630.0,4035075.0,53.0,60.299999999999955,6.875712656784487,1.7583732057416324,76133.49056603774,871.5064794816415
2026-09-15T05:45:30+00:00,2026-09-15T11:30:30+05:45,2026-09-15,11:30:30,1789451130,1,5,11,nepse_official,OPEN,2026-09-15,KDBY,Kumari Dhanabriddhi Yojana,10.55,10.55,9.93,,9.93,10.05,-0.120000000000001,,10200.0,104148.0,3.0,0.620000000000001,5.876777251184843,-1.1940298507462785,34716.0,10.210588235294118
2026-09-15T05:45:30+00:00,2026-09-15T11:30:30+05:45,2026-09-15,11:30:30,1789451130,1,5,11,nepse_official,OPEN,2026-09-15,KDL,Kalinchowk Darshan Limited,645.0,646.0,620.0,,626.0,616.0,10.0,,14858.0,9347637.2,100.0,26.0,4.0310077519379846,1.6233766233766231,93476.37199999999,629.1315924081302
2026-09-15T05:45:30+00:00,2026-09-15T11:30:30+05:45,2026-09-15,11:30:30,1789451130,1,5,11,nepse_official,OPEN,2026-09-15,KHPL,Kalinchock Hydropower Limited,792.0,792.0,756.7,,759.0,755.0,4.0,,7750.0,5918554.5,60.0,35.299999999999955,4.457070707070701,0.5298013245033113,98642.575,763.6844516129032
2026-09-15T05:45:30+00:00,2026-09-15T11:30:30+05:45,2026-09-15,11:30:30,1789451130,1,5,11,nepse_official,OPEN,2026-09-15,KKHC,Khanikhola Hydropower Co. Ltd.,275.0,284.0,275.0,,277.9,272.0,5.899999999999977,,40067.0,11140462.5,117.0,9.0,3.272727272727273,2.169117647058815,95217.6282051282,278.0458357251604
2026-09-15T05:45:30+00:00,2026-09-15T11:30:30+05:45,2026-09-15,11:30:30,1789451130,1,5,11,nepse_official,OPEN,2026-09-15,KMCDB,Kalika Laghubitta Bittiya Sanstha Ltd,850.0,850.0,812.2,,815.0,810.0,5.0,,3264.0,2705852.0,18.0,37.799999999999955,4.447058823529407,0.6172839506172839,150325.11111111112,828.9987745098039
2026-09-15T05:45:30+00:00,2026-09-15T11:30:30+05:45,2026-09-15,11:30:30,1789451130,1,5,11,nepse_official,OPEN,2026-09-15,KPCL,Kalika power Company Ltd,488.0,488.0,471.0,,472.0,465.0,7.0,,4135.0,1963287.5,20.0,17.0,3.483606557377049,1.5053763440860215,98164.375,474.7974607013301
2026-09-15T05:45:30+00:00,2026-09-15T11:30:30+05:45,2026-09-15,11:30:30,1789451130,1,5,11,nepse_official,OPEN,2026-09-15,KSBBL,Kamana Sewa Bikas Bank Limited,455.0,462.0,450.0,,458.0,449.0,9.0,,17576.0,7995374.2,61.0,12.0,2.6373626373626373,2.0044543429844097,131071.70819672132,454.90294720072825
2026-09-15T05:45:30+00:00,2026-09-15T11:30:30+05:45,2026-09-15,11:30:30,1789451130,1,5,11,nepse_official,OPEN,2026-09-15,LBBL,Lumbini Bikas Bank Ltd.,508.0,508.0,484.0,,486.0,484.0,2.0,,11329.0,5546794.0,45.0,24.0,4.724409448818897,0.4132231404958678,123262.08888888889,489.61020390149173
2026-09-15T05:45:30+00:00,2026-09-15T11:30:30+05:45,2026-09-15,11:30:30,1789451130,1,5,11,nepse_official,OPEN,2026-09-15,LEC,Liberty Energy Company Limited,262.5,270.0,252.3,,256.1,250.0,6.100000000000023,,257727.0,66714993.8,349.0,17.69999999999999,6.7428571428571376,2.4400000000000093,191160.44068767907,258.859156394169
2026-09-15T05:45:30+00:00,2026-09-15T11:30:30+05:45,2026-09-15,11:30:30,1789451130,1,5,11,nepse_official,OPEN,2026-09-15,LICN,Life Insurance Corporation (Nepal) Limited,801.0,801.0,775.1,,776.0,764.0,12.0,,12242.0,9560047.7,48.0,25.899999999999977,3.2334581772783992,1.5706806282722512,199167.66041666665,780.9220470511353
2026-09-15T05:45:30+00:00,2026-09-15T11:30:30+05:45,2026-09-15,11:30:30,1789451130,1,5,11,nepse_official,OPEN,2026-09-15,LLBS,Laxmi Laghubitta Bittiya Sanstha Ltd.,906.1,906.1,899.0,,900.0,863.0,37.0,,190.0,171251.0,5.0,7.100000000000023,0.783577971526324,4.287369640787949,34250.2,901.3210526315789
2026-09-15T05:45:30+00:00,2026-09-15T11:30:30+05:45,2026-09-15,11:30:30,1789451130,1,5,11,nepse_official,OPEN,2026-09-15,LSH12,LS Horizon 12,8.7,9.09,8.7,,9.02,8.83,0.1899999999999995,,500.0,4464.0,5.0,0.39000000000000057,4.482758620689662,2.151755379388443,892.8,8.928
2026-09-15T05:45:30+00:00,2026-09-15T11:30:30+05:45,2026-09-15,11:30:30,1789451130,1,5,11,nepse_official,OPEN,2026-09-15,LSL,Laxmi Sunrise Bank Limited,240.8,240.8,231.0,,234.0,229.4,4.599999999999994,,168868.0,39619954.2,169.0,9.800000000000011,4.06976744186047,2.005231037489099,234437.59881656806,234.62085297392048
2026-09-15T05:45:30+00:00,2026-09-15T11:30:30+05:45,2026-09-15,11:30:30,1789451130,1,5,11,nepse_official,OPEN,2026-09-15,LUK,Laxmi Unnati Kosh,9.28,9.28,9.28,,9.28,9.28,0.0,,1600.0,14848.0,1.0,0.0,0.0,0.0,14848.0,9.28
2026-09-15T05:45:30+00:00,2026-09-15T11:30:30+05:45,2026-09-15,11:30:30,1789451130,1,5,11,nepse_official,OPEN,2026-09-15,LVF2,Laxmi Value Fund 2,8.83,8.9,8.83,,8.9,9.1,-0.1999999999999993,,200.0,1773.0,2.0,0.07000000000000028,0.792751981879958,-2.19780219780219,886.5,8.865
2026-09-15T05:45:30+00:00,2026-09-15T11:30:30+05:45,2026-09-15,11:30:30,1789451130,1,5,11,nepse_official,OPEN,2026-09-15,MABEL,Mabilung Energy Limited,640.0,640.0,610.0,,620.0,610.0,10.0,,4689.0,2888885.0,33.0,30.0,4.6875,1.639344262295082,87541.9696969697,616.0983152058008
2026-09-15T05:45:30+00:00,2026-09-15T11:30:30+05:45,2026-09-15,11:30:30,1789451130,1,5,11,nepse_official,OPEN,2026-09-15,MAKAR,Makar Jitumaya Suri Hydropower Limited,430.0,430.0,410.2,,411.0,410.0,1.0,,46262.0,19124831.3,131.0,19.80000000000001,4.6046511627907005,0.24390243902439024,145991.0786259542,413.4026047295837
2026-09-15T05:45:30+00:00,2026-09-15T11:30:30+05:45,2026-09-15,11:30:30,1789451130,1,5,11,nepse_official,OPEN,2026-09-15,MANDU,Mandu Hydropower Limited,734.0,734.0,690.0,,700.1,699.8,0.3000000000000682,,1730.0,1223991.0,18.0,44.0,5.994550408719346,0.04286939125465393,67999.5,707.5092485549133
2026-09-15T05:45:30+00:00,2026-09-15T11:30:30+05:45,2026-09-15,11:30:30,1789451130,1,5,11,nepse_official,OPEN,2026-09-15,MATRI,Matribhumi Lagubitta Bittiya Sanstha Limited,750.0,761.0,750.0,,760.0,745.0,15.0,,782.0,592079.9,9.0,11.0,1.4666666666666666,2.013422818791946,65786.65555555555,757.135421994885
2026-09-15T05:45:30+00:00,2026-09-15T11:30:30+05:45,2026-09-15,11:30:30,1789451130,1,5,11,nepse_official,OPEN,2026-09-15,MBJC,Madhya Bhotekoshi Jalavidyut Company Limited,300.0,300.0,287.0,,288.0,285.9,2.1000000000000227,,16280.0,4761887.0,61.0,13.0,4.333333333333334,0.7345225603357898,78063.72131147541,292.49920147420147
2026-09-15T05:45:30+00:00,2026-09-15T11:30:30+05:45,2026-09-15,11:30:30,1789451130,1,5,11,nepse_official,OPEN,2026-09-15,MBL,Machhapuchhre Bank Limited,263.0,263.0,250.0,,252.5,250.7,1.8000000000000114,,49376.0,12517368.0,93.0,13.0,4.942965779467681,0.7179896290386962,134595.35483870967,253.51117952041477
2026-09-15T05:45:30+00:00,2026-09-15T11:30:30+05:45,2026-09-15,11:30:30,1789451130,1,5,11,nepse_official,OPEN,2026-09-15,MCHL,Menchhiyam Hydropower Limited,270.0,280.0,270.0,,270.0,264.0,6.0,,2140.0,580542.0,19.0,10.0,3.7037037037037033,2.272727272727273,30554.842105263157,271.281308411215
2026-09-15T05:45:30+00:00,2026-09-15T11:30:30+05:45,2026-09-15,11:30:30,1789451130,1,5,11,nepse_official,OPEN,2026-09-15,MDB,Miteri Development Bank Limited,575.0,592.0,566.0,,572.5,565.0,7.5,,6707.0,3848194.6,35.0,26.0,4.521739130434783,1.3274336283185841,109948.41714285714,573.757954376025
2026-09-15T05:45:30+00:00,2026-09-15T11:30:30+05:45,2026-09-15,11:30:30,1789451130,1,5,11,nepse_official,OPEN,2026-09-15,MEHL,Manakamana Engineering Hydropower Limited,255.0,267.0,245.1,,250.1,243.0,7.099999999999994,,52836.0,13442441.8,183.0,21.900000000000006,8.588235294117649,2.921810699588475,73455.96612021858,254.4182337799985
2026-09-15T05:45:30+00:00,2026-09-15T11:30:30+05:45,2026-09-15,11:30:30,1789451130,1,5,11,nepse_official,OPEN,2026-09-15,MEL,Modi Energy Limited,226.0,230.0,217.0,,221.1,216.0,5.099999999999994,,11194.0,2499405.5,64.0,13.0,5.752212389380531,2.3611111111111085,39053.2109375,223.2808200821869
2026-09-15T05:45:30+00:00,2026-09-15T11:30:30+05:45,2026-09-15,11:30:30,1789451130,1,5,11,nepse_official,OPEN,2026-09-15,MEN,Mountain Energy Nepal Limited,665.0,665.0,648.0,,649.0,646.9,2.1000000000000227,,47327.0,31011954.8,166.0,17.0,2.556390977443609,0.32462513526047654,186819.00481927712,655.2698206097999
2026-09-15T05:45:30+00:00,2026-09-15T11:30:30+05:45,2026-09-15,11:30:30,1789451130,1,5,11,nepse_official,OPEN,2026-09-15,MEPDL,Mount Everest Power Development Limited,675.0,675.0,648.0,,654.5,643.5,11.0,,9017.0,5933779.1,182.0,27.0,4.0,1.7094017094017095,32603.181868131865,658.0657757569036
2026-09-15T05:45:30+00:00,2026-09-15T11:30:30+05:45,2026-09-15,11:30:30,1789451130,1,5,11,nepse_official,OPEN,2026-09-15,MERO,Mero Microfinance Bittiya Sanstha Ltd.,643.0,643.0,615.0,,615.0,613.0,2.0,,87.0,55320.0,4.0,28.0,4.354587869362364,0.3262642740619902,13830.0,635.8620689655172
2026-09-15T05:45:30+00:00,2026-09-15T11:30:30+05:45,2026-09-15,11:30:30,1789451130,1,5,11,nepse_official,OPEN,2026-09-15,MFIL,Manjushree Finance Ltd.,792.0,792.0,740.0,,760.0,755.0,5.0,,7515.0,5745452.1,74.0,52.0,6.565656565656567,0.6622516556291391,77641.2445945946,764.5312175648702
2026-09-15T05:45:30+00:00,2026-09-15T11:30:30+05:45,2026-09-15,11:30:30,1789451130,1,5,11,nepse_official,OPEN,2026-09-15,MHCL,Molung Hydropower Company Limited,299.0,299.0,290.0,,290.1,285.0,5.100000000000023,,1575.0,460199.5,16.0,9.0,3.0100334448160537,1.789473684210534,28762.46875,292.1901587301587
2026-09-15T05:45:30+00:00,2026-09-15T11:30:30+05:45,2026-09-15,11:30:30,1789451130,1,5,11,nepse_official,OPEN,2026-09-15,MHL,Mandakini Hydropower Limited,484.0,484.0,457.2,,463.0,461.0,2.0,,4593.0,2179828.5,33.0,26.80000000000001,5.5371900826446305,0.43383947939262474,66055.40909090909,474.5979751796212
2026-09-15T05:45:30+00:00,2026-09-15T11:30:30+05:45,2026-09-15,11:30:30,1789451130,1,5,11,nepse_official,OPEN,2026-09-15,MHNL,Mountain Hydro Nepal Limited,260.0,272.0,256.0,,261.0,257.0,4.0,,13492.0,3550206.9,53.0,16.0,6.153846153846154,1.556420233463035,66985.0358490566,263.13422027868364
2026-09-15T05:45:30+00:00,2026-09-15T11:30:30+05:45,2026-09-15,11:30:30,1789451130,1,5,11,nepse_official,OPEN,2026-09-15,MKCL,Muktinath Krishi Company Limited,909.0,930.0,909.0,,920.0,890.0,30.0,,553.0,509400.0,11.0,21.0,2.31023102310231,3.3707865168539324,46309.09090909091,921.1573236889693
2026-09-15T05:45:30+00:00,2026-09-15T11:30:30+05:45,2026-09-15,11:30:30,1789451130,1,5,11,nepse_official,OPEN,2026-09-15,MKHC,Maya Khola Hydropower Company Limited,272.0,278.0,262.0,,265.0,259.5,5.5,,10363.0,2758975.0,49.0,16.0,5.88235294117647,2.119460500963391,56305.61224489796,266.2332336196082
2026-09-15T05:45:30+00:00,2026-09-15T11:30:30+05:45,2026-09-15,11:30:30,1789451130,1,5,11,nepse_official,OPEN,2026-09-15,MKHL,Mai Khola Hydropower Limited,530.0,530.0,505.4,,510.0,505.0,5.0,,591.0,307459.4,9.0,24.600000000000023,4.641509433962268,0.9900990099009901,34162.15555555556,520.2358714043994
2026-09-15T05:45:30+00:00,2026-09-15T11:30:30+05:45,2026-09-15,11:30:30,1789451130,1,5,11,nepse_official,OPEN,2026-09-15,MKJC,Mailung Khola Jal Vidhyut Company Limited,301.0,301.0,290.1,,292.0,286.7,5.300000000000011,,5279.0,1543299.9,35.0,10.899999999999977,3.621262458471753,1.848622253226373,44094.282857142854,292.347016480394
2026-09-15T05:45:30+00:00,2026-09-15T11:30:30+05:45,2026-09-15,11:30:30,1789451130,1,5,11,nepse_official,OPEN,2026-09-15,MLBBL,Mithila LaghuBitta Bittiya Sanstha Limited,999.0,999.0,950.0,,965.0,955.0,10.0,,887.0,853745.0,10.0,49.0,4.904904904904905,1.0471204188481675,85374.5,962.5084554678692
2026-09-15T05:45:30+00:00,2026-09-15T11:30:30+05:45,2026-09-15,11:30:30,1789451130,1,5,11,nepse_official,OPEN,2026-09-15,MLBL,Mahalaxmi Bikas Bank Ltd.,374.0,374.8,360.0,,362.5,357.0,5.5,,18931.0,6916002.8,79.0,14.800000000000011,3.9572192513369013,1.5406162464985995,87544.33924050632,365.3268607046643
2026-09-15T05:45:30+00:00,2026-09-15T11:30:30+05:45,2026-09-15,11:30:30,1789451130,1,5,11,nepse_official,OPEN,2026-09-15,MLBS,Manushi Laghubitta Bittiya Sanstha Limited,1069.0,1069.0,1006.0,,1036.1,1019.0,17.09999999999991,,780.0,819961.0,8.0,63.0,5.893358278765201,1.6781157998037204,102495.125,1051.2320512820513
2026-09-15T05:45:30+00:00,2026-09-15T11:30:30+05:45,2026-09-15,11:30:30,1789451130,1,5,11,nepse_official,OPEN,2026-09-15,MLBSL,Mahila Lagubitta Bittiya Sanstha Limited ,1108.0,1249.0,1108.0,,1125.5,1088.1,37.40000000000009,,672.0,782292.0,28.0,141.0,12.725631768953068,3.4371840823453814,27939.0,1164.125
2026-09-15T05:45:30+00:00,2026-09-15T11:30:30+05:45,2026-09-15,11:30:30,1789451130,1,5,11,nepse_official,OPEN,2026-09-15,MMF1,Mega Mutual Fund -1,8.9,9.0,8.88,,8.9,8.88,0.019999999999999574,,28700.0,255270.0,5.0,0.11999999999999922,1.3483146067415641,0.2252252252252204,51054.0,8.894425087108013
2026-09-15T05:45:30+00:00,2026-09-15T11:30:30+05:45,2026-09-15,11:30:30,1789451130,1,5,11,nepse_official,OPEN,2026-09-15,MMKJL,Mathillo Mailun Khola Jalvidhyut Limited,372.0,372.0,361.0,,361.0,355.0,6.0,,120.0,43870.0,2.0,11.0,2.956989247311828,1.6901408450704223,21935.0,365.5833333333333
2026-09-15T05:45:30+00:00,2026-09-15T11:30:30+05:45,2026-09-15,11:30:30,1789451130,1,5,11,nepse_official,OPEN,2026-09-15,MNBBL,Muktinath Bikas Bank Ltd.,351.0,351.0,338.0,,340.0,335.1,4.899999999999977,,20851.0,7123675.4,96.0,13.0,3.7037037037037033,1.4622500746045888,74204.95208333334,341.646702796029
2026-09-15T05:45:30+00:00,2026-09-15T11:30:30+05:45,2026-09-15,11:30:30,1789451130,1,5,11,nepse_official,OPEN,2026-09-15,MNMF1,Muktinath Mutual Fund 1,9.15,9.15,9.15,,9.15,9.15,0.0,,500.0,4575.0,1.0,0.0,0.0,0.0,4575.0,9.15
2026-09-15T05:45:30+00:00,2026-09-15T11:30:30+05:45,2026-09-15,11:30:30,1789451130,1,5,11,nepse_official,OPEN,2026-09-15,MPFL,Multipurpose Finance Company  Limited,592.0,592.0,570.0,,570.0,565.0,5.0,,6477.0,3720078.0,37.0,22.0,3.7162162162162162,0.8849557522123894,100542.64864864865,574.3520148216767
2026-09-15T05:45:30+00:00,2026-09-15T11:30:30+05:45,2026-09-15,11:30:30,1789451130,1,5,11,nepse_official,OPEN,2026-09-15,MSHL,Mid Solu Hydropower Limited,549.9,551.0,540.0,,540.0,525.0,15.0,,713.0,389235.0,8.0,11.0,2.000363702491362,2.857142857142857,48654.375,545.9116409537166
2026-09-15T05:45:30+00:00,2026-09-15T11:30:30+05:45,2026-09-15,11:30:30,1789451130,1,5,11,nepse_official,OPEN,2026-09-15,MSLB,Mahuli Laghubitta Bittiya Sanstha Limited,1219.5,1252.0,1214.5,,1215.0,1184.0,31.0,,40.0,49010.0,4.0,37.5,3.075030750307503,2.6182432432432434,12252.5,1225.25
2026-09-15T05:45:30+00:00,2026-09-15T11:30:30+05:45,2026-09-15,11:30:30,1789451130,1,5,11,nepse_official,OPEN,2026-09-15,NABBC,Narayani Development Bank Limited,735.0,735.0,687.0,,701.0,700.0,1.0,,3154.0,2243025.0,22.0,48.0,6.530612244897959,0.14285714285714285,101955.68181818182,711.1683576410907
2026-09-15T05:45:30+00:00,2026-09-15T11:30:30+05:45,2026-09-15,11:30:30,1789451130,1,5,11,nepse_official,OPEN,2026-09-15,NABIL,Nabil Bank Limited,581.0,581.0,555.0,,562.0,554.0,8.0,,33307.0,18764358.4,216.0,26.0,4.475043029259897,1.444043321299639,86872.02962962963,563.3758188969285
2026-09-15T05:45:30+00:00,2026-09-15T11:30:30+05:45,2026-09-15,11:30:30,1789451130,1,5,11,nepse_official,OPEN,2026-09-15,NADEP,Nadep Laghubittiya bittya Sanstha Ltd.,719.0,719.0,690.0,,698.0,685.0,13.0,,1835.0,1278922.8,15.0,29.0,4.033379694019471,1.897810218978102,85261.52,696.9606539509537
2026-09-15T05:45:30+00:00,2026-09-15T11:30:30+05:45,2026-09-15,11:30:30,1789451130,1,5,11,nepse_official,OPEN,2026-09-15,NBL,Nepal Bank Limited,296.0,296.0,284.1,,285.9,282.5,3.3999999999999773,,94375.0,27118622.1,185.0,11.899999999999977,4.020270270270262,1.2035398230088414,146587.14648648648,287.3496381456954
2026-09-15T05:45:30+00:00,2026-09-15T11:30:30+05:45,2026-09-15,11:30:30,1789451130,1,5,11,nepse_official,OPEN,2026-09-15,NESDO,NESDO Sambridha Laghubitta Bittiya Sanstha Limited,1385.0,1395.0,1361.0,,1380.0,1344.9,35.09999999999991,,242.0,330385.0,5.0,34.0,2.454873646209386,2.609859469105503,66077.0,1365.2272727272727
2026-09-15T05:45:30+00:00,2026-09-15T11:30:30+05:45,2026-09-15,11:30:30,1789451130,1,5,11,nepse_official,OPEN,2026-09-15,NFS,Nepal Finance Ltd.,520.0,520.0,512.1,,515.0,500.9,14.100000000000023,,5126.0,2649403.0,44.0,7.899999999999977,1.519230769230765,2.814933120383315,60213.704545454544,516.8558330081935
2026-09-15T05:45:30+00:00,2026-09-15T11:30:30+05:45,2026-09-15,11:30:30,1789451130,1,5,11,nepse_official,OPEN,2026-09-15,NGPL,Ngadi Group Power Ltd.,420.0,420.0,406.6,,411.0,401.0,10.0,,118655.0,49072302.0,243.0,13.399999999999977,3.1904761904761854,2.493765586034913,201943.62962962964,413.5712949306814
2026-09-15T05:45:30+00:00,2026-09-15T11:30:30+05:45,2026-09-15,11:30:30,1789451130,1,5,11,nepse_official,OPEN,2026-09-15,NHDL,Nepal Hydro Developers Ltd.,661.0,661.0,634.0,,634.0,630.0,4.0,,1106.0,703774.0,9.0,27.0,4.084720121028744,0.6349206349206349,78197.11111111111,636.3236889692586
2026-09-15T05:45:30+00:00,2026-09-15T11:30:30+05:45,2026-09-15,11:30:30,1789451130,1,5,11,nepse_official,OPEN,2026-09-15,NHPC,National Hydro Power Company Limited,276.0,283.0,268.0,,270.0,263.0,7.0,,145982.0,39898994.4,338.0,15.0,5.434782608695652,2.6615969581749046,118044.36213017751,273.3144798673809
2026-09-15T05:45:30+00:00,2026-09-15T11:30:30+05:45,2026-09-15,11:30:30,1789451130,1,5,11,nepse_official,OPEN,2026-09-15,NIBLSTF,NIBL Stable Fund,8.25,8.25,8.18,,8.18,8.5,-0.3200000000000003,,1170.0,9603.4,4.0,0.07000000000000028,0.8484848484848518,-3.7647058823529442,2400.85,8.208034188034187
2026-09-15T05:45:30+00:00,2026-09-15T11:30:30+05:45,2026-09-15,11:30:30,1789451130,1,5,11,nepse_official,OPEN,2026-09-15,NIBSF2,NIBL Samriddhi Fund -2,8.41,8.41,8.41,,8.41,8.5,-0.08999999999999986,,600.0,5046.0,2.0,0.0,0.0,-1.0588235294117632,2523.0,8.41
2026-09-15T05:45:30+00:00,2026-09-15T11:30:30+05:45,2026-09-15,11:30:30,1789451130,1,5,11,nepse_official,OPEN,2026-09-15,NICA,NIC Asia Bank Ltd.,329.0,329.0,315.1,,318.0,314.0,4.0,,27988.0,9011389.1,97.0,13.899999999999977,4.224924012158048,1.2738853503184715,92900.91855670103,321.9733135629555
2026-09-15T05:45:30+00:00,2026-09-15T11:30:30+05:45,2026-09-15,11:30:30,1789451130,1,5,11,nepse_official,OPEN,2026-09-15,NICFC,NIC Asia Flexi CAP Fund,8.65,8.65,8.65,,8.65,8.6,0.05000000000000071,,400.0,3460.0,2.0,0.0,0.0,0.5813953488372177,1730.0,8.65
2026-09-15T05:45:30+00:00,2026-09-15T11:30:30+05:45,2026-09-15,11:30:30,1789451130,1,5,11,nepse_official,OPEN,2026-09-15,NICL,Nepal Insurance Co. Ltd.,469.0,469.0,445.0,,455.1,446.9,8.200000000000045,,15057.0,6937757.0,34.0,24.0,5.11727078891258,1.834862385321111,204051.67647058822,460.76622169090786
2026-09-15T05:45:30+00:00,2026-09-15T11:30:30+05:45,2026-09-15,11:30:30,1789451130,1,5,11,nepse_official,OPEN,2026-09-15,NICLBSL,NIC ASIA Laghubitta Bittiya Sanstha Limited,540.0,540.0,517.0,,520.0,517.0,3.0,,2623.0,1378950.3,32.0,23.0,4.2592592592592595,0.5802707930367506,43092.196875,525.7149447197866
2026-09-15T05:45:30+00:00,2026-09-15T11:30:30+05:45,2026-09-15,11:30:30,1789451130,1,5,11,nepse_official,OPEN,2026-09-15,NIFRA,Nepal Infrastructure Bank Limited,259.0,262.0,250.0,,252.0,246.9,5.099999999999994,,82734.0,20960896.7,190.0,12.0,4.633204633204633,2.065613608748479,110320.50894736842,253.35287427176252
2026-09-15T05:45:30+00:00,2026-09-15T11:30:30+05:45,2026-09-15,11:30:30,1789451130,1,5,11,nepse_official,OPEN,2026-09-15,NIL,Neco Insurance Limited,550.0,550.0,533.0,,533.0,524.0,9.0,,1757.0,947222.0,17.0,17.0,3.090909090909091,1.717557251908397,55718.94117647059,539.1132612407513
2026-09-15T05:45:30+00:00,2026-09-15T11:30:30+05:45,2026-09-15,11:30:30,1789451130,1,5,11,nepse_official,OPEN,2026-09-15,NIMB,Nepal Investment Mega Bank Limited,197.5,202.0,188.1,,193.0,188.1,4.900000000000006,,124952.0,24202463.7,211.0,13.900000000000006,7.037974683544307,2.6049973418394505,114703.61943127961,193.69408812984184
2026-09-15T05:45:30+00:00,2026-09-15T11:30:30+05:45,2026-09-15,11:30:30,1789451130,1,5,11,nepse_official,OPEN,2026-09-15,NIMBPO,Nepal Investment Mega Bank Ltd. Promoter Share,144.0,148.2,144.0,,146.0,142.0,4.0,,81.0,11756.0,3.0,4.199999999999989,2.9166666666666585,2.8169014084507045,3918.6666666666665,145.1358024691358
2026-09-15T05:45:30+00:00,2026-09-15T11:30:30+05:45,2026-09-15,11:30:30,1789451130,1,5,11,nepse_official,OPEN,2026-09-15,NLG,NLG Insurance Company Ltd.,561.6,561.6,530.0,,535.0,534.9,0.10000000000002274,,3045.0,1661953.0,25.0,31.600000000000023,5.626780626780631,0.018695083193124462,66478.12,545.7973727422003
2026-09-15T05:45:30+00:00,2026-09-15T11:30:30+05:45,2026-09-15,11:30:30,1789451130,1,5,11,nepse_official,OPEN,2026-09-15,NLIC,Nepal Life Insurance Co. Ltd.,744.0,755.0,719.0,,723.0,709.0,14.0,,24027.0,17521466.8,117.0,36.0,4.838709677419355,1.9746121297602257,149756.1264957265,729.240720855704
2026-09-15T05:45:30+00:00,2026-09-15T11:30:30+05:45,2026-09-15,11:30:30,1789451130,1,5,11,nepse_official,OPEN,2026-09-15,NLICL,National Life Insurance Co. Ltd.,590.0,590.0,557.8,,570.0,565.0,5.0,,15942.0,9054707.5,46.0,32.200000000000045,5.4576271186440755,0.8849557522123894,196841.46739130435,567.9781395057082
2026-09-15T05:45:30+00:00,2026-09-15T11:30:30+05:45,2026-09-15,11:30:30,1789451130,1,5,11,nepse_official,OPEN,2026-09-15,NMB,NMB Bank Limited,255.0,260.0,245.5,,246.0,243.0,3.0,,39208.0,9882765.0,95.0,14.5,5.686274509803922,1.2345679012345678,104029.1052631579,252.05991124260356
2026-09-15T05:45:30+00:00,2026-09-15T11:30:30+05:45,2026-09-15,11:30:30,1789451130,1,5,11,nepse_official,OPEN,2026-09-15,NMBMF,NMB  Microfinance Bittiya Sanstha Ltd.,617.0,617.0,601.0,,605.0,588.0,17.0,,413.0,250133.0,6.0,16.0,2.593192868719611,2.891156462585034,41688.833333333336,605.6489104116223
2026-09-15T05:45:30+00:00,2026-09-15T11:30:30+05:45,2026-09-15,11:30:30,1789451130,1,5,11,nepse_official,OPEN,2026-09-15,NMFBS,National Laghubitta Bittiya Sanstha Limited,1175.0,1175.0,1140.0,,1147.0,1120.0,27.0,,2160.0,2483105.0,27.0,35.0,2.9787234042553195,2.410714285714286,91966.85185185185,1149.585648148148
2026-09-15T05:45:30+00:00,2026-09-15T11:30:30+05:45,2026-09-15,11:30:30,1789451130,1,5,11,nepse_official,OPEN,2026-09-15,NMIC,Nepal Micro Insurance Company Limited,860.0,860.0,838.0,,840.0,825.0,15.0,,2346.0,1978829.4,46.0,22.0,2.558139534883721,1.8181818181818181,43018.03043478261,843.4907928388747
2026-09-15T05:45:30+00:00,2026-09-15T11:30:30+05:45,2026-09-15,11:30:30,1789451130,1,5,11,nepse_official,OPEN,2026-09-15,NMLBBL,Nerude Mirmire Laghubitta Bittiya Sanstha Limited,527.0,527.0,500.5,,505.3,502.4,2.900000000000034,,2585.0,1321298.0,28.0,26.5,5.028462998102467,0.5772292993630641,47189.21428571428,511.1404255319149
2026-09-15T05:45:30+00:00,2026-09-15T11:30:30+05:45,2026-09-15,11:30:30,1789451130,1,5,11,nepse_official,OPEN,2026-09-15,NRIC,Nepal Reinsurance Company Limited,858.0,870.0,833.0,,839.0,818.0,21.0,,8871.0,7525054.6,95.0,37.0,4.312354312354312,2.567237163814181,79211.10105263158,848.2757975425543
2026-09-15T05:45:30+00:00,2026-09-15T11:30:30+05:45,2026-09-15,11:30:30,1789451130,1,5,11,nepse_official,OPEN,2026-09-15,NRM,Nepal Republic Media Limited,304.0,315.0,291.0,,297.0,290.0,7.0,,7490.0,2275181.0,54.0,24.0,7.894736842105263,2.413793103448276,42132.98148148148,303.76248331108144
2026-09-15T05:45:30+00:00,2026-09-15T11:30:30+05:45,2026-09-15,11:30:30,1789451130,1,5,11,nepse_official,OPEN,2026-09-15,NRN,NRN Infrastructure and Development Limited,1519.0,1519.0,1450.0,,1458.0,1448.0,10.0,,27791.0,40818398.5,148.0,69.0,4.5424621461487815,0.6906077348066298,275799.98986486485,1468.7632147097981
2026-09-15T05:45:30+00:00,2026-09-15T11:30:30+05:45,2026-09-15,11:30:30,1789451130,1,5,11,nepse_official,OPEN,2026-09-15,NSIF2,NMB Sulav Investment Fund - 2,10.0,10.05,10.0,,10.05,10.08,-0.02999999999999936,,1600.0,16070.0,2.0,0.05000000000000071,0.5000000000000071,-0.2976190476190413,8035.0,10.04375
2026-09-15T05:45:30+00:00,2026-09-15T11:30:30+05:45,2026-09-15,11:30:30,1789451130,1,5,11,nepse_official,OPEN,2026-09-15,NTC,Nepal Doorsanchar Company Limited,912.0,912.0,890.0,,894.0,886.0,8.0,,6054.0,5438615.3,69.0,22.0,2.4122807017543857,0.9029345372460496,78820.5115942029,898.3507267922034
2026-09-15T05:45:30+00:00,2026-09-15T11:30:30+05:45,2026-09-15,11:30:30,1789451130,1,5,11,nepse_official,OPEN,2026-09-15,NUBL,Nirdhan Utthan Laghubitta Bittiya Sanstha Limited,605.0,605.0,587.0,,587.1,577.0,10.100000000000023,,883.0,532372.5,8.0,18.0,2.975206611570248,1.7504332755632623,66546.5625,602.9133635334089
2026-09-15T05:45:30+00:00,2026-09-15T11:30:30+05:45,2026-09-15,11:30:30,1789451130,1,5,11,nepse_official,OPEN,2026-09-15,NWCL,Nepal Warehousing Company Limited ,612.5,643.0,605.1,,614.0,595.0,19.0,,1172.0,719973.2,15.0,37.89999999999998,6.187755102040813,3.1932773109243695,47998.21333333333,614.3116040955631
2026-09-15T05:45:30+00:00,2026-09-15T11:30:30+05:45,2026-09-15,11:30:30,1789451130,1,5,11,nepse_official,OPEN,2026-09-15,NYADI,Nyadi Hydropower Limited,375.0,384.0,371.0,,374.0,367.8,6.199999999999989,,2777.0,1045415.4,24.0,13.0,3.4666666666666663,1.6856987493202795,43558.975,376.4549513863882
2026-09-15T05:45:30+00:00,2026-09-15T11:30:30+05:45,2026-09-15,11:30:30,1789451130,1,5,11,nepse_official,OPEN,2026-09-15,OHL,Oriental Hotels Limited,640.0,640.0,630.0,,630.0,625.0,5.0,,1488.0,939953.0,13.0,10.0,1.5625,0.8,72304.07692307692,631.6888440860215
2026-09-15T05:45:30+00:00,2026-09-15T11:30:30+05:45,2026-09-15,11:30:30,1789451130,1,5,11,nepse_official,OPEN,2026-09-15,OMPL,Om Megashree Pharmaceuticals Limited,926.0,926.0,900.0,,900.0,882.0,18.0,,2401.0,2181511.0,41.0,26.0,2.8077753779697625,2.0408163265306123,53207.58536585366,908.5843398583924
2026-09-15T05:45:30+00:00,2026-09-15T11:30:30+05:45,2026-09-15,11:30:30,1789451130,1,5,11,nepse_official,OPEN,2026-09-15,PBD93,"6.25% Prime Bank Debenture, 2093",1025.0,1038.0,1025.0,,1038.0,1038.0,0.0,,175.0,180875.0,7.0,13.0,1.2682926829268293,0.0,25839.285714285714,1033.5714285714287
2026-09-15T05:45:30+00:00,2026-09-15T11:30:30+05:45,2026-09-15,11:30:30,1789451130,1,5,11,nepse_official,OPEN,2026-09-15,PCBL,Prime Commercial Bank Ltd.,250.0,250.0,243.2,,245.1,242.0,3.0999999999999943,,38980.0,9578199.9,94.0,6.800000000000011,2.7200000000000046,1.2809917355371876,101895.74361702127,245.72087993842996
2026-09-15T05:45:30+00:00,2026-09-15T11:30:30+05:45,2026-09-15,11:30:30,1789451130,1,5,11,nepse_official,OPEN,2026-09-15,PCIL,Palpa Cement Industries Limited,620.0,648.0,620.0,,626.0,615.0,11.0,,17221.0,10938682.4,243.0,28.0,4.516129032258064,1.788617886178862,45015.15390946502,635.1943789559259
2026-09-15T05:45:30+00:00,2026-09-15T11:30:30+05:45,2026-09-15,11:30:30,1789451130,1,5,11,nepse_official,OPEN,2026-09-15,PHCL,Peoples Hydropower Company Limited,305.0,324.4,305.0,,310.0,304.8,5.199999999999989,,55685.0,17392257.1,182.0,19.399999999999977,6.360655737704911,1.7060367454068204,95561.8521978022,312.3328921612643
2026-09-15T05:45:30+00:00,2026-09-15T11:30:30+05:45,2026-09-15,11:30:30,1789451130,1,5,11,nepse_official,OPEN,2026-09-15,PMHPL,Panchakanya Mai Hydropower Ltd,312.0,348.7,310.0,,317.0,310.0,7.0,,7529.0,2359395.7,35.0,38.69999999999999,12.40384615384615,2.258064516129032,67411.30571428571,313.3743790676053
2026-09-15T05:45:30+00:00,2026-09-15T11:30:30+05:45,2026-09-15,11:30:30,1789451130,1,5,11,nepse_official,OPEN,2026-09-15,PMLI,Prabhu Mahalaxmi Life Insurance Limited,434.7,443.0,423.2,,423.2,414.0,9.199999999999989,,5150.0,2228726.4,37.0,19.80000000000001,4.554865424430645,2.2222222222222197,60235.84864864864,432.7624077669903
2026-09-15T05:45:30+00:00,2026-09-15T11:30:30+05:45,2026-09-15,11:30:30,1789451130,1,5,11,nepse_official,OPEN,2026-09-15,PPCL,Panchthar Power Compant Limited,355.0,355.0,344.0,,344.2,338.9,5.300000000000011,,2454.0,846240.0,14.0,11.0,3.0985915492957745,1.5638831513720894,60445.71428571428,344.841075794621
2026-09-15T05:45:30+00:00,2026-09-15T11:30:30+05:45,2026-09-15,11:30:30,1789451130,1,5,11,nepse_official,OPEN,2026-09-15,PPL,People's Power Limited,338.0,338.1,325.0,,329.0,322.0,7.0,,12513.0,4135335.4,53.0,13.100000000000023,3.875739644970421,2.1739130434782608,78025.1962264151,330.4831295452729
2026-09-15T05:45:30+00:00,2026-09-15T11:30:30+05:45,2026-09-15,11:30:30,1789451130,1,5,11,nepse_official,OPEN,2026-09-15,PRIN,Prabhu Insurance Ltd.,630.0,631.0,605.0,,611.0,602.0,9.0,,4458.0,2744075.0,20.0,26.0,4.1269841269841265,1.495016611295681,137203.75,615.5394795872588
2026-09-15T05:45:30+00:00,2026-09-15T11:30:30+05:45,2026-09-15,11:30:30,1789451130,1,5,11,nepse_official,OPEN,2026-09-15,PROFL,Progressive Finance Limited,400.0,400.0,390.0,,392.2,381.0,11.199999999999989,,5529.0,2181282.0,38.0,10.0,2.5,2.939632545931756,57402.15789473684,394.5165491047206
2026-09-15T05:45:30+00:00,2026-09-15T11:30:30+05:45,2026-09-15,11:30:30,1789451130,1,5,11,nepse_official,OPEN,2026-09-15,PRVU,Prabhu  Bank Limited,194.0,195.0,186.0,,189.0,185.3,3.6999999999999886,,139930.0,26677588.4,295.0,9.0,4.639175257731959,1.9967620075553094,90432.50305084746,190.64952762095334
2026-09-15T05:45:30+00:00,2026-09-15T11:30:30+05:45,2026-09-15,11:30:30,1789451130,1,5,11,nepse_official,OPEN,2026-09-15,PSF,Prabhu Select Fund,11.1,11.1,10.77,,11.0,10.84,0.16000000000000014,,21660.0,238433.3,7.0,0.33000000000000007,2.9729729729729737,1.4760147601476028,34061.9,11.008000923361033
2026-09-15T05:45:30+00:00,2026-09-15T11:30:30+05:45,2026-09-15,11:30:30,1789451130,1,5,11,nepse_official,OPEN,2026-09-15,PURE,Pure Energy Limited,811.6,880.0,773.0,,790.0,773.0,17.0,,2260.0,1789729.0,38.0,107.0,13.183834401182848,2.1992238033635187,47098.13157894737,791.9154867256638
2026-09-15T05:45:30+00:00,2026-09-15T11:30:30+05:45,2026-09-15,11:30:30,1789451130,1,5,11,nepse_official,OPEN,2026-09-15,RADHI,Radhi Bidyut Company Ltd,734.0,734.0,703.2,,715.0,700.0,15.0,,19958.0,14278876.5,89.0,30.799999999999955,4.196185286103536,2.142857142857143,160436.81460674157,715.4462621505161
2026-09-15T05:45:30+00:00,2026-09-15T11:30:30+05:45,2026-09-15,11:30:30,1789451130,1,5,11,nepse_official,OPEN,2026-09-15,RAWA,Rawa Energy Development Limited,434.0,442.0,414.0,,420.0,414.0,6.0,,14551.0,6128936.0,72.0,28.0,6.451612903225806,1.4492753623188406,85124.11111111111,421.203766064188
2026-09-15T05:45:30+00:00,2026-09-15T11:30:30+05:45,2026-09-15,11:30:30,1789451130,1,5,11,nepse_official,OPEN,2026-09-15,RBCL,Rastriya Beema Company Limited,13350.0,13355.0,13350.0,,13355.0,13330.0,25.0,,30.0,400600.0,3.0,5.0,0.03745318352059925,0.1875468867216804,133533.33333333334,13353.333333333334
2026-09-15T05:45:30+00:00,2026-09-15T11:30:30+05:45,2026-09-15,11:30:30,1789451130,1,5,11,nepse_official,OPEN,2026-09-15,RFPL,River Falls Power Limited,347.8,348.0,340.0,,342.0,337.7,4.300000000000011,,21466.0,7395527.2,88.0,8.0,2.3001725129384702,1.273319514361863,84040.08181818182,344.5228361129228
2026-09-15T05:45:30+00:00,2026-09-15T11:30:30+05:45,2026-09-15,11:30:30,1789451130,1,5,11,nepse_official,OPEN,2026-09-15,RHGCL,Rapti Hydro And General Construction Limited,271.5,287.3,271.5,,273.0,271.5,1.5,,6735.0,1844621.0,22.0,15.800000000000011,5.8195211786372045,0.5524861878453038,83846.40909090909,273.88582034149965
2026-09-15T05:45:30+00:00,2026-09-15T11:30:30+05:45,2026-09-15,11:30:30,1789451130,1,5,11,nepse_official,OPEN,2026-09-15,RHPL,RASUWAGADHI HYDROPOWER COMPANY LIMITED,175.1,180.0,168.2,,169.7,166.8,2.8999999999999773,,84049.0,14581508.2,192.0,11.800000000000011,6.739006282124508,1.7386091127098187,75945.35520833333,173.48818189389522
2026-09-15T05:45:30+00:00,2026-09-15T11:30:30+05:45,2026-09-15,11:30:30,1789451130,1,5,11,nepse_official,OPEN,2026-09-15,RIDI,Ridi Power Company Limited,367.0,367.0,354.0,,357.0,350.0,7.0,,113395.0,40762021.6,245.0,13.0,3.5422343324250685,2.0,166375.59836734695,359.4693028793157
2026-09-15T05:45:30+00:00,2026-09-15T11:30:30+05:45,2026-09-15,11:30:30,1789451130,1,5,11,nepse_official,OPEN,2026-09-15,RLEL,Ridge Line Energy Limited,829.0,829.0,790.0,,810.0,789.9,20.100000000000023,,2640.0,2136492.5,40.0,39.0,4.704463208685163,2.5446259020129163,53412.3125,809.2774621212121
2026-09-15T05:45:30+00:00,2026-09-15T11:30:30+05:45,2026-09-15,11:30:30,1789451130,1,5,11,nepse_official,OPEN,2026-09-15,RLFL,Reliance Finance Ltd.,445.0,450.0,435.0,,438.0,432.0,6.0,,11078.0,4879416.5,45.0,15.0,3.3707865168539324,1.3888888888888888,108431.47777777778,440.460055966781
2026-09-15T05:45:30+00:00,2026-09-15T11:30:30+05:45,2026-09-15,11:30:30,1789451130,1,5,11,nepse_official,OPEN,2026-09-15,RNLI,Reliable Nepal Life Insurance Limited,451.0,451.0,430.0,,430.0,429.8,0.19999999999998863,,23473.0,10161184.8,57.0,21.0,4.656319290465632,0.04653327128896897,178266.40000000002,432.8882034678141
2026-09-15T05:45:30+00:00,2026-09-15T11:30:30+05:45,2026-09-15,11:30:30,1789451130,1,5,11,nepse_official,OPEN,2026-09-15,RSDC,RSDC Laghubitta Bittiya Sanstha Ltd.,640.0,653.0,638.0,,640.1,622.0,18.100000000000023,,1240.0,793813.0,23.0,15.0,2.34375,2.909967845659168,34513.608695652176,640.1717741935483
2026-09-15T05:45:30+00:00,2026-09-15T11:30:30+05:45,2026-09-15,11:30:30,1789451130,1,5,11,nepse_official,OPEN,2026-09-15,RSML,Reliance Spinning Mills Limited,3082.0,3082.0,2872.0,,2948.9,2936.0,12.900000000000091,,30595.0,90744495.0,379.0,210.0,6.81375730045425,0.4393732970027279,239431.38522427442,2965.9910116032033
2026-09-15T05:45:30+00:00,2026-09-15T11:30:30+05:45,2026-09-15,11:30:30,1789451130,1,5,11,nepse_official,OPEN,2026-09-15,RSY,Reliable Samriddhi Yojana,9.2,9.3,9.2,,9.25,9.2,0.05000000000000071,,1200.0,11072.0,4.0,0.10000000000000142,1.086956521739146,0.543478260869573,2768.0,9.226666666666667
2026-09-15T05:45:30+00:00,2026-09-15T11:30:30+05:45,2026-09-15,11:30:30,1789451130,1,5,11,nepse_official,OPEN,2026-09-15,RSY2,Reliable Samriddhi Yojana -2,8.8,9.2,8.8,,9.2,8.95,0.25,,1550.0,14082.0,7.0,0.3999999999999986,4.545454545454529,2.7932960893854752,2011.7142857142858,9.085161290322581
2026-09-15T05:45:30+00:00,2026-09-15T11:30:30+05:45,2026-09-15,11:30:30,1789451130,1,5,11,nepse_official,OPEN,2026-09-15,RURU,Ru Ru Jalbidhyut Pariyojana Limited,626.6,626.6,600.0,,610.0,596.8,13.200000000000045,,4755.0,2935784.4,29.0,26.600000000000023,4.245132460900099,2.2117962466488015,101233.94482758621,617.4099684542587
2026-09-15T05:45:30+00:00,2026-09-15T11:30:30+05:45,2026-09-15,11:30:30,1789451130,1,5,11,nepse_official,OPEN,2026-09-15,SABBL,Salapa Bikas Bank Limited,939.0,939.0,900.1,,920.0,895.0,25.0,,4226.0,3894487.0,64.0,38.89999999999998,4.142705005324811,2.793296089385475,60851.359375,921.5539517274018
2026-09-15T05:45:30+00:00,2026-09-15T11:30:30+05:45,2026-09-15,11:30:30,1789451130,1,5,11,nepse_official,OPEN,2026-09-15,SADBL,Shangrila Development Bank Ltd.,432.0,432.0,413.0,,417.0,412.0,5.0,,14092.0,5909725.7,47.0,19.0,4.398148148148148,1.2135922330097086,125738.84468085106,419.36742123190464
2026-09-15T05:45:30+00:00,2026-09-15T11:30:30+05:45,2026-09-15,11:30:30,1789451130,1,5,11,nepse_official,OPEN,2026-09-15,SAEF2,Sanima Equity Fund-2,9.0,9.0,9.0,,9.0,9.0,0.0,,400.0,3600.0,4.0,0.0,0.0,0.0,900.0,9.0
2026-09-15T05:45:30+00:00,2026-09-15T11:30:30+05:45,2026-09-15,11:30:30,1789451130,1,5,11,nepse_official,OPEN,2026-09-15,SAGAR,Sagar Distillery Limited,1625.0,1628.0,1560.0,,1567.0,1550.0,17.0,,1980.0,3126324.8,38.0,68.0,4.184615384615385,1.096774193548387,82271.70526315788,1578.9519191919192
2026-09-15T05:45:30+00:00,2026-09-15T11:30:30+05:45,2026-09-15,11:30:30,1789451130,1,5,11,nepse_official,OPEN,2026-09-15,SAHAS,Sahas Urja Limited,725.0,725.0,697.0,,700.0,696.0,4.0,,31148.0,22003012.8,196.0,28.0,3.8620689655172415,0.5747126436781609,112260.2693877551,706.4021060742263
2026-09-15T05:45:30+00:00,2026-09-15T11:30:30+05:45,2026-09-15,11:30:30,1789451130,1,5,11,nepse_official,OPEN,2026-09-15,SAIL,Shreenagar Agritech Industries Limited,1039.5,1039.5,973.9,,1011.0,990.0,21.0,,10538.0,10668712.0,117.0,65.60000000000002,6.310726310726313,2.1212121212121215,91185.57264957266,1012.4038717024104
2026-09-15T05:45:30+00:00,2026-09-15T11:30:30+05:45,2026-09-15,11:30:30,1789451130,1,5,11,nepse_official,OPEN,2026-09-15,SALICO,Sagarmatha Lumbini Insurance Co. Limited,561.0,561.0,545.0,,545.0,535.1,9.899999999999977,,380.0,209675.0,11.0,16.0,2.8520499108734403,1.8501214726219355,19061.363636363636,551.7763157894736
2026-09-15T05:45:30+00:00,2026-09-15T11:30:30+05:45,2026-09-15,11:30:30,1789451130,1,5,11,nepse_official,OPEN,2026-09-15,SANIMA,Sanima Bank Limited,390.0,390.0,370.0,,375.1,373.0,2.1000000000000227,,38270.0,14418427.2,118.0,20.0,5.128205128205128,0.5630026809651536,122190.06101694914,376.7553488372093
2026-09-15T05:45:30+00:00,2026-09-15T11:30:30+05:45,2026-09-15,11:30:30,1789451130,1,5,11,nepse_official,OPEN,2026-09-15,SANVI,Sanvi Energy Limited,613.0,615.0,586.1,,586.1,584.8,1.3000000000000682,,2913.0,1744393.0,47.0,28.899999999999977,4.714518760195755,0.22229822161423876,37114.744680851065,598.830415379334
2026-09-15T05:45:30+00:00,2026-09-15T11:30:30+05:45,2026-09-15,11:30:30,1789451130,1,5,11,nepse_official,OPEN,2026-09-15,SAPDBL,Saptakoshi Development Bank Ltd,650.0,656.0,635.0,,640.0,630.0,10.0,,4929.0,3170514.4,73.0,21.0,3.230769230769231,1.5873015873015872,43431.70410958904,643.2368431730574
2026-09-15T05:45:30+00:00,2026-09-15T11:30:30+05:45,2026-09-15,11:30:30,1789451130,1,5,11,nepse_official,OPEN,2026-09-15,SAPIL,Sarvottam Paints Industries Limited,1487.3,1516.1,1400.0,,1403.1,1444.0,-40.90000000000009,,7287.0,10567630.3,162.0,116.09999999999991,7.806091575337855,-2.832409972299175,65232.28580246914,1450.2031425826815
2026-09-15T05:45:30+00:00,2026-09-15T11:30:30+05:45,2026-09-15,11:30:30,1789451130,1,5,11,nepse_official,OPEN,2026-09-15,SARBTM,Sarbottam Cement Limited,834.0,834.5,801.3,,804.0,795.0,9.0,,9663.0,7875498.4,45.0,33.200000000000045,3.980815347721828,1.1320754716981132,175011.07555555555,815.0158749870641
2026-09-15T05:45:30+00:00,2026-09-15T11:30:30+05:45,2026-09-15,11:30:30,1789451130,1,5,11,nepse_official,OPEN,2026-09-15,SBI,Nepal SBI Bank Limited,425.0,425.0,406.0,,406.2,404.9,1.3000000000000114,,8831.0,3630091.0,28.0,19.0,4.470588235294118,0.3210669301062019,129646.10714285714,411.0622806024233
2026-09-15T05:45:30+00:00,2026-09-15T11:30:30+05:45,2026-09-15,11:30:30,1789451130,1,5,11,nepse_official,OPEN,2026-09-15,SBL,Siddhartha Bank Limited,443.0,443.0,423.0,,426.5,422.0,4.5,,48896.0,20919501.8,100.0,20.0,4.514672686230249,1.066350710900474,209195.018,427.83666966623036
2026-09-15T05:45:30+00:00,2026-09-15T11:30:30+05:45,2026-09-15,11:30:30,1789451130,1,5,11,nepse_official,OPEN,2026-09-15,SCB,Standard Chartered Bank Limited,682.0,682.0,651.0,,663.0,650.0,13.0,,2002.0,1319502.0,29.0,31.0,4.545454545454546,2.0,45500.06896551724,659.0919080919081
2026-09-15T05:45:30+00:00,2026-09-15T11:30:30+05:45,2026-09-15,11:30:30,1789451130,1,5,11,nepse_official,OPEN,2026-09-15,SEF2,Siddhartha Equity Fund 2,9.0,9.2,9.0,,9.2,9.0,0.1999999999999993,,1350.0,12237.5,10.0,0.1999999999999993,2.2222222222222143,2.2222222222222143,1223.75,9.064814814814815
2026-09-15T05:45:30+00:00,2026-09-15T11:30:30+05:45,2026-09-15,11:30:30,1789451130,1,5,11,nepse_official,OPEN,2026-09-15,SFEF,Sunrise Focused Equity Fund,9.37,9.37,9.15,,9.15,9.1,0.05000000000000071,,10100.0,94615.0,2.0,0.21999999999999886,2.347918890074695,0.5494505494505573,47307.5,9.367821782178218
2026-09-15T05:45:30+00:00,2026-09-15T11:30:30+05:45,2026-09-15,11:30:30,1789451130,1,5,11,nepse_official,OPEN,2026-09-15,SGHC,Swet-Ganga Hydropower & Construction Limited ,315.0,324.0,304.6,,306.7,300.0,6.699999999999989,,14279.0,4419550.4,50.0,19.399999999999977,6.158730158730152,2.2333333333333294,88391.008,309.51399957980254
2026-09-15T05:45:30+00:00,2026-09-15T11:30:30+05:45,2026-09-15,11:30:30,1789451130,1,5,11,nepse_official,OPEN,2026-09-15,SGHL,Sanigad Hydro Limited,513.0,523.0,506.0,,511.0,501.0,10.0,,30644.0,15779845.2,294.0,17.0,3.313840155945419,1.996007984031936,53672.94285714286,514.9407779663229
2026-09-15T05:45:30+00:00,2026-09-15T11:30:30+05:45,2026-09-15,11:30:30,1789451130,1,5,11,nepse_official,OPEN,2026-09-15,SGIC,Sanima GIC Insurance Limited,400.0,420.0,390.0,,397.0,389.0,8.0,,4983.0,1985335.1,52.0,30.0,7.5,2.056555269922879,38179.52115384616,398.4216536223159
2026-09-15T05:45:30+00:00,2026-09-15T11:30:30+05:45,2026-09-15,11:30:30,1789451130,1,5,11,nepse_official,OPEN,2026-09-15,SHEL,Singati Hydro Energy Limited,310.0,315.0,305.1,,305.1,300.3,4.800000000000011,,48490.0,15052834.6,135.0,9.899999999999977,3.1935483870967665,1.5984015984016022,111502.47851851852,310.43173025366053
2026-09-15T05:45:30+00:00,2026-09-15T11:30:30+05:45,2026-09-15,11:30:30,1789451130,1,5,11,nepse_official,OPEN,2026-09-15,SHINE,Shine Resunga Development Bank Ltd.,434.0,438.2,429.2,,432.8,426.1,6.699999999999989,,45944.0,19873903.8,128.0,9.0,2.0737327188940093,1.572400844872093,155264.8734375,432.5679914678739
2026-09-15T05:45:30+00:00,2026-09-15T11:30:30+05:45,2026-09-15,11:30:30,1789451130,1,5,11,nepse_official,OPEN,2026-09-15,SHIVM,SHIVAM CEMENTS LTD,685.0,690.0,673.0,,679.2,670.0,9.200000000000045,,154139.0,105153000.3,476.0,17.0,2.4817518248175183,1.3731343283582158,220909.66449579832,682.1959419744516
2026-09-15T05:45:30+00:00,2026-09-15T11:30:30+05:45,2026-09-15,11:30:30,1789451130,1,5,11,nepse_official,OPEN,2026-09-15,SHL,Soaltee Hotel Limited,530.2,530.2,502.0,,508.2,505.0,3.1999999999999886,,7270.0,3702446.0,21.0,28.200000000000045,5.318747642399103,0.6336633663366315,176306.95238095237,509.27730398899587
2026-09-15T05:45:30+00:00,2026-09-15T11:30:30+05:45,2026-09-15,11:30:30,1789451130,1,5,11,nepse_official,OPEN,2026-09-15,SHLB,Shrijanshil Laghubitta Bittiya Sanstha Limited,1406.0,1406.0,1364.0,,1364.0,1340.0,24.0,,80.0,111640.0,6.0,42.0,2.987197724039829,1.791044776119403,18606.666666666668,1395.5
2026-09-15T05:45:30+00:00,2026-09-15T11:30:30+05:45,2026-09-15,11:30:30,1789451130,1,5,11,nepse_official,OPEN,2026-09-15,SHPC,Sanima Mai Hydropower Ltd.,548.0,548.0,520.0,,528.0,522.0,6.0,,41999.0,22201770.4,122.0,28.0,5.109489051094891,1.1494252873563218,181981.7245901639,528.6261672896974
2026-09-15T05:45:30+00:00,2026-09-15T11:30:30+05:45,2026-09-15,11:30:30,1789451130,1,5,11,nepse_official,OPEN,2026-09-15,SICL,Shikhar Insurance Co. Ltd.,580.0,580.0,570.0,,572.0,560.0,12.0,,1004.0,574478.0,20.0,10.0,1.7241379310344827,2.142857142857143,28723.9,572.1892430278884
2026-09-15T05:45:30+00:00,2026-09-15T11:30:30+05:45,2026-09-15,11:30:30,1789451130,1,5,11,nepse_official,OPEN,2026-09-15,SIFC,Shree Investment Finance Co. Ltd.,492.3,507.0,481.2,,484.3,479.5,4.800000000000011,,16725.0,8145491.6,49.0,25.80000000000001,5.240706886045097,1.0010427528675727,166234.52244897958,487.02490881913303
2026-09-15T05:45:30+00:00,2026-09-15T11:30:30+05:45,2026-09-15,11:30:30,1789451130,1,5,11,nepse_official,OPEN,2026-09-15,SIKLES,Sikles Hydropower Limited,599.0,599.0,572.0,,584.0,571.4,12.600000000000023,,7335.0,4282732.0,45.0,27.0,4.507512520868113,2.2051102555127797,95171.82222222222,583.8762099522836
2026-09-15T05:45:30+00:00,2026-09-15T11:30:30+05:45,2026-09-15,11:30:30,1789451130,1,5,11,nepse_official,OPEN,2026-09-15,SINDU,Sindhu Bikash Bank Ltd,421.0,426.0,403.0,,405.2,405.3,-0.10000000000002274,,8915.0,3684823.9,78.0,23.0,5.463182897862233,-0.02467308166790593,47241.33205128205,413.32853617498597
2026-09-15T05:45:30+00:00,2026-09-15T11:30:30+05:45,2026-09-15,11:30:30,1789451130,1,5,11,nepse_official,OPEN,2026-09-15,SIPD,Shikhar power Development Limited,639.0,639.0,590.0,,610.0,609.0,1.0,,11009.0,6721559.0,90.0,49.0,7.668231611893583,0.16420361247947454,74683.98888888888,610.5512762285402
2026-09-15T05:45:30+00:00,2026-09-15T11:30:30+05:45,2026-09-15,11:30:30,1789451130,1,5,11,nepse_official,OPEN,2026-09-15,SJCL,SANJEN JALAVIDHYUT COMPANY LIMITED,252.0,252.0,233.8,,246.0,240.0,6.0,,10969.0,2710714.8,42.0,18.19999999999999,7.222222222222217,2.5,64540.82857142857,247.12506153705897
2026-09-15T05:45:30+00:00,2026-09-15T11:30:30+05:45,2026-09-15,11:30:30,1789451130,1,5,11,nepse_official,OPEN,2026-09-15,SJLIC,SuryaJyoti Life Insurance Company Limited,429.0,429.0,412.1,,416.1,409.5,6.600000000000023,,3660.0,1536165.6,27.0,16.899999999999977,3.939393939393934,1.6117216117216175,56895.02222222223,419.71737704918036
2026-09-15T05:45:30+00:00,2026-09-15T11:30:30+05:45,2026-09-15,11:30:30,1789451130,1,5,11,nepse_official,OPEN,2026-09-15,SKBBL,Sana Kisan Bikas Laghubitta Bittiya Sanstha Limited,795.0,795.0,762.7,,763.0,758.3,4.7000000000000455,,3287.0,2533491.0,32.0,32.299999999999955,4.0628930817610005,0.6198074640643605,79171.59375,770.7608761788865
2026-09-15T05:45:30+00:00,2026-09-15T11:30:30+05:45,2026-09-15,11:30:30,1789451130,1,5,11,nepse_official,OPEN,2026-09-15,SKHEL,Suryakunda Hydro Electric Limited,871.0,871.0,840.0,,847.0,830.5,16.5,,265.0,228621.0,13.0,31.0,3.5591274397244548,1.9867549668874174,17586.23076923077,862.7207547169811
2026-09-15T05:45:30+00:00,2026-09-15T11:30:30+05:45,2026-09-15,11:30:30,1789451130,1,5,11,nepse_official,OPEN,2026-09-15,SKHL,Super Khudi Hydropower Limited,783.4,784.0,746.6,,756.0,746.1,9.899999999999977,,2643.0,2028291.0,47.0,37.39999999999998,4.774061781975999,1.3268998793727351,43155.12765957447,767.4199772985244
2026-09-15T05:45:30+00:00,2026-09-15T11:30:30+05:45,2026-09-15,11:30:30,1789451130,1,5,11,nepse_official,OPEN,2026-09-15,SLBBL,Swarojgar Laghubitta Bittiya Sanstha Ltd.,840.0,840.0,791.0,,791.0,801.0,-10.0,,570.0,454118.0,8.0,49.0,5.833333333333333,-1.2484394506866416,56764.75,796.698245614035
2026-09-15T05:45:30+00:00,2026-09-15T11:30:30+05:45,2026-09-15,11:30:30,1789451130,1,5,11,nepse_official,OPEN,2026-09-15,SLBSL,Samudayik Laghubitta Bittiya Sanstha Limited,920.0,950.9,900.0,,900.0,880.0,20.0,,765.0,711365.0,16.0,50.89999999999998,5.532608695652171,2.272727272727273,44460.3125,929.8888888888889
2026-09-15T05:45:30+00:00,2026-09-15T11:30:30+05:45,2026-09-15,11:30:30,1789451130,1,5,11,nepse_official,OPEN,2026-09-15,SLCF,Sanima Large Cap Fund,9.25,9.25,9.25,,9.25,9.2,0.05000000000000071,,500.0,4625.0,1.0,0.0,0.0,0.543478260869573,4625.0,9.25
2026-09-15T05:45:30+00:00,2026-09-15T11:30:30+05:45,2026-09-15,11:30:30,1789451130,1,5,11,nepse_official,OPEN,2026-09-15,SMATA,Samata Gharelu Laghubitta Bittiya Sanstha Limited,735.0,735.0,710.0,,730.0,701.0,29.0,,906.0,659423.0,19.0,25.0,3.4013605442176873,4.136947218259629,34706.47368421053,727.8399558498896
2026-09-15T05:45:30+00:00,2026-09-15T11:30:30+05:45,2026-09-15,11:30:30,1789451130,1,5,11,nepse_official,OPEN,2026-09-15,SMB,Support Microfinance Bittiya Sanstha Ltd.,1888.0,1888.0,1831.4,,1831.4,1800.0,31.40000000000009,,60.0,112714.0,2.0,56.59999999999991,2.9978813559321984,1.7444444444444496,56357.0,1878.5666666666666
2026-09-15T05:45:30+00:00,2026-09-15T11:30:30+05:45,2026-09-15,11:30:30,1789451130,1,5,11,nepse_official,OPEN,2026-09-15,SMFBS,Swabhimaan Laghubitta Bittiya Sanstha Limited,1443.0,1443.0,1443.0,,1443.0,1401.0,42.0,,60.0,86580.0,3.0,0.0,0.0,2.9978586723768736,28860.0,1443.0
2026-09-15T05:45:30+00:00,2026-09-15T11:30:30+05:45,2026-09-15,11:30:30,1789451130,1,5,11,nepse_official,OPEN,2026-09-15,SMH,Super Mai Hydropower Limited,534.0,540.0,525.0,,528.0,523.1,4.899999999999977,,7923.0,4187680.3,50.0,15.0,2.8089887640449436,0.9367233798508845,83753.606,528.5473053136438
2026-09-15T05:45:30+00:00,2026-09-15T11:30:30+05:45,2026-09-15,11:30:30,1789451130,1,5,11,nepse_official,OPEN,2026-09-15,SMHL,Super Madi Hydropower Limited,470.0,483.0,465.0,,470.0,460.0,10.0,,20273.0,9622203.0,98.0,18.0,3.829787234042553,2.1739130434782608,98185.74489795919,474.6314309672964
2026-09-15T05:45:30+00:00,2026-09-15T11:30:30+05:45,2026-09-15,11:30:30,1789451130,1,5,11,nepse_official,OPEN,2026-09-15,SMJC,Sagarmatha Jalabidhyut Company Limited,432.0,432.0,415.0,,416.0,412.3,3.6999999999999886,,5708.0,2403958.0,41.0,17.0,3.935185185185185,0.8974048023283989,58633.12195121951,421.155921513665
2026-09-15T05:45:30+00:00,2026-09-15T11:30:30+05:45,2026-09-15,11:30:30,1789451130,1,5,11,nepse_official,OPEN,2026-09-15,SMPDA,Sampada Laghubitta Bittiya Sanstha Limited,778.0,778.0,755.0,,755.0,742.0,13.0,,751.0,568019.4,4.0,23.0,2.956298200514139,1.7520215633423182,142004.85,756.3507323568575
2026-09-15T05:45:30+00:00,2026-09-15T11:30:30+05:45,2026-09-15,11:30:30,1789451130,1,5,11,nepse_official,OPEN,2026-09-15,SNLI,Sun Nepal Life Insurance Company Limited,410.0,420.0,397.0,,405.0,396.8,8.199999999999989,,12057.0,4889601.2,78.0,23.0,5.609756097560976,2.0665322580645133,62687.194871794876,405.54044953139254
2026-09-15T05:45:30+00:00,2026-09-15T11:30:30+05:45,2026-09-15,11:30:30,1789451130,1,5,11,nepse_official,OPEN,2026-09-15,SNORL,Snow Rivers Limited,913.0,913.0,870.0,,883.0,870.0,13.0,,6878.0,6114820.9,81.0,43.0,4.70974808324206,1.4942528735632183,75491.61604938272,889.0405495783658
2026-09-15T05:45:30+00:00,2026-09-15T11:30:30+05:45,2026-09-15,11:30:30,1789451130,1,5,11,nepse_official,OPEN,2026-09-15,SOHL,Solu Hydropower Limited,660.0,674.0,655.1,,660.0,655.0,5.0,,56502.0,37484957.7,269.0,18.899999999999977,2.86363636363636,0.7633587786259541,139349.28513011153,663.4270946161198
2026-09-15T05:45:30+00:00,2026-09-15T11:30:30+05:45,2026-09-15,11:30:30,1789451130,1,5,11,nepse_official,OPEN,2026-09-15,SONA,Sonapur Minerals And Oil Limited,409.0,417.0,403.0,,406.3,397.0,9.300000000000011,,33833.0,13855829.9,141.0,14.0,3.4229828850855744,2.3425692695214133,98268.29716312057,409.535953063577
2026-09-15T05:45:30+00:00,2026-09-15T11:30:30+05:45,2026-09-15,11:30:30,1789451130,1,5,11,nepse_official,OPEN,2026-09-15,SOPL,Sopan Pharmaceuticals Limited,792.0,793.0,760.0,,765.3,754.9,10.399999999999977,,17650.0,13666567.3,194.0,33.0,4.166666666666666,1.3776659160153633,70446.22319587629,774.3097620396601
2026-09-15T05:45:30+00:00,2026-09-15T11:30:30+05:45,2026-09-15,11:30:30,1789451130,1,5,11,nepse_official,OPEN,2026-09-15,SPC,Samling Power Company Limited,417.5,429.0,397.7,,400.0,397.7,2.3000000000000114,,4227.0,1726216.0,34.0,31.30000000000001,7.497005988023956,0.5783253708825777,50771.05882352941,408.3785190442394
2026-09-15T05:45:30+00:00,2026-09-15T11:30:30+05:45,2026-09-15,11:30:30,1789451130,1,5,11,nepse_official,OPEN,2026-09-15,SPDL,Synergy Power Development Ltd.,370.0,390.0,359.0,,362.1,352.5,9.600000000000023,,27338.0,10018693.0,58.0,31.0,8.378378378378379,2.7234042553191555,172736.08620689655,366.47497988148365
2026-09-15T05:45:30+00:00,2026-09-15T11:30:30+05:45,2026-09-15,11:30:30,1789451130,1,5,11,nepse_official,OPEN,2026-09-15,SPHL,Sayapatri Hydropower Limited,551.0,551.0,516.0,,520.1,524.9,-4.7999999999999545,,2200.0,1145201.0,16.0,35.0,6.352087114337568,-0.9144598971232529,71575.0625,520.545909090909
2026-09-15T05:45:30+00:00,2026-09-15T11:30:30+05:45,2026-09-15,11:30:30,1789451130,1,5,11,nepse_official,OPEN,2026-09-15,SPIL,Siddhartha Premier Insurance Limited,622.0,635.0,622.0,,634.0,604.0,30.0,,280.0,177610.0,5.0,13.0,2.090032154340836,4.966887417218543,35522.0,634.3214285714286
2026-09-15T05:45:30+00:00,2026-09-15T11:30:30+05:45,2026-09-15,11:30:30,1789451130,1,5,11,nepse_official,OPEN,2026-09-15,SPL,Shuvam Power Limited,662.0,662.0,617.0,,617.0,631.3,-14.299999999999955,,400.0,258420.0,16.0,45.0,6.797583081570997,-2.265167115475995,16151.25,646.05
2026-09-15T05:45:30+00:00,2026-09-15T11:30:30+05:45,2026-09-15,11:30:30,1789451130,1,5,11,nepse_official,OPEN,2026-09-15,SRLI,Sanima Reliance Life Insurance Limited,379.0,379.0,365.4,,368.4,361.1,7.2999999999999545,,23018.0,8556921.3,62.0,13.600000000000023,3.588390501319267,2.021600664635822,138014.85967741936,371.74912242592757
2026-09-15T05:45:30+00:00,2026-09-15T11:30:30+05:45,2026-09-15,11:30:30,1789451130,1,5,11,nepse_official,OPEN,2026-09-15,SSHL,Shiva Shree Hydropower Ltd,215.0,217.3,210.0,,212.0,207.0,5.0,,125550.0,26889832.4,299.0,7.300000000000011,3.3953488372093075,2.4154589371980677,89932.54983277591,214.17628355236957
2026-09-15T05:45:30+00:00,2026-09-15T11:30:30+05:45,2026-09-15,11:30:30,1789451130,1,5,11,nepse_official,OPEN,2026-09-15,STC,Salt Trading Corporation,5722.0,6000.0,5645.0,,5650.0,5450.0,200.0,,994.0,5750815.7,33.0,355.0,6.204124432016778,3.669724770642202,174267.14242424243,5785.5288732394365
2026-09-15T05:45:30+00:00,2026-09-15T11:30:30+05:45,2026-09-15,11:30:30,1789451130,1,5,11,nepse_official,OPEN,2026-09-15,SWASTIK,Swastik Laghubitta Bittiya Sanstha Limited,1904.0,1961.1,1880.0,,1880.0,1815.0,65.0,,160.0,307195.0,7.0,81.09999999999991,4.2594537815126,3.581267217630854,43885.0,1919.96875
2026-09-15T05:45:30+00:00,2026-09-15T11:30:30+05:45,2026-09-15,11:30:30,1789451130,1,5,11,nepse_official,OPEN,2026-09-15,SWBBL,Swabalamban Laghubitta Bittiya Sanstha Limited,709.5,715.0,690.0,,693.0,688.9,4.100000000000023,,3920.0,2746374.4,41.0,25.0,3.5236081747709656,0.5951516911017598,66984.74146341463,700.6057142857143
2026-09-15T05:45:30+00:00,2026-09-15T11:30:30+05:45,2026-09-15,11:30:30,1789451130,1,5,11,nepse_official,OPEN,2026-09-15,SWMF,Suryodaya Womi Laghubitta Bittiya Sanstha Limited,610.0,610.0,595.0,,600.0,592.9,7.100000000000023,,1542.0,932571.0,20.0,15.0,2.459016393442623,1.1975037949063962,46628.55,604.7801556420234
2026-09-15T05:45:30+00:00,2026-09-15T11:30:30+05:45,2026-09-15,11:30:30,1789451130,1,5,11,nepse_official,OPEN,2026-09-15,SYPNL,SY Panel Nepal Limited,1380.0,1380.0,1335.0,,1342.0,1315.0,27.0,,30200.0,40905432.6,233.0,45.0,3.260869565217391,2.0532319391634983,175559.7965665236,1354.484523178808
2026-09-15T05:45:30+00:00,2026-09-15T11:30:30+05:45,2026-09-15,11:30:30,1789451130,1,5,11,nepse_official,OPEN,2026-09-15,TAMOR,Sanima Middle Tamor Hydropower Limited,525.0,539.0,517.0,,518.1,516.9,1.2000000000000455,,46305.0,24177146.5,158.0,22.0,4.190476190476191,0.23215322112595194,153019.91455696203,522.1282042975921
2026-09-15T05:45:30+00:00,2026-09-15T11:30:30+05:45,2026-09-15,11:30:30,1789451130,1,5,11,nepse_official,OPEN,2026-09-15,TPC,Terhathum Power Company Limited,379.0,379.0,365.0,,371.0,361.0,10.0,,11141.0,4137128.8,38.0,14.0,3.6939313984168867,2.7700831024930745,108871.81052631578,371.3426801902881
2026-09-15T05:45:30+00:00,2026-09-15T11:30:30+05:45,2026-09-15,11:30:30,1789451130,1,5,11,nepse_official,OPEN,2026-09-15,TPKHL,Taksar Pikhuwa Khola Hydropower Limited,520.0,533.0,508.0,,510.4,508.0,2.3999999999999773,,10819.0,5604792.0,119.0,25.0,4.807692307692308,0.47244094488188526,47099.09243697479,518.0508364913578
2026-09-15T05:45:30+00:00,2026-09-15T11:30:30+05:45,2026-09-15,11:30:30,1789451130,1,5,11,nepse_official,OPEN,2026-09-15,TRH,Taragaon Regency Hotel Limited,838.0,838.0,802.0,,802.0,799.0,3.0,,2060.0,1660887.5,15.0,36.0,4.295942720763723,0.37546933667083854,110725.83333333333,806.2560679611651
2026-09-15T05:45:30+00:00,2026-09-15T11:30:30+05:45,2026-09-15,11:30:30,1789451130,1,5,11,nepse_official,OPEN,2026-09-15,TSHL,Three Star Hydropower Limited,367.7,372.0,362.0,,363.0,357.0,6.0,,2278.0,832098.4,33.0,10.0,2.7196083763937993,1.680672268907563,25215.10303030303,365.2758560140474
2026-09-15T05:45:30+00:00,2026-09-15T11:30:30+05:45,2026-09-15,11:30:30,1789451130,1,5,11,nepse_official,OPEN,2026-09-15,TTL,Trade Tower Limited,728.0,735.0,705.1,,708.0,694.0,14.0,,4133.0,2973774.2,91.0,29.899999999999977,4.107142857142854,2.0172910662824206,32678.837362637365,719.5195257682071
2026-09-15T05:45:30+00:00,2026-09-15T11:30:30+05:45,2026-09-15,11:30:30,1789451130,1,5,11,nepse_official,OPEN,2026-09-15,TVCL,Trishuli Jal Vidhyut Company Limited ,315.0,329.0,307.0,,308.0,300.0,8.0,,4071.0,1263049.9,21.0,22.0,6.984126984126984,2.666666666666667,60145.23333333333,310.255440923606
2026-09-15T05:45:30+00:00,2026-09-15T11:30:30+05:45,2026-09-15,11:30:30,1789451130,1,5,11,nepse_official,OPEN,2026-09-15,UAIL,United Ajod Insurance Limited,396.0,396.0,379.0,,380.0,377.5,2.5,,10781.0,4110983.4,46.0,17.0,4.292929292929292,0.6622516556291391,89369.20434782609,381.31744736109823
2026-09-15T05:45:30+00:00,2026-09-15T11:30:30+05:45,2026-09-15,11:30:30,1789451130,1,5,11,nepse_official,OPEN,2026-09-15,UHEWA,Upper Hewakhola Hydropower Company Limited,622.0,622.0,580.0,,602.2,593.0,9.200000000000045,,10924.0,6573846.7,67.0,42.0,6.752411575562702,1.5514333895446957,98117.11492537314,601.7801812522886
2026-09-15T05:45:30+00:00,2026-09-15T11:30:30+05:45,2026-09-15,11:30:30,1789451130,1,5,11,nepse_official,OPEN,2026-09-15,ULBSL,Upakar Laghubitta Bittiya Sanstha Limited,2660.0,2660.0,2536.0,,2612.0,2536.0,76.0,,80.0,210480.0,6.0,124.0,4.661654135338346,2.996845425867508,35080.0,2631.0
2026-09-15T05:45:30+00:00,2026-09-15T11:30:30+05:45,2026-09-15,11:30:30,1789451130,1,5,11,nepse_official,OPEN,2026-09-15,ULHC,Upper Lohore Khola Hydropower Company Limited,347.0,347.0,338.0,,340.0,330.9,9.100000000000023,,30146.0,10241849.0,59.0,9.0,2.5936599423631126,2.7500755515261477,173590.66101694916,339.7415577522723
2026-09-15T05:45:30+00:00,2026-09-15T11:30:30+05:45,2026-09-15,11:30:30,1789451130,1,5,11,nepse_official,OPEN,2026-09-15,UMHL,United Modi Hydropower Ltd.,539.0,589.9,539.0,,552.1,550.0,2.1000000000000227,,17356.0,9743438.8,70.0,50.89999999999998,9.443413729128011,0.38181818181818594,139191.98285714287,561.3873473150496
2026-09-15T05:45:30+00:00,2026-09-15T11:30:30+05:45,2026-09-15,11:30:30,1789451130,1,5,11,nepse_official,OPEN,2026-09-15,UMRH,United IDI Mardi RB Hydropower Limited.,536.0,536.0,520.0,,520.0,511.2,8.800000000000011,,1825.0,952320.0,12.0,16.0,2.9850746268656714,1.721439749608766,79360.0,521.8191780821918
2026-09-15T05:45:30+00:00,2026-09-15T11:30:30+05:45,2026-09-15,11:30:30,1789451130,1,5,11,nepse_official,OPEN,2026-09-15,UNHPL,Union Hydropower Limited,370.0,374.0,362.0,,362.0,356.6,5.399999999999977,,10220.0,3760072.5,43.0,12.0,3.2432432432432434,1.5143017386427304,87443.54651162791,367.91316046966733
2026-09-15T05:45:30+00:00,2026-09-15T11:30:30+05:45,2026-09-15,11:30:30,1789451130,1,5,11,nepse_official,OPEN,2026-09-15,UNLB,Unique Nepal Laghubitta Bittiya Sanstha Limited,1256.4,1299.0,1254.3,,1260.1,1222.0,38.09999999999991,,300.0,378788.0,8.0,44.700000000000045,3.5577841451766985,3.1178396072013017,47348.5,1262.6266666666668
2026-09-15T05:45:30+00:00,2026-09-15T11:30:30+05:45,2026-09-15,11:30:30,1789451130,1,5,11,nepse_official,OPEN,2026-09-15,UPCL,UNIVERSAL POWER COMPANY LTD,350.0,360.0,342.1,,344.1,338.0,6.100000000000023,,31896.0,11193131.1,78.0,17.899999999999977,5.114285714285708,1.8047337278106577,143501.68076923076,350.92585590669677
2026-09-15T05:45:30+00:00,2026-09-15T11:30:30+05:45,2026-09-15,11:30:30,1789451130,1,5,11,nepse_official,OPEN,2026-09-15,UPPER,Upper Tamakoshi Hydropower Ltd,202.6,209.0,195.2,,197.0,193.0,4.0,,100544.0,20079588.3,315.0,13.800000000000011,6.811451135241861,2.072538860103627,63744.72476190476,199.7094635184596
2026-09-15T05:45:30+00:00,2026-09-15T11:30:30+05:45,2026-09-15,11:30:30,1789451130,1,5,11,nepse_official,OPEN,2026-09-15,USHEC,Upper Solu Hydro Electric Company Limited,522.9,522.9,500.0,,502.0,498.0,4.0,,4167.0,2101355.0,21.0,22.899999999999977,4.379422451711604,0.8032128514056224,100064.52380952382,504.28485721142306
2026-09-15T05:45:30+00:00,2026-09-15T11:30:30+05:45,2026-09-15,11:30:30,1789451130,1,5,11,nepse_official,OPEN,2026-09-15,USHL,Upper Syange Hydropower Limited,530.0,539.0,510.0,,515.0,520.0,-5.0,,2310.0,1204861.1,13.0,29.0,5.471698113207547,-0.9615384615384616,92681.62307692309,521.5848917748918
2026-09-15T05:45:30+00:00,2026-09-15T11:30:30+05:45,2026-09-15,11:30:30,1789451130,1,5,11,nepse_official,OPEN,2026-09-15,USLB,Unnati Sahakarya Laghubitta Bittiya Sanstha Limited,1059.0,1059.0,1030.0,,1040.0,1010.0,30.0,,406.0,422188.0,11.0,29.0,2.7384324834749765,2.9702970297029703,38380.72727272727,1039.871921182266
2026-09-15T05:45:30+00:00,2026-09-15T11:30:30+05:45,2026-09-15,11:30:30,1789451130,1,5,11,nepse_official,OPEN,2026-09-15,VLBS,Vijaya laghubitta Bittiya Sanstha Ltd.,650.0,650.0,624.0,,624.0,620.0,4.0,,442.0,278146.0,7.0,26.0,4.0,0.6451612903225806,39735.142857142855,629.289592760181
2026-09-15T05:45:30+00:00,2026-09-15T11:30:30+05:45,2026-09-15,11:30:30,1789451130,1,5,11,nepse_official,OPEN,2026-09-15,VLUCL,Vision Lumbini Urja Company Limited ,404.0,404.0,390.0,,398.8,385.0,13.800000000000011,,3201.0,1266016.0,24.0,14.0,3.4653465346534658,3.5844155844155874,52750.666666666664,395.5064042486723
2026-09-15T05:45:30+00:00,2026-09-15T11:30:30+05:45,2026-09-15,11:30:30,1789451130,1,5,11,nepse_official,OPEN,2026-09-15,YMHL,Yambaling Hydropower Limited,580.0,599.0,563.0,,573.0,562.0,11.0,,10260.0,5892769.8,108.0,36.0,6.206896551724138,1.9572953736654803,54562.683333333334,574.3440350877192
