scraped_at_utc,scraped_at_npt,npt_date,npt_time,scraped_epoch,weekday,hour_utc,hour_npt,price_source,is_market_open,business_date,symbol,security_name,open_price,high_price,low_price,close_price,last_traded_price,previous_closing_price,point_change,percentage_change,total_traded_quantity,total_traded_value,total_trades,intraday_range,intraday_range_pct_of_open,return_from_prev_close_pct,turnover_per_trade,vwap_proxy
2026-09-01T05:45:31+00:00,2026-09-01T11:30:31+05:45,2026-09-01,11:30:31,1788241531,1,5,11,nepse_official,OPEN,2026-09-01,ADBL,Agricultural Development Bank Limited,295.5,295.5,293.1,,293.1,295.5,-2.3999999999999773,,3270.0,962404.3,22.0,2.3999999999999773,0.8121827411167435,-0.8121827411167435,43745.65,294.3132415902141
2026-09-01T05:45:31+00:00,2026-09-01T11:30:31+05:45,2026-09-01,11:30:31,1788241531,1,5,11,nepse_official,OPEN,2026-09-01,AHPC,Arun Valley Hydropower Development Co. Ltd.,247.6,248.0,246.5,,247.0,247.5,-0.5,,14429.0,3565009.9,21.0,1.5,0.6058158319870759,-0.20202020202020202,169762.37619047618,247.07255527063552
2026-09-01T05:45:31+00:00,2026-09-01T11:30:31+05:45,2026-09-01,11:30:31,1788241531,1,5,11,nepse_official,OPEN,2026-09-01,AKJCL,Ankhu Khola Jalvidhyut Company Ltd,332.1,339.0,332.1,,338.0,336.9,1.1000000000000227,,21478.0,7240619.6,39.0,6.899999999999977,2.077687443541095,0.3265063817156494,185656.9128205128,337.11796256634693
2026-09-01T05:45:31+00:00,2026-09-01T11:30:31+05:45,2026-09-01,11:30:31,1788241531,1,5,11,nepse_official,OPEN,2026-09-01,AKPL,Arun Kabeli Power Ltd.,240.0,241.0,237.0,,239.2,241.0,-1.8000000000000114,,1672.0,399289.4,16.0,4.0,1.6666666666666667,-0.7468879668049839,24955.5875,238.80944976076557
2026-09-01T05:45:31+00:00,2026-09-01T11:30:31+05:45,2026-09-01,11:30:31,1788241531,1,5,11,nepse_official,OPEN,2026-09-01,ALBSL,Asha Laghubitta Bittiya Sanstha Ltd,1065.0,1083.9,1065.0,,1065.0,1084.0,-19.0,,80.0,85629.0,5.0,18.90000000000009,1.7746478873239522,-1.7527675276752765,17125.8,1070.3625
2026-09-01T05:45:31+00:00,2026-09-01T11:30:31+05:45,2026-09-01,11:30:31,1788241531,1,5,11,nepse_official,OPEN,2026-09-01,ALICL,Asian Life Insurance Co. Limited,390.2,392.0,388.0,,388.0,393.9,-5.899999999999977,,2663.0,1035878.0,16.0,4.0,1.0251153254741159,-1.4978420919014923,64742.375,388.98911002628614
2026-09-01T05:45:31+00:00,2026-09-01T11:30:31+05:45,2026-09-01,11:30:31,1788241531,1,5,11,nepse_official,OPEN,2026-09-01,ANLB,Aatmanirbhar Laghubitta Bittiya Sanstha Limited,4800.0,5450.0,4800.0,,4817.0,4944.0,-127.0,,541.0,2693756.0,39.0,650.0,13.541666666666666,-2.5687702265372168,69070.66666666667,4979.216266173752
2026-09-01T05:45:31+00:00,2026-09-01T11:30:31+05:45,2026-09-01,11:30:31,1788241531,1,5,11,nepse_official,OPEN,2026-09-01,APHL,Appolo Hydropower Limited,655.1,661.1,651.1,,658.0,670.6,-12.600000000000023,,306.0,200967.9,17.0,10.0,1.5264845061822623,-1.8789144050104418,11821.641176470588,656.7578431372549
2026-09-01T05:45:31+00:00,2026-09-01T11:30:31+05:45,2026-09-01,11:30:31,1788241531,1,5,11,nepse_official,OPEN,2026-09-01,API,Api Power Company Ltd.,320.0,324.0,320.0,,324.0,322.2,1.8000000000000114,,12314.0,3961072.5,62.0,4.0,1.25,0.5586592178770986,63888.26612903226,321.6722835796654
2026-09-01T05:45:31+00:00,2026-09-01T11:30:31+05:45,2026-09-01,11:30:31,1788241531,1,5,11,nepse_official,OPEN,2026-09-01,AVYAN,Aviyan Laghubitta Bittiya Sanstha Limited,976.0,976.0,976.0,,976.0,1000.0,-24.0,,10.0,9760.0,1.0,0.0,0.0,-2.4,9760.0,976.0
2026-09-01T05:45:31+00:00,2026-09-01T11:30:31+05:45,2026-09-01,11:30:31,1788241531,1,5,11,nepse_official,OPEN,2026-09-01,BANDIPUR,Bandipur Cablecar and Tourism Limited,635.0,635.0,631.0,,635.0,638.9,-3.8999999999999773,,702.0,445422.0,18.0,4.0,0.6299212598425197,-0.6104241665362306,24745.666666666668,634.5042735042736
2026-09-01T05:45:31+00:00,2026-09-01T11:30:31+05:45,2026-09-01,11:30:31,1788241531,1,5,11,nepse_official,OPEN,2026-09-01,BARUN,Barun Hydropower Co. Ltd.,310.0,310.0,300.1,,304.0,309.0,-5.0,,7262.0,2192543.0,31.0,9.899999999999977,3.1935483870967665,-1.6181229773462782,70727.19354838709,301.9199944918755
2026-09-01T05:45:31+00:00,2026-09-01T11:30:31+05:45,2026-09-01,11:30:31,1788241531,1,5,11,nepse_official,OPEN,2026-09-01,BBC,Bishal Bazar Company Limited,4000.0,4000.0,3901.0,,3901.0,4000.0,-99.0,,20.0,79010.0,2.0,99.0,2.475,-2.475,39505.0,3950.5
2026-09-01T05:45:31+00:00,2026-09-01T11:30:31+05:45,2026-09-01,11:30:31,1788241531,1,5,11,nepse_official,OPEN,2026-09-01,BEDC,Bhugol Energy Development Company Limited,270.0,277.0,270.0,,275.0,278.0,-3.0,,420.0,115235.0,8.0,7.0,2.5925925925925926,-1.079136690647482,14404.375,274.3690476190476
2026-09-01T05:45:31+00:00,2026-09-01T11:30:31+05:45,2026-09-01,11:30:31,1788241531,1,5,11,nepse_official,OPEN,2026-09-01,BFC,Best Finance Company Ltd.,458.9,458.9,450.0,,450.0,448.5,1.5,,510.0,229589.0,2.0,8.899999999999977,1.9394203530180818,0.33444816053511706,114794.5,450.1745098039216
2026-09-01T05:45:31+00:00,2026-09-01T11:30:31+05:45,2026-09-01,11:30:31,1788241531,1,5,11,nepse_official,OPEN,2026-09-01,BGWT,Bhagawati Hydropower Development Company Limited,480.0,480.0,480.0,,480.0,493.0,-13.0,,21.0,10080.0,2.0,0.0,0.0,-2.636916835699797,5040.0,480.0
2026-09-01T05:45:31+00:00,2026-09-01T11:30:31+05:45,2026-09-01,11:30:31,1788241531,1,5,11,nepse_official,OPEN,2026-09-01,BHCL,Bikash Hydropower Company Limited,530.0,550.0,530.0,,550.0,545.0,5.0,,732.0,397060.4,28.0,20.0,3.7735849056603774,0.9174311926605505,14180.728571428572,542.4322404371585
2026-09-01T05:45:31+00:00,2026-09-01T11:30:31+05:45,2026-09-01,11:30:31,1788241531,1,5,11,nepse_official,OPEN,2026-09-01,BHDC,Bindhyabasini Hydropower Development Company Limited,406.0,406.0,406.0,,406.0,406.0,0.0,,111.0,45066.0,2.0,0.0,0.0,0.0,22533.0,406.0
2026-09-01T05:45:31+00:00,2026-09-01T11:30:31+05:45,2026-09-01,11:30:31,1788241531,1,5,11,nepse_official,OPEN,2026-09-01,BHL,Balephi Hydropower Limited,195.3,195.5,195.3,,195.4,195.3,0.09999999999999432,,8174.0,1596985.0,33.0,0.19999999999998863,0.10240655401945141,0.051203277009725705,48393.48484848485,195.37374602397847
2026-09-01T05:45:31+00:00,2026-09-01T11:30:31+05:45,2026-09-01,11:30:31,1788241531,1,5,11,nepse_official,OPEN,2026-09-01,BHPL,Barahi Hydropower Public Limited,454.0,454.0,433.3,,433.3,433.0,0.30000000000001137,,220.0,98193.0,3.0,20.69999999999999,4.559471365638764,0.06928406466512964,32731.0,446.33181818181816
2026-09-01T05:45:31+00:00,2026-09-01T11:30:31+05:45,2026-09-01,11:30:31,1788241531,1,5,11,nepse_official,OPEN,2026-09-01,BJHL,Bhujung Hydropower Limited,639.0,639.0,627.5,,628.0,639.0,-11.0,,30.0,18945.0,3.0,11.5,1.7996870109546166,-1.7214397496087637,6315.0,631.5
2026-09-01T05:45:31+00:00,2026-09-01T11:30:31+05:45,2026-09-01,11:30:31,1788241531,1,5,11,nepse_official,OPEN,2026-09-01,BNHC,Buddha Bhumi Nepal Hydropower Company Limited,254.0,254.0,247.5,,247.5,252.0,-4.5,,710.0,176743.0,9.0,6.5,2.559055118110236,-1.7857142857142856,19638.11111111111,248.93380281690142
2026-09-01T05:45:31+00:00,2026-09-01T11:30:31+05:45,2026-09-01,11:30:31,1788241531,1,5,11,nepse_official,OPEN,2026-09-01,BPCL,Butwal Power Company Limited,625.5,640.0,625.5,,640.0,627.0,13.0,,897.0,566582.0,11.0,14.5,2.3181454836131095,2.073365231259968,51507.454545454544,631.6410256410256
2026-09-01T05:45:31+00:00,2026-09-01T11:30:31+05:45,2026-09-01,11:30:31,1788241531,1,5,11,nepse_official,OPEN,2026-09-01,BUNGAL,Bungal Hydro Limited,505.0,510.0,500.0,,510.0,510.1,-0.10000000000002274,,3885.0,1969440.5,37.0,10.0,1.9801980198019802,-0.01960399921584449,53228.12162162162,506.9344916344916
2026-09-01T05:45:31+00:00,2026-09-01T11:30:31+05:45,2026-09-01,11:30:31,1788241531,1,5,11,nepse_official,OPEN,2026-09-01,CBBL,Chhimek Laghubitta Bittiya Sanstha Limited,939.2,939.2,923.0,,933.0,921.0,12.0,,2259.0,2101586.1,18.0,16.200000000000045,1.7248722316865466,1.3029315960912053,116754.78333333334,930.3169986719788
2026-09-01T05:45:31+00:00,2026-09-01T11:30:31+05:45,2026-09-01,11:30:31,1788241531,1,5,11,nepse_official,OPEN,2026-09-01,CFCL,Central Finance Co. Ltd.,567.0,581.0,567.0,,581.0,580.0,1.0,,2049.0,1186922.0,8.0,14.0,2.4691358024691357,0.1724137931034483,148365.25,579.2689116642265
2026-09-01T05:45:31+00:00,2026-09-01T11:30:31+05:45,2026-09-01,11:30:31,1788241531,1,5,11,nepse_official,OPEN,2026-09-01,CGH,Chandragiri Hills Limited,760.0,760.4,760.0,,760.3,763.1,-2.800000000000068,,726.0,551938.7,8.0,0.39999999999997726,0.05263157894736543,-0.3669243873673264,68992.3375,760.2461432506886
2026-09-01T05:45:31+00:00,2026-09-01T11:30:31+05:45,2026-09-01,11:30:31,1788241531,1,5,11,nepse_official,OPEN,2026-09-01,CHCL,Chilime Hydropower Company Limited,350.0,385.0,350.0,,368.6,362.5,6.100000000000023,,87552.0,31710698.5,383.0,35.0,10.0,1.6827586206896612,82795.55744125326,362.1927368877924
2026-09-01T05:45:31+00:00,2026-09-01T11:30:31+05:45,2026-09-01,11:30:31,1788241531,1,5,11,nepse_official,OPEN,2026-09-01,CHDC,CEDB Holdings Limited,2185.0,2185.0,2131.0,,2134.0,2144.9,-10.900000000000091,,49.0,105035.5,5.0,54.0,2.471395881006865,-0.5081821996363509,21007.1,2143.581632653061
2026-09-01T05:45:31+00:00,2026-09-01T11:30:31+05:45,2026-09-01,11:30:31,1788241531,1,5,11,nepse_official,OPEN,2026-09-01,CHL,Chhyangdi Hydropower Ltd.,244.0,244.0,239.0,,240.3,244.0,-3.6999999999999886,,540.0,129539.0,6.0,5.0,2.0491803278688523,-1.5163934426229462,21589.833333333332,239.88703703703703
2026-09-01T05:45:31+00:00,2026-09-01T11:30:31+05:45,2026-09-01,11:30:31,1788241531,1,5,11,nepse_official,OPEN,2026-09-01,CIT,Citizen Investment Trust,1652.2,1652.2,1621.1,,1626.0,1652.2,-26.200000000000045,,5121.0,8372637.6,54.0,31.100000000000136,1.8823386999152727,-1.5857644352983928,155048.84444444443,1634.961452841242
2026-09-01T05:45:31+00:00,2026-09-01T11:30:31+05:45,2026-09-01,11:30:31,1788241531,1,5,11,nepse_official,OPEN,2026-09-01,CITY,City Hotel Limited,339.0,345.0,339.0,,341.1,339.0,2.1000000000000227,,4207.0,1444663.0,24.0,6.0,1.7699115044247788,0.6194690265486792,60194.291666666664,343.39505585928214
2026-09-01T05:45:31+00:00,2026-09-01T11:30:31+05:45,2026-09-01,11:30:31,1788241531,1,5,11,nepse_official,OPEN,2026-09-01,CKHL,Chirkhwa Hydropower Limited ,545.0,545.0,545.0,,545.0,553.1,-8.100000000000023,,10.0,5450.0,1.0,0.0,0.0,-1.4644729705297455,5450.0,545.0
2026-09-01T05:45:31+00:00,2026-09-01T11:30:31+05:45,2026-09-01,11:30:31,1788241531,1,5,11,nepse_official,OPEN,2026-09-01,CLI,Citizen Life Insurance Company Limited,412.0,413.0,410.2,,412.0,412.3,-0.30000000000001137,,837.0,344031.7,25.0,2.8000000000000114,0.6796116504854397,-0.07276255154014342,13761.268,411.02951015531664
2026-09-01T05:45:31+00:00,2026-09-01T11:30:31+05:45,2026-09-01,11:30:31,1788241531,1,5,11,nepse_official,OPEN,2026-09-01,CORBL,Corporate Development Bank Limited,836.5,894.9,836.5,,879.9,880.5,-0.6000000000000227,,815.0,712457.3,22.0,58.39999999999998,6.981470412432753,-0.06814310051107583,32384.42272727273,874.1807361963191
2026-09-01T05:45:31+00:00,2026-09-01T11:30:31+05:45,2026-09-01,11:30:31,1788241531,1,5,11,nepse_official,OPEN,2026-09-01,CREST,Crest Micro Life Insurance Limited,1040.0,1040.0,1040.0,,1040.0,1044.0,-4.0,,10.0,10400.0,1.0,0.0,0.0,-0.38314176245210724,10400.0,1040.0
2026-09-01T05:45:31+00:00,2026-09-01T11:30:31+05:45,2026-09-01,11:30:31,1788241531,1,5,11,nepse_official,OPEN,2026-09-01,CSY,Citizens Santulit Yojana,8.01,8.04,8.01,,8.04,8.21,-0.1700000000000017,,800.0,6423.0,4.0,0.02999999999999936,0.37453183520598454,-2.070645554202213,1605.75,8.02875
2026-09-01T05:45:31+00:00,2026-09-01T11:30:31+05:45,2026-09-01,11:30:31,1788241531,1,5,11,nepse_official,OPEN,2026-09-01,CYCL,CYC Nepal Laghubitta Bittiya Sanstha Limited,1534.3,1697.0,1521.0,,1537.0,1615.0,-78.0,,993.0,1588134.3,27.0,176.0,11.471029133806947,-4.829721362229102,58819.78888888889,1599.3296072507553
2026-09-01T05:45:31+00:00,2026-09-01T11:30:31+05:45,2026-09-01,11:30:31,1788241531,1,5,11,nepse_official,OPEN,2026-09-01,CZBIL,Citizens Bank International Limited,201.6,201.6,190.7,,191.1,192.0,-0.9000000000000057,,323.0,61910.3,8.0,10.900000000000006,5.406746031746035,-0.46875000000000294,7738.7875,191.67275541795667
2026-09-01T05:45:31+00:00,2026-09-01T11:30:31+05:45,2026-09-01,11:30:31,1788241531,1,5,11,nepse_official,OPEN,2026-09-01,DDBL,Deprosc Laghubitta Bittiya Sanstha Limited,822.0,822.0,822.0,,822.0,822.1,-0.10000000000002274,,100.0,82200.0,1.0,0.0,0.0,-0.012163970319915186,82200.0,822.0
2026-09-01T05:45:31+00:00,2026-09-01T11:30:31+05:45,2026-09-01,11:30:31,1788241531,1,5,11,nepse_official,OPEN,2026-09-01,DHEL,Daramkhola Hydro Energy Limited,530.0,540.0,530.0,,536.0,543.0,-7.0,,255.0,136735.0,15.0,10.0,1.8867924528301887,-1.289134438305709,9115.666666666666,536.2156862745098
2026-09-01T05:45:31+00:00,2026-09-01T11:30:31+05:45,2026-09-01,11:30:31,1788241531,1,5,11,nepse_official,OPEN,2026-09-01,DLBS,Dhaulagiri Laghubitta Bittiya Sanstha Limited,990.0,990.0,990.0,,990.0,990.0,0.0,,10.0,9900.0,1.0,0.0,0.0,0.0,9900.0,990.0
2026-09-01T05:45:31+00:00,2026-09-01T11:30:31+05:45,2026-09-01,11:30:31,1788241531,1,5,11,nepse_official,OPEN,2026-09-01,DOLTI,Dolti Power Company Limited,282.0,285.1,282.0,,284.9,282.0,2.8999999999999773,,270.0,76894.0,4.0,3.1000000000000227,1.0992907801418519,1.0283687943262332,19223.5,284.7925925925926
2026-09-01T05:45:31+00:00,2026-09-01T11:30:31+05:45,2026-09-01,11:30:31,1788241531,1,5,11,nepse_official,OPEN,2026-09-01,DORDI,Dordi Khola Jal Bidyut Company Limited,233.1,239.0,233.1,,239.0,236.1,2.9000000000000057,,5672.0,1345741.2,22.0,5.900000000000006,2.5311025311025337,1.2282930961457035,61170.05454545454,237.260437235543
2026-09-01T05:45:31+00:00,2026-09-01T11:30:31+05:45,2026-09-01,11:30:31,1788241531,1,5,11,nepse_official,OPEN,2026-09-01,EBL,Everest Bank Limited,712.0,712.0,707.0,,710.0,711.9,-1.8999999999999773,,1858.0,1315939.5,20.0,5.0,0.7022471910112359,-0.266891417333892,65796.975,708.2559203444564
2026-09-01T05:45:31+00:00,2026-09-01T11:30:31+05:45,2026-09-01,11:30:31,1788241531,1,5,11,nepse_official,OPEN,2026-09-01,ECL,Everest Colour Limited,1320.0,1345.0,1315.0,,1328.0,1320.0,8.0,,840.0,1109588.0,37.0,30.0,2.272727272727273,0.6060606060606061,29988.864864864863,1320.9380952380952
2026-09-01T05:45:31+00:00,2026-09-01T11:30:31+05:45,2026-09-01,11:30:31,1788241531,1,5,11,nepse_official,OPEN,2026-09-01,EHPL,Eastern Hydropower Limited,309.0,318.0,295.9,,295.9,300.0,-4.100000000000023,,511.0,153033.5,11.0,22.100000000000023,7.152103559870558,-1.3666666666666742,13912.136363636364,299.4784735812133
2026-09-01T05:45:31+00:00,2026-09-01T11:30:31+05:45,2026-09-01,11:30:31,1788241531,1,5,11,nepse_official,OPEN,2026-09-01,FMDBL,First Micro Finance Laghubitta Bittiya Sanstha Limited,720.1,720.1,701.1,,710.0,720.0,-10.0,,10021.0,7051201.3,10.0,19.0,2.638522427440633,-1.3888888888888888,705120.13,703.6424807903403
2026-09-01T05:45:31+00:00,2026-09-01T11:30:31+05:45,2026-09-01,11:30:31,1788241531,1,5,11,nepse_official,OPEN,2026-09-01,GBBL,Garima Bikas Bank Limited,418.5,420.0,418.5,,420.0,420.1,-0.10000000000002274,,1781.0,746555.5,4.0,1.5,0.35842293906810035,-0.023803856224713812,186638.875,419.1777091521617
2026-09-01T05:45:31+00:00,2026-09-01T11:30:31+05:45,2026-09-01,11:30:31,1788241531,1,5,11,nepse_official,OPEN,2026-09-01,GBIME,Global IME Bank Limited,240.0,241.8,240.0,,240.0,240.0,0.0,,8169.0,1960794.3,26.0,1.8000000000000114,0.7500000000000048,0.0,75415.1653846154,240.02868160117518
2026-09-01T05:45:31+00:00,2026-09-01T11:30:31+05:45,2026-09-01,11:30:31,1788241531,1,5,11,nepse_official,OPEN,2026-09-01,GBLBS,Grameen Bikas Laghubitta Bittiya Sanstha Ltd.,655.0,655.0,654.5,,654.5,660.0,-5.5,,29.0,18990.0,2.0,0.5,0.07633587786259542,-0.8333333333333334,9495.0,654.8275862068965
2026-09-01T05:45:31+00:00,2026-09-01T11:30:31+05:45,2026-09-01,11:30:31,1788241531,1,5,11,nepse_official,OPEN,2026-09-01,GCIL,Ghorahi Cement Industry Limited,399.2,402.0,388.0,,390.0,398.0,-8.0,,10048.0,3943792.1,122.0,14.0,3.5070140280561124,-2.0100502512562812,32326.16475409836,392.4952328821656
2026-09-01T05:45:31+00:00,2026-09-01T11:30:31+05:45,2026-09-01,11:30:31,1788241531,1,5,11,nepse_official,OPEN,2026-09-01,GFCL,Goodwill Finance Limited,562.1,562.1,562.1,,562.1,569.0,-6.899999999999977,,70.0,39347.0,2.0,0.0,0.0,-1.2126537785588711,19673.5,562.1
2026-09-01T05:45:31+00:00,2026-09-01T11:30:31+05:45,2026-09-01,11:30:31,1788241531,1,5,11,nepse_official,OPEN,2026-09-01,GHL,Ghalemdi Hydro Limited,220.0,220.0,215.3,,220.0,220.0,0.0,,3366.0,732056.0,37.0,4.699999999999989,2.136363636363631,0.0,19785.297297297297,217.48544266191325
2026-09-01T05:45:31+00:00,2026-09-01T11:30:31+05:45,2026-09-01,11:30:31,1788241531,1,5,11,nepse_official,OPEN,2026-09-01,GILB,Global IME Laghubitta Bittiya Sanstha Ltd.,1085.4,1085.4,1085.4,,1085.4,1070.0,15.400000000000091,,10.0,10854.0,1.0,0.0,0.0,1.4392523364486067,10854.0,1085.4
2026-09-01T05:45:31+00:00,2026-09-01T11:30:31+05:45,2026-09-01,11:30:31,1788241531,1,5,11,nepse_official,OPEN,2026-09-01,GLBSL,Gurans Laghubitta Bittiya Sanstha Limited,1628.7,1628.7,1628.7,,1628.7,1679.0,-50.299999999999955,,17.0,27687.9,1.0,0.0,0.0,-2.9958308516974363,27687.9,1628.7
2026-09-01T05:45:31+00:00,2026-09-01T11:30:31+05:45,2026-09-01,11:30:31,1788241531,1,5,11,nepse_official,OPEN,2026-09-01,GLH,GreenLife Hydropower Limited,240.0,241.0,238.2,,241.0,241.4,-0.4000000000000057,,2461.0,589797.2,19.0,2.8000000000000114,1.1666666666666714,-0.16570008285004378,31041.95789473684,239.657537586347
2026-09-01T05:45:31+00:00,2026-09-01T11:30:31+05:45,2026-09-01,11:30:31,1788241531,1,5,11,nepse_official,OPEN,2026-09-01,GMLI,Guardian Micro Life Insurance Limited ,905.2,950.0,905.2,,921.5,933.0,-11.5,,30.0,27767.0,3.0,44.799999999999955,4.949182501104723,-1.232583065380493,9255.666666666666,925.5666666666667
2026-09-01T05:45:31+00:00,2026-09-01T11:30:31+05:45,2026-09-01,11:30:31,1788241531,1,5,11,nepse_official,OPEN,2026-09-01,GRDBL,Green Development Bank Ltd.,957.8,957.8,957.8,,957.8,978.9,-21.100000000000023,,10.0,9578.0,1.0,0.0,0.0,-2.1554806415364207,9578.0,957.8
2026-09-01T05:45:31+00:00,2026-09-01T11:30:31+05:45,2026-09-01,11:30:31,1788241531,1,5,11,nepse_official,OPEN,2026-09-01,GSY,Garima Samriddhi Yojana,8.5,8.9,8.5,,8.9,8.92,-0.019999999999999574,,700.0,6189.0,3.0,0.40000000000000036,4.70588235294118,-0.22421524663676654,2063.0,8.84142857142857
2026-09-01T05:45:31+00:00,2026-09-01T11:30:31+05:45,2026-09-01,11:30:31,1788241531,1,5,11,nepse_official,OPEN,2026-09-01,GUFL,Gurkhas Finance Ltd.,490.0,490.0,490.0,,490.0,495.0,-5.0,,15.0,7350.0,1.0,0.0,0.0,-1.0101010101010102,7350.0,490.0
2026-09-01T05:45:31+00:00,2026-09-01T11:30:31+05:45,2026-09-01,11:30:31,1788241531,1,5,11,nepse_official,OPEN,2026-09-01,GVL,Green Ventures Limited,468.0,472.0,468.0,,468.0,472.0,-4.0,,471.0,222224.0,3.0,4.0,0.8547008547008548,-0.847457627118644,74074.66666666667,471.81316348195327
2026-09-01T05:45:31+00:00,2026-09-01T11:30:31+05:45,2026-09-01,11:30:31,1788241531,1,5,11,nepse_official,OPEN,2026-09-01,HATHY,Hathway Investment Nepal Limited,590.0,618.0,590.0,,599.5,600.0,-0.5,,1185.0,716450.4,19.0,28.0,4.745762711864407,-0.08333333333333334,37707.915789473685,604.5994936708861
2026-09-01T05:45:31+00:00,2026-09-01T11:30:31+05:45,2026-09-01,11:30:31,1788241531,1,5,11,nepse_official,OPEN,2026-09-01,HBL,Himalayan Bank Limited,185.5,187.0,185.5,,185.5,186.8,-1.3000000000000114,,2780.0,517886.0,54.0,1.5,0.8086253369272237,-0.695931477516066,9590.481481481482,186.28992805755396
2026-09-01T05:45:31+00:00,2026-09-01T11:30:31+05:45,2026-09-01,11:30:31,1788241531,1,5,11,nepse_official,OPEN,2026-09-01,HDHPC,Himal Dolakha Hydropower Company Limited,198.0,198.0,194.0,,197.0,195.5,1.5,,14339.0,2805749.5,37.0,4.0,2.0202020202020203,0.7672634271099744,75831.06756756757,195.67260617895252
2026-09-01T05:45:31+00:00,2026-09-01T11:30:31+05:45,2026-09-01,11:30:31,1788241531,1,5,11,nepse_official,OPEN,2026-09-01,HDL,Himalayan Distillery Limited,1160.0,1163.5,1157.1,,1157.1,1157.0,0.09999999999990905,,643.0,745123.8,18.0,6.400000000000091,0.5517241379310424,0.008643042350899658,41395.76666666667,1158.8239502332815
2026-09-01T05:45:31+00:00,2026-09-01T11:30:31+05:45,2026-09-01,11:30:31,1788241531,1,5,11,nepse_official,OPEN,2026-09-01,HEI,Himalayan Everest Insurance Limited,450.0,455.0,450.0,,451.3,459.0,-7.699999999999989,,1090.0,495565.0,3.0,5.0,1.1111111111111112,-1.6775599128540282,165188.33333333334,454.6467889908257
2026-09-01T05:45:31+00:00,2026-09-01T11:30:31+05:45,2026-09-01,11:30:31,1788241531,1,5,11,nepse_official,OPEN,2026-09-01,HEIP,Himalayan Everest Insurance Limited Promoter,308.5,308.5,308.5,,308.5,318.0,-9.5,,500.0,154250.0,1.0,0.0,0.0,-2.9874213836477987,154250.0,308.5
2026-09-01T05:45:31+00:00,2026-09-01T11:30:31+05:45,2026-09-01,11:30:31,1788241531,1,5,11,nepse_official,OPEN,2026-09-01,HFIN,Hotel Forest Inn Limited,610.0,618.9,605.0,,610.0,612.0,-2.0,,1165.0,707250.0,40.0,13.899999999999977,2.27868852459016,-0.32679738562091504,17681.25,607.0815450643777
2026-09-01T05:45:31+00:00,2026-09-01T11:30:31+05:45,2026-09-01,11:30:31,1788241531,1,5,11,nepse_official,OPEN,2026-09-01,HHL,Himalayan Hydropower Limited,311.1,315.0,311.1,,311.8,317.0,-5.199999999999989,,60.0,18723.0,6.0,3.8999999999999773,1.2536162005785847,-1.6403785488958953,3120.5,312.05
2026-09-01T05:45:31+00:00,2026-09-01T11:30:31+05:45,2026-09-01,11:30:31,1788241531,1,5,11,nepse_official,OPEN,2026-09-01,HIDCL,Hydorelectricity Investment and Development Company Ltd,235.1,239.0,235.0,,235.6,236.8,-1.200000000000017,,13477.0,3171503.0,40.0,4.0,1.7014036580178649,-0.5067567567567639,79287.575,235.3270757587
2026-09-01T05:45:31+00:00,2026-09-01T11:30:31+05:45,2026-09-01,11:30:31,1788241531,1,5,11,nepse_official,OPEN,2026-09-01,HIDCLP,Hydorelectricity Investment and Development Company Limited Promoter,181.0,181.0,179.0,,179.1,179.0,0.09999999999999432,,3065.0,549015.5,10.0,2.0,1.1049723756906076,0.05586592178770633,54901.55,179.1241435562806
2026-09-01T05:45:31+00:00,2026-09-01T11:30:31+05:45,2026-09-01,11:30:31,1788241531,1,5,11,nepse_official,OPEN,2026-09-01,HIMSTAR,Him Star Urja Company Limited,623.0,626.0,623.0,,626.0,640.0,-14.0,,50.0,31226.0,5.0,3.0,0.4815409309791332,-2.1875,6245.2,624.52
2026-09-01T05:45:31+00:00,2026-09-01T11:30:31+05:45,2026-09-01,11:30:31,1788241531,1,5,11,nepse_official,OPEN,2026-09-01,HLI,Himalayan Life Insurance Limited,290.1,290.1,286.2,,290.0,287.0,3.0,,5440.0,1573571.4,34.0,3.900000000000034,1.3443640124095257,1.0452961672473868,46281.51176470588,289.25944852941177
2026-09-01T05:45:31+00:00,2026-09-01T11:30:31+05:45,2026-09-01,11:30:31,1788241531,1,5,11,nepse_official,OPEN,2026-09-01,HPPL,Himalayan Power Partner Ltd.,367.7,367.7,356.0,,358.6,358.0,0.6000000000000227,,1965.0,703130.0,16.0,11.699999999999989,3.1819418003807423,0.16759776536313484,43945.625,357.8269720101781
2026-09-01T05:45:31+00:00,2026-09-01T11:30:31+05:45,2026-09-01,11:30:31,1788241531,1,5,11,nepse_official,OPEN,2026-09-01,HRL,Himalayan Reinsurance Limited,520.0,520.0,504.0,,509.1,515.0,-5.899999999999977,,15659.0,7929386.5,114.0,16.0,3.076923076923077,-1.1456310679611605,69556.02192982456,506.3788556101922
2026-09-01T05:45:31+00:00,2026-09-01T11:30:31+05:45,2026-09-01,11:30:31,1788241531,1,5,11,nepse_official,OPEN,2026-09-01,ICFC,ICFC Finance Limited,578.0,595.1,578.0,,579.6,580.5,-0.8999999999999773,,310.0,179671.0,4.0,17.100000000000023,2.9584775086505233,-0.15503875968991856,44917.75,579.583870967742
2026-09-01T05:45:31+00:00,2026-09-01T11:30:31+05:45,2026-09-01,11:30:31,1788241531,1,5,11,nepse_official,OPEN,2026-09-01,IGI,IGI Prudential insurance Limited,365.1,365.1,355.1,,365.0,374.0,-9.0,,2333.0,849448.5,17.0,10.0,2.738975623116954,-2.406417112299465,49967.55882352941,364.1013716245178
2026-09-01T05:45:31+00:00,2026-09-01T11:30:31+05:45,2026-09-01,11:30:31,1788241531,1,5,11,nepse_official,OPEN,2026-09-01,IHL,Ingwa Hydropower Limited,295.0,295.0,295.0,,295.0,295.0,0.0,,20.0,5900.0,2.0,0.0,0.0,0.0,2950.0,295.0
2026-09-01T05:45:31+00:00,2026-09-01T11:30:31+05:45,2026-09-01,11:30:31,1788241531,1,5,11,nepse_official,OPEN,2026-09-01,ILBS,Infinity Laghubitta Bittiya Sanstha Limited,811.1,811.1,811.1,,811.1,834.9,-23.799999999999955,,19.0,15410.9,1.0,0.0,0.0,-2.8506407953048214,15410.9,811.1
2026-09-01T05:45:31+00:00,2026-09-01T11:30:31+05:45,2026-09-01,11:30:31,1788241531,1,5,11,nepse_official,OPEN,2026-09-01,ILI,IME Life Insurance Company Limited,399.0,400.3,396.3,,398.0,399.0,-1.0,,406.0,161810.4,16.0,4.0,1.0025062656641603,-0.2506265664160401,10113.15,398.5477832512315
2026-09-01T05:45:31+00:00,2026-09-01T11:30:31+05:45,2026-09-01,11:30:31,1788241531,1,5,11,nepse_official,OPEN,2026-09-01,JBBL,Jyoti Bikas Bank Limited,325.0,326.0,325.0,,325.0,325.0,0.0,,1532.0,499250.0,7.0,1.0,0.3076923076923077,0.0,71321.42857142857,325.88120104438644
2026-09-01T05:45:31+00:00,2026-09-01T11:30:31+05:45,2026-09-01,11:30:31,1788241531,1,5,11,nepse_official,OPEN,2026-09-01,JBLB,Jeevan Bikas Laghubitta  Bittya Sanstha Ltd,1236.1,1240.0,1236.1,,1240.0,1239.0,1.0,,350.0,433961.0,2.0,3.900000000000091,0.31550845400858274,0.08071025020177562,216980.5,1239.8885714285714
2026-09-01T05:45:31+00:00,2026-09-01T11:30:31+05:45,2026-09-01,11:30:31,1788241531,1,5,11,nepse_official,OPEN,2026-09-01,JHAPA,Jhapa Energy Limited,1000.0,1001.0,1000.0,,1001.0,1001.3,-0.2999999999999545,,110.0,110100.0,3.0,1.0,0.1,-0.02996105063417103,36700.0,1000.9090909090909
2026-09-01T05:45:31+00:00,2026-09-01T11:30:31+05:45,2026-09-01,11:30:31,1788241531,1,5,11,nepse_official,OPEN,2026-09-01,KAHL,Kalanga Hydro Limited,465.0,480.0,465.0,,480.0,476.0,4.0,,1927.0,916343.0,153.0,15.0,3.225806451612903,0.8403361344537815,5989.169934640523,475.52828230409966
2026-09-01T05:45:31+00:00,2026-09-01T11:30:31+05:45,2026-09-01,11:30:31,1788241531,1,5,11,nepse_official,OPEN,2026-09-01,KBL,Kumari Bank Limited,221.0,221.0,208.2,,209.2,211.0,-1.8000000000000114,,6532.0,1367485.0,37.0,12.800000000000011,5.791855203619915,-0.8530805687203845,36959.05405405405,209.3516533986528
2026-09-01T05:45:31+00:00,2026-09-01T11:30:31+05:45,2026-09-01,11:30:31,1788241531,1,5,11,nepse_official,OPEN,2026-09-01,KBSH,Kutheli Bukhari Small Hydropower Limited,839.0,840.0,815.0,,830.0,839.0,-9.0,,870.0,715078.5,13.0,25.0,2.9797377830750893,-1.0727056019070322,55006.03846153846,821.9293103448276
2026-09-01T05:45:31+00:00,2026-09-01T11:30:31+05:45,2026-09-01,11:30:31,1788241531,1,5,11,nepse_official,OPEN,2026-09-01,KDBY,Kumari Dhanabriddhi Yojana,9.75,9.75,9.75,,9.75,9.8,-0.05000000000000071,,400.0,3900.0,2.0,0.0,0.0,-0.5102040816326603,1950.0,9.75
2026-09-01T05:45:31+00:00,2026-09-01T11:30:31+05:45,2026-09-01,11:30:31,1788241531,1,5,11,nepse_official,OPEN,2026-09-01,KDL,Kalinchowk Darshan Limited,710.0,721.0,700.6,,721.0,715.0,6.0,,157.0,111613.0,4.0,20.399999999999977,2.873239436619715,0.8391608391608392,27903.25,710.9108280254777
2026-09-01T05:45:31+00:00,2026-09-01T11:30:31+05:45,2026-09-01,11:30:31,1788241531,1,5,11,nepse_official,OPEN,2026-09-01,KHPL,Kalinchock Hydropower Limited,739.0,763.0,725.1,,730.2,741.0,-10.799999999999955,,940.0,698223.0,14.0,37.89999999999998,5.128552097428956,-1.4574898785425041,49873.07142857143,742.7904255319149
2026-09-01T05:45:31+00:00,2026-09-01T11:30:31+05:45,2026-09-01,11:30:31,1788241531,1,5,11,nepse_official,OPEN,2026-09-01,KKHC,Khanikhola Hydropower Co. Ltd.,266.9,266.9,262.2,,266.7,263.3,3.3999999999999773,,5580.0,1480804.0,14.0,4.699999999999989,1.7609591607343533,1.2913026965438577,105771.71428571429,265.3770609318996
2026-09-01T05:45:31+00:00,2026-09-01T11:30:31+05:45,2026-09-01,11:30:31,1788241531,1,5,11,nepse_official,OPEN,2026-09-01,KMCDB,Kalika Laghubitta Bittiya Sanstha Ltd,782.0,782.0,782.0,,782.0,767.0,15.0,,10.0,7820.0,1.0,0.0,0.0,1.955671447196871,7820.0,782.0
2026-09-01T05:45:31+00:00,2026-09-01T11:30:31+05:45,2026-09-01,11:30:31,1788241531,1,5,11,nepse_official,OPEN,2026-09-01,KPCL,Kalika power Company Ltd,446.0,450.0,445.0,,450.0,448.0,2.0,,5010.0,2235510.0,4.0,5.0,1.1210762331838564,0.4464285714285714,558877.5,446.20958083832335
2026-09-01T05:45:31+00:00,2026-09-01T11:30:31+05:45,2026-09-01,11:30:31,1788241531,1,5,11,nepse_official,OPEN,2026-09-01,KSBBL,Kamana Sewa Bikas Bank Limited,470.2,474.0,470.2,,474.0,474.0,0.0,,686.0,323965.2,8.0,3.8000000000000114,0.8081667375584881,0.0,40495.65,472.2524781341108
2026-09-01T05:45:31+00:00,2026-09-01T11:30:31+05:45,2026-09-01,11:30:31,1788241531,1,5,11,nepse_official,OPEN,2026-09-01,KSY,Kumari Sabal Yojana,8.85,8.85,8.85,,8.85,8.85,0.0,,200.0,1770.0,1.0,0.0,0.0,0.0,1770.0,8.85
2026-09-01T05:45:31+00:00,2026-09-01T11:30:31+05:45,2026-09-01,11:30:31,1788241531,1,5,11,nepse_official,OPEN,2026-09-01,LBBL,Lumbini Bikas Bank Ltd.,479.0,479.0,467.1,,468.1,467.7,0.4000000000000341,,545.0,257329.7,5.0,11.899999999999977,2.4843423799582416,0.08552490912979134,51465.94,472.1645871559633
2026-09-01T05:45:31+00:00,2026-09-01T11:30:31+05:45,2026-09-01,11:30:31,1788241531,1,5,11,nepse_official,OPEN,2026-09-01,LEC,Liberty Energy Company Limited,197.6,210.0,197.6,,209.0,208.0,1.0,,4632.0,961618.2,28.0,12.400000000000006,6.2753036437247,0.4807692307692308,34343.50714285714,207.6032383419689
2026-09-01T05:45:31+00:00,2026-09-01T11:30:31+05:45,2026-09-01,11:30:31,1788241531,1,5,11,nepse_official,OPEN,2026-09-01,LICN,Life Insurance Corporation (Nepal) Limited,752.0,752.0,750.0,,752.0,752.1,-0.10000000000002274,,66.0,49612.0,3.0,2.0,0.26595744680851063,-0.013296104241460277,16537.333333333332,751.6969696969697
2026-09-01T05:45:31+00:00,2026-09-01T11:30:31+05:45,2026-09-01,11:30:31,1788241531,1,5,11,nepse_official,OPEN,2026-09-01,LLBS,Laxmi Laghubitta Bittiya Sanstha Ltd.,903.0,957.0,903.0,,957.0,860.0,97.0,,30.0,27900.0,3.0,54.0,5.980066445182724,11.27906976744186,9300.0,930.0
2026-09-01T05:45:31+00:00,2026-09-01T11:30:31+05:45,2026-09-01,11:30:31,1788241531,1,5,11,nepse_official,OPEN,2026-09-01,LSL,Laxmi Sunrise Bank Limited,217.5,217.5,216.0,,217.4,217.1,0.30000000000001137,,733.0,158875.7,6.0,1.5,0.6896551724137931,0.13818516812529313,26479.283333333336,216.74720327421556
2026-09-01T05:45:31+00:00,2026-09-01T11:30:31+05:45,2026-09-01,11:30:31,1788241531,1,5,11,nepse_official,OPEN,2026-09-01,MABEL,Mabilung Energy Limited,547.0,550.0,546.0,,550.0,553.3,-3.2999999999999545,,465.0,254720.0,12.0,4.0,0.7312614259597806,-0.5964214711729541,21226.666666666668,547.7849462365591
2026-09-01T05:45:31+00:00,2026-09-01T11:30:31+05:45,2026-09-01,11:30:31,1788241531,1,5,11,nepse_official,OPEN,2026-09-01,MAKAR,Makar Jitumaya Suri Hydropower Limited,389.0,400.0,389.0,,390.0,390.2,-0.19999999999998863,,6354.0,2479213.0,19.0,11.0,2.827763496143959,-0.05125576627370289,130484.8947368421,390.1814604973245
2026-09-01T05:45:31+00:00,2026-09-01T11:30:31+05:45,2026-09-01,11:30:31,1788241531,1,5,11,nepse_official,OPEN,2026-09-01,MANDU,Mandu Hydropower Limited,650.0,650.0,635.0,,650.0,635.0,15.0,,140.0,90850.0,5.0,15.0,2.307692307692308,2.3622047244094486,18170.0,648.9285714285714
2026-09-01T05:45:31+00:00,2026-09-01T11:30:31+05:45,2026-09-01,11:30:31,1788241531,1,5,11,nepse_official,OPEN,2026-09-01,MBJC,Madhya Bhotekoshi Jalavidyut Company Limited,251.0,256.0,251.0,,256.0,256.9,-0.8999999999999773,,2140.0,543987.0,34.0,5.0,1.9920318725099602,-0.3503308680420309,15999.617647058823,254.19953271028038
2026-09-01T05:45:31+00:00,2026-09-01T11:30:31+05:45,2026-09-01,11:30:31,1788241531,1,5,11,nepse_official,OPEN,2026-09-01,MBL,Machhapuchhre Bank Limited,246.0,246.0,245.0,,245.0,245.0,0.0,,40.0,9810.0,3.0,1.0,0.40650406504065045,0.0,3270.0,245.25
2026-09-01T05:45:31+00:00,2026-09-01T11:30:31+05:45,2026-09-01,11:30:31,1788241531,1,5,11,nepse_official,OPEN,2026-09-01,MBLEF,MBL Equity Fund,8.5,8.5,8.5,,8.5,8.5,0.0,,150.0,1275.0,1.0,0.0,0.0,0.0,1275.0,8.5
2026-09-01T05:45:31+00:00,2026-09-01T11:30:31+05:45,2026-09-01,11:30:31,1788241531,1,5,11,nepse_official,OPEN,2026-09-01,MCHL,Menchhiyam Hydropower Limited,232.0,244.9,232.0,,244.9,238.8,6.099999999999994,,2742.0,641326.3,18.0,12.900000000000006,5.56034482758621,2.554438860971522,35629.23888888889,233.8899708242159
2026-09-01T05:45:31+00:00,2026-09-01T11:30:31+05:45,2026-09-01,11:30:31,1788241531,1,5,11,nepse_official,OPEN,2026-09-01,MDB,Miteri Development Bank Limited,562.0,562.0,550.0,,550.0,554.0,-4.0,,5010.0,2815500.0,2.0,12.0,2.135231316725979,-0.7220216606498195,1407750.0,561.9760479041917
2026-09-01T05:45:31+00:00,2026-09-01T11:30:31+05:45,2026-09-01,11:30:31,1788241531,1,5,11,nepse_official,OPEN,2026-09-01,MEHL,Manakamana Engineering Hydropower Limited,232.9,232.9,227.0,,228.0,234.9,-6.900000000000006,,605.0,138238.5,7.0,5.900000000000006,2.5332760841562925,-2.9374201787994916,19748.35714285714,228.49338842975206
2026-09-01T05:45:31+00:00,2026-09-01T11:30:31+05:45,2026-09-01,11:30:31,1788241531,1,5,11,nepse_official,OPEN,2026-09-01,MEL,Modi Energy Limited,195.0,196.0,195.0,,196.0,195.0,1.0,,995.0,194082.0,14.0,1.0,0.5128205128205128,0.5128205128205128,13863.0,195.0572864321608
2026-09-01T05:45:31+00:00,2026-09-01T11:30:31+05:45,2026-09-01,11:30:31,1788241531,1,5,11,nepse_official,OPEN,2026-09-01,MEN,Mountain Energy Nepal Limited,612.0,617.4,609.1,,610.3,614.4,-4.100000000000023,,3660.0,2234282.5,18.0,8.299999999999955,1.35620915032679,-0.667317708333337,124126.80555555556,610.4596994535519
2026-09-01T05:45:31+00:00,2026-09-01T11:30:31+05:45,2026-09-01,11:30:31,1788241531,1,5,11,nepse_official,OPEN,2026-09-01,MEPDL,Mount Everest Power Development Limited,616.0,628.0,610.4,,625.0,630.0,-5.0,,4375.0,2701919.5,261.0,17.600000000000023,2.8571428571428608,-0.7936507936507936,10352.181992337164,617.5816
2026-09-01T05:45:31+00:00,2026-09-01T11:30:31+05:45,2026-09-01,11:30:31,1788241531,1,5,11,nepse_official,OPEN,2026-09-01,MERO,Mero Microfinance Bittiya Sanstha Ltd.,590.0,607.0,590.0,,607.0,601.0,6.0,,295.0,175355.0,5.0,17.0,2.8813559322033897,0.9983361064891847,35071.0,594.4237288135594
2026-09-01T05:45:31+00:00,2026-09-01T11:30:31+05:45,2026-09-01,11:30:31,1788241531,1,5,11,nepse_official,OPEN,2026-09-01,MFIL,Manjushree Finance Ltd.,710.0,725.0,710.0,,718.0,723.9,-5.899999999999977,,1407.0,1015955.0,7.0,15.0,2.112676056338028,-0.815029700234836,145136.42857142858,722.0717839374556
2026-09-01T05:45:31+00:00,2026-09-01T11:30:31+05:45,2026-09-01,11:30:31,1788241531,1,5,11,nepse_official,OPEN,2026-09-01,MHCL,Molung Hydropower Company Limited,266.0,266.0,266.0,,266.0,274.0,-8.0,,53.0,14098.0,2.0,0.0,0.0,-2.9197080291970803,7049.0,266.0
2026-09-01T05:45:31+00:00,2026-09-01T11:30:31+05:45,2026-09-01,11:30:31,1788241531,1,5,11,nepse_official,OPEN,2026-09-01,MHNL,Mountain Hydro Nepal Limited,226.9,226.9,226.9,,226.9,233.9,-7.0,,10.0,2269.0,1.0,0.0,0.0,-2.9927319367250957,2269.0,226.9
2026-09-01T05:45:31+00:00,2026-09-01T11:30:31+05:45,2026-09-01,11:30:31,1788241531,1,5,11,nepse_official,OPEN,2026-09-01,MKCL,Muktinath Krishi Company Limited,820.0,820.0,820.0,,820.0,820.0,0.0,,140.0,114800.0,1.0,0.0,0.0,0.0,114800.0,820.0
2026-09-01T05:45:31+00:00,2026-09-01T11:30:31+05:45,2026-09-01,11:30:31,1788241531,1,5,11,nepse_official,OPEN,2026-09-01,MKHC,Maya Khola Hydropower Company Limited,233.0,235.0,233.0,,235.0,233.0,2.0,,370.0,86236.0,8.0,2.0,0.8583690987124464,0.8583690987124464,10779.5,233.07027027027027
2026-09-01T05:45:31+00:00,2026-09-01T11:30:31+05:45,2026-09-01,11:30:31,1788241531,1,5,11,nepse_official,OPEN,2026-09-01,MKHL,Mai Khola Hydropower Limited,461.0,474.0,461.0,,474.0,471.6,2.3999999999999773,,100.0,47140.0,3.0,13.0,2.8199566160520604,0.508905852417298,15713.333333333334,471.4
2026-09-01T05:45:31+00:00,2026-09-01T11:30:31+05:45,2026-09-01,11:30:31,1788241531,1,5,11,nepse_official,OPEN,2026-09-01,MKJC,Mailung Khola Jal Vidhyut Company Limited,276.3,285.0,252.0,,285.0,276.3,8.699999999999989,,26106.0,6893368.5,136.0,33.0,11.943539630836048,3.1487513572204087,50686.533088235294,264.0530337853367
2026-09-01T05:45:31+00:00,2026-09-01T11:30:31+05:45,2026-09-01,11:30:31,1788241531,1,5,11,nepse_official,OPEN,2026-09-01,MLBBL,Mithila LaghuBitta Bittiya Sanstha Limited,900.0,900.0,900.0,,900.0,915.0,-15.0,,50.0,45000.0,2.0,0.0,0.0,-1.639344262295082,22500.0,900.0
2026-09-01T05:45:31+00:00,2026-09-01T11:30:31+05:45,2026-09-01,11:30:31,1788241531,1,5,11,nepse_official,OPEN,2026-09-01,MLBSL,Mahila Lagubitta Bittiya Sanstha Limited ,1050.0,1065.0,1050.0,,1050.0,1050.0,0.0,,236.0,248250.0,5.0,15.0,1.4285714285714286,0.0,49650.0,1051.906779661017
2026-09-01T05:45:31+00:00,2026-09-01T11:30:31+05:45,2026-09-01,11:30:31,1788241531,1,5,11,nepse_official,OPEN,2026-09-01,MMF1,Mega Mutual Fund -1,8.97,9.0,8.97,,9.0,8.96,0.03999999999999915,,2429.0,21851.13,2.0,0.02999999999999936,0.3344481605351099,0.44642857142856185,10925.565,8.995936599423631
2026-09-01T05:45:31+00:00,2026-09-01T11:30:31+05:45,2026-09-01,11:30:31,1788241531,1,5,11,nepse_official,OPEN,2026-09-01,MMKJL,Mathillo Mailun Khola Jalvidhyut Limited,315.3,329.0,315.3,,329.0,322.9,6.100000000000023,,1675.0,548100.0,14.0,13.699999999999989,4.34506818902632,1.8891297615360865,39150.0,327.2238805970149
2026-09-01T05:45:31+00:00,2026-09-01T11:30:31+05:45,2026-09-01,11:30:31,1788241531,1,5,11,nepse_official,OPEN,2026-09-01,MNBBL,Muktinath Bikas Bank Ltd.,353.0,355.0,350.2,,350.2,353.0,-2.8000000000000114,,1727.0,609334.4,10.0,4.800000000000011,1.3597733711048192,-0.793201133144479,60933.44,352.82825709322526
2026-09-01T05:45:31+00:00,2026-09-01T11:30:31+05:45,2026-09-01,11:30:31,1788241531,1,5,11,nepse_official,OPEN,2026-09-01,MNMF1,Muktinath Mutual Fund 1,9.05,9.05,9.05,,9.05,9.1,-0.049999999999998934,,1000.0,9050.0,1.0,0.0,0.0,-0.5494505494505377,9050.0,9.05
2026-09-01T05:45:31+00:00,2026-09-01T11:30:31+05:45,2026-09-01,11:30:31,1788241531,1,5,11,nepse_official,OPEN,2026-09-01,MPFL,Multipurpose Finance Company  Limited,580.0,580.0,580.0,,580.0,586.0,-6.0,,100.0,58000.0,2.0,0.0,0.0,-1.023890784982935,29000.0,580.0
2026-09-01T05:45:31+00:00,2026-09-01T11:30:31+05:45,2026-09-01,11:30:31,1788241531,1,5,11,nepse_official,OPEN,2026-09-01,MSHL,Mid Solu Hydropower Limited,510.0,510.0,510.0,,510.0,510.3,-0.30000000000001137,,11.0,5610.0,1.0,0.0,0.0,-0.05878894767783879,5610.0,510.0
2026-09-01T05:45:31+00:00,2026-09-01T11:30:31+05:45,2026-09-01,11:30:31,1788241531,1,5,11,nepse_official,OPEN,2026-09-01,MSLB,Mahuli Laghubitta Bittiya Sanstha Limited,1180.0,1180.0,1165.0,,1165.0,1200.0,-35.0,,36.0,42330.0,2.0,15.0,1.2711864406779663,-2.9166666666666665,21165.0,1175.8333333333333
2026-09-01T05:45:31+00:00,2026-09-01T11:30:31+05:45,2026-09-01,11:30:31,1788241531,1,5,11,nepse_official,OPEN,2026-09-01,NABBC,Narayani Development Bank Limited,740.0,740.0,726.5,,726.5,743.9,-17.399999999999977,,610.0,444741.0,9.0,13.5,1.8243243243243243,-2.339024062373972,49415.666666666664,729.083606557377
2026-09-01T05:45:31+00:00,2026-09-01T11:30:31+05:45,2026-09-01,11:30:31,1788241531,1,5,11,nepse_official,OPEN,2026-09-01,NABIL,Nabil Bank Limited,535.0,539.8,533.0,,534.1,535.2,-1.1000000000000227,,3580.0,1914612.4,46.0,6.7999999999999545,1.271028037383169,-0.2055306427503779,41622.00869565217,534.8079329608938
2026-09-01T05:45:31+00:00,2026-09-01T11:30:31+05:45,2026-09-01,11:30:31,1788241531,1,5,11,nepse_official,OPEN,2026-09-01,NADEP,Nadep Laghubittiya bittya Sanstha Ltd.,683.0,683.0,682.0,,682.0,704.0,-22.0,,300.0,204790.0,3.0,1.0,0.14641288433382138,-3.125,68263.33333333333,682.6333333333333
2026-09-01T05:45:31+00:00,2026-09-01T11:30:31+05:45,2026-09-01,11:30:31,1788241531,1,5,11,nepse_official,OPEN,2026-09-01,NBL,Nepal Bank Limited,271.0,271.0,270.0,,270.0,270.0,0.0,,2424.0,654656.0,16.0,1.0,0.36900369003690037,0.0,40916.0,270.07260726072604
2026-09-01T05:45:31+00:00,2026-09-01T11:30:31+05:45,2026-09-01,11:30:31,1788241531,1,5,11,nepse_official,OPEN,2026-09-01,NESDO,NESDO Sambridha Laghubitta Bittiya Sanstha Limited,1300.0,1300.0,1300.0,,1300.0,1300.0,0.0,,10.0,13000.0,1.0,0.0,0.0,0.0,13000.0,1300.0
2026-09-01T05:45:31+00:00,2026-09-01T11:30:31+05:45,2026-09-01,11:30:31,1788241531,1,5,11,nepse_official,OPEN,2026-09-01,NFS,Nepal Finance Ltd.,534.9,534.9,534.9,,534.9,525.0,9.899999999999977,,10.0,5349.0,1.0,0.0,0.0,1.8857142857142815,5349.0,534.9
2026-09-01T05:45:31+00:00,2026-09-01T11:30:31+05:45,2026-09-01,11:30:31,1788241531,1,5,11,nepse_official,OPEN,2026-09-01,NGPL,Ngadi Group Power Ltd.,385.2,395.0,385.2,,390.1,390.0,0.10000000000002274,,5874.0,2278181.1,26.0,9.800000000000011,2.5441329179646965,0.02564102564103147,87622.35,387.8415219611849
2026-09-01T05:45:31+00:00,2026-09-01T11:30:31+05:45,2026-09-01,11:30:31,1788241531,1,5,11,nepse_official,OPEN,2026-09-01,NHDL,Nepal Hydro Developers Ltd.,619.5,619.5,610.0,,610.0,619.5,-9.5,,139.0,85151.0,3.0,9.5,1.533494753833737,-1.533494753833737,28383.666666666668,612.5971223021583
2026-09-01T05:45:31+00:00,2026-09-01T11:30:31+05:45,2026-09-01,11:30:31,1788241531,1,5,11,nepse_official,OPEN,2026-09-01,NHPC,National Hydro Power Company Limited,250.0,253.0,247.1,,253.0,248.0,5.0,,22996.0,5722448.8,61.0,5.900000000000006,2.3600000000000025,2.0161290322580645,93810.63606557377,248.84539919986085
2026-09-01T05:45:31+00:00,2026-09-01T11:30:31+05:45,2026-09-01,11:30:31,1788241531,1,5,11,nepse_official,OPEN,2026-09-01,NIBLGF,NIBL Growth Fund,8.4,8.4,8.4,,8.4,8.32,0.08000000000000007,,100.0,840.0,1.0,0.0,0.0,0.9615384615384623,840.0,8.4
2026-09-01T05:45:31+00:00,2026-09-01T11:30:31+05:45,2026-09-01,11:30:31,1788241531,1,5,11,nepse_official,OPEN,2026-09-01,NICA,NIC Asia Bank Ltd.,306.0,306.0,303.1,,305.0,306.0,-1.0,,3079.0,939912.0,17.0,2.8999999999999773,0.9477124183006462,-0.32679738562091504,55288.94117647059,305.2653458915232
2026-09-01T05:45:31+00:00,2026-09-01T11:30:31+05:45,2026-09-01,11:30:31,1788241531,1,5,11,nepse_official,OPEN,2026-09-01,NICFC,NIC Asia Flexi CAP Fund,8.71,8.71,8.71,,8.71,8.78,-0.06999999999999851,,100.0,871.0,1.0,0.0,0.0,-0.7972665148063612,871.0,8.71
2026-09-01T05:45:31+00:00,2026-09-01T11:30:31+05:45,2026-09-01,11:30:31,1788241531,1,5,11,nepse_official,OPEN,2026-09-01,NICL,Nepal Insurance Co. Ltd.,422.0,422.0,413.0,,413.0,416.9,-3.8999999999999773,,651.0,272573.0,7.0,9.0,2.132701421800948,-0.93547613336531,38939.0,418.6989247311828
2026-09-01T05:45:31+00:00,2026-09-01T11:30:31+05:45,2026-09-01,11:30:31,1788241531,1,5,11,nepse_official,OPEN,2026-09-01,NICLBSL,NIC ASIA Laghubitta Bittiya Sanstha Limited,529.0,529.0,505.2,,520.3,519.0,1.2999999999999545,,116.0,60024.2,6.0,23.80000000000001,4.499054820415881,0.250481695568392,10004.033333333333,517.4499999999999
2026-09-01T05:45:31+00:00,2026-09-01T11:30:31+05:45,2026-09-01,11:30:31,1788241531,1,5,11,nepse_official,OPEN,2026-09-01,NICSF,NIC Asia Select Fund 30,8.25,8.25,8.25,,8.25,8.2,0.05000000000000071,,100.0,825.0,1.0,0.0,0.0,0.6097560975609843,825.0,8.25
2026-09-01T05:45:31+00:00,2026-09-01T11:30:31+05:45,2026-09-01,11:30:31,1788241531,1,5,11,nepse_official,OPEN,2026-09-01,NIFRA,Nepal Infrastructure Bank Limited,240.0,240.0,239.0,,240.0,240.1,-0.09999999999999432,,3611.0,864985.9,38.0,1.0,0.4166666666666667,-0.041649312786336656,22762.786842105263,239.54192744392137
2026-09-01T05:45:31+00:00,2026-09-01T11:30:31+05:45,2026-09-01,11:30:31,1788241531,1,5,11,nepse_official,OPEN,2026-09-01,NIL,Neco Insurance Limited,502.8,531.0,502.8,,531.0,516.0,15.0,,708.0,365715.4,9.0,28.19999999999999,5.608591885441525,2.9069767441860463,40635.044444444444,516.547175141243
2026-09-01T05:45:31+00:00,2026-09-01T11:30:31+05:45,2026-09-01,11:30:31,1788241531,1,5,11,nepse_official,OPEN,2026-09-01,NIMB,Nepal Investment Mega Bank Limited,181.0,184.0,181.0,,181.6,182.7,-1.0999999999999943,,2115.0,385460.3,19.0,3.0,1.6574585635359116,-0.6020799124247369,20287.384210526314,182.2507328605201
2026-09-01T05:45:31+00:00,2026-09-01T11:30:31+05:45,2026-09-01,11:30:31,1788241531,1,5,11,nepse_official,OPEN,2026-09-01,NIMBPO,Nepal Investment Mega Bank Ltd. Promoter Share,138.0,138.0,138.0,,138.0,141.9,-3.9000000000000057,,33.0,4554.0,1.0,0.0,0.0,-2.748414376321357,4554.0,138.0
2026-09-01T05:45:31+00:00,2026-09-01T11:30:31+05:45,2026-09-01,11:30:31,1788241531,1,5,11,nepse_official,OPEN,2026-09-01,NLIC,Nepal Life Insurance Co. Ltd.,689.0,696.0,680.5,,686.0,685.9,0.10000000000002274,,2857.0,1965566.9,41.0,15.5,2.2496371552975325,0.014579384749966865,47940.656097560975,687.982814140707
2026-09-01T05:45:31+00:00,2026-09-01T11:30:31+05:45,2026-09-01,11:30:31,1788241531,1,5,11,nepse_official,OPEN,2026-09-01,NLICL,National Life Insurance Co. Ltd.,554.5,554.5,545.1,,545.1,538.4,6.7000000000000455,,492.0,270529.0,7.0,9.399999999999977,1.695220919747516,1.244427934621108,38647.0,549.8556910569106
2026-09-01T05:45:31+00:00,2026-09-01T11:30:31+05:45,2026-09-01,11:30:31,1788241531,1,5,11,nepse_official,OPEN,2026-09-01,NMB,NMB Bank Limited,247.0,247.0,235.0,,235.9,235.3,0.5999999999999943,,2576.0,607187.4,21.0,12.0,4.8582995951417,0.25499362515936863,28913.685714285715,235.7093944099379
2026-09-01T05:45:31+00:00,2026-09-01T11:30:31+05:45,2026-09-01,11:30:31,1788241531,1,5,11,nepse_official,OPEN,2026-09-01,NMBUR93/94,NMB Energy Bond 4% - 2093/94 ,951.6,951.6,951.6,,951.6,981.0,-29.399999999999977,,25.0,23790.0,1.0,0.0,0.0,-2.9969418960244623,23790.0,951.6
2026-09-01T05:45:31+00:00,2026-09-01T11:30:31+05:45,2026-09-01,11:30:31,1788241531,1,5,11,nepse_official,OPEN,2026-09-01,NMIC,Nepal Micro Insurance Company Limited,781.0,781.0,781.0,,781.0,790.0,-9.0,,20.0,15620.0,2.0,0.0,0.0,-1.139240506329114,7810.0,781.0
2026-09-01T05:45:31+00:00,2026-09-01T11:30:31+05:45,2026-09-01,11:30:31,1788241531,1,5,11,nepse_official,OPEN,2026-09-01,NRIC,Nepal Reinsurance Company Limited,790.0,811.0,780.0,,796.0,793.0,3.0,,8766.0,6942408.6,45.0,31.0,3.9240506329113924,0.37831021437578816,154275.74666666664,791.9699520876112
2026-09-01T05:45:31+00:00,2026-09-01T11:30:31+05:45,2026-09-01,11:30:31,1788241531,1,5,11,nepse_official,OPEN,2026-09-01,NRM,Nepal Republic Media Limited,278.0,278.0,273.0,,275.0,280.0,-5.0,,1040.0,284680.0,9.0,5.0,1.7985611510791366,-1.7857142857142856,31631.11111111111,273.7307692307692
2026-09-01T05:45:31+00:00,2026-09-01T11:30:31+05:45,2026-09-01,11:30:31,1788241531,1,5,11,nepse_official,OPEN,2026-09-01,NRN,NRN Infrastructure and Development Limited,1365.0,1365.0,1345.0,,1350.0,1339.0,11.0,,275.0,371065.0,13.0,20.0,1.465201465201465,0.8215085884988798,28543.46153846154,1349.3272727272727
2026-09-01T05:45:31+00:00,2026-09-01T11:30:31+05:45,2026-09-01,11:30:31,1788241531,1,5,11,nepse_official,OPEN,2026-09-01,NTC,Nepal Doorsanchar Company Limited,872.0,878.0,866.0,,870.0,870.0,0.0,,1634.0,1421973.0,18.0,12.0,1.3761467889908259,0.0,78998.5,870.2405140758874
2026-09-01T05:45:31+00:00,2026-09-01T11:30:31+05:45,2026-09-01,11:30:31,1788241531,1,5,11,nepse_official,OPEN,2026-09-01,NYADI,Nyadi Hydropower Limited,340.0,345.0,340.0,,345.0,343.8,1.1999999999999886,,500.0,171970.0,8.0,5.0,1.4705882352941175,0.3490401396160525,21496.25,343.94
2026-09-01T05:45:31+00:00,2026-09-01T11:30:31+05:45,2026-09-01,11:30:31,1788241531,1,5,11,nepse_official,OPEN,2026-09-01,OHL,Oriental Hotels Limited,610.0,627.0,610.0,,627.0,595.1,31.899999999999977,,150.0,91670.0,3.0,17.0,2.7868852459016393,5.3604436229205135,30556.666666666668,611.1333333333333
2026-09-01T05:45:31+00:00,2026-09-01T11:30:31+05:45,2026-09-01,11:30:31,1788241531,1,5,11,nepse_official,OPEN,2026-09-01,OMPL,Om Megashree Pharmaceuticals Limited,860.0,860.0,850.0,,860.0,855.0,5.0,,260.0,223270.0,8.0,10.0,1.1627906976744187,0.5847953216374269,27908.75,858.7307692307693
2026-09-01T05:45:31+00:00,2026-09-01T11:30:31+05:45,2026-09-01,11:30:31,1788241531,1,5,11,nepse_official,OPEN,2026-09-01,PCBL,Prime Commercial Bank Ltd.,234.0,234.0,232.0,,232.0,233.5,-1.5,,2672.0,620732.0,20.0,2.0,0.8547008547008548,-0.6423982869379015,31036.6,232.30988023952096
2026-09-01T05:45:31+00:00,2026-09-01T11:30:31+05:45,2026-09-01,11:30:31,1788241531,1,5,11,nepse_official,OPEN,2026-09-01,PCIL,Palpa Cement Industries Limited,646.0,656.0,631.0,,637.0,646.0,-9.0,,5659.0,3633836.8,145.0,25.0,3.8699690402476783,-1.393188854489164,25060.943448275862,642.134087294575
2026-09-01T05:45:31+00:00,2026-09-01T11:30:31+05:45,2026-09-01,11:30:31,1788241531,1,5,11,nepse_official,OPEN,2026-09-01,PHCL,Peoples Hydropower Company Limited,288.3,290.1,288.1,,290.0,292.0,-2.0,,2950.0,852959.0,18.0,2.0,0.6937218175511619,-0.684931506849315,47386.61111111111,289.13864406779663
2026-09-01T05:45:31+00:00,2026-09-01T11:30:31+05:45,2026-09-01,11:30:31,1788241531,1,5,11,nepse_official,OPEN,2026-09-01,PMHPL,Panchakanya Mai Hydropower Ltd,292.7,330.0,290.0,,310.5,295.0,15.5,,8870.0,2873374.0,12.0,40.0,13.665869490946362,5.2542372881355925,239447.83333333334,323.94295377677565
2026-09-01T05:45:31+00:00,2026-09-01T11:30:31+05:45,2026-09-01,11:30:31,1788241531,1,5,11,nepse_official,OPEN,2026-09-01,PMLI,Prabhu Mahalaxmi Life Insurance Limited,392.6,394.0,392.6,,393.1,400.1,-7.0,,237.0,93204.1,11.0,1.3999999999999773,0.35659704533876135,-1.749562609347663,8473.1,393.26624472573843
2026-09-01T05:45:31+00:00,2026-09-01T11:30:31+05:45,2026-09-01,11:30:31,1788241531,1,5,11,nepse_official,OPEN,2026-09-01,PPCL,Panchthar Power Compant Limited,342.1,342.1,318.1,,318.1,325.9,-7.7999999999999545,,190.0,61978.0,4.0,24.0,7.015492546039169,-2.393372200061355,15494.5,326.2
2026-09-01T05:45:31+00:00,2026-09-01T11:30:31+05:45,2026-09-01,11:30:31,1788241531,1,5,11,nepse_official,OPEN,2026-09-01,PPL,People's Power Limited,280.3,295.0,280.3,,292.0,295.0,-3.0,,585.0,171642.5,11.0,14.699999999999989,5.244381020335351,-1.0169491525423728,15603.863636363636,293.4059829059829
2026-09-01T05:45:31+00:00,2026-09-01T11:30:31+05:45,2026-09-01,11:30:31,1788241531,1,5,11,nepse_official,OPEN,2026-09-01,PRIN,Prabhu Insurance Ltd.,573.2,573.2,564.4,,564.8,573.2,-8.400000000000091,,465.0,265260.6,7.0,8.800000000000068,1.5352407536636545,-1.4654570830425837,37894.37142857142,570.4529032258064
2026-09-01T05:45:31+00:00,2026-09-01T11:30:31+05:45,2026-09-01,11:30:31,1788241531,1,5,11,nepse_official,OPEN,2026-09-01,PROFL,Progressive Finance Limited,380.0,380.0,375.1,,375.1,375.1,0.0,,213.0,80866.3,3.0,4.899999999999977,1.2894736842105203,0.0,26955.433333333334,379.65399061032866
2026-09-01T05:45:31+00:00,2026-09-01T11:30:31+05:45,2026-09-01,11:30:31,1788241531,1,5,11,nepse_official,OPEN,2026-09-01,PRSF,Prabhu Smart Fund,12.7,12.7,12.7,,12.7,12.7,0.0,,290.0,3683.0,1.0,0.0,0.0,0.0,3683.0,12.7
2026-09-01T05:45:31+00:00,2026-09-01T11:30:31+05:45,2026-09-01,11:30:31,1788241531,1,5,11,nepse_official,OPEN,2026-09-01,PRVU,Prabhu  Bank Limited,178.0,178.9,174.0,,174.2,175.5,-1.3000000000000114,,19065.0,3339325.5,66.0,4.900000000000006,2.752808988764048,-0.7407407407407471,50595.84090909091,175.15476003147128
2026-09-01T05:45:31+00:00,2026-09-01T11:30:31+05:45,2026-09-01,11:30:31,1788241531,1,5,11,nepse_official,OPEN,2026-09-01,PSF,Prabhu Select Fund,12.2,12.2,12.2,,12.2,11.91,0.28999999999999915,,1000.0,12200.0,1.0,0.0,0.0,2.4349286314021756,12200.0,12.2
2026-09-01T05:45:31+00:00,2026-09-01T11:30:31+05:45,2026-09-01,11:30:31,1788241531,1,5,11,nepse_official,OPEN,2026-09-01,PURE,Pure Energy Limited,774.4,797.6,774.4,,774.4,775.0,-0.6000000000000227,,175.0,136498.0,5.0,23.200000000000045,2.995867768595047,-0.07741935483871261,27299.6,779.9885714285714
2026-09-01T05:45:31+00:00,2026-09-01T11:30:31+05:45,2026-09-01,11:30:31,1788241531,1,5,11,nepse_official,OPEN,2026-09-01,RADHI,Radhi Bidyut Company Ltd,668.5,682.0,668.5,,670.1,674.0,-3.8999999999999773,,374.0,252711.0,7.0,13.5,2.019446522064323,-0.5786350148367919,36101.57142857143,675.6978609625669
2026-09-01T05:45:31+00:00,2026-09-01T11:30:31+05:45,2026-09-01,11:30:31,1788241531,1,5,11,nepse_official,OPEN,2026-09-01,RAWA,Rawa Energy Development Limited,392.0,392.0,392.0,,392.0,397.5,-5.5,,110.0,43120.0,2.0,0.0,0.0,-1.3836477987421385,21560.0,392.0
2026-09-01T05:45:31+00:00,2026-09-01T11:30:31+05:45,2026-09-01,11:30:31,1788241531,1,5,11,nepse_official,OPEN,2026-09-01,RFPL,River Falls Power Limited,315.2,325.2,315.2,,317.0,322.0,-5.0,,150.0,47897.0,8.0,10.0,3.1725888324873095,-1.5527950310559007,5987.125,319.31333333333333
2026-09-01T05:45:31+00:00,2026-09-01T11:30:31+05:45,2026-09-01,11:30:31,1788241531,1,5,11,nepse_official,OPEN,2026-09-01,RHGCL,Rapti Hydro And General Construction Limited,245.0,248.9,237.0,,237.0,242.0,-5.0,,335.0,80552.0,8.0,11.900000000000006,4.857142857142859,-2.066115702479339,10069.0,240.45373134328358
2026-09-01T05:45:31+00:00,2026-09-01T11:30:31+05:45,2026-09-01,11:30:31,1788241531,1,5,11,nepse_official,OPEN,2026-09-01,RHPL,RASUWAGADHI HYDROPOWER COMPANY LIMITED,174.0,175.0,156.0,,170.1,165.9,4.199999999999989,,99918.0,16438787.8,324.0,19.0,10.919540229885058,2.5316455696202462,50736.99938271605,164.52278668508177
2026-09-01T05:45:31+00:00,2026-09-01T11:30:31+05:45,2026-09-01,11:30:31,1788241531,1,5,11,nepse_official,OPEN,2026-09-01,RIDI,Ridi Power Company Limited,340.0,345.0,337.0,,345.0,339.5,5.5,,25151.0,8566972.9,66.0,8.0,2.3529411764705883,1.6200294550810017,129802.6196969697,340.62156176692775
2026-09-01T05:45:31+00:00,2026-09-01T11:30:31+05:45,2026-09-01,11:30:31,1788241531,1,5,11,nepse_official,OPEN,2026-09-01,RLEL,Ridge Line Energy Limited,780.0,802.0,780.0,,780.0,790.0,-10.0,,170.0,134051.0,16.0,22.0,2.8205128205128207,-1.2658227848101267,8378.1875,788.535294117647
2026-09-01T05:45:31+00:00,2026-09-01T11:30:31+05:45,2026-09-01,11:30:31,1788241531,1,5,11,nepse_official,OPEN,2026-09-01,RLFL,Reliance Finance Ltd.,423.0,423.0,412.0,,420.0,414.9,5.100000000000023,,500.0,208066.0,11.0,11.0,2.6004728132387704,1.229211858279109,18915.090909090908,416.132
2026-09-01T05:45:31+00:00,2026-09-01T11:30:31+05:45,2026-09-01,11:30:31,1788241531,1,5,11,nepse_official,OPEN,2026-09-01,RNLI,Reliable Nepal Life Insurance Limited,428.0,428.0,402.0,,402.7,408.0,-5.300000000000011,,411.0,166198.0,20.0,26.0,6.074766355140187,-1.2990196078431402,8309.9,404.374695863747
2026-09-01T05:45:31+00:00,2026-09-01T11:30:31+05:45,2026-09-01,11:30:31,1788241531,1,5,11,nepse_official,OPEN,2026-09-01,RSDC,RSDC Laghubitta Bittiya Sanstha Ltd.,605.0,605.0,605.0,,605.0,610.0,-5.0,,18.0,10890.0,1.0,0.0,0.0,-0.819672131147541,10890.0,605.0
2026-09-01T05:45:31+00:00,2026-09-01T11:30:31+05:45,2026-09-01,11:30:31,1788241531,1,5,11,nepse_official,OPEN,2026-09-01,RSML,Reliance Spinning Mills Limited,2700.0,2734.0,2700.0,,2710.1,2724.0,-13.900000000000091,,1536.0,4162863.0,22.0,34.0,1.2592592592592593,-0.5102790014684321,189221.04545454544,2710.197265625
2026-09-01T05:45:31+00:00,2026-09-01T11:30:31+05:45,2026-09-01,11:30:31,1788241531,1,5,11,nepse_official,OPEN,2026-09-01,RSY2,Reliable Samriddhi Yojana -2,8.89,8.95,8.89,,8.89,9.0,-0.10999999999999943,,797.0,7103.15,5.0,0.05999999999999872,0.6749156355455423,-1.2222222222222159,1420.6299999999999,8.912358845671267
2026-09-01T05:45:31+00:00,2026-09-01T11:30:31+05:45,2026-09-01,11:30:31,1788241531,1,5,11,nepse_official,OPEN,2026-09-01,RURU,Ru Ru Jalbidhyut Pariyojana Limited,568.0,568.0,560.1,,564.0,572.1,-8.100000000000023,,2090.0,1176888.5,10.0,7.899999999999977,1.3908450704225312,-1.415836392239123,117688.85,563.1045454545455
2026-09-01T05:45:31+00:00,2026-09-01T11:30:31+05:45,2026-09-01,11:30:31,1788241531,1,5,11,nepse_official,OPEN,2026-09-01,SABBL,Salapa Bikas Bank Limited,845.0,877.0,845.0,,877.0,860.0,17.0,,1050.0,908431.0,24.0,32.0,3.7869822485207103,1.9767441860465116,37851.291666666664,865.172380952381
2026-09-01T05:45:31+00:00,2026-09-01T11:30:31+05:45,2026-09-01,11:30:31,1788241531,1,5,11,nepse_official,OPEN,2026-09-01,SAEF2,Sanima Equity Fund-2,8.8,8.97,8.8,,8.97,9.0,-0.02999999999999936,,400.0,3571.0,4.0,0.16999999999999993,1.9318181818181808,-0.33333333333332626,892.75,8.9275
2026-09-01T05:45:31+00:00,2026-09-01T11:30:31+05:45,2026-09-01,11:30:31,1788241531,1,5,11,nepse_official,OPEN,2026-09-01,SAGAR,Sagar Distillery Limited,1480.0,1480.0,1451.0,,1460.0,1476.0,-16.0,,455.0,668455.0,6.0,29.0,1.9594594594594597,-1.084010840108401,111409.16666666667,1469.131868131868
2026-09-01T05:45:31+00:00,2026-09-01T11:30:31+05:45,2026-09-01,11:30:31,1788241531,1,5,11,nepse_official,OPEN,2026-09-01,SAHAS,Sahas Urja Limited,701.0,701.0,668.0,,671.0,670.9,0.10000000000002274,,11955.0,8016565.7,74.0,33.0,4.70756062767475,0.014905351021019935,108331.96891891892,670.561748222501
2026-09-01T05:45:31+00:00,2026-09-01T11:30:31+05:45,2026-09-01,11:30:31,1788241531,1,5,11,nepse_official,OPEN,2026-09-01,SAIL,Shreenagar Agritech Industries Limited,980.0,1000.0,970.0,,989.0,985.0,4.0,,2295.0,2229675.0,21.0,30.0,3.061224489795918,0.40609137055837563,106175.0,971.5359477124183
2026-09-01T05:45:31+00:00,2026-09-01T11:30:31+05:45,2026-09-01,11:30:31,1788241531,1,5,11,nepse_official,OPEN,2026-09-01,SALICO,Sagarmatha Lumbini Insurance Co. Limited,512.1,512.2,512.0,,512.0,521.6,-9.600000000000023,,2201.0,1126981.8,9.0,0.20000000000004547,0.03905487209530276,-1.8404907975460165,125220.20000000001,512.031712857792
2026-09-01T05:45:31+00:00,2026-09-01T11:30:31+05:45,2026-09-01,11:30:31,1788241531,1,5,11,nepse_official,OPEN,2026-09-01,SANIMA,Sanima Bank Limited,359.0,359.0,356.0,,358.0,359.0,-1.0,,17055.0,6086795.6,31.0,3.0,0.8356545961002786,-0.2785515320334262,196348.2451612903,356.89214892993255
2026-09-01T05:45:31+00:00,2026-09-01T11:30:31+05:45,2026-09-01,11:30:31,1788241531,1,5,11,nepse_official,OPEN,2026-09-01,SANVI,Sanvi Energy Limited,555.0,558.0,551.0,,558.0,560.0,-2.0,,520.0,289931.0,5.0,7.0,1.2612612612612613,-0.35714285714285715,57986.2,557.5596153846154
2026-09-01T05:45:31+00:00,2026-09-01T11:30:31+05:45,2026-09-01,11:30:31,1788241531,1,5,11,nepse_official,OPEN,2026-09-01,SAPDBL,Saptakoshi Development Bank Ltd,705.0,705.0,690.0,,690.1,705.9,-15.799999999999955,,485.0,336071.5,7.0,15.0,2.127659574468085,-2.238277376398917,48010.21428571428,692.9309278350515
2026-09-01T05:45:31+00:00,2026-09-01T11:30:31+05:45,2026-09-01,11:30:31,1788241531,1,5,11,nepse_official,OPEN,2026-09-01,SAPIL,Sarvottam Paints Industries Limited,1250.0,1276.0,1238.0,,1270.0,1276.0,-6.0,,20020.0,24969224.0,1974.0,38.0,3.04,-0.4702194357366771,12649.04964539007,1247.213986013986
2026-09-01T05:45:31+00:00,2026-09-01T11:30:31+05:45,2026-09-01,11:30:31,1788241531,1,5,11,nepse_official,OPEN,2026-09-01,SARBTM,Sarbottam Cement Limited,819.0,820.0,805.0,,812.0,813.9,-1.8999999999999773,,1139.0,924496.0,23.0,15.0,1.8315018315018317,-0.23344391202850195,40195.47826086957,811.6733977172959
2026-09-01T05:45:31+00:00,2026-09-01T11:30:31+05:45,2026-09-01,11:30:31,1788241531,1,5,11,nepse_official,OPEN,2026-09-01,SBCF,Sunrise Bluechip Fund,8.9,8.9,8.9,,8.9,8.73,0.16999999999999993,,2000.0,17800.0,1.0,0.0,0.0,1.9473081328751423,17800.0,8.9
2026-09-01T05:45:31+00:00,2026-09-01T11:30:31+05:45,2026-09-01,11:30:31,1788241531,1,5,11,nepse_official,OPEN,2026-09-01,SBI,Nepal SBI Bank Limited,392.1,399.9,390.2,,390.2,398.7,-8.5,,3151.0,1251999.8,4.0,9.699999999999989,2.4738587095128763,-2.1319287684976174,312999.95,397.33411615360205
2026-09-01T05:45:31+00:00,2026-09-01T11:30:31+05:45,2026-09-01,11:30:31,1788241531,1,5,11,nepse_official,OPEN,2026-09-01,SBL,Siddhartha Bank Limited,411.0,412.0,407.1,,408.0,411.0,-3.0,,22794.0,9356833.5,19.0,4.899999999999977,1.1922141119221357,-0.7299270072992701,492464.9210526316,410.495459331403
2026-09-01T05:45:31+00:00,2026-09-01T11:30:31+05:45,2026-09-01,11:30:31,1788241531,1,5,11,nepse_official,OPEN,2026-09-01,SCB,Standard Chartered Bank Limited,645.0,645.0,641.1,,641.3,642.3,-1.0,,82.0,52681.0,5.0,3.8999999999999773,0.6046511627906942,-0.15569048731122528,10536.2,642.4512195121952
2026-09-01T05:45:31+00:00,2026-09-01T11:30:31+05:45,2026-09-01,11:30:31,1788241531,1,5,11,nepse_official,OPEN,2026-09-01,SEF2,Siddhartha Equity Fund 2,8.73,9.0,8.73,,9.0,9.0,0.0,,2500.0,22012.0,12.0,0.2699999999999996,3.092783505154634,0.0,1834.3333333333333,8.8048
2026-09-01T05:45:31+00:00,2026-09-01T11:30:31+05:45,2026-09-01,11:30:31,1788241531,1,5,11,nepse_official,OPEN,2026-09-01,SGHC,Swet-Ganga Hydropower & Construction Limited ,280.0,285.0,280.0,,281.2,285.0,-3.8000000000000114,,890.0,249804.5,13.0,5.0,1.7857142857142856,-1.3333333333333375,19215.73076923077,280.67921348314604
2026-09-01T05:45:31+00:00,2026-09-01T11:30:31+05:45,2026-09-01,11:30:31,1788241531,1,5,11,nepse_official,OPEN,2026-09-01,SGHL,Sanigad Hydro Limited,470.0,481.0,465.8,,481.0,471.2,9.800000000000011,,3720.0,1750326.0,283.0,15.199999999999989,3.2340425531914874,2.0797962648556902,6184.897526501767,470.51774193548385
2026-09-01T05:45:31+00:00,2026-09-01T11:30:31+05:45,2026-09-01,11:30:31,1788241531,1,5,11,nepse_official,OPEN,2026-09-01,SGIC,Sanima GIC Insurance Limited,378.0,389.3,378.0,,380.0,378.0,2.0,,1524.0,580056.4,9.0,11.300000000000011,2.9894179894179924,0.5291005291005291,64450.711111111115,380.6144356955381
2026-09-01T05:45:31+00:00,2026-09-01T11:30:31+05:45,2026-09-01,11:30:31,1788241531,1,5,11,nepse_official,OPEN,2026-09-01,SHEL,Singati Hydro Energy Limited,290.0,290.0,285.7,,288.0,289.0,-1.0,,6086.0,1745222.4,21.0,4.300000000000011,1.482758620689659,-0.34602076124567477,83105.82857142857,286.76017088399607
2026-09-01T05:45:31+00:00,2026-09-01T11:30:31+05:45,2026-09-01,11:30:31,1788241531,1,5,11,nepse_official,OPEN,2026-09-01,SHINE,Shine Resunga Development Bank Ltd.,414.8,414.8,404.0,,404.0,407.0,-3.0,,725.0,293008.0,3.0,10.800000000000011,2.603664416586309,-0.7371007371007371,97669.33333333333,404.1489655172414
2026-09-01T05:45:31+00:00,2026-09-01T11:30:31+05:45,2026-09-01,11:30:31,1788241531,1,5,11,nepse_official,OPEN,2026-09-01,SHIVM,SHIVAM CEMENTS LTD,661.0,672.0,655.3,,660.0,664.0,-4.0,,38188.0,25334390.5,210.0,16.700000000000045,2.5264750378214895,-0.6024096385542169,120639.95476190477,663.4123415732691
2026-09-01T05:45:31+00:00,2026-09-01T11:30:31+05:45,2026-09-01,11:30:31,1788241531,1,5,11,nepse_official,OPEN,2026-09-01,SHL,Soaltee Hotel Limited,498.0,507.0,495.0,,501.0,497.1,3.8999999999999773,,5930.0,2944017.5,14.0,12.0,2.4096385542168677,0.7845503922751915,210286.9642857143,496.4616357504216
2026-09-01T05:45:31+00:00,2026-09-01T11:30:31+05:45,2026-09-01,11:30:31,1788241531,1,5,11,nepse_official,OPEN,2026-09-01,SHPC,Sanima Mai Hydropower Ltd.,494.5,499.4,489.0,,499.4,495.0,4.399999999999977,,11365.0,5564633.0,34.0,10.399999999999977,2.1031344792719873,0.8888888888888844,163665.67647058822,489.6289485261769
2026-09-01T05:45:31+00:00,2026-09-01T11:30:31+05:45,2026-09-01,11:30:31,1788241531,1,5,11,nepse_official,OPEN,2026-09-01,SICL,Shikhar Insurance Co. Ltd.,527.0,528.5,513.2,,528.5,527.1,1.3999999999999773,,1288.0,662546.6,12.0,15.299999999999955,2.9032258064516046,0.2656042496679904,55212.21666666667,514.3995341614907
2026-09-01T05:45:31+00:00,2026-09-01T11:30:31+05:45,2026-09-01,11:30:31,1788241531,1,5,11,nepse_official,OPEN,2026-09-01,SIKLES,Sikles Hydropower Limited,549.0,550.0,549.0,,550.0,553.1,-3.1000000000000227,,21.0,11540.0,2.0,1.0,0.18214936247723132,-0.5604773097089175,5770.0,549.5238095238095
2026-09-01T05:45:31+00:00,2026-09-01T11:30:31+05:45,2026-09-01,11:30:31,1788241531,1,5,11,nepse_official,OPEN,2026-09-01,SINDU,Sindhu Bikash Bank Ltd,587.3,588.0,580.0,,580.0,587.3,-7.2999999999999545,,190.0,111199.0,6.0,8.0,1.3621658436914696,-1.2429763323684582,18533.166666666668,585.2578947368421
2026-09-01T05:45:31+00:00,2026-09-01T11:30:31+05:45,2026-09-01,11:30:31,1788241531,1,5,11,nepse_official,OPEN,2026-09-01,SIPD,Shikhar power Development Limited,568.0,571.0,568.0,,571.0,581.0,-10.0,,660.0,375289.0,20.0,3.0,0.528169014084507,-1.7211703958691909,18764.45,568.619696969697
2026-09-01T05:45:31+00:00,2026-09-01T11:30:31+05:45,2026-09-01,11:30:31,1788241531,1,5,11,nepse_official,OPEN,2026-09-01,SJCL,SANJEN JALAVIDHYUT COMPANY LIMITED,227.0,237.9,227.0,,235.5,231.1,4.400000000000006,,25918.0,6053680.0,95.0,10.900000000000006,4.801762114537447,1.9039376893119888,63722.94736842105,233.57049155027394
2026-09-01T05:45:31+00:00,2026-09-01T11:30:31+05:45,2026-09-01,11:30:31,1788241531,1,5,11,nepse_official,OPEN,2026-09-01,SJLIC,SuryaJyoti Life Insurance Company Limited,390.0,391.0,389.1,,390.0,390.2,-0.19999999999998863,,1785.0,695651.5,11.0,1.8999999999999773,0.4871794871794814,-0.05125576627370289,63241.045454545456,389.7207282913165
2026-09-01T05:45:31+00:00,2026-09-01T11:30:31+05:45,2026-09-01,11:30:31,1788241531,1,5,11,nepse_official,OPEN,2026-09-01,SKBBL,Sana Kisan Bikas Laghubitta Bittiya Sanstha Limited,741.0,741.0,740.0,,740.0,741.6,-1.6000000000000227,,651.0,482291.0,5.0,1.0,0.1349527665317139,-0.21574973031284017,96458.2,740.8463901689709
2026-09-01T05:45:31+00:00,2026-09-01T11:30:31+05:45,2026-09-01,11:30:31,1788241531,1,5,11,nepse_official,OPEN,2026-09-01,SKHEL,Suryakunda Hydro Electric Limited,790.0,815.0,790.0,,800.0,815.0,-15.0,,325.0,261292.5,7.0,25.0,3.1645569620253164,-1.8404907975460123,37327.5,803.9769230769231
2026-09-01T05:45:31+00:00,2026-09-01T11:30:31+05:45,2026-09-01,11:30:31,1788241531,1,5,11,nepse_official,OPEN,2026-09-01,SKHL,Super Khudi Hydropower Limited,674.0,725.0,674.0,,717.0,709.1,7.899999999999977,,1086.0,776791.6,37.0,51.0,7.566765578635016,1.114088280919472,20994.367567567566,715.2777163904235
2026-09-01T05:45:31+00:00,2026-09-01T11:30:31+05:45,2026-09-01,11:30:31,1788241531,1,5,11,nepse_official,OPEN,2026-09-01,SLBBL,Swarojgar Laghubitta Bittiya Sanstha Ltd.,779.0,779.0,773.3,,773.3,779.0,-5.7000000000000455,,36.0,27912.9,2.0,5.7000000000000455,0.7317073170731766,-0.7317073170731766,13956.45,775.3583333333333
2026-09-01T05:45:31+00:00,2026-09-01T11:30:31+05:45,2026-09-01,11:30:31,1788241531,1,5,11,nepse_official,OPEN,2026-09-01,SLBSL,Samudayik Laghubitta Bittiya Sanstha Limited,883.0,883.0,883.0,,883.0,882.5,0.5,,30.0,26490.0,1.0,0.0,0.0,0.05665722379603399,26490.0,883.0
2026-09-01T05:45:31+00:00,2026-09-01T11:30:31+05:45,2026-09-01,11:30:31,1788241531,1,5,11,nepse_official,OPEN,2026-09-01,SMATA,Samata Gharelu Laghubitta Bittiya Sanstha Limited,675.0,675.0,675.0,,675.0,675.0,0.0,,46.0,31050.0,4.0,0.0,0.0,0.0,7762.5,675.0
2026-09-01T05:45:31+00:00,2026-09-01T11:30:31+05:45,2026-09-01,11:30:31,1788241531,1,5,11,nepse_official,OPEN,2026-09-01,SMH,Super Mai Hydropower Limited,498.0,498.0,490.2,,490.2,490.0,0.19999999999998863,,180.0,88314.0,2.0,7.800000000000011,1.566265060240966,0.040816326530609924,44157.0,490.6333333333333
2026-09-01T05:45:31+00:00,2026-09-01T11:30:31+05:45,2026-09-01,11:30:31,1788241531,1,5,11,nepse_official,OPEN,2026-09-01,SMHL,Super Madi Hydropower Limited,520.0,527.8,515.0,,522.8,525.0,-2.2000000000000455,,4516.0,2362291.1,33.0,12.799999999999955,2.461538461538453,-0.4190476190476277,71584.5787878788,523.0936891054031
2026-09-01T05:45:31+00:00,2026-09-01T11:30:31+05:45,2026-09-01,11:30:31,1788241531,1,5,11,nepse_official,OPEN,2026-09-01,SMJC,Sagarmatha Jalabidhyut Company Limited,393.0,394.6,393.0,,394.6,400.0,-5.399999999999977,,51.0,20075.5,5.0,1.6000000000000227,0.40712468193384804,-1.3499999999999943,4015.1,393.6372549019608
2026-09-01T05:45:31+00:00,2026-09-01T11:30:31+05:45,2026-09-01,11:30:31,1788241531,1,5,11,nepse_official,OPEN,2026-09-01,SNLI,Sun Nepal Life Insurance Company Limited,382.2,386.0,382.2,,383.1,387.6,-4.5,,2549.0,976408.6,22.0,3.8000000000000114,0.9942438513867116,-1.1609907120743033,44382.20909090909,383.05555119654764
2026-09-01T05:45:31+00:00,2026-09-01T11:30:31+05:45,2026-09-01,11:30:31,1788241531,1,5,11,nepse_official,OPEN,2026-09-01,SNORL,Snow Rivers Limited,850.1,871.0,846.5,,850.0,850.1,-0.10000000000002274,,1170.0,995616.0,55.0,24.5,2.8820138807199154,-0.011763321962124778,18102.109090909093,850.9538461538461
2026-09-01T05:45:31+00:00,2026-09-01T11:30:31+05:45,2026-09-01,11:30:31,1788241531,1,5,11,nepse_official,OPEN,2026-09-01,SOHL,Solu Hydropower Limited,640.4,659.0,640.4,,653.2,648.0,5.2000000000000455,,29601.0,19232006.8,177.0,18.600000000000023,2.9044347282948193,0.8024691358024761,108655.40564971752,649.7080098645316
2026-09-01T05:45:31+00:00,2026-09-01T11:30:31+05:45,2026-09-01,11:30:31,1788241531,1,5,11,nepse_official,OPEN,2026-09-01,SONA,Sonapur Minerals And Oil Limited,416.1,419.9,412.0,,414.1,416.9,-2.7999999999999545,,8254.0,3426501.2,69.0,7.899999999999977,1.898582071617394,-0.6716238906212413,49659.43768115943,415.1322025684517
2026-09-01T05:45:31+00:00,2026-09-01T11:30:31+05:45,2026-09-01,11:30:31,1788241531,1,5,11,nepse_official,OPEN,2026-09-01,SOPL,Sopan Pharmaceuticals Limited,736.0,736.0,723.0,,727.0,736.0,-9.0,,900.0,656684.0,71.0,13.0,1.766304347826087,-1.2228260869565217,9249.070422535211,729.6488888888889
2026-09-01T05:45:31+00:00,2026-09-01T11:30:31+05:45,2026-09-01,11:30:31,1788241531,1,5,11,nepse_official,OPEN,2026-09-01,SPC,Samling Power Company Limited,382.0,382.0,382.0,,382.0,382.0,0.0,,100.0,38200.0,1.0,0.0,0.0,0.0,38200.0,382.0
2026-09-01T05:45:31+00:00,2026-09-01T11:30:31+05:45,2026-09-01,11:30:31,1788241531,1,5,11,nepse_official,OPEN,2026-09-01,SPDL,Synergy Power Development Ltd.,340.3,341.2,340.3,,341.2,349.7,-8.5,,50.0,17041.1,2.0,0.8999999999999773,0.264472524243308,-2.4306548470117244,8520.55,340.82199999999995
2026-09-01T05:45:31+00:00,2026-09-01T11:30:31+05:45,2026-09-01,11:30:31,1788241531,1,5,11,nepse_official,OPEN,2026-09-01,SPHL,Sayapatri Hydropower Limited,513.0,537.0,490.0,,495.2,540.0,-44.80000000000001,,6275.0,3249312.0,27.0,47.0,9.161793372319687,-8.2962962962963,120344.88888888889,517.8186454183267
2026-09-01T05:45:31+00:00,2026-09-01T11:30:31+05:45,2026-09-01,11:30:31,1788241531,1,5,11,nepse_official,OPEN,2026-09-01,SPIL,Siddhartha Premier Insurance Limited,571.1,576.0,571.0,,576.0,588.0,-12.0,,116.0,66468.0,5.0,5.0,0.8755034144633164,-2.0408163265306123,13293.6,573.0
2026-09-01T05:45:31+00:00,2026-09-01T11:30:31+05:45,2026-09-01,11:30:31,1788241531,1,5,11,nepse_official,OPEN,2026-09-01,SPL,Shuvam Power Limited,638.0,638.0,590.0,,600.0,619.9,-19.899999999999977,,70.0,42475.0,5.0,48.0,7.523510971786834,-3.2101951927730243,8495.0,606.7857142857143
2026-09-01T05:45:31+00:00,2026-09-01T11:30:31+05:45,2026-09-01,11:30:31,1788241531,1,5,11,nepse_official,OPEN,2026-09-01,SRLI,Sanima Reliance Life Insurance Limited,351.3,353.0,351.2,,353.0,354.7,-1.6999999999999886,,1351.0,474906.8,14.0,1.8000000000000114,0.5123825789923175,-0.4792782633211133,33921.91428571429,351.5224278312361
2026-09-01T05:45:31+00:00,2026-09-01T11:30:31+05:45,2026-09-01,11:30:31,1788241531,1,5,11,nepse_official,OPEN,2026-09-01,SSHL,Shiva Shree Hydropower Ltd,188.0,190.0,187.0,,190.0,188.0,2.0,,6197.0,1166661.5,22.0,3.0,1.5957446808510638,1.0638297872340425,53030.068181818184,188.26230434081006
2026-09-01T05:45:31+00:00,2026-09-01T11:30:31+05:45,2026-09-01,11:30:31,1788241531,1,5,11,nepse_official,OPEN,2026-09-01,STC,Salt Trading Corporation,5175.0,5199.9,5175.0,,5199.9,5168.0,31.899999999999636,,50.0,258999.0,4.0,24.899999999999636,0.4811594202898481,0.6172600619194976,64749.75,5179.98
2026-09-01T05:45:31+00:00,2026-09-01T11:30:31+05:45,2026-09-01,11:30:31,1788241531,1,5,11,nepse_official,OPEN,2026-09-01,SWASTIK,Swastik Laghubitta Bittiya Sanstha Limited,1810.0,1820.0,1810.0,,1820.0,1859.9,-39.90000000000009,,20.0,36300.0,2.0,10.0,0.5524861878453038,-2.145276627775692,18150.0,1815.0
2026-09-01T05:45:31+00:00,2026-09-01T11:30:31+05:45,2026-09-01,11:30:31,1788241531,1,5,11,nepse_official,OPEN,2026-09-01,SWBBL,Swabalamban Laghubitta Bittiya Sanstha Limited,670.0,670.0,670.0,,670.0,663.9,6.100000000000023,,13.0,8710.0,1.0,0.0,0.0,0.9188130742581748,8710.0,670.0
2026-09-01T05:45:31+00:00,2026-09-01T11:30:31+05:45,2026-09-01,11:30:31,1788241531,1,5,11,nepse_official,OPEN,2026-09-01,SWMF,Suryodaya Womi Laghubitta Bittiya Sanstha Limited,571.3,571.3,571.3,,571.3,580.0,-8.700000000000045,,12.0,6855.6,1.0,0.0,0.0,-1.500000000000008,6855.6,571.3000000000001
2026-09-01T05:45:31+00:00,2026-09-01T11:30:31+05:45,2026-09-01,11:30:31,1788241531,1,5,11,nepse_official,OPEN,2026-09-01,SYPNL,SY Panel Nepal Limited,1293.0,1315.0,1284.0,,1286.0,1293.0,-7.0,,4063.0,5242444.7,67.0,31.0,2.3975251353441607,-0.5413766434648105,78245.44328358209,1290.289121338912
2026-09-01T05:45:31+00:00,2026-09-01T11:30:31+05:45,2026-09-01,11:30:31,1788241531,1,5,11,nepse_official,OPEN,2026-09-01,TAMOR,Sanima Middle Tamor Hydropower Limited,479.9,479.9,475.2,,477.1,480.0,-2.8999999999999773,,5596.0,2672122.2,33.0,4.699999999999989,0.9793707022296289,-0.604166666666662,80973.40000000001,477.50575411007867
2026-09-01T05:45:31+00:00,2026-09-01T11:30:31+05:45,2026-09-01,11:30:31,1788241531,1,5,11,nepse_official,OPEN,2026-09-01,TPC,Terhathum Power Company Limited,340.0,340.0,336.3,,339.0,344.0,-5.0,,1120.0,379581.0,6.0,3.6999999999999886,1.0882352941176436,-1.4534883720930232,63263.5,338.9116071428571
2026-09-01T05:45:31+00:00,2026-09-01T11:30:31+05:45,2026-09-01,11:30:31,1788241531,1,5,11,nepse_official,OPEN,2026-09-01,TPKHL,Taksar Pikhuwa Khola Hydropower Limited,470.2,498.0,470.2,,482.5,488.0,-5.5,,1710.0,823589.0,102.0,27.80000000000001,5.912377711612082,-1.1270491803278688,8074.401960784314,481.6309941520468
2026-09-01T05:45:31+00:00,2026-09-01T11:30:31+05:45,2026-09-01,11:30:31,1788241531,1,5,11,nepse_official,OPEN,2026-09-01,TSHL,Three Star Hydropower Limited,310.0,319.0,310.0,,315.0,325.0,-10.0,,1360.0,425208.3,14.0,9.0,2.903225806451613,-3.076923076923077,30372.02142857143,312.6531617647059
2026-09-01T05:45:31+00:00,2026-09-01T11:30:31+05:45,2026-09-01,11:30:31,1788241531,1,5,11,nepse_official,OPEN,2026-09-01,TTL,Trade Tower Limited,670.0,685.0,665.0,,670.0,670.2,-0.20000000000004547,,862.0,578805.6,22.0,20.0,2.9850746268656714,-0.02984183825724343,26309.345454545455,671.4682134570766
2026-09-01T05:45:31+00:00,2026-09-01T11:30:31+05:45,2026-09-01,11:30:31,1788241531,1,5,11,nepse_official,OPEN,2026-09-01,TVCL,Trishuli Jal Vidhyut Company Limited ,340.0,344.0,314.1,,330.6,344.0,-13.399999999999977,,6919.0,2275308.9,35.0,29.899999999999977,8.794117647058815,-3.8953488372092955,65008.82571428571,328.84938574938576
2026-09-01T05:45:31+00:00,2026-09-01T11:30:31+05:45,2026-09-01,11:30:31,1788241531,1,5,11,nepse_official,OPEN,2026-09-01,UAIL,United Ajod Insurance Limited,371.0,371.0,360.3,,365.0,371.3,-6.300000000000011,,6373.0,2328671.0,39.0,10.699999999999989,2.884097035040428,-1.696741179639109,59709.51282051282,365.3963596422407
2026-09-01T05:45:31+00:00,2026-09-01T11:30:31+05:45,2026-09-01,11:30:31,1788241531,1,5,11,nepse_official,OPEN,2026-09-01,UHEWA,Upper Hewakhola Hydropower Company Limited,586.0,599.0,582.1,,582.1,590.0,-7.899999999999977,,2367.0,1384420.0,17.0,16.899999999999977,2.8839590443685967,-1.3389830508474536,81436.4705882353,584.8838191803972
2026-09-01T05:45:31+00:00,2026-09-01T11:30:31+05:45,2026-09-01,11:30:31,1788241531,1,5,11,nepse_official,OPEN,2026-09-01,ULBSL,Upakar Laghubitta Bittiya Sanstha Limited,2861.0,2861.0,2861.0,,2861.0,2725.0,136.0,,10.0,28610.0,1.0,0.0,0.0,4.990825688073394,28610.0,2861.0
2026-09-01T05:45:31+00:00,2026-09-01T11:30:31+05:45,2026-09-01,11:30:31,1788241531,1,5,11,nepse_official,OPEN,2026-09-01,ULHC,Upper Lohore Khola Hydropower Company Limited,278.6,295.0,278.6,,286.2,287.1,-0.9000000000000341,,315.0,90112.0,5.0,16.399999999999977,5.886575735821959,-0.31347962382446326,18022.4,286.0698412698413
2026-09-01T05:45:31+00:00,2026-09-01T11:30:31+05:45,2026-09-01,11:30:31,1788241531,1,5,11,nepse_official,OPEN,2026-09-01,UMHL,United Modi Hydropower Ltd.,551.0,551.0,550.2,,550.3,558.0,-7.7000000000000455,,3800.0,2091848.0,10.0,0.7999999999999545,0.14519056261342186,-1.3799283154121944,209184.8,550.4863157894737
2026-09-01T05:45:31+00:00,2026-09-01T11:30:31+05:45,2026-09-01,11:30:31,1788241531,1,5,11,nepse_official,OPEN,2026-09-01,UNHPL,Union Hydropower Limited,355.0,355.0,341.0,,343.2,349.8,-6.600000000000023,,371.0,127488.0,5.0,14.0,3.943661971830986,-1.8867924528301951,25497.6,343.633423180593
2026-09-01T05:45:31+00:00,2026-09-01T11:30:31+05:45,2026-09-01,11:30:31,1788241531,1,5,11,nepse_official,OPEN,2026-09-01,UPCL,UNIVERSAL POWER COMPANY LTD,324.2,324.2,321.0,,321.0,324.0,-3.0,,90.0,28999.0,4.0,3.1999999999999886,0.9870450339296696,-0.9259259259259258,7249.75,322.2111111111111
2026-09-01T05:45:31+00:00,2026-09-01T11:30:31+05:45,2026-09-01,11:30:31,1788241531,1,5,11,nepse_official,OPEN,2026-09-01,UPPER,Upper Tamakoshi Hydropower Ltd,189.1,189.1,178.9,,180.0,181.2,-1.1999999999999886,,13677.0,2455124.6,52.0,10.199999999999989,5.393971443680586,-0.6622516556291328,47213.93461538462,179.50753820282227
2026-09-01T05:45:31+00:00,2026-09-01T11:30:31+05:45,2026-09-01,11:30:31,1788241531,1,5,11,nepse_official,OPEN,2026-09-01,USHEC,Upper Solu Hydro Electric Company Limited,480.0,485.0,480.0,,485.0,481.3,3.6999999999999886,,1197.0,575844.0,11.0,5.0,1.0416666666666665,0.7687512985663804,52349.454545454544,481.0726817042607
2026-09-01T05:45:31+00:00,2026-09-01T11:30:31+05:45,2026-09-01,11:30:31,1788241531,1,5,11,nepse_official,OPEN,2026-09-01,USHL,Upper Syange Hydropower Limited,546.0,546.0,546.0,,546.0,520.0,26.0,,11.0,6006.0,1.0,0.0,0.0,5.0,6006.0,546.0
2026-09-01T05:45:31+00:00,2026-09-01T11:30:31+05:45,2026-09-01,11:30:31,1788241531,1,5,11,nepse_official,OPEN,2026-09-01,USLB,Unnati Sahakarya Laghubitta Bittiya Sanstha Limited,951.0,951.0,951.0,,951.0,951.0,0.0,,100.0,95100.0,1.0,0.0,0.0,0.0,95100.0,951.0
2026-09-01T05:45:31+00:00,2026-09-01T11:30:31+05:45,2026-09-01,11:30:31,1788241531,1,5,11,nepse_official,OPEN,2026-09-01,VLBS,Vijaya laghubitta Bittiya Sanstha Ltd.,607.9,607.9,597.0,,600.0,607.9,-7.899999999999977,,40.0,24128.0,4.0,10.899999999999977,1.7930580687613058,-1.2995558480013123,6032.0,603.2
2026-09-01T05:45:31+00:00,2026-09-01T11:30:31+05:45,2026-09-01,11:30:31,1788241531,1,5,11,nepse_official,OPEN,2026-09-01,VLUCL,Vision Lumbini Urja Company Limited ,368.0,377.0,368.0,,377.0,368.0,9.0,,220.0,82236.5,16.0,9.0,2.4456521739130435,2.4456521739130435,5139.78125,373.80227272727274
2026-09-01T05:45:31+00:00,2026-09-01T11:30:31+05:45,2026-09-01,11:30:31,1788241531,1,5,11,nepse_official,OPEN,2026-09-01,YMHL,Yambaling Hydropower Limited,560.0,569.0,560.0,,560.7,571.0,-10.299999999999955,,1040.0,584369.0,63.0,9.0,1.607142857142857,-1.8038528896672426,9275.698412698413,561.8932692307692
2026-09-01T06:15:35+00:00,2026-09-01T12:00:35+05:45,2026-09-01,12:00:35,1788243335,1,6,12,nepse_official,OPEN,2026-09-01,ACLBSL,Aarambha Chautari Laghubitta Bittiya Sanstha Limited,892.0,892.0,892.0,,892.0,892.4,-0.39999999999997726,,13.0,11596.0,1.0,0.0,0.0,-0.044822949350064686,11596.0,892.0
2026-09-01T06:15:35+00:00,2026-09-01T12:00:35+05:45,2026-09-01,12:00:35,1788243335,1,6,12,nepse_official,OPEN,2026-09-01,ADBL,Agricultural Development Bank Limited,295.5,299.0,293.1,,299.0,295.5,3.5,,9398.0,2776187.7,42.0,5.899999999999977,1.9966159052453394,1.1844331641285957,66099.70714285715,295.40196850393704
2026-09-01T06:15:35+00:00,2026-09-01T12:00:35+05:45,2026-09-01,12:00:35,1788243335,1,6,12,nepse_official,OPEN,2026-09-01,AHL,Asian Hydropower Limited,358.0,368.0,358.0,,368.0,369.0,-1.0,,195.0,70505.0,10.0,10.0,2.793296089385475,-0.27100271002710025,7050.5,361.56410256410254
2026-09-01T06:15:35+00:00,2026-09-01T12:00:35+05:45,2026-09-01,12:00:35,1788243335,1,6,12,nepse_official,OPEN,2026-09-01,AHPC,Arun Valley Hydropower Development Co. Ltd.,247.6,251.7,246.5,,250.0,247.5,2.5,,43452.0,10802531.5,88.0,5.199999999999989,2.1001615508885254,1.0101010101010102,122756.03977272728,248.6083839639142
2026-09-01T06:15:35+00:00,2026-09-01T12:00:35+05:45,2026-09-01,12:00:35,1788243335,1,6,12,nepse_official,OPEN,2026-09-01,AKJCL,Ankhu Khola Jalvidhyut Company Ltd,332.1,346.0,332.1,,342.4,336.9,5.5,,111313.0,37912366.6,188.0,13.899999999999977,4.18548629930743,1.6325319085782133,201661.52446808512,340.59244293119406
2026-09-01T06:15:35+00:00,2026-09-01T12:00:35+05:45,2026-09-01,12:00:35,1788243335,1,6,12,nepse_official,OPEN,2026-09-01,AKPL,Arun Kabeli Power Ltd.,240.0,244.0,237.0,,242.5,241.0,1.5,,17610.0,4259343.4,51.0,7.0,2.9166666666666665,0.6224066390041494,83516.53725490197,241.8707211811471
2026-09-01T06:15:35+00:00,2026-09-01T12:00:35+05:45,2026-09-01,12:00:35,1788243335,1,6,12,nepse_official,OPEN,2026-09-01,ALBSL,Asha Laghubitta Bittiya Sanstha Ltd,1065.0,1088.6,1065.0,,1088.6,1084.0,4.599999999999909,,282.0,304810.5,18.0,23.59999999999991,2.2159624413145456,0.42435424354242707,16933.916666666668,1080.8882978723404
2026-09-01T06:15:35+00:00,2026-09-01T12:00:35+05:45,2026-09-01,12:00:35,1788243335,1,6,12,nepse_official,OPEN,2026-09-01,ALICL,Asian Life Insurance Co. Limited,390.2,397.0,388.0,,395.0,393.9,1.1000000000000227,,5176.0,2030791.5,31.0,9.0,2.306509482316761,0.27925869510028506,65509.403225806454,392.34766228748066
2026-09-01T06:15:35+00:00,2026-09-01T12:00:35+05:45,2026-09-01,12:00:35,1788243335,1,6,12,nepse_official,OPEN,2026-09-01,ANLB,Aatmanirbhar Laghubitta Bittiya Sanstha Limited,4800.0,5450.0,4800.0,,4860.0,4944.0,-84.0,,771.0,3811356.0,43.0,650.0,13.541666666666666,-1.6990291262135921,88636.18604651163,4943.39299610895
2026-09-01T06:15:35+00:00,2026-09-01T12:00:35+05:45,2026-09-01,12:00:35,1788243335,1,6,12,nepse_official,OPEN,2026-09-01,APHL,Appolo Hydropower Limited,655.1,680.0,651.1,,670.0,670.6,-0.6000000000000227,,791.0,525461.9,48.0,28.899999999999977,4.411540222866734,-0.08947211452430998,10947.122916666667,664.300758533502
2026-09-01T06:15:35+00:00,2026-09-01T12:00:35+05:45,2026-09-01,12:00:35,1788243335,1,6,12,nepse_official,OPEN,2026-09-01,API,Api Power Company Ltd.,320.0,328.6,320.0,,328.0,322.2,5.800000000000011,,32487.0,10538338.1,151.0,8.600000000000023,2.687500000000007,1.8001241464928652,69790.31854304635,324.386311447656
2026-09-01T06:15:35+00:00,2026-09-01T12:00:35+05:45,2026-09-01,12:00:35,1788243335,1,6,12,nepse_official,OPEN,2026-09-01,AVYAN,Aviyan Laghubitta Bittiya Sanstha Limited,976.0,1001.0,976.0,,1001.0,1000.0,1.0,,40.0,39770.0,4.0,25.0,2.5614754098360657,0.1,9942.5,994.25
2026-09-01T06:15:35+00:00,2026-09-01T12:00:35+05:45,2026-09-01,12:00:35,1788243335,1,6,12,nepse_official,OPEN,2026-09-01,BANDIPUR,Bandipur Cablecar and Tourism Limited,635.0,658.0,631.0,,649.0,638.9,10.100000000000023,,4303.0,2778740.4,87.0,27.0,4.251968503937007,1.5808420723117895,31939.544827586207,645.7681617476179
2026-09-01T06:15:35+00:00,2026-09-01T12:00:35+05:45,2026-09-01,12:00:35,1788243335,1,6,12,nepse_official,OPEN,2026-09-01,BARUN,Barun Hydropower Co. Ltd.,310.0,311.0,300.1,,311.0,309.0,2.0,,10221.0,3105723.6,56.0,10.899999999999977,3.516129032258057,0.6472491909385114,55459.35,303.8571176988553
2026-09-01T06:15:35+00:00,2026-09-01T12:00:35+05:45,2026-09-01,12:00:35,1788243335,1,6,12,nepse_official,OPEN,2026-09-01,BBC,Bishal Bazar Company Limited,4000.0,4080.0,3901.0,,4080.0,4000.0,80.0,,30.0,119810.0,3.0,179.0,4.475,2.0,39936.666666666664,3993.6666666666665
2026-09-01T06:15:35+00:00,2026-09-01T12:00:35+05:45,2026-09-01,12:00:35,1788243335,1,6,12,nepse_official,OPEN,2026-09-01,BEDC,Bhugol Energy Development Company Limited,270.0,288.0,270.0,,283.0,278.0,5.0,,5854.0,1640786.0,27.0,18.0,6.666666666666667,1.7985611510791366,60769.851851851854,280.28459173214895
2026-09-01T06:15:35+00:00,2026-09-01T12:00:35+05:45,2026-09-01,12:00:35,1788243335,1,6,12,nepse_official,OPEN,2026-09-01,BFC,Best Finance Company Ltd.,458.9,458.9,449.0,,451.1,448.5,2.6000000000000227,,5563.0,2509206.4,23.0,9.899999999999977,2.1573327522335974,0.5797101449275412,109095.93043478261,451.0527413266223
2026-09-01T06:15:35+00:00,2026-09-01T12:00:35+05:45,2026-09-01,12:00:35,1788243335,1,6,12,nepse_official,OPEN,2026-09-01,BGWT,Bhagawati Hydropower Development Company Limited,480.0,485.0,480.0,,485.0,493.0,-8.0,,806.0,389121.0,9.0,5.0,1.0416666666666665,-1.6227180527383367,43235.666666666664,482.7803970223325
2026-09-01T06:15:35+00:00,2026-09-01T12:00:35+05:45,2026-09-01,12:00:35,1788243335,1,6,12,nepse_official,OPEN,2026-09-01,BHCL,Bikash Hydropower Company Limited,530.0,554.0,530.0,,552.0,545.0,7.0,,6718.0,3689047.0,68.0,24.0,4.528301886792453,1.2844036697247707,54250.69117647059,549.128758559095
2026-09-01T06:15:35+00:00,2026-09-01T12:00:35+05:45,2026-09-01,12:00:35,1788243335,1,6,12,nepse_official,OPEN,2026-09-01,BHDC,Bindhyabasini Hydropower Development Company Limited,406.0,414.8,406.0,,408.0,406.0,2.0,,435.0,178184.8,7.0,8.800000000000011,2.1674876847290667,0.49261083743842365,25454.971428571425,409.6202298850574
2026-09-01T06:15:35+00:00,2026-09-01T12:00:35+05:45,2026-09-01,12:00:35,1788243335,1,6,12,nepse_official,OPEN,2026-09-01,BHL,Balephi Hydropower Limited,195.3,202.0,195.3,,200.0,195.3,4.699999999999989,,25279.0,5024085.5,117.0,6.699999999999989,3.4306195596518116,2.4065540194572392,42940.90170940171,198.74542110051823
2026-09-01T06:15:35+00:00,2026-09-01T12:00:35+05:45,2026-09-01,12:00:35,1788243335,1,6,12,nepse_official,OPEN,2026-09-01,BHPL,Barahi Hydropower Public Limited,454.0,454.0,433.3,,446.0,433.0,13.0,,3220.0,1440421.0,22.0,20.69999999999999,4.559471365638764,3.0023094688221708,65473.681818181816,447.3357142857143
2026-09-01T06:15:35+00:00,2026-09-01T12:00:35+05:45,2026-09-01,12:00:35,1788243335,1,6,12,nepse_official,OPEN,2026-09-01,BJHL,Bhujung Hydropower Limited,639.0,660.0,627.5,,655.0,639.0,16.0,,2676.0,1751723.5,37.0,32.5,5.086071987480438,2.503912363067293,47343.87837837838,654.6051943198804
2026-09-01T06:15:35+00:00,2026-09-01T12:00:35+05:45,2026-09-01,12:00:35,1788243335,1,6,12,nepse_official,OPEN,2026-09-01,BNHC,Buddha Bhumi Nepal Hydropower Company Limited,254.0,261.5,247.5,,260.0,252.0,8.0,,5472.0,1405767.5,43.0,14.0,5.511811023622047,3.1746031746031744,32692.267441860466,256.90195540935673
2026-09-01T06:15:35+00:00,2026-09-01T12:00:35+05:45,2026-09-01,12:00:35,1788243335,1,6,12,nepse_official,OPEN,2026-09-01,BNT,Bottlers Nepal (Terai) Limited,11890.0,11890.0,11889.0,,11889.0,11570.0,319.0,,20.0,237790.0,2.0,1.0,0.008410428931875526,2.7571305099394987,118895.0,11889.5
2026-09-01T06:15:35+00:00,2026-09-01T12:00:35+05:45,2026-09-01,12:00:35,1788243335,1,6,12,nepse_official,OPEN,2026-09-01,BPCL,Butwal Power Company Limited,625.5,640.0,625.5,,640.0,627.0,13.0,,1122.0,709907.0,14.0,14.5,2.3181454836131095,2.073365231259968,50707.642857142855,632.7156862745098
2026-09-01T06:15:35+00:00,2026-09-01T12:00:35+05:45,2026-09-01,12:00:35,1788243335,1,6,12,nepse_official,OPEN,2026-09-01,BUNGAL,Bungal Hydro Limited,505.0,524.9,500.0,,520.0,510.1,9.899999999999977,,5385.0,2749055.0,67.0,24.899999999999977,4.930693069306926,1.9407959223681586,41030.67164179104,510.50232126276694
2026-09-01T06:15:35+00:00,2026-09-01T12:00:35+05:45,2026-09-01,12:00:35,1788243335,1,6,12,nepse_official,OPEN,2026-09-01,CBBL,Chhimek Laghubitta Bittiya Sanstha Limited,939.2,939.2,923.0,,933.0,921.0,12.0,,2799.0,2605332.1,23.0,16.200000000000045,1.7248722316865466,1.3029315960912053,113275.30869565217,930.8081814933905
2026-09-01T06:15:35+00:00,2026-09-01T12:00:35+05:45,2026-09-01,12:00:35,1788243335,1,6,12,nepse_official,OPEN,2026-09-01,CFCL,Central Finance Co. Ltd.,567.0,584.0,567.0,,582.0,580.0,2.0,,5969.0,3464952.0,23.0,17.0,2.9982363315696645,0.3448275862068966,150650.08695652173,580.4912045568772
2026-09-01T06:15:35+00:00,2026-09-01T12:00:35+05:45,2026-09-01,12:00:35,1788243335,1,6,12,nepse_official,OPEN,2026-09-01,CGH,Chandragiri Hills Limited,760.0,770.0,760.0,,764.0,763.1,0.8999999999999773,,2861.0,2183648.7,17.0,10.0,1.3157894736842104,0.11793998165377764,128449.92352941178,763.2466620062916
2026-09-01T06:15:35+00:00,2026-09-01T12:00:35+05:45,2026-09-01,12:00:35,1788243335,1,6,12,nepse_official,OPEN,2026-09-01,CHCL,Chilime Hydropower Company Limited,350.0,385.0,350.0,,376.0,362.5,13.5,,112031.0,40897074.6,587.0,35.0,10.0,3.724137931034482,69671.33662691653,365.05141077023325
2026-09-01T06:15:35+00:00,2026-09-01T12:00:35+05:45,2026-09-01,12:00:35,1788243335,1,6,12,nepse_official,OPEN,2026-09-01,CHDC,CEDB Holdings Limited,2185.0,2185.0,2131.0,,2150.0,2144.9,5.099999999999909,,3405.0,7318248.5,42.0,54.0,2.471395881006865,0.23777332276562585,174244.0119047619,2149.2653450807634
2026-09-01T06:15:35+00:00,2026-09-01T12:00:35+05:45,2026-09-01,12:00:35,1788243335,1,6,12,nepse_official,OPEN,2026-09-01,CHL,Chhyangdi Hydropower Ltd.,244.0,255.0,239.0,,249.0,244.0,5.0,,3067.0,765246.4,28.0,16.0,6.557377049180328,2.0491803278688523,27330.22857142857,249.50974894033257
2026-09-01T06:15:35+00:00,2026-09-01T12:00:35+05:45,2026-09-01,12:00:35,1788243335,1,6,12,nepse_official,OPEN,2026-09-01,CIT,Citizen Investment Trust,1652.2,1670.0,1621.1,,1668.0,1652.2,15.799999999999955,,5316.0,8694890.1,67.0,48.90000000000009,2.959690110156161,0.9563006899891027,129774.4791044776,1635.6076185101579
2026-09-01T06:15:35+00:00,2026-09-01T12:00:35+05:45,2026-09-01,12:00:35,1788243335,1,6,12,nepse_official,OPEN,2026-09-01,CITY,City Hotel Limited,339.0,349.5,339.0,,348.0,339.0,9.0,,28534.0,9841812.9,85.0,10.5,3.0973451327433628,2.6548672566371683,115786.03411764707,344.9152905305951
2026-09-01T06:15:35+00:00,2026-09-01T12:00:35+05:45,2026-09-01,12:00:35,1788243335,1,6,12,nepse_official,OPEN,2026-09-01,CKHL,Chirkhwa Hydropower Limited ,545.0,553.0,545.0,,550.1,553.1,-3.0,,40.0,22011.0,4.0,8.0,1.4678899082568808,-0.5423973964924969,5502.75,550.275
2026-09-01T06:15:35+00:00,2026-09-01T12:00:35+05:45,2026-09-01,12:00:35,1788243335,1,6,12,nepse_official,OPEN,2026-09-01,CLI,Citizen Life Insurance Company Limited,412.0,419.9,410.2,,415.4,412.3,3.099999999999966,,1591.0,656056.1,44.0,9.699999999999989,2.3543689320388324,0.751879699248112,14910.365909090908,412.35455688246384
2026-09-01T06:15:35+00:00,2026-09-01T12:00:35+05:45,2026-09-01,12:00:35,1788243335,1,6,12,nepse_official,OPEN,2026-09-01,CORBL,Corporate Development Bank Limited,836.5,894.9,836.5,,888.0,880.5,7.5,,2207.0,1946364.0,55.0,58.39999999999998,6.981470412432753,0.8517887563884157,35388.43636363636,881.9048482102402
2026-09-01T06:15:35+00:00,2026-09-01T12:00:35+05:45,2026-09-01,12:00:35,1788243335,1,6,12,nepse_official,OPEN,2026-09-01,CREST,Crest Micro Life Insurance Limited,1040.0,1040.0,1025.1,,1035.0,1044.0,-9.0,,1648.0,1698785.0,18.0,14.900000000000091,1.4326923076923164,-0.8620689655172413,94376.94444444444,1030.816140776699
2026-09-01T06:15:35+00:00,2026-09-01T12:00:35+05:45,2026-09-01,12:00:35,1788243335,1,6,12,nepse_official,OPEN,2026-09-01,CSY,Citizens Santulit Yojana,8.01,8.24,8.01,,8.12,8.21,-0.09000000000000163,,1100.0,8866.0,7.0,0.23000000000000043,2.871410736579281,-1.0962241169305922,1266.5714285714287,8.06
2026-09-01T06:15:35+00:00,2026-09-01T12:00:35+05:45,2026-09-01,12:00:35,1788243335,1,6,12,nepse_official,OPEN,2026-09-01,CYCL,CYC Nepal Laghubitta Bittiya Sanstha Limited,1534.3,1697.0,1521.0,,1545.1,1615.0,-69.90000000000009,,1116.0,1780188.3,31.0,176.0,11.471029133806947,-4.328173374613009,57425.429032258064,1595.1508064516129
2026-09-01T06:15:35+00:00,2026-09-01T12:00:35+05:45,2026-09-01,12:00:35,1788243335,1,6,12,nepse_official,OPEN,2026-09-01,CZBIL,Citizens Bank International Limited,201.6,201.6,190.7,,194.7,192.0,2.6999999999999886,,4314.0,836389.3,22.0,10.900000000000006,5.406746031746035,1.4062499999999942,38017.69545454546,193.87790913305517
2026-09-01T06:15:35+00:00,2026-09-01T12:00:35+05:45,2026-09-01,12:00:35,1788243335,1,6,12,nepse_official,OPEN,2026-09-01,DDBL,Deprosc Laghubitta Bittiya Sanstha Limited,822.0,830.0,822.0,,830.0,822.1,7.899999999999977,,420.0,347240.0,7.0,8.0,0.9732360097323601,0.9609536552730783,49605.71428571428,826.7619047619048
2026-09-01T06:15:35+00:00,2026-09-01T12:00:35+05:45,2026-09-01,12:00:35,1788243335,1,6,12,nepse_official,OPEN,2026-09-01,DHEL,Daramkhola Hydro Energy Limited,530.0,554.6,530.0,,550.0,543.0,7.0,,1750.0,954042.0,54.0,24.600000000000023,4.641509433962268,1.289134438305709,17667.444444444445,545.1668571428571
2026-09-01T06:15:35+00:00,2026-09-01T12:00:35+05:45,2026-09-01,12:00:35,1788243335,1,6,12,nepse_official,OPEN,2026-09-01,DHPL,Dibyashwori Hydropower Ltd.,266.9,270.0,266.9,,270.0,269.8,0.19999999999998863,,31.0,8325.9,3.0,3.1000000000000227,1.1614837017609676,0.07412898443290905,2775.2999999999997,268.5774193548387
2026-09-01T06:15:35+00:00,2026-09-01T12:00:35+05:45,2026-09-01,12:00:35,1788243335,1,6,12,nepse_official,OPEN,2026-09-01,DLBS,Dhaulagiri Laghubitta Bittiya Sanstha Limited,990.0,990.0,990.0,,990.0,990.0,0.0,,10.0,9900.0,1.0,0.0,0.0,0.0,9900.0,990.0
2026-09-01T06:15:35+00:00,2026-09-01T12:00:35+05:45,2026-09-01,12:00:35,1788243335,1,6,12,nepse_official,OPEN,2026-09-01,DOLTI,Dolti Power Company Limited,282.0,287.0,277.1,,284.0,282.0,2.0,,2795.0,795817.2,17.0,9.899999999999977,3.5106382978723323,0.7092198581560284,46812.77647058823,284.72887298747764
2026-09-01T06:15:35+00:00,2026-09-01T12:00:35+05:45,2026-09-01,12:00:35,1788243335,1,6,12,nepse_official,OPEN,2026-09-01,DORDI,Dordi Khola Jal Bidyut Company Limited,233.1,241.5,233.1,,238.6,236.1,2.5,,11818.0,2819516.1,56.0,8.400000000000006,3.6036036036036063,1.058873358746294,50348.50178571429,238.5781096632256
2026-09-01T06:15:35+00:00,2026-09-01T12:00:35+05:45,2026-09-01,12:00:35,1788243335,1,6,12,nepse_official,OPEN,2026-09-01,EBL,Everest Bank Limited,712.0,715.0,707.0,,713.1,711.9,1.2000000000000455,,5139.0,3655254.0,55.0,8.0,1.1235955056179776,0.1685630004214139,66459.16363636364,711.2772913018097
2026-09-01T06:15:35+00:00,2026-09-01T12:00:35+05:45,2026-09-01,12:00:35,1788243335,1,6,12,nepse_official,OPEN,2026-09-01,ECL,Everest Colour Limited,1320.0,1362.0,1315.0,,1340.0,1320.0,20.0,,2820.0,3782596.8,101.0,47.0,3.5606060606060606,1.5151515151515151,37451.45346534653,1341.3463829787233
2026-09-01T06:15:35+00:00,2026-09-01T12:00:35+05:45,2026-09-01,12:00:35,1788243335,1,6,12,nepse_official,OPEN,2026-09-01,EDBL,Excel Development Bank Ltd.,569.9,569.9,569.9,,569.9,563.1,6.7999999999999545,,45.0,25645.5,1.0,0.0,0.0,1.2076007813887326,25645.5,569.9
2026-09-01T06:15:35+00:00,2026-09-01T12:00:35+05:45,2026-09-01,12:00:35,1788243335,1,6,12,nepse_official,OPEN,2026-09-01,EHPL,Eastern Hydropower Limited,309.0,318.0,295.9,,305.0,300.0,5.0,,735.0,220359.5,20.0,22.100000000000023,7.152103559870558,1.6666666666666667,11017.975,299.808843537415
2026-09-01T06:15:35+00:00,2026-09-01T12:00:35+05:45,2026-09-01,12:00:35,1788243335,1,6,12,nepse_official,OPEN,2026-09-01,FMDBL,First Micro Finance Laghubitta Bittiya Sanstha Limited,720.1,731.0,701.1,,722.0,720.0,2.0,,11820.0,8360456.3,28.0,29.899999999999977,4.152201083182888,0.2777777777777778,298587.725,707.3144077834179
2026-09-01T06:15:35+00:00,2026-09-01T12:00:35+05:45,2026-09-01,12:00:35,1788243335,1,6,12,nepse_official,OPEN,2026-09-01,FOWAD,Forward Microfinance Laghubitta Bittiya Sanstha Limited,858.0,880.0,858.0,,880.0,859.0,21.0,,220.0,189919.0,6.0,22.0,2.564102564102564,2.4447031431897557,31653.166666666668,863.2681818181818
2026-09-01T06:15:35+00:00,2026-09-01T12:00:35+05:45,2026-09-01,12:00:35,1788243335,1,6,12,nepse_official,OPEN,2026-09-01,GBBL,Garima Bikas Bank Limited,418.5,422.6,418.5,,422.6,420.1,2.5,,3081.0,1295200.5,10.0,4.100000000000023,0.9796893667861464,0.59509640561771,129520.05,420.3831548198637
2026-09-01T06:15:35+00:00,2026-09-01T12:00:35+05:45,2026-09-01,12:00:35,1788243335,1,6,12,nepse_official,OPEN,2026-09-01,GBIME,Global IME Bank Limited,240.0,242.0,240.0,,241.5,240.0,1.5,,18628.0,4484478.3,68.0,2.0,0.8333333333333334,0.625,65948.21029411764,240.73858170496027
2026-09-01T06:15:35+00:00,2026-09-01T12:00:35+05:45,2026-09-01,12:00:35,1788243335,1,6,12,nepse_official,OPEN,2026-09-01,GBIMESY2,Global IME Sammunat Yojana -2,9.15,9.15,9.15,,9.15,8.92,0.23000000000000043,,1000.0,9150.0,2.0,0.0,0.0,2.5784753363228745,4575.0,9.15
2026-09-01T06:15:35+00:00,2026-09-01T12:00:35+05:45,2026-09-01,12:00:35,1788243335,1,6,12,nepse_official,OPEN,2026-09-01,GBLBS,Grameen Bikas Laghubitta Bittiya Sanstha Ltd.,655.0,665.0,646.0,,665.0,660.0,5.0,,126.0,82090.0,5.0,19.0,2.900763358778626,0.7575757575757576,16418.0,651.5079365079365
2026-09-01T06:15:35+00:00,2026-09-01T12:00:35+05:45,2026-09-01,12:00:35,1788243335,1,6,12,nepse_official,OPEN,2026-09-01,GCIL,Ghorahi Cement Industry Limited,399.2,402.0,388.0,,389.1,398.0,-8.899999999999977,,17885.0,7010660.6,201.0,14.0,3.5070140280561124,-2.236180904522607,34878.90845771144,391.9854962258876
2026-09-01T06:15:35+00:00,2026-09-01T12:00:35+05:45,2026-09-01,12:00:35,1788243335,1,6,12,nepse_official,OPEN,2026-09-01,GFCL,Goodwill Finance Limited,562.1,576.5,562.1,,576.5,569.0,7.5,,1025.0,583607.5,6.0,14.399999999999977,2.5618217399039276,1.3181019332161688,97267.91666666667,569.3731707317073
2026-09-01T06:15:35+00:00,2026-09-01T12:00:35+05:45,2026-09-01,12:00:35,1788243335,1,6,12,nepse_official,OPEN,2026-09-01,GHL,Ghalemdi Hydro Limited,220.0,227.9,215.3,,221.5,220.0,1.5,,15697.0,3488985.1,79.0,12.599999999999994,5.727272727272725,0.6818181818181818,44164.36835443038,222.27082245014972
2026-09-01T06:15:35+00:00,2026-09-01T12:00:35+05:45,2026-09-01,12:00:35,1788243335,1,6,12,nepse_official,OPEN,2026-09-01,GIBF1,Global IME Balanced Fund-1,10.39,10.39,10.39,,10.39,10.6,-0.20999999999999908,,100.0,1039.0,1.0,0.0,0.0,-1.9811320754716895,1039.0,10.39
2026-09-01T06:15:35+00:00,2026-09-01T12:00:35+05:45,2026-09-01,12:00:35,1788243335,1,6,12,nepse_official,OPEN,2026-09-01,GILB,Global IME Laghubitta Bittiya Sanstha Ltd.,1085.4,1089.0,1085.4,,1089.0,1070.0,19.0,,47.0,50944.0,4.0,3.599999999999909,0.3316749585406218,1.7757009345794394,12736.0,1083.9148936170213
2026-09-01T06:15:35+00:00,2026-09-01T12:00:35+05:45,2026-09-01,12:00:35,1788243335,1,6,12,nepse_official,OPEN,2026-09-01,GLBSL,Gurans Laghubitta Bittiya Sanstha Limited,1628.7,1677.5,1628.7,,1650.0,1679.0,-29.0,,127.0,209496.9,4.0,48.799999999999955,2.996254681647937,-1.7272185824895772,52374.225,1649.5818897637794
2026-09-01T06:15:35+00:00,2026-09-01T12:00:35+05:45,2026-09-01,12:00:35,1788243335,1,6,12,nepse_official,OPEN,2026-09-01,GLH,GreenLife Hydropower Limited,240.0,244.8,238.2,,244.0,241.4,2.5999999999999943,,7961.0,1928831.2,33.0,6.600000000000023,2.7500000000000093,1.0770505385252669,58449.4303030303,242.28503956789348
2026-09-01T06:15:35+00:00,2026-09-01T12:00:35+05:45,2026-09-01,12:00:35,1788243335,1,6,12,nepse_official,OPEN,2026-09-01,GMFIL,Guheshowori Merchant Bank & Finance Co. Ltd.,419.0,419.0,418.0,,418.0,410.0,8.0,,160.0,66930.0,2.0,1.0,0.23866348448687352,1.951219512195122,33465.0,418.3125
2026-09-01T06:15:35+00:00,2026-09-01T12:00:35+05:45,2026-09-01,12:00:35,1788243335,1,6,12,nepse_official,OPEN,2026-09-01,GMLI,Guardian Micro Life Insurance Limited ,905.2,950.0,905.2,,950.0,933.0,17.0,,180.0,169306.0,11.0,44.799999999999955,4.949182501104723,1.822079314040729,15391.454545454546,940.5888888888888
2026-09-01T06:15:35+00:00,2026-09-01T12:00:35+05:45,2026-09-01,12:00:35,1788243335,1,6,12,nepse_official,OPEN,2026-09-01,GRDBL,Green Development Bank Ltd.,957.8,960.2,957.8,,960.2,978.9,-18.699999999999932,,27.0,25901.4,2.0,2.400000000000091,0.2505742326164221,-1.9103074879967243,12950.7,959.3111111111111
2026-09-01T06:15:35+00:00,2026-09-01T12:00:35+05:45,2026-09-01,12:00:35,1788243335,1,6,12,nepse_official,OPEN,2026-09-01,GSY,Garima Samriddhi Yojana,8.5,9.0,8.5,,9.0,8.92,0.08000000000000007,,2300.0,20457.0,9.0,0.5,5.88235294117647,0.896860986547086,2273.0,8.894347826086957
2026-09-01T06:15:35+00:00,2026-09-01T12:00:35+05:45,2026-09-01,12:00:35,1788243335,1,6,12,nepse_official,OPEN,2026-09-01,GUFL,Gurkhas Finance Ltd.,490.0,508.0,490.0,,508.0,495.0,13.0,,441.0,221392.0,5.0,18.0,3.6734693877551026,2.6262626262626263,44278.4,502.02267573696145
2026-09-01T06:15:35+00:00,2026-09-01T12:00:35+05:45,2026-09-01,12:00:35,1788243335,1,6,12,nepse_official,OPEN,2026-09-01,GVL,Green Ventures Limited,468.0,480.0,465.1,,470.1,472.0,-1.8999999999999773,,2695.0,1269311.7,20.0,14.899999999999977,3.1837606837606787,-0.40254237288135114,63465.585,470.9876437847866
2026-09-01T06:15:35+00:00,2026-09-01T12:00:35+05:45,2026-09-01,12:00:35,1788243335,1,6,12,nepse_official,OPEN,2026-09-01,GWFD83,12 % Goodwill Finance Limited Debenture 2083,1016.3,1016.3,1016.0,,1016.0,1016.2,-0.20000000000004547,,96.0,97546.0,3.0,0.2999999999999545,0.029518842861355362,-0.01968116512497987,32515.333333333332,1016.1041666666666
2026-09-01T06:15:35+00:00,2026-09-01T12:00:35+05:45,2026-09-01,12:00:35,1788243335,1,6,12,nepse_official,OPEN,2026-09-01,H8020,Himalayan 80-20,11.7,11.7,11.7,,11.7,11.7,0.0,,100.0,1170.0,1.0,0.0,0.0,0.0,1170.0,11.7
2026-09-01T06:15:35+00:00,2026-09-01T12:00:35+05:45,2026-09-01,12:00:35,1788243335,1,6,12,nepse_official,OPEN,2026-09-01,HATHY,Hathway Investment Nepal Limited,590.0,618.0,590.0,,614.0,600.0,14.0,,3470.0,2093820.4,49.0,28.0,4.745762711864407,2.3333333333333335,42731.02857142857,603.4064553314121
2026-09-01T06:15:35+00:00,2026-09-01T12:00:35+05:45,2026-09-01,12:00:35,1788243335,1,6,12,nepse_official,OPEN,2026-09-01,HBL,Himalayan Bank Limited,185.5,188.0,185.5,,186.6,186.8,-0.20000000000001705,,5363.0,1001239.0,104.0,2.5,1.3477088948787064,-0.10706638115632602,9627.298076923076,186.6938280812978
2026-09-01T06:15:35+00:00,2026-09-01T12:00:35+05:45,2026-09-01,12:00:35,1788243335,1,6,12,nepse_official,OPEN,2026-09-01,HDHPC,Himal Dolakha Hydropower Company Limited,198.0,200.0,194.0,,199.0,195.5,3.5,,29569.0,5838604.4,84.0,6.0,3.0303030303030303,1.7902813299232736,69507.19523809524,197.45694477324227
2026-09-01T06:15:35+00:00,2026-09-01T12:00:35+05:45,2026-09-01,12:00:35,1788243335,1,6,12,nepse_official,OPEN,2026-09-01,HDL,Himalayan Distillery Limited,1160.0,1163.5,1157.1,,1159.0,1157.0,2.0,,3842.0,4456306.5,49.0,6.400000000000091,0.5517241379310424,0.17286084701815038,90945.0306122449,1159.8923737636649
2026-09-01T06:15:35+00:00,2026-09-01T12:00:35+05:45,2026-09-01,12:00:35,1788243335,1,6,12,nepse_official,OPEN,2026-09-01,HEI,Himalayan Everest Insurance Limited,450.0,463.4,450.0,,463.4,459.0,4.399999999999977,,5499.0,2497479.8,19.0,13.399999999999977,2.9777777777777725,0.9586056644880124,131446.30526315788,454.1698126932169
2026-09-01T06:15:35+00:00,2026-09-01T12:00:35+05:45,2026-09-01,12:00:35,1788243335,1,6,12,nepse_official,OPEN,2026-09-01,HEIP,Himalayan Everest Insurance Limited Promoter,308.5,308.5,307.0,,307.0,318.0,-11.0,,579.0,178495.0,3.0,1.5,0.48622366288492713,-3.459119496855346,59498.333333333336,308.28151986183076
2026-09-01T06:15:35+00:00,2026-09-01T12:00:35+05:45,2026-09-01,12:00:35,1788243335,1,6,12,nepse_official,OPEN,2026-09-01,HFIN,Hotel Forest Inn Limited,610.0,632.0,605.0,,622.2,612.0,10.200000000000045,,7811.0,4859266.1,119.0,27.0,4.426229508196721,1.6666666666666738,40834.16890756302,622.1055050569709
2026-09-01T06:15:35+00:00,2026-09-01T12:00:35+05:45,2026-09-01,12:00:35,1788243335,1,6,12,nepse_official,OPEN,2026-09-01,HHL,Himalayan Hydropower Limited,311.1,317.1,311.1,,317.1,317.0,0.10000000000002274,,1300.0,409746.0,15.0,6.0,1.9286403085824495,0.03154574132492831,27316.4,315.1892307692308
2026-09-01T06:15:35+00:00,2026-09-01T12:00:35+05:45,2026-09-01,12:00:35,1788243335,1,6,12,nepse_official,OPEN,2026-09-01,HIDCL,Hydorelectricity Investment and Development Company Ltd,235.1,239.9,235.0,,239.5,236.8,2.6999999999999886,,19062.0,4501274.0,71.0,4.900000000000006,2.084219481071887,1.1402027027026977,63398.22535211268,236.13860035673068
2026-09-01T06:15:35+00:00,2026-09-01T12:00:35+05:45,2026-09-01,12:00:35,1788243335,1,6,12,nepse_official,OPEN,2026-09-01,HIDCLP,Hydorelectricity Investment and Development Company Limited Promoter,181.0,181.2,179.0,,180.5,179.0,1.5,,13148.0,2369539.5,47.0,2.1999999999999886,1.2154696132596623,0.8379888268156425,50415.734042553195,180.22052783693337
2026-09-01T06:15:35+00:00,2026-09-01T12:00:35+05:45,2026-09-01,12:00:35,1788243335,1,6,12,nepse_official,OPEN,2026-09-01,HIMSTAR,Him Star Urja Company Limited,623.0,641.0,623.0,,640.0,640.0,0.0,,2230.0,1427268.7,21.0,18.0,2.889245585874799,0.0,67965.1761904762,640.0308071748879
2026-09-01T06:15:35+00:00,2026-09-01T12:00:35+05:45,2026-09-01,12:00:35,1788243335,1,6,12,nepse_official,OPEN,2026-09-01,HLBSL,Himalayan Laghubitta Bittiya Sanstha Limited,851.0,860.0,851.0,,860.0,850.0,10.0,,290.0,246948.0,4.0,9.0,1.0575793184488838,1.1764705882352942,61737.0,851.5448275862069
2026-09-01T06:15:35+00:00,2026-09-01T12:00:35+05:45,2026-09-01,12:00:35,1788243335,1,6,12,nepse_official,OPEN,2026-09-01,HLI,Himalayan Life Insurance Limited,290.1,297.0,286.2,,297.0,287.0,10.0,,15154.0,4415525.8,98.0,10.800000000000011,3.7228541882109654,3.484320557491289,45056.385714285716,291.37691698561434
2026-09-01T06:15:35+00:00,2026-09-01T12:00:35+05:45,2026-09-01,12:00:35,1788243335,1,6,12,nepse_official,OPEN,2026-09-01,HPPL,Himalayan Power Partner Ltd.,367.7,367.7,356.0,,360.0,358.0,2.0,,9242.0,3324502.9,45.0,11.699999999999989,3.1819418003807423,0.5586592178770949,73877.84222222221,359.7168253624756
2026-09-01T06:15:35+00:00,2026-09-01T12:00:35+05:45,2026-09-01,12:00:35,1788243335,1,6,12,nepse_official,OPEN,2026-09-01,HRL,Himalayan Reinsurance Limited,520.0,525.0,504.0,,518.0,515.0,3.0,,31534.0,16188118.0,263.0,21.0,4.038461538461538,0.5825242718446602,61551.77946768061,513.3544111118158
2026-09-01T06:15:35+00:00,2026-09-01T12:00:35+05:45,2026-09-01,12:00:35,1788243335,1,6,12,nepse_official,OPEN,2026-09-01,HURJA,Himalaya Urja Bikas Company Limited,225.9,230.9,225.9,,228.0,226.0,2.0,,7984.0,1826005.6,32.0,5.0,2.213368747233289,0.8849557522123894,57062.675,228.70811623246493
2026-09-01T06:15:35+00:00,2026-09-01T12:00:35+05:45,2026-09-01,12:00:35,1788243335,1,6,12,nepse_official,OPEN,2026-09-01,ICFC,ICFC Finance Limited,578.0,595.1,578.0,,585.0,580.5,4.5,,2718.0,1588806.3,20.0,17.100000000000023,2.9584775086505233,0.7751937984496124,79440.315,584.5497792494482
2026-09-01T06:15:35+00:00,2026-09-01T12:00:35+05:45,2026-09-01,12:00:35,1788243335,1,6,12,nepse_official,OPEN,2026-09-01,ICFCD89,8% ICFC Finance Limited Debenture 2089,1090.0,1100.0,1083.3,,1100.0,1086.1,13.900000000000091,,84.0,91822.5,5.0,16.700000000000045,1.5321100917431234,1.279808489089411,18364.5,1093.125
2026-09-01T06:15:35+00:00,2026-09-01T12:00:35+05:45,2026-09-01,12:00:35,1788243335,1,6,12,nepse_official,OPEN,2026-09-01,IGI,IGI Prudential insurance Limited,365.1,387.1,355.1,,375.5,374.0,1.5,,5865.0,2194032.8,39.0,32.0,8.764721993974254,0.4010695187165776,56257.25128205128,374.08913895993174
2026-09-01T06:15:35+00:00,2026-09-01T12:00:35+05:45,2026-09-01,12:00:35,1788243335,1,6,12,nepse_official,OPEN,2026-09-01,IHL,Ingwa Hydropower Limited,295.0,303.0,291.0,,303.0,295.0,8.0,,2395.0,722327.0,20.0,12.0,4.067796610169491,2.711864406779661,36116.35,301.59791231732777
2026-09-01T06:15:35+00:00,2026-09-01T12:00:35+05:45,2026-09-01,12:00:35,1788243335,1,6,12,nepse_official,OPEN,2026-09-01,ILBS,Infinity Laghubitta Bittiya Sanstha Limited,811.1,844.5,811.1,,844.5,834.9,9.600000000000023,,39.0,32205.9,3.0,33.39999999999998,4.117864628282576,1.1498383039885045,10735.300000000001,825.7923076923078
2026-09-01T06:15:35+00:00,2026-09-01T12:00:35+05:45,2026-09-01,12:00:35,1788243335,1,6,12,nepse_official,OPEN,2026-09-01,ILI,IME Life Insurance Company Limited,399.0,403.0,396.3,,401.5,399.0,2.5,,1589.0,634405.4,44.0,6.699999999999989,1.6791979949874656,0.6265664160401002,14418.304545454546,399.2482064191315
2026-09-01T06:15:35+00:00,2026-09-01T12:00:35+05:45,2026-09-01,12:00:35,1788243335,1,6,12,nepse_official,OPEN,2026-09-01,JBBL,Jyoti Bikas Bank Limited,325.0,328.0,325.0,,328.0,325.0,3.0,,1993.0,649931.5,13.0,3.0,0.9230769230769231,0.9230769230769231,49994.730769230766,326.1071249372805
2026-09-01T06:15:35+00:00,2026-09-01T12:00:35+05:45,2026-09-01,12:00:35,1788243335,1,6,12,nepse_official,OPEN,2026-09-01,JBLB,Jeevan Bikas Laghubitta  Bittya Sanstha Ltd,1236.1,1245.0,1236.1,,1238.0,1239.0,-1.0,,738.0,915303.5,20.0,8.900000000000091,0.7200064719682948,-0.08071025020177562,45765.175,1240.2486449864498
2026-09-01T06:15:35+00:00,2026-09-01T12:00:35+05:45,2026-09-01,12:00:35,1788243335,1,6,12,nepse_official,OPEN,2026-09-01,JFL,Janaki Finance Company Limited,368.0,368.1,368.0,,368.1,372.0,-3.8999999999999773,,210.0,77299.0,2.0,0.10000000000002274,0.027173913043484443,-1.0483870967741873,38649.5,368.0904761904762
2026-09-01T06:15:35+00:00,2026-09-01T12:00:35+05:45,2026-09-01,12:00:35,1788243335,1,6,12,nepse_official,OPEN,2026-09-01,JHAPA,Jhapa Energy Limited,1000.0,1027.0,1000.0,,1027.0,1001.3,25.700000000000045,,288.0,291466.0,7.0,27.0,2.7,2.566663337661045,41638.0,1012.0347222222222
2026-09-01T06:15:35+00:00,2026-09-01T12:00:35+05:45,2026-09-01,12:00:35,1788243335,1,6,12,nepse_official,OPEN,2026-09-01,JOSHI,Joshi Hydropower Development Company Ltd,252.5,261.5,252.0,,256.5,255.0,1.5,,1728.0,445601.0,14.0,9.5,3.762376237623762,0.5882352941176471,31828.64285714286,257.8709490740741
2026-09-01T06:15:35+00:00,2026-09-01T12:00:35+05:45,2026-09-01,12:00:35,1788243335,1,6,12,nepse_official,OPEN,2026-09-01,JSLBB,Janautthan Samudayic Laghubitta Bittya Sanstha Limited,910.1,933.0,910.1,,933.0,933.0,0.0,,28.0,25711.8,2.0,22.899999999999977,2.5162070102186544,0.0,12855.9,918.2785714285714
2026-09-01T06:15:35+00:00,2026-09-01T12:00:35+05:45,2026-09-01,12:00:35,1788243335,1,6,12,nepse_official,OPEN,2026-09-01,KAHL,Kalanga Hydro Limited,465.0,490.4,465.0,,482.1,476.0,6.100000000000023,,7202.0,3485664.5,291.0,25.399999999999977,5.462365591397845,1.2815126050420216,11978.228522336769,483.98562899194667
2026-09-01T06:15:35+00:00,2026-09-01T12:00:35+05:45,2026-09-01,12:00:35,1788243335,1,6,12,nepse_official,OPEN,2026-09-01,KBL,Kumari Bank Limited,221.0,221.0,208.2,,210.0,211.0,-1.0,,22294.0,4695182.1,98.0,12.800000000000011,5.791855203619915,-0.47393364928909953,47910.021428571425,210.60294698125054
2026-09-01T06:15:35+00:00,2026-09-01T12:00:35+05:45,2026-09-01,12:00:35,1788243335,1,6,12,nepse_official,OPEN,2026-09-01,KBSH,Kutheli Bukhari Small Hydropower Limited,839.0,840.0,815.0,,840.0,839.0,1.0,,1760.0,1459552.5,26.0,25.0,2.9797377830750893,0.11918951132300357,56136.63461538462,829.2911931818181
2026-09-01T06:15:35+00:00,2026-09-01T12:00:35+05:45,2026-09-01,12:00:35,1788243335,1,6,12,nepse_official,OPEN,2026-09-01,KDBY,Kumari Dhanabriddhi Yojana,9.75,9.75,9.75,,9.75,9.8,-0.05000000000000071,,700.0,6825.0,4.0,0.0,0.0,-0.5102040816326603,1706.25,9.75
2026-09-01T06:15:35+00:00,2026-09-01T12:00:35+05:45,2026-09-01,12:00:35,1788243335,1,6,12,nepse_official,OPEN,2026-09-01,KDL,Kalinchowk Darshan Limited,710.0,721.0,700.6,,712.0,715.0,-3.0,,207.0,147213.0,5.0,20.399999999999977,2.873239436619715,-0.4195804195804196,29442.6,711.1739130434783
2026-09-01T06:15:35+00:00,2026-09-01T12:00:35+05:45,2026-09-01,12:00:35,1788243335,1,6,12,nepse_official,OPEN,2026-09-01,KEF,Kumari Equity Fund,9.39,9.39,9.39,,9.39,9.5,-0.10999999999999943,,100.0,939.0,1.0,0.0,0.0,-1.1578947368420993,939.0,9.39
2026-09-01T06:15:35+00:00,2026-09-01T12:00:35+05:45,2026-09-01,12:00:35,1788243335,1,6,12,nepse_official,OPEN,2026-09-01,KHPL,Kalinchock Hydropower Limited,739.0,763.0,725.1,,755.0,741.0,14.0,,1990.0,1476248.0,30.0,37.89999999999998,5.128552097428956,1.8893387314439947,49208.26666666667,741.8331658291457
2026-09-01T06:15:35+00:00,2026-09-01T12:00:35+05:45,2026-09-01,12:00:35,1788243335,1,6,12,nepse_official,OPEN,2026-09-01,KKHC,Khanikhola Hydropower Co. Ltd.,266.9,272.0,262.2,,269.6,263.3,6.300000000000011,,19035.0,5116054.0,62.0,9.800000000000011,3.6717871862120695,2.392707937713639,82517.0,268.77089571841344
2026-09-01T06:15:35+00:00,2026-09-01T12:00:35+05:45,2026-09-01,12:00:35,1788243335,1,6,12,nepse_official,OPEN,2026-09-01,KMCDB,Kalika Laghubitta Bittiya Sanstha Ltd,782.0,782.0,780.0,,780.0,767.0,13.0,,21.0,16380.0,3.0,2.0,0.2557544757033248,1.694915254237288,5460.0,780.0
2026-09-01T06:15:35+00:00,2026-09-01T12:00:35+05:45,2026-09-01,12:00:35,1788243335,1,6,12,nepse_official,OPEN,2026-09-01,KPCL,Kalika power Company Ltd,446.0,452.9,445.0,,452.9,448.0,4.899999999999977,,5850.0,2613027.0,16.0,7.899999999999977,1.7713004484304882,1.093749999999995,163314.1875,446.67128205128205
2026-09-01T06:15:35+00:00,2026-09-01T12:00:35+05:45,2026-09-01,12:00:35,1788243335,1,6,12,nepse_official,OPEN,2026-09-01,KSBBL,Kamana Sewa Bikas Bank Limited,470.2,478.0,470.2,,474.0,474.0,0.0,,6795.0,3233067.7,34.0,7.800000000000011,1.6588685665674205,0.0,95090.22647058824,475.80098601913176
2026-09-01T06:15:35+00:00,2026-09-01T12:00:35+05:45,2026-09-01,12:00:35,1788243335,1,6,12,nepse_official,OPEN,2026-09-01,KSY,Kumari Sabal Yojana,8.85,8.85,8.85,,8.85,8.85,0.0,,200.0,1770.0,1.0,0.0,0.0,0.0,1770.0,8.85
2026-09-01T06:15:35+00:00,2026-09-01T12:00:35+05:45,2026-09-01,12:00:35,1788243335,1,6,12,nepse_official,OPEN,2026-09-01,LBBL,Lumbini Bikas Bank Ltd.,479.0,479.0,467.1,,470.0,467.7,2.3000000000000114,,2804.0,1319725.2,16.0,11.899999999999977,2.4843423799582416,0.4917682274962607,82482.825,470.658059914408
2026-09-01T06:15:35+00:00,2026-09-01T12:00:35+05:45,2026-09-01,12:00:35,1788243335,1,6,12,nepse_official,OPEN,2026-09-01,LBLD88,8.5% Laxmi Bank Debenture 2088,1125.0,1125.0,1125.0,,1125.0,1122.0,3.0,,25.0,28125.0,1.0,0.0,0.0,0.267379679144385,28125.0,1125.0
2026-09-01T06:15:35+00:00,2026-09-01T12:00:35+05:45,2026-09-01,12:00:35,1788243335,1,6,12,nepse_official,OPEN,2026-09-01,LEC,Liberty Energy Company Limited,197.6,213.0,197.6,,208.3,208.0,0.30000000000001137,,19588.0,4112962.4,79.0,15.400000000000006,7.79352226720648,0.1442307692307747,52062.815189873414,209.97357565856646
2026-09-01T06:15:35+00:00,2026-09-01T12:00:35+05:45,2026-09-01,12:00:35,1788243335,1,6,12,nepse_official,OPEN,2026-09-01,LICN,Life Insurance Corporation (Nepal) Limited,752.0,752.0,750.0,,752.0,752.1,-0.10000000000002274,,386.0,290222.5,9.0,2.0,0.26595744680851063,-0.013296104241460277,32246.944444444445,751.8717616580311
2026-09-01T06:15:35+00:00,2026-09-01T12:00:35+05:45,2026-09-01,12:00:35,1788243335,1,6,12,nepse_official,OPEN,2026-09-01,LLBS,Laxmi Laghubitta Bittiya Sanstha Ltd.,903.0,957.0,903.0,,957.0,860.0,97.0,,30.0,27900.0,3.0,54.0,5.980066445182724,11.27906976744186,9300.0,930.0
2026-09-01T06:15:35+00:00,2026-09-01T12:00:35+05:45,2026-09-01,12:00:35,1788243335,1,6,12,nepse_official,OPEN,2026-09-01,LSH12,LS Horizon 12,8.73,8.73,8.73,,8.73,9.0,-0.2699999999999996,,100.0,873.0,1.0,0.0,0.0,-2.9999999999999956,873.0,8.73
2026-09-01T06:15:35+00:00,2026-09-01T12:00:35+05:45,2026-09-01,12:00:35,1788243335,1,6,12,nepse_official,OPEN,2026-09-01,LSL,Laxmi Sunrise Bank Limited,217.5,217.5,216.0,,217.5,217.1,0.4000000000000057,,2520.0,547210.5,18.0,1.5,0.6896551724137931,0.1842468908337198,30400.583333333332,217.1470238095238
2026-09-01T06:15:35+00:00,2026-09-01T12:00:35+05:45,2026-09-01,12:00:35,1788243335,1,6,12,nepse_official,OPEN,2026-09-01,LUK,Laxmi Unnati Kosh,9.15,9.15,9.15,,9.15,9.12,0.030000000000001137,,130.0,1189.5,1.0,0.0,0.0,0.32894736842106514,1189.5,9.15
2026-09-01T06:15:35+00:00,2026-09-01T12:00:35+05:45,2026-09-01,12:00:35,1788243335,1,6,12,nepse_official,OPEN,2026-09-01,MABEL,Mabilung Energy Limited,547.0,565.0,546.0,,565.0,553.3,11.700000000000045,,2154.0,1200738.0,33.0,19.0,3.473491773308958,2.114585215976874,36386.0,557.4456824512534
2026-09-01T06:15:35+00:00,2026-09-01T12:00:35+05:45,2026-09-01,12:00:35,1788243335,1,6,12,nepse_official,OPEN,2026-09-01,MAKAR,Makar Jitumaya Suri Hydropower Limited,389.0,400.0,389.0,,397.0,390.2,6.800000000000011,,15516.0,6129923.8,44.0,11.0,2.827763496143959,1.7426960533059996,139316.44999999998,395.07113946893526
2026-09-01T06:15:35+00:00,2026-09-01T12:00:35+05:45,2026-09-01,12:00:35,1788243335,1,6,12,nepse_official,OPEN,2026-09-01,MANDU,Mandu Hydropower Limited,650.0,664.0,635.0,,664.0,635.0,29.0,,351.0,230405.0,15.0,29.0,4.461538461538462,4.566929133858268,15360.333333333334,656.4245014245014
2026-09-01T06:15:35+00:00,2026-09-01T12:00:35+05:45,2026-09-01,12:00:35,1788243335,1,6,12,nepse_official,OPEN,2026-09-01,MBJC,Madhya Bhotekoshi Jalavidyut Company Limited,251.0,262.6,251.0,,258.0,256.9,1.1000000000000227,,10096.0,2611893.0,89.0,11.600000000000023,4.621513944223117,0.4281821720513907,29347.112359550563,258.70572503961967
2026-09-01T06:15:35+00:00,2026-09-01T12:00:35+05:45,2026-09-01,12:00:35,1788243335,1,6,12,nepse_official,OPEN,2026-09-01,MBL,Machhapuchhre Bank Limited,246.0,247.6,245.0,,247.0,245.0,2.0,,3820.0,938720.0,15.0,2.5999999999999943,1.0569105691056888,0.8163265306122449,62581.333333333336,245.73821989528795
2026-09-01T06:15:35+00:00,2026-09-01T12:00:35+05:45,2026-09-01,12:00:35,1788243335,1,6,12,nepse_official,OPEN,2026-09-01,MBLEF,MBL Equity Fund,8.5,8.71,8.5,,8.71,8.5,0.21000000000000085,,250.0,2146.0,2.0,0.21000000000000085,2.4705882352941275,2.4705882352941275,1073.0,8.584
2026-09-01T06:15:35+00:00,2026-09-01T12:00:35+05:45,2026-09-01,12:00:35,1788243335,1,6,12,nepse_official,OPEN,2026-09-01,MCHL,Menchhiyam Hydropower Limited,232.0,254.9,232.0,,253.0,238.8,14.199999999999989,,4882.0,1169690.3,40.0,22.900000000000006,9.870689655172416,5.946398659966494,29242.2575,239.59244162228595
2026-09-01T06:15:35+00:00,2026-09-01T12:00:35+05:45,2026-09-01,12:00:35,1788243335,1,6,12,nepse_official,OPEN,2026-09-01,MDB,Miteri Development Bank Limited,562.0,562.0,550.0,,559.0,554.0,5.0,,5310.0,2983200.0,4.0,12.0,2.135231316725979,0.9025270758122743,745800.0,561.8079096045198
2026-09-01T06:15:35+00:00,2026-09-01T12:00:35+05:45,2026-09-01,12:00:35,1788243335,1,6,12,nepse_official,OPEN,2026-09-01,MEHL,Manakamana Engineering Hydropower Limited,232.9,235.9,227.0,,234.9,234.9,0.0,,13967.0,3258690.8,51.0,8.900000000000006,3.8213825676255926,0.0,63895.89803921568,233.31358201474904
2026-09-01T06:15:35+00:00,2026-09-01T12:00:35+05:45,2026-09-01,12:00:35,1788243335,1,6,12,nepse_official,OPEN,2026-09-01,MEL,Modi Energy Limited,195.0,199.6,195.0,,197.0,195.0,2.0,,1230.0,240794.0,26.0,4.599999999999994,2.358974358974356,1.0256410256410255,9261.307692307691,195.76747967479676
2026-09-01T06:15:35+00:00,2026-09-01T12:00:35+05:45,2026-09-01,12:00:35,1788243335,1,6,12,nepse_official,OPEN,2026-09-01,MEN,Mountain Energy Nepal Limited,612.0,617.4,609.1,,615.0,614.4,0.6000000000000227,,6780.0,4152144.0,50.0,8.299999999999955,1.35620915032679,0.0976562500000037,83042.88,612.4106194690265
2026-09-01T06:15:35+00:00,2026-09-01T12:00:35+05:45,2026-09-01,12:00:35,1788243335,1,6,12,nepse_official,OPEN,2026-09-01,MEPDL,Mount Everest Power Development Limited,616.0,637.9,610.4,,620.1,630.0,-9.899999999999977,,13957.0,8660347.1,470.0,27.5,4.464285714285714,-1.5714285714285676,18426.270425531915,620.5020491509637
2026-09-01T06:15:35+00:00,2026-09-01T12:00:35+05:45,2026-09-01,12:00:35,1788243335,1,6,12,nepse_official,OPEN,2026-09-01,MERO,Mero Microfinance Bittiya Sanstha Ltd.,590.0,607.0,590.0,,607.0,601.0,6.0,,307.0,182639.0,6.0,17.0,2.8813559322033897,0.9983361064891847,30439.833333333332,594.9153094462541
2026-09-01T06:15:35+00:00,2026-09-01T12:00:35+05:45,2026-09-01,12:00:35,1788243335,1,6,12,nepse_official,OPEN,2026-09-01,MFIL,Manjushree Finance Ltd.,710.0,727.0,710.0,,718.1,723.9,-5.7999999999999545,,1700.0,1226511.0,12.0,17.0,2.3943661971830985,-0.801215637518988,102209.25,721.4770588235294
2026-09-01T06:15:35+00:00,2026-09-01T12:00:35+05:45,2026-09-01,12:00:35,1788243335,1,6,12,nepse_official,OPEN,2026-09-01,MHCL,Molung Hydropower Company Limited,266.0,280.0,266.0,,280.0,274.0,6.0,,243.0,67238.0,9.0,14.0,5.263157894736842,2.18978102189781,7470.888888888889,276.69958847736626
2026-09-01T06:15:35+00:00,2026-09-01T12:00:35+05:45,2026-09-01,12:00:35,1788243335,1,6,12,nepse_official,OPEN,2026-09-01,MHL,Mandakini Hydropower Limited,449.0,449.0,441.0,,449.0,447.0,2.0,,800.0,359085.0,8.0,8.0,1.7817371937639197,0.44742729306487694,44885.625,448.85625
2026-09-01T06:15:35+00:00,2026-09-01T12:00:35+05:45,2026-09-01,12:00:35,1788243335,1,6,12,nepse_official,OPEN,2026-09-01,MHNL,Mountain Hydro Nepal Limited,226.9,236.7,226.9,,231.0,233.9,-2.9000000000000057,,2670.0,622349.0,9.0,9.799999999999983,4.3190832966064265,-1.239846088071828,69149.88888888889,233.08951310861423
2026-09-01T06:15:35+00:00,2026-09-01T12:00:35+05:45,2026-09-01,12:00:35,1788243335,1,6,12,nepse_official,OPEN,2026-09-01,MKCL,Muktinath Krishi Company Limited,820.0,844.0,820.0,,828.1,820.0,8.100000000000023,,215.0,177717.5,8.0,24.0,2.9268292682926833,0.9878048780487833,22214.6875,826.5930232558139
2026-09-01T06:15:35+00:00,2026-09-01T12:00:35+05:45,2026-09-01,12:00:35,1788243335,1,6,12,nepse_official,OPEN,2026-09-01,MKHC,Maya Khola Hydropower Company Limited,233.0,242.0,233.0,,240.0,233.0,7.0,,3452.0,822586.4,31.0,9.0,3.862660944206009,3.004291845493562,26535.045161290323,238.29269988412514
2026-09-01T06:15:35+00:00,2026-09-01T12:00:35+05:45,2026-09-01,12:00:35,1788243335,1,6,12,nepse_official,OPEN,2026-09-01,MKHL,Mai Khola Hydropower Limited,461.0,474.0,461.0,,470.1,471.6,-1.5,,200.0,93959.0,6.0,13.0,2.8199566160520604,-0.3180661577608142,15659.833333333334,469.795
2026-09-01T06:15:35+00:00,2026-09-01T12:00:35+05:45,2026-09-01,12:00:35,1788243335,1,6,12,nepse_official,OPEN,2026-09-01,MKJC,Mailung Khola Jal Vidhyut Company Limited,276.3,295.0,252.0,,285.0,276.3,8.699999999999989,,33060.0,8890248.0,184.0,43.0,15.562794064422727,3.1487513572204087,48316.565217391304,268.9125226860254
2026-09-01T06:15:35+00:00,2026-09-01T12:00:35+05:45,2026-09-01,12:00:35,1788243335,1,6,12,nepse_official,OPEN,2026-09-01,MLBBL,Mithila LaghuBitta Bittiya Sanstha Limited,900.0,915.0,900.0,,915.0,915.0,0.0,,267.0,242945.0,6.0,15.0,1.6666666666666667,0.0,40490.833333333336,909.9063670411985
2026-09-01T06:15:35+00:00,2026-09-01T12:00:35+05:45,2026-09-01,12:00:35,1788243335,1,6,12,nepse_official,OPEN,2026-09-01,MLBL,Mahalaxmi Bikas Bank Ltd.,340.0,344.9,340.0,,344.9,340.0,4.899999999999977,,3417.0,1161858.4,8.0,4.899999999999977,1.4411764705882286,1.4411764705882286,145232.3,340.0229441030143
2026-09-01T06:15:35+00:00,2026-09-01T12:00:35+05:45,2026-09-01,12:00:35,1788243335,1,6,12,nepse_official,OPEN,2026-09-01,MLBS,Manushi Laghubitta Bittiya Sanstha Limited,1000.0,1030.0,1000.0,,1030.0,1000.0,30.0,,83.0,84990.0,3.0,30.0,3.0,3.0,28330.0,1023.9759036144578
2026-09-01T06:15:35+00:00,2026-09-01T12:00:35+05:45,2026-09-01,12:00:35,1788243335,1,6,12,nepse_official,OPEN,2026-09-01,MLBSL,Mahila Lagubitta Bittiya Sanstha Limited ,1050.0,1096.0,1050.0,,1095.0,1050.0,45.0,,396.0,423347.0,11.0,46.0,4.380952380952381,4.285714285714286,38486.09090909091,1069.0580808080808
2026-09-01T06:15:35+00:00,2026-09-01T12:00:35+05:45,2026-09-01,12:00:35,1788243335,1,6,12,nepse_official,OPEN,2026-09-01,MMF1,Mega Mutual Fund -1,8.97,9.0,8.97,,9.0,8.96,0.03999999999999915,,2429.0,21851.13,2.0,0.02999999999999936,0.3344481605351099,0.44642857142856185,10925.565,8.995936599423631
2026-09-01T06:15:35+00:00,2026-09-01T12:00:35+05:45,2026-09-01,12:00:35,1788243335,1,6,12,nepse_official,OPEN,2026-09-01,MMKJL,Mathillo Mailun Khola Jalvidhyut Limited,315.3,365.0,315.3,,340.0,322.9,17.100000000000023,,3565.0,1204689.0,45.0,49.69999999999999,15.762765620044398,5.295757200371639,26770.866666666665,337.9211781206171
2026-09-01T06:15:35+00:00,2026-09-01T12:00:35+05:45,2026-09-01,12:00:35,1788243335,1,6,12,nepse_official,OPEN,2026-09-01,MNBBL,Muktinath Bikas Bank Ltd.,353.0,355.0,350.2,,353.0,353.0,0.0,,3009.0,1062819.6,32.0,4.800000000000011,1.3597733711048192,0.0,33213.1125,353.2135593220339
2026-09-01T06:15:35+00:00,2026-09-01T12:00:35+05:45,2026-09-01,12:00:35,1788243335,1,6,12,nepse_official,OPEN,2026-09-01,MNMF1,Muktinath Mutual Fund 1,9.05,9.05,9.05,,9.05,9.1,-0.049999999999998934,,1100.0,9955.0,2.0,0.0,0.0,-0.5494505494505377,4977.5,9.05
2026-09-01T06:15:35+00:00,2026-09-01T12:00:35+05:45,2026-09-01,12:00:35,1788243335,1,6,12,nepse_official,OPEN,2026-09-01,MPFL,Multipurpose Finance Company  Limited,580.0,590.0,580.0,,590.0,586.0,4.0,,222.0,129760.0,5.0,10.0,1.7241379310344827,0.6825938566552902,25952.0,584.5045045045046
2026-09-01T06:15:35+00:00,2026-09-01T12:00:35+05:45,2026-09-01,12:00:35,1788243335,1,6,12,nepse_official,OPEN,2026-09-01,MSHL,Mid Solu Hydropower Limited,510.0,510.0,495.5,,510.0,510.3,-0.30000000000001137,,94.0,47187.0,5.0,14.5,2.843137254901961,-0.05878894767783879,9437.4,501.98936170212767
2026-09-01T06:15:35+00:00,2026-09-01T12:00:35+05:45,2026-09-01,12:00:35,1788243335,1,6,12,nepse_official,OPEN,2026-09-01,MSLB,Mahuli Laghubitta Bittiya Sanstha Limited,1180.0,1220.0,1165.0,,1220.0,1200.0,20.0,,76.0,90500.0,5.0,55.0,4.661016949152542,1.6666666666666667,18100.0,1190.7894736842106
2026-09-01T06:15:35+00:00,2026-09-01T12:00:35+05:45,2026-09-01,12:00:35,1788243335,1,6,12,nepse_official,OPEN,2026-09-01,NABBC,Narayani Development Bank Limited,740.0,740.0,726.5,,728.4,743.9,-15.5,,5510.0,4022251.0,14.0,13.5,1.8243243243243243,-2.083613388896357,287303.64285714284,729.9911070780399
2026-09-01T06:15:35+00:00,2026-09-01T12:00:35+05:45,2026-09-01,12:00:35,1788243335,1,6,12,nepse_official,OPEN,2026-09-01,NABIL,Nabil Bank Limited,535.0,539.8,533.0,,537.0,535.2,1.7999999999999545,,7870.0,4221238.1,93.0,6.7999999999999545,1.271028037383169,0.33632286995514843,45389.656989247305,536.3707878017789
2026-09-01T06:15:35+00:00,2026-09-01T12:00:35+05:45,2026-09-01,12:00:35,1788243335,1,6,12,nepse_official,OPEN,2026-09-01,NADEP,Nadep Laghubittiya bittya Sanstha Ltd.,683.0,705.0,682.0,,705.0,704.0,1.0,,1030.0,718910.0,9.0,23.0,3.3674963396778916,0.14204545454545456,79878.88888888889,697.9708737864078
2026-09-01T06:15:35+00:00,2026-09-01T12:00:35+05:45,2026-09-01,12:00:35,1788243335,1,6,12,nepse_official,OPEN,2026-09-01,NBF3,Nabil Balanced Fund-3,9.1,9.1,9.1,,9.1,9.35,-0.25,,100.0,910.0,1.0,0.0,0.0,-2.6737967914438503,910.0,9.1
2026-09-01T06:15:35+00:00,2026-09-01T12:00:35+05:45,2026-09-01,12:00:35,1788243335,1,6,12,nepse_official,OPEN,2026-09-01,NBL,Nepal Bank Limited,271.0,271.9,270.0,,271.9,270.0,1.8999999999999773,,8119.0,2196419.6,39.0,1.8999999999999773,0.7011070110701023,0.7037037037036953,56318.45128205128,270.5283409286858
2026-09-01T06:15:35+00:00,2026-09-01T12:00:35+05:45,2026-09-01,12:00:35,1788243335,1,6,12,nepse_official,OPEN,2026-09-01,NESDO,NESDO Sambridha Laghubitta Bittiya Sanstha Limited,1300.0,1337.0,1300.0,,1337.0,1300.0,37.0,,20.0,26370.0,2.0,37.0,2.8461538461538463,2.8461538461538463,13185.0,1318.5
2026-09-01T06:15:35+00:00,2026-09-01T12:00:35+05:45,2026-09-01,12:00:35,1788243335,1,6,12,nepse_official,OPEN,2026-09-01,NFS,Nepal Finance Ltd.,534.9,534.9,525.0,,533.9,525.0,8.899999999999977,,280.0,147278.0,5.0,9.899999999999977,1.8508132361188965,1.695238095238091,29455.6,525.9928571428571
2026-09-01T06:15:35+00:00,2026-09-01T12:00:35+05:45,2026-09-01,12:00:35,1788243335,1,6,12,nepse_official,OPEN,2026-09-01,NGPL,Ngadi Group Power Ltd.,385.2,397.0,385.2,,393.2,390.0,3.1999999999999886,,15572.0,6115169.0,66.0,11.800000000000011,3.063343717549328,0.8205128205128176,92654.07575757576,392.70286411507834
2026-09-01T06:15:35+00:00,2026-09-01T12:00:35+05:45,2026-09-01,12:00:35,1788243335,1,6,12,nepse_official,OPEN,2026-09-01,NHDL,Nepal Hydro Developers Ltd.,619.5,619.5,610.0,,610.0,619.5,-9.5,,139.0,85151.0,3.0,9.5,1.533494753833737,-1.533494753833737,28383.666666666668,612.5971223021583
2026-09-01T06:15:35+00:00,2026-09-01T12:00:35+05:45,2026-09-01,12:00:35,1788243335,1,6,12,nepse_official,OPEN,2026-09-01,NHPC,National Hydro Power Company Limited,250.0,257.0,247.1,,254.1,248.0,6.099999999999994,,54323.0,13722042.4,171.0,9.900000000000006,3.9600000000000026,2.4596774193548363,80245.8619883041,252.60096828231136
2026-09-01T06:15:35+00:00,2026-09-01T12:00:35+05:45,2026-09-01,12:00:35,1788243335,1,6,12,nepse_official,OPEN,2026-09-01,NIBD84,8.5% Nepal Investment Bank Debenture 2084,1017.2,1017.2,1017.2,,1017.2,1030.0,-12.799999999999955,,25.0,25430.0,1.0,0.0,0.0,-1.2427184466019374,25430.0,1017.2
2026-09-01T06:15:35+00:00,2026-09-01T12:00:35+05:45,2026-09-01,12:00:35,1788243335,1,6,12,nepse_official,OPEN,2026-09-01,NIBLGF,NIBL Growth Fund,8.4,8.4,8.4,,8.4,8.32,0.08000000000000007,,100.0,840.0,1.0,0.0,0.0,0.9615384615384623,840.0,8.4
2026-09-01T06:15:35+00:00,2026-09-01T12:00:35+05:45,2026-09-01,12:00:35,1788243335,1,6,12,nepse_official,OPEN,2026-09-01,NIBSF2,NIBL Samriddhi Fund -2,8.25,8.25,8.25,,8.25,8.5,-0.25,,100.0,825.0,1.0,0.0,0.0,-2.941176470588235,825.0,8.25
2026-09-01T06:15:35+00:00,2026-09-01T12:00:35+05:45,2026-09-01,12:00:35,1788243335,1,6,12,nepse_official,OPEN,2026-09-01,NICA,NIC Asia Bank Ltd.,306.0,311.8,303.1,,309.9,306.0,3.8999999999999773,,6244.0,1923120.4,36.0,8.699999999999989,2.843137254901957,1.2745098039215612,53420.01111111111,307.9949391415759
2026-09-01T06:15:35+00:00,2026-09-01T12:00:35+05:45,2026-09-01,12:00:35,1788243335,1,6,12,nepse_official,OPEN,2026-09-01,NICAD2091,7% NIC ASIA Debenture 2091,1061.2,1061.2,1061.2,,1061.2,1094.0,-32.799999999999955,,15.0,15918.0,1.0,0.0,0.0,-2.9981718464350964,15918.0,1061.2
2026-09-01T06:15:35+00:00,2026-09-01T12:00:35+05:45,2026-09-01,12:00:35,1788243335,1,6,12,nepse_official,OPEN,2026-09-01,NICBF,NIC Asia Balanced Fund,8.82,8.82,8.82,,8.82,8.82,0.0,,100.0,882.0,1.0,0.0,0.0,0.0,882.0,8.82
2026-09-01T06:15:35+00:00,2026-09-01T12:00:35+05:45,2026-09-01,12:00:35,1788243335,1,6,12,nepse_official,OPEN,2026-09-01,NICFC,NIC Asia Flexi CAP Fund,8.71,8.75,8.71,,8.75,8.78,-0.02999999999999936,,400.0,3494.0,3.0,0.03999999999999915,0.45924225028701654,-0.34168564920272626,1164.6666666666667,8.735
2026-09-01T06:15:35+00:00,2026-09-01T12:00:35+05:45,2026-09-01,12:00:35,1788243335,1,6,12,nepse_official,OPEN,2026-09-01,NICGF2,NIC ASIA Growth Fund-2,8.75,8.8,8.75,,8.8,8.7,0.10000000000000142,,500.0,4385.0,2.0,0.05000000000000071,0.5714285714285796,1.1494252873563382,2192.5,8.77
2026-09-01T06:15:35+00:00,2026-09-01T12:00:35+05:45,2026-09-01,12:00:35,1788243335,1,6,12,nepse_official,OPEN,2026-09-01,NICL,Nepal Insurance Co. Ltd.,422.0,426.0,413.0,,423.0,416.9,6.100000000000023,,2710.0,1138889.6,24.0,13.0,3.080568720379147,1.4631806188534477,47453.73333333334,420.2544649446495
2026-09-01T06:15:35+00:00,2026-09-01T12:00:35+05:45,2026-09-01,12:00:35,1788243335,1,6,12,nepse_official,OPEN,2026-09-01,NICLBSL,NIC ASIA Laghubitta Bittiya Sanstha Limited,529.0,529.0,505.2,,517.0,519.0,-2.0,,646.0,334271.2,10.0,23.80000000000001,4.499054820415881,-0.3853564547206166,33427.12,517.4476780185759
2026-09-01T06:15:35+00:00,2026-09-01T12:00:35+05:45,2026-09-01,12:00:35,1788243335,1,6,12,nepse_official,OPEN,2026-09-01,NICSF,NIC Asia Select Fund 30,8.25,8.25,8.25,,8.25,8.2,0.05000000000000071,,300.0,2475.0,2.0,0.0,0.0,0.6097560975609843,1237.5,8.25
2026-09-01T06:15:35+00:00,2026-09-01T12:00:35+05:45,2026-09-01,12:00:35,1788243335,1,6,12,nepse_official,OPEN,2026-09-01,NIFRA,Nepal Infrastructure Bank Limited,240.0,243.8,239.0,,241.5,240.1,1.4000000000000057,,9915.0,2384865.9,90.0,4.800000000000011,2.000000000000005,0.5830903790087488,26498.51,240.53110438729198
2026-09-01T06:15:35+00:00,2026-09-01T12:00:35+05:45,2026-09-01,12:00:35,1788243335,1,6,12,nepse_official,OPEN,2026-09-01,NIL,Neco Insurance Limited,502.8,533.0,502.8,,516.0,516.0,0.0,,2023.0,1058215.4,25.0,30.19999999999999,6.006364359586314,0.0,42328.615999999995,523.0921403855659
2026-09-01T06:15:35+00:00,2026-09-01T12:00:35+05:45,2026-09-01,12:00:35,1788243335,1,6,12,nepse_official,OPEN,2026-09-01,NIMB,Nepal Investment Mega Bank Limited,181.0,184.0,181.0,,184.0,182.7,1.3000000000000114,,16891.0,3088031.8,77.0,3.0,1.6574585635359116,0.7115489874110627,40104.30909090909,182.82113551595523
2026-09-01T06:15:35+00:00,2026-09-01T12:00:35+05:45,2026-09-01,12:00:35,1788243335,1,6,12,nepse_official,OPEN,2026-09-01,NIMBPO,Nepal Investment Mega Bank Ltd. Promoter Share,138.0,138.0,138.0,,138.0,141.9,-3.9000000000000057,,33.0,4554.0,1.0,0.0,0.0,-2.748414376321357,4554.0,138.0
2026-09-01T06:15:35+00:00,2026-09-01T12:00:35+05:45,2026-09-01,12:00:35,1788243335,1,6,12,nepse_official,OPEN,2026-09-01,NLG,NLG Insurance Company Ltd.,481.0,490.0,480.1,,490.0,483.9,6.100000000000023,,1068.0,520056.0,10.0,9.899999999999977,2.0582120582120536,1.2605910312047992,52005.6,486.9438202247191
2026-09-01T06:15:35+00:00,2026-09-01T12:00:35+05:45,2026-09-01,12:00:35,1788243335,1,6,12,nepse_official,OPEN,2026-09-01,NLIC,Nepal Life Insurance Co. Ltd.,689.0,696.0,680.5,,690.0,685.9,4.100000000000023,,3773.0,2597771.7,70.0,15.5,2.2496371552975325,0.5977547747485089,37111.02428571429,688.5162205141797
2026-09-01T06:15:35+00:00,2026-09-01T12:00:35+05:45,2026-09-01,12:00:35,1788243335,1,6,12,nepse_official,OPEN,2026-09-01,NLICL,National Life Insurance Co. Ltd.,554.5,554.5,545.1,,552.0,538.4,13.600000000000023,,1792.0,988698.2,16.0,9.399999999999977,1.695220919747516,2.5260029717682064,61793.6375,551.72890625
2026-09-01T06:15:35+00:00,2026-09-01T12:00:35+05:45,2026-09-01,12:00:35,1788243335,1,6,12,nepse_official,OPEN,2026-09-01,NMB,NMB Bank Limited,247.0,247.0,235.0,,236.0,235.3,0.6999999999999886,,5754.0,1357099.4,43.0,12.0,4.8582995951417,0.297492562685928,31560.451162790694,235.85321515467498
2026-09-01T06:15:35+00:00,2026-09-01T12:00:35+05:45,2026-09-01,12:00:35,1788243335,1,6,12,nepse_official,OPEN,2026-09-01,NMBUR93/94,NMB Energy Bond 4% - 2093/94 ,951.6,951.6,930.0,,950.0,981.0,-31.0,,75.0,70790.0,3.0,21.600000000000023,2.269861286254731,-3.1600407747196737,23596.666666666668,943.8666666666667
2026-09-01T06:15:35+00:00,2026-09-01T12:00:35+05:45,2026-09-01,12:00:35,1788243335,1,6,12,nepse_official,OPEN,2026-09-01,NMFBS,National Laghubitta Bittiya Sanstha Limited,1108.0,1108.0,1101.0,,1101.0,1108.0,-7.0,,67.0,73837.0,2.0,7.0,0.631768953068592,-0.631768953068592,36918.5,1102.044776119403
2026-09-01T06:15:35+00:00,2026-09-01T12:00:35+05:45,2026-09-01,12:00:35,1788243335,1,6,12,nepse_official,OPEN,2026-09-01,NMIC,Nepal Micro Insurance Company Limited,781.0,798.0,781.0,,798.0,790.0,8.0,,190.0,150230.0,12.0,17.0,2.176696542893726,1.0126582278481013,12519.166666666666,790.6842105263158
2026-09-01T06:15:35+00:00,2026-09-01T12:00:35+05:45,2026-09-01,12:00:35,1788243335,1,6,12,nepse_official,OPEN,2026-09-01,NMLBBL,Nerude Mirmire Laghubitta Bittiya Sanstha Limited,483.0,485.0,481.3,,481.3,477.0,4.300000000000011,,590.0,286023.0,7.0,3.6999999999999886,0.7660455486542419,0.9014675052410926,40860.42857142857,484.78474576271185
2026-09-01T06:15:35+00:00,2026-09-01T12:00:35+05:45,2026-09-01,12:00:35,1788243335,1,6,12,nepse_official,OPEN,2026-09-01,NRIC,Nepal Reinsurance Company Limited,790.0,811.0,780.0,,807.0,793.0,14.0,,18469.0,14747898.4,124.0,31.0,3.9240506329113924,1.7654476670870116,118934.66451612904,798.521760788348
2026-09-01T06:15:35+00:00,2026-09-01T12:00:35+05:45,2026-09-01,12:00:35,1788243335,1,6,12,nepse_official,OPEN,2026-09-01,NRM,Nepal Republic Media Limited,278.0,289.0,273.0,,289.0,280.0,9.0,,2060.0,575876.0,31.0,16.0,5.755395683453238,3.214285714285714,18576.645161290322,279.5514563106796
2026-09-01T06:15:35+00:00,2026-09-01T12:00:35+05:45,2026-09-01,12:00:35,1788243335,1,6,12,nepse_official,OPEN,2026-09-01,NRN,NRN Infrastructure and Development Limited,1365.0,1368.0,1345.0,,1354.0,1339.0,15.0,,4528.0,6157555.6,59.0,23.0,1.684981684981685,1.1202389843166543,104365.34915254236,1359.8841872791518
2026-09-01T06:15:35+00:00,2026-09-01T12:00:35+05:45,2026-09-01,12:00:35,1788243335,1,6,12,nepse_official,OPEN,2026-09-01,NSIF2,NMB Sulav Investment Fund - 2,9.95,9.95,9.95,,9.95,9.8,0.14999999999999858,,200.0,1990.0,1.0,0.0,0.0,1.5306122448979447,1990.0,9.95
2026-09-01T06:15:35+00:00,2026-09-01T12:00:35+05:45,2026-09-01,12:00:35,1788243335,1,6,12,nepse_official,OPEN,2026-09-01,NTC,Nepal Doorsanchar Company Limited,872.0,878.0,866.0,,875.0,870.0,5.0,,1950.0,1698278.0,27.0,12.0,1.3761467889908259,0.5747126436781609,62899.18518518518,870.9117948717949
2026-09-01T06:15:35+00:00,2026-09-01T12:00:35+05:45,2026-09-01,12:00:35,1788243335,1,6,12,nepse_official,OPEN,2026-09-01,NUBL,Nirdhan Utthan Laghubitta Bittiya Sanstha Limited,571.0,571.0,571.0,,571.0,571.0,0.0,,3.0,1704.0,1.0,0.0,0.0,0.0,1704.0,568.0
2026-09-01T06:15:35+00:00,2026-09-01T12:00:35+05:45,2026-09-01,12:00:35,1788243335,1,6,12,nepse_official,OPEN,2026-09-01,NWCL,Nepal Warehousing Company Limited ,585.0,586.0,585.0,,585.0,581.0,4.0,,210.0,123040.0,3.0,1.0,0.17094017094017094,0.6884681583476765,41013.333333333336,585.9047619047619
2026-09-01T06:15:35+00:00,2026-09-01T12:00:35+05:45,2026-09-01,12:00:35,1788243335,1,6,12,nepse_official,OPEN,2026-09-01,NYADI,Nyadi Hydropower Limited,340.0,347.0,337.0,,347.0,343.8,3.1999999999999886,,580.0,199240.0,13.0,10.0,2.941176470588235,0.9307737056428123,15326.153846153846,343.51724137931035
2026-09-01T06:15:35+00:00,2026-09-01T12:00:35+05:45,2026-09-01,12:00:35,1788243335,1,6,12,nepse_official,OPEN,2026-09-01,OHL,Oriental Hotels Limited,610.0,627.0,609.0,,610.0,595.1,14.899999999999977,,202.0,123368.0,6.0,18.0,2.9508196721311477,2.503780877163498,20561.333333333332,610.7326732673267
2026-09-01T06:15:35+00:00,2026-09-01T12:00:35+05:45,2026-09-01,12:00:35,1788243335,1,6,12,nepse_official,OPEN,2026-09-01,OMPL,Om Megashree Pharmaceuticals Limited,860.0,870.1,850.0,,870.0,855.0,15.0,,640.0,552483.0,23.0,20.100000000000023,2.337209302325584,1.7543859649122806,24021.0,863.2546875
2026-09-01T06:15:35+00:00,2026-09-01T12:00:35+05:45,2026-09-01,12:00:35,1788243335,1,6,12,nepse_official,OPEN,2026-09-01,PBD88,10% Prime Debenture 2088,1170.0,1170.0,1170.0,,1170.0,1170.0,0.0,,25.0,29250.0,1.0,0.0,0.0,0.0,29250.0,1170.0
2026-09-01T06:15:35+00:00,2026-09-01T12:00:35+05:45,2026-09-01,12:00:35,1788243335,1,6,12,nepse_official,OPEN,2026-09-01,PCBL,Prime Commercial Bank Ltd.,234.0,238.0,232.0,,233.5,233.5,0.0,,8103.0,1899078.0,37.0,6.0,2.564102564102564,0.0,51326.43243243243,234.36727138097
2026-09-01T06:15:35+00:00,2026-09-01T12:00:35+05:45,2026-09-01,12:00:35,1788243335,1,6,12,nepse_official,OPEN,2026-09-01,PCIL,Palpa Cement Industries Limited,646.0,656.0,631.0,,635.0,646.0,-11.0,,11184.0,7156718.1,270.0,25.0,3.8699690402476783,-1.7027863777089782,26506.36333333333,639.9068401287553
2026-09-01T06:15:35+00:00,2026-09-01T12:00:35+05:45,2026-09-01,12:00:35,1788243335,1,6,12,nepse_official,OPEN,2026-09-01,PHCL,Peoples Hydropower Company Limited,288.3,297.5,288.1,,295.0,292.0,3.0,,8364.0,2450763.3,49.0,9.399999999999977,3.2604925424904536,1.0273972602739725,50015.577551020404,293.0133070301291
2026-09-01T06:15:35+00:00,2026-09-01T12:00:35+05:45,2026-09-01,12:00:35,1788243335,1,6,12,nepse_official,OPEN,2026-09-01,PMHPL,Panchakanya Mai Hydropower Ltd,292.7,330.0,290.0,,301.2,295.0,6.199999999999989,,8880.0,2876386.0,13.0,40.0,13.665869490946362,2.1016949152542335,221260.46153846153,323.91734234234235
2026-09-01T06:15:35+00:00,2026-09-01T12:00:35+05:45,2026-09-01,12:00:35,1788243335,1,6,12,nepse_official,OPEN,2026-09-01,PMLI,Prabhu Mahalaxmi Life Insurance Limited,392.6,400.1,392.6,,400.0,400.1,-0.10000000000002274,,847.0,335004.7,28.0,7.5,1.9103413143148242,-0.024993751562115155,11964.453571428572,395.5191263282172
2026-09-01T06:15:35+00:00,2026-09-01T12:00:35+05:45,2026-09-01,12:00:35,1788243335,1,6,12,nepse_official,OPEN,2026-09-01,PPCL,Panchthar Power Compant Limited,342.1,342.1,318.1,,331.8,325.9,5.900000000000034,,3430.0,1132161.1,20.0,24.0,7.015492546039169,1.81037127953361,56608.05500000001,330.0761224489796
2026-09-01T06:15:35+00:00,2026-09-01T12:00:35+05:45,2026-09-01,12:00:35,1788243335,1,6,12,nepse_official,OPEN,2026-09-01,PPL,People's Power Limited,280.3,304.0,280.3,,301.1,295.0,6.100000000000023,,3037.0,906561.7,36.0,23.69999999999999,8.45522654298965,2.0677966101694993,25182.269444444442,298.505663483701
2026-09-01T06:15:35+00:00,2026-09-01T12:00:35+05:45,2026-09-01,12:00:35,1788243335,1,6,12,nepse_official,OPEN,2026-09-01,PRIN,Prabhu Insurance Ltd.,573.2,574.7,564.4,,570.0,573.2,-3.2000000000000455,,1491.0,853020.6,26.0,10.300000000000068,1.7969295184926843,-0.5582693649686052,32808.484615384616,572.1130784708249
2026-09-01T06:15:35+00:00,2026-09-01T12:00:35+05:45,2026-09-01,12:00:35,1788243335,1,6,12,nepse_official,OPEN,2026-09-01,PROFL,Progressive Finance Limited,380.0,380.0,375.1,,380.0,375.1,4.899999999999977,,1221.0,463900.5,7.0,4.899999999999977,1.2894736842105203,1.306318315115963,66271.5,379.93488943488944
2026-09-01T06:15:35+00:00,2026-09-01T12:00:35+05:45,2026-09-01,12:00:35,1788243335,1,6,12,nepse_official,OPEN,2026-09-01,PRSF,Prabhu Smart Fund,12.7,12.7,12.7,,12.7,12.7,0.0,,390.0,4953.0,2.0,0.0,0.0,0.0,2476.5,12.7
2026-09-01T06:15:35+00:00,2026-09-01T12:00:35+05:45,2026-09-01,12:00:35,1788243335,1,6,12,nepse_official,OPEN,2026-09-01,PRVU,Prabhu  Bank Limited,178.0,178.9,174.0,,177.0,175.5,1.5,,31471.0,5527519.1,118.0,4.900000000000006,2.752808988764048,0.8547008547008548,46843.382203389825,175.6384957579994
2026-09-01T06:15:35+00:00,2026-09-01T12:00:35+05:45,2026-09-01,12:00:35,1788243335,1,6,12,nepse_official,OPEN,2026-09-01,PSF,Prabhu Select Fund,12.2,12.2,11.87,,11.87,11.91,-0.040000000000000924,,2200.0,26724.0,3.0,0.33000000000000007,2.704918032786886,-0.33585222502099854,8908.0,12.147272727272727
2026-09-01T06:15:35+00:00,2026-09-01T12:00:35+05:45,2026-09-01,12:00:35,1788243335,1,6,12,nepse_official,OPEN,2026-09-01,PURE,Pure Energy Limited,774.4,797.6,756.6,,758.0,775.0,-17.0,,195.0,151644.0,7.0,41.0,5.294421487603306,-2.193548387096774,21663.428571428572,777.6615384615385
2026-09-01T06:15:35+00:00,2026-09-01T12:00:35+05:45,2026-09-01,12:00:35,1788243335,1,6,12,nepse_official,OPEN,2026-09-01,RADHI,Radhi Bidyut Company Ltd,668.5,682.0,668.5,,678.1,674.0,4.100000000000023,,6375.0,4335784.5,23.0,13.5,2.019446522064323,0.6083086053412496,188512.36956521738,680.1230588235294
2026-09-01T06:15:35+00:00,2026-09-01T12:00:35+05:45,2026-09-01,12:00:35,1788243335,1,6,12,nepse_official,OPEN,2026-09-01,RAWA,Rawa Energy Development Limited,392.0,403.8,392.0,,399.2,397.5,1.6999999999999886,,1650.0,663430.0,12.0,11.800000000000011,3.010204081632656,0.42767295597483995,55285.833333333336,402.07878787878786
2026-09-01T06:15:35+00:00,2026-09-01T12:00:35+05:45,2026-09-01,12:00:35,1788243335,1,6,12,nepse_official,OPEN,2026-09-01,RBBF40,RBB Focus 40,8.74,8.74,8.74,,8.74,8.98,-0.2400000000000002,,100.0,874.0,1.0,0.0,0.0,-2.672605790645882,874.0,8.74
2026-09-01T06:15:35+00:00,2026-09-01T12:00:35+05:45,2026-09-01,12:00:35,1788243335,1,6,12,nepse_official,OPEN,2026-09-01,RBCL,Rastriya Beema Company Limited,13789.0,13789.0,13789.0,,13789.0,13388.0,401.0,,10.0,137890.0,1.0,0.0,0.0,2.99521959964147,137890.0,13789.0
2026-09-01T06:15:35+00:00,2026-09-01T12:00:35+05:45,2026-09-01,12:00:35,1788243335,1,6,12,nepse_official,OPEN,2026-09-01,RFPL,River Falls Power Limited,315.2,326.0,315.2,,325.0,322.0,3.0,,925.0,299441.0,22.0,10.800000000000011,3.4263959390862984,0.9316770186335404,13610.954545454546,323.72
2026-09-01T06:15:35+00:00,2026-09-01T12:00:35+05:45,2026-09-01,12:00:35,1788243335,1,6,12,nepse_official,OPEN,2026-09-01,RHGCL,Rapti Hydro And General Construction Limited,245.0,250.0,237.0,,250.0,242.0,8.0,,1175.0,284983.0,24.0,13.0,5.3061224489795915,3.3057851239669422,11874.291666666666,242.5387234042553
2026-09-01T06:15:35+00:00,2026-09-01T12:00:35+05:45,2026-09-01,12:00:35,1788243335,1,6,12,nepse_official,OPEN,2026-09-01,RHPL,RASUWAGADHI HYDROPOWER COMPANY LIMITED,174.0,175.0,156.0,,169.0,165.9,3.0999999999999943,,147604.0,24637902.9,559.0,19.0,10.919540229885058,1.8685955394816118,44074.96046511627,166.91893783366302
2026-09-01T06:15:35+00:00,2026-09-01T12:00:35+05:45,2026-09-01,12:00:35,1788243335,1,6,12,nepse_official,OPEN,2026-09-01,RIDI,Ridi Power Company Limited,340.0,347.8,337.0,,343.0,339.5,3.5,,71018.0,24398085.9,175.0,10.800000000000011,3.176470588235297,1.0309278350515463,139417.6337142857,343.54791602129035
2026-09-01T06:15:35+00:00,2026-09-01T12:00:35+05:45,2026-09-01,12:00:35,1788243335,1,6,12,nepse_official,OPEN,2026-09-01,RLEL,Ridge Line Energy Limited,780.0,810.0,780.0,,801.0,790.0,11.0,,730.0,586265.0,34.0,30.0,3.8461538461538463,1.3924050632911391,17243.08823529412,803.1027397260274
2026-09-01T06:15:35+00:00,2026-09-01T12:00:35+05:45,2026-09-01,12:00:35,1788243335,1,6,12,nepse_official,OPEN,2026-09-01,RLFL,Reliance Finance Ltd.,423.0,423.0,412.0,,420.0,414.9,5.100000000000023,,1430.0,599032.0,20.0,11.0,2.6004728132387704,1.229211858279109,29951.6,418.9034965034965
2026-09-01T06:15:35+00:00,2026-09-01T12:00:35+05:45,2026-09-01,12:00:35,1788243335,1,6,12,nepse_official,OPEN,2026-09-01,RNLI,Reliable Nepal Life Insurance Limited,428.0,428.0,402.0,,408.1,408.0,0.10000000000002274,,2206.0,899171.0,41.0,26.0,6.074766355140187,0.0245098039215742,21931.0,407.60244786944696
2026-09-01T06:15:35+00:00,2026-09-01T12:00:35+05:45,2026-09-01,12:00:35,1788243335,1,6,12,nepse_official,OPEN,2026-09-01,RSDC,RSDC Laghubitta Bittiya Sanstha Ltd.,605.0,610.0,605.0,,610.0,610.0,0.0,,256.0,155109.8,5.0,5.0,0.8264462809917356,0.0,31021.96,605.89765625
2026-09-01T06:15:35+00:00,2026-09-01T12:00:35+05:45,2026-09-01,12:00:35,1788243335,1,6,12,nepse_official,OPEN,2026-09-01,RSML,Reliance Spinning Mills Limited,2700.0,2744.0,2700.0,,2734.0,2724.0,10.0,,4241.0,11562184.4,97.0,44.0,1.6296296296296295,0.36710719530102787,119197.77731958764,2726.2872907333176
2026-09-01T06:15:35+00:00,2026-09-01T12:00:35+05:45,2026-09-01,12:00:35,1788243335,1,6,12,nepse_official,OPEN,2026-09-01,RSY,Reliable Samriddhi Yojana,9.4,9.4,9.4,,9.4,9.61,-0.20999999999999908,,200.0,1880.0,2.0,0.0,0.0,-2.185223725286151,940.0,9.4
2026-09-01T06:15:35+00:00,2026-09-01T12:00:35+05:45,2026-09-01,12:00:35,1788243335,1,6,12,nepse_official,OPEN,2026-09-01,RSY2,Reliable Samriddhi Yojana -2,8.89,9.1,8.89,,9.0,9.0,0.0,,2597.0,23211.15,14.0,0.20999999999999908,2.3622047244094384,0.0,1657.939285714286,8.937678090103967
2026-09-01T06:15:35+00:00,2026-09-01T12:00:35+05:45,2026-09-01,12:00:35,1788243335,1,6,12,nepse_official,OPEN,2026-09-01,RURU,Ru Ru Jalbidhyut Pariyojana Limited,568.0,575.0,560.1,,575.0,572.1,2.8999999999999773,,2999.0,1695827.5,21.0,14.899999999999977,2.6232394366197145,0.5069043873448658,80753.69047619047,565.4643214404801
2026-09-01T06:15:35+00:00,2026-09-01T12:00:35+05:45,2026-09-01,12:00:35,1788243335,1,6,12,nepse_official,OPEN,2026-09-01,SABBL,Salapa Bikas Bank Limited,845.0,880.0,845.0,,871.1,860.0,11.100000000000023,,2345.0,2042015.0,48.0,35.0,4.142011834319527,1.2906976744186072,42541.979166666664,870.7953091684435
2026-09-01T06:15:35+00:00,2026-09-01T12:00:35+05:45,2026-09-01,12:00:35,1788243335,1,6,12,nepse_official,OPEN,2026-09-01,SADBL,Shangrila Development Bank Ltd.,404.0,404.0,404.0,,404.0,403.7,0.30000000000001137,,50.0,20200.0,1.0,0.0,0.0,0.0743126083725567,20200.0,404.0
2026-09-01T06:15:35+00:00,2026-09-01T12:00:35+05:45,2026-09-01,12:00:35,1788243335,1,6,12,nepse_official,OPEN,2026-09-01,SAEF2,Sanima Equity Fund-2,8.8,9.0,8.8,,9.0,9.0,0.0,,1100.0,9862.0,11.0,0.1999999999999993,2.2727272727272645,0.0,896.5454545454545,8.965454545454545
2026-09-01T06:15:35+00:00,2026-09-01T12:00:35+05:45,2026-09-01,12:00:35,1788243335,1,6,12,nepse_official,OPEN,2026-09-01,SAGAR,Sagar Distillery Limited,1480.0,1517.1,1451.0,,1510.0,1476.0,34.0,,3346.0,4980845.2,35.0,66.09999999999991,4.4662162162162105,2.303523035230352,142309.86285714287,1488.5968918111178
2026-09-01T06:15:35+00:00,2026-09-01T12:00:35+05:45,2026-09-01,12:00:35,1788243335,1,6,12,nepse_official,OPEN,2026-09-01,SAGF,Sanima Growth Fund,9.75,9.75,9.75,,9.75,9.75,0.0,,200.0,1950.0,2.0,0.0,0.0,0.0,975.0,9.75
2026-09-01T06:15:35+00:00,2026-09-01T12:00:35+05:45,2026-09-01,12:00:35,1788243335,1,6,12,nepse_official,OPEN,2026-09-01,SAHAS,Sahas Urja Limited,701.0,701.0,668.0,,677.3,670.9,6.399999999999977,,17194.0,11559494.7,131.0,33.0,4.70756062767475,0.9539424653450556,88240.4175572519,672.2981679655693
2026-09-01T06:15:35+00:00,2026-09-01T12:00:35+05:45,2026-09-01,12:00:35,1788243335,1,6,12,nepse_official,OPEN,2026-09-01,SAIL,Shreenagar Agritech Industries Limited,980.0,1008.0,970.0,,1000.0,985.0,15.0,,4777.0,4700045.4,74.0,38.0,3.877551020408163,1.5228426395939088,63514.12702702703,983.8906007954785
2026-09-01T06:15:35+00:00,2026-09-01T12:00:35+05:45,2026-09-01,12:00:35,1788243335,1,6,12,nepse_official,OPEN,2026-09-01,SALICO,Sagarmatha Lumbini Insurance Co. Limited,512.1,526.9,512.0,,512.1,521.6,-9.5,,3226.0,1657496.9,25.0,14.899999999999977,2.90958797109939,-1.821319018404908,66299.87599999999,513.7932114073155
2026-09-01T06:15:35+00:00,2026-09-01T12:00:35+05:45,2026-09-01,12:00:35,1788243335,1,6,12,nepse_official,OPEN,2026-09-01,SANIMA,Sanima Bank Limited,359.0,362.8,356.0,,360.0,359.0,1.0,,38147.0,13688830.1,85.0,6.800000000000011,1.8941504178273012,0.2785515320334262,161045.06,358.8442105539099
2026-09-01T06:15:35+00:00,2026-09-01T12:00:35+05:45,2026-09-01,12:00:35,1788243335,1,6,12,nepse_official,OPEN,2026-09-01,SANVI,Sanvi Energy Limited,555.0,570.0,551.0,,561.0,560.0,1.0,,1870.0,1048848.5,28.0,19.0,3.423423423423423,0.17857142857142858,37458.875,560.881550802139
2026-09-01T06:15:35+00:00,2026-09-01T12:00:35+05:45,2026-09-01,12:00:35,1788243335,1,6,12,nepse_official,OPEN,2026-09-01,SAPDBL,Saptakoshi Development Bank Ltd,705.0,711.0,690.0,,709.0,705.9,3.1000000000000227,,2526.0,1782254.9,25.0,21.0,2.9787234042553195,0.43915568777447556,71290.196,705.5640934283451
2026-09-01T06:15:35+00:00,2026-09-01T12:00:35+05:45,2026-09-01,12:00:35,1788243335,1,6,12,nepse_official,OPEN,2026-09-01,SAPIL,Sarvottam Paints Industries Limited,1250.0,1340.0,1238.0,,1321.3,1276.0,45.299999999999955,,27660.0,34916506.0,2695.0,102.0,8.16,3.5501567398119085,12956.031910946196,1262.3465654374547
2026-09-01T06:15:35+00:00,2026-09-01T12:00:35+05:45,2026-09-01,12:00:35,1788243335,1,6,12,nepse_official,OPEN,2026-09-01,SARBTM,Sarbottam Cement Limited,819.0,820.0,805.0,,811.9,813.9,-2.0,,1651.0,1340049.0,30.0,15.0,1.8315018315018317,-0.24573043371421555,44668.3,811.6589945487583
2026-09-01T06:15:35+00:00,2026-09-01T12:00:35+05:45,2026-09-01,12:00:35,1788243335,1,6,12,nepse_official,OPEN,2026-09-01,SBCF,Sunrise Bluechip Fund,8.9,9.0,8.9,,9.0,8.73,0.2699999999999996,,7500.0,66800.0,3.0,0.09999999999999964,1.1235955056179736,3.092783505154634,22266.666666666668,8.906666666666666
2026-09-01T06:15:35+00:00,2026-09-01T12:00:35+05:45,2026-09-01,12:00:35,1788243335,1,6,12,nepse_official,OPEN,2026-09-01,SBI,Nepal SBI Bank Limited,392.1,400.0,390.2,,400.0,398.7,1.3000000000000114,,7261.0,2893155.8,14.0,9.800000000000011,2.499362407549097,0.32605969400552076,206653.9857142857,398.4514254234954
2026-09-01T06:15:35+00:00,2026-09-01T12:00:35+05:45,2026-09-01,12:00:35,1788243335,1,6,12,nepse_official,OPEN,2026-09-01,SBL,Siddhartha Bank Limited,411.0,412.0,407.1,,408.0,411.0,-3.0,,79137.0,32356521.5,57.0,4.899999999999977,1.1922141119221357,-0.7299270072992701,567658.2719298246,408.8671733828677
2026-09-01T06:15:35+00:00,2026-09-01T12:00:35+05:45,2026-09-01,12:00:35,1788243335,1,6,12,nepse_official,OPEN,2026-09-01,SCB,Standard Chartered Bank Limited,645.0,645.0,641.1,,643.0,642.3,0.7000000000000455,,2712.0,1743771.0,8.0,3.8999999999999773,0.6046511627906942,0.10898334111786478,217971.375,642.983407079646
2026-09-01T06:15:35+00:00,2026-09-01T12:00:35+05:45,2026-09-01,12:00:35,1788243335,1,6,12,nepse_official,OPEN,2026-09-01,SEF2,Siddhartha Equity Fund 2,8.73,9.0,8.51,,8.72,9.0,-0.27999999999999936,,3200.0,28063.0,19.0,0.4900000000000002,5.612829324169533,-3.111111111111104,1477.0,8.7696875
2026-09-01T06:15:35+00:00,2026-09-01T12:00:35+05:45,2026-09-01,12:00:35,1788243335,1,6,12,nepse_official,OPEN,2026-09-01,SGHC,Swet-Ganga Hydropower & Construction Limited ,280.0,293.0,280.0,,290.0,285.0,5.0,,4360.0,1257500.5,26.0,13.0,4.642857142857143,1.7543859649122806,48365.403846153844,288.41754587155964
2026-09-01T06:15:35+00:00,2026-09-01T12:00:35+05:45,2026-09-01,12:00:35,1788243335,1,6,12,nepse_official,OPEN,2026-09-01,SGHL,Sanigad Hydro Limited,470.0,487.1,465.8,,484.9,471.2,13.699999999999989,,14212.0,6839016.4,472.0,21.30000000000001,4.5319148936170235,2.9074702886247854,14489.44152542373,481.21421334083874
2026-09-01T06:15:35+00:00,2026-09-01T12:00:35+05:45,2026-09-01,12:00:35,1788243335,1,6,12,nepse_official,OPEN,2026-09-01,SGIC,Sanima GIC Insurance Limited,378.0,389.3,378.0,,388.9,378.0,10.899999999999977,,5459.0,2086910.4,32.0,11.300000000000011,2.9894179894179924,2.883597883597878,65215.95,382.2880381022165
2026-09-01T06:15:35+00:00,2026-09-01T12:00:35+05:45,2026-09-01,12:00:35,1788243335,1,6,12,nepse_official,OPEN,2026-09-01,SHEL,Singati Hydro Energy Limited,290.0,293.9,285.7,,292.0,289.0,3.0,,12510.0,3615917.2,48.0,8.199999999999989,2.8275862068965476,1.0380622837370241,75331.60833333334,289.0421422861711
2026-09-01T06:15:35+00:00,2026-09-01T12:00:35+05:45,2026-09-01,12:00:35,1788243335,1,6,12,nepse_official,OPEN,2026-09-01,SHINE,Shine Resunga Development Bank Ltd.,414.8,414.8,404.0,,405.5,407.0,-1.5,,806.0,325931.5,6.0,10.800000000000011,2.603664416586309,-0.36855036855036855,54321.916666666664,404.3815136476427
2026-09-01T06:15:35+00:00,2026-09-01T12:00:35+05:45,2026-09-01,12:00:35,1788243335,1,6,12,nepse_official,OPEN,2026-09-01,SHIVM,SHIVAM CEMENTS LTD,661.0,672.0,655.3,,658.1,664.0,-5.899999999999977,,56295.0,37309773.5,316.0,16.700000000000045,2.5264750378214895,-0.8885542168674664,118068.90348101266,662.7546584954259
2026-09-01T06:15:35+00:00,2026-09-01T12:00:35+05:45,2026-09-01,12:00:35,1788243335,1,6,12,nepse_official,OPEN,2026-09-01,SHL,Soaltee Hotel Limited,498.0,507.0,495.0,,505.0,497.1,7.899999999999977,,11075.0,5514090.5,31.0,12.0,2.4096385542168677,1.5892174612753927,177873.88709677418,497.88627539503386
2026-09-01T06:15:35+00:00,2026-09-01T12:00:35+05:45,2026-09-01,12:00:35,1788243335,1,6,12,nepse_official,OPEN,2026-09-01,SHLB,Shrijanshil Laghubitta Bittiya Sanstha Limited,1262.0,1262.0,1262.0,,1262.0,1262.5,-0.5,,10.0,12620.0,1.0,0.0,0.0,-0.039603960396039604,12620.0,1262.0
2026-09-01T06:15:35+00:00,2026-09-01T12:00:35+05:45,2026-09-01,12:00:35,1788243335,1,6,12,nepse_official,OPEN,2026-09-01,SHPC,Sanima Mai Hydropower Ltd.,494.5,500.6,489.0,,495.1,495.0,0.10000000000002274,,18748.0,9251040.3,60.0,11.600000000000023,2.345803842264919,0.020202020202024797,154184.005,493.44144975464053
2026-09-01T06:15:35+00:00,2026-09-01T12:00:35+05:45,2026-09-01,12:00:35,1788243335,1,6,12,nepse_official,OPEN,2026-09-01,SICL,Shikhar Insurance Co. Ltd.,527.0,535.0,513.2,,533.0,527.1,5.899999999999977,,1523.0,787971.6,20.0,21.799999999999955,4.136622390891833,1.1193321950294017,39398.58,517.3812212738017
2026-09-01T06:15:35+00:00,2026-09-01T12:00:35+05:45,2026-09-01,12:00:35,1788243335,1,6,12,nepse_official,OPEN,2026-09-01,SIGS3,Siddhartha Investment Growth Scheme 3,10.2,10.2,10.2,,10.2,9.91,0.28999999999999915,,47430.0,483786.0,2.0,0.0,0.0,2.9263370332996885,241893.0,10.2
2026-09-01T06:15:35+00:00,2026-09-01T12:00:35+05:45,2026-09-01,12:00:35,1788243335,1,6,12,nepse_official,OPEN,2026-09-01,SIKLES,Sikles Hydropower Limited,549.0,558.7,549.0,,555.0,553.1,1.8999999999999773,,2063.0,1144250.0,21.0,9.700000000000045,1.7668488160291522,0.34351835111191054,54488.09523809524,554.6534173533689
2026-09-01T06:15:35+00:00,2026-09-01T12:00:35+05:45,2026-09-01,12:00:35,1788243335,1,6,12,nepse_official,OPEN,2026-09-01,SINDU,Sindhu Bikash Bank Ltd,587.3,596.8,580.0,,590.1,587.3,2.800000000000068,,4204.0,2479043.5,33.0,16.799999999999955,2.8605482717520783,0.476758045292026,75122.5303030303,589.6868458610846
2026-09-01T06:15:35+00:00,2026-09-01T12:00:35+05:45,2026-09-01,12:00:35,1788243335,1,6,12,nepse_official,OPEN,2026-09-01,SIPD,Shikhar power Development Limited,568.0,585.0,568.0,,581.1,581.0,0.10000000000002274,,1640.0,943789.4,60.0,17.0,2.992957746478873,0.017211703958695822,15729.823333333334,575.4813414634147
2026-09-01T06:15:35+00:00,2026-09-01T12:00:35+05:45,2026-09-01,12:00:35,1788243335,1,6,12,nepse_official,OPEN,2026-09-01,SJCL,SANJEN JALAVIDHYUT COMPANY LIMITED,227.0,241.8,227.0,,239.3,231.1,8.200000000000017,,35291.0,8301814.7,155.0,14.800000000000011,6.51982378854626,3.548247511899618,53560.09483870968,235.23886259952963
2026-09-01T06:15:35+00:00,2026-09-01T12:00:35+05:45,2026-09-01,12:00:35,1788243335,1,6,12,nepse_official,OPEN,2026-09-01,SJLIC,SuryaJyoti Life Insurance Company Limited,390.0,400.0,389.1,,400.0,390.2,9.800000000000011,,5028.0,1977131.6,36.0,10.899999999999977,2.794871794871789,2.511532547411587,54920.322222222225,393.22426412092284
2026-09-01T06:15:35+00:00,2026-09-01T12:00:35+05:45,2026-09-01,12:00:35,1788243335,1,6,12,nepse_official,OPEN,2026-09-01,SKBBL,Sana Kisan Bikas Laghubitta Bittiya Sanstha Limited,741.0,741.0,740.0,,740.0,741.6,-1.6000000000000227,,652.0,483011.0,6.0,1.0,0.1349527665317139,-0.21574973031284017,80501.83333333333,740.8144171779142
2026-09-01T06:15:35+00:00,2026-09-01T12:00:35+05:45,2026-09-01,12:00:35,1788243335,1,6,12,nepse_official,OPEN,2026-09-01,SKHEL,Suryakunda Hydro Electric Limited,790.0,834.9,790.0,,810.0,815.0,-5.0,,1291.0,1045050.5,27.0,44.89999999999998,5.683544303797466,-0.6134969325153374,38705.57407407407,809.4891556932611
2026-09-01T06:15:35+00:00,2026-09-01T12:00:35+05:45,2026-09-01,12:00:35,1788243335,1,6,12,nepse_official,OPEN,2026-09-01,SKHL,Super Khudi Hydropower Limited,674.0,739.0,674.0,,725.0,709.1,15.899999999999977,,4016.0,2910702.6,88.0,65.0,9.643916913946587,2.2422789451417255,33076.16590909091,724.7765438247012
2026-09-01T06:15:35+00:00,2026-09-01T12:00:35+05:45,2026-09-01,12:00:35,1788243335,1,6,12,nepse_official,OPEN,2026-09-01,SLBBL,Swarojgar Laghubitta Bittiya Sanstha Ltd.,779.0,790.0,773.3,,777.2,779.0,-1.7999999999999545,,199.0,155274.3,6.0,16.700000000000045,2.143774069319646,-0.2310654685494165,25879.05,780.2728643216079
2026-09-01T06:15:35+00:00,2026-09-01T12:00:35+05:45,2026-09-01,12:00:35,1788243335,1,6,12,nepse_official,OPEN,2026-09-01,SLBSL,Samudayik Laghubitta Bittiya Sanstha Limited,883.0,883.0,883.0,,883.0,882.5,0.5,,30.0,26490.0,1.0,0.0,0.0,0.05665722379603399,26490.0,883.0
2026-09-01T06:15:35+00:00,2026-09-01T12:00:35+05:45,2026-09-01,12:00:35,1788243335,1,6,12,nepse_official,OPEN,2026-09-01,SMATA,Samata Gharelu Laghubitta Bittiya Sanstha Limited,675.0,685.0,675.0,,677.0,675.0,2.0,,118.0,80282.0,7.0,10.0,1.4814814814814816,0.2962962962962963,11468.857142857143,680.3559322033898
2026-09-01T06:15:35+00:00,2026-09-01T12:00:35+05:45,2026-09-01,12:00:35,1788243335,1,6,12,nepse_official,OPEN,2026-09-01,SMB,Support Microfinance Bittiya Sanstha Ltd.,1712.1,1712.1,1712.1,,1712.1,1722.0,-9.900000000000091,,20.0,34242.0,1.0,0.0,0.0,-0.574912891986068,34242.0,1712.1
2026-09-01T06:15:35+00:00,2026-09-01T12:00:35+05:45,2026-09-01,12:00:35,1788243335,1,6,12,nepse_official,OPEN,2026-09-01,SMFBS,Swabhimaan Laghubitta Bittiya Sanstha Limited,1285.0,1285.0,1285.0,,1285.0,1319.0,-34.0,,34.0,43690.0,1.0,0.0,0.0,-2.577710386656558,43690.0,1285.0
2026-09-01T06:15:35+00:00,2026-09-01T12:00:35+05:45,2026-09-01,12:00:35,1788243335,1,6,12,nepse_official,OPEN,2026-09-01,SMH,Super Mai Hydropower Limited,498.0,498.0,488.0,,497.9,490.0,7.899999999999977,,1330.0,655703.7,18.0,10.0,2.0080321285140563,1.612244897959179,36427.98333333333,493.01030075187964
2026-09-01T06:15:35+00:00,2026-09-01T12:00:35+05:45,2026-09-01,12:00:35,1788243335,1,6,12,nepse_official,OPEN,2026-09-01,SMHL,Super Madi Hydropower Limited,520.0,527.8,515.0,,525.0,525.0,0.0,,13012.0,6823688.1,95.0,12.799999999999955,2.461538461538453,0.0,71828.29578947368,524.4150092222563
2026-09-01T06:15:35+00:00,2026-09-01T12:00:35+05:45,2026-09-01,12:00:35,1788243335,1,6,12,nepse_official,OPEN,2026-09-01,SMJC,Sagarmatha Jalabidhyut Company Limited,393.0,410.0,393.0,,403.0,400.0,3.0,,555.0,224370.5,23.0,17.0,4.325699745547073,0.75,9755.239130434782,404.27117117117115
2026-09-01T06:15:35+00:00,2026-09-01T12:00:35+05:45,2026-09-01,12:00:35,1788243335,1,6,12,nepse_official,OPEN,2026-09-01,SMPDA,Sampada Laghubitta Bittiya Sanstha Limited,730.0,730.0,730.0,,730.0,729.0,1.0,,200.0,146000.0,1.0,0.0,0.0,0.1371742112482853,146000.0,730.0
2026-09-01T06:15:35+00:00,2026-09-01T12:00:35+05:45,2026-09-01,12:00:35,1788243335,1,6,12,nepse_official,OPEN,2026-09-01,SNLI,Sun Nepal Life Insurance Company Limited,382.2,393.0,382.2,,387.7,387.6,0.0999999999999659,,4826.0,1870238.5,45.0,10.800000000000011,2.825745682888543,0.025799793601642387,41560.85555555556,387.5338789888106
2026-09-01T06:15:35+00:00,2026-09-01T12:00:35+05:45,2026-09-01,12:00:35,1788243335,1,6,12,nepse_official,OPEN,2026-09-01,SNORL,Snow Rivers Limited,850.1,871.0,846.5,,861.2,850.1,11.100000000000023,,2480.0,2126258.0,97.0,24.5,2.8820138807199154,1.3057287377955562,21920.18556701031,857.3620967741936
2026-09-01T06:15:35+00:00,2026-09-01T12:00:35+05:45,2026-09-01,12:00:35,1788243335,1,6,12,nepse_official,OPEN,2026-09-01,SOHL,Solu Hydropower Limited,640.4,659.0,640.4,,655.0,648.0,7.0,,61855.0,40365508.1,331.0,18.600000000000023,2.9044347282948193,1.0802469135802468,121950.17552870091,652.5827839301593
2026-09-01T06:15:35+00:00,2026-09-01T12:00:35+05:45,2026-09-01,12:00:35,1788243335,1,6,12,nepse_official,OPEN,2026-09-01,SONA,Sonapur Minerals And Oil Limited,416.1,419.9,412.0,,413.0,416.9,-3.8999999999999773,,11396.0,4729591.7,114.0,7.899999999999977,1.898582071617394,-0.93547613336531,41487.64649122807,415.0220866970867
2026-09-01T06:15:35+00:00,2026-09-01T12:00:35+05:45,2026-09-01,12:00:35,1788243335,1,6,12,nepse_official,OPEN,2026-09-01,SOPL,Sopan Pharmaceuticals Limited,736.0,750.0,723.0,,739.0,736.0,3.0,,4995.0,3698053.0,206.0,27.0,3.6684782608695654,0.4076086956521739,17951.71359223301,740.350950950951
2026-09-01T06:15:35+00:00,2026-09-01T12:00:35+05:45,2026-09-01,12:00:35,1788243335,1,6,12,nepse_official,OPEN,2026-09-01,SPC,Samling Power Company Limited,382.0,382.0,376.0,,376.0,382.0,-6.0,,110.0,41960.0,2.0,6.0,1.5706806282722512,-1.5706806282722512,20980.0,381.45454545454544
2026-09-01T06:15:35+00:00,2026-09-01T12:00:35+05:45,2026-09-01,12:00:35,1788243335,1,6,12,nepse_official,OPEN,2026-09-01,SPDL,Synergy Power Development Ltd.,340.3,350.0,340.3,,350.0,349.7,0.30000000000001137,,1643.0,572665.1,9.0,9.699999999999989,2.8504260946223883,0.08578781812982882,63629.455555555556,348.54844796104686
2026-09-01T06:15:35+00:00,2026-09-01T12:00:35+05:45,2026-09-01,12:00:35,1788243335,1,6,12,nepse_official,OPEN,2026-09-01,SPHL,Sayapatri Hydropower Limited,513.0,537.0,490.0,,505.2,540.0,-34.80000000000001,,6775.0,3502604.0,40.0,47.0,9.161793372319687,-6.444444444444447,87565.1,516.989520295203
2026-09-01T06:15:35+00:00,2026-09-01T12:00:35+05:45,2026-09-01,12:00:35,1788243335,1,6,12,nepse_official,OPEN,2026-09-01,SPIL,Siddhartha Premier Insurance Limited,571.1,595.0,571.0,,595.0,588.0,7.0,,933.0,551661.0,15.0,24.0,4.202416389423918,1.1904761904761905,36777.4,591.2765273311898
2026-09-01T06:15:35+00:00,2026-09-01T12:00:35+05:45,2026-09-01,12:00:35,1788243335,1,6,12,nepse_official,OPEN,2026-09-01,SPL,Shuvam Power Limited,638.0,638.0,590.0,,607.0,619.9,-12.899999999999977,,1330.0,799147.0,16.0,48.0,7.523510971786834,-2.0809808033553763,49946.6875,600.8624060150375
2026-09-01T06:15:35+00:00,2026-09-01T12:00:35+05:45,2026-09-01,12:00:35,1788243335,1,6,12,nepse_official,OPEN,2026-09-01,SRLI,Sanima Reliance Life Insurance Limited,351.3,357.5,351.2,,355.0,354.7,0.30000000000001137,,4196.0,1484285.4,43.0,6.300000000000011,1.7933390264731028,0.08457851705667081,34518.265116279064,353.7381792183031
2026-09-01T06:15:35+00:00,2026-09-01T12:00:35+05:45,2026-09-01,12:00:35,1788243335,1,6,12,nepse_official,OPEN,2026-09-01,SSHL,Shiva Shree Hydropower Ltd,188.0,193.5,187.0,,192.0,188.0,4.0,,19153.0,3651023.7,67.0,6.5,3.4574468085106385,2.127659574468085,54492.89104477612,190.62411632642406
2026-09-01T06:15:35+00:00,2026-09-01T12:00:35+05:45,2026-09-01,12:00:35,1788243335,1,6,12,nepse_official,OPEN,2026-09-01,STC,Salt Trading Corporation,5175.0,5199.9,5175.0,,5199.9,5168.0,31.899999999999636,,58.0,300039.0,5.0,24.899999999999636,0.4811594202898481,0.6172600619194976,60007.8,5173.086206896552
2026-09-01T06:15:35+00:00,2026-09-01T12:00:35+05:45,2026-09-01,12:00:35,1788243335,1,6,12,nepse_official,OPEN,2026-09-01,SWASTIK,Swastik Laghubitta Bittiya Sanstha Limited,1810.0,1820.0,1810.0,,1820.0,1859.9,-39.90000000000009,,20.0,36300.0,2.0,10.0,0.5524861878453038,-2.145276627775692,18150.0,1815.0
2026-09-01T06:15:35+00:00,2026-09-01T12:00:35+05:45,2026-09-01,12:00:35,1788243335,1,6,12,nepse_official,OPEN,2026-09-01,SWBBL,Swabalamban Laghubitta Bittiya Sanstha Limited,670.0,670.0,669.0,,669.0,663.9,5.100000000000023,,179.0,119904.0,6.0,1.0,0.1492537313432836,0.768187980117491,19984.0,669.8547486033519
2026-09-01T06:15:35+00:00,2026-09-01T12:00:35+05:45,2026-09-01,12:00:35,1788243335,1,6,12,nepse_official,OPEN,2026-09-01,SWMF,Suryodaya Womi Laghubitta Bittiya Sanstha Limited,571.3,580.0,571.3,,580.0,580.0,0.0,,32.0,18455.6,3.0,8.700000000000045,1.5228426395939167,0.0,6151.866666666666,576.7375
2026-09-01T06:15:35+00:00,2026-09-01T12:00:35+05:45,2026-09-01,12:00:35,1788243335,1,6,12,nepse_official,OPEN,2026-09-01,SYPNL,SY Panel Nepal Limited,1293.0,1315.0,1284.0,,1295.0,1293.0,2.0,,9408.0,12188887.7,154.0,31.0,2.3975251353441607,0.15467904098994587,79148.62142857142,1295.5875531462584
2026-09-01T06:15:35+00:00,2026-09-01T12:00:35+05:45,2026-09-01,12:00:35,1788243335,1,6,12,nepse_official,OPEN,2026-09-01,TAMOR,Sanima Middle Tamor Hydropower Limited,479.9,486.0,475.2,,483.0,480.0,3.0,,27738.0,13390015.0,112.0,10.800000000000011,2.250468847676602,0.625,119553.70535714286,482.73181195471915
2026-09-01T06:15:35+00:00,2026-09-01T12:00:35+05:45,2026-09-01,12:00:35,1788243335,1,6,12,nepse_official,OPEN,2026-09-01,TPC,Terhathum Power Company Limited,340.0,352.0,336.3,,352.0,344.0,8.0,,2009.0,686300.5,11.0,15.699999999999989,4.617647058823526,2.3255813953488373,62390.954545454544,341.61299153807863
2026-09-01T06:15:35+00:00,2026-09-01T12:00:35+05:45,2026-09-01,12:00:35,1788243335,1,6,12,nepse_official,OPEN,2026-09-01,TPKHL,Taksar Pikhuwa Khola Hydropower Limited,470.2,503.9,470.2,,490.2,488.0,2.1999999999999886,,7915.0,3918643.0,208.0,33.69999999999999,7.167162909400253,0.4508196721311452,18839.62980769231,495.09071383449145
2026-09-01T06:15:35+00:00,2026-09-01T12:00:35+05:45,2026-09-01,12:00:35,1788243335,1,6,12,nepse_official,OPEN,2026-09-01,TSHL,Three Star Hydropower Limited,310.0,348.0,310.0,,335.0,325.0,10.0,,2132.0,686244.1,29.0,38.0,12.258064516129032,3.076923076923077,23663.589655172414,321.878095684803
2026-09-01T06:15:35+00:00,2026-09-01T12:00:35+05:45,2026-09-01,12:00:35,1788243335,1,6,12,nepse_official,OPEN,2026-09-01,TTL,Trade Tower Limited,670.0,685.0,665.0,,679.0,670.2,8.799999999999955,,2046.0,1378060.6,44.0,20.0,2.9850746268656714,1.3130408833184055,31319.559090909093,673.5389051808407
2026-09-01T06:15:35+00:00,2026-09-01T12:00:35+05:45,2026-09-01,12:00:35,1788243335,1,6,12,nepse_official,OPEN,2026-09-01,TVCL,Trishuli Jal Vidhyut Company Limited ,340.0,358.0,314.1,,344.1,344.0,0.10000000000002274,,10046.0,3377394.4,68.0,43.89999999999998,12.911764705882348,0.029069767441867074,49667.56470588235,336.1929524188732
2026-09-01T06:15:35+00:00,2026-09-01T12:00:35+05:45,2026-09-01,12:00:35,1788243335,1,6,12,nepse_official,OPEN,2026-09-01,UAIL,United Ajod Insurance Limited,371.0,381.0,360.3,,376.0,371.3,4.699999999999989,,13419.0,4994472.4,86.0,20.69999999999999,5.57951482479784,1.2658227848101233,58075.260465116284,372.19408301661826
2026-09-01T06:15:35+00:00,2026-09-01T12:00:35+05:45,2026-09-01,12:00:35,1788243335,1,6,12,nepse_official,OPEN,2026-09-01,UHEWA,Upper Hewakhola Hydropower Company Limited,586.0,599.0,582.1,,593.9,590.0,3.8999999999999773,,6728.0,3969123.3,49.0,16.899999999999977,2.8839590443685967,0.6610169491525385,81002.5163265306,589.9410374554102
2026-09-01T06:15:35+00:00,2026-09-01T12:00:35+05:45,2026-09-01,12:00:35,1788243335,1,6,12,nepse_official,OPEN,2026-09-01,ULBSL,Upakar Laghubitta Bittiya Sanstha Limited,2861.0,2861.0,2861.0,,2861.0,2725.0,136.0,,10.0,28610.0,1.0,0.0,0.0,4.990825688073394,28610.0,2861.0
2026-09-01T06:15:35+00:00,2026-09-01T12:00:35+05:45,2026-09-01,12:00:35,1788243335,1,6,12,nepse_official,OPEN,2026-09-01,ULHC,Upper Lohore Khola Hydropower Company Limited,278.6,295.0,278.6,,295.0,287.1,7.899999999999977,,1358.0,397530.0,13.0,16.399999999999977,5.886575735821959,2.7516544757923986,30579.23076923077,292.7319587628866
2026-09-01T06:15:35+00:00,2026-09-01T12:00:35+05:45,2026-09-01,12:00:35,1788243335,1,6,12,nepse_official,OPEN,2026-09-01,UMHL,United Modi Hydropower Ltd.,551.0,561.5,550.2,,561.5,558.0,3.5,,6439.0,3555163.4,26.0,11.299999999999955,2.0508166969146924,0.6272401433691757,136737.05384615384,552.129740642957
2026-09-01T06:15:35+00:00,2026-09-01T12:00:35+05:45,2026-09-01,12:00:35,1788243335,1,6,12,nepse_official,OPEN,2026-09-01,UNHPL,Union Hydropower Limited,355.0,359.0,341.0,,358.0,349.8,8.199999999999989,,2975.0,1051089.5,24.0,18.0,5.070422535211268,2.3441966838193222,43795.395833333336,353.3073949579832
2026-09-01T06:15:35+00:00,2026-09-01T12:00:35+05:45,2026-09-01,12:00:35,1788243335,1,6,12,nepse_official,OPEN,2026-09-01,UPCL,UNIVERSAL POWER COMPANY LTD,324.2,330.0,321.0,,328.9,324.0,4.899999999999977,,4350.0,1427815.2,21.0,9.0,2.776064157927206,1.5123456790123386,67991.2,328.23337931034484
2026-09-01T06:15:35+00:00,2026-09-01T12:00:35+05:45,2026-09-01,12:00:35,1788243335,1,6,12,nepse_official,OPEN,2026-09-01,UPPER,Upper Tamakoshi Hydropower Ltd,189.1,189.1,178.9,,183.4,181.2,2.200000000000017,,37645.0,6831313.6,120.0,10.199999999999989,5.393971443680586,1.2141280353200978,56927.61333333333,181.4666914596892
2026-09-01T06:15:35+00:00,2026-09-01T12:00:35+05:45,2026-09-01,12:00:35,1788243335,1,6,12,nepse_official,OPEN,2026-09-01,USHEC,Upper Solu Hydro Electric Company Limited,480.0,495.0,480.0,,491.1,481.3,9.800000000000011,,2325.0,1129664.0,26.0,15.0,3.125,2.0361520880947457,43448.61538461538,485.8769892473118
2026-09-01T06:15:35+00:00,2026-09-01T12:00:35+05:45,2026-09-01,12:00:35,1788243335,1,6,12,nepse_official,OPEN,2026-09-01,USHL,Upper Syange Hydropower Limited,546.0,546.0,505.0,,520.0,520.0,0.0,,32.0,16776.0,3.0,41.0,7.509157509157509,0.0,5592.0,524.25
2026-09-01T06:15:35+00:00,2026-09-01T12:00:35+05:45,2026-09-01,12:00:35,1788243335,1,6,12,nepse_official,OPEN,2026-09-01,USLB,Unnati Sahakarya Laghubitta Bittiya Sanstha Limited,951.0,951.0,951.0,,951.0,951.0,0.0,,100.0,95100.0,1.0,0.0,0.0,0.0,95100.0,951.0
2026-09-01T06:15:35+00:00,2026-09-01T12:00:35+05:45,2026-09-01,12:00:35,1788243335,1,6,12,nepse_official,OPEN,2026-09-01,VLBS,Vijaya laghubitta Bittiya Sanstha Ltd.,607.9,615.0,597.0,,606.1,607.9,-1.7999999999999545,,510.0,310431.0,20.0,18.0,2.9610133245599606,-0.2961013324559886,15521.55,608.6882352941177
2026-09-01T06:15:35+00:00,2026-09-01T12:00:35+05:45,2026-09-01,12:00:35,1788243335,1,6,12,nepse_official,OPEN,2026-09-01,VLUCL,Vision Lumbini Urja Company Limited ,368.0,398.0,368.0,,394.8,368.0,26.80000000000001,,1815.0,701281.9,37.0,30.0,8.152173913043478,7.282608695652177,18953.564864864864,386.3812121212121
2026-09-01T06:15:35+00:00,2026-09-01T12:00:35+05:45,2026-09-01,12:00:35,1788243335,1,6,12,nepse_official,OPEN,2026-09-01,YMHL,Yambaling Hydropower Limited,560.0,583.9,560.0,,570.0,571.0,-1.0,,6916.0,3966314.1,189.0,23.899999999999977,4.267857142857139,-0.17513134851138354,20985.78888888889,573.4982793522267
